frequency_hz,spl_db,phase_deg,thd_percent,rt60_ms,c50_db,c80_db,group_delay_ms
20.000000,-18.527,65.985779,0.001690,13.535,-6.273,-6.249,0.000000
20.069233,-18.133,-9.198809,0.001615,13.535,-6.273,-6.249,0.000000
20.138704,-17.948,-1.167041,0.001582,13.535,-6.273,-6.249,0.000000
20.208418,-18.237,145.483032,0.001635,13.535,-6.273,-6.249,0.000000
20.278366,-18.068,83.561562,0.001604,13.535,-6.273,-6.249,0.000000
20.348562,-17.889,82.267029,0.001571,13.535,-6.273,-6.249,0.000000
20.419001,-18.415,-35.409382,0.001670,13.535,-6.273,-6.249,0.000000
20.489683,-19.314,-14.798695,0.001852,13.535,-6.273,-6.249,0.000000
20.560612,-18.798,-20.961443,0.001745,13.535,-6.273,-6.249,0.000000
20.631784,-18.406,-16.847467,0.001669,13.535,-6.273,-6.249,0.000000
20.703203,-18.309,-42.780880,0.001650,13.535,-6.273,-6.249,0.000000
20.774866,-19.240,-24.968073,0.001837,13.535,-6.273,-6.249,0.000000
20.846781,-20.337,15.308882,0.002084,13.535,-6.273,-6.249,0.000000
20.918943,-20.941,2.399836,0.002234,13.535,-6.273,-6.249,0.000000
20.991358,-21.052,2.338163,0.002263,13.535,-6.273,-6.249,0.000000
21.064020,-20.656,-34.530277,0.002163,13.535,-6.273,-6.249,0.000000
21.136936,-22.148,-32.143414,0.002569,13.535,-6.273,-6.249,0.000000
21.210104,-22.017,-14.425161,0.002530,13.535,-6.273,-6.249,0.000000
21.283520,-21.673,67.336937,0.002432,13.535,-6.273,-6.249,0.000000
21.357197,-21.309,6.913701,0.002333,13.535,-6.273,-6.249,0.000000
21.431126,-21.840,130.523285,0.002480,13.535,-6.273,-6.249,0.000000
21.505312,-23.134,18.641069,0.002879,13.535,-6.273,-6.249,0.000000
21.579756,-22.540,-46.408585,0.002689,13.535,-6.273,-6.249,0.000000
21.654457,-22.023,-89.578514,0.002533,13.535,-6.273,-6.249,0.000000
21.729416,-21.953,-52.598206,0.002513,13.535,-6.273,-6.249,0.000000
21.804630,-21.962,-127.346909,0.002515,13.535,-6.273,-6.249,0.000000
21.880110,-22.955,153.467361,0.002820,13.535,-6.273,-6.249,0.000000
21.955851,-23.536,-156.888519,0.003016,13.535,-6.273,-6.249,0.000000
22.031853,-24.078,-162.291260,0.003210,13.535,-6.273,-6.249,0.000000
22.108118,-25.023,-176.348312,0.003580,13.535,-6.273,-6.249,0.000000
22.184649,-24.715,163.827515,0.003456,13.535,-6.273,-6.249,0.000000
22.261442,-25.200,143.341873,0.003655,13.535,-6.273,-6.249,0.000000
22.338503,-24.747,125.982384,0.003470,13.535,-6.273,-6.249,0.000000
22.415825,-25.315,118.327721,0.003705,13.535,-6.273,-6.249,0.000000
22.493420,-26.661,168.002899,0.004326,13.535,-6.273,-6.249,0.000000
22.571283,-27.504,31.757084,0.004768,13.535,-6.273,-6.249,0.000000
22.649418,-27.503,31.757084,0.004768,13.535,-6.273,-6.249,0.000000
22.727821,-28.289,26.563923,0.005221,13.535,-6.273,-6.249,0.000000
22.806496,-27.852,5.039585,0.004965,13.535,-6.273,-6.249,0.000000
22.885437,-28.137,-21.299520,0.005132,13.535,-6.273,-6.249,0.000000
22.964659,-28.693,-49.701275,0.005472,13.535,-6.273,-6.249,0.000000
23.044153,-28.484,-60.025299,0.005343,13.535,-6.273,-6.249,0.000000
23.123922,-28.966,-44.939922,0.005649,13.535,-6.273,-6.249,0.000000
23.203970,-30.010,-40.308094,0.006372,13.535,-6.273,-6.249,0.000000
23.284292,-30.513,-42.857021,0.006752,13.535,-6.273,-6.249,0.000000
23.364893,-30.044,-47.932972,0.006398,13.535,-6.273,-6.249,0.000000
23.445774,-30.286,-81.616531,0.006580,13.535,-6.273,-6.249,0.000000
23.526928,-30.236,-45.078125,0.006543,13.535,-6.273,-6.249,0.000000
23.608370,-30.548,-76.317986,0.006783,13.535,-6.273,-6.249,0.000000
23.690092,-30.949,-12.384886,0.007104,13.535,-6.273,-6.249,0.000000
23.772099,-31.079,12.863349,0.007211,13.535,-6.273,-6.249,0.000000
23.854389,-32.152,54.195061,0.008159,13.535,-6.273,-6.249,0.000000
23.936964,-33.570,-8.382090,0.009606,13.535,-6.273,-6.249,0.000000
24.019825,-33.217,-13.061785,0.009223,13.535,-6.273,-6.249,0.000000
24.102966,-32.401,39.476719,0.008396,13.535,-6.273,-6.249,0.000000
24.186401,-31.662,26.540310,0.007713,13.535,-6.273,-6.249,0.000000
24.270124,-31.892,6.060241,0.007922,13.535,-6.273,-6.249,0.000000
24.354139,-31.881,-73.198975,0.007913,13.535,-6.273,-6.249,0.000000
24.438444,-31.974,30.350780,0.008000,13.535,-6.273,-6.249,0.000000
24.523041,-31.756,-51.296707,0.007803,13.535,-6.273,-6.249,0.000000
24.607929,-31.604,-134.064987,0.007669,13.535,-6.273,-6.249,0.000000
24.693108,-31.902,-108.200470,0.007938,13.535,-6.273,-6.249,0.000000
24.778585,-31.600,-17.726601,0.007668,13.535,-6.273,-6.249,0.000000
24.864359,-31.110,-32.761890,0.007249,13.535,-6.273,-6.249,0.000000
24.950430,-31.024,-147.379822,0.007179,13.535,-6.273,-6.249,0.000000
25.036798,-31.830,-105.624519,0.007878,13.535,-6.273,-6.249,0.000000
25.123466,-32.997,-158.408096,0.009011,13.535,-6.273,-6.249,0.000000
25.210434,-33.073,45.959038,0.009092,13.535,-6.273,-6.249,0.000000
25.297697,-32.008,-51.881130,0.008045,13.535,-6.273,-6.249,0.000000
25.385267,-32.494,-10.676614,0.008510,13.535,-6.273,-6.249,0.000000
25.473143,-33.363,-18.827917,0.009406,13.535,-6.273,-6.249,0.000000
25.561321,-32.408,154.302475,0.008428,13.535,-6.273,-6.249,0.000000
25.649803,-32.296,-136.191528,0.008321,13.535,-6.273,-6.249,0.000000
25.738594,-32.833,51.432068,0.008854,13.535,-6.273,-6.249,0.000000
25.827690,-32.995,-26.767927,0.009022,13.535,-6.273,-6.249,0.000000
25.917089,-32.486,4.865758,0.008510,13.535,-6.273,-6.249,0.000000
26.006805,-32.714,-91.550758,0.008738,13.535,-6.273,-6.249,0.000000
26.096830,-33.043,-95.725266,0.009076,13.535,-6.273,-6.249,0.000000
26.187168,-33.127,-145.399628,0.009167,13.535,-6.273,-6.249,0.000000
26.277819,-34.014,-138.937134,0.010153,13.535,-6.273,-6.249,0.000000
26.368782,-33.314,-137.391098,0.009369,13.535,-6.273,-6.249,0.000000
26.460054,-32.940,-139.198273,0.008975,13.535,-6.273,-6.249,0.000000
26.551649,-33.371,-136.329712,0.009431,13.535,-6.273,-6.249,0.000000
26.643560,-34.034,-157.689926,0.010179,13.535,-6.273,-6.249,0.000000
26.735790,-34.106,-169.361542,0.010264,13.535,-6.273,-6.249,0.000000
26.828339,-34.747,173.930893,0.011050,13.535,-6.273,-6.249,0.000000
26.921207,-35.785,170.847076,0.012453,13.535,-6.273,-6.249,0.000000
27.014399,-36.295,171.730682,0.013207,13.535,-6.273,-6.249,0.000000
27.107912,-35.602,175.740738,0.012196,13.535,-6.273,-6.249,0.000000
27.201744,-34.946,174.611496,0.011311,13.535,-6.273,-6.249,0.000000
27.295906,-35.119,172.738327,0.011541,13.535,-6.273,-6.249,0.000000
27.390394,-35.389,169.606400,0.011907,13.535,-6.273,-6.249,0.000000
27.485209,-35.386,-166.326920,0.011905,13.535,-6.273,-6.249,0.000000
27.580351,-35.962,-162.252396,0.012724,13.535,-6.273,-6.249,0.000000
27.675825,-34.931,-140.060577,0.011301,13.535,-6.273,-6.249,0.000000
27.771622,-34.260,-150.795670,0.010463,13.535,-6.273,-6.249,0.000000
27.867756,-33.193,-115.370674,0.009255,13.535,-6.273,-6.249,0.000000
27.964224,-32.562,-143.967743,0.008608,13.535,-6.273,-6.249,0.000000
28.061024,-33.233,-106.144203,0.009300,13.535,-6.273,-6.249,0.000000
28.158161,-33.528,-146.014664,0.009623,13.535,-6.273,-6.249,0.000000
28.255634,-33.525,-156.390701,0.009621,13.535,-6.273,-6.249,0.000000
28.353443,-33.683,176.433319,0.009800,13.535,-6.273,-6.249,0.000000
28.451593,-34.031,171.634995,0.010203,13.535,-6.273,-6.249,0.000000
28.550081,-34.088,-157.974960,0.010271,13.535,-6.273,-6.249,0.000000
28.648903,-34.122,179.674728,0.010314,13.535,-6.273,-6.249,0.000000
28.748075,-34.381,178.858078,0.010629,13.535,-6.273,-6.249,0.000000
28.847589,-34.482,146.040985,0.010755,13.535,-6.273,-6.249,0.000000
28.947449,-35.005,-70.421074,0.011424,13.535,-6.273,-6.249,0.000000
29.047655,-35.292,-137.769333,0.011807,13.535,-6.273,-6.249,0.000000
29.148207,-34.267,-98.193680,0.010492,13.535,-6.273,-6.249,0.000000
29.249100,-33.392,-105.235100,0.009488,13.535,-6.273,-6.249,0.000000
29.350348,-33.349,-115.652138,0.009440,13.535,-6.273,-6.249,0.000000
29.451948,-31.635,-114.747437,0.007750,13.535,-6.273,-6.249,0.000000
29.553900,-29.782,-127.078873,0.006261,13.535,-6.273,-6.249,0.000000
29.656204,-28.749,-130.262589,0.005559,13.535,-6.273,-6.249,0.000000
29.758862,-28.689,-122.524574,0.005522,13.535,-6.273,-6.249,0.000000
29.861876,-28.455,-140.645447,0.005376,13.535,-6.273,-6.249,0.000000
29.965246,-29.022,-150.579605,0.005740,13.535,-6.273,-6.249,0.000000
30.068968,-27.901,-151.419907,0.005046,13.535,-6.273,-6.249,0.000000
30.173054,-27.624,-167.911682,0.004888,13.535,-6.273,-6.249,0.000000
30.277502,-27.542,-172.222900,0.004843,13.535,-6.273,-6.249,0.000000
30.382311,-27.144,167.554688,0.004627,13.535,-6.273,-6.249,0.000000
30.487482,-27.610,167.134399,0.004883,13.535,-6.273,-6.249,0.000000
30.593019,-28.401,167.509064,0.005349,13.535,-6.273,-6.249,0.000000
30.698914,-29.029,173.357483,0.005752,13.535,-6.273,-6.249,0.000000
30.805182,-28.794,179.202957,0.005599,13.535,-6.273,-6.249,0.000000
30.911816,-29.170,171.787369,0.005847,13.535,-6.273,-6.249,0.000000
31.018822,-27.679,170.641357,0.004926,13.535,-6.273,-6.249,0.000000
31.126196,-26.963,165.813156,0.004537,13.535,-6.273,-6.249,0.000000
31.233944,-25.730,166.203827,0.003937,13.535,-6.273,-6.249,0.000000
31.342064,-25.571,156.976471,0.003867,13.535,-6.273,-6.249,0.000000
31.450558,-25.769,156.805878,0.003957,13.535,-6.273,-6.249,0.000000
31.559420,-25.115,143.481827,0.003670,13.535,-6.273,-6.249,0.000000
31.668667,-24.625,142.988098,0.003469,13.535,-6.273,-6.249,0.000000
31.778292,-23.685,136.134354,0.003114,13.535,-6.273,-6.249,0.000000
31.888296,-23.540,129.638992,0.003063,13.535,-6.273,-6.249,0.000000
31.998680,-23.555,134.675583,0.003069,13.535,-6.273,-6.249,0.000000
32.109447,-23.668,134.625763,0.003109,13.535,-6.273,-6.249,0.000000
32.220600,-23.345,125.162346,0.002996,13.535,-6.273,-6.249,0.000000
32.332127,-23.291,123.956039,0.002978,13.535,-6.273,-6.249,0.000000
32.444046,-22.443,124.852730,0.002702,13.535,-6.273,-6.249,0.000000
32.556355,-20.767,124.771286,0.002228,13.535,-6.273,-6.249,0.000000
32.669052,-21.032,121.287468,0.002297,13.535,-6.273,-6.249,0.000000
32.782143,-20.741,108.895927,0.002221,13.535,-6.273,-6.249,0.000000
32.895622,-20.371,109.767349,0.002129,13.535,-6.273,-6.249,0.000000
33.009491,-20.337,108.529327,0.002120,13.535,-6.273,-6.249,0.000000
33.123760,-19.729,99.563797,0.001977,13.535,-6.273,-6.249,0.000000
33.238411,-19.708,93.349548,0.001972,13.535,-6.273,-6.249,0.000000
33.353470,-19.621,84.522369,0.001953,13.535,-6.273,-6.249,0.000000
33.468929,-19.847,77.730408,0.002005,13.535,-6.273,-6.249,0.000000
33.584785,-20.369,72.974197,0.002129,13.535,-6.273,-6.249,0.000000
33.701042,-21.041,72.046112,0.002301,13.535,-6.273,-6.249,0.000000
33.817696,-20.910,71.807678,0.002267,13.535,-6.273,-6.249,0.000000
33.934757,-21.433,75.275948,0.002408,13.535,-6.273,-6.249,0.000000
34.052227,-21.647,68.101196,0.002468,13.535,-6.273,-6.249,0.000000
34.170105,-21.207,63.867287,0.002347,13.535,-6.273,-6.249,0.000000
34.288387,-21.524,56.965332,0.002435,13.535,-6.273,-6.249,0.000000
34.407082,-21.325,51.972584,0.002380,13.535,-6.273,-6.249,0.000000
34.526184,-20.868,48.928303,0.002258,13.535,-6.273,-6.249,0.000000
34.645702,-20.817,47.982971,0.002245,13.535,-6.273,-6.249,0.000000
34.765621,-20.452,39.693417,0.002153,13.535,-6.273,-6.249,0.000000
34.885967,-20.459,38.418571,0.002156,13.535,-6.273,-6.249,0.000000
35.006729,-20.114,33.690125,0.002072,13.535,-6.273,-6.249,0.000000
35.127911,-19.584,25.481239,0.001950,13.535,-6.273,-6.249,0.000000
35.249508,-19.505,22.667892,0.001932,13.535,-6.273,-6.249,0.000000
35.371529,-19.410,17.873240,0.001912,13.535,-6.273,-6.249,0.000000
35.493965,-19.330,12.340637,0.001894,13.535,-6.273,-6.249,0.000000
35.616829,-19.079,8.491170,0.001841,13.535,-6.273,-6.249,0.000000
35.740120,-19.192,5.061051,0.001865,13.535,-6.273,-6.249,0.000000
35.863842,-18.915,0.695576,0.001807,13.535,-6.273,-6.249,0.000000
35.987988,-19.001,-2.679530,0.001825,13.535,-6.273,-6.249,0.000000
36.112564,-19.006,-4.720330,0.001827,13.535,-6.273,-6.249,0.000000
36.237572,-18.648,-9.386663,0.001753,13.535,-6.273,-6.249,0.000000
36.363010,-18.779,-11.483332,0.001780,13.535,-6.273,-6.249,0.000000
36.488888,-18.770,-15.306593,0.001778,13.535,-6.273,-6.249,0.000000
36.615189,-19.126,-17.913071,0.001853,13.535,-6.273,-6.249,0.000000
36.741936,-19.071,-19.376919,0.001841,13.535,-6.273,-6.249,0.000000
36.869122,-18.787,-20.790937,0.001782,13.535,-6.273,-6.249,0.000000
36.996750,-18.959,-23.793940,0.001817,13.535,-6.273,-6.249,0.000000
37.124817,-18.758,-25.867599,0.001776,13.535,-6.273,-6.249,0.000000
37.253323,-18.675,-28.228745,0.001759,13.535,-6.273,-6.249,0.000000
37.382278,-18.589,-30.879128,0.001742,13.535,-6.273,-6.249,0.000000
37.511681,-18.717,-31.902973,0.001768,13.535,-6.273,-6.249,0.000000
37.641533,-18.466,-33.671978,0.001718,13.535,-6.273,-6.249,0.000000
37.771832,-18.490,-36.984905,0.001723,13.535,-6.273,-6.249,0.000000
37.902584,-18.318,-41.060135,0.001690,13.535,-6.273,-6.249,0.000000
38.033791,-18.219,-42.573650,0.001671,13.535,-6.273,-6.249,0.000000
38.165447,-18.375,-45.170967,0.001701,13.535,-6.273,-6.249,0.000000
38.297562,-18.745,-48.261787,0.001776,13.535,-6.273,-6.249,0.000000
38.430122,-18.579,-48.725105,0.001742,13.535,-6.273,-6.249,0.000000
38.563152,-18.895,-51.629833,0.001807,13.535,-6.273,-6.249,0.000000
38.696644,-18.867,-53.557919,0.001802,13.535,-6.273,-6.249,0.000000
38.830597,-18.910,-56.716339,0.001811,13.535,-6.273,-6.249,0.000000
38.965015,-18.928,-58.731533,0.001815,13.535,-6.273,-6.249,0.000000
39.099895,-18.984,-59.544220,0.001827,13.535,-6.273,-6.249,0.000000
39.235237,-19.235,-60.251129,0.001881,13.535,-6.273,-6.249,0.000000
39.371052,-18.908,-63.595226,0.001812,13.535,-6.273,-6.249,0.000000
39.507339,-18.962,-65.835014,0.001823,13.535,-6.273,-6.249,0.000000
39.644100,-18.795,-68.423599,0.001789,13.535,-6.273,-6.249,0.000000
39.781334,-18.822,-70.573837,0.001795,13.535,-6.273,-6.249,0.000000
39.919041,-18.751,-73.742302,0.001780,13.535,-6.273,-6.249,0.000000
40.057224,-18.722,-75.993141,0.001775,13.535,-6.273,-6.249,0.000000
40.195889,-18.609,-78.511215,0.001752,13.535,-6.273,-6.249,0.000000
40.335030,-18.673,-82.992355,0.001766,13.535,-6.273,-6.249,0.000000
40.474644,-18.847,-81.847809,0.001802,13.535,-6.273,-6.249,0.000000
40.614754,-18.693,-82.451866,0.001770,13.535,-6.273,-6.249,0.000000
40.755344,-18.763,-83.633392,0.001785,13.535,-6.273,-6.249,0.000000
40.896423,-18.411,-85.205574,0.001714,13.535,-6.273,-6.249,0.000000
41.037983,-18.495,-86.123466,0.001731,13.535,-6.273,-6.249,0.000000
41.180042,-18.387,-88.196373,0.001710,13.535,-6.273,-6.249,0.000000
41.322590,-18.331,-87.637390,0.001698,13.535,-6.273,-6.249,0.000000
41.465633,-18.048,-88.958809,0.001644,13.535,-6.273,-6.249,0.000000
41.609173,-18.043,-88.328918,0.001643,13.535,-6.273,-6.249,0.000000
41.753204,-17.468,-90.179146,0.001538,13.535,-6.273,-6.249,0.000000
41.897739,-17.399,-93.077332,0.001526,13.535,-6.273,-6.249,0.000000
42.042774,-17.218,-94.320885,0.001495,13.535,-6.273,-6.249,0.000000
42.188309,-16.962,-96.511703,0.001451,13.535,-6.273,-6.249,0.000000
42.334339,-16.639,-98.831726,0.001399,13.535,-6.273,-6.249,0.000000
42.480885,-16.426,-101.006462,0.001365,13.535,-6.273,-6.249,0.000000
42.627937,-16.200,-103.903427,0.001330,13.535,-6.273,-6.249,0.000000
42.775497,-16.062,-108.313988,0.001309,13.535,-6.273,-6.249,0.000000
42.923573,-15.995,-111.568581,0.001299,13.535,-6.273,-6.249,0.000000
43.072155,-16.044,-114.012939,0.001307,13.535,-6.273,-6.249,0.000000
43.221245,-16.058,-115.693398,0.001309,13.535,-6.273,-6.249,0.000000
43.370861,-15.911,-118.419121,0.001288,13.535,-6.273,-6.249,0.000000
43.520992,-15.845,-122.677986,0.001278,13.535,-6.273,-6.249,0.000000
43.671646,-15.906,-125.266830,0.001287,13.535,-6.273,-6.249,0.000000
43.822823,-16.018,-127.896507,0.001304,13.535,-6.273,-6.249,0.000000
43.974518,-16.066,-130.508133,0.001312,13.535,-6.273,-6.249,0.000000
44.126743,-15.981,-131.973251,0.001299,13.535,-6.273,-6.249,0.000000
44.279491,-15.941,-135.331940,0.001294,13.535,-6.273,-6.249,0.000000
44.432770,-15.837,-138.075134,0.001278,13.535,-6.273,-6.249,0.000000
44.586567,-15.864,-143.046768,0.001283,13.535,-6.273,-6.249,0.000000
44.740910,-15.929,-144.767151,0.001292,13.535,-6.273,-6.249,0.000000
44.895786,-16.003,-148.853226,0.001304,13.535,-6.273,-6.249,0.000000
45.051197,-16.032,-153.366547,0.001308,13.535,-6.273,-6.249,0.000000
45.207138,-16.197,-154.543259,0.001334,13.535,-6.273,-6.249,0.000000
45.363636,-16.235,-157.708817,0.001340,13.535,-6.273,-6.249,0.000000
45.520660,-16.249,-163.083603,0.001342,13.535,-6.273,-6.249,0.000000
45.678234,-16.530,-165.894501,0.001387,13.535,-6.273,-6.249,0.000000
45.836353,-16.705,-168.032486,0.001415,13.535,-6.273,-6.249,0.000000
45.995022,-16.929,-171.207947,0.001452,13.535,-6.273,-6.249,0.000000
46.154240,-16.937,-174.167145,0.001453,13.535,-6.273,-6.249,0.000000
46.314007,-17.339,-177.533646,0.001522,13.535,-6.273,-6.249,0.000000
46.474327,-17.562,-178.142090,0.001562,13.535,-6.273,-6.249,0.000000
46.635193,-17.537,-179.446487,0.001557,13.535,-6.273,-6.249,0.000000
46.796627,-17.702,178.423279,0.001587,13.535,-6.273,-6.249,0.000000
46.958618,-18.177,176.045898,0.001676,13.535,-6.273,-6.249,0.000000
47.121170,-18.557,174.876328,0.001752,13.535,-6.273,-6.249,0.000000
47.284286,-18.746,172.556183,0.001790,13.535,-6.273,-6.249,0.000000
47.447968,-19.238,170.072815,0.001895,13.535,-6.273,-6.249,0.000000
47.612202,-20.021,169.861176,0.002074,13.535,-6.273,-6.249,0.000000
47.777020,-20.496,169.538483,0.002191,13.535,-6.273,-6.249,0.000000
47.942402,-20.822,169.266479,0.002275,13.535,-6.273,-6.249,0.000000
48.108360,-21.301,167.815628,0.002405,13.535,-6.273,-6.249,0.000000
48.274895,-22.019,169.156281,0.002613,13.535,-6.273,-6.249,0.000000
48.442005,-22.421,170.351471,0.002737,13.535,-6.273,-6.249,0.000000
48.609692,-22.676,173.531448,0.002819,13.535,-6.273,-6.249,0.000000
48.777958,-22.893,175.361481,0.002891,13.535,-6.273,-6.249,0.000000
48.946812,-23.084,176.740906,0.002955,13.535,-6.273,-6.249,0.000000
49.116234,-23.284,178.290543,0.003025,13.535,-6.273,-6.249,0.000000
49.286255,-23.025,-177.297440,0.002936,13.535,-6.273,-6.249,0.000000
49.456863,-22.592,-174.411789,0.002794,13.535,-6.273,-6.249,0.000000
49.628067,-22.684,-171.945618,0.002824,13.535,-6.273,-6.249,0.000000
49.799858,-22.184,-171.631821,0.002667,13.535,-6.273,-6.249,0.000000
49.972248,-21.966,-170.957474,0.002601,13.535,-6.273,-6.249,0.000000
50.145218,-21.596,-173.431030,0.002493,13.535,-6.273,-6.249,0.000000
50.318802,-21.707,-174.837982,0.002525,13.535,-6.273,-6.249,0.000000
50.492989,-21.372,-174.980453,0.002430,13.535,-6.273,-6.249,0.000000
50.667774,-21.253,-177.237442,0.002397,13.535,-6.273,-6.249,0.000000
50.843166,-21.265,-179.514496,0.002400,13.535,-6.273,-6.249,0.000000
51.019169,-21.499,178.558914,0.002466,13.535,-6.273,-6.249,0.000000
51.195774,-21.392,176.939819,0.002436,13.535,-6.273,-6.249,0.000000
51.372997,-21.468,175.411819,0.002457,13.535,-6.273,-6.249,0.000000
51.550816,-21.502,176.147949,0.002467,13.535,-6.273,-6.249,0.000000
51.729267,-21.528,175.393082,0.002475,13.535,-6.273,-6.249,0.000000
51.908333,-21.581,176.468903,0.002490,13.535,-6.273,-6.249,0.000000
52.088020,-21.563,177.767715,0.002485,13.535,-6.273,-6.249,0.000000
52.268330,-21.172,179.877274,0.002376,13.535,-6.273,-6.249,0.000000
52.449261,-21.003,-178.548508,0.002331,13.535,-6.273,-6.249,0.000000
52.630810,-20.764,-175.632797,0.002268,13.535,-6.273,-6.249,0.000000
52.812996,-20.378,-175.255997,0.002170,13.535,-6.273,-6.249,0.000000
52.995815,-20.075,-173.864822,0.002096,13.535,-6.273,-6.249,0.000000
53.179264,-19.832,-171.935379,0.002038,13.535,-6.273,-6.249,0.000000
53.363350,-19.399,-170.132996,0.001940,13.535,-6.273,-6.249,0.000000
53.548077,-19.058,-170.261383,0.001865,13.535,-6.273,-6.249,0.000000
53.733437,-18.751,-169.782333,0.001801,13.535,-6.273,-6.249,0.000000
53.919441,-18.203,-170.038666,0.001691,13.535,-6.273,-6.249,0.000000
54.106079,-18.020,-170.858231,0.001656,13.535,-6.273,-6.249,0.000000
54.293373,-17.753,-170.647003,0.001606,13.535,-6.273,-6.249,0.000000
54.481316,-17.362,-172.048523,0.001536,13.535,-6.273,-6.249,0.000000
54.669895,-16.984,-174.279343,0.001471,13.535,-6.273,-6.249,0.000000
54.859169,-16.893,-175.667267,0.001455,13.535,-6.273,-6.249,0.000000
55.049042,-16.631,-178.320969,0.001412,13.535,-6.273,-6.249,0.000000
55.239601,-16.491,-179.875595,0.001390,13.535,-6.273,-6.249,0.000000
55.430820,-16.227,177.696152,0.001349,13.535,-6.273,-6.249,0.000000
55.622700,-16.120,175.125381,0.001332,13.535,-6.273,-6.249,0.000000
55.815247,-16.095,174.251205,0.001329,13.535,-6.273,-6.249,0.000000
56.008457,-15.842,172.352448,0.001291,13.535,-6.273,-6.249,0.000000
56.202335,-15.626,169.616791,0.001259,13.535,-6.273,-6.249,0.000000
56.396889,-15.577,168.655045,0.001253,13.535,-6.273,-6.249,0.000000
56.592110,-15.182,166.654846,0.001197,13.535,-6.273,-6.249,0.000000
56.788010,-15.026,164.906677,0.001176,13.535,-6.273,-6.249,0.000000
56.984589,-14.793,163.572128,0.001145,13.535,-6.273,-6.249,0.000000
57.181820,-14.563,161.802322,0.001115,13.535,-6.273,-6.249,0.000000
57.379791,-14.406,160.007355,0.001095,13.535,-6.273,-6.249,0.000000
57.578388,-14.153,158.609940,0.001063,13.535,-6.273,-6.249,0.000000
57.777702,-13.796,155.913544,0.001021,13.535,-6.273,-6.249,0.000000
57.977707,-13.613,153.885605,0.000999,13.535,-6.273,-6.249,0.000000
58.178406,-13.362,151.406189,0.000971,13.535,-6.273,-6.249,0.000000
58.379795,-13.238,148.861893,0.000957,13.535,-6.273,-6.249,0.000000
58.581886,-13.018,146.268784,0.000934,13.535,-6.273,-6.249,0.000000
58.784672,-12.824,143.731934,0.000913,13.535,-6.273,-6.249,0.000000
58.988163,-12.665,140.357437,0.000897,13.535,-6.273,-6.249,0.000000
59.192356,-12.522,137.931595,0.000882,13.535,-6.273,-6.249,0.000000
59.397259,-12.452,134.415970,0.000875,13.535,-6.273,-6.249,0.000000
59.602867,-12.404,131.260788,0.000871,13.535,-6.273,-6.249,0.000000
59.809193,-12.440,128.619995,0.000874,13.535,-6.273,-6.249,0.000000
60.016228,-12.415,125.160469,0.000872,13.535,-6.273,-6.249,0.000000
60.223953,-12.482,122.721306,0.000879,13.535,-6.273,-6.249,0.000000
60.432423,-12.548,120.697815,0.000886,13.535,-6.273,-6.249,0.000000
60.641617,-12.701,118.732140,0.000902,13.535,-6.273,-6.249,0.000000
60.851536,-12.857,116.239532,0.000918,13.535,-6.273,-6.249,0.000000
61.062180,-12.999,114.896103,0.000934,13.535,-6.273,-6.249,0.000000
61.273556,-13.223,114.144775,0.000958,13.535,-6.273,-6.249,0.000000
61.485661,-13.371,113.173668,0.000975,13.535,-6.273,-6.249,0.000000
61.698502,-13.557,112.649178,0.000996,13.535,-6.273,-6.249,0.000000
61.912075,-13.655,112.236557,0.001007,13.535,-6.273,-6.249,0.000000
62.126392,-13.766,112.157951,0.001021,13.535,-6.273,-6.249,0.000000
62.341450,-13.803,112.319839,0.001025,13.535,-6.273,-6.249,0.000000
62.557251,-13.651,112.919014,0.001008,13.535,-6.273,-6.249,0.000000
62.773800,-13.560,112.804207,0.000997,13.535,-6.273,-6.249,0.000000
62.991070,-13.307,112.809799,0.000969,13.535,-6.273,-6.249,0.000000
63.209152,-13.015,112.578705,0.000937,13.519,-6.222,-6.198,0.000000
63.427925,-12.769,111.890800,0.000911,13.502,-6.169,-6.145,0.000000
63.647522,-12.385,110.610565,0.000872,13.485,-6.116,-6.092,0.000000
63.867813,-12.110,109.541122,0.000845,13.469,-6.062,-6.038,0.000000
64.088898,-11.803,108.025887,0.000815,13.452,-6.008,-5.984,0.000000
64.310753,-11.417,106.184662,0.000780,13.435,-5.954,-5.930,0.000000
64.533371,-11.123,103.451202,0.000754,13.418,-5.900,-5.876,0.000000
64.756760,-10.838,100.731827,0.000730,13.401,-5.846,-5.821,0.000000
64.980919,-10.597,97.899666,0.000710,13.384,-5.791,-5.767,0.000000
65.205864,-10.346,95.288948,0.000690,13.367,-5.736,-5.712,0.000000
65.431580,-10.079,92.728035,0.000669,13.350,-5.681,-5.657,0.000000
65.658081,-9.978,90.734978,0.000662,13.333,-5.626,-5.602,0.000000
65.885361,-9.530,87.401077,0.000629,13.315,-5.571,-5.546,0.000000
66.113434,-9.255,84.391029,0.000609,13.298,-5.515,-5.491,0.000000
66.342262,-9.025,78.428612,0.000593,13.281,-5.459,-5.435,0.000000
66.571945,-9.021,75.607521,0.000593,13.263,-5.404,-5.379,0.000000
66.802353,-8.848,70.672829,0.000581,13.246,-5.347,-5.323,0.000000
67.033600,-8.528,67.192009,0.000561,13.228,-5.291,-5.266,0.000000
67.265648,-8.432,62.260418,0.000554,13.210,-5.235,-5.210,0.000000
67.498489,-8.374,59.170197,0.000551,13.193,-5.178,-5.153,0.000000
67.732147,-8.360,55.697186,0.000550,13.175,-5.121,-5.096,0.000000
67.966606,-8.590,53.604595,0.000565,13.157,-5.064,-5.039,0.000000
68.201881,-8.762,50.105824,0.000576,13.139,-5.007,-4.982,0.000000
68.437973,-8.916,47.203117,0.000587,13.121,-4.949,-4.924,0.000000
68.674881,-8.995,42.868568,0.000592,13.103,-4.892,-4.866,0.000000
68.912605,-9.210,39.804497,0.000607,13.085,-4.834,-4.808,0.000000
69.151154,-9.585,36.366726,0.000634,13.067,-4.776,-4.750,0.000000
69.390495,-9.844,32.908188,0.000653,13.049,-4.717,-4.692,0.000000
69.630730,-10.190,27.699230,0.000680,13.031,-4.659,-4.633,0.000000
69.871735,-10.656,22.176207,0.000718,13.012,-4.600,-4.575,0.000000
70.113640,-10.917,17.255699,0.000740,12.994,-4.541,-4.516,0.000000
70.356308,-11.438,12.013096,0.000785,12.975,-4.482,-4.456,0.000000
70.599854,-11.993,7.513748,0.000838,12.957,-4.423,-4.397,0.000000
70.844246,-12.574,5.627526,0.000896,12.938,-4.363,-4.338,0.000000
71.089478,-13.065,3.188307,0.000948,12.920,-4.304,-4.278,0.000000
71.335564,-13.723,-0.200573,0.001023,12.901,-4.244,-4.218,0.000000
71.582504,-14.342,-1.885864,0.001098,12.882,-4.184,-4.158,0.000000
71.830292,-14.924,-3.009818,0.001175,12.863,-4.123,-4.097,0.000000
72.078941,-15.603,-4.501519,0.001270,12.844,-4.063,-4.037,0.000000
72.328453,-16.161,-4.428135,0.001355,12.825,-4.002,-3.976,0.000000
72.578827,-16.895,-4.342189,0.001475,12.806,-3.941,-3.915,0.000000
72.830063,-17.534,-4.200369,0.001587,12.787,-3.880,-3.854,0.000000
73.082176,-17.838,-3.984645,0.001644,12.768,-3.819,-3.792,0.000000
73.335159,-18.471,-4.325841,0.001769,12.749,-3.757,-3.730,0.000000
73.588982,-19.211,-3.083588,0.001927,12.730,-3.695,-3.669,0.000000
73.843719,-19.656,-2.009975,0.002028,12.710,-3.633,-3.607,0.000000
74.099335,-20.097,-1.142415,0.002134,12.691,-3.571,-3.544,0.000000
74.355843,-20.469,-0.062057,0.002228,12.671,-3.508,-3.482,0.000000
74.613228,-20.926,0.282760,0.002349,12.652,-3.446,-3.419,0.000000
74.871513,-21.371,2.083906,0.002472,12.632,-3.383,-3.356,0.000000
75.130692,-21.735,4.578688,0.002578,12.612,-3.320,-3.293,0.000000
75.390762,-22.187,6.947408,0.002716,12.593,-3.256,-3.229,0.000000
75.651733,-22.626,9.307473,0.002856,12.573,-3.193,-3.166,0.000000
75.913612,-22.902,10.762225,0.002949,12.553,-3.129,-3.102,0.000000
76.176399,-23.264,14.930175,0.003074,12.533,-3.065,-3.038,0.000000
76.440094,-23.189,17.657932,0.003048,12.513,-3.001,-2.974,0.000000
76.704697,-23.331,21.267584,0.003099,12.493,-2.937,-2.909,0.000000
76.970184,-23.374,24.603018,0.003115,12.473,-2.872,-2.845,0.000000
77.236664,-23.423,26.829388,0.003133,12.452,-2.807,-2.780,0.000000
77.503990,-23.367,28.616955,0.003113,12.432,-2.742,-2.714,0.000000
77.772278,-23.090,30.263859,0.003016,12.412,-2.677,-2.649,0.000000
78.041496,-22.883,31.507879,0.002945,12.391,-2.611,-2.583,0.000000
78.311646,-22.576,33.948559,0.002843,12.371,-2.545,-2.518,0.000000
78.582733,-22.222,32.790276,0.002730,12.350,-2.479,-2.452,0.000000
78.854752,-22.108,33.441185,0.002694,12.329,-2.413,-2.385,0.000000
79.127716,-21.758,33.816185,0.002588,12.309,-2.347,-2.319,0.000000
79.401627,-21.467,34.213440,0.002502,12.288,-2.280,-2.252,0.000000
79.676483,-21.150,33.163815,0.002413,12.267,-2.213,-2.185,0.000000
79.952293,-20.961,32.010395,0.002361,12.246,-2.146,-2.118,0.000000
80.229057,-20.841,31.883554,0.002329,12.225,-2.078,-2.050,0.000000
80.506744,-20.684,32.379543,0.002287,12.204,-2.011,-1.983,0.000000
80.785469,-20.584,31.318110,0.002261,12.183,-1.943,-1.915,0.000000
81.065079,-20.566,31.333403,0.002256,12.161,-1.875,-1.847,0.000000
81.345734,-20.439,29.718880,0.002223,12.140,-1.807,-1.778,0.000000
81.627281,-20.562,29.597872,0.002255,12.119,-1.738,-1.709,0.000000
81.909843,-20.575,28.728928,0.002258,12.097,-1.669,-1.641,0.000000
82.193382,-20.610,30.266582,0.002267,12.076,-1.600,-1.572,0.000000
82.477905,-20.425,31.243185,0.002220,12.054,-1.531,-1.502,0.000000
82.763412,-20.230,31.176825,0.002170,12.032,-1.461,-1.433,0.000000
83.049904,-20.071,31.468250,0.002131,12.010,-1.392,-1.363,0.000000
83.337395,-19.850,32.421349,0.002078,11.989,-1.322,-1.293,0.000000
83.625877,-19.644,32.536175,0.002029,11.967,-1.251,-1.222,0.000000
83.915352,-19.312,32.775013,0.001953,11.945,-1.181,-1.152,0.000000
84.205795,-18.866,32.028694,0.001855,11.923,-1.110,-1.081,0.000000
84.497330,-18.487,31.481537,0.001776,11.900,-1.039,-1.010,0.000000
84.789780,-18.115,30.285233,0.001701,11.878,-0.968,-0.939,0.000000
85.083336,-17.798,29.301445,0.001640,11.856,-0.897,-0.867,0.000000
85.377815,-17.503,27.291218,0.001586,11.834,-0.825,-0.795,0.000000
85.673363,-17.255,25.430401,0.001541,11.811,-0.753,-0.723,0.000000
85.969933,-17.089,23.019409,0.001512,11.789,-0.681,-0.651,0.000000
86.267525,-16.878,21.018297,0.001475,11.766,-0.608,-0.579,0.000000
86.566154,-16.744,18.529726,0.001453,11.743,-0.536,-0.506,0.000000
86.865814,-16.594,15.465586,0.001428,11.720,-0.463,-0.433,0.000000
87.166504,-16.516,13.271385,0.001415,11.698,-0.389,-0.359,0.000000
87.468246,-16.376,10.172503,0.001393,11.675,-0.316,-0.286,0.000000
87.771027,-16.337,7.625929,0.001386,11.652,-0.242,-0.212,0.000000
88.074852,-16.256,3.564046,0.001373,11.629,-0.168,-0.138,0.000000
88.379738,-16.172,0.262803,0.001360,11.605,-0.094,-0.064,0.000000
88.685677,-15.937,-1.336753,0.001324,11.582,-0.020,0.011,0.000000
88.992668,-15.822,-5.895387,0.001307,11.559,0.055,0.086,0.000000
89.300682,-15.949,-8.973191,0.001326,11.535,0.130,0.161,0.000000
89.609810,-16.177,-12.279441,0.001361,11.512,0.205,0.236,0.000000
89.920006,-16.402,-16.311417,0.001397,11.488,0.281,0.312,0.000000
90.231270,-16.717,-19.206484,0.001448,11.465,0.357,0.387,0.000000
90.543617,-17.168,-22.062252,0.001525,11.441,0.433,0.464,0.000000
90.857048,-17.627,-24.679476,0.001607,11.417,0.509,0.540,0.000000
91.171562,-18.234,-26.807070,0.001724,11.393,0.586,0.617,0.000000
91.487160,-18.995,-29.892540,0.001881,11.369,0.663,0.694,0.000000
91.803856,-19.893,-30.594725,0.002085,11.345,0.740,0.771,0.000000
92.121643,-20.404,-30.434364,0.002212,11.321,0.817,0.848,0.000000
92.440536,-21.047,-29.843611,0.002382,11.297,0.895,0.926,0.000000
92.760529,-21.665,-27.671288,0.002557,11.272,0.973,1.004,0.000000
93.081627,-22.324,-26.790936,0.002759,11.248,1.051,1.082,0.000000
93.403793,-22.801,-24.928242,0.002915,11.223,1.129,1.161,0.000000
93.727173,-23.248,-22.768101,0.003069,11.199,1.208,1.240,0.000000
94.051575,-23.561,-19.980124,0.003181,11.174,1.287,1.319,0.000000
94.377190,-23.869,-16.721279,0.003295,11.149,1.366,1.398,0.000000
94.703842,-24.044,-13.674028,0.003362,11.125,1.446,1.478,0.000000
95.031670,-24.123,-11.216413,0.003392,11.100,1.526,1.557,0.000000
95.360634,-24.027,-8.930151,0.003354,11.075,1.606,1.638,0.000000
95.690735,-23.777,-6.940925,0.003258,11.050,1.686,1.718,0.000000
96.021980,-23.402,-4.248417,0.003120,11.024,1.767,1.799,0.000000
96.354370,-23.047,-2.657066,0.002995,10.999,1.848,1.880,0.000000
96.687912,-22.655,-1.246872,0.002863,10.974,1.929,1.961,0.000000
97.022606,-22.243,-0.192831,0.002730,10.948,2.010,2.043,0.000000
97.358459,-21.835,-0.079512,0.002605,10.923,2.092,2.125,0.000000
97.695435,-21.519,-0.452248,0.002512,10.897,2.174,2.207,0.000000
98.033661,-21.088,-0.941678,0.002390,10.872,2.256,2.289,0.000000
98.372971,-20.764,-2.502450,0.002303,10.846,2.339,2.372,0.000000
98.713547,-20.355,-2.125563,0.002196,10.820,2.422,2.455,0.000000
99.055214,-19.958,-4.024401,0.002098,10.794,2.505,2.538,0.000000
99.398102,-19.597,-6.083879,0.002012,10.768,2.589,2.622,0.000000
99.742180,-19.250,-8.323179,0.001933,10.742,2.672,2.706,0.000000
100.087448,-18.926,-11.256140,0.001862,10.715,2.756,2.790,0.000000
100.433914,-18.622,-13.744575,0.001798,10.689,2.841,2.874,0.000000
100.781578,-18.215,-16.977806,0.001715,10.663,2.925,2.959,0.000000
101.130447,-18.009,-20.881363,0.001675,10.636,3.010,3.044,0.000000
101.480522,-17.779,-25.080652,0.001631,10.609,3.096,3.129,0.000000
101.831802,-17.740,-30.999863,0.001623,10.583,3.181,3.215,0.000000
102.184258,-17.655,-36.119183,0.001607,10.556,3.267,3.301,0.000000
102.538033,-17.642,-40.629211,0.001604,10.529,3.353,3.387,0.000000
102.892975,-17.715,-46.624126,0.001617,10.502,3.440,3.473,0.000000
103.249153,-17.843,-52.218979,0.001641,10.475,3.526,3.560,0.000000
103.606514,-18.051,-58.147995,0.001681,10.448,3.613,3.647,0.000000
103.965157,-18.422,-63.143494,0.001754,10.421,3.701,3.735,0.000000
104.325050,-18.797,-68.388664,0.001832,10.393,3.788,3.822,0.000000
104.686180,-19.172,-73.853127,0.001913,10.366,3.876,3.910,0.000000
105.048561,-19.461,-78.378639,0.001977,10.338,3.964,3.999,0.000000
105.412201,-19.875,-83.459221,0.002074,10.311,4.053,4.087,0.000000
105.777100,-20.385,-88.361618,0.002199,10.283,4.142,4.176,0.000000
106.143257,-20.912,-92.833031,0.002336,10.255,4.231,4.266,0.000000
106.510689,-21.295,-98.327583,0.002441,10.227,4.320,4.355,0.000000
106.879387,-21.885,-103.560471,0.002612,10.199,4.410,4.445,0.000000
107.249359,-22.307,-110.223122,0.002742,10.171,4.500,4.535,0.000000
107.620613,-22.936,-116.700661,0.002947,10.143,4.591,4.626,0.000000
107.993156,-23.508,-122.750221,0.003147,10.114,4.681,4.716,0.000000
108.366936,-24.034,-128.977280,0.003343,10.086,4.772,4.808,0.000000
108.742065,-24.575,-137.523285,0.003557,10.058,4.864,4.899,0.000000
109.118484,-24.966,-146.778290,0.003720,10.029,4.955,4.991,0.000000
109.496208,-25.241,-156.275894,0.003840,10.000,5.047,5.083,0.000000
109.875244,-25.578,-165.821701,0.003991,9.971,5.139,5.175,0.000000
110.255592,-25.563,-178.601028,0.003983,9.942,5.232,5.268,0.000000
110.637253,-25.477,169.653061,0.003943,9.913,5.325,5.361,0.000000
111.020241,-25.442,158.712692,0.003927,9.884,5.418,5.454,0.000000
111.404549,-25.303,146.678513,0.003864,9.855,5.512,5.548,0.000000
111.790184,-25.393,134.907578,0.003903,9.826,5.606,5.642,0.000000
112.177162,-25.230,123.597710,0.003830,9.796,5.700,5.736,0.000000
112.565475,-25.067,114.630554,0.003758,9.767,5.794,5.831,0.000000
112.955132,-25.012,105.228767,0.003734,9.737,5.889,5.926,0.000000
113.346085,-25.081,97.218758,0.003763,9.708,5.985,6.021,0.000000
113.738503,-25.123,90.333778,0.003782,9.678,6.080,6.117,0.000000
114.132164,-25.123,84.143265,0.003781,9.648,6.176,6.213,0.000000
114.527306,-24.933,76.992752,0.003700,9.618,6.272,6.309,0.000000
114.923698,-24.825,72.881065,0.003654,9.588,6.369,6.406,0.000000
115.321518,-24.738,69.688461,0.003618,9.557,6.465,6.503,0.000000
115.720718,-24.888,65.929832,0.003681,9.527,6.563,6.600,0.000000
116.121300,-24.832,62.362907,0.003657,9.497,6.660,6.697,0.000000
116.523270,-24.626,59.100231,0.003571,9.466,6.758,6.795,0.000000
116.926628,-24.524,56.749023,0.003530,9.435,6.856,6.894,0.000000
117.331383,-24.361,54.807152,0.003464,9.405,6.955,6.992,0.000000
117.737541,-24.346,53.852634,0.003458,9.374,7.054,7.091,0.000000
118.145103,-24.363,51.787937,0.003465,9.343,7.153,7.191,0.000000
118.554016,-24.353,49.412361,0.003461,9.312,7.253,7.290,0.000000
118.964462,-24.140,47.357147,0.003376,9.280,7.352,7.390,0.000000
119.376213,-23.843,45.524540,0.003262,9.249,7.453,7.491,0.000000
119.789505,-23.793,43.642422,0.003243,9.218,7.553,7.591,0.000000
120.204117,-23.878,41.674961,0.003274,9.186,7.654,7.693,0.000000
120.620216,-23.890,39.463383,0.003278,9.155,7.756,7.794,0.000000
121.037758,-23.885,37.817268,0.003276,9.123,7.857,7.896,0.000000
121.456741,-23.857,35.468998,0.003265,9.091,7.959,7.998,0.000000
121.877174,-23.733,33.843285,0.003219,9.059,8.062,8.100,0.000000
122.299072,-23.869,32.349567,0.003269,9.027,8.164,8.203,0.000000
122.722420,-23.969,30.801765,0.003307,8.995,8.267,8.306,0.000000
123.147240,-24.109,30.517374,0.003361,8.963,8.371,8.410,0.000000
123.573532,-24.063,30.235065,0.003343,8.930,8.475,8.514,0.000000
124.001297,-23.938,29.840494,0.003296,8.898,8.579,8.618,0.000000
124.430542,-23.743,30.140074,0.003222,8.865,8.683,8.723,0.000000
124.861267,-23.695,29.031967,0.003205,8.832,8.788,8.828,0.000000
125.293488,-23.534,29.094795,0.003146,8.819,8.843,8.883,0.000000
125.727150,-23.374,29.150238,0.003088,8.814,8.875,8.915,0.000000
126.162369,-23.176,29.977407,0.003019,8.809,8.907,8.947,0.000000
126.599091,-23.148,29.899363,0.003009,8.805,8.939,8.979,0.000000
127.037331,-22.969,29.006205,0.002948,8.800,8.971,9.011,0.000000
127.477089,-22.875,28.772076,0.002916,8.796,9.003,9.043,0.000000
127.918365,-22.880,27.784513,0.002918,8.791,9.035,9.075,0.000000
128.361160,-22.926,28.866144,0.002933,8.786,9.068,9.108,0.000000
128.805511,-22.768,28.188269,0.002880,8.782,9.100,9.140,0.000000
129.251373,-22.794,27.807501,0.002889,8.777,9.133,9.173,0.000000
129.698792,-22.915,26.056435,0.002930,8.772,9.166,9.206,0.000000
130.147766,-22.791,25.017601,0.002888,8.767,9.199,9.239,0.000000
130.598282,-22.798,23.703140,0.002890,8.763,9.231,9.272,0.000000
131.050369,-22.823,23.252371,0.002898,8.758,9.265,9.305,0.000000
131.503952,-22.799,23.784113,0.002891,8.753,9.298,9.338,0.000000
131.959229,-22.489,23.250608,0.002789,8.748,9.331,9.372,0.000000
132.415955,-22.357,22.211563,0.002747,8.743,9.364,9.405,0.000000
132.874329,-22.516,19.864502,0.002798,8.739,9.398,9.439,0.000000
133.334290,-22.046,19.099316,0.002651,8.734,9.432,9.473,0.000000
133.795853,-21.804,19.243193,0.002578,8.729,9.465,9.506,0.000000
134.259003,-21.802,18.376867,0.002577,8.724,9.499,9.540,0.000000
134.723755,-21.736,18.316477,0.002558,8.719,9.533,9.574,0.000000
135.190109,-21.924,15.818175,0.002614,8.714,9.567,9.609,0.000000
135.658081,-21.955,14.897774,0.002623,8.709,9.602,9.643,0.000000
136.127686,-22.279,14.270406,0.002723,8.704,9.636,9.677,0.000000
136.598907,-22.350,13.632921,0.002745,8.699,9.670,9.712,0.000000
137.071762,-22.322,15.801317,0.002736,8.694,9.705,9.747,0.000000
137.546249,-22.952,17.645578,0.002942,8.689,9.740,9.781,0.000000
138.022385,-23.062,17.680889,0.002980,8.684,9.775,9.816,0.000000
138.500092,-22.945,18.918270,0.002939,8.679,9.810,9.851,0.000000
138.979599,-22.458,21.374523,0.002779,8.674,9.845,9.886,0.000000
139.460617,-22.388,22.071846,0.002757,8.669,9.880,9.922,0.000000
139.943375,-22.089,21.237310,0.002664,8.664,9.915,9.957,0.000000
140.427811,-21.547,20.698231,0.002503,8.659,9.951,9.993,0.000000
140.913925,-21.314,18.992939,0.002436,8.654,9.986,10.028,0.000000
141.401703,-21.037,16.206747,0.002360,8.649,10.022,10.064,0.000000
141.891190,-20.843,12.608225,0.002308,8.643,10.058,10.100,0.000000
142.382355,-20.702,9.181271,0.002271,8.638,10.094,10.136,0.000000
142.875229,-20.904,4.172571,0.002324,8.633,10.130,10.172,0.000000
143.369812,-21.142,-0.718182,0.002388,8.628,10.166,10.208,0.000000
143.866104,-21.397,-5.129056,0.002460,8.623,10.202,10.245,0.000000
144.364120,-21.962,-10.348750,0.002625,8.617,10.239,10.281,0.000000
144.863785,-22.857,-14.494737,0.002910,8.612,10.275,10.318,0.000000
145.365311,-23.908,-19.559256,0.003284,8.607,10.312,10.355,0.000000
145.868439,-25.036,-20.178963,0.003740,8.601,10.349,10.392,0.000000
146.373383,-26.144,-15.041143,0.004248,8.596,10.386,10.429,0.000000
146.880066,-27.110,-9.333397,0.004748,8.591,10.423,10.466,0.000000
147.388504,-27.989,0.170309,0.005254,8.585,10.460,10.503,0.000000
147.898712,-28.286,11.370955,0.005437,8.580,10.497,10.540,0.000000
148.410675,-28.443,24.545210,0.005536,8.575,10.535,10.578,0.000000
148.924423,-28.125,39.799194,0.005337,8.569,10.572,10.616,0.000000
149.439941,-27.282,49.265049,0.004843,8.564,10.610,10.654,0.000000
149.957245,-26.176,57.099823,0.004264,8.558,10.648,10.691,0.000000
150.476334,-24.897,63.229927,0.003680,8.553,10.686,10.730,0.000000
150.997238,-24.170,64.868622,0.003385,8.547,10.724,10.768,0.000000
151.519852,-23.290,64.489952,0.003059,8.542,10.762,10.806,0.000000
152.044434,-22.455,63.387096,0.002778,8.536,10.800,10.844,0.000000
152.570679,-21.871,62.354759,0.002598,8.531,10.839,10.883,0.000000
153.098892,-21.111,60.413624,0.002380,8.525,10.878,10.922,0.000000
153.628784,-20.399,57.990768,0.002193,8.520,10.916,10.961,0.000000
154.160660,-19.809,56.282272,0.002049,8.514,10.955,11.000,0.000000
154.694229,-19.348,54.331028,0.001943,8.508,10.994,11.039,0.000000
155.229797,-18.885,51.507511,0.001842,8.503,11.033,11.078,0.000000
155.767075,-18.543,49.220150,0.001771,8.497,11.073,11.117,0.000000
156.306274,-18.174,46.743496,0.001697,8.491,11.112,11.157,0.000000
156.847351,-17.928,44.524372,0.001650,8.486,11.152,11.197,0.000000
157.390305,-17.706,42.207867,0.001609,8.480,11.191,11.236,0.000000
157.935120,-17.543,40.234730,0.001579,8.474,11.231,11.276,0.000000
158.481750,-17.468,38.365826,0.001566,8.468,11.271,11.317,0.000000
159.030441,-17.341,37.323521,0.001543,8.462,11.311,11.357,0.000000
159.580856,-17.268,36.188690,0.001531,8.457,11.352,11.397,0.000000
160.133347,-17.233,35.613861,0.001525,8.451,11.392,11.438,0.000000
160.687592,-17.147,34.860897,0.001510,8.445,11.433,11.478,0.000000
161.243912,-17.117,34.518726,0.001504,8.439,11.473,11.519,0.000000
161.801987,-16.986,34.157188,0.001482,8.433,11.514,11.560,0.000000
162.362167,-16.799,34.616028,0.001450,8.427,11.555,11.601,0.000000
162.924133,-16.587,34.505287,0.001415,8.421,11.596,11.642,0.000000
163.488113,-16.296,34.083218,0.001369,8.415,11.638,11.684,0.000000
164.054047,-15.984,33.464573,0.001320,8.409,11.679,11.725,0.000000
164.621933,-15.589,31.962946,0.001262,8.403,11.721,11.767,0.000000
165.191788,-15.353,30.659527,0.001228,8.397,11.762,11.809,0.000000
165.763535,-15.005,29.403379,0.001180,8.391,11.804,11.850,0.000000
166.337433,-14.765,27.652586,0.001148,8.385,11.846,11.893,0.000000
166.913147,-14.579,25.721884,0.001123,8.379,11.888,11.935,0.000000
167.491013,-14.350,23.244160,0.001094,8.373,11.930,11.977,0.000000
168.070801,-14.144,21.786486,0.001069,8.367,11.973,12.020,0.000000
168.652603,-13.893,20.138933,0.001038,8.361,12.015,12.062,0.000000
169.236328,-13.684,18.470404,0.001014,8.355,12.058,12.105,0.000000
169.822250,-13.446,16.541233,0.000987,8.349,12.101,12.148,0.000000
170.410019,-13.159,14.125214,0.000955,8.342,12.144,12.191,0.000000
170.999924,-13.014,12.239795,0.000939,8.336,12.187,12.234,0.000000
171.591858,-12.721,9.893613,0.000908,8.330,12.230,12.278,0.000000
172.185837,-12.549,7.622435,0.000890,8.324,12.274,12.321,0.000000
172.781876,-12.427,4.607079,0.000878,8.317,12.317,12.365,0.000000
173.379990,-12.383,1.837060,0.000873,8.311,12.361,12.409,0.000000
173.980164,-12.377,-1.065070,0.000873,8.305,12.405,12.453,0.000000
174.582336,-12.385,-3.507991,0.000873,8.298,12.449,12.497,0.000000
175.186752,-12.450,-6.247234,0.000880,8.292,12.493,12.541,0.000000
175.793182,-12.497,-8.496581,0.000885,8.286,12.538,12.586,0.000000
176.401703,-12.566,-10.704887,0.000892,8.279,12.582,12.631,0.000000
177.012253,-12.678,-13.069299,0.000904,8.273,12.627,12.675,0.000000
177.625092,-12.716,-15.193716,0.000908,8.266,12.672,12.720,0.000000
178.239883,-12.798,-17.506653,0.000917,8.260,12.717,12.765,0.000000
178.856964,-12.903,-19.912701,0.000928,8.253,12.762,12.811,0.000000
179.476013,-13.079,-22.022476,0.000947,8.247,12.807,12.856,0.000000
180.097290,-13.216,-24.129705,0.000962,8.240,12.853,12.902,0.000000
180.720718,-13.479,-25.942076,0.000992,8.234,12.898,12.947,0.000000
181.346298,-13.725,-27.481497,0.001020,8.227,12.944,12.993,0.000000
181.974045,-13.960,-28.178003,0.001048,8.220,12.990,13.039,0.000000
182.603882,-14.171,-28.503927,0.001073,8.214,13.036,13.085,0.000000
183.236084,-14.417,-29.018612,0.001104,8.207,13.082,13.132,0.000000
183.870377,-14.544,-28.886402,0.001120,8.200,13.129,13.178,0.000000
184.506866,-14.673,-29.011930,0.001137,8.194,13.175,13.225,0.000000
185.145462,-14.755,-28.837168,0.001148,8.187,13.222,13.272,0.000000
185.786453,-14.691,-28.751270,0.001139,8.180,13.269,13.319,0.000000
186.429489,-14.584,-28.706608,0.001125,8.173,13.316,13.366,0.000000
187.074921,-14.504,-29.507183,0.001115,8.166,13.363,13.413,0.000000
187.722412,-14.411,-31.088221,0.001103,8.160,13.410,13.461,0.000000
188.372238,-14.271,-32.229313,0.001085,8.153,13.458,13.508,0.000000
189.024307,-14.218,-34.357624,0.001078,8.146,13.506,13.556,0.000000
189.678650,-14.205,-36.554825,0.001076,8.139,13.554,13.604,0.000000
190.335236,-14.229,-38.663872,0.001079,8.132,13.602,13.652,0.000000
190.994110,-14.325,-41.339901,0.001090,8.125,13.650,13.701,0.000000
191.655258,-14.529,-43.518398,0.001116,8.118,13.698,13.749,0.000000
192.318695,-14.781,-45.090282,0.001148,8.111,13.747,13.798,0.000000
192.984421,-14.947,-45.960800,0.001170,8.104,13.795,13.847,0.000000
193.652374,-15.104,-46.790108,0.001191,8.097,13.844,13.896,0.000000
194.322815,-15.273,-47.980499,0.001214,8.090,13.893,13.945,0.000000
194.995392,-15.371,-48.777657,0.001227,8.083,13.943,13.994,0.000000
195.670486,-15.443,-49.995422,0.001237,8.076,13.992,14.043,0.000000
196.347733,-15.506,-51.228088,0.001246,8.069,14.041,14.093,0.000000
197.027405,-15.576,-52.468376,0.001255,8.061,14.091,14.143,0.000000
197.709442,-15.604,-53.655106,0.001259,8.054,14.141,14.193,0.000000
198.393829,-15.610,-55.516064,0.001259,8.047,14.191,14.243,0.000000
199.080597,-15.693,-57.628811,0.001271,8.040,14.241,14.294,0.000000
199.769745,-15.787,-59.483841,0.001285,8.032,14.292,14.344,0.000000
200.461258,-16.001,-61.515141,0.001316,8.025,14.342,14.395,0.000000
201.155182,-16.139,-63.275841,0.001337,8.018,14.393,14.446,0.000000
201.851501,-16.341,-64.889198,0.001368,8.011,14.444,14.497,0.000000
202.550232,-16.573,-66.638641,0.001404,8.003,14.495,14.548,0.000000
203.251389,-16.833,-68.619553,0.001446,7.996,14.547,14.599,0.000000
203.954865,-17.056,-70.253357,0.001483,7.988,14.598,14.651,0.000000
204.660980,-17.265,-72.170708,0.001518,7.981,14.650,14.703,0.000000
205.369339,-17.565,-73.957588,0.001571,7.973,14.701,14.755,0.000000
206.080246,-17.856,-75.859566,0.001623,7.966,14.753,14.807,0.000000
206.793625,-18.210,-77.414246,0.001690,7.958,14.806,14.859,0.000000
207.509567,-18.622,-79.138168,0.001771,7.951,14.858,14.912,0.000000
208.227783,-18.978,-81.631943,0.001843,7.943,14.911,14.964,0.000000
208.948685,-19.401,-83.463959,0.001934,7.936,14.963,15.017,0.000000
209.671890,-19.890,-85.056587,0.002045,7.928,15.016,15.070,0.000000
210.397690,-20.556,-85.923882,0.002206,7.920,15.069,15.123,0.000000
211.126007,-21.208,-87.394180,0.002376,7.913,15.123,15.177,0.000000
211.856842,-22.119,-87.377541,0.002638,7.905,15.176,15.230,0.000000
212.590210,-22.997,-87.072128,0.002917,7.897,15.230,15.284,0.000000
213.326019,-23.873,-85.265526,0.003225,7.889,15.284,15.338,0.000000
214.064575,-24.632,-80.597649,0.003517,7.882,15.338,15.392,0.000000
214.805481,-25.562,-74.183670,0.003913,7.874,15.392,15.447,0.000000
215.549057,-25.965,-66.839638,0.004097,7.866,15.446,15.501,0.000000
216.295197,-26.006,-59.647900,0.004113,7.858,15.501,15.556,0.000000
217.044037,-25.561,-52.450684,0.003905,7.850,15.556,15.611,0.000000
217.795258,-25.054,-45.866489,0.003681,7.842,15.611,15.666,0.000000
218.549286,-24.234,-40.864330,0.003348,7.834,15.666,15.721,0.000000
219.305710,-23.351,-36.757591,0.003022,7.826,15.721,15.777,0.000000
220.064865,-22.545,-35.362877,0.002752,7.818,15.777,15.832,0.000000
220.826645,-21.908,-35.502029,0.002556,7.810,15.832,15.888,0.000000
221.591064,-21.204,-37.469429,0.002355,7.802,15.888,15.944,0.000000
222.358124,-20.729,-40.814930,0.002229,7.794,15.944,16.000,0.000000
223.127731,-20.487,-44.323685,0.002167,7.786,16.001,16.057,0.000000
223.900223,-20.307,-47.784264,0.002121,7.778,16.057,16.114,0.000000
224.675171,-20.273,-51.547043,0.002112,7.770,16.114,16.170,0.000000
225.453018,-20.257,-54.693962,0.002107,7.761,16.171,16.227,0.000000
226.233337,-20.351,-57.763390,0.002129,7.753,16.228,16.285,0.000000
227.016586,-20.541,-60.409012,0.002175,7.745,16.285,16.342,0.000000
227.802322,-20.755,-62.626976,0.002228,7.737,16.343,16.400,0.000000
228.590988,-20.992,-64.270721,0.002288,7.728,16.400,16.457,0.000000
229.382187,-21.142,-65.008064,0.002327,7.720,16.458,16.516,0.000000
230.176208,-21.223,-66.040489,0.002347,7.712,16.516,16.574,0.000000
230.972992,-21.220,-66.601234,0.002345,7.703,16.575,16.632,0.000000
231.772537,-21.246,-67.600143,0.002351,7.695,16.633,16.691,0.000000
232.574844,-21.219,-67.954529,0.002342,7.686,16.692,16.750,0.000000
233.379822,-21.160,-68.867950,0.002325,7.678,16.751,16.809,0.000000
234.187805,-21.026,-70.203178,0.002289,7.669,16.810,16.868,0.000000
234.998352,-20.904,-71.688530,0.002256,7.661,16.869,16.927,0.000000
235.811935,-20.780,-73.729347,0.002223,7.652,16.929,16.987,0.000000
236.628113,-20.709,-76.646034,0.002203,7.643,16.988,17.047,0.000000
237.447342,-20.744,-80.172409,0.002211,7.635,17.048,17.107,0.000000
238.269180,-20.753,-83.273994,0.002213,7.626,17.108,17.167,0.000000
239.094101,-20.770,-87.128487,0.002216,7.617,17.169,17.228,0.000000
239.921631,-20.882,-91.126297,0.002244,7.609,17.229,17.288,0.000000
240.752151,-21.079,-94.937416,0.002295,7.600,17.290,17.349,0.000000
241.585541,-21.308,-98.914909,0.002356,7.591,17.351,17.410,0.000000
242.421814,-21.687,-103.185089,0.002460,7.582,17.412,17.472,0.000000
243.260986,-22.056,-107.047531,0.002566,7.573,17.474,17.533,0.000000
244.102951,-22.525,-111.412140,0.002707,7.565,17.535,17.595,0.000000
244.948059,-23.058,-115.090996,0.002877,7.556,17.597,17.657,0.000000
245.795975,-23.532,-119.011864,0.003038,7.547,17.659,17.719,0.000000
246.646820,-24.242,-122.831596,0.003295,7.538,17.721,17.781,0.000000
247.500626,-24.830,-125.953384,0.003525,7.529,17.784,17.844,0.000000
248.357376,-25.495,-129.803177,0.003804,7.520,17.846,17.907,0.000000
249.216980,-26.289,-132.388367,0.004167,7.511,17.909,17.970,0.000000
250.079788,-27.004,-134.910629,0.004524,7.502,17.964,18.025,0.000000
250.945343,-27.725,-138.159637,0.004915,7.502,17.939,18.000,0.000000
251.814026,-28.562,-140.280228,0.005411,7.502,17.914,17.974,0.000000
252.685715,-29.567,-142.281586,0.006074,7.502,17.888,17.949,0.000000
253.560410,-30.588,-144.608414,0.006830,7.501,17.863,17.923,0.000000
254.438141,-31.355,-144.403152,0.007460,7.501,17.837,17.897,0.000000
255.318909,-32.472,-146.018158,0.008482,7.501,17.811,17.871,0.000000
256.202728,-33.148,-143.145020,0.009168,7.500,17.785,17.846,0.000000
257.089600,-33.785,-142.415466,0.009863,7.500,17.759,17.820,0.000000
257.979553,-34.500,-137.735336,0.010708,7.500,17.733,17.793,0.000000
258.872559,-34.782,-134.395187,0.011058,7.500,17.707,17.767,0.000000
259.768677,-34.767,-133.817535,0.011038,7.499,17.681,17.741,0.000000
260.667786,-34.830,-131.159302,0.011118,7.499,17.655,17.715,0.000000
261.570251,-34.685,-129.753723,0.010934,7.499,17.629,17.688,0.000000
262.475555,-34.686,-132.635880,0.010935,7.499,17.602,17.662,0.000000
263.384277,-34.436,-132.430344,0.010625,7.498,17.576,17.635,0.000000
264.295898,-34.368,-136.271896,0.010543,7.498,17.549,17.608,0.000000
265.210785,-34.392,-141.130600,0.010572,7.498,17.522,17.581,0.000000
266.128845,-34.187,-148.367264,0.010324,7.498,17.495,17.554,0.000000
267.050201,-34.338,-151.373596,0.010504,7.497,17.469,17.527,0.000000
267.974518,-34.579,-156.106628,0.010798,7.497,17.442,17.500,0.000000
268.902130,-34.789,-157.417526,0.011059,7.497,17.414,17.473,0.000000
269.832977,-35.040,-155.245499,0.011382,7.496,17.387,17.446,0.000000
270.767029,-35.198,-155.943817,0.011588,7.496,17.360,17.418,0.000000
271.704315,-34.576,-155.677795,0.010786,7.496,17.333,17.391,0.000000
272.644714,-33.682,-155.079041,0.009729,7.496,17.305,17.363,0.000000
273.588654,-32.672,-155.648560,0.008660,7.495,17.278,17.336,0.000000
274.535583,-31.421,-156.691132,0.007497,7.495,17.250,17.308,0.000000
275.486053,-30.168,-158.141266,0.006489,7.495,17.222,17.280,0.000000
276.439545,-28.766,-161.104050,0.005521,7.494,17.194,17.252,0.000000
277.396454,-27.428,-167.510178,0.004732,7.494,17.166,17.224,0.000000
278.356689,-26.153,-175.168793,0.004085,7.494,17.138,17.196,0.000000
279.320404,-24.935,176.661072,0.003551,7.494,17.110,17.168,0.000000
280.287170,-24.039,168.806641,0.003202,7.493,17.082,17.139,0.000000
281.257416,-23.243,160.938080,0.002922,7.493,17.054,17.111,0.000000
282.231018,-22.554,153.230667,0.002699,7.493,17.025,17.082,0.000000
283.207977,-21.948,145.574844,0.002517,7.492,16.997,17.054,0.000000
284.188354,-21.384,137.868774,0.002359,7.492,16.968,17.025,0.000000
285.171967,-20.903,130.386551,0.002232,7.492,16.939,16.996,0.000000
286.159271,-20.577,123.580002,0.002149,7.492,16.910,16.967,0.000000
287.149689,-20.298,116.675339,0.002081,7.491,16.881,16.938,0.000000
288.143829,-20.067,110.196136,0.002026,7.491,16.852,16.909,0.000000
289.141144,-19.880,104.125908,0.001983,7.491,16.823,16.880,0.000000
290.142029,-19.660,98.150543,0.001933,7.490,16.794,16.850,0.000000
291.146393,-19.543,92.169624,0.001906,7.490,16.765,16.821,0.000000
292.154358,-19.499,86.563499,0.001896,7.490,16.735,16.791,0.000000
293.165558,-19.532,81.441711,0.001903,7.489,16.706,16.762,0.000000
294.180389,-19.614,76.202141,0.001921,7.489,16.676,16.732,0.000000
295.198730,-19.629,70.940086,0.001924,7.489,16.646,16.702,0.000000
296.220581,-19.789,65.829773,0.001959,7.489,16.616,16.672,0.000000
297.246002,-19.975,61.179634,0.002002,7.488,16.587,16.642,0.000000
298.274933,-20.273,56.049412,0.002071,7.488,16.556,16.612,0.000000
299.307465,-20.617,51.955921,0.002154,7.488,16.526,16.582,0.000000
300.343414,-21.090,47.363781,0.002275,7.487,16.496,16.551,0.000000
301.383209,-21.659,43.682571,0.002428,7.487,16.466,16.521,0.000000
302.426361,-22.423,41.723171,0.002651,7.487,16.435,16.490,0.000000
303.473389,-23.202,42.242279,0.002899,7.486,16.405,16.460,0.000000
304.523743,-24.048,44.204624,0.003195,7.486,16.374,16.429,0.000000
305.578033,-24.669,47.532345,0.003432,7.486,16.343,16.398,0.000000
306.635681,-25.128,51.189095,0.003617,7.485,16.312,16.367,0.000000
307.697266,-25.315,55.167446,0.003695,7.485,16.281,16.336,0.000000
308.762268,-25.442,59.326324,0.003749,7.485,16.250,16.304,0.000000
309.831085,-25.365,63.681473,0.003715,7.485,16.219,16.273,0.000000
310.903595,-25.054,68.873123,0.003584,7.484,16.188,16.242,0.000000
311.979828,-24.561,72.810684,0.003386,7.484,16.156,16.210,0.000000
313.059784,-23.874,75.101608,0.003127,7.484,16.125,16.178,0.000000
314.143311,-23.087,76.867798,0.002855,7.483,16.093,16.147,0.000000
315.230927,-22.272,77.160301,0.002599,7.483,16.061,16.115,0.000000
316.322113,-21.523,77.387459,0.002383,7.483,16.029,16.083,0.000000
317.417114,-20.788,77.100975,0.002189,7.482,15.997,16.051,0.000000
318.515747,-19.956,76.222214,0.001989,7.482,15.965,16.018,0.000000
319.618469,-19.159,73.951508,0.001814,7.482,15.933,15.986,0.000000
320.724701,-18.521,70.007446,0.001685,7.481,15.901,15.954,0.000000
321.835083,-17.952,64.838966,0.001578,7.481,15.868,15.921,0.000000
322.949005,-17.579,59.544994,0.001511,7.481,15.836,15.888,0.000000
324.066925,-17.362,53.688637,0.001473,7.480,15.803,15.856,0.000000
325.188721,-17.279,48.166718,0.001459,7.480,15.770,15.823,0.000000
326.314392,-17.386,42.785828,0.001477,7.480,15.737,15.790,0.000000
327.443970,-17.556,38.285179,0.001506,7.479,15.704,15.757,0.000000
328.577301,-17.882,34.530865,0.001563,7.479,15.671,15.723,0.000000
329.714874,-18.271,31.896770,0.001635,7.479,15.638,15.690,0.000000
330.856232,-18.651,30.273750,0.001707,7.478,15.605,15.657,0.000000
332.001526,-18.920,29.574743,0.001761,7.478,15.571,15.623,0.000000
333.150635,-19.156,29.635742,0.001809,7.478,15.538,15.589,0.000000
334.304016,-19.307,29.999273,0.001840,7.477,15.504,15.556,0.000000
335.461090,-19.235,30.419537,0.001825,7.477,15.470,15.522,0.000000
336.622498,-19.117,30.537319,0.001800,7.477,15.436,15.488,0.000000
337.787598,-18.888,30.675898,0.001753,7.476,15.402,15.453,0.000000
338.956879,-18.582,29.940193,0.001692,7.476,15.368,15.419,0.000000
340.130219,-18.285,28.341705,0.001635,7.475,15.334,15.385,0.000000
341.307617,-17.980,26.284019,0.001578,7.475,15.300,15.350,0.000000
342.489105,-17.707,23.468845,0.001529,7.475,15.265,15.316,0.000000
343.674652,-17.502,19.863539,0.001493,7.474,15.230,15.281,0.000000
344.864319,-17.401,16.261496,0.001476,7.474,15.196,15.246,0.000000
346.058105,-17.387,12.359585,0.001474,7.474,15.161,15.211,0.000000
347.256042,-17.381,8.586171,0.001473,7.473,15.126,15.176,0.000000
348.457947,-17.419,4.528156,0.001479,7.473,15.091,15.141,0.000000
349.664337,-17.482,0.950758,0.001490,7.473,15.055,15.105,0.000000
350.874573,-17.559,-3.015161,0.001503,7.472,15.020,15.070,0.000000
352.089325,-17.681,-6.853836,0.001524,7.472,14.985,15.034,0.000000
353.307953,-17.862,-10.864546,0.001556,7.472,14.949,14.998,0.000000
354.530975,-18.023,-14.794384,0.001585,7.471,14.913,14.962,0.000000
355.758240,-18.204,-19.089664,0.001618,7.471,14.877,14.926,0.000000
356.989716,-18.419,-23.163124,0.001658,7.470,14.841,14.890,0.000000
358.225494,-18.664,-27.730404,0.001705,7.470,14.805,14.854,0.000000
359.465515,-19.013,-32.719498,0.001775,7.470,14.769,14.818,0.000000
360.709869,-19.402,-38.405552,0.001856,7.469,14.733,14.781,0.000000
361.958496,-19.947,-43.944622,0.001976,7.469,14.696,14.745,0.000000
363.211456,-20.570,-49.982990,0.002122,7.469,14.660,14.708,0.000000
364.468750,-21.304,-56.583004,0.002309,7.468,14.623,14.671,0.000000
365.730408,-22.267,-63.074245,0.002579,7.468,14.586,14.634,0.000000
366.996246,-23.403,-70.511353,0.002939,7.468,14.549,14.597,0.000000
368.266815,-24.673,-77.461502,0.003402,7.467,14.512,14.560,0.000000
369.541443,-26.269,-84.701569,0.004088,7.467,14.475,14.522,0.000000
370.820648,-27.978,-91.562187,0.004977,7.466,14.437,14.485,0.000000
372.104309,-29.828,-100.766563,0.006158,7.466,14.400,14.447,0.000000
373.392395,-31.714,-111.814934,0.007651,7.466,14.362,14.409,0.000000
374.684937,-33.502,-126.415855,0.009400,7.465,14.325,14.372,0.000000
375.982117,-34.506,-146.230392,0.010551,7.465,14.287,14.334,0.000000
377.283447,-34.607,-170.913116,0.010675,7.464,14.249,14.295,0.000000
378.589447,-33.683,163.165115,0.009598,7.464,14.211,14.257,0.000000
379.899994,-32.123,140.909424,0.008020,7.464,14.172,14.219,0.000000
381.215057,-30.055,126.567734,0.006321,7.463,14.134,14.180,0.000000
382.534668,-28.170,114.001945,0.005088,7.463,14.095,14.141,0.000000
383.858673,-26.451,104.247513,0.004174,7.462,14.057,14.103,0.000000
385.187622,-24.942,96.397118,0.003508,7.462,14.018,14.064,0.000000
386.520813,-23.515,87.054672,0.002976,7.462,13.979,14.025,0.000000
387.859009,-22.401,78.449409,0.002618,7.461,13.940,13.985,0.000000
389.201416,-21.477,69.844444,0.002353,7.461,13.901,13.946,0.000000
390.548889,-20.795,62.025124,0.002175,7.460,13.861,13.906,0.000000
391.900635,-20.251,53.943527,0.002043,7.460,13.822,13.867,0.000000
393.257416,-19.879,46.351307,0.001957,7.460,13.782,13.827,0.000000
394.618530,-19.624,38.624683,0.001900,7.459,13.742,13.787,0.000000
395.984558,-19.501,31.289520,0.001873,7.459,13.702,13.747,0.000000
397.355316,-19.451,24.882486,0.001862,7.458,13.662,13.707,0.000000
398.730804,-19.485,18.664282,0.001870,7.458,13.622,13.667,0.000000
400.111053,-19.569,12.297714,0.001888,7.458,13.582,13.626,0.000000
401.495880,-19.705,5.577226,0.001918,7.457,13.541,13.585,0.000000
402.885895,-19.969,-0.868641,0.001977,7.457,13.501,13.545,0.000000
404.280365,-20.270,-7.528522,0.002046,7.456,13.460,13.504,0.000000
405.679993,-20.680,-13.816790,0.002145,7.456,13.419,13.463,0.000000
407.084106,-21.239,-20.178413,0.002287,7.456,13.378,13.422,0.000000
408.493500,-21.925,-25.671949,0.002475,7.455,13.337,13.380,0.000000
409.907349,-22.901,-29.237932,0.002768,7.455,13.296,13.339,0.000000
411.326477,-23.900,-30.311998,0.003105,7.454,13.254,13.297,0.000000
412.750122,-25.034,-31.350922,0.003538,7.454,13.213,13.255,0.000000
414.178925,-26.206,-29.825520,0.004048,7.453,13.171,13.214,0.000000
415.612640,-27.232,-27.108652,0.004555,7.453,13.129,13.172,0.000000
417.051331,-28.187,-23.611023,0.005083,7.453,13.087,13.129,0.000000
418.494995,-28.945,-21.547890,0.005546,7.452,13.045,13.087,0.000000
419.943481,-29.407,-20.660269,0.005848,7.452,13.003,13.045,0.000000
421.397369,-29.745,-20.767689,0.006079,7.451,12.960,13.002,0.000000
422.855865,-30.052,-23.569796,0.006296,7.451,12.918,12.959,0.000000
424.319855,-30.807,-27.788555,0.006867,7.450,12.875,12.916,0.000000
425.788666,-31.459,-29.423094,0.007401,7.450,12.832,12.873,0.000000
427.262604,-32.347,-27.901058,0.008196,7.450,12.789,12.830,0.000000
428.741394,-33.410,-20.459846,0.009262,7.449,12.746,12.787,0.000000
430.225739,-34.128,-7.379904,0.010059,7.449,12.702,12.743,0.000000
431.714813,-34.693,12.929915,0.010732,7.448,12.659,12.699,0.000000
433.209259,-34.935,34.332344,0.011034,7.448,12.615,12.656,0.000000
434.708862,-34.641,50.946819,0.010665,7.447,12.571,12.612,0.000000
436.213654,-33.854,61.112106,0.009739,7.447,12.527,12.567,0.000000
437.723663,-32.694,63.776611,0.008520,7.446,12.483,12.523,0.000000
439.238892,-31.367,62.786945,0.007312,7.446,12.439,12.479,0.000000
440.759369,-30.377,59.177010,0.006523,7.446,12.395,12.434,0.000000
442.285095,-29.798,55.329632,0.006101,7.445,12.350,12.389,0.000000
443.816132,-29.308,52.249516,0.005766,7.445,12.305,12.345,0.000000
445.352448,-29.028,50.082069,0.005582,7.444,12.260,12.300,0.000000
446.894073,-28.863,48.619583,0.005476,7.444,12.215,12.254,0.000000
448.440857,-28.643,46.996304,0.005338,7.443,12.170,12.209,0.000000
449.993408,-28.350,46.471485,0.005160,7.443,12.125,12.163,0.000000
451.550873,-27.977,45.449257,0.004942,7.442,12.079,12.118,0.000000
453.114197,-27.480,44.433491,0.004667,7.442,12.034,12.072,0.000000
454.682495,-26.995,43.365982,0.004412,7.441,11.988,12.026,0.000000
456.256409,-26.592,41.458309,0.004212,7.441,11.942,11.980,0.000000
457.835815,-26.282,39.719856,0.004063,7.440,11.896,11.934,0.000000
459.420654,-25.999,36.246864,0.003932,7.440,11.850,11.887,0.000000
461.010986,-25.797,32.318653,0.003841,7.440,11.803,11.840,0.000000
462.606842,-25.885,27.440380,0.003880,7.439,11.757,11.794,0.000000
464.208221,-26.124,22.584433,0.003987,7.439,11.710,11.747,0.000000
465.815125,-26.671,17.866838,0.004246,7.438,11.663,11.700,0.000000
467.427582,-27.621,14.045774,0.004735,7.438,11.616,11.652,0.000000
469.045410,-28.734,15.828296,0.005382,7.437,11.568,11.605,0.000000
470.669312,-29.851,21.547869,0.006120,7.437,11.521,11.557,0.000000
472.298340,-30.756,28.893715,0.006790,7.436,11.473,11.509,0.000000
473.933502,-31.419,38.559639,0.007328,7.436,11.426,11.462,0.000000
475.573853,-31.494,50.442062,0.007391,7.435,11.378,11.413,0.000000
477.220093,-30.918,61.943920,0.006917,7.435,11.330,11.365,0.000000
478.872040,-29.842,72.529305,0.006111,7.434,11.281,11.317,0.000000
480.529724,-28.217,80.223457,0.005069,7.434,11.233,11.268,0.000000
482.193146,-26.525,84.239365,0.004172,7.433,11.184,11.219,0.000000
483.862305,-25.093,82.698944,0.003537,7.433,11.136,11.170,0.000000
485.537262,-23.829,78.914955,0.003058,7.432,11.087,11.121,0.000000
487.217987,-22.857,73.946556,0.002734,7.432,11.038,11.072,0.000000
488.904541,-22.133,68.803802,0.002515,7.431,10.988,11.023,0.000000
490.596710,-21.560,63.050777,0.002354,7.431,10.939,10.973,0.000000
492.295197,-21.133,57.109715,0.002241,7.430,10.889,10.923,0.000000
493.999115,-20.816,52.473137,0.002160,7.430,10.840,10.873,0.000000
495.709381,-20.591,48.464745,0.002104,7.429,10.790,10.823,0.000000
497.425110,-20.317,45.347797,0.002039,7.429,10.740,10.773,0.000000
499.147003,-20.036,42.172775,0.001974,7.428,10.689,10.722,0.000000
500.874847,-19.690,39.076775,0.001897,7.428,10.648,10.681,0.000000
502.608917,-19.367,34.996475,0.001828,7.428,10.617,10.650,0.000000
504.348541,-19.114,30.594505,0.001775,7.427,10.586,10.619,0.000000
506.094391,-18.899,25.383200,0.001732,7.427,10.554,10.587,0.000000
507.846283,-18.800,19.684465,0.001712,7.427,10.522,10.556,0.000000
509.604279,-18.860,13.405091,0.001724,7.427,10.491,10.524,0.000000
511.368317,-19.069,7.176014,0.001766,7.426,10.459,10.492,0.000000
513.138489,-19.417,1.297419,0.001838,7.426,10.427,10.460,0.000000
514.914795,-19.956,-3.910664,0.001956,7.426,10.394,10.428,0.000000
516.696960,-20.680,-8.482802,0.002126,7.426,10.362,10.396,0.000000
518.485840,-21.581,-11.629795,0.002358,7.425,10.330,10.363,0.000000
520.280334,-22.561,-11.598396,0.002640,7.425,10.297,10.331,0.000000
522.081360,-23.504,-9.379044,0.002943,7.425,10.265,10.298,0.000000
523.888611,-24.302,-6.117881,0.003227,7.425,10.232,10.266,0.000000
525.702393,-24.698,-2.668820,0.003378,7.424,10.199,10.233,0.000000
527.521912,-24.939,0.439340,0.003474,7.424,10.166,10.200,0.000000
529.348206,-24.992,3.561996,0.003496,7.424,10.133,10.167,0.000000
531.180359,-24.839,6.659038,0.003435,7.424,10.100,10.134,0.000000
533.019104,-24.501,9.146051,0.003304,7.423,10.067,10.101,0.000000
534.864258,-24.087,10.042743,0.003151,7.423,10.033,10.067,0.000000
536.715698,-23.790,8.319977,0.003044,7.423,10.000,10.034,0.000000
538.573608,-23.566,5.712180,0.002967,7.423,9.966,10.000,0.000000
540.437683,-23.648,3.046343,0.002995,7.422,9.933,9.967,0.000000
542.308777,-23.834,0.797003,0.003060,7.422,9.899,9.933,0.000000
544.185730,-24.121,-1.307397,0.003163,7.422,9.865,9.899,0.000000
546.069763,-24.562,-2.183642,0.003328,7.422,9.831,9.865,0.000000
547.959778,-25.110,-1.927901,0.003546,7.421,9.796,9.831,0.000000
549.856873,-25.744,0.901415,0.003815,7.421,9.762,9.797,0.000000
551.760010,-26.095,5.684811,0.003973,7.421,9.728,9.762,0.000000
553.670288,-26.142,10.997203,0.003995,7.420,9.693,9.728,0.000000
555.586609,-25.886,16.751074,0.003879,7.420,9.658,9.693,0.000000
557.509827,-25.222,22.097134,0.003594,7.420,9.624,9.658,0.000000
559.439697,-24.447,26.492002,0.003288,7.420,9.589,9.624,0.000000
561.376282,-23.528,29.686567,0.002959,7.419,9.554,9.589,0.000000
563.319519,-22.554,31.276398,0.002645,7.419,9.519,9.553,0.000000
565.269287,-21.589,30.705593,0.002368,7.419,9.483,9.518,0.000000
567.226318,-20.778,27.867496,0.002157,7.419,9.448,9.483,0.000000
569.189514,-20.112,24.155308,0.001998,7.418,9.412,9.447,0.000000
571.160156,-19.562,19.391371,0.001876,7.418,9.377,9.412,0.000000
573.136963,-19.185,14.643203,0.001796,7.418,9.341,9.376,0.000000
575.121216,-18.957,9.934505,0.001749,7.417,9.305,9.340,0.000000
577.111816,-18.883,4.902812,0.001735,7.417,9.269,9.304,0.000000
579.109863,-18.975,0.399097,0.001753,7.417,9.233,9.268,0.000000
581.114197,-19.195,-3.477004,0.001798,7.417,9.197,9.232,0.000000
583.125793,-19.534,-6.029040,0.001870,7.416,9.160,9.196,0.000000
585.144348,-19.883,-6.988314,0.001946,7.416,9.124,9.159,0.000000
587.169922,-20.194,-6.736084,0.002018,7.416,9.087,9.123,0.000000
589.202454,-20.373,-5.782890,0.002060,7.416,9.050,9.086,0.000000
591.241760,-20.460,-4.602911,0.002081,7.415,9.013,9.049,0.000000
593.288696,-20.372,-3.008523,0.002061,7.415,8.976,9.012,0.000000
595.342468,-20.120,-1.287328,0.002002,7.415,8.939,8.975,0.000000
597.403320,-19.702,0.726475,0.001908,7.414,8.902,8.938,0.000000
599.471008,-19.120,2.113292,0.001784,7.414,8.864,8.900,0.000000
601.546448,-18.433,2.294853,0.001648,7.414,8.827,8.863,0.000000
603.628479,-17.728,0.767377,0.001520,7.414,8.789,8.825,0.000000
605.718262,-17.045,-1.909441,0.001404,7.413,8.751,8.788,0.000000
607.814758,-16.453,-5.196369,0.001312,7.413,8.713,8.750,0.000000
609.918762,-15.935,-9.083926,0.001235,7.413,8.675,8.712,0.000000
612.030090,-15.544,-13.612340,0.001181,7.412,8.637,8.673,0.000000
614.148682,-15.281,-18.536104,0.001146,7.412,8.599,8.635,0.000000
616.274658,-15.100,-23.917040,0.001122,7.412,8.560,8.597,0.000000
618.407654,-15.031,-29.712189,0.001113,7.411,8.522,8.558,0.000000
620.548645,-15.117,-35.601185,0.001124,7.411,8.483,8.520,0.000000
622.696716,-15.346,-41.069069,0.001154,7.411,8.444,8.481,0.000000
624.852295,-15.759,-45.671597,0.001211,7.411,8.405,8.442,0.000000
627.015259,-16.244,-49.007332,0.001280,7.410,8.366,8.403,0.000000
629.185730,-16.738,-51.349556,0.001355,7.410,8.327,8.364,0.000000
631.363464,-17.160,-52.958809,0.001422,7.410,8.287,8.324,0.000000
633.549316,-17.547,-54.209587,0.001486,7.409,8.248,8.285,0.000000
635.742126,-17.966,-55.083447,0.001559,7.409,8.208,8.245,0.000000
637.942810,-18.376,-55.215954,0.001635,7.409,8.168,8.205,0.000000
640.151123,-18.693,-54.204769,0.001695,7.408,8.128,8.166,0.000000
642.367065,-18.871,-52.225967,0.001730,7.408,8.088,8.125,0.000000
644.590698,-18.806,-50.406189,0.001717,7.408,8.048,8.085,0.000000
646.822327,-18.560,-49.165524,0.001668,7.407,8.008,8.045,0.000000
649.061096,-18.173,-48.709232,0.001595,7.407,7.967,8.005,0.000000
651.307861,-17.715,-48.835308,0.001513,7.407,7.926,7.964,0.000000
653.562439,-17.153,-49.693974,0.001418,7.407,7.886,7.923,0.000000
655.824829,-16.572,-51.625999,0.001326,7.406,7.845,7.882,0.000000
658.095032,-15.991,-55.069382,0.001240,7.406,7.804,7.841,0.000000
660.372803,-15.540,-60.397083,0.001177,7.406,7.762,7.800,0.000000
662.659058,-15.262,-67.324020,0.001140,7.405,7.721,7.759,0.000000
664.952637,-15.204,-74.284935,0.001132,7.405,7.680,7.717,0.000000
667.254761,-15.330,-81.446320,0.001149,7.405,7.638,7.676,0.000000
669.564209,-15.596,-88.226379,0.001184,7.404,7.596,7.634,0.000000
671.882019,-16.049,-94.799652,0.001247,7.404,7.554,7.592,0.000000
674.207764,-16.624,-100.527206,0.001332,7.404,7.512,7.550,0.000000
676.541992,-17.340,-105.642532,0.001447,7.403,7.470,7.508,0.000000
678.883545,-18.160,-109.557114,0.001589,7.403,7.427,7.466,0.000000
681.233582,-19.046,-112.640739,0.001760,7.403,7.385,7.423,0.000000
683.591797,-19.904,-114.540947,0.001942,7.402,7.342,7.381,0.000000
685.958130,-20.707,-115.693459,0.002130,7.402,7.299,7.338,0.000000
688.332642,-21.428,-116.738785,0.002314,7.402,7.256,7.295,0.000000
690.715027,-22.106,-117.974564,0.002502,7.401,7.213,7.252,0.000000
693.106384,-22.822,-120.033974,0.002717,7.401,7.170,7.209,0.000000
695.505310,-23.641,-122.303001,0.002986,7.401,7.127,7.166,0.000000
697.913208,-24.643,-123.973686,0.003351,7.400,7.083,7.122,0.000000
700.328796,-25.621,-121.275230,0.003750,7.400,7.039,7.078,0.000000
702.753052,-26.549,-117.128662,0.004173,7.400,6.996,7.035,0.000000
705.185730,-27.432,-112.831131,0.004620,7.399,6.952,6.991,0.000000
707.627136,-28.070,-107.698555,0.004972,7.399,6.907,6.947,0.000000
710.076355,-28.626,-102.121063,0.005301,7.399,6.863,6.902,0.000000
712.534363,-29.045,-96.394341,0.005563,7.398,6.819,6.858,0.000000
715.000854,-28.977,-91.406952,0.005519,7.398,6.774,6.813,0.000000
717.475891,-28.672,-87.622772,0.005329,7.398,6.729,6.769,0.000000
719.959534,-28.350,-86.868309,0.005135,7.397,6.684,6.724,0.000000
722.451416,-28.192,-88.053734,0.005044,7.397,6.639,6.679,0.000000
724.952637,-28.208,-89.322922,0.005054,7.397,6.594,6.634,0.000000
727.461792,-28.467,-90.703842,0.005208,7.396,6.548,6.588,0.000000
729.980347,-28.839,-91.788063,0.005436,7.396,6.503,6.543,0.000000
732.506897,-29.246,-92.395126,0.005699,7.396,6.457,6.497,0.000000
735.042908,-29.795,-93.909332,0.006071,7.395,6.411,6.451,0.000000
737.586975,-30.759,-96.477066,0.006785,7.395,6.365,6.405,0.000000
740.140564,-31.717,-96.620583,0.007577,7.394,6.319,6.359,0.000000
742.702332,-32.166,-87.448700,0.007981,7.394,6.273,6.313,0.000000
745.273254,-31.868,-75.877106,0.007713,7.394,6.226,6.267,0.000000
747.853088,-31.257,-63.172131,0.007191,7.393,6.179,6.220,0.000000
750.441895,-30.451,-53.117180,0.006555,7.393,6.133,6.173,0.000000
753.039612,-29.761,-45.653770,0.006055,7.393,6.086,6.126,0.000000
755.646362,-29.087,-38.220234,0.005604,7.392,6.038,6.079,0.000000
758.262146,-28.139,-31.794363,0.005025,7.392,5.991,6.032,0.000000
760.886597,-27.001,-30.983736,0.004409,7.392,5.944,5.985,0.000000
763.520813,-26.109,-39.429680,0.003979,7.391,5.896,5.937,0.000000
766.163818,-25.687,-47.772297,0.003791,7.391,5.848,5.889,0.000000
768.816040,-25.549,-54.455051,0.003732,7.391,5.800,5.841,0.000000
771.476990,-25.614,-59.104359,0.003761,7.390,5.752,5.793,0.000000
774.147888,-25.616,-63.004139,0.003762,7.390,5.704,5.745,0.000000
776.827332,-25.751,-66.932198,0.003822,7.389,5.655,5.697,0.000000
779.516785,-26.017,-70.098282,0.003942,7.389,5.607,5.648,0.000000
782.214844,-26.252,-71.648056,0.004050,7.389,5.558,5.599,0.000000
784.922546,-26.251,-72.261673,0.004050,7.388,5.509,5.550,0.000000
787.639648,-26.102,-72.880775,0.003982,7.388,5.460,5.501,0.000000
790.366150,-25.775,-74.702469,0.003836,7.388,5.410,5.452,0.000000
793.102112,-25.363,-77.204773,0.003660,7.387,5.361,5.403,0.000000
795.847107,-24.961,-81.494408,0.003496,7.387,5.311,5.353,0.000000
798.602417,-24.638,-86.091751,0.003369,7.386,5.261,5.303,0.000000
801.366882,-24.356,-92.238449,0.003263,7.386,5.211,5.253,0.000000
804.140930,-24.258,-100.620987,0.003227,7.386,5.161,5.203,0.000000
806.924133,-24.433,-109.564041,0.003294,7.385,5.111,5.153,0.000000
809.717773,-24.763,-118.571747,0.003422,7.385,5.060,5.102,0.000000
812.520325,-25.269,-128.271835,0.003628,7.384,5.009,5.052,0.000000
815.333374,-26.011,-139.250412,0.003952,7.384,4.958,5.001,0.000000
818.155334,-27.084,-150.506287,0.004472,7.384,4.907,4.950,0.000000
820.987488,-28.514,-159.861572,0.005274,7.383,4.856,4.899,0.000000
823.829407,-30.083,-160.269592,0.006319,7.383,4.805,4.847,0.000000
826.681213,-31.353,-161.462173,0.007315,7.382,4.753,4.796,0.000000
829.542847,-32.204,-165.916534,0.008069,7.382,4.701,4.744,0.000000
832.414429,-32.959,-174.318192,0.008804,7.382,4.649,4.692,0.000000
835.295898,-33.471,176.304459,0.009340,7.381,4.597,4.640,0.000000
838.187378,-33.546,166.438873,0.009423,7.381,4.545,4.588,0.000000
841.088867,-33.152,154.712143,0.009006,7.380,4.492,4.536,0.000000
844.000000,-32.007,141.910492,0.007895,7.380,4.440,4.483,0.000000
846.921997,-30.427,124.708878,0.006583,7.380,4.387,4.430,0.000000
849.853333,-29.133,103.873230,0.005673,7.379,4.334,4.377,0.000000
852.795593,-28.098,81.370644,0.005037,7.379,4.281,4.324,0.000000
855.747253,-27.453,59.149437,0.004677,7.378,4.227,4.271,0.000000
858.709534,-27.148,38.343075,0.004516,7.378,4.174,4.217,0.000000
861.682068,-26.968,20.449083,0.004424,7.378,4.120,4.164,0.000000
864.664856,-26.674,6.166585,0.004278,7.377,4.066,4.110,0.000000
867.657959,-26.532,-7.367187,0.004209,7.377,4.012,4.056,0.000000
870.661499,-26.555,-20.188334,0.004220,7.376,3.957,4.002,0.000000
873.675354,-26.914,-32.645618,0.004398,7.376,3.903,3.947,0.000000
876.699707,-27.467,-45.540100,0.004687,7.375,3.848,3.892,0.000000
879.734497,-28.280,-58.548225,0.005147,7.375,3.793,3.838,0.000000
882.779419,-29.181,-70.980453,0.005709,7.375,3.738,3.783,0.000000
885.835632,-29.988,-82.073685,0.006265,7.374,3.683,3.727,0.000000
888.901672,-30.566,-90.223373,0.006697,7.374,3.627,3.672,0.000000
891.979126,-30.879,-89.941017,0.006942,7.373,3.572,3.616,0.000000
895.066406,-31.045,-40.835556,0.007076,7.373,3.516,3.561,0.000000
898.164734,-31.099,37.497375,0.007120,7.372,3.460,3.505,0.000000
901.273865,-30.698,40.609016,0.006799,7.372,3.403,3.449,0.000000
904.393738,-29.834,32.496754,0.006155,7.372,3.347,3.392,0.000000
907.524414,-29.023,21.545610,0.005607,7.371,3.290,3.336,0.000000
910.665894,-28.538,9.447919,0.005302,7.371,3.233,3.279,0.000000
913.818298,-27.957,0.091991,0.004959,7.370,3.176,3.222,0.000000
916.981567,-27.352,-9.059729,0.004625,7.370,3.119,3.165,0.000000
920.155823,-26.963,-17.731186,0.004423,7.369,3.062,3.107,0.000000
923.341003,-26.813,-27.394548,0.004347,7.369,3.004,3.050,0.000000
926.537292,-27.054,-38.357574,0.004469,7.369,2.946,2.992,0.000000
929.744141,-27.973,-47.764034,0.004967,7.368,2.888,2.934,0.000000
932.963013,-28.868,-47.411285,0.005505,7.368,2.830,2.876,0.000000
936.192139,-29.255,-47.555073,0.005755,7.367,2.772,2.818,0.000000
939.432861,-29.844,-46.118389,0.006158,7.367,2.713,2.759,0.000000
942.684814,-30.680,-41.050850,0.006779,7.366,2.654,2.700,0.000000
945.948486,-31.263,-32.814514,0.007248,7.366,2.595,2.642,0.000000
949.222534,-31.101,-23.221510,0.007113,7.365,2.536,2.582,0.000000
952.508850,-30.187,-16.155970,0.006403,7.365,2.476,2.523,0.000000
955.805603,-28.813,-13.432975,0.005466,7.364,2.417,2.463,0.000000
959.114258,-27.752,-18.526031,0.004838,7.364,2.357,2.404,0.000000
962.434326,-27.409,-26.946535,0.004650,7.364,2.297,2.344,0.000000
965.765930,-27.361,-37.174591,0.004625,7.363,2.236,2.284,0.000000
969.109009,-27.480,-52.222656,0.004688,7.363,2.176,2.223,0.000000
972.463257,-27.970,-68.493919,0.004961,7.362,2.115,2.163,0.000000
975.830017,-28.911,-84.608421,0.005528,7.362,2.054,2.102,0.000000
979.207458,-29.943,-98.030449,0.006226,7.361,1.993,2.041,0.000000
982.597595,-30.616,-111.563026,0.006727,7.361,1.932,1.979,0.000000
985.998474,-30.526,-125.102531,0.006658,7.360,1.870,1.918,0.000000
989.412109,-29.709,55.469009,0.006060,7.360,1.809,1.856,0.000000
992.836609,-28.428,48.942329,0.005229,7.359,1.747,1.795,0.000000
996.273926,-26.919,47.232025,0.004395,7.359,1.684,1.732,0.000000
999.722168,-25.385,40.561890,0.003684,7.358,1.622,1.670,0.000000
1003.182800,-24.017,27.544903,0.003147,7.358,1.590,1.638,0.000000
1006.655457,-23.071,10.921439,0.002822,7.358,1.560,1.609,0.000000
1010.140076,-22.636,-5.413452,0.002684,7.358,1.530,1.579,0.000000
1013.636780,-22.725,-20.596540,0.002712,7.358,1.500,1.550,0.000000
1017.145142,-23.201,-33.093285,0.002865,7.358,1.470,1.520,0.000000
1020.666565,-23.683,-41.171558,0.003028,7.358,1.439,1.490,0.000000
1024.199219,-24.334,-47.811562,0.003264,7.358,1.409,1.460,0.000000
1027.745117,-25.287,-52.532021,0.003642,7.358,1.379,1.430,0.000000
1031.302246,-26.421,-54.855438,0.004150,7.358,1.348,1.400,0.000000
1034.872803,-27.460,-55.254642,0.004678,7.358,1.317,1.370,0.000000
1038.454590,-28.151,-54.831188,0.005065,7.358,1.286,1.339,0.000000
1042.049805,-28.583,-54.347214,0.005324,7.358,1.256,1.309,0.000000
1045.656494,-28.581,-54.759945,0.005324,7.358,1.225,1.278,0.000000
1049.276123,-28.728,-58.480839,0.005416,7.358,1.193,1.247,0.000000
1052.908325,-29.282,-60.869503,0.005773,7.358,1.162,1.217,0.000000
1056.553101,-29.488,-58.841629,0.005913,7.358,1.131,1.186,0.000000
1060.210571,-29.411,-58.803108,0.005861,7.358,1.100,1.155,0.000000
1063.880005,-29.117,-61.237083,0.005667,7.358,1.068,1.124,0.000000
1067.563354,-28.884,-66.935631,0.005518,7.358,1.036,1.093,0.000000
1071.258301,-29.013,-75.648933,0.005602,7.358,1.005,1.061,0.000000
1074.967041,-29.591,-84.064896,0.005988,7.358,0.973,1.030,0.000000
1078.688232,-30.190,-77.079430,0.006417,7.358,0.941,0.998,0.000000
1082.422241,-30.354,-56.054409,0.006541,7.358,0.909,0.967,0.000000
1086.168579,-30.620,-49.002594,0.006745,7.358,0.876,0.935,0.000000
1089.929077,-31.232,-38.208488,0.007238,7.358,0.844,0.903,0.000000
1093.701416,-32.326,-20.451191,0.008212,7.358,0.812,0.871,0.000000
1097.487427,-33.848,-0.449174,0.009786,7.358,0.779,0.839,0.000000
1101.286499,-35.117,5.372577,0.011327,7.358,0.747,0.807,0.000000
1105.098755,-35.210,-0.385012,0.011451,7.358,0.714,0.774,0.000000
1108.924194,-34.468,-13.490026,0.010515,7.358,0.681,0.742,0.000000
1112.762817,-33.770,-26.840771,0.009705,7.358,0.648,0.709,0.000000
1116.614746,-33.205,-38.625992,0.009097,7.358,0.615,0.677,0.000000
1120.480103,-32.399,-50.306839,0.008294,7.358,0.582,0.644,0.000000
1124.358765,-31.124,-60.389290,0.007164,7.358,0.548,0.611,0.000000
1128.250854,-29.669,-62.850834,0.006061,7.358,0.515,0.578,0.000000
1132.156372,-28.730,76.616241,0.005441,7.358,0.481,0.545,0.000000
1136.075562,-28.011,93.933609,0.005011,7.358,0.448,0.512,0.000000
1140.007568,-27.107,88.107109,0.004517,7.358,0.414,0.479,0.000000
1143.953857,-26.071,76.424171,0.004010,7.358,0.380,0.445,0.000000
1147.913818,-24.945,60.873535,0.003523,7.357,0.346,0.412,0.000000
1151.887451,-23.924,44.723335,0.003133,7.357,0.312,0.378,0.000000
1155.874878,-23.332,28.804081,0.002927,7.357,0.277,0.344,0.000000
1159.876099,-23.309,13.815448,0.002920,7.357,0.243,0.310,0.000000
1163.891113,-23.614,1.334926,0.003025,7.357,0.209,0.276,0.000000
1167.920044,-24.025,-4.262840,0.003172,7.357,0.174,0.242,0.000000
1171.962891,-24.186,-7.605546,0.003232,7.357,0.139,0.208,0.000000
1176.019775,-24.122,-11.823898,0.003210,7.357,0.104,0.173,0.000000
1180.090698,-24.088,-16.974117,0.003198,7.357,0.069,0.139,0.000000
1184.175781,-24.234,-22.583570,0.003254,7.357,0.034,0.104,0.000000
1188.274902,-24.680,-27.267992,0.003426,7.357,-0.001,0.069,0.000000
1192.388306,-25.087,-29.013048,0.003592,7.357,-0.036,0.035,0.000000
1196.515259,-25.168,-29.146147,0.003627,7.357,-0.072,-0.000,0.000000
1200.657227,-24.852,-32.097584,0.003499,7.357,-0.107,-0.035,0.000000
1204.813965,-24.842,-39.394531,0.003496,7.357,-0.143,-0.071,0.000000
1208.984009,-25.270,-44.486820,0.003673,7.357,-0.179,-0.106,0.000000
1213.169067,-25.857,-47.437988,0.003932,7.357,-0.215,-0.141,0.000000
1217.368530,-26.378,-49.969227,0.004176,7.357,-0.251,-0.177,0.000000
1221.582642,-26.821,-51.831978,0.004396,7.357,-0.287,-0.213,0.000000
1225.811279,-26.953,-53.588287,0.004464,7.357,-0.324,-0.249,0.000000
1230.054565,-26.884,-56.757790,0.004430,7.357,-0.360,-0.285,0.000000
1234.311890,-26.896,-61.744190,0.004437,7.357,-0.397,-0.321,0.000000
1238.585205,-26.965,-68.527199,0.004473,7.357,-0.433,-0.357,0.000000
1242.872803,-27.147,-78.303307,0.004568,7.357,-0.470,-0.393,0.000000
1247.175049,-27.765,-91.415947,0.004906,7.357,-0.507,-0.430,0.000000
1251.492310,-28.834,-100.810883,0.005549,7.357,-0.544,-0.466,0.000000
1255.823975,-29.794,-102.190125,0.006199,7.357,-0.582,-0.503,0.000000
1260.171753,-30.375,-94.030594,0.006629,7.357,-0.619,-0.540,0.000000
1264.533325,-30.765,-61.169792,0.006935,7.357,-0.656,-0.577,0.000000
1268.911255,-30.947,-9.073009,0.007083,7.357,-0.694,-0.614,0.000000
1273.303101,-30.813,7.046053,0.006975,7.357,-0.732,-0.651,0.000000
1277.710815,-30.494,6.349511,0.006725,7.357,-0.770,-0.688,0.000000
1282.133789,-30.259,-0.514567,0.006546,7.357,-0.808,-0.726,0.000000
1286.572021,-29.731,-12.915009,0.006162,7.357,-0.846,-0.764,0.000000
1291.025024,-29.266,-27.411371,0.005841,7.357,-0.884,-0.801,0.000000
1295.494751,-29.450,-39.272041,0.005968,7.357,-0.922,-0.839,0.000000
1299.979248,-29.823,-45.344444,0.006231,7.357,-0.961,-0.877,0.000000
1304.479248,-30.119,-51.433277,0.006448,7.357,-1.000,-0.915,0.000000
1308.994873,-30.718,-57.642376,0.006909,7.357,-1.038,-0.954,0.000000
1313.525513,-31.598,-61.662663,0.007647,7.357,-1.077,-0.992,0.000000
1318.072998,-32.134,-66.021530,0.008135,7.357,-1.116,-1.031,0.000000
1322.635010,-32.594,-73.877037,0.008579,7.356,-1.156,-1.069,0.000000
1327.214111,-33.167,-83.086884,0.009166,7.356,-1.195,-1.108,0.000000
1331.807739,-32.735,-90.079857,0.008722,7.356,-1.235,-1.147,0.000000
1336.417969,-32.520,-95.545197,0.008510,7.356,-1.274,-1.186,0.000000
1341.044189,-32.688,-109.861214,0.008678,7.356,-1.314,-1.225,0.000000
1345.686401,-32.662,-165.260941,0.008652,7.356,-1.354,-1.265,0.000000
1350.344604,-32.337,92.735420,0.008335,7.356,-1.394,-1.304,0.000000
1355.018921,-31.708,79.002449,0.007752,7.356,-1.434,-1.344,0.000000
1359.709595,-30.758,64.893066,0.006949,7.356,-1.474,-1.383,0.000000
1364.416382,-29.762,51.040623,0.006196,7.356,-1.515,-1.423,0.000000
1369.139404,-29.175,34.338638,0.005791,7.356,-1.555,-1.463,0.000000
1373.878174,-29.321,17.257576,0.005890,7.356,-1.596,-1.503,0.000000
1378.634644,-29.502,8.736440,0.006013,7.356,-1.637,-1.544,0.000000
1383.406372,-29.437,1.221110,0.005969,7.356,-1.678,-1.584,0.000000
1388.195801,-29.445,-5.429667,0.005974,7.356,-1.719,-1.625,0.000000
1393.000610,-29.344,-9.803576,0.005905,7.356,-1.760,-1.666,0.000000
1397.822632,-28.996,-16.020800,0.005673,7.356,-1.802,-1.706,0.000000
1402.661377,-28.840,-23.896336,0.005572,7.356,-1.843,-1.747,0.000000
1407.516846,-29.128,-30.673677,0.005760,7.356,-1.885,-1.789,0.000000
1412.389771,-29.327,-35.152760,0.005894,7.356,-1.927,-1.830,0.000000
1417.278198,-29.029,-43.679462,0.005695,7.356,-1.969,-1.871,0.000000
1422.184326,-29.014,-61.277905,0.005685,7.356,-2.011,-1.913,0.000000
1427.107300,-29.494,-77.850891,0.006008,7.356,-2.054,-1.955,0.000000
1432.047485,-30.102,-92.605499,0.006444,7.356,-2.096,-1.996,0.000000
1437.004639,-31.209,-110.845345,0.007319,7.356,-2.139,-2.038,0.000000
1441.979004,-32.677,-130.901093,0.008665,7.356,-2.181,-2.081,0.000000
1446.969849,-33.411,-152.042969,0.009428,7.356,-2.224,-2.123,0.000000
1451.979492,-33.332,-176.958527,0.009341,7.356,-2.267,-2.165,0.000000
1457.005005,-32.597,154.729935,0.008582,7.356,-2.310,-2.208,0.000000
1462.048584,-31.910,128.225708,0.007927,7.356,-2.354,-2.251,0.000000
1467.109619,-30.728,103.879005,0.006918,7.356,-2.397,-2.294,0.000000
1472.188110,-29.475,87.005959,0.005988,7.356,-2.441,-2.337,0.000000
1477.285034,-28.933,70.230972,0.005626,7.356,-2.485,-2.380,0.000000
1482.398071,-28.829,54.674358,0.005559,7.356,-2.529,-2.423,0.000000
1487.529541,-28.683,44.150486,0.005466,7.356,-2.573,-2.467,0.000000
1492.678833,-28.349,35.146423,0.005260,7.356,-2.617,-2.510,0.000000
1497.845947,-27.660,25.386984,0.004859,7.356,-2.661,-2.554,0.000000
1503.030884,-27.188,13.746566,0.004602,7.355,-2.706,-2.598,0.000000
1508.233765,-27.266,1.038802,0.004643,7.355,-2.751,-2.642,0.000000
1513.453979,-27.760,-12.180042,0.004914,7.355,-2.796,-2.686,0.000000
1518.693726,-28.322,-24.276426,0.005241,7.355,-2.841,-2.731,0.000000
1523.950195,-28.795,-37.887314,0.005534,7.355,-2.886,-2.775,0.000000
1529.226196,-29.161,-59.846550,0.005770,7.355,-2.931,-2.820,0.000000
1534.519775,-29.394,-84.050247,0.005926,7.355,-2.977,-2.865,0.000000
1539.831055,-29.554,-107.853050,0.006036,7.355,-3.022,-2.910,0.000000
1545.161987,-29.301,-131.753738,0.005862,7.355,-3.068,-2.955,0.000000
1550.510010,-28.307,-157.159454,0.005229,7.355,-3.114,-3.000,0.000000
1555.877319,-27.189,173.284531,0.004597,7.355,-3.160,-3.046,0.000000
1561.263184,-26.070,137.037613,0.004042,7.355,-3.206,-3.092,0.000000
1566.667725,-24.864,108.015488,0.003517,7.355,-3.253,-3.137,0.000000
1572.090820,-23.759,90.060318,0.003097,7.355,-3.299,-3.183,0.000000
1577.532837,-23.201,70.820480,0.002905,7.355,-3.346,-3.229,0.000000
1582.992920,-23.256,50.776394,0.002923,7.355,-3.393,-3.276,0.000000
1588.473389,-23.764,35.786835,0.003099,7.355,-3.440,-3.322,0.000000
1593.971313,-24.662,23.473675,0.003437,7.355,-3.488,-3.369,0.000000
1599.489746,-25.907,18.865414,0.003966,7.355,-3.535,-3.416,0.000000
1605.026611,-26.792,18.201275,0.004392,7.355,-3.583,-3.462,0.000000
1610.581787,-27.419,16.887131,0.004720,7.355,-3.630,-3.510,0.000000
1616.157837,-27.958,15.140305,0.005023,7.355,-3.678,-3.557,0.000000
1621.751587,-28.275,12.409431,0.005209,7.355,-3.726,-3.604,0.000000
1627.366211,-28.408,8.339999,0.005290,7.355,-3.774,-3.652,0.000000
1632.998779,-28.657,3.902423,0.005443,7.355,-3.823,-3.700,0.000000
1638.651611,-28.823,14.026515,0.005548,7.355,-3.871,-3.747,0.000000
1644.323975,-28.501,34.069950,0.005347,7.355,-3.920,-3.795,0.000000
1650.015991,-28.089,46.236454,0.005099,7.355,-3.969,-3.844,0.000000
1655.726929,-27.625,66.572380,0.004834,7.355,-4.018,-3.892,0.000000
1661.459229,-26.862,79.836525,0.004427,7.355,-4.067,-3.941,0.000000
1667.209717,-26.141,87.782776,0.004074,7.355,-4.117,-3.989,0.000000
1672.981812,-25.186,87.471680,0.003650,7.355,-4.167,-4.038,0.000000
1678.772949,-23.836,78.230385,0.003125,7.354,-4.216,-4.087,0.000000
1684.583496,-22.710,62.610249,0.002745,7.354,-4.266,-4.137,0.000000
1690.415649,-21.909,47.400734,0.002503,7.354,-4.316,-4.186,0.000000
1696.266357,-21.529,32.147007,0.002396,7.354,-4.367,-4.236,0.000000
1702.139038,-21.598,17.289957,0.002415,7.354,-4.417,-4.285,0.000000
1708.030396,-22.066,7.767017,0.002549,7.354,-4.468,-4.335,0.000000
1713.942871,-22.594,0.250745,0.002709,7.354,-4.519,-4.385,0.000000
1719.875977,-23.151,-6.178147,0.002888,7.354,-4.570,-4.436,0.000000
1725.829468,-24.053,-14.221116,0.003204,7.354,-4.621,-4.486,0.000000
1731.802856,-25.510,-19.259779,0.003790,7.354,-4.672,-4.537,0.000000
1737.798462,-26.880,-15.438639,0.004438,7.354,-4.724,-4.588,0.000000
1743.814087,-28.032,-11.466787,0.005068,7.354,-4.775,-4.639,0.000000
1749.850464,-29.012,-2.763796,0.005674,7.354,-4.827,-4.690,0.000000
1755.907837,-28.404,7.055620,0.005291,7.354,-4.879,-4.741,0.000000
1761.985229,-27.858,12.371107,0.004970,7.354,-4.931,-4.793,0.000000
1768.085449,-27.180,16.995552,0.004597,7.354,-4.984,-4.844,0.000000
1774.204956,-26.443,20.399202,0.004224,7.354,-5.036,-4.896,0.000000
1780.347412,-25.439,21.807480,0.003764,7.354,-5.089,-4.948,0.000000
1786.509521,-24.790,12.504243,0.003494,7.354,-5.142,-5.000,0.000000
1792.693726,-24.639,8.014044,0.003434,7.354,-5.195,-5.053,0.000000
1798.899292,-24.093,1.675349,0.003225,7.354,-5.249,-5.105,0.000000
1805.126465,-24.173,-10.418122,0.003256,7.354,-5.302,-5.158,0.000000
1811.375122,-24.897,-21.650028,0.003539,7.354,-5.356,-5.211,0.000000
1817.645386,-26.028,-23.587368,0.004032,7.354,-5.410,-5.264,0.000000
1823.937378,-27.193,-22.256729,0.004611,7.354,-5.464,-5.318,0.000000
1830.251099,-28.259,-19.979271,0.005214,7.354,-5.518,-5.371,0.000000
1836.586792,-29.109,-18.422949,0.005752,7.354,-5.572,-5.425,0.000000
1842.943481,-29.822,-14.556492,0.006245,7.354,-5.627,-5.479,0.000000
1849.323853,-30.086,-8.401645,0.006439,7.354,-5.682,-5.533,0.000000
1855.724609,-29.897,-1.193345,0.006301,7.353,-5.737,-5.587,0.000000
1862.149292,-29.068,2.826190,0.005728,7.353,-5.792,-5.642,0.000000
1868.594482,-28.447,-0.903013,0.005334,7.353,-5.848,-5.696,0.000000
1875.062866,-28.686,-7.594607,0.005484,7.353,-5.903,-5.751,0.000000
1881.553589,-28.994,-9.527994,0.005683,7.353,-5.959,-5.806,0.000000
1888.066772,-29.739,-5.597305,0.006193,7.353,-6.015,-5.861,0.000000
1894.603516,-29.111,0.907637,0.005762,7.353,-6.071,-5.917,0.000000
1901.161011,-28.931,-5.348370,0.005646,7.353,-6.127,-5.972,0.000000
1907.742065,-29.468,-7.112072,0.006008,7.353,-6.184,-6.028,0.000000
1914.345947,-30.126,-6.999432,0.006483,7.353,-6.241,-6.084,0.000000
1920.972656,-30.720,-5.006759,0.006944,7.353,-6.298,-6.140,0.000000
1927.622314,-31.052,-3.980112,0.007217,7.353,-6.355,-6.196,0.000000
1934.295044,-31.170,3.480529,0.007319,7.353,-6.412,-6.253,0.000000
1940.989868,-30.465,12.327403,0.006750,7.353,-6.470,-6.310,0.000000
1947.709717,-29.912,13.900702,0.006335,7.353,-6.527,-6.367,0.000000
1954.451050,-29.243,17.998697,0.005866,7.353,-6.585,-6.424,0.000000
1961.216675,-28.653,19.099386,0.005482,7.353,-6.644,-6.481,0.000000
1968.005615,-28.661,25.574127,0.005488,7.353,-6.702,-6.539,0.000000
1974.818115,-27.340,34.248470,0.004715,7.353,-6.760,-6.596,0.000000
1981.655151,-25.689,36.380703,0.003899,7.353,-6.819,-6.654,0.000000
1988.513916,-24.625,28.546953,0.003450,7.353,-6.878,-6.712,0.000000
1995.397339,-24.062,19.799255,0.003234,7.353,-6.937,-6.771,0.000000
2002.304688,-23.512,12.058140,0.003036,7.353,-6.984,-6.817,0.000000
2009.235840,-23.125,4.332571,0.002904,7.353,-7.007,-6.838,0.000000
2016.191040,-22.740,-3.473139,0.002779,7.353,-7.029,-6.859,0.000000
2023.170288,-22.642,-15.513187,0.002748,7.353,-7.052,-6.880,0.000000
2030.172852,-23.425,-21.841650,0.003008,7.353,-7.075,-6.901,0.000000
2037.201416,-24.356,-20.861940,0.003349,7.353,-7.097,-6.922,0.000000
2044.252441,-24.695,-21.880472,0.003484,7.353,-7.120,-6.943,0.000000
2051.329834,-25.224,-28.112976,0.003704,7.353,-7.143,-6.965,0.000000
2058.430908,-26.174,-28.783836,0.004133,7.353,-7.166,-6.986,0.000000
2065.555420,-27.167,-22.002150,0.004635,7.353,-7.189,-7.007,0.000000
2072.706543,-27.608,-14.530468,0.004879,7.353,-7.212,-7.029,0.000000
2079.880371,-27.219,-7.975070,0.004666,7.353,-7.235,-7.051,0.000000
2087.080078,-26.160,-9.707414,0.004131,7.353,-7.259,-7.072,0.000000
2094.304932,-25.745,-20.658867,0.003939,7.353,-7.282,-7.094,0.000000
2101.554443,-25.956,-29.277342,0.004037,7.353,-7.306,-7.116,0.000000
2108.829346,-26.207,-36.045822,0.004156,7.353,-7.329,-7.138,0.000000
2116.129150,-26.363,-41.221973,0.004232,7.353,-7.353,-7.160,0.000000
2123.453369,-26.420,-41.273304,0.004261,7.353,-7.377,-7.182,0.000000
2130.804932,-27.317,-44.807384,0.004726,7.353,-7.400,-7.204,0.000000
2138.180176,-28.248,-50.847790,0.005262,7.352,-7.424,-7.226,0.000000
2145.582520,-29.838,-59.690083,0.006321,7.352,-7.448,-7.249,0.000000
2153.009766,-31.201,-52.142467,0.007398,7.352,-7.472,-7.271,0.000000
2160.461670,-32.001,-28.730598,0.008115,7.352,-7.496,-7.294,0.000000
2167.941406,-32.624,-8.449555,0.008721,7.352,-7.521,-7.316,0.000000
2175.445068,-32.792,0.606117,0.008895,7.352,-7.545,-7.339,0.000000
2182.976562,-32.261,-0.497106,0.008368,7.352,-7.569,-7.361,0.000000
2190.532227,-31.565,0.324709,0.007726,7.352,-7.594,-7.384,0.000000
2198.114990,-31.617,4.668443,0.007773,7.352,-7.618,-7.407,0.000000
2205.723877,-30.947,5.430309,0.007197,7.352,-7.643,-7.430,0.000000
2213.359375,-30.306,-0.593148,0.006686,7.352,-7.668,-7.453,0.000000
2221.020020,-29.794,-9.202736,0.006305,7.352,-7.692,-7.476,0.000000
2228.709473,-29.392,-17.332083,0.006020,7.352,-7.717,-7.499,0.000000
2236.423340,-29.385,-26.709257,0.006017,7.352,-7.742,-7.523,0.000000
2244.166016,-29.630,-39.232765,0.006190,7.352,-7.767,-7.546,0.000000
2251.934570,-30.349,-52.854404,0.006725,7.352,-7.793,-7.569,0.000000
2259.728760,-30.331,-56.165897,0.006712,7.352,-7.818,-7.593,0.000000
2267.552002,-31.096,-51.919994,0.007332,7.352,-7.843,-7.616,0.000000
2275.400391,-30.584,-31.188255,0.006913,7.352,-7.868,-7.640,0.000000
2283.278076,-30.012,-2.041091,0.006474,7.352,-7.894,-7.664,0.000000
2291.180908,-30.015,17.517006,0.006479,7.352,-7.920,-7.688,0.000000
2299.112061,-30.132,22.686123,0.006569,7.352,-7.945,-7.712,0.000000
2307.070557,-29.647,23.962019,0.006214,7.352,-7.971,-7.736,0.000000
2315.056885,-29.750,25.024187,0.006290,7.352,-7.997,-7.760,0.000000
2323.069580,-29.682,23.831259,0.006244,7.352,-8.023,-7.784,0.000000
2331.112305,-29.465,20.195641,0.006092,7.352,-8.049,-7.808,0.000000
2339.181641,-28.856,16.569304,0.005681,7.352,-8.075,-7.832,0.000000
2347.279053,-28.111,10.281726,0.005215,7.352,-8.101,-7.857,0.000000
2355.404297,-28.047,2.243263,0.005177,7.352,-8.127,-7.881,0.000000
2363.556885,-28.220,0.037316,0.005282,7.352,-8.154,-7.906,0.000000
2371.739746,-27.823,-8.791549,0.005047,7.352,-8.180,-7.931,0.000000
2379.948486,-27.645,5.797107,0.004945,7.352,-8.207,-7.955,0.000000
2388.188232,-27.512,5.999165,0.004871,7.352,-8.234,-7.980,0.000000
2396.454102,-27.735,9.404472,0.004998,7.352,-8.260,-8.005,0.000000
2404.749512,-27.438,9.448593,0.004831,7.352,-8.287,-8.030,0.000000
2413.073975,-27.796,8.297837,0.005036,7.352,-8.314,-8.055,0.000000
2421.427002,-28.153,9.081346,0.005248,7.352,-8.341,-8.080,0.000000
2429.809082,-28.232,21.058523,0.005297,7.352,-8.368,-8.106,0.000000
2438.220215,-27.789,27.999338,0.005034,7.352,-8.396,-8.131,0.000000
2446.660400,-27.312,21.898605,0.004767,7.352,-8.423,-8.156,0.000000
2455.129883,-26.663,9.216110,0.004425,7.352,-8.450,-8.182,0.000000
2463.628418,-26.388,-1.945098,0.004288,7.352,-8.478,-8.208,0.000000
2472.155518,-26.368,-13.535924,0.004280,7.352,-8.505,-8.233,0.000000
2480.714355,-26.850,-23.921724,0.004526,7.352,-8.533,-8.259,0.000000
2489.300293,-27.726,-32.273338,0.005008,7.352,-8.561,-8.285,0.000000
2497.918701,-27.673,-30.064091,0.004979,7.352,-8.589,-8.311,0.000000
2506.564209,-27.775,-29.647829,0.005039,7.352,-8.617,-8.337,0.000000
2515.240967,-27.962,-31.538897,0.005150,7.352,-8.645,-8.363,0.000000
2523.947754,-28.323,-30.262268,0.005369,7.352,-8.673,-8.389,0.000000
2532.684814,-27.772,-29.411448,0.005040,7.352,-8.701,-8.416,0.000000
2541.453125,-27.697,-35.193638,0.004997,7.352,-8.730,-8.442,0.000000
2550.249512,-27.843,-39.105457,0.005083,7.352,-8.758,-8.469,0.000000
2559.077393,-27.581,-39.552479,0.004933,7.352,-8.787,-8.495,0.000000
2567.936035,-27.419,-45.384403,0.004843,7.352,-8.816,-8.522,0.000000
2576.825195,-28.079,-56.193340,0.005225,7.352,-8.844,-8.549,0.000000
2585.745117,-28.810,-73.920738,0.005685,7.352,-8.873,-8.576,0.000000
2594.696045,-29.240,-92.594254,0.005975,7.352,-8.902,-8.603,0.000000
2603.676514,-29.670,-103.138168,0.006279,7.352,-8.931,-8.630,0.000000
2612.690918,-29.902,-96.784119,0.006451,7.352,-8.960,-8.657,0.000000
2621.733643,-29.680,-50.871616,0.006289,7.352,-8.990,-8.684,0.000000
2630.809082,-29.201,-39.556507,0.005953,7.352,-9.019,-8.712,0.000000
2639.916016,-29.740,-30.268650,0.006337,7.352,-9.049,-8.739,0.000000
2649.054443,-29.119,-50.716473,0.005902,7.352,-9.078,-8.767,0.000000
2658.225586,-28.511,-42.800171,0.005505,7.352,-9.108,-8.794,0.000000
2667.426025,-28.023,-5.504232,0.005206,7.352,-9.138,-8.822,0.000000
2676.659668,-28.077,-5.946209,0.005240,7.352,-9.168,-8.850,0.000000
2685.925293,-28.062,-5.289219,0.005232,7.352,-9.198,-8.878,0.000000
2695.222900,-28.172,-0.360655,0.005299,7.352,-9.228,-8.906,0.000000
2704.552734,-28.150,6.467570,0.005288,7.352,-9.258,-8.934,0.000000
2713.914795,-27.943,6.309695,0.005164,7.352,-9.288,-8.962,0.000000
2723.308105,-28.230,8.751053,0.005338,7.352,-9.319,-8.990,0.000000
2732.736572,-28.051,-2.263919,0.005230,7.352,-9.349,-9.019,0.000000
2742.194824,-27.551,-11.820596,0.004938,7.352,-9.380,-9.047,0.000000
2751.688477,-26.844,-11.999841,0.004553,7.352,-9.411,-9.076,0.000000
2761.212646,-26.380,-9.492056,0.004317,7.352,-9.441,-9.105,0.000000
2770.770752,-26.279,-3.326461,0.004268,7.352,-9.472,-9.134,0.000000
2780.363525,-26.092,9.054731,0.004178,7.352,-9.503,-9.162,0.000000
2789.986816,-25.772,20.195246,0.004027,7.352,-9.534,-9.191,0.000000
2799.644531,-25.358,19.149998,0.003841,7.352,-9.566,-9.221,0.000000
2809.335938,-25.773,23.203817,0.004029,7.352,-9.597,-9.250,0.000000
2819.060791,-26.805,16.379091,0.004539,7.352,-9.629,-9.279,0.000000
2828.819336,-27.834,4.610215,0.005112,7.352,-9.660,-9.309,0.000000
2838.611572,-29.314,-8.395225,0.006064,7.352,-9.692,-9.338,0.000000
2848.436279,-29.714,-6.601038,0.006351,7.351,-9.724,-9.368,0.000000
2858.297852,-30.304,-8.104749,0.006800,7.351,-9.756,-9.397,0.000000
2868.190918,-31.300,-6.583917,0.007629,7.351,-9.788,-9.427,0.000000
2878.120850,-32.025,1.340037,0.008296,7.351,-9.820,-9.457,0.000000
2888.083740,-31.089,7.406883,0.007451,7.351,-9.852,-9.487,0.000000
2898.079834,-30.435,-0.310326,0.006913,7.351,-9.884,-9.517,0.000000
2908.113281,-30.217,-13.889894,0.006744,7.351,-9.917,-9.548,0.000000
2918.178711,-29.763,-0.871819,0.006403,7.351,-9.950,-9.578,0.000000
2928.281738,-29.082,4.670555,0.005922,7.351,-9.982,-9.608,0.000000
2938.416748,-28.354,3.930313,0.005448,7.351,-10.015,-9.639,0.000000
2948.588379,-27.840,-11.159805,0.005136,7.351,-10.048,-9.670,0.000000
2958.795410,-28.188,-37.964005,0.005348,7.351,-10.081,-9.700,0.000000
2969.037598,-28.923,-84.756744,0.005823,7.351,-10.114,-9.731,0.000000
2979.313965,-29.143,163.424240,0.005974,7.351,-10.147,-9.762,0.000000
2989.629883,-28.578,100.860176,0.005600,7.351,-10.181,-9.793,0.000000
2999.974609,-28.036,70.449684,0.005263,7.351,-10.214,-9.825,0.000000
3010.360840,-28.081,47.378281,0.005292,7.351,-10.248,-9.856,0.000000
3020.782959,-28.604,36.300373,0.005622,7.351,-10.282,-9.887,0.000000
3031.238281,-29.764,46.283577,0.006428,7.351,-10.316,-9.919,0.000000
3041.732666,-29.398,54.250690,0.006165,7.351,-10.350,-9.950,0.000000
3052.260498,-28.488,45.934475,0.005553,7.351,-10.384,-9.982,0.000000
3062.827881,-28.269,35.028824,0.005417,7.351,-10.418,-10.014,0.000000
3073.428711,-28.014,23.649591,0.005262,7.351,-10.452,-10.046,0.000000
3084.066162,-28.483,11.727196,0.005556,7.351,-10.487,-10.078,0.000000
3094.743652,-29.064,16.772285,0.005942,7.351,-10.521,-10.110,0.000000
3105.457764,-29.285,17.491449,0.006098,7.351,-10.556,-10.143,0.000000
3116.206299,-29.188,21.368254,0.006032,7.351,-10.591,-10.175,0.000000
3126.991943,-29.290,13.012291,0.006105,7.351,-10.626,-10.207,0.000000
3137.817871,-30.073,14.539123,0.006683,7.351,-10.661,-10.240,0.000000
3148.681152,-29.704,16.154819,0.006408,7.351,-10.696,-10.273,0.000000
3159.579346,-29.504,12.324713,0.006265,7.351,-10.731,-10.306,0.000000
3170.515137,-30.105,13.022552,0.006717,7.351,-10.766,-10.339,0.000000
3181.491699,-30.190,13.848146,0.006787,7.351,-10.802,-10.372,0.000000
3192.503174,-29.899,10.451968,0.006567,7.351,-10.838,-10.405,0.000000
3203.555908,-30.164,6.200373,0.006774,7.351,-10.873,-10.438,0.000000
3214.644043,-29.980,9.882189,0.006635,7.351,-10.909,-10.472,0.000000
3225.773438,-29.757,1.216941,0.006470,7.351,-10.945,-10.505,0.000000
3236.938232,-30.364,-0.972549,0.006941,7.351,-10.982,-10.539,0.000000
3248.141602,-30.819,0.086505,0.007317,7.351,-11.018,-10.573,0.000000
3259.386963,-30.635,4.102375,0.007166,7.351,-11.054,-10.607,0.000000
3270.671387,-30.013,-5.476834,0.006672,7.351,-11.091,-10.641,0.000000
3281.991699,-30.724,-11.860447,0.007244,7.351,-11.127,-10.675,0.000000
3293.351074,-31.340,-14.330107,0.007780,7.351,-11.164,-10.709,0.000000
3304.752930,-31.120,-13.103830,0.007588,7.351,-11.201,-10.743,0.000000
3316.194336,-31.818,-10.339756,0.008225,7.351,-11.238,-10.778,0.000000
3327.672119,-30.553,11.017708,0.007113,7.351,-11.275,-10.813,0.000000
3339.189697,-29.746,0.879679,0.006484,7.351,-11.313,-10.847,0.000000
3350.750244,-29.873,-7.872293,0.006582,7.351,-11.350,-10.882,0.000000
3362.347656,-30.177,45.552990,0.006818,7.351,-11.388,-10.917,0.000000
3373.985107,-29.933,40.167683,0.006632,7.351,-11.425,-10.952,0.000000
3385.666260,-29.830,46.578411,0.006556,7.351,-11.463,-10.987,0.000000
3397.387695,-29.865,29.953695,0.006585,7.351,-11.501,-11.023,0.000000
3409.146484,-29.846,41.303188,0.006573,7.351,-11.539,-11.058,0.000000
3420.946045,-29.278,37.273582,0.006159,7.351,-11.577,-11.094,0.000000
3432.789795,-30.511,40.225094,0.007101,7.351,-11.616,-11.129,0.000000
3444.674316,-30.442,52.414207,0.007047,7.351,-11.654,-11.165,0.000000
3456.596924,-29.540,44.344364,0.006354,7.351,-11.693,-11.201,0.000000
3468.560547,-29.051,39.920200,0.006009,7.351,-11.731,-11.237,0.000000
3480.569092,-28.739,40.802479,0.005798,7.351,-11.770,-11.273,0.000000
3492.615723,-27.913,38.184196,0.005274,7.351,-11.809,-11.310,0.000000
3504.707520,-27.491,29.515623,0.005026,7.351,-11.848,-11.346,0.000000
3516.837891,-28.307,19.739626,0.005523,7.351,-11.888,-11.383,0.000000
3529.013428,-28.640,24.575258,0.005741,7.351,-11.927,-11.420,0.000000
3541.228027,-28.377,23.225248,0.005571,7.351,-11.967,-11.456,0.000000
3553.484619,-28.141,18.066141,0.005422,7.351,-12.006,-11.493,0.000000
3565.787109,-28.995,14.957577,0.005984,7.350,-12.046,-11.530,0.000000
3578.132080,-28.811,17.330986,0.005859,7.350,-12.086,-11.568,0.000000
3590.516602,-28.885,12.888183,0.005910,7.350,-12.126,-11.605,0.000000
3602.943848,-29.691,14.322228,0.006486,7.350,-12.167,-11.642,0.000000
3615.417480,-29.323,18.759403,0.006218,7.350,-12.207,-11.680,0.000000
3627.934570,-29.169,14.879985,0.006109,7.350,-12.247,-11.718,0.000000
3640.491211,-29.439,9.423883,0.006302,7.350,-12.288,-11.756,0.000000
3653.091553,-30.488,6.360015,0.007111,7.350,-12.329,-11.794,0.000000
3665.739014,-30.965,14.039650,0.007513,7.350,-12.370,-11.832,0.000000
3678.426514,-30.250,11.025399,0.006919,7.350,-12.411,-11.870,0.000000
3691.161621,-30.903,7.910710,0.007459,7.350,-12.452,-11.908,0.000000
3703.937256,-31.357,12.542712,0.007859,7.350,-12.494,-11.947,0.000000
3716.760498,-31.048,9.696410,0.007585,7.350,-12.535,-11.986,0.000000
3729.628418,-30.833,12.149311,0.007399,7.350,-12.577,-12.024,0.000000
3742.533447,-29.434,15.594558,0.006298,7.350,-12.618,-12.063,0.000000
3755.490479,-28.113,11.979142,0.005410,7.350,-12.660,-12.102,0.000000
3768.492432,-27.428,1.451873,0.004999,7.350,-12.703,-12.142,0.000000
3781.535645,-27.648,-12.437381,0.005128,7.350,-12.745,-12.181,0.000000
3794.624023,-28.011,-21.384590,0.005346,7.350,-12.787,-12.220,0.000000
3807.761475,-28.103,-19.939280,0.005402,7.350,-12.830,-12.260,0.000000
3820.940674,-28.316,-9.195876,0.005536,7.350,-12.872,-12.300,0.000000
3834.169189,-27.773,10.508064,0.005199,7.350,-12.915,-12.340,0.000000
3847.439697,-27.830,-5.716184,0.005232,7.350,-12.958,-12.380,0.000000
3860.760010,-29.010,-23.312517,0.005993,7.350,-13.001,-12.420,0.000000
3874.126221,-30.533,-26.195614,0.007140,7.350,-13.045,-12.460,0.000000
3887.531494,-31.566,-10.980578,0.008040,7.350,-13.088,-12.500,0.000000
3900.990479,-30.801,32.006458,0.007361,7.350,-13.131,-12.541,0.000000
3914.496094,-29.814,14.865356,0.006570,7.350,-13.175,-12.582,0.000000
3928.048340,-29.649,-10.591174,0.006445,7.350,-13.219,-12.623,0.000000
3941.640137,-30.080,-11.420684,0.006771,7.350,-13.263,-12.664,0.000000
3955.286377,-30.547,-26.431347,0.007145,7.350,-13.307,-12.705,0.000000
3968.979980,-31.858,-36.790855,0.008307,7.350,-13.352,-12.746,0.000000
3982.717285,-31.278,21.405802,0.007769,7.350,-13.396,-12.787,0.000000
3996.501953,-30.689,40.775352,0.007258,7.350,-13.441,-12.829,0.000000
4010.338135,-30.499,26.459198,0.007100,7.350,-13.458,-12.845,0.000000
4024.218506,-31.306,11.733904,0.007790,7.350,-13.466,-12.851,0.000000
4038.150879,-31.971,41.608471,0.008409,7.350,-13.475,-12.858,0.000000
4052.127441,-32.437,34.981869,0.008870,7.350,-13.483,-12.865,0.000000
4066.156250,-32.628,54.393856,0.009065,7.350,-13.491,-12.872,0.000000
4080.233643,-31.921,49.178459,0.008353,7.350,-13.499,-12.879,0.000000
4094.352051,-31.767,33.836929,0.008204,7.350,-13.508,-12.886,0.000000
4108.526855,-32.011,20.532558,0.008435,7.350,-13.516,-12.893,0.000000
4122.750977,-32.571,5.480608,0.008994,7.350,-13.525,-12.900,0.000000
4137.020508,-33.589,15.037206,0.010109,7.350,-13.533,-12.908,0.000000
4151.339355,-32.403,43.311733,0.008815,7.350,-13.542,-12.915,0.000000
4165.711914,-31.139,45.140923,0.007618,7.350,-13.550,-12.922,0.000000
4180.133789,-30.886,27.309090,0.007396,7.350,-13.559,-12.929,0.000000
4194.601562,-31.919,21.378700,0.008325,7.350,-13.567,-12.936,0.000000
4209.120117,-32.376,51.520084,0.008770,7.350,-13.576,-12.943,0.000000
4223.692383,-32.576,82.860794,0.008970,7.350,-13.584,-12.951,0.000000
4238.314941,-31.435,85.823738,0.007862,7.350,-13.593,-12.958,0.000000
4252.980469,-30.278,75.431244,0.006878,7.350,-13.602,-12.965,0.000000
4267.704590,-29.796,57.414783,0.006504,7.350,-13.610,-12.972,0.000000
4282.479980,-30.606,57.712269,0.007137,7.350,-13.619,-12.980,0.000000
4297.306152,-29.637,61.310787,0.006382,7.350,-13.628,-12.987,0.000000
4312.175781,-28.872,61.909973,0.005842,7.350,-13.637,-12.995,0.000000
4327.104980,-27.930,49.605991,0.005239,7.350,-13.646,-13.002,0.000000
4342.085449,-27.740,40.879627,0.005124,7.350,-13.654,-13.009,0.000000
4357.114258,-27.834,28.050097,0.005178,7.350,-13.663,-13.017,0.000000
4372.194824,-28.417,16.104282,0.005535,7.350,-13.672,-13.024,0.000000
4387.331543,-29.041,7.485949,0.005944,7.350,-13.681,-13.032,0.000000
4402.520996,-28.997,-5.653288,0.005911,7.350,-13.690,-13.039,0.000000
4417.758789,-30.103,-17.029800,0.006710,7.350,-13.699,-13.047,0.000000
4433.049316,-30.948,-19.246761,0.007392,7.350,-13.708,-13.055,0.000000
4448.396973,-32.136,-8.360642,0.008471,7.350,-13.717,-13.062,0.000000
4463.797852,-32.577,29.826124,0.008907,7.350,-13.726,-13.070,0.000000
4479.243164,-32.450,45.676384,0.008771,7.350,-13.736,-13.078,0.000000
4494.750977,-32.437,46.771564,0.008752,7.350,-13.745,-13.085,0.000000
4510.312012,-31.989,37.488895,0.008307,7.350,-13.754,-13.093,0.000000
4525.922852,-32.384,51.831554,0.008687,7.350,-13.763,-13.101,0.000000
4541.587891,-31.761,53.101227,0.008080,7.350,-13.772,-13.109,0.000000
4557.311035,-31.469,68.386856,0.007808,7.350,-13.782,-13.116,0.000000
4573.088867,-30.585,79.015648,0.007049,7.350,-13.791,-13.124,0.000000
4588.916992,-30.721,86.303650,0.007156,7.350,-13.800,-13.132,0.000000
4604.799805,-30.882,105.290268,0.007286,7.350,-13.810,-13.140,0.000000
4620.742188,-31.301,135.532501,0.007642,7.350,-13.819,-13.148,0.000000
4636.739746,-31.420,142.033157,0.007743,7.350,-13.829,-13.156,0.000000
4652.788086,-29.862,134.442398,0.006469,7.350,-13.838,-13.164,0.000000
4668.892090,-29.216,120.989151,0.006002,7.350,-13.848,-13.172,0.000000
4685.056152,-28.994,110.519707,0.005848,7.350,-13.857,-13.180,0.000000
4701.276367,-28.495,104.518951,0.005518,7.350,-13.867,-13.188,0.000000
4717.543457,-27.611,100.571136,0.004982,7.350,-13.876,-13.196,0.000000
4733.875977,-26.704,93.405853,0.004485,7.350,-13.886,-13.204,0.000000
4750.265137,-26.240,87.143478,0.004250,7.350,-13.896,-13.212,0.000000
4766.706543,-26.348,75.261719,0.004301,7.350,-13.906,-13.220,0.000000
4783.209473,-26.725,61.798424,0.004489,7.350,-13.915,-13.229,0.000000
4799.764648,-27.815,54.863155,0.005087,7.350,-13.925,-13.237,0.000000
4816.381836,-28.157,55.115677,0.005288,7.350,-13.935,-13.245,0.000000
4833.052246,-28.859,50.044533,0.005730,7.350,-13.945,-13.253,0.000000
4849.779785,-30.092,53.915558,0.006601,7.350,-13.955,-13.262,0.000000
4866.570312,-30.603,59.037716,0.006997,7.350,-13.965,-13.270,0.000000
4883.418945,-30.439,63.029232,0.006863,7.350,-13.975,-13.278,0.000000
4900.316406,-29.666,58.828228,0.006276,7.350,-13.985,-13.287,0.000000
4917.281738,-29.436,53.056087,0.006110,7.350,-13.995,-13.295,0.000000
4934.305664,-29.190,63.331581,0.005937,7.350,-14.005,-13.304,0.000000
4951.388672,-29.070,61.398083,0.005854,7.350,-14.015,-13.312,0.000000
4968.521484,-29.114,62.773193,0.005882,7.350,-14.025,-13.321,0.000000
4985.723145,-28.788,53.460865,0.005663,7.350,-14.035,-13.329,0.000000
5002.984375,-29.490,43.918812,0.006138,7.350,-14.045,-13.338,0.000000
5020.300293,-29.938,51.358849,0.006460,7.350,-14.056,-13.346,0.000000
5037.681152,-30.270,63.172295,0.006710,7.350,-14.066,-13.355,0.000000
5055.117188,-30.143,71.959373,0.006610,7.350,-14.076,-13.364,0.000000
5072.618164,-30.612,74.149254,0.006974,7.350,-14.086,-13.372,0.000000
5090.175293,-30.427,59.882328,0.006825,7.350,-14.097,-13.381,0.000000
5107.792969,-30.390,62.137131,0.006794,7.350,-14.107,-13.390,0.000000
5125.477051,-30.186,64.864410,0.006634,7.350,-14.118,-13.399,0.000000
5143.221680,-30.032,60.252186,0.006515,7.350,-14.128,-13.407,0.000000
5161.018066,-30.379,58.786972,0.006779,7.350,-14.139,-13.416,0.000000
5178.886230,-31.171,61.184971,0.007423,7.350,-14.149,-13.425,0.000000
5196.815918,-31.564,64.603088,0.007764,7.350,-14.160,-13.434,0.000000
5214.802734,-31.467,67.732040,0.007675,7.349,-14.171,-13.443,0.000000
5232.856934,-32.065,66.439018,0.008219,7.349,-14.181,-13.452,0.000000
5250.968750,-32.102,68.535820,0.008252,7.349,-14.192,-13.461,0.000000
5269.147949,-32.221,62.810413,0.008365,7.349,-14.203,-13.470,0.000000
5287.385254,-31.691,82.461212,0.007868,7.349,-14.214,-13.479,0.000000
5305.685547,-29.665,87.556870,0.006230,7.349,-14.224,-13.488,0.000000
5324.054199,-29.053,72.080811,0.005805,7.349,-14.235,-13.497,0.000000
5342.486816,-29.263,62.020451,0.005946,7.349,-14.246,-13.506,0.000000
5360.978027,-29.139,72.382103,0.005861,7.349,-14.257,-13.516,0.000000
5379.532715,-28.753,77.863792,0.005606,7.349,-14.268,-13.525,0.000000
5398.157227,-28.327,75.504585,0.005338,7.349,-14.279,-13.534,0.000000
5416.846191,-28.259,79.782425,0.005296,7.349,-14.290,-13.543,0.000000
5435.594727,-27.734,69.310249,0.004986,7.349,-14.301,-13.553,0.000000
5454.408203,-28.782,58.057064,0.005625,7.349,-14.312,-13.562,0.000000
5473.291992,-29.915,56.412075,0.006408,7.349,-14.323,-13.571,0.000000
5492.235352,-29.614,69.672432,0.006190,7.349,-14.335,-13.581,0.000000
5511.250000,-29.049,64.186066,0.005799,7.349,-14.346,-13.590,0.000000
5530.325195,-29.558,65.347473,0.006148,7.349,-14.357,-13.600,0.000000
5549.472168,-29.534,59.148075,0.006130,7.349,-14.369,-13.609,0.000000
5568.679199,-29.074,53.067684,0.005813,7.349,-14.380,-13.619,0.000000
5587.953613,-29.740,42.087013,0.006275,7.349,-14.391,-13.628,0.000000
5607.299316,-30.662,43.230736,0.006977,7.349,-14.403,-13.638,0.000000
5626.712402,-30.826,37.459873,0.007110,7.349,-14.414,-13.648,0.000000
5646.181641,-31.187,34.503551,0.007414,7.349,-14.426,-13.657,0.000000
5665.729492,-31.424,40.143902,0.007620,7.349,-14.437,-13.667,0.000000
5685.344727,-30.912,46.155140,0.007185,7.349,-14.449,-13.677,0.000000
5705.027832,-30.574,38.403835,0.006912,7.349,-14.461,-13.686,0.000000
5724.773926,-31.323,35.801815,0.007535,7.349,-14.472,-13.696,0.000000
5744.587891,-30.909,53.211628,0.007186,7.349,-14.484,-13.706,0.000000
5764.476562,-30.911,65.647621,0.007188,7.349,-14.496,-13.716,0.000000
5784.428223,-30.923,65.361366,0.007197,7.349,-14.508,-13.726,0.000000
5804.448730,-30.223,57.121731,0.006640,7.349,-14.519,-13.736,0.000000
5824.544434,-30.286,43.499016,0.006689,7.349,-14.531,-13.746,0.000000
5844.709473,-30.579,45.434479,0.006918,7.349,-14.543,-13.756,0.000000
5864.938965,-31.513,39.805054,0.007704,7.349,-14.555,-13.766,0.000000
5885.238281,-31.970,79.303947,0.008120,7.349,-14.567,-13.776,0.000000
5905.613281,-32.056,98.804199,0.008201,7.349,-14.579,-13.786,0.000000
5926.059082,-32.560,107.741615,0.008690,7.349,-14.591,-13.796,0.000000
5946.570312,-32.073,125.729912,0.008216,7.349,-14.603,-13.806,0.000000
5967.151855,-31.405,136.062408,0.007608,7.349,-14.616,-13.817,0.000000
5987.811035,-31.711,131.457703,0.007881,7.349,-14.628,-13.827,0.000000
6008.535645,-31.816,127.776093,0.007977,7.349,-14.640,-13.837,0.000000
6029.337402,-31.374,138.576416,0.007580,7.349,-14.652,-13.848,0.000000
6050.206055,-30.700,123.011887,0.007013,7.349,-14.665,-13.858,0.000000
6071.152344,-30.299,109.313789,0.006695,7.349,-14.677,-13.868,0.000000
6092.165527,-30.642,112.901512,0.006964,7.349,-14.690,-13.879,0.000000
6113.251465,-30.735,104.131752,0.007038,7.349,-14.702,-13.889,0.000000
6134.416016,-31.190,101.704063,0.007415,7.349,-14.715,-13.900,0.000000
6155.653809,-31.493,110.480270,0.007677,7.349,-14.727,-13.910,0.000000
6176.959473,-31.307,95.743813,0.007513,7.349,-14.740,-13.921,0.000000
6198.338867,-31.832,88.660637,0.007979,7.349,-14.752,-13.932,0.000000
6219.797852,-32.834,82.528389,0.008954,7.349,-14.765,-13.942,0.000000
6241.331543,-32.197,96.512291,0.008319,7.349,-14.778,-13.953,0.000000
6262.933594,-31.219,97.840233,0.007432,7.349,-14.791,-13.964,0.000000
6284.610352,-31.098,93.205353,0.007328,7.349,-14.803,-13.974,0.000000
6306.368652,-30.786,92.523872,0.007068,7.349,-14.816,-13.985,0.000000
6328.195801,-30.936,86.382706,0.007191,7.349,-14.829,-13.996,0.000000
6350.104492,-31.378,100.055893,0.007564,7.349,-14.842,-14.007,0.000000
6372.083008,-30.499,98.731316,0.006835,7.349,-14.855,-14.018,0.000000
6394.143555,-30.439,98.726326,0.006787,7.349,-14.868,-14.029,0.000000
6416.274902,-30.842,92.696632,0.007108,7.349,-14.881,-14.040,0.000000
6438.482422,-32.004,95.044350,0.008124,7.349,-14.894,-14.051,0.000000
6460.772949,-31.723,98.142288,0.007863,7.349,-14.908,-14.062,0.000000
6483.140625,-31.959,92.606071,0.008077,7.349,-14.921,-14.073,0.000000
6505.580078,-31.760,97.418007,0.007891,7.349,-14.934,-14.084,0.000000
6528.096680,-31.011,93.783119,0.007237,7.349,-14.947,-14.095,0.000000
6550.697266,-31.518,89.017647,0.007669,7.349,-14.961,-14.107,0.000000
6573.370605,-31.095,86.662361,0.007302,7.349,-14.974,-14.118,0.000000
6596.127930,-31.052,81.850487,0.007263,7.349,-14.988,-14.129,0.000000
6618.958008,-31.223,75.744247,0.007405,7.349,-15.001,-14.141,0.000000
6641.873535,-32.300,67.520309,0.008380,7.349,-15.015,-14.152,0.000000
6664.861816,-32.360,74.501694,0.008435,7.349,-15.028,-14.163,0.000000
6687.930176,-32.381,75.203362,0.008453,7.349,-15.042,-14.175,0.000000
6711.084473,-32.996,79.285103,0.009070,7.349,-15.056,-14.186,0.000000
6734.318848,-32.733,74.642403,0.008796,7.349,-15.069,-14.198,0.000000
6757.633301,-32.897,88.321152,0.008960,7.349,-15.083,-14.209,0.000000
6781.016113,-32.243,89.668243,0.008306,7.349,-15.097,-14.221,0.000000
6804.492676,-32.260,88.498260,0.008319,7.349,-15.111,-14.233,0.000000
6828.050293,-32.464,89.086510,0.008512,7.349,-15.125,-14.244,0.000000
6851.683105,-32.601,89.281586,0.008643,7.349,-15.139,-14.256,0.000000
6875.397949,-32.550,88.913475,0.008588,7.349,-15.153,-14.268,0.000000
6899.201172,-32.765,91.545609,0.008798,7.349,-15.167,-14.280,0.000000
6923.080078,-33.237,103.316284,0.009284,7.349,-15.181,-14.292,0.000000
6947.048828,-33.296,95.911949,0.009343,7.349,-15.195,-14.304,0.000000
6971.093262,-33.694,89.398430,0.009776,7.349,-15.209,-14.315,0.000000
6995.228027,-34.010,91.188950,0.010133,7.349,-15.224,-14.327,0.000000
7019.446289,-33.524,99.623627,0.009576,7.349,-15.238,-14.339,0.000000
7043.734863,-32.764,104.440414,0.008770,7.349,-15.252,-14.352,0.000000
7068.120605,-32.640,99.558502,0.008641,7.349,-15.267,-14.364,0.000000
7092.591309,-31.642,103.889206,0.007700,7.349,-15.281,-14.376,0.000000
7117.139648,-31.513,93.117294,0.007584,7.349,-15.296,-14.388,0.000000
7141.772949,-31.631,84.828094,0.007686,7.349,-15.310,-14.400,0.000000
7166.498535,-31.478,73.567848,0.007548,7.349,-15.325,-14.413,0.000000
7191.309570,-31.537,82.374161,0.007597,7.349,-15.340,-14.425,0.000000
7216.199707,-31.792,98.465096,0.007821,7.349,-15.354,-14.437,0.000000
7241.176270,-32.165,69.343948,0.008161,7.349,-15.369,-14.450,0.000000
7266.245605,-32.221,82.720032,0.008210,7.349,-15.384,-14.462,0.000000
7291.402344,-32.579,87.719696,0.008551,7.349,-15.399,-14.475,0.000000
7316.631836,-33.215,117.885124,0.009196,7.349,-15.414,-14.487,0.000000
7341.962402,-33.732,-178.879974,0.009754,7.349,-15.429,-14.500,0.000000
7367.381348,-33.535,-166.911163,0.009531,7.349,-15.444,-14.512,0.000000
7392.887695,-33.115,167.745422,0.009076,7.349,-15.459,-14.525,0.000000
7418.468262,-32.767,157.322388,0.008715,7.349,-15.474,-14.538,0.000000
7444.151855,-32.488,155.377686,0.008436,7.349,-15.489,-14.550,0.000000
7469.924316,-32.952,146.407562,0.008894,7.349,-15.505,-14.563,0.000000
7495.778809,-33.120,142.243866,0.009063,7.349,-15.520,-14.576,0.000000
7521.722656,-32.549,144.787964,0.008481,7.349,-15.535,-14.589,0.000000
7547.763672,-31.806,138.574249,0.007783,7.349,-15.551,-14.602,0.000000
7573.887207,-31.895,123.276131,0.007858,7.349,-15.566,-14.615,0.000000
7600.108887,-32.704,128.413513,0.008621,7.349,-15.582,-14.628,0.000000
7626.414062,-32.053,137.668839,0.007994,7.349,-15.597,-14.641,0.000000
7652.817383,-31.212,134.118683,0.007253,7.349,-15.613,-14.654,0.000000
7679.312012,-31.507,142.712509,0.007500,7.349,-15.628,-14.667,0.000000
7705.883789,-31.204,153.361679,0.007239,7.349,-15.644,-14.681,0.000000
7732.562500,-30.947,142.361816,0.007024,7.349,-15.660,-14.694,0.000000
7759.333008,-31.932,143.770050,0.007863,7.349,-15.676,-14.707,0.000000
7786.189453,-31.778,147.966385,0.007721,7.349,-15.692,-14.720,0.000000
7813.138672,-31.490,138.090698,0.007466,7.349,-15.708,-14.734,0.000000
7840.188477,-32.217,130.584702,0.008113,7.349,-15.724,-14.747,0.000000
7867.331543,-32.952,146.483093,0.008825,7.349,-15.740,-14.761,0.000000
7894.561523,-32.457,144.883972,0.008332,7.349,-15.756,-14.774,0.000000
7921.885742,-32.636,135.139938,0.008501,7.349,-15.772,-14.788,0.000000
7949.312012,-32.819,135.385605,0.008678,7.349,-15.788,-14.801,0.000000
7976.833496,-32.563,140.390137,0.008421,7.349,-15.804,-14.815,0.000000
8004.442383,-31.308,138.940521,0.007284,7.349,-15.818,-14.827,0.000000
8032.146973,-30.744,132.706070,0.006823,7.349,-15.820,-14.828,0.000000
8059.955078,-30.672,132.596558,0.006763,7.349,-15.821,-14.829,0.000000
8087.859375,-30.924,120.467155,0.006959,7.349,-15.822,-14.830,0.000000
8115.844727,-31.772,113.539047,0.007669,7.349,-15.824,-14.831,0.000000
8143.942383,-32.014,119.737785,0.007879,7.349,-15.825,-14.832,0.000000
8172.137695,-31.792,111.331589,0.007673,7.349,-15.826,-14.833,0.000000
8200.422852,-32.352,107.859825,0.008177,7.349,-15.828,-14.834,0.000000
8228.805664,-33.674,99.284309,0.009513,7.349,-15.829,-14.835,0.000000
8257.293945,-35.471,106.559311,0.011689,7.349,-15.830,-14.836,0.000000
8285.881836,-36.012,118.468773,0.012430,7.349,-15.832,-14.837,0.000000
8314.560547,-35.822,135.081604,0.012150,7.349,-15.833,-14.839,0.000000
8343.337891,-34.444,138.749695,0.010357,7.349,-15.835,-14.840,0.000000
8372.223633,-33.540,137.381851,0.009325,7.349,-15.836,-14.841,0.000000
8401.208984,-33.539,150.510834,0.009313,7.349,-15.837,-14.842,0.000000
8430.278320,-32.565,155.174728,0.008317,7.349,-15.839,-14.843,0.000000
8459.464844,-32.009,151.284576,0.007793,7.349,-15.840,-14.844,0.000000
8488.752930,-31.589,168.196411,0.007418,7.349,-15.842,-14.845,0.000000
8518.141602,-30.684,170.072037,0.006676,7.349,-15.843,-14.846,0.000000
8547.616211,-30.133,156.005875,0.006259,7.349,-15.844,-14.847,0.000000
8577.208008,-30.723,146.263840,0.006690,7.349,-15.846,-14.848,0.000000
8606.903320,-30.891,137.411285,0.006813,7.349,-15.847,-14.850,0.000000
8636.693359,-30.805,138.817978,0.006737,7.349,-15.849,-14.851,0.000000
8666.594727,-31.067,138.663818,0.006936,7.349,-15.850,-14.852,0.000000
8696.590820,-31.864,145.506348,0.007593,7.349,-15.852,-14.853,0.000000
8726.699219,-31.724,147.596481,0.007461,7.349,-15.853,-14.854,0.000000
8756.903320,-31.711,142.900055,0.007438,7.349,-15.854,-14.855,0.000000
8787.211914,-31.998,141.730148,0.007676,7.349,-15.856,-14.856,0.000000
8817.634766,-31.669,136.869446,0.007380,7.349,-15.857,-14.858,0.000000
8848.162109,-31.865,137.404373,0.007536,7.348,-15.859,-14.859,0.000000
8878.778320,-31.758,146.290817,0.007432,7.348,-15.860,-14.860,0.000000
8909.517578,-32.358,130.464127,0.007951,7.348,-15.862,-14.861,0.000000
8940.363281,-32.819,133.767395,0.008371,7.348,-15.863,-14.862,0.000000
8971.306641,-32.469,131.241348,0.008026,7.348,-15.865,-14.863,0.000000
9002.366211,-33.146,125.693863,0.008662,7.348,-15.866,-14.865,0.000000
9033.524414,-33.463,121.941658,0.008968,7.348,-15.868,-14.866,0.000000
9064.799805,-33.825,122.741959,0.009334,7.348,-15.869,-14.867,0.000000
9096.173828,-33.812,141.580521,0.009303,7.348,-15.871,-14.868,0.000000
9127.657227,-34.499,142.536331,0.010051,7.348,-15.872,-14.869,0.000000
9159.257812,-34.174,166.701782,0.009662,7.348,-15.874,-14.871,0.000000
9190.967773,-33.172,168.918686,0.008591,7.348,-15.875,-14.872,0.000000
9222.770508,-33.183,161.266876,0.008585,7.348,-15.877,-14.873,0.000000
9254.701172,-32.080,174.448273,0.007546,7.348,-15.878,-14.874,0.000000
9286.741211,-32.269,172.058975,0.007695,7.348,-15.880,-14.875,0.000000
9318.892578,-32.368,174.020767,0.007767,7.348,-15.881,-14.877,0.000000
9351.137695,-31.934,162.233368,0.007372,7.348,-15.883,-14.878,0.000000
9383.512695,-31.061,165.780746,0.006653,7.348,-15.884,-14.879,0.000000
9415.999023,-30.959,151.089417,0.006561,7.348,-15.886,-14.880,0.000000
9448.588867,-31.361,146.815811,0.006856,7.348,-15.888,-14.881,0.000000
9481.300781,-31.374,153.106705,0.006851,7.348,-15.889,-14.883,0.000000
9514.117188,-31.935,146.021393,0.007292,7.348,-15.891,-14.884,0.000000
9547.055664,-32.742,159.431900,0.007984,7.348,-15.892,-14.885,0.000000
9580.099609,-31.776,158.665359,0.007125,7.348,-15.894,-14.886,0.000000
9613.257812,-31.915,158.305511,0.007221,7.348,-15.895,-14.888,0.000000
9646.540039,-32.473,154.139908,0.007681,7.348,-15.897,-14.889,0.000000
9679.936523,-33.197,157.743057,0.008327,7.348,-15.899,-14.890,0.000000
9713.431641,-33.015,172.462463,0.008134,7.348,-15.900,-14.892,0.000000
9747.060547,-33.194,172.647568,0.008281,7.348,-15.902,-14.893,0.000000
9780.805664,-32.906,173.003418,0.007990,7.348,-15.904,-14.894,0.000000
9814.658203,-32.625,176.779633,0.007714,7.348,-15.905,-14.895,0.000000
9848.637695,-32.660,166.371216,0.007724,7.348,-15.907,-14.897,0.000000
9882.724609,-33.686,170.886887,0.008669,7.348,-15.908,-14.898,0.000000
9916.939453,-33.750,161.915375,0.008709,7.348,-15.910,-14.899,0.000000
9951.263672,-33.653,157.135422,0.008589,7.348,-15.912,-14.901,0.000000
9985.706055,-33.896,150.352356,0.008807,7.348,-15.913,-14.902,0.000000
10020.278320,-34.049,148.796478,0.008939,7.348,-15.915,-14.903,0.000000
10054.968750,-34.878,151.435074,0.009808,7.348,-15.917,-14.904,0.000000
10089.770508,-34.934,155.353683,0.009844,7.348,-15.918,-14.906,0.000000
10124.692383,-35.610,155.837997,0.010612,7.348,-15.920,-14.907,0.000000
10159.745117,-35.897,166.873352,0.010938,7.348,-15.922,-14.908,0.000000
10194.918945,-35.680,173.093842,0.010638,7.348,-15.923,-14.910,0.000000
10230.205078,-35.989,-173.733398,0.010993,7.348,-15.925,-14.911,0.000000
10265.613281,-35.183,-173.975616,0.009992,7.348,-15.927,-14.912,0.000000
10301.154297,-34.803,-176.186172,0.009537,7.348,-15.929,-14.914,0.000000
10336.807617,-34.934,-178.880707,0.009656,7.348,-15.930,-14.915,0.000000
10372.594727,-34.616,-170.706085,0.009283,7.348,-15.932,-14.917,0.000000
10408.496094,-34.420,-173.339844,0.009052,7.348,-15.934,-14.918,0.000000
10444.531250,-34.123,-174.895905,0.008723,7.348,-15.935,-14.919,0.000000
10480.680664,-33.455,177.246094,0.008055,7.348,-15.937,-14.921,0.000000
10516.956055,-32.955,174.728271,0.007585,7.348,-15.939,-14.922,0.000000
10553.367188,-33.637,179.585663,0.008183,7.348,-15.941,-14.923,0.000000
10589.903320,-33.645,177.495316,0.008170,7.348,-15.942,-14.925,0.000000
10626.546875,-34.217,176.293579,0.008703,7.348,-15.944,-14.926,0.000000
10663.336914,-34.560,167.462967,0.009031,7.348,-15.946,-14.928,0.000000
10700.253906,-34.947,173.229752,0.009417,7.348,-15.948,-14.929,0.000000
10737.299805,-35.180,-173.747742,0.009648,7.348,-15.949,-14.930,0.000000
10774.462891,-35.619,-159.278671,0.010120,7.348,-15.951,-14.932,0.000000
10811.754883,-36.112,-151.798340,0.010682,7.348,-15.953,-14.933,0.000000
10849.185547,-34.661,-156.228607,0.009014,7.348,-15.955,-14.935,0.000000
10886.736328,-34.300,-151.705719,0.008623,7.348,-15.957,-14.936,0.000000
10924.427734,-33.664,-150.130020,0.007992,7.348,-15.958,-14.937,0.000000
10962.238281,-33.007,-154.777176,0.007389,7.348,-15.960,-14.939,0.000000
11000.190430,-32.954,-163.971909,0.007326,7.348,-15.962,-14.940,0.000000
11038.263672,-32.917,-170.965897,0.007278,7.348,-15.964,-14.942,0.000000
11076.468750,-33.229,-177.166702,0.007526,7.348,-15.966,-14.943,0.000000
11114.816406,-33.401,172.883835,0.007658,7.348,-15.968,-14.945,0.000000
11153.296875,-34.152,170.836182,0.008329,7.348,-15.969,-14.946,0.000000
11191.900391,-34.548,172.803986,0.008697,7.348,-15.971,-14.948,0.000000
11230.636719,-35.443,173.751282,0.009616,7.348,-15.973,-14.949,0.000000
11269.518555,-35.600,170.972733,0.009767,7.348,-15.975,-14.950,0.000000
11308.523438,-35.980,-178.379868,0.010178,7.348,-15.977,-14.952,0.000000
11347.674805,-35.957,-177.950317,0.010125,7.348,-15.979,-14.953,0.000000
11386.951172,-35.795,-168.064163,0.009912,7.348,-15.981,-14.955,0.000000
11426.373047,-35.270,-165.359512,0.009306,7.348,-15.983,-14.956,0.000000
11465.921875,-34.823,-171.541565,0.008816,7.348,-15.984,-14.958,0.000000
11505.606445,-35.520,-172.667099,0.009529,7.348,-15.986,-14.959,0.000000
11545.440430,-35.140,-170.259430,0.009100,7.348,-15.988,-14.961,0.000000
11585.412109,-35.381,-169.229218,0.009333,7.348,-15.990,-14.962,0.000000
11625.521484,-34.775,-175.012115,0.008684,7.348,-15.992,-14.964,0.000000
11665.748047,-34.919,-178.855972,0.008807,7.348,-15.994,-14.965,0.000000
11706.135742,-34.725,173.104446,0.008592,7.348,-15.996,-14.967,0.000000
11746.664062,-35.609,170.103607,0.009489,7.348,-15.998,-14.969,0.000000
11787.320312,-35.597,-176.277466,0.009454,7.348,-16.000,-14.970,0.000000
11828.118164,-35.068,-168.989944,0.008873,7.348,-16.002,-14.972,0.000000
11869.068359,-35.236,-167.614685,0.009025,7.348,-16.004,-14.973,0.000000
11910.148438,-35.480,-162.251587,0.009260,7.348,-16.006,-14.975,0.000000
11951.382812,-35.597,-147.179916,0.009362,7.348,-16.008,-14.976,0.000000
11992.748047,-35.661,-129.218124,0.009409,7.348,-16.010,-14.978,0.000000
12034.268555,-35.294,-135.215897,0.008998,7.348,-16.012,-14.979,0.000000
12075.931641,-35.620,-131.055908,0.009318,7.348,-16.014,-14.981,0.000000
12117.716797,-35.106,-145.223007,0.008760,7.348,-16.016,-14.983,0.000000
12159.669922,-35.949,-133.073639,0.009628,7.348,-16.018,-14.984,0.000000
12201.767578,-35.865,-133.030060,0.009511,7.348,-16.020,-14.986,0.000000
12243.999023,-34.900,-131.232468,0.008488,7.348,-16.022,-14.987,0.000000
12286.377930,-34.946,-143.737411,0.008511,7.348,-16.024,-14.989,0.000000
12328.914062,-35.376,-137.073471,0.008919,7.348,-16.026,-14.991,0.000000
12371.597656,-36.246,-134.862488,0.009832,7.348,-16.028,-14.992,0.000000
12414.417969,-35.963,-125.826530,0.009492,7.348,-16.030,-14.994,0.000000
12457.385742,-36.181,-130.863632,0.009706,7.348,-16.032,-14.995,0.000000
12500.514648,-35.965,-129.696289,0.009442,7.348,-16.034,-14.997,0.000000
12543.780273,-36.066,-132.985275,0.009525,7.348,-16.036,-14.999,0.000000
12587.196289,-37.040,-129.470032,0.010626,7.348,-16.038,-15.000,0.000000
12630.774414,-36.791,-122.400276,0.010294,7.348,-16.040,-15.002,0.000000
12674.502930,-36.109,-124.094704,0.009486,7.348,-16.042,-15.004,0.000000
12718.383789,-35.787,-123.121078,0.009110,7.348,-16.045,-15.005,0.000000
12762.391602,-35.914,-127.752769,0.009215,7.348,-16.047,-15.007,0.000000
12806.576172,-36.202,-127.733116,0.009494,7.348,-16.049,-15.009,0.000000
12850.914062,-36.223,-132.440506,0.009486,7.348,-16.051,-15.010,0.000000
12895.392578,-36.202,-132.283112,0.009432,7.348,-16.053,-15.012,0.000000
12940.025391,-35.694,-138.347672,0.008866,7.348,-16.055,-15.014,0.000000
12984.825195,-36.096,-135.794098,0.009254,7.348,-16.057,-15.015,0.000000
13029.767578,-36.781,-123.602226,0.009979,7.348,-16.059,-15.017,0.000000
13074.876953,-36.424,-124.905045,0.009544,7.348,-16.062,-15.019,0.000000
13120.131836,-36.429,-123.354279,0.009517,7.348,-16.064,-15.021,0.000000
13165.554688,-36.686,-122.608925,0.009769,7.348,-16.066,-15.022,0.000000
13211.134766,-36.581,-122.709663,0.009617,7.348,-16.068,-15.024,0.000000
13256.847656,-36.984,-114.704514,0.010035,7.348,-16.070,-15.026,0.000000
13302.744141,-37.499,-117.737320,0.010608,7.348,-16.073,-15.028,0.000000
13348.799805,-37.402,-125.794754,0.010451,7.348,-16.075,-15.029,0.000000
13395.001953,-37.765,-131.770874,0.010856,7.348,-16.077,-15.031,0.000000
13441.363281,-37.857,-132.968628,0.010930,7.348,-16.079,-15.033,0.000000
13487.899414,-37.453,-136.680908,0.010394,7.348,-16.081,-15.035,0.000000
13534.595703,-37.528,-133.197235,0.010441,7.348,-16.084,-15.036,0.000000
13581.440430,-37.521,-131.334808,0.010390,7.348,-16.086,-15.038,0.000000
13628.447266,-37.385,-129.508545,0.010187,7.348,-16.088,-15.040,0.000000
13675.630859,-37.148,-134.394241,0.009871,7.348,-16.090,-15.042,0.000000
13722.976562,-37.420,-131.346008,0.010144,7.348,-16.093,-15.043,0.000000
13770.473633,-37.206,-111.912773,0.009856,7.348,-16.095,-15.045,0.000000
13818.135742,-37.214,-110.723312,0.009824,7.348,-16.097,-15.047,0.000000
13865.975586,-36.918,-89.021805,0.009452,7.348,-16.100,-15.049,0.000000
13913.980469,-36.452,-101.011116,0.008920,7.348,-16.102,-15.051,0.000000
13962.125977,-36.533,-108.826630,0.008962,7.348,-16.104,-15.052,0.000000
14010.463867,-36.004,-109.615532,0.008395,7.348,-16.107,-15.054,0.000000
14058.969727,-36.668,-112.436943,0.009021,7.348,-16.109,-15.056,0.000000
14107.628906,-36.228,-117.815033,0.008537,7.348,-16.111,-15.058,0.000000
14156.458008,-36.058,-130.984909,0.008334,7.348,-16.114,-15.060,0.000000
14205.468750,-35.924,-125.245644,0.008167,7.348,-16.116,-15.062,0.000000
14254.635742,-35.950,-137.107086,0.008152,7.348,-16.118,-15.064,0.000000
14303.986328,-36.231,-138.940353,0.008380,7.348,-16.121,-15.065,0.000000
14353.495117,-35.839,-124.474007,0.007971,7.348,-16.123,-15.067,0.000000
14403.188477,-36.084,-117.146362,0.008160,7.348,-16.125,-15.069,0.000000
14453.052734,-36.345,-85.836586,0.008368,7.348,-16.128,-15.071,0.000000
14503.063477,-36.339,-85.803078,0.008322,7.348,-16.130,-15.073,0.000000
14553.274414,-36.614,-75.334587,0.008549,7.348,-16.133,-15.075,0.000000
14603.659180,-36.556,-83.212357,0.008451,7.348,-16.135,-15.077,0.000000
14654.218750,-36.827,-79.603104,0.008677,7.348,-16.137,-15.079,0.000000
14704.924805,-37.105,-81.949417,0.008917,7.348,-16.140,-15.081,0.000000
14755.834961,-37.195,-79.747200,0.008966,7.348,-16.142,-15.083,0.000000
14806.920898,-37.446,-74.673027,0.009184,7.348,-16.145,-15.085,0.000000
14858.168945,-36.996,-81.496178,0.008678,7.348,-16.147,-15.086,0.000000
14909.609375,-37.112,-73.640518,0.008753,7.348,-16.150,-15.088,0.000000
14961.213867,-36.673,-75.358467,0.008281,7.348,-16.152,-15.090,0.000000
15013.010742,-36.800,-77.117004,0.008363,7.348,-16.155,-15.092,0.000000
15064.973633,-36.290,-80.831261,0.007848,7.348,-16.157,-15.094,0.000000
15117.115234,-36.485,-82.531136,0.007988,7.348,-16.160,-15.096,0.000000
15169.452148,-35.966,-84.488472,0.007488,7.348,-16.162,-15.098,0.000000
15221.969727,-36.358,-89.804611,0.007794,7.348,-16.165,-15.100,0.000000
15274.640625,-36.787,-95.679802,0.008148,7.348,-16.167,-15.102,0.000000
15327.523438,-36.510,-99.247589,0.007853,7.348,-16.170,-15.104,0.000000
15380.588867,-36.610,-107.822685,0.007905,7.348,-16.172,-15.106,0.000000
15433.823242,-36.098,-99.613800,0.007415,7.348,-16.175,-15.108,0.000000
15487.241211,-36.637,-93.027634,0.007850,7.348,-16.177,-15.110,0.000000
15540.859375,-36.487,-66.558289,0.007678,7.348,-16.180,-15.112,0.000000
15594.664062,-36.393,-61.132710,0.007559,7.347,-16.183,-15.114,0.000000
15648.638672,-36.366,-59.074146,0.007500,7.347,-16.185,-15.116,0.000000
15702.800781,-36.338,-52.550953,0.007440,7.347,-16.188,-15.118,0.000000
15757.166016,-35.996,-64.741463,0.007118,7.347,-16.190,-15.121,0.000000
15811.718750,-36.439,-51.058308,0.007454,7.347,-16.193,-15.123,0.000000
15866.429688,-36.796,-62.386784,0.007729,7.347,-16.196,-15.125,0.000000
15921.361328,-36.658,-60.104195,0.007570,7.347,-16.198,-15.127,0.000000
15976.482422,-36.403,-66.604912,0.007314,7.347,-16.201,-15.129,0.000000
16031.793945,-36.422,-60.714130,0.007295,7.347,-16.204,-15.131,0.000000
16087.267578,-36.030,-51.789288,0.006938,7.347,-16.206,-15.133,0.000000
16142.962891,-35.742,-48.819084,0.006677,7.347,-16.209,-15.135,0.000000
16198.851562,-35.268,-44.624626,0.006291,7.347,-16.212,-15.137,0.000000
16254.917969,-35.095,-44.282543,0.006137,7.347,-16.214,-15.139,0.000000
16311.194336,-34.211,-44.676239,0.005517,7.347,-16.217,-15.141,0.000000
16367.649414,-33.122,-52.758530,0.004843,7.347,-16.220,-15.144,0.000000
16424.316406,-33.018,-55.011505,0.004762,7.347,-16.222,-15.146,0.000000
16481.162109,-33.096,-58.368103,0.004782,7.347,-16.225,-15.148,0.000000
16538.205078,-33.059,-66.802528,0.004739,7.347,-16.228,-15.150,0.000000
16595.462891,-33.217,-75.342690,0.004803,7.347,-16.231,-15.152,0.000000
16652.917969,-33.830,-79.323586,0.005128,7.347,-16.233,-15.154,0.000000
16710.539062,-33.247,-76.203896,0.004772,7.347,-16.236,-15.157,0.000000
16768.392578,-33.671,-80.964417,0.004986,7.347,-16.239,-15.159,0.000000
16826.447266,-34.277,-70.630943,0.005319,7.347,-16.242,-15.161,0.000000
16884.685547,-33.819,-61.838223,0.005021,7.347,-16.244,-15.163,0.000000
16943.142578,-32.868,-59.085804,0.004478,7.347,-16.247,-15.165,0.000000
17001.785156,-31.920,-55.693119,0.003995,7.347,-16.250,-15.168,0.000000
17060.646484,-31.903,-47.718475,0.003968,7.347,-16.253,-15.170,0.000000
17119.695312,-30.191,-44.216515,0.003242,7.347,-16.256,-15.172,0.000000
17178.949219,-29.634,-42.873726,0.003026,7.347,-16.259,-15.174,0.000000
17238.423828,-29.066,-33.617275,0.002821,7.347,-16.261,-15.177,0.000000
17298.105469,-28.028,-33.682625,0.002491,7.347,-16.264,-15.179,0.000000
17357.976562,-26.734,-44.111713,0.002136,7.347,-16.267,-15.181,0.000000
17418.054688,-26.784,-47.234867,0.002138,7.347,-16.270,-15.183,0.000000
17478.357422,-26.676,-43.460293,0.002101,7.347,-16.273,-15.186,0.000000
17538.869141,-26.151,-41.904430,0.001969,7.347,-16.276,-15.188,0.000000
17599.556641,-26.350,-57.717556,0.002005,7.347,-16.279,-15.190,0.000000
17660.488281,-26.739,-51.302799,0.002087,7.347,-16.282,-15.193,0.000000
17721.630859,-26.322,-50.543346,0.001979,7.347,-16.285,-15.195,0.000000
17782.968750,-26.692,-52.738636,0.002055,7.347,-16.288,-15.197,0.000000
17844.535156,-26.647,-50.958153,0.002035,7.347,-16.291,-15.200,0.000000
17906.296875,-26.627,-49.529430,0.002020,7.347,-16.294,-15.202,0.000000
17968.291016,-25.335,-46.239426,0.001733,7.347,-16.297,-15.204,0.000000
18030.480469,-23.983,-46.761341,0.001476,7.347,-16.299,-15.207,0.000000
18092.886719,-23.720,-43.164547,0.001429,7.347,-16.302,-15.209,0.000000
18155.525391,-22.505,-35.988686,0.001233,7.347,-16.305,-15.211,0.000000
18218.382812,-21.922,-47.185871,0.001147,7.347,-16.309,-15.214,0.000000
18281.421875,-21.667,-42.514286,0.001127,7.347,-16.312,-15.216,0.000000
18344.712891,-20.225,-42.278847,0.000935,7.347,-16.315,-15.219,0.000000
18408.224609,-19.454,-46.604843,0.000851,7.347,-16.318,-15.221,0.000000
18471.955078,-18.331,-36.944172,0.000766,7.347,-16.321,-15.223,0.000000
18535.888672,-17.372,-32.586430,0.000663,7.347,-16.324,-15.226,0.000000
18600.044922,-16.947,-32.043076,0.000834,7.347,-16.327,-15.228,0.000000
18664.439453,-15.468,-37.144066,0.000628,7.347,-16.330,-15.231,0.000000
18729.041016,-14.850,-30.053047,0.000491,7.347,-16.333,-15.233,0.000000
18793.880859,-13.907,-43.397392,0.000461,7.347,-16.336,-15.236,0.000000
18858.929688,-13.706,-53.266983,0.000447,7.347,-16.339,-15.238,0.000000
18924.220703,-11.942,-53.224083,0.000477,7.347,-16.342,-15.240,0.000000
18989.720703,-10.594,-43.313419,0.000529,7.347,-16.346,-15.243,0.000000
19055.447266,-9.991,-49.957478,0.000645,7.347,-16.349,-15.245,0.000000
19121.417969,-9.688,-50.296768,0.000515,7.347,-16.352,-15.248,0.000000
19187.619141,-9.294,-56.043015,0.000898,7.347,-16.355,-15.250,0.000000
19254.029297,-8.846,-56.218422,0.000626,7.347,-16.358,-15.253,0.000000
19320.669922,-8.050,-60.389771,0.000809,7.347,-16.361,-15.256,0.000000
19387.560547,-6.779,-9.589821,0.000798,7.347,-16.365,-15.258,0.000000
19454.664062,-5.942,-30.022861,0.001219,7.347,-16.368,-15.261,0.000000
19522.017578,-5.565,-87.386879,0.001613,7.347,-16.371,-15.263,0.000000
19589.585938,-207.572,0.000000,0.000000,7.347,-16.374,-15.266,0.000000
19657.406250,-207.605,0.000000,0.000000,7.347,-16.378,-15.268,0.000000
19725.443359,-207.638,0.000000,0.000000,7.347,-16.381,-15.271,0.000000
19793.716797,-207.671,0.000000,0.000000,7.347,-16.384,-15.273,0.000000
19862.244141,-207.704,0.000000,0.000000,7.347,-16.387,-15.276,0.000000
19931.009766,-207.737,0.000000,0.000000,7.347,-16.391,-15.279,0.000000
19999.974609,-207.770,0.000000,0.000000,7.347,-16.394,-15.281,0.000000
