frequency_hz,spl_db,phase_deg,thd_percent,rt60_ms,c50_db,c80_db,group_delay_ms
20.000000,-19.980,129.280045,0.001998,12.904,-8.994,-8.932,0.000000
20.069233,-20.354,150.295731,0.002086,12.904,-8.994,-8.932,0.000000
20.138704,-19.999,130.739822,0.002003,12.904,-8.994,-8.932,0.000000
20.208418,-20.448,106.664314,0.002109,12.904,-8.994,-8.932,0.000000
20.278366,-19.640,102.224770,0.001922,12.904,-8.994,-8.932,0.000000
20.348562,-20.040,54.821232,0.002013,12.904,-8.994,-8.932,0.000000
20.419001,-20.664,48.844120,0.002164,12.904,-8.994,-8.932,0.000000
20.489683,-20.635,14.675832,0.002157,12.904,-8.994,-8.932,0.000000
20.560612,-20.562,-10.927419,0.002139,12.904,-8.994,-8.932,0.000000
20.631784,-20.727,28.602289,0.002179,12.904,-8.994,-8.932,0.000000
20.703203,-21.256,-8.099648,0.002317,12.904,-8.994,-8.932,0.000000
20.774866,-22.390,-76.388939,0.002639,12.904,-8.994,-8.932,0.000000
20.846781,-22.895,-24.738911,0.002798,12.904,-8.994,-8.932,0.000000
20.918943,-23.861,-133.516174,0.003127,12.904,-8.994,-8.932,0.000000
20.991358,-23.971,-18.292524,0.003167,12.904,-8.994,-8.932,0.000000
21.064020,-23.995,-25.844269,0.003176,12.904,-8.994,-8.932,0.000000
21.136936,-23.712,-16.817839,0.003075,12.904,-8.994,-8.932,0.000000
21.210104,-23.601,-57.039219,0.003037,12.904,-8.994,-8.932,0.000000
21.283520,-23.833,-12.635462,0.003119,12.904,-8.994,-8.932,0.000000
21.357197,-23.238,-22.082363,0.002913,12.904,-8.994,-8.932,0.000000
21.431126,-22.842,-64.693085,0.002784,12.904,-8.994,-8.932,0.000000
21.505312,-23.241,-105.686226,0.002914,12.904,-8.994,-8.932,0.000000
21.579756,-22.673,-151.596466,0.002730,12.904,-8.994,-8.932,0.000000
21.654457,-22.960,-100.473808,0.002822,12.904,-8.994,-8.932,0.000000
21.729416,-23.026,-50.408043,0.002843,12.904,-8.994,-8.932,0.000000
21.804630,-22.803,-170.363159,0.002771,12.904,-8.994,-8.932,0.000000
21.880110,-23.379,-158.931030,0.002961,12.904,-8.994,-8.932,0.000000
21.955851,-24.479,-175.909088,0.003361,12.904,-8.994,-8.932,0.000000
22.031853,-24.847,137.654205,0.003507,12.904,-8.994,-8.932,0.000000
22.108118,-25.809,140.487762,0.003919,12.904,-8.994,-8.932,0.000000
22.184649,-25.807,126.612083,0.003919,12.904,-8.994,-8.932,0.000000
22.261442,-26.250,111.638000,0.004125,12.904,-8.994,-8.932,0.000000
22.338503,-25.848,70.061729,0.003939,12.904,-8.994,-8.932,0.000000
22.415825,-26.341,71.688667,0.004170,12.904,-8.994,-8.932,0.000000
22.493420,-27.637,64.159935,0.004841,12.904,-8.994,-8.932,0.000000
22.571283,-28.186,38.520985,0.005158,12.904,-8.994,-8.932,0.000000
22.649418,-28.185,38.520985,0.005158,12.904,-8.994,-8.932,0.000000
22.727821,-28.085,39.277527,0.005100,12.904,-8.994,-8.932,0.000000
22.806496,-27.974,47.936707,0.005036,12.904,-8.994,-8.932,0.000000
22.885437,-27.545,-8.854877,0.004794,12.904,-8.994,-8.932,0.000000
22.964659,-28.183,-8.947857,0.005160,12.904,-8.994,-8.932,0.000000
23.044153,-29.737,86.778481,0.006172,12.904,-8.994,-8.932,0.000000
23.123922,-29.785,70.021919,0.006207,12.904,-8.994,-8.932,0.000000
23.203970,-30.109,57.244926,0.006445,12.904,-8.994,-8.932,0.000000
23.284292,-30.449,18.090038,0.006703,12.904,-8.994,-8.932,0.000000
23.364893,-29.713,37.742012,0.006159,12.904,-8.994,-8.932,0.000000
23.445774,-30.303,-1.819739,0.006594,12.904,-8.994,-8.932,0.000000
23.526928,-32.029,69.429146,0.008044,12.904,-8.994,-8.932,0.000000
23.608370,-31.904,13.647578,0.007930,12.904,-8.994,-8.932,0.000000
23.690092,-32.973,7.316145,0.008968,12.904,-8.994,-8.932,0.000000
23.772099,-32.361,-11.843192,0.008357,12.904,-8.994,-8.932,0.000000
23.854389,-32.810,-47.625042,0.008801,12.904,-8.994,-8.932,0.000000
23.936964,-32.909,-62.171764,0.008902,12.904,-8.994,-8.932,0.000000
24.019825,-33.916,-87.610008,0.009996,12.904,-8.994,-8.932,0.000000
24.102966,-34.148,-118.059753,0.010266,12.904,-8.994,-8.932,0.000000
24.186401,-33.632,-118.183609,0.009676,12.904,-8.994,-8.932,0.000000
24.270124,-34.129,-115.432304,0.010249,12.904,-8.994,-8.932,0.000000
24.354139,-32.693,-118.424835,0.008688,12.904,-8.994,-8.932,0.000000
24.438444,-32.613,-143.539948,0.008611,12.904,-8.994,-8.932,0.000000
24.523041,-32.096,-143.627563,0.008114,12.904,-8.994,-8.932,0.000000
24.607929,-31.637,-150.608536,0.007698,12.904,-8.994,-8.932,0.000000
24.693108,-32.194,-171.546066,0.008209,12.904,-8.994,-8.932,0.000000
24.778585,-32.072,-154.799698,0.008096,12.904,-8.994,-8.932,0.000000
24.864359,-31.856,-126.513733,0.007899,12.904,-8.994,-8.932,0.000000
24.950430,-31.414,-157.671387,0.007508,12.904,-8.994,-8.932,0.000000
25.036798,-30.433,-138.201996,0.006707,12.904,-8.994,-8.932,0.000000
25.123466,-30.881,-167.880737,0.007063,12.904,-8.994,-8.932,0.000000
25.210434,-31.649,162.569962,0.007717,12.904,-8.994,-8.932,0.000000
25.297697,-32.112,154.263550,0.008142,12.904,-8.994,-8.932,0.000000
25.385267,-32.292,145.323074,0.008313,12.904,-8.994,-8.932,0.000000
25.473143,-32.765,150.719238,0.008780,12.904,-8.994,-8.932,0.000000
25.561321,-32.682,157.472809,0.008699,12.904,-8.994,-8.932,0.000000
25.649803,-32.600,130.696609,0.008618,12.904,-8.994,-8.932,0.000000
25.738594,-32.916,111.580009,0.008939,12.904,-8.994,-8.932,0.000000
25.827690,-32.664,92.179901,0.008685,12.904,-8.994,-8.932,0.000000
25.917089,-34.288,85.568520,0.010472,12.904,-8.994,-8.932,0.000000
26.006805,-33.100,88.973122,0.009135,12.904,-8.994,-8.932,0.000000
26.096830,-33.142,90.302650,0.009181,12.904,-8.994,-8.932,0.000000
26.187168,-33.549,90.964470,0.009623,12.904,-8.994,-8.932,0.000000
26.277819,-33.588,82.412857,0.009668,12.904,-8.994,-8.932,0.000000
26.368782,-33.418,92.252243,0.009482,12.904,-8.994,-8.932,0.000000
26.460054,-33.457,92.721710,0.009526,12.904,-8.994,-8.932,0.000000
26.551649,-33.031,126.004501,0.009069,12.904,-8.994,-8.932,0.000000
26.643560,-32.484,142.790009,0.008515,12.904,-8.994,-8.932,0.000000
26.735790,-32.301,150.092773,0.008338,12.904,-8.994,-8.932,0.000000
26.828339,-32.539,136.013046,0.008570,12.904,-8.994,-8.932,0.000000
26.921207,-32.483,178.028625,0.008515,12.904,-8.994,-8.932,0.000000
27.014399,-33.832,132.110626,0.009946,12.904,-8.994,-8.932,0.000000
27.107912,-34.222,-177.220810,0.010405,12.904,-8.994,-8.932,0.000000
27.201744,-33.442,-178.465027,0.009513,12.904,-8.994,-8.932,0.000000
27.295906,-33.083,78.089806,0.009129,12.904,-8.994,-8.932,0.000000
27.390394,-33.101,81.548126,0.009150,12.904,-8.994,-8.932,0.000000
27.485209,-33.023,66.998276,0.009070,12.904,-8.994,-8.932,0.000000
27.580351,-34.146,59.364475,0.010324,12.904,-8.994,-8.932,0.000000
27.675825,-34.382,-44.251911,0.010609,12.904,-8.994,-8.932,0.000000
27.771622,-33.517,-179.359695,0.009606,12.904,-8.994,-8.932,0.000000
27.867756,-32.433,-81.418686,0.008480,12.904,-8.994,-8.932,0.000000
27.964224,-31.896,-159.017456,0.007973,12.904,-8.994,-8.932,0.000000
28.061024,-31.936,-137.597580,0.008010,12.904,-8.994,-8.932,0.000000
28.158161,-32.087,-161.861877,0.008152,12.904,-8.994,-8.932,0.000000
28.255634,-32.000,172.763031,0.008072,12.904,-8.994,-8.932,0.000000
28.353443,-32.220,174.139557,0.008281,12.904,-8.994,-8.932,0.000000
28.451593,-32.861,149.921967,0.008917,12.904,-8.994,-8.932,0.000000
28.550081,-32.655,-176.373459,0.008709,12.904,-8.994,-8.932,0.000000
28.648903,-32.572,170.775421,0.008628,12.904,-8.994,-8.932,0.000000
28.748075,-33.000,165.518829,0.009066,12.904,-8.994,-8.932,0.000000
28.847589,-33.827,152.285294,0.009973,12.904,-8.994,-8.932,0.000000
28.947449,-34.328,-141.343201,0.010566,12.904,-8.994,-8.932,0.000000
29.047655,-34.316,-31.678022,0.010552,12.904,-8.994,-8.932,0.000000
29.148207,-32.749,-60.809158,0.008810,12.904,-8.994,-8.932,0.000000
29.249100,-31.897,-73.480743,0.007987,12.904,-8.994,-8.932,0.000000
29.350348,-31.868,-82.093727,0.007960,12.904,-8.994,-8.932,0.000000
29.451948,-30.169,-89.841942,0.006546,12.904,-8.994,-8.932,0.000000
29.553900,-28.340,-104.717468,0.005303,12.904,-8.994,-8.932,0.000000
29.656204,-27.453,-106.590652,0.004789,12.904,-8.994,-8.932,0.000000
29.758862,-27.270,-101.303650,0.004690,12.904,-8.994,-8.932,0.000000
29.861876,-26.906,-122.203415,0.004498,12.904,-8.994,-8.932,0.000000
29.965246,-27.076,-139.351013,0.004588,12.904,-8.994,-8.932,0.000000
30.068968,-26.667,-156.464233,0.004377,12.904,-8.994,-8.932,0.000000
30.173054,-26.668,-179.686249,0.004378,12.904,-8.994,-8.932,0.000000
30.277502,-26.698,176.331711,0.004395,12.904,-8.994,-8.932,0.000000
30.382311,-26.619,153.739655,0.004356,12.904,-8.994,-8.932,0.000000
30.487482,-27.352,141.365906,0.004740,12.904,-8.994,-8.932,0.000000
30.593019,-28.528,149.507111,0.005428,12.904,-8.994,-8.932,0.000000
30.698914,-29.137,154.128006,0.005823,12.904,-8.994,-8.932,0.000000
30.805182,-28.245,164.862579,0.005256,12.904,-8.994,-8.932,0.000000
30.911816,-28.728,154.014465,0.005557,12.904,-8.994,-8.932,0.000000
31.018822,-27.490,150.381760,0.004820,12.904,-8.994,-8.932,0.000000
31.126196,-26.435,159.893997,0.004269,12.904,-8.994,-8.932,0.000000
31.233944,-25.012,159.727158,0.003625,12.904,-8.994,-8.932,0.000000
31.342064,-25.059,151.297897,0.003645,12.904,-8.994,-8.932,0.000000
31.450558,-25.126,150.206161,0.003674,12.904,-8.994,-8.932,0.000000
31.559420,-24.226,148.218674,0.003313,12.904,-8.994,-8.932,0.000000
31.668667,-24.209,147.178009,0.003307,12.904,-8.994,-8.932,0.000000
31.778292,-23.010,139.718292,0.002881,12.904,-8.994,-8.932,0.000000
31.888296,-23.174,134.427185,0.002937,12.904,-8.994,-8.932,0.000000
31.998680,-22.903,135.977951,0.002847,12.904,-8.994,-8.932,0.000000
32.109447,-22.968,135.806885,0.002869,12.904,-8.994,-8.932,0.000000
32.220600,-22.709,125.935097,0.002785,12.904,-8.994,-8.932,0.000000
32.332127,-22.548,124.278610,0.002734,12.904,-8.994,-8.932,0.000000
32.444046,-21.666,124.842369,0.002470,12.904,-8.994,-8.932,0.000000
32.556355,-19.968,123.435547,0.002032,12.904,-8.994,-8.932,0.000000
32.669052,-20.582,119.001030,0.002181,12.904,-8.994,-8.932,0.000000
32.782143,-19.811,107.425941,0.001996,12.904,-8.994,-8.932,0.000000
32.895622,-19.514,106.794304,0.001929,12.904,-8.994,-8.932,0.000000
33.009491,-19.465,103.128922,0.001918,12.904,-8.994,-8.932,0.000000
33.123760,-19.193,100.082802,0.001859,12.904,-8.994,-8.932,0.000000
33.238411,-19.182,95.222618,0.001856,12.904,-8.994,-8.932,0.000000
33.353470,-19.017,88.967300,0.001822,12.904,-8.994,-8.932,0.000000
33.468929,-19.316,84.372826,0.001886,12.904,-8.994,-8.932,0.000000
33.584785,-19.586,77.403244,0.001946,12.904,-8.994,-8.932,0.000000
33.701042,-20.282,77.226685,0.002108,12.904,-8.994,-8.932,0.000000
33.817696,-19.812,72.068153,0.001998,12.904,-8.994,-8.932,0.000000
33.934757,-20.396,74.374733,0.002137,12.904,-8.994,-8.932,0.000000
34.052227,-20.292,67.751137,0.002112,12.904,-8.994,-8.932,0.000000
34.170105,-19.772,63.777996,0.001989,12.904,-8.994,-8.932,0.000000
34.288387,-19.663,56.839661,0.001965,12.904,-8.994,-8.932,0.000000
34.407082,-19.505,50.754917,0.001930,12.904,-8.994,-8.932,0.000000
34.526184,-19.121,47.737526,0.001847,12.904,-8.994,-8.932,0.000000
34.645702,-18.967,45.595661,0.001815,12.904,-8.994,-8.932,0.000000
34.765621,-18.689,38.948505,0.001758,12.904,-8.994,-8.932,0.000000
34.885967,-18.559,37.297306,0.001732,12.904,-8.994,-8.932,0.000000
35.006729,-18.214,34.018948,0.001665,12.904,-8.994,-8.932,0.000000
35.127911,-17.716,25.792994,0.001572,12.904,-8.994,-8.932,0.000000
35.249508,-17.782,23.171936,0.001585,12.904,-8.994,-8.932,0.000000
35.371529,-17.624,19.391863,0.001556,12.904,-8.994,-8.932,0.000000
35.493965,-17.423,14.964881,0.001521,12.904,-8.994,-8.932,0.000000
35.616829,-17.170,11.890627,0.001478,12.904,-8.994,-8.932,0.000000
35.740120,-17.188,8.200462,0.001481,12.904,-8.994,-8.932,0.000000
35.863842,-16.843,4.398763,0.001423,12.904,-8.994,-8.932,0.000000
35.987988,-16.880,0.721664,0.001430,12.904,-8.994,-8.932,0.000000
36.112564,-16.896,-1.950068,0.001433,12.904,-8.994,-8.932,0.000000
36.237572,-16.610,-5.912375,0.001386,12.904,-8.994,-8.932,0.000000
36.363010,-16.765,-8.178723,0.001412,12.904,-8.994,-8.932,0.000000
36.488888,-16.591,-11.451838,0.001384,12.904,-8.994,-8.932,0.000000
36.615189,-16.862,-14.585379,0.001428,12.904,-8.994,-8.932,0.000000
36.741936,-16.886,-16.971701,0.001432,12.904,-8.994,-8.932,0.000000
36.869122,-16.664,-18.024822,0.001395,12.904,-8.994,-8.932,0.000000
36.996750,-16.799,-21.295883,0.001417,12.904,-8.994,-8.932,0.000000
37.124817,-16.609,-23.512394,0.001387,12.904,-8.994,-8.932,0.000000
37.253323,-16.533,-26.194231,0.001375,12.904,-8.994,-8.932,0.000000
37.382278,-16.459,-29.584808,0.001363,12.904,-8.994,-8.932,0.000000
37.511681,-16.484,-30.848099,0.001367,12.904,-8.994,-8.932,0.000000
37.641533,-16.350,-34.921280,0.001347,12.904,-8.994,-8.932,0.000000
37.771832,-16.370,-37.776520,0.001350,12.904,-8.994,-8.932,0.000000
37.902584,-16.378,-42.470932,0.001351,12.904,-8.994,-8.932,0.000000
38.033791,-16.319,-43.955856,0.001342,12.904,-8.994,-8.932,0.000000
38.165447,-16.493,-46.421593,0.001370,12.904,-8.994,-8.932,0.000000
38.297562,-16.707,-49.655632,0.001404,12.904,-8.994,-8.932,0.000000
38.430122,-16.615,-50.796143,0.001390,12.904,-8.994,-8.932,0.000000
38.563152,-16.731,-53.597736,0.001409,12.904,-8.994,-8.932,0.000000
38.696644,-16.601,-55.386963,0.001388,12.904,-8.994,-8.932,0.000000
38.830597,-16.650,-58.544884,0.001396,12.904,-8.994,-8.932,0.000000
38.965015,-16.512,-60.026581,0.001374,12.904,-8.994,-8.932,0.000000
39.099895,-16.520,-62.201271,0.001376,12.904,-8.994,-8.932,0.000000
39.235237,-16.513,-63.102020,0.001375,12.904,-8.994,-8.932,0.000000
39.371052,-16.195,-66.318069,0.001326,12.904,-8.994,-8.932,0.000000
39.507339,-16.092,-69.549278,0.001310,12.904,-8.994,-8.932,0.000000
39.644100,-16.136,-72.408875,0.001317,12.904,-8.994,-8.932,0.000000
39.781334,-16.124,-74.716469,0.001316,12.904,-8.994,-8.932,0.000000
39.919041,-16.009,-77.467865,0.001298,12.904,-8.994,-8.932,0.000000
40.057224,-15.953,-79.313309,0.001290,12.904,-8.994,-8.932,0.000000
40.195889,-15.807,-82.016624,0.001269,12.904,-8.994,-8.932,0.000000
40.335030,-15.894,-86.030159,0.001282,12.904,-8.994,-8.932,0.000000
40.474644,-16.104,-85.884850,0.001314,12.904,-8.994,-8.932,0.000000
40.614754,-16.091,-87.319153,0.001312,12.904,-8.994,-8.932,0.000000
40.755344,-16.123,-88.843620,0.001317,12.904,-8.994,-8.932,0.000000
40.896423,-15.923,-89.269447,0.001287,12.904,-8.994,-8.932,0.000000
41.037983,-15.848,-91.398689,0.001276,12.904,-8.994,-8.932,0.000000
41.180042,-15.909,-94.525444,0.001285,12.904,-8.994,-8.932,0.000000
41.322590,-15.926,-94.334709,0.001288,12.904,-8.994,-8.932,0.000000
41.465633,-15.784,-95.328941,0.001267,12.904,-8.994,-8.932,0.000000
41.609173,-15.846,-95.046654,0.001276,12.904,-8.994,-8.932,0.000000
41.753204,-15.266,-96.290878,0.001194,12.904,-8.994,-8.932,0.000000
41.897739,-15.104,-99.136101,0.001172,12.904,-8.994,-8.932,0.000000
42.042774,-14.922,-99.903633,0.001147,12.904,-8.994,-8.932,0.000000
42.188309,-14.633,-101.972893,0.001110,12.904,-8.994,-8.932,0.000000
42.334339,-14.400,-104.249626,0.001081,12.904,-8.994,-8.932,0.000000
42.480885,-14.183,-105.517365,0.001054,12.904,-8.994,-8.932,0.000000
42.627937,-13.907,-108.069992,0.001022,12.904,-8.994,-8.932,0.000000
42.775497,-13.710,-111.943573,0.000999,12.904,-8.994,-8.932,0.000000
42.923573,-13.571,-115.128891,0.000983,12.904,-8.994,-8.932,0.000000
43.072155,-13.536,-117.689888,0.000979,12.904,-8.994,-8.932,0.000000
43.221245,-13.556,-119.954231,0.000982,12.904,-8.994,-8.932,0.000000
43.370861,-13.416,-122.520493,0.000966,12.904,-8.994,-8.932,0.000000
43.520992,-13.266,-126.283356,0.000950,12.904,-8.994,-8.932,0.000000
43.671646,-13.205,-129.314148,0.000943,12.904,-8.994,-8.932,0.000000
43.822823,-13.272,-132.154678,0.000951,12.904,-8.994,-8.932,0.000000
43.974518,-13.266,-135.637375,0.000950,12.904,-8.994,-8.932,0.000000
44.126743,-13.248,-137.615906,0.000948,12.904,-8.994,-8.932,0.000000
44.279491,-13.163,-140.327667,0.000939,12.904,-8.994,-8.932,0.000000
44.432770,-13.056,-143.413498,0.000928,12.904,-8.994,-8.932,0.000000
44.586567,-13.018,-147.543320,0.000924,12.904,-8.994,-8.932,0.000000
44.740910,-13.016,-149.127747,0.000924,12.904,-8.994,-8.932,0.000000
44.895786,-12.979,-152.746460,0.000920,12.904,-8.994,-8.932,0.000000
45.051197,-12.972,-156.627853,0.000920,12.904,-8.994,-8.932,0.000000
45.207138,-13.018,-157.974503,0.000925,12.904,-8.994,-8.932,0.000000
45.363636,-13.084,-161.236145,0.000932,12.904,-8.994,-8.932,0.000000
45.520660,-13.012,-164.939316,0.000925,12.904,-8.994,-8.932,0.000000
45.678234,-13.115,-167.097839,0.000936,12.904,-8.994,-8.932,0.000000
45.836353,-13.148,-169.756165,0.000939,12.904,-8.994,-8.932,0.000000
45.995022,-13.214,-173.150360,0.000947,12.904,-8.994,-8.932,0.000000
46.154240,-13.216,-175.731262,0.000947,12.904,-8.994,-8.932,0.000000
46.314007,-13.372,-179.214340,0.000964,12.904,-8.994,-8.932,0.000000
46.474327,-13.568,178.851334,0.000986,12.904,-8.994,-8.932,0.000000
46.635193,-13.553,177.799133,0.000984,12.904,-8.994,-8.932,0.000000
46.796627,-13.558,175.850952,0.000985,12.904,-8.994,-8.932,0.000000
46.958618,-13.757,172.634750,0.001008,12.904,-8.994,-8.932,0.000000
47.121170,-13.873,170.382217,0.001022,12.904,-8.994,-8.932,0.000000
47.284286,-14.022,168.222458,0.001039,12.904,-8.994,-8.932,0.000000
47.447968,-14.265,165.956909,0.001069,12.904,-8.994,-8.932,0.000000
47.612202,-14.614,163.476562,0.001113,12.904,-8.994,-8.932,0.000000
47.777020,-14.824,161.743835,0.001140,12.904,-8.994,-8.932,0.000000
47.942402,-14.904,159.947372,0.001151,12.904,-8.994,-8.932,0.000000
48.108360,-15.057,157.715103,0.001172,12.904,-8.994,-8.932,0.000000
48.274895,-15.401,155.966110,0.001219,12.904,-8.994,-8.932,0.000000
48.442005,-15.647,154.506149,0.001255,12.904,-8.994,-8.932,0.000000
48.609692,-15.789,153.350082,0.001276,12.904,-8.994,-8.932,0.000000
48.777958,-15.937,152.195114,0.001298,12.904,-8.994,-8.932,0.000000
48.946812,-16.018,151.273117,0.001310,12.904,-8.994,-8.932,0.000000
49.116234,-16.138,149.411209,0.001329,12.904,-8.994,-8.932,0.000000
49.286255,-16.313,149.104996,0.001356,12.904,-8.994,-8.932,0.000000
49.456863,-16.292,148.658081,0.001353,12.904,-8.994,-8.932,0.000000
49.628067,-16.451,148.105606,0.001378,12.904,-8.994,-8.932,0.000000
49.799858,-16.335,147.285721,0.001360,12.904,-8.994,-8.932,0.000000
49.972248,-16.402,145.971817,0.001371,12.904,-8.994,-8.932,0.000000
50.145218,-16.247,145.221603,0.001347,12.904,-8.994,-8.932,0.000000
50.318802,-16.200,143.299637,0.001340,12.904,-8.994,-8.932,0.000000
50.492989,-16.085,142.248764,0.001322,12.904,-8.994,-8.932,0.000000
50.667774,-16.004,139.482727,0.001310,12.904,-8.994,-8.932,0.000000
50.843166,-15.943,136.974854,0.001301,12.904,-8.994,-8.932,0.000000
51.019169,-15.878,134.559113,0.001291,12.904,-8.994,-8.932,0.000000
51.195774,-15.815,131.627548,0.001282,12.904,-8.994,-8.932,0.000000
51.372997,-15.813,128.958710,0.001281,12.904,-8.994,-8.932,0.000000
51.550816,-15.917,127.118576,0.001297,12.904,-8.994,-8.932,0.000000
51.729267,-15.989,124.330055,0.001308,12.904,-8.994,-8.932,0.000000
51.908333,-16.164,121.709679,0.001335,12.904,-8.994,-8.932,0.000000
52.088020,-16.417,119.363953,0.001374,12.904,-8.994,-8.932,0.000000
52.268330,-16.749,117.639786,0.001428,12.904,-8.994,-8.932,0.000000
52.449261,-17.096,115.719330,0.001487,12.904,-8.994,-8.932,0.000000
52.630810,-17.540,114.166954,0.001565,12.904,-8.994,-8.932,0.000000
52.812996,-18.014,113.030014,0.001653,12.904,-8.994,-8.932,0.000000
52.995815,-18.436,111.837219,0.001735,12.904,-8.994,-8.932,0.000000
53.179264,-18.919,110.810371,0.001835,12.904,-8.994,-8.932,0.000000
53.363350,-19.482,110.063248,0.001958,12.904,-8.994,-8.932,0.000000
53.548077,-19.964,109.660210,0.002070,12.904,-8.994,-8.932,0.000000
53.733437,-20.449,109.597908,0.002190,12.904,-8.994,-8.932,0.000000
53.919441,-20.914,110.381660,0.002310,12.904,-8.994,-8.932,0.000000
54.106079,-21.289,110.275635,0.002413,12.904,-8.994,-8.932,0.000000
54.293373,-21.807,111.141563,0.002562,12.904,-8.994,-8.932,0.000000
54.481316,-22.131,113.117638,0.002659,12.904,-8.994,-8.932,0.000000
54.669895,-22.181,113.989487,0.002675,12.904,-8.994,-8.932,0.000000
54.859169,-22.524,114.502068,0.002783,12.904,-8.994,-8.932,0.000000
55.049042,-22.608,116.976822,0.002811,12.904,-8.994,-8.932,0.000000
55.239601,-22.640,118.226685,0.002822,12.904,-8.994,-8.932,0.000000
55.430820,-22.580,120.090706,0.002803,12.904,-8.994,-8.932,0.000000
55.622700,-22.417,121.065697,0.002751,12.904,-8.994,-8.932,0.000000
55.815247,-22.613,121.200325,0.002814,12.904,-8.994,-8.932,0.000000
56.008457,-22.636,122.511444,0.002822,12.904,-8.994,-8.932,0.000000
56.202335,-22.548,125.098091,0.002794,12.904,-8.994,-8.932,0.000000
56.396889,-22.508,127.084221,0.002782,12.904,-8.994,-8.932,0.000000
56.592110,-22.314,129.010086,0.002721,12.904,-8.994,-8.932,0.000000
56.788010,-22.157,129.945389,0.002672,12.904,-8.994,-8.932,0.000000
56.984589,-21.894,132.561340,0.002593,12.904,-8.994,-8.932,0.000000
57.181820,-21.612,134.059921,0.002510,12.904,-8.994,-8.932,0.000000
57.379791,-21.333,134.839783,0.002430,12.904,-8.994,-8.932,0.000000
57.578388,-21.041,136.467285,0.002350,12.904,-8.994,-8.932,0.000000
57.777702,-20.374,136.519424,0.002176,12.904,-8.994,-8.932,0.000000
57.977707,-19.986,135.923370,0.002081,12.904,-8.994,-8.932,0.000000
58.178406,-19.616,135.231537,0.001995,12.904,-8.994,-8.932,0.000000
58.379795,-19.243,134.821945,0.001911,12.904,-8.994,-8.932,0.000000
58.581886,-18.800,133.653763,0.001817,12.904,-8.994,-8.932,0.000000
58.784672,-18.353,132.491898,0.001726,12.904,-8.994,-8.932,0.000000
58.988163,-17.981,130.089539,0.001654,12.904,-8.994,-8.932,0.000000
59.192356,-17.830,128.988480,0.001626,12.904,-8.994,-8.932,0.000000
59.397259,-17.692,126.980179,0.001600,12.904,-8.994,-8.932,0.000000
59.602867,-17.471,124.743271,0.001560,12.904,-8.994,-8.932,0.000000
59.809193,-17.338,123.057549,0.001537,12.904,-8.994,-8.932,0.000000
60.016228,-17.065,120.592697,0.001490,12.904,-8.994,-8.932,0.000000
60.223953,-17.082,118.153618,0.001493,12.904,-8.994,-8.932,0.000000
60.432423,-17.101,117.361771,0.001496,12.904,-8.994,-8.932,0.000000
60.641617,-17.142,116.440216,0.001504,12.904,-8.994,-8.932,0.000000
60.851536,-17.225,114.864929,0.001518,12.904,-8.994,-8.932,0.000000
61.062180,-17.289,114.174835,0.001530,12.904,-8.994,-8.932,0.000000
61.273556,-17.544,114.815750,0.001576,12.904,-8.994,-8.932,0.000000
61.485661,-17.565,114.389137,0.001580,12.904,-8.994,-8.932,0.000000
61.698502,-17.742,114.293236,0.001613,12.904,-8.994,-8.932,0.000000
61.912075,-17.850,114.727844,0.001633,12.904,-8.994,-8.932,0.000000
62.126392,-17.948,115.886078,0.001652,12.904,-8.994,-8.932,0.000000
62.341450,-17.814,117.181320,0.001627,12.904,-8.994,-8.932,0.000000
62.557251,-17.615,118.561699,0.001590,12.904,-8.994,-8.932,0.000000
62.773800,-17.395,119.279823,0.001551,12.904,-8.994,-8.932,0.000000
62.991070,-16.881,121.108749,0.001462,12.904,-8.994,-8.932,0.000000
63.209152,-16.294,121.467888,0.001367,12.891,-8.944,-8.882,0.000000
63.427925,-15.821,121.606956,0.001294,12.876,-8.892,-8.830,0.000000
63.647522,-15.125,121.149887,0.001195,12.862,-8.840,-8.777,0.000000
63.867813,-14.700,120.771301,0.001138,12.847,-8.787,-8.725,0.000000
64.088898,-14.182,119.553802,0.001072,12.832,-8.735,-8.672,0.000000
64.310753,-13.575,117.793541,0.001000,12.818,-8.682,-8.619,0.000000
64.533371,-13.102,115.094429,0.000947,12.803,-8.629,-8.566,0.000000
64.756760,-12.633,111.910446,0.000898,12.788,-8.576,-8.513,0.000000
64.980919,-12.270,108.602448,0.000861,12.773,-8.522,-8.459,0.000000
65.205864,-11.953,105.989494,0.000830,12.759,-8.469,-8.406,0.000000
65.431580,-11.517,103.064392,0.000790,12.744,-8.415,-8.352,0.000000
65.658081,-11.349,101.189476,0.000775,12.729,-8.361,-8.298,0.000000
65.885361,-10.766,97.822159,0.000725,12.714,-8.307,-8.244,0.000000
66.113434,-10.415,94.736305,0.000696,12.699,-8.252,-8.190,0.000000
66.342262,-10.066,88.856674,0.000669,12.684,-8.198,-8.135,0.000000
66.571945,-9.999,85.877884,0.000664,12.668,-8.143,-8.080,0.000000
66.802353,-9.757,81.219292,0.000646,12.653,-8.088,-8.025,0.000000
67.033600,-9.387,78.092018,0.000619,12.638,-8.033,-7.970,0.000000
67.265648,-9.192,72.963631,0.000605,12.622,-7.978,-7.915,0.000000
67.498489,-9.128,70.010452,0.000601,12.607,-7.922,-7.859,0.000000
67.732147,-9.072,66.261490,0.000597,12.592,-7.867,-7.804,0.000000
67.966606,-9.262,63.782497,0.000610,12.576,-7.811,-7.748,0.000000
68.201881,-9.330,60.132092,0.000615,12.561,-7.755,-7.692,0.000000
68.437973,-9.415,56.642620,0.000621,12.545,-7.698,-7.635,0.000000
68.674881,-9.440,52.353996,0.000623,12.529,-7.642,-7.579,0.000000
68.912605,-9.575,49.115108,0.000633,12.514,-7.585,-7.522,0.000000
69.151154,-9.865,45.205063,0.000655,12.498,-7.528,-7.465,0.000000
69.390495,-10.036,41.480080,0.000668,12.482,-7.471,-7.408,0.000000
69.630730,-10.259,36.080883,0.000686,12.466,-7.414,-7.351,0.000000
69.871735,-10.573,30.343204,0.000711,12.450,-7.357,-7.294,0.000000
70.113640,-10.760,25.381165,0.000726,12.434,-7.299,-7.236,0.000000
70.356308,-11.205,20.162512,0.000765,12.418,-7.241,-7.178,0.000000
70.599854,-11.639,15.840876,0.000804,12.402,-7.183,-7.120,0.000000
70.844246,-12.098,13.339640,0.000848,12.386,-7.125,-7.062,0.000000
71.089478,-12.537,10.720119,0.000892,12.370,-7.067,-7.003,0.000000
71.335564,-13.083,6.991230,0.000950,12.354,-7.008,-6.945,0.000000
71.582504,-13.675,5.079913,0.001017,12.337,-6.949,-6.886,0.000000
71.830292,-14.211,3.468655,0.001082,12.321,-6.890,-6.827,0.000000
72.078941,-14.799,2.030879,0.001158,12.304,-6.831,-6.768,0.000000
72.328453,-15.190,1.647387,0.001212,12.288,-6.771,-6.708,0.000000
72.578827,-15.764,1.252107,0.001295,12.271,-6.712,-6.649,0.000000
72.830063,-16.357,1.261332,0.001386,12.255,-6.652,-6.589,0.000000
73.082176,-16.676,1.668280,0.001438,12.238,-6.592,-6.529,0.000000
73.335159,-17.186,1.496102,0.001526,12.221,-6.531,-6.468,0.000000
73.588982,-17.773,2.226203,0.001633,12.205,-6.471,-6.408,0.000000
73.843719,-18.024,2.562339,0.001681,12.188,-6.410,-6.347,0.000000
74.099335,-18.337,2.996289,0.001743,12.171,-6.349,-6.286,0.000000
74.355843,-18.639,3.546001,0.001805,12.154,-6.288,-6.225,0.000000
74.613228,-19.107,3.434746,0.001905,12.137,-6.227,-6.164,0.000000
74.871513,-19.640,4.116204,0.002025,12.120,-6.165,-6.102,0.000000
75.130692,-19.993,5.108727,0.002109,12.103,-6.104,-6.040,0.000000
75.390762,-20.297,4.888052,0.002185,12.086,-6.042,-5.978,0.000000
75.651733,-20.648,5.049736,0.002275,12.068,-5.979,-5.916,0.000000
75.913612,-20.785,5.651877,0.002311,12.051,-5.917,-5.854,0.000000
76.176399,-21.049,7.209826,0.002382,12.034,-5.854,-5.791,0.000000
76.440094,-21.295,8.902675,0.002451,12.016,-5.792,-5.728,0.000000
76.704697,-21.557,10.768847,0.002526,11.999,-5.729,-5.665,0.000000
76.970184,-21.801,12.992129,0.002599,11.981,-5.665,-5.602,0.000000
77.236664,-21.860,14.996450,0.002617,11.964,-5.602,-5.538,0.000000
77.503990,-21.991,17.099539,0.002657,11.946,-5.538,-5.475,0.000000
77.772278,-22.116,20.813116,0.002696,11.928,-5.474,-5.411,0.000000
78.041496,-22.098,23.932941,0.002691,11.910,-5.410,-5.346,0.000000
78.311646,-22.250,27.382254,0.002739,11.893,-5.346,-5.282,0.000000
78.582733,-22.245,29.585663,0.002737,11.875,-5.281,-5.217,0.000000
78.854752,-22.145,30.853945,0.002706,11.857,-5.216,-5.153,0.000000
79.127716,-21.975,33.441135,0.002653,11.839,-5.151,-5.088,0.000000
79.401627,-21.724,35.965286,0.002578,11.821,-5.086,-5.022,0.000000
79.676483,-21.330,37.660412,0.002463,11.802,-5.020,-4.957,0.000000
79.952293,-20.858,38.488235,0.002333,11.784,-4.955,-4.891,0.000000
80.229057,-20.455,39.115250,0.002227,11.766,-4.889,-4.825,0.000000
80.506744,-20.105,40.029461,0.002139,11.748,-4.823,-4.759,0.000000
80.785469,-19.682,40.080212,0.002038,11.729,-4.756,-4.692,0.000000
81.065079,-19.361,39.889053,0.001964,11.711,-4.690,-4.626,0.000000
81.345734,-19.035,40.093124,0.001891,11.692,-4.623,-4.559,0.000000
81.627281,-18.634,39.707085,0.001806,11.673,-4.556,-4.492,0.000000
81.909843,-18.230,38.599918,0.001724,11.655,-4.488,-4.424,0.000000
82.193382,-17.970,38.094929,0.001673,11.636,-4.421,-4.357,0.000000
82.477905,-17.695,37.867298,0.001621,11.617,-4.353,-4.289,0.000000
82.763412,-17.303,36.906162,0.001549,11.598,-4.285,-4.221,0.000000
83.049904,-17.007,36.277897,0.001498,11.579,-4.217,-4.153,0.000000
83.337395,-16.789,35.637817,0.001460,11.560,-4.148,-4.084,0.000000
83.625877,-16.464,35.282440,0.001407,11.541,-4.079,-4.015,0.000000
83.915352,-16.051,34.328129,0.001342,11.522,-4.010,-3.946,0.000000
84.205795,-15.738,32.889633,0.001294,11.503,-3.941,-3.877,0.000000
84.497330,-15.452,31.740732,0.001252,11.484,-3.872,-3.808,0.000000
84.789780,-15.139,30.511881,0.001208,11.464,-3.802,-3.738,0.000000
85.083336,-14.826,28.823538,0.001165,11.445,-3.732,-3.668,0.000000
85.377815,-14.491,26.877031,0.001121,11.426,-3.662,-3.598,0.000000
85.673363,-14.245,24.890541,0.001090,11.406,-3.592,-3.527,0.000000
85.969933,-13.970,22.636976,0.001056,11.387,-3.521,-3.457,0.000000
86.267525,-13.749,20.257332,0.001029,11.367,-3.450,-3.386,0.000000
86.566154,-13.538,17.209810,0.001004,11.347,-3.379,-3.315,0.000000
86.865814,-13.281,13.951943,0.000975,11.327,-3.307,-3.243,0.000000
87.166504,-13.147,11.257538,0.000960,11.307,-3.236,-3.172,0.000000
87.468246,-12.910,7.922638,0.000934,11.287,-3.164,-3.100,0.000000
87.771027,-12.781,4.565836,0.000921,11.267,-3.092,-3.027,0.000000
88.074852,-12.630,-0.186767,0.000905,11.247,-3.019,-2.955,0.000000
88.379738,-12.492,-3.749645,0.000890,11.227,-2.947,-2.882,0.000000
88.685677,-12.338,-6.120204,0.000874,11.207,-2.874,-2.809,0.000000
88.992668,-12.260,-11.211250,0.000866,11.187,-2.801,-2.736,0.000000
89.300682,-12.342,-14.685557,0.000874,11.166,-2.727,-2.663,0.000000
89.609810,-12.510,-19.169666,0.000891,11.146,-2.654,-2.589,0.000000
89.920006,-12.665,-23.639256,0.000907,11.125,-2.580,-2.515,0.000000
90.231270,-12.925,-27.754477,0.000935,11.105,-2.505,-2.441,0.000000
90.543617,-13.339,-31.795633,0.000981,11.084,-2.431,-2.367,0.000000
90.857048,-13.731,-35.545002,0.001026,11.064,-2.356,-2.292,0.000000
91.171562,-14.270,-38.653042,0.001092,11.043,-2.281,-2.217,0.000000
91.487160,-14.835,-42.071095,0.001165,11.022,-2.206,-2.142,0.000000
91.803856,-15.554,-44.500225,0.001265,11.001,-2.131,-2.066,0.000000
92.121643,-16.067,-45.787006,0.001342,10.980,-2.055,-1.990,0.000000
92.440536,-16.788,-46.519428,0.001458,10.959,-1.979,-1.914,0.000000
92.760529,-17.404,-47.123680,0.001566,10.938,-1.903,-1.838,0.000000
93.081627,-18.055,-47.283287,0.001688,10.917,-1.826,-1.762,0.000000
93.403793,-18.565,-46.022800,0.001790,10.895,-1.749,-1.685,0.000000
93.727173,-19.133,-44.918007,0.001911,10.874,-1.672,-1.608,0.000000
94.051575,-19.588,-42.561260,0.002013,10.852,-1.595,-1.530,0.000000
94.377190,-19.965,-40.634125,0.002102,10.831,-1.518,-1.453,0.000000
94.703842,-20.340,-37.869804,0.002195,10.809,-1.440,-1.375,0.000000
95.031670,-20.728,-35.027271,0.002295,10.788,-1.362,-1.297,0.000000
95.360634,-20.885,-32.444042,0.002336,10.766,-1.283,-1.218,0.000000
95.690735,-20.867,-28.978065,0.002331,10.744,-1.205,-1.140,0.000000
96.021980,-20.800,-25.815943,0.002312,10.722,-1.126,-1.061,0.000000
96.354370,-20.672,-23.271219,0.002278,10.700,-1.046,-0.982,0.000000
96.687912,-20.443,-20.923222,0.002219,10.678,-0.967,-0.902,0.000000
97.022606,-20.139,-19.080826,0.002142,10.656,-0.887,-0.822,0.000000
97.358459,-19.885,-16.709946,0.002080,10.634,-0.807,-0.742,0.000000
97.695435,-19.506,-16.267433,0.001991,10.612,-0.727,-0.662,0.000000
98.033661,-18.998,-15.601309,0.001877,10.589,-0.646,-0.581,0.000000
98.372971,-18.517,-15.538033,0.001776,10.567,-0.565,-0.500,0.000000
98.713547,-18.313,-13.824498,0.001735,10.544,-0.484,-0.419,0.000000
99.055214,-17.848,-13.997693,0.001644,10.522,-0.403,-0.338,0.000000
99.398102,-17.374,-14.498577,0.001557,10.499,-0.321,-0.256,0.000000
99.742180,-16.840,-15.842318,0.001464,10.476,-0.239,-0.174,0.000000
100.087448,-16.295,-17.718485,0.001375,10.454,-0.157,-0.092,0.000000
100.433914,-15.822,-19.554876,0.001302,10.431,-0.074,-0.009,0.000000
100.781578,-15.309,-21.536299,0.001227,10.408,0.009,0.074,0.000000
101.130447,-14.842,-24.346857,0.001163,10.385,0.092,0.157,0.000000
101.480522,-14.416,-27.727798,0.001107,10.362,0.175,0.240,0.000000
101.831802,-13.952,-32.817581,0.001049,10.338,0.259,0.324,0.000000
102.184258,-13.633,-36.889038,0.001011,10.315,0.343,0.408,0.000000
102.538033,-13.400,-40.534355,0.000984,10.292,0.427,0.492,0.000000
102.892975,-13.186,-45.137508,0.000960,10.268,0.512,0.577,0.000000
103.249153,-13.064,-49.799496,0.000947,10.245,0.597,0.662,0.000000
103.606514,-12.999,-54.470436,0.000939,10.221,0.682,0.747,0.000000
103.965157,-13.078,-59.208237,0.000948,10.197,0.767,0.832,0.000000
104.325050,-13.192,-63.552628,0.000960,10.174,0.853,0.918,0.000000
104.686180,-13.248,-67.790550,0.000966,10.150,0.939,1.004,0.000000
105.048561,-13.376,-71.205391,0.000980,10.126,1.025,1.091,0.000000
105.412201,-13.504,-75.310814,0.000995,10.102,1.112,1.177,0.000000
105.777100,-13.711,-79.257767,0.001019,10.078,1.199,1.264,0.000000
106.143257,-13.994,-82.644958,0.001053,10.053,1.286,1.352,0.000000
106.510689,-14.203,-86.299110,0.001078,10.029,1.374,1.439,0.000000
106.879387,-14.509,-89.806610,0.001117,10.005,1.462,1.527,0.000000
107.249359,-14.698,-93.534157,0.001141,9.980,1.550,1.615,0.000000
107.620613,-14.963,-97.416565,0.001177,9.956,1.638,1.704,0.000000
107.993156,-15.256,-101.098648,0.001217,9.931,1.727,1.792,0.000000
108.366936,-15.514,-104.621803,0.001254,9.906,1.816,1.882,0.000000
108.742065,-15.812,-108.616356,0.001297,9.882,1.905,1.971,0.000000
109.118484,-16.126,-112.679413,0.001345,9.857,1.995,2.061,0.000000
109.496208,-16.408,-116.426849,0.001389,9.832,2.085,2.151,0.000000
109.875244,-16.709,-120.485504,0.001437,9.807,2.175,2.241,0.000000
110.255592,-17.066,-125.015038,0.001498,9.782,2.266,2.332,0.000000
110.637253,-17.482,-129.110153,0.001571,9.756,2.357,2.423,0.000000
111.020241,-17.851,-132.860565,0.001639,9.731,2.448,2.514,0.000000
111.404549,-18.316,-137.144577,0.001729,9.706,2.540,2.606,0.000000
111.790184,-18.898,-141.135025,0.001848,9.680,2.632,2.698,0.000000
112.177162,-19.518,-145.798706,0.001984,9.655,2.724,2.790,0.000000
112.565475,-20.010,-148.381348,0.002100,9.629,2.816,2.882,0.000000
112.955132,-20.615,-152.392838,0.002251,9.603,2.909,2.975,0.000000
113.346085,-21.293,-155.690079,0.002433,9.577,3.002,3.068,0.000000
113.738503,-21.884,-158.888580,0.002604,9.552,3.096,3.162,0.000000
114.132164,-22.493,-161.172531,0.002794,9.526,3.190,3.256,0.000000
114.527306,-23.235,-163.785095,0.003043,9.499,3.284,3.350,0.000000
114.923698,-23.768,-165.294647,0.003236,9.473,3.378,3.444,0.000000
115.321518,-24.331,-166.274307,0.003452,9.447,3.473,3.539,0.000000
115.720718,-24.942,-169.420639,0.003704,9.421,3.568,3.634,0.000000
116.121300,-25.578,-172.751572,0.003984,9.394,3.664,3.730,0.000000
116.523270,-26.142,-176.187042,0.004251,9.368,3.760,3.826,0.000000
116.926628,-26.638,-179.197037,0.004500,9.341,3.856,3.922,0.000000
117.331383,-27.158,176.166000,0.004777,9.314,3.952,4.018,0.000000
117.737541,-27.639,172.249664,0.005048,9.287,4.049,4.115,0.000000
118.145103,-27.946,166.133087,0.005229,9.260,4.146,4.212,0.000000
118.554016,-28.228,160.156296,0.005400,9.233,4.243,4.310,0.000000
118.964462,-28.389,153.663406,0.005502,9.206,4.341,4.408,0.000000
119.376213,-28.308,147.735977,0.005450,9.179,4.439,4.506,0.000000
119.789505,-28.807,142.040054,0.005773,9.152,4.538,4.604,0.000000
120.204117,-29.409,134.060577,0.006187,9.124,4.637,4.703,0.000000
120.620216,-29.690,127.272858,0.006390,9.097,4.736,4.802,0.000000
121.037758,-29.888,119.372375,0.006538,9.069,4.835,4.902,0.000000
121.456741,-29.863,113.406090,0.006519,9.042,4.935,5.002,0.000000
121.877174,-29.980,106.993706,0.006608,9.014,5.035,5.102,0.000000
122.299072,-30.631,98.253227,0.007122,8.986,5.136,5.202,0.000000
122.722420,-30.985,90.985008,0.007418,8.958,5.237,5.303,0.000000
123.147240,-31.420,84.551994,0.007798,8.930,5.338,5.404,0.000000
123.573532,-31.325,79.168602,0.007714,8.902,5.439,5.506,0.000000
124.001297,-30.849,74.558151,0.007303,8.873,5.541,5.608,0.000000
124.430542,-30.596,70.851685,0.007093,8.845,5.644,5.710,0.000000
124.861267,-30.075,64.031548,0.006680,8.817,5.746,5.813,0.000000
125.293488,-29.895,58.303314,0.006543,8.806,5.799,5.865,0.000000
125.727150,-29.875,52.767963,0.006528,8.803,5.827,5.894,0.000000
126.162369,-29.152,52.548847,0.006007,8.801,5.856,5.922,0.000000
126.599091,-29.196,49.204437,0.006037,8.798,5.884,5.951,0.000000
127.037331,-28.967,45.031891,0.005880,8.796,5.913,5.979,0.000000
127.477089,-28.689,41.282734,0.005695,8.793,5.942,6.008,0.000000
127.918365,-28.600,35.833271,0.005637,8.791,5.971,6.037,0.000000
128.361160,-28.817,33.636036,0.005779,8.789,6.000,6.066,0.000000
128.805511,-28.519,29.149179,0.005584,8.786,6.029,6.095,0.000000
129.251373,-28.111,27.146692,0.005328,8.784,6.058,6.124,0.000000
129.698792,-27.744,23.202568,0.005108,8.781,6.088,6.153,0.000000
130.147766,-27.682,20.618246,0.005071,8.778,6.117,6.183,0.000000
130.598282,-27.248,15.341803,0.004824,8.776,6.147,6.212,0.000000
131.050369,-27.069,11.546648,0.004726,8.773,6.176,6.242,0.000000
131.503952,-27.191,9.875799,0.004792,8.771,6.206,6.271,0.000000
131.959229,-26.708,11.886553,0.004533,8.768,6.236,6.301,0.000000
132.415955,-26.775,8.793026,0.004569,8.766,6.266,6.331,0.000000
132.874329,-26.324,4.158549,0.004337,8.763,6.296,6.361,0.000000
133.334290,-25.919,5.448001,0.004140,8.761,6.326,6.391,0.000000
133.795853,-25.916,4.925734,0.004138,8.758,6.357,6.421,0.000000
134.259003,-25.663,1.954836,0.004020,8.755,6.387,6.452,0.000000
134.723755,-25.579,1.332267,0.003981,8.753,6.418,6.482,0.000000
135.190109,-25.183,-4.592265,0.003804,8.750,6.448,6.512,0.000000
135.658081,-25.093,-8.100932,0.003764,8.748,6.479,6.543,0.000000
136.127686,-25.334,-14.868467,0.003870,8.745,6.510,6.574,0.000000
136.598907,-25.214,-17.315929,0.003817,8.742,6.541,6.605,0.000000
137.071762,-25.952,-18.076370,0.004155,8.740,6.572,6.636,0.000000
137.546249,-26.595,-25.459904,0.004475,8.737,6.603,6.667,0.000000
138.022385,-26.722,-29.091501,0.004541,8.734,6.634,6.698,0.000000
138.500092,-27.107,-32.128082,0.004746,8.732,6.665,6.729,0.000000
138.979599,-27.830,-29.081123,0.005159,8.729,6.697,6.760,0.000000
139.460617,-27.971,-31.128092,0.005243,8.726,6.728,6.792,0.000000
139.943375,-27.862,-32.120945,0.005178,8.723,6.760,6.823,0.000000
140.427811,-27.969,-30.245750,0.005242,8.721,6.792,6.855,0.000000
140.913925,-27.849,-31.763538,0.005170,8.718,6.824,6.887,0.000000
141.401703,-27.463,-31.878489,0.004945,8.715,6.856,6.919,0.000000
141.891190,-27.240,-33.544205,0.004820,8.713,6.888,6.951,0.000000
142.382355,-26.896,-33.793465,0.004632,8.710,6.920,6.983,0.000000
142.875229,-26.393,-38.447380,0.004372,8.707,6.953,7.015,0.000000
143.369812,-25.932,-44.612915,0.004146,8.704,6.985,7.047,0.000000
143.866104,-25.742,-48.161942,0.004056,8.701,7.018,7.080,0.000000
144.364120,-25.321,-53.489212,0.003864,8.699,7.050,7.112,0.000000
144.863785,-25.029,-61.044838,0.003736,8.696,7.083,7.145,0.000000
145.365311,-24.848,-68.144554,0.003660,8.693,7.116,7.178,0.000000
145.868439,-24.896,-75.869995,0.003680,8.690,7.149,7.211,0.000000
146.373383,-25.077,-83.338524,0.003757,8.687,7.182,7.244,0.000000
146.880066,-25.201,-92.963669,0.003811,8.685,7.215,7.277,0.000000
147.388504,-25.329,-99.751289,0.003868,8.682,7.249,7.310,0.000000
147.898712,-25.687,-108.142555,0.004031,8.679,7.282,7.344,0.000000
148.410675,-25.914,-116.256302,0.004137,8.676,7.316,7.377,0.000000
148.924423,-26.392,-124.805916,0.004372,8.673,7.350,7.411,0.000000
149.439941,-26.541,-132.483536,0.004447,8.670,7.383,7.444,0.000000
149.957245,-26.684,-140.440750,0.004521,8.667,7.417,7.478,0.000000
150.476334,-27.017,-149.567657,0.004697,8.664,7.451,7.512,0.000000
150.997238,-26.990,-156.930756,0.004683,8.661,7.486,7.546,0.000000
151.519852,-27.028,-164.802780,0.004704,8.658,7.520,7.580,0.000000
152.044434,-26.902,-172.173920,0.004636,8.656,7.554,7.615,0.000000
152.570679,-27.063,179.501480,0.004723,8.653,7.589,7.649,0.000000
153.098892,-27.062,171.189789,0.004722,8.650,7.624,7.684,0.000000
153.628784,-26.810,164.088120,0.004587,8.647,7.658,7.718,0.000000
154.160660,-26.585,157.762543,0.004470,8.644,7.693,7.753,0.000000
154.694229,-26.245,151.643875,0.004298,8.641,7.728,7.788,0.000000
155.229797,-25.882,146.131805,0.004122,8.638,7.763,7.823,0.000000
155.767075,-25.842,141.438889,0.004103,8.635,7.799,7.858,0.000000
156.306274,-25.515,135.934631,0.003952,8.632,7.834,7.893,0.000000
156.847351,-25.314,131.863388,0.003861,8.629,7.870,7.929,0.000000
157.390305,-24.965,128.146164,0.003709,8.626,7.905,7.964,0.000000
157.935120,-24.859,124.590584,0.003664,8.622,7.941,8.000,0.000000
158.481750,-24.875,121.561150,0.003671,8.619,7.977,8.036,0.000000
159.030441,-24.767,118.445137,0.003626,8.616,8.013,8.072,0.000000
159.580856,-24.853,117.255867,0.003661,8.613,8.049,8.108,0.000000
160.133347,-24.683,116.454300,0.003591,8.610,8.085,8.144,0.000000
160.687592,-24.389,114.548889,0.003472,8.607,8.122,8.180,0.000000
161.243912,-24.170,113.585236,0.003386,8.604,8.158,8.216,0.000000
161.801987,-23.858,112.258041,0.003267,8.601,8.195,8.253,0.000000
162.362167,-23.328,112.298874,0.003074,8.598,8.232,8.290,0.000000
162.924133,-22.720,111.105759,0.002867,8.594,8.268,8.326,0.000000
163.488113,-22.073,109.836357,0.002662,8.591,8.305,8.363,0.000000
164.054047,-21.448,107.815102,0.002477,8.588,8.343,8.400,0.000000
164.621933,-20.718,104.885826,0.002277,8.585,8.380,8.437,0.000000
165.191788,-20.159,101.627251,0.002135,8.582,8.417,8.475,0.000000
165.763535,-19.642,99.018600,0.002012,8.579,8.455,8.512,0.000000
166.337433,-19.175,95.740494,0.001907,8.575,8.492,8.550,0.000000
166.913147,-18.814,91.840660,0.001829,8.572,8.530,8.587,0.000000
167.491013,-18.538,87.373009,0.001772,8.569,8.568,8.625,0.000000
168.070801,-18.326,84.876091,0.001729,8.566,8.606,8.663,0.000000
168.652603,-17.931,82.183212,0.001652,8.562,8.644,8.701,0.000000
169.236328,-17.611,79.311012,0.001593,8.559,8.683,8.739,0.000000
169.822250,-17.303,76.613716,0.001537,8.556,8.721,8.777,0.000000
170.410019,-16.900,74.190514,0.001467,8.552,8.760,8.816,0.000000
170.999924,-16.655,71.760544,0.001427,8.549,8.798,8.854,0.000000
171.591858,-16.230,69.047691,0.001358,8.546,8.837,8.893,0.000000
172.185837,-15.951,67.301010,0.001316,8.542,8.876,8.932,0.000000
172.781876,-15.646,63.797680,0.001271,8.539,8.915,8.971,0.000000
173.379990,-15.452,60.828178,0.001243,8.536,8.955,9.010,0.000000
173.980164,-15.294,57.518749,0.001220,8.532,8.994,9.049,0.000000
174.582336,-15.086,54.902451,0.001192,8.529,9.034,9.089,0.000000
175.186752,-15.005,51.273464,0.001181,8.526,9.073,9.128,0.000000
175.793182,-14.891,48.004593,0.001166,8.522,9.113,9.168,0.000000
176.401703,-14.814,45.112057,0.001155,8.519,9.153,9.208,0.000000
177.012253,-14.769,41.727612,0.001149,8.515,9.193,9.248,0.000000
177.625092,-14.631,38.317539,0.001131,8.512,9.233,9.288,0.000000
178.239883,-14.586,35.147697,0.001125,8.508,9.274,9.328,0.000000
178.856964,-14.510,31.398045,0.001116,8.505,9.314,9.368,0.000000
179.476013,-14.598,28.079037,0.001127,8.502,9.355,9.409,0.000000
180.097290,-14.676,24.463814,0.001137,8.498,9.396,9.449,0.000000
180.720718,-14.839,21.464771,0.001158,8.495,9.436,9.490,0.000000
181.346298,-15.064,18.201630,0.001189,8.491,9.478,9.531,0.000000
181.974045,-15.332,16.020790,0.001226,8.488,9.519,9.572,0.000000
182.603882,-15.660,14.532617,0.001273,8.484,9.560,9.613,0.000000
183.236084,-15.969,13.185702,0.001318,8.480,9.602,9.655,0.000000
183.870377,-16.259,12.481837,0.001363,8.477,9.643,9.696,0.000000
184.506866,-16.569,11.966045,0.001412,8.473,9.685,9.738,0.000000
185.145462,-16.814,12.557332,0.001452,8.470,9.727,9.780,0.000000
185.786453,-16.891,13.222391,0.001465,8.466,9.769,9.821,0.000000
186.429489,-16.869,14.497665,0.001461,8.463,9.811,9.864,0.000000
187.074921,-16.754,14.808758,0.001442,8.459,9.854,9.906,0.000000
187.722412,-16.551,14.164353,0.001408,8.455,9.896,9.948,0.000000
188.372238,-16.283,14.110704,0.001365,8.452,9.939,9.991,0.000000
189.024307,-16.042,12.514105,0.001327,8.448,9.981,10.033,0.000000
189.678650,-15.760,10.922771,0.001285,8.444,10.024,10.076,0.000000
190.335236,-15.502,8.689150,0.001247,8.441,10.068,10.119,0.000000
190.994110,-15.347,6.038649,0.001225,8.437,10.111,10.162,0.000000
191.655258,-15.334,2.956564,0.001223,8.433,10.154,10.205,0.000000
192.318695,-15.428,0.264906,0.001236,8.429,10.198,10.249,0.000000
192.984421,-15.526,-1.333852,0.001249,8.426,10.241,10.292,0.000000
193.652374,-15.579,-2.825638,0.001257,8.422,10.285,10.336,0.000000
194.322815,-15.665,-4.285119,0.001269,8.418,10.329,10.380,0.000000
194.995392,-15.691,-5.491778,0.001272,8.414,10.373,10.424,0.000000
195.670486,-15.695,-6.589027,0.001272,8.411,10.418,10.468,0.000000
196.347733,-15.713,-7.915219,0.001274,8.407,10.462,10.512,0.000000
197.027405,-15.708,-9.388802,0.001273,8.403,10.507,10.557,0.000000
197.709442,-15.662,-10.445179,0.001266,8.399,10.551,10.601,0.000000
198.393829,-15.529,-12.117455,0.001246,8.395,10.596,10.646,0.000000
199.080597,-15.461,-14.817516,0.001236,8.391,10.641,10.691,0.000000
199.769745,-15.430,-16.761301,0.001231,8.388,10.687,10.736,0.000000
200.461258,-15.521,-19.474264,0.001244,8.384,10.732,10.781,0.000000
201.155182,-15.602,-21.552069,0.001255,8.380,10.778,10.827,0.000000
201.851501,-15.716,-24.101528,0.001271,8.376,10.823,10.872,0.000000
202.550232,-15.798,-26.329515,0.001283,8.372,10.869,10.918,0.000000
203.251389,-15.933,-28.587040,0.001302,8.368,10.915,10.964,0.000000
203.954865,-16.126,-30.449663,0.001331,8.364,10.961,11.010,0.000000
204.660980,-16.296,-32.389168,0.001356,8.360,11.008,11.056,0.000000
205.369339,-16.510,-34.533367,0.001389,8.356,11.054,11.102,0.000000
206.080246,-16.752,-36.510838,0.001428,8.352,11.101,11.149,0.000000
206.793625,-17.023,-38.298519,0.001472,8.348,11.148,11.195,0.000000
207.509567,-17.373,-40.101120,0.001532,8.344,11.195,11.242,0.000000
208.227783,-17.633,-41.741199,0.001578,8.340,11.242,11.289,0.000000
208.948685,-17.994,-43.482067,0.001644,8.336,11.289,11.336,0.000000
209.671890,-18.374,-44.853390,0.001717,8.332,11.337,11.384,0.000000
210.397690,-18.809,-45.809208,0.001804,8.328,11.384,11.431,0.000000
211.126007,-19.225,-46.555107,0.001891,8.324,11.432,11.479,0.000000
211.856842,-19.760,-46.974220,0.002010,8.320,11.480,11.526,0.000000
212.590210,-20.222,-47.172543,0.002119,8.316,11.528,11.574,0.000000
213.326019,-20.655,-46.622524,0.002225,8.312,11.576,11.623,0.000000
214.064575,-21.187,-44.269272,0.002364,8.307,11.625,11.671,0.000000
214.805481,-21.688,-42.366756,0.002503,8.303,11.674,11.719,0.000000
215.549057,-22.017,-39.410988,0.002598,8.299,11.722,11.768,0.000000
216.295197,-22.098,-36.584198,0.002620,8.295,11.771,11.817,0.000000
217.044037,-22.068,-33.439804,0.002610,8.291,11.820,11.866,0.000000
217.795258,-21.932,-30.537697,0.002568,8.286,11.870,11.915,0.000000
218.549286,-21.619,-27.970522,0.002476,8.282,11.919,11.964,0.000000
219.305710,-21.270,-25.674484,0.002377,8.278,11.969,12.014,0.000000
220.064865,-20.829,-25.157707,0.002258,8.274,12.019,12.063,0.000000
220.826645,-20.371,-25.281357,0.002141,8.269,12.069,12.113,0.000000
221.591064,-20.054,-25.039133,0.002063,8.265,12.119,12.163,0.000000
222.358124,-19.708,-26.096573,0.001982,8.261,12.169,12.213,0.000000
223.127731,-19.349,-27.497120,0.001901,8.256,12.220,12.264,0.000000
223.900223,-19.028,-29.681126,0.001831,8.252,12.270,12.314,0.000000
224.675171,-18.810,-31.876211,0.001784,8.248,12.321,12.365,0.000000
225.453018,-18.528,-34.056091,0.001727,8.243,12.372,12.416,0.000000
226.233337,-18.372,-36.562824,0.001695,8.239,12.424,12.467,0.000000
227.016586,-18.259,-39.157318,0.001672,8.235,12.475,12.518,0.000000
227.802322,-18.113,-42.213512,0.001643,8.230,12.527,12.569,0.000000
228.590988,-18.048,-45.334328,0.001630,8.226,12.578,12.621,0.000000
229.382187,-18.026,-48.761353,0.001625,8.221,12.630,12.673,0.000000
230.176208,-18.135,-52.549198,0.001645,8.217,12.682,12.724,0.000000
230.972992,-18.273,-55.376492,0.001671,8.212,12.735,12.777,0.000000
231.772537,-18.374,-58.573368,0.001689,8.208,12.787,12.829,0.000000
232.574844,-18.585,-61.522045,0.001730,8.203,12.840,12.881,0.000000
233.379822,-18.713,-64.229225,0.001755,8.199,12.893,12.934,0.000000
234.187805,-18.943,-66.656448,0.001802,8.194,12.946,12.987,0.000000
234.998352,-19.166,-68.994766,0.001848,8.190,12.999,13.040,0.000000
235.811935,-19.398,-71.134544,0.001897,8.185,13.052,13.093,0.000000
236.628113,-19.557,-73.206375,0.001932,8.181,13.106,13.146,0.000000
237.447342,-19.743,-75.875015,0.001973,8.176,13.160,13.200,0.000000
238.269180,-20.035,-78.553360,0.002040,8.171,13.214,13.254,0.000000
239.094101,-20.255,-81.126877,0.002091,8.167,13.268,13.308,0.000000
239.921631,-20.578,-83.455383,0.002170,8.162,13.322,13.362,0.000000
240.752151,-20.846,-86.233788,0.002237,8.158,13.377,13.416,0.000000
241.585541,-21.144,-89.206093,0.002314,8.153,13.431,13.471,0.000000
242.421814,-21.448,-92.057724,0.002396,8.148,13.486,13.525,0.000000
243.260986,-21.800,-95.037384,0.002494,8.143,13.541,13.580,0.000000
244.102951,-22.302,-98.264549,0.002642,8.139,13.596,13.635,0.000000
244.948059,-22.678,-101.217804,0.002759,8.134,13.652,13.691,0.000000
245.795975,-23.133,-104.048782,0.002907,8.129,13.708,13.746,0.000000
246.646820,-23.589,-107.547562,0.003063,8.124,13.763,13.802,0.000000
247.500626,-24.067,-110.404587,0.003235,8.120,13.819,13.857,0.000000
248.357376,-24.545,-113.416489,0.003418,8.115,13.876,13.914,0.000000
249.216980,-25.142,-117.560181,0.003660,8.110,13.932,13.970,0.000000
250.079788,-25.744,-122.201530,0.003921,8.106,13.981,14.018,0.000000
250.945343,-26.220,-126.865814,0.004141,8.105,13.954,13.991,0.000000
251.814026,-26.930,-132.139526,0.004492,8.105,13.926,13.963,0.000000
252.685715,-27.805,-138.317612,0.004966,8.105,13.898,13.936,0.000000
253.560410,-28.684,-143.484009,0.005492,8.105,13.871,13.908,0.000000
254.438141,-29.841,-148.279449,0.006274,8.105,13.843,13.880,0.000000
255.318909,-30.789,-154.497711,0.006997,8.105,13.815,13.852,0.000000
256.202728,-32.119,-162.438263,0.008153,8.105,13.787,13.824,0.000000
257.089600,-33.357,-168.997742,0.009399,8.104,13.759,13.796,0.000000
257.979553,-34.558,-179.125946,0.010792,8.104,13.731,13.768,0.000000
258.872559,-35.846,169.686203,0.012514,8.104,13.703,13.739,0.000000
259.768677,-36.425,155.707260,0.013375,8.104,13.674,13.711,0.000000
260.667786,-36.541,138.097397,0.013553,8.104,13.646,13.682,0.000000
261.570251,-36.640,119.699104,0.013706,8.104,13.617,13.654,0.000000
262.475555,-36.505,103.660744,0.013492,8.103,13.589,13.625,0.000000
263.384277,-35.818,87.773209,0.012464,8.103,13.560,13.596,0.000000
264.295898,-34.693,73.727974,0.010947,8.103,13.531,13.567,0.000000
265.210785,-33.580,61.200363,0.009629,8.103,13.502,13.538,0.000000
266.128845,-32.269,51.357704,0.008279,8.103,13.473,13.509,0.000000
267.050201,-31.161,42.772919,0.007288,8.103,13.444,13.480,0.000000
267.974518,-30.130,33.797890,0.006472,8.102,13.415,13.450,0.000000
268.902130,-29.290,26.211033,0.005875,8.102,13.385,13.421,0.000000
269.832977,-28.324,16.540951,0.005257,8.102,13.356,13.391,0.000000
270.767029,-27.588,9.349303,0.004830,8.102,13.326,13.362,0.000000
271.704315,-26.945,1.654526,0.004485,8.102,13.297,13.332,0.000000
272.644714,-26.486,-5.887516,0.004254,8.102,13.267,13.302,0.000000
273.588654,-26.059,-14.355658,0.004049,8.102,13.237,13.272,0.000000
274.535583,-25.752,-23.690464,0.003908,8.101,13.207,13.242,0.000000
275.486053,-25.547,-32.983356,0.003816,8.101,13.177,13.212,0.000000
276.439545,-25.351,-42.488739,0.003730,8.101,13.147,13.182,0.000000
277.396454,-25.235,-51.703381,0.003680,8.101,13.117,13.151,0.000000
278.356689,-25.358,-61.193699,0.003732,8.101,13.086,13.121,0.000000
279.320404,-25.304,-71.390076,0.003708,8.101,13.056,13.090,0.000000
280.287170,-25.374,-81.479729,0.003738,8.100,13.025,13.059,0.000000
281.257416,-25.507,-91.234322,0.003795,8.100,12.994,13.029,0.000000
282.231018,-25.624,-101.108246,0.003845,8.100,12.964,12.998,0.000000
283.207977,-25.685,-112.222786,0.003872,8.100,12.933,12.967,0.000000
284.188354,-25.664,-123.357834,0.003862,8.100,12.902,12.936,0.000000
285.171967,-25.743,-135.832245,0.003896,8.100,12.871,12.904,0.000000
286.159271,-25.693,-147.805588,0.003873,8.099,12.839,12.873,0.000000
287.149689,-25.640,-160.382935,0.003848,8.099,12.808,12.842,0.000000
288.143829,-25.632,-173.970428,0.003843,8.099,12.777,12.810,0.000000
289.141144,-25.517,173.387924,0.003791,8.099,12.745,12.778,0.000000
290.142029,-25.346,160.565079,0.003716,8.099,12.713,12.747,0.000000
291.146393,-25.184,148.016876,0.003646,8.098,12.682,12.715,0.000000
292.154358,-25.123,136.373901,0.003620,8.098,12.650,12.683,0.000000
293.165558,-25.093,124.702026,0.003606,8.098,12.618,12.651,0.000000
294.180389,-25.022,113.912041,0.003577,8.098,12.586,12.618,0.000000
295.198730,-24.906,103.435951,0.003528,8.098,12.553,12.586,0.000000
296.220581,-24.817,93.612732,0.003492,8.098,12.521,12.554,0.000000
297.246002,-24.817,84.397171,0.003491,8.097,12.489,12.521,0.000000
298.274933,-24.910,74.743103,0.003528,8.097,12.456,12.488,0.000000
299.307465,-25.086,65.667152,0.003600,8.097,12.423,12.456,0.000000
300.343414,-25.180,55.758736,0.003638,8.097,12.391,12.423,0.000000
301.383209,-25.356,46.089455,0.003712,8.097,12.358,12.390,0.000000
302.426361,-25.646,34.148296,0.003837,8.097,12.325,12.357,0.000000
303.473389,-26.041,21.475481,0.004015,8.096,12.292,12.323,0.000000
304.523743,-26.671,6.524446,0.004317,8.096,12.258,12.290,0.000000
305.578033,-27.393,-9.599512,0.004690,8.096,12.225,12.256,0.000000
306.635681,-27.999,-28.072699,0.005028,8.096,12.191,12.223,0.000000
307.697266,-28.524,-49.360836,0.005341,8.096,12.158,12.189,0.000000
308.762268,-29.108,-74.186729,0.005711,8.095,12.124,12.155,0.000000
309.831085,-29.618,-98.465073,0.006055,8.095,12.090,12.121,0.000000
310.903595,-29.775,-120.564133,0.006164,8.095,12.056,12.087,0.000000
311.979828,-29.432,-136.890991,0.005925,8.095,12.022,12.053,0.000000
313.059784,-28.527,-152.142868,0.005337,8.095,11.988,12.019,0.000000
314.143311,-27.189,-165.175537,0.004574,8.094,11.954,11.985,0.000000
315.230927,-25.889,-176.059555,0.003937,8.094,11.919,11.950,0.000000
316.322113,-24.559,174.211823,0.003377,8.094,11.885,11.915,0.000000
317.417114,-23.275,165.479584,0.002912,8.094,11.850,11.881,0.000000
318.515747,-22.134,157.121078,0.002552,8.094,11.816,11.846,0.000000
319.618469,-21.150,147.839279,0.002278,8.094,11.781,11.811,0.000000
320.724701,-20.332,138.067062,0.002073,8.093,11.746,11.776,0.000000
321.835083,-19.635,127.939087,0.001913,8.093,11.711,11.740,0.000000
322.949005,-19.113,118.835060,0.001801,8.093,11.675,11.705,0.000000
324.066925,-18.832,109.466003,0.001743,8.093,11.640,11.669,0.000000
325.188721,-18.622,100.305435,0.001701,8.093,11.604,11.634,0.000000
326.314392,-18.606,92.131104,0.001698,8.092,11.569,11.598,0.000000
327.443970,-18.713,84.911499,0.001719,8.092,11.533,11.562,0.000000
328.577301,-18.928,77.870125,0.001761,8.092,11.497,11.526,0.000000
329.714874,-19.269,71.982544,0.001832,8.092,11.461,11.490,0.000000
330.856232,-19.823,67.262222,0.001952,8.092,11.425,11.454,0.000000
332.001526,-20.463,63.879177,0.002101,8.091,11.389,11.418,0.000000
333.150635,-21.056,62.160179,0.002249,8.091,11.352,11.381,0.000000
334.304016,-21.607,61.978100,0.002396,8.091,11.316,11.344,0.000000
335.461090,-22.051,62.991066,0.002521,8.091,11.279,11.308,0.000000
336.622498,-22.358,64.687889,0.002611,8.091,11.243,11.271,0.000000
337.787598,-22.478,66.610657,0.002647,8.090,11.206,11.234,0.000000
338.956879,-22.510,68.756927,0.002656,8.090,11.169,11.197,0.000000
340.130219,-22.236,70.808151,0.002573,8.090,11.132,11.160,0.000000
341.307617,-21.791,73.115425,0.002445,8.090,11.094,11.122,0.000000
342.489105,-21.247,74.525551,0.002296,8.090,11.057,11.085,0.000000
343.674652,-20.596,74.978081,0.002130,8.089,11.019,11.047,0.000000
344.864319,-19.971,74.177628,0.001982,8.089,10.982,11.009,0.000000
346.058105,-19.332,72.947868,0.001841,8.089,10.944,10.971,0.000000
347.256042,-18.722,71.144867,0.001716,8.089,10.906,10.933,0.000000
348.457947,-18.123,69.283638,0.001602,8.088,10.868,10.895,0.000000
349.664337,-17.510,66.692802,0.001493,8.088,10.830,10.857,0.000000
350.874573,-16.948,63.184944,0.001399,8.088,10.792,10.818,0.000000
352.089325,-16.458,59.278831,0.001322,8.088,10.753,10.780,0.000000
353.307953,-16.042,54.471958,0.001260,8.088,10.715,10.741,0.000000
354.530975,-15.713,49.468296,0.001213,8.087,10.676,10.702,0.000000
355.758240,-15.461,43.898594,0.001178,8.087,10.637,10.663,0.000000
356.989716,-15.305,38.642937,0.001157,8.087,10.598,10.624,0.000000
358.225494,-15.207,32.712124,0.001144,8.087,10.559,10.585,0.000000
359.465515,-15.238,26.612242,0.001148,8.087,10.520,10.546,0.000000
360.709869,-15.330,20.901911,0.001160,8.086,10.480,10.506,0.000000
361.958496,-15.516,15.257986,0.001185,8.086,10.441,10.467,0.000000
363.211456,-15.769,9.749893,0.001220,8.086,10.401,10.427,0.000000
364.468750,-16.065,4.659178,0.001263,8.086,10.362,10.387,0.000000
365.730408,-16.481,-0.197737,0.001325,8.085,10.322,10.347,0.000000
366.996246,-16.961,-4.660819,0.001400,8.085,10.282,10.307,0.000000
368.266815,-17.483,-8.411182,0.001487,8.085,10.241,10.266,0.000000
369.541443,-18.046,-12.138354,0.001586,8.085,10.201,10.226,0.000000
370.820648,-18.613,-14.959815,0.001693,8.085,10.161,10.185,0.000000
372.104309,-19.180,-18.116247,0.001807,8.084,10.120,10.144,0.000000
373.392395,-19.767,-21.170216,0.001934,8.084,10.079,10.104,0.000000
374.684937,-20.428,-24.019342,0.002087,8.084,10.038,10.062,0.000000
375.982117,-21.056,-26.305490,0.002243,8.084,9.997,10.021,0.000000
377.283447,-21.686,-28.698616,0.002412,8.083,9.956,9.980,0.000000
378.589447,-22.353,-31.240257,0.002604,8.083,9.915,9.939,0.000000
379.899994,-23.027,-33.959255,0.002814,8.083,9.873,9.897,0.000000
381.215057,-23.855,-35.697159,0.003096,8.083,9.832,9.855,0.000000
382.534668,-24.918,-36.726265,0.003499,8.083,9.790,9.813,0.000000
383.858673,-25.957,-34.317413,0.003944,8.082,9.748,9.771,0.000000
385.187622,-26.873,-30.196825,0.004382,8.082,9.706,9.729,0.000000
386.520813,-27.877,-25.608282,0.004919,8.082,9.664,9.687,0.000000
387.859009,-28.582,-20.666454,0.005335,8.082,9.621,9.644,0.000000
389.201416,-29.287,-14.824054,0.005786,8.081,9.579,9.602,0.000000
390.548889,-29.699,-8.978618,0.006067,8.081,9.536,9.559,0.000000
391.900635,-29.887,-2.307170,0.006200,8.081,9.494,9.516,0.000000
393.257416,-29.807,3.112721,0.006143,8.081,9.451,9.473,0.000000
394.618530,-29.661,8.269217,0.006040,8.080,9.408,9.430,0.000000
395.984558,-29.566,12.810923,0.005975,8.080,9.364,9.386,0.000000
397.355316,-29.110,16.902323,0.005669,8.080,9.321,9.343,0.000000
398.730804,-28.553,20.795210,0.005317,8.080,9.277,9.299,0.000000
400.111053,-27.908,23.602875,0.004937,8.080,9.234,9.255,0.000000
401.495880,-27.025,25.338882,0.004459,8.079,9.190,9.211,0.000000
402.885895,-26.362,25.868946,0.004132,8.079,9.146,9.167,0.000000
404.280365,-25.740,25.138908,0.003846,8.079,9.102,9.123,0.000000
405.679993,-25.135,23.344576,0.003587,8.079,9.058,9.078,0.000000
407.084106,-24.578,18.747831,0.003364,8.078,9.013,9.034,0.000000
408.493500,-24.292,13.611754,0.003256,8.078,8.969,8.989,0.000000
409.907349,-24.126,7.017741,0.003194,8.078,8.924,8.944,0.000000
411.326477,-24.337,1.303103,0.003273,8.078,8.879,8.899,0.000000
412.750122,-24.807,-2.960509,0.003454,8.077,8.834,8.854,0.000000
414.178925,-25.363,-6.279015,0.003683,8.077,8.789,8.809,0.000000
415.612640,-26.006,-8.824946,0.003966,8.077,8.743,8.763,0.000000
417.051331,-26.625,-10.625138,0.004259,8.077,8.698,8.717,0.000000
418.494995,-27.212,-10.350738,0.004557,8.076,8.652,8.672,0.000000
419.943481,-27.825,-10.121334,0.004890,8.076,8.606,8.626,0.000000
421.397369,-28.518,-8.758585,0.005296,8.076,8.560,8.579,0.000000
422.855865,-29.229,-8.095707,0.005747,8.076,8.514,8.533,0.000000
424.319855,-29.818,-7.944468,0.006151,8.075,8.468,8.487,0.000000
425.788666,-30.555,-6.466997,0.006695,8.075,8.421,8.440,0.000000
427.262604,-31.298,-4.457714,0.007293,8.075,8.375,8.393,0.000000
428.741394,-32.020,1.912374,0.007926,8.075,8.328,8.346,0.000000
430.225739,-32.519,8.890487,0.008395,8.074,8.281,8.299,0.000000
431.714813,-32.582,17.570944,0.008455,8.074,8.234,8.252,0.000000
433.209259,-32.304,26.435965,0.008189,8.074,8.186,8.204,0.000000
434.708862,-31.573,35.154110,0.007528,8.073,8.139,8.157,0.000000
436.213654,-30.542,42.268478,0.006685,8.073,8.091,8.109,0.000000
437.723663,-29.440,47.594925,0.005889,8.073,8.044,8.061,0.000000
439.238892,-28.297,49.991661,0.005163,8.073,7.996,8.013,0.000000
440.759369,-27.259,50.361153,0.004581,8.072,7.948,7.965,0.000000
442.285095,-26.369,47.672363,0.004135,8.072,7.899,7.916,0.000000
443.816132,-25.733,42.547569,0.003842,8.072,7.851,7.868,0.000000
445.352448,-25.285,36.022293,0.003649,8.072,7.802,7.819,0.000000
446.894073,-25.157,29.031229,0.003595,8.071,7.753,7.770,0.000000
448.440857,-25.279,23.028463,0.003645,8.071,7.705,7.721,0.000000
449.993408,-25.555,16.955379,0.003762,8.071,7.655,7.672,0.000000
451.550873,-26.037,11.243217,0.003976,8.071,7.606,7.622,0.000000
453.114197,-26.648,8.204509,0.004265,8.070,7.557,7.573,0.000000
454.682495,-27.434,5.454922,0.004668,8.070,7.507,7.523,0.000000
456.256409,-28.340,6.084333,0.005180,8.070,7.457,7.473,0.000000
457.835815,-29.333,9.349251,0.005807,8.069,7.407,7.423,0.000000
459.420654,-30.047,16.167818,0.006303,8.069,7.357,7.372,0.000000
461.010986,-30.411,23.758801,0.006571,8.069,7.307,7.322,0.000000
462.606842,-29.827,33.332062,0.006143,8.069,7.256,7.271,0.000000
464.208221,-28.869,40.715359,0.005502,8.068,7.206,7.220,0.000000
465.815125,-27.563,45.240417,0.004734,8.068,7.155,7.169,0.000000
467.427582,-26.237,46.555962,0.004063,8.068,7.104,7.118,0.000000
469.045410,-25.083,45.002892,0.003558,8.068,7.053,7.067,0.000000
470.669312,-24.269,40.308731,0.003239,8.067,7.001,7.015,0.000000
472.298340,-23.757,32.317894,0.003054,8.067,6.950,6.963,0.000000
473.933502,-23.501,22.830130,0.002965,8.067,6.898,6.912,0.000000
475.573853,-23.574,11.898228,0.002990,8.066,6.846,6.859,0.000000
477.220093,-23.996,1.656547,0.003138,8.066,6.794,6.807,0.000000
478.872040,-24.782,-9.003440,0.003435,8.066,6.742,6.755,0.000000
480.529724,-26.186,-17.540154,0.004037,8.066,6.689,6.702,0.000000
482.193146,-27.863,-17.121904,0.004896,8.065,6.637,6.649,0.000000
483.862305,-29.377,-10.721771,0.005827,8.065,6.584,6.596,0.000000
485.537262,-30.311,1.325682,0.006487,8.065,6.531,6.543,0.000000
487.217987,-31.246,15.587912,0.007223,8.064,6.478,6.490,0.000000
488.904541,-31.871,32.696995,0.007761,8.064,6.424,6.436,0.000000
490.596710,-32.152,50.563602,0.008014,8.064,6.371,6.383,0.000000
492.295197,-31.635,65.393784,0.007550,8.063,6.317,6.329,0.000000
493.999115,-30.494,73.068283,0.006619,8.063,6.263,6.275,0.000000
495.709381,-28.788,73.168625,0.005438,8.063,6.209,6.220,0.000000
497.425110,-27.363,70.554344,0.004615,8.063,6.155,6.166,0.000000
499.147003,-26.276,68.489151,0.004071,8.062,6.100,6.111,0.000000
500.874847,-25.277,67.056702,0.003628,8.062,6.057,6.068,0.000000
502.608917,-24.338,65.264931,0.003256,8.062,6.026,6.037,0.000000
504.348541,-23.516,62.052956,0.002961,8.062,5.994,6.005,0.000000
506.094391,-22.925,57.155586,0.002766,8.062,5.963,5.974,0.000000
507.846283,-22.475,51.830780,0.002626,8.062,5.931,5.942,0.000000
509.604279,-22.229,47.294491,0.002552,8.062,5.899,5.910,0.000000
511.368317,-22.141,43.621243,0.002526,8.062,5.867,5.878,0.000000
513.138489,-22.064,40.695602,0.002503,8.062,5.835,5.846,0.000000
514.914795,-22.026,38.462669,0.002492,8.062,5.803,5.814,0.000000
516.696960,-22.002,36.938965,0.002485,8.062,5.771,5.782,0.000000
518.485840,-21.826,36.019112,0.002434,8.062,5.738,5.750,0.000000
520.280334,-21.574,35.197437,0.002365,8.062,5.706,5.717,0.000000
522.081360,-21.253,34.320286,0.002279,8.062,5.673,5.685,0.000000
523.888611,-20.964,32.556049,0.002204,8.062,5.641,5.652,0.000000
525.702393,-20.672,30.537924,0.002131,8.062,5.608,5.619,0.000000
527.521912,-20.386,28.427137,0.002062,8.062,5.575,5.586,0.000000
529.348206,-20.011,25.990099,0.001975,8.062,5.542,5.553,0.000000
531.180359,-19.704,23.039419,0.001907,8.062,5.508,5.520,0.000000
533.019104,-19.464,19.589611,0.001854,8.062,5.475,5.487,0.000000
534.864258,-19.342,15.689754,0.001828,8.062,5.442,5.453,0.000000
536.715698,-19.244,12.340362,0.001807,8.062,5.408,5.420,0.000000
538.573608,-19.200,9.187156,0.001798,8.062,5.375,5.386,0.000000
540.437683,-19.201,6.105774,0.001798,8.062,5.341,5.353,0.000000
542.308777,-19.194,3.352001,0.001796,8.062,5.307,5.319,0.000000
544.185730,-19.296,0.609714,0.001817,8.062,5.273,5.285,0.000000
546.069763,-19.447,-1.595578,0.001849,8.062,5.239,5.251,0.000000
547.959778,-19.574,-3.266168,0.001876,8.062,5.205,5.216,0.000000
549.856873,-19.697,-4.173666,0.001903,8.062,5.170,5.182,0.000000
551.760010,-19.754,-4.708919,0.001915,8.062,5.136,5.148,0.000000
553.670288,-19.738,-5.371964,0.001912,8.062,5.101,5.113,0.000000
555.586609,-19.619,-5.854299,0.001886,8.062,5.066,5.078,0.000000
557.509827,-19.479,-6.782925,0.001856,8.062,5.032,5.044,0.000000
559.439697,-19.294,-8.426554,0.001817,8.062,4.997,5.009,0.000000
561.376282,-19.083,-10.163016,0.001773,8.062,4.962,4.974,0.000000
563.319519,-18.835,-12.090072,0.001723,8.062,4.926,4.939,0.000000
565.269287,-18.576,-14.550391,0.001672,8.062,4.891,4.903,0.000000
567.226318,-18.320,-17.512125,0.001624,8.062,4.856,4.868,0.000000
569.189514,-18.048,-20.849422,0.001574,8.062,4.820,4.832,0.000000
571.160156,-17.871,-24.741371,0.001542,8.062,4.784,4.797,0.000000
573.136963,-17.731,-29.017469,0.001517,8.062,4.749,4.761,0.000000
575.121216,-17.607,-33.491314,0.001495,8.062,4.713,4.725,0.000000
577.111816,-17.495,-38.399223,0.001476,8.062,4.677,4.689,0.000000
579.109863,-17.440,-43.772404,0.001466,8.062,4.640,4.653,0.000000
581.114197,-17.456,-49.905827,0.001469,8.062,4.604,4.617,0.000000
583.125793,-17.518,-56.472862,0.001479,8.062,4.568,4.580,0.000000
585.144348,-17.794,-64.150673,0.001527,8.062,4.531,4.544,0.000000
587.169922,-18.230,-72.025124,0.001605,8.062,4.495,4.507,0.000000
589.202454,-18.856,-80.345650,0.001725,8.062,4.458,4.470,0.000000
591.241760,-19.691,-88.505844,0.001899,8.062,4.421,4.433,0.000000
593.288696,-20.804,-95.902130,0.002159,8.062,4.384,4.396,0.000000
595.342468,-22.230,-101.932320,0.002544,8.062,4.347,4.359,0.000000
597.403320,-24.007,-101.111282,0.003122,8.062,4.309,4.322,0.000000
599.471008,-25.919,-95.883186,0.003889,8.062,4.272,4.285,0.000000
601.546448,-27.863,-86.279472,0.004864,8.062,4.234,4.247,0.000000
603.628479,-29.227,-69.883553,0.005690,8.062,4.196,4.209,0.000000
605.718262,-29.658,-47.418228,0.005979,8.062,4.159,4.172,0.000000
607.814758,-29.034,-28.310999,0.005563,8.062,4.121,4.134,0.000000
609.918762,-27.675,-16.544825,0.004757,8.062,4.083,4.096,0.000000
612.030090,-26.065,-10.348998,0.003952,8.062,4.044,4.057,0.000000
614.148682,-24.480,-8.172754,0.003292,8.062,4.006,4.019,0.000000
616.274658,-23.109,-11.636918,0.002812,8.062,3.967,3.981,0.000000
618.407654,-22.064,-18.629137,0.002493,8.062,3.929,3.942,0.000000
620.548645,-21.268,-27.288462,0.002275,8.062,3.890,3.903,0.000000
622.696716,-20.755,-37.041397,0.002144,8.062,3.851,3.864,0.000000
624.852295,-20.588,-47.481625,0.002103,8.062,3.812,3.825,0.000000
627.015259,-20.715,-57.527084,0.002134,8.062,3.773,3.786,0.000000
629.185730,-21.114,-66.871590,0.002234,8.061,3.734,3.747,0.000000
631.363464,-21.761,-74.969482,0.002406,8.061,3.694,3.708,0.000000
633.549316,-22.477,-81.049316,0.002613,8.061,3.655,3.668,0.000000
635.742126,-23.421,-86.901939,0.002912,8.061,3.615,3.629,0.000000
637.942810,-24.560,-92.346634,0.003319,8.061,3.575,3.589,0.000000
640.151123,-25.892,-96.695244,0.003869,8.061,3.535,3.549,0.000000
642.367065,-27.398,-102.727791,0.004602,8.061,3.495,3.509,0.000000
644.590698,-29.003,-110.819862,0.005536,8.061,3.455,3.468,0.000000
646.822327,-30.048,-117.444283,0.006243,8.061,3.414,3.428,0.000000
649.061096,-29.918,-121.360489,0.006151,8.061,3.374,3.388,0.000000
651.307861,-28.908,-124.878517,0.005476,8.061,3.333,3.347,0.000000
653.562439,-27.501,-4.264926,0.004657,8.061,3.292,3.306,0.000000
655.824829,-25.988,32.892307,0.003912,8.061,3.251,3.265,0.000000
658.095032,-24.375,30.805605,0.003249,8.061,3.210,3.224,0.000000
660.372803,-22.930,24.405735,0.002751,8.061,3.169,3.183,0.000000
662.659058,-21.626,13.749433,0.002368,8.061,3.127,3.142,0.000000
664.952637,-20.633,-3.142920,0.002112,8.061,3.086,3.100,0.000000
667.254761,-20.009,-19.860994,0.001965,8.061,3.044,3.058,0.000000
669.564209,-19.885,-34.791855,0.001938,8.061,3.002,3.017,0.000000
671.882019,-20.101,-47.708683,0.001986,8.061,2.960,2.975,0.000000
674.207764,-20.587,-58.514530,0.002101,8.061,2.918,2.933,0.000000
676.541992,-21.283,-66.560020,0.002276,8.061,2.876,2.890,0.000000
678.883545,-22.098,-72.675545,0.002500,8.061,2.834,2.848,0.000000
681.233582,-23.005,-78.581055,0.002775,8.061,2.791,2.806,0.000000
683.591797,-23.955,-84.675880,0.003096,8.061,2.748,2.763,0.000000
685.958130,-25.113,-92.042892,0.003537,8.061,2.706,2.720,0.000000
688.332642,-26.416,-100.714310,0.004110,8.061,2.663,2.677,0.000000
690.715027,-27.657,-105.857285,0.004743,8.061,2.619,2.634,0.000000
693.106384,-28.650,-101.888908,0.005318,8.061,2.576,2.591,0.000000
695.505310,-29.117,-88.810989,0.005613,8.061,2.533,2.547,0.000000
697.913208,-29.477,-61.309242,0.005851,8.061,2.489,2.504,0.000000
700.328796,-29.833,-30.122368,0.006097,8.061,2.445,2.460,0.000000
702.753052,-30.282,-12.702985,0.006422,8.061,2.401,2.416,0.000000
705.185730,-30.664,-4.636992,0.006711,8.061,2.357,2.372,0.000000
707.627136,-30.817,-3.079650,0.006833,8.061,2.313,2.328,0.000000
710.076355,-30.737,-6.339777,0.006771,8.061,2.269,2.284,0.000000
712.534363,-30.578,-8.584336,0.006649,8.061,2.224,2.239,0.000000
715.000854,-30.317,-7.356811,0.006454,8.061,2.180,2.195,0.000000
717.475891,-29.724,-4.618235,0.006029,8.061,2.135,2.150,0.000000
719.959534,-28.893,-0.617474,0.005479,8.061,2.090,2.105,0.000000
722.451416,-27.687,4.878810,0.004770,8.061,2.045,2.060,0.000000
724.952637,-26.347,9.066450,0.004089,8.061,1.999,2.015,0.000000
727.461792,-24.884,11.323601,0.003455,8.061,1.954,1.969,0.000000
729.980347,-23.265,10.505004,0.002868,8.061,1.908,1.924,0.000000
732.506897,-21.869,5.570493,0.002443,8.061,1.863,1.878,0.000000
735.042908,-20.898,-3.437727,0.002185,8.061,1.817,1.832,0.000000
737.586975,-20.343,-14.641323,0.002050,8.061,1.771,1.786,0.000000
740.140564,-20.237,-25.780373,0.002025,8.061,1.724,1.740,0.000000
742.702332,-20.458,-34.670677,0.002078,8.061,1.678,1.694,0.000000
745.273254,-20.778,-41.150703,0.002156,8.061,1.631,1.647,0.000000
747.853088,-21.179,-46.246632,0.002259,8.061,1.585,1.600,0.000000
750.441895,-21.746,-50.324551,0.002411,8.061,1.538,1.554,0.000000
753.039612,-22.486,-53.331810,0.002626,8.061,1.491,1.507,0.000000
755.646362,-23.266,-54.391380,0.002874,8.061,1.443,1.459,0.000000
758.262146,-23.875,-53.427505,0.003084,8.061,1.396,1.412,0.000000
760.886597,-24.121,-51.489285,0.003174,8.061,1.349,1.365,0.000000
763.520813,-24.110,-50.189529,0.003171,8.061,1.301,1.317,0.000000
766.163818,-23.981,-50.016094,0.003125,8.061,1.253,1.269,0.000000
768.816040,-23.886,-49.290722,0.003092,8.061,1.205,1.221,0.000000
771.476990,-23.550,-48.886173,0.002976,8.061,1.157,1.173,0.000000
774.147888,-23.039,-49.089493,0.002806,8.061,1.108,1.125,0.000000
776.827332,-22.421,-50.828629,0.002614,8.061,1.060,1.076,0.000000
779.516785,-21.862,-54.416016,0.002451,8.061,1.011,1.028,0.000000
782.214844,-21.486,-59.582615,0.002348,8.061,0.962,0.979,0.000000
784.922546,-21.299,-65.261414,0.002298,8.061,0.913,0.930,0.000000
787.639648,-21.249,-71.531700,0.002285,8.061,0.864,0.881,0.000000
790.366150,-21.299,-78.621872,0.002299,8.061,0.815,0.831,0.000000
793.102112,-21.572,-85.460556,0.002373,8.061,0.765,0.782,0.000000
795.847107,-22.004,-90.734123,0.002494,8.061,0.715,0.732,0.000000
798.602417,-22.440,-94.716881,0.002623,8.061,0.666,0.682,0.000000
801.366882,-22.867,-98.991882,0.002756,8.061,0.615,0.632,0.000000
804.140930,-23.217,-103.179749,0.002870,8.061,0.565,0.582,0.000000
806.924133,-23.429,-107.741081,0.002941,8.061,0.515,0.532,0.000000
809.717773,-23.504,-113.400490,0.002967,8.061,0.464,0.481,0.000000
812.520325,-23.683,-121.471443,0.003029,8.061,0.414,0.431,0.000000
815.333374,-24.037,-131.614487,0.003156,8.061,0.363,0.380,0.000000
818.155334,-24.576,-142.163361,0.003359,8.061,0.311,0.329,0.000000
820.987488,-25.427,-152.248840,0.003705,8.061,0.260,0.277,0.000000
823.829407,-26.552,-160.689957,0.004218,8.061,0.209,0.226,0.000000
826.681213,-27.810,-168.711990,0.004876,8.061,0.157,0.174,0.000000
829.542847,-29.290,-178.841797,0.005781,8.061,0.105,0.123,0.000000
832.414429,-31.213,169.291351,0.007214,8.061,0.053,0.071,0.000000
835.295898,-33.326,161.010513,0.009201,8.060,0.001,0.019,0.000000
838.187378,-34.859,153.367462,0.010977,8.060,-0.051,-0.034,0.000000
841.088867,-35.678,144.994934,0.012062,8.060,-0.104,-0.086,0.000000
844.000000,-35.198,133.089493,0.011414,8.060,-0.157,-0.139,0.000000
846.921997,-34.164,117.027725,0.010133,8.060,-0.209,-0.192,0.000000
849.853333,-33.358,100.443443,0.009235,8.060,-0.263,-0.245,0.000000
852.795593,-32.601,83.886978,0.008464,8.060,-0.316,-0.298,0.000000
855.747253,-31.722,68.979340,0.007650,8.060,-0.369,-0.351,0.000000
858.709534,-30.738,52.579433,0.006830,8.060,-0.423,-0.405,0.000000
861.682068,-29.771,37.111462,0.006110,8.060,-0.477,-0.459,0.000000
864.664856,-29.006,20.785650,0.005595,8.060,-0.531,-0.513,0.000000
867.657959,-28.800,5.838976,0.005465,8.060,-0.585,-0.567,0.000000
870.661499,-29.004,-6.500295,0.005594,8.060,-0.639,-0.621,0.000000
873.675354,-29.445,-15.475131,0.005885,8.060,-0.694,-0.676,0.000000
876.699707,-29.813,-23.092142,0.006140,8.060,-0.749,-0.730,0.000000
879.734497,-30.120,-30.239248,0.006361,8.060,-0.804,-0.785,0.000000
882.779419,-30.793,-38.527618,0.006874,8.060,-0.859,-0.840,0.000000
885.835632,-31.986,-44.637928,0.007886,8.060,-0.914,-0.896,0.000000
888.901672,-33.037,-40.437813,0.008900,8.060,-0.970,-0.951,0.000000
891.979126,-33.603,-30.297943,0.009499,8.060,-1.025,-1.007,0.000000
895.066406,-33.515,-18.546068,0.009403,8.060,-1.081,-1.063,0.000000
898.164734,-33.192,-7.653014,0.009060,8.060,-1.137,-1.119,0.000000
901.273865,-32.701,-0.298873,0.008562,8.060,-1.194,-1.175,0.000000
904.393738,-32.527,7.233242,0.008392,8.060,-1.250,-1.231,0.000000
907.524414,-31.993,14.285746,0.007892,8.060,-1.307,-1.288,0.000000
910.665894,-31.048,16.365822,0.007079,8.060,-1.364,-1.345,0.000000
913.818298,-30.446,11.177653,0.006604,8.060,-1.421,-1.402,0.000000
916.981567,-29.999,6.032841,0.006273,8.060,-1.478,-1.459,0.000000
920.155823,-29.520,2.768449,0.005936,8.060,-1.536,-1.516,0.000000
923.341003,-28.958,0.762680,0.005565,8.060,-1.593,-1.574,0.000000
926.537292,-28.424,-1.570635,0.005232,8.060,-1.651,-1.632,0.000000
929.744141,-28.125,-4.253039,0.005054,8.060,-1.709,-1.690,0.000000
932.963013,-27.901,-6.129630,0.004925,8.060,-1.768,-1.748,0.000000
936.192139,-27.599,-8.090191,0.004756,8.060,-1.826,-1.807,0.000000
939.432861,-27.203,-11.907275,0.004543,8.060,-1.885,-1.865,0.000000
942.684814,-27.246,-16.965046,0.004565,8.060,-1.944,-1.924,0.000000
945.948486,-27.603,-18.230400,0.004756,8.060,-2.003,-1.983,0.000000
949.222534,-27.689,-15.812177,0.004803,8.060,-2.062,-2.042,0.000000
952.508850,-27.302,-13.835982,0.004593,8.060,-2.122,-2.102,0.000000
955.805603,-26.511,-12.344676,0.004193,8.060,-2.181,-2.161,0.000000
959.114258,-25.320,-13.074814,0.003656,8.060,-2.241,-2.221,0.000000
962.434326,-24.415,-16.662628,0.003294,8.060,-2.301,-2.281,0.000000
965.765930,-23.738,-20.597980,0.003047,8.060,-2.362,-2.342,0.000000
969.109009,-23.124,-24.676853,0.002839,8.060,-2.422,-2.402,0.000000
972.463257,-22.583,-33.205627,0.002668,8.060,-2.483,-2.463,0.000000
975.830017,-22.276,-48.660320,0.002575,8.060,-2.544,-2.524,0.000000
979.207458,-22.457,-65.342720,0.002630,8.060,-2.605,-2.585,0.000000
982.597595,-23.160,-81.705933,0.002851,8.060,-2.667,-2.646,0.000000
985.998474,-24.336,-98.929100,0.003265,8.060,-2.728,-2.708,0.000000
989.412109,-25.794,-116.167061,0.003861,8.060,-2.790,-2.769,0.000000
992.836609,-27.345,-132.803146,0.004616,8.060,-2.852,-2.831,0.000000
996.273926,-28.688,-149.982239,0.005388,8.060,-2.914,-2.893,0.000000
999.722168,-29.816,177.638596,0.006135,8.060,-2.977,-2.956,0.000000
1003.182800,-30.897,107.912567,0.006949,8.060,-3.006,-2.985,0.000000
1006.655457,-31.628,76.733131,0.007558,8.060,-3.033,-3.012,0.000000
1010.140076,-31.231,64.154533,0.007220,8.060,-3.060,-3.039,0.000000
1013.636780,-29.877,52.813663,0.006178,8.060,-3.087,-3.065,0.000000
1017.145142,-28.139,40.795944,0.005058,8.060,-3.114,-3.092,0.000000
1020.666565,-26.787,29.966549,0.004330,8.060,-3.142,-3.119,0.000000
1024.199219,-25.617,22.270847,0.003785,8.060,-3.169,-3.146,0.000000
1027.745117,-24.484,16.166920,0.003323,8.060,-3.196,-3.174,0.000000
1031.302246,-23.378,9.608944,0.002926,8.060,-3.224,-3.201,0.000000
1034.872803,-22.618,-0.030440,0.002681,8.060,-3.252,-3.228,0.000000
1038.454590,-22.222,-12.558437,0.002562,8.060,-3.279,-3.256,0.000000
1042.049805,-22.232,-24.195728,0.002566,8.060,-3.307,-3.283,0.000000
1045.656494,-22.613,-33.706413,0.002681,8.060,-3.335,-3.311,0.000000
1049.276123,-23.115,-40.159710,0.002841,8.060,-3.363,-3.339,0.000000
1052.908325,-23.642,-45.083084,0.003019,8.060,-3.391,-3.367,0.000000
1056.553101,-24.414,-49.996284,0.003301,8.060,-3.419,-3.395,0.000000
1060.210571,-25.455,-52.624481,0.003721,8.060,-3.448,-3.423,0.000000
1063.880005,-26.255,-51.408916,0.004081,8.060,-3.476,-3.451,0.000000
1067.563354,-26.606,-50.593678,0.004250,8.060,-3.504,-3.479,0.000000
1071.258301,-26.727,-51.337654,0.004311,8.060,-3.533,-3.507,0.000000
1074.967041,-26.903,-52.791782,0.004400,8.060,-3.562,-3.536,0.000000
1078.688232,-27.020,-54.539154,0.004460,8.060,-3.591,-3.564,0.000000
1082.422241,-27.200,-56.737225,0.004554,8.060,-3.619,-3.593,0.000000
1086.168579,-27.371,-58.435963,0.004646,8.060,-3.648,-3.622,0.000000
1089.929077,-27.353,-60.180836,0.004637,8.060,-3.677,-3.651,0.000000
1093.701416,-27.429,-65.630966,0.004678,8.060,-3.707,-3.680,0.000000
1097.487427,-28.328,-71.027794,0.005189,8.060,-3.736,-3.709,0.000000
1101.286499,-29.398,-72.197327,0.005871,8.060,-3.765,-3.738,0.000000
1105.098755,-30.157,-67.339531,0.006408,8.060,-3.795,-3.767,0.000000
1108.924194,-30.159,-62.653469,0.006411,8.060,-3.824,-3.796,0.000000
1112.762817,-29.745,-60.257698,0.006113,8.060,-3.854,-3.826,0.000000
1116.614746,-29.206,-60.423225,0.005746,8.060,-3.884,-3.855,0.000000
1120.480103,-28.725,-61.866634,0.005438,8.060,-3.914,-3.885,0.000000
1124.358765,-28.209,-64.411057,0.005125,8.060,-3.944,-3.915,0.000000
1128.250854,-27.586,-67.415398,0.004771,8.060,-3.974,-3.945,0.000000
1132.156372,-27.076,-74.307205,0.004500,8.060,-4.004,-3.975,0.000000
1136.075562,-26.887,-88.498161,0.004403,8.060,-4.035,-4.005,0.000000
1140.007568,-27.247,-104.373932,0.004591,8.060,-4.065,-4.035,0.000000
1143.953857,-27.903,-117.441223,0.004953,8.060,-4.096,-4.065,0.000000
1147.913818,-28.709,-129.498749,0.005436,8.060,-4.126,-4.096,0.000000
1151.887451,-29.408,-142.570908,0.005894,8.060,-4.157,-4.126,0.000000
1155.874878,-30.159,-156.569275,0.006428,8.060,-4.188,-4.157,0.000000
1159.876099,-30.778,-170.799454,0.006906,8.060,-4.219,-4.187,0.000000
1163.891113,-30.612,174.493347,0.006777,8.060,-4.250,-4.218,0.000000
1167.920044,-29.795,158.759583,0.006170,8.060,-4.281,-4.249,0.000000
1171.962891,-28.681,141.523514,0.005428,8.060,-4.312,-4.280,0.000000
1176.019775,-27.740,118.473228,0.004872,8.060,-4.344,-4.311,0.000000
1180.090698,-26.777,97.186829,0.004361,8.060,-4.375,-4.342,0.000000
1184.175781,-25.860,77.830612,0.003925,8.060,-4.407,-4.374,0.000000
1188.274902,-25.154,59.737133,0.003619,8.060,-4.438,-4.405,0.000000
1192.388306,-24.542,42.866508,0.003374,8.060,-4.470,-4.437,0.000000
1196.515259,-24.323,27.239540,0.003291,8.060,-4.502,-4.468,0.000000
1200.657227,-24.482,14.757425,0.003353,8.060,-4.534,-4.500,0.000000
1204.813965,-24.536,5.543220,0.003375,8.060,-4.566,-4.532,0.000000
1208.984009,-24.349,-3.332510,0.003304,8.060,-4.599,-4.564,0.000000
1213.169067,-24.316,-13.832987,0.003292,8.060,-4.631,-4.596,0.000000
1217.368530,-24.743,-24.923071,0.003459,8.059,-4.664,-4.628,0.000000
1221.582642,-25.479,-35.668972,0.003767,8.059,-4.696,-4.661,0.000000
1225.811279,-26.577,-46.951328,0.004275,8.059,-4.729,-4.693,0.000000
1230.054565,-27.506,-45.226570,0.004759,8.059,-4.762,-4.726,0.000000
1234.311890,-27.515,-37.441441,0.004764,8.059,-4.795,-4.758,0.000000
1238.585205,-27.273,-37.836620,0.004634,8.059,-4.828,-4.791,0.000000
1242.872803,-27.754,-44.092636,0.004899,8.059,-4.861,-4.824,0.000000
1247.175049,-28.977,-42.216148,0.005641,8.059,-4.894,-4.857,0.000000
1251.492310,-29.813,-26.076981,0.006212,8.059,-4.928,-4.890,0.000000
1255.823975,-29.748,-8.047969,0.006166,8.059,-4.961,-4.923,0.000000
1260.171753,-29.036,1.425540,0.005682,8.059,-4.995,-4.957,0.000000
1264.533325,-28.361,-2.284752,0.005258,8.059,-5.028,-4.990,0.000000
1268.911255,-28.287,-6.952493,0.005214,8.059,-5.062,-5.024,0.000000
1273.303101,-28.391,-6.832614,0.005278,8.059,-5.096,-5.057,0.000000
1277.710815,-28.039,-2.741276,0.005069,8.059,-5.130,-5.091,0.000000
1282.133789,-26.867,0.182952,0.004430,8.059,-5.165,-5.125,0.000000
1286.572021,-25.813,-3.613263,0.003925,8.059,-5.199,-5.159,0.000000
1291.025024,-25.198,-9.486807,0.003657,8.059,-5.233,-5.193,0.000000
1295.494751,-24.746,-14.514770,0.003472,8.059,-5.268,-5.228,0.000000
1299.979248,-24.118,-18.080057,0.003230,8.059,-5.303,-5.262,0.000000
1304.479248,-23.344,-24.936003,0.002956,8.059,-5.338,-5.297,0.000000
1308.994873,-22.895,-34.493607,0.002807,8.059,-5.372,-5.331,0.000000
1313.525513,-22.903,-44.496822,0.002810,8.059,-5.408,-5.366,0.000000
1318.072998,-23.259,-53.408863,0.002928,8.059,-5.443,-5.401,0.000000
1322.635010,-23.754,-59.562035,0.003100,8.059,-5.478,-5.436,0.000000
1327.214111,-23.964,-63.128082,0.003177,8.059,-5.513,-5.471,0.000000
1331.807739,-23.819,-69.189888,0.003125,8.059,-5.549,-5.506,0.000000
1336.417969,-23.896,-77.700607,0.003153,8.059,-5.585,-5.542,0.000000
1341.044189,-24.351,-86.950554,0.003323,8.059,-5.620,-5.577,0.000000
1345.686401,-24.961,-95.008339,0.003565,8.059,-5.656,-5.613,0.000000
1350.344604,-25.347,-103.169777,0.003727,8.059,-5.692,-5.648,0.000000
1355.018921,-25.532,-114.075661,0.003807,8.059,-5.729,-5.684,0.000000
1359.709595,-25.570,-128.510742,0.003824,8.059,-5.765,-5.720,0.000000
1364.416382,-25.747,-147.210281,0.003903,8.059,-5.801,-5.756,0.000000
1369.139404,-26.587,-167.518402,0.004299,8.059,-5.838,-5.793,0.000000
1373.878174,-27.533,171.157288,0.004794,8.059,-5.875,-5.829,0.000000
1378.634644,-28.031,147.425842,0.005077,8.059,-5.911,-5.865,0.000000
1383.406372,-28.045,122.179443,0.005085,8.059,-5.948,-5.902,0.000000
1388.195801,-28.003,97.498787,0.005060,8.059,-5.985,-5.939,0.000000
1393.000610,-28.329,71.720047,0.005254,8.059,-6.022,-5.976,0.000000
1397.822632,-28.941,44.945702,0.005637,8.059,-6.060,-6.013,0.000000
1402.661377,-29.063,22.391169,0.005717,8.059,-6.097,-6.050,0.000000
1407.516846,-28.959,2.009985,0.005648,8.059,-6.135,-6.087,0.000000
1412.389771,-28.903,-17.686680,0.005611,8.059,-6.172,-6.124,0.000000
1417.278198,-29.252,-36.298176,0.005840,8.059,-6.210,-6.162,0.000000
1422.184326,-29.825,-54.704075,0.006237,8.059,-6.248,-6.200,0.000000
1427.107300,-30.740,-70.547592,0.006929,8.059,-6.286,-6.237,0.000000
1432.047485,-31.612,-72.653168,0.007659,8.059,-6.325,-6.275,0.000000
1437.004639,-32.081,-76.500969,0.008083,8.059,-6.363,-6.313,0.000000
1441.979004,-32.471,-119.294495,0.008454,8.059,-6.401,-6.351,0.000000
1446.969849,-33.164,143.171829,0.009157,8.059,-6.440,-6.390,0.000000
1451.979492,-33.693,101.014511,0.009732,8.059,-6.479,-6.428,0.000000
1457.005005,-34.142,81.325584,0.010248,8.059,-6.518,-6.467,0.000000
1462.048584,-34.883,78.932770,0.011161,8.059,-6.557,-6.505,0.000000
1467.109619,-34.723,71.668633,0.010957,8.059,-6.596,-6.544,0.000000
1472.188110,-33.930,64.634834,0.010000,8.059,-6.635,-6.583,0.000000
1477.285034,-32.591,62.737999,0.008570,8.059,-6.675,-6.622,0.000000
1482.398071,-31.298,54.113747,0.007383,8.059,-6.714,-6.662,0.000000
1487.529541,-30.477,46.890106,0.006716,8.059,-6.754,-6.701,0.000000
1492.678833,-29.667,40.315369,0.006117,8.059,-6.794,-6.740,0.000000
1497.845947,-28.903,36.041866,0.005601,8.059,-6.834,-6.780,0.000000
1503.030884,-28.150,26.241316,0.005135,8.059,-6.874,-6.820,0.000000
1508.233765,-28.246,10.415525,0.005191,8.059,-6.914,-6.860,0.000000
1513.453979,-28.839,-3.636928,0.005557,8.059,-6.954,-6.900,0.000000
1518.693726,-29.698,-14.229624,0.006134,8.059,-6.995,-6.940,0.000000
1523.950195,-30.468,-13.074021,0.006701,8.059,-7.036,-6.980,0.000000
1529.226196,-31.182,-9.011903,0.007274,8.059,-7.077,-7.021,0.000000
1534.519775,-32.262,0.001577,0.008236,8.059,-7.117,-7.061,0.000000
1539.831055,-33.293,23.909779,0.009272,8.059,-7.159,-7.102,0.000000
1545.161987,-33.198,55.239536,0.009171,8.059,-7.200,-7.143,0.000000
1550.510010,-31.816,64.242020,0.007823,8.059,-7.241,-7.184,0.000000
1555.877319,-30.040,68.392311,0.006376,8.059,-7.283,-7.225,0.000000
1561.263184,-28.341,62.326027,0.005243,8.059,-7.324,-7.267,0.000000
1566.667725,-27.265,50.189236,0.004632,8.059,-7.366,-7.308,0.000000
1572.090820,-26.723,40.741333,0.004352,8.059,-7.408,-7.350,0.000000
1577.532837,-26.324,32.093204,0.004156,8.059,-7.450,-7.391,0.000000
1582.992920,-26.313,19.697174,0.004150,8.059,-7.493,-7.433,0.000000
1588.473389,-26.494,11.450425,0.004237,8.059,-7.535,-7.475,0.000000
1593.971313,-27.151,6.597095,0.004569,8.059,-7.577,-7.517,0.000000
1599.489746,-27.847,3.642035,0.004949,8.059,-7.620,-7.560,0.000000
1605.026611,-28.881,2.444379,0.005574,8.059,-7.663,-7.602,0.000000
1610.581787,-29.675,4.408997,0.006107,8.059,-7.706,-7.645,0.000000
1616.157837,-30.110,7.733598,0.006420,8.059,-7.749,-7.688,0.000000
1621.751587,-30.095,11.354837,0.006409,8.059,-7.792,-7.731,0.000000
1627.366211,-29.467,15.738185,0.005962,8.059,-7.836,-7.774,0.000000
1632.998779,-28.734,14.715251,0.005479,8.059,-7.879,-7.817,0.000000
1638.651611,-28.011,11.583373,0.005042,8.059,-7.923,-7.860,0.000000
1644.323975,-27.868,5.154908,0.004959,8.059,-7.967,-7.904,0.000000
1650.015991,-28.029,-0.526435,0.005052,8.059,-8.011,-7.947,0.000000
1655.726929,-28.583,-1.592830,0.005386,8.059,-8.055,-7.991,0.000000
1661.459229,-28.420,1.387175,0.005287,8.059,-8.100,-8.035,0.000000
1667.209717,-28.187,0.742431,0.005147,8.059,-8.144,-8.079,0.000000
1672.981812,-28.110,-2.126964,0.005103,8.059,-8.189,-8.124,0.000000
1678.772949,-28.506,-5.114711,0.005342,8.059,-8.234,-8.168,0.000000
1684.583496,-29.049,-1.960912,0.005688,8.059,-8.279,-8.213,0.000000
1690.415649,-29.200,3.193835,0.005788,8.059,-8.324,-8.257,0.000000
1696.266357,-28.615,8.631474,0.005411,8.059,-8.369,-8.302,0.000000
1702.139038,-27.477,9.099553,0.004747,8.059,-8.414,-8.347,0.000000
1708.030396,-27.161,-1.269205,0.004577,8.059,-8.460,-8.392,0.000000
1713.942871,-27.916,-7.970585,0.004993,8.059,-8.506,-8.438,0.000000
1719.875977,-28.571,-5.327724,0.005384,8.059,-8.552,-8.483,0.000000
1725.829468,-28.762,0.226595,0.005504,8.059,-8.598,-8.529,0.000000
1731.802856,-28.334,2.901299,0.005239,8.059,-8.644,-8.575,0.000000
1737.798462,-27.792,4.445224,0.004923,8.059,-8.690,-8.621,0.000000
1743.814087,-27.318,2.226979,0.004662,8.059,-8.737,-8.667,0.000000
1749.850464,-27.438,2.565350,0.004728,8.059,-8.784,-8.713,0.000000
1755.907837,-27.069,4.954762,0.004532,8.059,-8.830,-8.760,0.000000
1761.985229,-26.197,6.259512,0.004100,8.059,-8.877,-8.806,0.000000
1768.085449,-25.620,-0.230831,0.003837,8.059,-8.925,-8.853,0.000000
1774.204956,-25.555,-7.068631,0.003809,8.059,-8.972,-8.900,0.000000
1780.347412,-25.603,-11.137574,0.003831,8.059,-9.020,-8.947,0.000000
1786.509521,-25.598,-15.728467,0.003829,8.059,-9.067,-8.995,0.000000
1792.693726,-25.856,-20.812107,0.003946,8.059,-9.115,-9.042,0.000000
1798.899292,-26.105,-23.307526,0.004061,8.059,-9.163,-9.090,0.000000
1805.126465,-26.229,-27.393135,0.004120,8.059,-9.211,-9.137,0.000000
1811.375122,-26.835,-31.715864,0.004419,8.059,-9.260,-9.185,0.000000
1817.645386,-27.183,-33.472507,0.004600,8.059,-9.308,-9.233,0.000000
1823.937378,-27.215,-38.373035,0.004618,8.059,-9.357,-9.282,0.000000
1830.251099,-27.667,-47.405106,0.004866,8.059,-9.406,-9.330,0.000000
1836.586792,-28.684,-51.495235,0.005471,8.059,-9.455,-9.379,0.000000
1842.943481,-29.882,-47.394238,0.006281,8.059,-9.504,-9.427,0.000000
1849.323853,-29.958,-40.697536,0.006337,8.059,-9.553,-9.476,0.000000
1855.724609,-30.609,-40.931190,0.006831,8.059,-9.603,-9.526,0.000000
1862.149292,-31.671,-32.712326,0.007721,8.059,-9.652,-9.575,0.000000
1868.594482,-31.620,-21.900589,0.007678,8.059,-9.702,-9.624,0.000000
1875.062866,-30.935,-15.842244,0.007096,8.059,-9.752,-9.674,0.000000
1881.553589,-30.100,-15.375954,0.006447,8.059,-9.803,-9.724,0.000000
1888.066772,-29.792,-18.459034,0.006224,8.059,-9.853,-9.774,0.000000
1894.603516,-29.398,-28.643709,0.005949,8.059,-9.904,-9.824,0.000000
1901.161011,-29.324,-44.542717,0.005899,8.059,-9.954,-9.874,0.000000
1907.742065,-29.771,-58.136490,0.006212,8.059,-10.005,-9.925,0.000000
1914.345947,-29.620,-71.281471,0.006106,8.059,-10.056,-9.975,0.000000
1920.972656,-29.301,-84.091248,0.005887,8.059,-10.108,-10.026,0.000000
1927.622314,-29.669,-86.420288,0.006142,8.059,-10.159,-10.077,0.000000
1934.295044,-30.548,-41.642708,0.006798,8.059,-10.211,-10.128,0.000000
1940.989868,-30.716,67.677795,0.006932,8.059,-10.262,-10.180,0.000000
1947.709717,-29.374,78.672920,0.005942,8.059,-10.314,-10.231,0.000000
1954.451050,-27.925,71.375465,0.005031,8.059,-10.367,-10.283,0.000000
1961.216675,-26.946,55.719990,0.004496,8.059,-10.419,-10.335,0.000000
1968.005615,-26.220,38.860699,0.004137,8.059,-10.472,-10.387,0.000000
1974.818115,-26.168,22.640398,0.004114,8.059,-10.524,-10.439,0.000000
1981.655151,-26.702,13.563885,0.004376,8.059,-10.577,-10.492,0.000000
1988.513916,-26.707,17.046019,0.004380,8.059,-10.630,-10.544,0.000000
1995.397339,-25.915,13.133207,0.003999,8.059,-10.683,-10.597,0.000000
2002.304688,-25.796,4.094704,0.003945,8.059,-10.724,-10.637,0.000000
2009.235840,-26.568,-1.491191,0.004312,8.059,-10.738,-10.651,0.000000
2016.191040,-26.846,-1.178442,0.004453,8.059,-10.752,-10.664,0.000000
2023.170288,-26.577,-2.641776,0.004318,8.059,-10.766,-10.678,0.000000
2030.172852,-26.544,-3.419760,0.004302,8.059,-10.781,-10.692,0.000000
2037.201416,-25.845,-2.948601,0.003971,8.059,-10.795,-10.706,0.000000
2044.252441,-25.211,-13.568239,0.003693,8.059,-10.809,-10.720,0.000000
2051.329834,-25.287,-26.002144,0.003727,8.059,-10.824,-10.734,0.000000
2058.430908,-25.937,-31.123945,0.004018,8.059,-10.838,-10.748,0.000000
2065.555420,-25.921,-24.223593,0.004011,8.059,-10.853,-10.762,0.000000
2072.706543,-25.332,-27.383747,0.003750,8.059,-10.867,-10.776,0.000000
2079.880371,-24.952,-36.064926,0.003590,8.059,-10.882,-10.790,0.000000
2087.080078,-24.650,-48.790661,0.003468,8.059,-10.897,-10.805,0.000000
2094.304932,-24.625,-63.301182,0.003459,8.059,-10.911,-10.819,0.000000
2101.554443,-24.936,-44.469311,0.003586,8.059,-10.926,-10.833,0.000000
2108.829346,-24.550,23.826387,0.003430,8.059,-10.941,-10.848,0.000000
2116.129150,-23.992,16.055277,0.003218,8.059,-10.956,-10.862,0.000000
2123.453369,-23.597,-16.676571,0.003075,8.059,-10.971,-10.876,0.000000
2130.804932,-24.131,-47.830524,0.003271,8.059,-10.986,-10.891,0.000000
2138.180176,-25.275,-78.737930,0.003732,8.059,-11.001,-10.906,0.000000
2145.582520,-26.508,37.054104,0.004303,8.059,-11.016,-10.920,0.000000
2153.009766,-27.201,36.897026,0.004662,8.059,-11.031,-10.935,0.000000
2160.461670,-27.280,22.745148,0.004707,8.059,-11.046,-10.950,0.000000
2167.941406,-27.580,16.102121,0.004874,8.059,-11.061,-10.964,0.000000
2175.445068,-27.889,18.725435,0.005052,8.059,-11.077,-10.979,0.000000
2182.976562,-27.730,24.951111,0.004961,8.059,-11.092,-10.994,0.000000
2190.532227,-26.970,24.707813,0.004547,8.059,-11.107,-11.009,0.000000
2198.114990,-26.765,15.393321,0.004441,8.059,-11.123,-11.024,0.000000
2205.723877,-26.802,-2.870649,0.004461,8.059,-11.138,-11.039,0.000000
2213.359375,-27.003,-12.191006,0.004566,8.059,-11.154,-11.054,0.000000
2221.020020,-26.994,-19.085995,0.004562,8.059,-11.170,-11.069,0.000000
2228.709473,-27.184,-33.859253,0.004664,8.059,-11.185,-11.085,0.000000
2236.423340,-27.973,-36.762501,0.005109,8.059,-11.201,-11.100,0.000000
2244.166016,-29.150,-32.909508,0.005852,8.059,-11.217,-11.115,0.000000
2251.934570,-30.346,-18.933508,0.006719,8.059,-11.233,-11.131,0.000000
2259.728760,-29.696,0.675146,0.006237,8.059,-11.248,-11.146,0.000000
2267.552002,-28.566,4.567283,0.005478,8.059,-11.264,-11.162,0.000000
2275.400391,-27.882,3.225050,0.005064,8.059,-11.280,-11.177,0.000000
2283.278076,-27.626,-11.116170,0.004919,8.059,-11.296,-11.193,0.000000
2291.180908,-28.322,-3.863239,0.005330,8.059,-11.313,-11.208,0.000000
2299.112061,-28.232,-7.407445,0.005276,8.059,-11.329,-11.224,0.000000
2307.070557,-28.184,-17.214216,0.005248,8.059,-11.345,-11.240,0.000000
2315.056885,-28.196,-29.202019,0.005256,8.059,-11.361,-11.255,0.000000
2323.069580,-28.995,-36.211086,0.005763,8.059,-11.378,-11.271,0.000000
2331.112305,-29.931,-28.476049,0.006420,8.059,-11.394,-11.287,0.000000
2339.181641,-29.790,-19.589075,0.006319,8.059,-11.410,-11.303,0.000000
2347.279053,-30.133,-10.083320,0.006576,8.059,-11.427,-11.319,0.000000
2355.404297,-29.013,-2.837483,0.005782,8.059,-11.444,-11.335,0.000000
2363.556885,-28.033,-6.190369,0.005167,8.059,-11.460,-11.351,0.000000
2371.739746,-27.368,-9.048487,0.004788,8.059,-11.477,-11.368,0.000000
2379.948486,-26.886,-12.458493,0.004531,8.059,-11.494,-11.384,0.000000
2388.188232,-26.521,-15.150460,0.004346,8.059,-11.510,-11.400,0.000000
2396.454102,-26.164,-26.844549,0.004172,8.059,-11.527,-11.416,0.000000
2404.749512,-25.520,-38.602505,0.003874,8.059,-11.544,-11.433,0.000000
2413.073975,-24.730,-51.908607,0.003538,8.059,-11.561,-11.449,0.000000
2421.427002,-24.175,-68.282974,0.003320,8.059,-11.578,-11.466,0.000000
2429.809082,-24.207,-85.010887,0.003332,8.059,-11.595,-11.482,0.000000
2438.220215,-24.191,-107.921822,0.003327,8.059,-11.612,-11.499,0.000000
2446.660400,-23.946,-141.796005,0.003235,8.059,-11.630,-11.516,0.000000
2455.129883,-23.292,166.575287,0.003002,8.059,-11.647,-11.533,0.000000
2463.628418,-22.647,135.162460,0.002788,8.059,-11.664,-11.549,0.000000
2472.155518,-22.982,110.092445,0.002898,8.059,-11.682,-11.566,0.000000
2480.714355,-23.438,82.286766,0.003056,8.059,-11.699,-11.583,0.000000
2489.300293,-23.327,57.395657,0.003018,8.059,-11.716,-11.600,0.000000
2497.918701,-23.296,33.174141,0.003008,8.059,-11.734,-11.617,0.000000
2506.564209,-23.795,11.017168,0.003187,8.059,-11.752,-11.634,0.000000
2515.240967,-24.551,3.977000,0.003477,8.059,-11.769,-11.651,0.000000
2523.947754,-25.150,-9.765581,0.003726,8.059,-11.787,-11.669,0.000000
2532.684814,-26.289,-25.617313,0.004249,8.059,-11.805,-11.686,0.000000
2541.453125,-27.197,-37.734531,0.004718,8.059,-11.823,-11.703,0.000000
2550.249512,-27.353,-35.394905,0.004804,8.059,-11.841,-11.721,0.000000
2559.077393,-28.263,-40.219868,0.005336,8.059,-11.859,-11.738,0.000000
2567.936035,-29.898,-51.511860,0.006442,8.059,-11.877,-11.756,0.000000
2576.825195,-29.584,-9.150907,0.006214,8.059,-11.895,-11.773,0.000000
2585.745117,-28.098,8.544728,0.005238,8.059,-11.913,-11.791,0.000000
2594.696045,-27.228,7.521536,0.004740,8.059,-11.931,-11.809,0.000000
2603.676514,-26.057,9.858508,0.004142,8.059,-11.950,-11.826,0.000000
2612.690918,-25.157,5.886023,0.003735,8.059,-11.968,-11.844,0.000000
2621.733643,-24.850,-22.020760,0.003606,8.059,-11.986,-11.862,0.000000
2630.809082,-24.853,-53.307114,0.003609,8.059,-12.005,-11.880,0.000000
2639.916016,-24.502,-71.802261,0.003467,8.059,-12.023,-11.898,0.000000
2649.054443,-24.039,-69.076447,0.003288,8.059,-12.042,-11.916,0.000000
2658.225586,-24.432,-71.826485,0.003442,8.059,-12.061,-11.934,0.000000
2667.426025,-25.312,-107.979576,0.003810,8.059,-12.080,-11.952,0.000000
2676.659668,-25.972,174.803757,0.004112,8.059,-12.098,-11.971,0.000000
2685.925293,-26.419,126.444168,0.004330,8.059,-12.117,-11.989,0.000000
2695.222900,-26.549,93.880470,0.004396,8.059,-12.136,-12.007,0.000000
2704.552734,-26.138,75.517258,0.004194,8.059,-12.155,-12.026,0.000000
2713.914795,-25.887,60.136429,0.004075,8.059,-12.174,-12.044,0.000000
2723.308105,-26.255,43.494339,0.004253,8.059,-12.193,-12.063,0.000000
2732.736572,-26.493,34.219902,0.004371,8.059,-12.213,-12.082,0.000000
2742.194824,-25.847,28.221251,0.004059,8.059,-12.232,-12.100,0.000000
2751.688477,-25.174,17.135019,0.003757,8.059,-12.251,-12.119,0.000000
2761.212646,-25.215,5.718211,0.003776,8.059,-12.271,-12.138,0.000000
2770.770752,-25.290,-3.690901,0.003810,8.059,-12.290,-12.157,0.000000
2780.363525,-25.608,-15.008775,0.003954,8.059,-12.310,-12.176,0.000000
2789.986816,-26.331,-25.250782,0.004298,8.059,-12.329,-12.195,0.000000
2799.644531,-27.136,-32.105244,0.004717,8.059,-12.349,-12.214,0.000000
2809.335938,-27.559,-32.170189,0.004954,8.059,-12.369,-12.233,0.000000
2819.060791,-27.818,-32.795975,0.005105,8.059,-12.389,-12.252,0.000000
2828.819336,-28.469,-37.869282,0.005504,8.059,-12.409,-12.272,0.000000
2838.611572,-29.670,-42.498402,0.006321,8.059,-12.428,-12.291,0.000000
2848.436279,-30.636,-34.431984,0.007066,8.059,-12.449,-12.310,0.000000
2858.297852,-30.903,-27.108580,0.007287,8.059,-12.469,-12.330,0.000000
2868.190918,-31.077,-21.710865,0.007436,8.059,-12.489,-12.350,0.000000
2878.120850,-30.411,-15.232146,0.006889,8.059,-12.509,-12.369,0.000000
2888.083740,-30.001,-20.305002,0.006574,8.059,-12.529,-12.389,0.000000
2898.079834,-30.536,-25.791010,0.006994,8.059,-12.550,-12.409,0.000000
2908.113281,-30.699,-22.647602,0.007128,8.059,-12.570,-12.429,0.000000
2918.178711,-29.552,-22.962603,0.006249,8.059,-12.591,-12.448,0.000000
2928.281738,-28.984,-32.311905,0.005856,8.059,-12.611,-12.468,0.000000
2938.416748,-28.943,-45.039829,0.005830,8.059,-12.632,-12.488,0.000000
2948.588379,-29.381,-47.038906,0.006133,8.059,-12.653,-12.509,0.000000
2958.795410,-29.075,-58.232162,0.005923,8.059,-12.673,-12.529,0.000000
2969.037598,-28.659,-71.420616,0.005648,8.059,-12.694,-12.549,0.000000
2979.313965,-27.988,-77.919907,0.005230,8.059,-12.715,-12.569,0.000000
2989.629883,-28.252,-95.561302,0.005393,8.059,-12.736,-12.590,0.000000
2999.974609,-29.648,-143.202560,0.006336,8.059,-12.757,-12.610,0.000000
3010.360840,-30.060,140.897690,0.006646,8.058,-12.779,-12.631,0.000000
3020.782959,-30.466,105.487053,0.006966,8.058,-12.800,-12.651,0.000000
3031.238281,-29.774,76.659698,0.006435,8.058,-12.821,-12.672,0.000000
3041.732666,-30.084,76.842865,0.006671,8.058,-12.843,-12.693,0.000000
3052.260498,-30.756,68.068245,0.007211,8.058,-12.864,-12.714,0.000000
3062.827881,-31.434,62.274731,0.007799,8.058,-12.886,-12.735,0.000000
3073.428711,-29.647,60.941658,0.006350,8.058,-12.907,-12.756,0.000000
3084.066162,-27.782,49.230755,0.005125,8.058,-12.929,-12.777,0.000000
3094.743652,-26.793,33.591728,0.004575,8.058,-12.951,-12.798,0.000000
3105.457764,-26.605,21.773901,0.004479,8.058,-12.972,-12.819,0.000000
3116.206299,-27.238,24.917763,0.004819,8.058,-12.994,-12.840,0.000000
3126.991943,-26.927,40.498009,0.004651,8.058,-13.016,-12.861,0.000000
3137.817871,-26.730,24.278755,0.004549,8.058,-13.038,-12.883,0.000000
3148.681152,-27.004,11.042508,0.004696,8.058,-13.061,-12.904,0.000000
3159.579346,-27.944,10.822703,0.005235,8.058,-13.083,-12.926,0.000000
3170.515137,-29.200,19.673367,0.006050,8.058,-13.105,-12.948,0.000000
3181.491699,-30.706,32.787235,0.007198,8.058,-13.127,-12.969,0.000000
3192.503174,-30.807,44.484348,0.007285,8.058,-13.150,-12.991,0.000000
3203.555908,-30.028,36.361877,0.006663,8.058,-13.172,-13.013,0.000000
3214.644043,-29.432,25.116983,0.006223,8.058,-13.195,-13.035,0.000000
3225.773438,-29.684,18.927931,0.006408,8.058,-13.218,-13.057,0.000000
3236.938232,-29.615,17.807505,0.006360,8.058,-13.240,-13.079,0.000000
3248.141602,-29.044,21.029797,0.005957,8.058,-13.263,-13.101,0.000000
3259.386963,-28.504,17.882452,0.005600,8.058,-13.286,-13.123,0.000000
3270.671387,-27.883,15.409653,0.005215,8.058,-13.309,-13.146,0.000000
3281.991699,-27.766,6.819756,0.005147,8.058,-13.332,-13.168,0.000000
3293.351074,-27.828,8.276825,0.005186,8.058,-13.355,-13.191,0.000000
3304.752930,-27.585,6.076293,0.005045,8.058,-13.379,-13.213,0.000000
3316.194336,-27.400,8.271872,0.004940,8.058,-13.402,-13.236,0.000000
3327.672119,-26.694,7.010435,0.004556,8.058,-13.425,-13.258,0.000000
3339.189697,-26.136,-0.464663,0.004274,8.058,-13.449,-13.281,0.000000
3350.750244,-26.066,-11.176756,0.004241,8.058,-13.472,-13.304,0.000000
3362.347656,-26.302,-23.129448,0.004360,8.058,-13.496,-13.327,0.000000
3373.985107,-26.846,-31.936924,0.004643,8.058,-13.520,-13.350,0.000000
3385.666260,-27.231,-41.897175,0.004855,8.058,-13.544,-13.373,0.000000
3397.387695,-27.997,-54.161880,0.005304,8.058,-13.568,-13.396,0.000000
3409.146484,-28.637,-53.854401,0.005712,8.058,-13.591,-13.420,0.000000
3420.946045,-29.911,-63.742390,0.006617,8.058,-13.616,-13.443,0.000000
3432.789795,-30.502,-69.100464,0.007085,8.058,-13.640,-13.466,0.000000
3444.674316,-30.781,-54.087006,0.007319,8.058,-13.664,-13.490,0.000000
3456.596924,-31.334,-32.516216,0.007802,8.058,-13.688,-13.513,0.000000
3468.560547,-31.627,0.521687,0.008072,8.058,-13.713,-13.537,0.000000
3480.569092,-31.344,4.522815,0.007814,8.058,-13.737,-13.561,0.000000
3492.615723,-31.668,3.149112,0.008113,8.058,-13.762,-13.585,0.000000
3504.707520,-31.703,-3.758340,0.008147,8.058,-13.786,-13.609,0.000000
3516.837891,-30.464,14.187860,0.007065,8.058,-13.811,-13.633,0.000000
3529.013428,-29.708,6.230947,0.006477,8.058,-13.836,-13.657,0.000000
3541.228027,-30.270,1.182049,0.006912,8.058,-13.861,-13.681,0.000000
3553.484619,-30.362,0.678398,0.006986,8.058,-13.886,-13.705,0.000000
3565.787109,-30.505,2.306845,0.007103,8.058,-13.911,-13.729,0.000000
3578.132080,-29.871,11.020210,0.006604,8.058,-13.936,-13.754,0.000000
3590.516602,-29.268,9.142547,0.006162,8.058,-13.961,-13.778,0.000000
3602.943848,-29.341,10.107807,0.006216,8.058,-13.987,-13.803,0.000000
3615.417480,-29.972,8.440743,0.006685,8.058,-14.012,-13.828,0.000000
3627.934570,-29.527,6.084131,0.006353,8.058,-14.037,-13.852,0.000000
3640.491211,-29.489,-2.227771,0.006326,8.058,-14.063,-13.877,0.000000
3653.091553,-29.857,-8.260901,0.006600,8.058,-14.089,-13.902,0.000000
3665.739014,-29.201,-10.387962,0.006122,8.058,-14.115,-13.927,0.000000
3678.426514,-28.919,-29.881964,0.005927,8.058,-14.140,-13.952,0.000000
3691.161621,-29.171,-32.473816,0.006102,8.058,-14.166,-13.977,0.000000
3703.937256,-28.557,10.536496,0.005687,8.058,-14.192,-14.003,0.000000
3716.760498,-27.697,13.403104,0.005151,8.058,-14.219,-14.028,0.000000
3729.628418,-27.646,16.045488,0.005121,8.058,-14.245,-14.053,0.000000
3742.533447,-27.873,32.239857,0.005256,8.058,-14.271,-14.079,0.000000
3755.490479,-27.718,44.052395,0.005163,8.058,-14.297,-14.105,0.000000
3768.492432,-27.652,51.455860,0.005124,8.058,-14.324,-14.130,0.000000
3781.535645,-27.497,48.281071,0.005034,8.058,-14.351,-14.156,0.000000
3794.624023,-27.601,32.149284,0.005094,8.058,-14.377,-14.182,0.000000
3807.761475,-28.225,24.775305,0.005472,8.058,-14.404,-14.208,0.000000
3820.940674,-29.092,24.623753,0.006046,8.058,-14.431,-14.234,0.000000
3834.169189,-29.379,26.510115,0.006248,8.058,-14.458,-14.260,0.000000
3847.439697,-28.629,29.288465,0.005730,8.058,-14.485,-14.286,0.000000
3860.760010,-28.048,25.520452,0.005358,8.058,-14.512,-14.313,0.000000
3874.126221,-27.777,22.033266,0.005193,8.058,-14.539,-14.339,0.000000
3887.531494,-27.563,15.529261,0.005066,8.058,-14.567,-14.366,0.000000
3900.990479,-27.382,12.924303,0.004960,8.058,-14.594,-14.392,0.000000
3914.496094,-27.389,12.026229,0.004964,8.058,-14.622,-14.419,0.000000
3928.048340,-26.897,-5.083152,0.004689,8.058,-14.649,-14.446,0.000000
3941.640137,-26.762,-12.035299,0.004616,8.058,-14.677,-14.473,0.000000
3955.286377,-26.763,-11.038326,0.004616,8.058,-14.705,-14.500,0.000000
3968.979980,-27.155,-5.745390,0.004828,8.058,-14.733,-14.527,0.000000
3982.717285,-27.098,-2.151287,0.004796,8.058,-14.761,-14.554,0.000000
3996.501953,-27.051,1.103772,0.004769,8.058,-14.789,-14.581,0.000000
4010.338135,-26.849,-1.730610,0.004659,8.058,-14.798,-14.591,0.000000
4024.218506,-26.871,-0.188850,0.004669,8.058,-14.802,-14.594,0.000000
4038.150879,-27.166,29.554893,0.004830,8.058,-14.805,-14.597,0.000000
4052.127441,-27.323,27.764830,0.004918,8.058,-14.808,-14.600,0.000000
4066.156250,-27.914,14.275407,0.005262,8.058,-14.811,-14.603,0.000000
4080.233643,-28.520,8.958080,0.005641,8.058,-14.815,-14.606,0.000000
4094.352051,-29.357,2.816558,0.006209,8.058,-14.818,-14.609,0.000000
4108.526855,-30.139,10.169513,0.006792,8.058,-14.821,-14.612,0.000000
4122.750977,-30.384,22.729824,0.006983,8.058,-14.824,-14.615,0.000000
4137.020508,-29.586,25.707792,0.006369,8.058,-14.828,-14.618,0.000000
4151.339355,-28.698,12.678932,0.005747,8.058,-14.831,-14.622,0.000000
4165.711914,-28.647,1.023816,0.005712,8.058,-14.834,-14.625,0.000000
4180.133789,-28.980,-3.571545,0.005934,8.058,-14.838,-14.628,0.000000
4194.601562,-29.052,-19.866312,0.005980,8.058,-14.841,-14.631,0.000000
4209.120117,-28.746,-8.083615,0.005772,8.058,-14.844,-14.634,0.000000
4223.692383,-28.131,-8.068162,0.005375,8.058,-14.848,-14.638,0.000000
4238.314941,-28.605,-34.373470,0.005675,8.058,-14.851,-14.641,0.000000
4252.980469,-30.043,-60.254536,0.006694,8.058,-14.855,-14.644,0.000000
4267.704590,-30.777,-85.280113,0.007281,8.058,-14.858,-14.647,0.000000
4282.479980,-31.452,149.273010,0.007865,8.058,-14.862,-14.651,0.000000
4297.306152,-29.605,124.411964,0.006355,8.058,-14.865,-14.654,0.000000
4312.175781,-28.186,98.714607,0.005394,8.058,-14.868,-14.657,0.000000
4327.104980,-27.312,71.516846,0.004875,8.058,-14.872,-14.660,0.000000
4342.085449,-27.063,65.448761,0.004735,8.058,-14.875,-14.664,0.000000
4357.114258,-26.573,62.824402,0.004473,8.058,-14.879,-14.667,0.000000
4372.194824,-26.262,51.239941,0.004314,8.058,-14.882,-14.670,0.000000
4387.331543,-26.090,35.199760,0.004227,8.058,-14.886,-14.674,0.000000
4402.520996,-26.120,17.247219,0.004240,8.058,-14.889,-14.677,0.000000
4417.758789,-26.897,11.275625,0.004634,8.058,-14.893,-14.680,0.000000
4433.049316,-28.337,3.972572,0.005466,8.058,-14.897,-14.684,0.000000
4448.396973,-29.763,-0.366400,0.006438,8.058,-14.900,-14.687,0.000000
4463.797852,-29.825,5.764395,0.006482,8.058,-14.904,-14.691,0.000000
4479.243164,-31.056,5.408673,0.007464,8.058,-14.907,-14.694,0.000000
4494.750977,-31.518,6.784799,0.007867,8.058,-14.911,-14.697,0.000000
4510.312012,-31.979,20.894659,0.008292,8.058,-14.914,-14.701,0.000000
4525.922852,-32.592,50.530415,0.008894,8.058,-14.918,-14.704,0.000000
4541.587891,-31.382,57.516125,0.007733,8.058,-14.922,-14.708,0.000000
4557.311035,-30.688,60.860188,0.007136,8.058,-14.925,-14.711,0.000000
4573.088867,-29.668,63.035225,0.006342,8.058,-14.929,-14.715,0.000000
4588.916992,-29.152,52.486481,0.005973,8.058,-14.933,-14.718,0.000000
4604.799805,-29.117,56.129234,0.005946,8.058,-14.936,-14.722,0.000000
4620.742188,-28.104,60.604855,0.005289,8.058,-14.940,-14.725,0.000000
4636.739746,-26.949,50.902531,0.004628,8.058,-14.944,-14.729,0.000000
4652.788086,-26.466,37.901474,0.004375,8.058,-14.948,-14.732,0.000000
4668.892090,-26.831,22.656628,0.004561,8.058,-14.951,-14.736,0.000000
4685.056152,-27.516,12.825432,0.004934,8.058,-14.955,-14.739,0.000000
4701.276367,-28.030,10.481011,0.005232,8.058,-14.959,-14.743,0.000000
4717.543457,-28.617,9.208210,0.005597,8.058,-14.963,-14.747,0.000000
4733.875977,-28.624,-2.462662,0.005599,8.058,-14.966,-14.750,0.000000
4750.265137,-29.297,-2.268976,0.006048,8.058,-14.970,-14.754,0.000000
4766.706543,-31.050,9.718094,0.007398,8.058,-14.974,-14.757,0.000000
4783.209473,-32.003,32.695854,0.008252,8.058,-14.978,-14.761,0.000000
4799.764648,-31.664,58.997044,0.007933,8.058,-14.982,-14.765,0.000000
4816.381836,-30.908,65.784317,0.007267,8.058,-14.986,-14.768,0.000000
4833.052246,-29.288,66.017166,0.006027,8.058,-14.989,-14.772,0.000000
4849.779785,-28.197,58.268955,0.005313,8.058,-14.993,-14.776,0.000000
4866.570312,-27.732,56.484837,0.005034,8.058,-14.997,-14.779,0.000000
4883.418945,-27.776,41.974751,0.005057,8.058,-15.001,-14.783,0.000000
4900.316406,-27.374,45.607182,0.004827,8.058,-15.005,-14.787,0.000000
4917.281738,-26.754,43.370907,0.004492,8.058,-15.009,-14.791,0.000000
4934.305664,-26.357,33.897205,0.004290,8.058,-15.013,-14.794,0.000000
4951.388672,-26.761,22.461287,0.004493,8.058,-15.017,-14.798,0.000000
4968.521484,-27.201,16.965895,0.004725,8.058,-15.021,-14.802,0.000000
4985.723145,-28.506,12.901566,0.005488,8.058,-15.025,-14.806,0.000000
5002.984375,-29.475,14.374581,0.006134,8.058,-15.029,-14.810,0.000000
5020.300293,-28.592,36.095509,0.005539,8.058,-15.033,-14.813,0.000000
5037.681152,-28.732,39.040085,0.005627,8.058,-15.037,-14.817,0.000000
5055.117188,-29.003,37.956394,0.005804,8.058,-15.041,-14.821,0.000000
5072.618164,-28.436,39.531235,0.005435,8.058,-15.045,-14.825,0.000000
5090.175293,-27.778,41.641186,0.005037,8.058,-15.049,-14.829,0.000000
5107.792969,-27.058,36.527866,0.004635,8.058,-15.053,-14.833,0.000000
5125.477051,-27.248,35.265873,0.004735,8.058,-15.057,-14.837,0.000000
5143.221680,-26.987,41.887844,0.004594,8.058,-15.062,-14.841,0.000000
5161.018066,-27.413,33.072544,0.004823,8.058,-15.066,-14.844,0.000000
5178.886230,-26.536,29.549061,0.004358,8.058,-15.070,-14.848,0.000000
5196.815918,-25.834,15.801133,0.004019,8.058,-15.074,-14.852,0.000000
5214.802734,-26.512,3.918279,0.004343,8.058,-15.078,-14.856,0.000000
5232.856934,-27.277,8.730931,0.004742,8.058,-15.082,-14.860,0.000000
5250.968750,-27.826,19.872625,0.005050,8.058,-15.087,-14.864,0.000000
5269.147949,-27.602,22.023272,0.004922,8.058,-15.091,-14.868,0.000000
5287.385254,-27.881,6.813930,0.005083,8.058,-15.095,-14.872,0.000000
5305.685547,-28.701,3.025964,0.005586,8.058,-15.099,-14.876,0.000000
5324.054199,-29.392,7.794814,0.006048,8.058,-15.104,-14.880,0.000000
5342.486816,-30.782,22.605375,0.007098,8.058,-15.108,-14.885,0.000000
5360.978027,-31.820,32.424381,0.007998,8.058,-15.112,-14.889,0.000000
5379.532715,-31.833,27.916466,0.008010,8.058,-15.116,-14.893,0.000000
5398.157227,-31.426,25.335026,0.007642,8.058,-15.121,-14.897,0.000000
5416.846191,-32.248,23.515011,0.008398,8.058,-15.125,-14.901,0.000000
5435.594727,-32.341,28.508566,0.008487,8.058,-15.129,-14.905,0.000000
5454.408203,-32.275,30.490841,0.008422,8.058,-15.134,-14.909,0.000000
5473.291992,-32.775,32.199730,0.008919,8.058,-15.138,-14.913,0.000000
5492.235352,-32.317,39.174793,0.008461,8.058,-15.143,-14.918,0.000000
5511.250000,-30.694,41.229725,0.007020,8.058,-15.147,-14.922,0.000000
5530.325195,-30.366,31.830269,0.006761,8.058,-15.151,-14.926,0.000000
5549.472168,-30.760,23.117455,0.007076,8.058,-15.156,-14.930,0.000000
5568.679199,-31.237,34.441010,0.007477,8.058,-15.160,-14.934,0.000000
5587.953613,-30.540,47.018837,0.006902,8.058,-15.165,-14.939,0.000000
5607.299316,-30.196,54.136673,0.006635,8.058,-15.169,-14.943,0.000000
5626.712402,-29.404,53.977886,0.006056,8.058,-15.174,-14.947,0.000000
5646.181641,-28.648,40.644188,0.005552,8.058,-15.178,-14.952,0.000000
5665.729492,-29.545,30.759975,0.006156,8.058,-15.183,-14.956,0.000000
5685.344727,-30.250,31.634964,0.006676,8.058,-15.187,-14.960,0.000000
5705.027832,-30.361,33.299194,0.006762,8.058,-15.192,-14.965,0.000000
5724.773926,-29.778,39.178001,0.006323,8.058,-15.197,-14.969,0.000000
5744.587891,-30.242,34.508598,0.006670,8.058,-15.201,-14.973,0.000000
5764.476562,-29.181,35.917984,0.005904,8.058,-15.206,-14.978,0.000000
5784.428223,-29.029,24.881775,0.005802,8.058,-15.210,-14.982,0.000000
5804.448730,-29.201,11.295528,0.005920,8.058,-15.215,-14.986,0.000000
5824.544434,-29.310,22.281445,0.005996,8.058,-15.220,-14.991,0.000000
5844.709473,-29.011,50.230038,0.005793,8.058,-15.224,-14.995,0.000000
5864.938965,-28.422,55.661617,0.005415,8.058,-15.229,-15.000,0.000000
5885.238281,-27.580,48.595577,0.004915,8.058,-15.234,-15.004,0.000000
5905.613281,-27.024,34.396080,0.004610,8.058,-15.239,-15.009,0.000000
5926.059082,-27.768,12.411221,0.005023,8.058,-15.243,-15.013,0.000000
5946.570312,-28.647,30.321026,0.005557,8.058,-15.248,-15.018,0.000000
5967.151855,-29.088,39.155190,0.005847,8.058,-15.253,-15.022,0.000000
5987.811035,-29.686,43.284321,0.006264,8.058,-15.258,-15.027,0.000000
6008.535645,-28.709,43.478325,0.005597,8.058,-15.263,-15.032,0.000000
6029.337402,-28.040,28.307522,0.005182,8.058,-15.267,-15.036,0.000000
6050.206055,-28.231,-11.057157,0.005298,8.058,-15.272,-15.041,0.000000
6071.152344,-28.116,71.615150,0.005228,8.058,-15.277,-15.045,0.000000
6092.165527,-27.800,69.959061,0.005041,8.058,-15.282,-15.050,0.000000
6113.251465,-27.584,48.610695,0.004918,8.058,-15.287,-15.055,0.000000
6134.416016,-27.493,46.054333,0.004866,8.058,-15.292,-15.059,0.000000
6155.653809,-27.191,51.662655,0.004700,8.058,-15.297,-15.064,0.000000
6176.959473,-27.380,35.191223,0.004802,8.058,-15.302,-15.069,0.000000
6198.338867,-28.827,37.212517,0.005672,8.058,-15.307,-15.073,0.000000
6219.797852,-29.092,44.963428,0.005847,8.058,-15.312,-15.078,0.000000
6241.331543,-29.762,37.426449,0.006314,8.058,-15.317,-15.083,0.000000
6262.933594,-30.425,29.337635,0.006814,8.058,-15.322,-15.088,0.000000
6284.610352,-30.155,34.127979,0.006604,8.058,-15.327,-15.092,0.000000
6306.368652,-30.111,42.252102,0.006570,8.058,-15.332,-15.097,0.000000
6328.195801,-30.070,57.365978,0.006537,8.058,-15.337,-15.102,0.000000
6350.104492,-30.071,56.517887,0.006538,8.058,-15.342,-15.107,0.000000
6372.083008,-29.834,55.486115,0.006360,8.058,-15.347,-15.112,0.000000
6394.143555,-29.632,48.832409,0.006213,8.058,-15.352,-15.117,0.000000
6416.274902,-29.811,44.744331,0.006341,8.058,-15.357,-15.122,0.000000
6438.482422,-30.572,50.384773,0.006921,8.058,-15.362,-15.126,0.000000
6460.772949,-30.829,56.412617,0.007127,8.058,-15.368,-15.131,0.000000
6483.140625,-30.642,51.589527,0.006972,8.058,-15.373,-15.136,0.000000
6505.580078,-30.257,40.161182,0.006668,8.058,-15.378,-15.141,0.000000
6528.096680,-30.925,29.190428,0.007199,8.058,-15.383,-15.146,0.000000
6550.697266,-31.320,39.697506,0.007530,8.058,-15.389,-15.151,0.000000
6573.370605,-31.315,53.255306,0.007524,8.058,-15.394,-15.156,0.000000
6596.127930,-30.067,57.257061,0.006514,8.058,-15.399,-15.161,0.000000
6618.958008,-29.141,53.437328,0.005854,8.058,-15.404,-15.166,0.000000
6641.873535,-29.240,50.329113,0.005919,8.058,-15.410,-15.171,0.000000
6664.861816,-29.225,38.503113,0.005906,8.058,-15.415,-15.176,0.000000
6687.930176,-30.062,34.242863,0.006502,8.058,-15.420,-15.182,0.000000
6711.084473,-30.368,55.119522,0.006733,8.058,-15.426,-15.187,0.000000
6734.318848,-29.272,39.558365,0.005932,8.058,-15.431,-15.192,0.000000
6757.633301,-29.461,30.562794,0.006061,8.058,-15.437,-15.197,0.000000
6781.016113,-30.856,33.110222,0.007114,8.058,-15.442,-15.202,0.000000
6804.492676,-31.465,63.314392,0.007629,8.058,-15.447,-15.207,0.000000
6828.050293,-31.554,55.786415,0.007705,8.058,-15.453,-15.212,0.000000
6851.683105,-32.083,66.744293,0.008186,8.058,-15.458,-15.218,0.000000
6875.397949,-32.084,88.662247,0.008183,8.058,-15.464,-15.223,0.000000
6899.201172,-31.378,81.663719,0.007542,8.058,-15.470,-15.228,0.000000
6923.080078,-31.559,80.530945,0.007698,8.058,-15.475,-15.233,0.000000
6947.048828,-31.558,69.959564,0.007693,8.058,-15.481,-15.239,0.000000
6971.093262,-31.466,63.524929,0.007608,8.058,-15.486,-15.244,0.000000
6995.228027,-31.723,56.134003,0.007832,8.058,-15.492,-15.249,0.000000
7019.446289,-31.597,66.556030,0.007716,8.058,-15.497,-15.255,0.000000
7043.734863,-30.908,73.999634,0.007123,8.058,-15.503,-15.260,0.000000
7068.120605,-29.868,75.760933,0.006316,8.058,-15.509,-15.265,0.000000
7092.591309,-28.796,63.178856,0.005580,8.058,-15.514,-15.271,0.000000
7117.139648,-28.835,46.462429,0.005602,8.058,-15.520,-15.276,0.000000
7141.772949,-29.767,59.901741,0.006234,8.058,-15.526,-15.282,0.000000
7166.498535,-29.334,43.182217,0.005927,8.058,-15.532,-15.287,0.000000
7191.309570,-29.276,38.552608,0.005885,8.058,-15.537,-15.293,0.000000
7216.199707,-29.547,52.878048,0.006068,8.058,-15.543,-15.298,0.000000
7241.176270,-29.771,23.975248,0.006223,8.058,-15.549,-15.304,0.000000
7266.245605,-30.196,5.489402,0.006532,8.058,-15.555,-15.309,0.000000
7291.402344,-31.179,-24.539875,0.007311,8.058,-15.561,-15.315,0.000000
7316.631836,-31.338,75.858421,0.007443,8.058,-15.566,-15.320,0.000000
7341.962402,-30.962,76.440514,0.007124,8.058,-15.572,-15.326,0.000000
7367.381348,-31.423,139.473892,0.007508,8.058,-15.578,-15.331,0.000000
7392.887695,-30.418,120.208267,0.006684,8.058,-15.584,-15.337,0.000000
7418.468262,-29.787,96.299698,0.006213,8.058,-15.590,-15.343,0.000000
7444.151855,-29.883,102.991371,0.006278,8.058,-15.596,-15.348,0.000000
7469.924316,-30.197,102.535744,0.006506,8.058,-15.602,-15.354,0.000000
7495.778809,-30.280,81.957375,0.006565,8.058,-15.608,-15.360,0.000000
7521.722656,-31.025,72.120209,0.007150,8.058,-15.614,-15.366,0.000000
7547.763672,-31.668,103.752441,0.007695,8.058,-15.620,-15.371,0.000000
7573.887207,-31.025,105.331871,0.007142,8.058,-15.626,-15.377,0.000000
7600.108887,-30.987,100.956589,0.007107,8.058,-15.632,-15.383,0.000000
7626.414062,-30.590,105.142677,0.006785,8.058,-15.638,-15.389,0.000000
7652.817383,-30.682,107.819969,0.006852,8.058,-15.645,-15.394,0.000000
7679.312012,-30.139,93.127716,0.006432,8.058,-15.651,-15.400,0.000000
7705.883789,-30.111,84.803856,0.006407,8.058,-15.657,-15.406,0.000000
7732.562500,-30.293,85.029205,0.006538,8.058,-15.663,-15.412,0.000000
7759.333008,-29.676,82.162743,0.006085,8.058,-15.669,-15.418,0.000000
7786.189453,-29.735,67.678055,0.006124,8.058,-15.676,-15.424,0.000000
7813.138672,-29.874,60.300617,0.006220,8.058,-15.682,-15.430,0.000000
7840.188477,-30.866,62.083126,0.006968,8.058,-15.688,-15.436,0.000000
7867.331543,-31.181,66.580933,0.007222,8.058,-15.694,-15.442,0.000000
7894.561523,-31.001,70.555992,0.007070,8.058,-15.701,-15.448,0.000000
7921.885742,-31.340,70.004883,0.007348,8.058,-15.707,-15.454,0.000000
7949.312012,-31.539,72.624794,0.007513,8.058,-15.713,-15.460,0.000000
7976.833496,-32.166,71.281639,0.008071,8.058,-15.720,-15.466,0.000000
8004.442383,-32.194,81.390381,0.008091,8.058,-15.725,-15.471,0.000000
8032.146973,-32.621,89.723946,0.008493,8.058,-15.726,-15.472,0.000000
8059.955078,-32.746,90.219147,0.008610,8.058,-15.726,-15.472,0.000000
8087.859375,-32.262,101.709694,0.008138,8.058,-15.727,-15.473,0.000000
8115.844727,-31.760,91.090645,0.007676,8.058,-15.727,-15.473,0.000000
8143.942383,-31.810,93.681358,0.007714,8.058,-15.728,-15.474,0.000000
8172.137695,-31.761,101.603271,0.007664,8.058,-15.728,-15.474,0.000000
8200.422852,-30.769,93.088348,0.006830,8.058,-15.729,-15.474,0.000000
8228.805664,-30.988,78.828262,0.006999,8.058,-15.729,-15.475,0.000000
8257.293945,-31.159,81.912933,0.007132,8.058,-15.730,-15.475,0.000000
8285.881836,-31.125,71.210670,0.007098,8.058,-15.730,-15.476,0.000000
8314.560547,-31.243,59.534187,0.007189,8.058,-15.731,-15.476,0.000000
8343.337891,-30.844,63.580513,0.006859,8.058,-15.731,-15.477,0.000000
8372.223633,-30.797,55.600357,0.006815,8.058,-15.732,-15.477,0.000000
8401.208984,-30.533,62.326061,0.006604,8.058,-15.732,-15.478,0.000000
8430.278320,-30.931,52.284878,0.006907,8.058,-15.733,-15.478,0.000000
8459.464844,-31.432,59.586636,0.007309,8.058,-15.734,-15.479,0.000000
8488.752930,-31.120,68.491287,0.007044,8.058,-15.734,-15.479,0.000000
8518.141602,-31.502,73.712029,0.007352,8.058,-15.735,-15.480,0.000000
8547.616211,-31.589,93.933189,0.007416,8.058,-15.735,-15.480,0.000000
8577.208008,-32.565,92.782356,0.008287,8.058,-15.736,-15.481,0.000000
8606.903320,-32.792,97.836334,0.008494,8.058,-15.736,-15.481,0.000000
8636.693359,-32.288,90.439697,0.008004,8.058,-15.737,-15.482,0.000000
8666.594727,-32.066,98.434494,0.007791,8.058,-15.737,-15.482,0.000000
8696.590820,-31.268,93.918610,0.007098,8.058,-15.738,-15.483,0.000000
8726.699219,-31.587,90.983589,0.007352,8.058,-15.738,-15.483,0.000000
8756.903320,-31.583,92.079124,0.007337,8.058,-15.739,-15.484,0.000000
8787.211914,-31.254,80.069366,0.007054,8.058,-15.739,-15.484,0.000000
8817.634766,-30.622,80.913673,0.006549,8.058,-15.740,-15.485,0.000000
8848.162109,-30.570,78.104050,0.006500,8.058,-15.740,-15.485,0.000000
8878.778320,-31.061,81.292915,0.006867,8.058,-15.741,-15.486,0.000000
8909.517578,-30.951,82.813972,0.006770,8.058,-15.742,-15.487,0.000000
8940.363281,-31.037,84.084740,0.006825,8.058,-15.742,-15.487,0.000000
8971.306641,-31.059,82.975464,0.006831,8.058,-15.743,-15.488,0.000000
9002.366211,-31.112,73.694252,0.006861,8.058,-15.743,-15.488,0.000000
9033.524414,-30.332,86.211052,0.006261,8.058,-15.744,-15.489,0.000000
9064.799805,-30.834,78.446846,0.006622,8.058,-15.744,-15.489,0.000000
9096.173828,-31.388,68.305565,0.007046,8.058,-15.745,-15.490,0.000000
9127.657227,-31.391,89.187393,0.007035,8.058,-15.746,-15.490,0.000000
9159.257812,-31.029,88.326904,0.006733,8.058,-15.746,-15.491,0.000000
9190.967773,-30.879,83.002678,0.006603,8.058,-15.747,-15.491,0.000000
9222.770508,-30.859,89.891708,0.006574,8.058,-15.747,-15.492,0.000000
9254.701172,-30.667,91.757484,0.006415,8.058,-15.748,-15.492,0.000000
9286.741211,-31.177,92.067589,0.006788,8.058,-15.748,-15.493,0.000000
9318.892578,-31.340,101.751060,0.006901,8.058,-15.749,-15.493,0.000000
9351.137695,-31.552,103.660385,0.007055,8.058,-15.750,-15.494,0.000000
9383.512695,-31.248,100.270485,0.006796,8.058,-15.750,-15.495,0.000000
9415.999023,-31.787,89.452202,0.007213,8.058,-15.751,-15.495,0.000000
9448.588867,-32.283,81.530426,0.007619,8.058,-15.751,-15.496,0.000000
9481.300781,-32.765,92.625931,0.008034,8.058,-15.752,-15.496,0.000000
9514.117188,-33.012,87.432526,0.008246,8.058,-15.752,-15.497,0.000000
9547.055664,-33.324,92.251305,0.008527,8.058,-15.753,-15.497,0.000000
9580.099609,-32.902,85.651909,0.008102,8.058,-15.754,-15.498,0.000000
9613.257812,-33.117,89.521469,0.008284,8.058,-15.754,-15.498,0.000000
9646.540039,-32.158,88.324295,0.007399,8.058,-15.755,-15.499,0.000000
9679.936523,-32.299,77.227585,0.007500,8.058,-15.755,-15.500,0.000000
9713.431641,-32.363,93.991745,0.007536,8.058,-15.756,-15.500,0.000000
9747.060547,-32.453,86.972763,0.007595,8.058,-15.757,-15.501,0.000000
9780.805664,-32.554,101.626732,0.007663,8.058,-15.757,-15.501,0.000000
9814.658203,-31.912,100.132072,0.007098,8.058,-15.758,-15.502,0.000000
9848.637695,-32.087,93.860023,0.007223,8.058,-15.758,-15.502,0.000000
9882.724609,-31.828,108.344170,0.006992,8.058,-15.759,-15.503,0.000000
9916.939453,-32.349,94.399475,0.007403,8.058,-15.760,-15.504,0.000000
9951.263672,-32.899,110.144478,0.007865,8.058,-15.760,-15.504,0.000000
9985.706055,-32.944,106.279175,0.007884,8.058,-15.761,-15.505,0.000000
10020.278320,-32.642,104.838364,0.007593,8.058,-15.762,-15.505,0.000000
10054.968750,-32.775,110.081055,0.007688,8.058,-15.762,-15.506,0.000000
10089.770508,-33.120,111.101753,0.007976,8.058,-15.763,-15.507,0.000000
10124.692383,-33.161,102.786949,0.007991,8.058,-15.763,-15.507,0.000000
10159.745117,-33.362,103.278648,0.008153,8.058,-15.764,-15.508,0.000000
10194.918945,-33.911,114.782547,0.008660,8.058,-15.765,-15.508,0.000000
10230.205078,-32.883,109.479744,0.007671,8.058,-15.765,-15.509,0.000000
10265.613281,-32.707,101.834274,0.007496,8.058,-15.766,-15.510,0.000000
10301.154297,-33.374,124.924377,0.008072,8.058,-15.767,-15.510,0.000000
10336.807617,-33.053,126.667061,0.007758,8.058,-15.767,-15.511,0.000000
10372.594727,-33.229,125.929741,0.007895,8.058,-15.768,-15.511,0.000000
10408.496094,-33.547,137.302628,0.008167,8.058,-15.768,-15.512,0.000000
10444.531250,-32.622,141.024139,0.007322,8.058,-15.769,-15.513,0.000000
10480.680664,-31.845,126.610870,0.006677,8.058,-15.770,-15.513,0.000000
10516.956055,-32.509,119.282013,0.007187,8.058,-15.770,-15.514,0.000000
10553.367188,-32.807,121.625137,0.007418,8.058,-15.771,-15.514,0.000000
10589.903320,-32.968,118.146606,0.007536,8.058,-15.772,-15.515,0.000000
10626.546875,-32.806,111.417023,0.007377,8.058,-15.772,-15.516,0.000000
10663.336914,-32.934,107.715118,0.007465,8.058,-15.773,-15.516,0.000000
10700.253906,-32.590,106.793983,0.007155,8.058,-15.774,-15.517,0.000000
10737.299805,-31.816,91.837784,0.006527,8.058,-15.774,-15.518,0.000000
10774.462891,-32.849,87.305763,0.007331,8.058,-15.775,-15.518,0.000000
10811.754883,-32.421,101.315865,0.006959,8.058,-15.776,-15.519,0.000000
10849.185547,-32.640,98.748032,0.007118,8.058,-15.776,-15.519,0.000000
10886.736328,-32.579,110.389023,0.007049,8.058,-15.777,-15.520,0.000000
10924.427734,-32.553,108.094193,0.007008,8.058,-15.778,-15.521,0.000000
10962.238281,-32.269,103.186996,0.006764,8.058,-15.778,-15.521,0.000000
11000.190430,-32.089,98.193329,0.006608,8.058,-15.779,-15.522,0.000000
11038.263672,-32.397,102.684692,0.006829,8.058,-15.780,-15.523,0.000000
11076.468750,-32.936,103.113052,0.007247,8.058,-15.780,-15.523,0.000000
11114.816406,-33.653,102.275299,0.007851,8.058,-15.781,-15.524,0.000000
11153.296875,-33.658,101.038857,0.007835,8.058,-15.782,-15.525,0.000000
11191.900391,-33.692,84.448547,0.007845,8.058,-15.783,-15.525,0.000000
11230.636719,-33.663,83.425308,0.007799,8.058,-15.783,-15.526,0.000000
11269.518555,-33.913,94.482895,0.008007,8.058,-15.784,-15.527,0.000000
11308.523438,-34.128,104.092110,0.008189,8.058,-15.785,-15.527,0.000000
11347.674805,-34.744,94.223244,0.008770,8.058,-15.785,-15.528,0.000000
11386.951172,-34.816,131.304871,0.008821,8.058,-15.786,-15.529,0.000000
11426.373047,-34.038,129.676239,0.008046,8.058,-15.787,-15.529,0.000000
11465.921875,-33.925,127.042458,0.007922,8.058,-15.787,-15.530,0.000000
11505.606445,-33.983,139.411407,0.007957,8.058,-15.788,-15.531,0.000000
11545.440430,-33.922,126.402100,0.007882,8.058,-15.789,-15.531,0.000000
11585.412109,-33.046,114.632790,0.007108,8.058,-15.790,-15.532,0.000000
11625.521484,-32.474,132.387726,0.006639,8.058,-15.790,-15.533,0.000000
11665.748047,-31.865,128.281586,0.006175,8.058,-15.791,-15.533,0.000000
11706.135742,-32.115,121.882149,0.006340,8.058,-15.792,-15.534,0.000000
11746.664062,-32.218,110.858818,0.006400,8.058,-15.793,-15.535,0.000000
11787.320312,-32.664,109.814362,0.006720,8.058,-15.793,-15.535,0.000000
11828.118164,-32.880,111.831589,0.006872,8.058,-15.794,-15.536,0.000000
11869.068359,-33.054,125.514366,0.006992,8.058,-15.795,-15.537,0.000000
11910.148438,-33.367,146.101959,0.007230,8.058,-15.795,-15.537,0.000000
11951.382812,-34.353,135.473694,0.008079,8.058,-15.796,-15.538,0.000000
11992.748047,-34.470,136.625153,0.008167,8.058,-15.797,-15.539,0.000000
12034.268555,-34.400,150.835312,0.008081,8.058,-15.798,-15.540,0.000000
12075.931641,-34.707,156.817123,0.008350,8.058,-15.798,-15.540,0.000000
12117.716797,-34.555,170.847549,0.008184,8.058,-15.799,-15.541,0.000000
12159.669922,-33.952,164.865555,0.007616,8.058,-15.800,-15.542,0.000000
12201.767578,-33.752,164.168442,0.007423,8.058,-15.801,-15.542,0.000000
12243.999023,-33.243,148.039795,0.006982,8.058,-15.801,-15.543,0.000000
12286.377930,-33.368,159.960770,0.007065,8.058,-15.802,-15.544,0.000000
12328.914062,-33.675,147.065521,0.007299,8.058,-15.803,-15.545,0.000000
12371.597656,-33.920,150.676880,0.007488,8.058,-15.804,-15.545,0.000000
12414.417969,-33.850,154.582108,0.007408,8.058,-15.804,-15.546,0.000000
12457.385742,-33.506,155.155273,0.007100,8.058,-15.805,-15.547,0.000000
12500.514648,-34.070,146.667923,0.007556,8.057,-15.806,-15.547,0.000000
12543.780273,-34.082,147.288895,0.007546,8.057,-15.807,-15.548,0.000000
12587.196289,-34.909,130.621643,0.008276,8.057,-15.808,-15.549,0.000000
12630.774414,-34.429,149.643127,0.007808,8.057,-15.808,-15.550,0.000000
12674.502930,-33.235,156.553726,0.006784,8.057,-15.809,-15.550,0.000000
12718.383789,-33.000,150.311371,0.006583,8.057,-15.810,-15.551,0.000000
12762.391602,-32.599,140.280960,0.006266,8.057,-15.811,-15.552,0.000000
12806.576172,-32.875,131.704102,0.006449,8.057,-15.812,-15.553,0.000000
12850.914062,-33.258,147.010986,0.006718,8.057,-15.812,-15.553,0.000000
12895.392578,-33.259,146.733215,0.006698,8.057,-15.813,-15.554,0.000000
12940.025391,-33.208,165.728958,0.006636,8.057,-15.814,-15.555,0.000000
12984.825195,-33.713,158.117920,0.007010,8.057,-15.815,-15.556,0.000000
13029.767578,-34.625,144.890900,0.007758,8.057,-15.816,-15.556,0.000000
13074.876953,-35.504,158.703049,0.008555,8.057,-15.816,-15.557,0.000000
13120.131836,-36.195,162.629349,0.009232,8.057,-15.817,-15.558,0.000000
13165.554688,-36.085,169.697891,0.009084,8.057,-15.818,-15.559,0.000000
13211.134766,-35.823,172.663803,0.008782,8.057,-15.819,-15.559,0.000000
13256.847656,-35.577,167.375183,0.008505,8.057,-15.820,-15.560,0.000000
13302.744141,-35.693,154.471024,0.008587,8.057,-15.820,-15.561,0.000000
13348.799805,-36.042,161.583328,0.008906,8.057,-15.821,-15.562,0.000000
13395.001953,-36.024,159.986984,0.008854,8.057,-15.822,-15.563,0.000000
13441.363281,-36.141,162.523865,0.008939,8.057,-15.823,-15.563,0.000000
13487.899414,-35.502,161.366272,0.008274,8.057,-15.824,-15.564,0.000000
13534.595703,-35.322,153.455521,0.008071,8.057,-15.825,-15.565,0.000000
13581.440430,-35.141,152.603836,0.007871,8.057,-15.825,-15.566,0.000000
13628.447266,-35.343,148.931381,0.008022,8.057,-15.826,-15.567,0.000000
13675.630859,-35.628,154.721497,0.008254,8.057,-15.827,-15.567,0.000000
13722.976562,-34.875,167.631409,0.007536,8.057,-15.828,-15.568,0.000000
13770.473633,-35.068,153.064667,0.007672,8.057,-15.829,-15.569,0.000000
13818.135742,-34.954,151.134552,0.007538,8.057,-15.830,-15.570,0.000000
13865.975586,-35.508,149.394745,0.007999,8.057,-15.831,-15.571,0.000000
13913.980469,-36.311,143.030930,0.008736,8.057,-15.831,-15.571,0.000000
13962.125977,-35.380,161.043304,0.007812,8.057,-15.832,-15.572,0.000000
14010.463867,-35.630,150.704407,0.008004,8.057,-15.833,-15.573,0.000000
14058.969727,-35.900,153.986496,0.008220,8.057,-15.834,-15.574,0.000000
14107.628906,-36.129,150.936935,0.008402,8.057,-15.835,-15.575,0.000000
14156.458008,-36.578,157.689423,0.008807,8.057,-15.836,-15.576,0.000000
14205.468750,-36.623,159.295319,0.008811,8.057,-15.837,-15.576,0.000000
14254.635742,-36.893,155.062561,0.009045,8.057,-15.838,-15.577,0.000000
14303.986328,-36.756,158.739578,0.008861,8.057,-15.838,-15.578,0.000000
14353.495117,-37.475,145.240845,0.009580,8.057,-15.839,-15.579,0.000000
14403.188477,-37.521,157.092331,0.009583,8.057,-15.840,-15.580,0.000000
14453.052734,-37.429,160.156860,0.009437,8.057,-15.841,-15.581,0.000000
14503.063477,-37.208,162.119095,0.009155,8.057,-15.842,-15.581,0.000000
14553.274414,-36.686,172.350739,0.008580,8.057,-15.843,-15.582,0.000000
14603.659180,-36.170,157.925598,0.008047,8.057,-15.844,-15.583,0.000000
14654.218750,-35.863,-177.441315,0.007730,8.057,-15.845,-15.584,0.000000
14704.924805,-35.184,-178.358246,0.007114,8.057,-15.846,-15.585,0.000000
14755.834961,-35.407,179.384018,0.007264,8.057,-15.847,-15.586,0.000000
14806.920898,-35.550,-176.302216,0.007349,8.057,-15.847,-15.587,0.000000
14858.168945,-35.294,-177.161285,0.007100,8.057,-15.848,-15.587,0.000000
14909.609375,-35.115,179.430374,0.006921,8.057,-15.849,-15.588,0.000000
14961.213867,-35.456,177.910797,0.007162,8.057,-15.850,-15.589,0.000000
15013.010742,-35.576,-169.597321,0.007226,8.057,-15.851,-15.590,0.000000
15064.973633,-35.738,-175.909714,0.007325,8.057,-15.852,-15.591,0.000000
15117.115234,-36.552,-177.184967,0.008004,8.057,-15.853,-15.592,0.000000
15169.452148,-35.694,-166.658600,0.007215,8.057,-15.854,-15.593,0.000000
15221.969727,-35.679,-168.229904,0.007167,8.057,-15.855,-15.594,0.000000
15274.640625,-35.959,-164.543442,0.007365,8.057,-15.856,-15.594,0.000000
15327.523438,-35.976,-168.481628,0.007343,8.057,-15.857,-15.595,0.000000
15380.588867,-35.741,-175.948853,0.007111,8.057,-15.858,-15.596,0.000000
15433.823242,-35.876,-172.510818,0.007186,8.057,-15.859,-15.597,0.000000
15487.241211,-35.790,-177.235245,0.007080,8.057,-15.860,-15.598,0.000000
15540.859375,-34.830,-176.139816,0.006308,8.057,-15.861,-15.599,0.000000
15594.664062,-34.418,-179.407730,0.005986,8.057,-15.862,-15.600,0.000000
15648.638672,-34.188,173.573929,0.005800,8.057,-15.863,-15.601,0.000000
15702.800781,-34.105,-179.372543,0.005716,8.057,-15.864,-15.602,0.000000
15757.166016,-33.845,-170.944901,0.005521,8.057,-15.864,-15.603,0.000000
15811.718750,-33.786,-170.946213,0.005455,8.057,-15.865,-15.604,0.000000
15866.429688,-33.340,-177.144073,0.005156,8.057,-15.866,-15.605,0.000000
15921.361328,-32.407,-170.888046,0.004608,8.057,-15.867,-15.605,0.000000
15976.482422,-32.442,-166.781586,0.004604,8.057,-15.868,-15.606,0.000000
16031.793945,-32.080,-168.634216,0.004394,8.057,-15.869,-15.607,0.000000
16087.267578,-32.556,-163.470871,0.004619,8.057,-15.870,-15.608,0.000000
16142.962891,-31.790,-168.193146,0.004208,8.057,-15.871,-15.609,0.000000
16198.851562,-31.863,-164.729965,0.004222,8.057,-15.872,-15.610,0.000000
16254.917969,-31.761,-160.012207,0.004152,8.057,-15.873,-15.611,0.000000
16311.194336,-31.697,-159.980942,0.004101,8.057,-15.874,-15.612,0.000000
16367.649414,-31.769,-163.344238,0.004114,8.057,-15.875,-15.613,0.000000
16424.316406,-31.528,-162.357224,0.003982,8.057,-15.876,-15.614,0.000000
16481.162109,-31.476,-164.638168,0.003939,8.057,-15.877,-15.615,0.000000
16538.205078,-30.311,-161.760254,0.003427,8.057,-15.879,-15.616,0.000000
16595.462891,-30.803,-161.553802,0.003608,8.057,-15.880,-15.617,0.000000
16652.917969,-31.150,-174.412888,0.003737,8.057,-15.881,-15.618,0.000000
16710.539062,-31.102,-167.666275,0.003699,8.057,-15.882,-15.619,0.000000
16768.392578,-31.012,-167.134857,0.003643,8.057,-15.883,-15.620,0.000000
16826.447266,-30.571,-170.428436,0.003446,8.057,-15.884,-15.621,0.000000
16884.685547,-30.693,-165.571167,0.003478,8.057,-15.885,-15.622,0.000000
16943.142578,-31.267,-165.594620,0.003698,8.057,-15.886,-15.623,0.000000
17001.785156,-30.724,-160.526840,0.003457,8.057,-15.887,-15.624,0.000000
17060.646484,-29.907,-150.836746,0.003131,8.057,-15.888,-15.625,0.000000
17119.695312,-29.355,-151.836914,0.002924,8.057,-15.889,-15.626,0.000000
17178.949219,-29.339,-158.825928,0.002904,8.057,-15.890,-15.627,0.000000
17238.423828,-27.854,-146.727676,0.002435,8.057,-15.891,-15.628,0.000000
17298.105469,-27.505,-149.471939,0.002327,8.057,-15.892,-15.629,0.000000
17357.976562,-27.141,-150.085037,0.002221,8.057,-15.893,-15.630,0.000000
17418.054688,-26.332,-154.027756,0.002013,8.057,-15.894,-15.631,0.000000
17478.357422,-25.818,-160.893982,0.001888,8.057,-15.895,-15.632,0.000000
17538.869141,-26.103,-156.396729,0.001942,8.057,-15.896,-15.633,0.000000
17599.556641,-25.456,-156.601120,0.001794,8.057,-15.898,-15.634,0.000000
17660.488281,-24.147,-152.666092,0.001536,8.057,-15.899,-15.635,0.000000
17721.630859,-23.061,-154.501419,0.001349,8.057,-15.900,-15.636,0.000000
17782.968750,-21.799,-155.322021,0.001161,8.057,-15.901,-15.637,0.000000
17844.535156,-20.429,-158.173660,0.000986,8.057,-15.902,-15.638,0.000000
17906.296875,-20.726,-163.210449,0.001016,8.057,-15.903,-15.639,0.000000
17968.291016,-19.840,-162.607285,0.000913,8.057,-15.904,-15.640,0.000000
18030.480469,-19.152,-159.106812,0.000839,8.057,-15.905,-15.641,0.000000
18092.886719,-18.276,-163.337418,0.000755,8.057,-15.906,-15.642,0.000000
18155.525391,-18.182,177.446426,0.000744,8.057,-15.908,-15.643,0.000000
18218.382812,-18.436,-175.594315,0.000829,8.057,-15.909,-15.644,0.000000
18281.421875,-18.343,-163.371475,0.000750,8.057,-15.910,-15.645,0.000000
18344.712891,-17.814,179.034683,0.000720,8.057,-15.911,-15.647,0.000000
18408.224609,-17.450,-176.999268,0.000731,8.057,-15.912,-15.648,0.000000
18471.955078,-17.328,-162.811905,0.000690,8.057,-15.913,-15.649,0.000000
18535.888672,-16.201,-154.724670,0.000621,8.057,-15.914,-15.650,0.000000
18600.044922,-15.270,-170.884171,0.000631,8.057,-15.916,-15.651,0.000000
18664.439453,-15.044,-157.367355,0.000510,8.057,-15.917,-15.652,0.000000
18729.041016,-14.008,-136.313217,0.000628,8.057,-15.918,-15.653,0.000000
18793.880859,-12.887,-135.112579,0.000535,8.057,-15.919,-15.654,0.000000
18858.929688,-12.690,-125.529991,0.000582,8.057,-15.920,-15.655,0.000000
18924.220703,-11.384,-116.136208,0.000933,8.057,-15.921,-15.656,0.000000
18989.720703,-10.042,-117.908775,0.000558,8.057,-15.923,-15.657,0.000000
19055.447266,-9.029,-132.195587,0.000540,8.057,-15.924,-15.659,0.000000
19121.417969,-8.765,-123.865952,0.000429,8.057,-15.925,-15.660,0.000000
19187.619141,-8.143,-114.969940,0.000941,8.057,-15.926,-15.661,0.000000
19254.029297,-7.502,-123.485825,0.001112,8.057,-15.927,-15.662,0.000000
19320.669922,-7.189,-125.399063,0.000810,8.057,-15.928,-15.663,0.000000
19387.560547,-6.152,-131.936188,0.000842,8.057,-15.930,-15.664,0.000000
19454.664062,-4.697,-141.215256,0.000853,8.057,-15.931,-15.665,0.000000
19522.017578,-1.030,-147.795502,0.001091,8.057,-15.932,-15.667,0.000000
19589.585938,-207.612,0.000000,0.000000,8.057,-15.933,-15.668,0.000000
19657.406250,-207.645,0.000000,0.000000,8.057,-15.934,-15.669,0.000000
19725.443359,-207.678,0.000000,0.000000,8.057,-15.936,-15.670,0.000000
19793.716797,-207.711,0.000000,0.000000,8.057,-15.937,-15.671,0.000000
19862.244141,-207.744,0.000000,0.000000,8.057,-15.938,-15.672,0.000000
19931.009766,-207.777,0.000000,0.000000,8.057,-15.939,-15.673,0.000000
19999.974609,-207.810,0.000000,0.000000,8.057,-15.941,-15.675,0.000000
