frequency_hz,spl_db,phase_deg,thd_percent,rt60_ms,c50_db,c80_db,group_delay_ms
20.000000,-6.783,-94.201187,0.000437,11.148,-2.459,-2.428,0.000000
20.069233,-9.534,-92.668953,0.000599,11.148,-2.459,-2.428,0.000000
20.138704,-9.014,-104.799164,0.000564,11.148,-2.459,-2.428,0.000000
20.208418,-9.300,-95.820961,0.000583,11.148,-2.459,-2.428,0.000000
20.278366,-9.089,-89.523674,0.000569,11.148,-2.459,-2.428,0.000000
20.348562,-9.864,-111.970772,0.000622,11.148,-2.459,-2.428,0.000000
20.419001,-9.645,-107.960503,0.000607,11.148,-2.459,-2.428,0.000000
20.489683,-9.605,-133.119537,0.000604,11.148,-2.459,-2.428,0.000000
20.560612,-9.315,-114.857941,0.000584,11.148,-2.459,-2.428,0.000000
20.631784,-9.208,-151.506683,0.000577,11.148,-2.459,-2.428,0.000000
20.703203,-9.390,-173.838943,0.000589,11.148,-2.459,-2.428,0.000000
20.774866,-9.231,172.406799,0.000578,11.148,-2.459,-2.428,0.000000
20.846781,-9.370,130.361664,0.000588,11.148,-2.459,-2.428,0.000000
20.918943,-9.961,109.671028,0.000629,11.148,-2.459,-2.428,0.000000
20.991358,-9.426,91.189491,0.000591,11.148,-2.459,-2.428,0.000000
21.064020,-9.014,95.759323,0.000564,11.148,-2.459,-2.428,0.000000
21.136936,-9.849,90.644699,0.000621,11.148,-2.459,-2.428,0.000000
21.210104,-10.171,106.027992,0.000644,11.148,-2.459,-2.428,0.000000
21.283520,-9.587,105.462143,0.000602,11.148,-2.459,-2.428,0.000000
21.357197,-10.032,81.164864,0.000634,11.148,-2.459,-2.428,0.000000
21.431126,-11.844,56.889519,0.000781,11.148,-2.459,-2.428,0.000000
21.505312,-12.495,82.114883,0.000842,11.148,-2.459,-2.428,0.000000
21.579756,-13.747,68.821190,0.000972,11.148,-2.459,-2.428,0.000000
21.654457,-13.092,60.916092,0.000902,11.148,-2.459,-2.428,0.000000
21.729416,-13.368,22.106306,0.000931,11.148,-2.459,-2.428,0.000000
21.804630,-15.260,121.110008,0.001157,11.148,-2.459,-2.428,0.000000
21.880110,-17.097,78.451706,0.001430,11.148,-2.459,-2.428,0.000000
21.955851,-17.843,106.103722,0.001558,11.148,-2.459,-2.428,0.000000
22.031853,-17.833,23.645107,0.001556,11.148,-2.459,-2.428,0.000000
22.108118,-18.304,46.002300,0.001643,11.148,-2.459,-2.428,0.000000
22.184649,-17.073,117.689774,0.001425,11.148,-2.459,-2.428,0.000000
22.261442,-16.435,-136.955200,0.001324,11.148,-2.459,-2.428,0.000000
22.338503,-16.748,-4.604486,0.001372,11.148,-2.459,-2.428,0.000000
22.415825,-16.285,-130.002243,0.001301,11.148,-2.459,-2.428,0.000000
22.493420,-16.110,-173.487640,0.001275,11.148,-2.459,-2.428,0.000000
22.571283,-16.188,146.407532,0.001287,11.148,-2.459,-2.428,0.000000
22.649418,-16.188,146.407532,0.001287,11.148,-2.459,-2.428,0.000000
22.727821,-16.100,150.600449,0.001274,11.148,-2.459,-2.428,0.000000
22.806496,-15.657,102.876930,0.001210,11.148,-2.459,-2.428,0.000000
22.885437,-16.912,158.106934,0.001398,11.148,-2.459,-2.428,0.000000
22.964659,-17.759,152.509735,0.001542,11.148,-2.459,-2.428,0.000000
23.044153,-17.407,115.671478,0.001480,11.148,-2.459,-2.428,0.000000
23.123922,-17.643,124.589310,0.001521,11.148,-2.459,-2.428,0.000000
23.203970,-17.384,121.570450,0.001476,11.148,-2.459,-2.428,0.000000
23.284292,-17.750,78.153641,0.001540,11.148,-2.459,-2.428,0.000000
23.364893,-18.190,57.050953,0.001620,11.148,-2.459,-2.428,0.000000
23.445774,-18.117,25.089197,0.001607,11.148,-2.459,-2.428,0.000000
23.526928,-18.509,-39.163273,0.001681,11.148,-2.459,-2.428,0.000000
23.608370,-19.319,-91.917274,0.001845,11.148,-2.459,-2.428,0.000000
23.690092,-19.063,-15.869807,0.001791,11.148,-2.459,-2.428,0.000000
23.772099,-19.692,-45.385822,0.001926,11.148,-2.459,-2.428,0.000000
23.854389,-19.355,-64.593040,0.001853,11.148,-2.459,-2.428,0.000000
23.936964,-19.638,-91.250595,0.001914,11.148,-2.459,-2.428,0.000000
24.019825,-19.126,-44.761017,0.001804,11.148,-2.459,-2.428,0.000000
24.102966,-18.275,-97.926720,0.001636,11.148,-2.459,-2.428,0.000000
24.186401,-18.523,-99.450096,0.001683,11.148,-2.459,-2.428,0.000000
24.270124,-18.520,-125.717346,0.001682,11.148,-2.459,-2.428,0.000000
24.354139,-17.984,159.073349,0.001581,11.148,-2.459,-2.428,0.000000
24.438444,-17.987,100.336639,0.001581,11.148,-2.459,-2.428,0.000000
24.523041,-17.523,111.840439,0.001499,11.148,-2.459,-2.428,0.000000
24.607929,-17.848,125.007500,0.001556,11.148,-2.459,-2.428,0.000000
24.693108,-17.924,75.345612,0.001569,11.148,-2.459,-2.428,0.000000
24.778585,-18.841,58.051617,0.001744,11.148,-2.459,-2.428,0.000000
24.864359,-19.680,60.785587,0.001921,11.148,-2.459,-2.428,0.000000
24.950430,-21.072,104.876083,0.002255,11.148,-2.459,-2.428,0.000000
25.036798,-22.986,72.284065,0.002811,11.148,-2.459,-2.428,0.000000
25.123466,-23.513,98.182686,0.002987,11.148,-2.459,-2.428,0.000000
25.210434,-24.144,-162.229828,0.003212,11.148,-2.459,-2.428,0.000000
25.297697,-24.234,-88.084373,0.003245,11.148,-2.459,-2.428,0.000000
25.385267,-26.299,-125.567123,0.004116,11.148,-2.459,-2.428,0.000000
25.473143,-25.612,-115.588646,0.003803,11.148,-2.459,-2.428,0.000000
25.561321,-24.794,-114.840515,0.003461,11.148,-2.459,-2.428,0.000000
25.649803,-25.766,-110.905899,0.003871,11.148,-2.459,-2.428,0.000000
25.738594,-25.814,-76.186745,0.003892,11.148,-2.459,-2.428,0.000000
25.827690,-24.829,-73.983627,0.003475,11.148,-2.459,-2.428,0.000000
25.917089,-24.196,-93.679077,0.003230,11.148,-2.459,-2.428,0.000000
26.006805,-24.321,-75.574371,0.003277,11.148,-2.459,-2.428,0.000000
26.096830,-24.323,-99.814041,0.003277,11.148,-2.459,-2.428,0.000000
26.187168,-23.679,-99.712830,0.003042,11.148,-2.459,-2.428,0.000000
26.277819,-23.302,-100.992966,0.002912,11.148,-2.459,-2.428,0.000000
26.368782,-23.590,-131.580002,0.003010,11.148,-2.459,-2.428,0.000000
26.460054,-24.826,-127.394714,0.003470,11.148,-2.459,-2.428,0.000000
26.551649,-25.067,-177.303696,0.003567,11.148,-2.459,-2.428,0.000000
26.643560,-24.525,155.331070,0.003352,11.148,-2.459,-2.428,0.000000
26.735790,-24.608,-179.445419,0.003384,11.148,-2.459,-2.428,0.000000
26.828339,-25.421,150.243439,0.003716,11.148,-2.459,-2.428,0.000000
26.921207,-25.029,145.129669,0.003552,11.148,-2.459,-2.428,0.000000
27.014399,-24.279,175.631287,0.003258,11.148,-2.459,-2.428,0.000000
27.107912,-24.177,-171.511688,0.003220,11.148,-2.459,-2.428,0.000000
27.201744,-25.193,159.217926,0.003620,11.148,-2.459,-2.428,0.000000
27.295906,-25.733,-172.631912,0.003852,11.148,-2.459,-2.428,0.000000
27.390394,-25.814,-172.610855,0.003888,11.148,-2.459,-2.428,0.000000
27.485209,-25.156,160.747223,0.003604,11.148,-2.459,-2.428,0.000000
27.580351,-25.754,-170.519730,0.003861,11.148,-2.459,-2.428,0.000000
27.675825,-26.113,-168.105499,0.004024,11.148,-2.459,-2.428,0.000000
27.771622,-25.286,177.485870,0.003659,11.148,-2.459,-2.428,0.000000
27.867756,-26.159,173.514908,0.004046,11.148,-2.459,-2.428,0.000000
27.964224,-27.025,172.270615,0.004470,11.148,-2.459,-2.428,0.000000
28.061024,-26.308,149.269043,0.004115,11.148,-2.459,-2.428,0.000000
28.158161,-27.243,134.029648,0.004583,11.148,-2.459,-2.428,0.000000
28.255634,-27.897,112.602112,0.004941,11.148,-2.459,-2.428,0.000000
28.353443,-27.051,93.876778,0.004483,11.148,-2.459,-2.428,0.000000
28.451593,-27.782,93.463608,0.004875,11.148,-2.459,-2.428,0.000000
28.550081,-27.713,60.818470,0.004836,11.148,-2.459,-2.428,0.000000
28.648903,-27.452,67.080734,0.004692,11.148,-2.459,-2.428,0.000000
28.748075,-28.201,72.875214,0.005114,11.148,-2.459,-2.428,0.000000
28.847589,-27.598,81.148346,0.004770,11.148,-2.459,-2.428,0.000000
28.947449,-28.189,62.184643,0.005105,11.148,-2.459,-2.428,0.000000
29.047655,-28.567,55.218052,0.005332,11.148,-2.459,-2.428,0.000000
29.148207,-28.659,27.505983,0.005389,11.148,-2.459,-2.428,0.000000
29.249100,-28.246,21.302385,0.005138,11.148,-2.459,-2.428,0.000000
29.350348,-27.156,2.341355,0.004533,11.148,-2.459,-2.428,0.000000
29.451948,-26.587,-1.432584,0.004245,11.148,-2.459,-2.428,0.000000
29.553900,-25.129,8.637334,0.003589,11.148,-2.459,-2.428,0.000000
29.656204,-24.905,6.854178,0.003498,11.148,-2.459,-2.428,0.000000
29.758862,-24.665,1.814851,0.003403,11.148,-2.459,-2.428,0.000000
29.861876,-24.214,-24.700460,0.003230,11.148,-2.459,-2.428,0.000000
29.965246,-24.066,-53.939491,0.003176,11.148,-2.459,-2.428,0.000000
30.068968,-24.096,-141.648407,0.003186,11.148,-2.459,-2.428,0.000000
30.173054,-23.043,165.132278,0.002823,11.148,-2.459,-2.428,0.000000
30.277502,-22.848,150.603333,0.002760,11.148,-2.459,-2.428,0.000000
30.382311,-23.243,151.900314,0.002888,11.148,-2.459,-2.428,0.000000
30.487482,-23.684,139.188370,0.003038,11.148,-2.459,-2.428,0.000000
30.593019,-24.787,132.957581,0.003449,11.148,-2.459,-2.428,0.000000
30.698914,-25.069,105.247612,0.003562,11.148,-2.459,-2.428,0.000000
30.805182,-25.016,134.540512,0.003540,11.148,-2.459,-2.428,0.000000
30.911816,-25.564,128.267868,0.003770,11.148,-2.459,-2.428,0.000000
31.018822,-25.065,129.696701,0.003559,11.148,-2.459,-2.428,0.000000
31.126196,-24.210,103.369926,0.003225,11.148,-2.459,-2.428,0.000000
31.233944,-24.683,116.808075,0.003406,11.148,-2.459,-2.428,0.000000
31.342064,-24.977,168.238464,0.003523,11.148,-2.459,-2.428,0.000000
31.450558,-24.080,151.067337,0.003177,11.148,-2.459,-2.428,0.000000
31.559420,-23.875,153.487061,0.003103,11.148,-2.459,-2.428,0.000000
31.668667,-23.568,-174.037827,0.002995,11.148,-2.459,-2.428,0.000000
31.778292,-22.818,167.008041,0.002748,11.148,-2.459,-2.428,0.000000
31.888296,-23.064,145.037170,0.002826,11.148,-2.459,-2.428,0.000000
31.998680,-22.787,139.590775,0.002738,11.148,-2.459,-2.428,0.000000
32.109447,-23.508,151.555847,0.002974,11.148,-2.459,-2.428,0.000000
32.220600,-23.456,141.401108,0.002957,11.148,-2.459,-2.428,0.000000
32.332127,-22.879,142.029419,0.002767,11.148,-2.459,-2.428,0.000000
32.444046,-22.479,139.768997,0.002642,11.148,-2.459,-2.428,0.000000
32.556355,-21.629,137.670181,0.002396,11.148,-2.459,-2.428,0.000000
32.669052,-21.694,137.410828,0.002414,11.148,-2.459,-2.428,0.000000
32.782143,-21.426,132.456711,0.002341,11.148,-2.459,-2.428,0.000000
32.895622,-21.780,136.907120,0.002438,11.148,-2.459,-2.428,0.000000
33.009491,-21.547,148.365570,0.002373,11.148,-2.459,-2.428,0.000000
33.123760,-20.848,141.608902,0.002190,11.148,-2.459,-2.428,0.000000
33.238411,-20.105,131.619003,0.002010,11.148,-2.459,-2.428,0.000000
33.353470,-20.256,120.615471,0.002045,11.148,-2.459,-2.428,0.000000
33.468929,-21.039,111.738365,0.002238,11.148,-2.459,-2.428,0.000000
33.584785,-21.168,99.954361,0.002271,11.148,-2.459,-2.428,0.000000
33.701042,-21.865,103.277695,0.002460,11.148,-2.459,-2.428,0.000000
33.817696,-22.238,101.867920,0.002568,11.148,-2.459,-2.428,0.000000
33.934757,-22.220,94.348137,0.002562,11.148,-2.459,-2.428,0.000000
34.052227,-21.711,89.296547,0.002416,11.148,-2.459,-2.428,0.000000
34.170105,-21.400,84.623520,0.002331,11.148,-2.459,-2.428,0.000000
34.288387,-22.142,75.457672,0.002539,11.148,-2.459,-2.428,0.000000
34.407082,-22.171,77.800301,0.002547,11.148,-2.459,-2.428,0.000000
34.526184,-21.306,77.550385,0.002306,11.148,-2.459,-2.428,0.000000
34.645702,-20.942,79.788612,0.002211,11.148,-2.459,-2.428,0.000000
34.765621,-20.577,76.529793,0.002120,11.148,-2.459,-2.428,0.000000
34.885967,-20.192,70.899231,0.002028,11.148,-2.459,-2.428,0.000000
35.006729,-19.576,67.280113,0.001890,11.148,-2.459,-2.428,0.000000
35.127911,-19.419,59.457165,0.001855,11.148,-2.459,-2.428,0.000000
35.249508,-19.163,55.800533,0.001802,11.148,-2.459,-2.428,0.000000
35.371529,-19.152,49.522446,0.001799,11.148,-2.459,-2.428,0.000000
35.493965,-18.464,43.605175,0.001662,11.148,-2.459,-2.428,0.000000
35.616829,-18.706,36.250706,0.001709,11.148,-2.459,-2.428,0.000000
35.740120,-18.432,32.639751,0.001656,11.148,-2.459,-2.428,0.000000
35.863842,-17.967,25.807257,0.001569,11.148,-2.459,-2.428,0.000000
35.987988,-18.090,21.301554,0.001592,11.148,-2.459,-2.428,0.000000
36.112564,-18.460,19.371353,0.001660,11.148,-2.459,-2.428,0.000000
36.237572,-18.236,14.573321,0.001618,11.148,-2.459,-2.428,0.000000
36.363010,-18.182,12.644624,0.001608,11.148,-2.459,-2.428,0.000000
36.488888,-18.262,12.266347,0.001622,11.148,-2.459,-2.428,0.000000
36.615189,-18.426,10.217271,0.001653,11.148,-2.459,-2.428,0.000000
36.741936,-19.136,8.748338,0.001794,11.148,-2.459,-2.428,0.000000
36.869122,-18.409,8.316198,0.001650,11.148,-2.459,-2.428,0.000000
36.996750,-19.003,4.210800,0.001767,11.148,-2.459,-2.428,0.000000
37.124817,-19.407,8.677675,0.001851,11.148,-2.459,-2.428,0.000000
37.253323,-19.018,5.760198,0.001770,11.148,-2.459,-2.428,0.000000
37.382278,-19.205,4.316251,0.001808,11.148,-2.459,-2.428,0.000000
37.511681,-18.951,2.623259,0.001756,11.148,-2.459,-2.428,0.000000
37.641533,-18.925,3.279254,0.001751,11.148,-2.459,-2.428,0.000000
37.771832,-18.945,0.007551,0.001755,11.148,-2.459,-2.428,0.000000
37.902584,-19.695,-4.871601,0.001913,11.148,-2.459,-2.428,0.000000
38.033791,-19.467,-6.693657,0.001864,11.148,-2.459,-2.428,0.000000
38.165447,-19.980,-6.208483,0.001977,11.148,-2.459,-2.428,0.000000
38.297562,-19.917,-8.540751,0.001962,11.148,-2.459,-2.428,0.000000
38.430122,-19.641,-11.988562,0.001901,11.148,-2.459,-2.428,0.000000
38.563152,-20.328,-14.839017,0.002057,11.148,-2.459,-2.428,0.000000
38.696644,-20.118,-19.258820,0.002008,11.148,-2.459,-2.428,0.000000
38.830597,-20.231,-23.725262,0.002033,11.148,-2.459,-2.428,0.000000
38.965015,-20.598,-27.849300,0.002121,11.148,-2.459,-2.428,0.000000
39.099895,-21.182,-28.001802,0.002268,11.148,-2.459,-2.428,0.000000
39.235237,-20.686,-29.116215,0.002142,11.148,-2.459,-2.428,0.000000
39.371052,-20.337,-32.603245,0.002058,11.148,-2.459,-2.428,0.000000
39.507339,-20.542,-41.061684,0.002107,11.148,-2.459,-2.428,0.000000
39.644100,-20.741,-42.825626,0.002156,11.148,-2.459,-2.428,0.000000
39.781334,-20.852,-46.211239,0.002183,11.148,-2.459,-2.428,0.000000
39.919041,-21.284,-47.482361,0.002295,11.148,-2.459,-2.428,0.000000
40.057224,-21.187,-48.565266,0.002269,11.148,-2.459,-2.428,0.000000
40.195889,-20.669,-50.511799,0.002138,11.148,-2.459,-2.428,0.000000
40.335030,-20.849,-52.922611,0.002183,11.148,-2.459,-2.428,0.000000
40.474644,-20.017,-54.106026,0.001983,11.148,-2.459,-2.428,0.000000
40.614754,-20.090,-54.719521,0.002000,11.148,-2.459,-2.428,0.000000
40.755344,-20.088,-55.253765,0.001999,11.148,-2.459,-2.428,0.000000
40.896423,-20.224,-52.124229,0.002031,11.148,-2.459,-2.428,0.000000
41.037983,-20.085,-53.349728,0.001999,11.148,-2.459,-2.428,0.000000
41.180042,-19.654,-51.175808,0.001902,11.148,-2.459,-2.428,0.000000
41.322590,-19.492,-53.646454,0.001867,11.148,-2.459,-2.428,0.000000
41.465633,-19.413,-52.671951,0.001850,11.148,-2.459,-2.428,0.000000
41.609173,-19.542,-52.272610,0.001878,11.148,-2.459,-2.428,0.000000
41.753204,-19.486,-50.907188,0.001866,11.148,-2.459,-2.428,0.000000
41.897739,-19.107,-52.683811,0.001786,11.148,-2.459,-2.428,0.000000
42.042774,-19.145,-54.676556,0.001794,11.148,-2.459,-2.428,0.000000
42.188309,-18.559,-53.185703,0.001676,11.148,-2.459,-2.428,0.000000
42.334339,-18.469,-57.573608,0.001659,11.148,-2.459,-2.428,0.000000
42.480885,-18.220,-63.398422,0.001611,11.148,-2.459,-2.428,0.000000
42.627937,-18.140,-66.439003,0.001597,11.148,-2.459,-2.428,0.000000
42.775497,-17.833,-72.317116,0.001541,11.148,-2.459,-2.428,0.000000
42.923573,-18.228,-78.974152,0.001612,11.148,-2.459,-2.428,0.000000
43.072155,-18.224,-78.349518,0.001611,11.148,-2.459,-2.428,0.000000
43.221245,-17.796,-82.865112,0.001534,11.148,-2.459,-2.428,0.000000
43.370861,-18.102,-87.969482,0.001589,11.148,-2.459,-2.428,0.000000
43.520992,-18.132,-91.116020,0.001595,11.148,-2.459,-2.428,0.000000
43.671646,-18.374,-92.853310,0.001640,11.148,-2.459,-2.428,0.000000
43.822823,-18.704,-97.148964,0.001703,11.148,-2.459,-2.428,0.000000
43.974518,-18.483,-96.551628,0.001660,11.148,-2.459,-2.428,0.000000
44.126743,-17.983,-98.761467,0.001567,11.148,-2.459,-2.428,0.000000
44.279491,-18.096,-102.388268,0.001588,11.148,-2.459,-2.428,0.000000
44.432770,-18.028,-104.083923,0.001576,11.148,-2.459,-2.428,0.000000
44.586567,-18.590,-112.849243,0.001681,11.148,-2.459,-2.428,0.000000
44.740910,-18.686,-113.588005,0.001699,11.148,-2.459,-2.428,0.000000
44.895786,-18.766,-117.089905,0.001715,11.148,-2.459,-2.428,0.000000
45.051197,-18.692,-121.506516,0.001700,11.148,-2.459,-2.428,0.000000
45.207138,-18.721,-121.914627,0.001706,11.148,-2.459,-2.428,0.000000
45.363636,-18.432,-126.040413,0.001650,11.148,-2.459,-2.428,0.000000
45.520660,-19.183,-133.878159,0.001798,11.148,-2.459,-2.428,0.000000
45.678234,-19.322,-136.340332,0.001827,11.148,-2.459,-2.428,0.000000
45.836353,-19.177,-138.769958,0.001796,11.148,-2.459,-2.428,0.000000
45.995022,-19.600,-139.211929,0.001886,11.148,-2.459,-2.428,0.000000
46.154240,-19.654,-137.981155,0.001898,11.148,-2.459,-2.428,0.000000
46.314007,-19.566,-140.442947,0.001879,11.148,-2.459,-2.428,0.000000
46.474327,-19.491,-140.923279,0.001862,11.148,-2.459,-2.428,0.000000
46.635193,-19.492,-138.723572,0.001863,11.148,-2.459,-2.428,0.000000
46.796627,-19.416,-144.651276,0.001846,11.148,-2.459,-2.428,0.000000
46.958618,-20.178,-144.005997,0.002016,11.148,-2.459,-2.428,0.000000
47.121170,-20.595,-140.233353,0.002115,11.148,-2.459,-2.428,0.000000
47.284286,-21.056,-143.334305,0.002230,11.148,-2.459,-2.428,0.000000
47.447968,-21.367,-145.086121,0.002311,11.148,-2.459,-2.428,0.000000
47.612202,-22.378,-145.788803,0.002597,11.148,-2.459,-2.428,0.000000
47.777020,-22.650,-144.197342,0.002679,11.148,-2.459,-2.428,0.000000
47.942402,-22.748,-145.689194,0.002710,11.148,-2.459,-2.428,0.000000
48.108360,-23.557,-139.859436,0.002974,11.148,-2.459,-2.428,0.000000
48.274895,-23.745,-135.694138,0.003039,11.148,-2.459,-2.428,0.000000
48.442005,-23.954,-140.910767,0.003113,11.148,-2.459,-2.428,0.000000
48.609692,-23.608,-137.891083,0.002992,11.148,-2.459,-2.428,0.000000
48.777958,-23.407,-132.539108,0.002923,11.148,-2.459,-2.428,0.000000
48.946812,-22.762,-128.166489,0.002714,11.148,-2.459,-2.428,0.000000
49.116234,-21.871,-126.388847,0.002449,11.148,-2.459,-2.428,0.000000
49.286255,-20.867,-119.856316,0.002182,11.148,-2.459,-2.428,0.000000
49.456863,-20.522,-123.438042,0.002097,11.148,-2.459,-2.428,0.000000
49.628067,-19.971,-126.370720,0.001967,11.148,-2.459,-2.428,0.000000
49.799858,-20.208,-123.605682,0.002022,11.148,-2.459,-2.428,0.000000
49.972248,-19.906,-116.123947,0.001952,11.148,-2.459,-2.428,0.000000
50.145218,-20.072,-120.054466,0.001989,11.148,-2.459,-2.428,0.000000
50.318802,-20.182,-114.265396,0.002015,11.148,-2.459,-2.428,0.000000
50.492989,-20.210,-120.773338,0.002021,11.148,-2.459,-2.428,0.000000
50.667774,-20.929,-119.341141,0.002195,11.148,-2.459,-2.428,0.000000
50.843166,-21.427,-121.687668,0.002325,11.148,-2.459,-2.428,0.000000
51.019169,-22.165,-126.998703,0.002531,11.148,-2.459,-2.428,0.000000
51.195774,-22.008,-128.262024,0.002486,11.148,-2.459,-2.428,0.000000
51.372997,-22.152,-136.295959,0.002527,11.148,-2.459,-2.428,0.000000
51.550816,-22.173,-138.565201,0.002533,11.148,-2.459,-2.428,0.000000
51.729267,-22.224,-141.250244,0.002548,11.148,-2.459,-2.428,0.000000
51.908333,-21.859,-144.623383,0.002443,11.148,-2.459,-2.428,0.000000
52.088020,-21.545,-142.810120,0.002356,11.148,-2.459,-2.428,0.000000
52.268330,-20.731,-139.577499,0.002146,11.148,-2.459,-2.428,0.000000
52.449261,-19.915,-142.263931,0.001953,11.148,-2.459,-2.428,0.000000
52.630810,-19.492,-142.493652,0.001861,11.148,-2.459,-2.428,0.000000
52.812996,-18.930,-140.962830,0.001744,11.148,-2.459,-2.428,0.000000
52.995815,-18.686,-138.305161,0.001695,11.148,-2.459,-2.428,0.000000
53.179264,-17.970,-135.938049,0.001561,11.148,-2.459,-2.428,0.000000
53.363350,-17.369,-136.119171,0.001456,11.148,-2.459,-2.428,0.000000
53.548077,-16.937,-138.071014,0.001385,11.148,-2.459,-2.428,0.000000
53.733437,-16.439,-139.541931,0.001308,11.148,-2.459,-2.428,0.000000
53.919441,-16.304,-141.720154,0.001288,11.148,-2.459,-2.428,0.000000
54.106079,-16.225,-144.343903,0.001276,11.148,-2.459,-2.428,0.000000
54.293373,-15.910,-144.075821,0.001230,11.148,-2.459,-2.428,0.000000
54.481316,-15.527,-146.073395,0.001177,11.148,-2.459,-2.428,0.000000
54.669895,-15.023,-148.109772,0.001111,11.148,-2.459,-2.428,0.000000
54.859169,-14.757,-151.617722,0.001077,11.148,-2.459,-2.428,0.000000
55.049042,-14.361,-154.242264,0.001029,11.148,-2.459,-2.428,0.000000
55.239601,-14.292,-156.875809,0.001021,11.148,-2.459,-2.428,0.000000
55.430820,-14.178,-159.657318,0.001008,11.148,-2.459,-2.428,0.000000
55.622700,-14.153,-161.938705,0.001005,11.148,-2.459,-2.428,0.000000
55.815247,-14.022,-162.720642,0.000990,11.148,-2.459,-2.428,0.000000
56.008457,-13.782,-164.340836,0.000963,11.148,-2.459,-2.428,0.000000
56.202335,-13.645,-168.482193,0.000948,11.148,-2.459,-2.428,0.000000
56.396889,-13.641,-168.934387,0.000948,11.148,-2.459,-2.428,0.000000
56.592110,-13.429,-171.248505,0.000925,11.148,-2.459,-2.428,0.000000
56.788010,-13.365,-173.184494,0.000918,11.148,-2.459,-2.428,0.000000
56.984589,-13.291,-174.869385,0.000910,11.148,-2.459,-2.428,0.000000
57.181820,-13.139,-175.802063,0.000894,11.148,-2.459,-2.428,0.000000
57.379791,-13.120,-177.847443,0.000892,11.148,-2.459,-2.428,0.000000
57.578388,-12.957,179.588150,0.000875,11.148,-2.459,-2.428,0.000000
57.777702,-12.886,176.295670,0.000868,11.148,-2.459,-2.428,0.000000
57.977707,-13.009,175.360565,0.000880,11.148,-2.459,-2.428,0.000000
58.178406,-12.796,171.955643,0.000859,11.148,-2.459,-2.428,0.000000
58.379795,-12.723,169.168900,0.000852,11.148,-2.459,-2.428,0.000000
58.581886,-12.677,165.627579,0.000847,11.148,-2.459,-2.428,0.000000
58.784672,-12.411,162.918701,0.000821,11.148,-2.459,-2.428,0.000000
58.988163,-12.311,158.932892,0.000812,11.148,-2.459,-2.428,0.000000
59.192356,-12.013,155.013840,0.000785,11.148,-2.459,-2.428,0.000000
59.397259,-11.855,151.063354,0.000771,11.148,-2.459,-2.428,0.000000
59.602867,-11.787,148.107208,0.000765,11.148,-2.459,-2.428,0.000000
59.809193,-11.673,146.305298,0.000755,11.148,-2.459,-2.428,0.000000
60.016228,-11.690,141.599060,0.000756,11.148,-2.459,-2.428,0.000000
60.223953,-11.715,139.636292,0.000758,11.148,-2.459,-2.428,0.000000
60.432423,-11.846,139.230606,0.000770,11.148,-2.459,-2.428,0.000000
60.641617,-11.966,137.505997,0.000780,11.148,-2.459,-2.428,0.000000
60.851536,-12.178,133.880692,0.000800,11.148,-2.459,-2.428,0.000000
61.062180,-12.544,133.035233,0.000834,11.148,-2.459,-2.428,0.000000
61.273556,-12.970,131.668961,0.000876,11.148,-2.459,-2.428,0.000000
61.485661,-13.182,130.087204,0.000898,11.148,-2.459,-2.428,0.000000
61.698502,-13.201,127.591400,0.000900,11.148,-2.459,-2.428,0.000000
61.912075,-13.517,126.606102,0.000933,11.148,-2.459,-2.428,0.000000
62.126392,-13.509,125.603683,0.000932,11.148,-2.459,-2.428,0.000000
62.341450,-13.461,123.782990,0.000927,11.148,-2.459,-2.428,0.000000
62.557251,-13.647,122.493156,0.000947,11.148,-2.459,-2.428,0.000000
62.773800,-13.845,122.232529,0.000969,11.148,-2.459,-2.428,0.000000
62.991070,-13.475,123.230667,0.000928,11.148,-2.459,-2.428,0.000000
63.209152,-13.215,123.116905,0.000901,11.140,-2.411,-2.381,0.000000
63.427925,-12.798,122.437973,0.000859,11.132,-2.362,-2.332,0.000000
63.647522,-12.690,121.335464,0.000848,11.124,-2.313,-2.282,0.000000
63.867813,-12.488,121.243027,0.000829,11.117,-2.263,-2.232,0.000000
64.088898,-12.291,120.581871,0.000810,11.109,-2.213,-2.182,0.000000
64.310753,-12.018,119.244797,0.000785,11.101,-2.163,-2.132,0.000000
64.533371,-11.678,117.238487,0.000755,11.093,-2.113,-2.082,0.000000
64.756760,-11.410,114.837440,0.000732,11.085,-2.063,-2.031,0.000000
64.980919,-11.276,112.011848,0.000721,11.077,-2.012,-1.981,0.000000
65.205864,-11.186,109.919388,0.000713,11.069,-1.961,-1.930,0.000000
65.431580,-11.037,107.493126,0.000701,11.061,-1.910,-1.879,0.000000
65.658081,-10.935,106.709572,0.000693,11.053,-1.859,-1.828,0.000000
65.885361,-10.492,103.002609,0.000658,11.045,-1.808,-1.776,0.000000
66.113434,-10.266,99.736092,0.000641,11.036,-1.757,-1.725,0.000000
66.342262,-10.064,92.998413,0.000626,11.028,-1.705,-1.673,0.000000
66.571945,-10.217,91.097137,0.000637,11.020,-1.653,-1.621,0.000000
66.802353,-10.064,86.670364,0.000626,11.012,-1.602,-1.569,0.000000
67.033600,-9.589,82.469032,0.000593,11.003,-1.549,-1.517,0.000000
67.265648,-9.515,77.182449,0.000588,10.995,-1.497,-1.464,0.000000
67.498489,-9.436,73.435379,0.000583,10.987,-1.445,-1.412,0.000000
67.732147,-9.451,71.166183,0.000584,10.979,-1.392,-1.359,0.000000
67.966606,-9.576,69.291946,0.000592,10.970,-1.339,-1.306,0.000000
68.201881,-9.793,65.307114,0.000607,10.962,-1.286,-1.253,0.000000
68.437973,-10.087,61.579536,0.000628,10.953,-1.233,-1.199,0.000000
68.674881,-10.055,57.037811,0.000626,10.945,-1.179,-1.146,0.000000
68.912605,-10.142,53.347450,0.000632,10.936,-1.126,-1.092,0.000000
69.151154,-10.508,50.086655,0.000659,10.928,-1.072,-1.038,0.000000
69.390495,-10.705,46.315598,0.000674,10.919,-1.018,-0.984,0.000000
69.630730,-11.065,41.844898,0.000703,10.911,-0.964,-0.930,0.000000
69.871735,-11.519,34.307255,0.000740,10.902,-0.910,-0.875,0.000000
70.113640,-11.971,28.878462,0.000780,10.893,-0.855,-0.821,0.000000
70.356308,-12.484,24.975410,0.000827,10.885,-0.800,-0.766,0.000000
70.599854,-12.887,23.350872,0.000867,10.876,-0.746,-0.711,0.000000
70.844246,-13.416,20.681791,0.000921,10.867,-0.690,-0.656,0.000000
71.089478,-14.103,17.578835,0.000997,10.859,-0.635,-0.600,0.000000
71.335564,-14.988,12.543555,0.001104,10.850,-0.580,-0.545,0.000000
71.582504,-15.617,9.711550,0.001187,10.841,-0.524,-0.489,0.000000
71.830292,-16.495,8.507308,0.001313,10.832,-0.468,-0.433,0.000000
72.078941,-17.392,8.256642,0.001455,10.823,-0.412,-0.377,0.000000
72.328453,-18.004,11.411901,0.001561,10.814,-0.356,-0.320,0.000000
72.578827,-18.509,11.660815,0.001654,10.805,-0.299,-0.264,0.000000
72.830063,-19.461,8.954383,0.001845,10.796,-0.243,-0.207,0.000000
73.082176,-19.814,9.146671,0.001922,10.787,-0.186,-0.150,0.000000
73.335159,-20.411,11.534757,0.002058,10.778,-0.129,-0.093,0.000000
73.588982,-21.243,14.080246,0.002264,10.769,-0.072,-0.035,0.000000
73.843719,-21.835,13.895340,0.002424,10.760,-0.014,0.022,0.000000
74.099335,-22.099,12.597673,0.002498,10.751,0.043,0.080,0.000000
74.355843,-22.255,12.109743,0.002543,10.742,0.101,0.138,0.000000
74.613228,-22.924,8.162975,0.002746,10.733,0.159,0.196,0.000000
74.871513,-23.577,10.841227,0.002961,10.723,0.217,0.254,0.000000
75.130692,-24.042,17.011684,0.003123,10.714,0.276,0.313,0.000000
75.390762,-24.282,19.484718,0.003211,10.705,0.334,0.372,0.000000
75.651733,-24.676,25.841661,0.003360,10.695,0.393,0.431,0.000000
75.913612,-24.233,22.651447,0.003193,10.686,0.452,0.490,0.000000
76.176399,-24.577,28.611771,0.003322,10.677,0.511,0.549,0.000000
76.440094,-24.055,31.791527,0.003128,10.667,0.571,0.609,0.000000
76.704697,-24.286,33.561390,0.003212,10.658,0.631,0.669,0.000000
76.970184,-23.398,39.176014,0.002899,10.648,0.690,0.729,0.000000
77.236664,-23.340,42.000744,0.002879,10.639,0.750,0.789,0.000000
77.503990,-23.362,43.863979,0.002886,10.629,0.811,0.849,0.000000
77.772278,-23.233,47.663349,0.002843,10.620,0.871,0.910,0.000000
78.041496,-23.123,42.944798,0.002807,10.610,0.932,0.971,0.000000
78.311646,-23.023,50.295204,0.002774,10.600,0.993,1.032,0.000000
78.582733,-23.087,51.861023,0.002794,10.591,1.054,1.093,0.000000
78.854752,-22.969,52.786823,0.002756,10.581,1.115,1.155,0.000000
79.127716,-23.044,53.649319,0.002779,10.571,1.177,1.216,0.000000
79.401627,-23.015,52.372166,0.002770,10.561,1.238,1.278,0.000000
79.676483,-22.969,47.161716,0.002755,10.552,1.300,1.340,0.000000
79.952293,-22.626,44.362492,0.002648,10.542,1.363,1.403,0.000000
80.229057,-22.120,40.996670,0.002497,10.532,1.425,1.465,0.000000
80.506744,-21.540,40.876369,0.002336,10.522,1.488,1.528,0.000000
80.785469,-21.610,39.069283,0.002354,10.512,1.550,1.591,0.000000
81.065079,-21.393,37.739365,0.002296,10.502,1.613,1.654,0.000000
81.345734,-21.569,37.158199,0.002342,10.492,1.677,1.718,0.000000
81.627281,-21.848,36.940002,0.002418,10.482,1.740,1.781,0.000000
81.909843,-22.043,35.085701,0.002473,10.472,1.804,1.845,0.000000
82.193382,-22.243,40.083088,0.002530,10.462,1.868,1.909,0.000000
82.477905,-22.281,40.169178,0.002541,10.452,1.932,1.973,0.000000
82.763412,-22.505,42.946003,0.002608,10.441,1.996,2.038,0.000000
83.049904,-23.035,42.946644,0.002772,10.431,2.061,2.103,0.000000
83.337395,-23.025,46.054737,0.002769,10.421,2.126,2.168,0.000000
83.625877,-22.470,50.660091,0.002597,10.410,2.191,2.233,0.000000
83.915352,-22.214,51.691116,0.002522,10.400,2.256,2.298,0.000000
84.205795,-21.566,52.034233,0.002340,10.390,2.321,2.364,0.000000
84.497330,-21.154,50.445873,0.002231,10.379,2.387,2.430,0.000000
84.789780,-20.690,49.823914,0.002115,10.369,2.453,2.496,0.000000
85.083336,-20.197,53.019897,0.001998,10.358,2.519,2.562,0.000000
85.377815,-20.326,53.205807,0.002027,10.348,2.586,2.629,0.000000
85.673363,-19.861,53.487339,0.001921,10.337,2.652,2.695,0.000000
85.969933,-19.499,49.389782,0.001843,10.327,2.719,2.763,0.000000
86.267525,-19.397,46.826118,0.001821,10.316,2.786,2.830,0.000000
86.566154,-19.090,45.257084,0.001758,10.305,2.853,2.897,0.000000
86.865814,-19.098,42.313042,0.001760,10.295,2.921,2.965,0.000000
87.166504,-18.977,40.535362,0.001735,10.284,2.989,3.033,0.000000
87.468246,-18.983,34.845833,0.001736,10.273,3.057,3.101,0.000000
87.771027,-19.170,30.976002,0.001774,10.262,3.125,3.170,0.000000
88.074852,-18.927,25.435656,0.001725,10.251,3.193,3.238,0.000000
88.379738,-19.128,21.447601,0.001766,10.241,3.262,3.307,0.000000
88.685677,-18.884,19.799145,0.001717,10.230,3.331,3.376,0.000000
88.992668,-18.906,14.775961,0.001721,10.219,3.400,3.446,0.000000
89.300682,-18.784,11.673165,0.001697,10.208,3.470,3.515,0.000000
89.609810,-19.089,12.409505,0.001758,10.197,3.539,3.585,0.000000
89.920006,-19.281,10.588614,0.001797,10.186,3.609,3.655,0.000000
90.231270,-19.699,9.494360,0.001886,10.174,3.680,3.726,0.000000
90.543617,-19.822,8.158485,0.001913,10.163,3.750,3.796,0.000000
90.857048,-19.458,6.569587,0.001835,10.152,3.821,3.867,0.000000
91.171562,-19.822,5.594194,0.001914,10.141,3.891,3.938,0.000000
91.487160,-20.589,4.102886,0.002091,10.130,3.963,4.009,0.000000
91.803856,-21.426,4.895584,0.002303,10.118,4.034,4.081,0.000000
92.121643,-21.874,4.359837,0.002425,10.107,4.106,4.153,0.000000
92.440536,-21.574,0.409018,0.002343,10.095,4.178,4.225,0.000000
92.760529,-22.108,5.015124,0.002491,10.084,4.250,4.297,0.000000
93.081627,-22.506,8.685701,0.002608,10.073,4.322,4.370,0.000000
93.403793,-22.872,10.602548,0.002720,10.061,4.395,4.442,0.000000
93.727173,-23.849,13.901805,0.003044,10.049,4.468,4.516,0.000000
94.051575,-24.170,18.011612,0.003159,10.038,4.541,4.589,0.000000
94.377190,-24.364,19.277622,0.003231,10.026,4.614,4.662,0.000000
94.703842,-24.678,21.826273,0.003351,10.015,4.688,4.736,0.000000
95.031670,-24.384,27.694023,0.003240,10.003,4.762,4.810,0.000000
95.360634,-24.409,31.589354,0.003249,9.991,4.836,4.885,0.000000
95.690735,-23.869,29.248028,0.003054,9.979,4.910,4.959,0.000000
96.021980,-23.614,26.361214,0.002966,9.967,4.985,5.034,0.000000
96.354370,-23.166,24.613386,0.002817,9.956,5.060,5.109,0.000000
96.687912,-22.871,23.137905,0.002723,9.944,5.135,5.185,0.000000
97.022606,-22.255,19.960615,0.002537,9.932,5.210,5.260,0.000000
97.358459,-21.903,20.782255,0.002436,9.920,5.286,5.336,0.000000
97.695435,-21.675,19.086613,0.002373,9.908,5.362,5.412,0.000000
98.033661,-21.381,18.217529,0.002294,9.896,5.438,5.489,0.000000
98.372971,-21.274,13.943379,0.002266,9.883,5.515,5.565,0.000000
98.713547,-20.836,14.609728,0.002155,9.871,5.591,5.642,0.000000
99.055214,-20.483,13.604003,0.002069,9.859,5.669,5.720,0.000000
99.398102,-20.527,13.206295,0.002080,9.847,5.746,5.797,0.000000
99.742180,-20.311,9.670445,0.002029,9.834,5.823,5.875,0.000000
100.087448,-20.432,8.127752,0.002058,9.822,5.901,5.953,0.000000
100.433914,-20.237,5.405118,0.002013,9.810,5.979,6.031,0.000000
100.781578,-19.994,-0.265228,0.001958,9.797,6.058,6.110,0.000000
101.130447,-20.093,-5.808388,0.001980,9.785,6.136,6.189,0.000000
101.480522,-20.082,-9.229684,0.001978,9.772,6.215,6.268,0.000000
101.831802,-20.352,-15.600623,0.002041,9.760,6.294,6.347,0.000000
102.184258,-20.723,-20.439882,0.002130,9.747,6.374,6.427,0.000000
102.538033,-21.077,-25.751728,0.002219,9.735,6.454,6.507,0.000000
102.892975,-21.412,-29.352089,0.002307,9.722,6.534,6.587,0.000000
103.249153,-21.363,-34.740074,0.002294,9.709,6.614,6.667,0.000000
103.606514,-21.549,-39.659084,0.002344,9.696,6.694,6.748,0.000000
103.965157,-22.308,-44.409527,0.002558,9.684,6.775,6.829,0.000000
104.325050,-23.320,-48.952408,0.002874,9.671,6.856,6.910,0.000000
104.686180,-24.004,-56.530132,0.003110,9.658,6.938,6.992,0.000000
105.048561,-24.778,-58.165234,0.003400,9.645,7.019,7.074,0.000000
105.412201,-25.294,-59.348583,0.003608,9.632,7.101,7.156,0.000000
105.777100,-25.114,-65.154915,0.003534,9.619,7.184,7.239,0.000000
106.143257,-25.841,-71.512390,0.003843,9.606,7.266,7.321,0.000000
106.510689,-26.557,-74.033768,0.004174,9.593,7.349,7.404,0.000000
106.879387,-27.139,-72.120270,0.004464,9.579,7.432,7.488,0.000000
107.249359,-27.446,-82.339287,0.004626,9.566,7.516,7.571,0.000000
107.620613,-27.434,-92.463852,0.004620,9.553,7.599,7.655,0.000000
107.993156,-27.495,-127.454681,0.004653,9.540,7.683,7.739,0.000000
108.366936,-27.424,175.170288,0.004617,9.526,7.767,7.824,0.000000
108.742065,-27.709,148.582886,0.004771,9.513,7.852,7.909,0.000000
109.118484,-28.266,130.258163,0.005088,9.499,7.937,7.994,0.000000
109.496208,-27.929,123.808197,0.004895,9.486,8.022,8.079,0.000000
109.875244,-27.790,120.656013,0.004818,9.472,8.107,8.165,0.000000
110.255592,-26.892,119.710869,0.004346,9.459,8.193,8.251,0.000000
110.637253,-26.051,113.931099,0.003945,9.445,8.279,8.337,0.000000
111.020241,-25.578,104.350136,0.003736,9.431,8.366,8.423,0.000000
111.404549,-25.087,96.209183,0.003531,9.418,8.452,8.510,0.000000
111.790184,-24.302,92.245239,0.003226,9.404,8.539,8.597,0.000000
112.177162,-23.543,85.078484,0.002956,9.390,8.626,8.685,0.000000
112.565475,-23.109,78.486580,0.002812,9.376,8.714,8.773,0.000000
112.955132,-22.635,76.854164,0.002663,9.362,8.802,8.861,0.000000
113.346085,-22.096,72.135239,0.002503,9.348,8.890,8.949,0.000000
113.738503,-22.478,67.379524,0.002615,9.334,8.978,9.038,0.000000
114.132164,-22.334,62.524826,0.002573,9.320,9.067,9.127,0.000000
114.527306,-21.980,57.239899,0.002471,9.306,9.156,9.216,0.000000
114.923698,-22.002,54.019924,0.002477,9.292,9.245,9.306,0.000000
115.321518,-21.830,51.538822,0.002429,9.278,9.335,9.395,0.000000
115.720718,-21.745,50.135239,0.002406,9.263,9.425,9.486,0.000000
116.121300,-21.762,45.720531,0.002411,9.249,9.515,9.576,0.000000
116.523270,-21.687,45.212543,0.002391,9.235,9.606,9.667,0.000000
116.926628,-21.882,42.558048,0.002445,9.220,9.697,9.758,0.000000
117.331383,-21.676,39.710213,0.002388,9.206,9.788,9.850,0.000000
117.737541,-21.817,37.764027,0.002428,9.191,9.880,9.941,0.000000
118.145103,-21.724,37.241066,0.002403,9.177,9.971,10.034,0.000000
118.554016,-21.682,35.642265,0.002391,9.162,10.064,10.126,0.000000
118.964462,-21.740,32.485886,0.002407,9.148,10.156,10.219,0.000000
119.376213,-21.837,29.392393,0.002434,9.133,10.249,10.312,0.000000
119.789505,-21.768,30.656559,0.002415,9.118,10.342,10.405,0.000000
120.204117,-21.788,30.001770,0.002421,9.103,10.436,10.499,0.000000
120.620216,-21.719,29.438715,0.002401,9.088,10.529,10.593,0.000000
121.037758,-21.815,27.418613,0.002428,9.073,10.624,10.687,0.000000
121.456741,-21.792,26.374542,0.002422,9.058,10.718,10.782,0.000000
121.877174,-22.400,26.760633,0.002598,9.043,10.813,10.877,0.000000
122.299072,-22.808,26.308992,0.002723,9.028,10.908,10.972,0.000000
122.722420,-22.833,27.840256,0.002732,9.013,11.003,11.068,0.000000
123.147240,-22.809,29.858507,0.002725,8.998,11.099,11.164,0.000000
123.573532,-22.703,26.880917,0.002692,8.983,11.195,11.260,0.000000
124.001297,-22.937,25.896999,0.002766,8.968,11.292,11.357,0.000000
124.430542,-22.712,27.827579,0.002695,8.952,11.388,11.454,0.000000
124.861267,-22.777,29.428146,0.002716,8.937,11.485,11.551,0.000000
125.293488,-22.839,26.699404,0.002735,8.931,11.527,11.593,0.000000
125.727150,-22.590,28.337557,0.002658,8.930,11.542,11.608,0.000000
126.162369,-22.335,26.378925,0.002581,8.929,11.558,11.623,0.000000
126.599091,-22.056,25.624817,0.002499,8.927,11.573,11.639,0.000000
127.037331,-22.002,26.431978,0.002484,8.926,11.588,11.654,0.000000
127.477089,-22.255,25.301300,0.002557,8.925,11.604,11.669,0.000000
127.918365,-22.409,25.965597,0.002603,8.924,11.619,11.685,0.000000
128.361160,-22.361,25.023586,0.002589,8.923,11.635,11.700,0.000000
128.805511,-21.912,24.870203,0.002458,8.921,11.651,11.716,0.000000
129.251373,-21.705,27.118822,0.002400,8.920,11.666,11.731,0.000000
129.698792,-21.480,27.045387,0.002339,8.919,11.682,11.747,0.000000
130.147766,-21.306,28.900991,0.002293,8.918,11.698,11.763,0.000000
130.598282,-21.485,26.793892,0.002340,8.917,11.714,11.778,0.000000
131.050369,-21.121,27.481171,0.002244,8.915,11.730,11.794,0.000000
131.503952,-21.046,28.727983,0.002225,8.914,11.745,11.810,0.000000
131.959229,-20.730,27.073481,0.002146,8.913,11.761,11.826,0.000000
132.415955,-20.310,30.635588,0.002044,8.912,11.778,11.842,0.000000
132.874329,-20.586,27.501007,0.002110,8.910,11.794,11.858,0.000000
133.334290,-20.271,25.665319,0.002035,8.909,11.810,11.874,0.000000
133.795853,-20.245,25.321217,0.002029,8.908,11.826,11.890,0.000000
134.259003,-19.894,24.282763,0.001949,8.907,11.842,11.907,0.000000
134.723755,-19.688,23.488482,0.001903,8.905,11.859,11.923,0.000000
135.190109,-19.998,23.977901,0.001972,8.904,11.875,11.939,0.000000
135.658081,-20.207,21.891361,0.002020,8.903,11.892,11.955,0.000000
136.127686,-20.397,22.340206,0.002065,8.902,11.908,11.972,0.000000
136.598907,-20.700,21.833010,0.002138,8.900,11.925,11.988,0.000000
137.071762,-20.470,25.608879,0.002083,8.899,11.941,12.005,0.000000
137.546249,-20.759,29.095888,0.002154,8.898,11.958,12.021,0.000000
138.022385,-21.013,29.387192,0.002218,8.896,11.975,12.038,0.000000
138.500092,-21.180,28.749731,0.002262,8.895,11.992,12.055,0.000000
138.979599,-20.790,31.483097,0.002163,8.894,12.009,12.072,0.000000
139.460617,-20.492,31.897135,0.002090,8.892,12.025,12.088,0.000000
139.943375,-20.307,32.254219,0.002046,8.891,12.042,12.105,0.000000
140.427811,-19.985,29.179607,0.001971,8.890,12.059,12.122,0.000000
140.913925,-19.886,26.212795,0.001949,8.889,12.077,12.139,0.000000
141.401703,-19.548,22.008930,0.001875,8.887,12.094,12.156,0.000000
141.891190,-19.447,16.765665,0.001853,8.886,12.111,12.173,0.000000
142.382355,-19.221,13.607404,0.001805,8.885,12.128,12.191,0.000000
142.875229,-19.385,9.742185,0.001840,8.883,12.146,12.208,0.000000
143.369812,-19.682,4.857699,0.001904,8.882,12.163,12.225,0.000000
143.866104,-20.133,3.909298,0.002005,8.880,12.180,12.243,0.000000
144.364120,-20.325,-0.451799,0.002050,8.879,12.198,12.260,0.000000
144.863785,-20.786,-1.491162,0.002162,8.878,12.216,12.277,0.000000
145.365311,-21.509,-2.136148,0.002350,8.876,12.233,12.295,0.000000
145.868439,-22.474,0.123269,0.002626,8.875,12.251,12.313,0.000000
146.373383,-23.132,5.346573,0.002833,8.874,12.269,12.330,0.000000
146.880066,-23.655,13.212422,0.003009,8.872,12.286,12.348,0.000000
147.388504,-24.449,19.986536,0.003297,8.871,12.304,12.366,0.000000
147.898712,-24.287,30.066650,0.003237,8.869,12.322,12.384,0.000000
148.410675,-24.464,35.348213,0.003305,8.868,12.340,12.402,0.000000
148.924423,-23.954,44.024769,0.003116,8.867,12.358,12.419,0.000000
149.439941,-23.670,49.226654,0.003017,8.865,12.377,12.438,0.000000
149.957245,-22.997,53.533104,0.002792,8.864,12.395,12.456,0.000000
150.476334,-22.382,52.846863,0.002602,8.862,12.413,12.474,0.000000
150.997238,-21.858,54.445938,0.002450,8.861,12.431,12.492,0.000000
151.519852,-21.442,53.318871,0.002336,8.860,12.450,12.510,0.000000
152.044434,-20.644,52.766182,0.002131,8.858,12.468,12.529,0.000000
152.570679,-20.135,49.699581,0.002010,8.857,12.487,12.547,0.000000
153.098892,-19.597,48.865116,0.001890,8.855,12.505,12.565,0.000000
153.628784,-19.304,46.185326,0.001828,8.854,12.524,12.584,0.000000
154.160660,-18.620,44.474319,0.001690,8.852,12.543,12.603,0.000000
154.694229,-18.071,42.933201,0.001587,8.851,12.561,12.621,0.000000
155.229797,-17.483,40.554173,0.001484,8.850,12.580,12.640,0.000000
155.767075,-17.176,38.110523,0.001433,8.848,12.599,12.659,0.000000
156.306274,-16.769,36.349449,0.001368,8.847,12.618,12.678,0.000000
156.847351,-16.644,34.098049,0.001348,8.845,12.637,12.697,0.000000
157.390305,-16.467,32.864315,0.001321,8.844,12.656,12.716,0.000000
157.935120,-16.418,31.618082,0.001314,8.842,12.675,12.735,0.000000
158.481750,-16.222,30.058992,0.001285,8.841,12.695,12.754,0.000000
159.030441,-16.127,28.549221,0.001271,8.839,12.714,12.773,0.000000
159.580856,-16.058,26.521643,0.001261,8.838,12.733,12.792,0.000000
160.133347,-16.020,25.290325,0.001256,8.836,12.753,12.812,0.000000
160.687592,-16.099,24.789333,0.001268,8.835,12.772,12.831,0.000000
161.243912,-16.118,23.879314,0.001271,8.833,12.792,12.850,0.000000
161.801987,-15.914,21.912138,0.001242,8.832,12.812,12.870,0.000000
162.362167,-15.660,20.484020,0.001207,8.830,12.831,12.890,0.000000
162.924133,-15.669,19.609194,0.001209,8.829,12.851,12.909,0.000000
163.488113,-15.564,18.732351,0.001194,8.827,12.871,12.929,0.000000
164.054047,-15.551,16.921019,0.001193,8.826,12.891,12.949,0.000000
164.621933,-15.292,16.759237,0.001158,8.824,12.911,12.969,0.000000
165.191788,-15.181,14.861163,0.001144,8.822,12.931,12.988,0.000000
165.763535,-14.870,13.910267,0.001104,8.821,12.951,13.008,0.000000
166.337433,-14.805,11.645095,0.001096,8.819,12.971,13.029,0.000000
166.913147,-14.700,11.274285,0.001083,8.818,12.991,13.049,0.000000
167.491013,-14.720,9.848404,0.001085,8.816,13.012,13.069,0.000000
168.070801,-14.473,8.421245,0.001055,8.815,13.032,13.089,0.000000
168.652603,-14.273,7.282484,0.001031,8.813,13.053,13.110,0.000000
169.236328,-14.016,6.220191,0.001001,8.811,13.073,13.130,0.000000
169.822250,-13.733,3.677295,0.000969,8.810,13.094,13.150,0.000000
170.410019,-13.479,1.873004,0.000942,8.808,13.114,13.171,0.000000
170.999924,-13.294,-0.124233,0.000922,8.807,13.135,13.192,0.000000
171.591858,-12.995,-3.253672,0.000891,8.805,13.156,13.212,0.000000
172.185837,-12.849,-5.829155,0.000876,8.803,13.177,13.233,0.000000
172.781876,-12.678,-9.513824,0.000860,8.802,13.198,13.254,0.000000
173.379990,-12.645,-11.886571,0.000857,8.800,13.219,13.275,0.000000
173.980164,-12.810,-15.135131,0.000873,8.799,13.240,13.296,0.000000
174.582336,-12.927,-17.253565,0.000885,8.797,13.261,13.317,0.000000
175.186752,-13.011,-20.060480,0.000894,8.795,13.282,13.338,0.000000
175.793182,-13.103,-22.199814,0.000904,8.794,13.304,13.359,0.000000
176.401703,-13.269,-24.452667,0.000922,8.792,13.325,13.381,0.000000
177.012253,-13.482,-26.394178,0.000945,8.790,13.347,13.402,0.000000
177.625092,-13.582,-28.645647,0.000956,8.789,13.368,13.423,0.000000
178.239883,-13.754,-31.468367,0.000975,8.787,13.390,13.445,0.000000
178.856964,-13.923,-33.116837,0.000994,8.785,13.412,13.466,0.000000
179.476013,-14.154,-35.154648,0.001021,8.784,13.433,13.488,0.000000
180.097290,-14.420,-36.415810,0.001053,8.782,13.455,13.510,0.000000
180.720718,-14.791,-37.859692,0.001099,8.780,13.477,13.532,0.000000
181.346298,-15.252,-37.832951,0.001159,8.778,13.499,13.554,0.000000
181.974045,-15.451,-37.888748,0.001186,8.777,13.521,13.575,0.000000
182.603882,-15.629,-38.583576,0.001211,8.775,13.543,13.598,0.000000
183.236084,-15.794,-37.770473,0.001234,8.773,13.566,13.620,0.000000
183.870377,-15.854,-37.531368,0.001242,8.772,13.588,13.642,0.000000
184.506866,-15.976,-36.735672,0.001260,8.770,13.610,13.664,0.000000
185.145462,-16.056,-35.834923,0.001272,8.768,13.633,13.686,0.000000
185.786453,-15.943,-35.281326,0.001256,8.766,13.655,13.709,0.000000
186.429489,-15.713,-36.969246,0.001223,8.765,13.678,13.731,0.000000
187.074921,-15.543,-38.631397,0.001200,8.763,13.701,13.754,0.000000
187.722412,-15.569,-39.898476,0.001203,8.761,13.724,13.777,0.000000
188.372238,-15.504,-40.291203,0.001195,8.759,13.746,13.799,0.000000
189.024307,-15.589,-42.772388,0.001206,8.758,13.769,13.822,0.000000
189.678650,-15.745,-46.055679,0.001228,8.756,13.792,13.845,0.000000
190.335236,-15.882,-49.320396,0.001248,8.754,13.815,13.868,0.000000
190.994110,-16.065,-52.003338,0.001274,8.752,13.839,13.891,0.000000
191.655258,-16.320,-52.685345,0.001312,8.750,13.862,13.914,0.000000
192.318695,-16.732,-52.620991,0.001376,8.749,13.885,13.937,0.000000
192.984421,-17.110,-52.935017,0.001437,8.747,13.909,13.961,0.000000
193.652374,-17.346,-53.478809,0.001477,8.745,13.932,13.984,0.000000
194.322815,-17.553,-54.657444,0.001513,8.743,13.956,14.007,0.000000
194.995392,-17.643,-53.369690,0.001529,8.741,13.979,14.031,0.000000
195.670486,-17.657,-54.371727,0.001532,8.739,14.003,14.055,0.000000
196.347733,-17.682,-54.763748,0.001537,8.738,14.027,14.078,0.000000
197.027405,-17.684,-54.320007,0.001537,8.736,14.051,14.102,0.000000
197.709442,-17.684,-56.618961,0.001537,8.734,14.075,14.126,0.000000
198.393829,-17.666,-57.637398,0.001534,8.732,14.099,14.150,0.000000
199.080597,-17.773,-59.902882,0.001553,8.730,14.123,14.174,0.000000
199.769745,-17.940,-61.620045,0.001583,8.728,14.147,14.198,0.000000
200.461258,-18.191,-63.382812,0.001630,8.726,14.172,14.222,0.000000
201.155182,-18.405,-65.576370,0.001670,8.725,14.196,14.246,0.000000
201.851501,-18.745,-65.902138,0.001737,8.723,14.221,14.271,0.000000
202.550232,-19.011,-68.151993,0.001791,8.721,14.245,14.295,0.000000
203.251389,-19.396,-70.095528,0.001872,8.719,14.270,14.320,0.000000
203.954865,-19.826,-72.708359,0.001967,8.717,14.295,14.344,0.000000
204.660980,-20.282,-75.600449,0.002073,8.715,14.319,14.369,0.000000
205.369339,-20.470,-77.880890,0.002119,8.713,14.344,14.394,0.000000
206.080246,-20.886,-78.061424,0.002223,8.711,14.369,14.419,0.000000
206.793625,-21.051,-79.046799,0.002265,8.709,14.395,14.444,0.000000
207.509567,-21.589,-77.869179,0.002410,8.707,14.420,14.469,0.000000
208.227783,-22.177,-79.244606,0.002580,8.705,14.445,14.494,0.000000
208.948685,-22.804,-80.224106,0.002773,8.703,14.470,14.519,0.000000
209.671890,-23.116,-80.382019,0.002875,8.701,14.496,14.544,0.000000
210.397690,-23.676,-77.864792,0.003067,8.699,14.521,14.570,0.000000
211.126007,-24.553,-75.335075,0.003394,8.697,14.547,14.595,0.000000
211.856842,-25.599,-70.897850,0.003828,8.695,14.573,14.621,0.000000
212.590210,-26.340,-62.119099,0.004169,8.693,14.598,14.646,0.000000
213.326019,-26.995,-54.909580,0.004495,8.691,14.624,14.672,0.000000
214.064575,-26.925,-46.466801,0.004460,8.689,14.650,14.698,0.000000
214.805481,-26.802,-36.991909,0.004397,8.687,14.676,14.724,0.000000
215.549057,-26.884,-29.887974,0.004438,8.685,14.703,14.750,0.000000
216.295197,-26.600,-24.797102,0.004296,8.683,14.729,14.776,0.000000
217.044037,-25.398,-21.428785,0.003741,8.681,14.755,14.802,0.000000
217.795258,-24.342,-18.283133,0.003312,8.679,14.782,14.828,0.000000
218.549286,-23.336,-17.392656,0.002950,8.677,14.808,14.855,0.000000
219.305710,-22.309,-23.633358,0.002621,8.675,14.835,14.881,0.000000
220.064865,-21.770,-27.256777,0.002463,8.673,14.861,14.908,0.000000
220.826645,-21.245,-30.444536,0.002319,8.671,14.888,14.934,0.000000
221.591064,-20.845,-33.498371,0.002215,8.669,14.915,14.961,0.000000
222.358124,-20.426,-37.109806,0.002111,8.667,14.942,14.988,0.000000
223.127731,-20.186,-39.969463,0.002054,8.665,14.969,15.015,0.000000
223.900223,-19.963,-44.433456,0.002002,8.663,14.996,15.042,0.000000
224.675171,-20.141,-49.912670,0.002044,8.661,15.024,15.069,0.000000
225.453018,-20.398,-54.125748,0.002106,8.658,15.051,15.096,0.000000
226.233337,-20.678,-57.212830,0.002175,8.656,15.079,15.124,0.000000
227.016586,-21.026,-58.846455,0.002264,8.654,15.106,15.151,0.000000
227.802322,-21.159,-59.351406,0.002299,8.652,15.134,15.178,0.000000
228.590988,-21.299,-57.206638,0.002337,8.650,15.161,15.206,0.000000
229.382187,-21.789,-54.979008,0.002473,8.648,15.189,15.234,0.000000
230.176208,-21.871,-55.479237,0.002497,8.646,15.217,15.262,0.000000
230.972992,-21.948,-56.333733,0.002520,8.643,15.245,15.289,0.000000
231.772537,-21.839,-54.105476,0.002489,8.641,15.273,15.317,0.000000
232.574844,-21.679,-55.421623,0.002444,8.639,15.302,15.345,0.000000
233.379822,-21.477,-56.215199,0.002388,8.637,15.330,15.374,0.000000
234.187805,-21.271,-58.962177,0.002333,8.635,15.358,15.402,0.000000
234.998352,-21.067,-64.180061,0.002279,8.632,15.387,15.430,0.000000
235.811935,-20.846,-67.653809,0.002222,8.630,15.416,15.459,0.000000
236.628113,-20.622,-73.111702,0.002166,8.628,15.444,15.487,0.000000
237.447342,-20.554,-77.266449,0.002149,8.626,15.473,15.516,0.000000
238.269180,-20.604,-80.736870,0.002162,8.624,15.502,15.545,0.000000
239.094101,-20.373,-85.048805,0.002106,8.621,15.531,15.573,0.000000
239.921631,-20.282,-88.916298,0.002084,8.619,15.560,15.602,0.000000
240.752151,-20.510,-91.740883,0.002140,8.617,15.589,15.631,0.000000
241.585541,-20.784,-96.018616,0.002209,8.615,15.619,15.661,0.000000
242.421814,-21.216,-100.763618,0.002322,8.612,15.648,15.690,0.000000
243.260986,-21.495,-107.000816,0.002398,8.610,15.678,15.719,0.000000
244.102951,-21.989,-109.622673,0.002538,8.608,15.707,15.749,0.000000
244.948059,-22.703,-114.972198,0.002755,8.605,15.737,15.778,0.000000
245.795975,-23.407,-118.171829,0.002988,8.603,15.767,15.808,0.000000
246.646820,-24.051,-120.386383,0.003218,8.601,15.797,15.838,0.000000
247.500626,-24.533,-123.759293,0.003402,8.598,15.827,15.868,0.000000
248.357376,-24.972,-128.510101,0.003578,8.596,15.857,15.897,0.000000
249.216980,-25.696,-131.227844,0.003890,8.594,15.887,15.928,0.000000
250.079788,-25.745,-131.724518,0.003912,8.592,15.913,15.953,0.000000
250.945343,-26.477,-131.894379,0.004257,8.591,15.891,15.931,0.000000
251.814026,-26.782,-131.098114,0.004410,8.591,15.869,15.909,0.000000
252.685715,-27.047,-132.304718,0.004547,8.591,15.848,15.888,0.000000
253.560410,-27.552,-135.604843,0.004821,8.591,15.826,15.866,0.000000
254.438141,-28.261,-139.150085,0.005231,8.591,15.804,15.844,0.000000
255.318909,-28.575,-139.032150,0.005425,8.590,15.782,15.821,0.000000
256.202728,-28.864,-138.092957,0.005609,8.590,15.760,15.799,0.000000
257.089600,-29.589,-141.385574,0.006099,8.590,15.737,15.777,0.000000
257.979553,-30.034,-144.770111,0.006420,8.590,15.715,15.755,0.000000
258.872559,-29.685,-147.504868,0.006169,8.590,15.693,15.732,0.000000
259.768677,-29.579,-146.073105,0.006095,8.589,15.671,15.710,0.000000
260.667786,-29.215,-144.220474,0.005846,8.589,15.648,15.687,0.000000
261.570251,-28.799,-146.854858,0.005573,8.589,15.625,15.664,0.000000
262.475555,-28.352,-149.603577,0.005295,8.589,15.603,15.642,0.000000
263.384277,-27.893,-154.231674,0.005023,8.589,15.580,15.619,0.000000
264.295898,-27.725,-162.115677,0.004928,8.588,15.557,15.596,0.000000
265.210785,-27.208,-165.801254,0.004644,8.588,15.534,15.573,0.000000
266.128845,-26.727,-171.099396,0.004394,8.588,15.511,15.550,0.000000
267.050201,-27.100,-179.058685,0.004588,8.588,15.488,15.527,0.000000
267.974518,-27.353,171.447906,0.004724,8.588,15.465,15.504,0.000000
268.902130,-27.433,164.844711,0.004769,8.587,15.442,15.480,0.000000
269.832977,-27.417,158.304901,0.004761,8.587,15.419,15.457,0.000000
270.767029,-27.912,153.341980,0.005041,8.587,15.396,15.434,0.000000
271.704315,-27.929,149.038406,0.005052,8.587,15.372,15.410,0.000000
272.644714,-27.816,147.759155,0.004987,8.586,15.349,15.386,0.000000
273.588654,-27.638,144.698532,0.004887,8.586,15.325,15.363,0.000000
274.535583,-27.447,141.000320,0.004782,8.586,15.301,15.339,0.000000
275.486053,-26.658,138.333572,0.004367,8.586,15.278,15.315,0.000000
276.439545,-25.654,136.076462,0.003891,8.586,15.254,15.291,0.000000
277.396454,-25.209,133.865707,0.003697,8.585,15.230,15.267,0.000000
278.356689,-24.463,132.598373,0.003394,8.585,15.206,15.243,0.000000
279.320404,-23.483,130.490479,0.003032,8.585,15.182,15.219,0.000000
280.287170,-22.639,126.100662,0.002751,8.585,15.158,15.195,0.000000
281.257416,-21.856,121.917725,0.002514,8.585,15.133,15.170,0.000000
282.231018,-21.282,118.438057,0.002353,8.584,15.109,15.146,0.000000
283.207977,-20.739,114.994949,0.002210,8.584,15.084,15.121,0.000000
284.188354,-20.495,109.556213,0.002149,8.584,15.060,15.097,0.000000
285.171967,-20.260,103.839043,0.002092,8.584,15.035,15.072,0.000000
286.159271,-19.934,98.775574,0.002015,8.583,15.011,15.047,0.000000
287.149689,-19.729,94.036827,0.001968,8.583,14.986,15.022,0.000000
288.143829,-19.720,88.157234,0.001966,8.583,14.961,14.997,0.000000
289.141144,-19.600,84.637962,0.001939,8.583,14.936,14.972,0.000000
290.142029,-19.589,79.598694,0.001936,8.582,14.911,14.947,0.000000
291.146393,-19.502,76.330978,0.001917,8.582,14.886,14.922,0.000000
292.154358,-19.235,72.921989,0.001859,8.582,14.861,14.897,0.000000
293.165558,-18.972,69.548164,0.001803,8.582,14.836,14.871,0.000000
294.180389,-18.836,66.717484,0.001776,8.582,14.810,14.846,0.000000
295.198730,-18.761,63.002316,0.001760,8.581,14.785,14.820,0.000000
296.220581,-18.747,59.190773,0.001757,8.581,14.759,14.795,0.000000
297.246002,-18.528,56.354225,0.001714,8.581,14.733,14.769,0.000000
298.274933,-18.566,51.551708,0.001721,8.581,14.708,14.743,0.000000
299.307465,-18.548,48.077206,0.001718,8.580,14.682,14.717,0.000000
300.343414,-18.816,43.092041,0.001772,8.580,14.656,14.691,0.000000
301.383209,-19.142,39.548302,0.001839,8.580,14.630,14.665,0.000000
302.426361,-19.732,37.196312,0.001968,8.580,14.604,14.639,0.000000
303.473389,-20.091,35.261711,0.002052,8.579,14.578,14.612,0.000000
304.523743,-20.563,33.624050,0.002166,8.579,14.552,14.586,0.000000
305.578033,-20.895,32.832203,0.002250,8.579,14.525,14.560,0.000000
306.635681,-21.346,32.010990,0.002370,8.579,14.499,14.533,0.000000
307.697266,-21.626,32.943779,0.002447,8.578,14.472,14.506,0.000000
308.762268,-21.808,33.591263,0.002499,8.578,14.446,14.480,0.000000
309.831085,-21.919,33.878391,0.002530,8.578,14.419,14.453,0.000000
310.903595,-21.942,34.009155,0.002537,8.578,14.392,14.426,0.000000
311.979828,-21.852,35.511639,0.002510,8.578,14.365,14.399,0.000000
313.059784,-21.849,36.727451,0.002509,8.577,14.338,14.372,0.000000
314.143311,-21.628,37.095737,0.002445,8.577,14.311,14.345,0.000000
315.230927,-21.425,37.479664,0.002388,8.577,14.284,14.317,0.000000
316.322113,-21.157,38.889751,0.002315,8.577,14.257,14.290,0.000000
317.417114,-20.894,39.363663,0.002246,8.576,14.229,14.262,0.000000
318.515747,-20.620,40.324863,0.002176,8.576,14.202,14.235,0.000000
319.618469,-20.089,40.275536,0.002046,8.576,14.174,14.207,0.000000
320.724701,-19.600,37.528023,0.001934,8.576,14.146,14.179,0.000000
321.835083,-19.175,34.839138,0.001842,8.575,14.119,14.151,0.000000
322.949005,-18.896,31.899410,0.001784,8.575,14.091,14.123,0.000000
324.066925,-18.580,28.143866,0.001720,8.575,14.063,14.095,0.000000
325.188721,-18.484,24.414392,0.001701,8.575,14.035,14.067,0.000000
326.314392,-18.441,19.542192,0.001693,8.574,14.007,14.039,0.000000
327.443970,-18.385,15.222168,0.001682,8.574,13.978,14.011,0.000000
328.577301,-18.543,12.321251,0.001712,8.574,13.950,13.982,0.000000
329.714874,-18.818,8.720952,0.001767,8.573,13.922,13.954,0.000000
330.856232,-19.055,6.576885,0.001816,8.573,13.893,13.925,0.000000
332.001526,-19.275,5.565323,0.001862,8.573,13.865,13.896,0.000000
333.150635,-19.534,4.078648,0.001918,8.573,13.836,13.867,0.000000
334.304016,-19.722,2.728363,0.001960,8.572,13.807,13.838,0.000000
335.461090,-19.778,1.784135,0.001972,8.572,13.778,13.809,0.000000
336.622498,-19.880,0.523996,0.001995,8.572,13.749,13.780,0.000000
337.787598,-19.886,-1.107790,0.001997,8.572,13.720,13.751,0.000000
338.956879,-19.920,-3.098665,0.002005,8.571,13.691,13.722,0.000000
340.130219,-20.084,-4.478817,0.002043,8.571,13.661,13.692,0.000000
341.307617,-20.060,-7.552052,0.002037,8.571,13.632,13.663,0.000000
342.489105,-20.088,-10.463357,0.002044,8.571,13.602,13.633,0.000000
343.674652,-20.056,-13.392897,0.002036,8.570,13.573,13.603,0.000000
344.864319,-20.276,-17.210030,0.002088,8.570,13.543,13.573,0.000000
346.058105,-20.494,-20.204624,0.002140,8.570,13.513,13.543,0.000000
347.256042,-20.823,-23.262810,0.002223,8.569,13.483,13.513,0.000000
348.457947,-21.203,-25.873047,0.002322,8.569,13.453,13.483,0.000000
349.664337,-21.372,-28.285824,0.002367,8.569,13.423,13.453,0.000000
350.874573,-21.686,-29.821547,0.002454,8.569,13.393,13.422,0.000000
352.089325,-22.251,-31.823996,0.002619,8.568,13.362,13.392,0.000000
353.307953,-22.599,-33.589371,0.002726,8.568,13.332,13.361,0.000000
354.530975,-23.204,-35.200794,0.002922,8.568,13.301,13.331,0.000000
355.758240,-23.660,-35.984421,0.003080,8.568,13.271,13.300,0.000000
356.989716,-23.899,-39.392277,0.003166,8.567,13.240,13.269,0.000000
358.225494,-24.160,-41.850193,0.003262,8.567,13.209,13.238,0.000000
359.465515,-24.609,-45.251469,0.003436,8.567,13.178,13.207,0.000000
360.709869,-25.105,-48.276897,0.003638,8.566,13.147,13.175,0.000000
361.958496,-25.722,-52.271580,0.003905,8.566,13.116,13.144,0.000000
363.211456,-26.274,-57.764301,0.004162,8.566,13.084,13.113,0.000000
364.468750,-26.922,-60.623447,0.004484,8.566,13.053,13.081,0.000000
365.730408,-27.837,-63.813015,0.004982,8.565,13.021,13.049,0.000000
366.996246,-28.683,-65.031731,0.005491,8.565,12.990,13.018,0.000000
368.266815,-29.804,-68.387390,0.006248,8.565,12.958,12.986,0.000000
369.541443,-30.778,-71.350060,0.006989,8.564,12.926,12.954,0.000000
370.820648,-31.778,-70.859650,0.007842,8.564,12.894,12.922,0.000000
372.104309,-32.422,-54.079540,0.008445,8.564,12.862,12.889,0.000000
373.392395,-32.559,55.276829,0.008580,8.564,12.830,12.857,0.000000
374.684937,-32.589,87.989456,0.008609,8.563,12.797,12.825,0.000000
375.982117,-32.009,94.141602,0.008053,8.563,12.765,12.792,0.000000
377.283447,-30.921,92.173080,0.007106,8.563,12.732,12.759,0.000000
378.589447,-30.205,91.889069,0.006543,8.562,12.700,12.727,0.000000
379.899994,-29.040,85.355362,0.005722,8.562,12.667,12.694,0.000000
381.215057,-27.924,82.191780,0.005032,8.562,12.634,12.661,0.000000
382.534668,-26.820,80.071754,0.004431,8.561,12.601,12.628,0.000000
383.858673,-26.046,77.085625,0.004053,8.561,12.568,12.594,0.000000
385.187622,-24.921,71.064056,0.003561,8.561,12.535,12.561,0.000000
386.520813,-23.906,63.231346,0.003168,8.561,12.501,12.527,0.000000
387.859009,-23.053,56.030266,0.002872,8.560,12.468,12.494,0.000000
389.201416,-22.341,48.433266,0.002646,8.560,12.434,12.460,0.000000
390.548889,-21.918,41.028854,0.002520,8.560,12.401,12.426,0.000000
391.900635,-21.484,33.476143,0.002397,8.559,12.367,12.392,0.000000
393.257416,-21.292,26.762329,0.002345,8.559,12.333,12.358,0.000000
394.618530,-21.185,18.315100,0.002316,8.559,12.299,12.324,0.000000
395.984558,-21.273,10.927887,0.002341,8.558,12.265,12.290,0.000000
397.355316,-21.570,5.566776,0.002422,8.558,12.231,12.255,0.000000
398.730804,-21.934,-0.031394,0.002526,8.558,12.196,12.221,0.000000
400.111053,-22.353,-4.285447,0.002652,8.557,12.162,12.186,0.000000
401.495880,-23.026,-9.070660,0.002866,8.557,12.127,12.151,0.000000
402.885895,-23.615,-13.385231,0.003067,8.557,12.092,12.117,0.000000
404.280365,-24.203,-18.136454,0.003282,8.557,12.057,12.082,0.000000
405.679993,-24.793,-21.800337,0.003513,8.556,12.022,12.046,0.000000
407.084106,-25.478,-25.419107,0.003801,8.556,11.987,12.011,0.000000
408.493500,-26.272,-26.799238,0.004165,8.556,11.952,11.976,0.000000
409.907349,-26.941,-25.990629,0.004499,8.555,11.917,11.940,0.000000
411.326477,-27.498,-22.723288,0.004797,8.555,11.881,11.905,0.000000
412.750122,-28.341,-19.905872,0.005285,8.555,11.846,11.869,0.000000
414.178925,-28.403,-16.038012,0.005325,8.554,11.810,11.833,0.000000
415.612640,-28.525,-12.723474,0.005400,8.554,11.774,11.797,0.000000
417.051331,-28.838,-10.419221,0.005600,8.554,11.738,11.761,0.000000
418.494995,-28.945,-8.785679,0.005670,8.553,11.702,11.725,0.000000
419.943481,-29.104,-11.491767,0.005776,8.553,11.666,11.688,0.000000
421.397369,-29.268,-16.400452,0.005887,8.553,11.629,11.652,0.000000
422.855865,-29.779,-25.079254,0.006244,8.552,11.593,11.615,0.000000
424.319855,-30.198,-33.877174,0.006553,8.552,11.556,11.578,0.000000
425.788666,-30.841,-39.713955,0.007056,8.552,11.520,11.542,0.000000
427.262604,-31.475,-45.008343,0.007591,8.551,11.483,11.505,0.000000
428.741394,-31.823,-37.932877,0.007901,8.551,11.446,11.467,0.000000
430.225739,-31.515,103.925911,0.007626,8.551,11.409,11.430,0.000000
431.714813,-31.375,115.587372,0.007504,8.550,11.372,11.393,0.000000
433.209259,-30.845,102.283340,0.007061,8.550,11.334,11.355,0.000000
434.708862,-30.067,93.284157,0.006457,8.550,11.297,11.318,0.000000
436.213654,-29.054,89.771088,0.005747,8.549,11.259,11.280,0.000000
437.723663,-28.151,87.688484,0.005180,8.549,11.221,11.242,0.000000
439.238892,-27.670,79.746223,0.004902,8.549,11.183,11.204,0.000000
440.759369,-27.020,76.284157,0.004549,8.548,11.145,11.166,0.000000
442.285095,-26.829,70.639450,0.004451,8.548,11.107,11.127,0.000000
443.816132,-26.540,62.823448,0.004306,8.548,11.069,11.089,0.000000
445.352448,-26.186,57.477356,0.004133,8.547,11.031,11.050,0.000000
446.894073,-26.102,54.236977,0.004094,8.547,10.992,11.012,0.000000
448.440857,-26.000,50.268963,0.004046,8.546,10.953,10.973,0.000000
449.993408,-25.992,47.247932,0.004042,8.546,10.915,10.934,0.000000
451.550873,-25.801,44.484734,0.003954,8.546,10.876,10.895,0.000000
453.114197,-25.608,41.783680,0.003868,8.545,10.836,10.856,0.000000
454.682495,-25.580,37.593033,0.003855,8.545,10.797,10.816,0.000000
456.256409,-25.597,35.498272,0.003863,8.545,10.758,10.777,0.000000
457.835815,-25.941,30.975481,0.004019,8.544,10.718,10.737,0.000000
459.420654,-26.304,28.210373,0.004190,8.544,10.679,10.697,0.000000
461.010986,-26.927,24.997093,0.004502,8.544,10.639,10.657,0.000000
462.606842,-27.566,23.693167,0.004846,8.543,10.599,10.617,0.000000
464.208221,-28.459,25.173901,0.005370,8.543,10.559,10.577,0.000000
465.815125,-29.394,29.944706,0.005979,8.543,10.519,10.537,0.000000
467.427582,-29.812,38.842766,0.006272,8.542,10.479,10.496,0.000000
469.045410,-29.694,49.340748,0.006187,8.542,10.438,10.456,0.000000
470.669312,-29.386,62.298550,0.005970,8.541,10.398,10.415,0.000000
472.298340,-28.729,72.326195,0.005534,8.541,10.357,10.374,0.000000
473.933502,-27.903,78.052597,0.005031,8.541,10.316,10.333,0.000000
475.573853,-26.596,82.024826,0.004328,8.540,10.275,10.292,0.000000
477.220093,-25.478,82.200279,0.003804,8.540,10.234,10.250,0.000000
478.872040,-24.391,80.473778,0.003356,8.540,10.192,10.209,0.000000
480.529724,-23.278,77.888268,0.002952,8.539,10.151,10.167,0.000000
482.193146,-22.456,72.741592,0.002685,8.539,10.109,10.126,0.000000
483.862305,-21.888,67.421722,0.002515,8.538,10.068,10.084,0.000000
485.537262,-21.437,61.278725,0.002387,8.538,10.026,10.042,0.000000
487.217987,-21.103,56.069431,0.002297,8.538,9.984,9.999,0.000000
488.904541,-20.826,50.696709,0.002224,8.537,9.942,9.957,0.000000
490.596710,-20.653,45.292759,0.002180,8.537,9.899,9.915,0.000000
492.295197,-20.551,40.920811,0.002154,8.537,9.857,9.872,0.000000
493.999115,-20.540,36.448463,0.002151,8.536,9.814,9.829,0.000000
495.709381,-20.587,33.121624,0.002162,8.536,9.772,9.786,0.000000
497.425110,-20.454,30.690121,0.002129,8.535,9.729,9.743,0.000000
499.147003,-20.311,27.310202,0.002094,8.535,9.686,9.700,0.000000
500.874847,-20.161,23.811249,0.002058,8.535,9.649,9.663,0.000000
502.608917,-19.989,19.926880,0.002017,8.535,9.619,9.633,0.000000
504.348541,-19.957,15.443763,0.002009,8.535,9.589,9.603,0.000000
506.094391,-19.904,9.552458,0.001997,8.535,9.558,9.573,0.000000
507.846283,-20.003,4.205543,0.002019,8.535,9.528,9.542,0.000000
509.604279,-20.274,-1.883618,0.002082,8.535,9.497,9.512,0.000000
511.368317,-20.821,-8.448524,0.002217,8.535,9.467,9.481,0.000000
513.138489,-21.617,-14.402854,0.002429,8.534,9.436,9.450,0.000000
514.914795,-22.640,-21.239817,0.002732,8.534,9.405,9.419,0.000000
516.696960,-23.913,-21.992434,0.003162,8.534,9.374,9.388,0.000000
518.485840,-25.237,-19.224955,0.003681,8.534,9.343,9.357,0.000000
520.280334,-26.211,-9.196206,0.004117,8.534,9.312,9.326,0.000000
522.081360,-26.588,5.621349,0.004299,8.534,9.280,9.295,0.000000
523.888611,-26.612,21.853771,0.004310,8.534,9.249,9.263,0.000000
525.702393,-25.950,35.755878,0.003993,8.534,9.217,9.232,0.000000
527.521912,-25.146,44.677799,0.003639,8.534,9.186,9.200,0.000000
529.348206,-24.029,49.499958,0.003199,8.534,9.154,9.168,0.000000
531.180359,-22.810,48.574127,0.002780,8.534,9.122,9.137,0.000000
533.019104,-21.704,43.351292,0.002447,8.534,9.090,9.105,0.000000
534.864258,-21.058,36.593723,0.002271,8.534,9.058,9.073,0.000000
536.715698,-20.890,29.388552,0.002226,8.534,9.026,9.040,0.000000
538.573608,-20.869,22.699055,0.002220,8.534,8.993,9.008,0.000000
540.437683,-20.952,18.278530,0.002241,8.534,8.961,8.976,0.000000
542.308777,-21.147,16.102198,0.002291,8.534,8.928,8.943,0.000000
544.185730,-21.531,15.427577,0.002394,8.534,8.896,8.911,0.000000
546.069763,-21.940,15.236203,0.002509,8.534,8.863,8.878,0.000000
547.959778,-22.222,16.222425,0.002591,8.534,8.830,8.845,0.000000
549.856873,-22.255,18.077896,0.002600,8.534,8.797,8.812,0.000000
551.760010,-22.044,20.836824,0.002538,8.534,8.764,8.779,0.000000
553.670288,-21.480,22.913069,0.002378,8.534,8.731,8.746,0.000000
555.586609,-20.861,25.066980,0.002214,8.534,8.698,8.712,0.000000
557.509827,-20.129,25.246016,0.002035,8.533,8.664,8.679,0.000000
559.439697,-19.357,23.775537,0.001862,8.533,8.631,8.646,0.000000
561.376282,-18.497,21.598354,0.001686,8.533,8.597,8.612,0.000000
563.319519,-17.869,17.751148,0.001568,8.533,8.563,8.578,0.000000
565.269287,-17.359,13.105699,0.001479,8.533,8.529,8.544,0.000000
567.226318,-16.912,7.970069,0.001405,8.533,8.495,8.510,0.000000
569.189514,-16.680,2.255684,0.001368,8.533,8.461,8.476,0.000000
571.160156,-16.508,-3.953545,0.001341,8.533,8.427,8.442,0.000000
573.136963,-16.441,-10.229616,0.001331,8.533,8.392,8.408,0.000000
575.121216,-16.565,-16.135899,0.001350,8.533,8.358,8.373,0.000000
577.111816,-16.844,-22.195395,0.001394,8.533,8.323,8.338,0.000000
579.109863,-17.245,-27.385839,0.001460,8.533,8.288,8.304,0.000000
581.114197,-17.897,-31.617716,0.001573,8.533,8.254,8.269,0.000000
583.125793,-18.567,-32.520435,0.001700,8.533,8.219,8.234,0.000000
585.144348,-19.182,-31.284246,0.001825,8.533,8.183,8.199,0.000000
587.169922,-19.734,-29.583622,0.001944,8.533,8.148,8.164,0.000000
589.202454,-20.068,-27.612431,0.002020,8.533,8.113,8.128,0.000000
591.241760,-20.243,-24.758358,0.002061,8.533,8.077,8.093,0.000000
593.288696,-20.186,-21.911356,0.002048,8.533,8.042,8.057,0.000000
595.342468,-19.961,-18.682222,0.001996,8.533,8.006,8.022,0.000000
597.403320,-19.462,-16.337265,0.001884,8.533,7.970,7.986,0.000000
599.471008,-18.811,-15.361120,0.001748,8.533,7.934,7.950,0.000000
601.546448,-18.224,-16.887295,0.001634,8.533,7.898,7.914,0.000000
603.628479,-17.640,-19.633814,0.001528,8.532,7.862,7.878,0.000000
605.718262,-17.168,-22.329300,0.001447,8.532,7.826,7.841,0.000000
607.814758,-16.766,-25.868990,0.001381,8.532,7.789,7.805,0.000000
609.918762,-16.570,-29.885065,0.001351,8.532,7.753,7.768,0.000000
612.030090,-16.404,-34.343575,0.001325,8.532,7.716,7.732,0.000000
614.148682,-16.329,-38.630039,0.001314,8.532,7.679,7.695,0.000000
616.274658,-16.325,-42.861897,0.001314,8.532,7.642,7.658,0.000000
618.407654,-16.387,-47.089005,0.001323,8.532,7.605,7.621,0.000000
620.548645,-16.559,-51.189060,0.001350,8.532,7.568,7.584,0.000000
622.696716,-16.826,-55.135311,0.001392,8.532,7.530,7.546,0.000000
624.852295,-17.125,-58.513035,0.001441,8.532,7.493,7.509,0.000000
627.015259,-17.513,-60.651878,0.001507,8.532,7.455,7.471,0.000000
629.185730,-17.829,-61.714813,0.001563,8.532,7.418,7.434,0.000000
631.363464,-18.037,-62.353008,0.001601,8.532,7.380,7.396,0.000000
633.549316,-18.246,-62.856026,0.001640,8.532,7.342,7.358,0.000000
635.742126,-18.496,-63.879829,0.001688,8.532,7.304,7.320,0.000000
637.942810,-18.651,-64.441978,0.001718,8.532,7.265,7.281,0.000000
640.151123,-18.772,-64.592018,0.001742,8.532,7.227,7.243,0.000000
642.367065,-18.758,-64.315315,0.001740,8.532,7.188,7.204,0.000000
644.590698,-18.638,-64.859489,0.001716,8.532,7.150,7.166,0.000000
646.822327,-18.488,-66.082695,0.001686,8.532,7.111,7.127,0.000000
649.061096,-18.359,-68.030365,0.001661,8.531,7.072,7.088,0.000000
651.307861,-18.198,-70.047981,0.001631,8.531,7.033,7.049,0.000000
653.562439,-17.964,-72.582115,0.001588,8.531,6.994,7.010,0.000000
655.824829,-17.652,-75.251663,0.001532,8.531,6.954,6.971,0.000000
658.095032,-17.396,-79.525673,0.001487,8.531,6.915,6.931,0.000000
660.372803,-17.321,-84.711548,0.001474,8.531,6.875,6.892,0.000000
662.659058,-17.343,-90.605072,0.001478,8.531,6.835,6.852,0.000000
664.952637,-17.484,-96.558281,0.001502,8.531,6.795,6.812,0.000000
667.254761,-17.779,-102.818832,0.001554,8.531,6.755,6.772,0.000000
669.564209,-18.121,-109.305794,0.001616,8.531,6.715,6.732,0.000000
671.882019,-18.737,-115.490669,0.001735,8.531,6.675,6.692,0.000000
674.207764,-19.421,-120.681145,0.001877,8.531,6.635,6.651,0.000000
676.541992,-20.270,-126.147087,0.002069,8.531,6.594,6.611,0.000000
678.883545,-21.238,-130.391388,0.002313,8.531,6.553,6.570,0.000000
681.233582,-22.334,-134.591827,0.002624,8.531,6.512,6.529,0.000000
683.591797,-23.494,-137.656555,0.002998,8.531,6.471,6.488,0.000000
685.958130,-24.704,-139.999512,0.003445,8.531,6.430,6.447,0.000000
688.332642,-26.032,-140.008591,0.004014,8.531,6.389,6.406,0.000000
690.715027,-27.461,-135.620346,0.004731,8.531,6.347,6.364,0.000000
693.106384,-28.596,-129.005722,0.005390,8.531,6.306,6.323,0.000000
695.505310,-29.689,-117.467583,0.006112,8.530,6.264,6.281,0.000000
697.913208,-30.107,-101.834244,0.006412,8.530,6.222,6.239,0.000000
700.328796,-30.162,-85.870056,0.006451,8.530,6.180,6.197,0.000000
702.753052,-29.681,-73.546524,0.006103,8.530,6.138,6.155,0.000000
705.185730,-28.953,-67.005440,0.005612,8.530,6.096,6.113,0.000000
707.627136,-27.881,-64.610298,0.004959,8.530,6.053,6.070,0.000000
710.076355,-27.179,-65.553215,0.004573,8.530,6.011,6.028,0.000000
712.534363,-26.462,-68.514053,0.004210,8.530,5.968,5.985,0.000000
715.000854,-26.026,-72.951996,0.004003,8.530,5.925,5.942,0.000000
717.475891,-25.950,-78.775467,0.003968,8.530,5.882,5.899,0.000000
719.959534,-25.999,-85.494400,0.003989,8.530,5.839,5.856,0.000000
722.451416,-26.333,-90.373779,0.004145,8.530,5.796,5.813,0.000000
724.952637,-26.908,-94.768341,0.004428,8.530,5.752,5.769,0.000000
727.461792,-27.492,-96.633957,0.004735,8.530,5.708,5.726,0.000000
729.980347,-28.047,-95.527000,0.005047,8.530,5.665,5.682,0.000000
732.506897,-28.535,-94.912598,0.005338,8.530,5.621,5.638,0.000000
735.042908,-29.109,-94.947365,0.005702,8.530,5.577,5.594,0.000000
737.586975,-29.506,-95.973228,0.005967,8.530,5.532,5.550,0.000000
740.140564,-30.152,-96.648788,0.006426,8.529,5.488,5.505,0.000000
742.702332,-30.690,-91.704155,0.006836,8.529,5.443,5.461,0.000000
745.273254,-30.763,-85.523689,0.006892,8.529,5.399,5.416,0.000000
747.853088,-30.870,-79.031113,0.006977,8.529,5.354,5.371,0.000000
750.441895,-30.901,-76.723175,0.007001,8.529,5.309,5.326,0.000000
753.039612,-31.017,-71.654778,0.007093,8.529,5.264,5.281,0.000000
755.646362,-30.824,-66.009109,0.006936,8.529,5.218,5.236,0.000000
758.262146,-30.705,-60.594009,0.006841,8.529,5.173,5.191,0.000000
760.886597,-29.878,-54.899609,0.006218,8.529,5.127,5.145,0.000000
763.520813,-28.906,-53.043243,0.005559,8.529,5.081,5.099,0.000000
766.163818,-28.008,-52.757381,0.005012,8.529,5.035,5.053,0.000000
768.816040,-27.285,-55.959442,0.004611,8.529,4.989,5.007,0.000000
771.476990,-26.555,-57.080128,0.004239,8.529,4.943,4.961,0.000000
774.147888,-25.913,-60.106121,0.003937,8.529,4.896,4.914,0.000000
776.827332,-25.556,-66.034248,0.003778,8.529,4.850,4.868,0.000000
779.516785,-25.426,-71.655235,0.003722,8.529,4.803,4.821,0.000000
782.214844,-25.634,-76.084198,0.003813,8.529,4.756,4.774,0.000000
784.922546,-25.709,-80.538544,0.003846,8.529,4.709,4.727,0.000000
787.639648,-25.555,-84.721481,0.003778,8.528,4.662,4.680,0.000000
790.366150,-25.454,-89.057396,0.003735,8.528,4.614,4.633,0.000000
793.102112,-25.267,-94.087265,0.003655,8.528,4.567,4.585,0.000000
795.847107,-25.253,-100.352661,0.003649,8.528,4.519,4.537,0.000000
798.602417,-25.258,-106.252350,0.003651,8.528,4.471,4.490,0.000000
801.366882,-25.375,-115.407654,0.003701,8.528,4.423,4.441,0.000000
804.140930,-25.711,-124.779213,0.003847,8.528,4.375,4.393,0.000000
806.924133,-26.081,-132.910095,0.004014,8.528,4.326,4.345,0.000000
809.717773,-26.742,-138.385788,0.004331,8.528,4.278,4.296,0.000000
812.520325,-27.310,-143.640564,0.004624,8.528,4.229,4.248,0.000000
815.333374,-27.984,-148.982269,0.004997,8.528,4.180,4.199,0.000000
818.155334,-28.796,-154.787064,0.005487,8.528,4.131,4.150,0.000000
820.987488,-29.129,-161.728531,0.005702,8.528,4.082,4.101,0.000000
823.829407,-29.077,-166.296936,0.005668,8.528,4.032,4.051,0.000000
826.681213,-28.428,-172.273407,0.005259,8.528,3.983,4.002,0.000000
829.542847,-27.493,177.023193,0.004723,8.528,3.933,3.952,0.000000
832.414429,-26.836,160.806427,0.004378,8.527,3.883,3.902,0.000000
835.295898,-26.587,141.037674,0.004255,8.527,3.833,3.852,0.000000
838.187378,-26.359,120.140877,0.004145,8.527,3.783,3.802,0.000000
841.088867,-26.232,99.124985,0.004084,8.527,3.732,3.751,0.000000
844.000000,-26.210,78.324753,0.004074,8.527,3.682,3.701,0.000000
846.921997,-26.225,57.661167,0.004081,8.527,3.631,3.650,0.000000
849.853333,-26.422,38.794094,0.004175,8.527,3.580,3.599,0.000000
852.795593,-27.056,20.792744,0.004491,8.527,3.529,3.548,0.000000
855.747253,-27.875,5.354931,0.004935,8.527,3.477,3.497,0.000000
858.709534,-28.729,-5.356739,0.005445,8.527,3.426,3.445,0.000000
861.682068,-29.371,-12.820085,0.005863,8.527,3.374,3.393,0.000000
864.664856,-30.029,-18.568556,0.006324,8.527,3.322,3.342,0.000000
867.657959,-30.886,-22.020857,0.006981,8.527,3.270,3.290,0.000000
870.661499,-31.791,-23.089596,0.007749,8.527,3.218,3.237,0.000000
873.675354,-32.670,-18.870762,0.008576,8.527,3.165,3.185,0.000000
876.699707,-32.656,-10.523574,0.008564,8.527,3.113,3.132,0.000000
879.734497,-32.183,-5.000936,0.008111,8.526,3.060,3.080,0.000000
882.779419,-31.497,-1.314896,0.007497,8.526,3.007,3.027,0.000000
885.835632,-30.660,-1.186104,0.006808,8.526,2.954,2.974,0.000000
888.901672,-29.974,1.040583,0.006291,8.526,2.901,2.920,0.000000
891.979126,-29.087,-1.590124,0.005680,8.526,2.847,2.867,0.000000
895.066406,-28.306,-7.324828,0.005192,8.526,2.793,2.813,0.000000
898.164734,-27.710,-15.256351,0.004848,8.526,2.740,2.759,0.000000
901.273865,-27.502,-25.577803,0.004733,8.526,2.686,2.705,0.000000
904.393738,-27.582,-36.735512,0.004777,8.526,2.631,2.651,0.000000
907.524414,-28.004,-47.805611,0.005014,8.526,2.577,2.597,0.000000
910.665894,-28.554,-52.992023,0.005342,8.526,2.522,2.542,0.000000
913.818298,-28.827,-50.583721,0.005513,8.526,2.467,2.487,0.000000
916.981567,-29.055,-43.317616,0.005660,8.526,2.412,2.432,0.000000
920.155823,-29.565,-34.342045,0.006001,8.526,2.357,2.377,0.000000
923.341003,-29.936,-16.675396,0.006264,8.525,2.302,2.322,0.000000
926.537292,-30.103,3.655016,0.006385,8.525,2.246,2.266,0.000000
929.744141,-29.812,14.796448,0.006176,8.525,2.190,2.211,0.000000
932.963013,-29.138,18.169071,0.005716,8.525,2.134,2.155,0.000000
936.192139,-28.183,11.739279,0.005122,8.525,2.078,2.099,0.000000
939.432861,-27.337,3.710824,0.004647,8.525,2.022,2.042,0.000000
942.684814,-26.678,-2.540542,0.004308,8.525,1.965,1.986,0.000000
945.948486,-26.077,-6.841331,0.004021,8.525,1.909,1.929,0.000000
949.222534,-25.425,-12.487467,0.003731,8.525,1.852,1.872,0.000000
952.508850,-24.987,-21.268019,0.003547,8.525,1.794,1.815,0.000000
955.805603,-24.965,-31.541878,0.003538,8.525,1.737,1.758,0.000000
959.114258,-25.437,-40.761585,0.003736,8.525,1.680,1.700,0.000000
962.434326,-26.017,-46.433010,0.003994,8.525,1.622,1.643,0.000000
965.765930,-26.806,-48.718655,0.004374,8.525,1.564,1.585,0.000000
969.109009,-27.827,-47.847736,0.004919,8.524,1.506,1.527,0.000000
972.463257,-29.071,-45.615543,0.005676,8.524,1.447,1.468,0.000000
975.830017,-30.042,-38.596867,0.006348,8.524,1.389,1.410,0.000000
979.207458,-30.788,-29.330856,0.006917,8.524,1.330,1.351,0.000000
982.597595,-30.326,-19.626635,0.006559,8.524,1.271,1.292,0.000000
985.998474,-28.976,-12.781980,0.005615,8.524,1.212,1.233,0.000000
989.412109,-27.432,-11.451327,0.004700,8.524,1.153,1.174,0.000000
992.836609,-26.269,-14.260349,0.004111,8.524,1.093,1.114,0.000000
996.273926,-25.252,-20.942673,0.003657,8.524,1.033,1.055,0.000000
999.722168,-24.369,-29.342224,0.003303,8.524,0.973,0.995,0.000000
1003.182800,-23.931,-42.595814,0.003141,8.524,0.941,0.962,0.000000
1006.655457,-24.050,-57.658863,0.003184,8.524,0.910,0.932,0.000000
1010.140076,-24.650,-67.605270,0.003412,8.524,0.879,0.901,0.000000
1013.636780,-25.503,-68.538223,0.003764,8.524,0.849,0.871,0.000000
1017.145142,-26.509,-65.053154,0.004227,8.524,0.818,0.840,0.000000
1020.666565,-27.054,-60.651829,0.004501,8.524,0.787,0.810,0.000000
1024.199219,-27.391,-55.975853,0.004680,8.524,0.756,0.779,0.000000
1027.745117,-27.451,-51.644623,0.004714,8.524,0.725,0.748,0.000000
1031.302246,-27.448,-46.698315,0.004713,8.524,0.694,0.717,0.000000
1034.872803,-27.065,-43.947998,0.004510,8.524,0.662,0.686,0.000000
1038.454590,-26.267,-45.494339,0.004115,8.524,0.631,0.654,0.000000
1042.049805,-25.386,-58.259956,0.003718,8.524,0.599,0.623,0.000000
1045.656494,-24.835,-73.083267,0.003490,8.524,0.568,0.592,0.000000
1049.276123,-24.610,-88.485283,0.003400,8.524,0.536,0.560,0.000000
1052.908325,-24.709,-104.432159,0.003439,8.524,0.504,0.528,0.000000
1056.553101,-25.076,-120.179588,0.003588,8.524,0.472,0.497,0.000000
1060.210571,-25.270,-136.124146,0.003669,8.524,0.440,0.465,0.000000
1063.880005,-25.309,-152.713776,0.003685,8.524,0.408,0.433,0.000000
1067.563354,-25.154,-171.036560,0.003620,8.524,0.375,0.401,0.000000
1071.258301,-25.054,169.255798,0.003579,8.524,0.343,0.368,0.000000
1074.967041,-25.144,148.867966,0.003616,8.524,0.310,0.336,0.000000
1078.688232,-25.381,129.563858,0.003716,8.523,0.278,0.304,0.000000
1082.422241,-25.328,112.915222,0.003693,8.523,0.245,0.271,0.000000
1086.168579,-24.947,98.139877,0.003535,8.523,0.212,0.238,0.000000
1089.929077,-24.308,84.158028,0.003284,8.523,0.179,0.206,0.000000
1093.701416,-23.816,70.810310,0.003103,8.523,0.146,0.173,0.000000
1097.487427,-23.570,58.031364,0.003017,8.523,0.112,0.140,0.000000
1101.286499,-23.422,45.740505,0.002966,8.523,0.079,0.107,0.000000
1105.098755,-23.414,33.824894,0.002963,8.523,0.046,0.073,0.000000
1108.924194,-23.516,23.462601,0.002998,8.523,0.012,0.040,0.000000
1112.762817,-23.532,14.352278,0.003004,8.523,-0.022,0.006,0.000000
1116.614746,-23.702,6.617779,0.003063,8.523,-0.055,-0.027,0.000000
1120.480103,-23.946,0.047984,0.003150,8.523,-0.089,-0.061,0.000000
1124.358765,-24.396,-4.733416,0.003318,8.523,-0.123,-0.095,0.000000
1128.250854,-24.546,-9.197723,0.003375,8.523,-0.158,-0.129,0.000000
1132.156372,-24.713,-13.673340,0.003441,8.523,-0.192,-0.163,0.000000
1136.075562,-25.056,-16.555319,0.003579,8.523,-0.226,-0.197,0.000000
1140.007568,-25.092,-18.330278,0.003595,8.523,-0.261,-0.231,0.000000
1143.953857,-24.828,-21.977238,0.003486,8.523,-0.296,-0.266,0.000000
1147.913818,-24.633,-26.461018,0.003408,8.523,-0.330,-0.300,0.000000
1151.887451,-24.456,-32.826462,0.003339,8.523,-0.365,-0.335,0.000000
1155.874878,-24.547,-40.521461,0.003373,8.523,-0.400,-0.370,0.000000
1159.876099,-25.182,-48.283207,0.003629,8.523,-0.435,-0.404,0.000000
1163.891113,-26.127,-51.176983,0.004045,8.523,-0.471,-0.439,0.000000
1167.920044,-26.624,-50.088596,0.004283,8.523,-0.506,-0.475,0.000000
1171.962891,-26.789,-50.662167,0.004365,8.523,-0.542,-0.510,0.000000
1176.019775,-27.045,-52.853737,0.004495,8.523,-0.577,-0.545,0.000000
1180.090698,-27.346,-55.593254,0.004654,8.523,-0.613,-0.581,0.000000
1184.175781,-27.809,-57.850021,0.004909,8.523,-0.649,-0.616,0.000000
1188.274902,-28.304,-58.967804,0.005197,8.523,-0.685,-0.652,0.000000
1192.388306,-28.588,-60.160908,0.005369,8.523,-0.721,-0.688,0.000000
1196.515259,-28.681,-63.035690,0.005427,8.523,-0.757,-0.724,0.000000
1200.657227,-28.987,-65.863770,0.005620,8.523,-0.793,-0.760,0.000000
1204.813965,-29.621,-65.530357,0.006045,8.523,-0.830,-0.796,0.000000
1208.984009,-30.050,-63.280987,0.006350,8.523,-0.867,-0.833,0.000000
1213.169067,-30.436,-61.811272,0.006637,8.523,-0.903,-0.869,0.000000
1217.368530,-31.094,-62.767666,0.007158,8.523,-0.940,-0.906,0.000000
1221.582642,-32.009,-60.109764,0.007952,8.523,-0.977,-0.943,0.000000
1225.811279,-32.679,-53.995975,0.008590,8.523,-1.014,-0.979,0.000000
1230.054565,-32.681,-47.276817,0.008592,8.523,-1.052,-1.016,0.000000
1234.311890,-32.291,-44.416195,0.008214,8.523,-1.089,-1.054,0.000000
1238.585205,-31.747,-52.840401,0.007715,8.523,-1.127,-1.091,0.000000
1242.872803,-31.545,-63.626556,0.007539,8.523,-1.164,-1.128,0.000000
1247.175049,-31.655,-66.430779,0.007634,8.523,-1.202,-1.166,0.000000
1251.492310,-31.502,-52.301044,0.007501,8.523,-1.240,-1.203,0.000000
1255.823975,-31.330,-39.099640,0.007353,8.523,-1.278,-1.241,0.000000
1260.171753,-31.296,-28.629141,0.007323,8.523,-1.316,-1.279,0.000000
1264.533325,-31.275,-11.611054,0.007304,8.523,-1.354,-1.317,0.000000
1268.911255,-30.951,5.493735,0.007035,8.523,-1.393,-1.355,0.000000
1273.303101,-30.575,15.541848,0.006736,8.523,-1.431,-1.394,0.000000
1277.710815,-30.401,16.103874,0.006601,8.523,-1.470,-1.432,0.000000
1282.133789,-30.196,6.152008,0.006446,8.523,-1.509,-1.471,0.000000
1286.572021,-30.326,-2.779721,0.006542,8.523,-1.548,-1.509,0.000000
1291.025024,-30.354,-3.541445,0.006562,8.523,-1.587,-1.548,0.000000
1295.494751,-29.867,-4.619362,0.006203,8.523,-1.626,-1.587,0.000000
1299.979248,-29.391,-8.830007,0.005871,8.523,-1.666,-1.626,0.000000
1304.479248,-29.502,-14.387424,0.005945,8.523,-1.705,-1.665,0.000000
1308.994873,-29.753,-17.338097,0.006119,8.523,-1.745,-1.705,0.000000
1313.525513,-30.029,-18.041559,0.006316,8.523,-1.785,-1.744,0.000000
1318.072998,-30.101,-17.115356,0.006369,8.523,-1.825,-1.784,0.000000
1322.635010,-29.870,-14.025794,0.006202,8.523,-1.865,-1.824,0.000000
1327.214111,-29.188,-12.663020,0.005733,8.522,-1.905,-1.864,0.000000
1331.807739,-28.559,-15.015694,0.005333,8.522,-1.945,-1.904,0.000000
1336.417969,-28.217,-18.485754,0.005127,8.522,-1.986,-1.944,0.000000
1341.044189,-28.045,-20.749571,0.005026,8.522,-2.026,-1.984,0.000000
1345.686401,-27.797,-21.940645,0.004884,8.522,-2.067,-2.025,0.000000
1350.344604,-27.413,-23.637247,0.004672,8.522,-2.108,-2.065,0.000000
1355.018921,-27.018,-28.490412,0.004463,8.522,-2.149,-2.106,0.000000
1359.709595,-26.819,-34.671043,0.004362,8.522,-2.190,-2.147,0.000000
1364.416382,-26.877,-41.581486,0.004390,8.522,-2.231,-2.188,0.000000
1369.139404,-26.949,-47.987984,0.004426,8.522,-2.273,-2.229,0.000000
1373.878174,-27.219,-54.150990,0.004565,8.522,-2.315,-2.271,0.000000
1378.634644,-27.517,-59.908211,0.004724,8.522,-2.356,-2.312,0.000000
1383.406372,-27.867,-65.009705,0.004917,8.522,-2.398,-2.354,0.000000
1388.195801,-28.300,-70.422539,0.005167,8.522,-2.440,-2.396,0.000000
1393.000610,-28.650,-76.072975,0.005379,8.522,-2.483,-2.437,0.000000
1397.822632,-28.945,-83.068428,0.005564,8.522,-2.525,-2.479,0.000000
1402.661377,-29.310,-92.954849,0.005801,8.522,-2.567,-2.522,0.000000
1407.516846,-30.277,-102.933266,0.006483,8.522,-2.610,-2.564,0.000000
1412.389771,-31.433,-113.662964,0.007406,8.522,-2.653,-2.606,0.000000
1417.278198,-32.170,-124.490906,0.008060,8.522,-2.696,-2.649,0.000000
1422.184326,-32.038,-140.454590,0.007937,8.522,-2.739,-2.692,0.000000
1427.107300,-31.529,-165.737473,0.007484,8.522,-2.782,-2.735,0.000000
1432.047485,-31.393,161.325623,0.007366,8.522,-2.825,-2.778,0.000000
1437.004639,-31.297,113.042816,0.007284,8.522,-2.869,-2.821,0.000000
1441.979004,-30.954,71.257645,0.007002,8.522,-2.913,-2.865,0.000000
1446.969849,-29.681,43.434891,0.006047,8.522,-2.956,-2.908,0.000000
1451.979492,-28.680,23.235712,0.005389,8.522,-3.000,-2.952,0.000000
1457.005005,-28.113,3.984174,0.005049,8.522,-3.045,-2.996,0.000000
1462.048584,-27.739,-15.041835,0.004836,8.522,-3.089,-3.040,0.000000
1467.109619,-27.630,-35.044899,0.004776,8.522,-3.133,-3.084,0.000000
1472.188110,-27.735,-53.190777,0.004834,8.522,-3.178,-3.128,0.000000
1477.285034,-27.818,-65.817078,0.004880,8.522,-3.223,-3.172,0.000000
1482.398071,-28.157,-68.102104,0.005075,8.522,-3.268,-3.217,0.000000
1487.529541,-29.170,-68.125290,0.005702,8.522,-3.313,-3.262,0.000000
1492.678833,-30.450,-48.285088,0.006608,8.522,-3.358,-3.307,0.000000
1497.845947,-31.123,52.233292,0.007139,8.522,-3.403,-3.352,0.000000
1503.030884,-31.089,56.429928,0.007112,8.522,-3.449,-3.397,0.000000
1508.233765,-31.269,47.652092,0.007260,8.522,-3.494,-3.442,0.000000
1513.453979,-31.622,33.546890,0.007560,8.522,-3.540,-3.488,0.000000
1518.693726,-31.991,16.598606,0.007886,8.522,-3.586,-3.534,0.000000
1523.950195,-32.438,1.659829,0.008302,8.522,-3.632,-3.579,0.000000
1529.226196,-32.688,-6.212982,0.008542,8.522,-3.679,-3.625,0.000000
1534.519775,-32.571,-5.985975,0.008426,8.522,-3.725,-3.672,0.000000
1539.831055,-32.575,-15.476163,0.008429,8.522,-3.772,-3.718,0.000000
1545.161987,-33.256,-25.843340,0.009116,8.522,-3.819,-3.764,0.000000
1550.510010,-34.173,-34.614159,0.010131,8.522,-3.866,-3.811,0.000000
1555.877319,-34.405,-45.342430,0.010406,8.522,-3.913,-3.858,0.000000
1561.263184,-34.449,-51.405277,0.010458,8.522,-3.960,-3.905,0.000000
1566.667725,-34.166,-16.425249,0.010124,8.522,-4.008,-3.952,0.000000
1572.090820,-32.974,86.176483,0.008825,8.521,-4.055,-3.999,0.000000
1577.532837,-31.829,86.295120,0.007735,8.521,-4.103,-4.047,0.000000
1582.992920,-30.746,92.254021,0.006829,8.521,-4.151,-4.094,0.000000
1588.473389,-29.520,87.886826,0.005930,8.521,-4.199,-4.142,0.000000
1593.971313,-28.098,81.924492,0.005034,8.521,-4.247,-4.190,0.000000
1599.489746,-27.362,67.078453,0.004625,8.521,-4.296,-4.238,0.000000
1605.026611,-27.386,48.647034,0.004638,8.521,-4.344,-4.286,0.000000
1610.581787,-27.613,35.968594,0.004761,8.521,-4.393,-4.335,0.000000
1616.157837,-27.940,29.392820,0.004943,8.521,-4.442,-4.383,0.000000
1621.751587,-27.996,23.878513,0.004975,8.521,-4.491,-4.432,0.000000
1627.366211,-28.330,17.066044,0.005170,8.521,-4.541,-4.481,0.000000
1632.998779,-28.707,11.981744,0.005400,8.521,-4.590,-4.530,0.000000
1638.651611,-29.708,8.627071,0.006059,8.521,-4.640,-4.580,0.000000
1644.323975,-30.595,9.652170,0.006711,8.521,-4.689,-4.629,0.000000
1650.015991,-30.706,10.716013,0.006797,8.521,-4.739,-4.679,0.000000
1655.726929,-30.771,12.093062,0.006848,8.521,-4.790,-4.729,0.000000
1661.459229,-30.345,13.263959,0.006521,8.521,-4.840,-4.779,0.000000
1667.209717,-30.490,12.634908,0.006630,8.521,-4.890,-4.829,0.000000
1672.981812,-30.581,15.551600,0.006700,8.521,-4.941,-4.879,0.000000
1678.772949,-30.098,18.287458,0.006338,8.521,-4.992,-4.930,0.000000
1684.583496,-29.520,19.052570,0.005929,8.521,-5.043,-4.980,0.000000
1690.415649,-28.873,18.186281,0.005504,8.521,-5.094,-5.031,0.000000
1696.266357,-28.647,18.104597,0.005362,8.521,-5.146,-5.082,0.000000
1702.139038,-27.963,21.618761,0.004956,8.521,-5.197,-5.133,0.000000
1708.030396,-27.259,16.273769,0.004571,8.521,-5.249,-5.185,0.000000
1713.942871,-26.825,11.953139,0.004348,8.521,-5.301,-5.236,0.000000
1719.875977,-26.152,5.283431,0.004024,8.521,-5.353,-5.288,0.000000
1725.829468,-26.061,-1.932657,0.003982,8.521,-5.405,-5.340,0.000000
1731.802856,-25.945,-7.648948,0.003929,8.521,-5.458,-5.392,0.000000
1737.798462,-25.909,-15.062100,0.003913,8.521,-5.510,-5.444,0.000000
1743.814087,-26.158,-23.492783,0.004027,8.521,-5.563,-5.497,0.000000
1749.850464,-26.720,-29.836048,0.004295,8.521,-5.616,-5.549,0.000000
1755.907837,-27.581,-32.855278,0.004743,8.521,-5.669,-5.602,0.000000
1761.985229,-28.321,-33.144901,0.005165,8.521,-5.723,-5.655,0.000000
1768.085449,-29.587,-31.538887,0.005975,8.521,-5.776,-5.708,0.000000
1774.204956,-30.683,-23.286865,0.006779,8.521,-5.830,-5.762,0.000000
1780.347412,-30.557,-9.468073,0.006681,8.521,-5.884,-5.815,0.000000
1786.509521,-29.882,2.346942,0.006182,8.521,-5.938,-5.869,0.000000
1792.693726,-28.806,7.635673,0.005462,8.521,-5.992,-5.923,0.000000
1798.899292,-27.530,3.616159,0.004716,8.521,-6.047,-5.977,0.000000
1805.126465,-27.088,-5.976689,0.004482,8.521,-6.101,-6.031,0.000000
1811.375122,-26.968,-15.429551,0.004420,8.521,-6.156,-6.086,0.000000
1817.645386,-27.025,-22.350027,0.004449,8.520,-6.211,-6.141,0.000000
1823.937378,-26.994,-43.124180,0.004434,8.520,-6.267,-6.195,0.000000
1830.251099,-27.649,-54.936493,0.004781,8.520,-6.322,-6.250,0.000000
1836.586792,-28.984,-57.942989,0.005575,8.520,-6.378,-6.306,0.000000
1842.943481,-30.918,-58.970425,0.006965,8.520,-6.434,-6.361,0.000000
1849.323853,-32.905,-39.471714,0.008756,8.520,-6.490,-6.417,0.000000
1855.724609,-32.552,36.777199,0.008407,8.520,-6.546,-6.473,0.000000
1862.149292,-31.366,37.113747,0.007336,8.520,-6.602,-6.529,0.000000
1868.594482,-30.385,24.283010,0.006554,8.520,-6.659,-6.585,0.000000
1875.062866,-29.656,20.819382,0.006027,8.520,-6.716,-6.641,0.000000
1881.553589,-28.889,16.462286,0.005519,8.520,-6.773,-6.698,0.000000
1888.066772,-28.394,21.434101,0.005214,8.520,-6.830,-6.755,0.000000
1894.603516,-27.964,45.830391,0.004963,8.520,-6.887,-6.812,0.000000
1901.161011,-27.040,53.377720,0.004462,8.520,-6.945,-6.869,0.000000
1907.742065,-26.713,52.912212,0.004297,8.520,-7.003,-6.926,0.000000
1914.345947,-26.896,66.616486,0.004388,8.520,-7.061,-6.984,0.000000
1920.972656,-26.029,79.130653,0.003972,8.520,-7.119,-7.042,0.000000
1927.622314,-24.862,78.058609,0.003472,8.520,-7.177,-7.100,0.000000
1934.295044,-24.234,66.350128,0.003230,8.520,-7.236,-7.158,0.000000
1940.989868,-23.984,50.270092,0.003138,8.520,-7.295,-7.216,0.000000
1947.709717,-23.595,38.538754,0.003001,8.520,-7.354,-7.275,0.000000
1954.451050,-23.189,27.939278,0.002864,8.520,-7.413,-7.334,0.000000
1961.216675,-22.907,18.240498,0.002773,8.520,-7.472,-7.393,0.000000
1968.005615,-22.680,8.808760,0.002701,8.520,-7.532,-7.452,0.000000
1974.818115,-22.832,-1.583219,0.002749,8.520,-7.592,-7.511,0.000000
1981.655151,-23.441,-8.549979,0.002948,8.520,-7.652,-7.571,0.000000
1988.513916,-23.875,-15.816340,0.003100,8.520,-7.712,-7.631,0.000000
1995.397339,-24.487,-21.622032,0.003327,8.520,-7.772,-7.691,0.000000
2002.304688,-24.730,-19.562702,0.003421,8.520,-7.821,-7.739,0.000000
2009.235840,-24.955,-22.028212,0.003512,8.520,-7.846,-7.763,0.000000
2016.191040,-25.215,-25.378889,0.003619,8.520,-7.872,-7.787,0.000000
2023.170288,-25.368,-29.494553,0.003684,8.520,-7.897,-7.812,0.000000
2030.172852,-25.658,-34.966759,0.003810,8.520,-7.923,-7.836,0.000000
2037.201416,-26.162,-38.908150,0.004038,8.520,-7.948,-7.861,0.000000
2044.252441,-26.644,-42.314648,0.004268,8.520,-7.974,-7.886,0.000000
2051.329834,-26.990,-45.027073,0.004441,8.520,-8.000,-7.910,0.000000
2058.430908,-27.204,-55.056393,0.004552,8.520,-8.026,-7.935,0.000000
2065.555420,-28.029,-66.480865,0.005006,8.520,-8.052,-7.960,0.000000
2072.706543,-28.422,-64.458954,0.005237,8.520,-8.078,-7.985,0.000000
2079.880371,-28.577,-55.974274,0.005332,8.520,-8.104,-8.010,0.000000
2087.080078,-28.460,-47.855015,0.005261,8.520,-8.130,-8.035,0.000000
2094.304932,-28.251,-47.043480,0.005135,8.520,-8.156,-8.061,0.000000
2101.554443,-28.582,-52.115379,0.005335,8.520,-8.183,-8.086,0.000000
2108.829346,-29.266,-40.591026,0.005772,8.520,-8.209,-8.111,0.000000
2116.129150,-29.162,-25.334270,0.005703,8.520,-8.236,-8.137,0.000000
2123.453369,-28.990,-16.250311,0.005592,8.520,-8.262,-8.163,0.000000
2130.804932,-28.903,-21.179096,0.005536,8.520,-8.289,-8.188,0.000000
2138.180176,-29.021,-28.093988,0.005613,8.520,-8.316,-8.214,0.000000
2145.582520,-29.091,-33.781837,0.005659,8.520,-8.343,-8.240,0.000000
2153.009766,-28.910,-39.851013,0.005544,8.520,-8.370,-8.266,0.000000
2160.461670,-29.078,-45.469090,0.005653,8.520,-8.397,-8.292,0.000000
2167.941406,-28.826,-53.578991,0.005492,8.520,-8.425,-8.318,0.000000
2175.445068,-28.619,-72.442276,0.005364,8.520,-8.452,-8.344,0.000000
2182.976562,-28.256,-90.661812,0.005144,8.520,-8.479,-8.371,0.000000
2190.532227,-28.558,-104.903336,0.005326,8.520,-8.507,-8.397,0.000000
2198.114990,-29.142,-112.303299,0.005697,8.520,-8.534,-8.424,0.000000
2205.723877,-30.302,-126.803650,0.006510,8.520,-8.562,-8.450,0.000000
2213.359375,-31.590,-165.741394,0.007551,8.520,-8.590,-8.477,0.000000
2221.020020,-31.293,142.154846,0.007298,8.520,-8.618,-8.504,0.000000
2228.709473,-30.972,91.222458,0.007032,8.520,-8.646,-8.531,0.000000
2236.423340,-31.017,56.326172,0.007069,8.520,-8.674,-8.558,0.000000
2244.166016,-31.668,34.795258,0.007619,8.520,-8.702,-8.585,0.000000
2251.934570,-32.028,28.303093,0.007942,8.520,-8.731,-8.612,0.000000
2259.728760,-31.827,44.058212,0.007761,8.520,-8.759,-8.639,0.000000
2267.552002,-31.325,58.170849,0.007325,8.520,-8.787,-8.666,0.000000
2275.400391,-31.219,52.025982,0.007236,8.520,-8.816,-8.694,0.000000
2283.278076,-31.941,50.504223,0.007863,8.520,-8.845,-8.721,0.000000
2291.180908,-31.447,63.432220,0.007430,8.520,-8.874,-8.749,0.000000
2299.112061,-29.813,72.355515,0.006157,8.520,-8.902,-8.777,0.000000
2307.070557,-28.514,74.581009,0.005303,8.520,-8.931,-8.805,0.000000
2315.056885,-27.348,71.235130,0.004637,8.519,-8.961,-8.833,0.000000
2323.069580,-26.070,61.447174,0.004004,8.519,-8.990,-8.861,0.000000
2331.112305,-24.754,53.550594,0.003441,8.519,-9.019,-8.889,0.000000
2339.181641,-23.450,49.095188,0.002962,8.519,-9.048,-8.917,0.000000
2347.279053,-22.240,35.727886,0.002577,8.519,-9.078,-8.945,0.000000
2355.404297,-22.072,17.103218,0.002527,8.519,-9.107,-8.974,0.000000
2363.556885,-22.523,-2.325613,0.002662,8.519,-9.137,-9.002,0.000000
2371.739746,-22.978,-20.300478,0.002805,8.519,-9.167,-9.031,0.000000
2379.948486,-22.876,-23.205885,0.002772,8.519,-9.197,-9.059,0.000000
2388.188232,-22.949,-21.672401,0.002796,8.519,-9.227,-9.088,0.000000
2396.454102,-23.472,-19.122644,0.002969,8.519,-9.257,-9.117,0.000000
2404.749512,-23.895,-9.326609,0.003117,8.519,-9.287,-9.146,0.000000
2413.073975,-24.258,0.844970,0.003250,8.519,-9.318,-9.175,0.000000
2421.427002,-24.328,13.300132,0.003277,8.519,-9.348,-9.205,0.000000
2429.809082,-23.879,18.595890,0.003111,8.519,-9.379,-9.234,0.000000
2438.220215,-23.272,15.871855,0.002902,8.519,-9.409,-9.263,0.000000
2446.660400,-23.168,2.318146,0.002867,8.519,-9.440,-9.293,0.000000
2455.129883,-23.630,-13.755211,0.003023,8.519,-9.471,-9.322,0.000000
2463.628418,-24.464,-22.972849,0.003327,8.519,-9.502,-9.352,0.000000
2472.155518,-24.931,-22.347271,0.003510,8.519,-9.533,-9.382,0.000000
2480.714355,-25.454,-25.745880,0.003727,8.519,-9.564,-9.412,0.000000
2489.300293,-26.005,-28.780029,0.003971,8.519,-9.595,-9.442,0.000000
2497.918701,-26.595,-27.758854,0.004249,8.519,-9.627,-9.472,0.000000
2506.564209,-26.911,-25.396416,0.004407,8.519,-9.658,-9.502,0.000000
2515.240967,-26.823,-24.460197,0.004362,8.519,-9.690,-9.533,0.000000
2523.947754,-26.500,-22.097836,0.004202,8.519,-9.722,-9.563,0.000000
2532.684814,-25.567,-23.485239,0.003775,8.519,-9.753,-9.594,0.000000
2541.453125,-25.375,-37.657047,0.003692,8.519,-9.785,-9.624,0.000000
2550.249512,-26.126,-50.362293,0.004026,8.519,-9.817,-9.655,0.000000
2559.077393,-26.794,-55.216438,0.004347,8.519,-9.850,-9.686,0.000000
2567.936035,-27.181,-67.723030,0.004545,8.519,-9.882,-9.717,0.000000
2576.825195,-27.906,-73.147049,0.004939,8.519,-9.914,-9.748,0.000000
2585.745117,-28.818,-69.626091,0.005485,8.519,-9.947,-9.779,0.000000
2594.696045,-29.423,-60.139622,0.005880,8.519,-9.979,-9.810,0.000000
2603.676514,-29.697,-49.763157,0.006068,8.519,-10.012,-9.842,0.000000
2612.690918,-29.340,-42.828381,0.005822,8.519,-10.045,-9.873,0.000000
2621.733643,-28.857,-42.595032,0.005506,8.519,-10.078,-9.905,0.000000
2630.809082,-28.292,-46.944359,0.005159,8.519,-10.111,-9.937,0.000000
2639.916016,-28.249,-11.128499,0.005132,8.519,-10.144,-9.969,0.000000
2649.054443,-28.104,-11.952739,0.005047,8.519,-10.177,-10.001,0.000000
2658.225586,-28.396,-17.987337,0.005218,8.519,-10.211,-10.033,0.000000
2667.426025,-28.252,-20.172155,0.005131,8.519,-10.244,-10.065,0.000000
2676.659668,-28.408,-33.280266,0.005224,8.519,-10.278,-10.097,0.000000
2685.925293,-29.664,-26.305637,0.006035,8.519,-10.312,-10.129,0.000000
2695.222900,-29.431,-1.763755,0.005874,8.519,-10.346,-10.162,0.000000
2704.552734,-28.591,-5.973051,0.005332,8.519,-10.380,-10.195,0.000000
2713.914795,-28.194,-28.121643,0.005093,8.519,-10.414,-10.227,0.000000
2723.308105,-28.090,-54.876640,0.005031,8.519,-10.448,-10.260,0.000000
2732.736572,-27.838,-84.033417,0.004887,8.519,-10.482,-10.293,0.000000
2742.194824,-28.052,-108.265854,0.005007,8.519,-10.517,-10.326,0.000000
2751.688477,-28.994,-140.323547,0.005580,8.519,-10.551,-10.359,0.000000
2761.212646,-29.177,13.412538,0.005698,8.519,-10.586,-10.393,0.000000
2770.770752,-29.796,178.661575,0.006118,8.519,-10.621,-10.426,0.000000
2780.363525,-31.306,110.276497,0.007279,8.519,-10.656,-10.460,0.000000
2789.986816,-32.061,80.186272,0.007938,8.519,-10.691,-10.493,0.000000
2799.644531,-30.793,57.275719,0.006858,8.519,-10.726,-10.527,0.000000
2809.335938,-30.375,37.049519,0.006535,8.519,-10.761,-10.561,0.000000
2819.060791,-30.693,19.006390,0.006776,8.519,-10.797,-10.595,0.000000
2828.819336,-30.831,25.020304,0.006882,8.519,-10.832,-10.629,0.000000
2838.611572,-30.916,31.590368,0.006948,8.519,-10.868,-10.663,0.000000
2848.436279,-30.673,30.664564,0.006754,8.519,-10.904,-10.698,0.000000
2858.297852,-31.147,18.492325,0.007130,8.519,-10.940,-10.732,0.000000
2868.190918,-31.207,22.246214,0.007177,8.519,-10.976,-10.767,0.000000
2878.120850,-32.450,26.652039,0.008278,8.519,-11.012,-10.802,0.000000
2888.083740,-33.761,48.332733,0.009621,8.519,-11.048,-10.836,0.000000
2898.079834,-32.602,53.810673,0.008415,8.519,-11.085,-10.871,0.000000
2908.113281,-31.290,39.679665,0.007232,8.519,-11.121,-10.906,0.000000
2918.178711,-30.773,27.063110,0.006810,8.519,-11.158,-10.942,0.000000
2928.281738,-31.074,22.459286,0.007046,8.519,-11.195,-10.977,0.000000
2938.416748,-30.712,34.918304,0.006755,8.519,-11.232,-11.012,0.000000
2948.588379,-30.399,31.109711,0.006514,8.519,-11.269,-11.048,0.000000
2958.795410,-29.823,33.443153,0.006094,8.519,-11.306,-11.084,0.000000
2969.037598,-29.167,28.163113,0.005649,8.519,-11.343,-11.120,0.000000
2979.313965,-28.723,22.590967,0.005366,8.519,-11.381,-11.155,0.000000
2989.629883,-28.547,18.790350,0.005256,8.519,-11.418,-11.192,0.000000
2999.974609,-28.788,16.934299,0.005402,8.519,-11.456,-11.228,0.000000
3010.360840,-28.733,24.217329,0.005366,8.519,-11.494,-11.264,0.000000
3020.782959,-28.012,18.332348,0.004935,8.519,-11.532,-11.300,0.000000
3031.238281,-27.586,8.510475,0.004696,8.519,-11.570,-11.337,0.000000
3041.732666,-27.767,0.711463,0.004791,8.519,-11.608,-11.374,0.000000
3052.260498,-28.036,-5.200411,0.004938,8.519,-11.646,-11.411,0.000000
3062.827881,-28.313,-10.385648,0.005095,8.519,-11.685,-11.448,0.000000
3073.428711,-29.017,-12.800818,0.005521,8.519,-11.723,-11.485,0.000000
3084.066162,-29.361,-10.911493,0.005741,8.519,-11.762,-11.522,0.000000
3094.743652,-28.512,-12.699966,0.005204,8.519,-11.801,-11.559,0.000000
3105.457764,-28.501,-23.177546,0.005194,8.519,-11.840,-11.597,0.000000
3116.206299,-29.332,-23.102213,0.005713,8.519,-11.879,-11.634,0.000000
3126.991943,-29.076,-24.408976,0.005544,8.519,-11.919,-11.672,0.000000
3137.817871,-29.157,-28.865253,0.005593,8.519,-11.958,-11.710,0.000000
3148.681152,-29.281,-35.004807,0.005670,8.519,-11.998,-11.748,0.000000
3159.579346,-29.653,-43.415096,0.005914,8.519,-12.037,-11.786,0.000000
3170.515137,-30.278,-47.561321,0.006350,8.519,-12.077,-11.824,0.000000
3181.491699,-31.106,-53.536579,0.006978,8.519,-12.117,-11.862,0.000000
3192.503174,-31.844,-46.173962,0.007591,8.519,-12.157,-11.901,0.000000
3203.555908,-31.858,-44.366173,0.007597,8.519,-12.197,-11.940,0.000000
3214.644043,-32.276,-46.881180,0.007964,8.519,-12.238,-11.978,0.000000
3225.773438,-32.707,-49.287693,0.008362,8.519,-12.278,-12.017,0.000000
3236.938232,-33.051,-53.767879,0.008694,8.519,-12.319,-12.056,0.000000
3248.141602,-33.576,-52.443840,0.009229,8.519,-12.360,-12.096,0.000000
3259.386963,-33.764,-39.638298,0.009425,8.519,-12.401,-12.135,0.000000
3270.671387,-33.629,-29.055752,0.009274,8.519,-12.442,-12.174,0.000000
3281.991699,-33.337,-48.129932,0.008961,8.519,-12.483,-12.214,0.000000
3293.351074,-32.677,-63.786091,0.008299,8.519,-12.525,-12.254,0.000000
3304.752930,-32.619,-74.828186,0.008237,8.519,-12.566,-12.294,0.000000
3316.194336,-32.936,-135.764435,0.008537,8.519,-12.608,-12.334,0.000000
3327.672119,-32.135,91.454582,0.007777,8.519,-12.650,-12.374,0.000000
3339.189697,-31.555,59.147182,0.007269,8.519,-12.692,-12.414,0.000000
3350.750244,-30.880,43.513206,0.006720,8.519,-12.734,-12.454,0.000000
3362.347656,-30.410,67.161224,0.006361,8.519,-12.776,-12.495,0.000000
3373.985107,-30.492,68.787415,0.006415,8.519,-12.818,-12.536,0.000000
3385.666260,-30.824,65.835762,0.006659,8.519,-12.861,-12.576,0.000000
3397.387695,-30.632,58.264240,0.006508,8.519,-12.904,-12.617,0.000000
3409.146484,-29.458,48.896954,0.005681,8.519,-12.946,-12.659,0.000000
3420.946045,-29.569,34.368366,0.005749,8.519,-12.989,-12.700,0.000000
3432.789795,-29.456,30.164251,0.005669,8.519,-13.033,-12.741,0.000000
3444.674316,-29.704,26.074383,0.005829,8.519,-13.076,-12.783,0.000000
3456.596924,-29.537,24.089989,0.005713,8.519,-13.119,-12.825,0.000000
3468.560547,-30.027,18.969019,0.006039,8.519,-13.163,-12.866,0.000000
3480.569092,-29.627,21.277029,0.005763,8.519,-13.207,-12.908,0.000000
3492.615723,-29.453,12.106990,0.005643,8.519,-13.251,-12.950,0.000000
3504.707520,-30.398,2.440525,0.006286,8.519,-13.295,-12.993,0.000000
3516.837891,-31.077,4.498106,0.006792,8.519,-13.339,-13.035,0.000000
3529.013428,-31.146,-5.339413,0.006840,8.519,-13.383,-13.078,0.000000
3541.228027,-31.427,12.787692,0.007059,8.518,-13.428,-13.120,0.000000
3553.484619,-31.194,24.309494,0.006866,8.518,-13.472,-13.163,0.000000
3565.787109,-29.712,40.409397,0.005784,8.518,-13.517,-13.206,0.000000
3578.132080,-28.888,28.476215,0.005256,8.518,-13.562,-13.250,0.000000
3590.516602,-28.713,29.608232,0.005147,8.518,-13.607,-13.293,0.000000
3602.943848,-28.047,34.033409,0.004763,8.518,-13.653,-13.336,0.000000
3615.417480,-27.200,30.770382,0.004316,8.518,-13.698,-13.380,0.000000
3627.934570,-26.360,29.721468,0.003915,8.518,-13.744,-13.424,0.000000
3640.491211,-26.161,14.879610,0.003822,8.518,-13.789,-13.468,0.000000
3653.091553,-26.381,0.659266,0.003916,8.518,-13.835,-13.512,0.000000
3665.739014,-27.219,-5.526171,0.004308,8.518,-13.881,-13.556,0.000000
3678.426514,-28.207,-7.077262,0.004823,8.518,-13.928,-13.600,0.000000
3691.161621,-28.667,-9.859437,0.005080,8.518,-13.974,-13.645,0.000000
3703.937256,-29.014,-10.593248,0.005281,8.518,-14.020,-13.689,0.000000
3716.760498,-29.078,-15.723498,0.005316,8.518,-14.067,-13.734,0.000000
3729.628418,-29.798,-26.010059,0.005770,8.518,-14.114,-13.779,0.000000
3742.533447,-30.960,-18.965130,0.006590,8.518,-14.161,-13.824,0.000000
3755.490479,-30.380,7.325647,0.006159,8.518,-14.208,-13.870,0.000000
3768.492432,-29.563,6.696035,0.005601,8.518,-14.256,-13.915,0.000000
3781.535645,-28.865,2.810760,0.005164,8.518,-14.303,-13.961,0.000000
3794.624023,-28.376,-8.286474,0.004877,8.518,-14.351,-14.007,0.000000
3807.761475,-28.595,-29.850067,0.004998,8.518,-14.399,-14.053,0.000000
3820.940674,-29.332,-17.215006,0.005435,8.518,-14.447,-14.099,0.000000
3834.169189,-29.695,-1.843413,0.005663,8.518,-14.495,-14.145,0.000000
3847.439697,-29.938,-9.039582,0.005818,8.518,-14.543,-14.191,0.000000
3860.760010,-30.531,-27.647917,0.006224,8.518,-14.592,-14.238,0.000000
3874.126221,-31.479,-38.793869,0.006936,8.518,-14.640,-14.285,0.000000
3887.531494,-31.908,-33.960526,0.007281,8.518,-14.689,-14.332,0.000000
3900.990479,-32.389,28.605162,0.007689,8.518,-14.738,-14.379,0.000000
3914.496094,-32.462,40.781868,0.007747,8.518,-14.788,-14.426,0.000000
3928.048340,-32.828,21.884363,0.008073,8.518,-14.837,-14.473,0.000000
3941.640137,-33.589,36.844303,0.008805,8.518,-14.886,-14.521,0.000000
3955.286377,-33.463,55.210491,0.008671,8.518,-14.936,-14.568,0.000000
3968.979980,-32.728,47.212700,0.007960,8.518,-14.986,-14.616,0.000000
3982.717285,-32.675,45.210133,0.007905,8.518,-15.036,-14.664,0.000000
3996.501953,-32.211,43.356216,0.007487,8.518,-15.086,-14.713,0.000000
4010.338135,-31.552,42.831753,0.006934,8.518,-15.108,-14.732,0.000000
4024.218506,-30.550,42.740459,0.006173,8.518,-15.119,-14.743,0.000000
4038.150879,-29.491,43.803932,0.005460,8.518,-15.131,-14.753,0.000000
4052.127441,-28.288,36.251766,0.004750,8.518,-15.143,-14.763,0.000000
4066.156250,-27.973,25.320509,0.004576,8.518,-15.154,-14.774,0.000000
4080.233643,-27.529,16.214069,0.004344,8.518,-15.166,-14.784,0.000000
4094.352051,-27.396,9.757484,0.004274,8.518,-15.178,-14.795,0.000000
4108.526855,-27.483,7.731091,0.004312,8.518,-15.190,-14.805,0.000000
4122.750977,-27.816,0.476462,0.004476,8.518,-15.202,-14.816,0.000000
4137.020508,-28.489,-3.906336,0.004832,8.518,-15.214,-14.826,0.000000
4151.339355,-28.406,-13.419538,0.004781,8.518,-15.226,-14.837,0.000000
4165.711914,-29.695,-22.167320,0.005541,8.518,-15.238,-14.848,0.000000
4180.133789,-30.230,-29.385006,0.005887,8.518,-15.250,-14.858,0.000000
4194.601562,-31.234,-20.787100,0.006603,8.518,-15.262,-14.869,0.000000
4209.120117,-31.733,3.387734,0.006987,8.518,-15.274,-14.880,0.000000
4223.692383,-31.114,-0.063655,0.006501,8.518,-15.286,-14.890,0.000000
4238.314941,-31.149,-9.123708,0.006522,8.518,-15.299,-14.901,0.000000
4252.980469,-31.361,-15.594005,0.006677,8.518,-15.311,-14.912,0.000000
4267.704590,-32.603,-20.579742,0.007698,8.518,-15.323,-14.923,0.000000
4282.479980,-33.105,-13.453074,0.008148,8.518,-15.336,-14.934,0.000000
4297.306152,-32.762,-17.516169,0.007826,8.518,-15.348,-14.945,0.000000
4312.175781,-31.755,-14.111631,0.006964,8.518,-15.360,-14.956,0.000000
4327.104980,-30.578,-10.398914,0.006075,8.518,-15.373,-14.967,0.000000
4342.085449,-30.024,-20.338934,0.005695,8.518,-15.385,-14.978,0.000000
4357.114258,-29.960,-32.752087,0.005648,8.518,-15.398,-14.989,0.000000
4372.194824,-29.698,-37.282787,0.005475,8.518,-15.411,-15.000,0.000000
4387.331543,-29.158,-13.283845,0.005140,8.518,-15.423,-15.012,0.000000
4402.520996,-29.046,-20.324360,0.005068,8.518,-15.436,-15.023,0.000000
4417.758789,-29.014,6.523015,0.005045,8.518,-15.449,-15.034,0.000000
4433.049316,-29.608,-9.236773,0.005396,8.518,-15.462,-15.045,0.000000
4448.396973,-30.685,-19.531391,0.006102,8.518,-15.474,-15.057,0.000000
4463.797852,-31.937,-40.951172,0.007041,8.518,-15.487,-15.068,0.000000
4479.243164,-32.722,-54.043659,0.007699,8.518,-15.500,-15.080,0.000000
4494.750977,-33.446,0.787541,0.008360,8.518,-15.513,-15.091,0.000000
4510.312012,-33.785,-27.887674,0.008683,8.518,-15.526,-15.103,0.000000
4525.922852,-34.320,-66.049370,0.009225,8.518,-15.539,-15.114,0.000000
4541.587891,-32.730,-141.314148,0.007674,8.518,-15.552,-15.126,0.000000
4557.311035,-31.496,147.852875,0.006651,8.518,-15.566,-15.137,0.000000
4573.088867,-31.471,144.904449,0.006624,8.518,-15.579,-15.149,0.000000
4588.916992,-31.699,113.036736,0.006792,8.518,-15.592,-15.161,0.000000
4604.799805,-31.375,118.286728,0.006536,8.518,-15.605,-15.173,0.000000
4620.742188,-30.856,114.964203,0.006149,8.518,-15.619,-15.184,0.000000
4636.739746,-30.443,114.226868,0.005857,8.518,-15.632,-15.196,0.000000
4652.788086,-30.305,88.511101,0.005757,8.518,-15.646,-15.208,0.000000
4668.892090,-31.095,81.614586,0.006298,8.518,-15.659,-15.220,0.000000
4685.056152,-31.391,88.635475,0.006508,8.518,-15.673,-15.232,0.000000
4701.276367,-30.414,88.428200,0.005809,8.518,-15.686,-15.244,0.000000
4717.543457,-29.779,76.967583,0.005393,8.518,-15.700,-15.256,0.000000
4733.875977,-29.517,75.463120,0.005226,8.518,-15.713,-15.268,0.000000
4750.265137,-29.592,56.278522,0.005265,8.518,-15.727,-15.280,0.000000
4766.706543,-30.301,62.656261,0.005706,8.518,-15.741,-15.293,0.000000
4783.209473,-29.249,67.971939,0.005049,8.518,-15.755,-15.305,0.000000
4799.764648,-28.461,55.401684,0.004605,8.518,-15.769,-15.317,0.000000
4816.381836,-29.066,43.857941,0.004932,8.518,-15.782,-15.329,0.000000
4833.052246,-30.099,32.355659,0.005548,8.518,-15.796,-15.342,0.000000
4849.779785,-31.173,42.565456,0.006271,8.518,-15.810,-15.354,0.000000
4866.570312,-31.028,62.415871,0.006159,8.518,-15.824,-15.366,0.000000
4883.418945,-30.316,72.554314,0.005668,8.518,-15.839,-15.379,0.000000
4900.316406,-30.192,54.944931,0.005580,8.518,-15.853,-15.391,0.000000
4917.281738,-31.349,31.104950,0.006366,8.518,-15.867,-15.404,0.000000
4934.305664,-32.724,60.563271,0.007448,8.518,-15.881,-15.417,0.000000
4951.388672,-31.869,72.732697,0.006741,8.518,-15.895,-15.429,0.000000
4968.521484,-31.755,79.550919,0.006644,8.518,-15.910,-15.442,0.000000
4985.723145,-31.182,80.603592,0.006211,8.518,-15.924,-15.455,0.000000
5002.984375,-30.920,68.158951,0.006018,8.518,-15.939,-15.468,0.000000
5020.300293,-31.779,71.948669,0.006633,8.518,-15.953,-15.480,0.000000
5037.681152,-31.055,79.565422,0.006093,8.518,-15.968,-15.493,0.000000
5055.117188,-30.591,81.687546,0.005767,8.518,-15.982,-15.506,0.000000
5072.618164,-30.638,71.375175,0.005790,8.518,-15.997,-15.519,0.000000
5090.175293,-31.028,69.547554,0.006046,8.518,-16.012,-15.532,0.000000
5107.792969,-30.318,80.664841,0.005563,8.518,-16.026,-15.545,0.000000
5125.477051,-29.666,72.423981,0.005153,8.518,-16.041,-15.558,0.000000
5143.221680,-29.686,73.489197,0.005158,8.518,-16.056,-15.571,0.000000
5161.018066,-28.624,73.048599,0.004558,8.518,-16.071,-15.585,0.000000
5178.886230,-28.539,60.923119,0.004507,8.518,-16.086,-15.598,0.000000
5196.815918,-29.094,58.094986,0.004798,8.518,-16.101,-15.611,0.000000
5214.802734,-29.040,72.812454,0.004762,8.518,-16.116,-15.624,0.000000
5232.856934,-28.451,68.788567,0.004443,8.518,-16.131,-15.638,0.000000
5250.968750,-28.233,57.163837,0.004327,8.518,-16.146,-15.651,0.000000
5269.147949,-29.372,51.999748,0.004926,8.518,-16.161,-15.665,0.000000
5287.385254,-29.019,56.327320,0.004722,8.518,-16.177,-15.678,0.000000
5305.685547,-29.279,50.099140,0.004858,8.518,-16.192,-15.692,0.000000
5324.054199,-29.922,50.709133,0.005223,8.518,-16.207,-15.705,0.000000
5342.486816,-29.537,55.701275,0.004989,8.518,-16.223,-15.719,0.000000
5360.978027,-29.012,47.763912,0.004689,8.518,-16.238,-15.733,0.000000
5379.532715,-29.096,41.505230,0.004727,8.518,-16.254,-15.746,0.000000
5398.157227,-29.737,37.072750,0.005082,8.518,-16.269,-15.760,0.000000
5416.846191,-29.341,40.797626,0.004847,8.518,-16.285,-15.774,0.000000
5435.594727,-29.448,34.928825,0.004900,8.518,-16.301,-15.788,0.000000
5454.408203,-29.295,33.276665,0.004807,8.518,-16.317,-15.802,0.000000
5473.291992,-29.769,28.094723,0.005068,8.518,-16.332,-15.816,0.000000
5492.235352,-30.196,25.960804,0.005316,8.518,-16.348,-15.830,0.000000
5511.250000,-30.245,35.366516,0.005339,8.518,-16.364,-15.844,0.000000
5530.325195,-30.081,33.695732,0.005232,8.518,-16.380,-15.858,0.000000
5549.472168,-29.758,45.773502,0.005034,8.518,-16.396,-15.872,0.000000
5568.679199,-30.093,37.610519,0.005225,8.518,-16.412,-15.886,0.000000
5587.953613,-29.437,45.158707,0.004838,8.518,-16.428,-15.901,0.000000
5607.299316,-28.873,30.975557,0.004528,8.518,-16.444,-15.915,0.000000
5626.712402,-29.333,53.924492,0.004767,8.518,-16.461,-15.929,0.000000
5646.181641,-28.272,64.696732,0.004212,8.518,-16.477,-15.944,0.000000
5665.729492,-27.999,47.588348,0.004075,8.518,-16.493,-15.958,0.000000
5685.344727,-28.623,46.373463,0.004372,8.518,-16.510,-15.973,0.000000
5705.027832,-28.006,53.688793,0.004066,8.518,-16.526,-15.987,0.000000
5724.773926,-27.931,55.234074,0.004025,8.518,-16.543,-16.002,0.000000
5744.587891,-27.857,46.990627,0.003984,8.518,-16.559,-16.017,0.000000
5764.476562,-28.474,48.707195,0.004272,8.518,-16.576,-16.031,0.000000
5784.428223,-28.000,44.627026,0.004039,8.518,-16.593,-16.046,0.000000
5804.448730,-27.773,27.128008,0.003930,8.518,-16.610,-16.061,0.000000
5824.544434,-28.581,16.066364,0.004307,8.518,-16.626,-16.076,0.000000
5844.709473,-28.837,24.757814,0.004430,8.518,-16.643,-16.091,0.000000
5864.938965,-29.446,17.536125,0.004745,8.518,-16.660,-16.106,0.000000
5885.238281,-30.579,16.924831,0.005399,8.518,-16.677,-16.121,0.000000
5905.613281,-30.830,13.700198,0.005551,8.518,-16.694,-16.136,0.000000
5926.059082,-30.982,7.097606,0.005642,8.518,-16.711,-16.151,0.000000
5946.570312,-31.609,3.366966,0.006057,8.518,-16.728,-16.166,0.000000
5967.151855,-33.661,11.880687,0.007662,8.518,-16.746,-16.181,0.000000
5987.811035,-34.064,27.469313,0.008016,8.518,-16.763,-16.197,0.000000
6008.535645,-34.228,28.255461,0.008159,8.518,-16.780,-16.212,0.000000
6029.337402,-34.536,26.172779,0.008443,8.518,-16.798,-16.228,0.000000
6050.206055,-34.906,29.185812,0.008800,8.518,-16.815,-16.243,0.000000
6071.152344,-34.665,33.340302,0.008549,8.518,-16.833,-16.258,0.000000
6092.165527,-35.403,27.218903,0.009295,8.518,-16.850,-16.274,0.000000
6113.251465,-35.859,28.485497,0.009784,8.518,-16.868,-16.290,0.000000
6134.416016,-35.358,30.510944,0.009225,8.518,-16.886,-16.305,0.000000
6155.653809,-35.190,21.677864,0.009037,8.518,-16.903,-16.321,0.000000
6176.959473,-35.118,11.796963,0.008952,8.518,-16.921,-16.337,0.000000
6198.338867,-34.688,-3.921974,0.008509,8.518,-16.939,-16.353,0.000000
6219.797852,-33.837,29.056093,0.007706,8.518,-16.957,-16.369,0.000000
6241.331543,-33.212,128.150833,0.007162,8.518,-16.975,-16.384,0.000000
6262.933594,-33.197,119.222702,0.007142,8.518,-16.993,-16.400,0.000000
6284.610352,-32.894,119.218597,0.006888,8.518,-17.011,-16.417,0.000000
6306.368652,-32.333,113.012276,0.006450,8.518,-17.030,-16.433,0.000000
6328.195801,-31.560,113.564438,0.005893,8.518,-17.048,-16.449,0.000000
6350.104492,-30.707,105.491066,0.005336,8.518,-17.066,-16.465,0.000000
6372.083008,-30.327,90.755585,0.005101,8.517,-17.085,-16.481,0.000000
6394.143555,-31.005,82.634964,0.005509,8.517,-17.103,-16.498,0.000000
6416.274902,-30.494,77.567322,0.005188,8.517,-17.122,-16.514,0.000000
6438.482422,-30.578,70.520172,0.005232,8.517,-17.140,-16.530,0.000000
6460.772949,-30.102,61.604374,0.004947,8.517,-17.159,-16.547,0.000000
6483.140625,-30.034,46.690880,0.004904,8.517,-17.178,-16.564,0.000000
6505.580078,-30.888,36.636509,0.005405,8.517,-17.196,-16.580,0.000000
6528.096680,-30.845,39.310616,0.005372,8.517,-17.215,-16.597,0.000000
6550.697266,-31.092,37.102299,0.005522,8.517,-17.234,-16.614,0.000000
6573.370605,-30.452,36.149750,0.005124,8.517,-17.253,-16.630,0.000000
6596.127930,-30.602,14.994553,0.005208,8.517,-17.272,-16.647,0.000000
6618.958008,-31.231,-1.727008,0.005592,8.517,-17.291,-16.664,0.000000
6641.873535,-31.661,-1.000676,0.005870,8.517,-17.310,-16.681,0.000000
6664.861816,-32.639,-3.462556,0.006561,8.517,-17.330,-16.698,0.000000
6687.930176,-32.909,7.118406,0.006760,8.517,-17.349,-16.715,0.000000
6711.084473,-32.746,13.615474,0.006626,8.517,-17.368,-16.732,0.000000
6734.318848,-33.592,60.507496,0.007295,8.517,-17.388,-16.750,0.000000
6757.633301,-34.070,64.202148,0.007699,8.517,-17.407,-16.767,0.000000
6781.016113,-34.076,152.913910,0.007696,8.517,-17.427,-16.784,0.000000
6804.492676,-32.963,126.864334,0.006764,8.517,-17.447,-16.802,0.000000
6828.050293,-32.607,103.197754,0.006486,8.517,-17.466,-16.819,0.000000
6851.683105,-32.563,112.635399,0.006446,8.517,-17.486,-16.836,0.000000
6875.397949,-31.900,110.219292,0.005966,8.517,-17.506,-16.854,0.000000
6899.201172,-32.176,101.924721,0.006152,8.517,-17.526,-16.872,0.000000
6923.080078,-31.444,95.653305,0.005649,8.517,-17.546,-16.889,0.000000
6947.048828,-31.899,100.511475,0.005947,8.517,-17.566,-16.907,0.000000
6971.093262,-31.970,97.128593,0.005990,8.517,-17.586,-16.925,0.000000
6995.228027,-32.030,91.214714,0.006025,8.517,-17.606,-16.943,0.000000
7019.446289,-32.602,86.047562,0.006428,8.517,-17.627,-16.961,0.000000
7043.734863,-32.399,94.844902,0.006273,8.517,-17.647,-16.979,0.000000
7068.120605,-31.287,90.903374,0.005513,8.517,-17.667,-16.997,0.000000
7092.591309,-31.449,87.389519,0.005612,8.517,-17.688,-17.015,0.000000
7117.139648,-31.026,89.473763,0.005339,8.517,-17.708,-17.033,0.000000
7141.772949,-30.232,83.101974,0.004868,8.517,-17.729,-17.051,0.000000
7166.498535,-30.033,79.059891,0.004753,8.517,-17.750,-17.070,0.000000
7191.309570,-30.532,73.206322,0.005029,8.517,-17.770,-17.088,0.000000
7216.199707,-30.653,80.105095,0.005094,8.517,-17.791,-17.106,0.000000
7241.176270,-29.994,75.868546,0.004717,8.517,-17.812,-17.125,0.000000
7266.245605,-30.467,65.738022,0.004977,8.517,-17.833,-17.143,0.000000
7291.402344,-30.827,61.742504,0.005183,8.517,-17.854,-17.162,0.000000
7316.631836,-31.433,56.463688,0.005553,8.517,-17.875,-17.181,0.000000
7341.962402,-32.441,66.130524,0.006231,8.517,-17.897,-17.199,0.000000
7367.381348,-31.823,62.264133,0.005798,8.517,-17.918,-17.218,0.000000
7392.887695,-32.002,60.169403,0.005913,8.517,-17.939,-17.237,0.000000
7418.468262,-32.146,52.169434,0.006006,8.517,-17.961,-17.256,0.000000
7444.151855,-32.581,56.265728,0.006308,8.517,-17.982,-17.275,0.000000
7469.924316,-31.729,50.941975,0.005713,8.517,-18.004,-17.294,0.000000
7495.778809,-31.903,55.322281,0.005822,8.517,-18.025,-17.313,0.000000
7521.722656,-31.517,61.304634,0.005564,8.517,-18.047,-17.333,0.000000
7547.763672,-31.573,60.383965,0.005594,8.517,-18.069,-17.352,0.000000
7573.887207,-32.480,55.297375,0.006204,8.517,-18.091,-17.371,0.000000
7600.108887,-31.993,72.115753,0.005859,8.517,-18.113,-17.391,0.000000
7626.414062,-31.970,73.999771,0.005838,8.517,-18.135,-17.410,0.000000
7652.817383,-32.116,75.334267,0.005930,8.517,-18.157,-17.430,0.000000
7679.312012,-32.713,82.689468,0.006346,8.517,-18.179,-17.449,0.000000
7705.883789,-32.649,81.769417,0.006293,8.517,-18.201,-17.469,0.000000
7732.562500,-32.807,81.128693,0.006401,8.517,-18.223,-17.489,0.000000
7759.333008,-32.122,81.869789,0.005910,8.517,-18.246,-17.509,0.000000
7786.189453,-31.686,75.940247,0.005616,8.517,-18.268,-17.528,0.000000
7813.138672,-31.632,74.601440,0.005576,8.517,-18.291,-17.548,0.000000
7840.188477,-31.714,69.988647,0.005625,8.517,-18.314,-17.568,0.000000
7867.331543,-31.829,71.230522,0.005694,8.517,-18.336,-17.589,0.000000
7894.561523,-32.017,60.779556,0.005814,8.517,-18.359,-17.609,0.000000
7921.885742,-32.385,54.130623,0.006060,8.517,-18.382,-17.629,0.000000
7949.312012,-32.804,51.195583,0.006354,8.517,-18.405,-17.649,0.000000
7976.833496,-33.036,52.986237,0.006519,8.517,-18.428,-17.670,0.000000
8004.442383,-33.227,72.796577,0.006657,8.517,-18.448,-17.687,0.000000
8032.146973,-33.478,80.844994,0.006846,8.517,-18.450,-17.689,0.000000
8059.955078,-33.580,94.078346,0.006919,8.517,-18.452,-17.691,0.000000
8087.859375,-33.432,108.973816,0.006795,8.517,-18.454,-17.692,0.000000
8115.844727,-32.806,111.907883,0.006316,8.517,-18.456,-17.694,0.000000
8143.942383,-32.283,114.199554,0.005940,8.517,-18.459,-17.696,0.000000
8172.137695,-31.067,103.572128,0.005158,8.517,-18.461,-17.698,0.000000
8200.422852,-30.829,91.694870,0.005013,8.517,-18.463,-17.700,0.000000
8228.805664,-31.003,85.850822,0.005108,8.517,-18.465,-17.702,0.000000
8257.293945,-30.764,79.900230,0.004963,8.517,-18.467,-17.704,0.000000
8285.881836,-30.611,63.373581,0.004871,8.517,-18.470,-17.705,0.000000
8314.560547,-30.507,65.384880,0.004807,8.517,-18.472,-17.707,0.000000
8343.337891,-30.635,63.844048,0.004873,8.517,-18.474,-17.709,0.000000
8372.223633,-31.461,58.024632,0.005354,8.517,-18.476,-17.711,0.000000
8401.208984,-32.325,63.926361,0.005908,8.517,-18.479,-17.713,0.000000
8430.278320,-33.127,83.651978,0.006472,8.517,-18.481,-17.715,0.000000
8459.464844,-32.838,74.503716,0.006254,8.517,-18.483,-17.717,0.000000
8488.752930,-33.414,66.362030,0.006676,8.517,-18.486,-17.719,0.000000
8518.141602,-33.163,96.295845,0.006478,8.517,-18.488,-17.721,0.000000
8547.616211,-33.051,95.105415,0.006387,8.517,-18.490,-17.723,0.000000
8577.208008,-33.177,81.595116,0.006471,8.517,-18.493,-17.724,0.000000
8606.903320,-32.891,94.104630,0.006253,8.517,-18.495,-17.726,0.000000
8636.693359,-32.338,88.947815,0.005859,8.517,-18.497,-17.728,0.000000
8666.594727,-32.004,81.255554,0.005630,8.517,-18.500,-17.730,0.000000
8696.590820,-32.360,84.888596,0.005857,8.517,-18.502,-17.732,0.000000
8726.699219,-32.052,99.212639,0.005646,8.517,-18.504,-17.734,0.000000
8756.903320,-31.644,93.354057,0.005380,8.517,-18.507,-17.736,0.000000
8787.211914,-31.716,81.971176,0.005416,8.517,-18.509,-17.738,0.000000
8817.634766,-31.610,82.613266,0.005343,8.517,-18.511,-17.740,0.000000
8848.162109,-31.869,70.418419,0.005498,8.517,-18.514,-17.742,0.000000
8878.778320,-32.596,80.674812,0.005970,8.517,-18.516,-17.744,0.000000
8909.517578,-32.735,75.339127,0.006058,8.517,-18.519,-17.746,0.000000
8940.363281,-32.997,84.782616,0.006233,8.517,-18.521,-17.748,0.000000
8971.306641,-32.594,80.431526,0.005942,8.517,-18.523,-17.750,0.000000
9002.366211,-32.873,74.692360,0.006126,8.517,-18.526,-17.752,0.000000
9033.524414,-32.328,91.794067,0.005745,8.517,-18.528,-17.754,0.000000
9064.799805,-31.856,83.445427,0.005432,8.517,-18.531,-17.756,0.000000
9096.173828,-31.881,95.243980,0.005439,8.517,-18.533,-17.758,0.000000
9127.657227,-31.269,94.102051,0.005061,8.517,-18.536,-17.760,0.000000
9159.257812,-31.143,84.793961,0.004981,8.517,-18.538,-17.762,0.000000
9190.967773,-30.716,77.744637,0.004735,8.517,-18.541,-17.765,0.000000
9222.770508,-31.065,68.757195,0.004921,8.517,-18.543,-17.767,0.000000
9254.701172,-31.174,72.040573,0.004976,8.517,-18.546,-17.769,0.000000
9286.741211,-31.599,69.367836,0.005217,8.517,-18.548,-17.771,0.000000
9318.892578,-32.570,78.314934,0.005825,8.517,-18.551,-17.773,0.000000
9351.137695,-31.957,68.931595,0.005419,8.517,-18.553,-17.775,0.000000
9383.512695,-32.056,57.051796,0.005472,8.517,-18.556,-17.777,0.000000
9415.999023,-32.977,56.006111,0.006073,8.517,-18.558,-17.779,0.000000
9448.588867,-33.286,56.496517,0.006282,8.517,-18.561,-17.781,0.000000
9481.300781,-33.088,56.713463,0.006130,8.517,-18.563,-17.783,0.000000
9514.117188,-32.772,60.507408,0.005901,8.517,-18.566,-17.786,0.000000
9547.055664,-32.661,52.725643,0.005816,8.517,-18.569,-17.788,0.000000
9580.099609,-32.698,47.893612,0.005832,8.517,-18.571,-17.790,0.000000
9613.257812,-33.817,52.829235,0.006623,8.517,-18.574,-17.792,0.000000
9646.540039,-33.833,69.705490,0.006625,8.517,-18.576,-17.794,0.000000
9679.936523,-33.603,107.485321,0.006443,8.517,-18.579,-17.796,0.000000
9713.431641,-33.281,99.353828,0.006198,8.517,-18.582,-17.799,0.000000
9747.060547,-33.576,121.806091,0.006402,8.517,-18.584,-17.801,0.000000
9780.805664,-33.978,109.994957,0.006695,8.517,-18.587,-17.803,0.000000
9814.658203,-33.838,113.591972,0.006578,8.517,-18.590,-17.805,0.000000
9848.637695,-33.603,111.106972,0.006392,8.517,-18.592,-17.807,0.000000
9882.724609,-33.321,117.987671,0.006179,8.517,-18.595,-17.810,0.000000
9916.939453,-32.897,119.771065,0.005875,8.517,-18.598,-17.812,0.000000
9951.263672,-32.692,109.222893,0.005729,8.517,-18.600,-17.814,0.000000
9985.706055,-32.394,103.168312,0.005528,8.517,-18.603,-17.816,0.000000
10020.278320,-32.383,109.777321,0.005513,8.517,-18.606,-17.819,0.000000
10054.968750,-32.082,105.234451,0.005319,8.517,-18.608,-17.821,0.000000
10089.770508,-32.266,109.354752,0.005426,8.517,-18.611,-17.823,0.000000
10124.692383,-32.788,118.765022,0.005756,8.517,-18.614,-17.825,0.000000
10159.745117,-32.395,112.171135,0.005494,8.517,-18.617,-17.828,0.000000
10194.918945,-32.616,106.811150,0.005629,8.517,-18.619,-17.830,0.000000
10230.205078,-32.187,114.611923,0.005351,8.517,-18.622,-17.832,0.000000
10265.613281,-32.588,117.604378,0.005599,8.517,-18.625,-17.835,0.000000
10301.154297,-32.135,107.702789,0.005310,8.517,-18.628,-17.837,0.000000
10336.807617,-32.216,95.668625,0.005355,8.517,-18.630,-17.839,0.000000
10372.594727,-31.676,98.610329,0.005028,8.517,-18.633,-17.842,0.000000
10408.496094,-31.597,87.662041,0.004978,8.517,-18.636,-17.844,0.000000
10444.531250,-32.262,80.231171,0.005369,8.517,-18.639,-17.846,0.000000
10480.680664,-32.545,80.874908,0.005543,8.517,-18.642,-17.849,0.000000
10516.956055,-32.659,75.087746,0.005614,8.517,-18.645,-17.851,0.000000
10553.367188,-33.084,71.203308,0.005894,8.517,-18.647,-17.853,0.000000
10589.903320,-34.188,68.217758,0.006691,8.517,-18.650,-17.856,0.000000
10626.546875,-34.439,75.065849,0.006884,8.517,-18.653,-17.858,0.000000
10663.336914,-34.675,77.318474,0.007071,8.517,-18.656,-17.861,0.000000
10700.253906,-35.061,87.984375,0.007390,8.517,-18.659,-17.863,0.000000
10737.299805,-34.382,86.804688,0.006833,8.517,-18.662,-17.865,0.000000
10774.462891,-33.970,83.325180,0.006517,8.517,-18.665,-17.868,0.000000
10811.754883,-33.947,86.058571,0.006500,8.517,-18.668,-17.870,0.000000
10849.185547,-34.256,84.630898,0.006735,8.517,-18.671,-17.873,0.000000
10886.736328,-33.885,96.852966,0.006453,8.517,-18.674,-17.875,0.000000
10924.427734,-33.377,87.597549,0.006087,8.517,-18.677,-17.878,0.000000
10962.238281,-33.267,79.719208,0.006010,8.517,-18.679,-17.880,0.000000
11000.190430,-33.106,73.442589,0.005903,8.517,-18.682,-17.883,0.000000
11038.263672,-32.970,70.959854,0.005816,8.517,-18.685,-17.885,0.000000
11076.468750,-33.140,65.663361,0.005935,8.517,-18.688,-17.888,0.000000
11114.816406,-32.809,67.868309,0.005716,8.517,-18.691,-17.890,0.000000
11153.296875,-33.108,64.659615,0.005921,8.516,-18.694,-17.893,0.000000
11191.900391,-33.479,59.644135,0.006183,8.516,-18.697,-17.895,0.000000
11230.636719,-33.344,71.063446,0.006093,8.516,-18.701,-17.898,0.000000
11269.518555,-33.795,73.283920,0.006424,8.516,-18.704,-17.900,0.000000
11308.523438,-34.091,104.342194,0.006653,8.516,-18.707,-17.903,0.000000
11347.674805,-34.675,108.179359,0.007123,8.516,-18.710,-17.905,0.000000
11386.951172,-34.695,120.757538,0.007147,8.516,-18.713,-17.908,0.000000
11426.373047,-35.261,117.247101,0.007636,8.516,-18.716,-17.910,0.000000
11465.921875,-35.520,112.571121,0.007876,8.516,-18.719,-17.913,0.000000
11505.606445,-35.482,112.298149,0.007851,8.516,-18.722,-17.916,0.000000
11545.440430,-34.841,93.486656,0.007302,8.516,-18.725,-17.918,0.000000
11585.412109,-35.608,105.772888,0.007987,8.516,-18.728,-17.921,0.000000
11625.521484,-35.785,103.653023,0.008162,8.516,-18.731,-17.923,0.000000
11665.748047,-35.293,111.197342,0.007724,8.516,-18.735,-17.926,0.000000
11706.135742,-35.440,106.203697,0.007867,8.516,-18.738,-17.929,0.000000
11746.664062,-35.466,119.740479,0.007901,8.516,-18.741,-17.931,0.000000
11787.320312,-34.978,130.954117,0.007483,8.516,-18.744,-17.934,0.000000
11828.118164,-34.505,125.213402,0.007099,8.516,-18.747,-17.937,0.000000
11869.068359,-34.794,127.579773,0.007353,8.516,-18.751,-17.939,0.000000
11910.148438,-34.512,115.043358,0.007132,8.516,-18.754,-17.942,0.000000
11951.382812,-34.674,119.092766,0.007280,8.516,-18.757,-17.945,0.000000
11992.748047,-34.669,113.226540,0.007290,8.516,-18.760,-17.947,0.000000
12034.268555,-35.136,121.368637,0.007708,8.516,-18.763,-17.950,0.000000
12075.931641,-35.408,116.449127,0.007969,8.516,-18.767,-17.953,0.000000
12117.716797,-35.305,119.283234,0.007891,8.516,-18.770,-17.956,0.000000
12159.669922,-35.215,131.972397,0.007826,8.516,-18.773,-17.958,0.000000
12201.767578,-34.572,123.097740,0.007282,8.516,-18.777,-17.961,0.000000
12243.999023,-34.835,131.096954,0.007522,8.516,-18.780,-17.964,0.000000
12286.377930,-33.897,129.154129,0.006766,8.516,-18.783,-17.967,0.000000
12328.914062,-33.508,125.308090,0.006484,8.516,-18.787,-17.969,0.000000
12371.597656,-32.614,127.576508,0.005862,8.516,-18.790,-17.972,0.000000
12414.417969,-32.343,117.733994,0.005695,8.516,-18.793,-17.975,0.000000
12457.385742,-31.925,109.998695,0.005439,8.516,-18.797,-17.978,0.000000
12500.514648,-32.251,97.854446,0.005660,8.516,-18.800,-17.981,0.000000
12543.780273,-32.581,94.429207,0.005893,8.516,-18.803,-17.983,0.000000
12587.196289,-32.372,96.201988,0.005766,8.516,-18.807,-17.986,0.000000
12630.774414,-32.641,84.169174,0.005960,8.516,-18.810,-17.989,0.000000
12674.502930,-33.057,94.921906,0.006266,8.516,-18.814,-17.992,0.000000
12718.383789,-33.587,82.920547,0.006676,8.516,-18.817,-17.995,0.000000
12762.391602,-34.324,90.372108,0.007283,8.516,-18.821,-17.998,0.000000
12806.576172,-34.629,87.842941,0.007560,8.516,-18.824,-18.001,0.000000
12850.914062,-35.007,89.671928,0.007915,8.516,-18.827,-18.003,0.000000
12895.392578,-36.106,87.129829,0.009002,8.516,-18.831,-18.006,0.000000
12940.025391,-36.787,85.570045,0.009756,8.516,-18.834,-18.009,0.000000
12984.825195,-37.672,82.003044,0.010825,8.516,-18.838,-18.012,0.000000
13029.767578,-37.096,76.663155,0.010151,8.516,-18.842,-18.015,0.000000
13074.876953,-37.329,88.379944,0.010449,8.516,-18.845,-18.018,0.000000
13120.131836,-37.149,97.203957,0.010256,8.516,-18.849,-18.021,0.000000
13165.554688,-37.280,92.265869,0.010433,8.516,-18.852,-18.024,0.000000
13211.134766,-37.409,103.844009,0.010611,8.516,-18.856,-18.027,0.000000
13256.847656,-36.902,102.378952,0.010031,8.516,-18.859,-18.030,0.000000
13302.744141,-36.818,117.112823,0.009955,8.516,-18.863,-18.033,0.000000
13348.799805,-36.573,132.574768,0.009697,8.516,-18.867,-18.036,0.000000
13395.001953,-37.375,126.804253,0.010658,8.516,-18.870,-18.039,0.000000
13441.363281,-37.037,128.632980,0.010272,8.516,-18.874,-18.042,0.000000
13487.899414,-36.413,119.521873,0.009580,8.516,-18.877,-18.045,0.000000
13534.595703,-36.087,120.954353,0.009245,8.516,-18.881,-18.048,0.000000
13581.440430,-36.226,119.935226,0.009412,8.516,-18.885,-18.051,0.000000
13628.447266,-36.440,121.008522,0.009665,8.516,-18.888,-18.054,0.000000
13675.630859,-35.654,131.528183,0.008846,8.516,-18.892,-18.057,0.000000
13722.976562,-35.441,138.150757,0.008648,8.516,-18.896,-18.060,0.000000
13770.473633,-35.304,136.831985,0.008528,8.516,-18.900,-18.063,0.000000
13818.135742,-35.066,132.736786,0.008314,8.516,-18.903,-18.067,0.000000
13865.975586,-35.460,135.070465,0.008714,8.516,-18.907,-18.070,0.000000
13913.980469,-35.716,130.547287,0.008991,8.516,-18.911,-18.073,0.000000
13962.125977,-35.494,135.295502,0.008779,8.516,-18.915,-18.076,0.000000
14010.463867,-34.652,133.932129,0.007982,8.516,-18.918,-18.079,0.000000
14058.969727,-35.282,120.723511,0.008597,8.516,-18.922,-18.082,0.000000
14107.628906,-35.530,116.119102,0.008861,8.516,-18.926,-18.085,0.000000
14156.458008,-35.389,112.539253,0.008732,8.516,-18.930,-18.089,0.000000
14205.468750,-35.450,111.314758,0.008806,8.516,-18.934,-18.092,0.000000
14254.635742,-35.797,115.037323,0.009178,8.516,-18.938,-18.095,0.000000
14303.986328,-35.882,126.279869,0.009280,8.516,-18.941,-18.098,0.000000
14353.495117,-36.288,120.815735,0.009738,8.516,-18.945,-18.102,0.000000
14403.188477,-36.696,114.611740,0.010221,8.516,-18.949,-18.105,0.000000
14453.052734,-36.633,135.058914,0.010161,8.516,-18.953,-18.108,0.000000
14503.063477,-36.474,132.115280,0.009991,8.516,-18.957,-18.111,0.000000
14553.274414,-36.842,131.218796,0.010437,8.516,-18.961,-18.115,0.000000
14603.659180,-37.173,126.800682,0.010857,8.516,-18.965,-18.118,0.000000
14654.218750,-37.322,131.311127,0.011061,8.516,-18.969,-18.121,0.000000
14704.924805,-37.455,129.753937,0.011247,8.516,-18.973,-18.124,0.000000
14755.834961,-37.101,139.193100,0.010813,8.516,-18.977,-18.128,0.000000
14806.920898,-37.508,141.921692,0.011347,8.516,-18.981,-18.131,0.000000
14858.168945,-37.087,137.435257,0.010825,8.516,-18.985,-18.134,0.000000
14909.609375,-37.332,149.967453,0.011150,8.516,-18.989,-18.138,0.000000
14961.213867,-36.729,144.271317,0.010416,8.516,-18.993,-18.141,0.000000
15013.010742,-36.969,146.404449,0.010723,8.516,-18.997,-18.145,0.000000
15064.973633,-36.850,146.791992,0.010592,8.516,-19.001,-18.148,0.000000
15117.115234,-36.744,144.869751,0.010478,8.516,-19.005,-18.151,0.000000
15169.452148,-36.798,138.829681,0.010557,8.516,-19.009,-18.155,0.000000
15221.969727,-36.358,148.484619,0.010048,8.516,-19.013,-18.158,0.000000
15274.640625,-36.647,149.200745,0.010400,8.516,-19.017,-18.162,0.000000
15327.523438,-35.886,151.767838,0.009539,8.516,-19.022,-18.165,0.000000
15380.588867,-36.167,148.139877,0.009865,8.516,-19.026,-18.169,0.000000
15433.823242,-35.884,155.855942,0.009560,8.516,-19.030,-18.172,0.000000
15487.241211,-35.436,155.284302,0.009090,8.516,-19.034,-18.176,0.000000
15540.859375,-35.039,150.905502,0.008696,8.516,-19.038,-18.179,0.000000
15594.664062,-34.504,145.476608,0.008187,8.516,-19.043,-18.183,0.000000
15648.638672,-34.493,148.397888,0.008188,8.516,-19.047,-18.186,0.000000
15702.800781,-34.233,148.973068,0.007958,8.516,-19.051,-18.190,0.000000
15757.166016,-34.324,136.969360,0.008052,8.516,-19.055,-18.193,0.000000
15811.718750,-34.280,146.829849,0.008023,8.516,-19.060,-18.197,0.000000
15866.429688,-33.871,140.615250,0.007665,8.516,-19.064,-18.200,0.000000
15921.361328,-33.827,132.550217,0.007636,8.516,-19.068,-18.204,0.000000
15976.482422,-33.898,136.087143,0.007708,8.516,-19.072,-18.207,0.000000
16031.793945,-34.099,134.823380,0.007897,8.516,-19.077,-18.211,0.000000
16087.267578,-34.152,130.224319,0.007955,8.516,-19.081,-18.215,0.000000
16142.962891,-34.498,128.208160,0.008289,8.516,-19.085,-18.218,0.000000
16198.851562,-34.835,121.334145,0.008627,8.516,-19.090,-18.222,0.000000
16254.917969,-34.514,121.880966,0.008325,8.516,-19.094,-18.226,0.000000
16311.194336,-34.849,110.672966,0.008665,8.516,-19.099,-18.229,0.000000
16367.649414,-35.167,113.217377,0.009002,8.516,-19.103,-18.233,0.000000
16424.316406,-34.720,160.162704,0.008563,8.516,-19.108,-18.237,0.000000
16481.162109,-34.289,168.735550,0.008161,8.516,-19.112,-18.240,0.000000
16538.205078,-33.690,-151.324341,0.007630,8.516,-19.116,-18.244,0.000000
16595.462891,-32.780,-151.663315,0.006881,8.516,-19.121,-18.248,0.000000
16652.917969,-32.187,-150.286514,0.006436,8.516,-19.125,-18.252,0.000000
16710.539062,-31.857,-154.066513,0.006205,8.515,-19.130,-18.255,0.000000
16768.392578,-31.117,-147.630264,0.005707,8.515,-19.135,-18.259,0.000000
16826.447266,-30.151,-154.641739,0.005113,8.515,-19.139,-18.263,0.000000
16884.685547,-29.646,-164.840790,0.004830,8.515,-19.144,-18.267,0.000000
16943.142578,-29.161,-163.320938,0.004575,8.515,-19.148,-18.271,0.000000
17001.785156,-28.525,-164.061676,0.004258,8.515,-19.153,-18.274,0.000000
17060.646484,-28.223,-172.831390,0.004118,8.515,-19.157,-18.278,0.000000
17119.695312,-28.096,178.172577,0.004063,8.515,-19.162,-18.282,0.000000
17178.949219,-28.019,-179.381851,0.004033,8.515,-19.167,-18.286,0.000000
17238.423828,-27.593,174.706177,0.003845,8.515,-19.171,-18.290,0.000000
17298.105469,-27.826,174.777237,0.003955,8.515,-19.176,-18.294,0.000000
17357.976562,-27.525,171.847610,0.003826,8.515,-19.181,-18.298,0.000000
17418.054688,-27.412,164.286057,0.003782,8.515,-19.185,-18.302,0.000000
17478.357422,-27.333,158.037430,0.003753,8.515,-19.190,-18.306,0.000000
17538.869141,-27.016,160.652328,0.003623,8.515,-19.195,-18.309,0.000000
17599.556641,-26.504,159.928970,0.003421,8.515,-19.200,-18.313,0.000000
17660.488281,-25.930,167.700867,0.003206,8.515,-19.204,-18.317,0.000000
17721.630859,-25.082,164.299850,0.002912,8.515,-19.209,-18.321,0.000000
17782.968750,-23.908,166.842072,0.002547,8.515,-19.214,-18.325,0.000000
17844.535156,-23.417,157.899338,0.002411,8.515,-19.219,-18.329,0.000000
17906.296875,-22.892,160.231003,0.002272,8.515,-19.224,-18.333,0.000000
17968.291016,-22.444,158.746902,0.002161,8.515,-19.229,-18.338,0.000000
18030.480469,-21.589,158.518585,0.001961,8.515,-19.233,-18.342,0.000000
18092.886719,-20.477,166.094589,0.001728,8.515,-19.238,-18.346,0.000000
18155.525391,-19.642,156.901031,0.001572,8.515,-19.243,-18.350,0.000000
18218.382812,-19.195,148.495514,0.001495,8.515,-19.248,-18.354,0.000000
18281.421875,-19.149,139.879990,0.001489,8.515,-19.253,-18.358,0.000000
18344.712891,-19.051,144.547775,0.001473,8.515,-19.258,-18.362,0.000000
18408.224609,-18.962,146.080750,0.001509,8.515,-19.263,-18.366,0.000000
18471.955078,-18.140,144.696472,0.001330,8.515,-19.268,-18.370,0.000000
18535.888672,-17.460,153.608582,0.001231,8.515,-19.273,-18.375,0.000000
18600.044922,-16.143,178.473419,0.001074,8.515,-19.278,-18.379,0.000000
18664.439453,-15.588,-170.586639,0.001054,8.515,-19.283,-18.383,0.000000
18729.041016,-14.997,-147.551468,0.000930,8.515,-19.288,-18.387,0.000000
18793.880859,-13.178,-153.905472,0.000801,8.515,-19.293,-18.391,0.000000
18858.929688,-12.155,-152.589493,0.001108,8.515,-19.298,-18.396,0.000000
18924.220703,-10.857,-161.407532,0.000769,8.515,-19.303,-18.400,0.000000
18989.720703,-9.108,-161.730255,0.000631,8.515,-19.309,-18.404,0.000000
19055.447266,-8.530,-172.928192,0.000790,8.515,-19.314,-18.409,0.000000
19121.417969,-8.084,-177.942993,0.000994,8.515,-19.319,-18.413,0.000000
19187.619141,-7.643,178.613403,0.001253,8.515,-19.324,-18.417,0.000000
19254.029297,-6.870,174.481613,0.000694,8.515,-19.329,-18.421,0.000000
19320.669922,-6.706,166.973907,0.001530,8.515,-19.335,-18.426,0.000000
19387.560547,-5.890,164.860931,0.001317,8.515,-19.340,-18.430,0.000000
19454.664062,-5.545,167.656433,0.002076,8.515,-19.345,-18.435,0.000000
19522.017578,-2.900,142.154984,0.001071,8.515,-19.350,-18.439,0.000000
19589.585938,-201.557,0.000000,0.000000,8.515,-19.356,-18.443,0.000000
19657.406250,-201.553,0.000000,0.000000,8.515,-19.361,-18.448,0.000000
19725.443359,-201.548,0.000000,0.000000,8.515,-19.366,-18.452,0.000000
19793.716797,-201.544,0.000000,0.000000,8.515,-19.372,-18.457,0.000000
19862.244141,-201.539,0.000000,0.000000,8.515,-19.377,-18.461,0.000000
19931.009766,-201.535,0.000000,0.000000,8.515,-19.382,-18.466,0.000000
19999.974609,-201.530,0.000000,0.000000,8.515,-19.388,-18.470,0.000000
