frequency_hz,spl_db,phase_deg,thd_percent,rt60_ms,c50_db,c80_db,group_delay_ms
20.000000,-31.352,122.392258,0.007398,8.683,6.719,6.886,0.000000
20.069233,-31.611,100.061302,0.007622,8.683,6.719,6.886,0.000000
20.138704,-32.135,75.397514,0.008096,8.683,6.719,6.886,0.000000
20.208418,-32.203,49.055283,0.008160,8.683,6.719,6.886,0.000000
20.278366,-31.826,65.986145,0.007813,8.683,6.719,6.886,0.000000
20.348562,-31.026,72.971085,0.007126,8.683,6.719,6.886,0.000000
20.419001,-31.715,82.381256,0.007714,8.683,6.719,6.886,0.000000
20.489683,-31.515,36.564846,0.007538,8.683,6.719,6.886,0.000000
20.560612,-31.800,61.776203,0.007792,8.683,6.719,6.886,0.000000
20.631784,-33.278,29.537340,0.009239,8.683,6.719,6.886,0.000000
20.703203,-33.226,30.641153,0.009185,8.683,6.719,6.886,0.000000
20.774866,-33.246,22.870926,0.009208,8.683,6.719,6.886,0.000000
20.846781,-33.373,10.977676,0.009345,8.683,6.719,6.886,0.000000
20.918943,-32.927,24.790205,0.008879,8.683,6.719,6.886,0.000000
20.991358,-33.223,-3.956974,0.009187,8.683,6.719,6.886,0.000000
21.064020,-33.604,6.171170,0.009599,8.683,6.719,6.886,0.000000
21.136936,-33.857,-20.691204,0.009883,8.683,6.719,6.886,0.000000
21.210104,-34.092,-54.651836,0.010153,8.683,6.719,6.886,0.000000
21.283520,-34.465,-70.573318,0.010600,8.683,6.719,6.886,0.000000
21.357197,-34.748,-65.622704,0.010950,8.683,6.719,6.886,0.000000
21.431126,-34.561,-114.614799,0.010718,8.683,6.719,6.886,0.000000
21.505312,-35.091,-55.335075,0.011394,8.683,6.719,6.886,0.000000
21.579756,-36.240,-99.320305,0.013007,8.683,6.719,6.886,0.000000
21.654457,-36.643,-119.323990,0.013628,8.683,6.719,6.886,0.000000
21.729416,-37.010,-102.334518,0.014219,8.683,6.719,6.886,0.000000
21.804630,-37.339,-128.594376,0.014771,8.683,6.719,6.886,0.000000
21.880110,-38.630,-176.701019,0.017140,8.683,6.719,6.886,0.000000
21.955851,-40.816,-131.410461,0.022046,8.683,6.719,6.886,0.000000
22.031853,-40.826,66.486725,0.022071,8.683,6.719,6.886,0.000000
22.108118,-41.366,4.726094,0.023487,8.683,6.719,6.886,0.000000
22.184649,-41.250,-144.653458,0.023176,8.683,6.719,6.886,0.000000
22.261442,-41.138,-19.010281,0.022879,8.683,6.719,6.886,0.000000
22.338503,-41.306,-139.401886,0.023325,8.683,6.719,6.886,0.000000
22.415825,-41.878,-145.333878,0.024914,8.683,6.719,6.886,0.000000
22.493420,-41.818,165.116837,0.024746,8.683,6.719,6.886,0.000000
22.571283,-42.454,92.989258,0.026629,8.683,6.719,6.886,0.000000
22.649418,-42.452,92.989258,0.026629,8.683,6.719,6.886,0.000000
22.727821,-41.901,69.473106,0.024995,8.683,6.719,6.886,0.000000
22.806496,-41.376,66.670059,0.023532,8.683,6.719,6.886,0.000000
22.885437,-41.456,-138.602676,0.023754,8.683,6.719,6.886,0.000000
22.964659,-42.029,-69.557777,0.025378,8.683,6.719,6.886,0.000000
23.044153,-42.831,146.254974,0.027838,8.683,6.719,6.886,0.000000
23.123922,-42.787,160.879944,0.027700,8.683,6.719,6.886,0.000000
23.203970,-43.582,135.469971,0.030363,8.683,6.719,6.886,0.000000
23.284292,-43.554,77.042732,0.030271,8.683,6.719,6.886,0.000000
23.364893,-44.014,58.286114,0.031921,8.683,6.719,6.886,0.000000
23.445774,-44.542,-29.901155,0.033928,8.683,6.719,6.886,0.000000
23.526928,-45.317,-25.786276,0.037103,8.683,6.719,6.886,0.000000
23.608370,-45.866,-116.766586,0.039519,8.683,6.719,6.886,0.000000
23.690092,-44.557,46.297737,0.033990,8.683,6.719,6.886,0.000000
23.772099,-44.756,45.136070,0.034778,8.683,6.719,6.886,0.000000
23.854389,-45.048,19.906178,0.035968,8.683,6.719,6.886,0.000000
23.936964,-44.180,-27.261951,0.032548,8.683,6.719,6.886,0.000000
24.019825,-44.707,-6.135365,0.034583,8.683,6.719,6.886,0.000000
24.102966,-43.630,-47.792912,0.030550,8.683,6.719,6.886,0.000000
24.186401,-43.565,-58.035206,0.030331,8.683,6.719,6.886,0.000000
24.270124,-42.989,-52.867119,0.028388,8.683,6.719,6.886,0.000000
24.354139,-43.237,-70.793114,0.029219,8.683,6.719,6.886,0.000000
24.438444,-44.343,20.751959,0.033190,8.683,6.719,6.886,0.000000
24.523041,-44.771,6.519543,0.034876,8.683,6.719,6.886,0.000000
24.607929,-44.382,-33.065079,0.033354,8.683,6.719,6.886,0.000000
24.693108,-44.528,12.000287,0.033924,8.683,6.719,6.886,0.000000
24.778585,-44.214,54.615520,0.032726,8.683,6.719,6.886,0.000000
24.864359,-44.227,55.522339,0.032778,8.683,6.719,6.886,0.000000
24.950430,-44.279,31.764633,0.032981,8.683,6.719,6.886,0.000000
25.036798,-44.348,23.497038,0.033249,8.683,6.719,6.886,0.000000
25.123466,-44.288,2.315416,0.033028,8.683,6.719,6.886,0.000000
25.210434,-44.088,-8.256500,0.032281,8.683,6.719,6.886,0.000000
25.297697,-43.607,-38.281677,0.030541,8.683,6.719,6.886,0.000000
25.385267,-44.142,-104.524414,0.032480,8.683,6.719,6.886,0.000000
25.473143,-44.727,-1.977873,0.034743,8.683,6.719,6.886,0.000000
25.561321,-44.105,-125.075798,0.032342,8.683,6.719,6.886,0.000000
25.649803,-43.976,-31.081642,0.031866,8.683,6.719,6.886,0.000000
25.738594,-44.725,-27.283127,0.034734,8.683,6.719,6.886,0.000000
25.827690,-44.872,-62.114162,0.035330,8.683,6.719,6.886,0.000000
25.917089,-46.504,-82.479355,0.042639,8.683,6.719,6.886,0.000000
26.006805,-46.788,-78.995193,0.044067,8.683,6.719,6.886,0.000000
26.096830,-47.136,-42.627117,0.045874,8.683,6.719,6.886,0.000000
26.187168,-46.949,-52.920311,0.044906,8.683,6.719,6.886,0.000000
26.277819,-47.072,-57.666370,0.045554,8.683,6.719,6.886,0.000000
26.368782,-46.028,-40.692200,0.040403,8.683,6.719,6.886,0.000000
26.460054,-45.173,-59.462704,0.036621,8.683,6.719,6.886,0.000000
26.551649,-44.943,-55.859737,0.035671,8.683,6.719,6.886,0.000000
26.643560,-44.285,-74.846886,0.033075,8.683,6.719,6.886,0.000000
26.735790,-43.622,-89.962173,0.030647,8.683,6.719,6.886,0.000000
26.828339,-43.340,-112.140427,0.029675,8.683,6.719,6.886,0.000000
26.921207,-43.091,-115.731461,0.028843,8.683,6.719,6.886,0.000000
27.014399,-43.015,-109.367302,0.028593,8.683,6.719,6.886,0.000000
27.107912,-42.857,-141.053177,0.028077,8.683,6.719,6.886,0.000000
27.201744,-42.742,-150.170395,0.027710,8.683,6.719,6.886,0.000000
27.295906,-42.328,-178.855942,0.026419,8.683,6.719,6.886,0.000000
27.390394,-43.074,171.802704,0.028790,8.683,6.719,6.886,0.000000
27.485209,-43.525,152.173187,0.030324,8.683,6.719,6.886,0.000000
27.580351,-44.407,152.438858,0.033565,8.683,6.719,6.886,0.000000
27.675825,-45.063,35.565186,0.036201,8.683,6.719,6.886,0.000000
27.771622,-44.762,-116.199570,0.034973,8.683,6.719,6.886,0.000000
27.867756,-44.091,-35.887249,0.032380,8.683,6.719,6.886,0.000000
27.964224,-43.979,-56.521530,0.031968,8.683,6.719,6.886,0.000000
28.061024,-44.656,-38.630581,0.034567,8.683,6.719,6.886,0.000000
28.158161,-45.526,-60.711731,0.038213,8.683,6.719,6.886,0.000000
28.255634,-45.689,-80.951935,0.038943,8.683,6.719,6.886,0.000000
28.353443,-45.557,-78.946983,0.038365,8.683,6.719,6.886,0.000000
28.451593,-46.191,-90.793114,0.041276,8.683,6.719,6.886,0.000000
28.550081,-45.635,-77.077255,0.038724,8.683,6.719,6.886,0.000000
28.648903,-44.717,-87.439415,0.034846,8.683,6.719,6.886,0.000000
28.748075,-45.126,-84.309265,0.036536,8.683,6.719,6.886,0.000000
28.847589,-45.572,-87.296638,0.038467,8.683,6.719,6.886,0.000000
28.947449,-45.769,-74.152649,0.039351,8.683,6.719,6.886,0.000000
29.047655,-45.611,-83.449402,0.038645,8.683,6.719,6.886,0.000000
29.148207,-44.259,-29.469515,0.033074,8.683,6.719,6.886,0.000000
29.249100,-42.961,-29.506788,0.028483,8.683,6.719,6.886,0.000000
29.350348,-43.185,-32.395496,0.029226,8.683,6.719,6.886,0.000000
29.451948,-41.364,-25.448545,0.023700,8.683,6.719,6.886,0.000000
29.553900,-39.734,-47.754765,0.019645,8.683,6.719,6.886,0.000000
29.656204,-38.616,-48.373360,0.017274,8.683,6.719,6.886,0.000000
29.758862,-38.172,-34.986320,0.016416,8.683,6.719,6.886,0.000000
29.861876,-37.861,-63.377811,0.015840,8.683,6.719,6.886,0.000000
29.965246,-38.164,-98.070580,0.016405,8.683,6.719,6.886,0.000000
30.068968,-37.643,-94.259796,0.015453,8.683,6.719,6.886,0.000000
30.173054,-37.550,-117.033142,0.015292,8.683,6.719,6.886,0.000000
30.277502,-37.540,-120.434471,0.015277,8.683,6.719,6.886,0.000000
30.382311,-37.424,-142.335724,0.015076,8.683,6.719,6.886,0.000000
30.487482,-38.414,-141.907272,0.016898,8.683,6.719,6.886,0.000000
30.593019,-39.290,-138.669403,0.018695,8.683,6.719,6.886,0.000000
30.698914,-40.210,-135.148712,0.020789,8.683,6.719,6.886,0.000000
30.805182,-40.302,-128.147263,0.021013,8.683,6.719,6.886,0.000000
30.911816,-41.038,-128.879944,0.022875,8.683,6.719,6.886,0.000000
31.018822,-39.173,-130.583130,0.018458,8.683,6.719,6.886,0.000000
31.126196,-38.267,-121.537338,0.016630,8.683,6.719,6.886,0.000000
31.233944,-36.552,-122.301514,0.013650,8.683,6.719,6.886,0.000000
31.342064,-36.586,-131.183304,0.013703,8.683,6.719,6.886,0.000000
31.450558,-36.508,-132.508087,0.013581,8.683,6.719,6.886,0.000000
31.559420,-35.408,-144.241821,0.011965,8.683,6.719,6.886,0.000000
31.668667,-35.175,-144.454865,0.011649,8.683,6.719,6.886,0.000000
31.778292,-34.098,-152.520370,0.010292,8.683,6.719,6.886,0.000000
31.888296,-34.182,-158.714920,0.010393,8.683,6.719,6.886,0.000000
31.998680,-33.836,-164.780685,0.009989,8.683,6.719,6.886,0.000000
32.109447,-34.221,-166.082886,0.010443,8.683,6.719,6.886,0.000000
32.220600,-33.881,-174.231705,0.010044,8.683,6.719,6.886,0.000000
32.332127,-34.155,-176.156906,0.010368,8.683,6.719,6.886,0.000000
32.444046,-33.045,-175.275558,0.009125,8.683,6.719,6.886,0.000000
32.556355,-31.321,-176.358734,0.007484,8.683,6.719,6.886,0.000000
32.669052,-31.892,179.291031,0.007994,8.683,6.719,6.886,0.000000
32.782143,-31.350,167.435272,0.007512,8.683,6.719,6.886,0.000000
32.895622,-30.987,168.632629,0.007206,8.683,6.719,6.886,0.000000
33.009491,-30.917,165.346512,0.007149,8.683,6.719,6.886,0.000000
33.123760,-30.452,160.934341,0.006778,8.683,6.719,6.886,0.000000
33.238411,-30.333,156.038696,0.006687,8.683,6.719,6.886,0.000000
33.353470,-30.160,148.130539,0.006554,8.683,6.719,6.886,0.000000
33.468929,-30.244,142.789734,0.006618,8.683,6.719,6.886,0.000000
33.584785,-30.669,136.940414,0.006950,8.683,6.719,6.886,0.000000
33.701042,-31.245,136.269638,0.007426,8.683,6.719,6.886,0.000000
33.817696,-30.848,135.033676,0.007095,8.683,6.719,6.886,0.000000
33.934757,-31.344,136.947403,0.007511,8.683,6.719,6.886,0.000000
34.052227,-31.448,129.326340,0.007603,8.683,6.719,6.886,0.000000
34.170105,-30.837,125.414001,0.007087,8.683,6.719,6.886,0.000000
34.288387,-31.089,117.894836,0.007297,8.683,6.719,6.886,0.000000
34.407082,-30.809,111.697693,0.007067,8.683,6.719,6.886,0.000000
34.526184,-30.440,108.227707,0.006774,8.683,6.719,6.886,0.000000
34.645702,-30.360,106.335060,0.006713,8.683,6.719,6.886,0.000000
34.765621,-29.948,98.408829,0.006403,8.683,6.719,6.886,0.000000
34.885967,-29.954,96.740250,0.006409,8.683,6.719,6.886,0.000000
35.006729,-29.615,92.271935,0.006165,8.683,6.719,6.886,0.000000
35.127911,-29.140,84.248825,0.005838,8.683,6.719,6.886,0.000000
35.249508,-29.168,81.966141,0.005858,8.683,6.719,6.886,0.000000
35.371529,-28.992,77.472076,0.005741,8.683,6.719,6.886,0.000000
35.493965,-28.802,72.309540,0.005617,8.683,6.719,6.886,0.000000
35.616829,-28.526,69.264725,0.005443,8.683,6.719,6.886,0.000000
35.740120,-28.504,65.580856,0.005429,8.683,6.719,6.886,0.000000
35.863842,-28.259,60.714725,0.005278,8.683,6.719,6.886,0.000000
35.987988,-28.246,57.611805,0.005270,8.683,6.719,6.886,0.000000
36.112564,-28.221,54.973400,0.005255,8.683,6.719,6.886,0.000000
36.237572,-27.783,50.750923,0.004997,8.683,6.719,6.886,0.000000
36.363010,-27.921,48.385273,0.005077,8.683,6.719,6.886,0.000000
36.488888,-27.714,44.241848,0.004957,8.683,6.719,6.886,0.000000
36.615189,-27.945,40.209522,0.005091,8.683,6.719,6.886,0.000000
36.741936,-28.008,37.743885,0.005129,8.683,6.719,6.886,0.000000
36.869122,-27.704,36.335678,0.004954,8.683,6.719,6.886,0.000000
36.996750,-27.765,31.888847,0.004990,8.683,6.719,6.886,0.000000
37.124817,-27.593,29.615253,0.004893,8.683,6.719,6.886,0.000000
37.253323,-27.596,26.319386,0.004896,8.683,6.719,6.886,0.000000
37.382278,-27.588,23.212166,0.004892,8.683,6.719,6.886,0.000000
37.511681,-27.746,22.374710,0.004982,8.683,6.719,6.886,0.000000
37.641533,-27.491,18.929304,0.004839,8.683,6.719,6.886,0.000000
37.771832,-27.536,15.741813,0.004865,8.683,6.719,6.886,0.000000
37.902584,-27.448,11.760206,0.004817,8.683,6.719,6.886,0.000000
38.033791,-27.277,10.101940,0.004724,8.683,6.719,6.886,0.000000
38.165447,-27.551,6.857075,0.004876,8.683,6.719,6.886,0.000000
38.297562,-27.806,4.249598,0.005021,8.683,6.719,6.886,0.000000
38.430122,-27.678,3.093652,0.004948,8.683,6.719,6.886,0.000000
38.563152,-27.778,-0.774486,0.005005,8.683,6.719,6.886,0.000000
38.696644,-27.740,-3.258613,0.004984,8.683,6.719,6.886,0.000000
38.830597,-27.729,-7.346740,0.004977,8.683,6.719,6.886,0.000000
38.965015,-27.740,-9.758731,0.004984,8.683,6.719,6.886,0.000000
39.099895,-27.787,-11.847777,0.005010,8.683,6.719,6.886,0.000000
39.235237,-27.978,-13.786545,0.005122,8.683,6.719,6.886,0.000000
39.371052,-27.700,-16.728685,0.004963,8.683,6.719,6.886,0.000000
39.507339,-27.595,-19.429895,0.004903,8.683,6.719,6.886,0.000000
39.644100,-27.500,-23.034409,0.004851,8.683,6.719,6.886,0.000000
39.781334,-27.571,-25.099569,0.004892,8.683,6.719,6.886,0.000000
39.919041,-27.437,-28.404871,0.004818,8.683,6.719,6.886,0.000000
40.057224,-27.365,-30.845554,0.004779,8.683,6.719,6.886,0.000000
40.195889,-27.270,-32.892338,0.004728,8.683,6.719,6.886,0.000000
40.335030,-27.256,-36.731430,0.004721,8.683,6.719,6.886,0.000000
40.474644,-27.334,-36.631310,0.004764,8.683,6.719,6.886,0.000000
40.614754,-27.182,-38.201691,0.004682,8.683,6.719,6.886,0.000000
40.755344,-27.214,-39.665318,0.004701,8.683,6.719,6.886,0.000000
40.896423,-27.010,-41.256741,0.004592,8.683,6.719,6.886,0.000000
41.037983,-27.039,-42.682144,0.004607,8.683,6.719,6.886,0.000000
41.180042,-27.015,-45.352184,0.004595,8.683,6.719,6.886,0.000000
41.322590,-27.018,-45.000397,0.004596,8.683,6.719,6.886,0.000000
41.465633,-26.750,-46.064522,0.004457,8.683,6.719,6.886,0.000000
41.609173,-26.786,-46.212978,0.004475,8.683,6.719,6.886,0.000000
41.753204,-26.315,-47.505878,0.004239,8.683,6.719,6.886,0.000000
41.897739,-26.236,-50.190109,0.004201,8.683,6.719,6.886,0.000000
42.042774,-26.049,-50.881966,0.004112,8.683,6.719,6.886,0.000000
42.188309,-25.738,-53.203545,0.003968,8.683,6.719,6.886,0.000000
42.334339,-25.465,-55.541573,0.003846,8.683,6.719,6.886,0.000000
42.480885,-25.249,-57.358002,0.003752,8.683,6.719,6.886,0.000000
42.627937,-24.963,-59.490749,0.003631,8.683,6.719,6.886,0.000000
42.775497,-24.693,-64.286934,0.003521,8.683,6.719,6.886,0.000000
42.923573,-24.609,-67.814995,0.003488,8.683,6.719,6.886,0.000000
43.072155,-24.596,-70.523407,0.003483,8.683,6.719,6.886,0.000000
43.221245,-24.590,-72.500252,0.003481,8.683,6.719,6.886,0.000000
43.370861,-24.468,-75.719955,0.003433,8.683,6.719,6.886,0.000000
43.520992,-24.417,-80.146317,0.003413,8.683,6.719,6.886,0.000000
43.671646,-24.409,-82.773399,0.003411,8.683,6.719,6.886,0.000000
43.822823,-24.410,-85.638908,0.003412,8.683,6.719,6.886,0.000000
43.974518,-24.421,-89.540779,0.003416,8.683,6.719,6.886,0.000000
44.126743,-24.404,-91.847816,0.003410,8.683,6.719,6.886,0.000000
44.279491,-24.350,-94.685379,0.003389,8.683,6.719,6.886,0.000000
44.432770,-24.223,-98.023674,0.003340,8.683,6.719,6.886,0.000000
44.586567,-24.143,-102.820396,0.003309,8.683,6.719,6.886,0.000000
44.740910,-24.186,-104.330948,0.003325,8.683,6.719,6.886,0.000000
44.895786,-24.137,-108.429985,0.003306,8.683,6.719,6.886,0.000000
45.051197,-24.137,-112.939621,0.003307,8.683,6.719,6.886,0.000000
45.207138,-24.213,-114.267914,0.003337,8.683,6.719,6.886,0.000000
45.363636,-24.272,-117.635239,0.003360,8.683,6.719,6.886,0.000000
45.520660,-24.193,-121.610039,0.003330,8.683,6.719,6.886,0.000000
45.678234,-24.332,-124.471916,0.003385,8.683,6.719,6.886,0.000000
45.836353,-24.455,-127.141823,0.003434,8.683,6.719,6.886,0.000000
45.995022,-24.595,-130.768127,0.003490,8.683,6.719,6.886,0.000000
46.154240,-24.623,-133.137985,0.003502,8.683,6.719,6.886,0.000000
46.314007,-24.833,-136.576294,0.003588,8.683,6.719,6.886,0.000000
46.474327,-24.979,-138.306839,0.003650,8.683,6.719,6.886,0.000000
46.635193,-24.926,-139.921814,0.003628,8.683,6.719,6.886,0.000000
46.796627,-25.016,-142.240128,0.003666,8.683,6.719,6.886,0.000000
46.958618,-25.292,-145.536270,0.003785,8.683,6.719,6.886,0.000000
47.121170,-25.513,-147.295227,0.003883,8.683,6.719,6.886,0.000000
47.284286,-25.709,-149.673355,0.003972,8.683,6.719,6.886,0.000000
47.447968,-25.973,-151.747543,0.004094,8.683,6.719,6.886,0.000000
47.612202,-26.470,-153.960922,0.004336,8.683,6.719,6.886,0.000000
47.777020,-26.755,-154.864334,0.004480,8.683,6.719,6.886,0.000000
47.942402,-26.865,-156.616058,0.004537,8.683,6.719,6.886,0.000000
48.108360,-27.079,-159.423019,0.004650,8.683,6.719,6.886,0.000000
48.274895,-27.537,-160.604721,0.004903,8.683,6.719,6.886,0.000000
48.442005,-27.773,-161.889313,0.005039,8.683,6.719,6.886,0.000000
48.609692,-27.965,-163.098038,0.005152,8.683,6.719,6.886,0.000000
48.777958,-28.196,-164.192505,0.005292,8.683,6.719,6.886,0.000000
48.946812,-28.402,-165.204880,0.005420,8.683,6.719,6.886,0.000000
49.116234,-28.501,-166.281296,0.005483,8.683,6.719,6.886,0.000000
49.286255,-28.696,-166.646530,0.005609,8.683,6.719,6.886,0.000000
49.456863,-28.645,-166.932541,0.005577,8.683,6.719,6.886,0.000000
49.628067,-28.877,-167.470428,0.005729,8.683,6.719,6.886,0.000000
49.799858,-28.740,-167.596283,0.005640,8.683,6.719,6.886,0.000000
49.972248,-28.816,-168.194717,0.005690,8.683,6.719,6.886,0.000000
50.145218,-28.571,-169.102081,0.005533,8.683,6.719,6.886,0.000000
50.318802,-28.592,-170.559982,0.005547,8.683,6.719,6.886,0.000000
50.492989,-28.405,-172.124435,0.005430,8.683,6.719,6.886,0.000000
50.667774,-28.420,-174.755341,0.005439,8.683,6.719,6.886,0.000000
50.843166,-28.298,-176.939850,0.005363,8.683,6.719,6.886,0.000000
51.019169,-28.257,179.858490,0.005338,8.683,6.719,6.886,0.000000
51.195774,-28.275,177.258392,0.005349,8.683,6.719,6.886,0.000000
51.372997,-28.296,174.702484,0.005362,8.683,6.719,6.886,0.000000
51.550816,-28.394,173.773148,0.005423,8.683,6.719,6.886,0.000000
51.729267,-28.475,171.363907,0.005474,8.683,6.719,6.886,0.000000
51.908333,-28.661,169.995895,0.005594,8.683,6.719,6.886,0.000000
52.088020,-29.009,168.015549,0.005823,8.683,6.719,6.886,0.000000
52.268330,-29.387,167.933487,0.006084,8.683,6.719,6.886,0.000000
52.449261,-29.830,168.303940,0.006403,8.683,6.719,6.886,0.000000
52.630810,-30.281,168.005249,0.006745,8.683,6.719,6.886,0.000000
52.812996,-30.773,169.133972,0.007139,8.683,6.719,6.886,0.000000
52.995815,-31.100,169.554001,0.007415,8.683,6.719,6.886,0.000000
53.179264,-31.618,168.444641,0.007872,8.683,6.719,6.886,0.000000
53.363350,-32.275,170.377731,0.008492,8.683,6.719,6.886,0.000000
53.548077,-32.569,171.901932,0.008786,8.683,6.719,6.886,0.000000
53.733437,-32.985,173.663391,0.009219,8.683,6.719,6.886,0.000000
53.919441,-33.025,177.120239,0.009263,8.683,6.719,6.886,0.000000
54.106079,-32.928,177.622620,0.009161,8.683,6.719,6.886,0.000000
54.293373,-33.115,178.631332,0.009361,8.683,6.719,6.886,0.000000
54.481316,-32.852,-178.646530,0.009080,8.683,6.719,6.886,0.000000
54.669895,-32.597,-178.266724,0.008818,8.683,6.719,6.886,0.000000
54.859169,-32.648,-176.770233,0.008870,8.683,6.719,6.886,0.000000
55.049042,-32.198,-174.979492,0.008422,8.683,6.719,6.886,0.000000
55.239601,-31.793,-174.708313,0.008039,8.683,6.719,6.886,0.000000
55.430820,-31.456,-175.041412,0.007734,8.683,6.719,6.886,0.000000
55.622700,-31.145,-175.917847,0.007463,8.683,6.719,6.886,0.000000
55.815247,-31.137,-175.895798,0.007457,8.683,6.719,6.886,0.000000
56.008457,-30.865,-176.086670,0.007229,8.683,6.719,6.886,0.000000
56.202335,-30.401,-176.515335,0.006854,8.683,6.719,6.886,0.000000
56.396889,-30.180,-176.265732,0.006682,8.683,6.719,6.886,0.000000
56.592110,-29.803,-176.347107,0.006400,8.683,6.719,6.886,0.000000
56.788010,-29.608,-176.445831,0.006259,8.683,6.719,6.886,0.000000
56.984589,-29.260,-176.010864,0.006014,8.683,6.719,6.886,0.000000
57.181820,-28.977,-176.023926,0.005822,8.683,6.719,6.886,0.000000
57.379791,-28.667,-176.458359,0.005619,8.683,6.719,6.886,0.000000
57.578388,-28.291,-176.829575,0.005382,8.683,6.719,6.886,0.000000
57.777702,-27.776,-177.728638,0.005073,8.683,6.719,6.886,0.000000
57.977707,-27.498,-179.309921,0.004914,8.683,6.719,6.886,0.000000
58.178406,-27.194,178.962540,0.004745,8.683,6.719,6.886,0.000000
58.379795,-26.830,177.322601,0.004550,8.683,6.719,6.886,0.000000
58.581886,-26.475,174.918640,0.004368,8.683,6.719,6.886,0.000000
58.784672,-26.184,172.741104,0.004224,8.683,6.719,6.886,0.000000
58.988163,-25.865,169.874298,0.004072,8.683,6.719,6.886,0.000000
59.192356,-25.657,167.755814,0.003975,8.683,6.719,6.886,0.000000
59.397259,-25.594,165.183029,0.003947,8.683,6.719,6.886,0.000000
59.602867,-25.450,162.488632,0.003883,8.683,6.719,6.886,0.000000
59.809193,-25.450,160.548874,0.003884,8.683,6.719,6.886,0.000000
60.016228,-25.257,157.689041,0.003799,8.683,6.719,6.886,0.000000
60.223953,-25.350,155.133865,0.003840,8.683,6.719,6.886,0.000000
60.432423,-25.381,153.850861,0.003855,8.683,6.719,6.886,0.000000
60.641617,-25.490,152.198074,0.003904,8.683,6.719,6.886,0.000000
60.851536,-25.627,149.908157,0.003968,8.683,6.719,6.886,0.000000
61.062180,-25.771,148.658051,0.004036,8.683,6.719,6.886,0.000000
61.273556,-25.939,148.390457,0.004116,8.683,6.719,6.886,0.000000
61.485661,-26.049,147.166031,0.004170,8.683,6.719,6.886,0.000000
61.698502,-26.204,146.498154,0.004246,8.683,6.719,6.886,0.000000
61.912075,-26.349,146.328217,0.004320,8.683,6.719,6.886,0.000000
62.126392,-26.410,147.012466,0.004351,8.683,6.719,6.886,0.000000
62.341450,-26.230,147.345551,0.004262,8.683,6.719,6.886,0.000000
62.557251,-25.982,148.113983,0.004143,8.683,6.719,6.886,0.000000
62.773800,-25.749,148.392014,0.004034,8.683,6.719,6.886,0.000000
62.991070,-25.289,148.961365,0.003827,8.683,6.719,6.886,0.000000
63.209152,-24.878,149.110947,0.003650,8.682,6.758,6.928,0.000000
63.427925,-24.509,149.033051,0.003499,8.681,6.799,6.971,0.000000
63.647522,-23.955,148.241974,0.003284,8.680,6.840,7.014,0.000000
63.867813,-23.571,147.780106,0.003143,8.679,6.881,7.057,0.000000
64.088898,-23.124,146.189423,0.002986,8.677,6.923,7.101,0.000000
64.310753,-22.721,144.392105,0.002852,8.676,6.964,7.145,0.000000
64.533371,-22.325,141.962296,0.002726,8.675,7.005,7.188,0.000000
64.756760,-21.968,138.720749,0.002617,8.674,7.047,7.232,0.000000
64.980919,-21.678,135.707901,0.002532,8.672,7.089,7.277,0.000000
65.205864,-21.384,132.957764,0.002448,8.671,7.131,7.321,0.000000
65.431580,-21.014,130.152649,0.002346,8.670,7.173,7.365,0.000000
65.658081,-20.870,127.992859,0.002308,8.668,7.215,7.410,0.000000
65.885361,-20.328,124.396973,0.002169,8.667,7.258,7.455,0.000000
66.113434,-19.980,121.405670,0.002084,8.666,7.300,7.500,0.000000
66.342262,-19.638,115.388382,0.002004,8.665,7.343,7.545,0.000000
66.571945,-19.580,112.538872,0.001991,8.663,7.386,7.590,0.000000
66.802353,-19.333,107.679611,0.001936,8.662,7.429,7.635,0.000000
67.033600,-18.971,104.274193,0.001858,8.661,7.472,7.681,0.000000
67.265648,-18.790,99.329857,0.001821,8.659,7.515,7.727,0.000000
67.498489,-18.688,96.097168,0.001801,8.658,7.559,7.772,0.000000
67.732147,-18.653,92.277786,0.001794,8.657,7.602,7.818,0.000000
67.966606,-18.826,89.623581,0.001831,8.655,7.646,7.865,0.000000
68.201881,-18.929,85.652138,0.001854,8.654,7.690,7.911,0.000000
68.437973,-19.082,82.390572,0.001887,8.653,7.734,7.957,0.000000
68.674881,-19.096,78.040642,0.001891,8.652,7.778,8.004,0.000000
68.912605,-19.251,74.791557,0.001926,8.650,7.823,8.051,0.000000
69.151154,-19.565,70.924652,0.001998,8.649,7.867,8.098,0.000000
69.390495,-19.778,67.112762,0.002048,8.647,7.912,8.145,0.000000
69.630730,-20.046,61.723175,0.002113,8.646,7.957,8.192,0.000000
69.871735,-20.400,56.141453,0.002201,8.645,8.002,8.240,0.000000
70.113640,-20.619,51.227295,0.002258,8.643,8.047,8.287,0.000000
70.356308,-21.072,45.991421,0.002380,8.642,8.092,8.335,0.000000
70.599854,-21.506,41.516937,0.002503,8.641,8.137,8.383,0.000000
70.844246,-22.004,39.063808,0.002651,8.639,8.183,8.431,0.000000
71.089478,-22.462,36.492050,0.002796,8.638,8.229,8.480,0.000000
71.335564,-23.018,32.989723,0.002981,8.637,8.275,8.528,0.000000
71.582504,-23.565,31.184505,0.003177,8.635,8.321,8.577,0.000000
71.830292,-24.067,29.554323,0.003367,8.634,8.367,8.626,0.000000
72.078941,-24.674,27.515366,0.003612,8.632,8.413,8.675,0.000000
72.328453,-25.161,27.254349,0.003821,8.631,8.460,8.724,0.000000
72.578827,-25.781,27.167515,0.004106,8.630,8.507,8.773,0.000000
72.830063,-26.357,27.530327,0.004389,8.628,8.554,8.822,0.000000
73.082176,-26.656,28.120043,0.004544,8.627,8.601,8.872,0.000000
73.335159,-27.221,28.265306,0.004851,8.625,8.648,8.922,0.000000
73.588982,-27.921,29.373135,0.005260,8.624,8.695,8.972,0.000000
73.843719,-28.272,29.389902,0.005479,8.622,8.743,9.022,0.000000
74.099335,-28.725,29.658302,0.005774,8.621,8.790,9.072,0.000000
74.355843,-29.064,30.090881,0.006006,8.620,8.838,9.123,0.000000
74.613228,-29.495,29.780758,0.006314,8.618,8.886,9.174,0.000000
74.871513,-29.988,30.337143,0.006684,8.617,8.935,9.224,0.000000
75.130692,-30.433,31.490986,0.007036,8.615,8.983,9.276,0.000000
75.390762,-30.822,32.003632,0.007360,8.614,9.031,9.327,0.000000
75.651733,-31.157,32.705872,0.007650,8.612,9.080,9.378,0.000000
75.913612,-31.349,33.001560,0.007822,8.611,9.129,9.430,0.000000
76.176399,-31.741,35.105137,0.008185,8.609,9.178,9.481,0.000000
76.440094,-31.846,37.794094,0.008286,8.608,9.227,9.533,0.000000
76.704697,-32.166,40.261612,0.008598,8.606,9.277,9.586,0.000000
76.970184,-32.345,43.172485,0.008779,8.605,9.326,9.638,0.000000
77.236664,-32.536,45.489407,0.008975,8.603,9.376,9.690,0.000000
77.503990,-32.499,48.139633,0.008938,8.602,9.426,9.743,0.000000
77.772278,-32.468,50.429478,0.008909,8.600,9.476,9.796,0.000000
78.041496,-32.443,53.117321,0.008884,8.599,9.526,9.849,0.000000
78.311646,-32.343,56.659645,0.008785,8.597,9.577,9.902,0.000000
78.582733,-32.090,58.662472,0.008534,8.596,9.627,9.955,0.000000
78.854752,-31.916,60.217827,0.008366,8.594,9.678,10.009,0.000000
79.127716,-31.649,61.947754,0.008114,8.593,9.729,10.063,0.000000
79.401627,-31.252,63.360516,0.007753,8.591,9.780,10.117,0.000000
79.676483,-30.730,64.210030,0.007302,8.590,9.831,10.171,0.000000
79.952293,-30.334,63.790756,0.006978,8.588,9.883,10.225,0.000000
80.229057,-30.028,64.406181,0.006736,8.586,9.934,10.280,0.000000
80.506744,-29.764,64.601532,0.006535,8.585,9.986,10.334,0.000000
80.785469,-29.538,63.585945,0.006367,8.583,10.038,10.389,0.000000
81.065079,-29.367,63.024784,0.006243,8.582,10.090,10.444,0.000000
81.345734,-29.041,61.590889,0.006013,8.580,10.143,10.500,0.000000
81.627281,-28.860,61.246868,0.005889,8.579,10.195,10.555,0.000000
81.909843,-28.648,60.392033,0.005747,8.577,10.248,10.611,0.000000
82.193382,-28.566,59.879173,0.005693,8.575,10.301,10.667,0.000000
82.477905,-28.441,59.448708,0.005611,8.574,10.354,10.723,0.000000
82.763412,-28.148,58.616219,0.005425,8.572,10.407,10.779,0.000000
83.049904,-27.781,57.617596,0.005201,8.571,10.461,10.835,0.000000
83.337395,-27.483,57.114693,0.005025,8.569,10.514,10.892,0.000000
83.625877,-27.145,56.460636,0.004834,8.567,10.568,10.949,0.000000
83.915352,-26.839,55.667320,0.004666,8.566,10.622,11.006,0.000000
84.205795,-26.433,54.244987,0.004453,8.564,10.676,11.063,0.000000
84.497330,-26.168,52.867451,0.004320,8.562,10.731,11.120,0.000000
84.789780,-25.864,51.977852,0.004171,8.561,10.785,11.178,0.000000
85.083336,-25.508,50.096661,0.004004,8.559,10.840,11.236,0.000000
85.377815,-25.182,47.517181,0.003856,8.558,10.895,11.294,0.000000
85.673363,-24.960,45.635101,0.003759,8.556,10.950,11.352,0.000000
85.969933,-24.708,43.715347,0.003651,8.554,11.006,11.410,0.000000
86.267525,-24.486,41.579166,0.003558,8.553,11.061,11.469,0.000000
86.566154,-24.268,38.915604,0.003469,8.551,11.117,11.528,0.000000
86.865814,-24.076,35.780342,0.003393,8.549,11.173,11.587,0.000000
87.166504,-23.921,32.977680,0.003332,8.547,11.229,11.646,0.000000
87.468246,-23.688,29.237553,0.003243,8.546,11.285,11.705,0.000000
87.771027,-23.533,26.208689,0.003186,8.544,11.342,11.765,0.000000
88.074852,-23.331,21.540770,0.003112,8.542,11.398,11.825,0.000000
88.379738,-23.241,18.062046,0.003080,8.541,11.455,11.885,0.000000
88.685677,-23.087,15.911076,0.003026,8.539,11.512,11.945,0.000000
88.992668,-22.991,10.864952,0.002993,8.537,11.570,12.006,0.000000
89.300682,-23.096,7.055994,0.003029,8.535,11.627,12.066,0.000000
89.609810,-23.249,2.835563,0.003083,8.534,11.685,12.127,0.000000
89.920006,-23.409,-1.459124,0.003140,8.532,11.743,12.188,0.000000
90.231270,-23.701,-4.991239,0.003247,8.530,11.801,12.250,0.000000
90.543617,-24.139,-8.755326,0.003414,8.528,11.859,12.311,0.000000
90.857048,-24.578,-12.472516,0.003591,8.527,11.918,12.373,0.000000
91.171562,-25.164,-15.703198,0.003841,8.525,11.976,12.435,0.000000
91.487160,-25.814,-19.448759,0.004138,8.523,12.035,12.497,0.000000
91.803856,-26.709,-21.491249,0.004587,8.521,12.094,12.559,0.000000
92.121643,-27.262,-22.250408,0.004888,8.520,12.154,12.622,0.000000
92.440536,-28.028,-22.790190,0.005339,8.518,12.213,12.685,0.000000
92.760529,-28.666,-23.120079,0.005746,8.516,12.273,12.748,0.000000
93.081627,-29.421,-23.206240,0.006267,8.514,12.333,12.811,0.000000
93.403793,-29.962,-22.065401,0.006670,8.512,12.393,12.874,0.000000
93.727173,-30.558,-20.616081,0.007144,8.511,12.453,12.938,0.000000
94.051575,-30.918,-17.886677,0.007446,8.509,12.514,13.002,0.000000
94.377190,-31.165,-15.333109,0.007660,8.507,12.574,13.066,0.000000
94.703842,-31.424,-12.819315,0.007890,8.505,12.635,13.130,0.000000
95.031670,-31.632,-9.495444,0.008080,8.503,12.697,13.195,0.000000
95.360634,-31.620,-6.749097,0.008068,8.501,12.758,13.260,0.000000
95.690735,-31.534,-3.378562,0.007986,8.499,12.820,13.325,0.000000
96.021980,-31.250,-0.391761,0.007728,8.498,12.881,13.390,0.000000
96.354370,-31.026,2.297911,0.007530,8.496,12.943,13.455,0.000000
96.687912,-30.812,4.655943,0.007345,8.494,13.006,13.521,0.000000
97.022606,-30.520,5.630558,0.007102,8.492,13.068,13.587,0.000000
97.358459,-30.285,7.394845,0.006911,8.490,13.131,13.653,0.000000
97.695435,-29.904,7.689391,0.006613,8.488,13.194,13.720,0.000000
98.033661,-29.459,7.760262,0.006282,8.486,13.257,13.786,0.000000
98.372971,-29.070,6.878773,0.006006,8.484,13.320,13.853,0.000000
98.713547,-28.778,7.907351,0.005807,8.482,13.384,13.920,0.000000
99.055214,-28.304,7.029784,0.005498,8.481,13.447,13.987,0.000000
99.398102,-27.825,5.657797,0.005203,8.479,13.511,14.055,0.000000
99.742180,-27.315,3.963475,0.004906,8.477,13.576,14.123,0.000000
100.087448,-26.788,2.039897,0.004618,8.475,13.640,14.191,0.000000
100.433914,-26.296,-0.054021,0.004363,8.473,13.705,14.259,0.000000
100.781578,-25.780,-3.101494,0.004112,8.471,13.769,14.327,0.000000
101.130447,-25.380,-6.610621,0.003926,8.469,13.835,14.396,0.000000
101.480522,-24.992,-10.129090,0.003754,8.467,13.900,14.465,0.000000
101.831802,-24.623,-15.617098,0.003597,8.465,13.965,14.534,0.000000
102.184258,-24.359,-20.306707,0.003489,8.463,14.031,14.604,0.000000
102.538033,-24.210,-24.361954,0.003429,8.461,14.097,14.673,0.000000
102.892975,-24.064,-29.418131,0.003371,8.459,14.163,14.743,0.000000
103.249153,-23.989,-34.721947,0.003342,8.457,14.230,14.813,0.000000
103.606514,-23.986,-39.980503,0.003340,8.455,14.297,14.884,0.000000
103.965157,-24.087,-44.613430,0.003378,8.453,14.364,14.954,0.000000
104.325050,-24.228,-49.413727,0.003433,8.451,14.431,15.025,0.000000
104.686180,-24.365,-53.987671,0.003487,8.449,14.498,15.096,0.000000
105.048561,-24.509,-57.701286,0.003545,8.447,14.566,15.168,0.000000
105.412201,-24.711,-61.824596,0.003627,8.445,14.634,15.239,0.000000
105.777100,-24.945,-66.271126,0.003726,8.443,14.702,15.311,0.000000
106.143257,-25.240,-70.249817,0.003854,8.441,14.770,15.383,0.000000
106.510689,-25.511,-74.224083,0.003975,8.439,14.839,15.456,0.000000
106.879387,-25.862,-77.970642,0.004139,8.437,14.907,15.528,0.000000
107.249359,-26.110,-82.380310,0.004258,8.434,14.976,15.601,0.000000
107.620613,-26.441,-86.594208,0.004423,8.432,15.046,15.674,0.000000
107.993156,-26.741,-91.090210,0.004577,8.430,15.115,15.748,0.000000
108.366936,-27.025,-95.027290,0.004728,8.428,15.185,15.821,0.000000
108.742065,-27.393,-99.735619,0.004932,8.426,15.255,15.895,0.000000
109.118484,-27.719,-104.431160,0.005120,8.424,15.325,15.969,0.000000
109.496208,-28.056,-109.228905,0.005321,8.422,15.396,16.044,0.000000
109.875244,-28.383,-113.809921,0.005525,8.420,15.466,16.118,0.000000
110.255592,-28.821,-120.229675,0.005809,8.418,15.537,16.193,0.000000
110.637253,-29.233,-126.001953,0.006090,8.415,15.609,16.268,0.000000
111.020241,-29.636,-131.414902,0.006377,8.413,15.680,16.344,0.000000
111.404549,-30.159,-136.790268,0.006771,8.411,15.752,16.420,0.000000
111.790184,-30.827,-142.521271,0.007310,8.409,15.824,16.496,0.000000
112.177162,-31.475,-149.281952,0.007873,8.407,15.896,16.572,0.000000
112.565475,-32.071,-153.785904,0.008430,8.405,15.968,16.648,0.000000
112.955132,-32.834,-158.689270,0.009200,8.402,16.041,16.725,0.000000
113.346085,-33.647,-162.782974,0.010100,8.400,16.114,16.802,0.000000
113.738503,-34.401,-166.955597,0.011015,8.398,16.187,16.879,0.000000
114.132164,-35.230,-171.210709,0.012115,8.396,16.261,16.957,0.000000
114.527306,-36.068,-176.794189,0.013340,8.393,16.334,17.035,0.000000
114.923698,-36.733,178.342072,0.014400,8.391,16.408,17.113,0.000000
115.321518,-37.387,172.808182,0.015524,8.389,16.483,17.191,0.000000
115.720718,-37.975,167.970612,0.016608,8.387,16.557,17.270,0.000000
116.121300,-38.575,162.974457,0.017792,8.385,16.632,17.349,0.000000
116.523270,-39.080,156.923264,0.018855,8.382,16.707,17.428,0.000000
116.926628,-39.395,152.251495,0.019546,8.380,16.782,17.507,0.000000
117.331383,-39.636,146.703888,0.020094,8.378,16.858,17.587,0.000000
117.737541,-39.742,141.227814,0.020335,8.375,16.933,17.667,0.000000
118.145103,-39.570,135.690109,0.019935,8.373,17.010,17.747,0.000000
118.554016,-39.397,130.584412,0.019537,8.371,17.086,17.828,0.000000
118.964462,-39.146,125.981323,0.018977,8.369,17.162,17.908,0.000000
119.376213,-38.967,121.537857,0.018588,8.366,17.239,17.990,0.000000
119.789505,-38.903,114.787079,0.018448,8.364,17.316,18.071,0.000000
120.204117,-38.895,106.216629,0.018427,8.362,17.394,18.153,0.000000
120.620216,-38.680,100.590935,0.017974,8.359,17.471,18.235,0.000000
121.037758,-38.308,95.609840,0.017218,8.357,17.549,18.317,0.000000
121.456741,-38.239,92.275887,0.017081,8.354,17.628,18.399,0.000000
121.877174,-38.345,87.727272,0.017289,8.352,17.706,18.482,0.000000
122.299072,-38.561,83.041145,0.017726,8.350,17.785,18.565,0.000000
122.722420,-38.418,78.123917,0.017435,8.347,17.864,18.649,0.000000
123.147240,-38.523,74.344261,0.017648,8.345,17.943,18.732,0.000000
123.573532,-38.303,73.241081,0.017206,8.343,18.023,18.816,0.000000
124.001297,-37.790,72.489616,0.016220,8.340,18.102,18.900,0.000000
124.430542,-37.617,69.802078,0.015897,8.338,18.182,18.985,0.000000
124.861267,-37.369,65.457901,0.015447,8.335,18.263,19.070,0.000000
125.293488,-37.155,62.146683,0.015068,8.334,18.281,19.088,0.000000
125.727150,-36.849,60.118225,0.014545,8.334,18.270,19.074,0.000000
126.162369,-36.508,59.254665,0.013982,8.334,18.258,19.061,0.000000
126.599091,-36.515,57.236755,0.013991,8.334,18.247,19.047,0.000000
127.037331,-36.183,54.284645,0.013464,8.333,18.236,19.033,0.000000
127.477089,-36.095,52.114017,0.013329,8.333,18.224,19.019,0.000000
127.918365,-36.110,47.560265,0.013351,8.333,18.213,19.005,0.000000
128.361160,-36.284,47.695812,0.013622,8.333,18.201,18.991,0.000000
128.805511,-36.293,45.901615,0.013636,8.332,18.190,18.978,0.000000
129.251373,-36.133,43.570103,0.013387,8.332,18.178,18.964,0.000000
129.698792,-35.998,40.247459,0.013180,8.332,18.166,18.949,0.000000
130.147766,-35.861,38.003677,0.012975,8.332,18.155,18.935,0.000000
130.598282,-35.771,34.804955,0.012844,8.331,18.143,18.921,0.000000
131.050369,-35.743,33.562962,0.012804,8.331,18.131,18.907,0.000000
131.503952,-35.787,33.550037,0.012871,8.331,18.119,18.893,0.000000
131.959229,-35.362,34.612995,0.012259,8.331,18.107,18.878,0.000000
132.415955,-35.253,33.929852,0.012108,8.330,18.096,18.864,0.000000
132.874329,-34.983,29.978342,0.011739,8.330,18.084,18.850,0.000000
133.334290,-34.471,30.427195,0.011069,8.330,18.072,18.835,0.000000
133.795853,-34.408,30.616461,0.010988,8.329,18.060,18.821,0.000000
134.259003,-34.389,28.089479,0.010965,8.329,18.048,18.806,0.000000
134.723755,-34.238,27.529396,0.010776,8.329,18.035,18.791,0.000000
135.190109,-34.281,22.360178,0.010828,8.329,18.023,18.777,0.000000
135.658081,-34.310,19.043642,0.010865,8.328,18.011,18.762,0.000000
136.127686,-34.679,13.841404,0.011337,8.328,17.999,18.747,0.000000
136.598907,-34.623,9.994884,0.011265,8.328,17.987,18.733,0.000000
137.071762,-35.278,12.384368,0.012150,8.328,17.974,18.718,0.000000
137.546249,-36.229,8.603369,0.013558,8.327,17.962,18.703,0.000000
138.022385,-36.376,5.858923,0.013793,8.327,17.950,18.688,0.000000
138.500092,-36.812,6.885966,0.014504,8.327,17.937,18.673,0.000000
138.979599,-37.021,11.606537,0.014860,8.326,17.925,18.658,0.000000
139.460617,-37.130,10.140660,0.015050,8.326,17.912,18.643,0.000000
139.943375,-36.927,11.070893,0.014702,8.326,17.900,18.627,0.000000
140.427811,-36.684,13.970674,0.014296,8.326,17.887,18.612,0.000000
140.913925,-36.475,12.249113,0.013957,8.325,17.874,18.597,0.000000
141.401703,-35.948,10.951047,0.013135,8.325,17.862,18.582,0.000000
141.891190,-35.750,8.973705,0.012839,8.325,17.849,18.566,0.000000
142.382355,-35.364,7.230859,0.012280,8.325,17.836,18.551,0.000000
142.875229,-35.205,-1.302648,0.012060,8.324,17.823,18.535,0.000000
143.369812,-35.054,-8.207126,0.011854,8.324,17.810,18.520,0.000000
143.866104,-35.196,-13.879853,0.012051,8.324,17.797,18.504,0.000000
144.364120,-35.263,-22.074986,0.012147,8.323,17.784,18.488,0.000000
144.863785,-35.595,-30.870268,0.012622,8.323,17.771,18.473,0.000000
145.365311,-36.008,-39.761356,0.013240,8.323,17.758,18.457,0.000000
145.868439,-36.588,-49.153061,0.014156,8.322,17.745,18.441,0.000000
146.373383,-37.473,-58.180721,0.015676,8.322,17.732,18.425,0.000000
146.880066,-38.473,-70.193810,0.017593,8.322,17.719,18.409,0.000000
147.388504,-39.124,-84.686996,0.018965,8.322,17.706,18.393,0.000000
147.898712,-40.025,-98.870468,0.021043,8.321,17.692,18.377,0.000000
148.410675,-40.345,-116.201553,0.021834,8.321,17.679,18.361,0.000000
148.924423,-40.972,-134.086472,0.023474,8.321,17.666,18.345,0.000000
149.439941,-41.031,-151.493805,0.023637,8.320,17.652,18.329,0.000000
149.957245,-40.882,-168.083298,0.023239,8.320,17.639,18.313,0.000000
150.476334,-40.542,176.467590,0.022351,8.320,17.625,18.296,0.000000
150.997238,-39.519,166.099609,0.019871,8.320,17.612,18.280,0.000000
151.519852,-38.496,155.752472,0.017667,8.319,17.598,18.263,0.000000
152.044434,-37.713,147.339783,0.016147,8.319,17.584,18.247,0.000000
152.570679,-37.076,138.309387,0.015008,8.319,17.571,18.230,0.000000
153.098892,-36.350,130.712845,0.013804,8.318,17.557,18.214,0.000000
153.628784,-35.743,124.652695,0.012873,8.318,17.543,18.197,0.000000
154.160660,-35.054,119.259750,0.011891,8.318,17.529,18.180,0.000000
154.694229,-34.448,115.023590,0.011089,8.317,17.515,18.164,0.000000
155.229797,-33.919,109.981247,0.010434,8.317,17.502,18.147,0.000000
155.767075,-33.584,106.660423,0.010040,8.317,17.488,18.130,0.000000
156.306274,-33.182,102.694695,0.009586,8.316,17.473,18.113,0.000000
156.847351,-32.885,99.992279,0.009264,8.316,17.459,18.096,0.000000
157.390305,-32.574,97.125702,0.008938,8.316,17.445,18.079,0.000000
157.935120,-32.392,94.292580,0.008753,8.316,17.431,18.062,0.000000
158.481750,-32.186,92.086121,0.008547,8.315,17.417,18.045,0.000000
159.030441,-32.035,90.868156,0.008400,8.315,17.403,18.027,0.000000
159.580856,-31.958,89.313774,0.008325,8.315,17.388,18.010,0.000000
160.133347,-31.795,88.699562,0.008171,8.314,17.374,17.993,0.000000
160.687592,-31.640,88.111984,0.008027,8.314,17.359,17.975,0.000000
161.243912,-31.367,87.962364,0.007778,8.314,17.345,17.958,0.000000
161.801987,-31.158,87.307007,0.007593,8.313,17.330,17.940,0.000000
162.362167,-30.748,88.020805,0.007244,8.313,17.316,17.923,0.000000
162.924133,-30.285,87.551125,0.006867,8.313,17.301,17.905,0.000000
163.488113,-29.774,86.708710,0.006475,8.312,17.286,17.887,0.000000
164.054047,-29.196,85.511467,0.006058,8.312,17.272,17.869,0.000000
164.621933,-28.590,83.939148,0.005650,8.312,17.257,17.852,0.000000
165.191788,-28.148,82.246803,0.005369,8.311,17.242,17.834,0.000000
165.763535,-27.601,80.118324,0.005042,8.311,17.227,17.816,0.000000
166.337433,-27.254,77.641548,0.004844,8.311,17.212,17.798,0.000000
166.913147,-26.931,74.894501,0.004667,8.310,17.197,17.780,0.000000
167.491013,-26.587,71.603195,0.004486,8.310,17.182,17.761,0.000000
168.070801,-26.332,69.584938,0.004356,8.310,17.167,17.743,0.000000
168.652603,-26.012,67.761795,0.004198,8.309,17.152,17.725,0.000000
169.236328,-25.718,65.429901,0.004057,8.309,17.137,17.707,0.000000
169.822250,-25.430,63.286472,0.003924,8.309,17.122,17.688,0.000000
170.410019,-25.075,61.097446,0.003766,8.308,17.106,17.670,0.000000
170.999924,-24.881,58.992020,0.003683,8.308,17.091,17.651,0.000000
171.591858,-24.513,56.648724,0.003529,8.308,17.075,17.632,0.000000
172.185837,-24.270,54.425968,0.003431,8.307,17.060,17.614,0.000000
172.781876,-24.037,51.311356,0.003340,8.307,17.044,17.595,0.000000
173.379990,-23.884,48.463936,0.003281,8.307,17.029,17.576,0.000000
173.980164,-23.743,45.505013,0.003227,8.306,17.013,17.557,0.000000
174.582336,-23.611,43.152630,0.003178,8.306,16.998,17.538,0.000000
175.186752,-23.522,39.782894,0.003145,8.306,16.982,17.519,0.000000
175.793182,-23.474,36.824074,0.003127,8.305,16.966,17.500,0.000000
176.401703,-23.423,34.202362,0.003109,8.305,16.950,17.481,0.000000
177.012253,-23.391,31.097759,0.003097,8.304,16.934,17.462,0.000000
177.625092,-23.324,28.516111,0.003072,8.304,16.918,17.443,0.000000
178.239883,-23.316,25.610537,0.003069,8.304,16.902,17.424,0.000000
178.856964,-23.301,22.361792,0.003063,8.303,16.886,17.404,0.000000
179.476013,-23.419,19.342695,0.003104,8.303,16.870,17.385,0.000000
180.097290,-23.468,16.375132,0.003122,8.303,16.854,17.365,0.000000
180.720718,-23.659,13.698195,0.003191,8.302,16.838,17.346,0.000000
181.346298,-23.878,10.991056,0.003271,8.302,16.821,17.326,0.000000
181.974045,-24.103,9.233962,0.003357,8.302,16.805,17.306,0.000000
182.603882,-24.376,8.444188,0.003463,8.301,16.789,17.286,0.000000
183.236084,-24.625,7.109762,0.003563,8.301,16.772,17.266,0.000000
183.870377,-24.791,6.654173,0.003631,8.301,16.756,17.247,0.000000
184.506866,-24.971,6.329771,0.003706,8.300,16.739,17.226,0.000000
185.145462,-25.158,6.583544,0.003786,8.300,16.723,17.206,0.000000
185.786453,-25.185,6.864479,0.003796,8.299,16.706,17.186,0.000000
186.429489,-25.110,7.541731,0.003762,8.299,16.689,17.166,0.000000
187.074921,-24.992,7.435555,0.003710,8.299,16.672,17.146,0.000000
187.722412,-24.838,6.182806,0.003644,8.298,16.655,17.125,0.000000
188.372238,-24.604,5.428670,0.003545,8.298,16.639,17.105,0.000000
189.024307,-24.440,3.672500,0.003478,8.298,16.622,17.084,0.000000
189.678650,-24.288,1.744048,0.003416,8.297,16.604,17.064,0.000000
190.335236,-24.159,-0.633371,0.003365,8.297,16.587,17.043,0.000000
190.994110,-24.096,-3.408774,0.003339,8.296,16.570,17.023,0.000000
191.655258,-24.190,-6.119161,0.003374,8.296,16.553,17.002,0.000000
192.318695,-24.335,-8.230754,0.003430,8.296,16.536,16.981,0.000000
192.984421,-24.445,-9.374363,0.003473,8.295,16.518,16.960,0.000000
193.652374,-24.529,-10.748757,0.003505,8.295,16.501,16.939,0.000000
194.322815,-24.656,-12.232950,0.003556,8.294,16.484,16.918,0.000000
194.995392,-24.722,-13.363254,0.003581,8.294,16.466,16.897,0.000000
195.670486,-24.769,-14.356619,0.003600,8.294,16.448,16.876,0.000000
196.347733,-24.766,-15.577482,0.003597,8.293,16.431,16.854,0.000000
197.027405,-24.754,-16.966938,0.003591,8.293,16.413,16.833,0.000000
197.709442,-24.685,-18.209620,0.003561,8.292,16.395,16.811,0.000000
198.393829,-24.588,-20.170677,0.003520,8.292,16.378,16.790,0.000000
199.080597,-24.554,-22.855104,0.003506,8.292,16.360,16.768,0.000000
199.769745,-24.563,-24.734751,0.003508,8.291,16.342,16.747,0.000000
200.461258,-24.675,-27.241207,0.003552,8.291,16.324,16.725,0.000000
201.155182,-24.777,-29.461046,0.003593,8.291,16.306,16.703,0.000000
201.851501,-24.909,-31.728603,0.003646,8.290,16.288,16.681,0.000000
202.550232,-25.048,-33.935566,0.003703,8.290,16.269,16.659,0.000000
203.251389,-25.251,-36.101940,0.003789,8.289,16.251,16.637,0.000000
203.954865,-25.451,-37.999310,0.003876,8.289,16.233,16.615,0.000000
204.660980,-25.655,-39.872829,0.003965,8.288,16.214,16.593,0.000000
205.369339,-25.873,-42.139679,0.004064,8.288,16.196,16.571,0.000000
206.080246,-26.131,-44.340950,0.004184,8.288,16.177,16.548,0.000000
206.793625,-26.418,-46.110565,0.004323,8.287,16.159,16.526,0.000000
207.509567,-26.764,-48.036819,0.004497,8.287,16.140,16.503,0.000000
208.227783,-27.079,-50.134262,0.004662,8.286,16.121,16.481,0.000000
208.948685,-27.466,-51.976177,0.004873,8.286,16.103,16.458,0.000000
209.671890,-27.827,-53.448399,0.005078,8.286,16.084,16.435,0.000000
210.397690,-28.319,-54.593609,0.005372,8.285,16.065,16.413,0.000000
211.126007,-28.770,-55.579082,0.005656,8.285,16.046,16.390,0.000000
211.856842,-29.391,-56.429050,0.006072,8.284,16.027,16.367,0.000000
212.590210,-29.941,-56.718540,0.006466,8.284,16.008,16.344,0.000000
213.326019,-30.556,-56.024601,0.006937,8.283,15.989,16.321,0.000000
214.064575,-31.145,-53.084187,0.007419,8.283,15.969,16.297,0.000000
214.805481,-31.684,-50.572163,0.007891,8.283,15.950,16.274,0.000000
215.549057,-32.123,-46.868896,0.008295,8.282,15.931,16.251,0.000000
216.295197,-32.369,-43.237648,0.008529,8.282,15.911,16.227,0.000000
217.044037,-32.426,-39.344578,0.008582,8.281,15.892,16.204,0.000000
217.795258,-32.276,-35.491653,0.008433,8.281,15.872,16.180,0.000000
218.549286,-31.970,-31.802450,0.008138,8.280,15.853,16.156,0.000000
219.305710,-31.553,-29.002342,0.007754,8.280,15.833,16.133,0.000000
220.064865,-30.975,-27.649317,0.007253,8.280,15.813,16.109,0.000000
220.826645,-30.550,-27.744368,0.006904,8.279,15.793,16.085,0.000000
221.591064,-30.112,-27.584173,0.006562,8.279,15.774,16.061,0.000000
222.358124,-29.612,-28.743618,0.006193,8.278,15.754,16.037,0.000000
223.127731,-29.187,-30.699492,0.005895,8.278,15.734,16.012,0.000000
223.900223,-28.894,-33.039368,0.005698,8.277,15.713,15.988,0.000000
224.675171,-28.694,-35.674473,0.005566,8.277,15.693,15.964,0.000000
225.453018,-28.442,-38.149998,0.005405,8.276,15.673,15.939,0.000000
226.233337,-28.290,-40.911575,0.005309,8.276,15.653,15.915,0.000000
227.016586,-28.206,-44.116489,0.005256,8.276,15.632,15.890,0.000000
227.802322,-28.099,-47.035313,0.005190,8.275,15.612,15.865,0.000000
228.590988,-28.156,-50.283367,0.005222,8.275,15.591,15.841,0.000000
229.382187,-28.260,-52.887764,0.005284,8.274,15.571,15.816,0.000000
230.176208,-28.395,-55.444660,0.005364,8.274,15.550,15.791,0.000000
230.972992,-28.506,-57.452488,0.005432,8.273,15.529,15.766,0.000000
231.772537,-28.637,-60.088684,0.005512,8.273,15.508,15.741,0.000000
232.574844,-28.863,-62.210964,0.005656,8.272,15.488,15.715,0.000000
233.379822,-28.966,-64.330948,0.005721,8.272,15.467,15.690,0.000000
234.187805,-29.151,-66.142143,0.005842,8.271,15.446,15.665,0.000000
234.998352,-29.312,-68.004097,0.005950,8.271,15.424,15.639,0.000000
235.811935,-29.476,-70.000061,0.006061,8.270,15.403,15.614,0.000000
236.628113,-29.542,-72.285088,0.006105,8.270,15.382,15.588,0.000000
237.447342,-29.676,-75.187187,0.006197,8.270,15.361,15.562,0.000000
238.269180,-29.853,-78.241737,0.006323,8.269,15.339,15.536,0.000000
239.094101,-30.022,-81.201660,0.006445,8.269,15.318,15.510,0.000000
239.921631,-30.256,-84.205193,0.006619,8.268,15.296,15.484,0.000000
240.752151,-30.543,-87.058586,0.006839,8.268,15.275,15.458,0.000000
241.585541,-30.788,-90.950920,0.007032,8.267,15.253,15.432,0.000000
242.421814,-31.114,-94.557198,0.007299,8.267,15.231,15.406,0.000000
243.260986,-31.424,-97.727829,0.007563,8.266,15.209,15.380,0.000000
244.102951,-31.914,-101.341263,0.008000,8.266,15.187,15.353,0.000000
244.948059,-32.281,-104.173698,0.008344,8.265,15.165,15.326,0.000000
245.795975,-32.727,-107.139938,0.008782,8.265,15.143,15.300,0.000000
246.646820,-33.246,-110.678658,0.009321,8.264,15.121,15.273,0.000000
247.500626,-33.696,-113.986168,0.009815,8.264,15.099,15.246,0.000000
248.357376,-34.243,-117.405518,0.010450,8.263,15.077,15.219,0.000000
249.216980,-34.850,-121.666367,0.011204,8.263,15.054,15.192,0.000000
250.079788,-35.365,-126.473717,0.011884,8.262,15.031,15.165,0.000000
250.945343,-35.922,-131.001831,0.012665,8.262,15.000,15.134,0.000000
251.814026,-36.585,-136.502457,0.013666,8.262,14.970,15.103,0.000000
252.685715,-37.507,-142.892654,0.015191,8.262,14.939,15.072,0.000000
253.560410,-38.439,-147.936874,0.016905,8.262,14.908,15.040,0.000000
254.438141,-39.554,-152.277252,0.019217,8.262,14.877,15.009,0.000000
255.318909,-40.547,-157.662109,0.021541,8.262,14.846,14.977,0.000000
256.202728,-41.943,-161.218750,0.025293,8.262,14.815,14.946,0.000000
257.089600,-43.232,-167.076782,0.029332,8.262,14.783,14.914,0.000000
257.979553,-44.745,-175.281311,0.034907,8.262,14.752,14.882,0.000000
258.872559,-46.196,173.334839,0.041250,8.262,14.720,14.850,0.000000
259.768677,-47.249,156.399109,0.046559,8.262,14.688,14.818,0.000000
260.667786,-47.721,134.048645,0.049145,8.262,14.657,14.786,0.000000
261.570251,-48.337,106.791435,0.052738,8.262,14.625,14.754,0.000000
262.475555,-48.442,85.212555,0.053356,8.261,14.593,14.721,0.000000
263.384277,-47.890,63.517532,0.050058,8.261,14.561,14.689,0.000000
264.295898,-47.016,51.469921,0.045247,8.261,14.528,14.656,0.000000
265.210785,-46.199,40.508148,0.041171,8.261,14.496,14.624,0.000000
266.128845,-44.980,30.241201,0.035770,8.261,14.464,14.591,0.000000
267.050201,-43.811,22.437056,0.031260,8.261,14.431,14.558,0.000000
267.974518,-42.773,14.867611,0.027733,8.261,14.398,14.525,0.000000
268.902130,-41.785,5.978794,0.024748,8.261,14.366,14.491,0.000000
269.832977,-40.726,-4.643633,0.021903,8.261,14.333,14.458,0.000000
270.767029,-39.888,-11.217089,0.019886,8.261,14.300,14.425,0.000000
271.704315,-39.025,-19.535126,0.018003,8.261,14.267,14.391,0.000000
272.644714,-38.258,-28.452415,0.016478,8.261,14.233,14.358,0.000000
273.588654,-37.633,-37.293137,0.015332,8.261,14.200,14.324,0.000000
274.535583,-37.015,-46.868458,0.014276,8.261,14.167,14.290,0.000000
275.486053,-36.589,-56.901207,0.013589,8.261,14.133,14.256,0.000000
276.439545,-36.105,-67.946968,0.012851,8.261,14.099,14.222,0.000000
277.396454,-35.876,-78.946579,0.012514,8.261,14.065,14.188,0.000000
278.356689,-35.643,-90.003876,0.012181,8.261,14.032,14.153,0.000000
279.320404,-35.310,-101.614540,0.011721,8.260,13.997,14.119,0.000000
280.287170,-34.999,-112.802666,0.011307,8.260,13.963,14.084,0.000000
281.257416,-34.706,-124.000603,0.010930,8.260,13.929,14.049,0.000000
282.231018,-34.409,-134.955185,0.010560,8.260,13.895,14.015,0.000000
283.207977,-34.048,-146.792374,0.010129,8.260,13.860,13.980,0.000000
284.188354,-33.688,-157.538544,0.009716,8.260,13.825,13.945,0.000000
285.171967,-33.261,-168.450485,0.009249,8.260,13.791,13.909,0.000000
286.159271,-32.820,-178.827362,0.008790,8.260,13.756,13.874,0.000000
287.149689,-32.476,170.567307,0.008446,8.260,13.721,13.839,0.000000
288.143829,-32.268,160.206665,0.008245,8.260,13.686,13.803,0.000000
289.141144,-32.075,150.341232,0.008062,8.260,13.650,13.767,0.000000
290.142029,-31.844,140.630280,0.007849,8.260,13.615,13.732,0.000000
291.146393,-31.698,131.170731,0.007717,8.260,13.579,13.696,0.000000
292.154358,-31.684,121.967613,0.007704,8.260,13.544,13.660,0.000000
293.165558,-31.728,112.922897,0.007743,8.260,13.508,13.623,0.000000
294.180389,-31.759,103.764565,0.007771,8.260,13.472,13.587,0.000000
295.198730,-31.838,94.910736,0.007842,8.260,13.436,13.551,0.000000
296.220581,-31.935,86.792702,0.007930,8.259,13.400,13.514,0.000000
297.246002,-32.186,78.216476,0.008163,8.259,13.364,13.477,0.000000
298.274933,-32.547,69.645027,0.008509,8.259,13.328,13.441,0.000000
299.307465,-33.050,61.791779,0.009015,8.259,13.291,13.404,0.000000
300.343414,-33.470,52.702110,0.009460,8.259,13.254,13.367,0.000000
301.383209,-34.031,43.497860,0.010089,8.259,13.218,13.329,0.000000
302.426361,-34.894,31.984854,0.011142,8.259,13.181,13.292,0.000000
303.473389,-35.989,18.860043,0.012636,8.259,13.144,13.255,0.000000
304.523743,-37.233,4.029304,0.014580,8.259,13.107,13.217,0.000000
305.578033,-38.479,-9.576747,0.016827,8.259,13.069,13.179,0.000000
306.635681,-39.369,-30.269083,0.018641,8.259,13.032,13.142,0.000000
307.697266,-39.831,-69.145576,0.019660,8.259,12.994,13.104,0.000000
308.762268,-40.302,-125.419083,0.020756,8.259,12.957,13.066,0.000000
309.831085,-40.548,-154.104599,0.021352,8.259,12.919,13.027,0.000000
310.903595,-39.959,-170.414352,0.019951,8.259,12.881,12.989,0.000000
311.979828,-38.729,179.169006,0.017318,8.258,12.843,12.950,0.000000
313.059784,-36.964,168.446915,0.014131,8.258,12.805,12.912,0.000000
314.143311,-35.211,159.265381,0.011547,8.258,12.767,12.873,0.000000
315.230927,-33.669,153.322037,0.009668,8.258,12.728,12.834,0.000000
316.322113,-32.381,147.086456,0.008334,8.258,12.690,12.795,0.000000
317.417114,-31.166,141.473267,0.007244,8.258,12.651,12.756,0.000000
318.515747,-30.073,134.995865,0.006387,8.258,12.612,12.717,0.000000
319.618469,-29.166,127.892822,0.005752,8.258,12.573,12.677,0.000000
320.724701,-28.455,119.866020,0.005299,8.258,12.534,12.638,0.000000
321.835083,-27.887,111.344559,0.004963,8.258,12.495,12.598,0.000000
322.949005,-27.509,103.272926,0.004751,8.258,12.455,12.558,0.000000
324.066925,-27.297,95.381615,0.004636,8.258,12.416,12.518,0.000000
325.188721,-27.236,88.015549,0.004602,8.258,12.376,12.478,0.000000
326.314392,-27.325,80.669350,0.004649,8.258,12.336,12.438,0.000000
327.443970,-27.531,74.565315,0.004760,8.258,12.297,12.397,0.000000
328.577301,-27.877,69.198532,0.004953,8.257,12.256,12.357,0.000000
329.714874,-28.309,65.313332,0.005206,8.257,12.216,12.316,0.000000
330.856232,-28.904,62.853806,0.005575,8.257,12.176,12.275,0.000000
332.001526,-29.483,62.097130,0.005959,8.257,12.135,12.234,0.000000
333.150635,-29.927,62.592941,0.006272,8.257,12.095,12.193,0.000000
334.304016,-30.292,63.763214,0.006541,8.257,12.054,12.152,0.000000
335.461090,-30.447,65.273872,0.006658,8.257,12.013,12.110,0.000000
336.622498,-30.357,67.256607,0.006588,8.257,11.972,12.069,0.000000
337.787598,-30.151,69.002914,0.006433,8.257,11.931,12.027,0.000000
338.956879,-29.831,70.557602,0.006199,8.257,11.890,11.985,0.000000
340.130219,-29.343,70.635094,0.005859,8.257,11.848,11.943,0.000000
341.307617,-28.735,70.417152,0.005462,8.257,11.807,11.901,0.000000
342.489105,-28.121,68.892593,0.005089,8.257,11.765,11.859,0.000000
343.674652,-27.590,66.436600,0.004786,8.257,11.723,11.817,0.000000
344.864319,-27.127,63.952576,0.004537,8.256,11.681,11.774,0.000000
346.058105,-26.727,60.939404,0.004332,8.256,11.639,11.731,0.000000
347.256042,-26.318,57.515976,0.004132,8.256,11.596,11.688,0.000000
348.457947,-25.961,54.147060,0.003965,8.256,11.554,11.645,0.000000
349.664337,-25.588,50.255634,0.003798,8.256,11.511,11.602,0.000000
350.874573,-25.265,45.868111,0.003658,8.256,11.468,11.559,0.000000
352.089325,-25.019,41.374844,0.003555,8.256,11.425,11.516,0.000000
353.307953,-24.805,36.395676,0.003467,8.256,11.382,11.472,0.000000
354.530975,-24.686,31.484928,0.003419,8.256,11.339,11.428,0.000000
355.758240,-24.596,25.874012,0.003382,8.256,11.296,11.384,0.000000
356.989716,-24.594,20.550247,0.003381,8.256,11.252,11.340,0.000000
358.225494,-24.656,14.911060,0.003404,8.256,11.209,11.296,0.000000
359.465515,-24.815,9.026728,0.003466,8.256,11.165,11.252,0.000000
360.709869,-25.032,3.064299,0.003552,8.256,11.121,11.207,0.000000
361.958496,-25.344,-2.744952,0.003682,8.255,11.077,11.162,0.000000
363.211456,-25.714,-8.470592,0.003841,8.255,11.032,11.118,0.000000
364.468750,-26.202,-14.067739,0.004063,8.255,10.988,11.073,0.000000
365.730408,-26.794,-19.695999,0.004348,8.255,10.943,11.028,0.000000
366.996246,-27.461,-24.824991,0.004695,8.255,10.899,10.982,0.000000
368.266815,-28.210,-29.290627,0.005116,8.255,10.854,10.937,0.000000
369.541443,-29.084,-33.462200,0.005656,8.255,10.809,10.891,0.000000
370.820648,-29.937,-37.140289,0.006237,8.255,10.763,10.845,0.000000
372.104309,-30.875,-40.680866,0.006946,8.255,10.718,10.800,0.000000
373.392395,-31.863,-44.188835,0.007780,8.255,10.673,10.753,0.000000
374.684937,-32.982,-47.440174,0.008847,8.255,10.627,10.707,0.000000
375.982117,-34.121,-50.741295,0.010083,8.255,10.581,10.661,0.000000
377.283447,-35.297,-53.943611,0.011542,8.255,10.535,10.614,0.000000
378.589447,-36.580,-58.873806,0.013378,8.254,10.489,10.568,0.000000
379.899994,-38.018,-64.257477,0.015784,8.254,10.443,10.521,0.000000
381.215057,-39.502,-70.930840,0.018722,8.254,10.396,10.474,0.000000
382.534668,-40.987,-77.724144,0.022209,8.254,10.349,10.426,0.000000
383.858673,-41.791,-84.082893,0.024359,8.254,10.303,10.379,0.000000
385.187622,-42.006,-109.357101,0.024964,8.254,10.256,10.331,0.000000
386.520813,-41.636,111.267815,0.023913,8.254,10.209,10.284,0.000000
387.859009,-40.696,99.894264,0.021454,8.254,10.161,10.236,0.000000
389.201416,-39.512,94.301788,0.018713,8.254,10.114,10.188,0.000000
390.548889,-38.086,88.113281,0.015875,8.254,10.066,10.140,0.000000
391.900635,-36.650,80.959305,0.013451,8.254,10.018,10.091,0.000000
393.257416,-35.444,72.980461,0.011702,8.254,9.970,10.043,0.000000
394.618530,-34.440,66.869118,0.010423,8.253,9.922,9.994,0.000000
395.984558,-33.589,61.310604,0.009449,8.253,9.874,9.945,0.000000
397.355316,-32.862,56.361145,0.008688,8.253,9.826,9.896,0.000000
398.730804,-32.296,51.467972,0.008139,8.253,9.777,9.847,0.000000
400.111053,-31.711,46.612705,0.007608,8.253,9.728,9.798,0.000000
401.495880,-31.224,41.166664,0.007192,8.253,9.679,9.748,0.000000
402.885895,-30.863,35.442841,0.006897,8.253,9.630,9.698,0.000000
404.280365,-30.597,28.901117,0.006688,8.253,9.581,9.648,0.000000
405.679993,-30.479,21.929436,0.006597,8.253,9.531,9.598,0.000000
407.084106,-30.518,14.665404,0.006625,8.253,9.482,9.548,0.000000
408.493500,-30.758,7.296504,0.006810,8.253,9.432,9.498,0.000000
409.907349,-31.203,-0.163973,0.007167,8.253,9.382,9.447,0.000000
411.326477,-31.858,-6.140467,0.007727,8.252,9.332,9.396,0.000000
412.750122,-32.659,-10.585552,0.008471,8.252,9.281,9.345,0.000000
414.178925,-33.662,-13.911283,0.009507,8.252,9.231,9.294,0.000000
415.612640,-34.715,-15.845622,0.010730,8.252,9.180,9.243,0.000000
417.051331,-35.844,-15.285789,0.012218,8.252,9.129,9.192,0.000000
418.494995,-36.786,-14.044632,0.013616,8.252,9.078,9.140,0.000000
419.943481,-37.793,-11.830976,0.015286,8.252,9.027,9.088,0.000000
421.397369,-38.469,-9.515405,0.016519,8.252,8.976,9.036,0.000000
422.855865,-39.133,-6.835749,0.017829,8.252,8.924,8.984,0.000000
424.319855,-39.683,-4.228969,0.018992,8.252,8.873,8.932,0.000000
425.788666,-40.209,0.353569,0.020174,8.252,8.821,8.879,0.000000
427.262604,-40.712,5.664361,0.021373,8.251,8.769,8.826,0.000000
428.741394,-41.016,11.866165,0.022132,8.251,8.716,8.773,0.000000
430.225739,-41.021,17.813650,0.022140,8.251,8.664,8.720,0.000000
431.714813,-40.730,24.409021,0.021406,8.251,8.611,8.667,0.000000
433.209259,-40.321,30.253660,0.020420,8.251,8.558,8.614,0.000000
434.708862,-39.819,35.815334,0.019275,8.251,8.505,8.560,0.000000
436.213654,-38.965,39.538605,0.017469,8.251,8.452,8.506,0.000000
437.723663,-38.156,41.701153,0.015917,8.251,8.399,8.452,0.000000
439.238892,-37.356,41.606178,0.014516,8.251,8.345,8.398,0.000000
440.759369,-36.576,39.732609,0.013269,8.251,8.291,8.343,0.000000
442.285095,-36.102,36.068897,0.012564,8.251,8.238,8.289,0.000000
443.816132,-35.760,31.314522,0.012079,8.250,8.183,8.234,0.000000
445.352448,-35.770,25.838099,0.012093,8.250,8.129,8.179,0.000000
446.894073,-35.931,20.465933,0.012319,8.250,8.075,8.124,0.000000
448.440857,-36.289,16.365273,0.012838,8.250,8.020,8.069,0.000000
449.993408,-36.891,14.506713,0.013758,8.250,7.965,8.013,0.000000
451.550873,-37.406,15.004187,0.014599,8.250,7.910,7.957,0.000000
453.114197,-37.983,17.196787,0.015602,8.250,7.855,7.901,0.000000
454.682495,-38.416,20.385365,0.016403,8.250,7.799,7.845,0.000000
456.256409,-38.798,24.687132,0.017143,8.250,7.744,7.789,0.000000
457.835815,-38.835,30.118671,0.017221,8.250,7.688,7.733,0.000000
459.420654,-38.441,36.208626,0.016460,8.250,7.632,7.676,0.000000
461.010986,-37.702,41.688763,0.015119,8.249,7.576,7.619,0.000000
462.606842,-36.680,45.479034,0.013443,8.249,7.519,7.562,0.000000
464.208221,-35.515,46.489071,0.011756,8.249,7.463,7.505,0.000000
465.815125,-34.506,44.802742,0.010468,8.249,7.406,7.447,0.000000
467.427582,-33.598,39.612179,0.009428,8.249,7.349,7.389,0.000000
469.045410,-33.110,33.553646,0.008914,8.249,7.292,7.332,0.000000
470.669312,-32.924,26.078485,0.008724,8.249,7.234,7.273,0.000000
472.298340,-32.988,17.581209,0.008789,8.249,7.177,7.215,0.000000
473.933502,-33.287,8.976820,0.009097,8.249,7.119,7.157,0.000000
475.573853,-33.916,0.117899,0.009781,8.249,7.061,7.098,0.000000
477.220093,-34.889,-5.871122,0.010943,8.248,7.003,7.039,0.000000
478.872040,-36.377,-10.748011,0.012990,8.248,6.944,6.980,0.000000
480.529724,-38.142,-6.627079,0.015919,8.248,6.886,6.921,0.000000
482.193146,-39.451,1.783531,0.018512,8.248,6.827,6.861,0.000000
483.862305,-40.126,14.246009,0.020012,8.248,6.768,6.802,0.000000
485.537262,-40.206,28.394098,0.020200,8.248,6.709,6.742,0.000000
487.217987,-39.971,42.239201,0.019665,8.248,6.649,6.681,0.000000
488.904541,-39.372,53.886654,0.018356,8.248,6.590,6.621,0.000000
490.596710,-38.470,62.975254,0.016549,8.248,6.530,6.561,0.000000
492.295197,-37.091,69.486465,0.014123,8.248,6.470,6.500,0.000000
493.999115,-35.805,69.621544,0.012180,8.247,6.410,6.439,0.000000
495.709381,-34.741,65.985863,0.010778,8.247,6.349,6.378,0.000000
497.425110,-33.876,62.639248,0.009759,8.247,6.289,6.316,0.000000
499.147003,-33.135,60.531193,0.008962,8.247,6.228,6.255,0.000000
500.874847,-32.411,57.936676,0.008247,8.247,6.182,6.209,0.000000
502.608917,-31.705,54.665466,0.007604,8.247,6.152,6.179,0.000000
504.348541,-31.142,51.020470,0.007129,8.247,6.121,6.148,0.000000
506.094391,-30.682,46.651226,0.006762,8.247,6.091,6.118,0.000000
507.846283,-30.387,41.973202,0.006537,8.247,6.060,6.087,0.000000
509.604279,-30.210,37.150394,0.006405,8.247,6.029,6.056,0.000000
511.368317,-30.134,33.073517,0.006350,8.247,5.999,6.025,0.000000
513.138489,-30.123,29.955164,0.006342,8.247,5.968,5.995,0.000000
514.914795,-30.167,27.361336,0.006374,8.247,5.936,5.963,0.000000
516.696960,-30.217,25.169725,0.006411,8.247,5.905,5.932,0.000000
518.485840,-30.214,23.558874,0.006408,8.247,5.874,5.901,0.000000
520.280334,-30.082,22.105682,0.006312,8.247,5.843,5.870,0.000000
522.081360,-29.975,20.893236,0.006236,8.247,5.811,5.838,0.000000
523.888611,-29.778,19.642288,0.006097,8.247,5.779,5.807,0.000000
525.702393,-29.494,18.231203,0.005902,8.247,5.748,5.775,0.000000
527.521912,-29.179,16.016697,0.005693,8.247,5.716,5.743,0.000000
529.348206,-28.860,12.908262,0.005488,8.247,5.684,5.711,0.000000
531.180359,-28.591,9.234344,0.005322,8.247,5.652,5.679,0.000000
533.019104,-28.450,5.094855,0.005236,8.247,5.619,5.647,0.000000
534.864258,-28.436,1.066833,0.005228,8.247,5.587,5.615,0.000000
536.715698,-28.492,-2.724943,0.005262,8.247,5.555,5.582,0.000000
538.573608,-28.616,-6.361750,0.005337,8.247,5.522,5.550,0.000000
540.437683,-28.807,-9.496056,0.005456,8.247,5.490,5.517,0.000000
542.308777,-29.035,-11.951900,0.005601,8.247,5.457,5.485,0.000000
544.185730,-29.279,-14.319946,0.005761,8.247,5.424,5.452,0.000000
546.069763,-29.511,-15.986001,0.005917,8.247,5.391,5.419,0.000000
547.959778,-29.701,-17.751749,0.006048,8.247,5.358,5.386,0.000000
549.856873,-29.832,-19.122433,0.006139,8.247,5.325,5.353,0.000000
551.760010,-29.910,-20.768316,0.006195,8.247,5.291,5.319,0.000000
553.670288,-29.928,-22.609167,0.006207,8.247,5.258,5.286,0.000000
555.586609,-29.972,-24.247438,0.006239,8.247,5.224,5.252,0.000000
557.509827,-30.035,-26.594490,0.006285,8.247,5.191,5.219,0.000000
559.439697,-30.034,-28.852392,0.006284,8.247,5.157,5.185,0.000000
561.376282,-30.093,-31.245056,0.006327,8.247,5.123,5.151,0.000000
563.319519,-30.119,-33.617672,0.006346,8.247,5.089,5.117,0.000000
565.269287,-30.175,-36.540817,0.006387,8.247,5.055,5.083,0.000000
567.226318,-30.200,-39.601360,0.006405,8.247,5.021,5.049,0.000000
569.189514,-30.333,-43.289421,0.006504,8.247,4.986,5.015,0.000000
571.160156,-30.469,-47.572502,0.006606,8.247,4.952,4.980,0.000000
573.136963,-30.703,-51.999504,0.006785,8.247,4.917,4.946,0.000000
575.121216,-30.993,-56.611832,0.007014,8.247,4.882,4.911,0.000000
577.111816,-31.378,-61.663616,0.007331,8.247,4.847,4.876,0.000000
579.109863,-31.842,-67.253654,0.007732,8.247,4.812,4.841,0.000000
581.114197,-32.474,-73.708611,0.008315,8.247,4.777,4.806,0.000000
583.125793,-33.228,-81.143669,0.009066,8.247,4.742,4.771,0.000000
585.144348,-34.174,-90.500877,0.010108,8.247,4.707,4.736,0.000000
587.169922,-35.250,-101.866608,0.011439,8.247,4.671,4.700,0.000000
589.202454,-36.420,-114.937454,0.013087,8.247,4.636,4.665,0.000000
591.241760,-37.359,-130.540817,0.014578,8.247,4.600,4.629,0.000000
593.288696,-38.101,-153.823685,0.015874,8.247,4.564,4.593,0.000000
595.342468,-38.495,159.869110,0.016609,8.247,4.528,4.558,0.000000
597.403320,-38.496,113.168785,0.016607,8.247,4.492,4.521,0.000000
599.471008,-38.183,89.420097,0.016018,8.247,4.456,4.485,0.000000
601.546448,-37.238,74.403236,0.014364,8.247,4.420,4.449,0.000000
603.628479,-35.815,62.778831,0.012191,8.247,4.383,4.413,0.000000
605.718262,-34.195,51.267754,0.010115,8.247,4.347,4.376,0.000000
607.814758,-32.675,41.604099,0.008490,8.247,4.310,4.339,0.000000
609.918762,-31.389,33.372952,0.007320,8.247,4.273,4.303,0.000000
612.030090,-30.370,25.257996,0.006508,8.247,4.236,4.266,0.000000
614.148682,-29.633,17.449913,0.005978,8.247,4.199,4.229,0.000000
616.274658,-29.015,9.132878,0.005566,8.247,4.162,4.192,0.000000
618.407654,-28.541,0.464971,0.005270,8.247,4.124,4.154,0.000000
620.548645,-28.287,-8.896622,0.005118,8.247,4.087,4.117,0.000000
622.696716,-28.279,-18.137947,0.005112,8.247,4.049,4.079,0.000000
624.852295,-28.589,-26.386133,0.005297,8.247,4.012,4.042,0.000000
627.015259,-29.126,-32.507668,0.005634,8.247,3.974,4.004,0.000000
629.185730,-29.727,-36.473782,0.006038,8.247,3.936,3.966,0.000000
631.363464,-30.312,-39.316551,0.006458,8.247,3.897,3.928,0.000000
633.549316,-30.844,-42.103962,0.006866,8.246,3.859,3.890,0.000000
635.742126,-31.481,-44.750767,0.007389,8.246,3.821,3.851,0.000000
637.942810,-32.264,-46.149494,0.008086,8.246,3.782,3.813,0.000000
640.151123,-33.091,-46.530338,0.008894,8.246,3.744,3.774,0.000000
642.367065,-33.962,-44.578232,0.009830,8.246,3.705,3.735,0.000000
644.590698,-34.564,-38.929768,0.010534,8.246,3.666,3.697,0.000000
646.822327,-34.571,-32.662048,0.010540,8.246,3.627,3.658,0.000000
649.061096,-34.078,-27.039780,0.009956,8.246,3.588,3.618,0.000000
651.307861,-33.215,-22.140736,0.009014,8.246,3.548,3.579,0.000000
653.562439,-32.157,-18.701809,0.007979,8.246,3.509,3.540,0.000000
655.824829,-31.063,-16.707232,0.007034,8.246,3.469,3.500,0.000000
658.095032,-29.948,-16.121349,0.006188,8.246,3.429,3.461,0.000000
660.372803,-28.925,-17.501907,0.005501,8.246,3.390,3.421,0.000000
662.659058,-28.025,-24.586433,0.004961,8.246,3.350,3.381,0.000000
664.952637,-27.540,-35.226818,0.004692,8.246,3.309,3.341,0.000000
667.254761,-27.501,-46.562572,0.004672,8.246,3.269,3.300,0.000000
669.564209,-27.844,-56.561939,0.004861,8.246,3.229,3.260,0.000000
671.882019,-28.462,-64.599426,0.005220,8.246,3.188,3.220,0.000000
674.207764,-29.295,-70.026680,0.005745,8.246,3.147,3.179,0.000000
676.541992,-30.272,-73.692268,0.006429,8.246,3.106,3.138,0.000000
678.883545,-31.393,-75.682343,0.007314,8.246,3.065,3.097,0.000000
681.233582,-32.635,-76.164108,0.008439,8.246,3.024,3.056,0.000000
683.591797,-33.889,-75.095261,0.009750,8.246,2.983,3.015,0.000000
685.958130,-35.113,-70.694839,0.011225,8.246,2.942,2.973,0.000000
688.332642,-35.775,-63.363731,0.012115,8.246,2.900,2.932,0.000000
690.715027,-35.787,-55.918541,0.012135,8.246,2.858,2.890,0.000000
693.106384,-35.371,-51.210648,0.011570,8.246,2.816,2.849,0.000000
695.505310,-34.819,-48.467541,0.010859,8.246,2.774,2.807,0.000000
697.913208,-34.363,-46.802799,0.010305,8.246,2.732,2.764,0.000000
700.328796,-33.959,-46.216644,0.009839,8.246,2.690,2.722,0.000000
702.753052,-33.670,-46.246216,0.009518,8.246,2.647,2.680,0.000000
705.185730,-33.361,-46.509125,0.009187,8.246,2.605,2.637,0.000000
707.627136,-33.216,-50.089905,0.009037,8.246,2.562,2.595,0.000000
710.076355,-33.352,-53.242809,0.009181,8.246,2.519,2.552,0.000000
712.534363,-33.646,-54.232727,0.009498,8.246,2.476,2.509,0.000000
715.000854,-33.970,-52.920067,0.009862,8.246,2.433,2.466,0.000000
717.475891,-34.128,-51.296757,0.010044,8.246,2.390,2.423,0.000000
719.959534,-33.958,-49.329765,0.009852,8.246,2.346,2.379,0.000000
722.451416,-33.595,-47.448742,0.009452,8.246,2.303,2.336,0.000000
724.952637,-32.982,-46.199310,0.008811,8.246,2.259,2.292,0.000000
727.461792,-32.207,-46.192383,0.008061,8.246,2.215,2.248,0.000000
729.980347,-31.331,-47.988945,0.007291,8.246,2.171,2.204,0.000000
732.506897,-30.508,-52.072102,0.006634,8.246,2.127,2.160,0.000000
735.042908,-29.903,-58.477734,0.006190,8.246,2.082,2.115,0.000000
737.586975,-29.625,-66.865120,0.005996,8.246,2.038,2.071,0.000000
740.140564,-29.698,-76.462372,0.006047,8.246,1.993,2.026,0.000000
742.702332,-30.138,-86.175545,0.006363,8.246,1.948,1.982,0.000000
745.273254,-30.774,-94.124893,0.006847,8.246,1.903,1.937,0.000000
747.853088,-31.640,-98.898308,0.007567,8.246,1.858,1.891,0.000000
750.441895,-32.789,-101.606972,0.008639,8.246,1.812,1.846,0.000000
753.039612,-34.254,-100.766983,0.010227,8.246,1.767,1.801,0.000000
755.646362,-35.933,-96.265541,0.012407,8.246,1.721,1.755,0.000000
758.262146,-37.332,-88.543526,0.014576,8.246,1.676,1.710,0.000000
760.886597,-37.945,-79.151321,0.015642,8.246,1.630,1.664,0.000000
763.520813,-37.578,-70.167061,0.014995,8.246,1.583,1.618,0.000000
766.163818,-36.482,-64.283005,0.013217,8.246,1.537,1.571,0.000000
768.816040,-35.251,-61.616188,0.011470,8.246,1.491,1.525,0.000000
771.476990,-34.132,-61.735168,0.010085,8.246,1.444,1.479,0.000000
774.147888,-33.083,-64.638229,0.008939,8.246,1.397,1.432,0.000000
776.827332,-32.218,-72.215851,0.008093,8.246,1.350,1.385,0.000000
779.516785,-31.770,-82.816208,0.007688,8.246,1.303,1.338,0.000000
782.214844,-31.750,-94.677185,0.007672,8.246,1.256,1.291,0.000000
784.922546,-32.177,-105.871323,0.008059,8.246,1.209,1.243,0.000000
787.639648,-32.918,-113.305603,0.008779,8.246,1.161,1.196,0.000000
790.366150,-33.853,-117.863365,0.009776,8.246,1.113,1.148,0.000000
793.102112,-34.878,-120.107903,0.011001,8.246,1.065,1.100,0.000000
795.847107,-35.924,-120.831909,0.012409,8.246,1.017,1.053,0.000000
798.602417,-36.941,-121.699020,0.013951,8.246,0.969,1.004,0.000000
801.366882,-37.806,-122.877861,0.015411,8.246,0.921,0.956,0.000000
804.140930,-38.534,-123.951538,0.016758,8.246,0.872,0.908,0.000000
806.924133,-38.995,-125.135612,0.017672,8.246,0.823,0.859,0.000000
809.717773,-39.370,-127.215393,0.018450,8.246,0.775,0.810,0.000000
812.520325,-39.619,-126.156021,0.018988,8.246,0.725,0.761,0.000000
815.333374,-39.490,-124.902290,0.018708,8.246,0.676,0.712,0.000000
818.155334,-39.246,-129.094391,0.018191,8.246,0.627,0.663,0.000000
820.987488,-39.062,-135.499084,0.017809,8.246,0.577,0.613,0.000000
823.829407,-39.029,-143.998505,0.017741,8.246,0.527,0.563,0.000000
826.681213,-39.189,-152.999023,0.018068,8.246,0.478,0.513,0.000000
829.542847,-39.234,-163.311462,0.018159,8.246,0.427,0.463,0.000000
832.414429,-39.318,-176.427505,0.018332,8.246,0.377,0.413,0.000000
835.295898,-39.355,162.573425,0.018408,8.246,0.327,0.363,0.000000
838.187378,-39.490,143.962265,0.018693,8.246,0.276,0.312,0.000000
841.088867,-39.822,128.127579,0.019419,8.246,0.225,0.262,0.000000
844.000000,-40.258,112.878403,0.020414,8.246,0.174,0.211,0.000000
846.921997,-40.841,97.725662,0.021831,8.246,0.123,0.160,0.000000
849.853333,-41.351,83.951431,0.023152,8.246,0.072,0.108,0.000000
852.795593,-41.812,70.568237,0.024413,8.246,0.020,0.057,0.000000
855.747253,-42.018,61.193268,0.025000,8.246,-0.031,0.005,0.000000
858.709534,-41.904,52.332588,0.024673,8.246,-0.083,-0.046,0.000000
861.682068,-42.103,43.289032,0.025245,8.246,-0.135,-0.098,0.000000
864.664856,-42.465,39.990410,0.026320,8.246,-0.188,-0.150,0.000000
867.657959,-42.513,38.972233,0.026460,8.246,-0.240,-0.203,0.000000
870.661499,-41.869,39.566101,0.024564,8.245,-0.293,-0.255,0.000000
873.675354,-40.956,40.382378,0.022110,8.245,-0.345,-0.308,0.000000
876.699707,-39.989,41.219105,0.019778,8.245,-0.398,-0.361,0.000000
879.734497,-39.008,40.474873,0.017661,8.245,-0.451,-0.414,0.000000
882.779419,-38.252,37.637688,0.016188,8.245,-0.505,-0.467,0.000000
885.835632,-37.500,35.766029,0.014844,8.245,-0.558,-0.521,0.000000
888.901672,-36.655,30.902725,0.013468,8.245,-0.612,-0.574,0.000000
891.979126,-35.916,23.053471,0.012368,8.245,-0.666,-0.628,0.000000
895.066406,-35.451,15.565012,0.011724,8.245,-0.720,-0.682,0.000000
898.164734,-35.248,8.224392,0.011453,8.245,-0.774,-0.736,0.000000
901.273865,-35.226,2.440617,0.011424,8.245,-0.829,-0.790,0.000000
904.393738,-35.347,-1.349306,0.011585,8.245,-0.883,-0.845,0.000000
907.524414,-35.274,-4.310529,0.011486,8.245,-0.938,-0.900,0.000000
910.665894,-35.322,-8.095607,0.011547,8.245,-0.993,-0.955,0.000000
913.818298,-35.495,-10.176616,0.011778,8.245,-1.048,-1.010,0.000000
916.981567,-35.330,-10.004769,0.011555,8.245,-1.104,-1.065,0.000000
920.155823,-34.870,-10.766000,0.010956,8.245,-1.159,-1.121,0.000000
923.341003,-34.286,-12.717694,0.010243,8.245,-1.215,-1.176,0.000000
926.537292,-33.751,-15.493895,0.009629,8.245,-1.271,-1.232,0.000000
929.744141,-33.395,-19.801870,0.009242,8.245,-1.327,-1.288,0.000000
932.963013,-33.269,-24.921749,0.009109,8.245,-1.383,-1.344,0.000000
936.192139,-33.258,-29.697334,0.009098,8.245,-1.440,-1.401,0.000000
939.432861,-33.278,-34.992367,0.009118,8.245,-1.497,-1.458,0.000000
942.684814,-33.450,-40.259628,0.009301,8.245,-1.554,-1.514,0.000000
945.948486,-33.978,-43.800766,0.009884,8.245,-1.611,-1.571,0.000000
949.222534,-34.653,-45.307484,0.010683,8.245,-1.668,-1.629,0.000000
952.508850,-35.142,-44.942661,0.011301,8.245,-1.726,-1.686,0.000000
955.805603,-35.101,-44.275299,0.011248,8.245,-1.783,-1.744,0.000000
959.114258,-34.580,-45.141827,0.010593,8.245,-1.841,-1.802,0.000000
962.434326,-34.019,-48.800201,0.009931,8.245,-1.899,-1.860,0.000000
965.765930,-33.711,-54.921257,0.009585,8.245,-1.958,-1.918,0.000000
969.109009,-33.784,-65.228462,0.009665,8.245,-2.016,-1.976,0.000000
972.463257,-34.266,-77.547539,0.010217,8.245,-2.075,-2.035,0.000000
975.830017,-34.990,-89.355103,0.011106,8.245,-2.134,-2.094,0.000000
979.207458,-36.000,-101.329277,0.012475,8.245,-2.193,-2.153,0.000000
982.597595,-37.099,-115.543083,0.014157,8.245,-2.253,-2.212,0.000000
985.998474,-37.983,-128.125946,0.015674,8.245,-2.312,-2.272,0.000000
989.412109,-38.299,-135.653488,0.016255,8.245,-2.372,-2.331,0.000000
992.836609,-38.085,-59.296883,0.015859,8.245,-2.432,-2.391,0.000000
996.273926,-37.261,3.530691,0.014424,8.245,-2.492,-2.451,0.000000
999.722168,-36.287,1.313659,0.012894,8.245,-2.552,-2.511,0.000000
1003.182800,-35.422,0.564331,0.011672,8.245,-2.580,-2.539,0.000000
1006.655457,-34.642,-3.244252,0.010669,8.245,-2.605,-2.563,0.000000
1010.140076,-33.754,-14.933627,0.009632,8.245,-2.630,-2.588,0.000000
1013.636780,-33.342,-27.107183,0.009186,8.245,-2.655,-2.613,0.000000
1017.145142,-33.357,-37.423359,0.009203,8.245,-2.681,-2.638,0.000000
1020.666565,-33.612,-45.655785,0.009478,8.245,-2.706,-2.663,0.000000
1024.199219,-33.969,-51.430176,0.009878,8.245,-2.731,-2.688,0.000000
1027.745117,-34.095,-55.883724,0.010024,8.245,-2.757,-2.713,0.000000
1031.302246,-33.979,-61.038353,0.009892,8.245,-2.782,-2.738,0.000000
1034.872803,-33.924,-68.846626,0.009832,8.245,-2.808,-2.763,0.000000
1038.454590,-34.352,-78.097969,0.010330,8.245,-2.834,-2.789,0.000000
1042.049805,-35.019,-85.190865,0.011157,8.245,-2.860,-2.814,0.000000
1045.656494,-35.636,-90.804611,0.011980,8.245,-2.886,-2.840,0.000000
1049.276123,-36.155,-96.828735,0.012719,8.245,-2.912,-2.866,0.000000
1052.908325,-36.719,-104.710632,0.013575,8.245,-2.938,-2.891,0.000000
1056.553101,-37.549,-114.076057,0.014940,8.245,-2.964,-2.917,0.000000
1060.210571,-38.679,-124.442184,0.017019,8.245,-2.990,-2.943,0.000000
1063.880005,-40.090,-135.545425,0.020023,8.245,-3.017,-2.969,0.000000
1067.563354,-41.193,-146.831482,0.022737,8.245,-3.043,-2.995,0.000000
1071.258301,-41.730,-160.931061,0.024194,8.245,-3.070,-3.021,0.000000
1074.967041,-41.786,-179.470688,0.024355,8.245,-3.096,-3.048,0.000000
1078.688232,-41.824,159.998810,0.024463,8.245,-3.123,-3.074,0.000000
1082.422241,-41.935,138.628311,0.024784,8.245,-3.150,-3.100,0.000000
1086.168579,-41.613,117.247025,0.023884,8.245,-3.177,-3.127,0.000000
1089.929077,-41.206,96.590332,0.022796,8.245,-3.204,-3.154,0.000000
1093.701416,-40.498,80.220299,0.021014,8.245,-3.231,-3.180,0.000000
1097.487427,-39.300,66.767502,0.018310,8.245,-3.258,-3.207,0.000000
1101.286499,-37.954,53.912197,0.015685,8.245,-3.286,-3.234,0.000000
1105.098755,-36.973,40.641106,0.014013,8.245,-3.313,-3.261,0.000000
1108.924194,-36.434,28.342571,0.013172,8.245,-3.340,-3.288,0.000000
1112.762817,-36.213,16.715431,0.012843,8.245,-3.368,-3.315,0.000000
1116.614746,-36.460,6.555097,0.013216,8.245,-3.396,-3.343,0.000000
1120.480103,-36.653,3.992845,0.013515,8.245,-3.424,-3.370,0.000000
1124.358765,-36.283,1.539290,0.012953,8.245,-3.451,-3.398,0.000000
1128.250854,-36.017,-3.703280,0.012565,8.245,-3.479,-3.425,0.000000
1132.156372,-35.934,-8.849065,0.012447,8.245,-3.508,-3.453,0.000000
1136.075562,-36.087,-13.211041,0.012672,8.245,-3.536,-3.481,0.000000
1140.007568,-36.262,-14.957101,0.012931,8.245,-3.564,-3.509,0.000000
1143.953857,-36.171,-14.836713,0.012800,8.245,-3.592,-3.536,0.000000
1147.913818,-35.829,-14.128197,0.012311,8.245,-3.621,-3.565,0.000000
1151.887451,-35.228,-17.216520,0.011491,8.245,-3.649,-3.593,0.000000
1155.874878,-34.858,-22.885857,0.011016,8.245,-3.678,-3.621,0.000000
1159.876099,-34.669,-28.398743,0.010783,8.245,-3.707,-3.649,0.000000
1163.891113,-34.557,-33.725941,0.010648,8.245,-3.736,-3.678,0.000000
1167.920044,-34.610,-39.354908,0.010717,8.245,-3.765,-3.706,0.000000
1171.962891,-34.713,-45.068626,0.010847,8.245,-3.794,-3.735,0.000000
1176.019775,-34.999,-51.755249,0.011211,8.245,-3.823,-3.764,0.000000
1180.090698,-35.463,-57.836983,0.011828,8.245,-3.852,-3.793,0.000000
1184.175781,-36.021,-63.171066,0.012616,8.245,-3.882,-3.822,0.000000
1188.274902,-36.812,-67.474800,0.013820,8.245,-3.911,-3.851,0.000000
1192.388306,-38.013,-71.453461,0.015872,8.245,-3.941,-3.880,0.000000
1196.515259,-39.640,-68.198662,0.019148,8.245,-3.970,-3.909,0.000000
1200.657227,-40.808,-60.579563,0.021911,8.245,-4.000,-3.938,0.000000
1204.813965,-41.403,-52.839958,0.023475,8.245,-4.030,-3.968,0.000000
1208.984009,-41.591,-46.197525,0.023994,8.245,-4.060,-3.997,0.000000
1213.169067,-41.591,-41.341694,0.024004,8.245,-4.090,-4.027,0.000000
1217.368530,-41.649,-34.770981,0.024171,8.245,-4.120,-4.057,0.000000
1221.582642,-41.594,-26.823595,0.024028,8.245,-4.151,-4.087,0.000000
1225.811279,-40.804,-18.040417,0.021943,8.245,-4.181,-4.117,0.000000
1230.054565,-39.359,-15.338570,0.018583,8.245,-4.212,-4.147,0.000000
1234.311890,-38.094,-19.692890,0.016068,8.245,-4.242,-4.177,0.000000
1238.585205,-37.407,-23.872665,0.014847,8.245,-4.273,-4.207,0.000000
1242.872803,-37.005,-27.154665,0.014179,8.245,-4.304,-4.238,0.000000
1247.175049,-36.890,-28.285223,0.013995,8.245,-4.335,-4.268,0.000000
1251.492310,-36.402,-27.344578,0.013232,8.245,-4.366,-4.299,0.000000
1255.823975,-35.518,-31.256058,0.011955,8.245,-4.397,-4.329,0.000000
1260.171753,-34.887,-38.917107,0.011118,8.245,-4.428,-4.360,0.000000
1264.533325,-34.901,-47.504314,0.011138,8.245,-4.459,-4.391,0.000000
1268.911255,-35.204,-52.881294,0.011536,8.245,-4.491,-4.422,0.000000
1273.303101,-35.533,-56.929169,0.011983,8.245,-4.523,-4.453,0.000000
1277.710815,-35.744,-60.275639,0.012280,8.245,-4.554,-4.484,0.000000
1282.133789,-35.946,-63.209152,0.012571,8.245,-4.586,-4.516,0.000000
1286.572021,-35.924,-66.306953,0.012541,8.245,-4.618,-4.547,0.000000
1291.025024,-36.017,-71.304550,0.012679,8.245,-4.650,-4.579,0.000000
1295.494751,-36.401,-75.641045,0.013254,8.245,-4.682,-4.610,0.000000
1299.979248,-36.424,-78.713432,0.013291,8.245,-4.714,-4.642,0.000000
1304.479248,-36.021,-85.231140,0.012691,8.245,-4.747,-4.674,0.000000
1308.994873,-35.911,-95.215767,0.012533,8.245,-4.779,-4.706,0.000000
1313.525513,-36.226,-106.896408,0.012997,8.245,-4.812,-4.738,0.000000
1318.072998,-36.481,-119.449333,0.013384,8.245,-4.844,-4.770,0.000000
1322.635010,-36.510,-136.108200,0.013428,8.245,-4.877,-4.803,0.000000
1327.214111,-36.658,-154.726379,0.013659,8.245,-4.910,-4.835,0.000000
1331.807739,-36.464,-174.250366,0.013358,8.245,-4.943,-4.868,0.000000
1336.417969,-36.272,165.311325,0.013065,8.245,-4.976,-4.900,0.000000
1341.044189,-36.380,143.427032,0.013229,8.245,-5.010,-4.933,0.000000
1345.686401,-36.522,117.056366,0.013451,8.245,-5.043,-4.966,0.000000
1350.344604,-36.286,86.382942,0.013091,8.245,-5.077,-4.999,0.000000
1355.018921,-35.609,56.639824,0.012112,8.245,-5.110,-5.032,0.000000
1359.709595,-34.862,33.337357,0.011116,8.245,-5.144,-5.066,0.000000
1364.416382,-34.642,12.866967,0.010839,8.245,-5.178,-5.099,0.000000
1369.139404,-35.053,-6.874115,0.011367,8.245,-5.212,-5.132,0.000000
1373.878174,-35.663,-24.591898,0.012193,8.245,-5.246,-5.166,0.000000
1378.634644,-36.265,-40.885284,0.013067,8.245,-5.280,-5.200,0.000000
1383.406372,-36.999,-57.641502,0.014217,8.245,-5.314,-5.233,0.000000
1388.195801,-37.720,-75.369514,0.015444,8.245,-5.349,-5.267,0.000000
1393.000610,-38.508,-90.804214,0.016908,8.245,-5.383,-5.301,0.000000
1397.822632,-39.311,-100.965126,0.018543,8.245,-5.418,-5.336,0.000000
1402.661377,-39.675,-101.510262,0.019333,8.245,-5.453,-5.370,0.000000
1407.516846,-39.412,-74.202980,0.018755,8.245,-5.488,-5.404,0.000000
1412.389771,-39.087,-20.941607,0.018066,8.245,-5.523,-5.439,0.000000
1417.278198,-38.885,7.103283,0.017651,8.245,-5.558,-5.474,0.000000
1422.184326,-38.494,12.108751,0.016875,8.245,-5.593,-5.508,0.000000
1427.107300,-37.910,9.068160,0.015778,8.245,-5.628,-5.543,0.000000
1432.047485,-37.461,-2.776788,0.014982,8.245,-5.664,-5.578,0.000000
1437.004639,-37.177,-16.712770,0.014500,8.245,-5.700,-5.613,0.000000
1441.979004,-37.260,-30.276434,0.014640,8.245,-5.735,-5.649,0.000000
1446.969849,-37.610,-41.633144,0.015241,8.245,-5.771,-5.684,0.000000
1451.979492,-37.608,-52.246124,0.015238,8.245,-5.807,-5.719,0.000000
1457.005005,-37.608,-65.623619,0.015239,8.245,-5.843,-5.755,0.000000
1462.048584,-37.853,-80.987953,0.015674,8.245,-5.880,-5.791,0.000000
1467.109619,-38.274,-98.974709,0.016452,8.245,-5.916,-5.827,0.000000
1472.188110,-38.780,-116.040657,0.017437,8.245,-5.953,-5.863,0.000000
1477.285034,-39.833,-137.362549,0.019681,8.245,-5.989,-5.899,0.000000
1482.398071,-40.339,-167.902405,0.020860,8.245,-6.026,-5.935,0.000000
1487.529541,-40.409,161.293777,0.021025,8.245,-6.063,-5.971,0.000000
1492.678833,-40.914,133.262009,0.022279,8.245,-6.100,-6.008,0.000000
1497.845947,-41.491,111.064331,0.023804,8.245,-6.137,-6.044,0.000000
1503.030884,-41.560,93.484924,0.023991,8.244,-6.174,-6.081,0.000000
1508.233765,-40.809,78.358955,0.022002,8.244,-6.212,-6.118,0.000000
1513.453979,-39.914,63.877453,0.019849,8.244,-6.249,-6.155,0.000000
1518.693726,-39.039,51.576637,0.017948,8.244,-6.287,-6.192,0.000000
1523.950195,-38.664,34.450481,0.017188,8.244,-6.325,-6.229,0.000000
1529.226196,-39.032,18.522593,0.017932,8.244,-6.363,-6.267,0.000000
1534.519775,-39.216,3.072719,0.018315,8.244,-6.401,-6.304,0.000000
1539.831055,-38.476,-20.303467,0.016820,8.244,-6.439,-6.342,0.000000
1545.161987,-37.092,-61.069923,0.014341,8.244,-6.477,-6.380,0.000000
1550.510010,-35.618,-117.968575,0.012099,8.244,-6.516,-6.418,0.000000
1555.877319,-34.717,178.683060,0.010906,8.244,-6.554,-6.456,0.000000
1561.263184,-33.898,135.373795,0.009923,8.244,-6.593,-6.494,0.000000
1566.667725,-33.037,112.720444,0.008985,8.244,-6.632,-6.532,0.000000
1572.090820,-32.104,91.279198,0.008068,8.244,-6.671,-6.571,0.000000
1577.532837,-31.212,72.390350,0.007280,8.244,-6.710,-6.609,0.000000
1582.992920,-30.587,55.715157,0.006774,8.244,-6.749,-6.648,0.000000
1588.473389,-30.537,40.656479,0.006736,8.244,-6.789,-6.687,0.000000
1593.971313,-30.850,28.361191,0.006983,8.244,-6.828,-6.726,0.000000
1599.489746,-31.188,18.155018,0.007260,8.244,-6.868,-6.765,0.000000
1605.026611,-31.585,8.823875,0.007600,8.244,-6.908,-6.804,0.000000
1610.581787,-32.150,1.119712,0.008110,8.244,-6.948,-6.843,0.000000
1616.157837,-32.647,-4.067335,0.008587,8.244,-6.988,-6.883,0.000000
1621.751587,-33.117,-9.352641,0.009066,8.244,-7.028,-6.923,0.000000
1627.366211,-33.586,-13.169251,0.009568,8.244,-7.069,-6.962,0.000000
1632.998779,-33.651,-18.534380,0.009641,8.244,-7.109,-7.002,0.000000
1638.651611,-34.058,-27.537577,0.010103,8.244,-7.150,-7.042,0.000000
1644.323975,-35.115,-35.480331,0.011409,8.244,-7.190,-7.083,0.000000
1650.015991,-36.273,-33.481884,0.013038,8.244,-7.231,-7.123,0.000000
1655.726929,-36.889,-24.914871,0.013995,8.244,-7.272,-7.163,0.000000
1661.459229,-36.636,-16.549654,0.013594,8.244,-7.314,-7.204,0.000000
1667.209717,-36.197,-10.829997,0.012924,8.244,-7.355,-7.245,0.000000
1672.981812,-35.873,-9.263159,0.012450,8.244,-7.397,-7.286,0.000000
1678.772949,-35.882,-8.993028,0.012463,8.244,-7.438,-7.327,0.000000
1684.583496,-35.872,-5.440986,0.012449,8.244,-7.480,-7.368,0.000000
1690.415649,-35.377,-5.996232,0.011760,8.244,-7.522,-7.409,0.000000
1696.266357,-35.200,-10.466551,0.011524,8.244,-7.564,-7.451,0.000000
1702.139038,-34.932,-15.225634,0.011177,8.244,-7.606,-7.492,0.000000
1708.030396,-34.884,-21.991392,0.011117,8.244,-7.649,-7.534,0.000000
1713.942871,-35.317,-29.153576,0.011687,8.244,-7.691,-7.576,0.000000
1719.875977,-36.009,-34.122990,0.012659,8.244,-7.734,-7.618,0.000000
1725.829468,-36.730,-38.566620,0.013756,8.244,-7.777,-7.660,0.000000
1731.802856,-37.507,-45.468357,0.015046,8.244,-7.820,-7.703,0.000000
1737.798462,-38.603,-42.771709,0.017072,8.244,-7.863,-7.745,0.000000
1743.814087,-38.693,-28.454763,0.017254,8.244,-7.906,-7.788,0.000000
1749.850464,-38.670,-27.149672,0.017212,8.244,-7.949,-7.830,0.000000
1755.907837,-38.993,-22.700270,0.017865,8.244,-7.993,-7.873,0.000000
1761.985229,-39.421,-13.826170,0.018772,8.244,-8.037,-7.916,0.000000
1768.085449,-39.002,-4.935621,0.017891,8.244,-8.080,-7.960,0.000000
1774.204956,-38.478,-0.176038,0.016847,8.244,-8.124,-8.003,0.000000
1780.347412,-38.128,4.359897,0.016184,8.244,-8.169,-8.047,0.000000
1786.509521,-37.271,2.049954,0.014666,8.244,-8.213,-8.090,0.000000
1792.693726,-36.735,-8.039765,0.013791,8.244,-8.257,-8.134,0.000000
1798.899292,-36.539,-15.518579,0.013485,8.244,-8.302,-8.178,0.000000
1805.126465,-36.769,-24.352051,0.013849,8.244,-8.347,-8.222,0.000000
1811.375122,-37.051,-27.968536,0.014309,8.244,-8.392,-8.266,0.000000
1817.645386,-37.628,-35.010223,0.015294,8.244,-8.437,-8.311,0.000000
1823.937378,-38.899,-37.014999,0.017707,8.244,-8.482,-8.355,0.000000
1830.251099,-40.025,-35.851013,0.020162,8.244,-8.527,-8.400,0.000000
1836.586792,-41.183,-29.559042,0.023040,8.244,-8.573,-8.445,0.000000
1842.943481,-41.320,-20.280853,0.023411,8.244,-8.619,-8.490,0.000000
1849.323853,-40.629,-12.553967,0.021624,8.244,-8.665,-8.535,0.000000
1855.724609,-39.504,-9.402426,0.019001,8.244,-8.711,-8.581,0.000000
1862.149292,-39.052,-14.223207,0.018041,8.244,-8.757,-8.626,0.000000
1868.594482,-39.402,-16.821571,0.018785,8.244,-8.803,-8.672,0.000000
1875.062866,-39.528,-6.402339,0.019063,8.244,-8.850,-8.718,0.000000
1881.553589,-38.579,1.510118,0.017093,8.244,-8.896,-8.764,0.000000
1888.066772,-37.072,2.129328,0.014373,8.244,-8.943,-8.810,0.000000
1894.603516,-35.842,-5.245090,0.012478,8.244,-8.990,-8.856,0.000000
1901.161011,-35.120,-13.104596,0.011485,8.244,-9.037,-8.903,0.000000
1907.742065,-34.696,-21.762760,0.010938,8.244,-9.085,-8.949,0.000000
1914.345947,-34.705,-28.810257,0.010952,8.244,-9.132,-8.996,0.000000
1920.972656,-34.520,-30.770000,0.010724,8.244,-9.180,-9.043,0.000000
1927.622314,-34.100,-13.698386,0.010218,8.244,-9.228,-9.090,0.000000
1934.295044,-33.841,-22.288036,0.009921,8.244,-9.276,-9.138,0.000000
1940.989868,-34.413,-29.015116,0.010597,8.244,-9.324,-9.185,0.000000
1947.709717,-35.235,-26.632389,0.011652,8.244,-9.372,-9.233,0.000000
1954.451050,-35.738,-19.107145,0.012348,8.244,-9.421,-9.280,0.000000
1961.216675,-36.128,-11.857916,0.012917,8.244,-9.469,-9.328,0.000000
1968.005615,-36.122,-7.113734,0.012910,8.244,-9.518,-9.376,0.000000
1974.818115,-35.712,-6.207851,0.012318,8.244,-9.567,-9.425,0.000000
1981.655151,-35.400,-18.083212,0.011885,8.244,-9.616,-9.473,0.000000
1988.513916,-35.384,-29.646515,0.011866,8.244,-9.665,-9.522,0.000000
1995.397339,-35.430,-40.534801,0.011934,8.244,-9.715,-9.571,0.000000
2002.304688,-35.770,-49.797310,0.012414,8.244,-9.752,-9.607,0.000000
2009.235840,-36.485,-58.255753,0.013484,8.244,-9.763,-9.618,0.000000
2016.191040,-37.612,-67.075012,0.015357,8.244,-9.774,-9.628,0.000000
2023.170288,-39.021,-76.046104,0.018068,8.244,-9.786,-9.639,0.000000
2030.172852,-40.278,-76.190292,0.020888,8.244,-9.797,-9.650,0.000000
2037.201416,-41.661,-74.782265,0.024500,8.244,-9.808,-9.661,0.000000
2044.252441,-41.612,-59.228168,0.024364,8.244,-9.820,-9.672,0.000000
2051.329834,-41.547,-30.487881,0.024188,8.244,-9.831,-9.683,0.000000
2058.430908,-41.025,-9.693954,0.022782,8.244,-9.843,-9.694,0.000000
2065.555420,-39.980,1.652922,0.020202,8.244,-9.854,-9.705,0.000000
2072.706543,-38.753,3.606813,0.017544,8.244,-9.866,-9.716,0.000000
2079.880371,-37.666,0.623944,0.015483,8.244,-9.878,-9.727,0.000000
2087.080078,-37.042,-6.186749,0.014415,8.244,-9.889,-9.738,0.000000
2094.304932,-36.288,-1.962213,0.013221,8.244,-9.901,-9.750,0.000000
2101.554443,-35.501,-2.452157,0.012079,8.244,-9.913,-9.761,0.000000
2108.829346,-35.021,-5.110839,0.011434,8.244,-9.925,-9.772,0.000000
2116.129150,-34.762,-6.692584,0.011102,8.244,-9.937,-9.784,0.000000
2123.453369,-34.741,-10.887826,0.011079,8.244,-9.948,-9.795,0.000000
2130.804932,-34.801,-14.244351,0.011159,8.244,-9.960,-9.806,0.000000
2138.180176,-35.467,-12.481337,0.012051,8.244,-9.972,-9.818,0.000000
2145.582520,-36.038,-8.848218,0.012871,8.244,-9.984,-9.829,0.000000
2153.009766,-36.515,-15.022408,0.013599,8.244,-9.996,-9.841,0.000000
2160.461670,-37.312,-17.670816,0.014909,8.244,-10.008,-9.852,0.000000
2167.941406,-37.960,-18.960989,0.016068,8.244,-10.021,-9.864,0.000000
2175.445068,-38.085,-21.366135,0.016304,8.244,-10.033,-9.876,0.000000
2182.976562,-37.949,-19.718071,0.016053,8.244,-10.045,-9.887,0.000000
2190.532227,-37.056,-22.267834,0.014487,8.244,-10.057,-9.899,0.000000
2198.114990,-36.544,-24.499399,0.013660,8.244,-10.070,-9.911,0.000000
2205.723877,-35.974,-32.044250,0.012794,8.244,-10.082,-9.923,0.000000
2213.359375,-35.861,-40.724880,0.012631,8.244,-10.094,-9.935,0.000000
2221.020020,-36.078,-47.840088,0.012953,8.244,-10.107,-9.946,0.000000
2228.709473,-36.835,-71.171333,0.014135,8.244,-10.119,-9.958,0.000000
2236.423340,-37.456,-104.383629,0.015187,8.244,-10.132,-9.970,0.000000
2244.166016,-36.500,-133.349152,0.013609,8.244,-10.144,-9.982,0.000000
2251.934570,-37.267,-152.604187,0.014871,8.244,-10.157,-9.994,0.000000
2259.728760,-38.333,68.608040,0.016818,8.244,-10.170,-10.007,0.000000
2267.552002,-38.276,47.804047,0.016715,8.244,-10.182,-10.019,0.000000
2275.400391,-38.164,31.276794,0.016506,8.244,-10.195,-10.031,0.000000
2283.278076,-36.854,24.706860,0.014199,8.244,-10.208,-10.043,0.000000
2291.180908,-35.375,18.852612,0.011979,8.244,-10.221,-10.055,0.000000
2299.112061,-34.356,7.520187,0.010654,8.244,-10.233,-10.068,0.000000
2307.070557,-33.837,-4.878241,0.010038,8.244,-10.246,-10.080,0.000000
2315.056885,-33.227,-14.980378,0.009358,8.244,-10.259,-10.092,0.000000
2323.069580,-33.009,-25.827267,0.009128,8.244,-10.272,-10.105,0.000000
2331.112305,-33.531,-33.608463,0.009695,8.244,-10.285,-10.117,0.000000
2339.181641,-33.905,-22.385628,0.010123,8.244,-10.298,-10.130,0.000000
2347.279053,-34.000,-23.282043,0.010237,8.244,-10.312,-10.143,0.000000
2355.404297,-34.681,-22.979902,0.011073,8.244,-10.325,-10.155,0.000000
2363.556885,-34.935,-13.497127,0.011404,8.244,-10.338,-10.168,0.000000
2371.739746,-34.864,-12.407501,0.011314,8.244,-10.351,-10.181,0.000000
2379.948486,-34.933,-12.450970,0.011405,8.244,-10.365,-10.193,0.000000
2388.188232,-34.990,-15.604430,0.011482,8.244,-10.378,-10.206,0.000000
2396.454102,-34.745,-25.653728,0.011165,8.244,-10.391,-10.219,0.000000
2404.749512,-34.598,-44.122169,0.010979,8.244,-10.405,-10.232,0.000000
2413.073975,-34.649,-63.639523,0.011047,8.244,-10.418,-10.245,0.000000
2421.427002,-34.970,-80.891800,0.011463,8.244,-10.432,-10.258,0.000000
2429.809082,-35.541,-96.530502,0.012245,8.244,-10.446,-10.271,0.000000
2438.220215,-36.959,-109.070656,0.014418,8.244,-10.459,-10.284,0.000000
2446.660400,-38.738,-123.655525,0.017702,8.244,-10.473,-10.297,0.000000
2455.129883,-40.663,-124.682693,0.022099,8.244,-10.487,-10.310,0.000000
2463.628418,-41.964,-127.227676,0.025678,8.244,-10.500,-10.323,0.000000
2472.155518,-41.664,-143.915741,0.024817,8.244,-10.514,-10.336,0.000000
2480.714355,-41.923,-170.009140,0.025576,8.244,-10.528,-10.350,0.000000
2489.300293,-41.934,149.814056,0.025616,8.244,-10.542,-10.363,0.000000
2497.918701,-41.596,102.311447,0.024649,8.244,-10.556,-10.376,0.000000
2506.564209,-40.462,79.842514,0.021637,8.244,-10.570,-10.390,0.000000
2515.240967,-39.221,57.228638,0.018759,8.244,-10.584,-10.403,0.000000
2523.947754,-38.378,39.970146,0.017027,8.244,-10.598,-10.417,0.000000
2532.684814,-37.637,33.632481,0.015637,8.244,-10.612,-10.430,0.000000
2541.453125,-37.797,20.975866,0.015931,8.244,-10.627,-10.444,0.000000
2550.249512,-38.058,4.578676,0.016420,8.244,-10.641,-10.458,0.000000
2559.077393,-37.467,-13.159852,0.015343,8.244,-10.655,-10.471,0.000000
2567.936035,-36.848,-33.613518,0.014289,8.244,-10.670,-10.485,0.000000
2576.825195,-36.580,-49.109558,0.013858,8.244,-10.684,-10.499,0.000000
2585.745117,-36.655,-59.788460,0.013981,8.244,-10.699,-10.513,0.000000
2594.696045,-36.433,-45.591190,0.013629,8.244,-10.713,-10.527,0.000000
2603.676514,-35.453,35.772404,0.012178,8.244,-10.728,-10.541,0.000000
2612.690918,-34.356,34.624550,0.010735,8.244,-10.742,-10.555,0.000000
2621.733643,-33.630,21.991198,0.009877,8.244,-10.757,-10.569,0.000000
2630.809082,-33.555,15.923351,0.009794,8.244,-10.772,-10.583,0.000000
2639.916016,-34.007,8.010991,0.010322,8.244,-10.786,-10.597,0.000000
2649.054443,-34.687,-5.987164,0.011166,8.244,-10.801,-10.611,0.000000
2658.225586,-35.217,-25.099375,0.011872,8.244,-10.816,-10.625,0.000000
2667.426025,-36.170,-27.877672,0.013253,8.244,-10.831,-10.640,0.000000
2676.659668,-37.853,-28.954287,0.016093,8.244,-10.846,-10.654,0.000000
2685.925293,-39.601,-24.082600,0.019685,8.244,-10.861,-10.668,0.000000
2695.222900,-41.285,-10.397470,0.023901,8.244,-10.876,-10.683,0.000000
2704.552734,-41.742,14.632828,0.025195,8.244,-10.891,-10.697,0.000000
2713.914795,-40.427,31.878824,0.021659,8.244,-10.907,-10.712,0.000000
2723.308105,-38.994,31.158648,0.018368,8.244,-10.922,-10.726,0.000000
2732.736572,-38.107,33.196220,0.016589,8.244,-10.937,-10.741,0.000000
2742.194824,-36.802,24.445032,0.014276,8.244,-10.952,-10.756,0.000000
2751.688477,-35.525,16.238981,0.012327,8.244,-10.968,-10.771,0.000000
2761.212646,-34.784,3.493376,0.011321,8.244,-10.983,-10.785,0.000000
2770.770752,-34.348,-8.374974,0.010769,8.244,-10.999,-10.800,0.000000
2780.363525,-34.494,-12.373459,0.010953,8.244,-11.014,-10.815,0.000000
2789.986816,-35.155,-18.004137,0.011820,8.244,-11.030,-10.830,0.000000
2799.644531,-36.027,-19.627995,0.013071,8.244,-11.046,-10.845,0.000000
2809.335938,-36.094,-18.434633,0.013175,8.244,-11.061,-10.860,0.000000
2819.060791,-36.184,-22.186371,0.013317,8.244,-11.077,-10.875,0.000000
2828.819336,-36.280,-26.418627,0.013470,8.244,-11.093,-10.890,0.000000
2838.611572,-36.589,-32.858463,0.013963,8.244,-11.109,-10.906,0.000000
2848.436279,-37.635,-33.947918,0.015754,8.244,-11.125,-10.921,0.000000
2858.297852,-37.782,-28.601084,0.016029,8.244,-11.141,-10.936,0.000000
2868.190918,-37.067,-35.656082,0.014768,8.244,-11.157,-10.951,0.000000
2878.120850,-36.685,-51.010094,0.014135,8.244,-11.173,-10.967,0.000000
2888.083740,-37.101,-63.282711,0.014832,8.244,-11.189,-10.982,0.000000
2898.079834,-38.285,-68.935768,0.017000,8.244,-11.205,-10.998,0.000000
2908.113281,-39.486,-60.717258,0.019525,8.244,-11.222,-11.013,0.000000
2918.178711,-40.414,-53.376621,0.021730,8.244,-11.238,-11.029,0.000000
2928.281738,-40.753,-28.301550,0.022600,8.244,-11.254,-11.045,0.000000
2938.416748,-40.485,-17.973654,0.021917,8.244,-11.271,-11.061,0.000000
2948.588379,-40.455,-24.088017,0.021848,8.244,-11.287,-11.076,0.000000
2958.795410,-40.965,-26.876034,0.023178,8.244,-11.304,-11.092,0.000000
2969.037598,-40.678,-27.473087,0.022431,8.244,-11.321,-11.108,0.000000
2979.313965,-40.109,-13.254792,0.021016,8.244,-11.337,-11.124,0.000000
2989.629883,-40.244,-14.492695,0.021354,8.244,-11.354,-11.140,0.000000
2999.974609,-39.652,22.929560,0.019953,8.244,-11.371,-11.156,0.000000
3010.360840,-38.593,19.634995,0.017669,8.244,-11.388,-11.172,0.000000
3020.782959,-38.089,5.316367,0.016679,8.244,-11.405,-11.188,0.000000
3031.238281,-38.684,19.451292,0.017868,8.244,-11.422,-11.205,0.000000
3041.732666,-38.637,36.543453,0.017777,8.244,-11.439,-11.221,0.000000
3052.260498,-38.773,30.274851,0.018064,8.244,-11.456,-11.237,0.000000
3062.827881,-38.551,18.736559,0.017615,8.244,-11.473,-11.254,0.000000
3073.428711,-37.607,8.144649,0.015805,8.244,-11.490,-11.270,0.000000
3084.066162,-37.690,-8.422963,0.015963,8.244,-11.507,-11.287,0.000000
3094.743652,-38.902,-21.333960,0.018359,8.244,-11.525,-11.303,0.000000
3105.457764,-39.901,-18.738270,0.020604,8.244,-11.542,-11.320,0.000000
3116.206299,-39.027,-1.648454,0.018639,8.244,-11.559,-11.337,0.000000
3126.991943,-38.104,-4.172172,0.016765,8.244,-11.577,-11.353,0.000000
3137.817871,-37.709,-4.663410,0.016025,8.244,-11.594,-11.370,0.000000
3148.681152,-37.315,-11.757483,0.015321,8.244,-11.612,-11.387,0.000000
3159.579346,-37.169,-17.741611,0.015070,8.244,-11.630,-11.404,0.000000
3170.515137,-37.212,-23.756296,0.015151,8.244,-11.648,-11.421,0.000000
3181.491699,-37.450,-15.616755,0.015576,8.244,-11.665,-11.438,0.000000
3192.503174,-37.502,-15.862473,0.015676,8.244,-11.683,-11.455,0.000000
3203.555908,-37.729,-16.144411,0.016095,8.244,-11.701,-11.472,0.000000
3214.644043,-37.887,-16.890062,0.016397,8.244,-11.719,-11.489,0.000000
3225.773438,-37.963,-20.124268,0.016546,8.244,-11.737,-11.507,0.000000
3236.938232,-38.378,-28.987141,0.017362,8.244,-11.755,-11.524,0.000000
3248.141602,-39.276,-24.085653,0.019259,8.244,-11.773,-11.542,0.000000
3259.386963,-40.284,-9.537866,0.021636,8.244,-11.792,-11.559,0.000000
3270.671387,-39.054,12.257615,0.018787,8.244,-11.810,-11.577,0.000000
3281.991699,-37.146,14.284906,0.015087,8.244,-11.828,-11.594,0.000000
3293.351074,-35.942,1.685891,0.013138,8.244,-11.847,-11.612,0.000000
3304.752930,-35.894,-13.793564,0.013070,8.244,-11.865,-11.629,0.000000
3316.194336,-36.051,-21.516672,0.013313,8.244,-11.884,-11.647,0.000000
3327.672119,-35.869,-27.443836,0.013042,8.244,-11.903,-11.665,0.000000
3339.189697,-35.929,-32.906765,0.013137,8.244,-11.921,-11.683,0.000000
3350.750244,-36.124,-43.884007,0.013440,8.244,-11.940,-11.701,0.000000
3362.347656,-36.705,-49.961124,0.014375,8.244,-11.959,-11.719,0.000000
3373.985107,-38.211,-53.401669,0.017103,8.244,-11.978,-11.737,0.000000
3385.666260,-40.039,-52.966644,0.021115,8.244,-11.997,-11.755,0.000000
3397.387695,-40.329,-46.378937,0.021839,8.244,-12.016,-11.773,0.000000
3409.146484,-40.681,-52.272827,0.022752,8.244,-12.035,-11.792,0.000000
3420.946045,-42.173,-55.360748,0.027024,8.244,-12.054,-11.810,0.000000
3432.789795,-42.411,-37.644207,0.027785,8.244,-12.073,-11.828,0.000000
3444.674316,-42.590,-24.891611,0.028373,8.244,-12.092,-11.847,0.000000
3456.596924,-41.791,-2.506740,0.025888,8.244,-12.112,-11.865,0.000000
3468.560547,-40.505,7.789647,0.022329,8.244,-12.131,-11.884,0.000000
3480.569092,-39.358,11.079620,0.019569,8.244,-12.151,-11.902,0.000000
3492.615723,-37.931,4.554249,0.016607,8.244,-12.170,-11.921,0.000000
3504.707520,-37.172,1.652120,0.015221,8.244,-12.190,-11.940,0.000000
3516.837891,-36.386,-1.534114,0.013906,8.244,-12.210,-11.959,0.000000
3529.013428,-36.392,-15.229500,0.013918,8.244,-12.229,-11.978,0.000000
3541.228027,-36.505,-9.169145,0.014101,8.244,-12.249,-11.997,0.000000
3553.484619,-36.516,-13.342465,0.014119,8.244,-12.269,-12.016,0.000000
3565.787109,-36.753,-25.807602,0.014510,8.244,-12.289,-12.035,0.000000
3578.132080,-37.168,-38.207989,0.015221,8.244,-12.309,-12.054,0.000000
3590.516602,-38.033,-59.927547,0.016814,8.244,-12.329,-12.073,0.000000
3602.943848,-39.844,-71.134911,0.020711,8.244,-12.349,-12.093,0.000000
3615.417480,-41.517,-86.075539,0.025111,8.244,-12.369,-12.112,0.000000
3627.934570,-42.009,-64.822914,0.026575,8.244,-12.390,-12.131,0.000000
3640.491211,-41.631,-8.822901,0.025443,8.244,-12.410,-12.151,0.000000
3653.091553,-41.080,7.597565,0.023880,8.244,-12.431,-12.170,0.000000
3665.739014,-41.248,31.911457,0.024347,8.244,-12.451,-12.190,0.000000
3678.426514,-41.649,50.792431,0.025497,8.244,-12.472,-12.210,0.000000
3691.161621,-42.150,73.236542,0.027010,8.244,-12.492,-12.229,0.000000
3703.937256,-41.517,65.683533,0.025112,8.244,-12.513,-12.249,0.000000
3716.760498,-40.348,57.678608,0.021949,8.244,-12.534,-12.269,0.000000
3729.628418,-38.884,44.971741,0.018545,8.244,-12.555,-12.289,0.000000
3742.533447,-38.345,33.181332,0.017430,8.244,-12.576,-12.309,0.000000
3755.490479,-37.342,21.651491,0.015529,8.244,-12.597,-12.329,0.000000
3768.492432,-37.195,10.112536,0.015267,8.244,-12.618,-12.350,0.000000
3781.535645,-37.316,6.470881,0.015483,8.244,-12.639,-12.370,0.000000
3794.624023,-37.126,-4.221829,0.015146,8.244,-12.660,-12.390,0.000000
3807.761475,-37.578,-11.081441,0.015952,8.244,-12.682,-12.411,0.000000
3820.940674,-37.557,-14.240038,0.015912,8.244,-12.703,-12.431,0.000000
3834.169189,-38.212,-21.200125,0.017155,8.244,-12.724,-12.452,0.000000
3847.439697,-38.759,-27.625204,0.018267,8.244,-12.746,-12.472,0.000000
3860.760010,-39.770,-39.754372,0.020518,8.244,-12.768,-12.493,0.000000
3874.126221,-40.705,-22.032972,0.022846,8.244,-12.789,-12.514,0.000000
3887.531494,-40.625,-22.932333,0.022631,8.244,-12.811,-12.534,0.000000
3900.990479,-40.965,-12.902785,0.023531,8.244,-12.833,-12.555,0.000000
3914.496094,-40.762,12.513512,0.022984,8.244,-12.855,-12.576,0.000000
3928.048340,-39.971,9.398855,0.020980,8.244,-12.877,-12.597,0.000000
3941.640137,-39.837,8.843019,0.020656,8.244,-12.899,-12.618,0.000000
3955.286377,-40.197,13.804883,0.021526,8.244,-12.921,-12.640,0.000000
3968.979980,-40.146,20.463730,0.021397,8.244,-12.943,-12.661,0.000000
3982.717285,-39.615,11.358735,0.020121,8.244,-12.966,-12.682,0.000000
3996.501953,-39.571,11.958735,0.020013,8.244,-12.988,-12.704,0.000000
4010.338135,-38.930,10.711503,0.018581,8.244,-12.995,-12.711,0.000000
4024.218506,-38.476,-1.164268,0.017629,8.244,-12.997,-12.713,0.000000
4038.150879,-39.329,-5.639285,0.019442,8.244,-13.000,-12.715,0.000000
4052.127441,-39.449,-5.584598,0.019706,8.244,-13.002,-12.717,0.000000
4066.156250,-38.861,-7.980112,0.018410,8.244,-13.004,-12.719,0.000000
4080.233643,-39.000,-14.688739,0.018699,8.244,-13.006,-12.721,0.000000
4094.352051,-39.321,-19.294403,0.019398,8.244,-13.009,-12.723,0.000000
4108.526855,-39.827,-21.164833,0.020554,8.244,-13.011,-12.725,0.000000
4122.750977,-40.149,-21.760004,0.021323,8.244,-13.013,-12.727,0.000000
4137.020508,-41.096,-22.665348,0.023772,8.244,-13.015,-12.730,0.000000
4151.339355,-40.744,-15.788464,0.022819,8.244,-13.018,-12.732,0.000000
4165.711914,-41.146,-25.346272,0.023892,8.244,-13.020,-12.734,0.000000
4180.133789,-42.620,-26.907038,0.028300,8.244,-13.022,-12.736,0.000000
4194.601562,-43.069,-22.015194,0.029792,8.244,-13.024,-12.738,0.000000
4209.120117,-42.501,-16.981300,0.027897,8.244,-13.027,-12.740,0.000000
4223.692383,-41.466,3.285702,0.024754,8.244,-13.029,-12.742,0.000000
4238.314941,-41.093,3.170179,0.023705,8.244,-13.031,-12.745,0.000000
4252.980469,-40.649,14.548760,0.022515,8.244,-13.034,-12.747,0.000000
4267.704590,-39.713,8.097794,0.020208,8.244,-13.036,-12.749,0.000000
4282.479980,-40.127,9.607069,0.021188,8.244,-13.038,-12.751,0.000000
4297.306152,-39.376,15.730846,0.019427,8.244,-13.041,-12.753,0.000000
4312.175781,-38.737,8.523944,0.018042,8.244,-13.043,-12.756,0.000000
4327.104980,-38.399,-1.061226,0.017347,8.244,-13.046,-12.758,0.000000
4342.085449,-38.485,-11.825776,0.017514,8.244,-13.048,-12.760,0.000000
4357.114258,-38.279,-5.028712,0.017097,8.244,-13.050,-12.762,0.000000
4372.194824,-37.552,-5.366590,0.015717,8.244,-13.053,-12.765,0.000000
4387.331543,-38.090,-4.223806,0.016712,8.244,-13.055,-12.767,0.000000
4402.520996,-38.406,15.056234,0.017321,8.244,-13.058,-12.769,0.000000
4417.758789,-37.532,20.892529,0.015655,8.244,-13.060,-12.771,0.000000
4433.049316,-37.233,22.126444,0.015119,8.244,-13.062,-12.774,0.000000
4448.396973,-37.508,21.667517,0.015596,8.244,-13.065,-12.776,0.000000
4463.797852,-38.115,27.167776,0.016719,8.244,-13.067,-12.778,0.000000
4479.243164,-38.377,16.499765,0.017225,8.244,-13.070,-12.780,0.000000
4494.750977,-39.389,6.440367,0.019346,8.244,-13.072,-12.783,0.000000
4510.312012,-38.963,10.873633,0.018413,8.244,-13.075,-12.785,0.000000
4525.922852,-38.474,-1.132322,0.017399,8.244,-13.077,-12.787,0.000000
4541.587891,-39.814,-14.222087,0.020297,8.244,-13.080,-12.790,0.000000
4557.311035,-40.679,0.944598,0.022412,8.244,-13.082,-12.792,0.000000
4573.088867,-40.869,13.483064,0.022898,8.244,-13.085,-12.794,0.000000
4588.916992,-40.494,7.215982,0.021919,8.244,-13.087,-12.797,0.000000
4604.799805,-40.616,6.671498,0.022218,8.244,-13.090,-12.799,0.000000
4620.742188,-39.724,29.554394,0.020038,8.244,-13.092,-12.802,0.000000
4636.739746,-39.718,17.528095,0.020014,8.244,-13.095,-12.804,0.000000
4652.788086,-40.096,25.229553,0.020893,8.244,-13.097,-12.806,0.000000
4668.892090,-39.286,21.407604,0.019024,8.244,-13.100,-12.809,0.000000
4685.056152,-39.079,12.307631,0.018566,8.244,-13.103,-12.811,0.000000
4701.276367,-38.770,11.498100,0.017908,8.244,-13.105,-12.814,0.000000
4717.543457,-39.013,3.722664,0.018405,8.244,-13.108,-12.816,0.000000
4733.875977,-39.128,18.175730,0.018643,8.244,-13.110,-12.818,0.000000
4750.265137,-39.342,12.412903,0.019097,8.244,-13.113,-12.821,0.000000
4766.706543,-38.900,0.355964,0.018141,8.244,-13.115,-12.823,0.000000
4783.209473,-39.302,-12.340760,0.018989,8.244,-13.118,-12.826,0.000000
4799.764648,-39.745,28.811308,0.019974,8.244,-13.121,-12.828,0.000000
4816.381836,-40.629,64.183563,0.022102,8.244,-13.123,-12.831,0.000000
4833.052246,-41.214,97.574196,0.023629,8.244,-13.126,-12.833,0.000000
4849.779785,-41.342,100.179893,0.023967,8.244,-13.129,-12.836,0.000000
4866.570312,-41.124,93.980049,0.023361,8.244,-13.131,-12.838,0.000000
4883.418945,-39.931,104.460136,0.020354,8.244,-13.134,-12.841,0.000000
4900.316406,-38.812,105.282883,0.017885,8.244,-13.137,-12.843,0.000000
4917.281738,-38.554,88.235054,0.017357,8.244,-13.139,-12.846,0.000000
4934.305664,-38.320,73.830986,0.016890,8.244,-13.142,-12.848,0.000000
4951.388672,-38.100,69.181030,0.016461,8.244,-13.145,-12.851,0.000000
4968.521484,-37.459,68.827477,0.015285,8.244,-13.148,-12.853,0.000000
4985.723145,-36.447,62.378494,0.013598,8.244,-13.150,-12.856,0.000000
5002.984375,-35.836,54.789421,0.012670,8.244,-13.153,-12.858,0.000000
5020.300293,-35.765,41.888950,0.012563,8.244,-13.156,-12.861,0.000000
5037.681152,-36.704,32.965401,0.013993,8.244,-13.159,-12.864,0.000000
5055.117188,-37.410,37.025734,0.015172,8.244,-13.161,-12.866,0.000000
5072.618164,-36.959,38.151394,0.014400,8.244,-13.164,-12.869,0.000000
5090.175293,-36.589,38.686340,0.013795,8.244,-13.167,-12.871,0.000000
5107.792969,-36.211,31.289782,0.013203,8.244,-13.170,-12.874,0.000000
5125.477051,-36.623,25.200304,0.013839,8.244,-13.173,-12.877,0.000000
5143.221680,-36.756,20.258303,0.014047,8.244,-13.175,-12.879,0.000000
5161.018066,-37.270,20.350273,0.014900,8.244,-13.178,-12.882,0.000000
5178.886230,-37.459,16.762129,0.015221,8.244,-13.181,-12.885,0.000000
5196.815918,-37.135,17.787069,0.014659,8.244,-13.184,-12.887,0.000000
5214.802734,-36.889,8.302381,0.014245,8.244,-13.187,-12.890,0.000000
5232.856934,-37.278,2.974359,0.014893,8.244,-13.190,-12.893,0.000000
5250.968750,-37.877,-5.364321,0.015953,8.244,-13.193,-12.895,0.000000
5269.147949,-38.441,-5.486418,0.017020,8.244,-13.195,-12.898,0.000000
5287.385254,-39.414,0.710339,0.019034,8.244,-13.198,-12.901,0.000000
5305.685547,-39.663,6.509732,0.019583,8.244,-13.201,-12.904,0.000000
5324.054199,-39.761,9.603296,0.019802,8.244,-13.204,-12.906,0.000000
5342.486816,-39.897,10.433868,0.020111,8.244,-13.207,-12.909,0.000000
5360.978027,-40.842,12.567468,0.022421,8.244,-13.210,-12.912,0.000000
5379.532715,-41.217,22.360327,0.023408,8.244,-13.213,-12.915,0.000000
5398.157227,-40.629,32.842262,0.021876,8.244,-13.216,-12.917,0.000000
5416.846191,-40.065,30.797813,0.020501,8.244,-13.219,-12.920,0.000000
5435.594727,-39.847,28.836901,0.019992,8.244,-13.222,-12.923,0.000000
5454.408203,-39.716,25.592375,0.019693,8.244,-13.225,-12.926,0.000000
5473.291992,-39.997,24.559874,0.020341,8.244,-13.228,-12.929,0.000000
5492.235352,-39.590,31.323778,0.019409,8.244,-13.231,-12.931,0.000000
5511.250000,-39.707,31.232632,0.019669,8.244,-13.234,-12.934,0.000000
5530.325195,-39.037,35.209644,0.018205,8.244,-13.237,-12.937,0.000000
5549.472168,-38.940,31.743513,0.018001,8.244,-13.240,-12.940,0.000000
5568.679199,-38.482,31.367699,0.017073,8.244,-13.243,-12.943,0.000000
5587.953613,-38.064,30.995665,0.016267,8.244,-13.246,-12.946,0.000000
5607.299316,-37.819,32.580059,0.015813,8.244,-13.249,-12.948,0.000000
5626.712402,-36.695,28.428837,0.013892,8.244,-13.252,-12.951,0.000000
5646.181641,-36.803,20.660471,0.014067,8.244,-13.255,-12.954,0.000000
5665.729492,-36.388,20.171141,0.013410,8.244,-13.258,-12.957,0.000000
5685.344727,-35.773,13.193075,0.012494,8.244,-13.262,-12.960,0.000000
5705.027832,-35.847,3.713004,0.012600,8.244,-13.265,-12.963,0.000000
5724.773926,-36.479,-4.971259,0.013551,8.244,-13.268,-12.966,0.000000
5744.587891,-37.063,-7.297464,0.014493,8.244,-13.271,-12.969,0.000000
5764.476562,-37.326,-7.657302,0.014940,8.244,-13.274,-12.972,0.000000
5784.428223,-38.046,-7.720893,0.016230,8.244,-13.277,-12.975,0.000000
5804.448730,-38.298,-7.719944,0.016709,8.244,-13.281,-12.978,0.000000
5824.544434,-38.715,-7.781235,0.017530,8.244,-13.284,-12.981,0.000000
5844.709473,-39.496,-2.910418,0.019179,8.244,-13.287,-12.984,0.000000
5864.938965,-39.168,1.999607,0.018468,8.244,-13.290,-12.987,0.000000
5885.238281,-39.236,3.560261,0.018613,8.244,-13.293,-12.990,0.000000
5905.613281,-38.649,7.410382,0.017398,8.244,-13.297,-12.993,0.000000
5926.059082,-38.437,-3.594141,0.016978,8.244,-13.300,-12.996,0.000000
5946.570312,-38.778,-15.332073,0.017657,8.244,-13.303,-12.999,0.000000
5967.151855,-39.314,-6.284539,0.018781,8.244,-13.306,-13.002,0.000000
5987.811035,-39.303,-1.632513,0.018757,8.244,-13.310,-13.005,0.000000
6008.535645,-39.473,-4.617957,0.019129,8.244,-13.313,-13.008,0.000000
6029.337402,-40.259,-9.314445,0.020941,8.244,-13.316,-13.011,0.000000
6050.206055,-40.597,-14.807935,0.021770,8.244,-13.320,-13.014,0.000000
6071.152344,-40.311,-7.921920,0.021066,8.244,-13.323,-13.018,0.000000
6092.165527,-40.128,8.380961,0.020627,8.244,-13.326,-13.021,0.000000
6113.251465,-40.191,14.639377,0.020778,8.244,-13.330,-13.024,0.000000
6134.416016,-40.071,5.253432,0.020491,8.244,-13.333,-13.027,0.000000
6155.653809,-39.228,-8.837722,0.018597,8.244,-13.336,-13.030,0.000000
6176.959473,-39.000,-3.821788,0.018112,8.244,-13.340,-13.033,0.000000
6198.338867,-38.464,13.451024,0.017026,8.244,-13.343,-13.037,0.000000
6219.797852,-37.940,21.580900,0.016026,8.244,-13.347,-13.040,0.000000
6241.331543,-38.106,4.837903,0.016332,8.244,-13.350,-13.043,0.000000
6262.933594,-38.765,-0.752690,0.017617,8.244,-13.353,-13.046,0.000000
6284.610352,-39.203,5.323858,0.018525,8.244,-13.357,-13.049,0.000000
6306.368652,-38.980,20.000538,0.018051,8.244,-13.360,-13.053,0.000000
6328.195801,-39.237,36.631779,0.018590,8.244,-13.364,-13.056,0.000000
6350.104492,-39.105,25.351196,0.018307,8.244,-13.367,-13.059,0.000000
6372.083008,-39.344,5.907142,0.018815,8.244,-13.371,-13.062,0.000000
6394.143555,-40.626,-9.183057,0.021802,8.244,-13.374,-13.066,0.000000
6416.274902,-39.895,6.719686,0.020039,8.244,-13.378,-13.069,0.000000
6438.482422,-39.810,-2.843746,0.019840,8.244,-13.381,-13.072,0.000000
6460.772949,-40.019,-7.425017,0.020318,8.244,-13.385,-13.076,0.000000
6483.140625,-40.272,-2.212983,0.020913,8.244,-13.388,-13.079,0.000000
6505.580078,-39.780,-0.726801,0.019753,8.244,-13.392,-13.082,0.000000
6528.096680,-40.102,-5.157351,0.020493,8.244,-13.396,-13.086,0.000000
6550.697266,-40.346,-10.098878,0.021068,8.244,-13.399,-13.089,0.000000
6573.370605,-40.245,22.673035,0.020818,8.244,-13.403,-13.092,0.000000
6596.127930,-40.812,8.485038,0.022214,8.244,-13.406,-13.096,0.000000
6618.958008,-41.186,7.653771,0.023185,8.244,-13.410,-13.099,0.000000
6641.873535,-40.992,33.252823,0.022664,8.244,-13.414,-13.103,0.000000
6664.861816,-40.768,42.983021,0.022081,8.244,-13.417,-13.106,0.000000
6687.930176,-40.988,25.380436,0.022639,8.243,-13.421,-13.109,0.000000
6711.084473,-40.694,67.767105,0.021878,8.243,-13.425,-13.113,0.000000
6734.318848,-40.026,86.302719,0.020250,8.243,-13.428,-13.116,0.000000
6757.633301,-39.610,68.044922,0.019297,8.243,-13.432,-13.120,0.000000
6781.016113,-39.061,68.574120,0.018110,8.243,-13.436,-13.123,0.000000
6804.492676,-39.280,72.410423,0.018564,8.243,-13.440,-13.127,0.000000
6828.050293,-39.287,61.264210,0.018574,8.243,-13.443,-13.130,0.000000
6851.683105,-39.247,53.660732,0.018483,8.243,-13.447,-13.134,0.000000
6875.397949,-39.027,51.019012,0.018013,8.243,-13.451,-13.137,0.000000
6899.201172,-39.004,43.180054,0.017959,8.243,-13.455,-13.141,0.000000
6923.080078,-39.913,36.973774,0.019933,8.243,-13.458,-13.144,0.000000
6947.048828,-40.336,35.971531,0.020916,8.243,-13.462,-13.148,0.000000
6971.093262,-41.403,31.715046,0.023637,8.243,-13.466,-13.152,0.000000
6995.228027,-41.610,40.260487,0.024197,8.243,-13.470,-13.155,0.000000
7019.446289,-41.499,41.479973,0.023877,8.243,-13.474,-13.159,0.000000
7043.734863,-41.302,37.287441,0.023330,8.243,-13.478,-13.162,0.000000
7068.120605,-41.291,28.808710,0.023288,8.243,-13.482,-13.166,0.000000
7092.591309,-41.968,30.122396,0.025161,8.243,-13.485,-13.170,0.000000
7117.139648,-42.122,29.953882,0.025599,8.243,-13.489,-13.173,0.000000
7141.772949,-42.223,27.409142,0.025883,8.243,-13.493,-13.177,0.000000
7166.498535,-42.874,34.499527,0.027886,8.243,-13.497,-13.181,0.000000
7191.309570,-41.904,38.013454,0.024927,8.243,-13.501,-13.184,0.000000
7216.199707,-41.953,37.355686,0.025054,8.243,-13.505,-13.188,0.000000
7241.176270,-42.040,37.790009,0.025292,8.243,-13.509,-13.192,0.000000
7266.245605,-42.017,33.043072,0.025217,8.243,-13.513,-13.196,0.000000
7291.402344,-41.762,48.009995,0.024480,8.243,-13.517,-13.199,0.000000
7316.631836,-41.194,45.782093,0.022923,8.243,-13.521,-13.203,0.000000
7341.962402,-40.999,47.431232,0.022405,8.243,-13.525,-13.207,0.000000
7367.381348,-40.261,49.296387,0.020573,8.243,-13.529,-13.211,0.000000
7392.887695,-40.820,47.365711,0.021934,8.243,-13.533,-13.214,0.000000
7418.468262,-40.108,64.754463,0.020198,8.243,-13.537,-13.218,0.000000
7444.151855,-38.861,69.124176,0.017489,8.243,-13.541,-13.222,0.000000
7469.924316,-38.555,70.816475,0.016874,8.243,-13.545,-13.226,0.000000
7495.778809,-37.936,56.048923,0.015705,8.243,-13.550,-13.230,0.000000
7521.722656,-38.207,62.357903,0.016195,8.243,-13.554,-13.234,0.000000
7547.763672,-38.062,53.797844,0.015919,8.243,-13.558,-13.237,0.000000
7573.887207,-38.301,46.691269,0.016354,8.243,-13.562,-13.241,0.000000
7600.108887,-38.059,42.949348,0.015896,8.243,-13.566,-13.245,0.000000
7626.414062,-38.064,41.455189,0.015897,8.243,-13.570,-13.249,0.000000
7652.817383,-39.236,40.930466,0.018184,8.243,-13.575,-13.253,0.000000
7679.312012,-39.006,38.794525,0.017701,8.243,-13.579,-13.257,0.000000
7705.883789,-39.902,35.856529,0.019613,8.243,-13.583,-13.261,0.000000
7732.562500,-40.051,50.179195,0.019943,8.243,-13.587,-13.265,0.000000
7759.333008,-39.953,50.526276,0.019709,8.243,-13.591,-13.269,0.000000
7786.189453,-39.769,52.734089,0.019286,8.243,-13.596,-13.273,0.000000
7813.138672,-39.313,53.136688,0.018291,8.243,-13.600,-13.277,0.000000
7840.188477,-39.504,48.888329,0.018687,8.243,-13.604,-13.281,0.000000
7867.331543,-39.618,47.901207,0.018923,8.243,-13.609,-13.285,0.000000
7894.561523,-39.904,51.022942,0.019547,8.243,-13.613,-13.289,0.000000
7921.885742,-39.385,56.056950,0.018405,8.243,-13.617,-13.293,0.000000
7949.312012,-38.913,46.572594,0.017419,8.243,-13.622,-13.297,0.000000
7976.833496,-38.889,49.540176,0.017361,8.243,-13.626,-13.301,0.000000
8004.442383,-38.368,54.544289,0.016338,8.243,-13.630,-13.305,0.000000
8032.146973,-38.038,47.812012,0.015718,8.243,-13.630,-13.305,0.000000
8059.955078,-37.653,61.578102,0.015027,8.243,-13.630,-13.305,0.000000
8087.859375,-37.294,48.219013,0.014409,8.243,-13.631,-13.306,0.000000
8115.844727,-37.164,48.909824,0.014185,8.243,-13.631,-13.306,0.000000
8143.942383,-37.411,45.580677,0.014582,8.243,-13.631,-13.306,0.000000
8172.137695,-37.659,50.551285,0.014992,8.243,-13.632,-13.307,0.000000
8200.422852,-37.581,36.702614,0.014844,8.243,-13.632,-13.307,0.000000
8228.805664,-37.895,27.304220,0.015378,8.243,-13.632,-13.307,0.000000
8257.293945,-38.739,25.196451,0.016933,8.243,-13.632,-13.307,0.000000
8285.881836,-39.549,20.933857,0.018572,8.243,-13.633,-13.308,0.000000
8314.560547,-40.266,16.596119,0.020151,8.243,-13.633,-13.308,0.000000
8343.337891,-40.067,19.716459,0.019674,8.243,-13.633,-13.308,0.000000
8372.223633,-40.970,15.929298,0.021809,8.243,-13.634,-13.309,0.000000
8401.208984,-40.829,12.350922,0.021435,8.243,-13.634,-13.309,0.000000
8430.278320,-41.573,15.949963,0.023327,8.243,-13.634,-13.309,0.000000
8459.464844,-41.599,24.610828,0.023373,8.243,-13.635,-13.309,0.000000
8488.752930,-41.675,22.171106,0.023553,8.243,-13.635,-13.310,0.000000
8518.141602,-41.263,34.990833,0.022439,8.243,-13.635,-13.310,0.000000
8547.616211,-41.701,35.240826,0.023570,8.243,-13.636,-13.310,0.000000
8577.208008,-41.726,44.600468,0.023610,8.243,-13.636,-13.311,0.000000
8606.903320,-40.989,55.117218,0.021664,8.243,-13.636,-13.311,0.000000
8636.693359,-41.044,48.743183,0.021775,8.243,-13.636,-13.311,0.000000
8666.594727,-40.610,55.108826,0.020689,8.243,-13.637,-13.312,0.000000
8696.590820,-39.400,44.026409,0.017977,8.243,-13.637,-13.312,0.000000
8726.699219,-38.990,53.926922,0.017123,8.243,-13.637,-13.312,0.000000
8756.903320,-38.259,47.742062,0.015716,8.243,-13.638,-13.312,0.000000
8787.211914,-38.197,41.634888,0.015580,8.243,-13.638,-13.313,0.000000
8817.634766,-37.346,42.278343,0.014105,8.243,-13.638,-13.313,0.000000
8848.162109,-37.831,25.689129,0.014891,8.243,-13.639,-13.313,0.000000
8878.778320,-37.891,30.587561,0.014971,8.243,-13.639,-13.314,0.000000
8909.517578,-37.953,21.728945,0.015056,8.243,-13.639,-13.314,0.000000
8940.363281,-38.570,9.831118,0.016134,8.243,-13.640,-13.314,0.000000
8971.306641,-38.701,12.708087,0.016347,8.243,-13.640,-13.315,0.000000
9002.366211,-39.186,19.347219,0.017254,8.243,-13.640,-13.315,0.000000
9033.524414,-39.083,25.598438,0.017017,8.243,-13.641,-13.315,0.000000
9064.799805,-39.838,14.168131,0.018529,8.243,-13.641,-13.316,0.000000
9096.173828,-40.411,22.367010,0.019755,8.243,-13.641,-13.316,0.000000
9127.657227,-39.907,23.593706,0.018603,8.243,-13.642,-13.316,0.000000
9159.257812,-40.423,30.669968,0.019697,8.243,-13.642,-13.316,0.000000
9190.967773,-40.250,35.869625,0.019266,8.243,-13.642,-13.317,0.000000
9222.770508,-39.958,77.318184,0.018588,8.243,-13.643,-13.317,0.000000
9254.701172,-40.421,58.728580,0.019562,8.243,-13.643,-13.317,0.000000
9286.741211,-40.841,62.482590,0.020486,8.243,-13.643,-13.318,0.000000
9318.892578,-40.644,66.901787,0.019980,8.243,-13.644,-13.318,0.000000
9351.137695,-40.126,58.891579,0.018780,8.243,-13.644,-13.318,0.000000
9383.512695,-40.112,49.360592,0.018704,8.243,-13.644,-13.319,0.000000
9415.999023,-40.484,51.263763,0.019476,8.243,-13.645,-13.319,0.000000
9448.588867,-40.820,63.857513,0.020195,8.243,-13.645,-13.319,0.000000
9481.300781,-41.192,56.086739,0.021027,8.243,-13.645,-13.320,0.000000
9514.117188,-41.453,56.822613,0.021617,8.243,-13.646,-13.320,0.000000
9547.055664,-42.052,49.916302,0.023105,8.243,-13.646,-13.320,0.000000
9580.099609,-41.860,56.205341,0.022538,8.243,-13.646,-13.321,0.000000
9613.257812,-41.269,50.925102,0.020999,8.243,-13.647,-13.321,0.000000
9646.540039,-41.207,48.624611,0.020792,8.243,-13.647,-13.321,0.000000
9679.936523,-40.759,70.996719,0.019692,8.243,-13.647,-13.322,0.000000
9713.431641,-40.388,66.228210,0.018817,8.243,-13.648,-13.322,0.000000
9747.060547,-40.567,65.189095,0.019155,8.243,-13.648,-13.322,0.000000
9780.805664,-40.333,69.907837,0.018594,8.243,-13.649,-13.323,0.000000
9814.658203,-39.454,72.143036,0.016760,8.243,-13.649,-13.323,0.000000
9848.637695,-39.440,68.909958,0.016686,8.243,-13.649,-13.323,0.000000
9882.724609,-39.500,63.826950,0.016755,8.243,-13.650,-13.324,0.000000
9916.939453,-40.121,71.635361,0.017947,8.243,-13.650,-13.324,0.000000
9951.263672,-40.016,61.340256,0.017684,8.243,-13.650,-13.324,0.000000
9985.706055,-39.767,52.635197,0.017136,8.243,-13.651,-13.325,0.000000
10020.278320,-39.415,59.463879,0.016408,8.243,-13.651,-13.325,0.000000
10054.968750,-39.401,51.520069,0.016334,8.243,-13.651,-13.326,0.000000
10089.770508,-40.019,43.351856,0.017489,8.243,-13.652,-13.326,0.000000
10124.692383,-39.950,35.950813,0.017299,8.243,-13.652,-13.326,0.000000
10159.745117,-40.475,31.432909,0.018322,8.243,-13.653,-13.327,0.000000
10194.918945,-40.380,41.890472,0.018070,8.243,-13.653,-13.327,0.000000
10230.205078,-40.710,33.931431,0.018715,8.243,-13.653,-13.327,0.000000
10265.613281,-40.792,31.820938,0.018841,8.243,-13.654,-13.328,0.000000
10301.154297,-40.510,35.355034,0.018188,8.243,-13.654,-13.328,0.000000
10336.807617,-41.280,21.025103,0.019820,8.243,-13.654,-13.328,0.000000
10372.594727,-41.586,30.942423,0.020474,8.243,-13.655,-13.329,0.000000
10408.496094,-41.710,47.219257,0.020712,8.243,-13.655,-13.329,0.000000
10444.531250,-41.560,52.877563,0.020301,8.243,-13.656,-13.329,0.000000
10480.680664,-41.687,46.971699,0.020543,8.243,-13.656,-13.330,0.000000
10516.956055,-41.379,49.848602,0.019769,8.243,-13.656,-13.330,0.000000
10553.367188,-41.575,40.724964,0.020160,8.243,-13.657,-13.331,0.000000
10589.903320,-41.812,38.710236,0.020658,8.243,-13.657,-13.331,0.000000
10626.546875,-41.741,41.778503,0.020430,8.243,-13.657,-13.331,0.000000
10663.336914,-41.735,33.799786,0.020355,8.243,-13.658,-13.332,0.000000
10700.253906,-42.823,27.321173,0.023005,8.243,-13.658,-13.332,0.000000
10737.299805,-42.685,34.744263,0.022576,8.243,-13.659,-13.332,0.000000
10774.462891,-42.836,31.186012,0.022910,8.243,-13.659,-13.333,0.000000
10811.754883,-42.962,36.916092,0.023180,8.243,-13.659,-13.333,0.000000
10849.185547,-43.319,27.912958,0.024088,8.243,-13.660,-13.333,0.000000
10886.736328,-43.997,47.956333,0.025972,8.243,-13.660,-13.334,0.000000
10924.427734,-44.242,61.395569,0.026639,8.243,-13.661,-13.334,0.000000
10962.238281,-43.457,72.813568,0.024271,8.243,-13.661,-13.335,0.000000
11000.190430,-42.808,63.412170,0.022467,8.243,-13.661,-13.335,0.000000
11038.263672,-42.674,58.808815,0.022064,8.243,-13.662,-13.335,0.000000
11076.468750,-42.736,53.575672,0.022165,8.243,-13.662,-13.336,0.000000
11114.816406,-43.119,35.532074,0.023104,8.243,-13.663,-13.336,0.000000
11153.296875,-43.607,47.248764,0.024377,8.243,-13.663,-13.337,0.000000
11191.900391,-43.445,49.569965,0.023866,8.243,-13.663,-13.337,0.000000
11230.636719,-43.868,35.223682,0.024991,8.243,-13.664,-13.337,0.000000
11269.518555,-44.420,22.821911,0.026564,8.243,-13.664,-13.338,0.000000
11308.523438,-45.101,32.860607,0.028654,8.243,-13.665,-13.338,0.000000
11347.674805,-45.271,50.040615,0.029147,8.243,-13.665,-13.339,0.000000
11386.951172,-45.615,74.013069,0.030244,8.243,-13.666,-13.339,0.000000
11426.373047,-45.429,89.343857,0.029526,8.243,-13.666,-13.339,0.000000
11465.921875,-45.255,85.062935,0.028868,8.243,-13.666,-13.340,0.000000
11505.606445,-44.988,80.539825,0.027922,8.243,-13.667,-13.340,0.000000
11545.440430,-43.911,85.704437,0.024608,8.243,-13.667,-13.341,0.000000
11585.412109,-43.821,91.471222,0.024295,8.243,-13.668,-13.341,0.000000
11625.521484,-43.703,96.427895,0.023911,8.243,-13.668,-13.341,0.000000
11665.748047,-43.671,87.282982,0.023763,8.243,-13.668,-13.342,0.000000
11706.135742,-43.742,82.013542,0.023902,8.243,-13.669,-13.342,0.000000
11746.664062,-43.652,70.326927,0.023598,8.243,-13.669,-13.343,0.000000
11787.320312,-43.716,69.042084,0.023712,8.243,-13.670,-13.343,0.000000
11828.118164,-43.640,89.730942,0.023445,8.243,-13.670,-13.343,0.000000
11869.068359,-43.803,84.318199,0.023827,8.243,-13.671,-13.344,0.000000
11910.148438,-43.862,92.199303,0.023929,8.243,-13.671,-13.344,0.000000
11951.382812,-43.666,78.905167,0.023334,8.243,-13.671,-13.345,0.000000
11992.748047,-43.946,76.095482,0.024036,8.243,-13.672,-13.345,0.000000
12034.268555,-44.125,83.998779,0.024473,8.243,-13.672,-13.345,0.000000
12075.931641,-44.611,84.282417,0.025815,8.243,-13.673,-13.346,0.000000
12117.716797,-44.767,90.069992,0.026215,8.243,-13.673,-13.346,0.000000
12159.669922,-45.227,85.949310,0.027571,8.243,-13.674,-13.347,0.000000
12201.767578,-45.180,83.066505,0.027351,8.243,-13.674,-13.347,0.000000
12243.999023,-45.597,82.035126,0.028622,8.243,-13.675,-13.348,0.000000
12286.377930,-46.350,90.394966,0.031133,8.243,-13.675,-13.348,0.000000
12328.914062,-46.454,93.067986,0.031423,8.243,-13.675,-13.348,0.000000
12371.597656,-46.033,91.917320,0.029849,8.243,-13.676,-13.349,0.000000
12414.417969,-45.916,85.893639,0.029362,8.243,-13.676,-13.349,0.000000
12457.385742,-45.867,87.149696,0.029112,8.243,-13.677,-13.350,0.000000
12500.514648,-45.103,86.490509,0.026582,8.243,-13.677,-13.350,0.000000
12543.780273,-45.576,95.682999,0.027988,8.243,-13.678,-13.351,0.000000
12587.196289,-45.458,90.087433,0.027529,8.243,-13.678,-13.351,0.000000
12630.774414,-45.258,86.265656,0.026822,8.243,-13.679,-13.351,0.000000
12674.502930,-45.271,79.196083,0.026778,8.243,-13.679,-13.352,0.000000
12718.383789,-45.142,88.277473,0.026303,8.243,-13.680,-13.352,0.000000
12762.391602,-44.768,83.087074,0.025116,8.243,-13.680,-13.353,0.000000
12806.576172,-44.375,99.281731,0.023931,8.243,-13.681,-13.353,0.000000
12850.914062,-43.990,82.380493,0.022822,8.243,-13.681,-13.354,0.000000
12895.392578,-43.794,82.134003,0.022243,8.243,-13.681,-13.354,0.000000
12940.025391,-43.951,75.628410,0.022567,8.243,-13.682,-13.355,0.000000
12984.825195,-43.167,81.572800,0.020547,8.243,-13.682,-13.355,0.000000
13029.767578,-43.131,80.724396,0.020387,8.243,-13.683,-13.355,0.000000
13074.876953,-43.144,86.144699,0.020345,8.243,-13.683,-13.356,0.000000
13120.131836,-43.627,80.997429,0.021429,8.243,-13.684,-13.356,0.000000
13165.554688,-43.641,79.935890,0.021387,8.243,-13.684,-13.357,0.000000
13211.134766,-44.841,80.726883,0.024465,8.243,-13.685,-13.357,0.000000
13256.847656,-44.530,77.728973,0.023515,8.243,-13.685,-13.358,0.000000
13302.744141,-44.701,89.315605,0.023894,8.243,-13.686,-13.358,0.000000
13348.799805,-44.608,77.008705,0.023548,8.243,-13.686,-13.359,0.000000
13395.001953,-45.199,75.703407,0.025111,8.243,-13.687,-13.359,0.000000
13441.363281,-44.418,76.425842,0.022864,8.243,-13.687,-13.360,0.000000
13487.899414,-44.165,67.841499,0.022123,8.243,-13.688,-13.360,0.000000
13534.595703,-44.125,76.136459,0.021930,8.243,-13.688,-13.361,0.000000
13581.440430,-44.159,71.784286,0.021923,8.243,-13.689,-13.361,0.000000
13628.447266,-44.678,65.861946,0.023175,8.243,-13.689,-13.361,0.000000
13675.630859,-44.511,71.592369,0.022635,8.243,-13.690,-13.362,0.000000
13722.976562,-45.562,77.815712,0.025436,8.243,-13.690,-13.362,0.000000
13770.473633,-45.159,95.420334,0.024178,8.243,-13.691,-13.363,0.000000
13818.135742,-45.545,93.311646,0.025168,8.243,-13.691,-13.363,0.000000
13865.975586,-46.444,95.091896,0.027789,8.243,-13.692,-13.364,0.000000
13913.980469,-46.736,96.207634,0.028612,8.243,-13.692,-13.364,0.000000
13962.125977,-46.731,108.005325,0.028466,8.243,-13.693,-13.365,0.000000
14010.463867,-45.530,106.029305,0.024680,8.243,-13.693,-13.365,0.000000
14058.969727,-45.526,101.795395,0.024558,8.243,-13.694,-13.366,0.000000
14107.628906,-45.429,103.910934,0.024177,8.243,-13.694,-13.366,0.000000
14156.458008,-45.872,100.530960,0.025327,8.243,-13.695,-13.367,0.000000
14205.468750,-45.440,112.265350,0.023987,8.243,-13.695,-13.367,0.000000
14254.635742,-45.437,111.510635,0.023867,8.243,-13.696,-13.368,0.000000
14303.986328,-44.879,107.213104,0.022280,8.243,-13.696,-13.368,0.000000
14353.495117,-44.855,111.991959,0.022115,8.243,-13.697,-13.369,0.000000
14403.188477,-45.293,104.281738,0.023150,8.243,-13.697,-13.369,0.000000
14453.052734,-45.560,110.076591,0.023761,8.243,-13.698,-13.370,0.000000
14503.063477,-45.755,118.371681,0.024185,8.243,-13.698,-13.370,0.000000
14553.274414,-45.940,111.032211,0.024586,8.243,-13.699,-13.371,0.000000
14603.659180,-46.106,99.471992,0.024941,8.243,-13.700,-13.371,0.000000
14654.218750,-46.393,112.378853,0.025656,8.243,-13.700,-13.372,0.000000
14704.924805,-46.271,108.049835,0.025176,8.243,-13.701,-13.372,0.000000
14755.834961,-46.174,111.771721,0.024777,8.243,-13.701,-13.373,0.000000
14806.920898,-46.280,106.089294,0.024958,8.243,-13.702,-13.373,0.000000
14858.168945,-46.095,103.859467,0.024311,8.243,-13.702,-13.374,0.000000
14909.609375,-45.964,106.924026,0.023830,8.243,-13.703,-13.374,0.000000
14961.213867,-46.160,105.795509,0.024253,8.243,-13.703,-13.375,0.000000
15013.010742,-45.162,110.762970,0.021511,8.242,-13.704,-13.375,0.000000
15064.973633,-44.884,101.228905,0.020730,8.242,-13.704,-13.376,0.000000
15117.115234,-44.879,108.778130,0.020613,8.242,-13.705,-13.376,0.000000
15169.452148,-44.383,108.579659,0.019373,8.242,-13.706,-13.377,0.000000
15221.969727,-44.055,108.098412,0.018567,8.242,-13.706,-13.378,0.000000
15274.640625,-44.142,108.189812,0.018664,8.242,-13.707,-13.378,0.000000
15327.523438,-44.234,113.103897,0.018771,8.242,-13.707,-13.379,0.000000
15380.588867,-43.983,109.003082,0.018150,8.242,-13.708,-13.379,0.000000
15433.823242,-44.465,93.630432,0.019093,8.242,-13.708,-13.380,0.000000
15487.241211,-44.663,100.646614,0.019439,8.242,-13.709,-13.380,0.000000
15540.859375,-45.186,97.022018,0.020546,8.242,-13.709,-13.381,0.000000
15594.664062,-45.375,97.651894,0.020897,8.242,-13.710,-13.381,0.000000
15648.638672,-46.172,93.970596,0.022794,8.242,-13.711,-13.382,0.000000
15702.800781,-46.132,101.918274,0.022581,8.242,-13.711,-13.382,0.000000
15757.166016,-45.688,96.229279,0.021352,8.242,-13.712,-13.383,0.000000
15811.718750,-45.280,98.095200,0.020275,8.242,-13.712,-13.383,0.000000
15866.429688,-45.222,108.169533,0.020043,8.242,-13.713,-13.384,0.000000
15921.361328,-45.021,99.935410,0.019489,8.242,-13.713,-13.385,0.000000
15976.482422,-43.814,97.426430,0.016881,8.242,-13.714,-13.385,0.000000
16031.793945,-43.626,95.901733,0.016440,8.242,-13.715,-13.386,0.000000
16087.267578,-43.639,110.210289,0.016384,8.242,-13.715,-13.386,0.000000
16142.962891,-42.835,107.806084,0.014864,8.242,-13.716,-13.387,0.000000
16198.851562,-42.354,120.790466,0.013996,8.242,-13.716,-13.387,0.000000
16254.917969,-41.943,117.743980,0.013284,8.242,-13.717,-13.388,0.000000
16311.194336,-41.368,123.752403,0.012374,8.242,-13.718,-13.388,0.000000
16367.649414,-41.489,138.448074,0.012487,8.242,-13.718,-13.389,0.000000
16424.316406,-41.295,135.167740,0.012153,8.242,-13.719,-13.390,0.000000
16481.162109,-41.550,133.492584,0.012454,8.242,-13.719,-13.390,0.000000
16538.205078,-40.891,123.151009,0.011488,8.242,-13.720,-13.391,0.000000
16595.462891,-40.838,114.989777,0.011364,8.242,-13.721,-13.391,0.000000
16652.917969,-40.854,116.142906,0.011330,8.242,-13.721,-13.392,0.000000
16710.539062,-40.614,116.283966,0.010969,8.242,-13.722,-13.393,0.000000
16768.392578,-40.855,120.356453,0.011223,8.242,-13.722,-13.393,0.000000
16826.447266,-40.072,126.449310,0.010206,8.242,-13.723,-13.394,0.000000
16884.685547,-39.799,140.356400,0.009843,8.242,-13.724,-13.394,0.000000
16943.142578,-39.887,137.384537,0.009895,8.242,-13.724,-13.395,0.000000
17001.785156,-38.525,143.084900,0.008418,8.242,-13.725,-13.395,0.000000
17060.646484,-38.456,142.480011,0.008312,8.242,-13.725,-13.396,0.000000
17119.695312,-38.217,129.244751,0.008047,8.242,-13.726,-13.397,0.000000
17178.949219,-38.266,133.793457,0.008054,8.242,-13.727,-13.397,0.000000
17238.423828,-38.144,130.528580,0.007904,8.242,-13.727,-13.398,0.000000
17298.105469,-38.163,124.548409,0.007882,8.242,-13.728,-13.398,0.000000
17357.976562,-37.916,137.719437,0.007624,8.242,-13.729,-13.399,0.000000
17418.054688,-36.996,143.337357,0.006825,8.242,-13.729,-13.400,0.000000
17478.357422,-37.074,130.303131,0.006852,8.242,-13.730,-13.400,0.000000
17538.869141,-37.107,125.810783,0.006844,8.242,-13.731,-13.401,0.000000
17599.556641,-36.711,143.253677,0.006506,8.242,-13.731,-13.401,0.000000
17660.488281,-35.709,142.890915,0.005769,8.242,-13.732,-13.402,0.000000
17721.630859,-34.901,136.796997,0.005230,8.242,-13.732,-13.403,0.000000
17782.968750,-34.426,130.648285,0.004927,8.242,-13.733,-13.403,0.000000
17844.535156,-33.193,131.769394,0.004254,8.242,-13.734,-13.404,0.000000
17906.296875,-32.670,130.287643,0.003986,8.242,-13.734,-13.405,0.000000
17968.291016,-32.882,127.787567,0.004065,8.242,-13.735,-13.405,0.000000
18030.480469,-32.047,127.117508,0.003675,8.242,-13.736,-13.406,0.000000
18092.886719,-31.123,115.085487,0.003288,8.242,-13.736,-13.406,0.000000
18155.525391,-29.952,123.431908,0.002859,8.242,-13.737,-13.407,0.000000
18218.382812,-29.679,114.684677,0.002758,8.242,-13.738,-13.408,0.000000
18281.421875,-29.348,111.526169,0.002642,8.242,-13.738,-13.408,0.000000
18344.712891,-29.182,118.660599,0.002580,8.242,-13.739,-13.409,0.000000
18408.224609,-28.506,125.517334,0.002376,8.242,-13.740,-13.410,0.000000
18471.955078,-28.040,127.651100,0.002241,8.242,-13.740,-13.410,0.000000
18535.888672,-26.985,127.000221,0.001976,8.242,-13.741,-13.411,0.000000
18600.044922,-25.132,130.289917,0.001589,8.242,-13.742,-13.412,0.000000
18664.439453,-24.685,117.864296,0.001502,8.242,-13.742,-13.412,0.000000
18729.041016,-24.404,116.664055,0.001447,8.242,-13.743,-13.413,0.000000
18793.880859,-23.415,139.370865,0.001488,8.242,-13.744,-13.413,0.000000
18858.929688,-21.455,128.871353,0.001033,8.242,-13.745,-13.414,0.000000
18924.220703,-20.567,126.796951,0.000918,8.242,-13.745,-13.415,0.000000
18989.720703,-19.633,124.180527,0.000838,8.242,-13.746,-13.415,0.000000
19055.447266,-19.166,144.018677,0.000800,8.242,-13.747,-13.416,0.000000
19121.417969,-19.286,140.780548,0.000846,8.242,-13.747,-13.417,0.000000
19187.619141,-19.005,161.627701,0.001135,8.242,-13.748,-13.417,0.000000
19254.029297,-18.318,172.749023,0.000728,8.242,-13.749,-13.418,0.000000
19320.669922,-17.611,162.707962,0.000791,8.242,-13.749,-13.419,0.000000
19387.560547,-18.368,144.944534,0.001026,8.242,-13.750,-13.419,0.000000
19454.664062,-18.514,134.358292,0.000819,8.242,-13.751,-13.420,0.000000
19522.017578,-18.516,-168.115646,0.003745,8.242,-13.752,-13.421,0.000000
19589.585938,-207.703,0.000000,0.000000,8.242,-13.752,-13.421,0.000000
19657.406250,-207.738,0.000000,0.000000,8.242,-13.753,-13.422,0.000000
19725.443359,-207.772,0.000000,0.000000,8.242,-13.754,-13.423,0.000000
19793.716797,-207.806,0.000000,0.000000,8.242,-13.754,-13.424,0.000000
19862.244141,-207.841,0.000000,0.000000,8.242,-13.755,-13.424,0.000000
19931.009766,-207.875,0.000000,0.000000,8.242,-13.756,-13.425,0.000000
19999.974609,-207.910,0.000000,0.000000,8.242,-13.757,-13.426,0.000000
