frequency_hz,spl_db,phase_deg,thd_percent,rt60_ms,c50_db,c80_db,group_delay_ms
20.000000,-4.367,-137.857315,0.000331,16.188,-25.722,-23.633,0.000000
20.069233,-4.814,-141.960770,0.000349,16.188,-25.722,-23.633,0.000000
20.138704,-4.844,-144.431213,0.000350,16.188,-25.722,-23.633,0.000000
20.208418,-4.908,-146.358093,0.000353,16.188,-25.722,-23.633,0.000000
20.278366,-4.735,-151.383820,0.000346,16.188,-25.722,-23.633,0.000000
20.348562,-5.271,-155.409775,0.000368,16.188,-25.722,-23.633,0.000000
20.419001,-5.163,-159.735840,0.000363,16.188,-25.722,-23.633,0.000000
20.489683,-5.445,-165.168594,0.000375,16.188,-25.722,-23.633,0.000000
20.560612,-5.193,-167.504440,0.000365,16.188,-25.722,-23.633,0.000000
20.631784,-5.740,-171.443085,0.000388,16.188,-25.722,-23.633,0.000000
20.703203,-5.863,-176.178207,0.000394,16.188,-25.722,-23.633,0.000000
20.774866,-6.098,176.055557,0.000405,16.188,-25.722,-23.633,0.000000
20.846781,-6.504,170.184143,0.000424,16.188,-25.722,-23.633,0.000000
20.918943,-6.698,166.901855,0.000433,16.188,-25.722,-23.633,0.000000
20.991358,-7.237,161.499130,0.000461,16.188,-25.722,-23.633,0.000000
21.064020,-7.903,155.248886,0.000498,16.188,-25.722,-23.633,0.000000
21.136936,-8.742,151.686890,0.000549,16.188,-25.722,-23.633,0.000000
21.210104,-9.777,145.344193,0.000618,16.188,-25.722,-23.633,0.000000
21.283520,-10.095,142.252289,0.000641,16.188,-25.722,-23.633,0.000000
21.357197,-10.521,141.056229,0.000674,16.188,-25.722,-23.633,0.000000
21.431126,-11.686,135.563339,0.000771,16.188,-25.722,-23.633,0.000000
21.505312,-13.142,135.026260,0.000911,16.188,-25.722,-23.633,0.000000
21.579756,-14.213,132.536026,0.001031,16.188,-25.722,-23.633,0.000000
21.654457,-15.127,131.240982,0.001145,16.188,-25.722,-23.633,0.000000
21.729416,-15.385,130.572845,0.001180,16.188,-25.722,-23.633,0.000000
21.804630,-16.283,127.625076,0.001308,16.188,-25.722,-23.633,0.000000
21.880110,-17.964,117.995583,0.001587,16.188,-25.722,-23.633,0.000000
21.955851,-18.878,120.248291,0.001764,16.188,-25.722,-23.633,0.000000
22.031853,-20.783,129.907730,0.002197,16.188,-25.722,-23.633,0.000000
22.108118,-21.875,129.532211,0.002492,16.188,-25.722,-23.633,0.000000
22.184649,-22.685,132.874039,0.002736,16.188,-25.722,-23.633,0.000000
22.261442,-23.539,140.171036,0.003019,16.188,-25.722,-23.633,0.000000
22.338503,-24.076,143.338638,0.003212,16.188,-25.722,-23.633,0.000000
22.415825,-24.356,-178.066696,0.003318,16.188,-25.722,-23.633,0.000000
22.493420,-24.717,-119.165840,0.003459,16.188,-25.722,-23.633,0.000000
22.571283,-23.921,-113.180145,0.003157,16.188,-25.722,-23.633,0.000000
22.649418,-23.920,-113.180145,0.003157,16.188,-25.722,-23.633,0.000000
22.727821,-22.793,-119.851555,0.002773,16.188,-25.722,-23.633,0.000000
22.806496,-21.090,-111.166328,0.002280,16.188,-25.722,-23.633,0.000000
22.885437,-19.954,-105.563370,0.002001,16.188,-25.722,-23.633,0.000000
22.964659,-18.536,-115.541435,0.001699,16.188,-25.722,-23.633,0.000000
23.044153,-17.220,-109.924522,0.001461,16.188,-25.722,-23.633,0.000000
23.123922,-16.910,-111.648041,0.001410,16.188,-25.722,-23.633,0.000000
23.203970,-16.016,-119.481979,0.001272,16.188,-25.722,-23.633,0.000000
23.284292,-15.428,-122.901764,0.001189,16.188,-25.722,-23.633,0.000000
23.364893,-15.078,-127.454247,0.001142,16.188,-25.722,-23.633,0.000000
23.445774,-14.417,-129.910828,0.001059,16.188,-25.722,-23.633,0.000000
23.526928,-13.825,-133.901031,0.000989,16.188,-25.722,-23.633,0.000000
23.608370,-13.685,-138.339264,0.000973,16.188,-25.722,-23.633,0.000000
23.690092,-12.972,-142.344055,0.000897,16.188,-25.722,-23.633,0.000000
23.772099,-13.008,-144.152740,0.000900,16.188,-25.722,-23.633,0.000000
23.854389,-12.711,-146.415894,0.000870,16.188,-25.722,-23.633,0.000000
23.936964,-12.248,-149.408997,0.000825,16.188,-25.722,-23.633,0.000000
24.019825,-11.808,-155.110718,0.000784,16.188,-25.722,-23.633,0.000000
24.102966,-11.698,-159.247345,0.000774,16.188,-25.722,-23.633,0.000000
24.186401,-11.593,-162.293961,0.000765,16.188,-25.722,-23.633,0.000000
24.270124,-11.497,-164.557877,0.000757,16.188,-25.722,-23.633,0.000000
24.354139,-11.309,-168.630402,0.000741,16.188,-25.722,-23.633,0.000000
24.438444,-11.155,-172.476166,0.000728,16.188,-25.722,-23.633,0.000000
24.523041,-11.266,-175.778244,0.000737,16.188,-25.722,-23.633,0.000000
24.607929,-11.330,-178.123611,0.000743,16.188,-25.722,-23.633,0.000000
24.693108,-11.171,178.812134,0.000730,16.188,-25.722,-23.633,0.000000
24.778585,-11.160,175.732132,0.000729,16.188,-25.722,-23.633,0.000000
24.864359,-11.229,170.873947,0.000735,16.188,-25.722,-23.633,0.000000
24.950430,-11.428,169.813873,0.000752,16.188,-25.722,-23.633,0.000000
25.036798,-11.333,166.163239,0.000744,16.188,-25.722,-23.633,0.000000
25.123466,-11.286,162.820435,0.000740,16.188,-25.722,-23.633,0.000000
25.210434,-11.447,159.102463,0.000754,16.188,-25.722,-23.633,0.000000
25.297697,-11.647,156.537018,0.000772,16.188,-25.722,-23.633,0.000000
25.385267,-11.722,153.270813,0.000779,16.188,-25.722,-23.633,0.000000
25.473143,-11.843,151.005035,0.000790,16.188,-25.722,-23.633,0.000000
25.561321,-11.955,148.089325,0.000800,16.188,-25.722,-23.633,0.000000
25.649803,-12.133,144.148926,0.000817,16.188,-25.722,-23.633,0.000000
25.738594,-12.414,142.385254,0.000844,16.188,-25.722,-23.633,0.000000
25.827690,-12.527,139.066086,0.000855,16.188,-25.722,-23.633,0.000000
25.917089,-12.852,136.309326,0.000888,16.188,-25.722,-23.633,0.000000
26.006805,-13.058,135.157990,0.000909,16.188,-25.722,-23.633,0.000000
26.096830,-13.468,133.164215,0.000953,16.188,-25.722,-23.633,0.000000
26.187168,-13.794,132.189011,0.000990,16.188,-25.722,-23.633,0.000000
26.277819,-13.985,130.152481,0.001012,16.188,-25.722,-23.633,0.000000
26.368782,-14.459,127.962990,0.001069,16.188,-25.722,-23.633,0.000000
26.460054,-14.807,128.063736,0.001113,16.188,-25.722,-23.633,0.000000
26.551649,-15.203,126.838829,0.001165,16.188,-25.722,-23.633,0.000000
26.643560,-15.633,128.667587,0.001224,16.188,-25.722,-23.633,0.000000
26.735790,-15.747,128.022293,0.001240,16.188,-25.722,-23.633,0.000000
26.828339,-16.279,128.322479,0.001318,16.188,-25.722,-23.633,0.000000
26.921207,-16.601,129.947205,0.001368,16.188,-25.722,-23.633,0.000000
27.014399,-16.717,131.651474,0.001386,16.188,-25.722,-23.633,0.000000
27.107912,-17.015,132.433960,0.001435,16.188,-25.722,-23.633,0.000000
27.201744,-17.058,135.397598,0.001442,16.188,-25.722,-23.633,0.000000
27.295906,-17.108,136.751740,0.001451,16.188,-25.722,-23.633,0.000000
27.390394,-16.935,141.361160,0.001423,16.188,-25.722,-23.633,0.000000
27.485209,-16.559,141.720276,0.001363,16.188,-25.722,-23.633,0.000000
27.580351,-16.338,143.734131,0.001329,16.188,-25.722,-23.633,0.000000
27.675825,-16.028,144.430923,0.001282,16.188,-25.722,-23.633,0.000000
27.771622,-15.644,146.411880,0.001227,16.188,-25.722,-23.633,0.000000
27.867756,-14.868,147.623138,0.001122,16.188,-25.722,-23.633,0.000000
27.964224,-14.544,147.538986,0.001081,16.188,-25.722,-23.633,0.000000
28.061024,-13.919,148.019775,0.001007,16.188,-25.722,-23.633,0.000000
28.158161,-13.393,145.448959,0.000948,16.188,-25.722,-23.633,0.000000
28.255634,-12.860,145.081284,0.000891,16.188,-25.722,-23.633,0.000000
28.353443,-12.507,141.823776,0.000856,16.188,-25.722,-23.633,0.000000
28.451593,-12.307,140.817612,0.000837,16.188,-25.722,-23.633,0.000000
28.550081,-11.930,139.342590,0.000801,16.188,-25.722,-23.633,0.000000
28.648903,-11.554,137.278427,0.000767,16.188,-25.722,-23.633,0.000000
28.748075,-11.301,135.164154,0.000746,16.188,-25.722,-23.633,0.000000
28.847589,-10.997,133.520752,0.000720,16.188,-25.722,-23.633,0.000000
28.947449,-10.710,131.657364,0.000697,16.188,-25.722,-23.633,0.000000
29.047655,-10.433,129.370956,0.000675,16.188,-25.722,-23.633,0.000000
29.148207,-10.029,125.117249,0.000644,16.188,-25.722,-23.633,0.000000
29.249100,-9.868,122.002769,0.000632,16.188,-25.722,-23.633,0.000000
29.350348,-9.871,119.691811,0.000633,16.188,-25.722,-23.633,0.000000
29.451948,-9.521,117.469276,0.000608,16.188,-25.722,-23.633,0.000000
29.553900,-9.267,114.514442,0.000590,16.188,-25.722,-23.633,0.000000
29.656204,-9.062,111.110016,0.000576,16.188,-25.722,-23.633,0.000000
29.758862,-9.048,107.758247,0.000576,16.188,-25.722,-23.633,0.000000
29.861876,-9.069,104.931969,0.000577,16.188,-25.722,-23.633,0.000000
29.965246,-9.170,100.039688,0.000584,16.188,-25.722,-23.633,0.000000
30.068968,-9.250,97.077332,0.000589,16.188,-25.722,-23.633,0.000000
30.173054,-9.546,93.828911,0.000610,16.188,-25.722,-23.633,0.000000
30.277502,-9.678,92.128876,0.000619,16.188,-25.722,-23.633,0.000000
30.382311,-9.840,88.071045,0.000631,16.188,-25.722,-23.633,0.000000
30.487482,-10.284,85.603470,0.000664,16.188,-25.722,-23.633,0.000000
30.593019,-10.712,85.497581,0.000698,16.188,-25.722,-23.633,0.000000
30.698914,-11.126,83.570572,0.000732,16.188,-25.722,-23.633,0.000000
30.805182,-11.817,80.859924,0.000793,16.188,-25.722,-23.633,0.000000
30.911816,-12.150,82.239227,0.000824,16.188,-25.722,-23.633,0.000000
31.018822,-12.727,84.300659,0.000881,16.188,-25.722,-23.633,0.000000
31.126196,-13.207,87.366676,0.000931,16.188,-25.722,-23.633,0.000000
31.233944,-13.460,91.221626,0.000959,16.188,-25.722,-23.633,0.000000
31.342064,-13.710,94.600105,0.000987,16.188,-25.722,-23.633,0.000000
31.450558,-13.751,98.596405,0.000992,16.188,-25.722,-23.633,0.000000
31.559420,-13.457,101.394226,0.000959,16.188,-25.722,-23.633,0.000000
31.668667,-13.681,105.285828,0.000984,16.188,-25.722,-23.633,0.000000
31.778292,-12.567,114.108971,0.000866,16.188,-25.722,-23.633,0.000000
31.888296,-12.017,117.551041,0.000813,16.188,-25.722,-23.633,0.000000
31.998680,-11.404,119.477013,0.000758,16.188,-25.722,-23.633,0.000000
32.109447,-10.734,120.003517,0.000701,16.188,-25.722,-23.633,0.000000
32.220600,-10.260,119.450417,0.000664,16.188,-25.722,-23.633,0.000000
32.332127,-9.429,122.039917,0.000604,16.188,-25.722,-23.633,0.000000
32.444046,-8.719,121.534721,0.000556,16.188,-25.722,-23.633,0.000000
32.556355,-8.429,119.741989,0.000538,16.188,-25.722,-23.633,0.000000
32.669052,-7.856,118.914658,0.000504,16.188,-25.722,-23.633,0.000000
32.782143,-7.245,116.988777,0.000470,16.188,-25.722,-23.633,0.000000
32.895622,-6.783,113.702423,0.000445,16.188,-25.722,-23.633,0.000000
33.009491,-6.366,113.895012,0.000424,16.188,-25.722,-23.633,0.000000
33.123760,-5.847,109.673714,0.000400,16.188,-25.722,-23.633,0.000000
33.238411,-5.609,108.086029,0.000389,16.188,-25.722,-23.633,0.000000
33.353470,-5.064,105.350250,0.000365,16.188,-25.722,-23.633,0.000000
33.468929,-4.788,102.699165,0.000354,16.188,-25.722,-23.633,0.000000
33.584785,-4.518,98.487350,0.000343,16.188,-25.722,-23.633,0.000000
33.701042,-4.229,96.989449,0.000332,16.188,-25.722,-23.633,0.000000
33.817696,-3.836,92.376633,0.000317,16.188,-25.722,-23.633,0.000000
33.934757,-3.641,87.485725,0.000310,16.188,-25.722,-23.633,0.000000
34.052227,-3.735,84.741264,0.000314,16.188,-25.722,-23.633,0.000000
34.170105,-3.561,81.597641,0.000308,16.188,-25.722,-23.633,0.000000
34.288387,-3.541,78.113731,0.000307,16.188,-25.722,-23.633,0.000000
34.407082,-3.462,74.094849,0.000304,16.188,-25.722,-23.633,0.000000
34.526184,-3.472,70.992928,0.000305,16.188,-25.722,-23.633,0.000000
34.645702,-3.581,68.248489,0.000309,16.188,-25.722,-23.633,0.000000
34.765621,-3.768,63.767338,0.000315,16.188,-25.722,-23.633,0.000000
34.885967,-3.851,61.611397,0.000319,16.188,-25.722,-23.633,0.000000
35.006729,-3.956,59.723827,0.000322,16.188,-25.722,-23.633,0.000000
35.127911,-4.182,55.205814,0.000331,16.188,-25.722,-23.633,0.000000
35.249508,-4.377,53.452560,0.000339,16.188,-25.722,-23.633,0.000000
35.371529,-4.623,51.588337,0.000348,16.188,-25.722,-23.633,0.000000
35.493965,-5.020,48.964848,0.000365,16.188,-25.722,-23.633,0.000000
35.616829,-5.254,47.675793,0.000375,16.188,-25.722,-23.633,0.000000
35.740120,-5.601,46.221294,0.000390,16.188,-25.722,-23.633,0.000000
35.863842,-5.938,44.974400,0.000406,16.188,-25.722,-23.633,0.000000
35.987988,-6.108,44.494011,0.000414,16.188,-25.722,-23.633,0.000000
36.112564,-6.348,43.600441,0.000425,16.188,-25.722,-23.633,0.000000
36.237572,-6.821,42.742493,0.000449,16.188,-25.722,-23.633,0.000000
36.363010,-7.052,42.816540,0.000461,16.188,-25.722,-23.633,0.000000
36.488888,-7.220,43.119896,0.000470,16.188,-25.722,-23.633,0.000000
36.615189,-7.395,42.555965,0.000480,16.188,-25.722,-23.633,0.000000
36.741936,-7.622,41.934605,0.000493,16.188,-25.722,-23.633,0.000000
36.869122,-7.783,42.400993,0.000502,16.188,-25.722,-23.633,0.000000
36.996750,-7.878,42.489372,0.000508,16.188,-25.722,-23.633,0.000000
37.124817,-7.911,42.157570,0.000509,16.188,-25.722,-23.633,0.000000
37.253323,-7.990,41.016819,0.000514,16.188,-25.722,-23.633,0.000000
37.382278,-8.141,40.719048,0.000523,16.188,-25.722,-23.633,0.000000
37.511681,-8.188,40.474091,0.000526,16.188,-25.722,-23.633,0.000000
37.641533,-8.298,39.461575,0.000533,16.188,-25.722,-23.633,0.000000
37.771832,-8.362,38.856964,0.000537,16.188,-25.722,-23.633,0.000000
37.902584,-8.573,38.975082,0.000550,16.188,-25.722,-23.633,0.000000
38.033791,-8.575,39.262432,0.000550,16.188,-25.722,-23.633,0.000000
38.165447,-8.525,38.618752,0.000547,16.188,-25.722,-23.633,0.000000
38.297562,-8.584,37.734108,0.000551,16.188,-25.722,-23.633,0.000000
38.430122,-8.590,37.493988,0.000552,16.188,-25.722,-23.633,0.000000
38.563152,-8.542,36.792351,0.000549,16.188,-25.722,-23.633,0.000000
38.696644,-8.559,36.174061,0.000550,16.188,-25.722,-23.633,0.000000
38.830597,-8.563,35.312389,0.000550,16.188,-25.722,-23.633,0.000000
38.965015,-8.551,34.524860,0.000550,16.188,-25.722,-23.633,0.000000
39.099895,-8.625,33.563812,0.000554,16.188,-25.722,-23.633,0.000000
39.235237,-8.588,32.631382,0.000552,16.188,-25.722,-23.633,0.000000
39.371052,-8.605,31.324417,0.000553,16.188,-25.722,-23.633,0.000000
39.507339,-8.753,29.869642,0.000563,16.188,-25.722,-23.633,0.000000
39.644100,-8.859,29.229521,0.000570,16.188,-25.722,-23.633,0.000000
39.781334,-9.021,28.039289,0.000581,16.188,-25.722,-23.633,0.000000
39.919041,-9.160,26.962112,0.000590,16.188,-25.722,-23.633,0.000000
40.057224,-9.264,26.767418,0.000597,16.188,-25.722,-23.633,0.000000
40.195889,-9.283,26.298393,0.000599,16.188,-25.722,-23.633,0.000000
40.335030,-9.266,25.979551,0.000598,16.188,-25.722,-23.633,0.000000
40.474644,-9.337,23.676064,0.000603,16.188,-25.722,-23.633,0.000000
40.614754,-9.607,22.153296,0.000622,16.188,-25.722,-23.633,0.000000
40.755344,-9.663,21.750828,0.000626,16.188,-25.722,-23.633,0.000000
40.896423,-9.725,20.488211,0.000631,16.188,-25.722,-23.633,0.000000
41.037983,-9.870,19.248985,0.000641,16.188,-25.722,-23.633,0.000000
41.180042,-10.059,18.457634,0.000655,16.188,-25.722,-23.633,0.000000
41.322590,-10.114,17.885727,0.000660,16.188,-25.722,-23.633,0.000000
41.465633,-10.289,16.698076,0.000673,16.188,-25.722,-23.633,0.000000
41.609173,-10.346,16.052759,0.000677,16.188,-25.722,-23.633,0.000000
41.753204,-10.649,15.277754,0.000701,16.188,-25.722,-23.633,0.000000
41.897739,-10.702,14.800788,0.000706,16.188,-25.722,-23.633,0.000000
42.042774,-10.725,13.846247,0.000708,16.188,-25.722,-23.633,0.000000
42.188309,-10.942,12.152302,0.000726,16.188,-25.722,-23.633,0.000000
42.334339,-11.122,11.451326,0.000741,16.188,-25.722,-23.633,0.000000
42.480885,-11.159,10.450471,0.000744,16.188,-25.722,-23.633,0.000000
42.627937,-11.339,10.324464,0.000760,16.188,-25.722,-23.633,0.000000
42.775497,-11.463,9.813209,0.000771,16.188,-25.722,-23.633,0.000000
42.923573,-11.484,7.676014,0.000773,16.188,-25.722,-23.633,0.000000
43.072155,-11.846,6.477187,0.000806,16.188,-25.722,-23.633,0.000000
43.221245,-12.054,5.666348,0.000826,16.188,-25.722,-23.633,0.000000
43.370861,-12.403,6.750246,0.000860,16.188,-25.722,-23.633,0.000000
43.520992,-12.667,7.760584,0.000887,16.188,-25.722,-23.633,0.000000
43.671646,-12.890,8.371975,0.000910,16.188,-25.722,-23.633,0.000000
43.822823,-13.098,10.085458,0.000932,16.188,-25.722,-23.633,0.000000
43.974518,-13.187,11.734592,0.000942,16.188,-25.722,-23.633,0.000000
44.126743,-13.540,12.743088,0.000981,16.188,-25.722,-23.633,0.000000
44.279491,-13.541,11.136263,0.000981,16.188,-25.722,-23.633,0.000000
44.432770,-14.266,12.891257,0.001067,16.188,-25.722,-23.633,0.000000
44.586567,-14.477,17.785954,0.001093,16.188,-25.722,-23.633,0.000000
44.740910,-14.655,19.038780,0.001116,16.188,-25.722,-23.633,0.000000
44.895786,-14.549,22.600866,0.001103,16.188,-25.722,-23.633,0.000000
45.051197,-14.429,24.730871,0.001088,16.188,-25.722,-23.633,0.000000
45.207138,-14.276,25.609745,0.001069,16.188,-25.722,-23.633,0.000000
45.363636,-14.241,25.643435,0.001065,16.188,-25.722,-23.633,0.000000
45.520660,-14.185,27.011217,0.001058,16.188,-25.722,-23.633,0.000000
45.678234,-14.177,27.838469,0.001057,16.188,-25.722,-23.633,0.000000
45.836353,-13.855,30.558313,0.001019,16.188,-25.722,-23.633,0.000000
45.995022,-13.429,30.798201,0.000970,16.188,-25.722,-23.633,0.000000
46.154240,-13.024,29.922459,0.000926,16.188,-25.722,-23.633,0.000000
46.314007,-12.834,26.735712,0.000906,16.188,-25.722,-23.633,0.000000
46.474327,-12.858,24.958601,0.000909,16.188,-25.722,-23.633,0.000000
46.635193,-12.844,23.628626,0.000907,16.188,-25.722,-23.633,0.000000
46.796627,-12.850,22.340540,0.000908,16.188,-25.722,-23.633,0.000000
46.958618,-12.914,20.559933,0.000915,16.188,-25.722,-23.633,0.000000
47.121170,-12.922,18.786673,0.000916,16.188,-25.722,-23.633,0.000000
47.284286,-12.970,17.313843,0.000921,16.188,-25.722,-23.633,0.000000
47.447968,-13.060,14.855597,0.000931,16.188,-25.722,-23.633,0.000000
47.612202,-13.406,11.740087,0.000968,16.188,-25.722,-23.633,0.000000
47.777020,-13.604,9.736756,0.000991,16.188,-25.722,-23.633,0.000000
47.942402,-13.898,7.074624,0.001025,16.188,-25.722,-23.633,0.000000
48.108360,-14.140,5.458579,0.001055,16.188,-25.722,-23.633,0.000000
48.274895,-14.503,3.855355,0.001100,16.188,-25.722,-23.633,0.000000
48.442005,-14.785,2.887486,0.001136,16.188,-25.722,-23.633,0.000000
48.609692,-15.134,1.064665,0.001183,16.188,-25.722,-23.633,0.000000
48.777958,-15.668,-0.233185,0.001258,16.188,-25.722,-23.633,0.000000
48.946812,-16.110,-0.279511,0.001324,16.188,-25.722,-23.633,0.000000
49.116234,-16.678,-1.227003,0.001414,16.188,-25.722,-23.633,0.000000
49.286255,-17.280,-1.713959,0.001515,16.188,-25.722,-23.633,0.000000
49.456863,-17.808,-2.705706,0.001611,16.188,-25.722,-23.633,0.000000
49.628067,-18.422,-3.257962,0.001729,16.188,-25.722,-23.633,0.000000
49.799858,-18.979,-4.899851,0.001844,16.188,-25.722,-23.633,0.000000
49.972248,-20.002,-5.464692,0.002075,16.188,-25.722,-23.633,0.000000
50.145218,-20.613,-5.203772,0.002226,16.188,-25.722,-23.633,0.000000
50.318802,-21.635,-3.482352,0.002505,16.188,-25.722,-23.633,0.000000
50.492989,-22.526,-0.031253,0.002776,16.188,-25.722,-23.633,0.000000
50.667774,-23.533,4.648419,0.003117,16.188,-25.722,-23.633,0.000000
50.843166,-24.275,12.657719,0.003394,16.188,-25.722,-23.633,0.000000
51.019169,-24.429,21.376297,0.003455,16.188,-25.722,-23.633,0.000000
51.195774,-24.495,30.269794,0.003481,16.188,-25.722,-23.633,0.000000
51.372997,-24.222,37.983902,0.003374,16.188,-25.722,-23.633,0.000000
51.550816,-23.610,43.507496,0.003144,16.188,-25.722,-23.633,0.000000
51.729267,-23.132,47.561749,0.002976,16.188,-25.722,-23.633,0.000000
51.908333,-22.465,51.262131,0.002757,16.188,-25.722,-23.633,0.000000
52.088020,-21.932,54.091484,0.002593,16.188,-25.722,-23.633,0.000000
52.268330,-21.524,54.140980,0.002475,16.188,-25.722,-23.633,0.000000
52.449261,-21.089,53.208904,0.002354,16.188,-25.722,-23.633,0.000000
52.630810,-20.903,49.903637,0.002305,16.188,-25.722,-23.633,0.000000
52.812996,-20.988,46.543106,0.002328,16.188,-25.722,-23.633,0.000000
52.995815,-21.228,43.874424,0.002393,16.188,-25.722,-23.633,0.000000
53.179264,-21.513,41.947151,0.002474,16.188,-25.722,-23.633,0.000000
53.363350,-21.971,40.100597,0.002608,16.188,-25.722,-23.633,0.000000
53.548077,-22.573,38.547428,0.002796,16.188,-25.722,-23.633,0.000000
53.733437,-23.070,38.309818,0.002961,16.188,-25.722,-23.633,0.000000
53.919441,-23.876,37.873814,0.003249,16.188,-25.722,-23.633,0.000000
54.106079,-24.736,38.018730,0.003588,16.188,-25.722,-23.633,0.000000
54.293373,-25.779,43.202438,0.004047,16.188,-25.722,-23.633,0.000000
54.481316,-26.493,48.763412,0.004394,16.188,-25.722,-23.633,0.000000
54.669895,-26.956,52.838245,0.004635,16.188,-25.722,-23.633,0.000000
54.859169,-27.641,57.044666,0.005017,16.188,-25.722,-23.633,0.000000
55.049042,-28.700,63.353283,0.005668,16.188,-25.722,-23.633,0.000000
55.239601,-29.338,70.016869,0.006101,16.188,-25.722,-23.633,0.000000
55.430820,-29.446,76.353546,0.006178,16.188,-25.722,-23.633,0.000000
55.622700,-29.407,84.350204,0.006152,16.188,-25.722,-23.633,0.000000
55.815247,-29.035,92.228897,0.005895,16.188,-25.722,-23.633,0.000000
56.008457,-28.209,97.980392,0.005361,16.188,-25.722,-23.633,0.000000
56.202335,-27.433,100.584290,0.004904,16.188,-25.722,-23.633,0.000000
56.396889,-27.138,106.499306,0.004741,16.188,-25.722,-23.633,0.000000
56.592110,-26.379,115.066795,0.004345,16.188,-25.722,-23.633,0.000000
56.788010,-25.440,121.610069,0.003899,16.188,-25.722,-23.633,0.000000
56.984589,-24.468,128.252640,0.003487,16.188,-25.722,-23.633,0.000000
57.181820,-23.450,133.380554,0.003101,16.188,-25.722,-23.633,0.000000
57.379791,-22.484,136.633392,0.002775,16.188,-25.722,-23.633,0.000000
57.578388,-21.421,139.342010,0.002455,16.188,-25.722,-23.633,0.000000
57.777702,-20.839,141.946991,0.002296,16.188,-25.722,-23.633,0.000000
57.977707,-20.308,144.660873,0.002160,16.188,-25.722,-23.633,0.000000
58.178406,-19.602,146.617828,0.001992,16.188,-25.722,-23.633,0.000000
58.379795,-19.001,147.411331,0.001859,16.188,-25.722,-23.633,0.000000
58.581886,-18.051,146.365311,0.001667,16.188,-25.722,-23.633,0.000000
58.784672,-17.296,145.486053,0.001528,16.188,-25.722,-23.633,0.000000
58.988163,-16.499,143.019058,0.001395,16.188,-25.722,-23.633,0.000000
59.192356,-15.971,141.243912,0.001312,16.188,-25.722,-23.633,0.000000
59.397259,-15.323,139.506729,0.001218,16.188,-25.722,-23.633,0.000000
59.602867,-14.732,139.172256,0.001138,16.188,-25.722,-23.633,0.000000
59.809193,-14.035,137.257156,0.001051,16.188,-25.722,-23.633,0.000000
60.016228,-13.290,133.633698,0.000965,16.188,-25.722,-23.633,0.000000
60.223953,-12.895,131.606339,0.000922,16.188,-25.722,-23.633,0.000000
60.432423,-12.523,129.065933,0.000883,16.188,-25.722,-23.633,0.000000
60.641617,-12.197,126.063065,0.000851,16.188,-25.722,-23.633,0.000000
60.851536,-11.971,123.912415,0.000829,16.188,-25.722,-23.633,0.000000
61.062180,-11.676,121.865219,0.000802,16.188,-25.722,-23.633,0.000000
61.273556,-11.352,118.873497,0.000772,16.188,-25.722,-23.633,0.000000
61.485661,-11.121,116.307640,0.000752,16.188,-25.722,-23.633,0.000000
61.698502,-10.891,112.815147,0.000733,16.188,-25.722,-23.633,0.000000
61.912075,-10.619,109.680504,0.000710,16.188,-25.722,-23.633,0.000000
62.126392,-10.409,107.014580,0.000693,16.188,-25.722,-23.633,0.000000
62.341450,-10.250,103.469353,0.000681,16.188,-25.722,-23.633,0.000000
62.557251,-10.120,99.896019,0.000671,16.188,-25.722,-23.633,0.000000
62.773800,-10.034,97.049843,0.000664,16.188,-25.722,-23.633,0.000000
62.991070,-10.011,92.067062,0.000663,16.188,-25.722,-23.633,0.000000
63.209152,-10.063,88.925911,0.000667,16.164,-25.672,-23.587,0.000000
63.427925,-10.135,84.998367,0.000673,16.138,-25.620,-23.539,0.000000
63.647522,-10.457,80.085510,0.000698,16.112,-25.567,-23.491,0.000000
63.867813,-10.726,77.059639,0.000720,16.086,-25.515,-23.443,0.000000
64.088898,-11.111,73.603973,0.000753,16.061,-25.462,-23.394,0.000000
64.310753,-11.540,70.338806,0.000791,16.034,-25.409,-23.345,0.000000
64.533371,-12.104,68.287918,0.000844,16.008,-25.356,-23.297,0.000000
64.756760,-12.626,66.188675,0.000897,15.982,-25.303,-23.248,0.000000
64.980919,-13.232,64.864418,0.000962,15.956,-25.250,-23.198,0.000000
65.205864,-13.774,62.944729,0.001024,15.929,-25.196,-23.149,0.000000
65.431580,-14.434,62.668213,0.001105,15.903,-25.142,-23.099,0.000000
65.658081,-14.983,62.194645,0.001177,15.876,-25.088,-23.050,0.000000
65.885361,-15.602,62.721043,0.001265,15.849,-25.034,-23.000,0.000000
66.113434,-15.986,63.641552,0.001322,15.823,-24.980,-22.950,0.000000
66.342262,-16.468,65.015244,0.001398,15.796,-24.925,-22.899,0.000000
66.571945,-16.768,65.722404,0.001447,15.769,-24.870,-22.849,0.000000
66.802353,-17.198,68.496498,0.001521,15.742,-24.815,-22.798,0.000000
67.033600,-17.411,70.897575,0.001559,15.714,-24.760,-22.748,0.000000
67.265648,-17.842,75.078766,0.001638,15.687,-24.705,-22.697,0.000000
67.498489,-17.795,79.103394,0.001630,15.660,-24.649,-22.645,0.000000
67.732147,-17.495,82.623192,0.001575,15.632,-24.594,-22.594,0.000000
67.966606,-17.658,83.403404,0.001605,15.605,-24.538,-22.543,0.000000
68.201881,-17.755,85.325180,0.001623,15.577,-24.482,-22.491,0.000000
68.437973,-17.854,86.217819,0.001642,15.549,-24.426,-22.439,0.000000
68.674881,-17.870,86.900703,0.001645,15.521,-24.369,-22.387,0.000000
68.912605,-17.796,88.411819,0.001632,15.493,-24.312,-22.335,0.000000
69.151154,-17.718,88.183929,0.001617,15.465,-24.256,-22.283,0.000000
69.390495,-17.527,87.361053,0.001582,15.437,-24.199,-22.230,0.000000
69.630730,-17.531,85.886421,0.001583,15.409,-24.141,-22.177,0.000000
69.871735,-17.844,85.179916,0.001642,15.381,-24.084,-22.124,0.000000
70.113640,-17.881,85.945473,0.001649,15.352,-24.026,-22.071,0.000000
70.356308,-17.916,84.753494,0.001656,15.324,-23.968,-22.018,0.000000
70.599854,-18.208,84.812653,0.001713,15.295,-23.910,-21.964,0.000000
70.844246,-18.430,86.456070,0.001757,15.266,-23.852,-21.911,0.000000
71.089478,-18.601,86.164932,0.001793,15.238,-23.794,-21.857,0.000000
71.335564,-18.794,86.317955,0.001833,15.209,-23.735,-21.803,0.000000
71.582504,-19.143,86.388466,0.001909,15.180,-23.676,-21.749,0.000000
71.830292,-19.479,84.999977,0.001984,15.151,-23.617,-21.694,0.000000
72.078941,-20.003,85.092178,0.002108,15.121,-23.558,-21.640,0.000000
72.328453,-20.245,84.128059,0.002168,15.092,-23.498,-21.585,0.000000
72.578827,-20.308,84.332680,0.002184,15.063,-23.439,-21.530,0.000000
72.830063,-20.330,84.450958,0.002190,15.033,-23.379,-21.475,0.000000
73.082176,-20.028,84.173882,0.002116,15.003,-23.319,-21.419,0.000000
73.335159,-20.110,79.352875,0.002136,14.974,-23.258,-21.364,0.000000
73.588982,-20.834,80.902893,0.002322,14.944,-23.198,-21.308,0.000000
73.843719,-21.181,81.182892,0.002417,14.914,-23.137,-21.252,0.000000
74.099335,-21.627,80.608414,0.002545,14.884,-23.076,-21.196,0.000000
74.355843,-21.711,79.851776,0.002571,14.854,-23.015,-21.140,0.000000
74.613228,-22.050,80.395485,0.002673,14.823,-22.954,-21.083,0.000000
74.871513,-22.343,83.851494,0.002765,14.793,-22.892,-21.026,0.000000
75.130692,-22.768,85.875465,0.002904,14.763,-22.830,-20.969,0.000000
75.390762,-23.097,86.866074,0.003016,14.732,-22.768,-20.912,0.000000
75.651733,-23.576,88.786324,0.003187,14.701,-22.706,-20.855,0.000000
75.913612,-23.589,87.241844,0.003191,14.671,-22.644,-20.797,0.000000
76.176399,-23.779,88.761932,0.003262,14.640,-22.581,-20.740,0.000000
76.440094,-23.949,90.043503,0.003326,14.609,-22.518,-20.682,0.000000
76.704697,-24.063,91.986084,0.003371,14.578,-22.455,-20.624,0.000000
76.970184,-24.613,95.360649,0.003592,14.546,-22.392,-20.565,0.000000
77.236664,-25.027,96.273796,0.003768,14.515,-22.328,-20.507,0.000000
77.503990,-25.332,99.758644,0.003903,14.484,-22.265,-20.448,0.000000
77.772278,-25.832,103.223740,0.004135,14.452,-22.201,-20.389,0.000000
78.041496,-25.961,107.127197,0.004198,14.420,-22.137,-20.330,0.000000
78.311646,-25.788,109.584938,0.004115,14.389,-22.072,-20.271,0.000000
78.582733,-25.644,111.625053,0.004048,14.357,-22.008,-20.211,0.000000
78.854752,-25.797,115.093422,0.004120,14.325,-21.943,-20.152,0.000000
79.127716,-25.994,119.170715,0.004215,14.293,-21.878,-20.092,0.000000
79.401627,-26.187,119.747429,0.004309,14.261,-21.812,-20.031,0.000000
79.676483,-26.849,120.101250,0.004650,14.228,-21.747,-19.971,0.000000
79.952293,-27.130,118.598160,0.004803,14.196,-21.681,-19.911,0.000000
80.229057,-27.753,123.868706,0.005161,14.163,-21.615,-19.850,0.000000
80.506744,-28.371,130.719910,0.005541,14.131,-21.549,-19.789,0.000000
80.785469,-28.935,138.781052,0.005913,14.098,-21.483,-19.728,0.000000
81.065079,-29.506,146.656174,0.006315,14.065,-21.416,-19.666,0.000000
81.345734,-29.889,152.117203,0.006599,14.032,-21.349,-19.605,0.000000
81.627281,-29.647,153.057739,0.006417,13.999,-21.282,-19.543,0.000000
81.909843,-29.404,157.551620,0.006240,13.966,-21.215,-19.481,0.000000
82.193382,-28.792,163.555206,0.005816,13.932,-21.147,-19.418,0.000000
82.477905,-28.844,170.818695,0.005851,13.899,-21.079,-19.356,0.000000
82.763412,-28.484,174.993378,0.005613,13.865,-21.011,-19.293,0.000000
83.049904,-28.288,177.881714,0.005488,13.832,-20.943,-19.230,0.000000
83.337395,-27.823,-179.891541,0.005202,13.798,-20.874,-19.167,0.000000
83.625877,-27.134,-178.663452,0.004805,13.764,-20.806,-19.104,0.000000
83.915352,-26.488,-175.842926,0.004461,13.730,-20.737,-19.040,0.000000
84.205795,-26.166,-168.999985,0.004299,13.696,-20.667,-18.976,0.000000
84.497330,-25.576,-163.690994,0.004016,13.662,-20.598,-18.912,0.000000
84.789780,-25.072,-160.521698,0.003790,13.627,-20.528,-18.848,0.000000
85.083336,-24.161,-159.133301,0.003413,13.593,-20.458,-18.784,0.000000
85.377815,-23.423,-158.836594,0.003135,13.558,-20.388,-18.719,0.000000
85.673363,-22.907,-157.803711,0.002954,13.523,-20.318,-18.654,0.000000
85.969933,-22.458,-157.003021,0.002805,13.488,-20.247,-18.589,0.000000
86.267525,-22.074,-156.037704,0.002684,13.454,-20.176,-18.524,0.000000
86.566154,-21.397,-156.166885,0.002482,13.418,-20.105,-18.458,0.000000
86.865814,-20.756,-156.636841,0.002306,13.383,-20.033,-18.392,0.000000
87.166504,-20.300,-157.498871,0.002188,13.348,-19.962,-18.326,0.000000
87.468246,-19.706,-159.151352,0.002043,13.312,-19.890,-18.260,0.000000
87.771027,-19.205,-160.576477,0.001929,13.277,-19.818,-18.194,0.000000
88.074852,-18.515,-162.919876,0.001781,13.241,-19.745,-18.127,0.000000
88.379738,-17.947,-164.632431,0.001668,13.205,-19.672,-18.060,0.000000
88.685677,-17.336,-168.867844,0.001554,13.169,-19.600,-17.993,0.000000
88.992668,-16.925,-171.059662,0.001482,13.133,-19.526,-17.925,0.000000
89.300682,-16.548,-174.176682,0.001419,13.097,-19.453,-17.858,0.000000
89.609810,-16.025,-177.426285,0.001336,13.061,-19.379,-17.790,0.000000
89.920006,-15.554,178.380188,0.001265,13.024,-19.305,-17.722,0.000000
90.231270,-15.232,175.358887,0.001219,12.988,-19.231,-17.653,0.000000
90.543617,-14.986,171.682526,0.001185,12.951,-19.157,-17.585,0.000000
90.857048,-14.760,167.596329,0.001155,12.914,-19.082,-17.516,0.000000
91.171562,-14.579,163.254669,0.001131,12.877,-19.007,-17.447,0.000000
91.487160,-14.476,162.134293,0.001118,12.840,-18.932,-17.377,0.000000
91.803856,-14.191,156.714417,0.001082,12.803,-18.856,-17.308,0.000000
92.121643,-14.114,153.521683,0.001072,12.765,-18.781,-17.238,0.000000
92.440536,-14.126,149.059662,0.001074,12.728,-18.705,-17.168,0.000000
92.760529,-14.167,146.121521,0.001079,12.690,-18.628,-17.098,0.000000
93.081627,-14.144,142.274612,0.001076,12.653,-18.552,-17.027,0.000000
93.403793,-14.112,138.777191,0.001072,12.615,-18.475,-16.957,0.000000
93.727173,-14.078,135.680481,0.001068,12.577,-18.398,-16.886,0.000000
94.051575,-14.070,132.942505,0.001067,12.539,-18.321,-16.814,0.000000
94.377190,-14.118,129.853668,0.001072,12.500,-18.243,-16.743,0.000000
94.703842,-14.136,126.756065,0.001074,12.462,-18.165,-16.671,0.000000
95.031670,-14.086,123.699532,0.001068,12.423,-18.087,-16.599,0.000000
95.360634,-14.026,121.316330,0.001061,12.385,-18.009,-16.527,0.000000
95.690735,-13.950,118.073647,0.001051,12.346,-17.930,-16.454,0.000000
96.021980,-13.913,115.496124,0.001046,12.307,-17.851,-16.382,0.000000
96.354370,-13.814,113.076935,0.001034,12.268,-17.772,-16.309,0.000000
96.687912,-13.741,110.560295,0.001026,12.229,-17.692,-16.235,0.000000
97.022606,-13.580,107.408409,0.001007,12.189,-17.612,-16.162,0.000000
97.358459,-13.391,104.640457,0.000985,12.150,-17.532,-16.088,0.000000
97.695435,-13.265,102.365631,0.000970,12.110,-17.452,-16.014,0.000000
98.033661,-13.098,99.216019,0.000952,12.070,-17.371,-15.940,0.000000
98.372971,-12.829,96.139610,0.000923,12.031,-17.291,-15.865,0.000000
98.713547,-12.574,93.425812,0.000896,11.991,-17.209,-15.791,0.000000
99.055214,-12.302,90.357750,0.000868,11.950,-17.128,-15.715,0.000000
99.398102,-12.086,86.880074,0.000847,11.910,-17.046,-15.640,0.000000
99.742180,-11.890,83.722023,0.000828,11.870,-16.964,-15.565,0.000000
100.087448,-11.686,80.186218,0.000809,11.829,-16.882,-15.489,0.000000
100.433914,-11.495,76.948875,0.000791,11.788,-16.799,-15.413,0.000000
100.781578,-11.240,73.138428,0.000768,11.747,-16.717,-15.336,0.000000
101.130447,-11.057,70.249718,0.000752,11.706,-16.633,-15.260,0.000000
101.480522,-10.935,66.444214,0.000742,11.665,-16.550,-15.183,0.000000
101.831802,-10.837,62.820145,0.000733,11.624,-16.466,-15.106,0.000000
102.184258,-10.709,58.867317,0.000722,11.583,-16.382,-15.028,0.000000
102.538033,-10.672,55.394836,0.000719,11.541,-16.298,-14.951,0.000000
102.892975,-10.635,51.547203,0.000716,11.499,-16.213,-14.873,0.000000
103.249153,-10.591,47.897972,0.000712,11.457,-16.128,-14.794,0.000000
103.606514,-10.604,44.190262,0.000713,11.415,-16.043,-14.716,0.000000
103.965157,-10.618,40.253414,0.000714,11.373,-15.958,-14.637,0.000000
104.325050,-10.674,36.634422,0.000719,11.331,-15.872,-14.558,0.000000
104.686180,-10.813,33.329624,0.000730,11.288,-15.786,-14.479,0.000000
105.048561,-10.902,30.557117,0.000737,11.246,-15.700,-14.399,0.000000
105.412201,-11.040,27.677475,0.000749,11.203,-15.613,-14.319,0.000000
105.777100,-11.092,25.251492,0.000754,11.160,-15.526,-14.239,0.000000
106.143257,-11.176,22.967537,0.000761,11.117,-15.439,-14.159,0.000000
106.510689,-11.327,20.773846,0.000774,11.074,-15.351,-14.078,0.000000
106.879387,-11.445,18.800060,0.000785,11.031,-15.263,-13.997,0.000000
107.249359,-11.565,17.448055,0.000796,10.987,-15.175,-13.916,0.000000
107.620613,-11.663,15.783532,0.000805,10.944,-15.086,-13.834,0.000000
107.993156,-11.717,14.083107,0.000810,10.900,-14.998,-13.753,0.000000
108.366936,-11.838,12.560814,0.000821,10.856,-14.909,-13.671,0.000000
108.742065,-12.005,10.576287,0.000837,10.812,-14.819,-13.588,0.000000
109.118484,-12.172,8.966466,0.000853,10.767,-14.729,-13.506,0.000000
109.496208,-12.304,7.283499,0.000866,10.723,-14.639,-13.423,0.000000
109.875244,-12.422,5.776450,0.000877,10.679,-14.549,-13.339,0.000000
110.255592,-12.599,4.242743,0.000895,10.634,-14.458,-13.256,0.000000
110.637253,-12.815,2.392188,0.000918,10.589,-14.367,-13.172,0.000000
111.020241,-13.012,1.278974,0.000939,10.544,-14.276,-13.088,0.000000
111.404549,-13.239,0.355422,0.000963,10.499,-14.185,-13.004,0.000000
111.790184,-13.395,-0.607194,0.000981,10.453,-14.093,-12.919,0.000000
112.177162,-13.581,-1.300249,0.001002,10.408,-14.000,-12.834,0.000000
112.565475,-13.804,-2.127059,0.001028,10.362,-13.908,-12.749,0.000000
112.955132,-14.083,-2.225772,0.001061,10.317,-13.815,-12.663,0.000000
113.346085,-14.389,-1.834612,0.001099,10.271,-13.722,-12.577,0.000000
113.738503,-14.568,-1.335089,0.001122,10.224,-13.628,-12.491,0.000000
114.132164,-14.749,-0.547008,0.001145,10.178,-13.534,-12.405,0.000000
114.527306,-14.938,0.401797,0.001171,10.132,-13.440,-12.318,0.000000
114.923698,-15.065,1.230220,0.001188,10.085,-13.346,-12.231,0.000000
115.321518,-15.161,2.749685,0.001201,10.038,-13.251,-12.143,0.000000
115.720718,-15.142,4.187298,0.001199,9.991,-13.156,-12.056,0.000000
116.121300,-15.083,5.645240,0.001190,9.944,-13.060,-11.968,0.000000
116.523270,-14.989,7.006150,0.001177,9.897,-12.965,-11.879,0.000000
116.926628,-14.877,7.618813,0.001162,9.850,-12.868,-11.791,0.000000
117.331383,-14.750,8.205384,0.001145,9.802,-12.772,-11.702,0.000000
117.737541,-14.664,8.363644,0.001133,9.754,-12.675,-11.613,0.000000
118.145103,-14.541,8.343433,0.001117,9.706,-12.578,-11.523,0.000000
118.554016,-14.396,8.279507,0.001099,9.658,-12.481,-11.433,0.000000
118.964462,-14.300,7.637048,0.001086,9.610,-12.383,-11.343,0.000000
119.376213,-14.219,7.095464,0.001076,9.562,-12.285,-11.253,0.000000
119.789505,-14.162,6.426122,0.001069,9.513,-12.186,-11.162,0.000000
120.204117,-14.137,5.867659,0.001066,9.464,-12.087,-11.071,0.000000
120.620216,-14.097,5.416351,0.001061,9.416,-11.988,-10.980,0.000000
121.037758,-14.084,4.933810,0.001060,9.366,-11.889,-10.888,0.000000
121.456741,-14.047,4.773898,0.001055,9.317,-11.789,-10.796,0.000000
121.877174,-14.073,4.325780,0.001058,9.268,-11.688,-10.704,0.000000
122.299072,-14.091,3.805521,0.001061,9.218,-11.588,-10.611,0.000000
122.722420,-14.094,3.119286,0.001061,9.168,-11.487,-10.518,0.000000
123.147240,-14.141,2.532681,0.001067,9.118,-11.386,-10.425,0.000000
123.573532,-14.215,2.215035,0.001076,9.068,-11.284,-10.331,0.000000
124.001297,-14.211,1.554830,0.001075,9.018,-11.182,-10.237,0.000000
124.430542,-14.204,1.186588,0.001075,8.968,-11.080,-10.143,0.000000
124.861267,-14.230,0.759591,0.001078,8.917,-10.977,-10.048,0.000000
125.293488,-14.248,0.339121,0.001080,8.898,-10.929,-10.004,0.000000
125.727150,-14.243,0.109193,0.001079,8.893,-10.907,-9.983,0.000000
126.162369,-14.234,-0.218887,0.001078,8.889,-10.885,-9.962,0.000000
126.599091,-14.231,-0.206538,0.001078,8.884,-10.862,-9.941,0.000000
127.037331,-14.198,-0.060623,0.001074,8.880,-10.840,-9.920,0.000000
127.477089,-14.137,-0.109658,0.001066,8.875,-10.817,-9.899,0.000000
127.918365,-14.134,-0.277974,0.001066,8.871,-10.795,-9.878,0.000000
128.361160,-14.086,-0.333013,0.001060,8.866,-10.772,-9.856,0.000000
128.805511,-13.997,-0.648874,0.001049,8.861,-10.749,-9.835,0.000000
129.251373,-13.946,-0.700050,0.001043,8.857,-10.727,-9.814,0.000000
129.698792,-13.844,-1.083108,0.001031,8.852,-10.704,-9.792,0.000000
130.147766,-13.744,-1.061829,0.001019,8.848,-10.681,-9.770,0.000000
130.598282,-13.571,-1.477638,0.000999,8.843,-10.658,-9.749,0.000000
131.050369,-13.342,-2.034813,0.000973,8.838,-10.634,-9.727,0.000000
131.503952,-13.133,-3.030953,0.000950,8.834,-10.611,-9.705,0.000000
131.959229,-12.905,-4.039172,0.000925,8.829,-10.588,-9.683,0.000000
132.415955,-12.669,-5.515913,0.000901,8.824,-10.565,-9.661,0.000000
132.874329,-12.421,-6.980291,0.000875,8.819,-10.541,-9.639,0.000000
133.334290,-12.164,-8.741001,0.000850,8.815,-10.518,-9.617,0.000000
133.795853,-11.929,-10.824223,0.000827,8.810,-10.494,-9.595,0.000000
134.259003,-11.710,-12.987187,0.000806,8.805,-10.470,-9.573,0.000000
134.723755,-11.500,-15.615125,0.000787,8.800,-10.446,-9.551,0.000000
135.190109,-11.330,-18.739521,0.000772,8.796,-10.423,-9.528,0.000000
135.658081,-11.196,-21.975149,0.000760,8.791,-10.399,-9.506,0.000000
136.127686,-11.081,-24.948822,0.000750,8.786,-10.375,-9.483,0.000000
136.598907,-11.051,-28.049147,0.000747,8.781,-10.350,-9.460,0.000000
137.071762,-11.064,-31.094442,0.000749,8.776,-10.326,-9.438,0.000000
137.546249,-11.101,-34.432869,0.000752,8.771,-10.302,-9.415,0.000000
138.022385,-11.119,-37.718464,0.000753,8.766,-10.278,-9.392,0.000000
138.500092,-11.180,-40.832561,0.000759,8.761,-10.253,-9.369,0.000000
138.979599,-11.337,-43.846230,0.000772,8.757,-10.229,-9.346,0.000000
139.460617,-11.440,-46.341278,0.000782,8.752,-10.204,-9.323,0.000000
139.943375,-11.552,-48.355148,0.000792,8.747,-10.179,-9.300,0.000000
140.427811,-11.699,-50.696228,0.000805,8.742,-10.154,-9.276,0.000000
140.913925,-11.754,-52.949867,0.000810,8.737,-10.130,-9.253,0.000000
141.401703,-11.820,-54.993088,0.000817,8.732,-10.105,-9.230,0.000000
141.891190,-11.902,-57.566551,0.000824,8.726,-10.080,-9.206,0.000000
142.382355,-12.001,-59.565857,0.000834,8.721,-10.054,-9.182,0.000000
142.875229,-12.165,-61.912933,0.000850,8.716,-10.029,-9.159,0.000000
143.369812,-12.273,-63.793018,0.000860,8.711,-10.004,-9.135,0.000000
143.866104,-12.420,-66.310410,0.000875,8.706,-9.979,-9.111,0.000000
144.364120,-12.560,-68.731461,0.000889,8.701,-9.953,-9.087,0.000000
144.863785,-12.836,-71.099731,0.000918,8.696,-9.927,-9.063,0.000000
145.365311,-13.156,-73.326599,0.000952,8.691,-9.902,-9.039,0.000000
145.868439,-13.533,-75.068413,0.000995,8.685,-9.876,-9.015,0.000000
146.373383,-13.959,-76.694595,0.001045,8.680,-9.850,-8.991,0.000000
146.880066,-14.369,-78.174782,0.001095,8.675,-9.824,-8.966,0.000000
147.388504,-14.731,-79.630829,0.001142,8.670,-9.798,-8.942,0.000000
147.898712,-15.192,-80.964485,0.001204,8.665,-9.772,-8.917,0.000000
148.410675,-15.739,-81.992096,0.001282,8.659,-9.746,-8.893,0.000000
148.924423,-16.227,-83.249809,0.001356,8.654,-9.720,-8.868,0.000000
149.439941,-16.600,-83.558617,0.001416,8.649,-9.693,-8.843,0.000000
149.957245,-16.989,-83.876839,0.001481,8.643,-9.667,-8.818,0.000000
150.476334,-17.298,-84.465858,0.001534,8.638,-9.640,-8.793,0.000000
150.997238,-17.629,-84.730026,0.001594,8.633,-9.614,-8.768,0.000000
151.519852,-17.966,-84.912697,0.001657,8.627,-9.587,-8.743,0.000000
152.044434,-18.298,-84.333534,0.001722,8.622,-9.560,-8.718,0.000000
152.570679,-18.581,-84.176765,0.001779,8.616,-9.533,-8.693,0.000000
153.098892,-18.841,-83.780701,0.001833,8.611,-9.506,-8.667,0.000000
153.628784,-19.176,-82.537750,0.001905,8.605,-9.479,-8.642,0.000000
154.160660,-19.697,-81.584846,0.002023,8.600,-9.452,-8.616,0.000000
154.694229,-20.208,-80.843407,0.002145,8.594,-9.424,-8.591,0.000000
155.229797,-20.661,-78.794357,0.002260,8.589,-9.397,-8.565,0.000000
155.767075,-21.112,-76.553932,0.002380,8.583,-9.369,-8.539,0.000000
156.306274,-21.712,-75.247551,0.002551,8.578,-9.342,-8.513,0.000000
156.847351,-22.464,-74.369942,0.002781,8.572,-9.314,-8.487,0.000000
157.390305,-23.254,-72.191902,0.003046,8.567,-9.286,-8.461,0.000000
157.935120,-24.163,-68.204529,0.003382,8.561,-9.258,-8.435,0.000000
158.481750,-25.007,-64.697571,0.003727,8.555,-9.230,-8.408,0.000000
159.030441,-25.756,-58.592007,0.004063,8.550,-9.202,-8.382,0.000000
159.580856,-26.569,-51.466602,0.004462,8.544,-9.174,-8.356,0.000000
160.133347,-27.516,-44.692249,0.004976,8.538,-9.146,-8.329,0.000000
160.687592,-28.029,-36.838161,0.005279,8.533,-9.118,-8.302,0.000000
161.243912,-28.374,-27.044971,0.005494,8.527,-9.089,-8.276,0.000000
161.801987,-28.095,-16.251276,0.005321,8.521,-9.060,-8.249,0.000000
162.362167,-27.291,-6.908198,0.004852,8.515,-9.032,-8.222,0.000000
162.924133,-26.724,1.325739,0.004546,8.510,-9.003,-8.195,0.000000
163.488113,-26.277,9.317706,0.004319,8.504,-8.974,-8.168,0.000000
164.054047,-25.609,13.880147,0.003999,8.498,-8.945,-8.141,0.000000
164.621933,-25.186,18.285847,0.003809,8.492,-8.916,-8.113,0.000000
165.191788,-24.458,21.428791,0.003503,8.486,-8.887,-8.086,0.000000
165.763535,-24.108,23.099346,0.003365,8.480,-8.858,-8.058,0.000000
166.337433,-23.763,26.154327,0.003234,8.474,-8.828,-8.031,0.000000
166.913147,-23.404,29.077862,0.003103,8.468,-8.799,-8.003,0.000000
167.491013,-23.376,33.485737,0.003093,8.462,-8.769,-7.975,0.000000
168.070801,-22.879,36.558105,0.002920,8.457,-8.740,-7.948,0.000000
168.652603,-22.561,39.171707,0.002816,8.451,-8.710,-7.920,0.000000
169.236328,-22.164,42.961464,0.002690,8.444,-8.680,-7.892,0.000000
169.822250,-21.527,46.460262,0.002500,8.438,-8.650,-7.863,0.000000
170.410019,-21.099,49.722919,0.002380,8.432,-8.620,-7.835,0.000000
170.999924,-20.461,52.362484,0.002211,8.426,-8.590,-7.807,0.000000
171.591858,-19.819,56.521954,0.002054,8.420,-8.559,-7.778,0.000000
172.185837,-19.229,59.245716,0.001919,8.414,-8.529,-7.750,0.000000
172.781876,-18.748,60.389458,0.001816,8.408,-8.499,-7.721,0.000000
173.379990,-18.251,60.804893,0.001715,8.402,-8.468,-7.692,0.000000
173.980164,-17.626,61.561905,0.001596,8.396,-8.437,-7.663,0.000000
174.582336,-17.211,61.417702,0.001522,8.389,-8.406,-7.635,0.000000
175.186752,-16.809,61.282185,0.001454,8.383,-8.375,-7.605,0.000000
175.793182,-16.496,61.034851,0.001402,8.377,-8.344,-7.576,0.000000
176.401703,-16.304,60.063507,0.001372,8.371,-8.313,-7.547,0.000000
177.012253,-16.042,58.295616,0.001331,8.364,-8.282,-7.518,0.000000
177.625092,-15.884,56.270924,0.001307,8.358,-8.251,-7.488,0.000000
178.239883,-15.812,54.318718,0.001296,8.352,-8.219,-7.459,0.000000
178.856964,-15.873,52.268860,0.001305,8.345,-8.188,-7.429,0.000000
179.476013,-16.016,50.264999,0.001327,8.339,-8.156,-7.399,0.000000
180.097290,-16.246,48.814610,0.001362,8.332,-8.124,-7.369,0.000000
180.720718,-16.642,47.482193,0.001426,8.326,-8.092,-7.339,0.000000
181.346298,-17.047,46.310158,0.001493,8.320,-8.060,-7.309,0.000000
181.974045,-17.531,45.449368,0.001579,8.313,-8.028,-7.279,0.000000
182.603882,-18.042,45.924004,0.001674,8.307,-7.996,-7.249,0.000000
183.236084,-18.594,47.154182,0.001784,8.300,-7.963,-7.219,0.000000
183.870377,-19.294,49.681412,0.001933,8.294,-7.931,-7.188,0.000000
184.506866,-20.077,52.651382,0.002115,8.287,-7.898,-7.157,0.000000
185.145462,-20.657,56.018486,0.002261,8.280,-7.866,-7.127,0.000000
185.786453,-21.131,59.700058,0.002387,8.274,-7.833,-7.096,0.000000
186.429489,-21.626,64.102089,0.002526,8.267,-7.800,-7.065,0.000000
187.074921,-22.190,69.406364,0.002696,8.261,-7.767,-7.034,0.000000
187.722412,-22.695,74.898979,0.002856,8.254,-7.734,-7.003,0.000000
188.372238,-23.152,80.392975,0.003010,8.247,-7.701,-6.972,0.000000
189.024307,-23.478,86.045967,0.003125,8.240,-7.667,-6.940,0.000000
189.678650,-23.622,91.307083,0.003177,8.234,-7.634,-6.909,0.000000
190.335236,-23.718,97.353882,0.003211,8.227,-7.600,-6.877,0.000000
190.994110,-23.751,103.896652,0.003223,8.220,-7.566,-6.846,0.000000
191.655258,-23.754,110.267838,0.003224,8.213,-7.533,-6.814,0.000000
192.318695,-23.504,115.594101,0.003131,8.206,-7.499,-6.782,0.000000
192.984421,-23.157,120.339989,0.003008,8.200,-7.464,-6.750,0.000000
193.652374,-22.749,123.625969,0.002869,8.193,-7.430,-6.718,0.000000
194.322815,-22.242,126.524605,0.002705,8.186,-7.396,-6.686,0.000000
194.995392,-21.882,129.025192,0.002595,8.179,-7.362,-6.653,0.000000
195.670486,-21.550,130.744934,0.002496,8.172,-7.327,-6.621,0.000000
196.347733,-21.293,132.459091,0.002423,8.165,-7.292,-6.588,0.000000
197.027405,-21.014,133.438461,0.002345,8.158,-7.258,-6.556,0.000000
197.709442,-20.833,133.595306,0.002296,8.151,-7.223,-6.523,0.000000
198.393829,-20.769,134.161514,0.002279,8.144,-7.188,-6.490,0.000000
199.080597,-20.721,134.867157,0.002265,8.137,-7.152,-6.457,0.000000
199.769745,-20.695,135.918549,0.002258,8.130,-7.117,-6.424,0.000000
200.461258,-20.767,136.289658,0.002276,8.122,-7.082,-6.391,0.000000
201.155182,-20.836,137.174133,0.002293,8.115,-7.046,-6.357,0.000000
201.851501,-20.894,136.976395,0.002307,8.108,-7.011,-6.324,0.000000
202.550232,-20.967,136.073410,0.002326,8.101,-6.975,-6.290,0.000000
203.251389,-20.964,135.288727,0.002324,8.094,-6.939,-6.256,0.000000
203.954865,-21.167,133.653107,0.002377,8.086,-6.903,-6.223,0.000000
204.660980,-21.439,132.440964,0.002452,8.079,-6.867,-6.189,0.000000
205.369339,-21.914,130.154831,0.002588,8.072,-6.831,-6.155,0.000000
206.080246,-22.443,129.395081,0.002750,8.065,-6.794,-6.120,0.000000
206.793625,-23.115,128.575470,0.002969,8.057,-6.758,-6.086,0.000000
207.509567,-23.979,126.648232,0.003278,8.050,-6.721,-6.052,0.000000
208.227783,-25.020,126.073051,0.003693,8.042,-6.684,-6.017,0.000000
208.948685,-26.284,125.849602,0.004270,8.035,-6.647,-5.983,0.000000
209.671890,-27.885,122.040192,0.005131,8.028,-6.610,-5.948,0.000000
210.397690,-29.290,118.073982,0.006029,8.020,-6.573,-5.913,0.000000
211.126007,-30.854,111.346802,0.007215,8.013,-6.536,-5.878,0.000000
211.856842,-32.511,106.968582,0.008725,8.005,-6.499,-5.843,0.000000
212.590210,-33.909,92.459587,0.010241,7.997,-6.461,-5.808,0.000000
213.326019,-34.579,74.823318,0.011056,7.990,-6.423,-5.772,0.000000
214.064575,-33.963,51.003391,0.010292,7.982,-6.386,-5.737,0.000000
214.805481,-32.948,29.579718,0.009150,7.975,-6.348,-5.701,0.000000
215.549057,-31.683,14.164939,0.007904,7.967,-6.310,-5.665,0.000000
216.295197,-29.976,1.473436,0.006490,7.959,-6.271,-5.629,0.000000
217.044037,-28.041,-5.692644,0.005191,7.951,-6.233,-5.593,0.000000
217.795258,-26.521,-15.723760,0.004355,7.944,-6.195,-5.557,0.000000
218.549286,-25.155,-16.790228,0.003720,7.936,-6.156,-5.521,0.000000
219.305710,-23.932,-22.870220,0.003230,7.928,-6.117,-5.485,0.000000
220.064865,-22.998,-26.021345,0.002899,7.920,-6.078,-5.448,0.000000
220.826645,-22.196,-29.745258,0.002642,7.912,-6.039,-5.412,0.000000
221.591064,-21.588,-32.742329,0.002462,7.905,-6.000,-5.375,0.000000
222.358124,-21.064,-34.725388,0.002317,7.897,-5.961,-5.338,0.000000
223.127731,-20.790,-36.841373,0.002244,7.889,-5.922,-5.301,0.000000
223.900223,-20.581,-38.198872,0.002189,7.881,-5.882,-5.264,0.000000
224.675171,-20.475,-38.508381,0.002161,7.873,-5.842,-5.227,0.000000
225.453018,-20.351,-38.681572,0.002130,7.865,-5.803,-5.189,0.000000
226.233337,-20.256,-38.117359,0.002105,7.857,-5.763,-5.152,0.000000
227.016586,-20.128,-36.873199,0.002074,7.849,-5.723,-5.114,0.000000
227.802322,-20.015,-35.147472,0.002046,7.841,-5.682,-5.076,0.000000
228.590988,-19.874,-33.409996,0.002012,7.832,-5.642,-5.038,0.000000
229.382187,-19.739,-32.114258,0.001980,7.824,-5.602,-5.000,0.000000
230.176208,-19.516,-29.950207,0.001928,7.816,-5.561,-4.962,0.000000
230.972992,-19.293,-28.428339,0.001879,7.808,-5.520,-4.924,0.000000
231.772537,-19.051,-27.217205,0.001826,7.800,-5.479,-4.885,0.000000
232.574844,-18.869,-26.260128,0.001788,7.791,-5.438,-4.847,0.000000
233.379822,-18.725,-25.964745,0.001758,7.783,-5.397,-4.808,0.000000
234.187805,-18.680,-26.173279,0.001748,7.775,-5.356,-4.769,0.000000
234.998352,-18.712,-26.273428,0.001754,7.766,-5.314,-4.730,0.000000
235.811935,-18.811,-26.141399,0.001773,7.758,-5.272,-4.691,0.000000
236.628113,-19.088,-26.502581,0.001830,7.750,-5.231,-4.652,0.000000
237.447342,-19.383,-26.849197,0.001893,7.741,-5.189,-4.613,0.000000
238.269180,-19.805,-25.477436,0.001986,7.733,-5.147,-4.573,0.000000
239.094101,-20.287,-23.808929,0.002099,7.724,-5.104,-4.534,0.000000
239.921631,-20.808,-21.299690,0.002228,7.716,-5.062,-4.494,0.000000
240.752151,-21.358,-17.866619,0.002373,7.707,-5.020,-4.454,0.000000
241.585541,-21.985,-13.397548,0.002549,7.698,-4.977,-4.414,0.000000
242.421814,-22.531,-8.502867,0.002714,7.690,-4.934,-4.374,0.000000
243.260986,-22.961,-2.585338,0.002851,7.681,-4.891,-4.333,0.000000
244.102951,-23.261,4.044424,0.002951,7.672,-4.848,-4.293,0.000000
244.948059,-23.387,10.169628,0.002993,7.664,-4.805,-4.252,0.000000
245.795975,-23.525,17.059538,0.003041,7.655,-4.761,-4.211,0.000000
246.646820,-23.521,23.980539,0.003039,7.646,-4.718,-4.170,0.000000
247.500626,-23.490,29.713699,0.003027,7.637,-4.674,-4.129,0.000000
248.357376,-23.329,35.566025,0.002971,7.629,-4.630,-4.088,0.000000
249.216980,-23.138,41.409077,0.002906,7.620,-4.586,-4.047,0.000000
250.079788,-22.985,46.895100,0.002854,7.612,-4.549,-4.012,0.000000
250.945343,-22.788,51.092781,0.002789,7.611,-4.577,-4.040,0.000000
251.814026,-22.574,55.382805,0.002720,7.611,-4.606,-4.069,0.000000
252.685715,-22.384,58.410198,0.002660,7.611,-4.634,-4.097,0.000000
253.560410,-22.206,60.653973,0.002606,7.611,-4.663,-4.126,0.000000
254.438141,-22.136,62.754902,0.002584,7.610,-4.692,-4.155,0.000000
255.318909,-22.081,65.355103,0.002567,7.610,-4.721,-4.184,0.000000
256.202728,-22.130,66.987358,0.002581,7.610,-4.750,-4.213,0.000000
257.089600,-22.192,67.994179,0.002599,7.610,-4.779,-4.242,0.000000
257.979553,-22.381,69.782448,0.002656,7.610,-4.808,-4.271,0.000000
258.872559,-22.624,70.847832,0.002731,7.609,-4.837,-4.300,0.000000
259.768677,-23.005,71.700790,0.002853,7.609,-4.867,-4.330,0.000000
260.667786,-23.469,72.718552,0.003009,7.609,-4.896,-4.359,0.000000
261.570251,-24.023,73.597488,0.003206,7.609,-4.926,-4.389,0.000000
262.475555,-24.640,74.866676,0.003442,7.608,-4.956,-4.418,0.000000
263.384277,-25.519,74.231773,0.003808,7.608,-4.985,-4.448,0.000000
264.295898,-26.538,74.478127,0.004281,7.608,-5.015,-4.478,0.000000
265.210785,-27.914,75.845047,0.005015,7.608,-5.045,-4.508,0.000000
266.128845,-29.379,77.811081,0.005935,7.607,-5.075,-4.538,0.000000
267.050201,-30.906,82.706383,0.007077,7.607,-5.106,-4.568,0.000000
267.974518,-32.365,87.704079,0.008371,7.607,-5.136,-4.599,0.000000
268.902130,-33.442,101.765617,0.009476,7.607,-5.166,-4.629,0.000000
269.832977,-34.403,149.118515,0.010585,7.606,-5.197,-4.660,0.000000
270.767029,-34.353,-141.331299,0.010524,7.606,-5.228,-4.690,0.000000
271.704315,-33.770,-128.690048,0.009841,7.606,-5.258,-4.721,0.000000
272.644714,-32.562,-118.436897,0.008562,7.606,-5.289,-4.752,0.000000
273.588654,-31.629,-114.038963,0.007689,7.605,-5.320,-4.783,0.000000
274.535583,-30.441,-108.140907,0.006705,7.605,-5.351,-4.814,0.000000
275.486053,-29.655,-103.185280,0.006124,7.605,-5.382,-4.845,0.000000
276.439545,-28.887,-99.421219,0.005605,7.605,-5.414,-4.876,0.000000
277.396454,-28.234,-95.739136,0.005198,7.604,-5.445,-4.908,0.000000
278.356689,-27.560,-91.667679,0.004809,7.604,-5.477,-4.939,0.000000
279.320404,-27.121,-86.759911,0.004571,7.604,-5.508,-4.971,0.000000
280.287170,-26.640,-81.594749,0.004324,7.604,-5.540,-5.003,0.000000
281.257416,-26.080,-76.931488,0.004054,7.603,-5.572,-5.034,0.000000
282.231018,-25.677,-72.445000,0.003869,7.603,-5.604,-5.066,0.000000
283.207977,-25.260,-68.052101,0.003687,7.603,-5.636,-5.098,0.000000
284.188354,-24.933,-64.070663,0.003550,7.603,-5.668,-5.131,0.000000
285.171967,-24.604,-59.105183,0.003417,7.602,-5.700,-5.163,0.000000
286.159271,-24.495,-53.897728,0.003374,7.602,-5.733,-5.195,0.000000
287.149689,-24.345,-48.464779,0.003315,7.602,-5.765,-5.228,0.000000
288.143829,-24.248,-42.920975,0.003277,7.601,-5.798,-5.260,0.000000
289.141144,-24.011,-36.985561,0.003188,7.601,-5.830,-5.293,0.000000
290.142029,-23.794,-30.407221,0.003108,7.601,-5.863,-5.326,0.000000
291.146393,-23.511,-23.361855,0.003007,7.601,-5.896,-5.359,0.000000
292.154358,-23.231,-16.659264,0.002911,7.600,-5.929,-5.392,0.000000
293.165558,-22.858,-10.259414,0.002788,7.600,-5.962,-5.425,0.000000
294.180389,-22.543,-3.855715,0.002688,7.600,-5.996,-5.458,0.000000
295.198730,-22.065,1.838552,0.002544,7.600,-6.029,-5.492,0.000000
296.220581,-21.652,7.442270,0.002425,7.599,-6.063,-5.525,0.000000
297.246002,-21.323,12.155952,0.002335,7.599,-6.096,-5.559,0.000000
298.274933,-20.988,16.868830,0.002246,7.599,-6.130,-5.593,0.000000
299.307465,-20.764,21.550173,0.002189,7.599,-6.164,-5.626,0.000000
300.343414,-20.563,25.828032,0.002138,7.598,-6.198,-5.660,0.000000
301.383209,-20.419,29.848448,0.002103,7.598,-6.232,-5.694,0.000000
302.426361,-20.428,33.721573,0.002105,7.598,-6.266,-5.729,0.000000
303.473389,-20.424,38.281212,0.002103,7.597,-6.301,-5.763,0.000000
304.523743,-20.520,42.890362,0.002126,7.597,-6.335,-5.797,0.000000
305.578033,-20.629,48.749310,0.002153,7.597,-6.370,-5.832,0.000000
306.635681,-20.710,54.273281,0.002172,7.597,-6.404,-5.867,0.000000
307.697266,-20.748,60.176903,0.002182,7.596,-6.439,-5.902,0.000000
308.762268,-20.725,66.246628,0.002175,7.596,-6.474,-5.937,0.000000
309.831085,-20.713,71.959557,0.002172,7.596,-6.509,-5.972,0.000000
310.903595,-20.783,77.649666,0.002189,7.595,-6.544,-6.007,0.000000
311.979828,-20.791,82.931480,0.002191,7.595,-6.580,-6.042,0.000000
313.059784,-20.886,87.975533,0.002214,7.595,-6.615,-6.077,0.000000
314.143311,-21.052,92.839523,0.002256,7.595,-6.651,-6.113,0.000000
315.230927,-21.284,98.116669,0.002317,7.594,-6.686,-6.149,0.000000
316.322113,-21.659,104.062309,0.002418,7.594,-6.722,-6.184,0.000000
317.417114,-22.110,110.853325,0.002546,7.594,-6.758,-6.220,0.000000
318.515747,-22.524,118.798241,0.002669,7.593,-6.794,-6.256,0.000000
319.618469,-22.894,127.923470,0.002785,7.593,-6.830,-6.293,0.000000
320.724701,-23.164,137.455872,0.002872,7.593,-6.867,-6.329,0.000000
321.835083,-23.297,147.477448,0.002916,7.593,-6.903,-6.365,0.000000
322.949005,-23.224,157.818939,0.002891,7.592,-6.940,-6.402,0.000000
324.066925,-23.023,168.746857,0.002824,7.592,-6.976,-6.438,0.000000
325.188721,-22.640,179.107071,0.002702,7.592,-7.013,-6.475,0.000000
326.314392,-22.150,-170.881332,0.002553,7.591,-7.050,-6.512,0.000000
327.443970,-21.486,-161.948410,0.002365,7.591,-7.087,-6.549,0.000000
328.577301,-20.769,-154.023468,0.002177,7.591,-7.124,-6.586,0.000000
329.714874,-20.087,-146.603363,0.002012,7.590,-7.162,-6.624,0.000000
330.856232,-19.364,-139.904373,0.001851,7.590,-7.199,-6.661,0.000000
332.001526,-18.806,-134.738480,0.001736,7.590,-7.237,-6.699,0.000000
333.150635,-18.293,-130.518829,0.001636,7.590,-7.274,-6.736,0.000000
334.304016,-17.814,-126.543449,0.001548,7.589,-7.312,-6.774,0.000000
335.461090,-17.467,-123.654373,0.001487,7.589,-7.350,-6.812,0.000000
336.622498,-17.226,-120.790718,0.001446,7.589,-7.388,-6.850,0.000000
337.787598,-17.115,-118.519150,0.001428,7.588,-7.426,-6.888,0.000000
338.956879,-17.163,-115.845497,0.001435,7.588,-7.465,-6.927,0.000000
340.130219,-17.271,-113.125961,0.001453,7.588,-7.503,-6.965,0.000000
341.307617,-17.456,-109.611137,0.001484,7.587,-7.542,-7.004,0.000000
342.489105,-17.690,-105.448967,0.001524,7.587,-7.581,-7.043,0.000000
343.674652,-17.952,-101.122002,0.001571,7.587,-7.620,-7.082,0.000000
344.864319,-18.269,-96.710243,0.001629,7.586,-7.659,-7.121,0.000000
346.058105,-18.660,-91.669487,0.001704,7.586,-7.698,-7.160,0.000000
347.256042,-19.073,-85.422394,0.001787,7.586,-7.737,-7.199,0.000000
348.457947,-19.409,-79.035431,0.001858,7.585,-7.777,-7.238,0.000000
349.664337,-19.589,-72.455605,0.001897,7.585,-7.816,-7.278,0.000000
350.874573,-19.733,-65.602966,0.001928,7.585,-7.856,-7.318,0.000000
352.089325,-19.850,-59.779442,0.001954,7.585,-7.896,-7.358,0.000000
353.307953,-20.003,-53.652042,0.001989,7.584,-7.936,-7.397,0.000000
354.530975,-20.038,-47.842548,0.001996,7.584,-7.976,-7.438,0.000000
355.758240,-20.023,-42.020012,0.001992,7.584,-8.016,-7.478,0.000000
356.989716,-20.061,-37.347206,0.002001,7.583,-8.056,-7.518,0.000000
358.225494,-20.062,-33.269958,0.002001,7.583,-8.097,-7.559,0.000000
359.465515,-20.114,-30.023878,0.002012,7.583,-8.138,-7.599,0.000000
360.709869,-20.179,-27.639965,0.002028,7.582,-8.179,-7.640,0.000000
361.958496,-20.324,-25.609941,0.002062,7.582,-8.220,-7.681,0.000000
363.211456,-20.436,-24.655981,0.002088,7.582,-8.261,-7.722,0.000000
364.468750,-20.680,-24.859503,0.002148,7.581,-8.302,-7.764,0.000000
365.730408,-20.994,-26.184887,0.002227,7.581,-8.343,-7.805,0.000000
366.996246,-21.237,-28.527702,0.002290,7.581,-8.385,-7.846,0.000000
368.266815,-21.515,-33.108196,0.002365,7.580,-8.426,-7.888,0.000000
369.541443,-21.935,-39.077225,0.002482,7.580,-8.468,-7.930,0.000000
370.820648,-22.303,-45.715485,0.002589,7.580,-8.510,-7.972,0.000000
372.104309,-22.695,-53.579765,0.002709,7.579,-8.552,-8.014,0.000000
373.392395,-22.944,-61.400665,0.002788,7.579,-8.595,-8.056,0.000000
374.684937,-23.207,-69.689850,0.002873,7.579,-8.637,-8.099,0.000000
375.982117,-23.298,-76.739143,0.002903,7.578,-8.680,-8.141,0.000000
377.283447,-23.239,-83.719711,0.002884,7.578,-8.722,-8.184,0.000000
378.589447,-23.153,-89.177734,0.002856,7.577,-8.765,-8.227,0.000000
379.899994,-22.910,-93.019783,0.002777,7.577,-8.808,-8.270,0.000000
381.215057,-22.570,-95.281227,0.002670,7.577,-8.851,-8.313,0.000000
382.534668,-22.243,-96.167023,0.002571,7.576,-8.895,-8.356,0.000000
383.858673,-21.899,-96.433083,0.002472,7.576,-8.938,-8.399,0.000000
385.187622,-21.628,-95.660561,0.002396,7.576,-8.982,-8.443,0.000000
386.520813,-21.344,-94.151405,0.002319,7.575,-9.025,-8.487,0.000000
387.859009,-21.106,-92.185913,0.002256,7.575,-9.069,-8.531,0.000000
389.201416,-21.001,-89.463135,0.002229,7.575,-9.113,-8.575,0.000000
390.548889,-20.984,-86.451912,0.002225,7.574,-9.158,-8.619,0.000000
391.900635,-21.050,-82.574089,0.002242,7.574,-9.202,-8.663,0.000000
393.257416,-21.122,-77.954590,0.002260,7.574,-9.246,-8.708,0.000000
394.618530,-21.184,-72.732735,0.002276,7.573,-9.291,-8.752,0.000000
395.984558,-21.196,-66.760681,0.002279,7.573,-9.336,-8.797,0.000000
397.355316,-21.248,-60.838631,0.002293,7.573,-9.381,-8.842,0.000000
398.730804,-21.295,-54.254330,0.002306,7.572,-9.426,-8.887,0.000000
400.111053,-21.352,-47.663811,0.002321,7.572,-9.471,-8.932,0.000000
401.495880,-21.322,-40.700581,0.002313,7.571,-9.517,-8.978,0.000000
402.885895,-21.249,-34.100491,0.002293,7.571,-9.562,-9.023,0.000000
404.280365,-21.313,-28.313398,0.002310,7.571,-9.608,-9.069,0.000000
405.679993,-21.426,-22.817223,0.002341,7.570,-9.654,-9.115,0.000000
407.084106,-21.682,-17.105141,0.002411,7.570,-9.700,-9.161,0.000000
408.493500,-21.999,-10.689960,0.002500,7.570,-9.746,-9.207,0.000000
409.907349,-22.412,-4.222263,0.002622,7.569,-9.793,-9.254,0.000000
411.326477,-22.873,2.126886,0.002765,7.569,-9.839,-9.300,0.000000
412.750122,-23.442,8.900079,0.002952,7.568,-9.886,-9.347,0.000000
414.178925,-24.082,16.659693,0.003178,7.568,-9.933,-9.394,0.000000
415.612640,-24.729,25.747297,0.003424,7.568,-9.980,-9.441,0.000000
417.051331,-25.413,36.838177,0.003704,7.567,-10.027,-9.488,0.000000
418.494995,-26.088,47.858681,0.004004,7.567,-10.074,-9.535,0.000000
419.943481,-26.611,59.404217,0.004252,7.567,-10.122,-9.583,0.000000
421.397369,-27.098,72.028793,0.004497,7.566,-10.170,-9.631,0.000000
422.855865,-27.358,85.622665,0.004634,7.566,-10.217,-9.678,0.000000
424.319855,-27.561,100.109169,0.004743,7.565,-10.266,-9.726,0.000000
425.788666,-27.594,113.802864,0.004761,7.565,-10.314,-9.775,0.000000
427.262604,-27.553,126.148972,0.004739,7.565,-10.362,-9.823,0.000000
428.741394,-27.470,138.799316,0.004694,7.564,-10.411,-9.871,0.000000
430.225739,-27.459,151.367996,0.004688,7.564,-10.459,-9.920,0.000000
431.714813,-27.302,165.120041,0.004604,7.563,-10.508,-9.969,0.000000
433.209259,-27.052,178.166885,0.004473,7.563,-10.557,-10.018,0.000000
434.708862,-26.688,-168.244843,0.004290,7.563,-10.606,-10.067,0.000000
436.213654,-26.379,-155.412231,0.004140,7.562,-10.656,-10.117,0.000000
437.723663,-25.949,-142.060272,0.003940,7.562,-10.705,-10.166,0.000000
439.238892,-25.401,-129.539429,0.003699,7.561,-10.755,-10.216,0.000000
440.759369,-24.751,-117.545860,0.003432,7.561,-10.805,-10.266,0.000000
442.285095,-24.041,-107.478050,0.003163,7.561,-10.855,-10.316,0.000000
443.816132,-23.401,-99.427231,0.002938,7.560,-10.905,-10.366,0.000000
445.352448,-22.938,-92.634438,0.002785,7.560,-10.956,-10.416,0.000000
446.894073,-22.729,-85.489548,0.002718,7.559,-11.006,-10.467,0.000000
448.440857,-22.590,-77.918083,0.002674,7.559,-11.057,-10.518,0.000000
449.993408,-22.530,-70.466064,0.002656,7.559,-11.108,-10.568,0.000000
451.550873,-22.558,-62.961380,0.002663,7.558,-11.159,-10.620,0.000000
453.114197,-22.510,-54.125206,0.002649,7.558,-11.210,-10.671,0.000000
454.682495,-22.621,-45.011150,0.002682,7.557,-11.262,-10.722,0.000000
456.256409,-22.671,-34.948391,0.002697,7.557,-11.313,-10.774,0.000000
457.835815,-22.652,-25.332249,0.002691,7.556,-11.365,-10.826,0.000000
459.420654,-22.455,-15.646807,0.002630,7.556,-11.417,-10.878,0.000000
461.010986,-22.126,-7.226542,0.002532,7.556,-11.469,-10.930,0.000000
462.606842,-21.876,0.155092,0.002460,7.555,-11.522,-10.982,0.000000
464.208221,-21.763,6.666949,0.002428,7.555,-11.574,-11.035,0.000000
465.815125,-21.764,12.649136,0.002428,7.554,-11.627,-11.087,0.000000
467.427582,-21.952,17.882572,0.002481,7.554,-11.680,-11.140,0.000000
469.045410,-22.122,21.448086,0.002530,7.553,-11.733,-11.193,0.000000
470.669312,-22.582,25.223604,0.002668,7.553,-11.786,-11.247,0.000000
472.298340,-23.422,29.979626,0.002938,7.553,-11.840,-11.300,0.000000
473.933502,-24.642,32.868046,0.003382,7.552,-11.893,-11.354,0.000000
475.573853,-26.132,39.165787,0.004014,7.552,-11.947,-11.407,0.000000
477.220093,-27.707,46.099991,0.004811,7.551,-12.001,-11.461,0.000000
478.872040,-29.411,53.878220,0.005852,7.551,-12.055,-11.516,0.000000
480.529724,-31.168,60.729095,0.007163,7.550,-12.110,-11.570,0.000000
482.193146,-32.667,87.318604,0.008511,7.550,-12.164,-11.625,0.000000
483.862305,-33.520,-155.823441,0.009388,7.550,-12.219,-11.679,0.000000
485.537262,-32.733,-122.578331,0.008573,7.549,-12.274,-11.734,0.000000
487.217987,-31.021,-116.667664,0.007038,7.549,-12.329,-11.789,0.000000
488.904541,-29.160,-111.517517,0.005680,7.548,-12.384,-11.845,0.000000
490.596710,-27.378,-104.349632,0.004626,7.548,-12.440,-11.900,0.000000
492.295197,-26.026,-96.408699,0.003958,7.547,-12.496,-11.956,0.000000
493.999115,-24.938,-89.506569,0.003491,7.547,-12.552,-12.012,0.000000
495.709381,-24.074,-82.689598,0.003161,7.546,-12.608,-12.068,0.000000
497.425110,-23.540,-76.326088,0.002971,7.546,-12.664,-12.124,0.000000
499.147003,-23.310,-71.453400,0.002893,7.545,-12.721,-12.181,0.000000
500.874847,-23.266,-65.250000,0.002878,7.545,-12.759,-12.217,0.000000
502.608917,-23.371,-57.186615,0.002913,7.545,-12.780,-12.234,0.000000
504.348541,-23.511,-48.061413,0.002960,7.545,-12.800,-12.252,0.000000
506.094391,-23.626,-37.342751,0.002998,7.545,-12.821,-12.269,0.000000
507.846283,-23.654,-26.985512,0.003008,7.545,-12.842,-12.286,0.000000
509.604279,-23.815,-17.205200,0.003063,7.545,-12.863,-12.304,0.000000
511.368317,-23.942,-7.954900,0.003108,7.545,-12.884,-12.321,0.000000
513.138489,-24.157,1.488606,0.003185,7.545,-12.905,-12.339,0.000000
514.914795,-24.508,11.051833,0.003316,7.545,-12.927,-12.356,0.000000
516.696960,-24.918,20.215963,0.003476,7.545,-12.948,-12.374,0.000000
518.485840,-25.519,31.576180,0.003724,7.545,-12.969,-12.392,0.000000
520.280334,-26.277,43.681824,0.004063,7.545,-12.991,-12.410,0.000000
522.081360,-27.092,57.619038,0.004463,7.545,-13.012,-12.428,0.000000
523.888611,-27.934,73.205406,0.004917,7.545,-13.034,-12.445,0.000000
525.702393,-28.770,89.979050,0.005414,7.545,-13.056,-12.463,0.000000
527.521912,-29.363,107.949875,0.005797,7.545,-13.077,-12.482,0.000000
529.348206,-29.747,126.606361,0.006058,7.544,-13.099,-12.500,0.000000
531.180359,-29.971,145.619339,0.006217,7.544,-13.121,-12.518,0.000000
533.019104,-30.061,164.431351,0.006281,7.544,-13.143,-12.536,0.000000
534.864258,-29.663,-175.668365,0.005999,7.544,-13.165,-12.554,0.000000
536.715698,-29.081,-156.589417,0.005609,7.544,-13.187,-12.573,0.000000
538.573608,-28.410,-137.764893,0.005191,7.544,-13.209,-12.591,0.000000
540.437683,-27.682,-120.855560,0.004773,7.544,-13.232,-12.610,0.000000
542.308777,-26.987,-105.051437,0.004405,7.544,-13.254,-12.628,0.000000
544.185730,-26.248,-89.972862,0.004045,7.544,-13.277,-12.647,0.000000
546.069763,-25.460,-75.026482,0.003694,7.544,-13.299,-12.665,0.000000
547.959778,-24.528,-61.206703,0.003318,7.544,-13.322,-12.684,0.000000
549.856873,-23.692,-48.067532,0.003014,7.544,-13.344,-12.703,0.000000
551.760010,-22.842,-35.330257,0.002733,7.544,-13.367,-12.722,0.000000
553.670288,-22.064,-23.189331,0.002499,7.544,-13.390,-12.741,0.000000
555.586609,-21.238,-11.588640,0.002272,7.544,-13.413,-12.760,0.000000
557.509827,-20.401,-0.787706,0.002063,7.544,-13.436,-12.779,0.000000
559.439697,-19.781,7.650056,0.001921,7.544,-13.459,-12.798,0.000000
561.376282,-19.306,15.416971,0.001819,7.544,-13.482,-12.817,0.000000
563.319519,-19.011,22.775108,0.001758,7.544,-13.505,-12.837,0.000000
565.269287,-18.919,29.912386,0.001740,7.544,-13.528,-12.856,0.000000
567.226318,-19.009,37.039139,0.001758,7.543,-13.552,-12.875,0.000000
569.189514,-19.334,45.512100,0.001825,7.543,-13.575,-12.895,0.000000
571.160156,-19.802,55.640995,0.001926,7.543,-13.599,-12.914,0.000000
573.136963,-20.410,67.363785,0.002065,7.543,-13.622,-12.934,0.000000
575.121216,-20.929,81.382370,0.002192,7.543,-13.646,-12.954,0.000000
577.111816,-21.268,97.183609,0.002279,7.543,-13.670,-12.973,0.000000
579.109863,-21.376,113.227394,0.002307,7.543,-13.694,-12.993,0.000000
581.114197,-21.280,129.238815,0.002281,7.543,-13.718,-13.013,0.000000
583.125793,-20.968,143.300949,0.002200,7.543,-13.742,-13.033,0.000000
585.144348,-20.615,155.969757,0.002112,7.543,-13.766,-13.053,0.000000
587.169922,-20.298,166.614685,0.002037,7.543,-13.790,-13.073,0.000000
589.202454,-20.182,175.953049,0.002010,7.543,-13.814,-13.093,0.000000
591.241760,-20.303,-174.881042,0.002038,7.543,-13.839,-13.113,0.000000
593.288696,-20.612,-164.299286,0.002112,7.543,-13.863,-13.134,0.000000
595.342468,-20.983,-152.295517,0.002204,7.543,-13.888,-13.154,0.000000
597.403320,-21.309,-138.545547,0.002288,7.543,-13.912,-13.175,0.000000
599.471008,-21.606,-122.997139,0.002367,7.543,-13.937,-13.195,0.000000
601.546448,-21.794,-105.806839,0.002419,7.543,-13.962,-13.216,0.000000
603.628479,-21.828,-89.244209,0.002428,7.543,-13.987,-13.236,0.000000
605.718262,-21.671,-73.681320,0.002384,7.542,-14.012,-13.257,0.000000
607.814758,-21.306,-60.309753,0.002285,7.542,-14.037,-13.278,0.000000
609.918762,-20.785,-48.173920,0.002152,7.542,-14.062,-13.299,0.000000
612.030090,-20.298,-37.994957,0.002034,7.542,-14.087,-13.320,0.000000
614.148682,-19.978,-29.238672,0.001961,7.542,-14.113,-13.341,0.000000
616.274658,-19.872,-21.033552,0.001937,7.542,-14.138,-13.362,0.000000
618.407654,-19.979,-13.512088,0.001961,7.542,-14.163,-13.383,0.000000
620.548645,-20.277,-5.570662,0.002030,7.542,-14.189,-13.404,0.000000
622.696716,-20.735,2.937557,0.002139,7.542,-14.215,-13.425,0.000000
624.852295,-21.303,13.225807,0.002284,7.542,-14.240,-13.447,0.000000
627.015259,-21.867,24.097750,0.002437,7.542,-14.266,-13.468,0.000000
629.185730,-22.466,35.982548,0.002610,7.542,-14.292,-13.490,0.000000
631.363464,-23.075,48.928909,0.002800,7.542,-14.318,-13.511,0.000000
633.549316,-23.639,62.701611,0.002987,7.542,-14.344,-13.533,0.000000
635.742126,-24.022,77.426132,0.003121,7.542,-14.371,-13.555,0.000000
637.942810,-24.129,91.676430,0.003159,7.542,-14.397,-13.577,0.000000
640.151123,-23.978,104.528076,0.003104,7.542,-14.423,-13.598,0.000000
642.367065,-23.564,116.426575,0.002960,7.541,-14.450,-13.620,0.000000
644.590698,-23.010,126.411919,0.002777,7.541,-14.476,-13.643,0.000000
646.822327,-22.479,134.955780,0.002612,7.541,-14.503,-13.665,0.000000
649.061096,-21.898,142.247223,0.002443,7.541,-14.530,-13.687,0.000000
651.307861,-21.348,148.090439,0.002293,7.541,-14.557,-13.709,0.000000
653.562439,-20.925,152.089813,0.002184,7.541,-14.584,-13.731,0.000000
655.824829,-20.607,155.087509,0.002106,7.541,-14.611,-13.754,0.000000
658.095032,-20.416,157.861588,0.002060,7.541,-14.638,-13.776,0.000000
660.372803,-20.331,160.291061,0.002040,7.541,-14.665,-13.799,0.000000
662.659058,-20.374,163.330612,0.002050,7.541,-14.692,-13.822,0.000000
664.952637,-20.487,166.975510,0.002077,7.541,-14.720,-13.844,0.000000
667.254761,-20.673,171.278244,0.002122,7.541,-14.747,-13.867,0.000000
669.564209,-20.831,176.537430,0.002161,7.541,-14.775,-13.890,0.000000
671.882019,-20.930,-177.496262,0.002185,7.541,-14.803,-13.913,0.000000
674.207764,-21.058,-170.652588,0.002218,7.541,-14.830,-13.936,0.000000
676.541992,-21.132,-163.842621,0.002237,7.541,-14.858,-13.959,0.000000
678.883545,-21.236,-157.008331,0.002264,7.541,-14.886,-13.983,0.000000
681.233582,-21.373,-150.131805,0.002300,7.540,-14.914,-14.006,0.000000
683.591797,-21.595,-143.073380,0.002359,7.540,-14.942,-14.029,0.000000
685.958130,-21.853,-135.456177,0.002430,7.540,-14.971,-14.053,0.000000
688.332642,-22.251,-128.172913,0.002545,7.540,-14.999,-14.076,0.000000
690.715027,-22.865,-119.875107,0.002732,7.540,-15.028,-14.100,0.000000
693.106384,-23.595,-111.489433,0.002972,7.540,-15.056,-14.124,0.000000
695.505310,-24.442,-101.111725,0.003277,7.540,-15.085,-14.147,0.000000
697.913208,-25.436,-89.792152,0.003675,7.540,-15.114,-14.171,0.000000
700.328796,-26.584,-76.329033,0.004195,7.540,-15.142,-14.195,0.000000
702.753052,-27.508,-60.898457,0.004666,7.540,-15.171,-14.219,0.000000
705.185730,-28.299,-42.541313,0.005112,7.540,-15.200,-14.243,0.000000
707.627136,-28.887,-21.604937,0.005471,7.540,-15.230,-14.268,0.000000
710.076355,-29.395,-0.690400,0.005802,7.540,-15.259,-14.292,0.000000
712.534363,-29.658,17.879095,0.005981,7.540,-15.288,-14.316,0.000000
715.000854,-29.965,32.439339,0.006197,7.540,-15.318,-14.341,0.000000
717.475891,-30.365,46.393341,0.006490,7.540,-15.347,-14.365,0.000000
719.959534,-30.683,61.238136,0.006733,7.539,-15.377,-14.390,0.000000
722.451416,-30.819,75.508316,0.006841,7.539,-15.407,-14.415,0.000000
724.952637,-30.786,91.482239,0.006816,7.539,-15.437,-14.439,0.000000
727.461792,-30.520,113.715630,0.006612,7.539,-15.467,-14.464,0.000000
729.980347,-30.024,139.747437,0.006245,7.539,-15.497,-14.489,0.000000
732.506897,-29.369,159.832779,0.005793,7.539,-15.527,-14.514,0.000000
735.042908,-28.897,173.442200,0.005488,7.539,-15.557,-14.540,0.000000
737.586975,-28.421,-176.760559,0.005196,7.539,-15.588,-14.565,0.000000
740.140564,-28.013,-169.046829,0.004958,7.539,-15.618,-14.590,0.000000
742.702332,-27.653,-164.199554,0.004758,7.539,-15.649,-14.616,0.000000
745.273254,-27.651,-162.428879,0.004757,7.539,-15.680,-14.641,0.000000
747.853088,-28.202,-159.668152,0.005070,7.539,-15.710,-14.667,0.000000
750.441895,-29.182,-153.469101,0.005676,7.539,-15.741,-14.692,0.000000
753.039612,-29.934,-143.840591,0.006191,7.539,-15.772,-14.718,0.000000
755.646362,-30.316,-132.077103,0.006472,7.539,-15.804,-14.744,0.000000
758.262146,-30.251,-120.073273,0.006426,7.538,-15.835,-14.770,0.000000
760.886597,-29.797,-108.781029,0.006101,7.538,-15.866,-14.796,0.000000
763.520813,-29.130,-99.173515,0.005652,7.538,-15.898,-14.822,0.000000
766.163818,-28.500,-90.574059,0.005258,7.538,-15.929,-14.848,0.000000
768.816040,-27.679,-82.495667,0.004786,7.538,-15.961,-14.874,0.000000
771.476990,-26.801,-76.650864,0.004327,7.538,-15.993,-14.901,0.000000
774.147888,-26.155,-74.918358,0.004017,7.538,-16.025,-14.927,0.000000
776.827332,-25.811,-72.149109,0.003862,7.538,-16.057,-14.954,0.000000
779.516785,-25.673,-67.231857,0.003801,7.538,-16.089,-14.981,0.000000
782.214844,-25.615,-61.484795,0.003777,7.538,-16.121,-15.007,0.000000
784.922546,-25.705,-54.240520,0.003817,7.538,-16.153,-15.034,0.000000
787.639648,-25.900,-45.879128,0.003904,7.538,-16.186,-15.061,0.000000
790.366150,-26.101,-35.778236,0.003996,7.538,-16.218,-15.088,0.000000
793.102112,-26.282,-24.491743,0.004081,7.538,-16.251,-15.115,0.000000
795.847107,-26.505,-12.285302,0.004188,7.537,-16.284,-15.143,0.000000
798.602417,-26.862,0.634756,0.004364,7.537,-16.317,-15.170,0.000000
801.366882,-27.333,15.085881,0.004609,7.537,-16.350,-15.197,0.000000
804.140930,-27.703,30.052773,0.004810,7.537,-16.383,-15.225,0.000000
806.924133,-28.110,45.469330,0.005042,7.537,-16.416,-15.252,0.000000
809.717773,-28.436,61.945553,0.005235,7.537,-16.450,-15.280,0.000000
812.520325,-28.666,78.243477,0.005376,7.537,-16.483,-15.308,0.000000
815.333374,-29.228,94.866585,0.005737,7.537,-16.517,-15.336,0.000000
818.155334,-29.831,113.175491,0.006151,7.537,-16.550,-15.364,0.000000
820.987488,-30.002,132.512405,0.006274,7.537,-16.584,-15.392,0.000000
823.829407,-29.905,152.686188,0.006205,7.537,-16.618,-15.420,0.000000
826.681213,-29.880,171.610809,0.006188,7.537,-16.652,-15.448,0.000000
829.542847,-30.077,-171.051773,0.006330,7.537,-16.687,-15.477,0.000000
832.414429,-30.315,-154.031021,0.006506,7.536,-16.721,-15.505,0.000000
835.295898,-30.550,-136.630508,0.006684,7.536,-16.755,-15.534,0.000000
838.187378,-30.683,-119.440285,0.006787,7.536,-16.790,-15.562,0.000000
841.088867,-30.419,-102.294060,0.006584,7.536,-16.825,-15.591,0.000000
844.000000,-30.203,-86.150055,0.006422,7.536,-16.859,-15.620,0.000000
846.921997,-30.289,-69.041504,0.006486,7.536,-16.894,-15.649,0.000000
849.853333,-30.359,-52.494694,0.006538,7.536,-16.929,-15.678,0.000000
852.795593,-30.255,-36.502522,0.006461,7.536,-16.964,-15.707,0.000000
855.747253,-29.986,-22.316566,0.006264,7.536,-17.000,-15.737,0.000000
858.709534,-29.615,-8.977071,0.006002,7.536,-17.035,-15.766,0.000000
861.682068,-29.099,4.258983,0.005656,7.536,-17.071,-15.795,0.000000
864.664856,-28.432,16.520823,0.005238,7.536,-17.106,-15.825,0.000000
867.657959,-27.750,27.759029,0.004842,7.536,-17.142,-15.855,0.000000
870.661499,-26.910,37.600655,0.004396,7.535,-17.178,-15.885,0.000000
873.675354,-25.933,46.183952,0.003928,7.535,-17.214,-15.914,0.000000
876.699707,-24.958,52.519833,0.003511,7.535,-17.250,-15.944,0.000000
879.734497,-24.025,56.332878,0.003154,7.535,-17.286,-15.974,0.000000
882.779419,-23.461,56.371063,0.002955,7.535,-17.323,-16.005,0.000000
885.835632,-23.295,53.688709,0.002899,7.535,-17.359,-16.035,0.000000
888.901672,-23.452,47.465775,0.002952,7.535,-17.396,-16.065,0.000000
891.979126,-23.837,38.728088,0.003086,7.535,-17.433,-16.096,0.000000
895.066406,-24.305,26.679529,0.003257,7.535,-17.470,-16.127,0.000000
898.164734,-24.844,11.990548,0.003465,7.535,-17.507,-16.157,0.000000
901.273865,-25.496,-2.978121,0.003736,7.535,-17.544,-16.188,0.000000
904.393738,-25.984,-15.279775,0.003951,7.535,-17.581,-16.219,0.000000
907.524414,-26.069,-25.179428,0.003990,7.535,-17.618,-16.250,0.000000
910.665894,-25.670,-33.246578,0.003811,7.534,-17.656,-16.281,0.000000
913.818298,-25.071,-38.428238,0.003557,7.534,-17.694,-16.313,0.000000
916.981567,-24.472,-40.077019,0.003320,7.534,-17.731,-16.344,0.000000
920.155823,-23.924,-37.034492,0.003117,7.534,-17.769,-16.375,0.000000
923.341003,-23.564,-29.907516,0.002991,7.534,-17.807,-16.407,0.000000
926.537292,-23.397,-20.962971,0.002934,7.534,-17.846,-16.439,0.000000
929.744141,-23.530,-9.925062,0.002978,7.534,-17.884,-16.470,0.000000
932.963013,-23.595,3.961660,0.003000,7.534,-17.922,-16.502,0.000000
936.192139,-23.617,20.888304,0.003007,7.534,-17.961,-16.534,0.000000
939.432861,-23.688,38.710190,0.003031,7.534,-18.000,-16.567,0.000000
942.684814,-23.831,56.322910,0.003081,7.534,-18.039,-16.599,0.000000
945.948486,-24.041,73.959755,0.003156,7.533,-18.078,-16.631,0.000000
949.222534,-24.138,91.786278,0.003191,7.533,-18.117,-16.664,0.000000
952.508850,-23.978,109.407959,0.003133,7.533,-18.156,-16.696,0.000000
955.805603,-23.733,124.804779,0.003046,7.533,-18.195,-16.729,0.000000
959.114258,-23.720,136.670303,0.003041,7.533,-18.235,-16.762,0.000000
962.434326,-24.332,147.018158,0.003263,7.533,-18.275,-16.795,0.000000
965.765930,-25.369,157.813782,0.003677,7.533,-18.314,-16.828,0.000000
969.109009,-26.434,168.823685,0.004157,7.533,-18.354,-16.861,0.000000
972.463257,-27.444,178.821091,0.004669,7.533,-18.395,-16.894,0.000000
975.830017,-28.549,-179.118881,0.005303,7.533,-18.435,-16.927,0.000000
979.207458,-30.267,178.272583,0.006462,7.533,-18.475,-16.961,0.000000
982.597595,-32.196,175.607178,0.008069,7.533,-18.516,-16.995,0.000000
985.998474,-33.811,171.805405,0.009718,7.532,-18.556,-17.028,0.000000
989.412109,-34.745,164.804703,0.010821,7.532,-18.597,-17.062,0.000000
992.836609,-34.843,152.807205,0.010944,7.532,-18.638,-17.096,0.000000
996.273926,-34.453,135.901855,0.010463,7.532,-18.679,-17.130,0.000000
999.722168,-33.383,118.356651,0.009251,7.532,-18.720,-17.164,0.000000
1003.182800,-32.245,93.782143,0.008115,7.532,-18.727,-17.169,0.000000
1006.655457,-31.543,47.112202,0.007485,7.532,-18.730,-17.172,0.000000
1010.140076,-30.852,17.360727,0.006912,7.532,-18.734,-17.174,0.000000
1013.636780,-30.261,12.135933,0.006458,7.532,-18.738,-17.177,0.000000
1017.145142,-29.502,10.354433,0.005918,7.532,-18.741,-17.180,0.000000
1020.666565,-28.334,9.312035,0.005174,7.532,-18.745,-17.182,0.000000
1024.199219,-26.967,14.488882,0.004422,7.532,-18.748,-17.185,0.000000
1027.745117,-25.905,28.729816,0.003913,7.532,-18.752,-17.187,0.000000
1031.302246,-25.131,45.516846,0.003580,7.532,-18.756,-17.190,0.000000
1034.872803,-24.658,58.534103,0.003391,7.532,-18.759,-17.192,0.000000
1038.454590,-24.723,69.867096,0.003417,7.532,-18.763,-17.195,0.000000
1042.049805,-25.154,80.789322,0.003592,7.532,-18.767,-17.197,0.000000
1045.656494,-25.514,89.319908,0.003744,7.532,-18.770,-17.200,0.000000
1049.276123,-25.793,99.793518,0.003867,7.532,-18.774,-17.203,0.000000
1052.908325,-26.112,121.274063,0.004012,7.532,-18.778,-17.205,0.000000
1056.553101,-26.713,-127.526802,0.004301,7.532,-18.781,-17.208,0.000000
1060.210571,-27.510,-87.983879,0.004715,7.532,-18.785,-17.211,0.000000
1063.880005,-28.238,-74.879517,0.005128,7.532,-18.789,-17.213,0.000000
1067.563354,-28.188,-65.967140,0.005100,7.532,-18.793,-17.216,0.000000
1071.258301,-27.546,-51.865990,0.004737,7.532,-18.796,-17.219,0.000000
1074.967041,-27.263,-31.722040,0.004586,7.532,-18.800,-17.221,0.000000
1078.688232,-27.135,-9.864325,0.004519,7.532,-18.804,-17.224,0.000000
1082.422241,-26.784,21.526255,0.004341,7.532,-18.808,-17.227,0.000000
1086.168579,-26.217,62.219704,0.004068,7.532,-18.812,-17.229,0.000000
1089.929077,-25.571,98.435844,0.003776,7.532,-18.816,-17.232,0.000000
1093.701416,-24.837,124.854378,0.003471,7.532,-18.819,-17.235,0.000000
1097.487427,-24.166,147.214523,0.003214,7.532,-18.823,-17.237,0.000000
1101.286499,-23.772,166.492035,0.003072,7.532,-18.827,-17.240,0.000000
1105.098755,-23.530,-175.515213,0.002988,7.532,-18.831,-17.243,0.000000
1108.924194,-23.556,-157.697525,0.002997,7.532,-18.835,-17.246,0.000000
1112.762817,-24.033,-140.485336,0.003167,7.532,-18.839,-17.248,0.000000
1116.614746,-24.388,-123.178955,0.003300,7.532,-18.843,-17.251,0.000000
1120.480103,-24.380,-96.472237,0.003297,7.532,-18.847,-17.254,0.000000
1124.358765,-24.228,-50.978710,0.003241,7.532,-18.851,-17.257,0.000000
1128.250854,-24.312,-9.604698,0.003273,7.532,-18.855,-17.260,0.000000
1132.156372,-24.469,15.885157,0.003333,7.532,-18.859,-17.262,0.000000
1136.075562,-24.484,33.318821,0.003339,7.532,-18.863,-17.265,0.000000
1140.007568,-24.524,48.585178,0.003355,7.532,-18.867,-17.268,0.000000
1143.953857,-24.503,63.514961,0.003348,7.532,-18.871,-17.271,0.000000
1147.913818,-24.646,74.601578,0.003405,7.532,-18.875,-17.274,0.000000
1151.887451,-25.299,79.046745,0.003672,7.532,-18.879,-17.277,0.000000
1155.874878,-26.101,79.850479,0.004029,7.532,-18.883,-17.279,0.000000
1159.876099,-26.614,78.240456,0.004275,7.532,-18.887,-17.282,0.000000
1163.891113,-27.003,73.974770,0.004473,7.532,-18.891,-17.285,0.000000
1167.920044,-27.795,70.111000,0.004901,7.532,-18.895,-17.288,0.000000
1171.962891,-28.136,72.161148,0.005098,7.532,-18.900,-17.291,0.000000
1176.019775,-27.744,72.651451,0.004874,7.532,-18.904,-17.294,0.000000
1180.090698,-27.813,73.356262,0.004914,7.532,-18.908,-17.297,0.000000
1184.175781,-28.224,77.899750,0.005153,7.532,-18.912,-17.300,0.000000
1188.274902,-28.960,81.381729,0.005610,7.532,-18.916,-17.303,0.000000
1192.388306,-29.646,78.613731,0.006071,7.532,-18.920,-17.306,0.000000
1196.515259,-29.414,72.224144,0.005913,7.532,-18.925,-17.309,0.000000
1200.657227,-27.913,46.887993,0.004977,7.532,-18.929,-17.312,0.000000
1204.813965,-26.139,-16.528755,0.004058,7.532,-18.933,-17.315,0.000000
1208.984009,-25.245,-26.909901,0.003663,7.532,-18.937,-17.318,0.000000
1213.169067,-24.895,-27.071800,0.003520,7.532,-18.942,-17.321,0.000000
1217.368530,-24.454,-20.006088,0.003346,7.532,-18.946,-17.324,0.000000
1221.582642,-23.714,-4.050384,0.003074,7.532,-18.950,-17.327,0.000000
1225.811279,-22.951,15.229427,0.002816,7.532,-18.955,-17.330,0.000000
1230.054565,-22.830,37.003925,0.002778,7.532,-18.959,-17.333,0.000000
1234.311890,-23.025,64.832848,0.002841,7.532,-18.963,-17.336,0.000000
1238.585205,-23.469,100.210182,0.002991,7.532,-18.968,-17.339,0.000000
1242.872803,-24.357,129.409912,0.003313,7.532,-18.972,-17.342,0.000000
1247.175049,-25.257,150.171722,0.003676,7.532,-18.976,-17.345,0.000000
1251.492310,-25.684,162.942169,0.003862,7.532,-18.981,-17.348,0.000000
1255.823975,-25.979,172.741516,0.003996,7.532,-18.985,-17.351,0.000000
1260.171753,-26.212,176.182632,0.004105,7.532,-18.990,-17.355,0.000000
1264.533325,-26.087,153.995743,0.004047,7.532,-18.994,-17.358,0.000000
1268.911255,-26.054,45.344711,0.004032,7.532,-18.999,-17.361,0.000000
1273.303101,-26.227,50.784306,0.004114,7.532,-19.003,-17.364,0.000000
1277.710815,-25.999,57.081585,0.004008,7.532,-19.008,-17.367,0.000000
1282.133789,-25.396,68.352158,0.003740,7.532,-19.012,-17.370,0.000000
1286.572021,-24.945,87.220726,0.003552,7.532,-19.017,-17.374,0.000000
1291.025024,-25.159,104.112755,0.003641,7.532,-19.021,-17.377,0.000000
1295.494751,-25.774,107.295815,0.003908,7.532,-19.026,-17.380,0.000000
1299.979248,-26.470,109.549011,0.004235,7.532,-19.031,-17.383,0.000000
1304.479248,-27.240,106.047508,0.004629,7.532,-19.035,-17.386,0.000000
1308.994873,-28.038,85.583046,0.005075,7.532,-19.040,-17.390,0.000000
1313.525513,-29.294,67.517479,0.005865,7.532,-19.044,-17.393,0.000000
1318.072998,-30.228,69.217972,0.006533,7.532,-19.049,-17.396,0.000000
1322.635010,-29.987,69.665268,0.006355,7.532,-19.054,-17.400,0.000000
1327.214111,-29.086,69.291405,0.005729,7.532,-19.058,-17.403,0.000000
1331.807739,-27.849,132.405334,0.004970,7.532,-19.063,-17.406,0.000000
1336.417969,-27.533,169.146164,0.004793,7.532,-19.068,-17.409,0.000000
1341.044189,-27.263,-177.295517,0.004647,7.532,-19.073,-17.413,0.000000
1345.686401,-26.204,-159.423111,0.004114,7.532,-19.077,-17.416,0.000000
1350.344604,-25.198,-137.699738,0.003664,7.532,-19.082,-17.419,0.000000
1355.018921,-24.679,-106.806778,0.003451,7.532,-19.087,-17.423,0.000000
1359.709595,-24.786,-72.640373,0.003494,7.532,-19.092,-17.426,0.000000
1364.416382,-25.447,-45.047298,0.003770,7.532,-19.096,-17.430,0.000000
1369.139404,-25.878,-28.241259,0.003962,7.532,-19.101,-17.433,0.000000
1373.878174,-25.749,-8.011682,0.003904,7.532,-19.106,-17.436,0.000000
1378.634644,-25.656,27.175903,0.003862,7.532,-19.111,-17.440,0.000000
1383.406372,-26.078,98.359596,0.004055,7.532,-19.116,-17.443,0.000000
1388.195801,-27.006,155.371262,0.004512,7.532,-19.121,-17.447,0.000000
1393.000610,-28.203,166.258530,0.005178,7.532,-19.126,-17.450,0.000000
1397.822632,-28.825,157.912796,0.005562,7.532,-19.131,-17.454,0.000000
1402.661377,-28.681,156.773575,0.005471,7.532,-19.136,-17.457,0.000000
1407.516846,-28.450,148.418457,0.005327,7.532,-19.141,-17.461,0.000000
1412.389771,-28.576,134.972061,0.005404,7.531,-19.146,-17.464,0.000000
1417.278198,-28.480,131.425842,0.005343,7.531,-19.151,-17.468,0.000000
1422.184326,-28.049,127.813965,0.005084,7.531,-19.156,-17.471,0.000000
1427.107300,-27.944,127.500229,0.005022,7.531,-19.161,-17.475,0.000000
1432.047485,-26.766,123.173759,0.004384,7.531,-19.166,-17.478,0.000000
1437.004639,-25.103,155.153259,0.003620,7.531,-19.171,-17.482,0.000000
1441.979004,-23.942,-155.518921,0.003167,7.531,-19.176,-17.485,0.000000
1446.969849,-23.298,-119.925064,0.002941,7.531,-19.181,-17.489,0.000000
1451.979492,-23.229,-91.018166,0.002917,7.531,-19.186,-17.493,0.000000
1457.005005,-23.079,-67.111412,0.002867,7.531,-19.191,-17.496,0.000000
1462.048584,-23.010,-41.615971,0.002845,7.531,-19.196,-17.500,0.000000
1467.109619,-23.104,-16.967264,0.002876,7.531,-19.202,-17.504,0.000000
1472.188110,-23.412,0.301932,0.002979,7.531,-19.207,-17.507,0.000000
1477.285034,-23.767,15.054191,0.003103,7.531,-19.212,-17.511,0.000000
1482.398071,-24.302,59.667007,0.003300,7.531,-19.217,-17.515,0.000000
1487.529541,-24.622,167.561996,0.003423,7.531,-19.222,-17.518,0.000000
1492.678833,-24.602,-160.220306,0.003414,7.531,-19.228,-17.522,0.000000
1497.845947,-24.695,-129.480072,0.003450,7.531,-19.233,-17.526,0.000000
1503.030884,-25.343,-111.406906,0.003717,7.531,-19.238,-17.529,0.000000
1508.233765,-26.028,-98.350037,0.004021,7.531,-19.244,-17.533,0.000000
1513.453979,-26.479,-97.114128,0.004235,7.531,-19.249,-17.537,0.000000
1518.693726,-27.094,-98.979095,0.004545,7.531,-19.254,-17.541,0.000000
1523.950195,-28.545,-102.032242,0.005371,7.531,-19.260,-17.544,0.000000
1529.226196,-30.288,-90.430031,0.006562,7.531,-19.265,-17.548,0.000000
1534.519775,-31.869,-79.034798,0.007871,7.531,-19.270,-17.552,0.000000
1539.831055,-33.189,-65.395920,0.009162,7.531,-19.276,-17.556,0.000000
1545.161987,-32.635,-36.823975,0.008595,7.531,-19.281,-17.560,0.000000
1550.510010,-31.487,30.746895,0.007532,7.531,-19.287,-17.564,0.000000
1555.877319,-30.420,57.469826,0.006661,7.531,-19.292,-17.567,0.000000
1561.263184,-30.647,57.004642,0.006837,7.531,-19.298,-17.571,0.000000
1566.667725,-30.698,42.481827,0.006878,7.531,-19.303,-17.575,0.000000
1572.090820,-29.847,32.465076,0.006236,7.531,-19.309,-17.579,0.000000
1577.532837,-28.698,29.502943,0.005463,7.531,-19.315,-17.583,0.000000
1582.992920,-27.264,17.569624,0.004630,7.531,-19.320,-17.587,0.000000
1588.473389,-26.176,-3.582834,0.004085,7.531,-19.326,-17.591,0.000000
1593.971313,-25.581,-17.409687,0.003814,7.531,-19.331,-17.595,0.000000
1599.489746,-25.663,-21.676382,0.003849,7.531,-19.337,-17.599,0.000000
1605.026611,-25.514,-22.328751,0.003783,7.531,-19.343,-17.603,0.000000
1610.581787,-25.046,-12.916286,0.003584,7.531,-19.348,-17.607,0.000000
1616.157837,-24.994,-0.767962,0.003562,7.531,-19.354,-17.611,0.000000
1621.751587,-24.972,-4.560380,0.003553,7.531,-19.360,-17.615,0.000000
1627.366211,-25.176,-30.092350,0.003638,7.531,-19.365,-17.619,0.000000
1632.998779,-25.786,-59.013290,0.003902,7.531,-19.371,-17.623,0.000000
1638.651611,-26.598,-66.676483,0.004285,7.531,-19.377,-17.627,0.000000
1644.323975,-26.687,-64.228157,0.004329,7.531,-19.383,-17.631,0.000000
1650.015991,-26.294,-48.644447,0.004137,7.531,-19.389,-17.635,0.000000
1655.726929,-26.219,-26.233641,0.004103,7.531,-19.395,-17.639,0.000000
1661.459229,-26.075,-1.246140,0.004036,7.531,-19.400,-17.643,0.000000
1667.209717,-26.384,38.579002,0.004183,7.531,-19.406,-17.648,0.000000
1672.981812,-27.605,51.823132,0.004815,7.531,-19.412,-17.652,0.000000
1678.772949,-28.224,55.789215,0.005171,7.531,-19.418,-17.656,0.000000
1684.583496,-28.670,59.842319,0.005445,7.531,-19.424,-17.660,0.000000
1690.415649,-29.065,65.389656,0.005698,7.531,-19.430,-17.664,0.000000
1696.266357,-30.041,74.275841,0.006376,7.531,-19.436,-17.669,0.000000
1702.139038,-29.758,86.041489,0.006172,7.531,-19.442,-17.673,0.000000
1708.030396,-28.197,95.254036,0.005157,7.531,-19.448,-17.677,0.000000
1713.942871,-26.582,106.423309,0.004282,7.531,-19.454,-17.681,0.000000
1719.875977,-24.885,151.560699,0.003522,7.531,-19.460,-17.686,0.000000
1725.829468,-23.548,-149.751709,0.003019,7.531,-19.466,-17.690,0.000000
1731.802856,-22.662,-133.296936,0.002727,7.531,-19.472,-17.694,0.000000
1737.798462,-22.056,-119.789131,0.002544,7.531,-19.478,-17.698,0.000000
1743.814087,-21.659,-103.370247,0.002430,7.531,-19.485,-17.703,0.000000
1749.850464,-21.567,-82.544556,0.002405,7.531,-19.491,-17.707,0.000000
1755.907837,-21.873,-57.087292,0.002492,7.531,-19.497,-17.711,0.000000
1761.985229,-22.474,-20.671406,0.002671,7.531,-19.503,-17.716,0.000000
1768.085449,-23.219,22.981112,0.002910,7.531,-19.509,-17.720,0.000000
1774.204956,-24.241,41.987476,0.003275,7.531,-19.516,-17.725,0.000000
1780.347412,-25.718,44.464348,0.003882,7.531,-19.522,-17.729,0.000000
1786.509521,-27.306,48.503647,0.004662,7.531,-19.528,-17.734,0.000000
1792.693726,-28.881,61.658295,0.005589,7.531,-19.535,-17.738,0.000000
1798.899292,-29.862,77.703514,0.006259,7.531,-19.541,-17.742,0.000000
1805.126465,-31.215,81.536072,0.007316,7.531,-19.547,-17.747,0.000000
1811.375122,-32.695,75.891510,0.008675,7.531,-19.554,-17.751,0.000000
1817.645386,-34.560,-56.393188,0.010756,7.531,-19.560,-17.756,0.000000
1823.937378,-35.132,-66.126183,0.011490,7.531,-19.567,-17.760,0.000000
1830.251099,-34.875,-74.069054,0.011157,7.531,-19.573,-17.765,0.000000
1836.586792,-34.065,-84.021652,0.010165,7.531,-19.580,-17.770,0.000000
1842.943481,-32.239,-93.480560,0.008239,7.531,-19.586,-17.774,0.000000
1849.323853,-30.475,-94.028755,0.006726,7.531,-19.593,-17.779,0.000000
1855.724609,-28.653,-94.194984,0.005454,7.531,-19.599,-17.783,0.000000
1862.149292,-27.536,-94.291649,0.004797,7.531,-19.606,-17.788,0.000000
1868.594482,-27.145,-93.454323,0.004586,7.531,-19.612,-17.793,0.000000
1875.062866,-27.172,-91.412109,0.004602,7.531,-19.619,-17.797,0.000000
1881.553589,-27.308,-90.202362,0.004675,7.531,-19.626,-17.802,0.000000
1888.066772,-27.573,-98.667671,0.004821,7.531,-19.632,-17.807,0.000000
1894.603516,-27.785,-114.013939,0.004940,7.531,-19.639,-17.811,0.000000
1901.161011,-28.462,-131.482239,0.005342,7.531,-19.646,-17.816,0.000000
1907.742065,-29.950,-135.678726,0.006341,7.531,-19.652,-17.821,0.000000
1914.345947,-31.795,-109.581047,0.007843,7.531,-19.659,-17.826,0.000000
1920.972656,-32.041,6.678348,0.008070,7.531,-19.666,-17.830,0.000000
1927.622314,-31.245,32.828411,0.007365,7.531,-19.673,-17.835,0.000000
1934.295044,-30.665,55.323997,0.006890,7.531,-19.680,-17.840,0.000000
1940.989868,-29.265,61.497662,0.005866,7.531,-19.686,-17.845,0.000000
1947.709717,-28.634,42.817944,0.005456,7.531,-19.693,-17.850,0.000000
1954.451050,-28.396,32.114613,0.005311,7.531,-19.700,-17.854,0.000000
1961.216675,-27.937,26.848961,0.005039,7.531,-19.707,-17.859,0.000000
1968.005615,-28.023,33.702969,0.005091,7.531,-19.714,-17.864,0.000000
1974.818115,-28.066,47.949253,0.005118,7.531,-19.721,-17.869,0.000000
1981.655151,-28.275,63.437019,0.005245,7.531,-19.728,-17.874,0.000000
1988.513916,-28.544,77.059212,0.005411,7.531,-19.735,-17.879,0.000000
1995.397339,-29.266,90.732933,0.005881,7.531,-19.742,-17.884,0.000000
2002.304688,-30.485,113.984436,0.006768,7.531,-19.747,-17.887,0.000000
2009.235840,-31.357,128.141235,0.007484,7.531,-19.747,-17.888,0.000000
2016.191040,-31.374,129.401459,0.007500,7.531,-19.748,-17.888,0.000000
2023.170288,-30.558,128.754196,0.006829,7.531,-19.748,-17.888,0.000000
2030.172852,-30.052,127.169258,0.006444,7.531,-19.748,-17.888,0.000000
2037.201416,-30.644,133.546555,0.006900,7.531,-19.749,-17.889,0.000000
2044.252441,-31.099,145.704285,0.007274,7.531,-19.749,-17.889,0.000000
2051.329834,-31.228,135.737457,0.007385,7.531,-19.750,-17.889,0.000000
2058.430908,-30.509,96.114319,0.006800,7.531,-19.750,-17.889,0.000000
2065.555420,-29.516,70.519920,0.006068,7.531,-19.750,-17.890,0.000000
2072.706543,-28.448,72.520874,0.005368,7.531,-19.751,-17.890,0.000000
2079.880371,-27.586,80.790771,0.004862,7.531,-19.751,-17.890,0.000000
2087.080078,-27.559,83.864746,0.004848,7.531,-19.751,-17.890,0.000000
2094.304932,-27.779,72.507957,0.004973,7.531,-19.752,-17.891,0.000000
2101.554443,-27.402,41.094471,0.004763,7.531,-19.752,-17.891,0.000000
2108.829346,-26.886,36.895218,0.004489,7.531,-19.753,-17.891,0.000000
2116.129150,-26.546,39.952274,0.004318,7.531,-19.753,-17.891,0.000000
2123.453369,-26.787,42.696022,0.004440,7.531,-19.753,-17.892,0.000000
2130.804932,-27.676,47.039066,0.004919,7.531,-19.754,-17.892,0.000000
2138.180176,-28.647,49.870377,0.005503,7.531,-19.754,-17.892,0.000000
2145.582520,-29.542,-67.706879,0.006102,7.531,-19.755,-17.893,0.000000
2153.009766,-29.149,-58.981194,0.005835,7.531,-19.755,-17.893,0.000000
2160.461670,-28.817,-32.144005,0.005618,7.531,-19.755,-17.893,0.000000
2167.941406,-28.236,-6.923830,0.005256,7.531,-19.756,-17.893,0.000000
2175.445068,-28.252,15.263535,0.005268,7.531,-19.756,-17.894,0.000000
2182.976562,-28.453,30.636614,0.005392,7.531,-19.757,-17.894,0.000000
2190.532227,-28.255,17.727352,0.005271,7.531,-19.757,-17.894,0.000000
2198.114990,-28.111,6.351202,0.005185,7.531,-19.757,-17.894,0.000000
2205.723877,-27.371,8.076988,0.004763,7.531,-19.758,-17.895,0.000000
2213.359375,-26.886,17.491951,0.004505,7.531,-19.758,-17.895,0.000000
2221.020020,-26.684,27.031256,0.004402,7.531,-19.759,-17.895,0.000000
2228.709473,-27.068,35.017574,0.004602,7.531,-19.759,-17.896,0.000000
2236.423340,-27.818,41.933975,0.005019,7.531,-19.759,-17.896,0.000000
2244.166016,-28.609,40.314690,0.005499,7.531,-19.760,-17.896,0.000000
2251.934570,-28.012,32.531658,0.005136,7.531,-19.760,-17.896,0.000000
2259.728760,-27.554,32.602531,0.004874,7.531,-19.761,-17.897,0.000000
2267.552002,-27.864,37.796726,0.005052,7.531,-19.761,-17.897,0.000000
2275.400391,-28.438,46.607121,0.005400,7.531,-19.762,-17.897,0.000000
2283.278076,-28.799,48.418598,0.005630,7.531,-19.762,-17.898,0.000000
2291.180908,-28.851,43.068333,0.005665,7.531,-19.762,-17.898,0.000000
2299.112061,-28.174,34.275387,0.005241,7.531,-19.763,-17.898,0.000000
2307.070557,-27.588,32.691082,0.004900,7.531,-19.763,-17.898,0.000000
2315.056885,-27.264,44.673653,0.004721,7.531,-19.764,-17.899,0.000000
2323.069580,-27.429,60.386215,0.004813,7.531,-19.764,-17.899,0.000000
2331.112305,-27.060,77.269524,0.004613,7.531,-19.765,-17.899,0.000000
2339.181641,-26.361,96.258728,0.004258,7.531,-19.765,-17.900,0.000000
2347.279053,-26.686,120.748688,0.004422,7.531,-19.765,-17.900,0.000000
2355.404297,-27.141,132.914948,0.004661,7.531,-19.766,-17.900,0.000000
2363.556885,-27.852,134.775543,0.005060,7.531,-19.766,-17.900,0.000000
2371.739746,-28.744,155.161530,0.005610,7.531,-19.767,-17.901,0.000000
2379.948486,-28.804,-166.927460,0.005651,7.531,-19.767,-17.901,0.000000
2388.188232,-28.439,-134.726456,0.005420,7.531,-19.768,-17.901,0.000000
2396.454102,-28.540,-109.088173,0.005484,7.531,-19.768,-17.902,0.000000
2404.749512,-29.790,-88.360191,0.006334,7.531,-19.768,-17.902,0.000000
2413.073975,-30.714,-69.795212,0.007046,7.531,-19.769,-17.902,0.000000
2421.427002,-30.540,-52.489414,0.006907,7.531,-19.769,-17.903,0.000000
2429.809082,-30.700,-54.071163,0.007037,7.531,-19.770,-17.903,0.000000
2438.220215,-30.568,-61.972115,0.006933,7.531,-19.770,-17.903,0.000000
2446.660400,-31.035,-60.725445,0.007317,7.531,-19.771,-17.903,0.000000
2455.129883,-32.216,-68.095131,0.008385,7.531,-19.771,-17.904,0.000000
2463.628418,-32.713,-82.244598,0.008883,7.531,-19.772,-17.904,0.000000
2472.155518,-31.966,-102.936523,0.008153,7.531,-19.772,-17.904,0.000000
2480.714355,-30.735,-102.888176,0.007078,7.531,-19.773,-17.905,0.000000
2489.300293,-29.876,-94.740425,0.006414,7.531,-19.773,-17.905,0.000000
2497.918701,-29.148,-88.005676,0.005900,7.531,-19.773,-17.905,0.000000
2506.564209,-28.890,-88.439499,0.005729,7.531,-19.774,-17.906,0.000000
2515.240967,-28.474,-92.400276,0.005462,7.531,-19.774,-17.906,0.000000
2523.947754,-28.326,-61.433609,0.005371,7.531,-19.775,-17.906,0.000000
2532.684814,-28.908,11.627645,0.005744,7.531,-19.775,-17.907,0.000000
2541.453125,-30.037,29.788063,0.006543,7.531,-19.776,-17.907,0.000000
2550.249512,-31.136,44.172112,0.007426,7.531,-19.776,-17.907,0.000000
2559.077393,-32.684,57.459194,0.008876,7.531,-19.777,-17.908,0.000000
2567.936035,-33.945,59.674011,0.010265,7.531,-19.777,-17.908,0.000000
2576.825195,-34.075,55.024231,0.010422,7.531,-19.778,-17.908,0.000000
2585.745117,-34.219,46.913731,0.010597,7.531,-19.778,-17.908,0.000000
2594.696045,-33.821,47.387863,0.010124,7.531,-19.779,-17.909,0.000000
2603.676514,-33.471,52.631287,0.009726,7.531,-19.779,-17.909,0.000000
2612.690918,-32.128,51.569412,0.008334,7.531,-19.780,-17.909,0.000000
2621.733643,-31.072,30.124302,0.007382,7.531,-19.780,-17.910,0.000000
2630.809082,-30.589,-26.794779,0.006985,7.531,-19.781,-17.910,0.000000
2639.916016,-30.418,-9.485204,0.006851,7.531,-19.781,-17.910,0.000000
2649.054443,-30.061,85.934944,0.006578,7.531,-19.782,-17.911,0.000000
2658.225586,-29.223,167.795197,0.005975,7.531,-19.782,-17.911,0.000000
2667.426025,-28.139,-159.413910,0.005276,7.531,-19.783,-17.911,0.000000
2676.659668,-28.053,-134.453735,0.005225,7.531,-19.783,-17.912,0.000000
2685.925293,-27.904,-124.377495,0.005138,7.531,-19.784,-17.912,0.000000
2695.222900,-28.083,-113.673454,0.005246,7.531,-19.784,-17.912,0.000000
2704.552734,-27.970,-113.538445,0.005179,7.531,-19.785,-17.913,0.000000
2713.914795,-27.884,-112.635284,0.005129,7.531,-19.785,-17.913,0.000000
2723.308105,-27.319,-110.484940,0.004807,7.531,-19.786,-17.913,0.000000
2732.736572,-25.787,-105.678032,0.004030,7.531,-19.786,-17.914,0.000000
2742.194824,-24.962,-109.972656,0.003665,7.531,-19.787,-17.914,0.000000
2751.688477,-24.149,-136.053040,0.003339,7.531,-19.787,-17.914,0.000000
2761.212646,-23.834,-151.439804,0.003221,7.531,-19.788,-17.915,0.000000
2770.770752,-23.433,-150.324310,0.003077,7.531,-19.788,-17.915,0.000000
2780.363525,-23.117,139.857224,0.002968,7.531,-19.789,-17.916,0.000000
2789.986816,-22.795,107.432274,0.002861,7.531,-19.789,-17.916,0.000000
2799.644531,-22.440,120.604500,0.002747,7.531,-19.790,-17.916,0.000000
2809.335938,-23.179,152.453186,0.002992,7.531,-19.790,-17.917,0.000000
2819.060791,-24.402,-161.162476,0.003445,7.531,-19.791,-17.917,0.000000
2828.819336,-26.195,-126.432648,0.004236,7.531,-19.791,-17.917,0.000000
2838.611572,-26.594,125.663383,0.004436,7.531,-19.792,-17.918,0.000000
2848.436279,-27.004,103.298615,0.004651,7.531,-19.792,-17.918,0.000000
2858.297852,-27.343,100.705101,0.004837,7.531,-19.793,-17.918,0.000000
2868.190918,-27.331,97.126907,0.004831,7.531,-19.793,-17.919,0.000000
2878.120850,-27.609,85.716507,0.004990,7.531,-19.794,-17.919,0.000000
2888.083740,-27.321,85.601357,0.004829,7.531,-19.794,-17.919,0.000000
2898.079834,-26.667,89.141930,0.004480,7.531,-19.795,-17.920,0.000000
2908.113281,-25.234,91.006180,0.003800,7.531,-19.795,-17.920,0.000000
2918.178711,-23.860,55.992249,0.003245,7.531,-19.796,-17.921,0.000000
2928.281738,-23.259,20.474638,0.003029,7.531,-19.797,-17.921,0.000000
2938.416748,-23.409,15.859796,0.003083,7.531,-19.797,-17.921,0.000000
2948.588379,-23.639,-38.639549,0.003167,7.531,-19.798,-17.922,0.000000
2958.795410,-23.645,-90.524323,0.003170,7.531,-19.798,-17.922,0.000000
2969.037598,-23.533,-67.801590,0.003131,7.531,-19.799,-17.922,0.000000
2979.313965,-24.051,-47.889065,0.003324,7.531,-19.799,-17.923,0.000000
2989.629883,-24.997,-46.758797,0.003708,7.531,-19.800,-17.923,0.000000
2999.974609,-26.553,-52.659847,0.004437,7.531,-19.800,-17.923,0.000000
3010.360840,-28.428,-51.122715,0.005508,7.531,-19.801,-17.924,0.000000
3020.782959,-29.082,-91.994743,0.005941,7.531,-19.801,-17.924,0.000000
3031.238281,-28.633,-95.643227,0.005643,7.531,-19.802,-17.925,0.000000
3041.732666,-28.364,-90.913094,0.005473,7.531,-19.803,-17.925,0.000000
3052.260498,-27.587,-84.836586,0.005006,7.531,-19.803,-17.925,0.000000
3062.827881,-26.101,-81.230652,0.004220,7.531,-19.804,-17.926,0.000000
3073.428711,-24.570,-37.295876,0.003540,7.531,-19.804,-17.926,0.000000
3084.066162,-24.465,-18.926376,0.003498,7.531,-19.805,-17.927,0.000000
3094.743652,-23.705,-76.074455,0.003206,7.531,-19.805,-17.927,0.000000
3105.457764,-23.139,-93.821693,0.003005,7.531,-19.806,-17.927,0.000000
3116.206299,-23.323,-70.817764,0.003071,7.531,-19.807,-17.928,0.000000
3126.991943,-23.153,16.066031,0.003012,7.531,-19.807,-17.928,0.000000
3137.817871,-23.802,103.306175,0.003247,7.531,-19.808,-17.928,0.000000
3148.681152,-25.315,121.726257,0.003866,7.531,-19.808,-17.929,0.000000
3159.579346,-26.815,125.952446,0.004596,7.531,-19.809,-17.929,0.000000
3170.515137,-27.008,136.671844,0.004701,7.531,-19.809,-17.930,0.000000
3181.491699,-26.697,135.965668,0.004538,7.531,-19.810,-17.930,0.000000
3192.503174,-26.979,134.388565,0.004689,7.531,-19.811,-17.930,0.000000
3203.555908,-26.054,123.363037,0.004216,7.530,-19.811,-17.931,0.000000
3214.644043,-25.826,112.617592,0.004109,7.530,-19.812,-17.931,0.000000
3225.773438,-24.966,98.631874,0.003723,7.530,-19.812,-17.932,0.000000
3236.938232,-24.231,87.603706,0.003422,7.530,-19.813,-17.932,0.000000
3248.141602,-24.091,88.995773,0.003368,7.530,-19.814,-17.932,0.000000
3259.386963,-24.417,95.955368,0.003498,7.530,-19.814,-17.933,0.000000
3270.671387,-24.401,95.186447,0.003493,7.530,-19.815,-17.933,0.000000
3281.991699,-24.038,78.601997,0.003351,7.530,-19.815,-17.934,0.000000
3293.351074,-23.330,75.766479,0.003090,7.530,-19.816,-17.934,0.000000
3304.752930,-22.958,68.180901,0.002962,7.530,-19.817,-17.935,0.000000
3316.194336,-23.496,63.209793,0.003152,7.530,-19.817,-17.935,0.000000
3327.672119,-24.204,94.488022,0.003420,7.530,-19.818,-17.935,0.000000
3339.189697,-24.563,-120.863953,0.003566,7.530,-19.819,-17.936,0.000000
3350.750244,-24.595,-81.810013,0.003580,7.530,-19.819,-17.936,0.000000
3362.347656,-24.934,-32.163548,0.003724,7.530,-19.820,-17.937,0.000000
3373.985107,-25.567,-29.203115,0.004007,7.530,-19.820,-17.937,0.000000
3385.666260,-26.736,-31.736279,0.004586,7.530,-19.821,-17.937,0.000000
3397.387695,-27.710,-18.265501,0.005132,7.530,-19.822,-17.938,0.000000
3409.146484,-27.462,-13.143633,0.004989,7.530,-19.822,-17.938,0.000000
3420.946045,-27.274,-14.384453,0.004884,7.530,-19.823,-17.939,0.000000
3432.789795,-27.116,-17.023668,0.004798,7.530,-19.824,-17.939,0.000000
3444.674316,-26.421,-38.612938,0.004431,7.530,-19.824,-17.940,0.000000
3456.596924,-26.756,-56.800266,0.004606,7.530,-19.825,-17.940,0.000000
3468.560547,-27.061,-36.815083,0.004772,7.530,-19.825,-17.940,0.000000
3480.569092,-27.875,50.506058,0.005241,7.530,-19.826,-17.941,0.000000
3492.615723,-28.384,114.178795,0.005558,7.530,-19.827,-17.941,0.000000
3504.707520,-29.841,148.314148,0.006574,7.530,-19.827,-17.942,0.000000
3516.837891,-29.824,-148.199356,0.006563,7.530,-19.828,-17.942,0.000000
3529.013428,-29.413,-112.729088,0.006261,7.530,-19.829,-17.943,0.000000
3541.228027,-29.590,-108.476692,0.006391,7.530,-19.829,-17.943,0.000000
3553.484619,-29.118,-132.157410,0.006054,7.530,-19.830,-17.944,0.000000
3565.787109,-27.908,-144.594101,0.005267,7.530,-19.831,-17.944,0.000000
3578.132080,-26.477,-139.909668,0.004468,7.530,-19.831,-17.944,0.000000
3590.516602,-25.663,-136.178711,0.004069,7.530,-19.832,-17.945,0.000000
3602.943848,-25.611,-136.633041,0.004045,7.530,-19.833,-17.945,0.000000
3615.417480,-25.678,-137.474045,0.004078,7.530,-19.833,-17.946,0.000000
3627.934570,-25.909,-144.647736,0.004188,7.530,-19.834,-17.946,0.000000
3640.491211,-26.404,-146.406937,0.004435,7.530,-19.835,-17.947,0.000000
3653.091553,-26.737,-115.835510,0.004609,7.530,-19.835,-17.947,0.000000
3665.739014,-27.134,-25.966492,0.004825,7.530,-19.836,-17.948,0.000000
3678.426514,-28.263,10.583225,0.005496,7.530,-19.837,-17.948,0.000000
3691.161621,-29.686,5.113503,0.006475,7.530,-19.837,-17.948,0.000000
3703.937256,-29.315,-15.457401,0.006206,7.530,-19.838,-17.949,0.000000
3716.760498,-28.474,-23.666271,0.005633,7.530,-19.839,-17.949,0.000000
3729.628418,-28.311,-21.944168,0.005528,7.530,-19.839,-17.950,0.000000
3742.533447,-27.841,-10.583101,0.005237,7.530,-19.840,-17.950,0.000000
3755.490479,-27.311,41.397541,0.004927,7.530,-19.841,-17.951,0.000000
3768.492432,-27.451,150.643127,0.005007,7.530,-19.842,-17.951,0.000000
3781.535645,-27.214,-148.153931,0.004872,7.530,-19.842,-17.952,0.000000
3794.624023,-26.640,-83.467560,0.004560,7.530,-19.843,-17.952,0.000000
3807.761475,-26.525,-13.091890,0.004500,7.530,-19.844,-17.953,0.000000
3820.940674,-26.444,105.329185,0.004457,7.530,-19.844,-17.953,0.000000
3834.169189,-26.107,162.431625,0.004287,7.530,-19.845,-17.954,0.000000
3847.439697,-25.679,-155.400269,0.004080,7.530,-19.846,-17.954,0.000000
3860.760010,-26.020,-122.849312,0.004243,7.530,-19.846,-17.955,0.000000
3874.126221,-26.089,-126.714066,0.004276,7.530,-19.847,-17.955,0.000000
3887.531494,-25.201,-168.894531,0.003860,7.530,-19.848,-17.956,0.000000
3900.990479,-24.703,-166.285202,0.003644,7.530,-19.849,-17.956,0.000000
3914.496094,-24.487,-150.542526,0.003554,7.530,-19.849,-17.957,0.000000
3928.048340,-24.354,-123.679131,0.003499,7.530,-19.850,-17.957,0.000000
3941.640137,-24.333,-49.641327,0.003490,7.530,-19.851,-17.958,0.000000
3955.286377,-25.086,17.944668,0.003805,7.530,-19.852,-17.958,0.000000
3968.979980,-24.822,76.689697,0.003691,7.530,-19.852,-17.959,0.000000
3982.717285,-24.432,-86.566383,0.003528,7.530,-19.853,-17.959,0.000000
3996.501953,-24.635,-42.514370,0.003611,7.530,-19.854,-17.960,0.000000
4010.338135,-24.915,-2.427873,0.003729,7.530,-19.854,-17.960,0.000000
4024.218506,-25.588,29.801252,0.004028,7.530,-19.854,-17.960,0.000000
4038.150879,-26.186,51.641235,0.004315,7.530,-19.854,-17.960,0.000000
4052.127441,-27.320,74.319489,0.004916,7.530,-19.854,-17.960,0.000000
4066.156250,-27.062,126.413803,0.004771,7.530,-19.854,-17.960,0.000000
4080.233643,-26.760,107.994278,0.004606,7.530,-19.854,-17.960,0.000000
4094.352051,-26.947,15.574811,0.004705,7.530,-19.854,-17.960,0.000000
4108.526855,-27.789,15.489229,0.005182,7.530,-19.854,-17.960,0.000000
4122.750977,-27.935,-95.877640,0.005268,7.530,-19.854,-17.960,0.000000
4137.020508,-28.319,-90.904533,0.005504,7.530,-19.854,-17.960,0.000000
4151.339355,-27.845,-95.950783,0.005210,7.530,-19.854,-17.960,0.000000
4165.711914,-27.093,-111.412811,0.004776,7.530,-19.854,-17.960,0.000000
4180.133789,-27.791,-89.657349,0.005174,7.530,-19.854,-17.960,0.000000
4194.601562,-28.307,-52.628277,0.005489,7.530,-19.854,-17.960,0.000000
4209.120117,-28.735,-10.559233,0.005764,7.530,-19.854,-17.960,0.000000
4223.692383,-28.006,16.110010,0.005299,7.530,-19.855,-17.960,0.000000
4238.314941,-27.985,50.415894,0.005284,7.530,-19.855,-17.960,0.000000
4252.980469,-27.792,73.419029,0.005166,7.530,-19.855,-17.960,0.000000
4267.704590,-27.191,39.521492,0.004818,7.530,-19.855,-17.960,0.000000
4282.479980,-26.652,4.992187,0.004526,7.530,-19.855,-17.960,0.000000
4297.306152,-26.521,15.867673,0.004456,7.530,-19.855,-17.960,0.000000
4312.175781,-26.067,12.617050,0.004227,7.530,-19.855,-17.960,0.000000
4327.104980,-25.511,-19.593384,0.003963,7.530,-19.855,-17.960,0.000000
4342.085449,-25.610,-17.880856,0.004006,7.530,-19.855,-17.960,0.000000
4357.114258,-25.750,-49.506874,0.004069,7.530,-19.855,-17.960,0.000000
4372.194824,-25.701,-48.831802,0.004044,7.530,-19.855,-17.960,0.000000
4387.331543,-26.406,-34.046173,0.004384,7.530,-19.855,-17.960,0.000000
4402.520996,-27.476,-50.409081,0.004956,7.530,-19.855,-17.960,0.000000
4417.758789,-27.969,-83.026917,0.005242,7.530,-19.855,-17.960,0.000000
4433.049316,-27.636,-58.549442,0.005042,7.530,-19.855,-17.960,0.000000
4448.396973,-27.663,-34.510914,0.005056,7.530,-19.855,-17.960,0.000000
4463.797852,-26.999,-25.022726,0.004681,7.530,-19.855,-17.960,0.000000
4479.243164,-26.149,9.171831,0.004242,7.530,-19.855,-17.961,0.000000
4494.750977,-26.450,83.482620,0.004390,7.530,-19.855,-17.961,0.000000
4510.312012,-26.678,133.507004,0.004504,7.530,-19.855,-17.961,0.000000
4525.922852,-26.943,120.848099,0.004641,7.530,-19.855,-17.961,0.000000
4541.587891,-27.283,85.399139,0.004824,7.530,-19.855,-17.961,0.000000
4557.311035,-27.805,93.525551,0.005120,7.530,-19.855,-17.961,0.000000
4573.088867,-28.137,112.014732,0.005317,7.530,-19.855,-17.961,0.000000
4588.916992,-29.427,130.599197,0.006166,7.530,-19.855,-17.961,0.000000
4604.799805,-31.252,143.959412,0.007603,7.530,-19.855,-17.961,0.000000
4620.742188,-32.073,158.743195,0.008353,7.530,-19.856,-17.961,0.000000
4636.739746,-32.157,121.476814,0.008429,7.530,-19.856,-17.961,0.000000
4652.788086,-32.047,107.504135,0.008319,7.530,-19.856,-17.961,0.000000
4668.892090,-31.911,119.114769,0.008185,7.530,-19.856,-17.961,0.000000
4685.056152,-32.237,123.355377,0.008496,7.530,-19.856,-17.961,0.000000
4701.276367,-33.071,100.217972,0.009349,7.530,-19.856,-17.961,0.000000
4717.543457,-32.942,-2.906763,0.009207,7.530,-19.856,-17.961,0.000000
4733.875977,-30.701,-7.573585,0.007111,7.530,-19.856,-17.961,0.000000
4750.265137,-28.458,27.158554,0.005491,7.530,-19.856,-17.961,0.000000
4766.706543,-26.728,35.332729,0.004498,7.530,-19.856,-17.961,0.000000
4783.209473,-25.497,47.794949,0.003902,7.530,-19.856,-17.961,0.000000
4799.764648,-24.897,-24.287464,0.003640,7.530,-19.856,-17.961,0.000000
4816.381836,-24.120,-12.703887,0.003326,7.531,-19.856,-17.961,0.000000
4833.052246,-23.905,5.980138,0.003244,7.531,-19.856,-17.961,0.000000
4849.779785,-23.908,26.794130,0.003243,7.531,-19.856,-17.961,0.000000
4866.570312,-24.655,46.511971,0.003532,7.531,-19.856,-17.961,0.000000
4883.418945,-25.292,28.499939,0.003799,7.531,-19.856,-17.961,0.000000
4900.316406,-26.193,17.574179,0.004213,7.531,-19.856,-17.961,0.000000
4917.281738,-27.717,12.021141,0.005019,7.531,-19.856,-17.961,0.000000
4934.305664,-28.447,16.225771,0.005457,7.531,-19.856,-17.961,0.000000
4951.388672,-28.707,37.677643,0.005621,7.531,-19.856,-17.961,0.000000
4968.521484,-29.269,67.107193,0.005995,7.531,-19.856,-17.961,0.000000
4985.723145,-29.161,2.741340,0.005919,7.531,-19.856,-17.961,0.000000
5002.984375,-28.965,5.597148,0.005784,7.531,-19.857,-17.961,0.000000
5020.300293,-29.131,34.135231,0.005894,7.531,-19.857,-17.961,0.000000
5037.681152,-29.294,52.414135,0.006004,7.531,-19.857,-17.961,0.000000
5055.117188,-29.140,54.563469,0.005896,7.531,-19.857,-17.962,0.000000
5072.618164,-29.132,50.053226,0.005889,7.531,-19.857,-17.962,0.000000
5090.175293,-29.281,39.229244,0.005988,7.531,-19.857,-17.962,0.000000
5107.792969,-29.767,7.531852,0.006331,7.531,-19.857,-17.962,0.000000
5125.477051,-29.106,-23.243670,0.005865,7.531,-19.857,-17.962,0.000000
5143.221680,-28.189,-83.265175,0.005275,7.531,-19.857,-17.962,0.000000
5161.018066,-28.406,-98.740555,0.005407,7.531,-19.857,-17.962,0.000000
5178.886230,-28.921,-94.954811,0.005736,7.531,-19.857,-17.962,0.000000
5196.815918,-29.185,-57.744530,0.005910,7.531,-19.857,-17.962,0.000000
5214.802734,-29.665,10.101551,0.006244,7.531,-19.857,-17.962,0.000000
5232.856934,-30.325,154.299423,0.006735,7.531,-19.857,-17.962,0.000000
5250.968750,-30.095,-130.720520,0.006558,7.531,-19.857,-17.962,0.000000
5269.147949,-30.405,-135.489563,0.006796,7.531,-19.857,-17.962,0.000000
5287.385254,-30.230,-156.312119,0.006661,7.531,-19.857,-17.962,0.000000
5305.685547,-30.439,166.593124,0.006823,7.531,-19.857,-17.962,0.000000
5324.054199,-29.619,153.867294,0.006209,7.531,-19.857,-17.962,0.000000
5342.486816,-29.450,-174.643463,0.006089,7.531,-19.857,-17.962,0.000000
5360.978027,-29.493,-149.515335,0.006119,7.531,-19.857,-17.962,0.000000
5379.532715,-28.769,-157.764374,0.005628,7.531,-19.857,-17.962,0.000000
5398.157227,-27.849,-162.656952,0.005062,7.531,-19.858,-17.962,0.000000
5416.846191,-27.628,-153.046234,0.004934,7.531,-19.858,-17.962,0.000000
5435.594727,-28.449,-151.206558,0.005422,7.531,-19.858,-17.962,0.000000
5454.408203,-28.660,161.420181,0.005554,7.531,-19.858,-17.962,0.000000
5473.291992,-29.181,-171.272507,0.005897,7.531,-19.858,-17.962,0.000000
5492.235352,-29.310,-143.657211,0.005985,7.531,-19.858,-17.962,0.000000
5511.250000,-28.798,-123.346077,0.005644,7.531,-19.858,-17.962,0.000000
5530.325195,-29.079,-79.368759,0.005830,7.531,-19.858,-17.962,0.000000
5549.472168,-30.180,-9.133824,0.006619,7.531,-19.858,-17.962,0.000000
5568.679199,-30.863,53.445549,0.007161,7.531,-19.858,-17.962,0.000000
5587.953613,-31.228,100.699768,0.007470,7.531,-19.858,-17.962,0.000000
5607.299316,-31.336,110.861481,0.007565,7.531,-19.858,-17.962,0.000000
5626.712402,-32.022,91.001434,0.008187,7.531,-19.858,-17.963,0.000000
5646.181641,-32.282,103.206451,0.008436,7.531,-19.858,-17.963,0.000000
5665.729492,-33.468,116.813034,0.009670,7.531,-19.858,-17.963,0.000000
5685.344727,-32.957,115.500687,0.009117,7.531,-19.858,-17.963,0.000000
5705.027832,-32.302,136.410873,0.008455,7.531,-19.858,-17.963,0.000000
5724.773926,-31.962,147.916931,0.008130,7.531,-19.858,-17.963,0.000000
5744.587891,-32.049,121.168953,0.008213,7.531,-19.858,-17.963,0.000000
5764.476562,-32.188,86.953804,0.008346,7.531,-19.858,-17.963,0.000000
5784.428223,-32.109,-125.907349,0.008272,7.531,-19.859,-17.963,0.000000
5804.448730,-31.528,-121.541382,0.007738,7.531,-19.859,-17.963,0.000000
5824.544434,-31.397,-98.358269,0.007624,7.531,-19.859,-17.963,0.000000
5844.709473,-30.734,143.838821,0.007065,7.531,-19.859,-17.963,0.000000
5864.938965,-30.599,-177.964233,0.006957,7.531,-19.859,-17.963,0.000000
5885.238281,-31.576,144.238434,0.007786,7.531,-19.859,-17.963,0.000000
5905.613281,-31.659,169.631500,0.007861,7.531,-19.859,-17.963,0.000000
5926.059082,-31.423,178.251343,0.007651,7.531,-19.859,-17.963,0.000000
5946.570312,-31.122,170.826599,0.007390,7.531,-19.859,-17.963,0.000000
5967.151855,-31.469,147.971497,0.007691,7.531,-19.859,-17.963,0.000000
5987.811035,-30.199,143.805420,0.006645,7.531,-19.859,-17.963,0.000000
6008.535645,-30.815,-176.378738,0.007133,7.531,-19.859,-17.963,0.000000
6029.337402,-31.463,-165.424713,0.007685,7.531,-19.859,-17.963,0.000000
6050.206055,-30.587,-30.174189,0.006948,7.531,-19.859,-17.963,0.000000
6071.152344,-29.817,-17.263578,0.006359,7.531,-19.859,-17.963,0.000000
6092.165527,-29.450,-22.550457,0.006096,7.531,-19.859,-17.963,0.000000
6113.251465,-29.466,-49.586628,0.006107,7.531,-19.859,-17.963,0.000000
6134.416016,-29.231,-66.169609,0.005944,7.531,-19.859,-17.963,0.000000
6155.653809,-29.286,-54.326656,0.005982,7.531,-19.860,-17.963,0.000000
6176.959473,-28.484,-44.270081,0.005453,7.531,-19.860,-17.963,0.000000
6198.338867,-28.075,-48.791771,0.005201,7.531,-19.860,-17.964,0.000000
6219.797852,-28.385,-62.104382,0.005390,7.531,-19.860,-17.964,0.000000
6241.331543,-27.885,-55.461105,0.005088,7.531,-19.860,-17.964,0.000000
6262.933594,-27.237,5.594018,0.004721,7.531,-19.860,-17.964,0.000000
6284.610352,-26.444,20.906954,0.004308,7.531,-19.860,-17.964,0.000000
6306.368652,-25.970,31.561653,0.004079,7.531,-19.860,-17.964,0.000000
6328.195801,-26.395,58.678761,0.004282,7.531,-19.860,-17.964,0.000000
6350.104492,-27.071,-21.362568,0.004628,7.531,-19.860,-17.964,0.000000
6372.083008,-27.695,-21.572161,0.004972,7.531,-19.860,-17.964,0.000000
6394.143555,-27.160,-9.381279,0.004674,7.531,-19.860,-17.964,0.000000
6416.274902,-27.951,-3.124733,0.005119,7.531,-19.860,-17.964,0.000000
6438.482422,-28.495,-11.053688,0.005449,7.531,-19.860,-17.964,0.000000
6460.772949,-28.807,-0.369212,0.005647,7.531,-19.860,-17.964,0.000000
6483.140625,-29.087,-2.028167,0.005830,7.531,-19.860,-17.964,0.000000
6505.580078,-29.449,-14.099277,0.006076,7.531,-19.860,-17.964,0.000000
6528.096680,-29.729,26.315275,0.006272,7.531,-19.860,-17.964,0.000000
6550.697266,-30.184,77.820633,0.006607,7.531,-19.861,-17.964,0.000000
6573.370605,-30.252,137.362442,0.006658,7.531,-19.861,-17.964,0.000000
6596.127930,-30.132,174.876328,0.006564,7.531,-19.861,-17.964,0.000000
6618.958008,-30.570,152.226517,0.006901,7.531,-19.861,-17.964,0.000000
6641.873535,-31.329,157.440796,0.007528,7.531,-19.861,-17.964,0.000000
6664.861816,-32.511,133.883240,0.008623,7.531,-19.861,-17.964,0.000000
6687.930176,-32.983,111.297050,0.009101,7.531,-19.861,-17.964,0.000000
6711.084473,-32.170,91.979965,0.008285,7.531,-19.861,-17.964,0.000000
6734.318848,-31.214,106.587219,0.007419,7.531,-19.861,-17.964,0.000000
6757.633301,-30.780,103.686371,0.007055,7.531,-19.861,-17.964,0.000000
6781.016113,-30.912,78.433823,0.007161,7.531,-19.861,-17.965,0.000000
6804.492676,-30.996,121.895729,0.007228,7.531,-19.861,-17.965,0.000000
6828.050293,-30.148,171.906662,0.006553,7.531,-19.861,-17.965,0.000000
6851.683105,-29.560,-142.133331,0.006122,7.531,-19.861,-17.965,0.000000
6875.397949,-28.975,-137.976318,0.005721,7.531,-19.861,-17.965,0.000000
6899.201172,-29.307,-155.276520,0.005942,7.531,-19.861,-17.965,0.000000
6923.080078,-29.513,-154.706970,0.006082,7.531,-19.861,-17.965,0.000000
6947.048828,-30.580,-151.624664,0.006873,7.531,-19.862,-17.965,0.000000
6971.093262,-30.645,166.505249,0.006921,7.531,-19.862,-17.965,0.000000
6995.228027,-30.249,160.497375,0.006610,7.531,-19.862,-17.965,0.000000
7019.446289,-30.300,136.877960,0.006645,7.531,-19.862,-17.965,0.000000
7043.734863,-30.118,146.311401,0.006504,7.531,-19.862,-17.965,0.000000
7068.120605,-30.657,154.070068,0.006917,7.531,-19.862,-17.965,0.000000
7092.591309,-30.805,149.218079,0.007032,7.531,-19.862,-17.965,0.000000
7117.139648,-31.066,164.735840,0.007243,7.531,-19.862,-17.965,0.000000
7141.772949,-30.781,161.108749,0.007006,7.531,-19.862,-17.965,0.000000
7166.498535,-30.544,163.112350,0.006813,7.531,-19.862,-17.965,0.000000
7191.309570,-30.681,115.479500,0.006918,7.531,-19.862,-17.965,0.000000
7216.199707,-31.374,174.562683,0.007489,7.531,-19.862,-17.965,0.000000
7241.176270,-32.565,129.677689,0.008585,7.531,-19.862,-17.965,0.000000
7266.245605,-32.358,170.606705,0.008378,7.531,-19.862,-17.965,0.000000
7291.402344,-32.433,-51.274967,0.008447,7.531,-19.862,-17.965,0.000000
7316.631836,-31.543,-7.648499,0.007620,7.531,-19.863,-17.965,0.000000
7341.962402,-30.862,16.096563,0.007042,7.531,-19.863,-17.965,0.000000
7367.381348,-30.813,72.330521,0.006999,7.531,-19.863,-17.966,0.000000
7392.887695,-31.314,96.174522,0.007410,7.531,-19.863,-17.966,0.000000
7418.468262,-31.405,78.090042,0.007484,7.531,-19.863,-17.966,0.000000
7444.151855,-31.653,82.902153,0.007698,7.531,-19.863,-17.966,0.000000
7469.924316,-31.776,14.777746,0.007804,7.531,-19.863,-17.966,0.000000
7495.778809,-32.035,19.948906,0.008036,7.531,-19.863,-17.966,0.000000
7521.722656,-32.719,31.855446,0.008689,7.531,-19.863,-17.966,0.000000
7547.763672,-33.822,22.956429,0.009861,7.531,-19.863,-17.966,0.000000
7573.887207,-34.406,22.307560,0.010540,7.531,-19.863,-17.966,0.000000
7600.108887,-34.016,42.711216,0.010072,7.531,-19.863,-17.966,0.000000
7626.414062,-32.281,-140.285690,0.008242,7.531,-19.863,-17.966,0.000000
7652.817383,-30.771,-30.351612,0.006923,7.531,-19.863,-17.966,0.000000
7679.312012,-29.256,74.220924,0.005810,7.531,-19.863,-17.966,0.000000
7705.883789,-29.245,128.156982,0.005799,7.531,-19.864,-17.966,0.000000
7732.562500,-29.177,134.150482,0.005750,7.531,-19.864,-17.966,0.000000
7759.333008,-28.902,96.407166,0.005567,7.531,-19.864,-17.966,0.000000
7786.189453,-28.200,43.055336,0.005132,7.531,-19.864,-17.966,0.000000
7813.138672,-27.950,33.292759,0.004984,7.531,-19.864,-17.966,0.000000
7840.188477,-28.293,22.150867,0.005182,7.531,-19.864,-17.966,0.000000
7867.331543,-29.174,58.692333,0.005732,7.531,-19.864,-17.966,0.000000
7894.561523,-30.287,44.893410,0.006513,7.531,-19.864,-17.966,0.000000
7921.885742,-31.176,19.202499,0.007210,7.531,-19.864,-17.967,0.000000
7949.312012,-31.300,29.028505,0.007310,7.531,-19.864,-17.967,0.000000
7976.833496,-31.546,44.930882,0.007515,7.531,-19.864,-17.967,0.000000
8004.442383,-32.380,-151.243454,0.008266,7.531,-19.864,-17.967,0.000000
8032.146973,-32.834,-78.861259,0.008704,7.531,-19.864,-17.967,0.000000
8059.955078,-33.335,-109.121429,0.009214,7.531,-19.864,-17.967,0.000000
8087.859375,-34.276,-86.795303,0.010261,7.531,-19.864,-17.967,0.000000
8115.844727,-33.321,-88.896957,0.009187,7.531,-19.864,-17.967,0.000000
8143.942383,-32.025,-119.263870,0.007907,7.531,-19.864,-17.967,0.000000
8172.137695,-30.697,-113.631180,0.006780,7.531,-19.864,-17.967,0.000000
8200.422852,-30.238,-48.019970,0.006425,7.531,-19.864,-17.967,0.000000
8228.805664,-30.192,6.157165,0.006386,7.531,-19.864,-17.967,0.000000
8257.293945,-30.465,26.806427,0.006584,7.531,-19.865,-17.967,0.000000
8285.881836,-30.455,25.375069,0.006571,7.531,-19.865,-17.967,0.000000
8314.560547,-30.001,19.834167,0.006231,7.531,-19.865,-17.967,0.000000
8343.337891,-30.147,52.510410,0.006330,7.531,-19.865,-17.967,0.000000
8372.223633,-30.572,-59.038986,0.006640,7.531,-19.865,-17.967,0.000000
8401.208984,-31.617,-40.566734,0.007482,7.531,-19.865,-17.967,0.000000
8430.278320,-32.565,-116.090210,0.008336,7.531,-19.865,-17.967,0.000000
8459.464844,-32.338,-104.396782,0.008113,7.531,-19.865,-17.967,0.000000
8488.752930,-31.547,-93.098930,0.007399,7.531,-19.865,-17.967,0.000000
8518.141602,-30.970,-95.994217,0.006916,7.531,-19.865,-17.967,0.000000
8547.616211,-30.058,-81.153664,0.006218,7.531,-19.865,-17.967,0.000000
8577.208008,-30.383,-89.838005,0.006446,7.531,-19.865,-17.967,0.000000
8606.903320,-30.817,-86.074989,0.006767,7.531,-19.865,-17.967,0.000000
8636.693359,-30.501,-74.954445,0.006516,7.531,-19.865,-17.967,0.000000
8666.594727,-29.814,-24.239216,0.006012,7.531,-19.865,-17.967,0.000000
8696.590820,-29.913,-4.668753,0.006072,7.531,-19.865,-17.967,0.000000
8726.699219,-29.524,-24.073051,0.005798,7.531,-19.865,-17.967,0.000000
8756.903320,-29.826,-20.521976,0.005994,7.531,-19.865,-17.967,0.000000
8787.211914,-31.039,7.467496,0.006882,7.531,-19.865,-17.967,0.000000
8817.634766,-30.917,-10.046462,0.006775,7.531,-19.865,-17.967,0.000000
8848.162109,-30.838,14.027658,0.006704,7.531,-19.865,-17.967,0.000000
8878.778320,-30.996,18.673761,0.006816,7.531,-19.865,-17.967,0.000000
8909.517578,-31.881,16.282423,0.007535,7.531,-19.865,-17.967,0.000000
8940.363281,-31.802,24.066519,0.007454,7.531,-19.865,-17.967,0.000000
8971.306641,-32.566,58.541870,0.008125,7.531,-19.865,-17.967,0.000000
9002.366211,-32.481,72.785065,0.008032,7.531,-19.865,-17.967,0.000000
9033.524414,-31.425,91.095718,0.007101,7.531,-19.865,-17.967,0.000000
9064.799805,-31.206,116.772202,0.006912,7.531,-19.865,-17.967,0.000000
9096.173828,-31.039,-140.608948,0.006769,7.531,-19.865,-17.967,0.000000
9127.657227,-31.182,-134.068710,0.006868,7.531,-19.865,-17.967,0.000000
9159.257812,-30.703,-166.238434,0.006485,7.531,-19.865,-17.967,0.000000
9190.967773,-30.579,-140.594238,0.006379,7.531,-19.865,-17.967,0.000000
9222.770508,-30.855,-119.903214,0.006570,7.531,-19.865,-17.967,0.000000
9254.701172,-30.814,-110.432800,0.006524,7.531,-19.865,-17.967,0.000000
9286.741211,-30.797,-78.462440,0.006497,7.531,-19.865,-17.968,0.000000
9318.892578,-31.092,-86.831169,0.006706,7.531,-19.865,-17.968,0.000000
9351.137695,-30.702,-59.889332,0.006397,7.531,-19.865,-17.968,0.000000
9383.512695,-30.968,-66.642204,0.006580,7.531,-19.865,-17.968,0.000000
9415.999023,-31.395,-119.988953,0.006896,7.531,-19.866,-17.968,0.000000
9448.588867,-32.370,-59.490406,0.007696,7.531,-19.866,-17.968,0.000000
9481.300781,-31.258,-16.057850,0.006755,7.531,-19.866,-17.968,0.000000
9514.117188,-30.466,-2.615101,0.006151,7.531,-19.866,-17.968,0.000000
9547.055664,-30.104,12.956139,0.005886,7.531,-19.866,-17.968,0.000000
9580.099609,-30.081,-51.697281,0.005855,7.531,-19.866,-17.968,0.000000
9613.257812,-30.265,8.653360,0.005965,7.531,-19.866,-17.968,0.000000
9646.540039,-29.823,13.086873,0.005655,7.531,-19.866,-17.968,0.000000
9679.936523,-29.460,6.674613,0.005409,7.531,-19.866,-17.968,0.000000
9713.431641,-28.934,-155.913010,0.005078,7.531,-19.866,-17.968,0.000000
9747.060547,-29.606,-154.321564,0.005472,7.531,-19.866,-17.968,0.000000
9780.805664,-30.160,-84.712646,0.005817,7.531,-19.866,-17.968,0.000000
9814.658203,-31.526,-160.956940,0.006789,7.531,-19.866,-17.968,0.000000
9848.637695,-31.777,124.005630,0.006970,7.531,-19.866,-17.968,0.000000
9882.724609,-32.386,130.824799,0.007455,7.531,-19.866,-17.968,0.000000
9916.939453,-33.051,166.825729,0.008026,7.531,-19.866,-17.968,0.000000
9951.263672,-34.000,145.574005,0.008928,7.531,-19.866,-17.968,0.000000
9985.706055,-34.153,31.832850,0.009062,7.531,-19.866,-17.968,0.000000
10020.278320,-33.746,60.496841,0.008623,7.531,-19.866,-17.968,0.000000
10054.968750,-33.448,70.737289,0.008307,7.531,-19.866,-17.968,0.000000
10089.770508,-33.249,106.945457,0.008096,7.531,-19.866,-17.968,0.000000
10124.692383,-33.372,176.132385,0.008187,7.531,-19.866,-17.968,0.000000
10159.745117,-32.923,41.376869,0.007751,7.531,-19.866,-17.968,0.000000
10194.918945,-33.383,41.261269,0.008149,7.531,-19.866,-17.968,0.000000
10230.205078,-33.653,39.111748,0.008382,7.531,-19.866,-17.968,0.000000
10265.613281,-33.779,67.762718,0.008481,7.531,-19.866,-17.968,0.000000
10301.154297,-33.233,98.787727,0.007942,7.531,-19.866,-17.968,0.000000
10336.807617,-32.876,91.737404,0.007602,7.531,-19.866,-17.968,0.000000
10372.594727,-32.552,104.473068,0.007303,7.531,-19.866,-17.968,0.000000
10408.496094,-31.712,56.973526,0.006612,7.531,-19.866,-17.968,0.000000
10444.531250,-31.530,93.756508,0.006457,7.531,-19.866,-17.968,0.000000
10480.680664,-31.051,-34.258102,0.006093,7.531,-19.866,-17.968,0.000000
10516.956055,-30.737,-29.168322,0.005861,7.531,-19.866,-17.968,0.000000
10553.367188,-30.341,-96.068527,0.005584,7.531,-19.866,-17.968,0.000000
10589.903320,-30.318,-107.368393,0.005555,7.531,-19.867,-17.968,0.000000
10626.546875,-31.205,118.920326,0.006134,7.531,-19.867,-17.968,0.000000
10663.336914,-31.166,-167.358063,0.006090,7.531,-19.867,-17.968,0.000000
10700.253906,-31.728,169.590195,0.006479,7.531,-19.867,-17.968,0.000000
10737.299805,-32.117,-167.299957,0.006757,7.531,-19.867,-17.968,0.000000
10774.462891,-31.885,163.246628,0.006562,7.531,-19.867,-17.969,0.000000
10811.754883,-31.439,-170.393021,0.006216,7.531,-19.867,-17.969,0.000000
10849.185547,-31.415,159.548584,0.006182,7.531,-19.867,-17.969,0.000000
10886.736328,-31.514,159.831528,0.006235,7.531,-19.867,-17.969,0.000000
10924.427734,-31.603,-144.309677,0.006282,7.531,-19.867,-17.969,0.000000
10962.238281,-32.093,-111.426147,0.006628,7.531,-19.867,-17.969,0.000000
11000.190430,-31.673,-125.451363,0.006299,7.531,-19.867,-17.969,0.000000
11038.263672,-31.323,-24.875565,0.006034,7.531,-19.867,-17.969,0.000000
11076.468750,-30.657,-105.073730,0.005575,7.531,-19.867,-17.969,0.000000
11114.816406,-30.151,-39.838676,0.005246,7.531,-19.867,-17.969,0.000000
11153.296875,-30.295,-131.535202,0.005320,7.531,-19.867,-17.969,0.000000
11191.900391,-30.403,-129.358459,0.005372,7.531,-19.867,-17.969,0.000000
11230.636719,-30.619,-134.263840,0.005493,7.531,-19.867,-17.969,0.000000
11269.518555,-30.546,-154.871155,0.005434,7.531,-19.867,-17.969,0.000000
11308.523438,-31.126,-145.530182,0.005795,7.531,-19.867,-17.969,0.000000
11347.674805,-31.181,-137.774490,0.005818,7.531,-19.867,-17.969,0.000000
11386.951172,-32.178,-130.985397,0.006510,7.531,-19.867,-17.969,0.000000
11426.373047,-34.301,174.075134,0.008293,7.531,-19.867,-17.969,0.000000
11465.921875,-33.947,178.697479,0.007943,7.531,-19.867,-17.969,0.000000
11505.606445,-32.960,-114.646782,0.007072,7.531,-19.867,-17.969,0.000000
11545.440430,-32.804,-169.799515,0.006929,7.531,-19.867,-17.969,0.000000
11585.412109,-32.714,-54.446789,0.006842,7.531,-19.867,-17.969,0.000000
11625.521484,-32.943,-41.012463,0.007008,7.531,-19.867,-17.969,0.000000
11665.748047,-32.601,-37.929649,0.006721,7.531,-19.867,-17.969,0.000000
11706.135742,-32.533,-38.983181,0.006652,7.531,-19.867,-17.969,0.000000
11746.664062,-32.044,-33.534023,0.006273,7.531,-19.868,-17.969,0.000000
11787.320312,-31.684,-68.381096,0.006003,7.531,-19.868,-17.969,0.000000
11828.118164,-32.911,-36.600422,0.006897,7.531,-19.868,-17.969,0.000000
11869.068359,-33.353,-32.620220,0.007238,7.531,-19.868,-17.969,0.000000
11910.148438,-33.256,-10.280619,0.007139,7.531,-19.868,-17.969,0.000000
11951.382812,-32.474,9.678836,0.006508,7.531,-19.868,-17.969,0.000000
11992.748047,-33.082,44.787510,0.006961,7.531,-19.868,-17.969,0.000000
12034.268555,-33.372,36.275391,0.007178,7.531,-19.868,-17.969,0.000000
12075.931641,-33.439,14.521381,0.007216,7.531,-19.868,-17.969,0.000000
12117.716797,-34.684,41.520332,0.008306,7.531,-19.868,-17.969,0.000000
12159.669922,-34.826,62.637848,0.008422,7.531,-19.868,-17.969,0.000000
12201.767578,-33.486,87.626953,0.007199,7.531,-19.868,-17.969,0.000000
12243.999023,-33.111,99.953346,0.006877,7.531,-19.868,-17.969,0.000000
12286.377930,-33.453,163.916992,0.007134,7.531,-19.868,-17.970,0.000000
12328.914062,-33.377,164.099625,0.007054,7.531,-19.868,-17.970,0.000000
12371.597656,-33.354,150.263412,0.007016,7.531,-19.868,-17.970,0.000000
12414.417969,-33.483,131.566696,0.007101,7.531,-19.868,-17.970,0.000000
12457.385742,-33.871,134.473389,0.007406,7.531,-19.868,-17.970,0.000000
12500.514648,-33.631,114.946213,0.007184,7.531,-19.868,-17.970,0.000000
12543.780273,-33.491,91.566757,0.007049,7.531,-19.868,-17.970,0.000000
12587.196289,-32.436,58.101501,0.006226,7.531,-19.868,-17.970,0.000000
12630.774414,-31.795,61.121025,0.005765,7.531,-19.868,-17.970,0.000000
12674.502930,-31.862,57.086895,0.005792,7.531,-19.868,-17.970,0.000000
12718.383789,-31.409,20.185318,0.005481,7.531,-19.868,-17.970,0.000000
12762.391602,-31.503,-6.738992,0.005524,7.531,-19.868,-17.970,0.000000
12806.576172,-31.408,-61.881115,0.005446,7.531,-19.868,-17.970,0.000000
12850.914062,-30.947,-55.993877,0.005149,7.531,-19.868,-17.970,0.000000
12895.392578,-30.810,-92.956726,0.005052,7.531,-19.869,-17.970,0.000000
12940.025391,-32.025,-78.313683,0.005791,7.531,-19.869,-17.970,0.000000
12984.825195,-32.881,-107.650536,0.006369,7.531,-19.869,-17.970,0.000000
13029.767578,-33.269,-110.273506,0.006637,7.531,-19.869,-17.970,0.000000
13074.876953,-33.979,-99.688652,0.007177,7.531,-19.869,-17.970,0.000000
13120.131836,-34.168,-106.829987,0.007310,7.531,-19.869,-17.970,0.000000
13165.554688,-34.195,-89.450172,0.007308,7.531,-19.869,-17.970,0.000000
13211.134766,-34.098,-66.819405,0.007201,7.531,-19.869,-17.970,0.000000
13256.847656,-35.149,-78.687843,0.008097,7.531,-19.869,-17.970,0.000000
13302.744141,-36.075,-97.509438,0.008973,7.531,-19.869,-17.970,0.000000
13348.799805,-36.012,-98.027657,0.008875,7.531,-19.869,-17.970,0.000000
13395.001953,-35.991,-114.475891,0.008820,7.531,-19.869,-17.970,0.000000
13441.363281,-35.669,165.083710,0.008467,7.531,-19.869,-17.970,0.000000
13487.899414,-35.080,156.623795,0.007881,7.531,-19.869,-17.970,0.000000
13534.595703,-34.650,-172.755402,0.007470,7.531,-19.869,-17.970,0.000000
13581.440430,-34.402,102.071434,0.007229,7.531,-19.869,-17.970,0.000000
13628.447266,-34.494,45.059731,0.007274,7.531,-19.869,-17.970,0.000000
13675.630859,-34.446,-4.986792,0.007204,7.531,-19.869,-17.970,0.000000
13722.976562,-34.544,-17.679558,0.007253,7.531,-19.869,-17.970,0.000000
13770.473633,-35.346,-8.233940,0.007921,7.531,-19.869,-17.971,0.000000
13818.135742,-35.471,2.025421,0.008001,7.531,-19.869,-17.971,0.000000
13865.975586,-36.427,-0.429260,0.008892,7.531,-19.869,-17.971,0.000000
13913.980469,-36.591,12.297275,0.009022,7.531,-19.869,-17.971,0.000000
13962.125977,-37.727,25.016823,0.010236,7.531,-19.869,-17.971,0.000000
14010.463867,-37.911,-17.880953,0.010409,7.531,-19.869,-17.971,0.000000
14058.969727,-38.650,12.614368,0.011282,7.531,-19.870,-17.971,0.000000
14107.628906,-37.363,40.570801,0.009685,7.531,-19.870,-17.971,0.000000
14156.458008,-36.697,3.177241,0.008929,7.531,-19.870,-17.971,0.000000
14205.468750,-36.803,-44.753315,0.008996,7.531,-19.870,-17.971,0.000000
14254.635742,-36.495,-34.794807,0.008641,7.531,-19.870,-17.971,0.000000
14303.986328,-36.600,-43.118088,0.008703,7.531,-19.870,-17.971,0.000000
14353.495117,-36.124,-53.208580,0.008200,7.531,-19.870,-17.971,0.000000
14403.188477,-35.059,-56.202656,0.007218,7.531,-19.870,-17.971,0.000000
14453.052734,-34.754,-56.304737,0.006936,7.531,-19.870,-17.971,0.000000
14503.063477,-35.330,-58.065758,0.007375,7.531,-19.870,-17.971,0.000000
14553.274414,-35.748,-42.080128,0.007702,7.531,-19.870,-17.971,0.000000
14603.659180,-35.366,-57.825161,0.007336,7.531,-19.870,-17.971,0.000000
14654.218750,-35.828,-106.084869,0.007699,7.531,-19.870,-17.971,0.000000
14704.924805,-35.228,-69.475006,0.007151,7.531,-19.870,-17.971,0.000000
14755.834961,-34.608,149.525040,0.006626,7.531,-19.870,-17.971,0.000000
14806.920898,-35.323,-51.040607,0.007159,7.531,-19.870,-17.971,0.000000
14858.168945,-36.154,-112.598305,0.007839,7.531,-19.870,-17.971,0.000000
14909.609375,-35.258,-132.562759,0.007035,7.531,-19.870,-17.971,0.000000
14961.213867,-34.292,-159.073074,0.006264,7.531,-19.870,-17.971,0.000000
15013.010742,-34.878,-113.046394,0.006668,7.531,-19.870,-17.971,0.000000
15064.973633,-34.912,-38.258739,0.006661,7.531,-19.870,-17.971,0.000000
15117.115234,-33.766,-86.064636,0.005808,7.531,-19.870,-17.971,0.000000
15169.452148,-33.731,-91.527527,0.005756,7.531,-19.870,-17.971,0.000000
15221.969727,-34.072,-55.495975,0.005957,7.531,-19.871,-17.971,0.000000
15274.640625,-33.351,-89.508003,0.005455,7.531,-19.871,-17.972,0.000000
15327.523438,-32.900,-44.548672,0.005153,7.531,-19.871,-17.972,0.000000
15380.588867,-32.795,-52.971210,0.005066,7.531,-19.871,-17.972,0.000000
15433.823242,-31.823,-16.516415,0.004507,7.531,-19.871,-17.972,0.000000
15487.241211,-31.275,-82.956955,0.004210,7.531,-19.871,-17.972,0.000000
15540.859375,-31.608,-31.115204,0.004353,7.531,-19.871,-17.972,0.000000
15594.664062,-31.594,-77.256912,0.004324,7.531,-19.871,-17.972,0.000000
15648.638672,-31.165,-49.152901,0.004096,7.531,-19.871,-17.972,0.000000
15702.800781,-31.060,-40.859596,0.004026,7.531,-19.871,-17.972,0.000000
15757.166016,-31.010,-41.637981,0.003983,7.531,-19.871,-17.972,0.000000
15811.718750,-31.463,-72.988205,0.004175,7.531,-19.871,-17.972,0.000000
15866.429688,-31.723,-75.788620,0.004280,7.531,-19.871,-17.972,0.000000
15921.361328,-32.357,-57.144619,0.004582,7.531,-19.871,-17.972,0.000000
15976.482422,-32.235,-69.615753,0.004496,7.531,-19.871,-17.972,0.000000
16031.793945,-32.667,-67.378059,0.004701,7.531,-19.871,-17.972,0.000000
16087.267578,-33.105,70.721725,0.004920,7.531,-19.871,-17.972,0.000000
16142.962891,-33.419,1.398778,0.005076,7.531,-19.871,-17.972,0.000000
16198.851562,-33.449,-19.796574,0.005068,7.531,-19.871,-17.972,0.000000
16254.917969,-33.122,-104.965187,0.004856,7.531,-19.871,-17.972,0.000000
16311.194336,-33.268,-146.003967,0.004914,7.531,-19.871,-17.972,0.000000
16367.649414,-32.199,137.688477,0.004323,7.531,-19.872,-17.972,0.000000
16424.316406,-32.171,138.164810,0.004288,7.531,-19.872,-17.972,0.000000
16481.162109,-32.014,-90.924698,0.004190,7.531,-19.872,-17.972,0.000000
16538.205078,-31.558,-100.575439,0.003956,7.531,-19.872,-17.972,0.000000
16595.462891,-31.403,-97.677155,0.003867,7.531,-19.872,-17.972,0.000000
16652.917969,-31.375,149.663803,0.003835,7.531,-19.872,-17.972,0.000000
16710.539062,-30.567,122.112038,0.003478,7.531,-19.872,-17.972,0.000000
16768.392578,-29.572,60.309132,0.003086,7.531,-19.872,-17.973,0.000000
16826.447266,-30.502,89.267181,0.003419,7.531,-19.872,-17.973,0.000000
16884.685547,-30.067,-39.400513,0.003236,7.531,-19.872,-17.973,0.000000
16943.142578,-29.920,34.182701,0.003166,7.531,-19.872,-17.973,0.000000
17001.785156,-30.055,32.788952,0.003201,7.531,-19.872,-17.973,0.000000
17060.646484,-28.788,36.748604,0.002752,7.531,-19.872,-17.973,0.000000
17119.695312,-28.370,20.074072,0.002610,7.531,-19.872,-17.973,0.000000
17178.949219,-28.264,-16.714939,0.002566,7.531,-19.872,-17.973,0.000000
17238.423828,-28.696,6.278690,0.002683,7.531,-19.872,-17.973,0.000000
17298.105469,-28.479,119.929543,0.002604,7.531,-19.872,-17.973,0.000000
17357.976562,-28.068,88.553497,0.002471,7.531,-19.872,-17.973,0.000000
17418.054688,-28.228,178.742310,0.002504,7.531,-19.872,-17.973,0.000000
17478.357422,-27.644,-173.703903,0.002330,7.531,-19.872,-17.973,0.000000
17538.869141,-27.459,-145.474350,0.002270,7.531,-19.873,-17.973,0.000000
17599.556641,-27.334,-163.465485,0.002227,7.531,-19.873,-17.973,0.000000
17660.488281,-27.512,-151.567245,0.002262,7.531,-19.873,-17.973,0.000000
17721.630859,-27.278,-164.271515,0.002192,7.531,-19.873,-17.973,0.000000
17782.968750,-26.011,-141.588318,0.001885,7.531,-19.873,-17.973,0.000000
17844.535156,-25.905,-142.283264,0.001853,7.531,-19.873,-17.973,0.000000
17906.296875,-25.919,-117.294289,0.001847,7.531,-19.873,-17.973,0.000000
17968.291016,-26.066,-144.572189,0.001870,7.531,-19.873,-17.973,0.000000
18030.480469,-25.820,-158.135635,0.001809,7.531,-19.873,-17.973,0.000000
18092.886719,-24.759,-176.266968,0.001593,7.531,-19.873,-17.973,0.000000
18155.525391,-23.138,-164.107086,0.001316,7.531,-19.873,-17.973,0.000000
18218.382812,-22.057,-173.444229,0.001156,7.531,-19.873,-17.973,0.000000
18281.421875,-21.622,-126.441566,0.001094,7.531,-19.873,-17.974,0.000000
18344.712891,-20.915,116.564796,0.001076,7.531,-19.873,-17.974,0.000000
18408.224609,-20.216,84.702118,0.000922,7.531,-19.873,-17.974,0.000000
18471.955078,-19.552,104.806801,0.000850,7.531,-19.873,-17.974,0.000000
18535.888672,-18.829,148.240097,0.001163,7.531,-19.873,-17.974,0.000000
18600.044922,-18.144,-90.362595,0.000753,7.531,-19.873,-17.974,0.000000
18664.439453,-17.419,-35.857643,0.000872,7.531,-19.874,-17.974,0.000000
18729.041016,-16.772,-52.203491,0.000987,7.531,-19.874,-17.974,0.000000
18793.880859,-16.099,-70.347298,0.000778,7.531,-19.874,-17.974,0.000000
18858.929688,-15.136,-100.878433,0.001155,7.531,-19.874,-17.974,0.000000
18924.220703,-14.147,-96.022896,0.001050,7.531,-19.874,-17.974,0.000000
18989.720703,-11.427,-74.420944,0.000513,7.531,-19.874,-17.974,0.000000
19055.447266,-9.794,-85.037285,0.000462,7.531,-19.874,-17.974,0.000000
19121.417969,-9.306,-67.295944,0.000805,7.531,-19.874,-17.974,0.000000
19187.619141,-8.715,-102.583237,0.000626,7.531,-19.874,-17.974,0.000000
19254.029297,-7.871,-114.208931,0.000538,7.531,-19.874,-17.974,0.000000
19320.669922,-6.925,-106.388840,0.000515,7.531,-19.874,-17.974,0.000000
19387.560547,-5.859,-38.265324,0.001072,7.531,-19.874,-17.974,0.000000
19454.664062,-3.522,49.903271,0.000811,7.531,-19.874,-17.974,0.000000
19522.017578,-1.384,127.408363,0.001588,7.531,-19.874,-17.974,0.000000
19589.585938,-207.612,0.000000,0.000000,7.531,-19.874,-17.974,0.000000
19657.406250,-207.645,0.000000,0.000000,7.531,-19.874,-17.974,0.000000
19725.443359,-207.678,0.000000,0.000000,7.531,-19.874,-17.975,0.000000
19793.716797,-207.711,0.000000,0.000000,7.531,-19.874,-17.975,0.000000
19862.244141,-207.744,0.000000,0.000000,7.531,-19.875,-17.975,0.000000
19931.009766,-207.777,0.000000,0.000000,7.531,-19.875,-17.975,0.000000
19999.974609,-207.810,0.000000,0.000000,7.531,-19.875,-17.975,0.000000
