frequency_hz,spl_db,phase_deg,thd_percent,rt60_ms,c50_db,c80_db,group_delay_ms
20.000000,-4.204,166.923721,0.000325,11.706,-11.831,-11.018,0.000000
20.069233,-4.713,149.940170,0.000344,11.706,-11.831,-11.018,0.000000
20.138704,-4.275,149.774002,0.000327,11.706,-11.831,-11.018,0.000000
20.208418,-4.156,155.842041,0.000323,11.706,-11.831,-11.018,0.000000
20.278366,-4.798,133.005798,0.000347,11.706,-11.831,-11.018,0.000000
20.348562,-6.257,135.036530,0.000411,11.706,-11.831,-11.018,0.000000
20.419001,-5.672,126.146576,0.000384,11.706,-11.831,-11.018,0.000000
20.489683,-4.941,143.641846,0.000353,11.706,-11.831,-11.018,0.000000
20.560612,-4.690,138.118866,0.000343,11.706,-11.831,-11.018,0.000000
20.631784,-4.535,120.858177,0.000337,11.706,-11.831,-11.018,0.000000
20.703203,-5.407,124.777466,0.000372,11.706,-11.831,-11.018,0.000000
20.774866,-5.539,129.406158,0.000378,11.706,-11.831,-11.018,0.000000
20.846781,-5.851,130.436081,0.000392,11.706,-11.831,-11.018,0.000000
20.918943,-6.611,123.319435,0.000428,11.706,-11.831,-11.018,0.000000
20.991358,-7.033,126.966087,0.000449,11.706,-11.831,-11.018,0.000000
21.064020,-7.329,127.913422,0.000465,11.706,-11.831,-11.018,0.000000
21.136936,-6.850,117.447052,0.000440,11.706,-11.831,-11.018,0.000000
21.210104,-8.365,155.620819,0.000523,11.706,-11.831,-11.018,0.000000
21.283520,-8.634,131.629074,0.000540,11.706,-11.831,-11.018,0.000000
21.357197,-8.787,108.521591,0.000549,11.706,-11.831,-11.018,0.000000
21.431126,-9.798,117.353279,0.000617,11.706,-11.831,-11.018,0.000000
21.505312,-9.652,125.338013,0.000607,11.706,-11.831,-11.018,0.000000
21.579756,-9.417,99.757538,0.000591,11.706,-11.831,-11.018,0.000000
21.654457,-9.926,94.542984,0.000626,11.706,-11.831,-11.018,0.000000
21.729416,-10.812,99.278587,0.000694,11.706,-11.831,-11.018,0.000000
21.804630,-10.473,91.767014,0.000667,11.706,-11.831,-11.018,0.000000
21.880110,-10.497,92.491974,0.000669,11.706,-11.831,-11.018,0.000000
21.955851,-11.895,78.788651,0.000786,11.706,-11.831,-11.018,0.000000
22.031853,-11.689,85.253510,0.000767,11.706,-11.831,-11.018,0.000000
22.108118,-11.908,89.838303,0.000787,11.706,-11.831,-11.018,0.000000
22.184649,-11.917,73.454185,0.000787,11.706,-11.831,-11.018,0.000000
22.261442,-13.187,86.425117,0.000911,11.706,-11.831,-11.018,0.000000
22.338503,-12.852,83.251060,0.000876,11.706,-11.831,-11.018,0.000000
22.415825,-14.187,133.099258,0.001022,11.706,-11.831,-11.018,0.000000
22.493420,-13.214,107.276703,0.000914,11.706,-11.831,-11.018,0.000000
22.571283,-13.808,-147.465302,0.000978,11.706,-11.831,-11.018,0.000000
22.649418,-13.808,-147.465302,0.000978,11.706,-11.831,-11.018,0.000000
22.727821,-14.566,-161.233170,0.001067,11.706,-11.831,-11.018,0.000000
22.806496,-13.631,-166.063416,0.000959,11.706,-11.831,-11.018,0.000000
22.885437,-13.855,170.558105,0.000984,11.706,-11.831,-11.018,0.000000
22.964659,-14.533,165.349060,0.001063,11.706,-11.831,-11.018,0.000000
23.044153,-13.935,166.822571,0.000993,11.706,-11.831,-11.018,0.000000
23.123922,-14.337,168.254257,0.001040,11.706,-11.831,-11.018,0.000000
23.203970,-14.298,155.440506,0.001035,11.706,-11.831,-11.018,0.000000
23.284292,-13.583,132.890182,0.000953,11.706,-11.831,-11.018,0.000000
23.364893,-13.768,142.368118,0.000974,11.706,-11.831,-11.018,0.000000
23.445774,-13.497,137.671768,0.000944,11.706,-11.831,-11.018,0.000000
23.526928,-13.250,121.825623,0.000917,11.706,-11.831,-11.018,0.000000
23.608370,-14.649,123.280487,0.001078,11.706,-11.831,-11.018,0.000000
23.690092,-14.104,123.558784,0.001012,11.706,-11.831,-11.018,0.000000
23.772099,-13.988,123.402222,0.000999,11.706,-11.831,-11.018,0.000000
23.854389,-13.481,127.894699,0.000942,11.706,-11.831,-11.018,0.000000
23.936964,-13.050,123.572815,0.000896,11.706,-11.831,-11.018,0.000000
24.019825,-12.603,113.586327,0.000851,11.706,-11.831,-11.018,0.000000
24.102966,-12.483,109.186058,0.000840,11.706,-11.831,-11.018,0.000000
24.186401,-12.342,109.825401,0.000826,11.706,-11.831,-11.018,0.000000
24.270124,-12.576,103.635315,0.000849,11.706,-11.831,-11.018,0.000000
24.354139,-12.410,102.912018,0.000832,11.706,-11.831,-11.018,0.000000
24.438444,-12.006,93.579430,0.000794,11.706,-11.831,-11.018,0.000000
24.523041,-12.250,89.736313,0.000817,11.706,-11.831,-11.018,0.000000
24.607929,-12.386,86.750755,0.000830,11.706,-11.831,-11.018,0.000000
24.693108,-12.700,80.800568,0.000860,11.706,-11.831,-11.018,0.000000
24.778585,-12.636,75.922974,0.000854,11.706,-11.831,-11.018,0.000000
24.864359,-13.319,76.571022,0.000924,11.706,-11.831,-11.018,0.000000
24.950430,-13.413,76.349724,0.000934,11.706,-11.831,-11.018,0.000000
25.036798,-13.044,71.612762,0.000895,11.706,-11.831,-11.018,0.000000
25.123466,-12.891,71.121361,0.000879,11.706,-11.831,-11.018,0.000000
25.210434,-13.115,63.517040,0.000902,11.706,-11.831,-11.018,0.000000
25.297697,-13.016,61.427132,0.000892,11.706,-11.831,-11.018,0.000000
25.385267,-13.143,61.254547,0.000905,11.706,-11.831,-11.018,0.000000
25.473143,-13.067,57.685268,0.000897,11.706,-11.831,-11.018,0.000000
25.561321,-12.766,53.638382,0.000867,11.706,-11.831,-11.018,0.000000
25.649803,-13.120,48.551350,0.000903,11.706,-11.831,-11.018,0.000000
25.738594,-13.066,42.141136,0.000897,11.706,-11.831,-11.018,0.000000
25.827690,-13.323,36.775223,0.000924,11.706,-11.831,-11.018,0.000000
25.917089,-14.006,31.675684,0.000999,11.706,-11.831,-11.018,0.000000
26.006805,-14.377,31.137842,0.001043,11.706,-11.831,-11.018,0.000000
26.096830,-15.059,29.960600,0.001128,11.706,-11.831,-11.018,0.000000
26.187168,-15.116,29.879065,0.001135,11.706,-11.831,-11.018,0.000000
26.277819,-15.662,28.285814,0.001209,11.706,-11.831,-11.018,0.000000
26.368782,-16.094,19.747972,0.001270,11.706,-11.831,-11.018,0.000000
26.460054,-16.879,19.819426,0.001390,11.706,-11.831,-11.018,0.000000
26.551649,-17.764,21.715441,0.001539,11.706,-11.831,-11.018,0.000000
26.643560,-18.102,24.918188,0.001600,11.706,-11.831,-11.018,0.000000
26.735790,-17.820,25.413582,0.001549,11.706,-11.831,-11.018,0.000000
26.828339,-18.033,22.577442,0.001587,11.706,-11.831,-11.018,0.000000
26.921207,-18.446,24.725389,0.001665,11.706,-11.831,-11.018,0.000000
27.014399,-18.740,24.299692,0.001722,11.706,-11.831,-11.018,0.000000
27.107912,-18.648,26.659645,0.001704,11.706,-11.831,-11.018,0.000000
27.201744,-18.307,30.062817,0.001638,11.706,-11.831,-11.018,0.000000
27.295906,-18.385,30.440397,0.001653,11.706,-11.831,-11.018,0.000000
27.390394,-17.750,36.831287,0.001537,11.706,-11.831,-11.018,0.000000
27.485209,-16.740,35.025833,0.001368,11.706,-11.831,-11.018,0.000000
27.580351,-16.696,35.529190,0.001361,11.706,-11.831,-11.018,0.000000
27.675825,-16.120,32.830856,0.001274,11.706,-11.831,-11.018,0.000000
27.771622,-16.442,31.535282,0.001322,11.706,-11.831,-11.018,0.000000
27.867756,-15.662,34.669083,0.001208,11.706,-11.831,-11.018,0.000000
27.964224,-15.268,34.754795,0.001155,11.706,-11.831,-11.018,0.000000
28.061024,-14.874,29.185097,0.001103,11.706,-11.831,-11.018,0.000000
28.158161,-15.039,25.555172,0.001125,11.706,-11.831,-11.018,0.000000
28.255634,-14.785,25.812096,0.001092,11.706,-11.831,-11.018,0.000000
28.353443,-14.520,21.477499,0.001059,11.706,-11.831,-11.018,0.000000
28.451593,-14.848,22.459719,0.001100,11.706,-11.831,-11.018,0.000000
28.550081,-14.290,19.638592,0.001031,11.706,-11.831,-11.018,0.000000
28.648903,-13.905,19.345381,0.000986,11.706,-11.831,-11.018,0.000000
28.748075,-13.353,16.946177,0.000925,11.706,-11.831,-11.018,0.000000
28.847589,-13.001,14.240267,0.000888,11.706,-11.831,-11.018,0.000000
28.947449,-12.542,12.127854,0.000843,11.706,-11.831,-11.018,0.000000
29.047655,-12.245,9.449607,0.000814,11.706,-11.831,-11.018,0.000000
29.148207,-11.796,4.543715,0.000773,11.706,-11.831,-11.018,0.000000
29.249100,-11.563,0.624326,0.000753,11.706,-11.831,-11.018,0.000000
29.350348,-11.383,-3.032286,0.000737,11.706,-11.831,-11.018,0.000000
29.451948,-10.897,-7.152967,0.000697,11.706,-11.831,-11.018,0.000000
29.553900,-10.548,-12.084834,0.000670,11.706,-11.831,-11.018,0.000000
29.656204,-10.631,-17.784321,0.000676,11.706,-11.831,-11.018,0.000000
29.758862,-10.613,-21.668978,0.000675,11.706,-11.831,-11.018,0.000000
29.861876,-10.671,-25.915535,0.000679,11.706,-11.831,-11.018,0.000000
29.965246,-11.075,-32.539005,0.000712,11.706,-11.831,-11.018,0.000000
30.068968,-11.244,-35.746040,0.000726,11.706,-11.831,-11.018,0.000000
30.173054,-11.647,-38.789539,0.000760,11.706,-11.831,-11.018,0.000000
30.277502,-11.918,-41.802937,0.000784,11.706,-11.831,-11.018,0.000000
30.382311,-12.137,-46.306995,0.000804,11.706,-11.831,-11.018,0.000000
30.487482,-12.749,-46.586468,0.000863,11.706,-11.831,-11.018,0.000000
30.593019,-12.956,-47.224380,0.000883,11.706,-11.831,-11.018,0.000000
30.698914,-13.336,-48.910831,0.000923,11.706,-11.831,-11.018,0.000000
30.805182,-14.002,-52.390835,0.000996,11.706,-11.831,-11.018,0.000000
30.911816,-14.280,-50.494152,0.001028,11.706,-11.831,-11.018,0.000000
31.018822,-14.636,-49.776810,0.001071,11.706,-11.831,-11.018,0.000000
31.126196,-14.928,-49.077473,0.001108,11.706,-11.831,-11.018,0.000000
31.233944,-15.111,-46.358330,0.001131,11.706,-11.831,-11.018,0.000000
31.342064,-15.164,-45.057579,0.001138,11.706,-11.831,-11.018,0.000000
31.450558,-14.994,-42.425400,0.001116,11.706,-11.831,-11.018,0.000000
31.559420,-14.845,-43.984348,0.001097,11.706,-11.831,-11.018,0.000000
31.668667,-15.229,-41.569324,0.001147,11.706,-11.831,-11.018,0.000000
31.778292,-14.445,-35.153355,0.001048,11.706,-11.831,-11.018,0.000000
31.888296,-13.881,-31.613325,0.000982,11.706,-11.831,-11.018,0.000000
31.998680,-13.676,-30.414709,0.000959,11.706,-11.831,-11.018,0.000000
32.109447,-12.930,-30.226988,0.000880,11.706,-11.831,-11.018,0.000000
32.220600,-12.733,-30.016550,0.000860,11.706,-11.831,-11.018,0.000000
32.332127,-11.999,-28.163364,0.000791,11.706,-11.831,-11.018,0.000000
32.444046,-11.132,-27.855148,0.000716,11.706,-11.831,-11.018,0.000000
32.556355,-11.058,-29.426544,0.000709,11.706,-11.831,-11.018,0.000000
32.669052,-10.340,-30.115402,0.000653,11.706,-11.831,-11.018,0.000000
32.782143,-9.668,-32.356289,0.000605,11.706,-11.831,-11.018,0.000000
32.895622,-9.094,-35.704788,0.000566,11.706,-11.831,-11.018,0.000000
33.009491,-8.771,-37.290890,0.000545,11.706,-11.831,-11.018,0.000000
33.123760,-8.046,-42.345703,0.000502,11.706,-11.831,-11.018,0.000000
33.238411,-7.885,-44.580914,0.000492,11.706,-11.831,-11.018,0.000000
33.353470,-7.207,-48.593590,0.000455,11.706,-11.831,-11.018,0.000000
33.468929,-6.896,-52.467476,0.000439,11.706,-11.831,-11.018,0.000000
33.584785,-6.676,-58.246082,0.000428,11.706,-11.831,-11.018,0.000000
33.701042,-6.331,-60.610481,0.000411,11.706,-11.831,-11.018,0.000000
33.817696,-5.931,-66.825623,0.000393,11.706,-11.831,-11.018,0.000000
33.934757,-5.794,-72.444046,0.000387,11.706,-11.831,-11.018,0.000000
34.052227,-5.940,-75.987701,0.000393,11.706,-11.831,-11.018,0.000000
34.170105,-5.719,-79.386818,0.000383,11.706,-11.831,-11.018,0.000000
34.288387,-5.642,-84.263199,0.000380,11.706,-11.831,-11.018,0.000000
34.407082,-5.496,-89.943268,0.000374,11.706,-11.831,-11.018,0.000000
34.526184,-5.704,-93.069901,0.000383,11.706,-11.831,-11.018,0.000000
34.645702,-5.730,-96.067436,0.000384,11.706,-11.831,-11.018,0.000000
34.765621,-6.004,-101.880219,0.000396,11.706,-11.831,-11.018,0.000000
34.885967,-6.157,-104.356621,0.000403,11.706,-11.831,-11.018,0.000000
35.006729,-6.193,-106.381012,0.000405,11.706,-11.831,-11.018,0.000000
35.127911,-6.407,-111.607071,0.000415,11.706,-11.831,-11.018,0.000000
35.249508,-6.464,-113.859230,0.000418,11.706,-11.831,-11.018,0.000000
35.371529,-6.737,-116.356941,0.000431,11.706,-11.831,-11.018,0.000000
35.493965,-7.194,-120.083054,0.000454,11.706,-11.831,-11.018,0.000000
35.616829,-7.479,-121.155861,0.000469,11.706,-11.831,-11.018,0.000000
35.740120,-7.479,-124.373184,0.000469,11.706,-11.831,-11.018,0.000000
35.863842,-7.877,-126.547150,0.000491,11.706,-11.831,-11.018,0.000000
35.987988,-8.009,-127.925476,0.000499,11.706,-11.831,-11.018,0.000000
36.112564,-8.092,-131.374405,0.000503,11.706,-11.831,-11.018,0.000000
36.237572,-8.445,-134.932816,0.000524,11.706,-11.831,-11.018,0.000000
36.363010,-8.816,-136.216141,0.000547,11.706,-11.831,-11.018,0.000000
36.488888,-9.151,-137.122330,0.000568,11.706,-11.831,-11.018,0.000000
36.615189,-9.377,-138.504929,0.000583,11.706,-11.831,-11.018,0.000000
36.741936,-9.607,-140.234299,0.000599,11.706,-11.831,-11.018,0.000000
36.869122,-9.840,-141.050140,0.000615,11.706,-11.831,-11.018,0.000000
36.996750,-10.226,-142.320053,0.000643,11.706,-11.831,-11.018,0.000000
37.124817,-10.183,-142.336395,0.000640,11.706,-11.831,-11.018,0.000000
37.253323,-10.438,-144.960205,0.000659,11.706,-11.831,-11.018,0.000000
37.382278,-10.320,-144.876587,0.000650,11.706,-11.831,-11.018,0.000000
37.511681,-10.259,-145.518921,0.000646,11.706,-11.831,-11.018,0.000000
37.641533,-10.169,-148.497253,0.000639,11.706,-11.831,-11.018,0.000000
37.771832,-10.191,-150.508926,0.000641,11.706,-11.831,-11.018,0.000000
37.902584,-10.364,-152.202469,0.000653,11.706,-11.831,-11.018,0.000000
38.033791,-10.439,-152.745132,0.000659,11.706,-11.831,-11.018,0.000000
38.165447,-10.321,-153.816849,0.000650,11.706,-11.831,-11.018,0.000000
38.297562,-10.213,-156.278885,0.000642,11.706,-11.831,-11.018,0.000000
38.430122,-10.165,-158.429062,0.000638,11.706,-11.831,-11.018,0.000000
38.563152,-10.160,-161.390549,0.000638,11.706,-11.831,-11.018,0.000000
38.696644,-10.167,-163.051056,0.000638,11.706,-11.831,-11.018,0.000000
38.830597,-10.330,-165.327728,0.000650,11.706,-11.831,-11.018,0.000000
38.965015,-10.406,-166.147491,0.000656,11.706,-11.831,-11.018,0.000000
39.099895,-10.476,-166.948364,0.000661,11.706,-11.831,-11.018,0.000000
39.235237,-10.282,-168.786896,0.000647,11.706,-11.831,-11.018,0.000000
39.371052,-10.319,-171.396042,0.000649,11.706,-11.831,-11.018,0.000000
39.507339,-10.358,-174.400589,0.000652,11.706,-11.831,-11.018,0.000000
39.644100,-10.603,-175.219925,0.000671,11.706,-11.831,-11.018,0.000000
39.781334,-10.666,-176.312439,0.000676,11.706,-11.831,-11.018,0.000000
39.919041,-10.895,-178.667603,0.000694,11.706,-11.831,-11.018,0.000000
40.057224,-10.989,-178.771210,0.000701,11.706,-11.831,-11.018,0.000000
40.195889,-10.734,-179.637665,0.000681,11.706,-11.831,-11.018,0.000000
40.335030,-10.546,178.036987,0.000667,11.706,-11.831,-11.018,0.000000
40.474644,-10.678,173.413910,0.000677,11.706,-11.831,-11.018,0.000000
40.614754,-10.818,170.572632,0.000688,11.706,-11.831,-11.018,0.000000
40.755344,-10.861,168.866364,0.000691,11.706,-11.831,-11.018,0.000000
40.896423,-10.723,164.323669,0.000680,11.706,-11.831,-11.018,0.000000
41.037983,-10.898,162.248779,0.000694,11.706,-11.831,-11.018,0.000000
41.180042,-10.966,157.950867,0.000700,11.706,-11.831,-11.018,0.000000
41.322590,-11.156,155.654434,0.000715,11.706,-11.831,-11.018,0.000000
41.465633,-11.620,152.293961,0.000754,11.706,-11.831,-11.018,0.000000
41.609173,-11.713,151.207581,0.000762,11.706,-11.831,-11.018,0.000000
41.753204,-12.110,148.524719,0.000798,11.706,-11.831,-11.018,0.000000
41.897739,-12.070,146.657242,0.000794,11.706,-11.831,-11.018,0.000000
42.042774,-12.253,143.847336,0.000811,11.706,-11.831,-11.018,0.000000
42.188309,-12.509,140.751373,0.000835,11.706,-11.831,-11.018,0.000000
42.334339,-12.794,138.636185,0.000863,11.706,-11.831,-11.018,0.000000
42.480885,-12.954,136.131683,0.000879,11.706,-11.831,-11.018,0.000000
42.627937,-13.400,135.929901,0.000925,11.706,-11.831,-11.018,0.000000
42.775497,-13.282,135.720062,0.000912,11.706,-11.831,-11.018,0.000000
42.923573,-13.128,130.445251,0.000896,11.706,-11.831,-11.018,0.000000
43.072155,-13.629,126.048775,0.000949,11.706,-11.831,-11.018,0.000000
43.221245,-13.986,124.004623,0.000989,11.706,-11.831,-11.018,0.000000
43.370861,-14.439,123.090714,0.001042,11.706,-11.831,-11.018,0.000000
43.520992,-14.630,123.118828,0.001065,11.706,-11.831,-11.018,0.000000
43.671646,-14.809,122.251846,0.001088,11.706,-11.831,-11.018,0.000000
43.822823,-15.188,121.911278,0.001136,11.706,-11.831,-11.018,0.000000
43.974518,-15.372,121.898315,0.001160,11.706,-11.831,-11.018,0.000000
44.126743,-15.757,121.132393,0.001213,11.706,-11.831,-11.018,0.000000
44.279491,-15.588,115.802643,0.001190,11.706,-11.831,-11.018,0.000000
44.432770,-16.713,114.410301,0.001354,11.706,-11.831,-11.018,0.000000
44.586567,-16.968,117.144943,0.001394,11.706,-11.831,-11.018,0.000000
44.740910,-17.161,115.189384,0.001426,11.706,-11.831,-11.018,0.000000
44.895786,-17.571,113.868484,0.001495,11.706,-11.831,-11.018,0.000000
45.051197,-17.643,116.498154,0.001507,11.706,-11.831,-11.018,0.000000
45.207138,-17.702,115.314079,0.001517,11.706,-11.831,-11.018,0.000000
45.363636,-17.592,115.289955,0.001498,11.706,-11.831,-11.018,0.000000
45.520660,-17.765,113.684410,0.001527,11.706,-11.831,-11.018,0.000000
45.678234,-18.087,113.386963,0.001585,11.706,-11.831,-11.018,0.000000
45.836353,-18.148,116.228477,0.001596,11.706,-11.831,-11.018,0.000000
45.995022,-18.155,114.432083,0.001597,11.706,-11.831,-11.018,0.000000
46.154240,-18.025,116.087761,0.001573,11.706,-11.831,-11.018,0.000000
46.314007,-18.065,114.644218,0.001580,11.706,-11.831,-11.018,0.000000
46.474327,-17.815,113.175713,0.001536,11.706,-11.831,-11.018,0.000000
46.635193,-17.978,111.320282,0.001565,11.706,-11.831,-11.018,0.000000
46.796627,-17.860,108.331306,0.001544,11.706,-11.831,-11.018,0.000000
46.958618,-17.891,105.195770,0.001549,11.706,-11.831,-11.018,0.000000
47.121170,-17.610,102.093765,0.001500,11.706,-11.831,-11.018,0.000000
47.284286,-17.307,99.059059,0.001448,11.706,-11.831,-11.018,0.000000
47.447968,-17.109,96.254303,0.001416,11.706,-11.831,-11.018,0.000000
47.612202,-16.049,88.417496,0.001253,11.706,-11.831,-11.018,0.000000
47.777020,-15.914,82.603279,0.001234,11.706,-11.831,-11.018,0.000000
47.942402,-15.409,75.056320,0.001164,11.706,-11.831,-11.018,0.000000
48.108360,-15.302,70.102905,0.001150,11.706,-11.831,-11.018,0.000000
48.274895,-14.978,65.266518,0.001108,11.706,-11.831,-11.018,0.000000
48.442005,-14.903,60.271870,0.001098,11.706,-11.831,-11.018,0.000000
48.609692,-14.954,55.798031,0.001105,11.706,-11.831,-11.018,0.000000
48.777958,-14.812,51.448395,0.001087,11.706,-11.831,-11.018,0.000000
48.946812,-14.741,48.705982,0.001078,11.706,-11.831,-11.018,0.000000
49.116234,-14.988,42.527416,0.001109,11.706,-11.831,-11.018,0.000000
49.286255,-15.064,39.198273,0.001119,11.706,-11.831,-11.018,0.000000
49.456863,-14.948,35.236397,0.001104,11.706,-11.831,-11.018,0.000000
49.628067,-14.967,30.699217,0.001106,11.706,-11.831,-11.018,0.000000
49.799858,-14.878,25.731302,0.001094,11.706,-11.831,-11.018,0.000000
49.972248,-14.966,18.191774,0.001105,11.706,-11.831,-11.018,0.000000
50.145218,-14.594,14.495469,0.001059,11.706,-11.831,-11.018,0.000000
50.318802,-14.583,6.994151,0.001057,11.706,-11.831,-11.018,0.000000
50.492989,-14.750,-0.440375,0.001078,11.706,-11.831,-11.018,0.000000
50.667774,-14.672,-5.991917,0.001068,11.706,-11.831,-11.018,0.000000
50.843166,-14.735,-13.551054,0.001076,11.706,-11.831,-11.018,0.000000
51.019169,-14.893,-19.168428,0.001096,11.706,-11.831,-11.018,0.000000
51.195774,-15.059,-23.940413,0.001117,11.706,-11.831,-11.018,0.000000
51.372997,-15.214,-31.030436,0.001137,11.706,-11.831,-11.018,0.000000
51.550816,-15.554,-34.335785,0.001182,11.706,-11.831,-11.018,0.000000
51.729267,-15.757,-39.062569,0.001210,11.706,-11.831,-11.018,0.000000
51.908333,-16.356,-43.671410,0.001297,11.706,-11.831,-11.018,0.000000
52.088020,-16.801,-43.630898,0.001365,11.706,-11.831,-11.018,0.000000
52.268330,-16.706,-47.904068,0.001350,11.706,-11.831,-11.018,0.000000
52.449261,-17.109,-51.400414,0.001414,11.706,-11.831,-11.018,0.000000
52.630810,-17.164,-56.336452,0.001423,11.706,-11.831,-11.018,0.000000
52.812996,-16.990,-59.157490,0.001395,11.706,-11.831,-11.018,0.000000
52.995815,-17.050,-64.113609,0.001404,11.706,-11.831,-11.018,0.000000
53.179264,-16.949,-67.436928,0.001388,11.706,-11.831,-11.018,0.000000
53.363350,-16.699,-70.337700,0.001348,11.706,-11.831,-11.018,0.000000
53.548077,-16.412,-72.845840,0.001304,11.706,-11.831,-11.018,0.000000
53.733437,-16.028,-74.606537,0.001247,11.706,-11.831,-11.018,0.000000
53.919441,-15.575,-79.247765,0.001184,11.706,-11.831,-11.018,0.000000
54.106079,-15.334,-81.161812,0.001151,11.706,-11.831,-11.018,0.000000
54.293373,-15.275,-84.399864,0.001144,11.706,-11.831,-11.018,0.000000
54.481316,-14.829,-87.172073,0.001086,11.706,-11.831,-11.018,0.000000
54.669895,-14.757,-90.767273,0.001077,11.706,-11.831,-11.018,0.000000
54.859169,-14.779,-93.691330,0.001080,11.706,-11.831,-11.018,0.000000
55.049042,-14.829,-101.026253,0.001086,11.706,-11.831,-11.018,0.000000
55.239601,-15.152,-102.939491,0.001127,11.706,-11.831,-11.018,0.000000
55.430820,-15.239,-106.897690,0.001139,11.706,-11.831,-11.018,0.000000
55.622700,-15.478,-111.717484,0.001171,11.706,-11.831,-11.018,0.000000
55.815247,-15.364,-112.951584,0.001155,11.706,-11.831,-11.018,0.000000
56.008457,-15.340,-117.817764,0.001152,11.706,-11.831,-11.018,0.000000
56.202335,-15.319,-121.725952,0.001149,11.706,-11.831,-11.018,0.000000
56.396889,-15.317,-123.332573,0.001149,11.706,-11.831,-11.018,0.000000
56.592110,-15.225,-127.668388,0.001137,11.706,-11.831,-11.018,0.000000
56.788010,-15.051,-128.079193,0.001114,11.706,-11.831,-11.018,0.000000
56.984589,-14.744,-128.739075,0.001075,11.706,-11.831,-11.018,0.000000
57.181820,-14.297,-130.587418,0.001021,11.706,-11.831,-11.018,0.000000
57.379791,-13.910,-132.018066,0.000977,11.706,-11.831,-11.018,0.000000
57.578388,-13.399,-133.884521,0.000921,11.706,-11.831,-11.018,0.000000
57.777702,-13.213,-135.573395,0.000901,11.706,-11.831,-11.018,0.000000
57.977707,-13.001,-136.279602,0.000879,11.706,-11.831,-11.018,0.000000
58.178406,-12.749,-136.471436,0.000854,11.706,-11.831,-11.018,0.000000
58.379795,-12.439,-137.051697,0.000824,11.706,-11.831,-11.018,0.000000
58.581886,-11.803,-139.974976,0.000766,11.706,-11.831,-11.018,0.000000
58.784672,-11.628,-142.902817,0.000751,11.706,-11.831,-11.018,0.000000
58.988163,-11.258,-146.855103,0.000719,11.706,-11.831,-11.018,0.000000
59.192356,-11.034,-150.363495,0.000701,11.706,-11.831,-11.018,0.000000
59.397259,-10.704,-155.127792,0.000675,11.706,-11.831,-11.018,0.000000
59.602867,-10.434,-159.198471,0.000654,11.706,-11.831,-11.018,0.000000
59.809193,-10.205,-164.192276,0.000637,11.706,-11.831,-11.018,0.000000
60.016228,-9.848,-170.492859,0.000612,11.706,-11.831,-11.018,0.000000
60.223953,-9.636,-174.788742,0.000597,11.706,-11.831,-11.018,0.000000
60.432423,-9.607,-179.501770,0.000595,11.706,-11.831,-11.018,0.000000
60.641617,-9.470,176.148926,0.000585,11.706,-11.831,-11.018,0.000000
60.851536,-9.285,171.217453,0.000573,11.706,-11.831,-11.018,0.000000
61.062180,-9.172,167.088516,0.000566,11.706,-11.831,-11.018,0.000000
61.273556,-9.079,162.185608,0.000560,11.706,-11.831,-11.018,0.000000
61.485661,-9.032,157.938492,0.000557,11.706,-11.831,-11.018,0.000000
61.698502,-9.009,152.671204,0.000555,11.706,-11.831,-11.018,0.000000
61.912075,-8.982,147.199341,0.000554,11.706,-11.831,-11.018,0.000000
62.126392,-8.927,143.177765,0.000550,11.706,-11.831,-11.018,0.000000
62.341450,-8.889,138.019470,0.000548,11.706,-11.831,-11.018,0.000000
62.557251,-9.042,131.795883,0.000557,11.706,-11.831,-11.018,0.000000
62.773800,-9.219,127.579651,0.000569,11.706,-11.831,-11.018,0.000000
62.991070,-9.526,120.747147,0.000589,11.706,-11.831,-11.018,0.000000
63.209152,-9.763,116.348183,0.000606,11.695,-11.782,-10.972,0.000000
63.427925,-9.983,109.535423,0.000621,11.684,-11.732,-10.922,0.000000
63.647522,-10.609,102.259659,0.000668,11.672,-11.681,-10.873,0.000000
63.867813,-11.105,97.269073,0.000707,11.661,-11.631,-10.824,0.000000
64.088898,-11.753,93.145775,0.000762,11.649,-11.580,-10.774,0.000000
64.310753,-12.480,88.821884,0.000828,11.638,-11.528,-10.724,0.000000
64.533371,-13.292,86.268906,0.000909,11.626,-11.477,-10.675,0.000000
64.756760,-13.842,81.587654,0.000969,11.615,-11.426,-10.624,0.000000
64.980919,-14.574,79.421562,0.001054,11.603,-11.374,-10.574,0.000000
65.205864,-15.390,76.454468,0.001157,11.591,-11.322,-10.524,0.000000
65.431580,-16.260,74.122200,0.001279,11.580,-11.270,-10.473,0.000000
65.658081,-17.178,73.215088,0.001421,11.568,-11.218,-10.422,0.000000
65.885361,-18.045,73.332199,0.001570,11.556,-11.166,-10.371,0.000000
66.113434,-18.802,73.078033,0.001713,11.544,-11.113,-10.320,0.000000
66.342262,-19.564,73.952354,0.001870,11.533,-11.060,-10.269,0.000000
66.571945,-20.038,72.952065,0.001974,11.521,-11.007,-10.217,0.000000
66.802353,-20.488,76.961212,0.002079,11.509,-10.954,-10.166,0.000000
67.033600,-21.055,77.620491,0.002220,11.497,-10.901,-10.114,0.000000
67.265648,-21.593,85.039734,0.002362,11.485,-10.847,-10.062,0.000000
67.498489,-21.576,90.411964,0.002357,11.473,-10.794,-10.009,0.000000
67.732147,-20.796,94.142532,0.002154,11.460,-10.740,-9.957,0.000000
67.966606,-20.948,96.015396,0.002193,11.448,-10.686,-9.904,0.000000
68.201881,-21.063,97.380539,0.002222,11.436,-10.632,-9.852,0.000000
68.437973,-21.134,93.387527,0.002240,11.424,-10.577,-9.799,0.000000
68.674881,-21.757,91.457787,0.002406,11.412,-10.523,-9.746,0.000000
68.912605,-20.976,90.391609,0.002200,11.399,-10.468,-9.692,0.000000
69.151154,-21.184,84.196808,0.002253,11.387,-10.413,-9.639,0.000000
69.390495,-20.895,77.800583,0.002179,11.374,-10.358,-9.585,0.000000
69.630730,-20.962,74.101692,0.002196,11.362,-10.302,-9.531,0.000000
69.871735,-21.658,65.036079,0.002379,11.350,-10.247,-9.477,0.000000
70.113640,-21.842,64.763901,0.002430,11.337,-10.191,-9.423,0.000000
70.356308,-22.429,58.774944,0.002600,11.324,-10.135,-9.368,0.000000
70.599854,-22.704,62.662243,0.002684,11.312,-10.079,-9.314,0.000000
70.844246,-22.639,69.631866,0.002664,11.299,-10.023,-9.259,0.000000
71.089478,-23.634,74.518959,0.002987,11.286,-9.966,-9.204,0.000000
71.335564,-23.058,75.473907,0.002795,11.274,-9.909,-9.149,0.000000
71.582504,-23.502,71.505295,0.002941,11.261,-9.852,-9.093,0.000000
71.830292,-24.411,76.978882,0.003265,11.248,-9.795,-9.038,0.000000
72.078941,-24.449,83.192574,0.003279,11.235,-9.738,-8.982,0.000000
72.328453,-23.885,70.896553,0.003072,11.222,-9.680,-8.926,0.000000
72.578827,-23.740,62.502190,0.003021,11.209,-9.623,-8.870,0.000000
72.830063,-23.874,58.006802,0.003067,11.196,-9.565,-8.813,0.000000
73.082176,-23.267,48.492447,0.002860,11.183,-9.507,-8.757,0.000000
73.335159,-23.514,29.353521,0.002942,11.170,-9.448,-8.700,0.000000
73.588982,-24.236,12.547844,0.003196,11.157,-9.390,-8.643,0.000000
73.843719,-23.989,12.065149,0.003106,11.144,-9.331,-8.586,0.000000
74.099335,-24.235,-3.249563,0.003195,11.130,-9.272,-8.529,0.000000
74.355843,-24.874,0.734616,0.003438,11.117,-9.213,-8.471,0.000000
74.613228,-25.871,-2.243901,0.003855,11.104,-9.154,-8.413,0.000000
74.871513,-25.574,-1.494251,0.003726,11.090,-9.094,-8.356,0.000000
75.130692,-25.482,10.248776,0.003687,11.077,-9.035,-8.297,0.000000
75.390762,-26.375,-0.629133,0.004086,11.063,-8.975,-8.239,0.000000
75.651733,-25.906,-4.531171,0.003871,11.050,-8.914,-8.181,0.000000
75.913612,-26.196,22.511507,0.004002,11.036,-8.854,-8.122,0.000000
76.176399,-27.011,24.245958,0.004396,11.023,-8.794,-8.063,0.000000
76.440094,-26.692,8.554459,0.004238,11.009,-8.733,-8.004,0.000000
76.704697,-26.186,-6.074759,0.003997,10.995,-8.672,-7.944,0.000000
76.970184,-26.141,-22.582838,0.003976,10.982,-8.611,-7.885,0.000000
77.236664,-26.856,-9.911883,0.004316,10.968,-8.549,-7.825,0.000000
77.503990,-26.866,-20.777304,0.004320,10.954,-8.488,-7.765,0.000000
77.772278,-26.378,-64.619888,0.004084,10.940,-8.426,-7.705,0.000000
78.041496,-27.104,-29.863539,0.004439,10.926,-8.364,-7.644,0.000000
78.311646,-26.906,-50.373440,0.004338,10.912,-8.301,-7.584,0.000000
78.582733,-26.434,-67.918961,0.004108,10.898,-8.239,-7.523,0.000000
78.854752,-26.141,-85.918510,0.003971,10.884,-8.176,-7.462,0.000000
79.127716,-26.004,-136.023788,0.003908,10.870,-8.113,-7.401,0.000000
79.401627,-25.706,-157.824234,0.003776,10.856,-8.050,-7.339,0.000000
79.676483,-24.985,-142.831467,0.003474,10.841,-7.987,-7.278,0.000000
79.952293,-24.362,-142.528397,0.003233,10.827,-7.923,-7.216,0.000000
80.229057,-24.624,-153.676025,0.003332,10.813,-7.859,-7.154,0.000000
80.506744,-24.499,-163.053284,0.003284,10.798,-7.795,-7.091,0.000000
80.785469,-24.206,-171.667191,0.003174,10.784,-7.731,-7.029,0.000000
81.065079,-23.832,-175.292511,0.003040,10.769,-7.667,-6.966,0.000000
81.345734,-23.625,-178.047241,0.002968,10.755,-7.602,-6.903,0.000000
81.627281,-23.138,-175.002350,0.002805,10.740,-7.537,-6.840,0.000000
81.909843,-23.333,-175.654129,0.002869,10.726,-7.472,-6.777,0.000000
82.193382,-23.458,-177.392822,0.002910,10.711,-7.407,-6.713,0.000000
82.477905,-23.541,178.372650,0.002938,10.696,-7.341,-6.649,0.000000
82.763412,-23.141,-179.281982,0.002806,10.681,-7.275,-6.585,0.000000
83.049904,-22.699,174.332489,0.002667,10.666,-7.209,-6.521,0.000000
83.337395,-22.874,176.090469,0.002721,10.652,-7.143,-6.457,0.000000
83.625877,-23.250,176.591995,0.002841,10.637,-7.076,-6.392,0.000000
83.915352,-23.637,173.221207,0.002970,10.622,-7.010,-6.327,0.000000
84.205795,-23.689,166.416458,0.002988,10.607,-6.943,-6.262,0.000000
84.497330,-23.308,160.465149,0.002859,10.591,-6.876,-6.196,0.000000
84.789780,-23.187,159.718079,0.002819,10.576,-6.808,-6.131,0.000000
85.083336,-23.100,158.739578,0.002791,10.561,-6.741,-6.065,0.000000
85.377815,-23.417,154.892685,0.002894,10.546,-6.673,-5.999,0.000000
85.673363,-24.069,156.107269,0.003119,10.530,-6.605,-5.933,0.000000
85.969933,-23.598,153.117920,0.002954,10.515,-6.536,-5.866,0.000000
86.267525,-23.202,149.157684,0.002822,10.500,-6.468,-5.799,0.000000
86.566154,-22.857,151.412827,0.002712,10.484,-6.399,-5.732,0.000000
86.865814,-22.914,152.433411,0.002730,10.469,-6.330,-5.665,0.000000
87.166504,-22.901,152.346024,0.002726,10.453,-6.260,-5.598,0.000000
87.468246,-23.043,148.423584,0.002771,10.437,-6.191,-5.530,0.000000
87.771027,-23.141,143.324875,0.002803,10.422,-6.121,-5.462,0.000000
88.074852,-23.204,149.092209,0.002823,10.406,-6.051,-5.394,0.000000
88.379738,-22.844,147.582825,0.002709,10.390,-5.981,-5.325,0.000000
88.685677,-22.974,143.890244,0.002749,10.374,-5.910,-5.257,0.000000
88.992668,-23.114,147.155151,0.002794,10.358,-5.839,-5.188,0.000000
89.300682,-23.310,140.694016,0.002858,10.342,-5.768,-5.119,0.000000
89.609810,-23.272,129.055923,0.002845,10.326,-5.697,-5.050,0.000000
89.920006,-23.570,126.451813,0.002945,10.310,-5.626,-4.980,0.000000
90.231270,-23.425,128.739868,0.002897,10.294,-5.554,-4.910,0.000000
90.543617,-23.689,124.108437,0.002986,10.278,-5.482,-4.840,0.000000
90.857048,-24.187,107.936279,0.003163,10.262,-5.410,-4.770,0.000000
91.171562,-24.671,101.324608,0.003345,10.245,-5.337,-4.699,0.000000
91.487160,-24.865,98.382881,0.003421,10.229,-5.265,-4.628,0.000000
91.803856,-25.668,98.711205,0.003753,10.213,-5.192,-4.557,0.000000
92.121643,-26.224,94.142799,0.004002,10.196,-5.118,-4.486,0.000000
92.440536,-27.272,86.166206,0.004515,10.180,-5.045,-4.415,0.000000
92.760529,-27.620,76.469398,0.004699,10.163,-4.971,-4.343,0.000000
93.081627,-28.562,72.639297,0.005238,10.146,-4.897,-4.271,0.000000
93.403793,-28.645,-83.660271,0.005288,10.130,-4.823,-4.198,0.000000
93.727173,-27.993,-124.824524,0.004905,10.113,-4.748,-4.126,0.000000
94.051575,-28.076,-110.874748,0.004953,10.096,-4.673,-4.053,0.000000
94.377190,-27.796,-108.831116,0.004797,10.079,-4.598,-3.980,0.000000
94.703842,-27.421,-107.067513,0.004594,10.062,-4.523,-3.907,0.000000
95.031670,-26.466,-109.975182,0.004117,10.045,-4.448,-3.833,0.000000
95.360634,-25.844,-117.772621,0.003833,10.028,-4.372,-3.760,0.000000
95.690735,-24.565,-118.671036,0.003309,10.011,-4.296,-3.685,0.000000
96.021980,-24.152,-120.412041,0.003156,9.994,-4.219,-3.611,0.000000
96.354370,-23.314,-126.773582,0.002866,9.977,-4.143,-3.537,0.000000
96.687912,-22.973,-127.416107,0.002755,9.960,-4.066,-3.462,0.000000
97.022606,-22.251,-131.165497,0.002536,9.942,-3.989,-3.387,0.000000
97.358459,-21.345,-134.434219,0.002284,9.925,-3.911,-3.311,0.000000
97.695435,-20.342,-138.443268,0.002035,9.907,-3.834,-3.236,0.000000
98.033661,-19.902,-142.412338,0.001935,9.890,-3.756,-3.160,0.000000
98.372971,-19.334,-145.496246,0.001812,9.872,-3.677,-3.084,0.000000
98.713547,-19.010,-147.785675,0.001746,9.855,-3.599,-3.007,0.000000
99.055214,-18.073,-150.992630,0.001568,9.837,-3.520,-2.931,0.000000
99.398102,-17.527,-152.233414,0.001473,9.819,-3.441,-2.854,0.000000
99.742180,-16.778,-155.779877,0.001351,9.801,-3.362,-2.777,0.000000
100.087448,-16.130,-159.982651,0.001254,9.783,-3.282,-2.699,0.000000
100.433914,-15.884,-164.508713,0.001219,9.765,-3.202,-2.622,0.000000
100.781578,-15.564,-168.075424,0.001175,9.747,-3.122,-2.544,0.000000
101.130447,-15.191,-171.908844,0.001126,9.729,-3.042,-2.465,0.000000
101.480522,-14.780,-175.226273,0.001074,9.711,-2.961,-2.387,0.000000
101.831802,-14.499,179.493027,0.001040,9.693,-2.880,-2.308,0.000000
102.184258,-14.223,174.382446,0.001008,9.675,-2.799,-2.229,0.000000
102.538033,-13.914,170.000290,0.000973,9.656,-2.717,-2.150,0.000000
102.892975,-13.639,164.768005,0.000943,9.638,-2.636,-2.070,0.000000
103.249153,-13.360,160.812347,0.000913,9.619,-2.553,-1.990,0.000000
103.606514,-13.074,156.466553,0.000884,9.601,-2.471,-1.910,0.000000
103.965157,-12.979,151.599930,0.000874,9.582,-2.388,-1.829,0.000000
104.325050,-12.681,147.644531,0.000844,9.564,-2.306,-1.749,0.000000
104.686180,-12.606,142.634857,0.000837,9.545,-2.222,-1.668,0.000000
105.048561,-12.634,139.141357,0.000840,9.526,-2.139,-1.586,0.000000
105.412201,-12.521,136.138168,0.000829,9.507,-2.055,-1.505,0.000000
105.777100,-12.549,132.533768,0.000832,9.488,-1.971,-1.423,0.000000
106.143257,-12.537,129.776306,0.000831,9.469,-1.886,-1.341,0.000000
106.510689,-12.495,126.547829,0.000827,9.450,-1.802,-1.258,0.000000
106.879387,-12.608,123.352295,0.000838,9.431,-1.717,-1.176,0.000000
107.249359,-12.662,120.149048,0.000843,9.412,-1.631,-1.093,0.000000
107.620613,-12.779,116.217278,0.000855,9.393,-1.546,-1.009,0.000000
107.993156,-12.778,114.533836,0.000855,9.373,-1.460,-0.926,0.000000
108.366936,-12.882,111.475807,0.000865,9.354,-1.374,-0.842,0.000000
108.742065,-13.012,107.131424,0.000879,9.335,-1.287,-0.758,0.000000
109.118484,-13.068,104.074539,0.000884,9.315,-1.201,-0.673,0.000000
109.496208,-13.135,101.245621,0.000891,9.296,-1.114,-0.589,0.000000
109.875244,-13.343,98.523849,0.000913,9.276,-1.026,-0.504,0.000000
110.255592,-13.488,94.925354,0.000929,9.256,-0.939,-0.418,0.000000
110.637253,-13.544,91.121277,0.000935,9.236,-0.851,-0.333,0.000000
111.020241,-13.810,87.670433,0.000964,9.217,-0.762,-0.247,0.000000
111.404549,-13.953,85.123352,0.000980,9.197,-0.674,-0.161,0.000000
111.790184,-13.938,81.748268,0.000978,9.177,-0.585,-0.074,0.000000
112.177162,-14.216,77.728836,0.001010,9.157,-0.496,0.013,0.000000
112.565475,-14.357,74.067612,0.001027,9.136,-0.406,0.100,0.000000
112.955132,-14.591,71.543106,0.001055,9.116,-0.316,0.187,0.000000
113.346085,-14.845,67.515327,0.001086,9.096,-0.226,0.275,0.000000
113.738503,-15.044,64.056801,0.001111,9.076,-0.136,0.363,0.000000
114.132164,-15.207,62.803429,0.001133,9.055,-0.045,0.451,0.000000
114.527306,-15.461,60.132618,0.001166,9.035,0.046,0.540,0.000000
114.923698,-15.726,57.681915,0.001203,9.014,0.137,0.629,0.000000
115.321518,-15.889,56.562027,0.001226,8.994,0.229,0.718,0.000000
115.720718,-16.141,54.468380,0.001262,8.973,0.321,0.808,0.000000
116.121300,-16.432,51.234406,0.001305,8.952,0.413,0.897,0.000000
116.523270,-16.591,48.493614,0.001330,8.931,0.506,0.988,0.000000
116.926628,-16.817,46.346169,0.001365,8.910,0.599,1.078,0.000000
117.331383,-17.035,42.279373,0.001400,8.889,0.692,1.169,0.000000
117.737541,-17.077,40.260723,0.001407,8.868,0.786,1.260,0.000000
118.145103,-17.165,37.969707,0.001421,8.847,0.880,1.351,0.000000
118.554016,-17.518,35.397823,0.001481,8.826,0.974,1.443,0.000000
118.964462,-17.828,34.533352,0.001534,8.805,1.069,1.535,0.000000
119.376213,-17.925,33.009789,0.001552,8.783,1.164,1.627,0.000000
119.789505,-18.248,32.464775,0.001610,8.762,1.259,1.720,0.000000
120.204117,-18.894,29.189428,0.001735,8.741,1.354,1.813,0.000000
120.620216,-18.901,27.749340,0.001736,8.719,1.450,1.907,0.000000
121.037758,-19.167,24.279665,0.001790,8.697,1.547,2.000,0.000000
121.456741,-19.296,20.173557,0.001817,8.676,1.643,2.094,0.000000
121.877174,-19.269,17.712818,0.001812,8.654,1.740,2.188,0.000000
122.299072,-19.358,14.903140,0.001831,8.632,1.837,2.283,0.000000
122.722420,-19.352,11.071455,0.001830,8.610,1.935,2.378,0.000000
123.147240,-19.511,7.910912,0.001864,8.588,2.033,2.473,0.000000
123.573532,-19.414,6.589785,0.001844,8.566,2.131,2.569,0.000000
124.001297,-19.252,5.003525,0.001810,8.544,2.230,2.665,0.000000
124.430542,-19.520,3.988087,0.001867,8.521,2.329,2.761,0.000000
124.861267,-19.714,3.583041,0.001909,8.499,2.428,2.858,0.000000
125.293488,-19.875,1.623007,0.001944,8.491,2.477,2.906,0.000000
125.727150,-20.260,-3.811282,0.002032,8.490,2.501,2.930,0.000000
126.162369,-20.048,-7.385816,0.001983,8.488,2.526,2.955,0.000000
126.599091,-20.052,-8.948228,0.001984,8.487,2.551,2.980,0.000000
127.037331,-19.994,-12.352698,0.001971,8.486,2.575,3.004,0.000000
127.477089,-19.984,-17.916779,0.001969,8.484,2.600,3.029,0.000000
127.918365,-20.062,-20.326353,0.001987,8.483,2.625,3.054,0.000000
128.361160,-20.079,-25.560177,0.001991,8.481,2.651,3.079,0.000000
128.805511,-19.997,-31.499392,0.001972,8.480,2.676,3.105,0.000000
129.251373,-20.172,-32.772507,0.002012,8.479,2.701,3.130,0.000000
129.698792,-19.798,-36.358177,0.001927,8.477,2.726,3.155,0.000000
130.147766,-19.900,-38.975430,0.001950,8.476,2.752,3.181,0.000000
130.598282,-19.742,-44.272903,0.001915,8.474,2.777,3.206,0.000000
131.050369,-19.620,-47.796619,0.001888,8.473,2.803,3.232,0.000000
131.503952,-19.438,-52.769775,0.001849,8.472,2.829,3.258,0.000000
131.959229,-18.999,-57.837563,0.001758,8.470,2.855,3.283,0.000000
132.415955,-18.506,-59.221565,0.001661,8.469,2.881,3.309,0.000000
132.874329,-17.903,-61.304562,0.001549,8.467,2.907,3.335,0.000000
133.334290,-17.358,-67.044044,0.001455,8.466,2.933,3.361,0.000000
133.795853,-16.834,-70.240669,0.001370,8.464,2.959,3.388,0.000000
134.259003,-16.207,-73.758835,0.001275,8.463,2.985,3.414,0.000000
134.723755,-15.705,-77.987312,0.001203,8.462,3.011,3.440,0.000000
135.190109,-15.329,-82.694221,0.001152,8.460,3.038,3.467,0.000000
135.658081,-14.818,-85.917358,0.001086,8.459,3.064,3.493,0.000000
136.127686,-14.573,-90.874321,0.001056,8.457,3.091,3.520,0.000000
136.598907,-14.181,-96.499054,0.001010,8.456,3.118,3.546,0.000000
137.071762,-13.878,-100.883484,0.000975,8.454,3.145,3.573,0.000000
137.546249,-13.535,-106.340759,0.000938,8.453,3.172,3.600,0.000000
138.022385,-13.351,-111.311073,0.000918,8.451,3.199,3.627,0.000000
138.500092,-13.138,-116.701317,0.000896,8.450,3.226,3.654,0.000000
138.979599,-12.877,-121.920525,0.000870,8.448,3.253,3.681,0.000000
139.460617,-12.568,-127.093155,0.000839,8.447,3.280,3.709,0.000000
139.943375,-12.354,-131.441956,0.000819,8.445,3.307,3.736,0.000000
140.427811,-12.106,-136.450150,0.000796,8.444,3.335,3.763,0.000000
140.913925,-11.901,-141.445389,0.000777,8.442,3.363,3.791,0.000000
141.401703,-11.818,-146.391815,0.000770,8.441,3.390,3.819,0.000000
141.891190,-11.645,-151.556320,0.000755,8.439,3.418,3.846,0.000000
142.382355,-11.472,-155.913651,0.000740,8.438,3.446,3.874,0.000000
142.875229,-11.368,-161.506699,0.000731,8.436,3.474,3.902,0.000000
143.369812,-11.349,-165.383270,0.000729,8.435,3.502,3.930,0.000000
143.866104,-11.326,-170.049393,0.000727,8.433,3.530,3.958,0.000000
144.364120,-11.334,-174.634888,0.000728,8.431,3.558,3.987,0.000000
144.863785,-11.511,-179.061966,0.000743,8.430,3.587,4.015,0.000000
145.365311,-11.671,176.424088,0.000757,8.428,3.615,4.043,0.000000
145.868439,-11.795,171.605103,0.000768,8.427,3.644,4.072,0.000000
146.373383,-12.140,166.871704,0.000799,8.425,3.672,4.100,0.000000
146.880066,-12.444,162.772522,0.000828,8.424,3.701,4.129,0.000000
147.388504,-12.740,158.905548,0.000857,8.422,3.730,4.158,0.000000
147.898712,-13.041,154.828552,0.000887,8.420,3.759,4.187,0.000000
148.410675,-13.441,150.971237,0.000929,8.419,3.788,4.216,0.000000
148.924423,-13.764,147.225662,0.000964,8.417,3.817,4.245,0.000000
149.439941,-13.884,144.464279,0.000978,8.416,3.846,4.274,0.000000
149.957245,-14.167,142.203506,0.001010,8.414,3.875,4.304,0.000000
150.476334,-14.434,139.668518,0.001042,8.412,3.905,4.333,0.000000
150.997238,-14.475,137.664764,0.001047,8.411,3.934,4.363,0.000000
151.519852,-14.596,135.506027,0.001062,8.409,3.964,4.392,0.000000
152.044434,-14.547,133.656052,0.001056,8.407,3.994,4.422,0.000000
152.570679,-14.722,130.598328,0.001078,8.406,4.024,4.452,0.000000
153.098892,-14.807,127.567810,0.001089,8.404,4.054,4.482,0.000000
153.628784,-14.934,124.654938,0.001105,8.402,4.084,4.512,0.000000
154.160660,-15.294,120.841133,0.001152,8.401,4.114,4.542,0.000000
154.694229,-15.245,117.646851,0.001146,8.399,4.144,4.572,0.000000
155.229797,-15.568,113.586899,0.001190,8.397,4.174,4.602,0.000000
155.767075,-15.876,109.275375,0.001234,8.396,4.205,4.633,0.000000
156.306274,-16.345,105.772514,0.001303,8.394,4.236,4.663,0.000000
156.847351,-16.909,103.654663,0.001390,8.392,4.266,4.694,0.000000
157.390305,-17.443,100.435295,0.001479,8.391,4.297,4.725,0.000000
157.935120,-18.167,96.397484,0.001607,8.389,4.328,4.756,0.000000
158.481750,-18.786,94.740089,0.001726,8.387,4.359,4.787,0.000000
159.030441,-19.820,94.684547,0.001945,8.386,4.390,4.818,0.000000
159.580856,-20.982,97.645996,0.002224,8.384,4.421,4.849,0.000000
160.133347,-22.060,99.065460,0.002518,8.382,4.453,4.880,0.000000
160.687592,-22.777,104.485909,0.002736,8.380,4.484,4.912,0.000000
161.243912,-23.786,112.188133,0.003074,8.379,4.516,4.943,0.000000
161.801987,-24.165,121.581444,0.003212,8.377,4.547,4.975,0.000000
162.362167,-24.257,132.303665,0.003247,8.375,4.579,5.007,0.000000
162.924133,-24.218,140.434357,0.003234,8.373,4.611,5.039,0.000000
163.488113,-24.066,147.537994,0.003179,8.372,4.643,5.071,0.000000
164.054047,-23.397,151.416168,0.002944,8.370,4.675,5.103,0.000000
164.621933,-22.859,151.183655,0.002768,8.368,4.707,5.135,0.000000
165.191788,-22.299,150.164139,0.002595,8.366,4.740,5.167,0.000000
165.763535,-22.104,150.482727,0.002538,8.365,4.772,5.200,0.000000
166.337433,-21.862,143.945236,0.002469,8.363,4.805,5.232,0.000000
166.913147,-21.630,142.153244,0.002404,8.361,4.837,5.265,0.000000
167.491013,-21.519,140.501541,0.002374,8.359,4.870,5.297,0.000000
168.070801,-21.271,139.636169,0.002308,8.357,4.903,5.330,0.000000
168.652603,-21.264,139.871979,0.002306,8.356,4.936,5.363,0.000000
169.236328,-21.148,140.518524,0.002276,8.354,4.969,5.396,0.000000
169.822250,-21.020,141.862396,0.002243,8.352,5.002,5.430,0.000000
170.410019,-21.079,141.714935,0.002259,8.350,5.035,5.463,0.000000
170.999924,-20.795,141.458191,0.002186,8.348,5.069,5.496,0.000000
171.591858,-20.472,145.434708,0.002107,8.346,5.103,5.530,0.000000
172.185837,-20.035,144.574554,0.002004,8.344,5.136,5.564,0.000000
172.781876,-19.760,145.115311,0.001942,8.343,5.170,5.597,0.000000
173.379990,-19.384,143.987518,0.001861,8.341,5.204,5.631,0.000000
173.980164,-19.206,142.229294,0.001824,8.339,5.238,5.665,0.000000
174.582336,-18.756,140.696106,0.001732,8.337,5.272,5.699,0.000000
175.186752,-18.410,139.192139,0.001665,8.335,5.306,5.734,0.000000
175.793182,-18.083,137.578049,0.001604,8.333,5.341,5.768,0.000000
176.401703,-17.735,135.721985,0.001541,8.331,5.375,5.803,0.000000
177.012253,-17.600,130.299484,0.001518,8.329,5.410,5.837,0.000000
177.625092,-17.686,126.130363,0.001533,8.327,5.445,5.872,0.000000
178.239883,-17.680,122.764214,0.001532,8.326,5.480,5.907,0.000000
178.856964,-17.653,117.869637,0.001528,8.324,5.515,5.942,0.000000
179.476013,-17.794,113.833344,0.001553,8.322,5.550,5.977,0.000000
180.097290,-17.942,110.678528,0.001580,8.320,5.585,6.012,0.000000
180.720718,-18.293,106.201485,0.001645,8.318,5.620,6.047,0.000000
181.346298,-18.619,102.290695,0.001708,8.316,5.656,6.083,0.000000
181.974045,-19.150,98.141907,0.001816,8.314,5.691,6.118,0.000000
182.603882,-19.687,98.107918,0.001931,8.312,5.727,6.154,0.000000
183.236084,-20.101,96.003067,0.002026,8.310,5.763,6.190,0.000000
183.870377,-20.797,94.204140,0.002195,8.308,5.799,6.226,0.000000
184.506866,-21.835,93.061249,0.002474,8.306,5.835,6.262,0.000000
185.145462,-22.500,93.938179,0.002671,8.304,5.871,6.298,0.000000
185.786453,-23.176,92.580246,0.002888,8.302,5.908,6.334,0.000000
186.429489,-23.838,93.775497,0.003117,8.300,5.944,6.371,0.000000
187.074921,-24.821,97.036224,0.003491,8.298,5.981,6.408,0.000000
187.722412,-25.269,103.135277,0.003676,8.296,6.017,6.444,0.000000
188.372238,-25.411,108.479790,0.003738,8.294,6.054,6.481,0.000000
189.024307,-25.599,116.481705,0.003819,8.292,6.091,6.518,0.000000
189.678650,-25.041,124.090302,0.003582,8.290,6.128,6.555,0.000000
190.335236,-24.472,131.899170,0.003355,8.288,6.166,6.592,0.000000
190.994110,-24.261,136.513962,0.003274,8.286,6.203,6.630,0.000000
191.655258,-23.874,139.416321,0.003131,8.284,6.240,6.667,0.000000
192.318695,-23.163,141.421082,0.002885,8.282,6.278,6.705,0.000000
192.984421,-22.688,141.817261,0.002732,8.279,6.316,6.742,0.000000
193.652374,-22.210,140.574158,0.002586,8.277,6.354,6.780,0.000000
194.322815,-21.596,139.238571,0.002410,8.275,6.392,6.818,0.000000
194.995392,-21.170,135.390930,0.002295,8.273,6.430,6.856,0.000000
195.670486,-20.877,131.031799,0.002219,8.271,6.468,6.895,0.000000
196.347733,-20.541,126.966637,0.002136,8.269,6.507,6.933,0.000000
197.027405,-20.374,122.782799,0.002095,8.267,6.545,6.972,0.000000
197.709442,-19.882,119.424866,0.001980,8.265,6.584,7.010,0.000000
198.393829,-19.474,115.316154,0.001889,8.263,6.623,7.049,0.000000
199.080597,-19.111,110.801865,0.001812,8.260,6.662,7.088,0.000000
199.769745,-18.843,106.926155,0.001757,8.258,6.701,7.127,0.000000
200.461258,-18.668,102.796272,0.001722,8.256,6.740,7.166,0.000000
201.155182,-18.593,97.832443,0.001707,8.254,6.779,7.206,0.000000
201.851501,-18.509,93.231514,0.001690,8.252,6.819,7.245,0.000000
202.550232,-18.335,87.924263,0.001657,8.250,6.858,7.285,0.000000
203.251389,-18.353,81.146111,0.001660,8.247,6.898,7.324,0.000000
203.954865,-18.541,74.723167,0.001697,8.245,6.938,7.364,0.000000
204.660980,-18.631,68.431068,0.001714,8.243,6.978,7.404,0.000000
205.369339,-19.059,61.103203,0.001801,8.241,7.018,7.444,0.000000
206.080246,-19.146,54.963238,0.001819,8.239,7.059,7.485,0.000000
206.793625,-19.305,49.835274,0.001853,8.236,7.099,7.525,0.000000
207.509567,-19.529,42.255417,0.001902,8.234,7.140,7.566,0.000000
208.227783,-19.788,34.242336,0.001959,8.232,7.180,7.607,0.000000
208.948685,-19.991,25.464195,0.002006,8.230,7.221,7.647,0.000000
209.671890,-20.394,15.461240,0.002102,8.227,7.262,7.688,0.000000
210.397690,-20.483,5.384728,0.002124,8.225,7.304,7.729,0.000000
211.126007,-20.758,-5.656681,0.002192,8.223,7.345,7.771,0.000000
211.856842,-20.873,-17.320698,0.002222,8.220,7.386,7.812,0.000000
212.590210,-21.172,-29.690422,0.002299,8.218,7.428,7.854,0.000000
213.326019,-21.250,-42.427322,0.002320,8.216,7.470,7.895,0.000000
214.064575,-21.406,-56.822197,0.002362,8.214,7.512,7.937,0.000000
214.805481,-21.443,-70.470200,0.002372,8.211,7.554,7.979,0.000000
215.549057,-21.328,-82.865685,0.002341,8.209,7.596,8.021,0.000000
216.295197,-21.061,-95.047989,0.002270,8.207,7.638,8.064,0.000000
217.044037,-21.064,-109.312599,0.002271,8.204,7.681,8.106,0.000000
217.795258,-21.043,-121.759819,0.002266,8.202,7.723,8.149,0.000000
218.549286,-21.086,-134.910599,0.002277,8.200,7.766,8.192,0.000000
219.305710,-21.157,-147.400909,0.002295,8.197,7.809,8.234,0.000000
220.064865,-21.261,-157.754074,0.002323,8.195,7.852,8.277,0.000000
220.826645,-21.529,-167.396790,0.002396,8.192,7.895,8.321,0.000000
221.591064,-21.862,-175.500046,0.002490,8.190,7.938,8.364,0.000000
222.358124,-22.340,173.514496,0.002631,8.188,7.982,8.407,0.000000
223.127731,-22.951,166.245575,0.002823,8.185,8.026,8.451,0.000000
223.900223,-23.284,163.290680,0.002934,8.183,8.069,8.495,0.000000
224.675171,-23.861,158.300491,0.003136,8.180,8.113,8.539,0.000000
225.453018,-24.527,154.301163,0.003387,8.178,8.157,8.583,0.000000
226.233337,-25.265,151.623276,0.003688,8.176,8.202,8.627,0.000000
227.016586,-25.783,151.398285,0.003915,8.173,8.246,8.671,0.000000
227.802322,-25.945,155.069962,0.003990,8.171,8.291,8.716,0.000000
228.590988,-26.571,157.476212,0.004289,8.168,8.335,8.761,0.000000
229.382187,-26.546,164.520660,0.004277,8.166,8.380,8.806,0.000000
230.176208,-27.421,168.444138,0.004731,8.163,8.425,8.851,0.000000
230.972992,-27.027,175.128952,0.004522,8.161,8.471,8.896,0.000000
231.772537,-26.451,-174.419403,0.004233,8.158,8.516,8.941,0.000000
232.574844,-25.423,-167.285019,0.003761,8.156,8.561,8.987,0.000000
233.379822,-24.587,-159.469925,0.003416,8.153,8.607,9.032,0.000000
234.187805,-23.651,-156.439697,0.003068,8.151,8.653,9.078,0.000000
234.998352,-22.714,-154.412643,0.002755,8.148,8.699,9.124,0.000000
235.811935,-21.625,-157.970306,0.002430,8.146,8.745,9.170,0.000000
236.628113,-20.434,-159.735474,0.002119,8.143,8.791,9.216,0.000000
237.447342,-19.453,-162.699249,0.001893,8.140,8.838,9.263,0.000000
238.269180,-18.595,-167.457047,0.001715,8.138,8.884,9.309,0.000000
239.094101,-17.920,-173.750687,0.001588,8.135,8.931,9.356,0.000000
239.921631,-17.243,-179.741959,0.001469,8.133,8.978,9.403,0.000000
240.752151,-16.843,174.481262,0.001403,8.130,9.025,9.450,0.000000
241.585541,-16.455,167.984558,0.001342,8.128,9.072,9.497,0.000000
242.421814,-16.096,162.974976,0.001288,8.125,9.120,9.545,0.000000
243.260986,-15.788,157.972824,0.001243,8.122,9.168,9.592,0.000000
244.102951,-15.804,151.990738,0.001245,8.120,9.215,9.640,0.000000
244.948059,-15.909,147.676697,0.001260,8.117,9.263,9.688,0.000000
245.795975,-15.945,143.045944,0.001266,8.114,9.311,9.736,0.000000
246.646820,-16.044,139.564743,0.001280,8.112,9.360,9.784,0.000000
247.500626,-16.279,136.685654,0.001315,8.109,9.408,9.833,0.000000
248.357376,-16.492,133.427414,0.001348,8.106,9.457,9.881,0.000000
249.216980,-16.708,130.729233,0.001382,8.104,9.505,9.930,0.000000
250.079788,-16.955,128.462006,0.001422,8.101,9.547,9.972,0.000000
250.945343,-17.274,127.423645,0.001476,8.101,9.521,9.944,0.000000
251.814026,-17.396,126.439507,0.001497,8.101,9.494,9.916,0.000000
252.685715,-17.478,124.944237,0.001511,8.101,9.467,9.887,0.000000
253.560410,-17.612,125.293159,0.001535,8.101,9.440,9.859,0.000000
254.438141,-17.715,124.789101,0.001554,8.101,9.413,9.831,0.000000
255.318909,-17.587,124.905762,0.001531,8.100,9.386,9.802,0.000000
256.202728,-17.678,124.035698,0.001547,8.100,9.358,9.773,0.000000
257.089600,-17.634,123.073036,0.001540,8.100,9.331,9.745,0.000000
257.979553,-17.428,122.576790,0.001504,8.100,9.304,9.716,0.000000
258.872559,-17.346,120.690300,0.001490,8.100,9.276,9.687,0.000000
259.768677,-17.266,119.528389,0.001477,8.100,9.248,9.658,0.000000
260.667786,-17.198,118.283669,0.001466,8.100,9.221,9.629,0.000000
261.570251,-17.157,115.011864,0.001459,8.099,9.193,9.600,0.000000
262.475555,-17.087,112.354904,0.001447,8.099,9.165,9.570,0.000000
263.384277,-16.960,109.939079,0.001427,8.099,9.137,9.541,0.000000
264.295898,-16.813,107.505661,0.001403,8.099,9.109,9.512,0.000000
265.210785,-16.912,105.033928,0.001419,8.099,9.080,9.482,0.000000
266.128845,-17.018,101.895172,0.001437,8.099,9.052,9.452,0.000000
267.050201,-17.264,99.299187,0.001478,8.099,9.024,9.422,0.000000
267.974518,-17.580,96.889183,0.001534,8.099,8.995,9.393,0.000000
268.902130,-17.834,95.280106,0.001579,8.098,8.967,9.362,0.000000
269.832977,-18.100,93.313179,0.001629,8.098,8.938,9.332,0.000000
270.767029,-18.495,91.084915,0.001705,8.098,8.909,9.302,0.000000
271.704315,-18.891,89.643265,0.001785,8.098,8.880,9.272,0.000000
272.644714,-19.409,86.720490,0.001894,8.098,8.851,9.241,0.000000
273.588654,-19.936,85.420517,0.002013,8.098,8.822,9.211,0.000000
274.535583,-20.151,83.564713,0.002064,8.098,8.793,9.180,0.000000
275.486053,-20.570,80.696198,0.002167,8.097,8.763,9.149,0.000000
276.439545,-21.263,77.858101,0.002347,8.097,8.734,9.119,0.000000
277.396454,-21.680,74.267838,0.002463,8.097,8.704,9.088,0.000000
278.356689,-22.458,70.292175,0.002694,8.097,8.675,9.057,0.000000
279.320404,-23.537,64.770248,0.003050,8.097,8.645,9.025,0.000000
280.287170,-24.433,60.910294,0.003382,8.097,8.615,8.994,0.000000
281.257416,-25.454,57.136623,0.003804,8.096,8.585,8.963,0.000000
282.231018,-26.755,59.340191,0.004419,8.096,8.555,8.931,0.000000
283.207977,-27.946,65.941124,0.005068,8.096,8.525,8.900,0.000000
284.188354,-28.567,75.943375,0.005444,8.096,8.495,8.868,0.000000
285.171967,-28.686,99.548141,0.005518,8.096,8.465,8.836,0.000000
286.159271,-28.544,147.048981,0.005429,8.096,8.434,8.804,0.000000
287.149689,-27.909,174.389084,0.005046,8.096,8.404,8.772,0.000000
288.143829,-27.083,-179.140488,0.004588,8.095,8.373,8.740,0.000000
289.141144,-26.071,-174.509842,0.004084,8.095,8.342,8.707,0.000000
290.142029,-24.938,-171.795990,0.003584,8.095,8.311,8.675,0.000000
291.146393,-23.977,-173.602264,0.003209,8.095,8.280,8.643,0.000000
292.154358,-23.005,-174.770264,0.002869,8.095,8.249,8.610,0.000000
293.165558,-22.233,179.233063,0.002625,8.095,8.218,8.577,0.000000
294.180389,-21.600,176.202118,0.002441,8.095,8.187,8.544,0.000000
295.198730,-21.127,171.660004,0.002312,8.094,8.155,8.511,0.000000
296.220581,-20.838,168.738892,0.002236,8.094,8.124,8.478,0.000000
297.246002,-20.661,165.507629,0.002191,8.094,8.092,8.445,0.000000
298.274933,-20.674,162.555298,0.002194,8.094,8.060,8.412,0.000000
299.307465,-20.708,159.702423,0.002203,8.094,8.028,8.378,0.000000
300.343414,-20.817,157.848862,0.002230,8.094,7.996,8.345,0.000000
301.383209,-21.184,156.945953,0.002327,8.093,7.964,8.311,0.000000
302.426361,-21.452,156.871368,0.002400,8.093,7.932,8.278,0.000000
303.473389,-21.799,157.887802,0.002497,8.093,7.900,8.244,0.000000
304.523743,-22.036,161.006897,0.002567,8.093,7.868,8.210,0.000000
305.578033,-22.079,162.555542,0.002579,8.093,7.835,8.176,0.000000
306.635681,-22.152,164.568710,0.002600,8.093,7.802,8.141,0.000000
307.697266,-21.912,165.886093,0.002529,8.092,7.770,8.107,0.000000
308.762268,-21.580,168.415344,0.002434,8.092,7.737,8.072,0.000000
309.831085,-21.325,168.729340,0.002363,8.092,7.704,8.038,0.000000
310.903595,-21.018,169.746475,0.002281,8.092,7.671,8.003,0.000000
311.979828,-20.651,168.867065,0.002186,8.092,7.637,7.968,0.000000
313.059784,-20.521,166.981247,0.002153,8.092,7.604,7.933,0.000000
314.143311,-20.304,165.886948,0.002100,8.091,7.571,7.898,0.000000
315.230927,-20.331,164.265091,0.002106,8.091,7.537,7.863,0.000000
316.322113,-20.309,163.311020,0.002100,8.091,7.504,7.828,0.000000
317.417114,-20.519,162.814301,0.002151,8.091,7.470,7.792,0.000000
318.515747,-20.624,162.792496,0.002177,8.091,7.436,7.757,0.000000
319.618469,-20.430,162.291046,0.002128,8.091,7.402,7.721,0.000000
320.724701,-20.567,161.835037,0.002162,8.090,7.368,7.685,0.000000
321.835083,-20.584,162.617416,0.002166,8.090,7.333,7.649,0.000000
322.949005,-20.634,163.051102,0.002179,8.090,7.299,7.613,0.000000
324.066925,-20.661,163.062897,0.002186,8.090,7.265,7.577,0.000000
325.188721,-20.457,163.493851,0.002135,8.090,7.230,7.541,0.000000
326.314392,-20.340,163.377380,0.002106,8.090,7.195,7.504,0.000000
327.443970,-20.235,163.514313,0.002081,8.089,7.160,7.468,0.000000
328.577301,-20.307,161.689087,0.002098,8.089,7.125,7.431,0.000000
329.714874,-20.312,159.791687,0.002099,8.089,7.090,7.394,0.000000
330.856232,-20.289,156.982819,0.002093,8.089,7.055,7.357,0.000000
332.001526,-20.472,153.775589,0.002137,8.089,7.020,7.320,0.000000
333.150635,-20.557,149.839554,0.002158,8.089,6.984,7.283,0.000000
334.304016,-21.035,143.683807,0.002279,8.088,6.949,7.246,0.000000
335.461090,-21.792,139.724487,0.002487,8.088,6.913,7.208,0.000000
336.622498,-22.809,137.041595,0.002796,8.088,6.877,7.171,0.000000
337.787598,-23.846,135.775925,0.003150,8.088,6.841,7.133,0.000000
338.956879,-25.187,141.250854,0.003676,8.088,6.805,7.095,0.000000
340.130219,-26.543,149.105286,0.004297,8.088,6.769,7.057,0.000000
341.307617,-27.640,163.740570,0.004876,8.087,6.733,7.019,0.000000
342.489105,-28.732,-173.799561,0.005529,8.087,6.696,6.981,0.000000
343.674652,-28.963,-149.777924,0.005677,8.087,6.660,6.943,0.000000
344.864319,-28.709,-134.911011,0.005512,8.087,6.623,6.904,0.000000
346.058105,-27.578,-124.740288,0.004838,8.087,6.586,6.865,0.000000
347.256042,-26.250,-120.033440,0.004152,8.086,6.549,6.827,0.000000
348.457947,-25.189,-118.828903,0.003674,8.086,6.512,6.788,0.000000
349.664337,-24.224,-118.693810,0.003287,8.086,6.475,6.749,0.000000
350.874573,-23.338,-119.969688,0.002968,8.086,6.437,6.710,0.000000
352.089325,-22.619,-122.211655,0.002732,8.086,6.400,6.670,0.000000
353.307953,-22.266,-123.593910,0.002623,8.086,6.362,6.631,0.000000
354.530975,-21.908,-125.141029,0.002517,8.085,6.325,6.591,0.000000
355.758240,-21.427,-127.107826,0.002382,8.085,6.287,6.552,0.000000
356.989716,-21.373,-129.615265,0.002367,8.085,6.249,6.512,0.000000
358.225494,-21.293,-131.198868,0.002345,8.085,6.211,6.472,0.000000
359.465515,-21.152,-132.548477,0.002307,8.085,6.172,6.432,0.000000
360.709869,-21.104,-133.735489,0.002295,8.084,6.134,6.391,0.000000
361.958496,-21.197,-134.422562,0.002319,8.084,6.096,6.351,0.000000
363.211456,-21.193,-134.306091,0.002318,8.084,6.057,6.310,0.000000
364.468750,-21.001,-134.408493,0.002268,8.084,6.018,6.270,0.000000
365.730408,-20.923,-132.756821,0.002247,8.084,5.979,6.229,0.000000
366.996246,-20.794,-131.350433,0.002214,8.083,5.940,6.188,0.000000
368.266815,-20.618,-130.583084,0.002170,8.083,5.901,6.147,0.000000
369.541443,-20.419,-130.255112,0.002121,8.083,5.862,6.105,0.000000
370.820648,-20.307,-130.794067,0.002094,8.083,5.822,6.064,0.000000
372.104309,-20.117,-130.543671,0.002048,8.083,5.782,6.022,0.000000
373.392395,-20.024,-130.231369,0.002027,8.082,5.743,5.981,0.000000
374.684937,-19.969,-129.688568,0.002014,8.082,5.703,5.939,0.000000
375.982117,-19.989,-129.765350,0.002018,8.082,5.663,5.897,0.000000
377.283447,-19.915,-129.731110,0.002001,8.082,5.623,5.855,0.000000
378.589447,-19.970,-130.524002,0.002014,8.082,5.582,5.813,0.000000
379.899994,-20.003,-130.263916,0.002022,8.081,5.542,5.770,0.000000
381.215057,-19.930,-129.815948,0.002005,8.081,5.501,5.728,0.000000
382.534668,-19.907,-129.954330,0.001999,8.081,5.461,5.685,0.000000
383.858673,-19.876,-131.930679,0.001992,8.081,5.420,5.642,0.000000
385.187622,-19.774,-133.031799,0.001969,8.081,5.379,5.599,0.000000
386.520813,-19.911,-133.949478,0.002000,8.080,5.338,5.556,0.000000
387.859009,-20.024,-135.008759,0.002026,8.080,5.296,5.513,0.000000
389.201416,-20.040,-135.972794,0.002030,8.080,5.255,5.469,0.000000
390.548889,-19.875,-136.483932,0.001992,8.080,5.213,5.426,0.000000
391.900635,-19.915,-136.954193,0.002001,8.080,5.172,5.382,0.000000
393.257416,-20.122,-137.982056,0.002049,8.079,5.130,5.338,0.000000
394.618530,-20.244,-138.097198,0.002079,8.079,5.088,5.294,0.000000
395.984558,-20.347,-137.763458,0.002104,8.079,5.046,5.250,0.000000
397.355316,-20.228,-138.606415,0.002075,8.079,5.003,5.205,0.000000
398.730804,-20.210,-140.974609,0.002072,8.079,4.961,5.161,0.000000
400.111053,-20.293,-143.943085,0.002092,8.078,4.918,5.116,0.000000
401.495880,-20.656,-148.186386,0.002182,8.078,4.876,5.071,0.000000
402.885895,-21.110,-152.896591,0.002299,8.078,4.833,5.026,0.000000
404.280365,-21.539,-158.038422,0.002415,8.078,4.790,4.981,0.000000
405.679993,-22.082,-166.659851,0.002571,8.078,4.747,4.936,0.000000
407.084106,-22.738,-176.095078,0.002773,8.077,4.703,4.890,0.000000
408.493500,-23.795,174.769409,0.003132,8.077,4.660,4.845,0.000000
409.907349,-25.087,161.950760,0.003634,8.077,4.616,4.799,0.000000
411.326477,-26.096,152.259583,0.004082,8.077,4.572,4.753,0.000000
412.750122,-26.806,135.924011,0.004429,8.076,4.528,4.707,0.000000
414.178925,-27.307,81.329430,0.004693,8.076,4.484,4.661,0.000000
415.612640,-27.642,12.531245,0.004879,8.076,4.440,4.614,0.000000
417.051331,-27.405,-5.145212,0.004748,8.076,4.396,4.568,0.000000
418.494995,-26.769,-17.219828,0.004413,8.076,4.351,4.521,0.000000
419.943481,-25.833,-23.880468,0.003964,8.075,4.307,4.474,0.000000
421.397369,-25.017,-29.851656,0.003609,8.075,4.262,4.427,0.000000
422.855865,-23.963,-33.868977,0.003197,8.075,4.217,4.380,0.000000
424.319855,-23.157,-37.433964,0.002913,8.075,4.171,4.333,0.000000
425.788666,-22.345,-38.047768,0.002653,8.074,4.126,4.285,0.000000
427.262604,-21.560,-42.434204,0.002424,8.074,4.081,4.237,0.000000
428.741394,-20.993,-45.352245,0.002271,8.074,4.035,4.189,0.000000
430.225739,-20.577,-48.931877,0.002165,8.074,3.989,4.141,0.000000
431.714813,-20.407,-53.566860,0.002123,8.074,3.943,4.093,0.000000
433.209259,-20.284,-57.977253,0.002093,8.073,3.897,4.045,0.000000
434.708862,-20.186,-62.305058,0.002070,8.073,3.851,3.996,0.000000
436.213654,-20.251,-65.762688,0.002086,8.073,3.805,3.948,0.000000
437.723663,-20.586,-68.796181,0.002168,8.073,3.758,3.899,0.000000
439.238892,-21.069,-71.809250,0.002293,8.072,3.711,3.850,0.000000
440.759369,-21.662,-72.573837,0.002455,8.072,3.664,3.801,0.000000
442.285095,-22.255,-72.935722,0.002629,8.072,3.617,3.751,0.000000
443.816132,-22.935,-72.684631,0.002843,8.072,3.570,3.702,0.000000
445.352448,-23.533,-69.574059,0.003046,8.072,3.523,3.652,0.000000
446.894073,-23.969,-65.087486,0.003202,8.071,3.475,3.602,0.000000
448.440857,-24.226,-60.517174,0.003299,8.071,3.427,3.552,0.000000
449.993408,-24.176,-56.170235,0.003280,8.071,3.379,3.502,0.000000
451.550873,-23.775,-52.435810,0.003132,8.071,3.331,3.451,0.000000
453.114197,-23.377,-49.384987,0.002991,8.070,3.283,3.401,0.000000
454.682495,-22.785,-47.409477,0.002795,8.070,3.235,3.350,0.000000
456.256409,-22.412,-45.822090,0.002677,8.070,3.186,3.299,0.000000
457.835815,-22.001,-46.190147,0.002553,8.070,3.137,3.248,0.000000
459.420654,-21.708,-48.519924,0.002469,8.069,3.089,3.197,0.000000
461.010986,-21.591,-50.683342,0.002435,8.069,3.039,3.145,0.000000
462.606842,-21.715,-51.931389,0.002470,8.069,2.990,3.093,0.000000
464.208221,-21.872,-53.338848,0.002515,8.069,2.941,3.042,0.000000
465.815125,-22.126,-54.671928,0.002590,8.068,2.891,2.990,0.000000
467.427582,-22.433,-55.510025,0.002682,8.068,2.841,2.937,0.000000
469.045410,-22.786,-55.486851,0.002793,8.068,2.792,2.885,0.000000
470.669312,-22.876,-57.395882,0.002822,8.068,2.741,2.833,0.000000
472.298340,-23.148,-59.054146,0.002911,8.067,2.691,2.780,0.000000
473.933502,-23.393,-61.391022,0.002994,8.067,2.641,2.727,0.000000
475.573853,-23.710,-66.476585,0.003104,8.067,2.590,2.674,0.000000
477.220093,-24.204,-70.060524,0.003285,8.067,2.539,2.621,0.000000
478.872040,-24.861,-76.077293,0.003543,8.066,2.488,2.567,0.000000
480.529724,-25.594,-85.724831,0.003854,8.066,2.437,2.513,0.000000
482.193146,-26.200,-97.401192,0.004132,8.066,2.386,2.460,0.000000
483.862305,-26.780,-110.984581,0.004416,8.066,2.334,2.406,0.000000
485.537262,-27.345,-126.816025,0.004712,8.065,2.283,2.351,0.000000
487.217987,-27.224,-149.168808,0.004646,8.065,2.231,2.297,0.000000
488.904541,-26.983,-175.755463,0.004519,8.065,2.179,2.242,0.000000
490.596710,-26.375,156.749008,0.004212,8.065,2.127,2.188,0.000000
492.295197,-25.565,133.692673,0.003837,8.064,2.074,2.133,0.000000
493.999115,-24.931,113.533249,0.003566,8.064,2.022,2.078,0.000000
495.709381,-24.181,97.029640,0.003270,8.064,1.969,2.022,0.000000
497.425110,-23.665,82.698532,0.003081,8.064,1.916,1.967,0.000000
499.147003,-23.377,71.022163,0.002980,8.063,1.863,1.911,0.000000
500.874847,-23.440,60.924644,0.003001,8.063,1.822,1.868,0.000000
502.608917,-23.883,54.578720,0.003158,8.063,1.792,1.839,0.000000
504.348541,-24.303,51.150555,0.003314,8.063,1.762,1.809,0.000000
506.094391,-24.788,48.482235,0.003504,8.063,1.732,1.780,0.000000
507.846283,-25.356,46.980579,0.003739,8.063,1.702,1.750,0.000000
509.604279,-25.861,47.702126,0.003962,8.063,1.672,1.720,0.000000
511.368317,-26.442,48.742046,0.004235,8.063,1.642,1.690,0.000000
513.138489,-26.776,52.084545,0.004399,8.063,1.611,1.660,0.000000
514.914795,-26.991,57.073124,0.004508,8.063,1.581,1.629,0.000000
516.696960,-26.738,59.486145,0.004377,8.063,1.550,1.599,0.000000
518.485840,-26.720,59.366444,0.004366,8.063,1.520,1.569,0.000000
520.280334,-26.797,58.348743,0.004404,8.063,1.489,1.538,0.000000
522.081360,-26.927,58.451473,0.004470,8.062,1.458,1.507,0.000000
523.888611,-27.270,59.385269,0.004649,8.062,1.427,1.477,0.000000
525.702393,-27.625,57.791248,0.004842,8.062,1.396,1.446,0.000000
527.521912,-28.148,57.825787,0.005142,8.062,1.365,1.415,0.000000
529.348206,-28.867,56.363651,0.005584,8.062,1.333,1.384,0.000000
531.180359,-29.941,54.731182,0.006318,8.062,1.302,1.353,0.000000
533.019104,-30.978,52.304604,0.007118,8.062,1.270,1.321,0.000000
534.864258,-31.783,52.706970,0.007806,8.062,1.239,1.290,0.000000
536.715698,-31.985,49.408821,0.007987,8.062,1.207,1.258,0.000000
538.573608,-31.814,56.754391,0.007829,8.062,1.175,1.227,0.000000
540.437683,-30.989,-167.340088,0.007117,8.062,1.143,1.195,0.000000
542.308777,-29.744,-147.344620,0.006164,8.062,1.111,1.163,0.000000
544.185730,-28.157,-150.561951,0.005133,8.062,1.079,1.131,0.000000
546.069763,-26.481,-153.025360,0.004232,8.062,1.047,1.099,0.000000
547.959778,-25.135,-157.207489,0.003623,8.062,1.014,1.067,0.000000
549.856873,-23.854,-162.492126,0.003126,8.062,0.982,1.035,0.000000
551.760010,-22.792,-169.532654,0.002766,8.061,0.949,1.002,0.000000
553.670288,-22.003,-175.314682,0.002525,8.061,0.916,0.970,0.000000
555.586609,-21.315,179.364334,0.002333,8.061,0.883,0.937,0.000000
557.509827,-20.756,174.495239,0.002187,8.061,0.850,0.904,0.000000
559.439697,-20.343,170.626099,0.002085,8.061,0.817,0.872,0.000000
561.376282,-20.202,166.811401,0.002052,8.061,0.784,0.839,0.000000
563.319519,-19.951,163.109085,0.001993,8.061,0.751,0.805,0.000000
565.269287,-19.847,160.005630,0.001970,8.061,0.717,0.772,0.000000
567.226318,-19.881,156.983231,0.001977,8.061,0.684,0.739,0.000000
569.189514,-20.006,154.137009,0.002006,8.061,0.650,0.706,0.000000
571.160156,-20.074,152.255219,0.002022,8.061,0.616,0.672,0.000000
573.136963,-20.251,150.488770,0.002063,8.061,0.582,0.638,0.000000
575.121216,-20.258,149.485428,0.002065,8.061,0.548,0.605,0.000000
577.111816,-20.449,148.681000,0.002111,8.061,0.514,0.571,0.000000
579.109863,-20.602,146.997498,0.002148,8.061,0.480,0.537,0.000000
581.114197,-20.937,145.217438,0.002233,8.060,0.446,0.503,0.000000
583.125793,-21.397,143.574875,0.002354,8.060,0.411,0.468,0.000000
585.144348,-21.894,142.942810,0.002493,8.060,0.377,0.434,0.000000
587.169922,-22.574,141.812332,0.002696,8.060,0.342,0.399,0.000000
589.202454,-23.359,143.568039,0.002951,8.060,0.307,0.365,0.000000
591.241760,-24.172,146.775101,0.003241,8.060,0.272,0.330,0.000000
593.288696,-25.069,150.390732,0.003593,8.060,0.237,0.295,0.000000
595.342468,-25.930,156.096390,0.003968,8.060,0.202,0.260,0.000000
597.403320,-26.274,160.989395,0.004128,8.060,0.166,0.225,0.000000
599.471008,-26.628,165.719986,0.004300,8.060,0.131,0.190,0.000000
601.546448,-26.624,168.710220,0.004298,8.060,0.095,0.155,0.000000
603.628479,-26.503,170.382339,0.004238,8.060,0.060,0.119,0.000000
605.718262,-26.441,169.836685,0.004208,8.060,0.024,0.084,0.000000
607.814758,-26.555,169.316605,0.004264,8.060,-0.012,0.048,0.000000
609.918762,-27.004,168.771652,0.004490,8.060,-0.048,0.012,0.000000
612.030090,-27.524,170.215286,0.004767,8.059,-0.084,-0.024,0.000000
614.148682,-28.186,174.915527,0.005146,8.059,-0.121,-0.060,0.000000
616.274658,-28.456,-179.768585,0.005309,8.059,-0.157,-0.096,0.000000
618.407654,-28.563,-172.902252,0.005376,8.059,-0.194,-0.132,0.000000
620.548645,-28.637,-165.941345,0.005422,8.059,-0.231,-0.169,0.000000
622.696716,-28.341,-161.688141,0.005242,8.059,-0.267,-0.205,0.000000
624.852295,-28.054,-160.969025,0.005073,8.059,-0.304,-0.242,0.000000
627.015259,-27.589,-163.396088,0.004808,8.059,-0.341,-0.279,0.000000
629.185730,-27.442,-167.611252,0.004728,8.059,-0.379,-0.316,0.000000
631.363464,-27.433,-179.048813,0.004723,8.059,-0.416,-0.353,0.000000
633.549316,-27.962,170.404510,0.005019,8.059,-0.453,-0.390,0.000000
635.742126,-28.455,154.966324,0.005312,8.059,-0.491,-0.427,0.000000
637.942810,-29.137,136.287292,0.005746,8.059,-0.529,-0.465,0.000000
640.151123,-29.652,113.038734,0.006097,8.059,-0.567,-0.502,0.000000
642.367065,-30.113,85.717491,0.006430,8.058,-0.605,-0.540,0.000000
644.590698,-30.582,53.491573,0.006786,8.058,-0.643,-0.578,0.000000
646.822327,-30.796,27.316734,0.006955,8.058,-0.681,-0.616,0.000000
649.061096,-30.616,5.473218,0.006812,8.058,-0.719,-0.654,0.000000
651.307861,-30.093,-12.200746,0.006415,8.058,-0.758,-0.692,0.000000
653.562439,-29.403,-23.167358,0.005925,8.058,-0.797,-0.731,0.000000
655.824829,-28.667,-34.742332,0.005443,8.058,-0.835,-0.769,0.000000
658.095032,-27.978,-45.099705,0.005029,8.058,-0.874,-0.808,0.000000
660.372803,-27.250,-54.528290,0.004624,8.058,-0.913,-0.847,0.000000
662.659058,-26.760,-65.207405,0.004370,8.058,-0.953,-0.885,0.000000
664.952637,-26.214,-76.050674,0.004104,8.058,-0.992,-0.925,0.000000
667.254761,-25.841,-87.040321,0.003932,8.058,-1.031,-0.964,0.000000
669.564209,-25.501,-99.251976,0.003781,8.058,-1.071,-1.003,0.000000
671.882019,-25.434,-112.804733,0.003751,8.057,-1.111,-1.042,0.000000
674.207764,-25.583,-128.013138,0.003816,8.057,-1.151,-1.082,0.000000
676.541992,-25.919,-144.424957,0.003965,8.057,-1.191,-1.122,0.000000
678.883545,-26.416,-161.268341,0.004198,8.057,-1.231,-1.162,0.000000
681.233582,-27.119,-178.761612,0.004551,8.057,-1.271,-1.202,0.000000
683.591797,-27.875,164.242981,0.004964,8.057,-1.312,-1.242,0.000000
685.958130,-28.752,146.911896,0.005491,8.057,-1.352,-1.282,0.000000
688.332642,-29.692,131.492508,0.006117,8.057,-1.393,-1.322,0.000000
690.715027,-30.411,119.250061,0.006644,8.057,-1.434,-1.363,0.000000
693.106384,-31.215,108.493370,0.007287,8.057,-1.475,-1.404,0.000000
695.505310,-31.740,96.728043,0.007740,8.057,-1.516,-1.445,0.000000
697.913208,-32.211,88.264282,0.008170,8.057,-1.557,-1.486,0.000000
700.328796,-32.613,78.297997,0.008555,8.057,-1.599,-1.527,0.000000
702.753052,-32.975,75.804695,0.008918,8.056,-1.640,-1.568,0.000000
705.185730,-33.282,84.657913,0.009237,8.056,-1.682,-1.609,0.000000
707.627136,-33.655,93.492676,0.009640,8.056,-1.724,-1.651,0.000000
710.076355,-34.042,102.919624,0.010078,8.056,-1.766,-1.693,0.000000
712.534363,-34.673,123.731209,0.010836,8.056,-1.808,-1.734,0.000000
715.000854,-34.899,164.743988,0.011119,8.056,-1.850,-1.776,0.000000
717.475891,-34.512,-177.010071,0.010632,8.056,-1.893,-1.819,0.000000
719.959534,-33.765,-173.901535,0.009755,8.056,-1.935,-1.861,0.000000
722.451416,-32.239,179.518829,0.008182,8.056,-1.978,-1.903,0.000000
724.952637,-30.866,173.307098,0.006984,8.056,-2.021,-1.946,0.000000
727.461792,-29.503,169.160431,0.005969,8.056,-2.064,-1.989,0.000000
729.980347,-28.396,166.949646,0.005254,8.056,-2.107,-2.031,0.000000
732.506897,-27.634,162.614105,0.004812,8.055,-2.150,-2.074,0.000000
735.042908,-26.988,154.411072,0.004466,8.055,-2.194,-2.118,0.000000
737.586975,-26.440,146.544632,0.004192,8.055,-2.237,-2.161,0.000000
740.140564,-25.761,137.411636,0.003876,8.055,-2.281,-2.204,0.000000
742.702332,-25.436,128.733200,0.003733,8.055,-2.325,-2.248,0.000000
745.273254,-25.380,121.019791,0.003709,8.055,-2.369,-2.292,0.000000
747.853088,-25.366,115.226997,0.003702,8.055,-2.414,-2.336,0.000000
750.441895,-25.238,110.149727,0.003648,8.055,-2.458,-2.380,0.000000
753.039612,-24.742,105.027229,0.003444,8.055,-2.502,-2.424,0.000000
755.646362,-24.223,97.901367,0.003244,8.055,-2.547,-2.468,0.000000
758.262146,-23.936,87.513512,0.003138,8.055,-2.592,-2.513,0.000000
760.886597,-24.062,77.202454,0.003183,8.055,-2.637,-2.558,0.000000
763.520813,-24.553,65.884018,0.003368,8.054,-2.682,-2.602,0.000000
766.163818,-24.918,56.102512,0.003512,8.054,-2.727,-2.647,0.000000
768.816040,-25.336,45.794453,0.003684,8.054,-2.773,-2.692,0.000000
771.476990,-26.038,33.810635,0.003994,8.054,-2.819,-2.738,0.000000
774.147888,-27.172,22.173409,0.004551,8.054,-2.864,-2.783,0.000000
776.827332,-28.571,14.253950,0.005347,8.054,-2.910,-2.829,0.000000
779.516785,-29.730,16.169743,0.006110,8.054,-2.956,-2.875,0.000000
782.214844,-30.371,31.870453,0.006578,8.054,-3.003,-2.921,0.000000
784.922546,-30.586,52.362843,0.006743,8.054,-3.049,-2.967,0.000000
787.639648,-30.587,69.475815,0.006743,8.054,-3.096,-3.013,0.000000
790.366150,-30.982,84.022163,0.007057,8.054,-3.142,-3.059,0.000000
793.102112,-31.275,97.576225,0.007299,8.053,-3.189,-3.106,0.000000
795.847107,-31.008,96.324593,0.007078,8.053,-3.236,-3.153,0.000000
798.602417,-31.055,89.883530,0.007117,8.053,-3.284,-3.199,0.000000
801.366882,-31.512,77.076523,0.007501,8.053,-3.331,-3.247,0.000000
804.140930,-31.780,69.331123,0.007736,8.053,-3.379,-3.294,0.000000
806.924133,-31.937,72.518387,0.007877,8.053,-3.426,-3.341,0.000000
809.717773,-31.749,95.816673,0.007708,8.053,-3.474,-3.389,0.000000
812.520325,-31.126,126.575493,0.007175,8.053,-3.522,-3.436,0.000000
815.333374,-30.529,149.775879,0.006699,8.053,-3.571,-3.484,0.000000
818.155334,-30.227,167.078293,0.006469,8.053,-3.619,-3.532,0.000000
820.987488,-29.659,176.976212,0.006060,8.053,-3.668,-3.581,0.000000
823.829407,-28.570,177.066666,0.005346,8.052,-3.716,-3.629,0.000000
826.681213,-27.242,174.049835,0.004588,8.052,-3.765,-3.677,0.000000
829.542847,-26.229,167.358276,0.004083,8.052,-3.814,-3.726,0.000000
832.414429,-25.623,161.957306,0.003808,8.052,-3.864,-3.775,0.000000
835.295898,-25.199,158.025070,0.003626,8.052,-3.913,-3.824,0.000000
838.187378,-24.855,153.518814,0.003486,8.052,-3.963,-3.873,0.000000
841.088867,-24.729,149.268478,0.003435,8.052,-4.012,-3.923,0.000000
844.000000,-24.770,144.524658,0.003452,8.052,-4.062,-3.972,0.000000
846.921997,-25.117,140.570221,0.003592,8.052,-4.112,-4.022,0.000000
849.853333,-25.721,139.695587,0.003851,8.052,-4.163,-4.072,0.000000
852.795593,-26.727,143.204147,0.004324,8.051,-4.213,-4.122,0.000000
855.747253,-27.398,149.096573,0.004671,8.051,-4.264,-4.172,0.000000
858.709534,-27.597,156.936203,0.004780,8.051,-4.314,-4.223,0.000000
861.682068,-27.540,166.041336,0.004748,8.051,-4.365,-4.273,0.000000
864.664856,-26.980,174.976395,0.004452,8.051,-4.417,-4.324,0.000000
867.657959,-26.054,-178.122177,0.004002,8.051,-4.468,-4.375,0.000000
870.661499,-25.043,-173.673340,0.003563,8.051,-4.519,-4.426,0.000000
873.675354,-24.237,-173.066483,0.003248,8.051,-4.571,-4.477,0.000000
876.699707,-23.590,-176.552521,0.003015,8.051,-4.623,-4.529,0.000000
879.734497,-23.447,176.441223,0.002967,8.051,-4.675,-4.581,0.000000
882.779419,-23.942,171.656708,0.003141,8.050,-4.727,-4.632,0.000000
885.835632,-24.530,173.673340,0.003362,8.050,-4.780,-4.684,0.000000
888.901672,-24.853,179.329285,0.003489,8.050,-4.832,-4.737,0.000000
891.979126,-25.190,-176.098923,0.003627,8.050,-4.885,-4.789,0.000000
895.066406,-25.752,-172.668579,0.003869,8.050,-4.938,-4.842,0.000000
898.164734,-26.689,-166.494476,0.004310,8.050,-4.991,-4.894,0.000000
901.273865,-27.566,-157.913544,0.004768,8.050,-5.044,-4.947,0.000000
904.393738,-28.148,-145.133026,0.005098,8.050,-5.098,-5.000,0.000000
907.524414,-27.858,-135.190582,0.004931,8.050,-5.151,-5.054,0.000000
910.665894,-27.388,-134.047333,0.004671,8.050,-5.205,-5.107,0.000000
913.818298,-27.631,-134.601608,0.004804,8.049,-5.259,-5.161,0.000000
916.981567,-28.600,-130.597504,0.005371,8.049,-5.314,-5.215,0.000000
920.155823,-29.483,-122.545410,0.005946,8.049,-5.368,-5.269,0.000000
923.341003,-30.100,-111.786240,0.006383,8.049,-5.423,-5.323,0.000000
926.537292,-29.946,-99.288879,0.006271,8.049,-5.477,-5.377,0.000000
929.744141,-29.389,-88.530304,0.005883,8.049,-5.532,-5.432,0.000000
932.963013,-28.792,-80.431793,0.005493,8.049,-5.588,-5.487,0.000000
936.192139,-28.119,-73.523819,0.005084,8.049,-5.643,-5.542,0.000000
939.432861,-27.360,-66.562546,0.004659,8.049,-5.699,-5.597,0.000000
942.684814,-26.595,-61.492241,0.004267,8.048,-5.754,-5.652,0.000000
945.948486,-25.685,-58.000332,0.003844,8.048,-5.810,-5.708,0.000000
949.222534,-24.743,-57.217224,0.003449,8.048,-5.866,-5.763,0.000000
952.508850,-24.131,-60.211845,0.003214,8.048,-5.923,-5.819,0.000000
955.805603,-23.885,-66.337585,0.003125,8.048,-5.979,-5.875,0.000000
959.114258,-24.184,-74.454628,0.003234,8.048,-6.036,-5.932,0.000000
962.434326,-25.016,-79.951050,0.003559,8.048,-6.093,-5.988,0.000000
965.765930,-25.913,-77.187439,0.003946,8.048,-6.150,-6.045,0.000000
969.109009,-26.623,-73.439598,0.004282,8.048,-6.207,-6.102,0.000000
972.463257,-27.590,-71.095200,0.004787,8.047,-6.265,-6.159,0.000000
975.830017,-29.067,-70.376884,0.005674,8.047,-6.323,-6.216,0.000000
979.207458,-30.958,-63.146534,0.007054,8.047,-6.381,-6.274,0.000000
982.597595,-32.823,-56.666374,0.008743,8.047,-6.439,-6.331,0.000000
985.998474,-33.889,-54.205673,0.009885,8.047,-6.497,-6.389,0.000000
989.412109,-32.759,-50.977734,0.008679,8.047,-6.556,-6.447,0.000000
992.836609,-31.112,-66.403694,0.007180,8.047,-6.614,-6.506,0.000000
996.273926,-30.109,-172.669724,0.006397,8.047,-6.673,-6.564,0.000000
999.722168,-29.444,145.327728,0.005925,8.047,-6.732,-6.623,0.000000
1003.182800,-28.960,139.116409,0.005604,8.047,-6.758,-6.648,0.000000
1006.655457,-28.239,141.554123,0.005158,8.047,-6.782,-6.670,0.000000
1010.140076,-27.038,141.769440,0.004492,8.046,-6.805,-6.692,0.000000
1013.636780,-25.760,136.868179,0.003877,8.046,-6.828,-6.715,0.000000
1017.145142,-24.960,132.560852,0.003536,8.046,-6.852,-6.737,0.000000
1020.666565,-24.434,131.696167,0.003329,8.046,-6.875,-6.759,0.000000
1024.199219,-23.998,132.725006,0.003167,8.046,-6.899,-6.782,0.000000
1027.745117,-23.474,135.308212,0.002982,8.046,-6.922,-6.805,0.000000
1031.302246,-22.966,136.574753,0.002813,8.046,-6.946,-6.827,0.000000
1034.872803,-22.458,137.013824,0.002653,8.046,-6.970,-6.850,0.000000
1038.454590,-22.159,136.597183,0.002564,8.046,-6.994,-6.873,0.000000
1042.049805,-22.089,136.499985,0.002544,8.046,-7.018,-6.896,0.000000
1045.656494,-22.135,136.433701,0.002557,8.046,-7.042,-6.919,0.000000
1049.276123,-22.329,135.818253,0.002615,8.046,-7.066,-6.942,0.000000
1052.908325,-22.830,135.420242,0.002770,8.046,-7.091,-6.965,0.000000
1056.553101,-23.543,135.898361,0.003007,8.046,-7.115,-6.988,0.000000
1060.210571,-24.281,141.580994,0.003274,8.046,-7.139,-7.012,0.000000
1063.880005,-24.936,148.793503,0.003530,8.046,-7.164,-7.035,0.000000
1067.563354,-25.720,156.206421,0.003864,8.046,-7.188,-7.059,0.000000
1071.258301,-26.691,167.881104,0.004321,8.046,-7.213,-7.082,0.000000
1074.967041,-27.170,-176.022552,0.004566,8.046,-7.238,-7.106,0.000000
1078.688232,-27.452,-158.372543,0.004716,8.046,-7.263,-7.129,0.000000
1082.422241,-27.143,-141.557526,0.004552,8.046,-7.288,-7.153,0.000000
1086.168579,-26.238,-128.126892,0.004101,8.046,-7.313,-7.177,0.000000
1089.929077,-25.028,-119.047844,0.003568,8.046,-7.338,-7.201,0.000000
1093.701416,-24.089,-112.409966,0.003202,8.046,-7.363,-7.225,0.000000
1097.487427,-22.955,-105.474434,0.002810,8.046,-7.388,-7.249,0.000000
1101.286499,-21.819,-102.565132,0.002466,8.046,-7.414,-7.274,0.000000
1105.098755,-21.015,-102.085884,0.002248,8.046,-7.439,-7.298,0.000000
1108.924194,-20.439,-100.840111,0.002104,8.046,-7.465,-7.322,0.000000
1112.762817,-19.899,-101.208939,0.001977,8.046,-7.490,-7.347,0.000000
1116.614746,-19.698,-102.303276,0.001932,8.046,-7.516,-7.371,0.000000
1120.480103,-19.671,-103.092148,0.001926,8.045,-7.542,-7.396,0.000000
1124.358765,-19.802,-104.401695,0.001955,8.045,-7.568,-7.421,0.000000
1128.250854,-20.233,-105.827576,0.002054,8.045,-7.594,-7.445,0.000000
1132.156372,-20.994,-105.143784,0.002243,8.045,-7.620,-7.470,0.000000
1136.075562,-21.800,-102.595688,0.002461,8.045,-7.646,-7.495,0.000000
1140.007568,-22.586,-99.293739,0.002694,8.045,-7.672,-7.520,0.000000
1143.953857,-23.325,-96.628143,0.002932,8.045,-7.699,-7.546,0.000000
1147.913818,-24.155,-95.453789,0.003226,8.045,-7.725,-7.571,0.000000
1151.887451,-25.028,-96.517609,0.003566,8.045,-7.751,-7.596,0.000000
1155.874878,-26.092,-100.799408,0.004030,8.045,-7.778,-7.622,0.000000
1159.876099,-26.903,-107.379539,0.004424,8.045,-7.805,-7.647,0.000000
1163.891113,-26.947,-117.226997,0.004446,8.045,-7.832,-7.673,0.000000
1167.920044,-26.739,-135.234268,0.004340,8.045,-7.859,-7.698,0.000000
1171.962891,-26.476,-162.330795,0.004211,8.045,-7.886,-7.724,0.000000
1176.019775,-26.206,167.111832,0.004082,8.045,-7.913,-7.750,0.000000
1180.090698,-25.825,142.626755,0.003907,8.045,-7.940,-7.776,0.000000
1184.175781,-25.357,126.068092,0.003701,8.045,-7.967,-7.802,0.000000
1188.274902,-24.575,115.236031,0.003383,8.045,-7.994,-7.828,0.000000
1192.388306,-23.375,107.881287,0.002946,8.045,-8.022,-7.854,0.000000
1196.515259,-22.392,101.455116,0.002631,8.045,-8.050,-7.881,0.000000
1200.657227,-21.714,97.916862,0.002433,8.045,-8.077,-7.907,0.000000
1204.813965,-21.095,95.869476,0.002265,8.045,-8.105,-7.934,0.000000
1208.984009,-20.668,93.699821,0.002156,8.045,-8.133,-7.960,0.000000
1213.169067,-20.584,92.196938,0.002135,8.045,-8.161,-7.987,0.000000
1217.368530,-20.606,90.658363,0.002140,8.045,-8.189,-8.014,0.000000
1221.582642,-20.729,88.038017,0.002170,8.045,-8.217,-8.041,0.000000
1225.811279,-21.215,84.896278,0.002295,8.045,-8.245,-8.068,0.000000
1230.054565,-22.205,83.761406,0.002572,8.045,-8.273,-8.095,0.000000
1234.311890,-23.306,87.148987,0.002920,8.044,-8.302,-8.122,0.000000
1238.585205,-24.629,90.780220,0.003400,8.044,-8.330,-8.149,0.000000
1242.872803,-26.461,96.571167,0.004198,8.044,-8.359,-8.176,0.000000
1247.175049,-28.219,104.246750,0.005140,8.044,-8.388,-8.204,0.000000
1251.492310,-29.437,117.721107,0.005914,8.044,-8.417,-8.231,0.000000
1255.823975,-30.111,142.435913,0.006390,8.044,-8.446,-8.259,0.000000
1260.171753,-30.626,171.590759,0.006779,8.044,-8.475,-8.287,0.000000
1264.533325,-30.990,-164.199524,0.007068,8.044,-8.504,-8.315,0.000000
1268.911255,-30.454,-140.327362,0.006643,8.044,-8.533,-8.342,0.000000
1273.303101,-29.279,-121.576515,0.005802,8.044,-8.562,-8.370,0.000000
1277.710815,-27.526,-111.335747,0.004741,8.044,-8.592,-8.399,0.000000
1282.133789,-26.060,-108.257149,0.004004,8.044,-8.621,-8.427,0.000000
1286.572021,-25.200,-109.208031,0.003626,8.044,-8.651,-8.455,0.000000
1291.025024,-25.159,-109.318481,0.003608,8.044,-8.681,-8.483,0.000000
1295.494751,-25.366,-102.932579,0.003695,8.044,-8.710,-8.512,0.000000
1299.979248,-25.002,-96.116867,0.003543,8.044,-8.740,-8.541,0.000000
1304.479248,-24.712,-95.169891,0.003425,8.044,-8.770,-8.569,0.000000
1308.994873,-25.121,-96.248360,0.003590,8.044,-8.801,-8.598,0.000000
1313.525513,-26.296,-94.526924,0.004110,8.044,-8.831,-8.627,0.000000
1318.072998,-27.603,-85.322357,0.004777,8.044,-8.861,-8.656,0.000000
1322.635010,-28.190,-68.520515,0.005111,8.044,-8.892,-8.685,0.000000
1327.214111,-27.913,-48.314709,0.004951,8.044,-8.922,-8.714,0.000000
1331.807739,-27.081,-31.923903,0.004499,8.044,-8.953,-8.744,0.000000
1336.417969,-26.523,-18.496149,0.004219,8.044,-8.984,-8.773,0.000000
1341.044189,-25.746,-4.433363,0.003857,8.044,-9.015,-8.802,0.000000
1345.686401,-24.651,4.817093,0.003400,8.043,-9.046,-8.832,0.000000
1350.344604,-23.654,9.428272,0.003031,8.043,-9.077,-8.862,0.000000
1355.018921,-22.885,7.770114,0.002774,8.043,-9.108,-8.892,0.000000
1359.709595,-22.633,4.083397,0.002694,8.043,-9.139,-8.921,0.000000
1364.416382,-22.696,-2.213416,0.002713,8.043,-9.171,-8.951,0.000000
1369.139404,-23.168,-10.178839,0.002864,8.043,-9.202,-8.982,0.000000
1373.878174,-23.550,-9.211744,0.002992,8.043,-9.234,-9.012,0.000000
1378.634644,-23.979,-9.101816,0.003143,8.043,-9.266,-9.042,0.000000
1383.406372,-24.432,8.548653,0.003311,8.043,-9.298,-9.073,0.000000
1388.195801,-24.942,70.281677,0.003510,8.043,-9.330,-9.103,0.000000
1393.000610,-25.816,98.987228,0.003882,8.043,-9.362,-9.134,0.000000
1397.822632,-26.555,130.539871,0.004225,8.043,-9.394,-9.164,0.000000
1402.661377,-26.727,141.254684,0.004309,8.043,-9.426,-9.195,0.000000
1407.516846,-26.244,139.793030,0.004075,8.043,-9.459,-9.226,0.000000
1412.389771,-25.380,139.965057,0.003689,8.043,-9.491,-9.257,0.000000
1417.278198,-24.529,142.463821,0.003344,8.043,-9.524,-9.289,0.000000
1422.184326,-24.311,143.937500,0.003261,8.043,-9.557,-9.320,0.000000
1427.107300,-24.851,151.249359,0.003469,8.043,-9.589,-9.351,0.000000
1432.047485,-24.751,163.012955,0.003429,8.043,-9.622,-9.383,0.000000
1437.004639,-23.935,168.559982,0.003121,8.043,-9.655,-9.414,0.000000
1441.979004,-23.390,170.868484,0.002931,8.043,-9.689,-9.446,0.000000
1446.969849,-23.206,173.539948,0.002870,8.043,-9.722,-9.478,0.000000
1451.979492,-23.223,175.610809,0.002875,8.043,-9.755,-9.510,0.000000
1457.005005,-23.679,176.471527,0.003030,8.042,-9.789,-9.542,0.000000
1462.048584,-24.600,-177.894638,0.003369,8.042,-9.823,-9.574,0.000000
1467.109619,-24.788,-169.508377,0.003443,8.042,-9.857,-9.606,0.000000
1472.188110,-24.937,-166.592438,0.003502,8.042,-9.890,-9.639,0.000000
1477.285034,-25.537,-167.088364,0.003753,8.042,-9.924,-9.671,0.000000
1482.398071,-26.870,-165.933960,0.004375,8.042,-9.959,-9.704,0.000000
1487.529541,-27.685,-156.157822,0.004806,8.042,-9.993,-9.737,0.000000
1492.678833,-28.313,-139.434814,0.005166,8.042,-10.027,-9.769,0.000000
1497.845947,-28.669,-116.156631,0.005383,8.042,-10.062,-9.802,0.000000
1503.030884,-28.033,-98.294983,0.005002,8.042,-10.096,-9.835,0.000000
1508.233765,-27.800,-90.590553,0.004869,8.042,-10.131,-9.869,0.000000
1513.453979,-28.143,-86.342438,0.005065,8.042,-10.166,-9.902,0.000000
1518.693726,-28.445,-83.283669,0.005243,8.042,-10.201,-9.935,0.000000
1523.950195,-27.895,-71.694054,0.004921,8.042,-10.236,-9.969,0.000000
1529.226196,-27.020,-64.825562,0.004448,8.042,-10.271,-10.002,0.000000
1534.519775,-26.500,-51.092995,0.004189,8.042,-10.307,-10.036,0.000000
1539.831055,-26.262,-40.692749,0.004075,8.042,-10.342,-10.070,0.000000
1545.161987,-26.561,-35.154716,0.004218,8.042,-10.378,-10.104,0.000000
1550.510010,-27.175,-32.900494,0.004526,8.042,-10.413,-10.138,0.000000
1555.877319,-27.672,-21.339121,0.004793,8.042,-10.449,-10.172,0.000000
1561.263184,-27.776,3.759687,0.004851,8.042,-10.485,-10.207,0.000000
1566.667725,-27.814,3.141119,0.004872,8.041,-10.521,-10.241,0.000000
1572.090820,-28.648,-9.816797,0.005363,8.041,-10.558,-10.276,0.000000
1577.532837,-30.111,-30.234266,0.006347,8.041,-10.594,-10.310,0.000000
1582.992920,-31.671,-62.835068,0.007596,8.041,-10.630,-10.345,0.000000
1588.473389,-32.896,-123.413193,0.008746,8.041,-10.667,-10.380,0.000000
1593.971313,-32.234,-160.384933,0.008104,8.041,-10.704,-10.415,0.000000
1599.489746,-30.175,178.693710,0.006394,8.041,-10.741,-10.450,0.000000
1605.026611,-28.620,176.877563,0.005346,8.041,-10.778,-10.486,0.000000
1610.581787,-27.587,177.590820,0.004747,8.041,-10.815,-10.521,0.000000
1616.157837,-26.953,170.897339,0.004412,8.041,-10.852,-10.557,0.000000
1621.751587,-26.652,154.094681,0.004262,8.041,-10.889,-10.592,0.000000
1627.366211,-26.692,145.529739,0.004282,8.041,-10.927,-10.628,0.000000
1632.998779,-26.749,138.935699,0.004310,8.041,-10.964,-10.664,0.000000
1638.651611,-27.336,125.553963,0.004612,8.041,-11.002,-10.700,0.000000
1644.323975,-28.256,125.441200,0.005126,8.041,-11.040,-10.736,0.000000
1650.015991,-28.589,134.711731,0.005327,8.041,-11.078,-10.773,0.000000
1655.726929,-28.789,132.333542,0.005451,8.041,-11.116,-10.809,0.000000
1661.459229,-29.176,125.618019,0.005699,8.041,-11.154,-10.846,0.000000
1667.209717,-29.311,119.011497,0.005789,8.041,-11.193,-10.882,0.000000
1672.981812,-29.308,120.745598,0.005787,8.041,-11.231,-10.919,0.000000
1678.772949,-28.668,98.522804,0.005376,8.040,-11.270,-10.956,0.000000
1684.583496,-27.603,82.063515,0.004755,8.040,-11.309,-10.993,0.000000
1690.415649,-27.235,68.717041,0.004558,8.040,-11.348,-11.030,0.000000
1696.266357,-27.766,52.757294,0.004845,8.040,-11.387,-11.068,0.000000
1702.139038,-28.912,37.807632,0.005529,8.040,-11.426,-11.105,0.000000
1708.030396,-30.033,33.831730,0.006290,8.040,-11.465,-11.143,0.000000
1713.942871,-30.705,32.241024,0.006796,8.040,-11.505,-11.180,0.000000
1719.875977,-30.871,29.937893,0.006927,8.040,-11.544,-11.218,0.000000
1725.829468,-31.461,18.192909,0.007414,8.040,-11.584,-11.256,0.000000
1731.802856,-32.786,2.164390,0.008636,8.040,-11.624,-11.294,0.000000
1737.798462,-33.899,-11.922565,0.009817,8.040,-11.664,-11.332,0.000000
1743.814087,-33.828,-34.028851,0.009737,8.040,-11.704,-11.371,0.000000
1749.850464,-33.881,133.964371,0.009796,8.040,-11.745,-11.409,0.000000
1755.907837,-33.375,123.188736,0.009242,8.040,-11.785,-11.448,0.000000
1761.985229,-32.659,112.598557,0.008511,8.040,-11.826,-11.487,0.000000
1768.085449,-31.980,85.289696,0.007871,8.040,-11.866,-11.526,0.000000
1774.204956,-30.957,17.045284,0.006997,8.040,-11.907,-11.565,0.000000
1780.347412,-29.942,2.674965,0.006225,8.040,-11.948,-11.604,0.000000
1786.509521,-28.545,1.741539,0.005300,8.040,-11.989,-11.643,0.000000
1792.693726,-27.432,-7.762516,0.004663,8.039,-12.031,-11.682,0.000000
1798.899292,-26.703,-23.934900,0.004287,8.039,-12.072,-11.722,0.000000
1805.126465,-26.381,-31.767397,0.004131,8.039,-12.114,-11.762,0.000000
1811.375122,-25.992,-39.858170,0.003950,8.039,-12.156,-11.802,0.000000
1817.645386,-25.881,-48.797867,0.003900,8.039,-12.197,-11.842,0.000000
1823.937378,-26.111,-50.336960,0.004005,8.039,-12.239,-11.882,0.000000
1830.251099,-25.842,-49.277081,0.003883,8.039,-12.282,-11.922,0.000000
1836.586792,-25.490,-48.946812,0.003729,8.039,-12.324,-11.962,0.000000
1842.943481,-25.317,-50.195782,0.003655,8.039,-12.366,-12.003,0.000000
1849.323853,-25.686,-53.125393,0.003814,8.039,-12.409,-12.044,0.000000
1855.724609,-26.036,-57.166611,0.003971,8.039,-12.452,-12.084,0.000000
1862.149292,-26.617,-54.022228,0.004246,8.039,-12.495,-12.125,0.000000
1868.594482,-27.403,-55.980118,0.004649,8.039,-12.538,-12.166,0.000000
1875.062866,-27.383,-51.315563,0.004639,8.039,-12.581,-12.208,0.000000
1881.553589,-27.808,-35.588810,0.004873,8.039,-12.624,-12.249,0.000000
1888.066772,-29.272,25.142466,0.005768,8.039,-12.668,-12.291,0.000000
1894.603516,-31.377,103.347069,0.007351,8.039,-12.711,-12.332,0.000000
1901.161011,-33.003,95.719727,0.008865,8.039,-12.755,-12.374,0.000000
1907.742065,-33.785,94.629639,0.009700,8.038,-12.799,-12.416,0.000000
1914.345947,-32.668,107.312752,0.008529,8.038,-12.843,-12.458,0.000000
1920.972656,-31.261,124.267807,0.007254,8.038,-12.887,-12.500,0.000000
1927.622314,-30.670,136.682495,0.006777,8.038,-12.932,-12.543,0.000000
1934.295044,-29.516,157.839584,0.005934,8.038,-12.976,-12.585,0.000000
1940.989868,-28.016,167.216995,0.004993,8.038,-13.021,-12.628,0.000000
1947.709717,-26.518,167.115173,0.004202,8.038,-13.066,-12.671,0.000000
1954.451050,-25.723,168.062698,0.003834,8.038,-13.111,-12.714,0.000000
1961.216675,-25.344,162.236053,0.003671,8.038,-13.156,-12.757,0.000000
1968.005615,-25.516,149.355042,0.003744,8.038,-13.201,-12.800,0.000000
1974.818115,-26.207,145.061142,0.004054,8.038,-13.247,-12.844,0.000000
1981.655151,-26.690,144.443527,0.004286,8.038,-13.293,-12.887,0.000000
1988.513916,-27.279,142.314957,0.004587,8.038,-13.338,-12.931,0.000000
1995.397339,-28.183,-176.496201,0.005091,8.038,-13.384,-12.975,0.000000
2002.304688,-29.224,-85.221741,0.005740,8.038,-13.418,-13.007,0.000000
2009.235840,-30.480,-85.783356,0.006634,8.038,-13.427,-13.015,0.000000
2016.191040,-30.955,-86.650902,0.007008,8.038,-13.436,-13.023,0.000000
2023.170288,-30.570,-94.650658,0.006706,8.038,-13.445,-13.031,0.000000
2030.172852,-29.511,-109.138184,0.005937,8.038,-13.454,-13.039,0.000000
2037.201416,-28.824,-122.985130,0.005485,8.037,-13.463,-13.047,0.000000
2044.252441,-28.163,-142.212036,0.005084,8.037,-13.472,-13.055,0.000000
2051.329834,-27.831,-164.776367,0.004893,8.037,-13.481,-13.063,0.000000
2058.430908,-27.599,168.899155,0.004764,8.037,-13.490,-13.071,0.000000
2065.555420,-27.770,143.476501,0.004859,8.037,-13.500,-13.079,0.000000
2072.706543,-27.584,131.973663,0.004756,8.037,-13.509,-13.088,0.000000
2079.880371,-27.207,123.073570,0.004554,8.037,-13.518,-13.096,0.000000
2087.080078,-27.094,114.257889,0.004495,8.037,-13.527,-13.104,0.000000
2094.304932,-26.978,110.343933,0.004435,8.037,-13.537,-13.112,0.000000
2101.554443,-26.873,108.932198,0.004382,8.037,-13.546,-13.121,0.000000
2108.829346,-26.643,109.432327,0.004268,8.037,-13.555,-13.129,0.000000
2116.129150,-26.638,109.267372,0.004265,8.037,-13.565,-13.137,0.000000
2123.453369,-26.691,109.821861,0.004291,8.037,-13.574,-13.146,0.000000
2130.804932,-26.733,101.931732,0.004312,8.037,-13.584,-13.154,0.000000
2138.180176,-27.400,91.847206,0.004657,8.037,-13.593,-13.162,0.000000
2145.582520,-27.966,87.204460,0.004972,8.037,-13.603,-13.171,0.000000
2153.009766,-28.450,94.130104,0.005257,8.037,-13.612,-13.179,0.000000
2160.461670,-29.470,89.332558,0.005914,8.037,-13.622,-13.188,0.000000
2167.941406,-30.809,55.338757,0.006901,8.037,-13.632,-13.196,0.000000
2175.445068,-32.495,-67.258728,0.008381,8.037,-13.641,-13.205,0.000000
2182.976562,-33.797,-75.417007,0.009736,8.037,-13.651,-13.214,0.000000
2190.532227,-34.194,-77.296997,0.010191,8.037,-13.661,-13.222,0.000000
2198.114990,-33.124,-80.669189,0.009010,8.037,-13.671,-13.231,0.000000
2205.723877,-32.846,-83.166618,0.008727,8.037,-13.680,-13.240,0.000000
2213.359375,-33.249,-72.807732,0.009140,8.037,-13.690,-13.248,0.000000
2221.020020,-32.964,-71.837128,0.008846,8.037,-13.700,-13.257,0.000000
2228.709473,-33.163,-64.513161,0.009050,8.037,-13.710,-13.266,0.000000
2236.423340,-32.593,-53.797516,0.008476,8.037,-13.720,-13.275,0.000000
2244.166016,-31.669,-53.461338,0.007620,8.037,-13.730,-13.284,0.000000
2251.934570,-30.965,-63.173923,0.007027,8.037,-13.740,-13.292,0.000000
2259.728760,-31.309,-76.495651,0.007311,8.037,-13.750,-13.301,0.000000
2267.552002,-31.679,-86.523010,0.007629,8.037,-13.760,-13.310,0.000000
2275.400391,-32.115,-89.308708,0.008022,8.037,-13.770,-13.319,0.000000
2283.278076,-32.467,-97.187073,0.008355,8.037,-13.780,-13.328,0.000000
2291.180908,-31.951,-101.246979,0.007874,8.037,-13.791,-13.337,0.000000
2299.112061,-31.189,-117.641464,0.007214,8.037,-13.801,-13.346,0.000000
2307.070557,-31.008,-136.276382,0.007066,8.037,-13.811,-13.356,0.000000
2315.056885,-31.603,-151.628860,0.007568,8.036,-13.821,-13.365,0.000000
2323.069580,-32.052,-162.449860,0.007972,8.036,-13.832,-13.374,0.000000
2331.112305,-32.694,-162.283905,0.008585,8.036,-13.842,-13.383,0.000000
2339.181641,-32.915,-159.929642,0.008806,8.036,-13.853,-13.392,0.000000
2347.279053,-33.078,-171.026825,0.008973,8.036,-13.863,-13.402,0.000000
2355.404297,-33.104,165.028152,0.008999,8.036,-13.873,-13.411,0.000000
2363.556885,-33.594,139.978546,0.009522,8.036,-13.884,-13.420,0.000000
2371.739746,-32.959,116.694870,0.008850,8.036,-13.895,-13.429,0.000000
2379.948486,-31.995,93.698936,0.007921,8.036,-13.905,-13.439,0.000000
2388.188232,-30.620,76.959076,0.006761,8.036,-13.916,-13.448,0.000000
2396.454102,-28.972,66.680550,0.005593,8.036,-13.926,-13.458,0.000000
2404.749512,-28.272,57.676521,0.005160,8.036,-13.937,-13.467,0.000000
2413.073975,-27.630,51.673496,0.004792,8.036,-13.948,-13.477,0.000000
2421.427002,-27.171,43.495430,0.004546,8.036,-13.959,-13.486,0.000000
2429.809082,-26.868,33.150455,0.004390,8.036,-13.969,-13.496,0.000000
2438.220215,-27.188,21.693817,0.004554,8.036,-13.980,-13.506,0.000000
2446.660400,-27.493,9.948329,0.004717,8.036,-13.991,-13.515,0.000000
2455.129883,-28.012,-3.240424,0.005006,8.036,-14.002,-13.525,0.000000
2463.628418,-28.975,-21.154831,0.005593,8.036,-14.013,-13.535,0.000000
2472.155518,-29.021,-40.194984,0.005621,8.036,-14.024,-13.544,0.000000
2480.714355,-28.611,-66.773407,0.005361,8.036,-14.035,-13.554,0.000000
2489.300293,-28.649,-92.042618,0.005384,8.036,-14.046,-13.564,0.000000
2497.918701,-29.060,-113.470993,0.005643,8.036,-14.057,-13.574,0.000000
2506.564209,-29.512,-128.997437,0.005945,8.036,-14.068,-13.584,0.000000
2515.240967,-30.088,-130.704880,0.006352,8.036,-14.080,-13.594,0.000000
2523.947754,-30.727,-125.676857,0.006837,8.036,-14.091,-13.604,0.000000
2532.684814,-31.043,-122.628288,0.007091,8.036,-14.102,-13.614,0.000000
2541.453125,-31.130,-111.293427,0.007162,8.036,-14.113,-13.624,0.000000
2550.249512,-31.254,-35.911423,0.007265,8.036,-14.125,-13.634,0.000000
2559.077393,-30.613,-22.467936,0.006748,8.036,-14.136,-13.644,0.000000
2567.936035,-30.101,-27.007776,0.006361,8.036,-14.148,-13.654,0.000000
2576.825195,-29.756,-32.646393,0.006112,8.036,-14.159,-13.664,0.000000
2585.745117,-29.316,-33.460785,0.005809,8.035,-14.170,-13.674,0.000000
2594.696045,-28.901,-3.153083,0.005537,8.035,-14.182,-13.684,0.000000
2603.676514,-28.765,12.052690,0.005450,8.035,-14.194,-13.695,0.000000
2612.690918,-28.715,-33.423164,0.005418,8.035,-14.205,-13.705,0.000000
2621.733643,-28.589,-98.374229,0.005339,8.035,-14.217,-13.715,0.000000
2630.809082,-27.862,-142.856979,0.004910,8.035,-14.229,-13.726,0.000000
2639.916016,-27.294,-170.455536,0.004598,8.035,-14.240,-13.736,0.000000
2649.054443,-26.745,178.238571,0.004315,8.035,-14.252,-13.747,0.000000
2658.225586,-26.561,-178.442123,0.004224,8.035,-14.264,-13.757,0.000000
2667.426025,-26.627,-165.297485,0.004256,8.035,-14.276,-13.768,0.000000
2676.659668,-26.794,-166.992233,0.004337,8.035,-14.288,-13.778,0.000000
2685.925293,-26.549,-166.604645,0.004217,8.035,-14.300,-13.789,0.000000
2695.222900,-26.739,-168.222961,0.004309,8.035,-14.312,-13.799,0.000000
2704.552734,-27.960,-177.402451,0.004958,8.035,-14.324,-13.810,0.000000
2713.914795,-28.835,-164.081131,0.005483,8.035,-14.336,-13.821,0.000000
2723.308105,-29.878,-91.117828,0.006181,8.035,-14.348,-13.832,0.000000
2732.736572,-29.660,-22.751223,0.006027,8.035,-14.360,-13.842,0.000000
2742.194824,-28.042,-10.985826,0.005002,8.035,-14.372,-13.853,0.000000
2751.688477,-27.329,-11.858951,0.004607,8.035,-14.384,-13.864,0.000000
2761.212646,-26.422,-7.558649,0.004150,8.035,-14.397,-13.875,0.000000
2770.770752,-25.837,0.414463,0.003879,8.035,-14.409,-13.886,0.000000
2780.363525,-24.914,-4.340423,0.003487,8.035,-14.421,-13.897,0.000000
2789.986816,-24.893,-9.821139,0.003478,8.035,-14.434,-13.908,0.000000
2799.644531,-24.762,-14.197775,0.003425,8.035,-14.446,-13.919,0.000000
2809.335938,-24.639,-28.266401,0.003376,8.035,-14.459,-13.930,0.000000
2819.060791,-25.526,-44.984108,0.003738,8.035,-14.471,-13.941,0.000000
2828.819336,-26.434,-58.946304,0.004148,8.035,-14.484,-13.952,0.000000
2838.611572,-26.863,-81.782059,0.004357,8.035,-14.497,-13.963,0.000000
2848.436279,-27.634,-99.190170,0.004760,8.035,-14.509,-13.975,0.000000
2858.297852,-28.717,-116.643311,0.005390,8.034,-14.522,-13.986,0.000000
2868.190918,-29.081,-119.214256,0.005619,8.034,-14.535,-13.997,0.000000
2878.120850,-28.467,-118.243736,0.005233,8.034,-14.547,-14.009,0.000000
2888.083740,-28.315,-113.182152,0.005139,8.034,-14.560,-14.020,0.000000
2898.079834,-27.779,-96.954933,0.004829,8.034,-14.573,-14.031,0.000000
2908.113281,-26.723,-89.389359,0.004274,8.034,-14.586,-14.043,0.000000
2918.178711,-26.465,-86.537537,0.004147,8.034,-14.599,-14.054,0.000000
2928.281738,-26.164,-86.783638,0.004004,8.034,-14.612,-14.066,0.000000
2938.416748,-25.739,-88.436234,0.003811,8.034,-14.625,-14.078,0.000000
2948.588379,-25.063,-97.820030,0.003524,8.034,-14.638,-14.089,0.000000
2958.795410,-25.358,-117.124260,0.003644,8.034,-14.652,-14.101,0.000000
2969.037598,-26.062,-143.769791,0.003951,8.034,-14.665,-14.113,0.000000
2979.313965,-25.906,-157.626892,0.003879,8.034,-14.678,-14.124,0.000000
2989.629883,-25.054,-173.736816,0.003516,8.034,-14.691,-14.136,0.000000
2999.974609,-24.150,170.669327,0.003167,8.034,-14.705,-14.148,0.000000
3010.360840,-23.643,156.959076,0.002986,8.034,-14.718,-14.160,0.000000
3020.782959,-23.653,148.403381,0.002988,8.034,-14.731,-14.172,0.000000
3031.238281,-23.732,147.589767,0.003013,8.034,-14.745,-14.184,0.000000
3041.732666,-23.822,146.587036,0.003042,8.034,-14.758,-14.196,0.000000
3052.260498,-23.808,148.551376,0.003035,8.034,-14.772,-14.208,0.000000
3062.827881,-23.639,138.144180,0.002975,8.034,-14.786,-14.220,0.000000
3073.428711,-24.581,124.414429,0.003313,8.034,-14.799,-14.232,0.000000
3084.066162,-25.804,111.153198,0.003812,8.034,-14.813,-14.244,0.000000
3094.743652,-26.669,97.320641,0.004208,8.034,-14.827,-14.256,0.000000
3105.457764,-26.368,80.329796,0.004063,8.034,-14.841,-14.269,0.000000
3116.206299,-25.947,59.107384,0.003869,8.034,-14.855,-14.281,0.000000
3126.991943,-26.259,38.481857,0.004008,8.034,-14.868,-14.293,0.000000
3137.817871,-26.434,21.905205,0.004088,8.033,-14.882,-14.306,0.000000
3148.681152,-26.644,16.640932,0.004186,8.033,-14.896,-14.318,0.000000
3159.579346,-26.547,11.109101,0.004136,8.033,-14.910,-14.330,0.000000
3170.515137,-26.284,3.015876,0.004009,8.033,-14.925,-14.343,0.000000
3181.491699,-25.693,-9.103759,0.003742,8.033,-14.939,-14.356,0.000000
3192.503174,-25.959,-25.578030,0.003855,8.033,-14.953,-14.368,0.000000
3203.555908,-26.732,-41.776810,0.004210,8.033,-14.967,-14.381,0.000000
3214.644043,-27.702,-50.141918,0.004704,8.033,-14.981,-14.393,0.000000
3225.773438,-28.287,-57.364506,0.005027,8.033,-14.996,-14.406,0.000000
3236.938232,-28.344,-81.788315,0.005057,8.033,-15.010,-14.419,0.000000
3248.141602,-29.062,-105.886429,0.005489,8.033,-15.025,-14.432,0.000000
3259.386963,-29.933,-134.501068,0.006064,8.033,-15.039,-14.445,0.000000
3270.671387,-31.737,-154.344559,0.007458,8.033,-15.054,-14.458,0.000000
3281.991699,-33.905,-179.709534,0.009567,8.033,-15.068,-14.470,0.000000
3293.351074,-34.965,134.158768,0.010800,8.033,-15.083,-14.483,0.000000
3304.752930,-34.707,146.193085,0.010476,8.033,-15.098,-14.497,0.000000
3316.194336,-34.239,-164.257553,0.009918,8.033,-15.112,-14.510,0.000000
3327.672119,-33.821,178.235077,0.009444,8.033,-15.127,-14.523,0.000000
3339.189697,-33.698,-151.962448,0.009304,8.033,-15.142,-14.536,0.000000
3350.750244,-33.269,-120.729767,0.008847,8.033,-15.157,-14.549,0.000000
3362.347656,-32.414,-122.147018,0.008011,8.033,-15.172,-14.562,0.000000
3373.985107,-31.054,-135.245407,0.006844,8.033,-15.187,-14.576,0.000000
3385.666260,-30.179,-139.121277,0.006183,8.033,-15.202,-14.589,0.000000
3397.387695,-29.251,-154.341583,0.005551,8.033,-15.217,-14.602,0.000000
3409.146484,-28.096,-170.233337,0.004856,8.032,-15.232,-14.616,0.000000
3420.946045,-26.953,173.626266,0.004254,8.032,-15.247,-14.629,0.000000
3432.789795,-25.590,157.057434,0.003633,8.032,-15.263,-14.643,0.000000
3444.674316,-25.114,137.065903,0.003436,8.032,-15.278,-14.657,0.000000
3456.596924,-24.956,120.058151,0.003371,8.032,-15.293,-14.670,0.000000
3468.560547,-25.149,104.805420,0.003444,8.032,-15.309,-14.684,0.000000
3480.569092,-25.403,91.296814,0.003543,8.032,-15.324,-14.698,0.000000
3492.615723,-26.087,80.528725,0.003830,8.032,-15.340,-14.711,0.000000
3504.707520,-26.941,68.074829,0.004222,8.032,-15.355,-14.725,0.000000
3516.837891,-27.543,51.075581,0.004521,8.032,-15.371,-14.739,0.000000
3529.013428,-28.429,29.959572,0.005003,8.032,-15.387,-14.753,0.000000
3541.228027,-29.309,2.000122,0.005532,8.032,-15.403,-14.767,0.000000
3553.484619,-30.023,-24.768499,0.006000,8.032,-15.418,-14.781,0.000000
3565.787109,-29.949,-48.930237,0.005944,8.032,-15.434,-14.795,0.000000
3578.132080,-30.432,-61.102371,0.006279,8.032,-15.450,-14.809,0.000000
3590.516602,-30.854,-69.664215,0.006585,8.032,-15.466,-14.823,0.000000
3602.943848,-30.149,-64.862144,0.006067,8.032,-15.482,-14.838,0.000000
3615.417480,-30.754,-73.492546,0.006499,8.032,-15.498,-14.852,0.000000
3627.934570,-31.483,-88.890961,0.007061,8.032,-15.514,-14.866,0.000000
3640.491211,-30.984,-68.270973,0.006660,8.032,-15.531,-14.880,0.000000
3653.091553,-31.006,77.577972,0.006669,8.032,-15.547,-14.895,0.000000
3665.739014,-31.552,81.302284,0.007095,8.032,-15.563,-14.909,0.000000
3678.426514,-30.783,64.847771,0.006488,8.031,-15.579,-14.924,0.000000
3691.161621,-29.835,55.836292,0.005811,8.031,-15.596,-14.938,0.000000
3703.937256,-29.651,33.616158,0.005683,8.031,-15.612,-14.953,0.000000
3716.760498,-29.254,29.517738,0.005424,8.031,-15.629,-14.968,0.000000
3729.628418,-28.517,10.857718,0.004979,8.031,-15.646,-14.982,0.000000
3742.533447,-29.173,-7.625273,0.005365,8.031,-15.662,-14.997,0.000000
3755.490479,-29.617,-24.185099,0.005641,8.031,-15.679,-15.012,0.000000
3768.492432,-29.726,-26.565079,0.005707,8.031,-15.696,-15.027,0.000000
3781.535645,-30.327,-38.990955,0.006111,8.031,-15.712,-15.042,0.000000
3794.624023,-30.597,-51.704208,0.006298,8.031,-15.729,-15.057,0.000000
3807.761475,-30.851,-67.962898,0.006480,8.031,-15.746,-15.072,0.000000
3820.940674,-30.884,-140.426422,0.006499,8.031,-15.763,-15.087,0.000000
3834.169189,-31.064,151.090439,0.006630,8.031,-15.780,-15.102,0.000000
3847.439697,-30.041,169.702332,0.005887,8.031,-15.797,-15.117,0.000000
3860.760010,-28.762,178.811172,0.005077,8.031,-15.815,-15.132,0.000000
3874.126221,-28.536,-152.507935,0.004942,8.031,-15.832,-15.148,0.000000
3887.531494,-28.733,-153.353714,0.005052,8.031,-15.849,-15.163,0.000000
3900.990479,-29.070,-134.877777,0.005247,8.031,-15.866,-15.178,0.000000
3914.496094,-28.937,-82.087646,0.005163,8.031,-15.884,-15.194,0.000000
3928.048340,-28.883,-59.681782,0.005126,8.031,-15.901,-15.209,0.000000
3941.640137,-29.135,-62.809242,0.005273,8.031,-15.919,-15.225,0.000000
3955.286377,-30.023,-62.133430,0.005835,8.030,-15.937,-15.240,0.000000
3968.979980,-30.104,-64.549217,0.005885,8.030,-15.954,-15.256,0.000000
3982.717285,-29.524,-53.059158,0.005500,8.030,-15.972,-15.272,0.000000
3996.501953,-28.776,-21.771444,0.005042,8.030,-15.990,-15.288,0.000000
4010.338135,-28.284,11.952565,0.004760,8.030,-15.995,-15.293,0.000000
4024.218506,-28.505,116.343590,0.004879,8.030,-15.997,-15.294,0.000000
4038.150879,-28.777,151.830200,0.005030,8.030,-15.999,-15.295,0.000000
4052.127441,-28.113,153.046906,0.004655,8.030,-16.000,-15.297,0.000000
4066.156250,-27.542,145.400986,0.004355,8.030,-16.002,-15.298,0.000000
4080.233643,-27.904,130.637177,0.004536,8.030,-16.003,-15.299,0.000000
4094.352051,-29.049,119.394386,0.005170,8.030,-16.005,-15.301,0.000000
4108.526855,-30.515,115.734558,0.006114,8.030,-16.007,-15.302,0.000000
4122.750977,-30.584,107.602310,0.006156,8.030,-16.008,-15.304,0.000000
4137.020508,-29.844,93.386436,0.005647,8.030,-16.010,-15.305,0.000000
4151.339355,-29.645,70.669167,0.005514,8.030,-16.011,-15.306,0.000000
4165.711914,-29.915,50.943886,0.005683,8.030,-16.013,-15.308,0.000000
4180.133789,-30.073,35.194839,0.005782,8.030,-16.015,-15.309,0.000000
4194.601562,-29.774,21.691652,0.005581,8.030,-16.016,-15.311,0.000000
4209.120117,-28.763,7.277662,0.004964,8.030,-16.018,-15.312,0.000000
4223.692383,-28.329,-5.854530,0.004718,8.030,-16.020,-15.313,0.000000
4238.314941,-28.257,-22.666292,0.004675,8.030,-16.021,-15.315,0.000000
4252.980469,-28.470,-31.002422,0.004787,8.030,-16.023,-15.316,0.000000
4267.704590,-28.992,-40.175751,0.005079,8.030,-16.025,-15.318,0.000000
4282.479980,-29.259,-75.055435,0.005233,8.030,-16.026,-15.319,0.000000
4297.306152,-28.389,-120.196495,0.004730,8.030,-16.028,-15.320,0.000000
4312.175781,-27.846,-155.238785,0.004440,8.030,-16.030,-15.322,0.000000
4327.104980,-28.063,-179.455841,0.004548,8.030,-16.032,-15.323,0.000000
4342.085449,-28.594,164.032043,0.004831,8.030,-16.033,-15.325,0.000000
4357.114258,-28.941,153.769348,0.005023,8.030,-16.035,-15.326,0.000000
4372.194824,-29.181,159.451981,0.005159,8.030,-16.037,-15.328,0.000000
4387.331543,-29.332,173.995438,0.005244,8.030,-16.038,-15.329,0.000000
4402.520996,-29.090,-168.583588,0.005094,8.030,-16.040,-15.331,0.000000
4417.758789,-30.049,-118.040215,0.005683,8.030,-16.042,-15.332,0.000000
4433.049316,-31.433,-104.367943,0.006658,8.030,-16.044,-15.334,0.000000
4448.396973,-32.030,-97.585915,0.007124,8.030,-16.045,-15.335,0.000000
4463.797852,-31.506,-68.090279,0.006700,8.030,-16.047,-15.337,0.000000
4479.243164,-30.904,-38.729298,0.006245,8.030,-16.049,-15.338,0.000000
4494.750977,-30.575,-42.773056,0.006007,8.030,-16.051,-15.340,0.000000
4510.312012,-30.273,-66.678970,0.005796,8.030,-16.053,-15.341,0.000000
4525.922852,-30.534,172.089218,0.005966,8.030,-16.054,-15.343,0.000000
4541.587891,-29.906,166.194916,0.005544,8.030,-16.056,-15.344,0.000000
4557.311035,-29.082,-176.015137,0.005037,8.030,-16.058,-15.346,0.000000
4573.088867,-29.100,-123.464203,0.005041,8.030,-16.060,-15.347,0.000000
4588.916992,-30.076,-126.435242,0.005634,8.030,-16.062,-15.349,0.000000
4604.799805,-30.381,-131.243423,0.005829,8.030,-16.063,-15.350,0.000000
4620.742188,-30.103,-140.056183,0.005638,8.030,-16.065,-15.352,0.000000
4636.739746,-29.499,-109.030441,0.005253,8.030,-16.067,-15.353,0.000000
4652.788086,-29.889,-62.643993,0.005488,8.030,-16.069,-15.355,0.000000
4668.892090,-30.285,-62.718143,0.005737,8.030,-16.071,-15.357,0.000000
4685.056152,-32.083,-41.690586,0.007048,8.030,-16.072,-15.358,0.000000
4701.276367,-33.092,24.542683,0.007907,8.030,-16.074,-15.360,0.000000
4717.543457,-32.842,12.502256,0.007673,8.030,-16.076,-15.361,0.000000
4733.875977,-31.748,-1.221251,0.006757,8.030,-16.078,-15.363,0.000000
4750.265137,-31.251,-146.689789,0.006373,8.030,-16.080,-15.365,0.000000
4766.706543,-32.327,176.015869,0.007205,8.030,-16.082,-15.366,0.000000
4783.209473,-32.749,163.373550,0.007554,8.030,-16.084,-15.368,0.000000
4799.764648,-32.888,167.139359,0.007667,8.030,-16.086,-15.369,0.000000
4816.381836,-32.422,163.160675,0.007259,8.030,-16.088,-15.371,0.000000
4833.052246,-32.380,168.745071,0.007215,8.030,-16.089,-15.373,0.000000
4849.779785,-32.041,162.723953,0.006930,8.030,-16.091,-15.374,0.000000
4866.570312,-31.892,68.809616,0.006804,8.030,-16.093,-15.376,0.000000
4883.418945,-31.840,-20.887398,0.006755,8.030,-16.095,-15.377,0.000000
4900.316406,-31.957,-48.342876,0.006837,8.030,-16.097,-15.379,0.000000
4917.281738,-31.765,-40.969284,0.006679,8.030,-16.099,-15.381,0.000000
4934.305664,-31.131,-45.418949,0.006200,8.030,-16.101,-15.382,0.000000
4951.388672,-30.813,-33.703743,0.005969,8.030,-16.103,-15.384,0.000000
4968.521484,-30.291,-61.725544,0.005613,8.030,-16.105,-15.386,0.000000
4985.723145,-29.355,-115.220901,0.005033,8.030,-16.107,-15.387,0.000000
5002.984375,-29.629,-143.126434,0.005187,8.030,-16.109,-15.389,0.000000
5020.300293,-29.495,-149.174988,0.005099,8.030,-16.111,-15.391,0.000000
5037.681152,-28.996,-162.898560,0.004807,8.030,-16.113,-15.392,0.000000
5055.117188,-29.084,-164.797028,0.004849,8.030,-16.115,-15.394,0.000000
5072.618164,-28.751,-167.980728,0.004659,8.030,-16.117,-15.396,0.000000
5090.175293,-28.342,-170.759415,0.004438,8.030,-16.119,-15.398,0.000000
5107.792969,-27.890,169.582275,0.004206,8.030,-16.121,-15.399,0.000000
5125.477051,-28.716,143.827118,0.004619,8.030,-16.123,-15.401,0.000000
5143.221680,-29.287,109.486542,0.004926,8.030,-16.125,-15.403,0.000000
5161.018066,-29.299,96.073395,0.004926,8.030,-16.127,-15.404,0.000000
5178.886230,-30.518,96.265129,0.005661,8.030,-16.129,-15.406,0.000000
5196.815918,-31.128,66.327034,0.006064,8.030,-16.131,-15.408,0.000000
5214.802734,-31.776,46.692623,0.006525,8.030,-16.133,-15.410,0.000000
5232.856934,-33.097,26.768967,0.007586,8.030,-16.135,-15.411,0.000000
5250.968750,-33.955,35.670269,0.008361,8.030,-16.137,-15.413,0.000000
5269.147949,-33.543,47.832241,0.007961,8.030,-16.139,-15.415,0.000000
5287.385254,-32.596,55.997669,0.007128,8.030,-16.141,-15.417,0.000000
5305.685547,-32.055,55.404026,0.006687,8.030,-16.143,-15.418,0.000000
5324.054199,-32.317,36.127674,0.006882,8.030,-16.146,-15.420,0.000000
5342.486816,-31.442,18.614119,0.006212,8.030,-16.148,-15.422,0.000000
5360.978027,-30.096,6.530078,0.005312,8.030,-16.150,-15.424,0.000000
5379.532715,-28.982,-11.940356,0.004666,8.030,-16.152,-15.426,0.000000
5398.157227,-28.250,-27.871988,0.004282,8.030,-16.154,-15.427,0.000000
5416.846191,-28.497,-50.606117,0.004399,8.030,-16.156,-15.429,0.000000
5435.594727,-28.748,-69.590149,0.004520,8.030,-16.158,-15.431,0.000000
5454.408203,-29.355,-93.367104,0.004840,8.030,-16.160,-15.433,0.000000
5473.291992,-29.656,-118.540009,0.005003,8.030,-16.163,-15.435,0.000000
5492.235352,-30.182,-129.148392,0.005308,8.030,-16.165,-15.437,0.000000
5511.250000,-31.301,-136.126709,0.006029,8.030,-16.167,-15.438,0.000000
5530.325195,-31.783,-139.403946,0.006364,8.030,-16.169,-15.440,0.000000
5549.472168,-32.686,-149.725235,0.007052,8.030,-16.171,-15.442,0.000000
5568.679199,-33.127,-159.773163,0.007409,8.030,-16.174,-15.444,0.000000
5587.953613,-32.950,-169.760773,0.007250,8.030,-16.176,-15.446,0.000000
5607.299316,-31.952,-178.617325,0.006454,8.030,-16.178,-15.448,0.000000
5626.712402,-31.423,172.369583,0.006063,8.030,-16.180,-15.450,0.000000
5646.181641,-30.674,164.447693,0.005554,8.030,-16.182,-15.452,0.000000
5665.729492,-30.562,155.038635,0.005474,8.030,-16.185,-15.453,0.000000
5685.344727,-31.257,144.726730,0.005921,8.030,-16.187,-15.455,0.000000
5705.027832,-31.525,132.291107,0.006097,8.030,-16.189,-15.457,0.000000
5724.773926,-31.805,114.680161,0.006287,8.030,-16.191,-15.459,0.000000
5744.587891,-32.175,74.841232,0.006551,8.030,-16.194,-15.461,0.000000
5764.476562,-33.292,40.113785,0.007439,8.030,-16.196,-15.463,0.000000
5784.428223,-33.580,12.273733,0.007679,8.030,-16.198,-15.465,0.000000
5804.448730,-34.610,9.828833,0.008634,8.030,-16.200,-15.467,0.000000
5824.544434,-33.495,22.971828,0.007584,8.030,-16.203,-15.469,0.000000
5844.709473,-33.307,18.142889,0.007411,8.030,-16.205,-15.471,0.000000
5864.938965,-32.305,15.205932,0.006595,8.030,-16.207,-15.473,0.000000
5885.238281,-31.606,13.907841,0.006076,8.030,-16.210,-15.475,0.000000
5905.613281,-31.247,-2.035749,0.005824,8.030,-16.212,-15.477,0.000000
5926.059082,-31.391,-75.174599,0.005914,8.030,-16.214,-15.479,0.000000
5946.570312,-31.529,-135.692764,0.006001,8.030,-16.217,-15.481,0.000000
5967.151855,-31.196,-116.954498,0.005768,8.030,-16.219,-15.483,0.000000
5987.811035,-31.638,-115.076706,0.006062,8.030,-16.221,-15.485,0.000000
6008.535645,-32.349,-115.354286,0.006571,8.030,-16.224,-15.487,0.000000
6029.337402,-33.447,-121.768295,0.007448,8.030,-16.226,-15.489,0.000000
6050.206055,-34.273,-122.587181,0.008182,8.030,-16.229,-15.491,0.000000
6071.152344,-35.004,-99.974098,0.008889,8.030,-16.231,-15.493,0.000000
6092.165527,-34.818,-100.764954,0.008690,8.030,-16.233,-15.495,0.000000
6113.251465,-34.446,-100.295715,0.008315,8.030,-16.236,-15.497,0.000000
6134.416016,-33.383,-113.160057,0.007349,8.030,-16.238,-15.499,0.000000
6155.653809,-32.610,-123.837738,0.006715,8.030,-16.241,-15.501,0.000000
6176.959473,-31.535,-129.828812,0.005926,8.030,-16.243,-15.503,0.000000
6198.338867,-30.989,-136.948868,0.005558,8.030,-16.246,-15.505,0.000000
6219.797852,-30.462,-127.318367,0.005225,8.030,-16.248,-15.507,0.000000
6241.331543,-30.073,-130.675125,0.004990,8.030,-16.250,-15.509,0.000000
6262.933594,-30.257,85.807137,0.005091,8.030,-16.253,-15.511,0.000000
6284.610352,-30.646,51.716702,0.005317,8.030,-16.255,-15.514,0.000000
6306.368652,-30.628,47.427715,0.005300,8.030,-16.258,-15.516,0.000000
6328.195801,-29.785,45.777985,0.004804,8.030,-16.260,-15.518,0.000000
6350.104492,-29.903,15.795485,0.004864,8.030,-16.263,-15.520,0.000000
6372.083008,-29.954,-9.392733,0.004887,8.030,-16.265,-15.522,0.000000
6394.143555,-29.935,-79.637413,0.004870,8.030,-16.268,-15.524,0.000000
6416.274902,-30.114,-72.282143,0.004966,8.030,-16.270,-15.526,0.000000
6438.482422,-29.612,-58.484524,0.004681,8.030,-16.273,-15.529,0.000000
6460.772949,-29.449,-44.466022,0.004589,8.030,-16.276,-15.531,0.000000
6483.140625,-29.664,-18.775562,0.004699,8.030,-16.278,-15.533,0.000000
6505.580078,-30.651,48.708096,0.005259,8.030,-16.281,-15.535,0.000000
6528.096680,-31.767,57.243294,0.005974,8.030,-16.283,-15.537,0.000000
6550.697266,-32.422,44.766891,0.006436,8.030,-16.286,-15.539,0.000000
6573.370605,-32.824,83.637001,0.006733,8.030,-16.288,-15.542,0.000000
6596.127930,-33.334,104.981453,0.007133,8.030,-16.291,-15.544,0.000000
6618.958008,-33.702,112.783829,0.007433,8.030,-16.294,-15.546,0.000000
6641.873535,-33.109,109.657516,0.006934,8.030,-16.296,-15.548,0.000000
6664.861816,-32.264,107.057961,0.006284,8.030,-16.299,-15.551,0.000000
6687.930176,-32.511,103.347023,0.006457,8.030,-16.302,-15.553,0.000000
6711.084473,-33.035,31.194864,0.006851,8.030,-16.304,-15.555,0.000000
6734.318848,-32.325,-160.767731,0.006305,8.030,-16.307,-15.557,0.000000
6757.633301,-31.771,132.360779,0.005908,8.030,-16.309,-15.560,0.000000
6781.016113,-31.128,119.894783,0.005481,8.030,-16.312,-15.562,0.000000
6804.492676,-30.554,109.963097,0.005126,8.030,-16.315,-15.564,0.000000
6828.050293,-30.697,-166.615326,0.005205,8.030,-16.318,-15.566,0.000000
6851.683105,-31.506,-172.887772,0.005707,8.030,-16.320,-15.569,0.000000
6875.397949,-31.592,-177.063660,0.005758,8.030,-16.323,-15.571,0.000000
6899.201172,-31.579,160.756714,0.005744,8.030,-16.326,-15.573,0.000000
6923.080078,-31.536,112.704872,0.005709,8.030,-16.328,-15.576,0.000000
6947.048828,-31.263,79.681892,0.005527,8.030,-16.331,-15.578,0.000000
6971.093262,-31.680,52.754467,0.005793,8.030,-16.334,-15.580,0.000000
6995.228027,-32.619,133.597549,0.006448,8.030,-16.337,-15.583,0.000000
7019.446289,-33.161,90.204880,0.006856,8.030,-16.339,-15.585,0.000000
7043.734863,-32.453,-80.556046,0.006313,8.030,-16.342,-15.587,0.000000
7068.120605,-32.581,-118.749664,0.006400,8.030,-16.345,-15.590,0.000000
7092.591309,-32.517,-83.373100,0.006346,8.030,-16.348,-15.592,0.000000
7117.139648,-32.836,-77.004097,0.006576,8.030,-16.351,-15.594,0.000000
7141.772949,-33.882,-88.364433,0.007410,8.030,-16.353,-15.597,0.000000
7166.498535,-35.128,-105.048653,0.008545,8.030,-16.356,-15.599,0.000000
7191.309570,-34.599,-52.951740,0.008032,8.030,-16.359,-15.602,0.000000
7216.199707,-33.884,-52.090515,0.007389,8.030,-16.362,-15.604,0.000000
7241.176270,-32.933,-44.962578,0.006616,8.030,-16.365,-15.607,0.000000
7266.245605,-32.691,-46.790211,0.006429,8.030,-16.368,-15.609,0.000000
7291.402344,-31.700,-20.267559,0.005731,8.030,-16.371,-15.611,0.000000
7316.631836,-31.104,22.543577,0.005346,8.030,-16.373,-15.614,0.000000
7341.962402,-30.788,-100.475113,0.005151,8.030,-16.376,-15.616,0.000000
7367.381348,-30.219,-164.925217,0.004820,8.030,-16.379,-15.619,0.000000
7392.887695,-30.138,-135.476700,0.004771,8.030,-16.382,-15.621,0.000000
7418.468262,-30.228,-142.508957,0.004816,8.030,-16.385,-15.624,0.000000
7444.151855,-30.586,-149.292526,0.005014,8.030,-16.388,-15.626,0.000000
7469.924316,-31.520,-122.417137,0.005577,8.030,-16.391,-15.629,0.000000
7495.778809,-31.718,-104.820808,0.005700,8.030,-16.394,-15.631,0.000000
7521.722656,-32.347,-112.231995,0.006122,8.030,-16.397,-15.634,0.000000
7547.763672,-32.349,-121.398651,0.006117,8.030,-16.400,-15.636,0.000000
7573.887207,-33.120,-43.227226,0.006678,8.030,-16.403,-15.639,0.000000
7600.108887,-33.332,-86.816940,0.006835,8.030,-16.406,-15.641,0.000000
7626.414062,-33.722,-163.271484,0.007142,8.030,-16.409,-15.644,0.000000
7652.817383,-33.578,-174.838455,0.007018,8.030,-16.412,-15.647,0.000000
7679.312012,-32.740,157.887039,0.006365,8.030,-16.415,-15.649,0.000000
7705.883789,-33.291,135.514236,0.006776,8.030,-16.418,-15.652,0.000000
7732.562500,-33.968,132.151215,0.007317,8.030,-16.421,-15.654,0.000000
7759.333008,-33.623,105.514099,0.007025,8.030,-16.424,-15.657,0.000000
7786.189453,-33.642,67.128021,0.007034,8.030,-16.427,-15.659,0.000000
7813.138672,-33.653,62.682964,0.007037,8.030,-16.430,-15.662,0.000000
7840.188477,-32.961,116.118446,0.006492,8.030,-16.433,-15.665,0.000000
7867.331543,-32.453,97.002808,0.006119,8.030,-16.436,-15.667,0.000000
7894.561523,-33.077,65.430115,0.006569,8.030,-16.440,-15.670,0.000000
7921.885742,-32.696,44.304390,0.006281,8.030,-16.443,-15.673,0.000000
7949.312012,-32.094,45.167450,0.005855,8.030,-16.446,-15.675,0.000000
7976.833496,-32.692,42.094807,0.006266,8.030,-16.449,-15.678,0.000000
8004.442383,-32.295,49.470432,0.005980,8.030,-16.452,-15.680,0.000000
8032.146973,-32.010,53.287819,0.005781,8.030,-16.452,-15.680,0.000000
8059.955078,-31.982,36.607143,0.005756,8.030,-16.452,-15.681,0.000000
8087.859375,-32.677,1.713265,0.006229,8.030,-16.452,-15.681,0.000000
8115.844727,-32.791,-4.283777,0.006305,8.030,-16.452,-15.681,0.000000
8143.942383,-33.317,-16.636944,0.006691,8.030,-16.453,-15.681,0.000000
8172.137695,-33.523,-86.256020,0.006843,8.030,-16.453,-15.681,0.000000
8200.422852,-32.831,-129.369919,0.006312,8.030,-16.453,-15.682,0.000000
8228.805664,-32.742,-115.151115,0.006240,8.030,-16.453,-15.682,0.000000
8257.293945,-32.319,-62.592258,0.005936,8.030,-16.453,-15.682,0.000000
8285.881836,-32.724,-31.288149,0.006212,8.030,-16.454,-15.682,0.000000
8314.560547,-32.279,-5.033960,0.005895,8.030,-16.454,-15.682,0.000000
8343.337891,-31.930,0.155092,0.005657,8.030,-16.454,-15.683,0.000000
8372.223633,-32.009,-20.506048,0.005703,8.030,-16.454,-15.683,0.000000
8401.208984,-31.030,-76.668381,0.005090,8.030,-16.455,-15.683,0.000000
8430.278320,-31.687,-56.690918,0.005484,8.030,-16.455,-15.683,0.000000
8459.464844,-31.555,29.190800,0.005395,8.030,-16.455,-15.683,0.000000
8488.752930,-31.477,50.925232,0.005341,8.030,-16.455,-15.684,0.000000
8518.141602,-31.905,83.145439,0.005605,8.030,-16.455,-15.684,0.000000
8547.616211,-32.244,83.747421,0.005820,8.030,-16.456,-15.684,0.000000
8577.208008,-32.957,48.942844,0.006310,8.030,-16.456,-15.684,0.000000
8606.903320,-33.603,15.980012,0.006787,8.030,-16.456,-15.684,0.000000
8636.693359,-33.506,15.442007,0.006702,8.030,-16.456,-15.685,0.000000
8666.594727,-34.201,22.888361,0.007251,8.030,-16.457,-15.685,0.000000
8696.590820,-34.077,8.573651,0.007138,8.030,-16.457,-15.685,0.000000
8726.699219,-35.202,15.692075,0.008113,8.030,-16.457,-15.685,0.000000
8756.903320,-35.441,-21.769424,0.008329,8.030,-16.457,-15.685,0.000000
8787.211914,-35.160,-58.482861,0.008052,8.030,-16.457,-15.686,0.000000
8817.634766,-34.469,-88.512917,0.007426,8.030,-16.458,-15.686,0.000000
8848.162109,-34.144,-136.948410,0.007144,8.030,-16.458,-15.686,0.000000
8878.778320,-34.511,-155.881088,0.007442,8.030,-16.458,-15.686,0.000000
8909.517578,-35.243,-162.703232,0.008085,8.030,-16.458,-15.686,0.000000
8940.363281,-34.889,-159.470932,0.007751,8.030,-16.459,-15.687,0.000000
8971.306641,-34.253,162.843628,0.007192,8.030,-16.459,-15.687,0.000000
9002.366211,-33.523,63.358784,0.006602,8.030,-16.459,-15.687,0.000000
9033.524414,-33.146,21.594532,0.006312,8.030,-16.459,-15.687,0.000000
9064.799805,-32.847,141.173050,0.006089,8.030,-16.460,-15.687,0.000000
9096.173828,-33.169,67.527344,0.006309,8.030,-16.460,-15.688,0.000000
9127.657227,-33.098,43.354305,0.006248,8.030,-16.460,-15.688,0.000000
9159.257812,-32.726,23.335167,0.005977,8.030,-16.460,-15.688,0.000000
9190.967773,-32.230,6.966463,0.005636,8.030,-16.461,-15.688,0.000000
9222.770508,-31.683,-28.258509,0.005284,8.030,-16.461,-15.689,0.000000
9254.701172,-32.050,-77.172958,0.005504,8.030,-16.461,-15.689,0.000000
9286.741211,-32.431,-66.920685,0.005741,8.030,-16.461,-15.689,0.000000
9318.892578,-32.977,-32.536530,0.006104,8.030,-16.461,-15.689,0.000000
9351.137695,-32.933,-61.730293,0.006063,8.030,-16.462,-15.689,0.000000
9383.512695,-32.752,-140.311798,0.005928,8.030,-16.462,-15.690,0.000000
9415.999023,-32.675,-140.010849,0.005866,8.030,-16.462,-15.690,0.000000
9448.588867,-32.791,-146.927414,0.005935,8.030,-16.462,-15.690,0.000000
9481.300781,-33.849,179.661316,0.006692,8.030,-16.463,-15.690,0.000000
9514.117188,-34.750,114.233711,0.007410,8.030,-16.463,-15.691,0.000000
9547.055664,-34.632,121.585983,0.007297,8.030,-16.463,-15.691,0.000000
9580.099609,-34.513,112.687469,0.007187,8.030,-16.463,-15.691,0.000000
9613.257812,-34.066,-48.178738,0.006816,8.030,-16.464,-15.691,0.000000
9646.540039,-34.130,-62.506802,0.006856,8.030,-16.464,-15.691,0.000000
9679.936523,-34.684,-47.966370,0.007296,8.030,-16.464,-15.692,0.000000
9713.431641,-35.128,-26.496340,0.007667,8.030,-16.464,-15.692,0.000000
9747.060547,-34.902,-36.882717,0.007458,8.030,-16.465,-15.692,0.000000
9780.805664,-34.409,-27.404291,0.007036,8.030,-16.465,-15.692,0.000000
9814.658203,-33.563,1.959922,0.006373,8.030,-16.465,-15.693,0.000000
9848.637695,-33.839,39.640583,0.006569,8.030,-16.465,-15.693,0.000000
9882.724609,-33.493,45.730415,0.006302,8.030,-16.466,-15.693,0.000000
9916.939453,-33.394,30.343197,0.006221,8.030,-16.466,-15.693,0.000000
9951.263672,-33.114,27.143766,0.006015,8.030,-16.466,-15.693,0.000000
9985.706055,-32.881,46.292744,0.005846,8.030,-16.467,-15.694,0.000000
10020.278320,-33.441,57.882256,0.006227,8.030,-16.467,-15.694,0.000000
10054.968750,-34.036,33.229088,0.006661,8.030,-16.467,-15.694,0.000000
10089.770508,-34.843,-13.044452,0.007300,8.030,-16.467,-15.694,0.000000
10124.692383,-34.704,-19.898844,0.007176,8.030,-16.468,-15.695,0.000000
10159.745117,-34.513,-28.863911,0.007011,8.030,-16.468,-15.695,0.000000
10194.918945,-35.854,-41.227268,0.008172,8.030,-16.468,-15.695,0.000000
10230.205078,-35.836,-52.346203,0.008145,8.030,-16.468,-15.695,0.000000
10265.613281,-35.334,-69.380440,0.007681,8.030,-16.469,-15.696,0.000000
10301.154297,-33.693,-68.139236,0.006353,8.030,-16.469,-15.696,0.000000
10336.807617,-33.206,-70.317673,0.006002,8.030,-16.469,-15.696,0.000000
10372.594727,-32.173,-87.553680,0.005324,8.030,-16.469,-15.696,0.000000
10408.496094,-31.765,-117.571999,0.005075,8.030,-16.470,-15.697,0.000000
10444.531250,-32.300,-126.794876,0.005393,8.030,-16.470,-15.697,0.000000
10480.680664,-32.013,-128.581833,0.005214,8.030,-16.470,-15.697,0.000000
10516.956055,-32.077,-111.922333,0.005250,8.030,-16.471,-15.697,0.000000
10553.367188,-31.625,-159.612823,0.004982,8.030,-16.471,-15.698,0.000000
10589.903320,-32.212,163.320297,0.005329,8.030,-16.471,-15.698,0.000000
10626.546875,-32.464,144.066650,0.005484,8.030,-16.471,-15.698,0.000000
10663.336914,-32.088,124.697922,0.005250,8.030,-16.472,-15.698,0.000000
10700.253906,-31.924,90.266731,0.005150,8.030,-16.472,-15.699,0.000000
10737.299805,-32.225,26.964045,0.005331,8.030,-16.472,-15.699,0.000000
10774.462891,-32.141,27.929722,0.005279,8.030,-16.472,-15.699,0.000000
10811.754883,-32.796,122.547157,0.005693,8.030,-16.473,-15.699,0.000000
10849.185547,-32.962,-41.940090,0.005803,8.030,-16.473,-15.700,0.000000
10886.736328,-33.864,-72.540688,0.006438,8.030,-16.473,-15.700,0.000000
10924.427734,-33.854,-86.585007,0.006430,8.030,-16.474,-15.700,0.000000
10962.238281,-33.994,-97.918587,0.006535,8.030,-16.474,-15.700,0.000000
11000.190430,-34.933,-123.868813,0.007285,8.030,-16.474,-15.701,0.000000
11038.263672,-35.177,-143.454575,0.007498,8.030,-16.474,-15.701,0.000000
11076.468750,-34.513,-153.697556,0.006951,8.030,-16.475,-15.701,0.000000
11114.816406,-33.797,-125.312820,0.006405,8.030,-16.475,-15.701,0.000000
11153.296875,-33.982,46.155689,0.006547,8.030,-16.475,-15.702,0.000000
11191.900391,-33.934,44.627087,0.006516,8.030,-16.476,-15.702,0.000000
11230.636719,-33.616,15.869134,0.006287,8.030,-16.476,-15.702,0.000000
11269.518555,-32.809,-17.624826,0.005734,8.030,-16.476,-15.702,0.000000
11308.523438,-33.167,-25.294519,0.005982,8.030,-16.476,-15.703,0.000000
11347.674805,-32.871,-36.615360,0.005787,8.030,-16.477,-15.703,0.000000
11386.951172,-33.043,-34.058670,0.005909,8.030,-16.477,-15.703,0.000000
11426.373047,-33.263,-47.997749,0.006067,8.030,-16.477,-15.703,0.000000
11465.921875,-32.937,-81.749557,0.005850,8.030,-16.478,-15.704,0.000000
11505.606445,-32.111,-112.354637,0.005325,8.030,-16.478,-15.704,0.000000
11545.440430,-31.471,-119.740311,0.004954,8.030,-16.478,-15.704,0.000000
11585.412109,-31.789,-145.028564,0.005145,8.030,-16.479,-15.705,0.000000
11625.521484,-32.178,116.894531,0.005389,8.030,-16.479,-15.705,0.000000
11665.748047,-31.510,71.055977,0.004996,8.030,-16.479,-15.705,0.000000
11706.135742,-31.493,8.643779,0.004994,8.030,-16.479,-15.705,0.000000
11746.664062,-31.516,93.149811,0.005014,8.030,-16.480,-15.706,0.000000
11787.320312,-31.640,91.467163,0.005095,8.030,-16.480,-15.706,0.000000
11828.118164,-32.119,76.806267,0.005394,8.030,-16.480,-15.706,0.000000
11869.068359,-33.497,84.067825,0.006334,8.030,-16.481,-15.706,0.000000
11910.148438,-33.271,95.737038,0.006182,8.030,-16.481,-15.707,0.000000
11951.382812,-32.871,49.164211,0.005915,8.030,-16.481,-15.707,0.000000
11992.748047,-33.021,34.152153,0.006030,8.030,-16.482,-15.707,0.000000
12034.268555,-34.164,151.701950,0.006891,8.030,-16.482,-15.708,0.000000
12075.931641,-34.403,83.518867,0.007098,8.030,-16.482,-15.708,0.000000
12117.716797,-34.787,0.840830,0.007434,8.030,-16.483,-15.708,0.000000
12159.669922,-34.643,-26.155918,0.007327,8.030,-16.483,-15.708,0.000000
12201.767578,-34.141,-22.846272,0.006930,8.030,-16.483,-15.709,0.000000
12243.999023,-33.662,-9.577209,0.006572,8.030,-16.484,-15.709,0.000000
12286.377930,-34.488,-25.239256,0.007243,8.030,-16.484,-15.709,0.000000
12328.914062,-35.045,-13.099227,0.007739,8.030,-16.484,-15.710,0.000000
12371.597656,-34.301,-7.578982,0.007119,8.030,-16.484,-15.710,0.000000
12414.417969,-34.237,-8.214027,0.007083,8.030,-16.485,-15.710,0.000000
12457.385742,-33.820,-26.919365,0.006766,8.030,-16.485,-15.710,0.000000
12500.514648,-33.833,-109.032692,0.006791,8.030,-16.485,-15.711,0.000000
12543.780273,-33.901,92.941994,0.006860,8.030,-16.486,-15.711,0.000000
12587.196289,-34.609,-57.071064,0.007459,8.030,-16.486,-15.711,0.000000
12630.774414,-34.557,-143.396301,0.007431,8.030,-16.486,-15.712,0.000000
12674.502930,-34.565,168.415283,0.007455,8.030,-16.487,-15.712,0.000000
12718.383789,-34.780,140.445999,0.007658,8.030,-16.487,-15.712,0.000000
12762.391602,-33.461,110.427719,0.006594,8.030,-16.487,-15.713,0.000000
12806.576172,-32.757,89.023338,0.006094,8.030,-16.488,-15.713,0.000000
12850.914062,-32.121,65.304436,0.005677,8.030,-16.488,-15.713,0.000000
12895.392578,-31.410,30.675436,0.005242,8.030,-16.488,-15.713,0.000000
12940.025391,-31.246,45.733742,0.005155,8.030,-16.489,-15.714,0.000000
12984.825195,-30.908,79.648178,0.004969,8.030,-16.489,-15.714,0.000000
13029.767578,-30.983,66.564293,0.005022,8.030,-16.489,-15.714,0.000000
13074.876953,-30.725,123.571503,0.004885,8.030,-16.490,-15.715,0.000000
13120.131836,-31.614,-109.638062,0.005423,8.030,-16.490,-15.715,0.000000
13165.554688,-31.789,-167.562820,0.005545,8.030,-16.490,-15.715,0.000000
13211.134766,-32.420,150.588806,0.005975,8.030,-16.491,-15.716,0.000000
13256.847656,-32.649,117.596550,0.006147,8.030,-16.491,-15.716,0.000000
13302.744141,-32.473,94.657951,0.006036,8.030,-16.491,-15.716,0.000000
13348.799805,-32.737,57.843887,0.006235,8.030,-16.492,-15.717,0.000000
13395.001953,-33.241,31.200893,0.006622,8.030,-16.492,-15.717,0.000000
13441.363281,-33.497,61.133663,0.006834,8.030,-16.493,-15.717,0.000000
13487.899414,-33.436,81.575020,0.006800,8.030,-16.493,-15.717,0.000000
13534.595703,-33.659,72.386795,0.006991,8.030,-16.493,-15.718,0.000000
13581.440430,-34.652,176.137527,0.007852,8.030,-16.494,-15.718,0.000000
13628.447266,-35.124,165.158234,0.008306,8.030,-16.494,-15.718,0.000000
13675.630859,-36.682,138.612061,0.009957,8.030,-16.494,-15.719,0.000000
13722.976562,-37.139,163.090118,0.010515,8.030,-16.495,-15.719,0.000000
13770.473633,-36.874,155.193344,0.010219,8.030,-16.495,-15.719,0.000000
13818.135742,-37.114,138.677917,0.010525,8.030,-16.495,-15.720,0.000000
13865.975586,-37.617,144.495529,0.011171,8.030,-16.496,-15.720,0.000000
13913.980469,-37.176,150.389786,0.010636,8.030,-16.496,-15.720,0.000000
13962.125977,-36.485,130.654999,0.009840,8.030,-16.496,-15.721,0.000000
14010.463867,-36.761,130.830872,0.010175,8.030,-16.497,-15.721,0.000000
14058.969727,-36.259,168.121155,0.009620,8.030,-16.497,-15.721,0.000000
14107.628906,-36.202,171.936646,0.009574,8.030,-16.498,-15.722,0.000000
14156.458008,-36.370,144.250641,0.009776,8.030,-16.498,-15.722,0.000000
14205.468750,-36.185,-30.993387,0.009584,8.030,-16.498,-15.722,0.000000
14254.635742,-35.576,-63.072716,0.008948,8.030,-16.499,-15.723,0.000000
14303.986328,-35.211,-36.408779,0.008590,8.030,-16.499,-15.723,0.000000
14353.495117,-34.495,-5.046974,0.007922,8.030,-16.499,-15.723,0.000000
14403.188477,-33.553,25.689289,0.007118,8.030,-16.500,-15.724,0.000000
14453.052734,-33.220,-3.837133,0.006859,8.030,-16.500,-15.724,0.000000
14503.063477,-32.718,-19.001999,0.006483,8.030,-16.501,-15.724,0.000000
14553.274414,-32.103,-75.399971,0.006048,8.030,-16.501,-15.725,0.000000
14603.659180,-31.815,-126.220451,0.005859,8.030,-16.501,-15.725,0.000000
14654.218750,-31.666,-133.081177,0.005767,8.030,-16.502,-15.725,0.000000
14704.924805,-32.156,-105.754448,0.006110,8.030,-16.502,-15.726,0.000000
14755.834961,-32.831,-102.160561,0.006614,8.030,-16.502,-15.726,0.000000
14806.920898,-33.580,-121.312805,0.007219,8.030,-16.503,-15.726,0.000000
14858.168945,-33.612,-151.026810,0.007256,8.030,-16.503,-15.727,0.000000
14909.609375,-32.740,-157.564819,0.006572,8.030,-16.504,-15.727,0.000000
14961.213867,-32.614,-164.775391,0.006485,8.030,-16.504,-15.727,0.000000
15013.010742,-33.100,164.579086,0.006869,8.030,-16.504,-15.728,0.000000
15064.973633,-33.085,152.281342,0.006866,8.030,-16.505,-15.728,0.000000
15117.115234,-33.021,119.788422,0.006825,8.030,-16.505,-15.729,0.000000
15169.452148,-32.611,105.324638,0.006519,8.030,-16.506,-15.729,0.000000
15221.969727,-32.698,96.596352,0.006593,8.030,-16.506,-15.729,0.000000
15274.640625,-33.073,111.963226,0.006892,8.030,-16.506,-15.730,0.000000
15327.523438,-34.315,-152.826843,0.007961,8.030,-16.507,-15.730,0.000000
15380.588867,-35.508,138.625290,0.009144,8.030,-16.507,-15.730,0.000000
15433.823242,-35.719,-177.677124,0.009380,8.030,-16.508,-15.731,0.000000
15487.241211,-36.009,-136.841080,0.009710,8.030,-16.508,-15.731,0.000000
15540.859375,-35.116,178.381531,0.008773,8.030,-16.508,-15.731,0.000000
15594.664062,-35.471,166.031876,0.009152,8.030,-16.509,-15.732,0.000000
15648.638672,-34.883,-172.678116,0.008564,8.030,-16.509,-15.732,0.000000
15702.800781,-34.095,-167.445404,0.007832,8.030,-16.510,-15.732,0.000000
15757.166016,-33.533,168.353348,0.007352,8.030,-16.510,-15.733,0.000000
15811.718750,-33.201,162.139038,0.007086,8.030,-16.510,-15.733,0.000000
15866.429688,-32.558,177.130234,0.006590,8.030,-16.511,-15.734,0.000000
15921.361328,-32.438,170.495392,0.006507,8.030,-16.511,-15.734,0.000000
15976.482422,-32.622,162.978317,0.006654,8.030,-16.512,-15.734,0.000000
16031.793945,-32.903,-168.951401,0.006882,8.030,-16.512,-15.735,0.000000
16087.267578,-32.907,167.479431,0.006893,8.030,-16.512,-15.735,0.000000
16142.962891,-33.365,144.239059,0.007275,8.030,-16.513,-15.735,0.000000
16198.851562,-33.978,133.324310,0.007816,8.030,-16.513,-15.736,0.000000
16254.917969,-33.990,-59.247116,0.007836,8.030,-16.514,-15.736,0.000000
16311.194336,-34.123,-74.119255,0.007970,8.030,-16.514,-15.737,0.000000
16367.649414,-33.444,-88.360855,0.007382,8.030,-16.515,-15.737,0.000000
16424.316406,-32.563,-111.745399,0.006680,8.030,-16.515,-15.737,0.000000
16481.162109,-32.143,-99.873444,0.006375,8.030,-16.515,-15.738,0.000000
16538.205078,-31.718,-26.206472,0.006080,8.030,-16.516,-15.738,0.000000
16595.462891,-31.552,-164.393555,0.005974,8.030,-16.516,-15.739,0.000000
16652.917969,-31.251,110.812866,0.005779,8.030,-16.517,-15.739,0.000000
16710.539062,-30.835,-11.637596,0.005516,8.030,-16.517,-15.739,0.000000
16768.392578,-30.342,-91.038277,0.005219,8.030,-16.518,-15.740,0.000000
16826.447266,-30.585,-150.442383,0.005375,8.030,-16.518,-15.740,0.000000
16884.685547,-30.792,-52.414345,0.005512,8.030,-16.518,-15.740,0.000000
16943.142578,-30.640,-21.254276,0.005424,8.030,-16.519,-15.741,0.000000
17001.785156,-30.326,-54.992699,0.005238,8.030,-16.519,-15.741,0.000000
17060.646484,-29.513,-62.384869,0.004777,8.030,-16.520,-15.742,0.000000
17119.695312,-28.654,-57.960087,0.004333,8.030,-16.520,-15.742,0.000000
17178.949219,-27.796,-41.470818,0.003931,8.030,-16.521,-15.742,0.000000
17238.423828,-26.996,-40.331337,0.003590,8.030,-16.521,-15.743,0.000000
17298.105469,-25.794,-42.540184,0.003130,8.030,-16.522,-15.743,0.000000
17357.976562,-25.613,-0.196891,0.003070,8.030,-16.522,-15.744,0.000000
17418.054688,-25.050,-22.871199,0.002881,8.030,-16.522,-15.744,0.000000
17478.357422,-24.772,-46.197990,0.002794,8.030,-16.523,-15.745,0.000000
17538.869141,-24.424,34.893612,0.002688,8.030,-16.523,-15.745,0.000000
17599.556641,-23.725,37.685081,0.002484,8.030,-16.524,-15.745,0.000000
17660.488281,-23.924,23.122419,0.002545,8.030,-16.524,-15.746,0.000000
17721.630859,-23.684,-10.990532,0.002479,8.030,-16.525,-15.746,0.000000
17782.968750,-24.019,25.356955,0.002580,8.030,-16.525,-15.747,0.000000
17844.535156,-23.484,68.457985,0.002429,8.030,-16.526,-15.747,0.000000
17906.296875,-22.712,53.027523,0.002226,8.030,-16.526,-15.747,0.000000
17968.291016,-21.742,77.400764,0.001993,8.030,-16.527,-15.748,0.000000
18030.480469,-20.982,145.860565,0.001829,8.030,-16.527,-15.748,0.000000
18092.886719,-19.930,96.853676,0.001622,8.030,-16.528,-15.749,0.000000
18155.525391,-19.445,-26.102293,0.001568,8.030,-16.528,-15.749,0.000000
18218.382812,-19.142,-68.068443,0.001534,8.030,-16.528,-15.750,0.000000
18281.421875,-18.578,73.243767,0.001394,8.030,-16.529,-15.750,0.000000
18344.712891,-18.339,10.693032,0.001357,8.030,-16.529,-15.750,0.000000
18408.224609,-17.641,-47.623508,0.001254,8.030,-16.530,-15.751,0.000000
18471.955078,-17.414,-66.748543,0.001223,8.030,-16.530,-15.751,0.000000
18535.888672,-16.221,-37.288437,0.001067,8.030,-16.531,-15.752,0.000000
18600.044922,-15.447,-40.296055,0.000977,8.030,-16.531,-15.752,0.000000
18664.439453,-15.274,-82.310371,0.000959,8.030,-16.532,-15.753,0.000000
18729.041016,-14.800,-125.451454,0.001002,8.030,-16.532,-15.753,0.000000
18793.880859,-12.213,-68.635963,0.000675,8.030,-16.533,-15.753,0.000000
18858.929688,-9.957,-71.070297,0.000527,8.030,-16.533,-15.754,0.000000
18924.220703,-9.095,-140.237228,0.000656,8.030,-16.534,-15.754,0.000000
18989.720703,-8.654,161.877914,0.000601,8.030,-16.534,-15.755,0.000000
19055.447266,-8.434,124.950516,0.000522,8.030,-16.535,-15.755,0.000000
19121.417969,-8.149,-127.276520,0.000601,8.030,-16.535,-15.756,0.000000
19187.619141,-7.493,174.105560,0.000699,8.030,-16.536,-15.756,0.000000
19254.029297,-6.466,108.994324,0.000854,8.030,-16.536,-15.757,0.000000
19320.669922,-6.191,-102.823380,0.000711,8.030,-16.537,-15.757,0.000000
19387.560547,-8.006,-170.995834,0.001715,8.030,-16.537,-15.757,0.000000
19454.664062,-10.184,126.045563,0.001999,8.030,-16.538,-15.758,0.000000
19522.017578,-10.906,-51.922421,0.005096,8.030,-16.538,-15.758,0.000000
19589.585938,-201.557,0.000000,0.000000,8.030,-16.539,-15.759,0.000000
19657.406250,-201.553,0.000000,0.000000,8.030,-16.539,-15.759,0.000000
19725.443359,-201.548,0.000000,0.000000,8.030,-16.540,-15.760,0.000000
19793.716797,-201.544,0.000000,0.000000,8.030,-16.540,-15.760,0.000000
19862.244141,-201.539,0.000000,0.000000,8.030,-16.541,-15.761,0.000000
19931.009766,-201.535,0.000000,0.000000,8.030,-16.541,-15.761,0.000000
19999.974609,-201.530,0.000000,0.000000,8.030,-16.542,-15.762,0.000000
