frequency_hz,spl_db,phase_deg,thd_percent,rt60_ms,c50_db,c80_db,group_delay_ms
20.000000,-15.590,171.697968,0.001205,8.348,1.194,1.207,0.000000
20.069233,-15.915,165.043182,0.001251,8.348,1.194,1.207,0.000000
20.138704,-15.950,162.517303,0.001256,8.348,1.194,1.207,0.000000
20.208418,-15.817,160.836700,0.001237,8.348,1.194,1.207,0.000000
20.278366,-16.062,154.414780,0.001272,8.348,1.194,1.207,0.000000
20.348562,-16.507,147.800110,0.001339,8.348,1.194,1.207,0.000000
20.419001,-16.668,145.773651,0.001364,8.348,1.194,1.207,0.000000
20.489683,-16.673,140.356400,0.001365,8.348,1.194,1.207,0.000000
20.560612,-16.792,136.470779,0.001384,8.348,1.194,1.207,0.000000
20.631784,-17.440,131.595215,0.001492,8.348,1.194,1.207,0.000000
20.703203,-17.599,129.240326,0.001520,8.348,1.194,1.207,0.000000
20.774866,-17.996,121.867386,0.001591,8.348,1.194,1.207,0.000000
20.846781,-18.472,118.853470,0.001681,8.348,1.194,1.207,0.000000
20.918943,-18.797,115.923325,0.001745,8.348,1.194,1.207,0.000000
20.991358,-19.054,113.596519,0.001798,8.348,1.194,1.207,0.000000
21.064020,-19.514,108.161560,0.001896,8.348,1.194,1.207,0.000000
21.136936,-19.902,103.236107,0.001982,8.348,1.194,1.207,0.000000
21.210104,-20.536,96.728577,0.002132,8.348,1.194,1.207,0.000000
21.283520,-21.112,94.547981,0.002278,8.348,1.194,1.207,0.000000
21.357197,-21.635,92.516319,0.002420,8.348,1.194,1.207,0.000000
21.431126,-22.145,89.931007,0.002566,8.348,1.194,1.207,0.000000
21.505312,-22.722,84.298653,0.002743,8.348,1.194,1.207,0.000000
21.579756,-23.871,83.030693,0.003132,8.348,1.194,1.207,0.000000
21.654457,-24.371,79.592796,0.003318,8.348,1.194,1.207,0.000000
21.729416,-24.784,77.505913,0.003480,8.348,1.194,1.207,0.000000
21.804630,-25.912,72.043686,0.003963,8.348,1.194,1.207,0.000000
21.880110,-27.850,77.380638,0.004954,8.348,1.194,1.207,0.000000
21.955851,-28.811,83.408997,0.005534,8.348,1.194,1.207,0.000000
22.031853,-29.947,87.615860,0.006308,8.348,1.194,1.207,0.000000
22.108118,-30.293,89.231560,0.006564,8.348,1.194,1.207,0.000000
22.184649,-30.553,92.099106,0.006763,8.348,1.194,1.207,0.000000
22.261442,-31.690,92.831299,0.007710,8.348,1.194,1.207,0.000000
22.338503,-33.677,105.326736,0.009691,8.348,1.194,1.207,0.000000
22.415825,-33.175,115.256569,0.009148,8.348,1.194,1.207,0.000000
22.493420,-33.309,126.990768,0.009291,8.348,1.194,1.207,0.000000
22.571283,-32.611,136.945511,0.008575,8.348,1.194,1.207,0.000000
22.649418,-32.610,136.945511,0.008575,8.348,1.194,1.207,0.000000
22.727821,-30.977,137.132721,0.007106,8.348,1.194,1.207,0.000000
22.806496,-30.619,138.017471,0.006821,8.348,1.194,1.207,0.000000
22.885437,-29.914,142.963974,0.006290,8.348,1.194,1.207,0.000000
22.964659,-29.043,144.960815,0.005690,8.348,1.194,1.207,0.000000
23.044153,-28.000,149.481689,0.005048,8.348,1.194,1.207,0.000000
23.123922,-27.648,148.428268,0.004848,8.348,1.194,1.207,0.000000
23.203970,-26.825,143.656143,0.004411,8.348,1.194,1.207,0.000000
23.284292,-25.971,140.357513,0.003998,8.348,1.194,1.207,0.000000
23.364893,-25.628,138.562210,0.003844,8.348,1.194,1.207,0.000000
23.445774,-25.141,135.234695,0.003635,8.348,1.194,1.207,0.000000
23.526928,-24.864,132.496964,0.003522,8.348,1.194,1.207,0.000000
23.608370,-24.262,129.494492,0.003286,8.348,1.194,1.207,0.000000
23.690092,-23.704,124.829857,0.003081,8.348,1.194,1.207,0.000000
23.772099,-23.633,123.007011,0.003056,8.348,1.194,1.207,0.000000
23.854389,-23.367,120.356560,0.002964,8.348,1.194,1.207,0.000000
23.936964,-22.955,116.176979,0.002827,8.348,1.194,1.207,0.000000
24.019825,-22.514,111.380898,0.002687,8.348,1.194,1.207,0.000000
24.102966,-22.396,106.610283,0.002650,8.348,1.194,1.207,0.000000
24.186401,-22.334,102.735603,0.002632,8.348,1.194,1.207,0.000000
24.270124,-22.190,100.627342,0.002589,8.348,1.194,1.207,0.000000
24.354139,-21.989,96.794632,0.002531,8.348,1.194,1.207,0.000000
24.438444,-21.931,92.715660,0.002514,8.348,1.194,1.207,0.000000
24.523041,-21.862,88.722595,0.002495,8.348,1.194,1.207,0.000000
24.607929,-21.842,86.600365,0.002490,8.348,1.194,1.207,0.000000
24.693108,-21.780,82.512299,0.002472,8.348,1.194,1.207,0.000000
24.778585,-21.680,78.245605,0.002444,8.348,1.194,1.207,0.000000
24.864359,-21.750,73.705353,0.002465,8.348,1.194,1.207,0.000000
24.950430,-21.950,69.951561,0.002522,8.348,1.194,1.207,0.000000
25.036798,-21.896,67.047134,0.002507,8.348,1.194,1.207,0.000000
25.123466,-21.932,62.993137,0.002518,8.348,1.194,1.207,0.000000
25.210434,-21.973,58.895161,0.002530,8.348,1.194,1.207,0.000000
25.297697,-22.157,54.815292,0.002585,8.348,1.194,1.207,0.000000
25.385267,-22.270,51.344200,0.002618,8.348,1.194,1.207,0.000000
25.473143,-22.482,47.749405,0.002683,8.348,1.194,1.207,0.000000
25.561321,-22.563,44.205929,0.002708,8.348,1.194,1.207,0.000000
25.649803,-22.790,40.381920,0.002780,8.348,1.194,1.207,0.000000
25.738594,-23.069,37.221325,0.002871,8.348,1.194,1.207,0.000000
25.827690,-23.236,33.930756,0.002927,8.348,1.194,1.207,0.000000
25.917089,-23.485,30.513409,0.003012,8.348,1.194,1.207,0.000000
26.006805,-23.690,29.212227,0.003085,8.348,1.194,1.207,0.000000
26.096830,-24.013,26.679497,0.003202,8.348,1.194,1.207,0.000000
26.187168,-24.285,24.283497,0.003305,8.348,1.194,1.207,0.000000
26.277819,-24.550,21.709219,0.003408,8.348,1.194,1.207,0.000000
26.368782,-24.977,19.063913,0.003580,8.348,1.194,1.207,0.000000
26.460054,-25.305,17.853746,0.003718,8.348,1.194,1.207,0.000000
26.551649,-25.707,16.087992,0.003895,8.348,1.194,1.207,0.000000
26.643560,-26.125,16.831812,0.004088,8.348,1.194,1.207,0.000000
26.735790,-26.246,16.001455,0.004146,8.348,1.194,1.207,0.000000
26.828339,-26.556,15.741219,0.004297,8.348,1.194,1.207,0.000000
26.921207,-26.805,16.080275,0.004423,8.348,1.194,1.207,0.000000
27.014399,-26.846,16.347416,0.004444,8.348,1.194,1.207,0.000000
27.107912,-27.016,16.105263,0.004532,8.348,1.194,1.207,0.000000
27.201744,-27.062,17.366488,0.004557,8.348,1.194,1.207,0.000000
27.295906,-27.073,17.271643,0.004562,8.348,1.194,1.207,0.000000
27.390394,-26.936,19.514191,0.004491,8.348,1.194,1.207,0.000000
27.485209,-26.613,19.295822,0.004327,8.348,1.194,1.207,0.000000
27.580351,-26.420,20.108450,0.004232,8.348,1.194,1.207,0.000000
27.675825,-26.069,19.181097,0.004065,8.348,1.194,1.207,0.000000
27.771622,-25.700,19.444664,0.003896,8.348,1.194,1.207,0.000000
27.867756,-25.089,18.364578,0.003632,8.348,1.194,1.207,0.000000
27.964224,-24.751,17.063976,0.003494,8.348,1.194,1.207,0.000000
28.061024,-24.331,16.087782,0.003330,8.348,1.194,1.207,0.000000
28.158161,-23.904,12.926943,0.003170,8.348,1.194,1.207,0.000000
28.255634,-23.386,11.565337,0.002988,8.348,1.194,1.207,0.000000
28.353443,-23.088,8.227361,0.002887,8.348,1.194,1.207,0.000000
28.451593,-22.869,6.312843,0.002816,8.348,1.194,1.207,0.000000
28.550081,-22.535,3.803281,0.002710,8.348,1.194,1.207,0.000000
28.648903,-22.236,1.003936,0.002619,8.348,1.194,1.207,0.000000
28.748075,-21.972,-1.641496,0.002541,8.348,1.194,1.207,0.000000
28.847589,-21.746,-4.369380,0.002476,8.348,1.194,1.207,0.000000
28.947449,-21.545,-6.881118,0.002420,8.348,1.194,1.207,0.000000
29.047655,-21.265,-9.167320,0.002343,8.348,1.194,1.207,0.000000
29.148207,-20.899,-14.255521,0.002246,8.348,1.194,1.207,0.000000
29.249100,-20.714,-17.759615,0.002199,8.348,1.194,1.207,0.000000
29.350348,-20.692,-20.516928,0.002193,8.348,1.194,1.207,0.000000
29.451948,-20.327,-23.823954,0.002103,8.348,1.194,1.207,0.000000
29.553900,-20.034,-27.512474,0.002033,8.348,1.194,1.207,0.000000
29.656204,-19.869,-31.362303,0.001995,8.348,1.194,1.207,0.000000
29.758862,-19.812,-35.410583,0.001983,8.348,1.194,1.207,0.000000
29.861876,-19.789,-38.773518,0.001978,8.348,1.194,1.207,0.000000
29.965246,-19.851,-44.657661,0.001992,8.348,1.194,1.207,0.000000
30.068968,-19.913,-48.508163,0.002007,8.348,1.194,1.207,0.000000
30.173054,-20.149,-52.723991,0.002062,8.348,1.194,1.207,0.000000
30.277502,-20.270,-55.331764,0.002092,8.348,1.194,1.207,0.000000
30.382311,-20.415,-60.894520,0.002127,8.348,1.194,1.207,0.000000
30.487482,-20.887,-64.331772,0.002247,8.348,1.194,1.207,0.000000
30.593019,-21.304,-65.695442,0.002357,8.348,1.194,1.207,0.000000
30.698914,-21.667,-68.378777,0.002458,8.348,1.194,1.207,0.000000
30.805182,-22.385,-71.681107,0.002671,8.348,1.194,1.207,0.000000
30.911816,-22.675,-71.793388,0.002762,8.348,1.194,1.207,0.000000
31.018822,-23.245,-70.406387,0.002950,8.348,1.194,1.207,0.000000
31.126196,-23.806,-69.369095,0.003146,8.348,1.194,1.207,0.000000
31.233944,-24.147,-66.422508,0.003273,8.348,1.194,1.207,0.000000
31.342064,-24.443,-64.088966,0.003386,8.348,1.194,1.207,0.000000
31.450558,-24.488,-61.058319,0.003404,8.348,1.194,1.207,0.000000
31.559420,-24.205,-58.783005,0.003294,8.348,1.194,1.207,0.000000
31.668667,-24.441,-56.231480,0.003385,8.348,1.194,1.207,0.000000
31.778292,-23.328,-49.540325,0.002978,8.348,1.194,1.207,0.000000
31.888296,-22.814,-47.008492,0.002808,8.348,1.194,1.207,0.000000
31.998680,-22.285,-45.350307,0.002642,8.348,1.194,1.207,0.000000
32.109447,-21.573,-45.733749,0.002435,8.348,1.194,1.207,0.000000
32.220600,-21.060,-47.199974,0.002295,8.348,1.194,1.207,0.000000
32.332127,-20.233,-46.192982,0.002087,8.348,1.194,1.207,0.000000
32.444046,-19.505,-47.510284,0.001920,8.348,1.194,1.207,0.000000
32.556355,-19.253,-50.133308,0.001865,8.348,1.194,1.207,0.000000
32.669052,-18.677,-52.591000,0.001746,8.348,1.194,1.207,0.000000
32.782143,-18.078,-55.140320,0.001630,8.348,1.194,1.207,0.000000
32.895622,-17.645,-59.543312,0.001551,8.348,1.194,1.207,0.000000
33.009491,-17.230,-60.288250,0.001479,8.348,1.194,1.207,0.000000
33.123760,-16.745,-65.852135,0.001399,8.348,1.194,1.207,0.000000
33.238411,-16.526,-68.136696,0.001364,8.348,1.194,1.207,0.000000
33.353470,-15.992,-72.342621,0.001283,8.348,1.194,1.207,0.000000
33.468929,-15.717,-75.667732,0.001243,8.348,1.194,1.207,0.000000
33.584785,-15.435,-81.142975,0.001203,8.348,1.194,1.207,0.000000
33.701042,-15.135,-83.519623,0.001162,8.348,1.194,1.207,0.000000
33.817696,-14.757,-89.495041,0.001113,8.348,1.194,1.207,0.000000
33.934757,-14.583,-95.533073,0.001091,8.348,1.194,1.207,0.000000
34.052227,-14.655,-99.038124,0.001100,8.348,1.194,1.207,0.000000
34.170105,-14.477,-102.955566,0.001078,8.348,1.194,1.207,0.000000
34.288387,-14.430,-107.745407,0.001072,8.348,1.194,1.207,0.000000
34.407082,-14.349,-113.087006,0.001062,8.348,1.194,1.207,0.000000
34.526184,-14.372,-116.968231,0.001065,8.348,1.194,1.207,0.000000
34.645702,-14.487,-120.486778,0.001080,8.348,1.194,1.207,0.000000
34.765621,-14.689,-126.454475,0.001105,8.348,1.194,1.207,0.000000
34.885967,-14.756,-129.281052,0.001114,8.348,1.194,1.207,0.000000
35.006729,-14.855,-131.921692,0.001127,8.348,1.194,1.207,0.000000
35.127911,-15.062,-137.881744,0.001154,8.348,1.194,1.207,0.000000
35.249508,-15.264,-140.435898,0.001182,8.348,1.194,1.207,0.000000
35.371529,-15.515,-143.043198,0.001217,8.348,1.194,1.207,0.000000
35.493965,-15.876,-147.247360,0.001268,8.348,1.194,1.207,0.000000
35.616829,-16.111,-149.456146,0.001303,8.348,1.194,1.207,0.000000
35.740120,-16.468,-151.985123,0.001358,8.348,1.194,1.207,0.000000
35.863842,-16.796,-154.525528,0.001410,8.348,1.194,1.207,0.000000
35.987988,-16.944,-155.707291,0.001435,8.348,1.194,1.207,0.000000
36.112564,-17.192,-158.124359,0.001476,8.348,1.194,1.207,0.000000
36.237572,-17.644,-160.297867,0.001555,8.348,1.194,1.207,0.000000
36.363010,-17.908,-161.143173,0.001603,8.348,1.194,1.207,0.000000
36.488888,-18.051,-162.138611,0.001630,8.348,1.194,1.207,0.000000
36.615189,-18.265,-164.169815,0.001670,8.348,1.194,1.207,0.000000
36.741936,-18.491,-165.848557,0.001715,8.348,1.194,1.207,0.000000
36.869122,-18.639,-166.142929,0.001745,8.348,1.194,1.207,0.000000
36.996750,-18.686,-167.354248,0.001754,8.348,1.194,1.207,0.000000
37.124817,-18.716,-169.175659,0.001761,8.348,1.194,1.207,0.000000
37.253323,-18.832,-171.563599,0.001785,8.348,1.194,1.207,0.000000
37.382278,-18.990,-173.290512,0.001818,8.348,1.194,1.207,0.000000
37.511681,-19.056,-174.017426,0.001832,8.348,1.194,1.207,0.000000
37.641533,-19.160,-176.750977,0.001854,8.348,1.194,1.207,0.000000
37.771832,-19.252,-178.215088,0.001875,8.348,1.194,1.207,0.000000
37.902584,-19.450,-179.451523,0.001918,8.348,1.194,1.207,0.000000
38.033791,-19.427,-179.927567,0.001913,8.348,1.194,1.207,0.000000
38.165447,-19.387,178.476288,0.001905,8.348,1.194,1.207,0.000000
38.297562,-19.472,176.121689,0.001924,8.348,1.194,1.207,0.000000
38.430122,-19.495,175.156891,0.001929,8.348,1.194,1.207,0.000000
38.563152,-19.446,173.082932,0.001918,8.348,1.194,1.207,0.000000
38.696644,-19.430,172.062851,0.001914,8.348,1.194,1.207,0.000000
38.830597,-19.383,169.168350,0.001904,8.348,1.194,1.207,0.000000
38.965015,-19.403,167.324860,0.001908,8.348,1.194,1.207,0.000000
39.099895,-19.454,165.446976,0.001920,8.348,1.194,1.207,0.000000
39.235237,-19.372,163.166260,0.001902,8.348,1.194,1.207,0.000000
39.371052,-19.415,160.413086,0.001912,8.348,1.194,1.207,0.000000
39.507339,-19.520,158.010178,0.001935,8.348,1.194,1.207,0.000000
39.644100,-19.664,156.166275,0.001968,8.348,1.194,1.207,0.000000
39.781334,-19.725,153.870560,0.001982,8.348,1.194,1.207,0.000000
39.919041,-19.879,151.583557,0.002018,8.348,1.194,1.207,0.000000
40.057224,-20.007,150.283661,0.002048,8.348,1.194,1.207,0.000000
40.195889,-20.006,148.543503,0.002048,8.348,1.194,1.207,0.000000
40.335030,-19.954,147.125290,0.002037,8.348,1.194,1.207,0.000000
40.474644,-20.029,143.542053,0.002055,8.348,1.194,1.207,0.000000
40.614754,-20.284,140.853653,0.002116,8.348,1.194,1.207,0.000000
40.755344,-20.310,139.467087,0.002123,8.348,1.194,1.207,0.000000
40.896423,-20.358,136.780426,0.002135,8.348,1.194,1.207,0.000000
41.037983,-20.440,134.199005,0.002156,8.348,1.194,1.207,0.000000
41.180042,-20.649,131.653275,0.002208,8.348,1.194,1.207,0.000000
41.322590,-20.749,129.957703,0.002233,8.348,1.194,1.207,0.000000
41.465633,-20.941,127.174042,0.002283,8.348,1.194,1.207,0.000000
41.609173,-21.002,125.433472,0.002300,8.348,1.194,1.207,0.000000
41.753204,-21.266,123.502251,0.002370,8.348,1.194,1.207,0.000000
41.897739,-21.289,121.237953,0.002377,8.348,1.194,1.207,0.000000
42.042774,-21.304,119.343765,0.002381,8.348,1.194,1.207,0.000000
42.188309,-21.516,115.902008,0.002441,8.348,1.194,1.207,0.000000
42.334339,-21.667,113.503464,0.002484,8.348,1.194,1.207,0.000000
42.480885,-21.719,111.847046,0.002499,8.348,1.194,1.207,0.000000
42.627937,-21.892,110.368118,0.002550,8.348,1.194,1.207,0.000000
42.775497,-21.962,108.381943,0.002571,8.348,1.194,1.207,0.000000
42.923573,-21.929,104.888931,0.002561,8.348,1.194,1.207,0.000000
43.072155,-22.299,102.107002,0.002673,8.348,1.194,1.207,0.000000
43.221245,-22.518,100.184402,0.002742,8.348,1.194,1.207,0.000000
43.370861,-22.900,100.076950,0.002866,8.348,1.194,1.207,0.000000
43.520992,-23.181,99.772331,0.002961,8.348,1.194,1.207,0.000000
43.671646,-23.428,99.075539,0.003047,8.348,1.194,1.207,0.000000
43.822823,-23.700,100.171837,0.003144,8.348,1.194,1.207,0.000000
43.974518,-23.752,100.381447,0.003163,8.348,1.194,1.207,0.000000
44.126743,-24.123,99.532402,0.003301,8.348,1.194,1.207,0.000000
44.279491,-24.143,96.845909,0.003309,8.348,1.194,1.207,0.000000
44.432770,-24.953,96.518250,0.003632,8.348,1.194,1.207,0.000000
44.586567,-25.219,99.807053,0.003745,8.348,1.194,1.207,0.000000
44.740910,-25.406,100.005432,0.003827,8.348,1.194,1.207,0.000000
44.895786,-25.484,101.518784,0.003861,8.348,1.194,1.207,0.000000
45.051197,-25.453,102.389633,0.003848,8.348,1.194,1.207,0.000000
45.207138,-25.337,102.494995,0.003798,8.348,1.194,1.207,0.000000
45.363636,-25.364,100.562973,0.003810,8.348,1.194,1.207,0.000000
45.520660,-25.425,100.379372,0.003838,8.348,1.194,1.207,0.000000
45.678234,-25.534,100.259537,0.003887,8.348,1.194,1.207,0.000000
45.836353,-25.247,102.515480,0.003761,8.348,1.194,1.207,0.000000
45.995022,-24.840,101.433220,0.003590,8.348,1.194,1.207,0.000000
46.154240,-24.377,99.288773,0.003404,8.348,1.194,1.207,0.000000
46.314007,-24.199,95.164330,0.003336,8.348,1.194,1.207,0.000000
46.474327,-24.140,91.590118,0.003314,8.348,1.194,1.207,0.000000
46.635193,-24.137,89.087776,0.003313,8.348,1.194,1.207,0.000000
46.796627,-24.138,86.636490,0.003314,8.348,1.194,1.207,0.000000
46.958618,-24.151,83.343971,0.003319,8.348,1.194,1.207,0.000000
47.121170,-24.110,79.953056,0.003304,8.348,1.194,1.207,0.000000
47.284286,-24.172,76.732986,0.003328,8.348,1.194,1.207,0.000000
47.447968,-24.162,72.993515,0.003324,8.348,1.194,1.207,0.000000
47.612202,-24.463,67.340317,0.003441,8.348,1.194,1.207,0.000000
47.777020,-24.646,63.408123,0.003514,8.348,1.194,1.207,0.000000
47.942402,-24.886,58.659397,0.003613,8.348,1.194,1.207,0.000000
48.108360,-25.113,55.595531,0.003708,8.348,1.194,1.207,0.000000
48.274895,-25.425,52.116482,0.003844,8.348,1.194,1.207,0.000000
48.442005,-25.794,49.068020,0.004012,8.348,1.194,1.207,0.000000
48.609692,-26.095,45.343948,0.004154,8.348,1.194,1.207,0.000000
48.777958,-26.608,41.112923,0.004408,8.348,1.194,1.207,0.000000
48.946812,-27.174,38.267963,0.004706,8.348,1.194,1.207,0.000000
49.116234,-27.879,33.955372,0.005105,8.348,1.194,1.207,0.000000
49.286255,-28.540,30.808743,0.005509,8.348,1.194,1.207,0.000000
49.456863,-29.146,26.096594,0.005908,8.348,1.194,1.207,0.000000
49.628067,-29.831,22.447609,0.006394,8.348,1.194,1.207,0.000000
49.799858,-30.367,16.829994,0.006802,8.348,1.194,1.207,0.000000
49.972248,-31.390,8.477070,0.007653,8.348,1.194,1.207,0.000000
50.145218,-32.049,4.279478,0.008258,8.348,1.194,1.207,0.000000
50.318802,-33.166,-0.894364,0.009393,8.348,1.194,1.207,0.000000
50.492989,-34.121,-8.365655,0.010486,8.348,1.194,1.207,0.000000
50.667774,-35.592,-18.949953,0.012420,8.348,1.194,1.207,0.000000
50.843166,-36.589,-27.593298,0.013931,8.348,1.194,1.207,0.000000
51.019169,-37.409,-27.812313,0.015310,8.348,1.194,1.207,0.000000
51.195774,-38.250,-22.614588,0.016867,8.348,1.194,1.207,0.000000
51.372997,-39.263,-6.639112,0.018954,8.348,1.194,1.207,0.000000
51.550816,-39.561,24.785282,0.019614,8.348,1.194,1.207,0.000000
51.729267,-39.655,63.343822,0.019830,8.348,1.194,1.207,0.000000
51.908333,-39.421,81.941643,0.019308,8.348,1.194,1.207,0.000000
52.088020,-39.506,91.038628,0.019501,8.348,1.194,1.207,0.000000
52.268330,-39.396,88.040901,0.019259,8.348,1.194,1.207,0.000000
52.449261,-38.923,84.624344,0.018241,8.348,1.194,1.207,0.000000
52.630810,-39.097,78.537689,0.018612,8.348,1.194,1.207,0.000000
52.812996,-39.643,74.971611,0.019824,8.348,1.194,1.207,0.000000
52.995815,-40.367,73.504654,0.021550,8.348,1.194,1.207,0.000000
53.179264,-41.120,77.587952,0.023508,8.348,1.194,1.207,0.000000
53.363350,-41.927,83.044479,0.025801,8.348,1.194,1.207,0.000000
53.548077,-42.948,90.215118,0.029023,8.348,1.194,1.207,0.000000
53.733437,-43.609,98.606544,0.031324,8.348,1.194,1.207,0.000000
53.919441,-43.989,112.961143,0.032729,8.348,1.194,1.207,0.000000
54.106079,-43.528,128.872192,0.031039,8.348,1.194,1.207,0.000000
54.293373,-42.493,143.740967,0.027554,8.348,1.194,1.207,0.000000
54.481316,-40.949,150.907913,0.023066,8.348,1.194,1.207,0.000000
54.669895,-39.948,154.651245,0.020556,8.348,1.194,1.207,0.000000
54.859169,-39.178,158.607254,0.018812,8.348,1.194,1.207,0.000000
55.049042,-38.438,159.094742,0.017276,8.348,1.194,1.207,0.000000
55.239601,-37.666,159.395065,0.015806,8.348,1.194,1.207,0.000000
55.430820,-36.737,157.452469,0.014205,8.348,1.194,1.207,0.000000
55.622700,-36.004,156.193405,0.013058,8.348,1.194,1.207,0.000000
55.815247,-35.176,153.000778,0.011873,8.348,1.194,1.207,0.000000
56.008457,-34.521,149.048599,0.011012,8.348,1.194,1.207,0.000000
56.202335,-34.344,145.665237,0.010792,8.348,1.194,1.207,0.000000
56.396889,-33.676,146.666428,0.009995,8.348,1.194,1.207,0.000000
56.592110,-32.990,146.367569,0.009237,8.348,1.194,1.207,0.000000
56.788010,-32.243,147.506683,0.008477,8.348,1.194,1.207,0.000000
56.984589,-31.443,148.180908,0.007733,8.348,1.194,1.207,0.000000
57.181820,-30.708,146.113953,0.007106,8.348,1.194,1.207,0.000000
57.379791,-30.034,145.484787,0.006577,8.348,1.194,1.207,0.000000
57.578388,-29.318,143.714172,0.006058,8.348,1.194,1.207,0.000000
57.777702,-28.810,143.074707,0.005714,8.348,1.194,1.207,0.000000
57.977707,-28.230,142.453156,0.005346,8.348,1.194,1.207,0.000000
58.178406,-27.684,141.016296,0.005020,8.348,1.194,1.207,0.000000
58.379795,-27.054,139.773392,0.004669,8.348,1.194,1.207,0.000000
58.581886,-26.124,136.582855,0.004195,8.348,1.194,1.207,0.000000
58.784672,-25.456,133.364960,0.003885,8.348,1.194,1.207,0.000000
58.988163,-24.711,128.556839,0.003565,8.348,1.194,1.207,0.000000
59.192356,-24.202,124.907585,0.003362,8.348,1.194,1.207,0.000000
59.397259,-23.595,120.645775,0.003136,8.348,1.194,1.207,0.000000
59.602867,-23.071,118.137024,0.002953,8.348,1.194,1.207,0.000000
59.809193,-22.471,114.242546,0.002756,8.348,1.194,1.207,0.000000
60.016228,-21.881,107.805702,0.002575,8.348,1.194,1.207,0.000000
60.223953,-21.560,103.963280,0.002483,8.348,1.194,1.207,0.000000
60.432423,-21.283,99.735435,0.002405,8.348,1.194,1.207,0.000000
60.641617,-21.025,94.394180,0.002335,8.348,1.194,1.207,0.000000
60.851536,-20.875,89.978416,0.002296,8.348,1.194,1.207,0.000000
61.062180,-20.677,86.091553,0.002245,8.348,1.194,1.207,0.000000
61.273556,-20.434,80.863991,0.002184,8.348,1.194,1.207,0.000000
61.485661,-20.252,76.544388,0.002139,8.348,1.194,1.207,0.000000
61.698502,-20.152,71.047630,0.002116,8.348,1.194,1.207,0.000000
61.912075,-19.937,65.951630,0.002064,8.348,1.194,1.207,0.000000
62.126392,-19.779,61.421585,0.002028,8.348,1.194,1.207,0.000000
62.341450,-19.693,55.941582,0.002008,8.348,1.194,1.207,0.000000
62.557251,-19.632,50.460411,0.001995,8.348,1.194,1.207,0.000000
62.773800,-19.571,46.001896,0.001981,8.348,1.194,1.207,0.000000
62.991070,-19.643,38.458698,0.001998,8.348,1.194,1.207,0.000000
63.209152,-19.762,33.708828,0.002026,8.347,1.222,1.234,0.000000
63.427925,-19.875,28.343708,0.002052,8.345,1.251,1.264,0.000000
63.647522,-20.243,21.428074,0.002142,8.344,1.280,1.293,0.000000
63.867813,-20.540,16.525093,0.002217,8.343,1.310,1.322,0.000000
64.088898,-21.051,11.396090,0.002352,8.341,1.339,1.352,0.000000
64.310753,-21.512,6.372036,0.002481,8.340,1.369,1.381,0.000000
64.533371,-22.100,2.187343,0.002656,8.338,1.398,1.411,0.000000
64.756760,-22.763,-1.855718,0.002868,8.337,1.428,1.441,0.000000
64.980919,-23.359,-4.830520,0.003072,8.335,1.458,1.470,0.000000
65.205864,-23.954,-8.229506,0.003291,8.334,1.488,1.500,0.000000
65.431580,-24.630,-10.265862,0.003558,8.332,1.518,1.530,0.000000
65.658081,-25.150,-12.119230,0.003778,8.331,1.548,1.561,0.000000
65.885361,-25.859,-13.889196,0.004100,8.329,1.578,1.591,0.000000
66.113434,-26.255,-14.231384,0.004292,8.328,1.609,1.621,0.000000
66.342262,-26.734,-15.568478,0.004536,8.326,1.639,1.652,0.000000
66.571945,-27.105,-17.264370,0.004736,8.325,1.670,1.682,0.000000
66.802353,-27.571,-16.163307,0.004999,8.323,1.701,1.713,0.000000
67.033600,-27.854,-14.727715,0.005167,8.322,1.732,1.744,0.000000
67.265648,-28.348,-12.274147,0.005473,8.320,1.763,1.775,0.000000
67.498489,-28.281,-9.309253,0.005433,8.319,1.794,1.806,0.000000
67.732147,-28.037,-7.875591,0.005286,8.317,1.825,1.837,0.000000
67.966606,-28.263,-8.742095,0.005428,8.316,1.856,1.868,0.000000
68.201881,-28.331,-8.375573,0.005472,8.314,1.887,1.899,0.000000
68.437973,-28.542,-9.386759,0.005609,8.313,1.919,1.931,0.000000
68.674881,-28.694,-8.732431,0.005710,8.311,1.950,1.962,0.000000
68.912605,-28.381,-8.417479,0.005510,8.309,1.982,1.994,0.000000
69.151154,-28.247,-11.693405,0.005428,8.308,2.014,2.026,0.000000
69.390495,-28.132,-15.001966,0.005358,8.306,2.046,2.058,0.000000
69.630730,-28.157,-18.629814,0.005375,8.305,2.078,2.090,0.000000
69.871735,-28.489,-21.675846,0.005587,8.303,2.110,2.122,0.000000
70.113640,-28.532,-22.140150,0.005616,8.302,2.142,2.154,0.000000
70.356308,-28.485,-25.722616,0.005588,8.300,2.175,2.186,0.000000
70.599854,-28.745,-27.162106,0.005759,8.298,2.207,2.219,0.000000
70.844246,-28.887,-27.507639,0.005856,8.297,2.240,2.251,0.000000
71.089478,-29.237,-30.024916,0.006099,8.295,2.272,2.284,0.000000
71.335564,-29.501,-32.175278,0.006290,8.294,2.305,2.317,0.000000
71.582504,-29.851,-34.029350,0.006550,8.292,2.338,2.349,0.000000
71.830292,-30.301,-37.221588,0.006901,8.290,2.371,2.382,0.000000
72.078941,-30.811,-38.760715,0.007321,8.289,2.404,2.416,0.000000
72.328453,-31.149,-41.642487,0.007614,8.287,2.437,2.449,0.000000
72.578827,-31.147,-44.086685,0.007615,8.286,2.471,2.482,0.000000
72.830063,-31.229,-46.677685,0.007690,8.284,2.504,2.516,0.000000
73.082176,-30.983,-48.699120,0.007478,8.282,2.538,2.549,0.000000
73.335159,-31.036,-55.793831,0.007527,8.281,2.572,2.583,0.000000
73.588982,-31.702,-56.289253,0.008129,8.279,2.605,2.617,0.000000
73.843719,-31.995,-58.078121,0.008410,8.277,2.639,2.651,0.000000
74.099335,-32.317,-60.610569,0.008732,8.276,2.673,2.685,0.000000
74.355843,-32.525,-64.454659,0.008946,8.274,2.708,2.719,0.000000
74.613228,-32.908,-66.518791,0.009353,8.272,2.742,2.753,0.000000
74.871513,-33.304,-64.091873,0.009790,8.271,2.776,2.787,0.000000
75.130692,-33.601,-64.181030,0.010133,8.269,2.811,2.822,0.000000
75.390762,-33.966,-66.188301,0.010569,8.267,2.846,2.857,0.000000
75.651733,-34.396,-66.420273,0.011107,8.265,2.880,2.891,0.000000
75.913612,-34.635,-70.231995,0.011419,8.264,2.915,2.926,0.000000
76.176399,-34.782,-70.237640,0.011616,8.262,2.950,2.961,0.000000
76.440094,-35.051,-73.728012,0.011983,8.260,2.986,2.996,0.000000
76.704697,-35.131,-74.218216,0.012096,8.259,3.021,3.032,0.000000
76.970184,-35.564,-74.189217,0.012718,8.257,3.056,3.067,0.000000
77.236664,-36.143,-76.714111,0.013596,8.255,3.092,3.102,0.000000
77.503990,-36.757,-73.457848,0.014594,8.253,3.127,3.138,0.000000
77.772278,-37.471,-68.831055,0.015847,8.252,3.163,3.174,0.000000
78.041496,-38.007,-66.567101,0.016859,8.250,3.199,3.210,0.000000
78.311646,-37.895,-66.542061,0.016646,8.248,3.235,3.246,0.000000
78.582733,-38.348,-66.916397,0.017541,8.246,3.271,3.282,0.000000
78.854752,-38.820,-59.010090,0.018523,8.244,3.307,3.318,0.000000
79.127716,-39.313,-53.214893,0.019609,8.243,3.344,3.354,0.000000
79.401627,-40.246,-47.099274,0.021836,8.241,3.380,3.391,0.000000
79.676483,-41.270,-42.808792,0.024573,8.239,3.417,3.427,0.000000
79.952293,-41.558,-40.587902,0.025406,8.237,3.454,3.464,0.000000
80.229057,-41.735,-36.965221,0.025928,8.235,3.491,3.501,0.000000
80.506744,-42.296,-25.960762,0.027660,8.234,3.528,3.538,0.000000
80.785469,-42.412,-13.319386,0.028030,8.232,3.565,3.575,0.000000
81.065079,-42.444,-3.461752,0.028134,8.230,3.602,3.612,0.000000
81.345734,-42.318,2.484692,0.027729,8.228,3.639,3.650,0.000000
81.627281,-42.189,1.628944,0.027321,8.226,3.677,3.687,0.000000
81.909843,-41.613,0.103021,0.025566,8.224,3.715,3.725,0.000000
82.193382,-40.881,-1.195883,0.023501,8.223,3.752,3.762,0.000000
82.477905,-40.348,-0.119058,0.022103,8.221,3.790,3.800,0.000000
82.763412,-40.052,3.062680,0.021360,8.219,3.828,3.838,0.000000
83.049904,-39.757,3.980854,0.020649,8.217,3.867,3.877,0.000000
83.337395,-39.493,2.992270,0.020031,8.215,3.905,3.915,0.000000
83.625877,-38.872,0.566066,0.018648,8.213,3.943,3.953,0.000000
83.915352,-38.323,-1.292676,0.017505,8.211,3.982,3.992,0.000000
84.205795,-37.154,1.678681,0.015302,8.209,4.021,4.030,0.000000
84.497330,-36.424,1.804286,0.014068,8.208,4.060,4.069,0.000000
84.789780,-35.789,1.334452,0.013076,8.206,4.099,4.108,0.000000
85.083336,-35.094,-3.926060,0.012071,8.204,4.138,4.147,0.000000
85.377815,-34.320,-8.014886,0.011041,8.202,4.177,4.186,0.000000
85.673363,-33.771,-10.227650,0.010365,8.200,4.216,4.226,0.000000
85.969933,-33.313,-11.872112,0.009832,8.198,4.256,4.265,0.000000
86.267525,-32.849,-13.848050,0.009318,8.196,4.296,4.305,0.000000
86.566154,-32.259,-16.933352,0.008705,8.194,4.335,4.345,0.000000
86.865814,-31.780,-21.381918,0.008236,8.192,4.375,4.385,0.000000
87.166504,-31.325,-24.989723,0.007815,8.190,4.415,4.425,0.000000
87.468246,-30.820,-29.111023,0.007372,8.188,4.456,4.465,0.000000
87.771027,-30.376,-32.792240,0.007004,8.186,4.496,4.505,0.000000
88.074852,-29.836,-38.499905,0.006582,8.184,4.537,4.546,0.000000
88.379738,-29.377,-43.264717,0.006243,8.182,4.577,4.586,0.000000
88.685677,-28.784,-50.300129,0.005831,8.180,4.618,4.627,0.000000
88.992668,-28.362,-55.890537,0.005555,8.178,4.659,4.668,0.000000
89.300682,-27.980,-61.519882,0.005315,8.176,4.700,4.709,0.000000
89.609810,-27.572,-68.195801,0.005071,8.174,4.741,4.750,0.000000
89.920006,-27.208,-75.153938,0.004863,8.172,4.783,4.791,0.000000
90.231270,-26.933,-80.840065,0.004711,8.170,4.824,4.833,0.000000
90.543617,-26.701,-87.777542,0.004586,8.168,4.866,4.874,0.000000
90.857048,-26.547,-95.270874,0.004504,8.166,4.907,4.916,0.000000
91.171562,-26.422,-102.221657,0.004439,8.164,4.949,4.958,0.000000
91.487160,-26.365,-105.290573,0.004409,8.162,4.991,5.000,0.000000
91.803856,-26.152,-113.811539,0.004302,8.160,5.034,5.042,0.000000
92.121643,-26.125,-119.418427,0.004288,8.158,5.076,5.085,0.000000
92.440536,-26.076,-127.397545,0.004264,8.156,5.119,5.127,0.000000
92.760529,-26.065,-132.991898,0.004259,8.153,5.161,5.170,0.000000
93.081627,-26.052,-140.243912,0.004252,8.151,5.204,5.212,0.000000
93.403793,-25.997,-146.498428,0.004226,8.149,5.247,5.255,0.000000
93.727173,-25.873,-152.271774,0.004166,8.147,5.290,5.298,0.000000
94.051575,-25.817,-157.939407,0.004139,8.145,5.333,5.342,0.000000
94.377190,-25.799,-163.853287,0.004129,8.143,5.377,5.385,0.000000
94.703842,-25.738,-169.818604,0.004100,8.141,5.420,5.428,0.000000
95.031670,-25.684,-176.494705,0.004074,8.139,5.464,5.472,0.000000
95.360634,-25.642,178.910263,0.004053,8.136,5.508,5.516,0.000000
95.690735,-25.554,172.334808,0.004012,8.134,5.552,5.560,0.000000
96.021980,-25.422,166.918777,0.003951,8.132,5.596,5.604,0.000000
96.354370,-25.267,161.603424,0.003880,8.130,5.640,5.648,0.000000
96.687912,-25.122,156.159454,0.003815,8.128,5.685,5.693,0.000000
97.022606,-24.866,150.007370,0.003704,8.126,5.729,5.737,0.000000
97.358459,-24.643,144.618515,0.003610,8.123,5.774,5.782,0.000000
97.695435,-24.419,139.746063,0.003517,8.121,5.819,5.827,0.000000
98.033661,-24.135,133.907669,0.003403,8.119,5.864,5.872,0.000000
98.372971,-23.737,128.019241,0.003250,8.117,5.909,5.917,0.000000
98.713547,-23.387,123.530937,0.003122,8.115,5.955,5.962,0.000000
99.055214,-23.050,117.632080,0.003003,8.112,6.000,6.008,0.000000
99.398102,-22.731,111.520531,0.002895,8.110,6.046,6.053,0.000000
99.742180,-22.458,106.315704,0.002805,8.108,6.092,6.099,0.000000
100.087448,-22.174,100.180679,0.002715,8.106,6.138,6.145,0.000000
100.433914,-21.927,94.715508,0.002639,8.103,6.184,6.191,0.000000
100.781578,-21.595,88.319817,0.002540,8.101,6.230,6.238,0.000000
101.130447,-21.338,83.009270,0.002465,8.099,6.277,6.284,0.000000
101.480522,-21.143,76.729980,0.002410,8.096,6.324,6.331,0.000000
101.831802,-20.976,70.721199,0.002364,8.094,6.370,6.378,0.000000
102.184258,-20.762,64.343811,0.002306,8.092,6.417,6.424,0.000000
102.538033,-20.663,58.823559,0.002279,8.089,6.465,6.472,0.000000
102.892975,-20.550,52.458218,0.002249,8.087,6.512,6.519,0.000000
103.249153,-20.460,46.365524,0.002226,8.085,6.559,6.566,0.000000
103.606514,-20.417,40.220921,0.002214,8.082,6.607,6.614,0.000000
103.965157,-20.393,34.196716,0.002208,8.080,6.655,6.662,0.000000
104.325050,-20.389,28.120773,0.002207,8.078,6.703,6.710,0.000000
104.686180,-20.483,22.163774,0.002230,8.075,6.751,6.758,0.000000
105.048561,-20.524,17.206003,0.002240,8.073,6.799,6.806,0.000000
105.412201,-20.610,11.628396,0.002262,8.071,6.848,6.854,0.000000
105.777100,-20.651,6.580416,0.002273,8.068,6.896,6.903,0.000000
106.143257,-20.724,1.783593,0.002291,8.066,6.945,6.952,0.000000
106.510689,-20.781,-2.963015,0.002306,8.063,6.994,7.001,0.000000
106.879387,-20.840,-7.435871,0.002322,8.061,7.043,7.050,0.000000
107.249359,-20.939,-11.276713,0.002348,8.059,7.093,7.099,0.000000
107.620613,-21.045,-15.390266,0.002376,8.056,7.142,7.148,0.000000
107.993156,-21.095,-19.568266,0.002389,8.054,7.192,7.198,0.000000
108.366936,-21.199,-23.592955,0.002418,8.051,7.242,7.248,0.000000
108.742065,-21.335,-28.031265,0.002456,8.049,7.292,7.298,0.000000
109.118484,-21.468,-31.974127,0.002493,8.046,7.342,7.348,0.000000
109.496208,-21.596,-36.035824,0.002529,8.044,7.392,7.398,0.000000
109.875244,-21.736,-39.974686,0.002570,8.041,7.443,7.449,0.000000
110.255592,-21.894,-44.707123,0.002617,8.039,7.493,7.499,0.000000
110.637253,-22.112,-49.295448,0.002683,8.036,7.544,7.550,0.000000
111.020241,-22.269,-52.831299,0.002731,8.034,7.595,7.601,0.000000
111.404549,-22.476,-56.323139,0.002796,8.031,7.647,7.652,0.000000
111.790184,-22.634,-60.199291,0.002846,8.029,7.698,7.704,0.000000
112.177162,-22.907,-64.067001,0.002936,8.026,7.750,7.755,0.000000
112.565475,-23.124,-67.502747,0.003009,8.024,7.801,7.807,0.000000
112.955132,-23.368,-70.922806,0.003094,8.021,7.853,7.859,0.000000
113.346085,-23.710,-73.967522,0.003217,8.019,7.905,7.911,0.000000
113.738503,-23.931,-76.446426,0.003300,8.016,7.958,7.963,0.000000
114.132164,-24.124,-78.886795,0.003373,8.014,8.010,8.015,0.000000
114.527306,-24.342,-81.402672,0.003458,8.011,8.063,8.068,0.000000
114.923698,-24.510,-83.138550,0.003525,8.008,8.116,8.121,0.000000
115.321518,-24.655,-84.555870,0.003584,8.006,8.169,8.174,0.000000
115.720718,-24.691,-86.302910,0.003598,8.003,8.222,8.227,0.000000
116.121300,-24.711,-88.144989,0.003606,8.001,8.275,8.280,0.000000
116.523270,-24.708,-89.802734,0.003604,7.998,8.329,8.334,0.000000
116.926628,-24.683,-91.463966,0.003593,7.995,8.383,8.388,0.000000
117.331383,-24.644,-93.913216,0.003576,7.993,8.437,8.441,0.000000
117.737541,-24.632,-96.221611,0.003571,7.990,8.491,8.496,0.000000
118.145103,-24.579,-99.332596,0.003549,7.987,8.545,8.550,0.000000
118.554016,-24.506,-102.618637,0.003518,7.985,8.600,8.604,0.000000
118.964462,-24.433,-105.969719,0.003488,7.982,8.654,8.659,0.000000
119.376213,-24.393,-109.273880,0.003471,7.979,8.709,8.714,0.000000
119.789505,-24.403,-112.938408,0.003475,7.977,8.764,8.769,0.000000
120.204117,-24.430,-116.811722,0.003485,7.974,8.820,8.824,0.000000
120.620216,-24.431,-120.000153,0.003485,7.971,8.875,8.879,0.000000
121.037758,-24.436,-123.997559,0.003486,7.968,8.931,8.935,0.000000
121.456741,-24.446,-126.743866,0.003490,7.966,8.987,8.991,0.000000
121.877174,-24.485,-130.486481,0.003506,7.963,9.043,9.047,0.000000
122.299072,-24.514,-133.822205,0.003518,7.960,9.099,9.103,0.000000
122.722420,-24.557,-137.452927,0.003535,7.957,9.155,9.159,0.000000
123.147240,-24.631,-140.961136,0.003565,7.955,9.212,9.216,0.000000
123.573532,-24.704,-144.524246,0.003595,7.952,9.269,9.273,0.000000
124.001297,-24.744,-148.125305,0.003612,7.949,9.326,9.330,0.000000
124.430542,-24.733,-151.111313,0.003607,7.946,9.383,9.387,0.000000
124.861267,-24.766,-154.831375,0.003620,7.943,9.440,9.444,0.000000
125.293488,-24.833,-158.114761,0.003648,7.942,9.462,9.466,0.000000
125.727150,-24.882,-161.689224,0.003667,7.942,9.467,9.471,0.000000
126.162369,-24.938,-165.479034,0.003690,7.942,9.472,9.476,0.000000
126.599091,-24.926,-168.200302,0.003685,7.942,9.477,9.481,0.000000
127.037331,-24.908,-171.345032,0.003677,7.942,9.482,9.485,0.000000
127.477089,-24.911,-175.043823,0.003678,7.942,9.486,9.490,0.000000
127.918365,-24.883,-178.755707,0.003666,7.942,9.491,9.495,0.000000
128.361160,-24.874,178.156082,0.003662,7.942,9.496,9.500,0.000000
128.805511,-24.794,174.555847,0.003629,7.942,9.501,9.505,0.000000
129.251373,-24.741,170.941132,0.003607,7.942,9.506,9.510,0.000000
129.698792,-24.670,167.318314,0.003577,7.942,9.511,9.515,0.000000
130.147766,-24.556,163.773071,0.003531,7.942,9.516,9.520,0.000000
130.598282,-24.442,160.119034,0.003485,7.942,9.521,9.525,0.000000
131.050369,-24.209,156.401825,0.003393,7.941,9.526,9.530,0.000000
131.503952,-23.980,152.150513,0.003306,7.941,9.531,9.535,0.000000
131.959229,-23.733,148.036423,0.003214,7.941,9.536,9.540,0.000000
132.415955,-23.487,143.484634,0.003125,7.941,9.541,9.545,0.000000
132.874329,-23.210,138.522324,0.003027,7.941,9.546,9.551,0.000000
133.334290,-22.920,133.358810,0.002928,7.941,9.551,9.556,0.000000
133.795853,-22.636,128.161163,0.002834,7.941,9.556,9.561,0.000000
134.259003,-22.353,122.618004,0.002743,7.941,9.562,9.566,0.000000
134.723755,-22.097,116.571571,0.002663,7.941,9.567,9.571,0.000000
135.190109,-21.876,109.888527,0.002596,7.941,9.572,9.576,0.000000
135.658081,-21.704,103.495872,0.002545,7.941,9.577,9.582,0.000000
136.127686,-21.552,96.971687,0.002501,7.941,9.582,9.587,0.000000
136.598907,-21.450,90.573898,0.002472,7.941,9.588,9.592,0.000000
137.071762,-21.389,84.337029,0.002455,7.940,9.593,9.597,0.000000
137.546249,-21.328,77.376976,0.002439,7.940,9.598,9.603,0.000000
138.022385,-21.285,70.803123,0.002427,7.940,9.603,9.608,0.000000
138.500092,-21.286,64.043495,0.002428,7.940,9.609,9.613,0.000000
138.979599,-21.327,57.509827,0.002440,7.940,9.614,9.619,0.000000
139.460617,-21.349,51.924683,0.002446,7.940,9.619,9.624,0.000000
139.943375,-21.367,46.570145,0.002451,7.940,9.625,9.629,0.000000
140.427811,-21.373,40.637360,0.002453,7.940,9.630,9.635,0.000000
140.913925,-21.337,34.640568,0.002443,7.940,9.635,9.640,0.000000
141.401703,-21.327,29.154430,0.002440,7.940,9.641,9.646,0.000000
141.891190,-21.357,23.071152,0.002448,7.940,9.646,9.651,0.000000
142.382355,-21.386,17.765978,0.002456,7.940,9.652,9.657,0.000000
142.875229,-21.475,11.254613,0.002482,7.939,9.657,9.662,0.000000
143.369812,-21.545,5.884224,0.002503,7.939,9.663,9.668,0.000000
143.866104,-21.632,-0.219113,0.002528,7.939,9.668,9.673,0.000000
144.364120,-21.731,-6.359807,0.002558,7.939,9.674,9.679,0.000000
144.863785,-21.988,-12.268180,0.002635,7.939,9.679,9.684,0.000000
145.365311,-22.260,-18.226511,0.002719,7.939,9.685,9.690,0.000000
145.868439,-22.564,-23.648550,0.002817,7.939,9.690,9.696,0.000000
146.373383,-22.897,-28.602964,0.002927,7.939,9.696,9.701,0.000000
146.880066,-23.280,-33.630135,0.003060,7.939,9.701,9.707,0.000000
147.388504,-23.575,-38.501141,0.003166,7.939,9.707,9.713,0.000000
147.898712,-23.924,-43.022636,0.003296,7.939,9.713,9.718,0.000000
148.410675,-24.376,-47.461742,0.003473,7.938,9.718,9.724,0.000000
148.924423,-24.830,-52.181225,0.003660,7.938,9.724,9.730,0.000000
149.439941,-25.134,-55.704491,0.003791,7.938,9.730,9.736,0.000000
149.957245,-25.469,-58.964462,0.003941,7.938,9.736,9.741,0.000000
150.476334,-25.794,-62.902802,0.004092,7.938,9.741,9.747,0.000000
150.997238,-26.046,-66.262016,0.004213,7.938,9.747,9.753,0.000000
151.519852,-26.350,-69.827789,0.004364,7.938,9.753,9.759,0.000000
152.044434,-26.642,-72.533279,0.004513,7.938,9.759,9.765,0.000000
152.570679,-26.904,-76.028412,0.004653,7.938,9.764,9.770,0.000000
153.098892,-27.121,-79.677498,0.004771,7.938,9.770,9.776,0.000000
153.628784,-27.334,-82.157684,0.004889,7.938,9.776,9.782,0.000000
154.160660,-27.693,-85.558914,0.005096,7.938,9.782,9.788,0.000000
154.694229,-28.043,-89.129013,0.005305,7.937,9.788,9.794,0.000000
155.229797,-28.383,-92.125107,0.005517,7.937,9.794,9.800,0.000000
155.767075,-28.680,-95.109261,0.005708,7.937,9.800,9.806,0.000000
156.306274,-29.131,-98.425987,0.006013,7.937,9.806,9.812,0.000000
156.847351,-29.706,-101.809853,0.006424,7.937,9.812,9.818,0.000000
157.390305,-30.356,-104.820107,0.006923,7.937,9.818,9.824,0.000000
157.935120,-31.096,-106.719994,0.007540,7.937,9.824,9.830,0.000000
158.481750,-31.956,-108.676575,0.008324,7.937,9.830,9.836,0.000000
159.030441,-32.817,-108.637741,0.009191,7.937,9.836,9.843,0.000000
159.580856,-33.847,-106.463272,0.010349,7.937,9.842,9.849,0.000000
160.133347,-34.812,-103.651703,0.011565,7.936,9.848,9.855,0.000000
160.687592,-35.548,-99.918419,0.012587,7.936,9.854,9.861,0.000000
161.243912,-36.122,-94.909660,0.013448,7.936,9.861,9.867,0.000000
161.801987,-36.073,-88.126022,0.013371,7.936,9.867,9.874,0.000000
162.362167,-35.731,-82.000893,0.012856,7.936,9.873,9.880,0.000000
162.924133,-35.281,-77.273453,0.012206,7.936,9.879,9.886,0.000000
163.488113,-34.869,-73.176315,0.011641,7.936,9.885,9.892,0.000000
164.054047,-34.189,-71.185974,0.010764,7.936,9.892,9.899,0.000000
164.621933,-33.590,-71.115944,0.010047,7.936,9.898,9.905,0.000000
165.191788,-32.965,-70.920982,0.009349,7.936,9.904,9.911,0.000000
165.763535,-32.673,-72.663002,0.009040,7.936,9.911,9.918,0.000000
166.337433,-32.488,-74.677567,0.008850,7.935,9.917,9.924,0.000000
166.913147,-32.239,-76.196571,0.008600,7.935,9.923,9.931,0.000000
167.491013,-32.103,-75.870178,0.008466,7.935,9.930,9.937,0.000000
168.070801,-31.752,-76.251167,0.008130,7.935,9.936,9.944,0.000000
168.652603,-31.524,-76.424774,0.007918,7.935,9.943,9.950,0.000000
169.236328,-31.272,-77.266464,0.007690,7.935,9.949,9.957,0.000000
169.822250,-30.858,-77.445580,0.007331,7.935,9.956,9.963,0.000000
170.410019,-30.520,-77.890671,0.007049,7.935,9.962,9.970,0.000000
170.999924,-29.955,-78.550652,0.006605,7.935,9.969,9.976,0.000000
171.591858,-29.319,-78.344337,0.006137,7.935,9.975,9.983,0.000000
172.185837,-28.783,-79.791321,0.005769,7.934,9.982,9.989,0.000000
172.781876,-28.338,-82.665466,0.005480,7.934,9.988,9.996,0.000000
173.379990,-27.847,-85.795715,0.005178,7.934,9.995,10.003,0.000000
173.980164,-27.242,-89.071472,0.004828,7.934,10.002,10.010,0.000000
174.582336,-26.798,-92.629021,0.004587,7.934,10.008,10.016,0.000000
175.186752,-26.422,-97.417381,0.004392,7.934,10.015,10.023,0.000000
175.793182,-26.079,-101.576927,0.004222,7.934,10.022,10.030,0.000000
176.401703,-25.871,-106.533737,0.004121,7.934,10.029,10.037,0.000000
177.012253,-25.636,-112.351776,0.004010,7.934,10.035,10.043,0.000000
177.625092,-25.506,-118.770576,0.003950,7.934,10.042,10.050,0.000000
178.239883,-25.447,-124.673172,0.003922,7.933,10.049,10.057,0.000000
178.856964,-25.505,-130.889450,0.003948,7.933,10.056,10.064,0.000000
179.476013,-25.600,-136.937683,0.003991,7.933,10.063,10.071,0.000000
180.097290,-25.818,-142.935272,0.004091,7.933,10.070,10.078,0.000000
180.720718,-26.183,-148.688538,0.004266,7.933,10.076,10.085,0.000000
181.346298,-26.523,-154.295700,0.004436,7.933,10.083,10.092,0.000000
181.974045,-26.966,-159.665466,0.004667,7.933,10.090,10.099,0.000000
182.603882,-27.442,-163.383514,0.004929,7.933,10.097,10.106,0.000000
183.236084,-28.016,-166.627899,0.005265,7.933,10.104,10.113,0.000000
183.870377,-28.684,-169.004257,0.005685,7.932,10.111,10.120,0.000000
184.506866,-29.523,-170.909576,0.006259,7.932,10.118,10.127,0.000000
185.145462,-30.209,-172.087616,0.006771,7.932,10.125,10.134,0.000000
185.786453,-30.721,-173.322571,0.007180,7.932,10.133,10.141,0.000000
186.429489,-31.348,-173.378189,0.007715,7.932,10.140,10.149,0.000000
187.074921,-31.947,-172.712128,0.008263,7.932,10.147,10.156,0.000000
187.722412,-32.541,-170.501144,0.008844,7.932,10.154,10.163,0.000000
188.372238,-33.018,-168.624237,0.009340,7.932,10.161,10.170,0.000000
189.024307,-33.274,-166.643890,0.009617,7.932,10.168,10.177,0.000000
189.678650,-33.374,-164.153168,0.009725,7.931,10.176,10.185,0.000000
190.335236,-33.447,-161.667633,0.009803,7.931,10.183,10.192,0.000000
190.994110,-33.453,-158.886078,0.009806,7.931,10.190,10.199,0.000000
191.655258,-33.340,-156.093872,0.009677,7.931,10.198,10.207,0.000000
192.318695,-33.000,-154.889954,0.009301,7.931,10.205,10.214,0.000000
192.984421,-32.618,-154.932159,0.008899,7.931,10.212,10.222,0.000000
193.652374,-32.125,-155.997314,0.008404,7.931,10.220,10.229,0.000000
194.322815,-31.666,-157.926498,0.007969,7.931,10.227,10.237,0.000000
194.995392,-31.215,-160.207108,0.007563,7.931,10.235,10.244,0.000000
195.670486,-30.772,-163.772705,0.007184,7.930,10.242,10.252,0.000000
196.347733,-30.484,-166.160767,0.006948,7.930,10.250,10.259,0.000000
197.027405,-30.095,-170.638168,0.006641,7.930,10.257,10.267,0.000000
197.709442,-29.803,-175.005753,0.006420,7.930,10.265,10.274,0.000000
198.393829,-29.617,-179.291931,0.006281,7.930,10.272,10.282,0.000000
199.080597,-29.419,176.515396,0.006138,7.930,10.280,10.290,0.000000
199.769745,-29.319,172.813568,0.006065,7.930,10.288,10.297,0.000000
200.461258,-29.269,167.777695,0.006028,7.930,10.295,10.305,0.000000
201.155182,-29.167,163.160980,0.005956,7.929,10.303,10.313,0.000000
201.851501,-29.162,157.731018,0.005950,7.929,10.311,10.321,0.000000
202.550232,-29.177,151.758270,0.005958,7.929,10.318,10.328,0.000000
203.251389,-29.169,144.915451,0.005949,7.929,10.326,10.336,0.000000
203.954865,-29.275,138.601730,0.006019,7.929,10.334,10.344,0.000000
204.660980,-29.458,132.040558,0.006144,7.929,10.342,10.352,0.000000
205.369339,-29.860,124.156044,0.006431,7.929,10.350,10.360,0.000000
206.080246,-30.238,117.719963,0.006714,7.929,10.357,10.368,0.000000
206.793625,-30.703,111.567329,0.007081,7.929,10.365,10.376,0.000000
207.509567,-31.341,104.535530,0.007618,7.928,10.373,10.384,0.000000
208.227783,-31.934,98.345146,0.008153,7.928,10.381,10.392,0.000000
208.948685,-32.718,91.542824,0.008920,7.928,10.389,10.400,0.000000
209.671890,-33.675,83.644867,0.009956,7.928,10.397,10.408,0.000000
210.397690,-34.639,74.928329,0.011121,7.928,10.405,10.416,0.000000
211.126007,-35.505,65.829910,0.012283,7.928,10.413,10.424,0.000000
211.856842,-36.308,56.316868,0.013465,7.928,10.421,10.432,0.000000
212.590210,-37.189,42.900032,0.014894,7.928,10.430,10.441,0.000000
213.326019,-37.814,28.053520,0.015997,7.927,10.438,10.449,0.000000
214.064575,-38.096,9.502197,0.016517,7.927,10.446,10.457,0.000000
214.805481,-38.038,-9.790386,0.016397,7.927,10.454,10.465,0.000000
215.549057,-37.829,-30.022213,0.015999,7.927,10.462,10.474,0.000000
216.295197,-37.184,-50.625744,0.014848,7.927,10.471,10.482,0.000000
217.044037,-36.024,-71.351540,0.012988,7.927,10.479,10.490,0.000000
217.795258,-35.219,-88.682083,0.011834,7.927,10.487,10.499,0.000000
218.549286,-34.259,-103.443504,0.010592,7.927,10.496,10.507,0.000000
219.305710,-33.339,-118.372543,0.009524,7.926,10.504,10.516,0.000000
220.064865,-32.562,-129.818680,0.008707,7.926,10.512,10.524,0.000000
220.826645,-31.921,-141.482758,0.008084,7.926,10.521,10.533,0.000000
221.591064,-31.446,-151.754684,0.007651,7.926,10.529,10.541,0.000000
222.358124,-31.013,-160.403015,0.007277,7.926,10.538,10.550,0.000000
223.127731,-30.835,-168.740860,0.007126,7.926,10.546,10.558,0.000000
223.900223,-30.814,-176.273300,0.007107,7.926,10.555,10.567,0.000000
224.675171,-30.802,177.368408,0.007095,7.925,10.564,10.576,0.000000
225.453018,-30.830,170.647537,0.007115,7.925,10.572,10.584,0.000000
226.233337,-30.840,165.000916,0.007121,7.925,10.581,10.593,0.000000
227.016586,-30.899,159.933411,0.007167,7.925,10.589,10.602,0.000000
227.802322,-30.979,155.714584,0.007231,7.925,10.598,10.610,0.000000
228.590988,-30.993,151.347916,0.007240,7.925,10.607,10.619,0.000000
229.382187,-30.977,147.828293,0.007224,7.925,10.616,10.628,0.000000
230.176208,-30.834,143.500397,0.007104,7.925,10.624,10.637,0.000000
230.972992,-30.799,139.264404,0.007072,7.924,10.633,10.646,0.000000
231.772537,-30.801,135.022949,0.007072,7.924,10.642,10.655,0.000000
232.574844,-30.775,130.571457,0.007048,7.924,10.651,10.664,0.000000
233.379822,-30.947,125.474464,0.007186,7.924,10.660,10.673,0.000000
234.187805,-31.103,120.262093,0.007314,7.924,10.669,10.682,0.000000
234.998352,-31.326,115.353470,0.007502,7.924,10.678,10.691,0.000000
235.811935,-31.755,111.257103,0.007879,7.924,10.687,10.700,0.000000
236.628113,-32.349,107.646690,0.008434,7.923,10.696,10.709,0.000000
237.447342,-32.929,105.024742,0.009013,7.923,10.705,10.718,0.000000
238.269180,-33.453,103.648811,0.009570,7.923,10.714,10.727,0.000000
239.094101,-34.097,103.479263,0.010304,7.923,10.723,10.736,0.000000
239.921631,-34.559,104.474930,0.010863,7.923,10.732,10.746,0.000000
240.752151,-34.804,106.233437,0.011170,7.923,10.742,10.755,0.000000
241.585541,-34.994,108.870399,0.011413,7.923,10.751,10.764,0.000000
242.421814,-34.954,110.921204,0.011357,7.922,10.760,10.774,0.000000
243.260986,-34.692,112.507080,0.011017,7.922,10.769,10.783,0.000000
244.102951,-34.283,112.957314,0.010509,7.922,10.779,10.792,0.000000
244.948059,-33.960,112.893051,0.010123,7.922,10.788,10.802,0.000000
245.795975,-33.468,112.699242,0.009564,7.922,10.798,10.811,0.000000
246.646820,-33.069,110.939392,0.009133,7.922,10.807,10.821,0.000000
247.500626,-32.756,108.475563,0.008808,7.922,10.816,10.830,0.000000
248.357376,-32.455,105.393929,0.008507,7.921,10.826,10.840,0.000000
249.216980,-32.218,102.027367,0.008275,7.921,10.836,10.850,0.000000
250.079788,-32.040,98.724609,0.008104,7.921,10.842,10.856,0.000000
250.945343,-31.976,95.461082,0.008041,7.921,10.817,10.831,0.000000
251.814026,-31.835,92.211746,0.007909,7.921,10.792,10.806,0.000000
252.685715,-31.800,88.284622,0.007875,7.921,10.767,10.781,0.000000
253.560410,-31.857,84.146561,0.007924,7.921,10.742,10.756,0.000000
254.438141,-31.944,80.512825,0.008002,7.921,10.717,10.731,0.000000
255.318909,-32.084,77.092705,0.008130,7.921,10.692,10.706,0.000000
256.202728,-32.321,72.998230,0.008354,7.920,10.667,10.681,0.000000
257.089600,-32.617,69.267670,0.008642,7.920,10.641,10.656,0.000000
257.979553,-32.963,66.278854,0.008992,7.920,10.616,10.630,0.000000
258.872559,-33.308,63.025894,0.009355,7.920,10.590,10.605,0.000000
259.768677,-33.719,59.458576,0.009806,7.920,10.564,10.579,0.000000
260.667786,-34.345,57.210003,0.010535,7.920,10.539,10.553,0.000000
261.570251,-34.922,55.435791,0.011255,7.920,10.513,10.528,0.000000
262.475555,-35.585,54.273880,0.012144,7.920,10.487,10.502,0.000000
263.384277,-36.432,54.110989,0.013383,7.920,10.461,10.476,0.000000
264.295898,-37.202,56.574841,0.014618,7.920,10.435,10.450,0.000000
265.210785,-37.761,60.050701,0.015585,7.919,10.409,10.423,0.000000
266.128845,-38.291,63.802372,0.016560,7.919,10.382,10.397,0.000000
267.050201,-38.586,68.343079,0.017130,7.919,10.356,10.371,0.000000
267.974518,-38.715,74.096199,0.017383,7.919,10.329,10.344,0.000000
268.902130,-38.541,78.280457,0.017034,7.919,10.303,10.318,0.000000
269.832977,-38.183,82.127678,0.016344,7.919,10.276,10.291,0.000000
270.767029,-37.615,85.700676,0.015307,7.919,10.249,10.265,0.000000
271.704315,-36.863,86.675690,0.014035,7.919,10.223,10.238,0.000000
272.644714,-36.325,86.199905,0.013190,7.919,10.196,10.211,0.000000
273.588654,-35.983,84.147346,0.012679,7.918,10.169,10.184,0.000000
274.535583,-35.766,82.888863,0.012364,7.918,10.141,10.157,0.000000
275.486053,-35.587,80.824905,0.012109,7.918,10.114,10.130,0.000000
276.439545,-35.571,78.788116,0.012084,7.918,10.087,10.103,0.000000
277.396454,-35.577,77.562462,0.012091,7.918,10.060,10.075,0.000000
278.356689,-35.616,75.730904,0.012143,7.918,10.032,10.048,0.000000
279.320404,-35.779,74.152267,0.012371,7.918,10.004,10.020,0.000000
280.287170,-35.988,73.795235,0.012671,7.918,9.977,9.993,0.000000
281.257416,-35.971,73.949455,0.012643,7.918,9.949,9.965,0.000000
282.231018,-36.068,74.010300,0.012783,7.918,9.921,9.937,0.000000
283.207977,-36.220,74.650749,0.013007,7.917,9.893,9.909,0.000000
284.188354,-36.244,75.534424,0.013040,7.917,9.865,9.881,0.000000
285.171967,-36.117,76.649315,0.012848,7.917,9.837,9.853,0.000000
286.159271,-36.036,78.589073,0.012727,7.917,9.809,9.825,0.000000
287.149689,-35.818,81.051208,0.012410,7.917,9.780,9.796,0.000000
288.143829,-35.692,83.175934,0.012230,7.917,9.752,9.768,0.000000
289.141144,-35.244,84.360161,0.011613,7.917,9.723,9.739,0.000000
290.142029,-34.847,85.801582,0.011092,7.917,9.695,9.711,0.000000
291.146393,-34.260,86.849068,0.010366,7.917,9.666,9.682,0.000000
292.154358,-33.689,86.808968,0.009705,7.916,9.637,9.653,0.000000
293.165558,-33.027,86.435684,0.008992,7.916,9.608,9.624,0.000000
294.180389,-32.502,84.903931,0.008465,7.916,9.579,9.595,0.000000
295.198730,-31.992,82.603638,0.007982,7.916,9.550,9.566,0.000000
296.220581,-31.465,79.613289,0.007512,7.916,9.520,9.537,0.000000
297.246002,-31.097,76.438179,0.007201,7.916,9.491,9.508,0.000000
298.274933,-30.768,73.577583,0.006933,7.916,9.462,9.478,0.000000
299.307465,-30.498,70.743149,0.006720,7.916,9.432,9.449,0.000000
300.343414,-30.341,67.185745,0.006598,7.915,9.402,9.419,0.000000
301.383209,-30.287,64.283867,0.006557,7.915,9.373,9.390,0.000000
302.426361,-30.392,61.519333,0.006635,7.915,9.343,9.360,0.000000
303.473389,-30.383,59.113678,0.006627,7.915,9.313,9.330,0.000000
304.523743,-30.531,57.084793,0.006740,7.915,9.283,9.300,0.000000
305.578033,-30.511,56.184395,0.006724,7.915,9.252,9.270,0.000000
306.635681,-30.439,54.733913,0.006668,7.915,9.222,9.239,0.000000
307.697266,-30.356,53.480301,0.006604,7.915,9.192,9.209,0.000000
308.762268,-30.225,51.885170,0.006505,7.915,9.161,9.179,0.000000
309.831085,-30.073,50.043999,0.006393,7.914,9.131,9.148,0.000000
310.903595,-30.014,47.316151,0.006349,7.914,9.100,9.117,0.000000
311.979828,-29.976,44.903763,0.006322,7.914,9.069,9.087,0.000000
313.059784,-29.979,41.589211,0.006324,7.914,9.038,9.056,0.000000
314.143311,-30.114,38.168438,0.006421,7.914,9.007,9.025,0.000000
315.230927,-30.410,35.599037,0.006643,7.914,8.976,8.994,0.000000
316.322113,-30.808,33.412251,0.006953,7.914,8.945,8.963,0.000000
317.417114,-31.223,32.414371,0.007292,7.914,8.913,8.931,0.000000
318.515747,-31.642,31.938366,0.007651,7.913,8.882,8.900,0.000000
319.618469,-31.986,32.757408,0.007959,7.913,8.850,8.868,0.000000
320.724701,-32.180,33.686333,0.008137,7.913,8.819,8.837,0.000000
321.835083,-32.274,35.513031,0.008224,7.913,8.787,8.805,0.000000
322.949005,-32.194,37.617413,0.008148,7.913,8.755,8.773,0.000000
324.066925,-31.971,39.537949,0.007939,7.913,8.723,8.741,0.000000
325.188721,-31.544,40.980564,0.007558,7.913,8.691,8.709,0.000000
326.314392,-31.091,41.790329,0.007172,7.913,8.659,8.677,0.000000
327.443970,-30.489,41.792236,0.006691,7.912,8.626,8.645,0.000000
328.577301,-29.853,40.742157,0.006218,7.912,8.594,8.612,0.000000
329.714874,-29.224,39.048840,0.005784,7.912,8.561,8.580,0.000000
330.856232,-28.651,36.145351,0.005415,7.912,8.528,8.547,0.000000
332.001526,-28.151,32.076462,0.005112,7.912,8.496,8.514,0.000000
333.150635,-27.735,27.394680,0.004873,7.912,8.463,8.482,0.000000
334.304016,-27.420,21.794577,0.004699,7.912,8.430,8.449,0.000000
335.461090,-27.247,15.492495,0.004606,7.912,8.397,8.416,0.000000
336.622498,-27.193,9.149938,0.004577,7.911,8.363,8.382,0.000000
337.787598,-27.321,2.553689,0.004644,7.911,8.330,8.349,0.000000
338.956879,-27.615,-3.822119,0.004803,7.911,8.296,8.316,0.000000
340.130219,-28.023,-9.597208,0.005033,7.911,8.263,8.282,0.000000
341.307617,-28.555,-14.716581,0.005351,7.911,8.229,8.248,0.000000
342.489105,-29.202,-18.652590,0.005763,7.911,8.195,8.215,0.000000
343.674652,-29.909,-22.358870,0.006250,7.911,8.161,8.181,0.000000
344.864319,-30.635,-25.894413,0.006794,7.911,8.127,8.147,0.000000
346.058105,-31.502,-28.068842,0.007506,7.910,8.093,8.113,0.000000
347.256042,-32.314,-29.597500,0.008240,7.910,8.059,8.078,0.000000
348.457947,-32.967,-29.722605,0.008882,7.910,8.024,8.044,0.000000
349.664337,-33.429,-29.684002,0.009366,7.910,7.990,8.010,0.000000
350.874573,-33.802,-30.358767,0.009775,7.910,7.955,7.975,0.000000
352.089325,-34.095,-31.815542,0.010108,7.910,7.920,7.940,0.000000
353.307953,-34.390,-33.089806,0.010453,7.910,7.885,7.905,0.000000
354.530975,-34.500,-34.808918,0.010583,7.909,7.850,7.870,0.000000
355.758240,-34.648,-38.109360,0.010760,7.909,7.815,7.835,0.000000
356.989716,-34.811,-42.247143,0.010961,7.909,7.780,7.800,0.000000
358.225494,-34.874,-47.596668,0.011037,7.909,7.745,7.765,0.000000
359.465515,-35.153,-55.544716,0.011394,7.909,7.709,7.729,0.000000
360.709869,-35.466,-64.705330,0.011809,7.909,7.674,7.694,0.000000
361.958496,-35.705,-75.179260,0.012137,7.909,7.638,7.658,0.000000
363.211456,-35.883,-88.101791,0.012386,7.908,7.602,7.622,0.000000
364.468750,-36.005,-102.872452,0.012560,7.908,7.566,7.586,0.000000
365.730408,-35.897,-120.168854,0.012402,7.908,7.530,7.550,0.000000
366.996246,-35.389,-139.681641,0.011696,7.908,7.493,7.514,0.000000
368.266815,-34.780,-159.820465,0.010901,7.908,7.457,7.478,0.000000
369.541443,-34.082,178.836945,0.010055,7.908,7.421,7.441,0.000000
370.820648,-33.278,159.358948,0.009163,7.908,7.384,7.405,0.000000
372.104309,-32.457,141.340225,0.008334,7.907,7.347,7.368,0.000000
373.392395,-31.731,126.079620,0.007663,7.907,7.310,7.331,0.000000
374.684937,-31.041,111.646721,0.007075,7.907,7.273,7.294,0.000000
375.982117,-30.433,99.466293,0.006594,7.907,7.236,7.257,0.000000
377.283447,-29.867,88.849762,0.006177,7.907,7.199,7.220,0.000000
378.589447,-29.486,78.653259,0.005912,7.907,7.161,7.183,0.000000
379.899994,-29.111,70.102303,0.005660,7.907,7.124,7.145,0.000000
381.215057,-28.801,62.333889,0.005461,7.906,7.086,7.108,0.000000
382.534668,-28.522,55.668892,0.005287,7.906,7.048,7.070,0.000000
383.858673,-28.304,49.526703,0.005156,7.906,7.011,7.032,0.000000
385.187622,-28.161,43.598007,0.005071,7.906,6.972,6.994,0.000000
386.520813,-28.040,37.734344,0.004999,7.906,6.934,6.956,0.000000
387.859009,-27.993,32.194096,0.004970,7.906,6.896,6.918,0.000000
389.201416,-28.005,27.352221,0.004975,7.906,6.858,6.879,0.000000
390.548889,-28.088,22.987175,0.005021,7.905,6.819,6.841,0.000000
391.900635,-28.145,18.812384,0.005052,7.905,6.780,6.802,0.000000
393.257416,-28.258,14.983992,0.005117,7.905,6.741,6.764,0.000000
394.618530,-28.348,11.288320,0.005169,7.905,6.702,6.725,0.000000
395.984558,-28.383,7.684742,0.005189,7.905,6.663,6.686,0.000000
397.355316,-28.426,4.656101,0.005214,7.905,6.624,6.646,0.000000
398.730804,-28.429,1.427896,0.005214,7.905,6.585,6.607,0.000000
400.111053,-28.413,-2.488760,0.005204,7.904,6.545,6.568,0.000000
401.495880,-28.391,-7.020032,0.005190,7.904,6.505,6.528,0.000000
402.885895,-28.456,-11.998405,0.005228,7.904,6.466,6.488,0.000000
404.280365,-28.638,-17.256815,0.005338,7.904,6.426,6.449,0.000000
405.679993,-28.841,-22.901945,0.005463,7.904,6.386,6.408,0.000000
407.084106,-29.231,-29.382673,0.005713,7.904,6.345,6.368,0.000000
408.493500,-29.762,-35.446350,0.006072,7.903,6.305,6.328,0.000000
409.907349,-30.574,-41.716240,0.006666,7.903,6.265,6.288,0.000000
411.326477,-31.627,-46.725735,0.007524,7.903,6.224,6.247,0.000000
412.750122,-32.881,-48.452675,0.008691,7.903,6.183,6.206,0.000000
414.178925,-34.282,-47.971863,0.010211,7.903,6.142,6.166,0.000000
415.612640,-35.696,-44.159618,0.012013,7.903,6.101,6.125,0.000000
417.051331,-37.177,-38.247425,0.014244,7.902,6.060,6.083,0.000000
418.494995,-38.553,-30.017021,0.016686,7.902,6.019,6.042,0.000000
419.943481,-39.545,-20.363760,0.018702,7.902,5.977,6.001,0.000000
421.397369,-39.757,-9.963268,0.019160,7.902,5.935,5.959,0.000000
422.855865,-39.516,0.307722,0.018634,7.902,5.894,5.918,0.000000
424.319855,-38.545,8.278738,0.016659,7.902,5.852,5.876,0.000000
425.788666,-37.567,13.684689,0.014884,7.901,5.810,5.834,0.000000
427.262604,-36.625,16.943480,0.013352,7.901,5.767,5.792,0.000000
428.741394,-35.707,17.019884,0.012010,7.901,5.725,5.749,0.000000
430.225739,-34.924,17.418402,0.010973,7.901,5.683,5.707,0.000000
431.714813,-34.177,16.773220,0.010067,7.901,5.640,5.664,0.000000
433.209259,-33.571,15.126739,0.009389,7.901,5.597,5.622,0.000000
434.708862,-32.971,12.543014,0.008762,7.900,5.554,5.579,0.000000
436.213654,-32.487,10.303072,0.008287,7.900,5.511,5.536,0.000000
437.723663,-32.064,8.008205,0.007893,7.900,5.468,5.493,0.000000
439.238892,-31.681,5.390041,0.007552,7.900,5.424,5.449,0.000000
440.759369,-31.235,2.431240,0.007174,7.900,5.381,5.406,0.000000
442.285095,-30.888,-0.747801,0.006893,7.900,5.337,5.362,0.000000
443.816132,-30.722,-4.783748,0.006763,7.899,5.293,5.318,0.000000
445.352448,-30.690,-8.729824,0.006738,7.899,5.249,5.275,0.000000
446.894073,-30.825,-11.606566,0.006844,7.899,5.205,5.230,0.000000
448.440857,-31.026,-13.533583,0.007004,7.899,5.161,5.186,0.000000
449.993408,-31.218,-15.264544,0.007160,7.899,5.116,5.142,0.000000
451.550873,-31.328,-16.479862,0.007252,7.899,5.072,5.097,0.000000
453.114197,-31.353,-17.215611,0.007273,7.898,5.027,5.053,0.000000
454.682495,-31.394,-17.867552,0.007309,7.898,4.982,5.008,0.000000
456.256409,-31.359,-18.606722,0.007280,7.898,4.937,4.963,0.000000
457.835815,-31.231,-20.009106,0.007176,7.898,4.892,4.918,0.000000
459.420654,-30.973,-22.320196,0.006966,7.898,4.846,4.872,0.000000
461.010986,-30.688,-26.074478,0.006743,7.898,4.801,4.827,0.000000
462.606842,-30.570,-31.026140,0.006653,7.897,4.755,4.781,0.000000
464.208221,-30.618,-36.062153,0.006690,7.897,4.709,4.736,0.000000
465.815125,-30.815,-41.331055,0.006844,7.897,4.663,4.690,0.000000
467.427582,-31.239,-47.018452,0.007186,7.897,4.617,4.644,0.000000
469.045410,-31.838,-53.201633,0.007699,7.897,4.571,4.597,0.000000
470.669312,-32.660,-57.974487,0.008463,7.896,4.524,4.551,0.000000
472.298340,-33.640,-58.946243,0.009474,7.896,4.478,4.504,0.000000
473.933502,-34.812,-57.769310,0.010843,7.896,4.431,4.458,0.000000
475.573853,-35.883,-54.095631,0.012268,7.896,4.384,4.411,0.000000
477.220093,-36.712,-50.068935,0.013499,7.896,4.337,4.364,0.000000
478.872040,-37.416,-44.251236,0.014641,7.896,4.289,4.316,0.000000
480.529724,-38.090,-38.109272,0.015824,7.895,4.242,4.269,0.000000
482.193146,-38.269,-30.909815,0.016157,7.895,4.194,4.222,0.000000
483.862305,-38.108,-23.070280,0.015863,7.895,4.146,4.174,0.000000
485.537262,-37.465,-16.892151,0.014734,7.895,4.099,4.126,0.000000
487.217987,-36.591,-12.752632,0.013325,7.895,4.050,4.078,0.000000
488.904541,-35.706,-11.395763,0.012037,7.894,4.002,4.030,0.000000
490.596710,-35.058,-11.806074,0.011173,7.894,3.954,3.981,0.000000
492.295197,-34.501,-13.440002,0.010481,7.894,3.905,3.933,0.000000
493.999115,-34.029,-15.635489,0.009928,7.894,3.856,3.884,0.000000
495.709381,-33.748,-18.358519,0.009614,7.894,3.807,3.835,0.000000
497.425110,-33.530,-21.730461,0.009378,7.893,3.758,3.786,0.000000
499.147003,-33.575,-25.905426,0.009428,7.893,3.709,3.737,0.000000
500.874847,-33.747,-29.387140,0.009618,7.893,3.669,3.697,0.000000
502.608917,-34.022,-32.315342,0.009929,7.893,3.639,3.667,0.000000
504.348541,-34.311,-33.823189,0.010266,7.893,3.608,3.637,0.000000
506.094391,-34.616,-34.894356,0.010635,7.893,3.578,3.607,0.000000
507.846283,-34.964,-35.436432,0.011072,7.893,3.547,3.576,0.000000
509.604279,-35.323,-36.369946,0.011539,7.893,3.516,3.546,0.000000
511.368317,-35.617,-37.860538,0.011937,7.893,3.485,3.515,0.000000
513.138489,-35.999,-38.858227,0.012473,7.893,3.454,3.484,0.000000
514.914795,-36.447,-39.393913,0.013134,7.893,3.423,3.453,0.000000
516.696960,-36.926,-39.369518,0.013878,7.893,3.392,3.422,0.000000
518.485840,-37.529,-39.806000,0.014876,7.893,3.361,3.391,0.000000
520.280334,-38.275,-38.957378,0.016211,7.893,3.329,3.360,0.000000
522.081360,-39.120,-36.697952,0.017870,7.893,3.298,3.329,0.000000
523.888611,-40.020,-31.950287,0.019825,7.893,3.266,3.297,0.000000
525.702393,-40.750,-24.205009,0.021567,7.893,3.235,3.266,0.000000
527.521912,-40.935,-16.273952,0.022033,7.893,3.203,3.234,0.000000
529.348206,-40.838,-8.371693,0.021793,7.893,3.171,3.202,0.000000
531.180359,-40.638,-0.196728,0.021301,7.893,3.139,3.171,0.000000
533.019104,-40.206,7.366630,0.020268,7.893,3.106,3.139,0.000000
534.864258,-39.406,14.525062,0.018485,7.893,3.074,3.106,0.000000
536.715698,-38.466,19.604940,0.016590,7.892,3.042,3.074,0.000000
538.573608,-37.571,22.996111,0.014965,7.892,3.009,3.042,0.000000
540.437683,-36.637,24.061712,0.013440,7.892,2.977,3.010,0.000000
542.308777,-35.931,24.236252,0.012391,7.892,2.944,2.977,0.000000
544.185730,-35.184,24.243061,0.011369,7.892,2.911,2.944,0.000000
546.069763,-34.322,23.440784,0.010296,7.892,2.878,2.912,0.000000
547.959778,-33.517,21.900677,0.009384,7.892,2.845,2.879,0.000000
549.856873,-32.800,19.201612,0.008641,7.892,2.812,2.846,0.000000
551.760010,-32.170,16.238276,0.008036,7.892,2.779,2.813,0.000000
553.670288,-31.573,12.922028,0.007502,7.892,2.745,2.780,0.000000
555.586609,-31.034,9.476333,0.007051,7.892,2.712,2.746,0.000000
557.509827,-30.571,4.607086,0.006685,7.892,2.678,2.713,0.000000
559.439697,-30.259,-0.890592,0.006449,7.892,2.644,2.679,0.000000
561.376282,-30.081,-6.674936,0.006318,7.892,2.610,2.646,0.000000
563.319519,-30.104,-12.637006,0.006334,7.892,2.576,2.612,0.000000
565.269287,-30.266,-18.327095,0.006454,7.892,2.542,2.578,0.000000
567.226318,-30.610,-22.989399,0.006715,7.892,2.508,2.544,0.000000
569.189514,-31.107,-26.176216,0.007110,7.892,2.474,2.510,0.000000
571.160156,-31.709,-27.664400,0.007619,7.892,2.439,2.476,0.000000
573.136963,-32.211,-27.916754,0.008072,7.892,2.404,2.441,0.000000
575.121216,-32.500,-27.266163,0.008343,7.892,2.370,2.407,0.000000
577.111816,-32.690,-26.691849,0.008527,7.892,2.335,2.372,0.000000
579.109863,-32.619,-26.585140,0.008456,7.892,2.300,2.337,0.000000
581.114197,-32.397,-26.953718,0.008241,7.892,2.265,2.302,0.000000
583.125793,-32.190,-28.489557,0.008045,7.892,2.230,2.268,0.000000
585.144348,-32.010,-32.154629,0.007879,7.892,2.194,2.232,0.000000
587.169922,-32.003,-38.093334,0.007871,7.892,2.159,2.197,0.000000
589.202454,-32.330,-43.568626,0.008171,7.892,2.123,2.162,0.000000
591.241760,-32.873,-46.568474,0.008697,7.891,2.088,2.126,0.000000
593.288696,-33.427,-47.366810,0.009268,7.891,2.052,2.091,0.000000
595.342468,-33.992,-47.552856,0.009890,7.891,2.016,2.055,0.000000
597.403320,-34.685,-47.586590,0.010710,7.891,1.980,2.019,0.000000
599.471008,-35.303,-47.317829,0.011497,7.891,1.944,1.983,0.000000
601.546448,-35.813,-46.162170,0.012191,7.891,1.907,1.947,0.000000
603.628479,-36.116,-44.156307,0.012620,7.891,1.871,1.911,0.000000
605.718262,-35.992,-42.525787,0.012440,7.891,1.834,1.875,0.000000
607.814758,-35.612,-43.213131,0.011905,7.891,1.798,1.838,0.000000
609.918762,-35.155,-47.332069,0.011294,7.891,1.761,1.802,0.000000
612.030090,-34.906,-53.449558,0.010972,7.891,1.724,1.765,0.000000
614.148682,-34.730,-61.031815,0.010750,7.891,1.687,1.728,0.000000
616.274658,-34.912,-70.915855,0.010976,7.891,1.650,1.691,0.000000
618.407654,-35.287,-82.214066,0.011458,7.891,1.612,1.654,0.000000
620.548645,-35.868,-95.365425,0.012249,7.891,1.575,1.617,0.000000
622.696716,-36.442,-103.650558,0.013083,7.891,1.537,1.580,0.000000
624.852295,-36.956,-101.815872,0.013878,7.891,1.499,1.542,0.000000
627.015259,-37.386,-93.119423,0.014583,7.891,1.462,1.505,0.000000
629.185730,-37.832,-82.935692,0.015351,7.891,1.424,1.467,0.000000
631.363464,-38.287,-74.915550,0.016176,7.891,1.386,1.429,0.000000
633.549316,-38.558,-68.242775,0.016689,7.891,1.347,1.391,0.000000
635.742126,-38.380,-64.541069,0.016350,7.891,1.309,1.353,0.000000
637.942810,-37.794,-66.087143,0.015284,7.891,1.270,1.315,0.000000
640.151123,-37.066,-78.433044,0.014055,7.891,1.232,1.276,0.000000
642.367065,-36.357,-99.419373,0.012951,7.891,1.193,1.238,0.000000
644.590698,-35.729,-120.227867,0.012045,7.890,1.154,1.199,0.000000
646.822327,-34.935,-139.566422,0.010991,7.890,1.115,1.160,0.000000
649.061096,-34.035,-158.310898,0.009907,7.890,1.076,1.121,0.000000
651.307861,-33.042,-176.772766,0.008835,7.890,1.036,1.082,0.000000
653.562439,-32.097,165.425323,0.007923,7.890,0.997,1.043,0.000000
655.824829,-31.234,147.891418,0.007174,7.890,0.957,1.004,0.000000
658.095032,-30.515,130.264984,0.006605,7.890,0.918,0.964,0.000000
660.372803,-29.946,113.686577,0.006188,7.890,0.878,0.925,0.000000
662.659058,-29.553,97.023689,0.005915,7.890,0.838,0.885,0.000000
664.952637,-29.385,82.456284,0.005802,7.890,0.798,0.845,0.000000
667.254761,-29.408,69.121407,0.005819,7.890,0.757,0.805,0.000000
669.564209,-29.592,57.740978,0.005944,7.890,0.717,0.765,0.000000
671.882019,-29.836,47.872234,0.006114,7.890,0.676,0.725,0.000000
674.207764,-30.164,39.352478,0.006349,7.890,0.636,0.684,0.000000
676.541992,-30.521,31.946529,0.006616,7.890,0.595,0.644,0.000000
678.883545,-30.792,25.068319,0.006826,7.890,0.554,0.603,0.000000
681.233582,-31.026,18.361002,0.007011,7.890,0.513,0.562,0.000000
683.591797,-31.265,11.516551,0.007207,7.890,0.472,0.521,0.000000
685.958130,-31.541,3.988826,0.007441,7.890,0.430,0.480,0.000000
688.332642,-31.899,-3.908411,0.007755,7.890,0.389,0.439,0.000000
690.715027,-32.391,-12.592134,0.008208,7.890,0.347,0.397,0.000000
693.106384,-33.081,-21.897598,0.008889,7.890,0.305,0.356,0.000000
695.505310,-34.106,-30.906567,0.010003,7.890,0.263,0.314,0.000000
697.913208,-35.426,-34.905998,0.011646,7.889,0.221,0.272,0.000000
700.328796,-36.864,-32.421600,0.013746,7.889,0.179,0.230,0.000000
702.753052,-38.028,-27.789930,0.015720,7.889,0.136,0.188,0.000000
705.185730,-38.760,-23.056156,0.017106,7.889,0.094,0.146,0.000000
707.627136,-38.976,-19.602865,0.017539,7.889,0.051,0.103,0.000000
710.076355,-39.039,-17.197786,0.017671,7.889,0.008,0.061,0.000000
712.534363,-38.896,-15.399553,0.017384,7.889,-0.035,0.018,0.000000
715.000854,-38.527,-15.411083,0.016664,7.889,-0.078,-0.025,0.000000
717.475891,-38.099,-15.806600,0.015867,7.889,-0.121,-0.068,0.000000
719.959534,-37.825,-24.226675,0.015377,7.889,-0.165,-0.111,0.000000
722.451416,-37.807,-31.418139,0.015351,7.889,-0.208,-0.154,0.000000
724.952637,-37.946,-37.090683,0.015604,7.889,-0.252,-0.198,0.000000
727.461792,-38.044,-41.393757,0.015787,7.889,-0.296,-0.242,0.000000
729.980347,-37.887,-46.159004,0.015509,7.889,-0.340,-0.285,0.000000
732.506897,-37.482,-51.200588,0.014808,7.889,-0.384,-0.329,0.000000
735.042908,-36.719,-56.158466,0.013567,7.889,-0.429,-0.373,0.000000
737.586975,-35.832,-62.645580,0.012251,7.889,-0.473,-0.418,0.000000
740.140564,-34.893,-71.387909,0.010998,7.889,-0.518,-0.462,0.000000
742.702332,-34.027,-83.770973,0.009956,7.889,-0.563,-0.507,0.000000
745.273254,-33.362,-99.769012,0.009224,7.889,-0.608,-0.551,0.000000
747.853088,-33.096,-116.855637,0.008948,7.889,-0.653,-0.596,0.000000
750.441895,-33.262,-132.760773,0.009122,7.888,-0.698,-0.641,0.000000
753.039612,-33.484,-144.211334,0.009359,7.888,-0.744,-0.686,0.000000
755.646362,-33.638,-154.356689,0.009526,7.888,-0.789,-0.732,0.000000
758.262146,-33.711,-163.416489,0.009607,7.888,-0.835,-0.777,0.000000
760.886597,-33.707,-171.706970,0.009603,7.888,-0.881,-0.823,0.000000
763.520813,-33.666,-179.660721,0.009557,7.888,-0.927,-0.868,0.000000
766.163818,-33.628,173.257599,0.009515,7.888,-0.973,-0.914,0.000000
768.816040,-33.385,167.657211,0.009253,7.888,-1.020,-0.960,0.000000
771.476990,-32.757,162.069107,0.008609,7.888,-1.066,-1.007,0.000000
774.147888,-31.972,153.625122,0.007866,7.888,-1.113,-1.053,0.000000
776.827332,-31.449,143.030762,0.007407,7.888,-1.160,-1.100,0.000000
779.516785,-31.204,132.148483,0.007203,7.888,-1.207,-1.146,0.000000
782.214844,-31.103,121.527794,0.007121,7.888,-1.254,-1.193,0.000000
784.922546,-31.146,110.651138,0.007157,7.888,-1.302,-1.240,0.000000
787.639648,-31.242,100.307510,0.007238,7.888,-1.349,-1.288,0.000000
790.366150,-31.466,89.607162,0.007428,7.888,-1.397,-1.335,0.000000
793.102112,-31.839,79.868469,0.007753,7.888,-1.445,-1.383,0.000000
795.847107,-32.460,70.502769,0.008328,7.888,-1.493,-1.430,0.000000
798.602417,-33.069,62.512577,0.008932,7.888,-1.541,-1.478,0.000000
801.366882,-33.732,54.631489,0.009641,7.888,-1.589,-1.526,0.000000
804.140930,-34.402,46.396618,0.010415,7.887,-1.638,-1.575,0.000000
806.924133,-35.089,39.152416,0.011272,7.887,-1.687,-1.623,0.000000
809.717773,-35.634,31.705437,0.012002,7.887,-1.736,-1.672,0.000000
812.520325,-36.044,23.264668,0.012581,7.887,-1.785,-1.720,0.000000
815.333374,-36.591,13.524243,0.013399,7.887,-1.834,-1.769,0.000000
818.155334,-37.215,3.491843,0.014397,7.887,-1.883,-1.818,0.000000
820.987488,-37.868,-5.377582,0.015521,7.887,-1.933,-1.867,0.000000
823.829407,-38.265,-15.673573,0.016247,7.887,-1.983,-1.917,0.000000
826.681213,-38.456,-27.692190,0.016607,7.887,-2.032,-1.966,0.000000
829.542847,-38.629,-41.774849,0.016938,7.887,-2.083,-2.016,0.000000
832.414429,-38.894,-58.326855,0.017459,7.887,-2.133,-2.066,0.000000
835.295898,-39.645,-74.936897,0.019033,7.887,-2.183,-2.116,0.000000
838.187378,-40.476,-87.835106,0.020941,7.887,-2.234,-2.166,0.000000
841.088867,-41.026,-87.758224,0.022305,7.887,-2.285,-2.217,0.000000
844.000000,-41.468,-94.035362,0.023466,7.887,-2.336,-2.267,0.000000
846.921997,-42.194,-107.023010,0.025512,7.887,-2.387,-2.318,0.000000
849.853333,-43.227,-121.527222,0.028732,7.887,-2.438,-2.369,0.000000
852.795593,-44.373,-134.582748,0.032784,7.887,-2.489,-2.420,0.000000
855.747253,-45.755,-139.575439,0.038439,7.887,-2.541,-2.472,0.000000
858.709534,-46.319,-106.067574,0.041018,7.886,-2.593,-2.523,0.000000
861.682068,-45.676,-60.986504,0.038090,7.886,-2.645,-2.575,0.000000
864.664856,-44.131,-67.421707,0.031884,7.886,-2.697,-2.627,0.000000
867.657959,-42.331,-75.280251,0.025910,7.886,-2.750,-2.679,0.000000
870.661499,-40.433,-81.341072,0.020821,7.886,-2.802,-2.731,0.000000
873.675354,-38.777,-86.516571,0.017204,7.886,-2.855,-2.783,0.000000
876.699707,-37.396,-92.460938,0.014674,7.886,-2.908,-2.836,0.000000
879.734497,-36.285,-97.024635,0.012909,7.886,-2.961,-2.889,0.000000
882.779419,-35.573,-109.169235,0.011891,7.886,-3.014,-2.942,0.000000
885.835632,-35.273,-125.678314,0.011486,7.886,-3.068,-2.995,0.000000
888.901672,-35.285,-135.821823,0.011502,7.886,-3.121,-3.048,0.000000
891.979126,-35.540,-143.735809,0.011845,7.886,-3.175,-3.102,0.000000
895.066406,-35.822,-65.334702,0.012235,7.886,-3.229,-3.155,0.000000
898.164734,-36.068,-9.891935,0.012587,7.886,-3.283,-3.209,0.000000
901.273865,-36.224,-17.304256,0.012816,7.886,-3.338,-3.263,0.000000
904.393738,-35.964,-30.455381,0.012437,7.886,-3.392,-3.317,0.000000
907.524414,-35.438,-46.722252,0.011705,7.886,-3.447,-3.372,0.000000
910.665894,-34.738,-65.397316,0.010797,7.885,-3.502,-3.426,0.000000
913.818298,-34.317,-85.479469,0.010284,7.885,-3.557,-3.481,0.000000
916.981567,-34.135,-104.825325,0.010069,7.885,-3.613,-3.536,0.000000
920.155823,-34.150,-121.747284,0.010085,7.885,-3.668,-3.591,0.000000
923.341003,-34.334,-136.646118,0.010298,7.885,-3.724,-3.647,0.000000
926.537292,-34.774,-149.609329,0.010832,7.885,-3.780,-3.702,0.000000
929.744141,-35.372,-160.558411,0.011605,7.885,-3.836,-3.758,0.000000
932.963013,-36.121,-170.522125,0.012650,7.885,-3.892,-3.814,0.000000
936.192139,-36.829,178.339111,0.013723,7.885,-3.949,-3.870,0.000000
939.432861,-37.339,166.483383,0.014555,7.885,-4.006,-3.926,0.000000
942.684814,-37.740,153.318161,0.015242,7.885,-4.062,-3.983,0.000000
945.948486,-38.187,137.042603,0.016046,7.885,-4.120,-4.040,0.000000
949.222534,-38.898,114.477997,0.017416,7.885,-4.177,-4.097,0.000000
952.508850,-39.488,93.534637,0.018640,7.885,-4.234,-4.154,0.000000
955.805603,-39.456,73.904633,0.018571,7.885,-4.292,-4.211,0.000000
959.114258,-39.117,56.435699,0.017860,7.885,-4.350,-4.269,0.000000
962.434326,-38.820,39.754677,0.017259,7.885,-4.408,-4.326,0.000000
965.765930,-38.727,24.493935,0.017076,7.884,-4.466,-4.384,0.000000
969.109009,-38.563,12.356267,0.016757,7.884,-4.525,-4.442,0.000000
972.463257,-37.900,3.644460,0.015524,7.884,-4.584,-4.501,0.000000
975.830017,-36.872,-3.357041,0.013792,7.884,-4.642,-4.559,0.000000
979.207458,-35.697,-14.186356,0.012047,7.884,-4.702,-4.618,0.000000
982.597595,-35.090,-26.853928,0.011234,7.884,-4.761,-4.677,0.000000
985.998474,-35.165,-38.925667,0.011331,7.884,-4.820,-4.736,0.000000
989.412109,-35.728,-44.382805,0.012090,7.884,-4.880,-4.795,0.000000
992.836609,-35.934,-43.647476,0.012380,7.884,-4.940,-4.855,0.000000
996.273926,-35.627,-43.201813,0.011951,7.884,-5.000,-4.915,0.000000
999.722168,-35.095,-44.456959,0.011240,7.884,-5.061,-4.975,0.000000
1003.182800,-34.846,-45.734150,0.010922,7.884,-5.091,-5.004,0.000000
1006.655457,-34.625,-45.141346,0.010649,7.884,-5.120,-5.031,0.000000
1010.140076,-34.178,-43.055164,0.010114,7.884,-5.148,-5.059,0.000000
1013.636780,-33.304,-40.126717,0.009146,7.884,-5.177,-5.086,0.000000
1017.145142,-32.001,-38.812656,0.007872,7.884,-5.206,-5.113,0.000000
1020.666565,-30.812,-44.412304,0.006867,7.884,-5.234,-5.141,0.000000
1024.199219,-29.964,-51.611950,0.006229,7.884,-5.263,-5.169,0.000000
1027.745117,-29.408,-59.248802,0.005844,7.884,-5.292,-5.196,0.000000
1031.302246,-29.164,-67.679398,0.005683,7.884,-5.321,-5.224,0.000000
1034.872803,-29.204,-76.208717,0.005710,7.884,-5.350,-5.252,0.000000
1038.454590,-29.452,-82.545258,0.005877,7.884,-5.380,-5.280,0.000000
1042.049805,-29.721,-87.595200,0.006062,7.884,-5.409,-5.308,0.000000
1045.656494,-30.059,-92.636955,0.006304,7.884,-5.438,-5.336,0.000000
1049.276123,-30.614,-97.448936,0.006721,7.884,-5.468,-5.365,0.000000
1052.908325,-31.372,-101.267876,0.007335,7.884,-5.498,-5.393,0.000000
1056.553101,-32.233,-103.465874,0.008101,7.884,-5.528,-5.422,0.000000
1060.210571,-33.017,-104.124672,0.008868,7.884,-5.557,-5.450,0.000000
1063.880005,-33.448,-104.286217,0.009320,7.884,-5.587,-5.479,0.000000
1067.563354,-33.640,-106.852676,0.009530,7.884,-5.617,-5.508,0.000000
1071.258301,-34.121,-112.516380,0.010075,7.884,-5.648,-5.537,0.000000
1074.967041,-35.254,-114.784019,0.011481,7.884,-5.678,-5.566,0.000000
1078.688232,-36.348,-110.770477,0.013023,7.884,-5.708,-5.595,0.000000
1082.422241,-37.212,-105.544029,0.014389,7.884,-5.739,-5.624,0.000000
1086.168579,-37.769,-100.462563,0.015343,7.884,-5.769,-5.653,0.000000
1089.929077,-38.455,-98.607712,0.016608,7.884,-5.800,-5.683,0.000000
1093.701416,-39.518,-95.644142,0.018774,7.884,-5.831,-5.712,0.000000
1097.487427,-40.430,-84.950844,0.020854,7.884,-5.862,-5.742,0.000000
1101.286499,-40.301,-70.819000,0.020550,7.884,-5.893,-5.772,0.000000
1105.098755,-39.156,-60.081097,0.018016,7.884,-5.924,-5.801,0.000000
1108.924194,-38.074,-60.312290,0.015908,7.884,-5.955,-5.831,0.000000
1112.762817,-37.387,-59.446724,0.014701,7.884,-5.987,-5.861,0.000000
1116.614746,-36.813,-60.449184,0.013763,7.884,-6.018,-5.891,0.000000
1120.480103,-36.440,-60.112183,0.013188,7.884,-6.050,-5.922,0.000000
1124.358765,-35.976,-60.006371,0.012504,7.884,-6.082,-5.952,0.000000
1128.250854,-35.398,-64.429893,0.011700,7.884,-6.113,-5.982,0.000000
1132.156372,-35.265,-75.486694,0.011525,7.884,-6.145,-6.013,0.000000
1136.075562,-35.582,-87.085808,0.011955,7.884,-6.177,-6.044,0.000000
1140.007568,-36.072,-99.745171,0.012651,7.884,-6.209,-6.074,0.000000
1143.953857,-36.634,-113.672600,0.013501,7.884,-6.242,-6.105,0.000000
1147.913818,-36.899,-129.123337,0.013925,7.884,-6.274,-6.136,0.000000
1151.887451,-36.750,-149.239120,0.013693,7.884,-6.306,-6.167,0.000000
1155.874878,-36.261,157.797318,0.012947,7.884,-6.339,-6.198,0.000000
1159.876099,-35.768,81.864548,0.012237,7.884,-6.372,-6.230,0.000000
1163.891113,-35.516,58.852631,0.011891,7.884,-6.405,-6.261,0.000000
1167.920044,-35.208,44.551071,0.011481,7.884,-6.437,-6.293,0.000000
1171.962891,-34.617,30.308159,0.010728,7.884,-6.470,-6.324,0.000000
1176.019775,-34.143,15.145087,0.010160,7.884,-6.504,-6.356,0.000000
1180.090698,-34.120,4.396185,0.010134,7.884,-6.537,-6.388,0.000000
1184.175781,-34.306,-2.049473,0.010355,7.884,-6.570,-6.420,0.000000
1188.274902,-34.542,-5.783441,0.010642,7.884,-6.604,-6.452,0.000000
1192.388306,-34.726,-5.940063,0.010871,7.884,-6.637,-6.484,0.000000
1196.515259,-34.322,-5.385546,0.010380,7.884,-6.671,-6.516,0.000000
1200.657227,-33.894,-6.763260,0.009885,7.883,-6.705,-6.549,0.000000
1204.813965,-33.690,-8.746042,0.009659,7.883,-6.739,-6.581,0.000000
1208.984009,-33.606,-9.380155,0.009569,7.883,-6.773,-6.614,0.000000
1213.169067,-33.136,-9.470383,0.009068,7.883,-6.807,-6.647,0.000000
1217.368530,-32.469,-13.265556,0.008401,7.883,-6.841,-6.679,0.000000
1221.582642,-32.002,-20.210239,0.007964,7.883,-6.876,-6.712,0.000000
1225.811279,-31.883,-30.514992,0.007857,7.883,-6.910,-6.745,0.000000
1230.054565,-32.532,-42.341362,0.008468,7.883,-6.945,-6.779,0.000000
1234.311890,-33.512,-40.475910,0.009481,7.883,-6.980,-6.812,0.000000
1238.585205,-34.345,-33.693943,0.010437,7.883,-7.015,-6.845,0.000000
1242.872803,-34.922,-25.498341,0.011156,7.883,-7.050,-6.879,0.000000
1247.175049,-35.413,-19.735531,0.011806,7.883,-7.085,-6.913,0.000000
1251.492310,-36.417,-17.192606,0.013256,7.883,-7.120,-6.946,0.000000
1255.823975,-38.062,-10.870453,0.016022,7.883,-7.156,-6.980,0.000000
1260.171753,-39.896,6.139288,0.019793,7.883,-7.191,-7.014,0.000000
1264.533325,-40.484,21.940207,0.021182,7.883,-7.227,-7.048,0.000000
1268.911255,-39.473,22.634106,0.018858,7.883,-7.263,-7.083,0.000000
1273.303101,-38.979,21.304419,0.017819,7.883,-7.298,-7.117,0.000000
1277.710815,-39.309,24.495562,0.018511,7.883,-7.334,-7.151,0.000000
1282.133789,-39.358,35.383610,0.018620,7.883,-7.371,-7.186,0.000000
1286.572021,-37.995,47.429832,0.015918,7.883,-7.407,-7.221,0.000000
1291.025024,-36.420,54.614666,0.013281,7.883,-7.443,-7.256,0.000000
1295.494751,-35.242,57.508369,0.011599,7.883,-7.480,-7.291,0.000000
1299.979248,-34.244,56.226700,0.010341,7.883,-7.516,-7.326,0.000000
1304.479248,-33.389,54.243874,0.009373,7.883,-7.553,-7.361,0.000000
1308.994873,-32.644,53.798851,0.008604,7.883,-7.590,-7.396,0.000000
1313.525513,-31.824,54.093906,0.007830,7.883,-7.627,-7.432,0.000000
1318.072998,-30.913,48.499744,0.007050,7.883,-7.664,-7.467,0.000000
1322.635010,-30.558,40.813313,0.006768,7.883,-7.702,-7.503,0.000000
1327.214111,-30.637,36.314804,0.006829,7.883,-7.739,-7.539,0.000000
1331.807739,-30.365,33.714916,0.006619,7.883,-7.776,-7.575,0.000000
1336.417969,-29.989,28.952284,0.006338,7.883,-7.814,-7.611,0.000000
1341.044189,-29.736,22.453413,0.006157,7.883,-7.852,-7.647,0.000000
1345.686401,-29.662,15.169862,0.006106,7.883,-7.890,-7.683,0.000000
1350.344604,-29.668,6.395801,0.006111,7.883,-7.928,-7.720,0.000000
1355.018921,-29.879,-5.524453,0.006262,7.883,-7.966,-7.756,0.000000
1359.709595,-30.475,-18.391161,0.006708,7.883,-8.004,-7.793,0.000000
1364.416382,-31.042,-27.565384,0.007162,7.883,-8.043,-7.830,0.000000
1369.139404,-31.813,-36.107674,0.007828,7.883,-8.081,-7.867,0.000000
1373.878174,-32.602,-64.619263,0.008573,7.883,-8.120,-7.904,0.000000
1378.634644,-33.012,176.786224,0.008985,7.883,-8.159,-7.941,0.000000
1383.406372,-33.374,145.872894,0.009366,7.883,-8.198,-7.978,0.000000
1388.195801,-33.518,132.017792,0.009521,7.883,-8.237,-8.016,0.000000
1393.000610,-33.253,119.711678,0.009233,7.883,-8.276,-8.053,0.000000
1397.822632,-32.655,105.678764,0.008617,7.883,-8.316,-8.091,0.000000
1402.661377,-31.822,91.796173,0.007828,7.883,-8.355,-8.129,0.000000
1407.516846,-30.939,79.601738,0.007071,7.883,-8.395,-8.167,0.000000
1412.389771,-30.319,65.958290,0.006584,7.883,-8.435,-8.205,0.000000
1417.278198,-30.403,50.892330,0.006648,7.883,-8.475,-8.243,0.000000
1422.184326,-31.100,38.528240,0.007203,7.883,-8.515,-8.281,0.000000
1427.107300,-31.947,38.059319,0.007941,7.883,-8.555,-8.320,0.000000
1432.047485,-32.762,38.337841,0.008722,7.883,-8.595,-8.359,0.000000
1437.004639,-33.660,38.595081,0.009673,7.883,-8.636,-8.397,0.000000
1441.979004,-34.826,33.728382,0.011062,7.883,-8.677,-8.436,0.000000
1446.969849,-36.618,25.710371,0.013596,7.883,-8.717,-8.475,0.000000
1451.979492,-37.761,39.064327,0.015509,7.883,-8.758,-8.514,0.000000
1457.005005,-37.110,78.837990,0.014389,7.883,-8.799,-8.554,0.000000
1462.048584,-35.418,92.230499,0.011842,7.883,-8.841,-8.593,0.000000
1467.109619,-33.947,82.467834,0.009998,7.883,-8.882,-8.633,0.000000
1472.188110,-33.589,67.278381,0.009593,7.883,-8.923,-8.672,0.000000
1477.285034,-33.911,71.178543,0.009954,7.883,-8.965,-8.712,0.000000
1482.398071,-34.230,101.069305,0.010323,7.883,-9.007,-8.752,0.000000
1487.529541,-34.344,122.886612,0.010458,7.883,-9.049,-8.792,0.000000
1492.678833,-34.129,123.177559,0.010201,7.883,-9.091,-8.833,0.000000
1497.845947,-33.942,128.197357,0.009982,7.883,-9.133,-8.873,0.000000
1503.030884,-33.791,136.468567,0.009809,7.883,-9.175,-8.914,0.000000
1508.233765,-33.700,143.190384,0.009706,7.883,-9.218,-8.954,0.000000
1513.453979,-33.357,144.252777,0.009330,7.883,-9.261,-8.995,0.000000
1518.693726,-32.444,135.191605,0.008399,7.883,-9.303,-9.036,0.000000
1523.950195,-31.738,126.941818,0.007743,7.883,-9.346,-9.077,0.000000
1529.226196,-31.163,119.714333,0.007247,7.883,-9.389,-9.119,0.000000
1534.519775,-31.094,109.568848,0.007190,7.883,-9.433,-9.160,0.000000
1539.831055,-31.233,104.181450,0.007306,7.883,-9.476,-9.202,0.000000
1545.161987,-31.598,98.511261,0.007618,7.883,-9.520,-9.243,0.000000
1550.510010,-32.162,92.874794,0.008128,7.883,-9.563,-9.285,0.000000
1555.877319,-32.943,88.152100,0.008891,7.883,-9.607,-9.327,0.000000
1561.263184,-33.785,85.636124,0.009795,7.883,-9.651,-9.369,0.000000
1566.667725,-34.783,84.491524,0.010985,7.883,-9.695,-9.411,0.000000
1572.090820,-35.666,87.883102,0.012158,7.883,-9.740,-9.454,0.000000
1577.532837,-35.966,91.276688,0.012584,7.883,-9.784,-9.496,0.000000
1582.992920,-36.543,88.250053,0.013448,7.883,-9.829,-9.539,0.000000
1588.473389,-38.144,91.110695,0.016172,7.883,-9.874,-9.582,0.000000
1593.971313,-39.222,100.116180,0.018308,7.883,-9.918,-9.625,0.000000
1599.489746,-39.602,108.778954,0.019127,7.883,-9.964,-9.668,0.000000
1605.026611,-39.717,115.193146,0.019382,7.883,-10.009,-9.711,0.000000
1610.581787,-39.742,121.761559,0.019438,7.883,-10.054,-9.755,0.000000
1616.157837,-39.484,127.779900,0.018868,7.883,-10.100,-9.799,0.000000
1621.751587,-38.906,130.678284,0.017653,7.883,-10.145,-9.842,0.000000
1627.366211,-38.355,130.486053,0.016568,7.883,-10.191,-9.886,0.000000
1632.998779,-38.254,127.044533,0.016378,7.883,-10.237,-9.930,0.000000
1638.651611,-38.929,123.854378,0.017700,7.883,-10.283,-9.974,0.000000
1644.323975,-39.571,130.725098,0.019057,7.883,-10.330,-10.019,0.000000
1650.015991,-39.259,138.691727,0.018386,7.883,-10.376,-10.063,0.000000
1655.726929,-38.980,142.399826,0.017805,7.883,-10.423,-10.108,0.000000
1661.459229,-38.672,142.590942,0.017184,7.883,-10.470,-10.153,0.000000
1667.209717,-39.231,136.989227,0.018326,7.883,-10.517,-10.198,0.000000
1672.981812,-40.296,148.297668,0.020717,7.883,-10.564,-10.243,0.000000
1678.772949,-40.652,163.273422,0.021585,7.883,-10.611,-10.288,0.000000
1684.583496,-39.792,171.742538,0.019549,7.883,-10.659,-10.334,0.000000
1690.415649,-38.929,169.724838,0.017701,7.883,-10.706,-10.379,0.000000
1696.266357,-38.364,165.656311,0.016589,7.883,-10.754,-10.425,0.000000
1702.139038,-37.989,160.657135,0.015892,7.883,-10.802,-10.471,0.000000
1708.030396,-38.136,153.462219,0.016164,7.883,-10.850,-10.517,0.000000
1713.942871,-38.588,148.676636,0.017031,7.883,-10.899,-10.563,0.000000
1719.875977,-38.242,137.635284,0.016369,7.883,-10.947,-10.610,0.000000
1725.829468,-37.474,132.441986,0.014987,7.883,-10.996,-10.656,0.000000
1731.802856,-37.149,133.972824,0.014439,7.883,-11.045,-10.703,0.000000
1737.798462,-37.572,146.112320,0.015161,7.883,-11.094,-10.750,0.000000
1743.814087,-38.146,-41.734615,0.016200,7.883,-11.143,-10.797,0.000000
1749.850464,-37.935,-59.263130,0.015814,7.883,-11.192,-10.844,0.000000
1755.907837,-36.460,-78.353188,0.013347,7.883,-11.242,-10.892,0.000000
1761.985229,-34.744,-95.864586,0.010955,7.883,-11.291,-10.939,0.000000
1768.085449,-33.880,-113.146729,0.009920,7.883,-11.341,-10.987,0.000000
1774.204956,-33.943,-131.771957,0.009994,7.883,-11.391,-11.035,0.000000
1780.347412,-34.476,-143.246048,0.010628,7.883,-11.441,-11.083,0.000000
1786.509521,-34.618,-144.321411,0.010806,7.883,-11.492,-11.131,0.000000
1792.693726,-34.386,-152.792221,0.010522,7.883,-11.542,-11.179,0.000000
1798.899292,-35.186,-161.562332,0.011540,7.883,-11.593,-11.228,0.000000
1805.126465,-36.407,-161.748276,0.013283,7.883,-11.644,-11.277,0.000000
1811.375122,-37.817,-161.060822,0.015629,7.883,-11.695,-11.325,0.000000
1817.645386,-38.673,-158.334702,0.017249,7.883,-11.746,-11.374,0.000000
1823.937378,-38.535,-158.127533,0.016981,7.883,-11.797,-11.424,0.000000
1830.251099,-38.198,-161.691742,0.016338,7.883,-11.849,-11.473,0.000000
1836.586792,-38.308,-164.332855,0.016548,7.883,-11.901,-11.523,0.000000
1842.943481,-38.836,-160.696884,0.017587,7.882,-11.953,-11.572,0.000000
1849.323853,-38.951,-166.595078,0.017825,7.882,-12.005,-11.622,0.000000
1855.724609,-38.919,168.066940,0.017763,7.882,-12.057,-11.672,0.000000
1862.149292,-39.464,135.752182,0.018917,7.882,-12.110,-11.723,0.000000
1868.594482,-39.847,96.378441,0.019773,7.882,-12.162,-11.773,0.000000
1875.062866,-40.498,53.525631,0.021316,7.882,-12.215,-11.824,0.000000
1881.553589,-40.187,17.490761,0.020570,7.882,-12.268,-11.874,0.000000
1888.066772,-39.450,-10.452813,0.018899,7.882,-12.321,-11.925,0.000000
1894.603516,-38.615,-12.681108,0.017171,7.882,-12.375,-11.976,0.000000
1901.161011,-37.645,-19.186157,0.015359,7.882,-12.428,-12.028,0.000000
1907.742065,-36.991,-33.183411,0.014248,7.882,-12.482,-12.079,0.000000
1914.345947,-36.807,-45.581528,0.013950,7.882,-12.536,-12.131,0.000000
1920.972656,-36.542,-53.945190,0.013534,7.882,-12.590,-12.183,0.000000
1927.622314,-36.156,-63.196995,0.012947,7.882,-12.645,-12.235,0.000000
1934.295044,-36.142,-71.670883,0.012929,7.882,-12.699,-12.287,0.000000
1940.989868,-35.836,-79.874741,0.012484,7.882,-12.754,-12.339,0.000000
1947.709717,-35.536,-90.950974,0.012062,7.882,-12.809,-12.392,0.000000
1954.451050,-35.823,-102.373589,0.012470,7.882,-12.864,-12.444,0.000000
1961.216675,-36.425,-102.600204,0.013367,7.882,-12.919,-12.497,0.000000
1968.005615,-36.749,-101.127899,0.013876,7.882,-12.974,-12.550,0.000000
1974.818115,-36.638,140.178177,0.013704,7.882,-13.030,-12.604,0.000000
1981.655151,-36.383,70.430283,0.013309,7.882,-13.086,-12.657,0.000000
1988.513916,-35.626,54.755966,0.012201,7.882,-13.142,-12.711,0.000000
1995.397339,-34.868,44.769539,0.011185,7.882,-13.198,-12.765,0.000000
2002.304688,-34.621,27.946938,0.010876,7.882,-13.242,-12.806,0.000000
2009.235840,-34.069,7.126164,0.010210,7.882,-13.260,-12.821,0.000000
2016.191040,-33.566,-13.844324,0.009638,7.882,-13.278,-12.836,0.000000
2023.170288,-33.454,-37.053593,0.009519,7.882,-13.295,-12.851,0.000000
2030.172852,-33.453,-62.928574,0.009521,7.882,-13.314,-12.866,0.000000
2037.201416,-33.674,-78.924286,0.009768,7.882,-13.332,-12.881,0.000000
2044.252441,-33.897,-84.828644,0.010023,7.882,-13.350,-12.897,0.000000
2051.329834,-34.124,-82.562065,0.010290,7.882,-13.368,-12.912,0.000000
2058.430908,-34.551,-76.997643,0.010812,7.882,-13.386,-12.927,0.000000
2065.555420,-35.498,-65.502205,0.012059,7.882,-13.405,-12.943,0.000000
2072.706543,-36.178,-16.986603,0.013043,7.882,-13.423,-12.958,0.000000
2079.880371,-36.422,-7.233120,0.013417,7.882,-13.441,-12.974,0.000000
2087.080078,-36.679,3.090389,0.013824,7.882,-13.460,-12.989,0.000000
2094.304932,-37.104,0.502204,0.014524,7.882,-13.479,-13.005,0.000000
2101.554443,-38.121,-7.349908,0.016332,7.882,-13.497,-13.021,0.000000
2108.829346,-39.285,-4.955411,0.018681,7.882,-13.516,-13.036,0.000000
2116.129150,-39.705,0.553276,0.019614,7.882,-13.535,-13.052,0.000000
2123.453369,-39.472,3.771866,0.019100,7.882,-13.554,-13.068,0.000000
2130.804932,-39.510,7.082323,0.019189,7.882,-13.572,-13.084,0.000000
2138.180176,-38.792,10.836745,0.017670,7.882,-13.591,-13.100,0.000000
2145.582520,-38.461,9.300648,0.017013,7.882,-13.611,-13.116,0.000000
2153.009766,-38.515,9.551835,0.017122,7.882,-13.630,-13.132,0.000000
2160.461670,-38.309,16.423733,0.016724,7.882,-13.649,-13.148,0.000000
2167.941406,-37.447,13.241434,0.015146,7.882,-13.668,-13.164,0.000000
2175.445068,-37.833,8.649240,0.015836,7.882,-13.687,-13.181,0.000000
2182.976562,-37.969,7.886227,0.016090,7.882,-13.707,-13.197,0.000000
2190.532227,-37.596,1.910312,0.015415,7.882,-13.726,-13.213,0.000000
2198.114990,-38.738,-4.664362,0.017584,7.882,-13.746,-13.230,0.000000
2205.723877,-39.230,5.719857,0.018613,7.882,-13.765,-13.246,0.000000
2213.359375,-39.003,5.104494,0.018136,7.882,-13.785,-13.263,0.000000
2221.020020,-39.222,2.513740,0.018602,7.882,-13.805,-13.279,0.000000
2228.709473,-39.982,0.463641,0.020307,7.882,-13.824,-13.296,0.000000
2236.423340,-40.956,0.256270,0.022726,7.882,-13.844,-13.313,0.000000
2244.166016,-41.797,8.747500,0.025042,7.882,-13.864,-13.329,0.000000
2251.934570,-42.553,13.970344,0.027332,7.882,-13.884,-13.346,0.000000
2259.728760,-42.756,24.019896,0.027985,7.882,-13.904,-13.363,0.000000
2267.552002,-42.116,17.698309,0.026006,7.882,-13.924,-13.380,0.000000
2275.400391,-42.784,10.810779,0.028095,7.882,-13.945,-13.397,0.000000
2283.278076,-43.018,15.248117,0.028870,7.882,-13.965,-13.414,0.000000
2291.180908,-42.664,27.292629,0.027723,7.882,-13.985,-13.431,0.000000
2299.112061,-41.477,53.561451,0.024185,7.882,-14.006,-13.448,0.000000
2307.070557,-40.571,54.135880,0.021794,7.882,-14.026,-13.466,0.000000
2315.056885,-40.084,54.997280,0.020609,7.882,-14.047,-13.483,0.000000
2323.069580,-39.980,51.065601,0.020367,7.882,-14.067,-13.500,0.000000
2331.112305,-40.326,64.441895,0.021198,7.882,-14.088,-13.518,0.000000
2339.181641,-40.047,67.834877,0.020533,7.882,-14.109,-13.535,0.000000
2347.279053,-39.634,52.757599,0.019583,7.882,-14.130,-13.553,0.000000
2355.404297,-39.713,36.666187,0.019765,7.882,-14.151,-13.570,0.000000
2363.556885,-40.582,30.484533,0.021849,7.882,-14.172,-13.588,0.000000
2371.739746,-41.704,15.829277,0.024864,7.882,-14.193,-13.606,0.000000
2379.948486,-42.889,19.079063,0.028505,7.882,-14.214,-13.623,0.000000
2388.188232,-43.895,36.445343,0.032009,7.882,-14.235,-13.641,0.000000
2396.454102,-43.732,41.213207,0.031418,7.882,-14.256,-13.659,0.000000
2404.749512,-43.990,109.547020,0.032373,7.882,-14.278,-13.677,0.000000
2413.073975,-44.482,119.096855,0.034266,7.882,-14.299,-13.695,0.000000
2421.427002,-45.015,104.891907,0.036441,7.882,-14.320,-13.713,0.000000
2429.809082,-45.836,93.248718,0.040058,7.882,-14.342,-13.731,0.000000
2438.220215,-45.510,111.566124,0.038592,7.882,-14.364,-13.750,0.000000
2446.660400,-44.306,87.442245,0.033602,7.882,-14.385,-13.768,0.000000
2455.129883,-43.377,72.159981,0.030205,7.882,-14.407,-13.786,0.000000
2463.628418,-43.428,76.793587,0.030393,7.882,-14.429,-13.805,0.000000
2472.155518,-43.540,37.107998,0.030798,7.882,-14.451,-13.823,0.000000
2480.714355,-42.660,-6.300133,0.027842,7.882,-14.473,-13.842,0.000000
2489.300293,-41.844,-50.844166,0.025352,7.882,-14.495,-13.860,0.000000
2497.918701,-40.880,-79.926628,0.022698,7.882,-14.517,-13.879,0.000000
2506.564209,-40.600,-86.786430,0.021983,7.882,-14.540,-13.897,0.000000
2515.240967,-40.697,-95.281822,0.022235,7.882,-14.562,-13.916,0.000000
2523.947754,-41.215,-115.706612,0.023604,7.882,-14.584,-13.935,0.000000
2532.684814,-41.368,-108.043442,0.024028,7.882,-14.607,-13.954,0.000000
2541.453125,-40.726,-110.812225,0.022320,7.882,-14.629,-13.973,0.000000
2550.249512,-41.535,-125.818848,0.024503,7.882,-14.652,-13.992,0.000000
2559.077393,-42.151,-127.824188,0.026307,7.882,-14.675,-14.011,0.000000
2567.936035,-41.288,-113.752174,0.023822,7.882,-14.698,-14.030,0.000000
2576.825195,-40.283,-97.519485,0.021224,7.882,-14.720,-14.050,0.000000
2585.745117,-39.197,-94.430229,0.018732,7.882,-14.743,-14.069,0.000000
2594.696045,-38.328,-90.515152,0.016952,7.882,-14.766,-14.088,0.000000
2603.676514,-37.678,-101.754227,0.015733,7.882,-14.789,-14.108,0.000000
2612.690918,-38.083,-103.577538,0.016487,7.882,-14.813,-14.127,0.000000
2621.733643,-37.773,-65.563644,0.015912,7.882,-14.836,-14.147,0.000000
2630.809082,-37.113,-62.855305,0.014753,7.882,-14.859,-14.166,0.000000
2639.916016,-36.882,-64.413399,0.014371,7.882,-14.883,-14.186,0.000000
2649.054443,-36.728,-58.253902,0.014123,7.882,-14.906,-14.206,0.000000
2658.225586,-35.569,-48.136898,0.012363,7.882,-14.930,-14.226,0.000000
2667.426025,-34.559,-45.524025,0.011010,7.882,-14.954,-14.246,0.000000
2676.659668,-34.211,-46.452492,0.010581,7.882,-14.977,-14.266,0.000000
2685.925293,-33.021,-56.792847,0.009228,7.882,-15.001,-14.286,0.000000
2695.222900,-32.560,-72.408928,0.008752,7.882,-15.025,-14.306,0.000000
2704.552734,-32.718,-85.087540,0.008916,7.882,-15.049,-14.326,0.000000
2713.914795,-32.938,-98.883438,0.009145,7.882,-15.073,-14.346,0.000000
2723.308105,-33.151,-98.654732,0.009374,7.882,-15.097,-14.367,0.000000
2732.736572,-33.023,-101.904388,0.009238,7.882,-15.122,-14.387,0.000000
2742.194824,-33.838,-111.936035,0.010149,7.882,-15.146,-14.408,0.000000
2751.688477,-34.593,-124.518974,0.011073,7.882,-15.170,-14.428,0.000000
2761.212646,-35.123,-122.348274,0.011772,7.882,-15.195,-14.449,0.000000
2770.770752,-35.562,-80.406784,0.012384,7.882,-15.220,-14.470,0.000000
2780.363525,-34.265,-6.861474,0.010667,7.882,-15.244,-14.490,0.000000
2789.986816,-33.083,-3.508202,0.009313,7.882,-15.269,-14.511,0.000000
2799.644531,-32.175,-18.163086,0.008390,7.882,-15.294,-14.532,0.000000
2809.335938,-31.801,-16.471569,0.008038,7.882,-15.319,-14.553,0.000000
2819.060791,-31.091,-11.759670,0.007409,7.882,-15.344,-14.574,0.000000
2828.819336,-29.961,-17.822073,0.006507,7.882,-15.369,-14.595,0.000000
2838.611572,-29.369,-32.648666,0.006081,7.882,-15.394,-14.616,0.000000
2848.436279,-28.918,-47.559502,0.005775,7.882,-15.419,-14.638,0.000000
2858.297852,-29.356,-65.015198,0.006076,7.882,-15.445,-14.659,0.000000
2868.190918,-30.240,-70.864639,0.006729,7.882,-15.470,-14.680,0.000000
2878.120850,-30.956,-85.811966,0.007309,7.882,-15.496,-14.702,0.000000
2888.083740,-31.595,-101.770439,0.007869,7.882,-15.521,-14.724,0.000000
2898.079834,-32.298,-109.160416,0.008534,7.882,-15.547,-14.745,0.000000
2908.113281,-33.363,-106.431084,0.009649,7.882,-15.573,-14.767,0.000000
2918.178711,-34.420,-61.680908,0.010898,7.882,-15.599,-14.789,0.000000
2928.281738,-35.049,4.545218,0.011720,7.882,-15.625,-14.811,0.000000
2938.416748,-34.978,14.392984,0.011626,7.882,-15.651,-14.833,0.000000
2948.588379,-33.835,9.244975,0.010195,7.882,-15.677,-14.855,0.000000
2958.795410,-33.067,9.477211,0.009336,7.882,-15.703,-14.877,0.000000
2969.037598,-32.848,-2.675449,0.009107,7.882,-15.730,-14.899,0.000000
2979.313965,-33.357,-18.131449,0.009659,7.882,-15.756,-14.921,0.000000
2989.629883,-34.103,-32.873219,0.010529,7.882,-15.783,-14.943,0.000000
2999.974609,-34.823,-41.129711,0.011443,7.882,-15.809,-14.966,0.000000
3010.360840,-35.681,-53.763363,0.012636,7.882,-15.836,-14.988,0.000000
3020.782959,-35.766,-83.431404,0.012764,7.882,-15.863,-15.011,0.000000
3031.238281,-35.896,-126.970085,0.012962,7.882,-15.890,-15.033,0.000000
3041.732666,-36.443,165.734650,0.013809,7.882,-15.917,-15.056,0.000000
3052.260498,-36.385,124.734207,0.013721,7.882,-15.944,-15.079,0.000000
3062.827881,-36.379,106.978058,0.013717,7.882,-15.971,-15.102,0.000000
3073.428711,-36.043,99.676666,0.013201,7.882,-15.998,-15.125,0.000000
3084.066162,-35.883,93.254845,0.012965,7.882,-16.026,-15.148,0.000000
3094.743652,-34.811,89.880569,0.011464,7.882,-16.053,-15.171,0.000000
3105.457764,-33.805,83.270714,0.010213,7.882,-16.081,-15.194,0.000000
3116.206299,-33.219,75.583405,0.009550,7.882,-16.109,-15.217,0.000000
3126.991943,-33.445,67.665749,0.009805,7.882,-16.136,-15.241,0.000000
3137.817871,-34.258,63.810764,0.010771,7.882,-16.164,-15.264,0.000000
3148.681152,-34.501,70.012474,0.011081,7.882,-16.192,-15.288,0.000000
3159.579346,-34.672,66.717140,0.011304,7.882,-16.220,-15.311,0.000000
3170.515137,-35.006,66.272316,0.011751,7.882,-16.248,-15.335,0.000000
3181.491699,-35.820,62.515789,0.012911,7.882,-16.277,-15.359,0.000000
3192.503174,-36.426,68.514435,0.013848,7.882,-16.305,-15.383,0.000000
3203.555908,-37.503,84.572105,0.015681,7.882,-16.333,-15.407,0.000000
3214.644043,-37.744,100.866745,0.016129,7.882,-16.362,-15.431,0.000000
3225.773438,-37.722,111.663681,0.016094,7.882,-16.391,-15.455,0.000000
3236.938232,-37.187,117.287346,0.015137,7.882,-16.419,-15.479,0.000000
3248.141602,-37.201,123.016335,0.015167,7.882,-16.448,-15.503,0.000000
3259.386963,-37.103,125.302475,0.015003,7.882,-16.477,-15.527,0.000000
3270.671387,-37.263,128.506287,0.015286,7.882,-16.506,-15.552,0.000000
3281.991699,-36.941,125.796989,0.014735,7.882,-16.535,-15.576,0.000000
3293.351074,-38.045,122.452171,0.016738,7.882,-16.564,-15.601,0.000000
3304.752930,-39.421,129.121765,0.019619,7.882,-16.594,-15.626,0.000000
3316.194336,-39.483,143.944809,0.019764,7.882,-16.623,-15.650,0.000000
3327.672119,-37.602,152.494186,0.015921,7.882,-16.653,-15.675,0.000000
3339.189697,-36.853,156.522629,0.014612,7.882,-16.682,-15.700,0.000000
3350.750244,-36.490,163.738693,0.014018,7.882,-16.712,-15.725,0.000000
3362.347656,-35.719,163.309708,0.012832,7.882,-16.742,-15.750,0.000000
3373.985107,-36.085,155.050797,0.013389,7.882,-16.772,-15.776,0.000000
3385.666260,-36.084,159.889572,0.013392,7.882,-16.802,-15.801,0.000000
3397.387695,-35.655,148.395126,0.012751,7.882,-16.832,-15.826,0.000000
3409.146484,-35.669,141.253113,0.012776,7.882,-16.862,-15.852,0.000000
3420.946045,-37.384,124.816010,0.015570,7.882,-16.893,-15.877,0.000000
3432.789795,-39.623,117.171005,0.020155,7.882,-16.923,-15.903,0.000000
3444.674316,-39.759,93.656364,0.020481,7.882,-16.954,-15.929,0.000000
3456.596924,-40.291,58.106491,0.021781,7.882,-16.985,-15.954,0.000000
3468.560547,-40.260,-71.866234,0.021708,7.882,-17.015,-15.980,0.000000
3480.569092,-39.771,-80.866508,0.020522,7.882,-17.046,-16.006,0.000000
3492.615723,-40.174,-94.699478,0.021502,7.882,-17.077,-16.032,0.000000
3504.707520,-40.390,-122.817947,0.022047,7.882,-17.108,-16.059,0.000000
3516.837891,-39.460,-140.101776,0.019812,7.882,-17.140,-16.085,0.000000
3529.013428,-38.410,-154.298416,0.017559,7.882,-17.171,-16.111,0.000000
3541.228027,-37.336,-111.364426,0.015518,7.882,-17.202,-16.138,0.000000
3553.484619,-36.619,-97.038643,0.014289,7.882,-17.234,-16.164,0.000000
3565.787109,-36.302,-153.768402,0.013776,7.882,-17.266,-16.191,0.000000
3578.132080,-36.915,136.406937,0.014784,7.882,-17.297,-16.218,0.000000
3590.516602,-36.823,81.589615,0.014628,7.882,-17.329,-16.244,0.000000
3602.943848,-36.834,43.892876,0.014646,7.882,-17.361,-16.271,0.000000
3615.417480,-36.314,28.611790,0.013796,7.882,-17.393,-16.298,0.000000
3627.934570,-35.902,9.088859,0.013156,7.882,-17.426,-16.325,0.000000
3640.491211,-36.502,-22.006287,0.014097,7.882,-17.458,-16.353,0.000000
3653.091553,-37.377,87.992172,0.015590,7.882,-17.490,-16.380,0.000000
3665.739014,-38.290,76.169998,0.017319,7.882,-17.523,-16.407,0.000000
3678.426514,-38.218,63.984123,0.017175,7.882,-17.556,-16.435,0.000000
3691.161621,-37.587,54.300323,0.015972,7.882,-17.588,-16.462,0.000000
3703.937256,-37.033,57.877956,0.014986,7.882,-17.621,-16.490,0.000000
3716.760498,-36.315,49.288883,0.013797,7.882,-17.654,-16.518,0.000000
3729.628418,-37.222,44.474121,0.015316,7.882,-17.687,-16.546,0.000000
3742.533447,-38.139,56.374134,0.017020,7.882,-17.720,-16.574,0.000000
3755.490479,-38.502,65.223000,0.017748,7.882,-17.754,-16.602,0.000000
3768.492432,-38.825,64.015289,0.018420,7.882,-17.787,-16.630,0.000000
3781.535645,-38.654,68.508621,0.018060,7.882,-17.821,-16.658,0.000000
3794.624023,-39.356,68.701431,0.019579,7.882,-17.855,-16.686,0.000000
3807.761475,-40.091,76.987457,0.021305,7.882,-17.888,-16.715,0.000000
3820.940674,-41.707,95.976593,0.025656,7.882,-17.922,-16.743,0.000000
3834.169189,-42.224,106.864029,0.027226,7.882,-17.956,-16.772,0.000000
3847.439697,-41.551,107.536865,0.025192,7.882,-17.990,-16.801,0.000000
3860.760010,-40.892,105.561798,0.023347,7.882,-18.025,-16.830,0.000000
3874.126221,-40.247,102.496063,0.021671,7.882,-18.059,-16.858,0.000000
3887.531494,-39.832,94.741005,0.020657,7.882,-18.094,-16.887,0.000000
3900.990479,-40.136,103.080330,0.021390,7.882,-18.128,-16.917,0.000000
3914.496094,-40.591,111.511879,0.022536,7.882,-18.163,-16.946,0.000000
3928.048340,-40.761,116.953369,0.022979,7.882,-18.198,-16.975,0.000000
3941.640137,-40.703,137.532883,0.022820,7.882,-18.233,-17.005,0.000000
3955.286377,-39.393,-168.057632,0.019623,7.882,-18.268,-17.034,0.000000
3968.979980,-37.435,-153.903442,0.015659,7.882,-18.303,-17.064,0.000000
3982.717285,-36.641,-154.099045,0.014287,7.882,-18.339,-17.094,0.000000
3996.501953,-36.406,-161.294571,0.013901,7.882,-18.374,-17.123,0.000000
4010.338135,-35.721,-179.768082,0.012843,7.881,-18.387,-17.134,0.000000
4024.218506,-34.920,164.525772,0.011707,7.881,-18.392,-17.137,0.000000
4038.150879,-33.862,149.208771,0.010361,7.881,-18.397,-17.141,0.000000
4052.127441,-33.473,139.609634,0.009903,7.881,-18.402,-17.144,0.000000
4066.156250,-33.762,127.324211,0.010234,7.881,-18.407,-17.148,0.000000
4080.233643,-34.306,127.114555,0.010893,7.881,-18.412,-17.151,0.000000
4094.352051,-35.280,148.617371,0.012181,7.881,-18.417,-17.155,0.000000
4108.526855,-35.823,155.735886,0.012962,7.881,-18.422,-17.159,0.000000
4122.750977,-36.598,116.219360,0.014167,7.881,-18.427,-17.162,0.000000
4137.020508,-37.371,-22.990225,0.015480,7.881,-18.432,-17.166,0.000000
4151.339355,-38.383,-43.266491,0.017387,7.881,-18.437,-17.170,0.000000
4165.711914,-38.797,-55.225182,0.018230,7.881,-18.442,-17.173,0.000000
4180.133789,-38.731,-73.522003,0.018085,7.881,-18.447,-17.177,0.000000
4194.601562,-39.643,-74.009804,0.020081,7.881,-18.452,-17.181,0.000000
4209.120117,-39.767,-65.868362,0.020363,7.881,-18.457,-17.184,0.000000
4223.692383,-39.210,-16.516535,0.019092,7.881,-18.462,-17.188,0.000000
4238.314941,-38.181,-28.732214,0.016952,7.881,-18.468,-17.192,0.000000
4252.980469,-37.549,-41.871712,0.015758,7.881,-18.473,-17.196,0.000000
4267.704590,-37.588,-57.346043,0.015823,7.881,-18.478,-17.199,0.000000
4282.479980,-38.299,-60.498005,0.017166,7.881,-18.483,-17.203,0.000000
4297.306152,-38.566,-46.159885,0.017696,7.881,-18.488,-17.207,0.000000
4312.175781,-37.902,-38.664913,0.016389,7.881,-18.494,-17.211,0.000000
4327.104980,-37.665,-40.689827,0.015943,7.881,-18.499,-17.215,0.000000
4342.085449,-37.514,-56.322731,0.015661,7.881,-18.504,-17.218,0.000000
4357.114258,-37.666,-69.422844,0.015931,7.881,-18.510,-17.222,0.000000
4372.194824,-38.047,-71.821747,0.016638,7.881,-18.515,-17.226,0.000000
4387.331543,-37.800,-123.975937,0.016164,7.881,-18.520,-17.230,0.000000
4402.520996,-36.733,83.351143,0.014287,7.881,-18.526,-17.234,0.000000
4417.758789,-36.374,81.784470,0.013702,7.881,-18.531,-17.238,0.000000
4433.049316,-36.388,76.418991,0.013717,7.881,-18.537,-17.242,0.000000
4448.396973,-36.842,59.124317,0.014446,7.881,-18.542,-17.245,0.000000
4463.797852,-37.038,55.661236,0.014769,7.881,-18.547,-17.249,0.000000
4479.243164,-38.161,40.787926,0.016802,7.881,-18.553,-17.253,0.000000
4494.750977,-39.086,28.549791,0.018682,7.881,-18.558,-17.257,0.000000
4510.312012,-39.491,-11.773397,0.019569,7.881,-18.564,-17.261,0.000000
4525.922852,-40.764,-56.115467,0.022649,7.881,-18.569,-17.265,0.000000
4541.587891,-40.933,-90.707405,0.023085,7.881,-18.575,-17.269,0.000000
4557.311035,-40.073,-118.012482,0.020903,7.881,-18.581,-17.273,0.000000
4573.088867,-38.823,-144.446777,0.018091,7.881,-18.586,-17.277,0.000000
4588.916992,-37.853,-168.399139,0.016171,7.881,-18.592,-17.281,0.000000
4604.799805,-37.374,179.858063,0.015296,7.881,-18.597,-17.285,0.000000
4620.742188,-37.069,173.022705,0.014761,7.881,-18.603,-17.289,0.000000
4636.739746,-36.391,-172.460831,0.013645,7.881,-18.609,-17.294,0.000000
4652.788086,-36.065,-147.849640,0.013136,7.881,-18.614,-17.298,0.000000
4668.892090,-35.566,-96.142601,0.012396,7.881,-18.620,-17.302,0.000000
4685.056152,-35.163,-96.849678,0.011829,7.881,-18.626,-17.306,0.000000
4701.276367,-35.767,-74.729309,0.012674,7.881,-18.632,-17.310,0.000000
4717.543457,-36.519,-56.612904,0.013812,7.881,-18.637,-17.314,0.000000
4733.875977,-36.456,-97.866577,0.013706,7.881,-18.643,-17.318,0.000000
4750.265137,-36.764,-111.609550,0.014193,7.881,-18.649,-17.323,0.000000
4766.706543,-37.067,-131.524612,0.014689,7.881,-18.655,-17.327,0.000000
4783.209473,-37.272,-155.001190,0.015032,7.881,-18.661,-17.331,0.000000
4799.764648,-37.473,-173.926636,0.015377,7.881,-18.667,-17.335,0.000000
4816.381836,-38.813,-177.314209,0.017933,7.881,-18.672,-17.339,0.000000
4833.052246,-39.208,-35.990162,0.018755,7.881,-18.678,-17.344,0.000000
4849.779785,-38.570,-56.009449,0.017419,7.881,-18.684,-17.348,0.000000
4866.570312,-38.527,-54.977539,0.017323,7.881,-18.690,-17.352,0.000000
4883.418945,-38.050,-69.487076,0.016389,7.881,-18.696,-17.357,0.000000
4900.316406,-37.557,-74.958458,0.015479,7.881,-18.702,-17.361,0.000000
4917.281738,-37.631,-71.769646,0.015607,7.881,-18.708,-17.365,0.000000
4934.305664,-37.912,-77.355698,0.016114,7.881,-18.714,-17.370,0.000000
4951.388672,-38.176,-85.240906,0.016605,7.881,-18.720,-17.374,0.000000
4968.521484,-37.715,-73.537621,0.015742,7.881,-18.726,-17.378,0.000000
4985.723145,-37.676,-44.656971,0.015666,7.881,-18.732,-17.383,0.000000
5002.984375,-38.119,-24.415422,0.016480,7.881,-18.739,-17.387,0.000000
5020.300293,-38.470,12.544343,0.017153,7.881,-18.745,-17.392,0.000000
5037.681152,-38.495,9.021491,0.017197,7.881,-18.751,-17.396,0.000000
5055.117188,-38.829,-0.765010,0.017864,7.881,-18.757,-17.400,0.000000
5072.618164,-39.083,-23.694971,0.018390,7.881,-18.763,-17.405,0.000000
5090.175293,-38.231,-59.448944,0.016666,7.881,-18.769,-17.409,0.000000
5107.792969,-38.134,-83.197456,0.016474,7.881,-18.776,-17.414,0.000000
5125.477051,-38.129,-121.176643,0.016460,7.881,-18.782,-17.418,0.000000
5143.221680,-38.560,103.072998,0.017291,7.881,-18.788,-17.423,0.000000
5161.018066,-38.324,63.299297,0.016821,7.881,-18.795,-17.427,0.000000
5178.886230,-37.548,45.198524,0.015378,7.881,-18.801,-17.432,0.000000
5196.815918,-37.266,25.005424,0.014882,7.881,-18.807,-17.437,0.000000
5214.802734,-36.414,0.318869,0.013487,7.881,-18.814,-17.441,0.000000
5232.856934,-36.296,14.069438,0.013300,7.881,-18.820,-17.446,0.000000
5250.968750,-36.760,-83.929146,0.014027,7.881,-18.826,-17.450,0.000000
5269.147949,-36.544,-133.067184,0.013680,7.881,-18.833,-17.455,0.000000
5287.385254,-36.183,-163.450394,0.013122,7.881,-18.839,-17.460,0.000000
5305.685547,-35.900,-171.082123,0.012699,7.881,-18.846,-17.464,0.000000
5324.054199,-36.214,-174.722244,0.013164,7.881,-18.852,-17.469,0.000000
5342.486816,-36.522,-178.588821,0.013636,7.881,-18.859,-17.474,0.000000
5360.978027,-37.340,171.849060,0.014981,7.881,-18.865,-17.478,0.000000
5379.532715,-37.414,177.050629,0.015109,7.881,-18.872,-17.483,0.000000
5398.157227,-38.056,-165.405365,0.016268,7.881,-18.879,-17.488,0.000000
5416.846191,-38.946,-149.993607,0.018022,7.881,-18.885,-17.493,0.000000
5435.594727,-40.395,-84.362175,0.021296,7.881,-18.892,-17.498,0.000000
5454.408203,-40.346,-83.955582,0.021174,7.881,-18.898,-17.502,0.000000
5473.291992,-40.013,-108.954285,0.020378,7.881,-18.905,-17.507,0.000000
5492.235352,-38.972,-128.011353,0.018077,7.881,-18.912,-17.512,0.000000
5511.250000,-38.745,-121.516098,0.017607,7.881,-18.919,-17.517,0.000000
5530.325195,-38.985,-84.988495,0.018098,7.881,-18.925,-17.522,0.000000
5549.472168,-39.037,-38.588425,0.018202,7.881,-18.932,-17.527,0.000000
5568.679199,-38.727,-34.858727,0.017561,7.881,-18.939,-17.532,0.000000
5587.953613,-37.723,-46.855297,0.015641,7.881,-18.946,-17.536,0.000000
5607.299316,-37.564,-44.929062,0.015355,7.881,-18.953,-17.541,0.000000
5626.712402,-37.916,21.994829,0.015989,7.881,-18.960,-17.546,0.000000
5646.181641,-39.703,27.657566,0.019642,7.881,-18.966,-17.551,0.000000
5665.729492,-39.832,44.305588,0.019935,7.881,-18.973,-17.556,0.000000
5685.344727,-39.027,82.965668,0.018171,7.881,-18.980,-17.561,0.000000
5705.027832,-37.661,84.708252,0.015527,7.881,-18.987,-17.566,0.000000
5724.773926,-37.510,92.096428,0.015259,7.881,-18.994,-17.571,0.000000
5744.587891,-37.638,90.959305,0.015486,7.881,-19.001,-17.576,0.000000
5764.476562,-37.864,78.453865,0.015894,7.881,-19.008,-17.582,0.000000
5784.428223,-38.257,77.747269,0.016629,7.881,-19.015,-17.587,0.000000
5804.448730,-38.204,75.193169,0.016528,7.881,-19.023,-17.592,0.000000
5824.544434,-38.533,79.390335,0.017166,7.881,-19.030,-17.597,0.000000
5844.709473,-38.560,86.497719,0.017220,7.881,-19.037,-17.602,0.000000
5864.938965,-39.379,98.328484,0.018922,7.881,-19.044,-17.607,0.000000
5885.238281,-39.708,106.122948,0.019652,7.881,-19.051,-17.612,0.000000
5905.613281,-39.262,106.580994,0.018669,7.881,-19.058,-17.618,0.000000
5926.059082,-40.002,112.258263,0.020329,7.881,-19.066,-17.623,0.000000
5946.570312,-39.772,117.872086,0.019799,7.881,-19.073,-17.628,0.000000
5967.151855,-39.261,134.483109,0.018667,7.881,-19.080,-17.633,0.000000
5987.811035,-38.709,129.874100,0.017517,7.881,-19.087,-17.639,0.000000
6008.535645,-38.369,132.945663,0.016845,7.881,-19.095,-17.644,0.000000
6029.337402,-38.840,137.328079,0.017784,7.881,-19.102,-17.649,0.000000
6050.206055,-38.986,137.546494,0.018086,7.881,-19.110,-17.654,0.000000
6071.152344,-39.516,132.013016,0.019222,7.881,-19.117,-17.660,0.000000
6092.165527,-39.175,153.073227,0.018483,7.881,-19.124,-17.665,0.000000
6113.251465,-39.099,165.365845,0.018322,7.881,-19.132,-17.671,0.000000
6134.416016,-39.480,155.182709,0.019145,7.881,-19.139,-17.676,0.000000
6155.653809,-39.447,-171.260696,0.019072,7.881,-19.147,-17.681,0.000000
6176.959473,-39.105,-168.695877,0.018333,7.881,-19.154,-17.687,0.000000
6198.338867,-39.366,-170.896484,0.018889,7.881,-19.162,-17.692,0.000000
6219.797852,-40.065,-147.246490,0.020467,7.881,-19.170,-17.698,0.000000
6241.331543,-39.497,-144.700638,0.019167,7.881,-19.177,-17.703,0.000000
6262.933594,-39.708,-138.795380,0.019636,7.881,-19.185,-17.709,0.000000
6284.610352,-40.363,-125.148064,0.021170,7.881,-19.193,-17.714,0.000000
6306.368652,-40.303,-131.543503,0.021021,7.881,-19.200,-17.720,0.000000
6328.195801,-40.871,-150.711929,0.022439,7.881,-19.208,-17.725,0.000000
6350.104492,-41.238,-114.116402,0.023402,7.881,-19.216,-17.731,0.000000
6372.083008,-41.637,-107.522614,0.024499,7.881,-19.224,-17.737,0.000000
6394.143555,-41.001,-99.773186,0.022764,7.881,-19.231,-17.742,0.000000
6416.274902,-41.185,-19.817875,0.023248,7.881,-19.239,-17.748,0.000000
6438.482422,-41.981,-25.324173,0.025475,7.881,-19.247,-17.754,0.000000
6460.772949,-41.208,58.988403,0.023300,7.881,-19.255,-17.759,0.000000
6483.140625,-40.324,33.120995,0.021038,7.881,-19.263,-17.765,0.000000
6505.580078,-40.327,20.421463,0.021037,7.881,-19.271,-17.771,0.000000
6528.096680,-40.539,15.542964,0.021549,7.881,-19.279,-17.776,0.000000
6550.697266,-41.059,32.929932,0.022871,7.881,-19.287,-17.782,0.000000
6573.370605,-41.724,23.299126,0.024683,7.881,-19.295,-17.788,0.000000
6596.127930,-41.100,78.190086,0.022964,7.881,-19.303,-17.794,0.000000
6618.958008,-40.520,106.636879,0.021474,7.881,-19.311,-17.800,0.000000
6641.873535,-39.528,98.410416,0.019149,7.881,-19.319,-17.806,0.000000
6664.861816,-39.249,98.648621,0.018538,7.881,-19.327,-17.811,0.000000
6687.930176,-38.667,82.606102,0.017330,7.881,-19.336,-17.817,0.000000
6711.084473,-37.786,89.297050,0.015653,7.881,-19.344,-17.823,0.000000
6734.318848,-37.710,83.991058,0.015511,7.881,-19.352,-17.829,0.000000
6757.633301,-37.941,64.960785,0.015923,7.881,-19.360,-17.835,0.000000
6781.016113,-38.346,52.281776,0.016678,7.881,-19.369,-17.841,0.000000
6804.492676,-39.162,41.249695,0.018315,7.881,-19.377,-17.847,0.000000
6828.050293,-39.182,32.457047,0.018350,7.881,-19.385,-17.853,0.000000
6851.683105,-40.327,7.767591,0.020928,7.881,-19.394,-17.859,0.000000
6875.397949,-41.137,-10.124088,0.022967,7.881,-19.402,-17.865,0.000000
6899.201172,-43.398,12.780467,0.029785,7.881,-19.410,-17.871,0.000000
6923.080078,-43.638,24.201479,0.030606,7.881,-19.419,-17.877,0.000000
6947.048828,-42.759,35.076241,0.027646,7.881,-19.427,-17.883,0.000000
6971.093262,-42.307,47.418488,0.026232,7.881,-19.436,-17.890,0.000000
6995.228027,-41.678,50.195164,0.024386,7.881,-19.444,-17.896,0.000000
7019.446289,-40.576,39.101551,0.021468,7.881,-19.453,-17.902,0.000000
7043.734863,-40.398,33.429386,0.021023,7.881,-19.462,-17.908,0.000000
7068.120605,-40.701,41.502865,0.021757,7.881,-19.470,-17.914,0.000000
7092.591309,-40.513,43.191143,0.021280,7.881,-19.479,-17.921,0.000000
7117.139648,-40.109,51.225422,0.020304,7.881,-19.488,-17.927,0.000000
7141.772949,-40.623,45.418423,0.021530,7.881,-19.496,-17.933,0.000000
7166.498535,-40.428,57.130142,0.021041,7.881,-19.505,-17.939,0.000000
7191.309570,-40.022,51.536758,0.020070,7.881,-19.514,-17.946,0.000000
7216.199707,-40.642,39.572124,0.021545,7.881,-19.523,-17.952,0.000000
7241.176270,-41.316,106.543510,0.023270,7.881,-19.532,-17.959,0.000000
7266.245605,-40.593,104.953743,0.021404,7.881,-19.540,-17.965,0.000000
7291.402344,-40.407,96.889030,0.020944,7.881,-19.549,-17.971,0.000000
7316.631836,-40.233,82.185936,0.020522,7.881,-19.558,-17.978,0.000000
7341.962402,-40.577,85.127815,0.021344,7.881,-19.567,-17.984,0.000000
7367.381348,-39.724,102.303490,0.019340,7.881,-19.576,-17.991,0.000000
7392.887695,-39.687,101.147324,0.019251,7.881,-19.585,-17.997,0.000000
7418.468262,-39.962,102.666206,0.019861,7.881,-19.594,-18.004,0.000000
7444.151855,-39.897,83.485023,0.019705,7.881,-19.604,-18.010,0.000000
7469.924316,-40.242,121.057533,0.020491,7.881,-19.613,-18.017,0.000000
7495.778809,-39.560,-147.437363,0.018935,7.881,-19.622,-18.024,0.000000
7521.722656,-38.890,-162.055359,0.017519,7.881,-19.631,-18.030,0.000000
7547.763672,-38.247,176.663345,0.016261,7.881,-19.640,-18.037,0.000000
7573.887207,-38.568,-123.035530,0.016865,7.881,-19.649,-18.043,0.000000
7600.108887,-39.259,-115.140320,0.018252,7.881,-19.659,-18.050,0.000000
7626.414062,-39.450,-155.897598,0.018648,7.881,-19.668,-18.057,0.000000
7652.817383,-39.526,163.253220,0.018802,7.881,-19.677,-18.064,0.000000
7679.312012,-38.848,79.795120,0.017382,7.881,-19.687,-18.070,0.000000
7705.883789,-39.042,8.465980,0.017765,7.881,-19.696,-18.077,0.000000
7732.562500,-39.735,-75.175682,0.019231,7.881,-19.706,-18.084,0.000000
7759.333008,-40.234,-136.677902,0.020357,7.881,-19.715,-18.091,0.000000
7786.189453,-40.764,-172.790131,0.021627,7.881,-19.725,-18.098,0.000000
7813.138672,-40.752,120.073112,0.021585,7.881,-19.734,-18.105,0.000000
7840.188477,-40.619,98.582649,0.021248,7.881,-19.744,-18.111,0.000000
7867.331543,-40.271,-175.657822,0.020402,7.881,-19.753,-18.118,0.000000
7894.561523,-40.677,167.430954,0.021367,7.881,-19.763,-18.125,0.000000
7921.885742,-41.467,135.098267,0.023389,7.881,-19.773,-18.132,0.000000
7949.312012,-42.061,102.010330,0.025029,7.881,-19.783,-18.139,0.000000
7976.833496,-42.604,74.231400,0.026626,7.881,-19.792,-18.146,0.000000
8004.442383,-41.994,108.462471,0.024803,7.881,-19.801,-18.152,0.000000
8032.146973,-42.268,109.808853,0.025580,7.881,-19.801,-18.153,0.000000
8059.955078,-41.886,152.964157,0.024463,7.881,-19.802,-18.153,0.000000
8087.859375,-41.877,134.837540,0.024422,7.881,-19.803,-18.154,0.000000
8115.844727,-41.456,119.814217,0.023249,7.881,-19.803,-18.154,0.000000
8143.942383,-42.069,167.516968,0.024929,7.881,-19.804,-18.155,0.000000
8172.137695,-41.317,-117.465439,0.022843,7.881,-19.805,-18.155,0.000000
8200.422852,-40.658,-154.671097,0.021156,7.881,-19.805,-18.156,0.000000
8228.805664,-41.115,-164.928101,0.022280,7.881,-19.806,-18.156,0.000000
8257.293945,-41.193,-148.063965,0.022460,7.881,-19.807,-18.157,0.000000
8285.881836,-41.407,173.441254,0.023002,7.881,-19.808,-18.157,0.000000
8314.560547,-41.800,30.052940,0.024045,7.881,-19.808,-18.158,0.000000
8343.337891,-42.335,-37.302757,0.025545,7.881,-19.809,-18.158,0.000000
8372.223633,-41.648,-57.191174,0.023577,7.881,-19.810,-18.159,0.000000
8401.208984,-41.584,-90.831680,0.023382,7.881,-19.810,-18.159,0.000000
8430.278320,-42.051,-81.194130,0.024646,7.881,-19.811,-18.160,0.000000
8459.464844,-42.279,-136.782257,0.025278,7.880,-19.812,-18.160,0.000000
8488.752930,-41.936,-135.845856,0.024274,7.880,-19.813,-18.161,0.000000
8518.141602,-41.325,100.217392,0.022599,7.880,-19.813,-18.161,0.000000
8547.616211,-41.211,74.269470,0.022277,7.880,-19.814,-18.162,0.000000
8577.208008,-41.094,88.393433,0.021953,7.880,-19.815,-18.162,0.000000
8606.903320,-40.641,114.422897,0.020812,7.880,-19.816,-18.163,0.000000
8636.693359,-40.970,104.893616,0.021590,7.880,-19.816,-18.163,0.000000
8666.594727,-40.978,86.823990,0.021583,7.880,-19.817,-18.164,0.000000
8696.590820,-40.318,70.807594,0.019981,7.880,-19.818,-18.164,0.000000
8726.699219,-39.747,81.420403,0.018681,7.880,-19.819,-18.165,0.000000
8756.903320,-40.305,71.969971,0.019891,7.880,-19.819,-18.165,0.000000
8787.211914,-40.897,77.551353,0.021262,7.880,-19.820,-18.166,0.000000
8817.634766,-40.853,92.656212,0.021121,7.880,-19.821,-18.166,0.000000
8848.162109,-41.681,93.919174,0.023197,7.880,-19.822,-18.167,0.000000
8878.778320,-42.002,75.169830,0.024033,7.880,-19.822,-18.167,0.000000
8909.517578,-41.833,60.634243,0.023532,7.880,-19.823,-18.168,0.000000
8940.363281,-42.385,50.947250,0.025029,7.880,-19.824,-18.168,0.000000
8971.306641,-43.108,63.084850,0.027151,7.880,-19.825,-18.169,0.000000
9002.366211,-43.019,61.987164,0.026826,7.880,-19.825,-18.169,0.000000
9033.524414,-42.663,42.892391,0.025698,7.880,-19.826,-18.170,0.000000
9064.799805,-42.809,36.825260,0.026083,7.880,-19.827,-18.170,0.000000
9096.173828,-42.392,43.366959,0.024813,7.880,-19.828,-18.171,0.000000
9127.657227,-42.312,53.196465,0.024537,7.880,-19.828,-18.171,0.000000
9159.257812,-42.164,50.928341,0.024070,7.880,-19.829,-18.172,0.000000
9190.967773,-41.582,80.464935,0.022460,7.880,-19.830,-18.172,0.000000
9222.770508,-41.751,78.014610,0.022849,7.880,-19.831,-18.173,0.000000
9254.701172,-41.748,66.536781,0.022792,7.880,-19.832,-18.173,0.000000
9286.741211,-42.186,95.885841,0.023916,7.880,-19.832,-18.174,0.000000
9318.892578,-41.913,80.839523,0.023124,7.880,-19.833,-18.175,0.000000
9351.137695,-41.633,61.388107,0.022339,7.880,-19.834,-18.175,0.000000
9383.512695,-41.647,76.173447,0.022320,7.880,-19.835,-18.176,0.000000
9415.999023,-42.362,126.793053,0.024176,7.880,-19.836,-18.176,0.000000
9448.588867,-43.450,124.181923,0.027337,7.880,-19.836,-18.177,0.000000
9481.300781,-43.819,124.026421,0.028455,7.880,-19.837,-18.177,0.000000
9514.117188,-43.588,-167.684708,0.027641,7.880,-19.838,-18.178,0.000000
9547.055664,-43.232,-103.583084,0.026467,7.880,-19.839,-18.178,0.000000
9580.099609,-43.628,-140.953812,0.027626,7.880,-19.840,-18.179,0.000000
9613.257812,-43.653,149.958496,0.027631,7.880,-19.841,-18.180,0.000000
9646.540039,-43.174,-21.095118,0.026075,7.880,-19.841,-18.180,0.000000
9679.936523,-43.173,-40.614414,0.026000,7.880,-19.842,-18.181,0.000000
9713.431641,-43.090,-39.900593,0.025683,7.880,-19.843,-18.181,0.000000
9747.060547,-41.920,-80.050949,0.022384,7.880,-19.844,-18.182,0.000000
9780.805664,-40.460,22.698557,0.018868,7.880,-19.845,-18.182,0.000000
9814.658203,-40.009,40.304039,0.017865,7.880,-19.846,-18.183,0.000000
9848.637695,-39.643,-8.373784,0.017080,7.880,-19.846,-18.184,0.000000
9882.724609,-40.029,-43.670769,0.017808,7.880,-19.847,-18.184,0.000000
9916.939453,-40.654,-52.671993,0.019084,7.880,-19.848,-18.185,0.000000
9951.263672,-40.776,-60.298595,0.019301,7.880,-19.849,-18.185,0.000000
9985.706055,-40.606,0.616198,0.018874,7.880,-19.850,-18.186,0.000000
10020.278320,-41.162,-8.825932,0.020063,7.880,-19.851,-18.186,0.000000
10054.968750,-42.437,-37.686771,0.023168,7.880,-19.852,-18.187,0.000000
10089.770508,-43.177,-74.209305,0.025155,7.880,-19.852,-18.188,0.000000
10124.692383,-44.388,-89.423592,0.028836,7.880,-19.853,-18.188,0.000000
10159.745117,-44.008,-115.070641,0.027520,7.880,-19.854,-18.189,0.000000
10194.918945,-43.619,-122.324188,0.026237,7.880,-19.855,-18.189,0.000000
10230.205078,-43.434,-94.043648,0.025608,7.880,-19.856,-18.190,0.000000
10265.613281,-42.468,-99.189720,0.022850,7.880,-19.857,-18.191,0.000000
10301.154297,-42.952,-117.690247,0.024093,7.880,-19.858,-18.191,0.000000
10336.807617,-42.910,-117.541267,0.023911,7.880,-19.859,-18.192,0.000000
10372.594727,-42.745,-91.805534,0.023396,7.880,-19.859,-18.192,0.000000
10408.496094,-42.048,-53.142323,0.021532,7.880,-19.860,-18.193,0.000000
10444.531250,-42.527,26.081530,0.022692,7.880,-19.861,-18.194,0.000000
10480.680664,-42.326,63.143383,0.022109,7.880,-19.862,-18.194,0.000000
10516.956055,-42.249,67.978325,0.021850,7.880,-19.863,-18.195,0.000000
10553.367188,-42.374,50.936031,0.022103,7.880,-19.864,-18.195,0.000000
10589.903320,-41.793,8.925444,0.020614,7.880,-19.865,-18.196,0.000000
10626.546875,-40.837,26.771072,0.018411,7.880,-19.866,-18.197,0.000000
10663.336914,-40.462,58.215172,0.017580,7.880,-19.867,-18.197,0.000000
10700.253906,-41.072,38.466236,0.018803,7.880,-19.868,-18.198,0.000000
10737.299805,-40.534,51.186367,0.017625,7.880,-19.869,-18.199,0.000000
10774.462891,-40.245,62.471863,0.017002,7.879,-19.869,-18.199,0.000000
10811.754883,-40.504,89.698067,0.017468,7.879,-19.870,-18.200,0.000000
10849.185547,-41.026,114.913216,0.018498,7.879,-19.871,-18.200,0.000000
10886.736328,-41.317,155.343048,0.019078,7.879,-19.872,-18.201,0.000000
10924.427734,-41.769,120.258682,0.020039,7.879,-19.873,-18.202,0.000000
10962.238281,-42.509,101.840157,0.021762,7.879,-19.874,-18.202,0.000000
11000.190430,-42.471,85.491730,0.021611,7.879,-19.875,-18.203,0.000000
11038.263672,-42.260,118.337166,0.021037,7.879,-19.876,-18.204,0.000000
11076.468750,-42.772,101.716461,0.022258,7.879,-19.877,-18.204,0.000000
11114.816406,-43.361,87.952232,0.023758,7.879,-19.878,-18.205,0.000000
11153.296875,-43.206,92.542969,0.023278,7.879,-19.879,-18.206,0.000000
11191.900391,-43.634,104.499542,0.024389,7.879,-19.880,-18.206,0.000000
11230.636719,-43.876,100.193901,0.025015,7.879,-19.881,-18.207,0.000000
11269.518555,-44.527,132.686539,0.026892,7.879,-19.882,-18.207,0.000000
11308.523438,-44.478,172.823257,0.026673,7.879,-19.883,-18.208,0.000000
11347.674805,-45.107,163.589569,0.028600,7.879,-19.884,-18.209,0.000000
11386.951172,-44.198,-132.915207,0.025692,7.879,-19.885,-18.209,0.000000
11426.373047,-42.835,-134.889267,0.021903,7.879,-19.886,-18.210,0.000000
11465.921875,-42.472,-135.209091,0.020954,7.879,-19.887,-18.211,0.000000
11505.606445,-42.171,-110.392860,0.020188,7.879,-19.888,-18.211,0.000000
11545.440430,-41.774,-97.549934,0.019240,7.879,-19.889,-18.212,0.000000
11585.412109,-41.666,-83.761116,0.018957,7.879,-19.890,-18.213,0.000000
11625.521484,-41.584,-96.789429,0.018735,7.879,-19.891,-18.214,0.000000
11665.748047,-41.302,-56.893791,0.018093,7.879,-19.892,-18.214,0.000000
11706.135742,-40.784,-58.466976,0.017002,7.879,-19.893,-18.215,0.000000
11746.664062,-41.467,-48.005322,0.018350,7.879,-19.894,-18.216,0.000000
11787.320312,-42.003,-42.652050,0.019469,7.879,-19.895,-18.216,0.000000
11828.118164,-41.780,-41.348202,0.018926,7.879,-19.896,-18.217,0.000000
11869.068359,-42.074,-32.188465,0.019527,7.879,-19.897,-18.218,0.000000
11910.148438,-42.360,-27.176413,0.020130,7.879,-19.898,-18.218,0.000000
11951.382812,-42.138,-16.158018,0.019571,7.879,-19.899,-18.219,0.000000
11992.748047,-41.180,-32.427418,0.017481,7.879,-19.900,-18.220,0.000000
12034.268555,-41.780,-41.158295,0.018683,7.879,-19.901,-18.220,0.000000
12075.931641,-41.825,1.723975,0.018733,7.879,-19.902,-18.221,0.000000
12117.716797,-41.565,-7.084242,0.018133,7.879,-19.903,-18.222,0.000000
12159.669922,-41.792,-4.920699,0.018564,7.879,-19.904,-18.223,0.000000
12201.767578,-41.754,16.232203,0.018437,7.879,-19.905,-18.223,0.000000
12243.999023,-41.126,5.696868,0.017106,7.879,-19.906,-18.224,0.000000
12286.377930,-41.261,24.720062,0.017328,7.879,-19.907,-18.225,0.000000
12328.914062,-41.855,24.041019,0.018504,7.879,-19.908,-18.225,0.000000
12371.597656,-42.359,11.966723,0.019553,7.879,-19.909,-18.226,0.000000
12414.417969,-42.177,1.645256,0.019092,7.879,-19.910,-18.227,0.000000
12457.385742,-42.384,7.708114,0.019496,7.879,-19.911,-18.228,0.000000
12500.514648,-42.132,12.443065,0.018881,7.879,-19.912,-18.228,0.000000
12543.780273,-41.650,-2.145926,0.017811,7.879,-19.913,-18.229,0.000000
12587.196289,-42.261,1.166195,0.019051,7.879,-19.914,-18.230,0.000000
12630.774414,-42.657,1.323522,0.019880,7.879,-19.916,-18.230,0.000000
12674.502930,-43.340,-7.919363,0.021442,7.879,-19.917,-18.231,0.000000
12718.383789,-43.252,-11.268812,0.021159,7.879,-19.918,-18.232,0.000000
12762.391602,-43.554,18.926363,0.021840,7.879,-19.919,-18.233,0.000000
12806.576172,-43.331,57.260609,0.021220,7.879,-19.920,-18.233,0.000000
12850.914062,-43.416,4.269257,0.021362,7.879,-19.921,-18.234,0.000000
12895.392578,-42.904,-74.413986,0.020075,7.879,-19.922,-18.235,0.000000
12940.025391,-42.272,88.720573,0.018600,7.879,-19.923,-18.236,0.000000
12984.825195,-42.128,111.722870,0.018230,7.879,-19.924,-18.236,0.000000
13029.767578,-41.782,54.881916,0.017455,7.879,-19.925,-18.237,0.000000
13074.876953,-41.238,154.350403,0.016337,7.879,-19.927,-18.238,0.000000
13120.131836,-40.944,98.246193,0.015734,7.878,-19.928,-18.239,0.000000
13165.554688,-40.866,2.634718,0.015538,7.878,-19.929,-18.240,0.000000
13211.134766,-40.883,-101.629601,0.015510,7.878,-19.930,-18.240,0.000000
13256.847656,-41.332,179.460617,0.016272,7.878,-19.931,-18.241,0.000000
13302.744141,-42.300,137.058792,0.018122,7.878,-19.932,-18.242,0.000000
13348.799805,-42.546,-132.318298,0.018573,7.878,-19.933,-18.243,0.000000
13395.001953,-43.031,-150.407837,0.019565,7.878,-19.935,-18.243,0.000000
13441.363281,-44.142,162.729340,0.022148,7.878,-19.936,-18.244,0.000000
13487.899414,-45.003,5.997478,0.024364,7.878,-19.937,-18.245,0.000000
13534.595703,-45.310,-70.242477,0.025137,7.878,-19.938,-18.246,0.000000
13581.440430,-45.777,-121.024391,0.026414,7.878,-19.939,-18.247,0.000000
13628.447266,-46.266,27.181168,0.027822,7.878,-19.940,-18.247,0.000000
13675.630859,-46.280,-25.662182,0.027747,7.878,-19.942,-18.248,0.000000
13722.976562,-45.497,-5.996095,0.025248,7.878,-19.943,-18.249,0.000000
13770.473633,-45.408,9.558658,0.024882,7.878,-19.944,-18.250,0.000000
13818.135742,-44.865,-8.532905,0.023271,7.878,-19.945,-18.251,0.000000
13865.975586,-45.067,-38.511547,0.023715,7.878,-19.946,-18.251,0.000000
13913.980469,-45.242,-60.689911,0.024089,7.878,-19.947,-18.252,0.000000
13962.125977,-44.798,-50.932323,0.022787,7.878,-19.949,-18.253,0.000000
14010.463867,-45.321,-37.358829,0.024095,7.878,-19.950,-18.254,0.000000
14058.969727,-45.601,-47.205097,0.024772,7.878,-19.951,-18.255,0.000000
14107.628906,-46.072,-24.986298,0.026033,7.878,-19.952,-18.255,0.000000
14156.458008,-46.096,-44.043541,0.025988,7.878,-19.954,-18.256,0.000000
14205.468750,-46.230,-57.437508,0.026270,7.878,-19.955,-18.257,0.000000
14254.635742,-45.761,-42.507225,0.024774,7.878,-19.956,-18.258,0.000000
14303.986328,-45.553,29.525976,0.024077,7.878,-19.957,-18.259,0.000000
14353.495117,-46.377,22.103903,0.026348,7.878,-19.958,-18.260,0.000000
14403.188477,-46.425,21.618599,0.026371,7.878,-19.960,-18.260,0.000000
14453.052734,-45.582,53.504978,0.023821,7.878,-19.961,-18.261,0.000000
14503.063477,-45.316,26.892168,0.022993,7.878,-19.962,-18.262,0.000000
14553.274414,-44.872,30.834553,0.021744,7.878,-19.963,-18.263,0.000000
14603.659180,-44.132,93.197784,0.019872,7.878,-19.965,-18.264,0.000000
14654.218750,-44.249,70.483856,0.020044,7.878,-19.966,-18.265,0.000000
14704.924805,-44.159,28.548130,0.019741,7.878,-19.967,-18.265,0.000000
14755.834961,-43.608,61.819656,0.018439,7.878,-19.968,-18.266,0.000000
14806.920898,-43.133,-67.584251,0.017372,7.878,-19.970,-18.267,0.000000
14858.168945,-42.682,-18.918001,0.016413,7.878,-19.971,-18.268,0.000000
14909.609375,-43.087,-99.677299,0.017111,7.878,-19.972,-18.269,0.000000
14961.213867,-42.891,-135.258270,0.016646,7.878,-19.974,-18.270,0.000000
15013.010742,-43.760,-59.603180,0.018306,7.878,-19.975,-18.271,0.000000
15064.973633,-44.154,-66.489532,0.019059,7.878,-19.976,-18.272,0.000000
15117.115234,-43.915,-86.436935,0.018448,7.878,-19.977,-18.272,0.000000
15169.452148,-43.461,-67.683334,0.017422,7.878,-19.979,-18.273,0.000000
15221.969727,-43.983,121.088943,0.018412,7.878,-19.980,-18.274,0.000000
15274.640625,-44.067,-88.913651,0.018504,7.878,-19.981,-18.275,0.000000
15327.523438,-44.436,107.589012,0.019213,7.878,-19.983,-18.276,0.000000
15380.588867,-44.920,39.953636,0.020217,7.878,-19.984,-18.277,0.000000
15433.823242,-45.123,48.267700,0.020595,7.877,-19.985,-18.278,0.000000
15487.241211,-44.612,9.166709,0.019324,7.877,-19.987,-18.279,0.000000
15540.859375,-44.000,26.430275,0.017922,7.877,-19.988,-18.280,0.000000
15594.664062,-44.704,72.546860,0.019342,7.877,-19.989,-18.281,0.000000
15648.638672,-44.215,51.295635,0.018196,7.877,-19.991,-18.281,0.000000
15702.800781,-44.474,48.767529,0.018658,7.877,-19.992,-18.282,0.000000
15757.166016,-44.094,59.533436,0.017772,7.877,-19.993,-18.283,0.000000
15811.718750,-43.665,78.628670,0.016835,7.877,-19.995,-18.284,0.000000
15866.429688,-43.452,100.384850,0.016347,7.877,-19.996,-18.285,0.000000
15921.361328,-43.503,124.149216,0.016365,7.877,-19.997,-18.286,0.000000
15976.482422,-44.313,112.198219,0.017879,7.877,-19.999,-18.287,0.000000
16031.793945,-44.153,126.083687,0.017467,7.877,-20.000,-18.288,0.000000
16087.267578,-44.004,143.150848,0.017089,7.877,-20.002,-18.289,0.000000
16142.962891,-44.022,139.748901,0.017040,7.877,-20.003,-18.290,0.000000
16198.851562,-44.553,142.771439,0.018028,7.877,-20.004,-18.291,0.000000
16254.917969,-44.544,162.072906,0.017922,7.877,-20.006,-18.292,0.000000
16311.194336,-44.343,152.785934,0.017429,7.877,-20.007,-18.293,0.000000
16367.649414,-44.177,136.357162,0.017017,7.877,-20.008,-18.294,0.000000
16424.316406,-43.975,-177.593857,0.016546,7.877,-20.010,-18.295,0.000000
16481.162109,-42.760,154.111603,0.014316,7.877,-20.011,-18.295,0.000000
16538.205078,-42.489,159.499344,0.013810,7.877,-20.013,-18.296,0.000000
16595.462891,-42.729,170.423386,0.014127,7.877,-20.014,-18.297,0.000000
16652.917969,-42.760,129.420609,0.014109,7.877,-20.016,-18.298,0.000000
16710.539062,-42.131,170.814590,0.013061,7.877,-20.017,-18.299,0.000000
16768.392578,-41.819,-140.903137,0.012541,7.877,-20.018,-18.300,0.000000
16826.447266,-42.031,-146.085251,0.012788,7.877,-20.020,-18.301,0.000000
16884.685547,-41.341,-142.236465,0.011755,7.877,-20.021,-18.302,0.000000
16943.142578,-41.576,-97.660248,0.012019,7.877,-20.023,-18.303,0.000000
17001.785156,-41.928,-61.017960,0.012455,7.877,-20.024,-18.304,0.000000
17060.646484,-41.382,-46.057549,0.011641,7.877,-20.026,-18.305,0.000000
17119.695312,-41.034,-47.252228,0.011130,7.877,-20.027,-18.306,0.000000
17178.949219,-40.958,33.315071,0.010980,7.877,-20.029,-18.307,0.000000
17238.423828,-40.856,49.520557,0.010800,7.877,-20.030,-18.308,0.000000
17298.105469,-39.743,51.232479,0.009455,7.877,-20.032,-18.309,0.000000
17357.976562,-39.974,55.215466,0.009663,7.877,-20.033,-18.310,0.000000
17418.054688,-40.112,49.129246,0.009770,7.877,-20.035,-18.311,0.000000
17478.357422,-39.063,83.027168,0.008615,7.877,-20.036,-18.312,0.000000
17538.869141,-39.269,92.763489,0.008779,7.877,-20.038,-18.313,0.000000
17599.556641,-38.698,106.516083,0.008179,7.877,-20.039,-18.314,0.000000
17660.488281,-37.127,129.554565,0.006792,7.877,-20.041,-18.315,0.000000
17721.630859,-36.487,173.096848,0.006278,7.877,-20.042,-18.316,0.000000
17782.968750,-35.698,-170.478531,0.005704,7.876,-20.044,-18.317,0.000000
17844.535156,-33.669,-176.654877,0.004494,7.876,-20.045,-18.319,0.000000
17906.296875,-32.578,133.297882,0.003944,7.876,-20.047,-18.320,0.000000
17968.291016,-32.642,148.849152,0.003955,7.876,-20.048,-18.321,0.000000
18030.480469,-31.633,127.255630,0.003504,7.876,-20.050,-18.322,0.000000
18092.886719,-30.690,134.983765,0.003128,7.876,-20.051,-18.323,0.000000
18155.525391,-30.923,138.761536,0.003198,7.876,-20.053,-18.324,0.000000
18218.382812,-30.989,159.185776,0.003206,7.876,-20.054,-18.325,0.000000
18281.421875,-30.857,145.891281,0.003143,7.876,-20.056,-18.326,0.000000
18344.712891,-31.368,171.986557,0.003319,7.876,-20.058,-18.327,0.000000
18408.224609,-31.416,166.041656,0.003322,7.876,-20.059,-18.328,0.000000
18471.955078,-30.058,131.824173,0.002828,7.876,-20.061,-18.329,0.000000
18535.888672,-29.084,-142.829849,0.002516,7.876,-20.062,-18.330,0.000000
18600.044922,-27.480,121.157883,0.002082,7.876,-20.064,-18.331,0.000000
18664.439453,-27.086,53.268452,0.001980,7.876,-20.066,-18.332,0.000000
18729.041016,-25.720,105.870415,0.001684,7.876,-20.067,-18.333,0.000000
18793.880859,-24.742,90.472183,0.001498,7.876,-20.069,-18.335,0.000000
18858.929688,-23.136,120.255203,0.001239,7.876,-20.070,-18.336,0.000000
18924.220703,-22.035,120.886154,0.001180,7.876,-20.072,-18.337,0.000000
18989.720703,-20.025,30.678421,0.000903,7.876,-20.074,-18.338,0.000000
19055.447266,-18.543,119.039757,0.000720,7.876,-20.075,-18.339,0.000000
19121.417969,-18.391,-9.300200,0.000705,7.876,-20.077,-18.340,0.000000
19187.619141,-17.529,-141.621780,0.000635,7.876,-20.079,-18.341,0.000000
19254.029297,-16.869,-167.029449,0.000691,7.876,-20.080,-18.342,0.000000
19320.669922,-15.628,-61.234955,0.000776,7.876,-20.082,-18.343,0.000000
19387.560547,-14.830,-134.028549,0.001124,7.876,-20.084,-18.345,0.000000
19454.664062,-13.244,-107.301506,0.001294,7.876,-20.085,-18.346,0.000000
19522.017578,-11.110,-92.258286,0.001836,7.876,-20.087,-18.347,0.000000
19589.585938,-207.703,0.000000,0.000000,7.876,-20.089,-18.348,0.000000
19657.406250,-207.738,0.000000,0.000000,7.876,-20.090,-18.349,0.000000
19725.443359,-207.772,0.000000,0.000000,7.876,-20.092,-18.350,0.000000
19793.716797,-207.806,0.000000,0.000000,7.876,-20.094,-18.351,0.000000
19862.244141,-207.841,0.000000,0.000000,7.876,-20.095,-18.353,0.000000
19931.009766,-207.875,0.000000,0.000000,7.876,-20.097,-18.354,0.000000
19999.974609,-207.910,0.000000,0.000000,7.876,-20.099,-18.355,0.000000
