frequency_hz,spl_db,phase_deg,thd_percent,rt60_ms,c50_db,c80_db,group_delay_ms
20.000000,-3.958,-163.638412,0.000316,16.388,-12.981,-12.743,0.000000
20.069233,-4.177,-171.287399,0.000324,16.388,-12.981,-12.743,0.000000
20.138704,-4.385,-173.661606,0.000332,16.388,-12.981,-12.743,0.000000
20.208418,-4.537,-176.051651,0.000338,16.388,-12.981,-12.743,0.000000
20.278366,-4.755,175.967743,0.000346,16.388,-12.981,-12.743,0.000000
20.348562,-5.313,171.118286,0.000369,16.388,-12.981,-12.743,0.000000
20.419001,-5.718,168.088058,0.000387,16.388,-12.981,-12.743,0.000000
20.489683,-6.078,164.063507,0.000404,16.388,-12.981,-12.743,0.000000
20.560612,-6.137,160.618210,0.000406,16.388,-12.981,-12.743,0.000000
20.631784,-6.603,156.230072,0.000429,16.388,-12.981,-12.743,0.000000
20.703203,-6.938,153.044617,0.000446,16.388,-12.981,-12.743,0.000000
20.774866,-7.662,149.016113,0.000484,16.388,-12.981,-12.743,0.000000
20.846781,-8.117,145.056610,0.000510,16.388,-12.981,-12.743,0.000000
20.918943,-8.380,142.215759,0.000526,16.388,-12.981,-12.743,0.000000
20.991358,-8.624,140.672668,0.000541,16.388,-12.981,-12.743,0.000000
21.064020,-9.265,136.129990,0.000583,16.388,-12.981,-12.743,0.000000
21.136936,-10.004,130.657028,0.000635,16.388,-12.981,-12.743,0.000000
21.210104,-10.364,127.928886,0.000661,16.388,-12.981,-12.743,0.000000
21.283520,-11.024,125.301155,0.000714,16.388,-12.981,-12.743,0.000000
21.357197,-11.302,121.800041,0.000737,16.388,-12.981,-12.743,0.000000
21.431126,-12.242,119.693527,0.000822,16.388,-12.981,-12.743,0.000000
21.505312,-12.806,117.717567,0.000877,16.388,-12.981,-12.743,0.000000
21.579756,-13.474,111.694077,0.000947,16.388,-12.981,-12.743,0.000000
21.654457,-14.192,110.167854,0.001028,16.388,-12.981,-12.743,0.000000
21.729416,-14.502,107.308487,0.001066,16.388,-12.981,-12.743,0.000000
21.804630,-15.761,98.959839,0.001232,16.388,-12.981,-12.743,0.000000
21.880110,-17.005,90.290199,0.001422,16.388,-12.981,-12.743,0.000000
21.955851,-18.224,95.920372,0.001636,16.388,-12.981,-12.743,0.000000
22.031853,-19.690,85.000397,0.001937,16.388,-12.981,-12.743,0.000000
22.108118,-20.773,83.247894,0.002195,16.388,-12.981,-12.743,0.000000
22.184649,-21.587,94.443504,0.002411,16.388,-12.981,-12.743,0.000000
22.261442,-21.662,100.010704,0.002432,16.388,-12.981,-12.743,0.000000
22.338503,-23.339,117.205978,0.002951,16.388,-12.981,-12.743,0.000000
22.415825,-24.059,178.765884,0.003206,16.388,-12.981,-12.743,0.000000
22.493420,-24.694,-137.186844,0.003450,16.388,-12.981,-12.743,0.000000
22.571283,-23.688,-135.595108,0.003073,16.388,-12.981,-12.743,0.000000
22.649418,-23.687,-135.595108,0.003073,16.388,-12.981,-12.743,0.000000
22.727821,-22.619,-138.355896,0.002718,16.388,-12.981,-12.743,0.000000
22.806496,-21.599,-132.950363,0.002417,16.388,-12.981,-12.743,0.000000
22.885437,-19.873,-141.450195,0.001982,16.388,-12.981,-12.743,0.000000
22.964659,-18.569,-141.560394,0.001706,16.388,-12.981,-12.743,0.000000
23.044153,-17.683,-147.004425,0.001541,16.388,-12.981,-12.743,0.000000
23.123922,-17.130,-148.109131,0.001446,16.388,-12.981,-12.743,0.000000
23.203970,-16.132,-144.819382,0.001289,16.388,-12.981,-12.743,0.000000
23.284292,-15.361,-152.453049,0.001180,16.388,-12.981,-12.743,0.000000
23.364893,-14.937,-155.244476,0.001124,16.388,-12.981,-12.743,0.000000
23.445774,-14.385,-159.378799,0.001055,16.388,-12.981,-12.743,0.000000
23.526928,-13.913,-164.099304,0.000999,16.388,-12.981,-12.743,0.000000
23.608370,-13.491,-168.491852,0.000952,16.388,-12.981,-12.743,0.000000
23.690092,-13.284,-173.367859,0.000929,16.388,-12.981,-12.743,0.000000
23.772099,-13.228,-175.050629,0.000924,16.388,-12.981,-12.743,0.000000
23.854389,-12.907,-178.509140,0.000890,16.388,-12.981,-12.743,0.000000
23.936964,-12.622,178.642380,0.000861,16.388,-12.981,-12.743,0.000000
24.019825,-12.265,173.856995,0.000827,16.388,-12.981,-12.743,0.000000
24.102966,-12.297,168.513931,0.000830,16.388,-12.981,-12.743,0.000000
24.186401,-12.222,166.843826,0.000823,16.388,-12.981,-12.743,0.000000
24.270124,-12.150,164.476486,0.000816,16.388,-12.981,-12.743,0.000000
24.354139,-12.068,161.363876,0.000808,16.388,-12.981,-12.743,0.000000
24.438444,-11.833,158.491562,0.000787,16.388,-12.981,-12.743,0.000000
24.523041,-11.794,155.257660,0.000784,16.388,-12.981,-12.743,0.000000
24.607929,-11.704,153.185272,0.000776,16.388,-12.981,-12.743,0.000000
24.693108,-11.665,149.685562,0.000772,16.388,-12.981,-12.743,0.000000
24.778585,-11.623,145.926468,0.000769,16.388,-12.981,-12.743,0.000000
24.864359,-11.617,142.338608,0.000768,16.388,-12.981,-12.743,0.000000
24.950430,-11.797,139.454254,0.000785,16.388,-12.981,-12.743,0.000000
25.036798,-11.598,137.037338,0.000767,16.388,-12.981,-12.743,0.000000
25.123466,-11.664,132.589767,0.000773,16.388,-12.981,-12.743,0.000000
25.210434,-11.728,128.824844,0.000779,16.388,-12.981,-12.743,0.000000
25.297697,-11.967,125.633705,0.000801,16.388,-12.981,-12.743,0.000000
25.385267,-12.061,122.430115,0.000810,16.388,-12.981,-12.743,0.000000
25.473143,-12.301,119.488075,0.000832,16.388,-12.981,-12.743,0.000000
25.561321,-12.307,116.692947,0.000833,16.388,-12.981,-12.743,0.000000
25.649803,-12.595,112.506493,0.000861,16.388,-12.981,-12.743,0.000000
25.738594,-12.908,110.015182,0.000893,16.388,-12.981,-12.743,0.000000
25.827690,-13.170,107.556831,0.000921,16.388,-12.981,-12.743,0.000000
25.917089,-13.463,105.220467,0.000952,16.388,-12.981,-12.743,0.000000
26.006805,-13.666,104.167938,0.000975,16.388,-12.981,-12.743,0.000000
26.096830,-13.959,102.164383,0.001009,16.388,-12.981,-12.743,0.000000
26.187168,-14.225,100.638496,0.001040,16.388,-12.981,-12.743,0.000000
26.277819,-14.531,98.758263,0.001078,16.388,-12.981,-12.743,0.000000
26.368782,-14.949,96.099442,0.001131,16.388,-12.981,-12.743,0.000000
26.460054,-15.324,96.018097,0.001181,16.388,-12.981,-12.743,0.000000
26.551649,-15.872,94.810211,0.001258,16.388,-12.981,-12.743,0.000000
26.643560,-16.283,97.118408,0.001319,16.388,-12.981,-12.743,0.000000
26.735790,-16.423,97.643631,0.001340,16.388,-12.981,-12.743,0.000000
26.828339,-16.732,97.044540,0.001389,16.388,-12.981,-12.743,0.000000
26.921207,-17.085,99.059601,0.001446,16.388,-12.981,-12.743,0.000000
27.014399,-17.244,100.360489,0.001473,16.388,-12.981,-12.743,0.000000
27.107912,-17.480,102.140442,0.001514,16.388,-12.981,-12.743,0.000000
27.201744,-17.430,104.589417,0.001506,16.388,-12.981,-12.743,0.000000
27.295906,-17.390,105.883942,0.001499,16.388,-12.981,-12.743,0.000000
27.390394,-17.220,109.904900,0.001470,16.388,-12.981,-12.743,0.000000
27.485209,-16.836,110.103065,0.001407,16.388,-12.981,-12.743,0.000000
27.580351,-16.500,112.362251,0.001354,16.388,-12.981,-12.743,0.000000
27.675825,-16.158,112.098892,0.001302,16.388,-12.981,-12.743,0.000000
27.771622,-15.721,112.610115,0.001238,16.388,-12.981,-12.743,0.000000
27.867756,-15.100,112.779633,0.001153,16.388,-12.981,-12.743,0.000000
27.964224,-14.722,112.904922,0.001104,16.388,-12.981,-12.743,0.000000
28.061024,-14.296,112.419388,0.001051,16.388,-12.981,-12.743,0.000000
28.158161,-13.844,110.335945,0.000998,16.388,-12.981,-12.743,0.000000
28.255634,-13.336,109.825157,0.000941,16.388,-12.981,-12.743,0.000000
28.353443,-12.917,106.791786,0.000897,16.388,-12.981,-12.743,0.000000
28.451593,-12.720,106.103783,0.000877,16.388,-12.981,-12.743,0.000000
28.550081,-12.374,103.876701,0.000843,16.388,-12.981,-12.743,0.000000
28.648903,-11.993,101.907982,0.000807,16.388,-12.981,-12.743,0.000000
28.748075,-11.777,99.760910,0.000787,16.388,-12.981,-12.743,0.000000
28.847589,-11.498,98.185165,0.000763,16.388,-12.981,-12.743,0.000000
28.947449,-11.248,96.218750,0.000741,16.388,-12.981,-12.743,0.000000
29.047655,-10.893,93.895683,0.000712,16.388,-12.981,-12.743,0.000000
29.148207,-10.599,89.574303,0.000688,16.388,-12.981,-12.743,0.000000
29.249100,-10.406,86.532921,0.000673,16.388,-12.981,-12.743,0.000000
29.350348,-10.343,83.981712,0.000668,16.388,-12.981,-12.743,0.000000
29.451948,-10.072,81.559929,0.000647,16.388,-12.981,-12.743,0.000000
29.553900,-9.793,78.644409,0.000627,16.388,-12.981,-12.743,0.000000
29.656204,-9.609,75.407417,0.000614,16.388,-12.981,-12.743,0.000000
29.758862,-9.555,72.013153,0.000610,16.388,-12.981,-12.743,0.000000
29.861876,-9.544,68.955635,0.000609,16.388,-12.981,-12.743,0.000000
29.965246,-9.640,63.801529,0.000616,16.388,-12.981,-12.743,0.000000
30.068968,-9.726,60.781422,0.000623,16.388,-12.981,-12.743,0.000000
30.173054,-9.986,57.233616,0.000642,16.388,-12.981,-12.743,0.000000
30.277502,-10.105,55.078201,0.000650,16.388,-12.981,-12.743,0.000000
30.382311,-10.332,50.624527,0.000668,16.388,-12.981,-12.743,0.000000
30.487482,-10.774,47.805771,0.000703,16.388,-12.981,-12.743,0.000000
30.593019,-11.238,47.410778,0.000742,16.388,-12.981,-12.743,0.000000
30.698914,-11.682,45.459087,0.000781,16.388,-12.981,-12.743,0.000000
30.805182,-12.372,42.728607,0.000845,16.388,-12.981,-12.743,0.000000
30.911816,-12.741,44.181320,0.000882,16.388,-12.981,-12.743,0.000000
31.018822,-13.287,46.154934,0.000940,16.388,-12.981,-12.743,0.000000
31.126196,-13.852,48.743031,0.001003,16.388,-12.981,-12.743,0.000000
31.233944,-14.199,52.795975,0.001044,16.388,-12.981,-12.743,0.000000
31.342064,-14.493,56.229111,0.001080,16.388,-12.981,-12.743,0.000000
31.450558,-14.477,60.080124,0.001078,16.388,-12.981,-12.743,0.000000
31.559420,-14.227,63.253841,0.001048,16.388,-12.981,-12.743,0.000000
31.668667,-14.508,67.072060,0.001082,16.388,-12.981,-12.743,0.000000
31.778292,-13.232,75.612976,0.000935,16.388,-12.981,-12.743,0.000000
31.888296,-12.772,79.221382,0.000887,16.388,-12.981,-12.743,0.000000
31.998680,-12.167,80.865891,0.000827,16.388,-12.981,-12.743,0.000000
32.109447,-11.441,81.366676,0.000761,16.388,-12.981,-12.743,0.000000
32.220600,-10.956,80.810944,0.000720,16.388,-12.981,-12.743,0.000000
32.332127,-10.089,83.097328,0.000651,16.388,-12.981,-12.743,0.000000
32.444046,-9.309,82.440559,0.000596,16.388,-12.981,-12.743,0.000000
32.556355,-9.051,80.213921,0.000578,16.388,-12.981,-12.743,0.000000
32.669052,-8.443,78.838219,0.000539,16.388,-12.981,-12.743,0.000000
32.782143,-7.827,76.475883,0.000502,16.388,-12.981,-12.743,0.000000
32.895622,-7.422,73.062431,0.000479,16.388,-12.981,-12.743,0.000000
33.009491,-6.967,72.797981,0.000455,16.388,-12.981,-12.743,0.000000
33.123760,-6.464,68.322556,0.000429,16.388,-12.981,-12.743,0.000000
33.238411,-6.255,66.398514,0.000419,16.388,-12.981,-12.743,0.000000
33.353470,-5.698,63.432991,0.000393,16.388,-12.981,-12.743,0.000000
33.468929,-5.432,60.537399,0.000381,16.388,-12.981,-12.743,0.000000
33.584785,-5.183,56.079525,0.000371,16.388,-12.981,-12.743,0.000000
33.701042,-4.888,54.638939,0.000358,16.388,-12.981,-12.743,0.000000
33.817696,-4.519,49.714500,0.000343,16.388,-12.981,-12.743,0.000000
33.934757,-4.334,44.521774,0.000336,16.388,-12.981,-12.743,0.000000
34.052227,-4.425,41.851341,0.000340,16.388,-12.981,-12.743,0.000000
34.170105,-4.245,38.479622,0.000333,16.388,-12.981,-12.743,0.000000
34.288387,-4.234,34.836552,0.000333,16.388,-12.981,-12.743,0.000000
34.407082,-4.138,30.569658,0.000329,16.388,-12.981,-12.743,0.000000
34.526184,-4.181,27.209234,0.000331,16.388,-12.981,-12.743,0.000000
34.645702,-4.305,24.444380,0.000335,16.388,-12.981,-12.743,0.000000
34.765621,-4.509,19.823177,0.000344,16.388,-12.981,-12.743,0.000000
34.885967,-4.584,17.560837,0.000347,16.388,-12.981,-12.743,0.000000
35.006729,-4.659,15.634477,0.000350,16.388,-12.981,-12.743,0.000000
35.127911,-4.898,10.824140,0.000359,16.388,-12.981,-12.743,0.000000
35.249508,-5.077,8.816508,0.000367,16.388,-12.981,-12.743,0.000000
35.371529,-5.350,6.848728,0.000379,16.388,-12.981,-12.743,0.000000
35.493965,-5.705,3.799750,0.000395,16.388,-12.981,-12.743,0.000000
35.616829,-5.944,2.174472,0.000406,16.388,-12.981,-12.743,0.000000
35.740120,-6.300,0.366042,0.000423,16.388,-12.981,-12.743,0.000000
35.863842,-6.641,-1.285116,0.000440,16.388,-12.981,-12.743,0.000000
35.987988,-6.792,-1.884574,0.000448,16.388,-12.981,-12.743,0.000000
36.112564,-7.048,-3.236488,0.000461,16.388,-12.981,-12.743,0.000000
36.237572,-7.556,-4.424543,0.000489,16.388,-12.981,-12.743,0.000000
36.363010,-7.818,-4.576908,0.000504,16.388,-12.981,-12.743,0.000000
36.488888,-7.980,-4.655897,0.000513,16.388,-12.981,-12.743,0.000000
36.615189,-8.195,-5.404072,0.000526,16.388,-12.981,-12.743,0.000000
36.741936,-8.408,-6.147705,0.000539,16.388,-12.981,-12.743,0.000000
36.869122,-8.573,-5.714088,0.000550,16.388,-12.981,-12.743,0.000000
36.996750,-8.603,-5.834064,0.000552,16.388,-12.981,-12.743,0.000000
37.124817,-8.620,-6.803023,0.000553,16.388,-12.981,-12.743,0.000000
37.253323,-8.741,-8.070957,0.000561,16.388,-12.981,-12.743,0.000000
37.382278,-8.860,-8.942052,0.000568,16.388,-12.981,-12.743,0.000000
37.511681,-8.888,-9.241437,0.000570,16.388,-12.981,-12.743,0.000000
37.641533,-8.997,-10.823179,0.000578,16.388,-12.981,-12.743,0.000000
37.771832,-9.040,-11.502976,0.000581,16.388,-12.981,-12.743,0.000000
37.902584,-9.245,-12.165831,0.000594,16.388,-12.981,-12.743,0.000000
38.033791,-9.272,-12.102558,0.000596,16.388,-12.981,-12.743,0.000000
38.165447,-9.240,-12.976293,0.000594,16.388,-12.981,-12.743,0.000000
38.297562,-9.302,-14.053905,0.000599,16.388,-12.981,-12.743,0.000000
38.430122,-9.350,-14.358160,0.000602,16.388,-12.981,-12.743,0.000000
38.563152,-9.286,-15.435399,0.000598,16.388,-12.981,-12.743,0.000000
38.696644,-9.308,-15.945537,0.000599,16.388,-12.981,-12.743,0.000000
38.830597,-9.262,-17.392038,0.000596,16.388,-12.981,-12.743,0.000000
38.965015,-9.301,-18.636904,0.000599,16.388,-12.981,-12.743,0.000000
39.099895,-9.400,-19.784073,0.000606,16.388,-12.981,-12.743,0.000000
39.235237,-9.340,-20.871727,0.000602,16.388,-12.981,-12.743,0.000000
39.371052,-9.367,-22.697399,0.000604,16.388,-12.981,-12.743,0.000000
39.507339,-9.503,-24.451843,0.000614,16.388,-12.981,-12.743,0.000000
39.644100,-9.667,-25.587948,0.000625,16.388,-12.981,-12.743,0.000000
39.781334,-9.779,-27.294636,0.000634,16.388,-12.981,-12.743,0.000000
39.919041,-9.984,-28.696939,0.000649,16.388,-12.981,-12.743,0.000000
40.057224,-10.126,-29.326828,0.000660,16.388,-12.981,-12.743,0.000000
40.195889,-10.137,-30.023846,0.000661,16.388,-12.981,-12.743,0.000000
40.335030,-10.111,-30.706789,0.000659,16.388,-12.981,-12.743,0.000000
40.474644,-10.124,-33.499508,0.000660,16.388,-12.981,-12.743,0.000000
40.614754,-10.341,-35.694393,0.000677,16.388,-12.981,-12.743,0.000000
40.755344,-10.410,-36.793491,0.000682,16.388,-12.981,-12.743,0.000000
40.896423,-10.486,-38.513222,0.000688,16.388,-12.981,-12.743,0.000000
41.037983,-10.579,-40.421520,0.000696,16.388,-12.981,-12.743,0.000000
41.180042,-10.777,-41.936214,0.000712,16.388,-12.981,-12.743,0.000000
41.322590,-10.815,-43.114410,0.000715,16.388,-12.981,-12.743,0.000000
41.465633,-10.982,-45.078033,0.000729,16.388,-12.981,-12.743,0.000000
41.609173,-11.054,-46.195484,0.000735,16.388,-12.981,-12.743,0.000000
41.753204,-11.350,-47.604000,0.000760,16.388,-12.981,-12.743,0.000000
41.897739,-11.402,-48.821770,0.000765,16.388,-12.981,-12.743,0.000000
42.042774,-11.427,-50.028229,0.000767,16.388,-12.981,-12.743,0.000000
42.188309,-11.579,-52.463909,0.000781,16.388,-12.981,-12.743,0.000000
42.334339,-11.745,-54.194958,0.000796,16.388,-12.981,-12.743,0.000000
42.480885,-11.819,-55.346024,0.000803,16.388,-12.981,-12.743,0.000000
42.627937,-11.972,-56.276054,0.000818,16.388,-12.981,-12.743,0.000000
42.775497,-12.099,-57.324127,0.000830,16.388,-12.981,-12.743,0.000000
42.923573,-12.028,-60.157669,0.000823,16.388,-12.981,-12.743,0.000000
43.072155,-12.385,-62.783283,0.000858,16.388,-12.981,-12.743,0.000000
43.221245,-12.617,-64.309662,0.000881,16.388,-12.981,-12.743,0.000000
43.370861,-13.011,-64.690186,0.000922,16.388,-12.981,-12.743,0.000000
43.520992,-13.375,-65.026436,0.000962,16.388,-12.981,-12.743,0.000000
43.671646,-13.650,-65.305580,0.000993,16.388,-12.981,-12.743,0.000000
43.822823,-14.059,-63.850845,0.001041,16.388,-12.981,-12.743,0.000000
43.974518,-14.199,-62.553532,0.001058,16.388,-12.981,-12.743,0.000000
44.126743,-14.606,-62.853790,0.001109,16.388,-12.981,-12.743,0.000000
44.279491,-14.550,-65.066994,0.001102,16.388,-12.981,-12.743,0.000000
44.432770,-15.385,-66.016579,0.001213,16.388,-12.981,-12.743,0.000000
44.586567,-15.891,-62.993359,0.001286,16.388,-12.981,-12.743,0.000000
44.740910,-16.199,-62.149796,0.001333,16.388,-12.981,-12.743,0.000000
44.895786,-16.551,-57.945511,0.001389,16.388,-12.981,-12.743,0.000000
45.051197,-16.543,-55.220074,0.001388,16.388,-12.981,-12.743,0.000000
45.207138,-16.399,-54.251652,0.001365,16.388,-12.981,-12.743,0.000000
45.363636,-16.458,-55.270294,0.001374,16.388,-12.981,-12.743,0.000000
45.520660,-16.686,-54.934570,0.001411,16.388,-12.981,-12.743,0.000000
45.678234,-16.966,-53.422565,0.001458,16.388,-12.981,-12.743,0.000000
45.836353,-16.885,-49.819260,0.001445,16.388,-12.981,-12.743,0.000000
45.995022,-16.557,-48.262794,0.001391,16.388,-12.981,-12.743,0.000000
46.154240,-16.033,-47.818581,0.001310,16.388,-12.981,-12.743,0.000000
46.314007,-15.607,-51.129463,0.001247,16.388,-12.981,-12.743,0.000000
46.474327,-15.569,-54.769573,0.001242,16.388,-12.981,-12.743,0.000000
46.635193,-15.518,-56.305107,0.001234,16.388,-12.981,-12.743,0.000000
46.796627,-15.484,-58.382523,0.001230,16.388,-12.981,-12.743,0.000000
46.958618,-15.468,-61.165394,0.001227,16.388,-12.981,-12.743,0.000000
47.121170,-15.321,-63.378098,0.001207,16.388,-12.981,-12.743,0.000000
47.284286,-15.266,-66.177910,0.001199,16.388,-12.981,-12.743,0.000000
47.447968,-15.111,-69.880638,0.001178,16.388,-12.981,-12.743,0.000000
47.612202,-15.215,-75.573891,0.001193,16.388,-12.981,-12.743,0.000000
47.777020,-15.275,-79.314827,0.001201,16.388,-12.981,-12.743,0.000000
47.942402,-15.331,-83.830261,0.001209,16.388,-12.981,-12.743,0.000000
48.108360,-15.396,-87.128052,0.001219,16.388,-12.981,-12.743,0.000000
48.274895,-15.586,-90.705093,0.001246,16.388,-12.981,-12.743,0.000000
48.442005,-15.867,-93.871231,0.001287,16.388,-12.981,-12.743,0.000000
48.609692,-15.919,-96.830482,0.001295,16.388,-12.981,-12.743,0.000000
48.777958,-16.165,-101.359734,0.001332,16.388,-12.981,-12.743,0.000000
48.946812,-16.469,-104.267952,0.001380,16.388,-12.981,-12.743,0.000000
49.116234,-16.762,-109.626396,0.001428,16.388,-12.981,-12.743,0.000000
49.286255,-17.138,-113.057365,0.001491,16.388,-12.981,-12.743,0.000000
49.456863,-17.328,-117.348846,0.001524,16.388,-12.981,-12.743,0.000000
49.628067,-17.548,-121.844765,0.001564,16.388,-12.981,-12.743,0.000000
49.799858,-17.590,-127.376740,0.001571,16.388,-12.981,-12.743,0.000000
49.972248,-17.639,-135.061417,0.001581,16.388,-12.981,-12.743,0.000000
50.145218,-17.622,-140.511871,0.001578,16.388,-12.981,-12.743,0.000000
50.318802,-17.854,-147.674377,0.001621,16.388,-12.981,-12.743,0.000000
50.492989,-17.821,-154.678085,0.001615,16.388,-12.981,-12.743,0.000000
50.667774,-17.921,-162.090302,0.001633,16.388,-12.981,-12.743,0.000000
50.843166,-17.985,-169.443130,0.001645,16.388,-12.981,-12.743,0.000000
51.019169,-18.357,-176.326538,0.001718,16.388,-12.981,-12.743,0.000000
51.195774,-18.694,178.455658,0.001785,16.388,-12.981,-12.743,0.000000
51.372997,-19.004,173.500488,0.001850,16.388,-12.981,-12.743,0.000000
51.550816,-19.384,169.856400,0.001933,16.388,-12.981,-12.743,0.000000
51.729267,-19.740,164.769119,0.002014,16.388,-12.981,-12.743,0.000000
51.908333,-20.369,161.862808,0.002166,16.388,-12.981,-12.743,0.000000
52.088020,-20.845,158.731445,0.002288,16.388,-12.981,-12.743,0.000000
52.268330,-21.211,157.228485,0.002387,16.388,-12.981,-12.743,0.000000
52.449261,-21.334,155.174896,0.002421,16.388,-12.981,-12.743,0.000000
52.630810,-21.321,153.390015,0.002418,16.388,-12.981,-12.743,0.000000
52.812996,-21.218,151.187485,0.002390,16.388,-12.981,-12.743,0.000000
52.995815,-20.874,149.251495,0.002298,16.388,-12.981,-12.743,0.000000
53.179264,-20.583,147.584534,0.002223,16.388,-12.981,-12.743,0.000000
53.363350,-20.140,145.525635,0.002112,16.388,-12.981,-12.743,0.000000
53.548077,-19.554,143.595306,0.001975,16.388,-12.981,-12.743,0.000000
53.733437,-19.110,140.779068,0.001877,16.388,-12.981,-12.743,0.000000
53.919441,-18.568,138.012955,0.001764,16.388,-12.981,-12.743,0.000000
54.106079,-18.179,134.498688,0.001687,16.388,-12.981,-12.743,0.000000
54.293373,-17.787,131.907227,0.001612,16.388,-12.981,-12.743,0.000000
54.481316,-17.454,129.324265,0.001552,16.388,-12.981,-12.743,0.000000
54.669895,-17.100,125.828171,0.001490,16.388,-12.981,-12.743,0.000000
54.859169,-16.935,121.820518,0.001462,16.388,-12.981,-12.743,0.000000
55.049042,-16.896,118.616028,0.001456,16.388,-12.981,-12.743,0.000000
55.239601,-16.883,116.112434,0.001454,16.388,-12.981,-12.743,0.000000
55.430820,-16.842,114.512047,0.001448,16.388,-12.981,-12.743,0.000000
55.622700,-16.750,112.843658,0.001433,16.388,-12.981,-12.743,0.000000
55.815247,-16.624,111.284798,0.001412,16.388,-12.981,-12.743,0.000000
56.008457,-16.492,109.293205,0.001391,16.388,-12.981,-12.743,0.000000
56.202335,-16.481,107.706894,0.001390,16.388,-12.981,-12.743,0.000000
56.396889,-16.417,106.909004,0.001380,16.388,-12.981,-12.743,0.000000
56.592110,-16.230,107.133354,0.001351,16.388,-12.981,-12.743,0.000000
56.788010,-16.017,106.881943,0.001318,16.388,-12.981,-12.743,0.000000
56.984589,-15.645,106.973434,0.001263,16.388,-12.981,-12.743,0.000000
57.181820,-15.282,106.551712,0.001211,16.388,-12.981,-12.743,0.000000
57.379791,-14.892,105.797478,0.001158,16.388,-12.981,-12.743,0.000000
57.578388,-14.496,104.861366,0.001106,16.388,-12.981,-12.743,0.000000
57.777702,-14.219,104.385735,0.001072,16.388,-12.981,-12.743,0.000000
57.977707,-13.911,104.233986,0.001034,16.388,-12.981,-12.743,0.000000
58.178406,-13.497,103.781815,0.000986,16.388,-12.981,-12.743,0.000000
58.379795,-13.035,102.768570,0.000935,16.388,-12.981,-12.743,0.000000
58.581886,-12.419,100.127182,0.000871,16.388,-12.981,-12.743,0.000000
58.784672,-11.983,97.704353,0.000829,16.388,-12.981,-12.743,0.000000
58.988163,-11.495,94.111877,0.000784,16.388,-12.981,-12.743,0.000000
59.192356,-11.154,91.515305,0.000754,16.388,-12.981,-12.743,0.000000
59.397259,-10.704,88.084015,0.000716,16.388,-12.981,-12.743,0.000000
59.602867,-10.328,85.931137,0.000686,16.388,-12.981,-12.743,0.000000
59.809193,-9.902,82.881966,0.000653,16.388,-12.981,-12.743,0.000000
60.016228,-9.484,77.854759,0.000622,16.388,-12.981,-12.743,0.000000
60.223953,-9.290,74.760948,0.000609,16.388,-12.981,-12.743,0.000000
60.432423,-9.138,71.575417,0.000598,16.388,-12.981,-12.743,0.000000
60.641617,-9.011,67.527641,0.000590,16.388,-12.981,-12.743,0.000000
60.851536,-8.922,64.094543,0.000584,16.388,-12.981,-12.743,0.000000
61.062180,-8.837,61.172596,0.000578,16.388,-12.981,-12.743,0.000000
61.273556,-8.702,57.200794,0.000569,16.388,-12.981,-12.743,0.000000
61.485661,-8.621,53.617611,0.000564,16.388,-12.981,-12.743,0.000000
61.698502,-8.657,49.363182,0.000567,16.388,-12.981,-12.743,0.000000
61.912075,-8.595,45.368774,0.000563,16.388,-12.981,-12.743,0.000000
62.126392,-8.555,42.012470,0.000560,16.388,-12.981,-12.743,0.000000
62.341450,-8.577,37.569660,0.000562,16.388,-12.981,-12.743,0.000000
62.557251,-8.617,33.113449,0.000564,16.388,-12.981,-12.743,0.000000
62.773800,-8.686,29.411064,0.000569,16.388,-12.981,-12.743,0.000000
62.991070,-8.908,23.611639,0.000584,16.388,-12.981,-12.743,0.000000
63.209152,-9.126,19.948717,0.000599,16.365,-12.931,-12.693,0.000000
63.427925,-9.382,15.630044,0.000617,16.342,-12.877,-12.640,0.000000
63.647522,-9.867,10.286827,0.000652,16.318,-12.824,-12.587,0.000000
63.867813,-10.276,6.581185,0.000684,16.295,-12.771,-12.534,0.000000
64.088898,-10.816,2.907211,0.000728,16.271,-12.717,-12.481,0.000000
64.310753,-11.384,-0.758606,0.000777,16.248,-12.663,-12.428,0.000000
64.533371,-12.038,-3.280584,0.000838,16.224,-12.609,-12.374,0.000000
64.756760,-12.760,-5.650743,0.000911,16.200,-12.555,-12.320,0.000000
64.980919,-13.435,-7.312152,0.000985,16.176,-12.500,-12.266,0.000000
65.205864,-14.161,-9.733068,0.001071,16.152,-12.446,-12.212,0.000000
65.431580,-14.951,-10.605951,0.001173,16.128,-12.391,-12.158,0.000000
65.658081,-15.631,-11.107900,0.001269,16.104,-12.336,-12.103,0.000000
65.885361,-16.440,-11.079152,0.001393,16.079,-12.281,-12.048,0.000000
66.113434,-17.001,-10.388546,0.001486,16.055,-12.225,-11.993,0.000000
66.342262,-17.640,-9.884939,0.001600,16.030,-12.170,-11.938,0.000000
66.571945,-18.198,-11.417929,0.001706,16.006,-12.114,-11.883,0.000000
66.802353,-18.749,-8.686307,0.001818,15.981,-12.058,-11.828,0.000000
67.033600,-19.067,-6.510047,0.001886,15.957,-12.002,-11.772,0.000000
67.265648,-19.594,-2.129029,0.002004,15.932,-11.946,-11.716,0.000000
67.498489,-19.430,2.093393,0.001967,15.907,-11.889,-11.660,0.000000
67.732147,-18.993,4.717068,0.001871,15.882,-11.832,-11.604,0.000000
67.966606,-19.290,5.627823,0.001936,15.857,-11.776,-11.547,0.000000
68.201881,-19.382,6.838600,0.001957,15.832,-11.718,-11.490,0.000000
68.437973,-19.793,7.194072,0.002053,15.807,-11.661,-11.434,0.000000
68.674881,-20.104,10.770826,0.002128,15.781,-11.604,-11.376,0.000000
68.912605,-19.758,11.536811,0.002045,15.756,-11.546,-11.319,0.000000
69.151154,-19.800,10.414636,0.002055,15.730,-11.488,-11.262,0.000000
69.390495,-19.772,8.367243,0.002049,15.705,-11.430,-11.204,0.000000
69.630730,-20.012,6.522288,0.002107,15.679,-11.371,-11.146,0.000000
69.871735,-20.597,6.402056,0.002254,15.653,-11.313,-11.088,0.000000
70.113640,-20.639,7.626215,0.002265,15.628,-11.254,-11.030,0.000000
70.356308,-20.725,5.582732,0.002288,15.602,-11.195,-10.971,0.000000
70.599854,-20.970,6.702424,0.002354,15.576,-11.136,-10.913,0.000000
70.844246,-21.277,7.685703,0.002439,15.549,-11.077,-10.854,0.000000
71.089478,-21.858,9.248179,0.002608,15.523,-11.017,-10.795,0.000000
71.335564,-22.103,9.447049,0.002683,15.497,-10.958,-10.736,0.000000
71.582504,-22.461,9.061195,0.002797,15.471,-10.898,-10.676,0.000000
71.830292,-23.117,6.907093,0.003017,15.444,-10.837,-10.616,0.000000
72.078941,-23.823,6.734424,0.003273,15.418,-10.777,-10.556,0.000000
72.328453,-24.284,4.655452,0.003452,15.391,-10.716,-10.496,0.000000
72.578827,-24.456,3.159104,0.003522,15.364,-10.656,-10.436,0.000000
72.830063,-24.702,1.816443,0.003623,15.337,-10.595,-10.376,0.000000
73.082176,-24.442,0.277025,0.003517,15.310,-10.533,-10.315,0.000000
73.335159,-24.341,-8.120940,0.003477,15.283,-10.472,-10.254,0.000000
73.588982,-25.445,-6.343387,0.003949,15.256,-10.410,-10.193,0.000000
73.843719,-26.135,-7.298317,0.004276,15.229,-10.349,-10.131,0.000000
74.099335,-26.680,-11.220057,0.004554,15.202,-10.287,-10.070,0.000000
74.355843,-27.021,-16.604881,0.004737,15.174,-10.224,-10.008,0.000000
74.613228,-27.804,-20.244854,0.005185,15.147,-10.162,-9.946,0.000000
74.871513,-27.804,-15.410024,0.005185,15.119,-10.099,-9.884,0.000000
75.130692,-27.827,-13.589292,0.005198,15.091,-10.036,-9.821,0.000000
75.390762,-28.061,-15.838068,0.005340,15.064,-9.973,-9.759,0.000000
75.651733,-28.382,-16.211044,0.005541,15.036,-9.910,-9.696,0.000000
75.913612,-28.401,-24.009233,0.005554,15.008,-9.846,-9.633,0.000000
76.176399,-28.460,-28.837511,0.005591,14.980,-9.782,-9.569,0.000000
76.440094,-28.239,-35.852955,0.005451,14.952,-9.718,-9.506,0.000000
76.704697,-27.735,-37.270081,0.005145,14.923,-9.654,-9.442,0.000000
76.970184,-27.545,-43.055943,0.005034,14.895,-9.590,-9.378,0.000000
77.236664,-28.530,-37.549454,0.005639,14.866,-9.525,-9.314,0.000000
77.503990,-29.160,-32.067726,0.006065,14.838,-9.460,-9.250,0.000000
77.772278,-29.295,-7.879889,0.006161,14.809,-9.395,-9.185,0.000000
78.041496,-30.130,-9.459992,0.006784,14.780,-9.329,-9.120,0.000000
78.311646,-30.136,-32.135551,0.006789,14.752,-9.264,-9.055,0.000000
78.582733,-30.135,-27.841169,0.006788,14.723,-9.198,-8.990,0.000000
78.854752,-31.067,-6.429295,0.007558,14.694,-9.132,-8.924,0.000000
79.127716,-31.638,57.984917,0.008071,14.664,-9.066,-8.858,0.000000
79.401627,-31.827,115.049866,0.008249,14.635,-8.999,-8.792,0.000000
79.676483,-31.153,174.670959,0.007633,14.606,-8.932,-8.726,0.000000
79.952293,-29.988,-161.830444,0.006674,14.576,-8.865,-8.660,0.000000
80.229057,-29.801,-164.625809,0.006533,14.547,-8.798,-8.593,0.000000
80.506744,-29.905,-179.319107,0.006611,14.517,-8.731,-8.526,0.000000
80.785469,-29.390,167.317444,0.006231,14.487,-8.663,-8.459,0.000000
81.065079,-28.682,165.599533,0.005743,14.457,-8.595,-8.392,0.000000
81.345734,-27.363,166.073593,0.004934,14.427,-8.527,-8.324,0.000000
81.627281,-26.878,171.902374,0.004666,14.397,-8.459,-8.256,0.000000
81.909843,-27.165,170.795792,0.004823,14.367,-8.390,-8.188,0.000000
82.193382,-27.235,168.833176,0.004861,14.337,-8.321,-8.120,0.000000
82.477905,-27.012,166.265564,0.004738,14.306,-8.252,-8.051,0.000000
82.763412,-26.543,167.335144,0.004489,14.276,-8.183,-7.983,0.000000
83.049904,-25.966,168.899902,0.004201,14.245,-8.113,-7.914,0.000000
83.337395,-25.603,169.546799,0.004029,14.215,-8.044,-7.844,0.000000
83.625877,-25.522,169.445847,0.003991,14.184,-7.974,-7.775,0.000000
83.915352,-25.749,165.716934,0.004097,14.153,-7.903,-7.705,0.000000
84.205795,-25.259,160.979706,0.003873,14.122,-7.833,-7.635,0.000000
84.497330,-24.750,157.106018,0.003652,14.091,-7.762,-7.565,0.000000
84.789780,-24.449,154.705048,0.003528,14.059,-7.691,-7.495,0.000000
85.083336,-24.568,151.607025,0.003576,14.028,-7.620,-7.424,0.000000
85.377815,-24.631,150.297989,0.003602,13.997,-7.548,-7.353,0.000000
85.673363,-24.538,147.949280,0.003564,13.965,-7.476,-7.282,0.000000
85.969933,-24.465,146.792282,0.003534,13.933,-7.404,-7.210,0.000000
86.267525,-24.283,145.152908,0.003461,13.901,-7.332,-7.139,0.000000
86.566154,-24.021,143.828735,0.003358,13.870,-7.260,-7.067,0.000000
86.865814,-24.030,140.940903,0.003361,13.838,-7.187,-6.994,0.000000
87.166504,-23.899,140.218674,0.003311,13.805,-7.114,-6.922,0.000000
87.468246,-23.712,137.184113,0.003241,13.773,-7.041,-6.849,0.000000
87.771027,-23.481,134.590958,0.003155,13.741,-6.967,-6.776,0.000000
88.074852,-23.301,131.541428,0.003091,13.708,-6.893,-6.703,0.000000
88.379738,-23.206,128.321625,0.003057,13.676,-6.819,-6.630,0.000000
88.685677,-22.773,122.472046,0.002909,13.643,-6.745,-6.556,0.000000
88.992668,-22.823,119.021278,0.002925,13.610,-6.671,-6.482,0.000000
89.300682,-22.731,114.334366,0.002895,13.577,-6.596,-6.408,0.000000
89.609810,-22.572,108.655106,0.002842,13.544,-6.521,-6.333,0.000000
89.920006,-22.658,102.312340,0.002870,13.511,-6.445,-6.259,0.000000
90.231270,-22.676,96.184135,0.002876,13.478,-6.370,-6.184,0.000000
90.543617,-22.856,89.074554,0.002935,13.445,-6.294,-6.109,0.000000
90.857048,-23.003,80.916718,0.002985,13.411,-6.218,-6.033,0.000000
91.171562,-23.184,72.549232,0.003047,13.377,-6.142,-5.957,0.000000
91.487160,-23.495,70.440926,0.003158,13.344,-6.065,-5.881,0.000000
91.803856,-23.464,59.862736,0.003146,13.310,-5.988,-5.805,0.000000
92.121643,-23.710,53.713772,0.003236,13.276,-5.911,-5.728,0.000000
92.440536,-24.006,44.740047,0.003348,13.242,-5.833,-5.652,0.000000
92.760529,-23.949,38.105183,0.003327,13.208,-5.756,-5.574,0.000000
93.081627,-23.837,29.468826,0.003284,13.173,-5.678,-5.497,0.000000
93.403793,-23.635,21.480165,0.003208,13.139,-5.600,-5.420,0.000000
93.727173,-23.196,13.716446,0.003050,13.104,-5.521,-5.342,0.000000
94.051575,-22.768,7.118018,0.002903,13.070,-5.442,-5.263,0.000000
94.377190,-22.549,0.705689,0.002831,13.035,-5.363,-5.185,0.000000
94.703842,-22.128,-5.352155,0.002696,13.000,-5.284,-5.106,0.000000
95.031670,-21.567,-12.635417,0.002527,12.965,-5.204,-5.027,0.000000
95.360634,-21.146,-17.247000,0.002407,12.930,-5.124,-4.948,0.000000
95.690735,-20.654,-23.288124,0.002274,12.895,-5.044,-4.869,0.000000
96.021980,-20.231,-27.743895,0.002166,12.859,-4.964,-4.789,0.000000
96.354370,-19.781,-31.622587,0.002056,12.824,-4.883,-4.709,0.000000
96.687912,-19.388,-34.998844,0.001965,12.788,-4.802,-4.628,0.000000
97.022606,-18.906,-39.404434,0.001859,12.752,-4.721,-4.548,0.000000
97.358459,-18.422,-43.334026,0.001759,12.716,-4.639,-4.467,0.000000
97.695435,-17.964,-46.490845,0.001668,12.680,-4.558,-4.386,0.000000
98.033661,-17.439,-49.905312,0.001570,12.644,-4.475,-4.304,0.000000
98.372971,-16.863,-53.431435,0.001470,12.608,-4.393,-4.223,0.000000
98.713547,-16.391,-55.589336,0.001392,12.572,-4.310,-4.140,0.000000
99.055214,-15.845,-58.798187,0.001307,12.535,-4.227,-4.058,0.000000
99.398102,-15.356,-61.965763,0.001235,12.498,-4.144,-3.976,0.000000
99.742180,-14.930,-64.702660,0.001176,12.462,-4.061,-3.893,0.000000
100.087448,-14.456,-67.768578,0.001113,12.425,-3.977,-3.810,0.000000
100.433914,-14.070,-70.334373,0.001064,12.388,-3.893,-3.726,0.000000
100.781578,-13.620,-73.366043,0.001011,12.351,-3.808,-3.642,0.000000
101.130447,-13.282,-76.227425,0.000972,12.313,-3.724,-3.558,0.000000
101.480522,-12.949,-79.545158,0.000935,12.276,-3.639,-3.474,0.000000
101.831802,-12.670,-82.703728,0.000905,12.238,-3.553,-3.389,0.000000
102.184258,-12.356,-86.024323,0.000873,12.201,-3.468,-3.304,0.000000
102.538033,-12.150,-89.207603,0.000852,12.163,-3.382,-3.219,0.000000
102.892975,-11.970,-92.798210,0.000835,12.125,-3.296,-3.134,0.000000
103.249153,-11.806,-96.384888,0.000819,12.087,-3.209,-3.048,0.000000
103.606514,-11.705,-99.826439,0.000810,12.049,-3.122,-2.962,0.000000
103.965157,-11.579,-102.986862,0.000798,12.010,-3.035,-2.875,0.000000
104.325050,-11.516,-106.043999,0.000792,11.972,-2.948,-2.789,0.000000
104.686180,-11.479,-108.899765,0.000789,11.933,-2.860,-2.702,0.000000
105.048561,-11.476,-111.159630,0.000789,11.895,-2.772,-2.614,0.000000
105.412201,-11.492,-113.773689,0.000790,11.856,-2.684,-2.527,0.000000
105.777100,-11.470,-115.948143,0.000788,11.817,-2.595,-2.439,0.000000
106.143257,-11.465,-118.001175,0.000787,11.778,-2.507,-2.351,0.000000
106.510689,-11.501,-119.951729,0.000790,11.738,-2.417,-2.262,0.000000
106.879387,-11.546,-121.713203,0.000794,11.699,-2.328,-2.173,0.000000
107.249359,-11.590,-123.168526,0.000798,11.660,-2.238,-2.084,0.000000
107.620613,-11.635,-124.832764,0.000802,11.620,-2.148,-1.995,0.000000
107.993156,-11.686,-126.566643,0.000807,11.580,-2.057,-1.905,0.000000
108.366936,-11.725,-128.531830,0.000810,11.540,-1.967,-1.815,0.000000
108.742065,-11.827,-130.378799,0.000820,11.500,-1.876,-1.725,0.000000
109.118484,-11.914,-132.028748,0.000828,11.460,-1.784,-1.634,0.000000
109.496208,-12.013,-133.644974,0.000837,11.419,-1.692,-1.543,0.000000
109.875244,-12.090,-135.096176,0.000845,11.379,-1.600,-1.452,0.000000
110.255592,-12.186,-137.258163,0.000854,11.338,-1.508,-1.360,0.000000
110.637253,-12.356,-139.327347,0.000871,11.297,-1.415,-1.268,0.000000
111.020241,-12.515,-140.858261,0.000887,11.257,-1.322,-1.176,0.000000
111.404549,-12.692,-142.202469,0.000905,11.216,-1.229,-1.083,0.000000
111.790184,-12.836,-143.897430,0.000920,11.174,-1.136,-0.990,0.000000
112.177162,-13.016,-145.618408,0.000939,11.133,-1.042,-0.897,0.000000
112.565475,-13.236,-147.061523,0.000963,11.091,-0.947,-0.804,0.000000
112.955132,-13.459,-148.482773,0.000987,11.050,-0.853,-0.710,0.000000
113.346085,-13.768,-149.187729,0.001023,11.008,-0.758,-0.616,0.000000
113.738503,-13.993,-149.890366,0.001050,10.966,-0.662,-0.521,0.000000
114.132164,-14.208,-150.700546,0.001076,10.924,-0.567,-0.426,0.000000
114.527306,-14.466,-150.905899,0.001109,10.882,-0.471,-0.331,0.000000
114.923698,-14.647,-151.218750,0.001132,10.839,-0.375,-0.236,0.000000
115.321518,-14.857,-151.229370,0.001160,10.797,-0.278,-0.140,0.000000
115.720718,-15.079,-150.980392,0.001190,10.754,-0.181,-0.044,0.000000
116.121300,-15.243,-151.077560,0.001213,10.712,-0.084,0.053,0.000000
116.523270,-15.456,-150.750137,0.001243,10.669,0.014,0.150,0.000000
116.926628,-15.587,-150.953476,0.001262,10.625,0.112,0.247,0.000000
117.331383,-15.711,-151.092087,0.001280,10.582,0.210,0.344,0.000000
117.737541,-15.832,-151.245697,0.001298,10.539,0.308,0.442,0.000000
118.145103,-15.974,-151.713470,0.001319,10.495,0.407,0.540,0.000000
118.554016,-16.121,-151.929916,0.001341,10.452,0.507,0.639,0.000000
118.964462,-16.222,-152.239716,0.001357,10.408,0.606,0.738,0.000000
119.376213,-16.356,-152.672302,0.001378,10.364,0.706,0.837,0.000000
119.789505,-16.467,-153.042511,0.001395,10.320,0.807,0.936,0.000000
120.204117,-16.574,-153.666229,0.001412,10.275,0.907,1.036,0.000000
120.620216,-16.641,-153.901230,0.001423,10.231,1.008,1.137,0.000000
121.037758,-16.764,-154.087677,0.001443,10.186,1.110,1.237,0.000000
121.456741,-16.888,-154.821136,0.001464,10.141,1.211,1.338,0.000000
121.877174,-17.006,-155.724274,0.001484,10.096,1.314,1.439,0.000000
122.299072,-17.065,-156.591370,0.001494,10.051,1.416,1.541,0.000000
122.722420,-17.187,-157.548584,0.001515,10.006,1.519,1.643,0.000000
123.147240,-17.253,-158.573837,0.001526,9.961,1.622,1.745,0.000000
123.573532,-17.428,-159.478500,0.001558,9.915,1.725,1.848,0.000000
124.001297,-17.505,-160.625595,0.001571,9.870,1.829,1.951,0.000000
124.430542,-17.542,-161.915802,0.001578,9.824,1.933,2.054,0.000000
124.861267,-17.629,-163.232254,0.001594,9.778,2.038,2.158,0.000000
125.293488,-17.663,-163.926620,0.001600,9.759,2.097,2.217,0.000000
125.727150,-17.728,-164.542175,0.001612,9.753,2.135,2.255,0.000000
126.162369,-17.860,-165.817215,0.001637,9.748,2.173,2.294,0.000000
126.599091,-17.891,-166.758331,0.001643,9.742,2.210,2.332,0.000000
127.037331,-17.958,-167.727737,0.001655,9.736,2.248,2.370,0.000000
127.477089,-17.898,-169.365082,0.001644,9.730,2.287,2.409,0.000000
127.918365,-17.900,-170.266159,0.001645,9.725,2.325,2.447,0.000000
128.361160,-17.888,-171.134567,0.001642,9.719,2.363,2.486,0.000000
128.805511,-17.850,-172.507034,0.001635,9.713,2.402,2.525,0.000000
129.251373,-17.749,-173.759659,0.001616,9.707,2.440,2.564,0.000000
129.698792,-17.624,-175.074478,0.001593,9.701,2.479,2.604,0.000000
130.147766,-17.444,-175.876129,0.001560,9.696,2.518,2.643,0.000000
130.598282,-17.286,-177.048950,0.001532,9.690,2.557,2.682,0.000000
131.050369,-17.025,-178.002914,0.001487,9.684,2.597,2.722,0.000000
131.503952,-16.731,-179.074173,0.001437,9.678,2.636,2.762,0.000000
131.959229,-16.394,179.209076,0.001383,9.672,2.675,2.802,0.000000
132.415955,-16.028,177.607300,0.001326,9.666,2.715,2.842,0.000000
132.874329,-15.638,175.891052,0.001267,9.660,2.755,2.882,0.000000
133.334290,-15.273,173.861115,0.001215,9.654,2.795,2.922,0.000000
133.795853,-14.881,171.562454,0.001162,9.648,2.835,2.963,0.000000
134.259003,-14.472,169.395844,0.001108,9.642,2.875,3.003,0.000000
134.723755,-14.076,166.306976,0.001059,9.636,2.915,3.044,0.000000
135.190109,-13.722,163.111404,0.001017,9.630,2.956,3.085,0.000000
135.658081,-13.403,159.821625,0.000980,9.624,2.996,3.126,0.000000
136.127686,-13.130,156.537308,0.000950,9.617,3.037,3.167,0.000000
136.598907,-12.912,153.234131,0.000926,9.611,3.078,3.208,0.000000
137.071762,-12.699,150.018433,0.000904,9.605,3.119,3.250,0.000000
137.546249,-12.478,146.484909,0.000881,9.599,3.160,3.291,0.000000
138.022385,-12.284,143.252808,0.000861,9.593,3.201,3.333,0.000000
138.500092,-12.078,140.033813,0.000841,9.587,3.243,3.375,0.000000
138.979599,-11.914,137.192932,0.000826,9.580,3.284,3.417,0.000000
139.460617,-11.761,134.527863,0.000811,9.574,3.326,3.459,0.000000
139.943375,-11.621,131.976593,0.000798,9.568,3.368,3.502,0.000000
140.427811,-11.447,129.258820,0.000782,9.561,3.410,3.544,0.000000
140.913925,-11.250,126.425888,0.000765,9.555,3.452,3.587,0.000000
141.401703,-11.122,123.792671,0.000754,9.549,3.494,3.629,0.000000
141.891190,-11.023,120.574409,0.000745,9.542,3.537,3.672,0.000000
142.382355,-10.950,117.782928,0.000739,9.536,3.579,3.715,0.000000
142.875229,-10.938,114.466782,0.000738,9.529,3.622,3.759,0.000000
143.369812,-10.918,111.621094,0.000736,9.523,3.665,3.802,0.000000
143.866104,-10.920,108.447113,0.000736,9.516,3.708,3.845,0.000000
144.364120,-10.956,105.656906,0.000739,9.510,3.751,3.889,0.000000
144.863785,-11.151,102.799049,0.000756,9.503,3.795,3.933,0.000000
145.365311,-11.340,100.067795,0.000773,9.497,3.838,3.977,0.000000
145.868439,-11.563,98.062889,0.000793,9.490,3.882,4.021,0.000000
146.373383,-11.822,96.291779,0.000817,9.484,3.926,4.065,0.000000
146.880066,-12.089,94.666161,0.000842,9.477,3.970,4.110,0.000000
147.388504,-12.312,93.156746,0.000864,9.470,4.014,4.154,0.000000
147.898712,-12.639,92.238884,0.000897,9.464,4.058,4.199,0.000000
148.410675,-13.026,91.452515,0.000938,9.457,4.102,4.244,0.000000
148.924423,-13.434,90.011665,0.000983,9.450,4.147,4.289,0.000000
149.439941,-13.708,89.781677,0.001015,9.444,4.192,4.334,0.000000
149.957245,-13.967,89.763092,0.001046,9.437,4.236,4.379,0.000000
150.476334,-14.159,89.577057,0.001069,9.430,4.282,4.425,0.000000
150.997238,-14.350,89.599274,0.001093,9.423,4.327,4.471,0.000000
151.519852,-14.525,89.715370,0.001115,9.416,4.372,4.516,0.000000
152.044434,-14.704,89.893883,0.001138,9.410,4.418,4.562,0.000000
152.570679,-14.843,89.753319,0.001157,9.403,4.463,4.609,0.000000
153.098892,-14.967,89.691376,0.001173,9.396,4.509,4.655,0.000000
153.628784,-15.053,90.081161,0.001185,9.389,4.555,4.701,0.000000
154.160660,-15.262,89.620270,0.001214,9.382,4.601,4.748,0.000000
154.694229,-15.533,88.865013,0.001252,9.375,4.647,4.795,0.000000
155.229797,-15.841,88.271538,0.001297,9.368,4.694,4.842,0.000000
155.767075,-16.140,87.623802,0.001343,9.361,4.740,4.889,0.000000
156.306274,-16.568,86.496117,0.001411,9.354,4.787,4.936,0.000000
156.847351,-17.111,85.074562,0.001502,9.347,4.834,4.983,0.000000
157.390305,-17.676,84.700035,0.001603,9.340,4.881,5.031,0.000000
157.935120,-18.320,84.114777,0.001727,9.333,4.928,5.079,0.000000
158.481750,-19.184,84.017372,0.001908,9.326,4.976,5.127,0.000000
159.030441,-20.117,85.713058,0.002124,9.318,5.023,5.175,0.000000
159.580856,-21.213,89.676765,0.002411,9.311,5.071,5.223,0.000000
160.133347,-22.298,94.645241,0.002732,9.304,5.119,5.272,0.000000
160.687592,-23.157,101.623848,0.003016,9.297,5.167,5.320,0.000000
161.243912,-24.034,110.495453,0.003336,9.289,5.215,5.369,0.000000
161.801987,-24.463,121.531456,0.003505,9.282,5.264,5.418,0.000000
162.362167,-24.519,131.391876,0.003527,9.275,5.312,5.467,0.000000
162.924133,-24.292,140.879379,0.003437,9.268,5.361,5.516,0.000000
163.488113,-23.856,149.121597,0.003268,9.260,5.410,5.566,0.000000
164.054047,-23.216,154.658722,0.003036,9.253,5.459,5.615,0.000000
164.621933,-22.697,159.042770,0.002860,9.245,5.508,5.665,0.000000
165.191788,-22.144,161.027283,0.002684,9.238,5.558,5.715,0.000000
165.763535,-21.969,162.295441,0.002630,9.230,5.607,5.765,0.000000
166.337433,-21.876,162.933289,0.002602,9.223,5.657,5.815,0.000000
166.913147,-21.643,164.359726,0.002533,9.215,5.707,5.866,0.000000
167.491013,-21.654,168.110260,0.002536,9.208,5.757,5.916,0.000000
168.070801,-21.457,170.641602,0.002480,9.200,5.808,5.967,0.000000
168.652603,-21.450,173.819077,0.002479,9.193,5.858,6.018,0.000000
169.236328,-21.395,177.529755,0.002463,9.185,5.909,6.069,0.000000
169.822250,-21.106,-178.794678,0.002383,9.177,5.960,6.121,0.000000
170.410019,-20.904,-174.902618,0.002329,9.170,6.011,6.172,0.000000
170.999924,-20.419,-171.528122,0.002203,9.162,6.062,6.224,0.000000
171.591858,-19.860,-166.854095,0.002065,9.154,6.113,6.276,0.000000
172.185837,-19.408,-164.269653,0.001961,9.147,6.165,6.328,0.000000
172.781876,-19.022,-162.854950,0.001875,9.139,6.216,6.380,0.000000
173.379990,-18.570,-161.418823,0.001781,9.131,6.268,6.433,0.000000
173.980164,-18.080,-160.219070,0.001683,9.123,6.320,6.485,0.000000
174.582336,-17.654,-159.264374,0.001602,9.115,6.372,6.538,0.000000
175.186752,-17.225,-159.286819,0.001525,9.107,6.425,6.591,0.000000
175.793182,-16.915,-159.303406,0.001472,9.099,6.477,6.644,0.000000
176.401703,-16.676,-160.019760,0.001432,9.092,6.530,6.698,0.000000
177.012253,-16.418,-161.515366,0.001390,9.084,6.583,6.751,0.000000
177.625092,-16.350,-163.042892,0.001380,9.076,6.636,6.805,0.000000
178.239883,-16.321,-164.972610,0.001375,9.068,6.690,6.859,0.000000
178.856964,-16.418,-166.845428,0.001391,9.059,6.743,6.913,0.000000
179.476013,-16.509,-168.667557,0.001406,9.051,6.797,6.967,0.000000
180.097290,-16.761,-170.156235,0.001447,9.043,6.851,7.022,0.000000
180.720718,-17.124,-171.133072,0.001509,9.035,6.905,7.076,0.000000
181.346298,-17.469,-172.290894,0.001569,9.027,6.959,7.131,0.000000
181.974045,-18.022,-173.527435,0.001672,9.019,7.014,7.186,0.000000
182.603882,-18.500,-173.058594,0.001767,9.011,7.068,7.241,0.000000
183.236084,-19.054,-172.278305,0.001883,9.002,7.123,7.297,0.000000
183.870377,-19.660,-169.964996,0.002018,8.994,7.178,7.352,0.000000
184.506866,-20.438,-167.724243,0.002208,8.986,7.233,7.408,0.000000
185.145462,-21.144,-165.108704,0.002395,8.977,7.289,7.464,0.000000
185.786453,-21.753,-161.626587,0.002568,8.969,7.344,7.520,0.000000
186.429489,-22.381,-158.069443,0.002761,8.961,7.400,7.577,0.000000
187.074921,-23.205,-152.097626,0.003036,8.952,7.456,7.633,0.000000
187.722412,-23.792,-145.690247,0.003248,8.944,7.512,7.690,0.000000
188.372238,-24.209,-138.587051,0.003407,8.935,7.569,7.747,0.000000
189.024307,-24.414,-131.315720,0.003488,8.927,7.625,7.804,0.000000
189.678650,-24.486,-123.276688,0.003515,8.918,7.682,7.862,0.000000
190.335236,-24.345,-114.299728,0.003458,8.910,7.739,7.919,0.000000
190.994110,-23.920,-106.275681,0.003291,8.901,7.796,7.977,0.000000
191.655258,-23.419,-99.370995,0.003106,8.892,7.853,8.035,0.000000
192.318695,-22.826,-93.504478,0.002900,8.884,7.911,8.093,0.000000
192.984421,-22.120,-89.238174,0.002673,8.875,7.969,8.151,0.000000
193.652374,-21.451,-85.797119,0.002473,8.866,8.027,8.210,0.000000
194.322815,-20.887,-83.437355,0.002317,8.857,8.085,8.269,0.000000
194.995392,-20.399,-82.413734,0.002190,8.849,8.143,8.328,0.000000
195.670486,-19.960,-82.465080,0.002081,8.840,8.202,8.387,0.000000
196.347733,-19.514,-82.284088,0.001976,8.831,8.260,8.446,0.000000
197.027405,-19.078,-83.014519,0.001879,8.822,8.319,8.506,0.000000
197.709442,-18.862,-83.829384,0.001832,8.813,8.378,8.566,0.000000
198.393829,-18.605,-84.650925,0.001778,8.804,8.438,8.626,0.000000
199.080597,-18.392,-85.443047,0.001734,8.795,8.497,8.686,0.000000
199.769745,-18.208,-86.405655,0.001698,8.786,8.557,8.746,0.000000
200.461258,-18.038,-87.812416,0.001664,8.777,8.617,8.807,0.000000
201.155182,-17.876,-89.578743,0.001633,8.768,8.677,8.868,0.000000
201.851501,-17.771,-91.397202,0.001612,8.759,8.738,8.929,0.000000
202.550232,-17.722,-93.780869,0.001603,8.750,8.798,8.990,0.000000
203.251389,-17.720,-97.232506,0.001601,8.741,8.859,9.051,0.000000
203.954865,-17.710,-100.078476,0.001599,8.732,8.920,9.113,0.000000
204.660980,-17.807,-102.792953,0.001616,8.722,8.981,9.175,0.000000
205.369339,-17.997,-105.782578,0.001651,8.713,9.043,9.237,0.000000
206.080246,-18.121,-108.644150,0.001674,8.704,9.105,9.299,0.000000
206.793625,-18.353,-111.676651,0.001718,8.695,9.166,9.362,0.000000
207.509567,-18.694,-115.165886,0.001785,8.685,9.228,9.425,0.000000
208.227783,-19.014,-118.354057,0.001851,8.676,9.291,9.488,0.000000
208.948685,-19.321,-122.192772,0.001916,8.666,9.353,9.551,0.000000
209.671890,-19.754,-126.345963,0.002013,8.657,9.416,9.614,0.000000
210.397690,-20.152,-131.848343,0.002106,8.648,9.479,9.678,0.000000
211.126007,-20.545,-138.160065,0.002202,8.638,9.542,9.742,0.000000
211.856842,-20.848,-144.887238,0.002279,8.628,9.606,9.806,0.000000
212.590210,-21.230,-152.991516,0.002380,8.619,9.669,9.870,0.000000
213.326019,-21.439,-162.108582,0.002437,8.609,9.733,9.935,0.000000
214.064575,-21.717,-172.810440,0.002515,8.600,9.797,9.999,0.000000
214.805481,-21.854,176.385620,0.002553,8.590,9.861,10.064,0.000000
215.549057,-21.926,166.089233,0.002573,8.580,9.926,10.129,0.000000
216.295197,-21.911,155.394714,0.002567,8.570,9.991,10.195,0.000000
217.044037,-21.675,143.739044,0.002497,8.561,10.055,10.260,0.000000
217.795258,-21.735,133.167404,0.002512,8.551,10.121,10.326,0.000000
218.549286,-21.631,122.925041,0.002481,8.541,10.186,10.392,0.000000
219.305710,-21.666,112.892830,0.002489,8.531,10.252,10.459,0.000000
220.064865,-21.600,104.864113,0.002469,8.521,10.318,10.525,0.000000
220.826645,-21.661,96.378235,0.002484,8.511,10.384,10.592,0.000000
221.591064,-21.776,90.085121,0.002516,8.501,10.450,10.659,0.000000
222.358124,-21.896,83.884903,0.002550,8.491,10.516,10.726,0.000000
223.127731,-22.264,78.719704,0.002658,8.481,10.583,10.794,0.000000
223.900223,-22.753,75.706894,0.002811,8.471,10.650,10.861,0.000000
224.675171,-23.211,73.042877,0.002961,8.461,10.717,10.929,0.000000
225.453018,-23.767,70.930984,0.003156,8.451,10.785,10.998,0.000000
226.233337,-24.269,70.364182,0.003342,8.441,10.853,11.066,0.000000
227.016586,-25.040,70.253868,0.003650,8.430,10.920,11.135,0.000000
227.802322,-25.661,72.446457,0.003918,8.420,10.989,11.204,0.000000
228.590988,-26.480,75.781075,0.004304,8.410,11.057,11.273,0.000000
229.382187,-27.114,78.846237,0.004627,8.400,11.126,11.342,0.000000
230.176208,-27.756,84.406448,0.004980,8.389,11.195,11.412,0.000000
230.972992,-28.213,91.603363,0.005246,8.379,11.264,11.481,0.000000
231.772537,-28.639,100.809517,0.005507,8.368,11.333,11.552,0.000000
232.574844,-28.636,111.122078,0.005502,8.358,11.403,11.622,0.000000
233.379822,-28.413,121.746681,0.005360,8.347,11.472,11.692,0.000000
234.187805,-27.724,132.359787,0.004948,8.337,11.543,11.763,0.000000
234.998352,-26.911,141.853546,0.004504,8.326,11.613,11.834,0.000000
235.811935,-25.943,149.731201,0.004027,8.316,11.683,11.906,0.000000
236.628113,-24.773,156.935654,0.003518,8.305,11.754,11.977,0.000000
237.447342,-23.504,161.462845,0.003038,8.294,11.825,12.049,0.000000
238.269180,-22.361,165.060211,0.002663,8.284,11.897,12.121,0.000000
239.094101,-21.323,166.395966,0.002362,8.273,11.968,12.193,0.000000
239.921631,-20.464,166.227036,0.002139,8.262,12.040,12.266,0.000000
240.752151,-19.818,165.884933,0.001985,8.251,12.112,12.339,0.000000
241.585541,-19.110,164.861908,0.001829,8.240,12.184,12.412,0.000000
242.421814,-18.626,163.397980,0.001729,8.229,12.257,12.485,0.000000
243.260986,-18.263,161.922440,0.001658,8.218,12.330,12.559,0.000000
244.102951,-18.029,160.167892,0.001613,8.207,12.403,12.633,0.000000
244.948059,-17.970,158.934158,0.001602,8.196,12.476,12.707,0.000000
245.795975,-17.859,158.164642,0.001581,8.185,12.549,12.781,0.000000
246.646820,-17.873,158.202301,0.001583,8.174,12.623,12.856,0.000000
247.500626,-17.903,158.231735,0.001588,8.163,12.697,12.930,0.000000
248.357376,-18.066,158.770538,0.001617,8.152,12.772,13.005,0.000000
249.216980,-18.208,159.493332,0.001644,8.141,12.846,13.081,0.000000
250.079788,-18.353,160.863724,0.001671,8.130,12.912,13.147,0.000000
250.945343,-18.547,162.805786,0.001709,8.130,12.889,13.124,0.000000
251.814026,-18.717,165.350906,0.001742,8.129,12.867,13.101,0.000000
252.685715,-18.901,167.746201,0.001779,8.129,12.844,13.077,0.000000
253.560410,-19.101,170.514450,0.001820,8.128,12.821,13.054,0.000000
254.438141,-19.256,173.357285,0.001853,8.128,12.798,13.030,0.000000
255.318909,-19.361,176.929367,0.001875,8.127,12.775,13.007,0.000000
256.202728,-19.442,-179.378281,0.001892,8.127,12.752,12.983,0.000000
257.089600,-19.529,-175.793610,0.001911,8.126,12.729,12.959,0.000000
257.979553,-19.530,-171.907089,0.001911,8.126,12.706,12.935,0.000000
258.872559,-19.487,-168.467972,0.001901,8.125,12.683,12.911,0.000000
259.768677,-19.471,-165.441299,0.001897,8.124,12.659,12.887,0.000000
260.667786,-19.415,-161.946701,0.001885,8.124,12.636,12.863,0.000000
261.570251,-19.326,-159.216736,0.001866,8.123,12.612,12.839,0.000000
262.475555,-19.294,-156.663040,0.001859,8.123,12.589,12.815,0.000000
263.384277,-19.267,-153.946350,0.001853,8.122,12.565,12.790,0.000000
264.295898,-19.222,-151.217010,0.001844,8.122,12.541,12.766,0.000000
265.210785,-19.227,-149.127289,0.001844,8.121,12.517,12.741,0.000000
266.128845,-19.343,-146.512695,0.001869,8.121,12.493,12.717,0.000000
267.050201,-19.403,-143.949829,0.001882,8.120,12.469,12.692,0.000000
267.974518,-19.513,-141.452209,0.001905,8.120,12.445,12.667,0.000000
268.902130,-19.679,-138.786636,0.001942,8.119,12.421,12.642,0.000000
269.832977,-19.903,-135.246124,0.001992,8.118,12.397,12.617,0.000000
270.767029,-20.030,-132.610428,0.002021,8.118,12.372,12.592,0.000000
271.704315,-20.228,-130.220779,0.002068,8.117,12.348,12.567,0.000000
272.644714,-20.510,-127.831841,0.002136,8.117,12.323,12.542,0.000000
273.588654,-20.788,-125.232185,0.002205,8.116,12.299,12.517,0.000000
274.535583,-21.109,-122.814735,0.002287,8.116,12.274,12.491,0.000000
275.486053,-21.492,-120.548920,0.002390,8.115,12.249,12.466,0.000000
276.439545,-22.031,-118.537582,0.002542,8.115,12.224,12.440,0.000000
277.396454,-22.572,-116.203606,0.002705,8.114,12.199,12.414,0.000000
278.356689,-23.283,-113.814949,0.002936,8.113,12.174,12.389,0.000000
279.320404,-24.237,-111.145973,0.003276,8.113,12.149,12.363,0.000000
280.287170,-25.302,-107.617325,0.003704,8.112,12.124,12.337,0.000000
281.257416,-26.542,-102.950661,0.004272,8.112,12.099,12.311,0.000000
282.231018,-27.851,-95.484016,0.004967,8.111,12.073,12.285,0.000000
283.207977,-29.355,-84.671349,0.005906,8.110,12.048,12.259,0.000000
284.188354,-30.275,-70.752663,0.006565,8.110,12.022,12.232,0.000000
285.171967,-30.938,-51.869064,0.007087,8.109,11.997,12.206,0.000000
286.159271,-30.829,-29.811251,0.006997,8.109,11.971,12.179,0.000000
287.149689,-30.209,-7.391376,0.006514,8.108,11.945,12.153,0.000000
288.143829,-29.211,10.215635,0.005805,8.108,11.919,12.126,0.000000
289.141144,-27.953,22.550436,0.005022,8.107,11.893,12.099,0.000000
290.142029,-26.556,31.779449,0.004275,8.106,11.867,12.073,0.000000
291.146393,-25.212,37.796124,0.003662,8.106,11.841,12.046,0.000000
292.154358,-24.030,42.517235,0.003195,8.105,11.814,12.019,0.000000
293.165558,-23.043,43.975998,0.002852,8.105,11.788,11.991,0.000000
294.180389,-22.268,46.124771,0.002608,8.104,11.762,11.964,0.000000
295.198730,-21.645,47.634533,0.002427,8.103,11.735,11.937,0.000000
296.220581,-21.138,48.238819,0.002289,8.103,11.708,11.909,0.000000
297.246002,-20.810,49.784634,0.002204,8.102,11.682,11.882,0.000000
298.274933,-20.603,51.401409,0.002151,8.101,11.655,11.854,0.000000
299.307465,-20.489,53.645340,0.002123,8.101,11.628,11.827,0.000000
300.343414,-20.536,55.814400,0.002134,8.100,11.601,11.799,0.000000
301.383209,-20.647,58.692673,0.002161,8.100,11.574,11.771,0.000000
302.426361,-20.819,62.580418,0.002204,8.099,11.546,11.743,0.000000
303.473389,-20.970,67.366745,0.002242,8.098,11.519,11.715,0.000000
304.523743,-21.099,73.285019,0.002275,8.098,11.492,11.687,0.000000
305.578033,-21.108,79.362778,0.002277,8.097,11.464,11.658,0.000000
306.635681,-21.001,85.449539,0.002249,8.096,11.437,11.630,0.000000
307.697266,-20.836,91.448326,0.002206,8.096,11.409,11.602,0.000000
308.762268,-20.620,97.050095,0.002152,8.095,11.381,11.573,0.000000
309.831085,-20.359,102.220268,0.002088,8.095,11.353,11.544,0.000000
310.903595,-20.197,107.148216,0.002049,8.094,11.325,11.516,0.000000
311.979828,-19.988,110.603714,0.002000,8.093,11.297,11.487,0.000000
313.059784,-19.917,113.925659,0.001983,8.093,11.269,11.458,0.000000
314.143311,-19.949,117.357925,0.001990,8.092,11.241,11.429,0.000000
315.230927,-20.074,121.019653,0.002018,8.091,11.212,11.399,0.000000
316.322113,-20.282,125.199005,0.002066,8.091,11.184,11.370,0.000000
317.417114,-20.508,129.882736,0.002120,8.090,11.155,11.341,0.000000
318.515747,-20.741,135.305771,0.002177,8.089,11.127,11.311,0.000000
319.618469,-20.875,141.343735,0.002210,8.089,11.098,11.282,0.000000
320.724701,-20.990,147.534027,0.002238,8.088,11.069,11.252,0.000000
321.835083,-21.059,153.869751,0.002256,8.087,11.040,11.222,0.000000
322.949005,-21.054,160.062332,0.002254,8.087,11.011,11.192,0.000000
324.066925,-20.935,166.650391,0.002223,8.086,10.982,11.162,0.000000
325.188721,-20.752,172.685379,0.002177,8.085,10.953,11.132,0.000000
326.314392,-20.494,178.155426,0.002112,8.085,10.923,11.102,0.000000
327.443970,-20.179,-177.107971,0.002037,8.084,10.894,11.072,0.000000
328.577301,-19.899,-173.109848,0.001972,8.083,10.864,11.041,0.000000
329.714874,-19.603,-169.846375,0.001906,8.083,10.835,11.011,0.000000
330.856232,-19.392,-167.093750,0.001860,8.082,10.805,10.980,0.000000
332.001526,-19.323,-165.265915,0.001845,8.081,10.775,10.950,0.000000
333.150635,-19.315,-164.756271,0.001842,8.081,10.745,10.919,0.000000
334.304016,-19.493,-164.364212,0.001880,8.080,10.715,10.888,0.000000
335.461090,-19.875,-164.538223,0.001965,8.079,10.685,10.857,0.000000
336.622498,-20.427,-164.866913,0.002093,8.079,10.654,10.826,0.000000
337.787598,-21.297,-165.272995,0.002313,8.078,10.624,10.794,0.000000
338.956879,-22.437,-164.556976,0.002637,8.077,10.593,10.763,0.000000
340.130219,-23.860,-161.568436,0.003106,8.076,10.563,10.731,0.000000
341.307617,-25.524,-155.513062,0.003761,8.076,10.532,10.700,0.000000
342.489105,-27.275,-146.079620,0.004601,8.075,10.501,10.668,0.000000
343.674652,-28.968,-131.617294,0.005590,8.074,10.470,10.636,0.000000
344.864319,-30.013,-108.439377,0.006305,8.074,10.439,10.604,0.000000
346.058105,-30.842,-75.254143,0.006936,8.073,10.408,10.572,0.000000
347.256042,-30.835,-46.803200,0.006931,8.072,10.377,10.540,0.000000
348.457947,-29.996,-29.534874,0.006292,8.071,10.346,10.508,0.000000
349.664337,-29.030,-18.316305,0.005630,8.071,10.314,10.476,0.000000
350.874573,-27.878,-9.458019,0.004931,8.070,10.283,10.443,0.000000
352.089325,-26.829,-2.787128,0.004369,8.069,10.251,10.411,0.000000
353.307953,-25.935,2.181171,0.003941,8.069,10.219,10.378,0.000000
354.530975,-25.396,5.669637,0.003704,8.068,10.187,10.345,0.000000
355.758240,-25.104,10.365406,0.003580,8.067,10.155,10.312,0.000000
356.989716,-24.870,14.727447,0.003485,8.066,10.123,10.279,0.000000
358.225494,-24.877,19.592861,0.003487,8.066,10.091,10.246,0.000000
359.465515,-24.974,26.154682,0.003526,8.065,10.058,10.213,0.000000
360.709869,-24.911,33.631943,0.003499,8.064,10.026,10.179,0.000000
361.958496,-24.956,41.825542,0.003517,8.063,9.993,10.146,0.000000
363.211456,-24.885,51.580391,0.003488,8.063,9.961,10.112,0.000000
364.468750,-24.508,61.708946,0.003339,8.062,9.928,10.078,0.000000
365.730408,-23.896,72.185081,0.003111,8.061,9.895,10.045,0.000000
366.996246,-23.204,82.466385,0.002872,8.060,9.862,10.011,0.000000
368.266815,-22.386,91.508255,0.002614,8.060,9.829,9.977,0.000000
369.541443,-21.507,99.365105,0.002363,8.059,9.796,9.942,0.000000
370.820648,-20.740,105.872833,0.002163,8.058,9.762,9.908,0.000000
372.104309,-20.041,110.807129,0.001996,8.057,9.729,9.874,0.000000
373.392395,-19.457,114.545006,0.001866,8.057,9.695,9.839,0.000000
374.684937,-18.987,117.637802,0.001768,8.056,9.661,9.804,0.000000
375.982117,-18.664,121.017601,0.001703,8.055,9.628,9.770,0.000000
377.283447,-18.426,124.318863,0.001657,8.054,9.594,9.735,0.000000
378.589447,-18.259,127.501144,0.001625,8.053,9.560,9.700,0.000000
379.899994,-18.130,131.328766,0.001601,8.053,9.525,9.664,0.000000
381.215057,-18.041,135.422134,0.001585,8.052,9.491,9.629,0.000000
382.534668,-17.947,139.843735,0.001568,8.051,9.457,9.594,0.000000
383.858673,-17.904,143.694000,0.001560,8.050,9.422,9.558,0.000000
385.187622,-17.890,147.995651,0.001558,8.050,9.387,9.523,0.000000
386.520813,-17.926,152.541534,0.001564,8.049,9.353,9.487,0.000000
387.859009,-17.974,156.836807,0.001572,8.048,9.318,9.451,0.000000
389.201416,-18.048,161.692169,0.001586,8.047,9.283,9.415,0.000000
390.548889,-18.090,166.768600,0.001593,8.046,9.248,9.379,0.000000
391.900635,-18.165,171.821762,0.001606,8.045,9.212,9.343,0.000000
393.257416,-18.237,176.721298,0.001620,8.045,9.177,9.306,0.000000
394.618530,-18.301,-178.079163,0.001631,8.044,9.141,9.270,0.000000
395.984558,-18.346,-172.747162,0.001640,8.043,9.106,9.233,0.000000
397.355316,-18.319,-168.008148,0.001635,8.042,9.070,9.196,0.000000
398.730804,-18.310,-163.827469,0.001633,8.041,9.034,9.159,0.000000
400.111053,-18.246,-160.826660,0.001621,8.041,8.998,9.122,0.000000
401.495880,-18.324,-158.768295,0.001636,8.040,8.962,9.085,0.000000
402.885895,-18.557,-157.305283,0.001680,8.039,8.926,9.048,0.000000
404.280365,-18.878,-155.997787,0.001743,8.038,8.889,9.010,0.000000
405.679993,-19.314,-156.474915,0.001833,8.037,8.853,8.973,0.000000
407.084106,-19.996,-158.523911,0.001982,8.036,8.816,8.935,0.000000
408.493500,-20.843,-162.508926,0.002185,8.036,8.780,8.897,0.000000
409.907349,-22.029,-169.800354,0.002504,8.035,8.743,8.859,0.000000
411.326477,-23.464,-179.507950,0.002953,8.034,8.706,8.821,0.000000
412.750122,-24.830,167.960754,0.003456,8.033,8.668,8.783,0.000000
414.178925,-26.194,148.971191,0.004042,8.032,8.631,8.745,0.000000
415.612640,-27.239,124.973938,0.004558,8.031,8.594,8.706,0.000000
417.051331,-28.098,102.593048,0.005032,8.030,8.556,8.668,0.000000
418.494995,-28.339,87.197029,0.005172,8.030,8.519,8.629,0.000000
419.943481,-27.629,76.146996,0.004765,8.029,8.481,8.590,0.000000
421.397369,-26.637,68.357300,0.004250,8.028,8.443,8.551,0.000000
422.855865,-25.204,64.018997,0.003603,8.027,8.405,8.512,0.000000
424.319855,-23.928,64.183975,0.003110,8.026,8.367,8.473,0.000000
425.788666,-22.860,66.616554,0.002750,8.025,8.328,8.433,0.000000
427.262604,-21.847,68.922585,0.002447,8.024,8.290,8.394,0.000000
428.741394,-21.002,71.508728,0.002220,8.023,8.251,8.354,0.000000
430.225739,-20.376,73.410934,0.002065,8.023,8.213,8.314,0.000000
431.714813,-19.937,75.373085,0.001963,8.022,8.174,8.274,0.000000
433.209259,-19.643,77.942818,0.001897,8.021,8.135,8.234,0.000000
434.708862,-19.473,81.127197,0.001860,8.020,8.096,8.194,0.000000
436.213654,-19.423,84.128036,0.001849,8.019,8.056,8.154,0.000000
437.723663,-19.465,87.714554,0.001858,8.018,8.017,8.113,0.000000
439.238892,-19.668,91.665047,0.001901,8.017,7.977,8.073,0.000000
440.759369,-20.036,95.972427,0.001983,8.016,7.938,8.032,0.000000
442.285095,-20.420,101.460411,0.002073,8.015,7.898,7.991,0.000000
443.816132,-20.876,107.966316,0.002184,8.014,7.858,7.950,0.000000
445.352448,-21.360,115.759468,0.002309,8.014,7.818,7.909,0.000000
446.894073,-21.821,124.984169,0.002434,8.013,7.778,7.867,0.000000
448.440857,-22.082,135.155258,0.002508,8.012,7.737,7.826,0.000000
449.993408,-22.124,146.281586,0.002520,8.011,7.697,7.784,0.000000
451.550873,-22.027,157.402802,0.002491,8.010,7.656,7.742,0.000000
453.114197,-21.701,168.378616,0.002399,8.009,7.616,7.700,0.000000
454.682495,-21.310,177.656754,0.002293,8.008,7.575,7.658,0.000000
456.256409,-20.950,-174.104996,0.002200,8.007,7.534,7.616,0.000000
457.835815,-20.644,-166.750641,0.002123,8.006,7.492,7.574,0.000000
459.420654,-20.395,-160.853592,0.002063,8.005,7.451,7.531,0.000000
461.010986,-20.283,-156.076233,0.002036,8.004,7.410,7.488,0.000000
462.606842,-20.365,-151.397308,0.002055,8.003,7.368,7.446,0.000000
464.208221,-20.568,-145.951279,0.002103,8.002,7.326,7.403,0.000000
465.815125,-20.841,-140.472534,0.002170,8.001,7.284,7.360,0.000000
467.427582,-21.239,-133.940903,0.002271,8.000,7.242,7.316,0.000000
469.045410,-21.633,-126.824097,0.002376,7.999,7.200,7.273,0.000000
470.669312,-21.969,-119.233154,0.002470,7.998,7.158,7.229,0.000000
472.298340,-22.135,-111.873344,0.002517,7.997,7.115,7.186,0.000000
473.933502,-22.382,-105.162811,0.002589,7.996,7.072,7.142,0.000000
475.573853,-22.574,-98.465462,0.002647,7.995,7.030,7.098,0.000000
477.220093,-22.863,-92.843307,0.002737,7.994,6.987,7.054,0.000000
478.872040,-23.153,-87.274055,0.002829,7.994,6.944,7.009,0.000000
480.529724,-23.623,-82.616318,0.002987,7.993,6.900,6.965,0.000000
482.193146,-24.092,-79.719971,0.003152,7.992,6.857,6.920,0.000000
483.862305,-24.692,-78.262032,0.003378,7.991,6.813,6.875,0.000000
485.537262,-25.698,-78.533386,0.003792,7.990,6.770,6.830,0.000000
487.217987,-26.900,-84.854706,0.004354,7.989,6.726,6.785,0.000000
488.904541,-28.062,-92.784836,0.004977,7.988,6.682,6.740,0.000000
490.596710,-29.068,-106.642487,0.005587,7.986,6.638,6.695,0.000000
492.295197,-29.888,-129.141068,0.006139,7.985,6.593,6.649,0.000000
493.999115,-30.337,-159.538971,0.006464,7.984,6.549,6.603,0.000000
495.709381,-30.423,175.022736,0.006527,7.983,6.504,6.558,0.000000
497.425110,-30.267,158.810638,0.006410,7.982,6.460,6.512,0.000000
499.147003,-29.823,149.218597,0.006091,7.981,6.415,6.465,0.000000
500.874847,-29.154,142.285751,0.005639,7.981,6.377,6.427,0.000000
502.608917,-28.712,140.367783,0.005360,7.981,6.346,6.396,0.000000
504.348541,-28.558,143.025497,0.005266,7.981,6.315,6.365,0.000000
506.094391,-28.299,148.724716,0.005111,7.981,6.284,6.334,0.000000
507.846283,-28.225,155.702805,0.005067,7.981,6.253,6.303,0.000000
509.604279,-28.267,163.772125,0.005092,7.980,6.221,6.272,0.000000
511.368317,-28.190,173.285751,0.005047,7.980,6.190,6.241,0.000000
513.138489,-28.065,-175.809921,0.004975,7.980,6.158,6.209,0.000000
514.914795,-27.848,-164.745865,0.004852,7.980,6.127,6.178,0.000000
516.696960,-27.508,-154.899033,0.004666,7.980,6.095,6.146,0.000000
518.485840,-27.141,-145.467804,0.004473,7.980,6.063,6.115,0.000000
520.280334,-26.890,-136.132278,0.004346,7.980,6.031,6.083,0.000000
522.081360,-26.820,-127.388969,0.004312,7.980,5.999,6.051,0.000000
523.888611,-26.752,-117.793251,0.004279,7.980,5.967,6.019,0.000000
525.702393,-26.768,-109.063965,0.004287,7.980,5.934,5.987,0.000000
527.521912,-26.795,-101.045113,0.004301,7.980,5.902,5.954,0.000000
529.348206,-26.881,-93.414322,0.004345,7.980,5.869,5.922,0.000000
531.180359,-27.172,-85.557541,0.004494,7.980,5.837,5.890,0.000000
533.019104,-27.691,-78.179688,0.004771,7.980,5.804,5.857,0.000000
534.864258,-28.393,-70.943359,0.005172,7.980,5.771,5.824,0.000000
536.715698,-29.369,-65.749733,0.005787,7.979,5.738,5.791,0.000000
538.573608,-30.502,-63.292053,0.006594,7.979,5.705,5.758,0.000000
540.437683,-31.190,-62.257557,0.007137,7.979,5.672,5.725,0.000000
542.308777,-31.446,-59.259827,0.007351,7.979,5.639,5.692,0.000000
544.185730,-31.085,-36.400917,0.007051,7.979,5.605,5.659,0.000000
546.069763,-30.389,112.979927,0.006510,7.979,5.572,5.625,0.000000
547.959778,-29.397,117.637802,0.005808,7.979,5.538,5.592,0.000000
549.856873,-28.203,121.112129,0.005063,7.979,5.504,5.558,0.000000
551.760010,-26.916,125.033707,0.004366,7.979,5.470,5.525,0.000000
553.670288,-25.566,127.529411,0.003738,7.979,5.436,5.491,0.000000
555.586609,-24.354,130.625488,0.003252,7.979,5.402,5.457,0.000000
557.509827,-23.376,135.130005,0.002906,7.979,5.368,5.423,0.000000
559.439697,-22.699,139.933029,0.002689,7.979,5.333,5.388,0.000000
561.376282,-22.261,145.310944,0.002557,7.978,5.299,5.354,0.000000
563.319519,-21.923,151.402298,0.002460,7.978,5.264,5.320,0.000000
565.269287,-21.765,158.278427,0.002416,7.978,5.229,5.285,0.000000
567.226318,-21.655,165.034134,0.002386,7.978,5.195,5.250,0.000000
569.189514,-21.613,172.380890,0.002375,7.978,5.160,5.215,0.000000
571.160156,-21.653,-179.466537,0.002386,7.978,5.124,5.181,0.000000
573.136963,-21.703,-170.699188,0.002400,7.978,5.089,5.145,0.000000
575.121216,-21.719,-161.556442,0.002404,7.978,5.054,5.110,0.000000
577.111816,-21.736,-152.299438,0.002409,7.978,5.018,5.075,0.000000
579.109863,-21.692,-143.660583,0.002397,7.978,4.983,5.040,0.000000
581.114197,-21.774,-135.719650,0.002419,7.978,4.947,5.004,0.000000
583.125793,-21.946,-128.187439,0.002468,7.978,4.911,4.968,0.000000
585.144348,-22.290,-119.832642,0.002568,7.978,4.875,4.933,0.000000
587.169922,-22.703,-110.925117,0.002694,7.977,4.839,4.897,0.000000
589.202454,-23.143,-100.950256,0.002834,7.977,4.803,4.861,0.000000
591.241760,-23.701,-90.106186,0.003022,7.977,4.767,4.824,0.000000
593.288696,-24.319,-77.970428,0.003246,7.977,4.730,4.788,0.000000
595.342468,-24.985,-64.656853,0.003505,7.977,4.694,4.752,0.000000
597.403320,-25.553,-50.275280,0.003743,7.977,4.657,4.715,0.000000
599.471008,-25.854,-36.320778,0.003874,7.977,4.620,4.678,0.000000
601.546448,-25.856,-22.855068,0.003874,7.977,4.583,4.642,0.000000
603.628479,-25.671,-10.480831,0.003792,7.977,4.546,4.605,0.000000
605.718262,-25.548,0.628541,0.003738,7.977,4.509,4.568,0.000000
607.814758,-25.557,10.892407,0.003741,7.977,4.471,4.531,0.000000
609.918762,-25.708,20.673388,0.003806,7.977,4.434,4.493,0.000000
612.030090,-26.192,31.180693,0.004024,7.976,4.396,4.456,0.000000
614.148682,-26.753,42.799294,0.004292,7.976,4.358,4.418,0.000000
616.274658,-27.123,56.750908,0.004479,7.976,4.321,4.380,0.000000
618.407654,-27.105,72.207031,0.004470,7.976,4.283,4.343,0.000000
620.548645,-26.714,88.719414,0.004273,7.976,4.244,4.305,0.000000
622.696716,-26.092,103.572243,0.003978,7.976,4.206,4.267,0.000000
624.852295,-25.479,116.109612,0.003706,7.976,4.168,4.228,0.000000
627.015259,-24.886,125.297874,0.003462,7.976,4.129,4.190,0.000000
629.185730,-24.316,131.097092,0.003241,7.976,4.090,4.152,0.000000
631.363464,-23.835,133.713287,0.003066,7.976,4.052,4.113,0.000000
633.549316,-23.756,130.680344,0.003038,7.976,4.013,4.074,0.000000
635.742126,-23.990,123.226151,0.003120,7.976,3.974,4.035,0.000000
637.942810,-24.590,112.948639,0.003343,7.975,3.934,3.996,0.000000
640.151123,-25.409,100.816704,0.003673,7.975,3.895,3.957,0.000000
642.367065,-26.436,86.872612,0.004133,7.975,3.856,3.918,0.000000
644.590698,-27.439,71.936607,0.004638,7.975,3.816,3.878,0.000000
646.822327,-28.165,57.867451,0.005041,7.975,3.776,3.839,0.000000
649.061096,-28.387,45.944649,0.005171,7.975,3.736,3.799,0.000000
651.307861,-28.049,36.518341,0.004973,7.975,3.696,3.759,0.000000
653.562439,-27.273,29.125801,0.004547,7.975,3.656,3.719,0.000000
655.824829,-26.147,24.308870,0.003993,7.975,3.616,3.679,0.000000
658.095032,-24.965,21.299120,0.003485,7.975,3.575,3.639,0.000000
660.372803,-24.079,20.491289,0.003146,7.975,3.535,3.598,0.000000
662.659058,-23.311,19.442299,0.002880,7.974,3.494,3.558,0.000000
664.952637,-22.826,19.068211,0.002723,7.974,3.453,3.517,0.000000
667.254761,-22.562,18.197346,0.002641,7.974,3.412,3.476,0.000000
669.564209,-22.522,16.384455,0.002628,7.974,3.371,3.435,0.000000
671.882019,-22.751,13.543559,0.002698,7.974,3.330,3.394,0.000000
674.207764,-23.320,11.121267,0.002880,7.974,3.288,3.353,0.000000
676.541992,-24.200,8.782098,0.003186,7.974,3.247,3.312,0.000000
678.883545,-25.295,7.376270,0.003614,7.974,3.205,3.270,0.000000
681.233582,-26.636,6.122500,0.004217,7.974,3.163,3.229,0.000000
683.591797,-28.058,3.310086,0.004966,7.974,3.121,3.187,0.000000
685.958130,-29.768,-2.577370,0.006045,7.974,3.079,3.145,0.000000
688.332642,-31.510,-9.949719,0.007388,7.973,3.037,3.103,0.000000
690.715027,-33.364,-17.700245,0.009146,7.973,2.994,3.060,0.000000
693.106384,-34.622,-27.100374,0.010571,7.973,2.951,3.018,0.000000
695.505310,-35.344,-37.229919,0.011488,7.973,2.909,2.975,0.000000
697.913208,-35.122,-50.499039,0.011197,7.973,2.866,2.933,0.000000
700.328796,-34.412,-64.416840,0.010319,7.973,2.823,2.890,0.000000
702.753052,-33.540,-77.610046,0.009334,7.973,2.780,2.847,0.000000
705.185730,-32.480,-88.252129,0.008261,7.973,2.736,2.804,0.000000
707.627136,-31.512,-98.054306,0.007389,7.973,2.693,2.761,0.000000
710.076355,-30.563,-105.558632,0.006625,7.973,2.649,2.717,0.000000
712.534363,-29.710,-113.127808,0.006005,7.973,2.605,2.673,0.000000
715.000854,-28.882,-118.674156,0.005459,7.972,2.561,2.630,0.000000
717.475891,-28.142,-122.173683,0.005014,7.972,2.517,2.586,0.000000
719.959534,-27.312,-124.150970,0.004557,7.972,2.473,2.542,0.000000
722.451416,-26.478,-124.704666,0.004141,7.972,2.429,2.498,0.000000
724.952637,-25.633,-123.664833,0.003757,7.972,2.384,2.453,0.000000
727.461792,-24.834,-121.854370,0.003428,7.972,2.339,2.409,0.000000
729.980347,-24.105,-118.820778,0.003152,7.972,2.294,2.364,0.000000
732.506897,-23.432,-114.858353,0.002918,7.972,2.249,2.319,0.000000
735.042908,-22.712,-110.792831,0.002686,7.972,2.204,2.274,0.000000
737.586975,-21.963,-106.882278,0.002465,7.972,2.159,2.229,0.000000
740.140564,-21.258,-103.172012,0.002273,7.971,2.113,2.184,0.000000
742.702332,-20.657,-99.900009,0.002121,7.971,2.068,2.139,0.000000
745.273254,-20.190,-96.023544,0.002011,7.971,2.022,2.093,0.000000
747.853088,-19.806,-91.819473,0.001924,7.971,1.976,2.047,0.000000
750.441895,-19.416,-87.477707,0.001840,7.971,1.930,2.001,0.000000
753.039612,-19.069,-84.124290,0.001768,7.971,1.883,1.955,0.000000
755.646362,-18.857,-82.105316,0.001726,7.971,1.837,1.909,0.000000
758.262146,-18.913,-80.562553,0.001737,7.971,1.790,1.863,0.000000
760.886597,-19.204,-78.122383,0.001797,7.971,1.744,1.816,0.000000
763.520813,-19.695,-74.708572,0.001902,7.971,1.697,1.769,0.000000
766.163818,-20.282,-70.561424,0.002035,7.970,1.650,1.722,0.000000
768.816040,-21.025,-66.061958,0.002217,7.970,1.602,1.675,0.000000
771.476990,-21.989,-60.231838,0.002478,7.970,1.555,1.628,0.000000
774.147888,-23.076,-52.094795,0.002808,7.970,1.507,1.581,0.000000
776.827332,-24.119,-41.701050,0.003167,7.970,1.460,1.533,0.000000
779.516785,-24.971,-29.578907,0.003494,7.970,1.412,1.486,0.000000
782.214844,-25.457,-17.794504,0.003696,7.970,1.364,1.438,0.000000
784.922546,-25.722,-7.208252,0.003811,7.970,1.315,1.390,0.000000
787.639648,-25.948,1.924037,0.003912,7.970,1.267,1.342,0.000000
790.366150,-26.239,10.635057,0.004047,7.969,1.218,1.293,0.000000
793.102112,-26.428,19.606556,0.004137,7.969,1.170,1.245,0.000000
795.847107,-26.427,27.236576,0.004138,7.969,1.121,1.196,0.000000
798.602417,-26.408,34.023174,0.004131,7.969,1.072,1.147,0.000000
801.366882,-26.507,39.349445,0.004179,7.969,1.022,1.098,0.000000
804.140930,-26.875,43.830399,0.004362,7.969,0.973,1.049,0.000000
806.924133,-27.600,47.740627,0.004743,7.969,0.923,1.000,0.000000
809.717773,-28.572,53.929695,0.005306,7.969,0.874,0.950,0.000000
812.520325,-29.482,62.298653,0.005893,7.969,0.824,0.900,0.000000
815.333374,-30.031,72.811943,0.006278,7.968,0.773,0.851,0.000000
818.155334,-30.500,83.183006,0.006628,7.968,0.723,0.800,0.000000
820.987488,-31.062,92.638298,0.007072,7.968,0.673,0.750,0.000000
823.829407,-31.671,101.245010,0.007587,7.968,0.622,0.700,0.000000
826.681213,-32.458,106.679466,0.008308,7.968,0.571,0.649,0.000000
829.542847,-33.362,107.615288,0.009220,7.968,0.520,0.599,0.000000
832.414429,-33.635,105.633202,0.009516,7.968,0.469,0.548,0.000000
835.295898,-33.484,99.529121,0.009354,7.968,0.418,0.497,0.000000
838.187378,-33.047,86.561478,0.008897,7.968,0.366,0.445,0.000000
841.088867,-32.702,57.385201,0.008552,7.967,0.315,0.394,0.000000
844.000000,-32.499,9.696692,0.008355,7.967,0.263,0.342,0.000000
846.921997,-32.618,-32.632809,0.008472,7.967,0.211,0.290,0.000000
849.853333,-32.434,-57.643787,0.008297,7.967,0.158,0.238,0.000000
852.795593,-31.775,-80.079498,0.007691,7.967,0.106,0.186,0.000000
855.747253,-30.700,-100.764992,0.006797,7.967,0.053,0.134,0.000000
858.709534,-29.645,-120.315170,0.006020,7.967,0.001,0.081,0.000000
861.682068,-28.606,-138.498169,0.005343,7.967,-0.052,0.029,0.000000
864.664856,-27.692,-154.204544,0.004810,7.967,-0.106,-0.024,0.000000
867.657959,-27.049,-167.203629,0.004467,7.966,-0.159,-0.077,0.000000
870.661499,-26.407,-176.829147,0.004148,7.966,-0.212,-0.131,0.000000
873.675354,-25.882,177.023575,0.003905,7.966,-0.266,-0.184,0.000000
876.699707,-25.498,173.721909,0.003736,7.966,-0.320,-0.238,0.000000
879.734497,-25.310,173.076675,0.003656,7.966,-0.374,-0.292,0.000000
882.779419,-25.490,172.606583,0.003733,7.966,-0.428,-0.346,0.000000
885.835632,-26.309,173.674179,0.004102,7.966,-0.483,-0.400,0.000000
888.901672,-27.331,-179.018234,0.004614,7.966,-0.537,-0.454,0.000000
891.979126,-28.306,-167.189362,0.005162,7.965,-0.592,-0.509,0.000000
895.066406,-29.177,-148.597015,0.005706,7.965,-0.647,-0.563,0.000000
898.164734,-29.868,-120.250938,0.006179,7.965,-0.703,-0.618,0.000000
901.273865,-30.852,-83.199776,0.006920,7.965,-0.758,-0.673,0.000000
904.393738,-32.118,-49.198021,0.008006,7.965,-0.813,-0.729,0.000000
907.524414,-32.739,-23.803915,0.008600,7.965,-0.869,-0.784,0.000000
910.665894,-31.800,-7.342373,0.007719,7.965,-0.925,-0.840,0.000000
913.818298,-30.060,13.477316,0.006317,7.965,-0.981,-0.896,0.000000
916.981567,-28.565,38.138733,0.005318,7.965,-1.038,-0.952,0.000000
920.155823,-27.341,59.911022,0.004619,7.964,-1.094,-1.008,0.000000
923.341003,-26.324,77.319168,0.004109,7.964,-1.151,-1.065,0.000000
926.537292,-25.587,91.592415,0.003774,7.964,-1.208,-1.121,0.000000
929.744141,-24.876,104.300323,0.003477,7.964,-1.265,-1.178,0.000000
932.963013,-24.050,116.200447,0.003161,7.964,-1.323,-1.235,0.000000
936.192139,-23.354,127.901352,0.002917,7.964,-1.380,-1.293,0.000000
939.432861,-22.952,139.798584,0.002785,7.964,-1.438,-1.350,0.000000
942.684814,-22.795,151.461838,0.002735,7.963,-1.496,-1.408,0.000000
945.948486,-22.973,162.484619,0.002791,7.963,-1.554,-1.466,0.000000
949.222534,-23.430,173.023544,0.002941,7.963,-1.612,-1.524,0.000000
952.508850,-24.053,-174.921417,0.003160,7.963,-1.671,-1.582,0.000000
955.805603,-24.625,-161.852814,0.003375,7.963,-1.730,-1.641,0.000000
959.114258,-25.445,-151.723358,0.003709,7.963,-1.789,-1.699,0.000000
962.434326,-26.811,-151.282471,0.004341,7.963,-1.848,-1.758,0.000000
965.765930,-28.116,-156.514130,0.005045,7.963,-1.907,-1.817,0.000000
969.109009,-28.858,-165.554016,0.005495,7.962,-1.967,-1.876,0.000000
972.463257,-28.975,178.202881,0.005569,7.962,-2.026,-1.936,0.000000
975.830017,-28.437,150.921310,0.005234,7.962,-2.086,-1.996,0.000000
979.207458,-27.416,123.179344,0.004654,7.962,-2.147,-2.056,0.000000
982.597595,-26.383,112.820129,0.004132,7.962,-2.207,-2.116,0.000000
985.998474,-25.525,108.469704,0.003744,7.962,-2.268,-2.176,0.000000
989.412109,-24.857,105.527206,0.003466,7.962,-2.328,-2.236,0.000000
992.836609,-24.810,110.201683,0.003448,7.962,-2.389,-2.297,0.000000
996.273926,-24.849,120.614899,0.003463,7.961,-2.451,-2.358,0.000000
999.722168,-24.736,135.596268,0.003418,7.961,-2.512,-2.419,0.000000
1003.182800,-24.588,154.679291,0.003361,7.961,-2.543,-2.449,0.000000
1006.655457,-24.611,173.614304,0.003370,7.961,-2.572,-2.477,0.000000
1010.140076,-24.944,-170.519852,0.003501,7.961,-2.600,-2.504,0.000000
1013.636780,-25.650,-159.318817,0.003798,7.961,-2.629,-2.532,0.000000
1017.145142,-26.624,-150.401428,0.004248,7.961,-2.658,-2.559,0.000000
1020.666565,-27.120,-145.233780,0.004498,7.961,-2.687,-2.587,0.000000
1024.199219,-27.495,-152.366470,0.004696,7.961,-2.716,-2.615,0.000000
1027.745117,-28.187,-165.199890,0.005086,7.961,-2.745,-2.643,0.000000
1031.302246,-29.294,178.409332,0.005777,7.961,-2.774,-2.671,0.000000
1034.872803,-30.375,163.112808,0.006543,7.961,-2.803,-2.699,0.000000
1038.454590,-30.869,150.646255,0.006926,7.961,-2.832,-2.728,0.000000
1042.049805,-30.763,140.457550,0.006843,7.961,-2.862,-2.756,0.000000
1045.656494,-30.568,135.001541,0.006692,7.961,-2.892,-2.784,0.000000
1049.276123,-30.287,136.957916,0.006480,7.961,-2.921,-2.813,0.000000
1052.908325,-30.259,142.006210,0.006460,7.961,-2.951,-2.842,0.000000
1056.553101,-30.329,144.451401,0.006514,7.961,-2.981,-2.870,0.000000
1060.210571,-29.881,150.584213,0.006188,7.961,-3.011,-2.899,0.000000
1063.880005,-29.187,169.784241,0.005713,7.961,-3.041,-2.928,0.000000
1067.563354,-28.719,-68.956154,0.005415,7.961,-3.071,-2.957,0.000000
1071.258301,-28.381,-38.715462,0.005209,7.961,-3.101,-2.986,0.000000
1074.967041,-27.731,-28.197939,0.004834,7.961,-3.132,-3.016,0.000000
1078.688232,-27.096,-16.937696,0.004494,7.961,-3.162,-3.045,0.000000
1082.422241,-26.548,-4.485497,0.004220,7.961,-3.193,-3.074,0.000000
1086.168579,-25.873,9.366342,0.003905,7.961,-3.224,-3.104,0.000000
1089.929077,-25.457,27.123102,0.003723,7.961,-3.255,-3.134,0.000000
1093.701416,-25.532,49.029060,0.003756,7.961,-3.286,-3.163,0.000000
1097.487427,-25.660,74.083633,0.003812,7.961,-3.317,-3.193,0.000000
1101.286499,-25.157,101.845444,0.003599,7.961,-3.348,-3.223,0.000000
1105.098755,-24.136,132.557358,0.003200,7.961,-3.379,-3.253,0.000000
1108.924194,-22.925,158.777359,0.002784,7.961,-3.410,-3.283,0.000000
1112.762817,-21.692,-179.540894,0.002416,7.961,-3.442,-3.314,0.000000
1116.614746,-20.715,-160.938492,0.002160,7.961,-3.473,-3.344,0.000000
1120.480103,-20.139,-144.292725,0.002022,7.961,-3.505,-3.375,0.000000
1124.358765,-19.778,-129.414581,0.001940,7.961,-3.537,-3.405,0.000000
1128.250854,-19.579,-115.314445,0.001897,7.961,-3.569,-3.436,0.000000
1132.156372,-19.706,-101.654137,0.001925,7.961,-3.601,-3.467,0.000000
1136.075562,-20.252,-87.128838,0.002051,7.961,-3.633,-3.498,0.000000
1140.007568,-21.112,-69.901489,0.002265,7.961,-3.665,-3.529,0.000000
1143.953857,-21.998,-49.515591,0.002509,7.961,-3.698,-3.560,0.000000
1147.913818,-22.949,-23.177483,0.002800,7.961,-3.730,-3.591,0.000000
1151.887451,-23.534,8.415375,0.002996,7.961,-3.763,-3.622,0.000000
1155.874878,-23.628,41.511749,0.003028,7.961,-3.795,-3.654,0.000000
1159.876099,-23.214,68.242149,0.002888,7.961,-3.828,-3.685,0.000000
1163.891113,-22.812,87.022949,0.002758,7.960,-3.861,-3.717,0.000000
1167.920044,-22.582,101.083176,0.002686,7.960,-3.894,-3.749,0.000000
1171.962891,-22.616,111.822456,0.002698,7.960,-3.927,-3.781,0.000000
1176.019775,-23.100,119.690727,0.002854,7.960,-3.961,-3.813,0.000000
1180.090698,-23.843,131.797653,0.003109,7.960,-3.994,-3.845,0.000000
1184.175781,-24.619,143.084610,0.003401,7.960,-4.027,-3.877,0.000000
1188.274902,-25.572,149.396988,0.003797,7.960,-4.061,-3.909,0.000000
1192.388306,-26.498,151.349579,0.004226,7.960,-4.095,-3.942,0.000000
1196.515259,-27.055,151.687790,0.004507,7.960,-4.129,-3.974,0.000000
1200.657227,-27.077,150.686462,0.004520,7.960,-4.163,-4.007,0.000000
1204.813965,-26.879,150.684219,0.004419,7.960,-4.197,-4.040,0.000000
1208.984009,-26.388,153.405655,0.004178,7.960,-4.231,-4.073,0.000000
1213.169067,-25.648,153.163040,0.003838,7.960,-4.265,-4.106,0.000000
1217.368530,-25.038,154.462021,0.003579,7.960,-4.300,-4.139,0.000000
1221.582642,-24.666,159.974976,0.003430,7.960,-4.334,-4.172,0.000000
1225.811279,-24.693,170.908035,0.003441,7.960,-4.369,-4.205,0.000000
1230.054565,-25.073,-171.759521,0.003596,7.960,-4.404,-4.239,0.000000
1234.311890,-25.352,-147.150604,0.003714,7.960,-4.439,-4.272,0.000000
1238.585205,-25.376,-118.015366,0.003725,7.960,-4.474,-4.306,0.000000
1242.872803,-25.282,-91.546944,0.003686,7.960,-4.509,-4.340,0.000000
1247.175049,-25.364,-68.100288,0.003721,7.960,-4.544,-4.374,0.000000
1251.492310,-25.401,-46.568806,0.003738,7.960,-4.580,-4.408,0.000000
1255.823975,-25.797,-26.479786,0.003913,7.960,-4.615,-4.442,0.000000
1260.171753,-26.512,-10.438781,0.004249,7.960,-4.651,-4.476,0.000000
1264.533325,-27.029,-2.044570,0.004511,7.960,-4.686,-4.511,0.000000
1268.911255,-27.468,0.275616,0.004745,7.960,-4.722,-4.545,0.000000
1273.303101,-27.967,-10.682509,0.005027,7.960,-4.758,-4.580,0.000000
1277.710815,-28.295,-73.144188,0.005221,7.960,-4.795,-4.615,0.000000
1282.133789,-28.116,-110.403435,0.005115,7.960,-4.831,-4.650,0.000000
1286.572021,-27.701,-110.586136,0.004878,7.960,-4.867,-4.685,0.000000
1291.025024,-27.353,-105.796875,0.004687,7.960,-4.904,-4.720,0.000000
1295.494751,-26.676,-97.270416,0.004336,7.960,-4.940,-4.755,0.000000
1299.979248,-25.648,-76.753983,0.003853,7.960,-4.977,-4.790,0.000000
1304.479248,-24.755,-52.002682,0.003477,7.960,-5.014,-4.826,0.000000
1308.994873,-24.128,-25.590786,0.003235,7.960,-5.051,-4.861,0.000000
1313.525513,-23.872,0.126530,0.003142,7.960,-5.088,-4.897,0.000000
1318.072998,-24.027,23.971516,0.003199,7.960,-5.126,-4.933,0.000000
1322.635010,-24.528,45.202774,0.003389,7.960,-5.163,-4.969,0.000000
1327.214111,-24.787,65.000732,0.003493,7.960,-5.201,-5.005,0.000000
1331.807739,-24.554,87.748184,0.003401,7.960,-5.238,-5.041,0.000000
1336.417969,-24.529,117.210579,0.003392,7.960,-5.276,-5.078,0.000000
1341.044189,-24.656,161.317993,0.003442,7.960,-5.314,-5.114,0.000000
1345.686401,-24.893,-153.994461,0.003537,7.960,-5.352,-5.151,0.000000
1350.344604,-25.016,-125.988861,0.003588,7.960,-5.390,-5.188,0.000000
1355.018921,-25.096,-107.560280,0.003621,7.960,-5.429,-5.224,0.000000
1359.709595,-25.257,-90.985512,0.003689,7.960,-5.467,-5.261,0.000000
1364.416382,-25.680,-84.218178,0.003873,7.960,-5.506,-5.299,0.000000
1369.139404,-25.943,-77.226944,0.003992,7.960,-5.544,-5.336,0.000000
1373.878174,-26.385,-77.384094,0.004200,7.959,-5.583,-5.373,0.000000
1378.634644,-26.567,-100.630356,0.004289,7.959,-5.622,-5.411,0.000000
1383.406372,-26.358,-140.490082,0.004187,7.959,-5.661,-5.448,0.000000
1388.195801,-25.868,-160.267456,0.003958,7.959,-5.701,-5.486,0.000000
1393.000610,-25.258,-166.112823,0.003689,7.959,-5.740,-5.524,0.000000
1397.822632,-24.630,-164.539337,0.003432,7.959,-5.780,-5.562,0.000000
1402.661377,-23.635,-153.955795,0.003060,7.959,-5.819,-5.600,0.000000
1407.516846,-23.057,-133.573212,0.002863,7.959,-5.859,-5.638,0.000000
1412.389771,-22.813,-115.373749,0.002784,7.959,-5.899,-5.677,0.000000
1417.278198,-22.962,-98.124481,0.002832,7.959,-5.939,-5.715,0.000000
1422.184326,-23.656,-81.475471,0.003068,7.959,-5.979,-5.754,0.000000
1427.107300,-24.841,-66.938644,0.003516,7.959,-6.020,-5.793,0.000000
1432.047485,-26.235,-59.754440,0.004128,7.959,-6.060,-5.832,0.000000
1437.004639,-27.039,-58.440529,0.004529,7.959,-6.101,-5.871,0.000000
1441.979004,-27.459,-59.721073,0.004752,7.959,-6.142,-5.910,0.000000
1446.969849,-27.623,-61.437805,0.004842,7.959,-6.183,-5.950,0.000000
1451.979492,-27.423,-62.185051,0.004731,7.959,-6.224,-5.989,0.000000
1457.005005,-26.732,-61.748695,0.004369,7.959,-6.265,-6.029,0.000000
1462.048584,-25.642,-61.028133,0.003853,7.959,-6.306,-6.069,0.000000
1467.109619,-24.553,-59.451534,0.003398,7.959,-6.348,-6.109,0.000000
1472.188110,-23.952,-52.271748,0.003171,7.959,-6.389,-6.149,0.000000
1477.285034,-23.428,-35.050732,0.002985,7.959,-6.431,-6.189,0.000000
1482.398071,-23.233,-13.669170,0.002919,7.959,-6.473,-6.229,0.000000
1487.529541,-23.565,8.912072,0.003032,7.959,-6.515,-6.270,0.000000
1492.678833,-24.369,31.783102,0.003326,7.959,-6.557,-6.310,0.000000
1497.845947,-25.257,37.956200,0.003685,7.959,-6.600,-6.351,0.000000
1503.030884,-25.696,39.996517,0.003875,7.959,-6.642,-6.392,0.000000
1508.233765,-25.633,35.338699,0.003847,7.959,-6.685,-6.433,0.000000
1513.453979,-24.794,5.716252,0.003492,7.959,-6.728,-6.474,0.000000
1518.693726,-23.938,-52.875275,0.003164,7.959,-6.771,-6.515,0.000000
1523.950195,-23.699,-65.897842,0.003077,7.959,-6.814,-6.557,0.000000
1529.226196,-23.620,-63.569141,0.003049,7.959,-6.857,-6.598,0.000000
1534.519775,-23.549,-54.910378,0.003024,7.959,-6.901,-6.640,0.000000
1539.831055,-23.040,-40.953911,0.002851,7.959,-6.944,-6.682,0.000000
1545.161987,-23.086,-22.263664,0.002866,7.959,-6.988,-6.724,0.000000
1550.510010,-23.205,0.522438,0.002906,7.959,-7.032,-6.766,0.000000
1555.877319,-23.471,37.955994,0.002996,7.959,-7.076,-6.809,0.000000
1561.263184,-24.182,76.004623,0.003252,7.959,-7.120,-6.851,0.000000
1566.667725,-24.703,97.194550,0.003453,7.959,-7.164,-6.894,0.000000
1572.090820,-25.022,109.885391,0.003582,7.959,-7.209,-6.937,0.000000
1577.532837,-25.219,118.139824,0.003664,7.959,-7.253,-6.979,0.000000
1582.992920,-25.910,125.619659,0.003968,7.959,-7.298,-7.023,0.000000
1588.473389,-26.682,137.729965,0.004337,7.958,-7.343,-7.066,0.000000
1593.971313,-27.388,149.492447,0.004703,7.958,-7.388,-7.109,0.000000
1599.489746,-28.507,165.429398,0.005350,7.958,-7.433,-7.153,0.000000
1605.026611,-29.270,-170.984192,0.005842,7.958,-7.479,-7.196,0.000000
1610.581787,-30.098,-145.077438,0.006426,7.958,-7.524,-7.240,0.000000
1616.157837,-31.264,-123.447708,0.007349,7.958,-7.570,-7.284,0.000000
1621.751587,-32.006,-103.826126,0.008005,7.958,-7.616,-7.328,0.000000
1627.366211,-31.134,-87.824608,0.007240,7.958,-7.662,-7.373,0.000000
1632.998779,-29.987,-69.370728,0.006344,7.958,-7.708,-7.417,0.000000
1638.651611,-28.948,-42.569370,0.005629,7.958,-7.755,-7.462,0.000000
1644.323975,-28.737,-14.196343,0.005494,7.958,-7.801,-7.506,0.000000
1650.015991,-29.523,5.311541,0.006014,7.958,-7.848,-7.551,0.000000
1655.726929,-30.622,18.318180,0.006825,7.958,-7.895,-7.596,0.000000
1661.459229,-31.013,34.864487,0.007140,7.958,-7.942,-7.641,0.000000
1667.209717,-31.012,53.031006,0.007138,7.958,-7.989,-7.687,0.000000
1672.981812,-31.448,85.009285,0.007506,7.958,-8.036,-7.732,0.000000
1678.772949,-31.561,134.875183,0.007605,7.958,-8.084,-7.778,0.000000
1684.583496,-31.339,152.002792,0.007412,7.958,-8.131,-7.824,0.000000
1690.415649,-30.097,158.861465,0.006425,7.958,-8.179,-7.870,0.000000
1696.266357,-27.909,161.542160,0.004994,7.958,-8.227,-7.916,0.000000
1702.139038,-26.270,157.147018,0.004135,7.958,-8.275,-7.962,0.000000
1708.030396,-25.357,153.824173,0.003723,7.958,-8.324,-8.009,0.000000
1713.942871,-24.852,153.853180,0.003512,7.958,-8.372,-8.055,0.000000
1719.875977,-24.565,154.657379,0.003399,7.958,-8.421,-8.102,0.000000
1725.829468,-24.358,161.503204,0.003318,7.958,-8.469,-8.149,0.000000
1731.802856,-24.545,175.686737,0.003391,7.958,-8.518,-8.196,0.000000
1737.798462,-25.409,-176.503372,0.003746,7.958,-8.568,-8.244,0.000000
1743.814087,-26.539,-178.379501,0.004268,7.958,-8.617,-8.291,0.000000
1749.850464,-27.600,179.706924,0.004823,7.958,-8.666,-8.339,0.000000
1755.907837,-28.412,178.841583,0.005296,7.958,-8.716,-8.386,0.000000
1761.985229,-28.741,-174.780899,0.005502,7.958,-8.766,-8.434,0.000000
1768.085449,-27.750,-168.272888,0.004909,7.958,-8.816,-8.482,0.000000
1774.204956,-26.776,-170.305069,0.004389,7.958,-8.866,-8.531,0.000000
1780.347412,-26.047,-169.152924,0.004037,7.958,-8.917,-8.579,0.000000
1786.509521,-24.874,-160.598404,0.003528,7.958,-8.967,-8.628,0.000000
1792.693726,-23.949,-132.749191,0.003171,7.958,-9.018,-8.677,0.000000
1798.899292,-23.279,-106.956902,0.002937,7.958,-9.069,-8.725,0.000000
1805.126465,-22.499,-86.134041,0.002685,7.957,-9.120,-8.775,0.000000
1811.375122,-22.011,-67.442009,0.002539,7.957,-9.171,-8.824,0.000000
1817.645386,-22.125,-49.904766,0.002573,7.957,-9.222,-8.873,0.000000
1823.937378,-22.583,-32.631741,0.002712,7.957,-9.274,-8.923,0.000000
1830.251099,-22.928,-18.696106,0.002823,7.957,-9.326,-8.973,0.000000
1836.586792,-23.654,-5.143843,0.003069,7.957,-9.378,-9.023,0.000000
1842.943481,-24.141,9.463532,0.003247,7.957,-9.430,-9.073,0.000000
1849.323853,-24.439,23.639153,0.003361,7.957,-9.482,-9.123,0.000000
1855.724609,-24.941,38.397297,0.003561,7.957,-9.535,-9.174,0.000000
1862.149292,-25.254,56.145309,0.003693,7.957,-9.587,-9.224,0.000000
1868.594482,-24.804,75.934029,0.003507,7.957,-9.640,-9.275,0.000000
1875.062866,-24.184,97.377319,0.003266,7.957,-9.693,-9.326,0.000000
1881.553589,-23.835,121.382782,0.003138,7.957,-9.747,-9.377,0.000000
1888.066772,-23.242,145.236603,0.002931,7.957,-9.800,-9.429,0.000000
1894.603516,-22.952,171.561020,0.002836,7.957,-9.854,-9.480,0.000000
1901.161011,-23.256,-163.899261,0.002937,7.957,-9.907,-9.532,0.000000
1907.742065,-23.466,-142.457352,0.003010,7.957,-9.961,-9.584,0.000000
1914.345947,-23.593,-119.284462,0.003056,7.957,-10.015,-9.636,0.000000
1920.972656,-23.854,-86.327255,0.003150,7.957,-10.070,-9.688,0.000000
1927.622314,-24.299,-28.755447,0.003317,7.957,-10.124,-9.741,0.000000
1934.295044,-24.888,17.563152,0.003551,7.957,-10.179,-9.793,0.000000
1940.989868,-25.477,49.842438,0.003801,7.957,-10.234,-9.846,0.000000
1947.709717,-26.731,69.182709,0.004392,7.957,-10.289,-9.899,0.000000
1954.451050,-27.409,85.053589,0.004749,7.957,-10.344,-9.952,0.000000
1961.216675,-28.175,90.579994,0.005188,7.957,-10.400,-10.006,0.000000
1968.005615,-29.364,96.479782,0.005951,7.957,-10.455,-10.059,0.000000
1974.818115,-30.626,115.639893,0.006882,7.957,-10.511,-10.113,0.000000
1981.655151,-31.921,141.196869,0.007990,7.957,-10.567,-10.167,0.000000
1988.513916,-32.099,169.317230,0.008157,7.957,-10.624,-10.221,0.000000
1995.397339,-32.733,-160.645020,0.008776,7.957,-10.680,-10.275,0.000000
2002.304688,-32.174,-129.169235,0.008230,7.957,-10.724,-10.317,0.000000
2009.235840,-30.709,-93.396057,0.006954,7.957,-10.742,-10.332,0.000000
2016.191040,-29.310,-78.508072,0.005920,7.957,-10.760,-10.347,0.000000
2023.170288,-27.951,-72.270325,0.005064,7.957,-10.778,-10.363,0.000000
2030.172852,-26.930,-43.794529,0.004503,7.957,-10.796,-10.378,0.000000
2037.201416,-26.272,-8.904249,0.004176,7.957,-10.814,-10.394,0.000000
2044.252441,-26.217,17.899569,0.004151,7.957,-10.832,-10.410,0.000000
2051.329834,-26.313,37.800484,0.004199,7.957,-10.851,-10.425,0.000000
2058.430908,-25.911,53.689430,0.004010,7.957,-10.869,-10.441,0.000000
2065.555420,-25.792,61.040806,0.003957,7.956,-10.888,-10.457,0.000000
2072.706543,-26.070,63.856071,0.004087,7.956,-10.906,-10.473,0.000000
2079.880371,-26.778,67.274315,0.004435,7.956,-10.925,-10.488,0.000000
2087.080078,-27.427,74.116234,0.004781,7.956,-10.943,-10.504,0.000000
2094.304932,-28.453,78.966629,0.005381,7.956,-10.962,-10.520,0.000000
2101.554443,-29.023,83.816971,0.005747,7.956,-10.981,-10.536,0.000000
2108.829346,-28.899,84.866692,0.005667,7.956,-11.000,-10.553,0.000000
2116.129150,-29.656,60.390896,0.006183,7.956,-11.018,-10.569,0.000000
2123.453369,-30.135,21.215458,0.006535,7.956,-11.037,-10.585,0.000000
2130.804932,-30.697,6.238214,0.006973,7.956,-11.056,-10.601,0.000000
2138.180176,-30.860,15.471143,0.007108,7.956,-11.076,-10.618,0.000000
2145.582520,-30.589,18.514723,0.006892,7.956,-11.095,-10.634,0.000000
2153.009766,-30.222,23.439365,0.006609,7.956,-11.114,-10.650,0.000000
2160.461670,-29.833,50.536396,0.006322,7.956,-11.133,-10.667,0.000000
2167.941406,-30.521,43.504501,0.006845,7.956,-11.153,-10.683,0.000000
2175.445068,-30.355,38.872944,0.006718,7.956,-11.172,-10.700,0.000000
2182.976562,-30.025,40.896408,0.006469,7.956,-11.191,-10.717,0.000000
2190.532227,-29.730,40.470074,0.006254,7.956,-11.211,-10.733,0.000000
2198.114990,-30.242,34.704178,0.006635,7.956,-11.231,-10.750,0.000000
2205.723877,-30.995,27.720572,0.007237,7.956,-11.250,-10.767,0.000000
2213.359375,-31.577,21.612532,0.007740,7.956,-11.270,-10.784,0.000000
2221.020020,-31.947,18.707277,0.008078,7.956,-11.290,-10.801,0.000000
2228.709473,-32.156,8.034818,0.008277,7.956,-11.310,-10.818,0.000000
2236.423340,-32.146,22.085918,0.008268,7.956,-11.330,-10.835,0.000000
2244.166016,-32.625,32.228790,0.008739,7.956,-11.350,-10.852,0.000000
2251.934570,-34.102,53.861145,0.010360,7.956,-11.370,-10.869,0.000000
2259.728760,-34.079,82.515900,0.010334,7.956,-11.390,-10.887,0.000000
2267.552002,-33.230,94.648849,0.009374,7.956,-11.410,-10.904,0.000000
2275.400391,-32.776,93.405014,0.008898,7.956,-11.431,-10.921,0.000000
2283.278076,-32.086,92.935860,0.008221,7.956,-11.451,-10.939,0.000000
2291.180908,-31.002,101.258377,0.007259,7.956,-11.472,-10.956,0.000000
2299.112061,-29.433,107.001915,0.006061,7.956,-11.492,-10.974,0.000000
2307.070557,-28.725,109.499840,0.005589,7.956,-11.513,-10.991,0.000000
2315.056885,-28.723,112.455902,0.005589,7.956,-11.533,-11.009,0.000000
2323.069580,-28.509,121.037094,0.005455,7.956,-11.554,-11.027,0.000000
2331.112305,-27.896,133.396759,0.005085,7.956,-11.575,-11.045,0.000000
2339.181641,-27.592,156.112320,0.004911,7.956,-11.596,-11.062,0.000000
2347.279053,-27.864,178.143143,0.005068,7.956,-11.617,-11.080,0.000000
2355.404297,-28.182,178.264313,0.005258,7.956,-11.638,-11.098,0.000000
2363.556885,-28.075,177.832031,0.005195,7.956,-11.659,-11.116,0.000000
2371.739746,-28.662,-179.980148,0.005559,7.956,-11.680,-11.134,0.000000
2379.948486,-28.431,-174.039017,0.005414,7.956,-11.701,-11.153,0.000000
2388.188232,-27.869,178.933472,0.005075,7.956,-11.723,-11.171,0.000000
2396.454102,-28.072,175.887390,0.005196,7.956,-11.744,-11.189,0.000000
2404.749512,-28.554,176.313721,0.005494,7.956,-11.765,-11.208,0.000000
2413.073975,-28.754,-179.506241,0.005623,7.956,-11.787,-11.226,0.000000
2421.427002,-28.954,-167.545761,0.005755,7.956,-11.809,-11.244,0.000000
2429.809082,-29.585,-167.468491,0.006190,7.956,-11.830,-11.263,0.000000
2438.220215,-29.983,-167.675201,0.006481,7.956,-11.852,-11.282,0.000000
2446.660400,-29.163,-175.141342,0.005898,7.956,-11.874,-11.300,0.000000
2455.129883,-29.365,157.394089,0.006039,7.956,-11.896,-11.319,0.000000
2463.628418,-30.030,124.347321,0.006522,7.956,-11.918,-11.338,0.000000
2472.155518,-30.061,123.887970,0.006548,7.956,-11.940,-11.357,0.000000
2480.714355,-29.302,127.970924,0.006002,7.956,-11.962,-11.376,0.000000
2489.300293,-28.144,129.846878,0.005254,7.956,-11.984,-11.395,0.000000
2497.918701,-27.538,137.061493,0.004902,7.956,-12.007,-11.414,0.000000
2506.564209,-27.788,146.543442,0.005046,7.956,-12.029,-11.433,0.000000
2515.240967,-28.501,144.487625,0.005479,7.956,-12.051,-11.452,0.000000
2523.947754,-29.288,149.872925,0.006000,7.956,-12.074,-11.471,0.000000
2532.684814,-29.586,162.781845,0.006210,7.956,-12.097,-11.491,0.000000
2541.453125,-29.706,-173.506897,0.006298,7.956,-12.119,-11.510,0.000000
2550.249512,-30.772,169.592194,0.007122,7.956,-12.142,-11.530,0.000000
2559.077393,-32.458,137.843552,0.008648,7.956,-12.165,-11.549,0.000000
2567.936035,-33.212,149.474869,0.009434,7.956,-12.188,-11.569,0.000000
2576.825195,-32.040,154.664413,0.008245,7.956,-12.211,-11.588,0.000000
2585.745117,-30.770,-173.202911,0.007125,7.956,-12.234,-11.608,0.000000
2594.696045,-30.338,-174.145874,0.006780,7.956,-12.257,-11.628,0.000000
2603.676514,-29.765,-176.690048,0.006348,7.956,-12.280,-11.648,0.000000
2612.690918,-28.966,174.343369,0.005791,7.956,-12.304,-11.668,0.000000
2621.733643,-27.958,171.376175,0.005158,7.956,-12.327,-11.688,0.000000
2630.809082,-26.795,174.908112,0.004513,7.956,-12.351,-11.708,0.000000
2639.916016,-26.013,170.761032,0.004126,7.956,-12.374,-11.728,0.000000
2649.054443,-26.423,170.708618,0.004327,7.956,-12.398,-11.748,0.000000
2658.225586,-27.064,166.558105,0.004660,7.956,-12.421,-11.769,0.000000
2667.426025,-26.673,160.663330,0.004457,7.956,-12.445,-11.789,0.000000
2676.659668,-26.349,138.870987,0.004295,7.956,-12.469,-11.809,0.000000
2685.925293,-26.035,119.423164,0.004143,7.956,-12.493,-11.830,0.000000
2695.222900,-25.963,118.893730,0.004109,7.956,-12.517,-11.851,0.000000
2704.552734,-25.874,123.041214,0.004069,7.956,-12.541,-11.871,0.000000
2713.914795,-26.631,125.442955,0.004439,7.956,-12.566,-11.892,0.000000
2723.308105,-26.958,83.143158,0.004611,7.956,-12.590,-11.913,0.000000
2732.736572,-25.820,55.470573,0.004045,7.956,-12.614,-11.934,0.000000
2742.194824,-25.910,47.918808,0.004088,7.956,-12.639,-11.954,0.000000
2751.688477,-26.363,127.193100,0.004308,7.956,-12.663,-11.975,0.000000
2761.212646,-26.628,-130.897598,0.004442,7.956,-12.688,-11.997,0.000000
2770.770752,-26.947,-110.003876,0.004609,7.956,-12.713,-12.018,0.000000
2780.363525,-28.143,-85.758850,0.005290,7.956,-12.738,-12.039,0.000000
2789.986816,-28.119,-63.191933,0.005276,7.956,-12.762,-12.060,0.000000
2799.644531,-27.298,-79.283333,0.004802,7.956,-12.787,-12.082,0.000000
2809.335938,-27.079,-158.453186,0.004683,7.956,-12.813,-12.103,0.000000
2819.060791,-26.581,-155.181870,0.004424,7.956,-12.838,-12.125,0.000000
2828.819336,-25.117,-151.257095,0.003739,7.956,-12.863,-12.146,0.000000
2838.611572,-24.199,-133.493591,0.003365,7.956,-12.888,-12.168,0.000000
2848.436279,-23.899,-113.607903,0.003252,7.956,-12.914,-12.190,0.000000
2858.297852,-23.041,134.811920,0.002947,7.956,-12.939,-12.211,0.000000
2868.190918,-22.565,150.268845,0.002791,7.956,-12.965,-12.233,0.000000
2878.120850,-22.367,-169.705292,0.002729,7.956,-12.991,-12.255,0.000000
2888.083740,-22.541,-141.506516,0.002785,7.956,-13.016,-12.277,0.000000
2898.079834,-23.288,-110.271080,0.003036,7.956,-13.042,-12.300,0.000000
2908.113281,-23.957,-56.929985,0.003280,7.956,-13.068,-12.322,0.000000
2918.178711,-24.953,-73.030075,0.003680,7.956,-13.094,-12.344,0.000000
2928.281738,-25.598,-156.104279,0.003965,7.956,-13.120,-12.366,0.000000
2938.416748,-26.251,-125.492310,0.004276,7.956,-13.147,-12.389,0.000000
2948.588379,-26.480,-85.663132,0.004392,7.956,-13.173,-12.411,0.000000
2958.795410,-25.898,-45.331165,0.004109,7.956,-13.199,-12.434,0.000000
2969.037598,-24.737,-3.582825,0.003596,7.956,-13.226,-12.457,0.000000
2979.313965,-23.791,34.028236,0.003226,7.956,-13.253,-12.479,0.000000
2989.629883,-23.276,76.276405,0.003041,7.956,-13.279,-12.502,0.000000
2999.974609,-22.774,110.361801,0.002872,7.956,-13.306,-12.525,0.000000
3010.360840,-22.539,80.589378,0.002796,7.956,-13.333,-12.548,0.000000
3020.782959,-22.311,45.964203,0.002724,7.956,-13.360,-12.571,0.000000
3031.238281,-22.445,70.370842,0.002768,7.956,-13.387,-12.594,0.000000
3041.732666,-23.099,75.941742,0.002985,7.956,-13.414,-12.618,0.000000
3052.260498,-24.316,149.044205,0.003435,7.956,-13.441,-12.641,0.000000
3062.827881,-25.976,-171.150177,0.004160,7.955,-13.469,-12.664,0.000000
3073.428711,-27.290,170.832153,0.004841,7.955,-13.496,-12.688,0.000000
3084.066162,-28.612,111.505936,0.005639,7.955,-13.524,-12.711,0.000000
3094.743652,-29.722,122.869972,0.006410,7.955,-13.551,-12.735,0.000000
3105.457764,-30.364,145.004715,0.006904,7.955,-13.579,-12.759,0.000000
3116.206299,-30.873,150.367050,0.007323,7.955,-13.607,-12.782,0.000000
3126.991943,-30.666,155.760620,0.007153,7.955,-13.635,-12.806,0.000000
3137.817871,-30.145,127.375786,0.006739,7.955,-13.663,-12.830,0.000000
3148.681152,-28.867,121.007713,0.005819,7.955,-13.691,-12.854,0.000000
3159.579346,-28.558,106.307739,0.005619,7.955,-13.719,-12.878,0.000000
3170.515137,-28.948,107.701225,0.005879,7.955,-13.747,-12.903,0.000000
3181.491699,-28.995,110.376236,0.005914,7.955,-13.776,-12.927,0.000000
3192.503174,-28.719,107.290207,0.005733,7.955,-13.804,-12.951,0.000000
3203.555908,-27.660,138.588440,0.005077,7.955,-13.833,-12.976,0.000000
3214.644043,-27.080,-176.359055,0.004751,7.955,-13.862,-13.000,0.000000
3225.773438,-26.874,-142.252640,0.004643,7.955,-13.890,-13.025,0.000000
3236.938232,-27.497,-113.181046,0.004989,7.955,-13.919,-13.050,0.000000
3248.141602,-27.256,-104.125526,0.004855,7.955,-13.948,-13.074,0.000000
3259.386963,-26.746,-72.632607,0.004579,7.955,-13.977,-13.099,0.000000
3270.671387,-26.730,-52.472473,0.004573,7.955,-14.007,-13.124,0.000000
3281.991699,-26.884,-47.174957,0.004656,7.955,-14.036,-13.149,0.000000
3293.351074,-27.874,-34.697327,0.005220,7.955,-14.065,-13.174,0.000000
3304.752930,-28.885,-21.991035,0.005866,7.955,-14.095,-13.200,0.000000
3316.194336,-29.602,-19.944452,0.006373,7.955,-14.124,-13.225,0.000000
3327.672119,-30.144,-31.024796,0.006786,7.955,-14.154,-13.250,0.000000
3339.189697,-30.836,-43.082523,0.007351,7.955,-14.184,-13.276,0.000000
3350.750244,-31.705,-66.116638,0.008127,7.955,-14.214,-13.302,0.000000
3362.347656,-31.459,-108.021614,0.007903,7.955,-14.244,-13.327,0.000000
3373.985107,-31.009,-131.090652,0.007507,7.955,-14.274,-13.353,0.000000
3385.666260,-29.739,-138.991638,0.006487,7.955,-14.304,-13.379,0.000000
3397.387695,-29.240,-139.098984,0.006128,7.955,-14.335,-13.405,0.000000
3409.146484,-29.767,-147.496109,0.006513,7.955,-14.365,-13.431,0.000000
3420.946045,-29.512,-174.114563,0.006327,7.955,-14.396,-13.457,0.000000
3432.789795,-28.695,169.445770,0.005761,7.955,-14.426,-13.483,0.000000
3444.674316,-27.876,179.594421,0.005244,7.955,-14.457,-13.509,0.000000
3456.596924,-26.937,-166.068680,0.004709,7.955,-14.488,-13.536,0.000000
3468.560547,-26.227,-159.908752,0.004341,7.955,-14.519,-13.562,0.000000
3480.569092,-26.414,-157.598633,0.004436,7.955,-14.550,-13.589,0.000000
3492.615723,-26.740,-150.973129,0.004608,7.955,-14.581,-13.616,0.000000
3504.707520,-26.639,-165.891144,0.004556,7.955,-14.612,-13.642,0.000000
3516.837891,-26.722,-169.769073,0.004601,7.955,-14.644,-13.669,0.000000
3529.013428,-27.124,-147.245758,0.004821,7.955,-14.675,-13.696,0.000000
3541.228027,-27.310,-111.546341,0.004927,7.955,-14.707,-13.723,0.000000
3553.484619,-28.632,-88.532806,0.005738,7.955,-14.739,-13.750,0.000000
3565.787109,-29.961,-70.674355,0.006687,7.955,-14.770,-13.777,0.000000
3578.132080,-30.542,-56.478142,0.007151,7.955,-14.802,-13.805,0.000000
3590.516602,-29.683,-39.953888,0.006479,7.955,-14.834,-13.832,0.000000
3602.943848,-27.624,-11.680430,0.005112,7.955,-14.867,-13.860,0.000000
3615.417480,-26.087,-4.919982,0.004284,7.955,-14.899,-13.887,0.000000
3627.934570,-25.093,-4.188319,0.003821,7.955,-14.931,-13.915,0.000000
3640.491211,-25.315,10.874684,0.003920,7.955,-14.964,-13.943,0.000000
3653.091553,-25.386,22.486168,0.003952,7.955,-14.996,-13.971,0.000000
3665.739014,-25.360,55.747478,0.003940,7.955,-15.029,-13.999,0.000000
3678.426514,-25.767,73.998383,0.004129,7.955,-15.062,-14.027,0.000000
3691.161621,-25.930,121.369392,0.004207,7.955,-15.095,-14.055,0.000000
3703.937256,-27.058,-159.248062,0.004791,7.955,-15.128,-14.083,0.000000
3716.760498,-29.121,-107.517502,0.006075,7.955,-15.161,-14.112,0.000000
3729.628418,-31.176,-95.307434,0.007697,7.955,-15.194,-14.140,0.000000
3742.533447,-31.747,-92.523186,0.008220,7.955,-15.228,-14.169,0.000000
3755.490479,-30.933,-75.617317,0.007485,7.955,-15.261,-14.197,0.000000
3768.492432,-29.913,-73.363449,0.006655,7.955,-15.295,-14.226,0.000000
3781.535645,-29.674,-70.848419,0.006475,7.955,-15.329,-14.255,0.000000
3794.624023,-29.895,-73.567513,0.006642,7.955,-15.363,-14.284,0.000000
3807.761475,-29.106,-80.708611,0.006063,7.955,-15.397,-14.313,0.000000
3820.940674,-28.755,-85.050476,0.005823,7.955,-15.431,-14.342,0.000000
3834.169189,-28.706,-79.575691,0.005789,7.955,-15.465,-14.372,0.000000
3847.439697,-29.416,-69.951813,0.006281,7.955,-15.499,-14.401,0.000000
3860.760010,-29.541,-58.543499,0.006370,7.955,-15.534,-14.430,0.000000
3874.126221,-29.746,-52.237808,0.006522,7.955,-15.568,-14.460,0.000000
3887.531494,-29.434,-50.260990,0.006290,7.955,-15.603,-14.490,0.000000
3900.990479,-29.293,-38.042446,0.006188,7.955,-15.638,-14.519,0.000000
3914.496094,-29.612,-37.840141,0.006418,7.955,-15.673,-14.549,0.000000
3928.048340,-30.089,-33.332623,0.006780,7.955,-15.708,-14.579,0.000000
3941.640137,-30.108,-1.493093,0.006793,7.955,-15.743,-14.609,0.000000
3955.286377,-29.661,32.712009,0.006451,7.955,-15.778,-14.640,0.000000
3968.979980,-29.028,84.235390,0.005997,7.955,-15.814,-14.670,0.000000
3982.717285,-29.145,145.555084,0.006078,7.955,-15.849,-14.700,0.000000
3996.501953,-29.770,163.351303,0.006530,7.955,-15.885,-14.731,0.000000
4010.338135,-30.059,176.322327,0.006749,7.955,-15.898,-14.741,0.000000
4024.218506,-29.856,-176.662872,0.006592,7.955,-15.903,-14.745,0.000000
4038.150879,-29.829,-178.951447,0.006571,7.955,-15.908,-14.749,0.000000
4052.127441,-29.060,-172.513077,0.006013,7.955,-15.913,-14.752,0.000000
4066.156250,-28.770,-147.531082,0.005814,7.955,-15.918,-14.756,0.000000
4080.233643,-29.356,-89.087051,0.006217,7.955,-15.923,-14.760,0.000000
4094.352051,-29.844,-32.311317,0.006575,7.955,-15.928,-14.764,0.000000
4108.526855,-29.670,-6.596641,0.006442,7.955,-15.933,-14.767,0.000000
4122.750977,-28.337,-2.875993,0.005524,7.955,-15.938,-14.771,0.000000
4137.020508,-27.852,17.616209,0.005222,7.955,-15.943,-14.775,0.000000
4151.339355,-27.740,48.412315,0.005154,7.955,-15.948,-14.779,0.000000
4165.711914,-28.272,95.732285,0.005476,7.955,-15.954,-14.783,0.000000
4180.133789,-29.133,126.014214,0.006044,7.955,-15.959,-14.787,0.000000
4194.601562,-29.500,147.866257,0.006301,7.955,-15.964,-14.790,0.000000
4209.120117,-29.675,160.357269,0.006426,7.955,-15.969,-14.794,0.000000
4223.692383,-29.585,175.881210,0.006357,7.955,-15.974,-14.798,0.000000
4238.314941,-29.798,-168.506989,0.006512,7.955,-15.980,-14.802,0.000000
4252.980469,-30.659,-149.513947,0.007186,7.955,-15.985,-14.806,0.000000
4267.704590,-30.693,-133.597351,0.007211,7.955,-15.990,-14.810,0.000000
4282.479980,-30.970,-113.241608,0.007443,7.955,-15.995,-14.814,0.000000
4297.306152,-30.935,-113.322685,0.007411,7.955,-16.001,-14.818,0.000000
4312.175781,-30.600,-98.442093,0.007128,7.954,-16.006,-14.822,0.000000
4327.104980,-30.023,-81.653053,0.006667,7.954,-16.011,-14.826,0.000000
4342.085449,-29.976,-77.610565,0.006629,7.954,-16.017,-14.830,0.000000
4357.114258,-30.560,-66.028481,0.007087,7.954,-16.022,-14.834,0.000000
4372.194824,-31.888,-42.230362,0.008254,7.954,-16.028,-14.838,0.000000
4387.331543,-32.882,-173.705963,0.009249,7.954,-16.033,-14.842,0.000000
4402.520996,-33.223,-159.514740,0.009615,7.954,-16.039,-14.846,0.000000
4417.758789,-32.405,-138.492401,0.008746,7.954,-16.044,-14.850,0.000000
4433.049316,-31.322,-131.340714,0.007717,7.954,-16.049,-14.854,0.000000
4448.396973,-30.281,-135.827667,0.006842,7.954,-16.055,-14.858,0.000000
4463.797852,-29.018,-177.215103,0.005913,7.954,-16.060,-14.862,0.000000
4479.243164,-28.567,-4.297218,0.005609,7.954,-16.066,-14.866,0.000000
4494.750977,-28.409,-24.271996,0.005504,7.954,-16.072,-14.870,0.000000
4510.312012,-28.153,-47.501003,0.005341,7.954,-16.077,-14.874,0.000000
4525.922852,-27.870,-59.660912,0.005166,7.954,-16.083,-14.879,0.000000
4541.587891,-27.823,-60.962135,0.005134,7.954,-16.088,-14.883,0.000000
4557.311035,-28.613,-20.653788,0.005620,7.954,-16.094,-14.887,0.000000
4573.088867,-29.557,57.196583,0.006262,7.954,-16.100,-14.891,0.000000
4588.916992,-30.801,130.827591,0.007222,7.954,-16.105,-14.895,0.000000
4604.799805,-32.530,174.806488,0.008808,7.954,-16.111,-14.900,0.000000
4620.742188,-33.166,173.785660,0.009473,7.954,-16.117,-14.904,0.000000
4636.739746,-33.001,146.225403,0.009289,7.954,-16.122,-14.908,0.000000
4652.788086,-33.677,105.749161,0.010036,7.954,-16.128,-14.912,0.000000
4668.892090,-34.982,87.537277,0.011657,7.954,-16.134,-14.917,0.000000
4685.056152,-35.029,76.876793,0.011714,7.954,-16.140,-14.921,0.000000
4701.276367,-35.774,80.136375,0.012757,7.954,-16.146,-14.925,0.000000
4717.543457,-36.640,58.784401,0.014087,7.954,-16.151,-14.930,0.000000
4733.875977,-36.527,41.133587,0.013897,7.954,-16.157,-14.934,0.000000
4750.265137,-35.432,41.024643,0.012245,7.954,-16.163,-14.938,0.000000
4766.706543,-34.727,31.658316,0.011284,7.954,-16.169,-14.943,0.000000
4783.209473,-33.926,19.108128,0.010285,7.954,-16.175,-14.947,0.000000
4799.764648,-32.507,29.567413,0.008730,7.954,-16.181,-14.951,0.000000
4816.381836,-31.633,42.202385,0.007891,7.954,-16.187,-14.956,0.000000
4833.052246,-31.362,40.907185,0.007644,7.954,-16.193,-14.960,0.000000
4849.779785,-30.749,33.649662,0.007120,7.954,-16.199,-14.965,0.000000
4866.570312,-30.510,38.198212,0.006923,7.954,-16.205,-14.969,0.000000
4883.418945,-30.887,26.311222,0.007226,7.954,-16.211,-14.974,0.000000
4900.316406,-31.089,33.693157,0.007394,7.954,-16.217,-14.978,0.000000
4917.281738,-30.880,64.269058,0.007215,7.954,-16.223,-14.983,0.000000
4934.305664,-31.393,71.406944,0.007652,7.954,-16.229,-14.987,0.000000
4951.388672,-31.973,8.704805,0.008177,7.954,-16.235,-14.992,0.000000
4968.521484,-31.034,10.662940,0.007337,7.954,-16.241,-14.996,0.000000
4985.723145,-30.851,46.855759,0.007181,7.954,-16.248,-15.001,0.000000
5002.984375,-30.027,92.730949,0.006529,7.954,-16.254,-15.005,0.000000
5020.300293,-30.137,126.200806,0.006610,7.954,-16.260,-15.010,0.000000
5037.681152,-29.708,62.520824,0.006290,7.954,-16.266,-15.015,0.000000
5055.117188,-30.142,51.717415,0.006610,7.954,-16.272,-15.019,0.000000
5072.618164,-29.810,54.178005,0.006359,7.954,-16.279,-15.024,0.000000
5090.175293,-28.893,82.827896,0.005720,7.954,-16.285,-15.029,0.000000
5107.792969,-27.846,115.393059,0.005069,7.954,-16.291,-15.033,0.000000
5125.477051,-27.156,138.082428,0.004680,7.954,-16.298,-15.038,0.000000
5143.221680,-27.812,120.444046,0.005046,7.954,-16.304,-15.043,0.000000
5161.018066,-27.885,79.176651,0.005086,7.954,-16.310,-15.047,0.000000
5178.886230,-28.136,106.159561,0.005234,7.954,-16.317,-15.052,0.000000
5196.815918,-27.969,-117.684372,0.005132,7.954,-16.323,-15.057,0.000000
5214.802734,-28.118,-83.661003,0.005219,7.954,-16.330,-15.062,0.000000
5232.856934,-28.204,-67.356590,0.005270,7.954,-16.336,-15.067,0.000000
5250.968750,-29.190,-47.815567,0.005901,7.954,-16.343,-15.071,0.000000
5269.147949,-30.264,-27.501875,0.006677,7.954,-16.349,-15.076,0.000000
5287.385254,-30.006,-12.207377,0.006481,7.954,-16.356,-15.081,0.000000
5305.685547,-30.017,-5.299877,0.006488,7.954,-16.362,-15.086,0.000000
5324.054199,-29.821,3.755853,0.006342,7.954,-16.369,-15.091,0.000000
5342.486816,-29.389,32.824955,0.006034,7.954,-16.375,-15.096,0.000000
5360.978027,-29.181,64.437004,0.005890,7.954,-16.382,-15.101,0.000000
5379.532715,-28.591,101.383232,0.005503,7.954,-16.389,-15.106,0.000000
5398.157227,-28.819,132.727966,0.005649,7.954,-16.395,-15.111,0.000000
5416.846191,-29.276,164.314240,0.005954,7.954,-16.402,-15.116,0.000000
5435.594727,-30.072,-167.809937,0.006526,7.954,-16.409,-15.121,0.000000
5454.408203,-30.395,-155.086807,0.006773,7.954,-16.416,-15.126,0.000000
5473.291992,-30.232,-156.615265,0.006647,7.954,-16.422,-15.131,0.000000
5492.235352,-30.244,-150.083328,0.006656,7.954,-16.429,-15.136,0.000000
5511.250000,-31.294,-144.090546,0.007509,7.954,-16.436,-15.141,0.000000
5530.325195,-32.857,-136.517731,0.008988,7.954,-16.443,-15.146,0.000000
5549.472168,-32.879,-115.863899,0.009011,7.954,-16.450,-15.151,0.000000
5568.679199,-31.971,-107.489960,0.008114,7.954,-16.457,-15.156,0.000000
5587.953613,-30.979,-100.430275,0.007237,7.954,-16.463,-15.161,0.000000
5607.299316,-29.737,-65.896500,0.006272,7.954,-16.470,-15.166,0.000000
5626.712402,-28.966,-24.464970,0.005740,7.954,-16.477,-15.171,0.000000
5646.181641,-28.615,-26.691759,0.005513,7.954,-16.484,-15.177,0.000000
5665.729492,-28.433,-19.341852,0.005400,7.954,-16.491,-15.182,0.000000
5685.344727,-28.104,-17.410494,0.005200,7.954,-16.498,-15.187,0.000000
5705.027832,-28.155,-15.373775,0.005231,7.954,-16.505,-15.192,0.000000
5724.773926,-28.558,-6.726527,0.005481,7.954,-16.512,-15.197,0.000000
5744.587891,-29.712,17.716833,0.006261,7.954,-16.520,-15.203,0.000000
5764.476562,-30.202,-4.878397,0.006624,7.954,-16.527,-15.208,0.000000
5784.428223,-31.052,-31.850132,0.007305,7.954,-16.534,-15.213,0.000000
5804.448730,-31.805,-42.217148,0.007967,7.954,-16.541,-15.219,0.000000
5824.544434,-30.782,-67.945335,0.007082,7.954,-16.548,-15.224,0.000000
5844.709473,-30.179,-71.897568,0.006607,7.954,-16.555,-15.229,0.000000
5864.938965,-29.707,-58.884186,0.006257,7.954,-16.563,-15.235,0.000000
5885.238281,-29.350,-53.755516,0.006005,7.954,-16.570,-15.240,0.000000
5905.613281,-29.100,-42.027107,0.005835,7.954,-16.577,-15.246,0.000000
5926.059082,-29.221,-37.654308,0.005917,7.954,-16.585,-15.251,0.000000
5946.570312,-29.720,-41.876442,0.006266,7.954,-16.592,-15.256,0.000000
5967.151855,-29.684,-46.550556,0.006241,7.954,-16.599,-15.262,0.000000
5987.811035,-30.267,-28.998833,0.006674,7.954,-16.607,-15.267,0.000000
6008.535645,-30.661,-25.802153,0.006984,7.954,-16.614,-15.273,0.000000
6029.337402,-31.698,-31.159832,0.007868,7.954,-16.622,-15.279,0.000000
6050.206055,-32.487,-14.422788,0.008615,7.954,-16.629,-15.284,0.000000
6071.152344,-31.726,-1.676557,0.007891,7.954,-16.637,-15.290,0.000000
6092.165527,-30.933,13.486184,0.007201,7.954,-16.644,-15.295,0.000000
6113.251465,-29.657,105.855598,0.006216,7.954,-16.652,-15.301,0.000000
6134.416016,-29.267,144.059433,0.005943,7.954,-16.659,-15.306,0.000000
6155.653809,-29.084,-149.812119,0.005818,7.954,-16.667,-15.312,0.000000
6176.959473,-29.172,-156.517441,0.005876,7.954,-16.675,-15.318,0.000000
6198.338867,-28.859,131.067673,0.005667,7.954,-16.682,-15.323,0.000000
6219.797852,-28.596,132.532394,0.005497,7.954,-16.690,-15.329,0.000000
6241.331543,-29.378,148.311096,0.006014,7.954,-16.698,-15.335,0.000000
6262.933594,-30.079,152.347015,0.006518,7.954,-16.705,-15.341,0.000000
6284.610352,-30.780,162.025574,0.007065,7.954,-16.713,-15.346,0.000000
6306.368652,-31.487,136.325333,0.007662,7.954,-16.721,-15.352,0.000000
6328.195801,-31.104,114.487518,0.007330,7.954,-16.729,-15.358,0.000000
6350.104492,-30.034,108.684006,0.006480,7.954,-16.737,-15.364,0.000000
6372.083008,-29.689,119.349609,0.006227,7.954,-16.745,-15.370,0.000000
6394.143555,-30.084,139.735062,0.006515,7.954,-16.752,-15.376,0.000000
6416.274902,-30.039,133.310822,0.006480,7.954,-16.760,-15.381,0.000000
6438.482422,-30.121,161.885574,0.006541,7.954,-16.768,-15.387,0.000000
6460.772949,-30.431,-173.608551,0.006776,7.954,-16.776,-15.393,0.000000
6483.140625,-30.041,167.376648,0.006477,7.954,-16.784,-15.399,0.000000
6505.580078,-30.457,-170.410950,0.006792,7.954,-16.792,-15.405,0.000000
6528.096680,-31.410,-167.263809,0.007577,7.954,-16.800,-15.411,0.000000
6550.697266,-31.948,-163.756058,0.008058,7.954,-16.809,-15.417,0.000000
6573.370605,-32.077,-153.158173,0.008176,7.954,-16.817,-15.423,0.000000
6596.127930,-31.579,176.120071,0.007718,7.954,-16.825,-15.429,0.000000
6618.958008,-31.084,178.980896,0.007287,7.954,-16.833,-15.435,0.000000
6641.873535,-31.099,175.589203,0.007298,7.954,-16.841,-15.441,0.000000
6664.861816,-31.336,-177.262283,0.007497,7.954,-16.849,-15.448,0.000000
6687.930176,-31.356,-170.224625,0.007512,7.954,-16.858,-15.454,0.000000
6711.084473,-29.974,169.655487,0.006405,7.954,-16.866,-15.460,0.000000
6734.318848,-29.450,-173.543106,0.006028,7.954,-16.874,-15.466,0.000000
6757.633301,-29.805,173.217072,0.006277,7.954,-16.883,-15.472,0.000000
6781.016113,-29.760,-157.597153,0.006241,7.954,-16.891,-15.479,0.000000
6804.492676,-29.804,-118.307861,0.006270,7.954,-16.900,-15.485,0.000000
6828.050293,-29.399,-114.583290,0.005980,7.954,-16.908,-15.491,0.000000
6851.683105,-28.931,-100.709976,0.005664,7.954,-16.916,-15.497,0.000000
6875.397949,-29.000,-93.955124,0.005706,7.954,-16.925,-15.504,0.000000
6899.201172,-29.518,-107.543022,0.006054,7.954,-16.933,-15.510,0.000000
6923.080078,-30.868,-86.437317,0.007068,7.954,-16.942,-15.516,0.000000
6947.048828,-31.563,-80.824196,0.007653,7.954,-16.951,-15.523,0.000000
6971.093262,-31.278,-68.285767,0.007402,7.954,-16.959,-15.529,0.000000
6995.228027,-31.311,-54.237377,0.007427,7.954,-16.968,-15.535,0.000000
7019.446289,-31.954,-56.303997,0.007993,7.954,-16.977,-15.542,0.000000
7043.734863,-31.941,-46.332054,0.007977,7.954,-16.985,-15.548,0.000000
7068.120605,-31.446,-128.313599,0.007531,7.954,-16.994,-15.555,0.000000
7092.591309,-31.885,-149.438293,0.007918,7.954,-17.003,-15.561,0.000000
7117.139648,-31.623,177.884781,0.007681,7.954,-17.012,-15.568,0.000000
7141.772949,-30.734,-164.941376,0.006932,7.954,-17.020,-15.574,0.000000
7166.498535,-30.586,-171.968246,0.006812,7.954,-17.029,-15.581,0.000000
7191.309570,-31.497,-171.485321,0.007562,7.954,-17.038,-15.588,0.000000
7216.199707,-31.572,-157.233780,0.007625,7.954,-17.047,-15.594,0.000000
7241.176270,-31.760,-146.175430,0.007789,7.954,-17.056,-15.601,0.000000
7266.245605,-32.396,-152.185730,0.008377,7.954,-17.065,-15.608,0.000000
7291.402344,-33.324,-162.795303,0.009317,7.954,-17.074,-15.614,0.000000
7316.631836,-33.382,-152.398300,0.009374,7.954,-17.083,-15.621,0.000000
7341.962402,-34.394,-142.901306,0.010527,7.954,-17.092,-15.628,0.000000
7367.381348,-34.834,156.588409,0.011068,7.954,-17.101,-15.635,0.000000
7392.887695,-34.880,126.257507,0.011122,7.954,-17.110,-15.641,0.000000
7418.468262,-34.639,-35.018410,0.010811,7.954,-17.120,-15.648,0.000000
7444.151855,-35.085,64.231956,0.011375,7.954,-17.129,-15.655,0.000000
7469.924316,-34.012,73.877289,0.010048,7.954,-17.138,-15.662,0.000000
7495.778809,-33.054,90.218346,0.008994,7.954,-17.147,-15.669,0.000000
7521.722656,-32.065,111.614265,0.008022,7.954,-17.157,-15.676,0.000000
7547.763672,-32.176,122.802383,0.008120,7.954,-17.166,-15.683,0.000000
7573.887207,-31.934,125.368347,0.007893,7.954,-17.175,-15.689,0.000000
7600.108887,-31.488,118.026596,0.007495,7.954,-17.185,-15.696,0.000000
7626.414062,-31.262,85.658775,0.007299,7.954,-17.194,-15.703,0.000000
7652.817383,-31.480,102.130875,0.007480,7.954,-17.204,-15.710,0.000000
7679.312012,-31.706,101.979607,0.007673,7.954,-17.213,-15.717,0.000000
7705.883789,-32.355,120.083878,0.008265,7.954,-17.223,-15.725,0.000000
7732.562500,-33.269,81.229919,0.009176,7.954,-17.232,-15.732,0.000000
7759.333008,-33.354,86.015411,0.009262,7.954,-17.242,-15.739,0.000000
7786.189453,-33.269,109.079948,0.009167,7.954,-17.251,-15.746,0.000000
7813.138672,-32.975,139.867081,0.008857,7.954,-17.261,-15.753,0.000000
7840.188477,-33.117,145.228180,0.008999,7.954,-17.271,-15.760,0.000000
7867.331543,-32.829,122.891022,0.008701,7.954,-17.281,-15.768,0.000000
7894.561523,-32.773,130.014008,0.008641,7.954,-17.290,-15.775,0.000000
7921.885742,-33.063,125.712067,0.008930,7.954,-17.300,-15.782,0.000000
7949.312012,-33.344,125.949684,0.009218,7.954,-17.310,-15.789,0.000000
7976.833496,-33.311,155.103455,0.009179,7.954,-17.320,-15.797,0.000000
8004.442383,-33.491,129.268707,0.009365,7.954,-17.328,-15.803,0.000000
8032.146973,-34.266,122.540703,0.010234,7.954,-17.329,-15.803,0.000000
8059.955078,-34.862,121.183983,0.010956,7.954,-17.330,-15.804,0.000000
8087.859375,-35.040,132.592407,0.011177,7.954,-17.330,-15.804,0.000000
8115.844727,-33.750,125.070595,0.009630,7.954,-17.331,-15.805,0.000000
8143.942383,-32.761,162.396057,0.008587,7.954,-17.332,-15.806,0.000000
8172.137695,-32.595,-126.474915,0.008416,7.954,-17.333,-15.806,0.000000
8200.422852,-32.854,-91.631050,0.008664,7.954,-17.333,-15.807,0.000000
8228.805664,-32.829,-68.066612,0.008631,7.954,-17.334,-15.807,0.000000
8257.293945,-32.930,-57.860279,0.008725,7.954,-17.335,-15.808,0.000000
8285.881836,-32.524,-90.858887,0.008320,7.954,-17.336,-15.808,0.000000
8314.560547,-31.782,-98.962463,0.007632,7.954,-17.336,-15.809,0.000000
8343.337891,-32.086,-91.128860,0.007895,7.954,-17.337,-15.809,0.000000
8372.223633,-31.936,-72.321404,0.007752,7.954,-17.338,-15.810,0.000000
8401.208984,-31.634,-73.633148,0.007480,7.954,-17.339,-15.810,0.000000
8430.278320,-31.025,-160.403610,0.006966,7.954,-17.339,-15.811,0.000000
8459.464844,-30.470,-178.112381,0.006528,7.954,-17.340,-15.811,0.000000
8488.752930,-30.562,-146.122635,0.006590,7.954,-17.341,-15.812,0.000000
8518.141602,-30.476,-121.553635,0.006519,7.954,-17.342,-15.812,0.000000
8547.616211,-30.162,176.332047,0.006279,7.954,-17.342,-15.813,0.000000
8577.208008,-30.718,162.514420,0.006687,7.954,-17.343,-15.814,0.000000
8606.903320,-30.915,162.264694,0.006831,7.954,-17.344,-15.814,0.000000
8636.693359,-31.936,-169.969086,0.007675,7.954,-17.345,-15.815,0.000000
8666.594727,-32.521,115.106529,0.008199,7.954,-17.346,-15.815,0.000000
8696.590820,-33.064,9.741541,0.008717,7.954,-17.346,-15.816,0.000000
8726.699219,-31.517,57.642693,0.007285,7.954,-17.347,-15.816,0.000000
8756.903320,-30.773,90.397797,0.006677,7.954,-17.348,-15.817,0.000000
8787.211914,-30.818,124.994438,0.006701,7.954,-17.349,-15.817,0.000000
8817.634766,-30.008,53.473141,0.006095,7.954,-17.349,-15.818,0.000000
8848.162109,-29.927,87.095657,0.006029,7.954,-17.350,-15.819,0.000000
8878.778320,-29.856,148.656647,0.005970,7.954,-17.351,-15.819,0.000000
8909.517578,-29.240,-89.181709,0.005553,7.954,-17.352,-15.820,0.000000
8940.363281,-29.281,-88.813187,0.005570,7.954,-17.353,-15.820,0.000000
8971.306641,-29.886,-65.639786,0.005961,7.954,-17.353,-15.821,0.000000
9002.366211,-30.882,-45.213535,0.006674,7.954,-17.354,-15.822,0.000000
9033.524414,-31.264,-40.841057,0.006963,7.954,-17.355,-15.822,0.000000
9064.799805,-31.749,-64.355042,0.007350,7.954,-17.356,-15.823,0.000000
9096.173828,-31.082,-63.892738,0.006795,7.954,-17.357,-15.823,0.000000
9127.657227,-30.789,-52.614029,0.006557,7.954,-17.358,-15.824,0.000000
9159.257812,-31.102,-78.034416,0.006784,7.954,-17.358,-15.824,0.000000
9190.967773,-30.118,-84.893600,0.006045,7.954,-17.359,-15.825,0.000000
9222.770508,-30.116,-145.292206,0.006031,7.954,-17.360,-15.826,0.000000
9254.701172,-30.294,-88.856018,0.006143,7.954,-17.361,-15.826,0.000000
9286.741211,-30.244,-108.960617,0.006095,7.954,-17.362,-15.827,0.000000
9318.892578,-30.534,38.978962,0.006289,7.954,-17.363,-15.827,0.000000
9351.137695,-31.834,6.265335,0.007288,7.954,-17.363,-15.828,0.000000
9383.512695,-33.089,-57.032177,0.008402,7.954,-17.364,-15.829,0.000000
9415.999023,-33.633,-35.220299,0.008926,7.954,-17.365,-15.829,0.000000
9448.588867,-35.260,-11.047414,0.010741,7.954,-17.366,-15.830,0.000000
9481.300781,-35.902,-12.596611,0.011538,7.953,-17.367,-15.830,0.000000
9514.117188,-35.924,-12.650535,0.011542,7.953,-17.368,-15.831,0.000000
9547.055664,-36.144,-16.793779,0.011811,7.953,-17.369,-15.832,0.000000
9580.099609,-37.228,-21.505545,0.013346,7.953,-17.369,-15.832,0.000000
9613.257812,-37.225,-16.347401,0.013309,7.953,-17.370,-15.833,0.000000
9646.540039,-36.463,-1.514660,0.012160,7.953,-17.371,-15.834,0.000000
9679.936523,-36.277,3.509955,0.011871,7.953,-17.372,-15.834,0.000000
9713.431641,-35.856,8.565913,0.011280,7.953,-17.373,-15.835,0.000000
9747.060547,-35.234,37.302364,0.010473,7.953,-17.374,-15.835,0.000000
9780.805664,-34.618,51.201237,0.009730,7.953,-17.375,-15.836,0.000000
9814.658203,-34.352,77.200302,0.009411,7.953,-17.376,-15.837,0.000000
9848.637695,-32.592,68.355049,0.007664,7.953,-17.376,-15.837,0.000000
9882.724609,-32.133,69.702065,0.007250,7.953,-17.377,-15.838,0.000000
9916.939453,-32.082,40.014534,0.007187,7.953,-17.378,-15.839,0.000000
9951.263672,-32.295,24.362886,0.007345,7.953,-17.379,-15.839,0.000000
9985.706055,-32.453,22.489420,0.007459,7.953,-17.380,-15.840,0.000000
10020.278320,-33.178,24.782932,0.008086,7.953,-17.381,-15.840,0.000000
10054.968750,-33.765,22.767984,0.008628,7.953,-17.382,-15.841,0.000000
10089.770508,-34.299,31.978817,0.009150,7.953,-17.383,-15.842,0.000000
10124.692383,-34.988,28.321873,0.009878,7.953,-17.384,-15.842,0.000000
10159.745117,-36.363,21.214495,0.011541,7.953,-17.385,-15.843,0.000000
10194.918945,-35.595,62.724838,0.010535,7.953,-17.385,-15.844,0.000000
10230.205078,-34.686,99.917450,0.009462,7.953,-17.386,-15.844,0.000000
10265.613281,-34.656,106.866821,0.009404,7.953,-17.387,-15.845,0.000000
10301.154297,-34.012,115.588432,0.008707,7.953,-17.388,-15.846,0.000000
10336.807617,-34.248,111.936981,0.008923,7.953,-17.389,-15.846,0.000000
10372.594727,-34.506,92.184776,0.009166,7.953,-17.390,-15.847,0.000000
10408.496094,-34.487,130.292938,0.009121,7.953,-17.391,-15.848,0.000000
10444.531250,-34.190,160.277969,0.008790,7.953,-17.392,-15.848,0.000000
10480.680664,-34.570,156.802658,0.009158,7.953,-17.393,-15.849,0.000000
10516.956055,-35.322,129.428772,0.009961,7.953,-17.394,-15.850,0.000000
10553.367188,-35.170,119.134125,0.009763,7.953,-17.395,-15.850,0.000000
10589.903320,-34.938,152.980927,0.009482,7.953,-17.396,-15.851,0.000000
10626.546875,-34.437,-171.756271,0.008927,7.953,-17.397,-15.852,0.000000
10663.336914,-33.313,-172.931229,0.007822,7.953,-17.398,-15.852,0.000000
10700.253906,-33.125,104.996353,0.007635,7.953,-17.399,-15.853,0.000000
10737.299805,-33.307,96.002136,0.007776,7.953,-17.400,-15.854,0.000000
10774.462891,-32.407,133.964111,0.006992,7.953,-17.401,-15.855,0.000000
10811.754883,-31.930,159.266586,0.006600,7.953,-17.402,-15.855,0.000000
10849.185547,-31.905,170.196152,0.006563,7.953,-17.403,-15.856,0.000000
10886.736328,-32.313,157.665787,0.006860,7.953,-17.404,-15.857,0.000000
10924.427734,-32.264,121.438530,0.006802,7.953,-17.405,-15.857,0.000000
10962.238281,-32.362,136.859253,0.006861,7.953,-17.406,-15.858,0.000000
11000.190430,-32.901,-163.875809,0.007281,7.953,-17.407,-15.859,0.000000
11038.263672,-32.997,-148.644409,0.007345,7.953,-17.408,-15.859,0.000000
11076.468750,-33.586,-136.968155,0.007841,7.953,-17.409,-15.860,0.000000
11114.816406,-35.090,-94.512848,0.009301,7.953,-17.410,-15.861,0.000000
11153.296875,-35.157,-126.259689,0.009351,7.953,-17.411,-15.862,0.000000
11191.900391,-35.300,-160.147858,0.009483,7.953,-17.412,-15.862,0.000000
11230.636719,-35.426,162.010406,0.009598,7.953,-17.413,-15.863,0.000000
11269.518555,-35.844,162.737350,0.010046,7.953,-17.414,-15.864,0.000000
11308.523438,-35.483,140.766037,0.009612,7.953,-17.415,-15.865,0.000000
11347.674805,-34.927,141.072876,0.008993,7.953,-17.416,-15.865,0.000000
11386.951172,-34.661,155.612732,0.008699,7.953,-17.417,-15.866,0.000000
11426.373047,-34.707,167.955780,0.008722,7.953,-17.418,-15.867,0.000000
11465.921875,-34.852,177.679703,0.008846,7.953,-17.419,-15.867,0.000000
11505.606445,-34.080,-166.769043,0.008073,7.953,-17.420,-15.868,0.000000
11545.440430,-34.192,-149.751984,0.008159,7.953,-17.421,-15.869,0.000000
11585.412109,-33.864,-143.390015,0.007837,7.953,-17.422,-15.870,0.000000
11625.521484,-33.725,-124.609886,0.007694,7.953,-17.423,-15.870,0.000000
11665.748047,-33.209,-109.779274,0.007233,7.953,-17.424,-15.871,0.000000
11706.135742,-33.783,-113.280022,0.007709,7.953,-17.425,-15.872,0.000000
11746.664062,-33.768,-119.406807,0.007677,7.953,-17.426,-15.873,0.000000
11787.320312,-33.523,-119.146843,0.007445,7.953,-17.427,-15.873,0.000000
11828.118164,-33.634,-135.481522,0.007523,7.953,-17.428,-15.874,0.000000
11869.068359,-33.122,-134.351044,0.007075,7.953,-17.429,-15.875,0.000000
11910.148438,-32.443,-71.927696,0.006528,7.953,-17.430,-15.876,0.000000
11951.382812,-33.051,-8.124056,0.006984,7.953,-17.431,-15.876,0.000000
11992.748047,-33.201,-107.006958,0.007089,7.953,-17.433,-15.877,0.000000
12034.268555,-32.771,-124.847336,0.006729,7.953,-17.434,-15.878,0.000000
12075.931641,-32.458,-114.673950,0.006475,7.953,-17.435,-15.879,0.000000
12117.716797,-32.607,-71.437378,0.006570,7.953,-17.436,-15.880,0.000000
12159.669922,-32.335,-161.649231,0.006351,7.953,-17.437,-15.880,0.000000
12201.767578,-32.407,-174.033752,0.006387,7.953,-17.438,-15.881,0.000000
12243.999023,-32.752,86.379051,0.006629,7.953,-17.439,-15.882,0.000000
12286.377930,-33.157,139.260010,0.006927,7.953,-17.440,-15.883,0.000000
12328.914062,-33.695,60.366005,0.007350,7.953,-17.441,-15.884,0.000000
12371.597656,-34.056,64.705490,0.007642,7.953,-17.442,-15.884,0.000000
12414.417969,-34.033,85.998703,0.007600,7.953,-17.444,-15.885,0.000000
12457.385742,-34.206,84.964844,0.007732,7.953,-17.445,-15.886,0.000000
12500.514648,-34.301,68.707726,0.007795,7.953,-17.446,-15.887,0.000000
12543.780273,-35.101,71.933868,0.008524,7.953,-17.447,-15.888,0.000000
12587.196289,-35.185,105.560410,0.008582,7.953,-17.448,-15.888,0.000000
12630.774414,-35.090,63.171051,0.008463,7.953,-17.449,-15.889,0.000000
12674.502930,-33.641,80.384521,0.007140,7.953,-17.450,-15.890,0.000000
12718.383789,-33.280,118.180550,0.006827,7.953,-17.452,-15.891,0.000000
12762.391602,-33.843,99.509819,0.007260,7.953,-17.453,-15.892,0.000000
12806.576172,-34.403,82.464317,0.007718,7.953,-17.454,-15.892,0.000000
12850.914062,-33.383,67.450745,0.006840,7.953,-17.455,-15.893,0.000000
12895.392578,-33.091,70.250298,0.006593,7.953,-17.456,-15.894,0.000000
12940.025391,-32.837,25.769407,0.006381,7.953,-17.457,-15.895,0.000000
12984.825195,-33.306,50.496922,0.006712,7.953,-17.458,-15.896,0.000000
13029.767578,-33.781,77.263245,0.007065,7.953,-17.460,-15.897,0.000000
13074.876953,-34.974,60.401932,0.008076,7.953,-17.461,-15.897,0.000000
13120.131836,-34.486,62.649200,0.007609,7.953,-17.462,-15.898,0.000000
13165.554688,-34.454,87.612144,0.007555,7.953,-17.463,-15.899,0.000000
13211.134766,-34.715,99.344574,0.007758,7.953,-17.464,-15.900,0.000000
13256.847656,-35.470,103.374893,0.008430,7.953,-17.466,-15.901,0.000000
13302.744141,-36.038,79.160469,0.008966,7.953,-17.467,-15.902,0.000000
13348.799805,-36.462,79.066719,0.009379,7.953,-17.468,-15.903,0.000000
13395.001953,-36.894,93.795708,0.009820,7.953,-17.469,-15.903,0.000000
13441.363281,-36.565,58.009731,0.009419,7.953,-17.470,-15.904,0.000000
13487.899414,-36.605,29.391174,0.009426,7.953,-17.472,-15.905,0.000000
13534.595703,-37.038,12.403246,0.009869,7.953,-17.473,-15.906,0.000000
13581.440430,-37.266,65.595032,0.010090,7.953,-17.474,-15.907,0.000000
13628.447266,-38.046,101.929626,0.010993,7.953,-17.475,-15.908,0.000000
13675.630859,-37.091,143.084900,0.009808,7.953,-17.477,-15.909,0.000000
13722.976562,-37.244,157.214417,0.009940,7.953,-17.478,-15.910,0.000000
13770.473633,-36.997,158.868973,0.009621,7.953,-17.479,-15.910,0.000000
13818.135742,-37.136,128.281052,0.009736,7.953,-17.480,-15.911,0.000000
13865.975586,-36.826,128.489838,0.009353,7.953,-17.482,-15.912,0.000000
13913.980469,-36.815,110.369682,0.009300,7.953,-17.483,-15.913,0.000000
13962.125977,-36.989,84.846687,0.009446,7.953,-17.484,-15.914,0.000000
14010.463867,-36.803,57.396873,0.009205,7.953,-17.485,-15.915,0.000000
14058.969727,-37.220,54.836578,0.009614,7.953,-17.487,-15.916,0.000000
14107.628906,-37.401,73.690201,0.009772,7.953,-17.488,-15.917,0.000000
14156.458008,-37.596,86.359253,0.009949,7.953,-17.489,-15.918,0.000000
14205.468750,-37.648,78.871178,0.009961,7.953,-17.490,-15.919,0.000000
14254.635742,-37.414,103.758377,0.009649,7.953,-17.492,-15.919,0.000000
14303.986328,-37.508,78.617020,0.009708,7.953,-17.493,-15.920,0.000000
14353.495117,-37.180,72.994942,0.009303,7.953,-17.494,-15.921,0.000000
14403.188477,-37.159,67.086090,0.009236,7.953,-17.496,-15.922,0.000000
14453.052734,-37.031,75.388031,0.009056,7.953,-17.497,-15.923,0.000000
14503.063477,-36.672,-8.655849,0.008648,7.953,-17.498,-15.924,0.000000
14553.274414,-36.485,-75.460625,0.008423,7.953,-17.500,-15.925,0.000000
14603.659180,-36.615,17.597244,0.008509,7.953,-17.501,-15.926,0.000000
14654.218750,-36.007,-87.943100,0.007895,7.953,-17.502,-15.927,0.000000
14704.924805,-36.214,-48.703072,0.008047,7.953,-17.504,-15.928,0.000000
14755.834961,-36.156,-79.560844,0.007954,7.953,-17.505,-15.929,0.000000
14806.920898,-36.441,-86.611893,0.008180,7.953,-17.506,-15.930,0.000000
14858.168945,-36.745,-88.636925,0.008431,7.953,-17.508,-15.931,0.000000
14909.609375,-36.919,-64.766304,0.008561,7.953,-17.509,-15.932,0.000000
14961.213867,-37.491,14.439275,0.009099,7.953,-17.510,-15.933,0.000000
15013.010742,-37.315,52.669552,0.008874,7.953,-17.512,-15.934,0.000000
15064.973633,-37.610,33.411896,0.009136,7.953,-17.513,-15.935,0.000000
15117.115234,-38.023,60.019695,0.009535,7.953,-17.514,-15.936,0.000000
15169.452148,-38.221,68.065826,0.009708,7.953,-17.516,-15.936,0.000000
15221.969727,-38.700,71.051079,0.010207,7.953,-17.517,-15.937,0.000000
15274.640625,-38.702,77.352219,0.010158,7.952,-17.518,-15.938,0.000000
15327.523438,-38.566,74.005989,0.009951,7.952,-17.520,-15.939,0.000000
15380.588867,-38.275,84.415649,0.009575,7.952,-17.521,-15.940,0.000000
15433.823242,-38.434,103.656891,0.009703,7.952,-17.523,-15.941,0.000000
15487.241211,-38.071,144.029999,0.009259,7.952,-17.524,-15.942,0.000000
15540.859375,-38.172,164.461411,0.009322,7.952,-17.525,-15.943,0.000000
15594.664062,-37.487,-147.341156,0.008574,7.952,-17.527,-15.944,0.000000
15648.638672,-36.998,-133.717316,0.008066,7.952,-17.528,-15.945,0.000000
15702.800781,-36.877,-65.718422,0.007916,7.952,-17.530,-15.946,0.000000
15757.166016,-36.973,-33.742420,0.007965,7.952,-17.531,-15.947,0.000000
15811.718750,-36.607,40.511055,0.007600,7.952,-17.532,-15.948,0.000000
15866.429688,-36.374,94.729202,0.007362,7.952,-17.534,-15.949,0.000000
15921.361328,-36.930,39.415577,0.007811,7.952,-17.535,-15.951,0.000000
15976.482422,-36.441,43.863277,0.007347,7.952,-17.537,-15.952,0.000000
16031.793945,-36.796,33.973774,0.007615,7.952,-17.538,-15.953,0.000000
16087.267578,-36.688,70.299736,0.007483,7.952,-17.540,-15.954,0.000000
16142.962891,-36.617,136.645096,0.007386,7.952,-17.541,-15.955,0.000000
16198.851562,-36.503,137.634705,0.007253,7.952,-17.543,-15.956,0.000000
16254.917969,-36.056,128.003983,0.006854,7.952,-17.544,-15.957,0.000000
16311.194336,-36.049,176.143799,0.006816,7.952,-17.546,-15.958,0.000000
16367.649414,-35.260,97.010025,0.006195,7.952,-17.547,-15.959,0.000000
16424.316406,-34.779,104.923080,0.005833,7.952,-17.548,-15.960,0.000000
16481.162109,-34.382,100.437111,0.005546,7.952,-17.550,-15.961,0.000000
16538.205078,-34.401,104.008499,0.005531,7.952,-17.551,-15.962,0.000000
16595.462891,-34.829,83.233688,0.005782,7.952,-17.553,-15.963,0.000000
16652.917969,-34.372,41.312614,0.005459,7.952,-17.554,-15.964,0.000000
16710.539062,-34.413,86.947594,0.005458,7.952,-17.556,-15.965,0.000000
16768.392578,-34.384,47.241337,0.005412,7.952,-17.557,-15.966,0.000000
16826.447266,-34.810,56.244110,0.005656,7.952,-17.559,-15.967,0.000000
16884.685547,-34.804,56.548779,0.005624,7.952,-17.561,-15.968,0.000000
16943.142578,-34.696,58.466854,0.005526,7.952,-17.562,-15.970,0.000000
17001.785156,-34.461,69.785568,0.005352,7.952,-17.564,-15.971,0.000000
17060.646484,-33.480,84.421288,0.004758,7.952,-17.565,-15.972,0.000000
17119.695312,-33.514,83.108368,0.004753,7.952,-17.567,-15.973,0.000000
17178.949219,-33.124,93.819466,0.004523,7.952,-17.568,-15.974,0.000000
17238.423828,-31.911,118.904427,0.003914,7.952,-17.570,-15.975,0.000000
17298.105469,-31.295,106.246017,0.003629,7.952,-17.571,-15.976,0.000000
17357.976562,-30.326,150.863541,0.003230,7.952,-17.573,-15.977,0.000000
17418.054688,-29.536,160.363342,0.002935,7.952,-17.574,-15.978,0.000000
17478.357422,-29.299,140.223831,0.002842,7.952,-17.576,-15.980,0.000000
17538.869141,-29.227,-177.172928,0.002805,7.952,-17.578,-15.981,0.000000
17599.556641,-29.264,145.857346,0.002804,7.952,-17.579,-15.982,0.000000
17660.488281,-28.471,164.788605,0.002547,7.952,-17.581,-15.983,0.000000
17721.630859,-27.994,157.735535,0.002399,7.952,-17.582,-15.984,0.000000
17782.968750,-27.370,172.237915,0.002222,7.952,-17.584,-15.985,0.000000
17844.535156,-26.862,102.754219,0.002086,7.952,-17.586,-15.986,0.000000
17906.296875,-26.788,140.234146,0.002058,7.952,-17.587,-15.988,0.000000
17968.291016,-26.079,109.663200,0.001888,7.952,-17.589,-15.989,0.000000
18030.480469,-25.579,105.780434,0.001774,7.952,-17.591,-15.990,0.000000
18092.886719,-25.182,108.988251,0.001686,7.952,-17.592,-15.991,0.000000
18155.525391,-24.346,79.786003,0.001524,7.952,-17.594,-15.992,0.000000
18218.382812,-23.920,135.118042,0.001444,7.952,-17.595,-15.993,0.000000
18281.421875,-23.979,96.165993,0.001447,7.952,-17.597,-15.995,0.000000
18344.712891,-23.076,114.393593,0.001358,7.952,-17.599,-15.996,0.000000
18408.224609,-21.957,46.162121,0.001135,7.952,-17.600,-15.997,0.000000
18471.955078,-21.008,-136.112915,0.001013,7.952,-17.602,-15.998,0.000000
18535.888672,-20.616,51.005684,0.000964,7.952,-17.604,-15.999,0.000000
18600.044922,-20.027,113.185875,0.000946,7.952,-17.605,-16.000,0.000000
18664.439453,-19.717,152.556030,0.000867,7.952,-17.607,-16.002,0.000000
18729.041016,-19.576,177.380096,0.000873,7.952,-17.609,-16.003,0.000000
18793.880859,-18.528,132.768204,0.000952,7.952,-17.611,-16.004,0.000000
18858.929688,-16.468,86.388702,0.000748,7.952,-17.612,-16.005,0.000000
18924.220703,-16.414,-142.281754,0.000989,7.952,-17.614,-16.007,0.000000
18989.720703,-15.045,140.514404,0.001131,7.952,-17.616,-16.008,0.000000
19055.447266,-14.118,-172.237610,0.001431,7.952,-17.617,-16.009,0.000000
19121.417969,-13.406,-135.195648,0.000663,7.952,-17.619,-16.010,0.000000
19187.619141,-12.807,-82.212189,0.000801,7.952,-17.621,-16.011,0.000000
19254.029297,-11.864,-46.021679,0.001103,7.952,-17.623,-16.013,0.000000
19320.669922,-10.912,-103.789948,0.000658,7.952,-17.624,-16.014,0.000000
19387.560547,-11.496,-88.324898,0.001914,7.952,-17.626,-16.015,0.000000
19454.664062,-10.100,-167.456619,0.001945,7.952,-17.628,-16.016,0.000000
19522.017578,-8.032,-97.103088,0.001519,7.952,-17.630,-16.018,0.000000
19589.585938,-207.572,0.000000,0.000000,7.952,-17.631,-16.019,0.000000
19657.406250,-207.605,0.000000,0.000000,7.952,-17.633,-16.020,0.000000
19725.443359,-207.638,0.000000,0.000000,7.952,-17.635,-16.021,0.000000
19793.716797,-207.671,0.000000,0.000000,7.952,-17.637,-16.023,0.000000
19862.244141,-207.704,0.000000,0.000000,7.952,-17.638,-16.024,0.000000
19931.009766,-207.737,0.000000,0.000000,7.952,-17.640,-16.025,0.000000
19999.974609,-207.770,0.000000,0.000000,7.952,-17.642,-16.027,0.000000
