frequency_hz,spl_db,phase_deg,thd_percent,rt60_ms,c50_db,c80_db,group_delay_ms
20.000000,-27.614,-125.922653,0.004805,1.581,-1.034,-0.940,0.000000
20.069233,-28.920,-117.249794,0.005584,1.581,-1.034,-0.940,0.000000
20.138704,-29.036,-119.696655,0.005658,1.581,-1.034,-0.940,0.000000
20.208418,-29.171,-109.118690,0.005746,1.581,-1.034,-0.940,0.000000
20.278366,-28.502,-95.990517,0.005319,1.581,-1.034,-0.940,0.000000
20.348562,-29.450,-95.481735,0.005932,1.581,-1.034,-0.940,0.000000
20.419001,-30.030,-98.584274,0.006340,1.581,-1.034,-0.940,0.000000
20.489683,-30.879,-83.958572,0.006990,1.581,-1.034,-0.940,0.000000
20.560612,-31.142,-85.561821,0.007205,1.581,-1.034,-0.940,0.000000
20.631784,-30.962,-63.515759,0.007057,1.581,-1.034,-0.940,0.000000
20.703203,-30.286,-73.041954,0.006529,1.581,-1.034,-0.940,0.000000
20.774866,-28.977,-44.738434,0.005615,1.581,-1.034,-0.940,0.000000
20.846781,-29.084,-89.820671,0.005685,1.581,-1.034,-0.940,0.000000
20.918943,-28.974,-28.118019,0.005613,1.581,-1.034,-0.940,0.000000
20.991358,-27.813,17.487783,0.004911,1.581,-1.034,-0.940,0.000000
21.064020,-27.944,85.338028,0.004985,1.581,-1.034,-0.940,0.000000
21.136936,-28.333,67.584793,0.005214,1.581,-1.034,-0.940,0.000000
21.210104,-26.761,74.084473,0.004351,1.581,-1.034,-0.940,0.000000
21.283520,-26.094,78.195564,0.004029,1.581,-1.034,-0.940,0.000000
21.357197,-26.240,73.823196,0.004097,1.581,-1.034,-0.940,0.000000
21.431126,-25.874,89.511749,0.003929,1.581,-1.034,-0.940,0.000000
21.505312,-25.960,92.132172,0.003968,1.581,-1.034,-0.940,0.000000
21.579756,-25.846,96.119423,0.003916,1.581,-1.034,-0.940,0.000000
21.654457,-25.325,89.027283,0.003688,1.581,-1.034,-0.940,0.000000
21.729416,-25.007,88.732048,0.003555,1.581,-1.034,-0.940,0.000000
21.804630,-26.402,97.900299,0.004175,1.581,-1.034,-0.940,0.000000
21.880110,-25.544,102.243126,0.003782,1.581,-1.034,-0.940,0.000000
21.955851,-25.258,106.547508,0.003659,1.581,-1.034,-0.940,0.000000
22.031853,-26.679,98.334373,0.004309,1.581,-1.034,-0.940,0.000000
22.108118,-26.583,105.863930,0.004260,1.581,-1.034,-0.940,0.000000
22.184649,-25.935,113.273003,0.003954,1.581,-1.034,-0.940,0.000000
22.261442,-26.133,108.738403,0.004044,1.581,-1.034,-0.940,0.000000
22.338503,-25.026,113.318695,0.003559,1.581,-1.034,-0.940,0.000000
22.415825,-24.629,106.842735,0.003400,1.581,-1.034,-0.940,0.000000
22.493420,-24.722,116.957558,0.003437,1.581,-1.034,-0.940,0.000000
22.571283,-23.336,106.785347,0.002930,1.581,-1.034,-0.940,0.000000
22.649418,-23.336,106.785347,0.002930,1.581,-1.034,-0.940,0.000000
22.727821,-23.468,108.957382,0.002975,1.581,-1.034,-0.940,0.000000
22.806496,-22.767,110.344009,0.002744,1.581,-1.034,-0.940,0.000000
22.885437,-22.376,123.316071,0.002623,1.581,-1.034,-0.940,0.000000
22.964659,-21.401,121.426949,0.002345,1.581,-1.034,-0.940,0.000000
23.044153,-20.602,119.085739,0.002139,1.581,-1.034,-0.940,0.000000
23.123922,-20.397,121.287117,0.002089,1.581,-1.034,-0.940,0.000000
23.203970,-20.598,112.684570,0.002138,1.581,-1.034,-0.940,0.000000
23.284292,-20.565,118.663177,0.002129,1.581,-1.034,-0.940,0.000000
23.364893,-20.291,115.153297,0.002063,1.581,-1.034,-0.940,0.000000
23.445774,-19.939,118.013351,0.001981,1.581,-1.034,-0.940,0.000000
23.526928,-19.423,112.321304,0.001867,1.581,-1.034,-0.940,0.000000
23.608370,-18.664,112.720734,0.001711,1.581,-1.034,-0.940,0.000000
23.690092,-18.109,103.345917,0.001605,1.581,-1.034,-0.940,0.000000
23.772099,-17.977,102.755318,0.001581,1.581,-1.034,-0.940,0.000000
23.854389,-18.120,101.232758,0.001607,1.581,-1.034,-0.940,0.000000
23.936964,-17.451,104.006157,0.001488,1.581,-1.034,-0.940,0.000000
24.019825,-16.981,102.428734,0.001409,1.581,-1.034,-0.940,0.000000
24.102966,-16.297,104.272354,0.001303,1.581,-1.034,-0.940,0.000000
24.186401,-15.696,102.316772,0.001215,1.581,-1.034,-0.940,0.000000
24.270124,-15.515,101.567726,0.001190,1.581,-1.034,-0.940,0.000000
24.354139,-15.252,101.737793,0.001155,1.581,-1.034,-0.940,0.000000
24.438444,-15.073,102.676361,0.001131,1.581,-1.034,-0.940,0.000000
24.523041,-14.607,107.110489,0.001071,1.581,-1.034,-0.940,0.000000
24.607929,-14.538,106.107033,0.001063,1.581,-1.034,-0.940,0.000000
24.693108,-14.321,108.133522,0.001036,1.581,-1.034,-0.940,0.000000
24.778585,-13.967,106.530228,0.000995,1.581,-1.034,-0.940,0.000000
24.864359,-14.137,107.751358,0.001015,1.581,-1.034,-0.940,0.000000
24.950430,-13.951,106.417732,0.000993,1.581,-1.034,-0.940,0.000000
25.036798,-14.135,108.319595,0.001015,1.581,-1.034,-0.940,0.000000
25.123466,-14.014,106.642670,0.001001,1.581,-1.034,-0.940,0.000000
25.210434,-14.178,106.552719,0.001020,1.581,-1.034,-0.940,0.000000
25.297697,-14.167,107.518936,0.001018,1.581,-1.034,-0.940,0.000000
25.385267,-13.907,106.180077,0.000988,1.581,-1.034,-0.940,0.000000
25.473143,-13.676,105.755478,0.000962,1.581,-1.034,-0.940,0.000000
25.561321,-13.471,103.842621,0.000940,1.581,-1.034,-0.940,0.000000
25.649803,-13.406,102.308525,0.000933,1.581,-1.034,-0.940,0.000000
25.738594,-13.162,103.022041,0.000907,1.581,-1.034,-0.940,0.000000
25.827690,-12.869,103.121567,0.000877,1.581,-1.034,-0.940,0.000000
25.917089,-12.405,102.312149,0.000831,1.581,-1.034,-0.940,0.000000
26.006805,-12.201,102.584488,0.000812,1.581,-1.034,-0.940,0.000000
26.096830,-12.064,102.320732,0.000799,1.581,-1.034,-0.940,0.000000
26.187168,-11.590,101.501221,0.000756,1.581,-1.034,-0.940,0.000000
26.277819,-11.540,99.903770,0.000752,1.581,-1.034,-0.940,0.000000
26.368782,-11.497,99.208565,0.000748,1.581,-1.034,-0.940,0.000000
26.460054,-11.439,100.268707,0.000743,1.581,-1.034,-0.940,0.000000
26.551649,-11.186,100.613441,0.000722,1.581,-1.034,-0.940,0.000000
26.643560,-10.846,101.388596,0.000694,1.581,-1.034,-0.940,0.000000
26.735790,-10.534,100.162766,0.000670,1.581,-1.034,-0.940,0.000000
26.828339,-10.315,99.486755,0.000653,1.581,-1.034,-0.940,0.000000
26.921207,-10.201,99.310905,0.000644,1.581,-1.034,-0.940,0.000000
27.014399,-10.067,99.729645,0.000634,1.581,-1.034,-0.940,0.000000
27.107912,-9.776,100.744942,0.000614,1.581,-1.034,-0.940,0.000000
27.201744,-9.685,101.696220,0.000607,1.581,-1.034,-0.940,0.000000
27.295906,-9.151,103.368065,0.000571,1.581,-1.034,-0.940,0.000000
27.390394,-8.847,103.008537,0.000551,1.581,-1.034,-0.940,0.000000
27.485209,-8.567,102.974297,0.000534,1.581,-1.034,-0.940,0.000000
27.580351,-8.339,103.285942,0.000520,1.581,-1.034,-0.940,0.000000
27.675825,-8.037,103.180054,0.000502,1.581,-1.034,-0.940,0.000000
27.771622,-7.749,103.393250,0.000486,1.581,-1.034,-0.940,0.000000
27.867756,-7.263,103.911903,0.000459,1.581,-1.034,-0.940,0.000000
27.964224,-6.836,102.779877,0.000437,1.581,-1.034,-0.940,0.000000
28.061024,-6.587,101.903343,0.000425,1.581,-1.034,-0.940,0.000000
28.158161,-5.982,101.652054,0.000396,1.581,-1.034,-0.940,0.000000
28.255634,-5.786,100.240555,0.000388,1.581,-1.034,-0.940,0.000000
28.353443,-5.463,100.889000,0.000373,1.581,-1.034,-0.940,0.000000
28.451593,-5.136,100.046066,0.000360,1.581,-1.034,-0.940,0.000000
28.550081,-4.874,99.423286,0.000349,1.581,-1.034,-0.940,0.000000
28.648903,-4.628,99.368340,0.000339,1.581,-1.034,-0.940,0.000000
28.748075,-4.287,98.949280,0.000326,1.581,-1.034,-0.940,0.000000
28.847589,-4.032,98.608086,0.000316,1.581,-1.034,-0.940,0.000000
28.947449,-3.686,98.343269,0.000304,1.581,-1.034,-0.940,0.000000
29.047655,-3.351,97.992210,0.000292,1.581,-1.034,-0.940,0.000000
29.148207,-2.826,96.498024,0.000275,1.581,-1.034,-0.940,0.000000
29.249100,-2.549,95.577011,0.000267,1.581,-1.034,-0.940,0.000000
29.350348,-2.197,94.875694,0.000256,1.581,-1.034,-0.940,0.000000
29.451948,-1.676,93.783806,0.000241,1.581,-1.034,-0.940,0.000000
29.553900,-1.269,92.173927,0.000230,1.581,-1.034,-0.940,0.000000
29.656204,-0.912,90.889381,0.000221,1.581,-1.034,-0.940,0.000000
29.758862,-0.571,89.253349,0.000212,1.581,-1.034,-0.940,0.000000
29.861876,-0.209,87.559937,0.000204,1.581,-1.034,-0.940,0.000000
29.965246,0.196,84.893402,0.000194,1.581,-1.034,-0.940,0.000000
30.068968,0.453,83.347458,0.000189,1.581,-1.034,-0.940,0.000000
30.173054,0.686,81.575462,0.000184,1.581,-1.034,-0.940,0.000000
30.277502,0.912,79.666267,0.000179,1.581,-1.034,-0.940,0.000000
30.382311,1.207,76.718033,0.000173,1.581,-1.034,-0.940,0.000000
30.487482,1.315,74.846832,0.000171,1.581,-1.034,-0.940,0.000000
30.593019,1.442,73.119957,0.000168,1.581,-1.034,-0.940,0.000000
30.698914,1.555,71.548653,0.000166,1.581,-1.034,-0.940,0.000000
30.805182,1.602,70.580460,0.000165,1.581,-1.034,-0.940,0.000000
30.911816,1.739,69.635414,0.000163,1.581,-1.034,-0.940,0.000000
31.018822,1.846,68.443588,0.000161,1.581,-1.034,-0.940,0.000000
31.126196,2.029,66.753723,0.000157,1.581,-1.034,-0.940,0.000000
31.233944,2.267,65.539207,0.000153,1.581,-1.034,-0.940,0.000000
31.342064,2.392,64.846436,0.000151,1.581,-1.034,-0.940,0.000000
31.450558,2.582,64.155342,0.000148,1.581,-1.034,-0.940,0.000000
31.559420,2.750,63.227894,0.000145,1.581,-1.034,-0.940,0.000000
31.668667,2.909,62.284645,0.000142,1.581,-1.034,-0.940,0.000000
31.778292,3.236,60.197937,0.000137,1.581,-1.034,-0.940,0.000000
31.888296,3.401,58.819397,0.000134,1.581,-1.034,-0.940,0.000000
31.998680,3.543,57.607372,0.000132,1.581,-1.034,-0.940,0.000000
32.109447,3.682,56.368397,0.000130,1.581,-1.034,-0.940,0.000000
32.220600,3.883,55.081387,0.000127,1.581,-1.034,-0.940,0.000000
32.332127,4.115,53.437408,0.000124,1.581,-1.034,-0.940,0.000000
32.444046,4.244,51.970222,0.000122,1.581,-1.034,-0.940,0.000000
32.556355,4.333,50.965397,0.000121,1.581,-1.034,-0.940,0.000000
32.669052,4.540,49.378902,0.000118,1.581,-1.034,-0.940,0.000000
32.782143,4.703,48.234234,0.000116,1.581,-1.034,-0.940,0.000000
32.895622,4.908,46.299782,0.000113,1.581,-1.034,-0.940,0.000000
33.009491,5.053,45.187569,0.000111,1.581,-1.034,-0.940,0.000000
33.123760,5.206,42.961075,0.000109,1.581,-1.034,-0.940,0.000000
33.238411,5.330,41.857841,0.000108,1.581,-1.034,-0.940,0.000000
33.353470,5.498,39.470295,0.000105,1.581,-1.034,-0.940,0.000000
33.468929,5.565,37.913158,0.000105,1.581,-1.034,-0.940,0.000000
33.584785,5.710,35.913780,0.000103,1.581,-1.034,-0.940,0.000000
33.701042,5.806,34.335400,0.000102,1.581,-1.034,-0.940,0.000000
33.817696,5.921,31.723167,0.000100,1.581,-1.034,-0.940,0.000000
33.934757,5.912,28.899023,0.000100,1.581,-1.034,-0.940,0.000000
34.052227,5.892,27.227909,0.000101,1.581,-1.034,-0.940,0.000000
34.170105,5.856,25.425135,0.000101,1.581,-1.034,-0.940,0.000000
34.288387,5.822,22.972052,0.000101,1.581,-1.034,-0.940,0.000000
34.407082,5.684,20.438002,0.000103,1.581,-1.034,-0.940,0.000000
34.526184,5.587,19.053736,0.000104,1.581,-1.034,-0.940,0.000000
34.645702,5.493,17.805601,0.000105,1.581,-1.034,-0.940,0.000000
34.765621,5.267,15.185570,0.000108,1.581,-1.034,-0.940,0.000000
34.885967,5.159,13.845269,0.000110,1.581,-1.034,-0.940,0.000000
35.006729,5.031,12.811900,0.000111,1.581,-1.034,-0.940,0.000000
35.127911,4.749,11.078721,0.000115,1.581,-1.034,-0.940,0.000000
35.249508,4.628,10.309826,0.000116,1.581,-1.034,-0.940,0.000000
35.371529,4.501,9.738713,0.000118,1.581,-1.034,-0.940,0.000000
35.493965,4.206,8.622920,0.000122,1.581,-1.034,-0.940,0.000000
35.616829,4.076,8.165901,0.000124,1.581,-1.034,-0.940,0.000000
35.740120,3.825,7.432986,0.000128,1.581,-1.034,-0.940,0.000000
35.863842,3.533,6.894277,0.000132,1.581,-1.034,-0.940,0.000000
35.987988,3.377,6.549285,0.000134,1.581,-1.034,-0.940,0.000000
36.112564,3.073,6.613313,0.000139,1.581,-1.034,-0.940,0.000000
36.237572,2.785,6.896765,0.000144,1.581,-1.034,-0.940,0.000000
36.363010,2.610,7.327728,0.000147,1.581,-1.034,-0.940,0.000000
36.488888,2.353,8.362887,0.000151,1.581,-1.034,-0.940,0.000000
36.615189,2.070,9.213718,0.000156,1.581,-1.034,-0.940,0.000000
36.741936,1.851,11.124702,0.000160,1.581,-1.034,-0.940,0.000000
36.869122,1.683,12.195651,0.000163,1.581,-1.034,-0.940,0.000000
36.996750,1.479,14.347845,0.000167,1.581,-1.034,-0.940,0.000000
37.124817,1.455,16.384634,0.000168,1.581,-1.034,-0.940,0.000000
37.253323,1.326,18.825932,0.000170,1.581,-1.034,-0.940,0.000000
37.382278,1.399,21.454813,0.000169,1.581,-1.034,-0.940,0.000000
37.511681,1.462,23.045641,0.000167,1.581,-1.034,-0.940,0.000000
37.641533,1.619,26.193630,0.000164,1.581,-1.034,-0.940,0.000000
37.771832,1.767,27.500505,0.000162,1.581,-1.034,-0.940,0.000000
37.902584,2.110,29.823011,0.000155,1.581,-1.034,-0.940,0.000000
38.033791,2.323,30.927893,0.000152,1.581,-1.034,-0.940,0.000000
38.165447,2.559,31.968756,0.000148,1.581,-1.034,-0.940,0.000000
38.297562,3.019,33.626453,0.000140,1.581,-1.034,-0.940,0.000000
38.430122,3.242,34.341209,0.000136,1.581,-1.034,-0.940,0.000000
38.563152,3.699,35.395504,0.000129,1.581,-1.034,-0.940,0.000000
38.696644,3.920,35.701042,0.000126,1.581,-1.034,-0.940,0.000000
38.830597,4.372,36.236568,0.000120,1.581,-1.034,-0.940,0.000000
38.965015,4.585,36.438572,0.000117,1.581,-1.034,-0.940,0.000000
39.099895,4.914,36.803402,0.000112,1.581,-1.034,-0.940,0.000000
39.235237,5.232,37.232986,0.000108,1.581,-1.034,-0.940,0.000000
39.371052,5.534,37.260029,0.000105,1.581,-1.034,-0.940,0.000000
39.507339,5.830,37.350098,0.000101,1.581,-1.034,-0.940,0.000000
39.644100,6.109,37.324352,0.000098,1.581,-1.034,-0.940,0.000000
39.781334,6.425,37.604889,0.000094,1.581,-1.034,-0.940,0.000000
39.919041,6.765,37.525967,0.000091,1.581,-1.034,-0.940,0.000000
40.057224,7.084,37.584488,0.000088,1.581,-1.034,-0.940,0.000000
40.195889,7.453,37.313515,0.000084,1.581,-1.034,-0.940,0.000000
40.335030,7.804,36.904011,0.000081,1.581,-1.034,-0.940,0.000000
40.474644,8.168,36.343960,0.000077,1.581,-1.034,-0.940,0.000000
40.614754,8.644,35.582802,0.000073,1.581,-1.034,-0.940,0.000000
40.755344,8.904,35.150810,0.000071,1.581,-1.034,-0.940,0.000000
40.896423,9.389,33.984417,0.000067,1.581,-1.034,-0.940,0.000000
41.037983,9.630,33.239483,0.000065,1.581,-1.034,-0.940,0.000000
41.180042,10.061,31.359125,0.000062,1.581,-1.034,-0.940,0.000000
41.322590,10.267,30.382841,0.000061,1.581,-1.034,-0.940,0.000000
41.465633,10.661,28.260630,0.000058,1.581,-1.034,-0.940,0.000000
41.609173,10.904,26.388792,0.000056,1.581,-1.034,-0.940,0.000000
41.753204,11.150,24.699245,0.000055,1.581,-1.034,-0.940,0.000000
41.897739,11.442,22.076546,0.000053,1.581,-1.034,-0.940,0.000000
42.042774,11.575,20.782598,0.000052,1.581,-1.034,-0.940,0.000000
42.188309,11.820,17.963425,0.000051,1.581,-1.034,-0.940,0.000000
42.334339,11.973,15.927876,0.000050,1.581,-1.034,-0.940,0.000000
42.480885,12.131,13.880142,0.000049,1.581,-1.034,-0.940,0.000000
42.627937,12.261,11.810637,0.000048,1.581,-1.034,-0.940,0.000000
42.775497,12.421,9.065098,0.000047,1.581,-1.034,-0.940,0.000000
42.923573,12.518,7.047882,0.000047,1.581,-1.034,-0.940,0.000000
43.072155,12.614,4.968383,0.000046,1.581,-1.034,-0.940,0.000000
43.221245,12.703,2.903228,0.000046,1.581,-1.034,-0.940,0.000000
43.370861,12.756,0.934747,0.000046,1.581,-1.034,-0.940,0.000000
43.520992,12.815,-1.755885,0.000045,1.581,-1.034,-0.940,0.000000
43.671646,12.859,-3.728494,0.000045,1.581,-1.034,-0.940,0.000000
43.822823,12.873,-5.673791,0.000045,1.581,-1.034,-0.940,0.000000
43.974518,12.894,-8.068155,0.000045,1.581,-1.034,-0.940,0.000000
44.126743,12.901,-9.903797,0.000045,1.581,-1.034,-0.940,0.000000
44.279491,12.865,-11.640719,0.000045,1.581,-1.034,-0.940,0.000000
44.432770,12.821,-13.923797,0.000045,1.581,-1.034,-0.940,0.000000
44.586567,12.778,-16.176422,0.000045,1.581,-1.034,-0.940,0.000000
44.740910,12.757,-17.246649,0.000046,1.581,-1.034,-0.940,0.000000
44.895786,12.698,-19.427856,0.000046,1.581,-1.034,-0.940,0.000000
45.051197,12.626,-21.556646,0.000046,1.581,-1.034,-0.940,0.000000
45.207138,12.576,-22.598930,0.000046,1.581,-1.034,-0.940,0.000000
45.363636,12.486,-24.741375,0.000047,1.581,-1.034,-0.940,0.000000
45.520660,12.384,-26.867754,0.000047,1.581,-1.034,-0.940,0.000000
45.678234,12.300,-28.403921,0.000048,1.581,-1.034,-0.940,0.000000
45.836353,12.229,-29.974340,0.000048,1.581,-1.034,-0.940,0.000000
45.995022,12.088,-32.057644,0.000049,1.581,-1.034,-0.940,0.000000
46.154240,11.962,-33.587696,0.000050,1.581,-1.034,-0.940,0.000000
46.314007,11.791,-35.725380,0.000051,1.581,-1.034,-0.940,0.000000
46.474327,11.625,-37.933262,0.000052,1.581,-1.034,-0.940,0.000000
46.635193,11.488,-39.540348,0.000053,1.581,-1.034,-0.940,0.000000
46.796627,11.328,-41.128803,0.000054,1.581,-1.034,-0.940,0.000000
46.958618,11.108,-43.233295,0.000055,1.581,-1.034,-0.940,0.000000
47.121170,10.857,-45.288761,0.000057,1.581,-1.034,-0.940,0.000000
47.284286,10.671,-46.868717,0.000058,1.581,-1.034,-0.940,0.000000
47.447968,10.456,-48.260319,0.000059,1.581,-1.034,-0.940,0.000000
47.612202,10.167,-50.134796,0.000061,1.581,-1.034,-0.940,0.000000
47.777020,9.841,-51.945129,0.000064,1.581,-1.034,-0.940,0.000000
47.942402,9.490,-53.577007,0.000066,1.581,-1.034,-0.940,0.000000
48.108360,9.218,-54.738110,0.000068,1.581,-1.034,-0.940,0.000000
48.274895,8.927,-55.920395,0.000071,1.581,-1.034,-0.940,0.000000
48.442005,8.522,-57.229519,0.000074,1.581,-1.034,-0.940,0.000000
48.609692,8.085,-58.389095,0.000078,1.581,-1.034,-0.940,0.000000
48.777958,7.655,-59.199032,0.000082,1.581,-1.034,-0.940,0.000000
48.946812,7.361,-59.645191,0.000085,1.581,-1.034,-0.940,0.000000
49.116234,6.923,-60.081539,0.000089,1.581,-1.034,-0.940,0.000000
49.286255,6.484,-60.289257,0.000094,1.581,-1.034,-0.940,0.000000
49.456863,6.063,-60.144386,0.000098,1.581,-1.034,-0.940,0.000000
49.628067,5.724,-59.944515,0.000102,1.581,-1.034,-0.940,0.000000
49.799858,5.326,-59.359829,0.000107,1.581,-1.034,-0.940,0.000000
49.972248,4.958,-58.476124,0.000112,1.581,-1.034,-0.940,0.000000
50.145218,4.718,-57.421604,0.000115,1.581,-1.034,-0.940,0.000000
50.318802,4.420,-56.213749,0.000119,1.581,-1.034,-0.940,0.000000
50.492989,4.107,-55.152660,0.000123,1.581,-1.034,-0.940,0.000000
50.667774,3.846,-53.691872,0.000127,1.581,-1.034,-0.940,0.000000
50.843166,3.610,-52.211338,0.000130,1.581,-1.034,-0.940,0.000000
51.019169,3.403,-50.504692,0.000133,1.581,-1.034,-0.940,0.000000
51.195774,3.186,-48.736633,0.000137,1.581,-1.034,-0.940,0.000000
51.372997,2.966,-46.600365,0.000140,1.581,-1.034,-0.940,0.000000
51.550816,2.819,-44.808472,0.000143,1.581,-1.034,-0.940,0.000000
51.729267,2.586,-42.487011,0.000146,1.581,-1.034,-0.940,0.000000
51.908333,2.396,-39.780411,0.000150,1.581,-1.034,-0.940,0.000000
52.088020,2.234,-36.476894,0.000153,1.581,-1.034,-0.940,0.000000
52.268330,2.119,-32.891880,0.000155,1.581,-1.034,-0.940,0.000000
52.449261,2.012,-29.103804,0.000156,1.581,-1.034,-0.940,0.000000
52.630810,1.993,-25.102476,0.000157,1.581,-1.034,-0.940,0.000000
52.812996,1.995,-21.206436,0.000157,1.581,-1.034,-0.940,0.000000
52.995815,2.063,-17.193802,0.000156,1.581,-1.034,-0.940,0.000000
53.179264,2.202,-13.218136,0.000153,1.581,-1.034,-0.940,0.000000
53.363350,2.391,-9.302555,0.000150,1.581,-1.034,-0.940,0.000000
53.548077,2.622,-5.884316,0.000146,1.581,-1.034,-0.940,0.000000
53.733437,2.907,-2.677322,0.000141,1.581,-1.034,-0.940,0.000000
53.919441,3.202,-0.019869,0.000136,1.581,-1.034,-0.940,0.000000
54.106079,3.533,2.254791,0.000131,1.581,-1.034,-0.940,0.000000
54.293373,3.837,4.004921,0.000127,1.581,-1.034,-0.940,0.000000
54.481316,4.114,5.336949,0.000123,1.581,-1.034,-0.940,0.000000
54.669895,4.399,6.318542,0.000119,1.581,-1.034,-0.940,0.000000
54.859169,4.652,6.899101,0.000115,1.581,-1.034,-0.940,0.000000
55.049042,4.935,7.164157,0.000112,1.581,-1.034,-0.940,0.000000
55.239601,5.149,7.202531,0.000109,1.581,-1.034,-0.940,0.000000
55.430820,5.327,6.928958,0.000107,1.581,-1.034,-0.940,0.000000
55.622700,5.511,6.576215,0.000104,1.581,-1.034,-0.940,0.000000
55.815247,5.704,6.163382,0.000102,1.581,-1.034,-0.940,0.000000
56.008457,5.875,5.635213,0.000100,1.581,-1.034,-0.940,0.000000
56.202335,6.077,4.965477,0.000098,1.581,-1.034,-0.940,0.000000
56.396889,6.228,4.329335,0.000096,1.581,-1.034,-0.940,0.000000
56.592110,6.350,3.181160,0.000095,1.581,-1.034,-0.940,0.000000
56.788010,6.438,2.320953,0.000094,1.581,-1.034,-0.940,0.000000
56.984589,6.466,1.601334,0.000094,1.581,-1.034,-0.940,0.000000
57.181820,6.500,1.174292,0.000093,1.581,-1.034,-0.940,0.000000
57.379791,6.481,0.825754,0.000093,1.581,-1.034,-0.940,0.000000
57.578388,6.361,0.929188,0.000095,1.581,-1.034,-0.940,0.000000
57.777702,6.230,1.159644,0.000096,1.581,-1.034,-0.940,0.000000
57.977707,6.099,1.865835,0.000098,1.581,-1.034,-0.940,0.000000
58.178406,5.953,2.951466,0.000099,1.581,-1.034,-0.940,0.000000
58.379795,5.866,4.398293,0.000100,1.581,-1.034,-0.940,0.000000
58.581886,5.804,6.701469,0.000101,1.581,-1.034,-0.940,0.000000
58.784672,5.758,8.665154,0.000101,1.581,-1.034,-0.940,0.000000
58.988163,5.742,11.094912,0.000102,1.581,-1.034,-0.940,0.000000
59.192356,5.786,13.057168,0.000101,1.581,-1.034,-0.940,0.000000
59.397259,5.939,15.456323,0.000099,1.581,-1.034,-0.940,0.000000
59.602867,6.092,17.358086,0.000098,1.581,-1.034,-0.940,0.000000
59.809193,6.279,19.096165,0.000096,1.581,-1.034,-0.940,0.000000
60.016228,6.600,21.358364,0.000092,1.581,-1.034,-0.940,0.000000
60.223953,6.814,22.814951,0.000090,1.581,-1.034,-0.940,0.000000
60.432423,7.062,24.083467,0.000087,1.581,-1.034,-0.940,0.000000
60.641617,7.421,25.410913,0.000084,1.581,-1.034,-0.940,0.000000
60.851536,7.785,26.752995,0.000080,1.581,-1.034,-0.940,0.000000
61.062180,8.101,27.741688,0.000077,1.581,-1.034,-0.940,0.000000
61.273556,8.526,28.684198,0.000074,1.581,-1.034,-0.940,0.000000
61.485661,8.864,29.342154,0.000071,1.581,-1.034,-0.940,0.000000
61.698502,9.279,30.115644,0.000068,1.581,-1.034,-0.940,0.000000
61.912075,9.755,30.491421,0.000064,1.581,-1.034,-0.940,0.000000
62.126392,10.142,30.634174,0.000061,1.581,-1.034,-0.940,0.000000
62.341450,10.592,30.591732,0.000058,1.581,-1.034,-0.940,0.000000
62.557251,11.050,29.958097,0.000055,1.581,-1.034,-0.940,0.000000
62.773800,11.411,29.205492,0.000053,1.581,-1.034,-0.940,0.000000
62.991070,11.916,27.477491,0.000050,1.581,-1.034,-0.940,0.000000
63.209152,12.230,26.075054,0.000048,1.581,-1.047,-0.952,0.000000
63.427925,12.494,24.432789,0.000047,1.581,-1.060,-0.966,0.000000
63.647522,12.834,21.560997,0.000045,1.581,-1.074,-0.979,0.000000
63.867813,12.988,19.532503,0.000044,1.581,-1.087,-0.992,0.000000
64.088898,13.092,16.947184,0.000044,1.581,-1.101,-1.005,0.000000
64.310753,13.182,14.449364,0.000043,1.581,-1.115,-1.019,0.000000
64.533371,13.161,12.470342,0.000043,1.581,-1.128,-1.032,0.000000
64.756760,13.140,10.489347,0.000043,1.581,-1.142,-1.046,0.000000
64.980919,13.064,9.075724,0.000044,1.581,-1.156,-1.059,0.000000
65.205864,12.954,7.646920,0.000044,1.581,-1.170,-1.073,0.000000
65.431580,12.868,6.661159,0.000045,1.581,-1.184,-1.087,0.000000
65.658081,12.784,6.003865,0.000045,1.581,-1.198,-1.100,0.000000
65.885361,12.671,5.259433,0.000046,1.581,-1.212,-1.114,0.000000
66.113434,12.609,4.929855,0.000046,1.581,-1.226,-1.128,0.000000
66.342262,12.551,4.312448,0.000046,1.581,-1.240,-1.142,0.000000
66.571945,12.531,3.839230,0.000046,1.581,-1.254,-1.156,0.000000
66.802353,12.502,2.952609,0.000047,1.581,-1.268,-1.170,0.000000
67.033600,12.467,2.397639,0.000047,1.580,-1.282,-1.184,0.000000
67.265648,12.392,1.531310,0.000047,1.580,-1.297,-1.198,0.000000
67.498489,12.327,0.961837,0.000048,1.580,-1.311,-1.212,0.000000
67.732147,12.211,0.459215,0.000048,1.580,-1.326,-1.226,0.000000
67.966606,12.096,0.099550,0.000049,1.580,-1.340,-1.240,0.000000
68.201881,12.018,-0.438488,0.000049,1.580,-1.354,-1.254,0.000000
68.437973,11.919,-0.608612,0.000050,1.580,-1.369,-1.268,0.000000
68.674881,11.812,-0.771923,0.000050,1.580,-1.384,-1.283,0.000000
68.912605,11.715,-0.889429,0.000051,1.580,-1.398,-1.297,0.000000
69.151154,11.617,-1.055355,0.000052,1.580,-1.413,-1.312,0.000000
69.390495,11.568,-1.157803,0.000052,1.580,-1.428,-1.326,0.000000
69.630730,11.548,-1.296501,0.000052,1.580,-1.443,-1.341,0.000000
69.871735,11.537,-1.797497,0.000052,1.580,-1.457,-1.355,0.000000
70.113640,11.546,-2.240583,0.000052,1.580,-1.472,-1.370,0.000000
70.356308,11.544,-2.813648,0.000052,1.580,-1.487,-1.384,0.000000
70.599854,11.565,-3.744122,0.000052,1.580,-1.502,-1.399,0.000000
70.844246,11.572,-4.600327,0.000052,1.580,-1.517,-1.414,0.000000
71.089478,11.598,-5.397713,0.000052,1.580,-1.532,-1.429,0.000000
71.335564,11.640,-6.422009,0.000051,1.580,-1.548,-1.444,0.000000
71.582504,11.656,-7.361834,0.000051,1.579,-1.563,-1.459,0.000000
71.830292,11.681,-8.388337,0.000051,1.579,-1.578,-1.474,0.000000
72.078941,11.733,-9.566007,0.000051,1.579,-1.593,-1.489,0.000000
72.328453,11.785,-10.469789,0.000051,1.579,-1.609,-1.504,0.000000
72.578827,11.863,-11.712523,0.000050,1.579,-1.624,-1.519,0.000000
72.830063,11.933,-12.759111,0.000050,1.579,-1.640,-1.534,0.000000
73.082176,11.979,-13.500356,0.000049,1.579,-1.655,-1.549,0.000000
73.335159,12.036,-14.641404,0.000049,1.579,-1.671,-1.565,0.000000
73.588982,12.065,-15.714033,0.000049,1.579,-1.687,-1.580,0.000000
73.843719,12.098,-16.572187,0.000049,1.579,-1.702,-1.595,0.000000
74.099335,12.077,-17.049742,0.000049,1.579,-1.718,-1.611,0.000000
74.355843,12.055,-17.601795,0.000049,1.579,-1.734,-1.626,0.000000
74.613228,12.002,-17.996494,0.000049,1.579,-1.750,-1.642,0.000000
74.871513,11.910,-18.123085,0.000050,1.579,-1.766,-1.657,0.000000
75.130692,11.804,-18.049263,0.000050,1.579,-1.782,-1.673,0.000000
75.390762,11.660,-17.867331,0.000051,1.579,-1.798,-1.689,0.000000
75.651733,11.484,-17.469826,0.000052,1.579,-1.814,-1.705,0.000000
75.913612,11.278,-16.899380,0.000054,1.578,-1.830,-1.720,0.000000
76.176399,11.043,-16.253664,0.000055,1.578,-1.846,-1.736,0.000000
76.440094,10.843,-15.627350,0.000056,1.578,-1.862,-1.752,0.000000
76.704697,10.576,-14.691639,0.000058,1.578,-1.879,-1.768,0.000000
76.970184,10.340,-13.984488,0.000060,1.578,-1.895,-1.784,0.000000
77.236664,10.040,-13.051810,0.000062,1.578,-1.911,-1.800,0.000000
77.503990,9.719,-12.103407,0.000064,1.578,-1.928,-1.817,0.000000
77.772278,9.423,-11.075634,0.000066,1.578,-1.944,-1.833,0.000000
78.041496,9.119,-9.725162,0.000069,1.578,-1.961,-1.849,0.000000
78.311646,8.858,-8.506691,0.000071,1.578,-1.978,-1.865,0.000000
78.582733,8.618,-7.195554,0.000073,1.578,-1.994,-1.882,0.000000
78.854752,8.464,-6.045528,0.000074,1.578,-2.011,-1.898,0.000000
79.127716,8.294,-4.668845,0.000075,1.578,-2.028,-1.915,0.000000
79.401627,8.177,-3.131856,0.000076,1.578,-2.045,-1.931,0.000000
79.676483,8.106,-1.617783,0.000077,1.578,-2.062,-1.948,0.000000
79.952293,8.090,-0.010501,0.000077,1.578,-2.079,-1.965,0.000000
80.229057,8.100,1.828045,0.000077,1.578,-2.096,-1.981,0.000000
80.506744,8.184,3.253319,0.000076,1.577,-2.113,-1.998,0.000000
80.785469,8.293,4.753193,0.000075,1.577,-2.130,-2.015,0.000000
81.065079,8.431,6.045473,0.000074,1.577,-2.147,-2.032,0.000000
81.345734,8.591,7.176705,0.000073,1.577,-2.165,-2.049,0.000000
81.627281,8.766,8.136690,0.000071,1.577,-2.182,-2.066,0.000000
81.909843,8.953,8.768096,0.000070,1.577,-2.199,-2.083,0.000000
82.193382,9.153,9.328235,0.000068,1.577,-2.217,-2.100,0.000000
82.477905,9.345,9.567163,0.000067,1.577,-2.234,-2.117,0.000000
82.763412,9.566,9.636924,0.000065,1.577,-2.252,-2.135,0.000000
83.049904,9.690,9.354909,0.000064,1.577,-2.270,-2.152,0.000000
83.337395,9.788,8.914299,0.000063,1.577,-2.287,-2.169,0.000000
83.625877,9.845,8.460995,0.000063,1.577,-2.305,-2.187,0.000000
83.915352,9.842,7.933270,0.000063,1.577,-2.323,-2.204,0.000000
84.205795,9.802,7.260085,0.000063,1.577,-2.341,-2.222,0.000000
84.497330,9.750,6.647154,0.000064,1.577,-2.359,-2.239,0.000000
84.789780,9.665,6.144303,0.000064,1.576,-2.377,-2.257,0.000000
85.083336,9.542,5.612476,0.000065,1.576,-2.395,-2.275,0.000000
85.377815,9.387,5.139955,0.000066,1.576,-2.413,-2.293,0.000000
85.673363,9.256,4.760025,0.000067,1.576,-2.431,-2.311,0.000000
85.969933,9.110,4.512318,0.000068,1.576,-2.450,-2.328,0.000000
86.267525,8.950,4.414751,0.000070,1.576,-2.468,-2.346,0.000000
86.566154,8.781,4.319848,0.000071,1.576,-2.487,-2.364,0.000000
86.865814,8.602,4.373424,0.000073,1.576,-2.505,-2.383,0.000000
87.166504,8.409,4.780820,0.000074,1.576,-2.524,-2.401,0.000000
87.468246,8.178,5.245608,0.000076,1.576,-2.542,-2.419,0.000000
87.771027,8.004,5.723754,0.000078,1.576,-2.561,-2.437,0.000000
88.074852,7.788,6.595753,0.000080,1.576,-2.580,-2.456,0.000000
88.379738,7.618,7.563161,0.000081,1.576,-2.598,-2.474,0.000000
88.685677,7.461,8.579566,0.000083,1.576,-2.617,-2.493,0.000000
88.992668,7.273,9.904199,0.000085,1.576,-2.636,-2.511,0.000000
89.300682,7.136,11.187069,0.000086,1.575,-2.655,-2.530,0.000000
89.609810,7.000,12.705384,0.000087,1.575,-2.674,-2.549,0.000000
89.920006,6.914,14.069914,0.000088,1.575,-2.693,-2.567,0.000000
90.231270,6.878,15.220233,0.000088,1.575,-2.712,-2.586,0.000000
90.543617,6.824,16.512514,0.000089,1.575,-2.732,-2.605,0.000000
90.857048,6.759,17.872810,0.000090,1.575,-2.751,-2.624,0.000000
91.171562,6.708,18.803741,0.000090,1.575,-2.770,-2.643,0.000000
91.487160,6.674,19.536953,0.000091,1.575,-2.790,-2.662,0.000000
91.803856,6.647,20.451048,0.000091,1.575,-2.809,-2.681,0.000000
92.121643,6.621,21.082699,0.000091,1.575,-2.829,-2.700,0.000000
92.440536,6.589,21.712757,0.000092,1.575,-2.849,-2.720,0.000000
92.760529,6.530,22.342791,0.000092,1.575,-2.868,-2.739,0.000000
93.081627,6.428,23.199829,0.000093,1.575,-2.888,-2.758,0.000000
93.403793,6.319,24.035664,0.000094,1.575,-2.908,-2.778,0.000000
93.727173,6.220,24.827896,0.000096,1.574,-2.928,-2.797,0.000000
94.051575,6.118,26.108555,0.000097,1.574,-2.948,-2.817,0.000000
94.377190,5.989,27.364843,0.000098,1.574,-2.968,-2.837,0.000000
94.703842,5.885,28.733608,0.000099,1.574,-2.988,-2.857,0.000000
95.031670,5.787,30.401024,0.000100,1.574,-3.008,-2.876,0.000000
95.360634,5.718,31.760035,0.000101,1.574,-3.029,-2.896,0.000000
95.690735,5.674,33.480099,0.000102,1.574,-3.049,-2.916,0.000000
96.021980,5.680,34.987068,0.000102,1.574,-3.069,-2.936,0.000000
96.354370,5.707,36.612236,0.000101,1.574,-3.090,-2.956,0.000000
96.687912,5.772,38.083481,0.000101,1.574,-3.110,-2.976,0.000000
97.022606,5.845,39.621738,0.000100,1.574,-3.131,-2.997,0.000000
97.358459,5.919,41.023556,0.000099,1.574,-3.152,-3.017,0.000000
97.695435,6.002,42.186180,0.000098,1.574,-3.173,-3.037,0.000000
98.033661,6.108,43.457375,0.000097,1.573,-3.193,-3.058,0.000000
98.372971,6.223,44.600437,0.000096,1.573,-3.214,-3.078,0.000000
98.713547,6.329,45.338943,0.000094,1.573,-3.235,-3.099,0.000000
99.055214,6.472,46.316082,0.000093,1.573,-3.256,-3.120,0.000000
99.398102,6.611,46.925724,0.000091,1.573,-3.278,-3.140,0.000000
99.742180,6.731,47.279984,0.000090,1.573,-3.299,-3.161,0.000000
100.087448,6.879,47.404076,0.000089,1.573,-3.320,-3.182,0.000000
100.433914,7.037,47.392006,0.000087,1.573,-3.341,-3.203,0.000000
100.781578,7.201,47.137970,0.000085,1.573,-3.363,-3.224,0.000000
101.130447,7.335,46.586430,0.000084,1.573,-3.384,-3.245,0.000000
101.480522,7.444,45.714901,0.000083,1.573,-3.406,-3.266,0.000000
101.831802,7.526,44.544052,0.000082,1.573,-3.428,-3.287,0.000000
102.184258,7.567,43.117077,0.000082,1.573,-3.449,-3.309,0.000000
102.538033,7.558,41.836319,0.000082,1.572,-3.471,-3.330,0.000000
102.892975,7.509,40.207752,0.000083,1.572,-3.493,-3.352,0.000000
103.249153,7.407,38.588432,0.000084,1.572,-3.515,-3.373,0.000000
103.606514,7.245,36.917805,0.000085,1.572,-3.537,-3.395,0.000000
103.965157,7.051,35.330414,0.000087,1.572,-3.559,-3.416,0.000000
104.325050,6.796,33.745758,0.000090,1.572,-3.581,-3.438,0.000000
104.686180,6.495,32.372383,0.000093,1.572,-3.603,-3.460,0.000000
105.048561,6.187,31.270487,0.000096,1.572,-3.626,-3.482,0.000000
105.412201,5.787,30.096123,0.000101,1.572,-3.648,-3.504,0.000000
105.777100,5.375,29.064844,0.000106,1.572,-3.671,-3.526,0.000000
106.143257,4.934,28.226542,0.000111,1.572,-3.693,-3.548,0.000000
106.510689,4.441,27.566809,0.000118,1.572,-3.716,-3.570,0.000000
106.879387,3.922,27.290657,0.000125,1.572,-3.739,-3.593,0.000000
107.249359,3.347,27.078699,0.000134,1.571,-3.761,-3.615,0.000000
107.620613,2.743,27.305275,0.000143,1.571,-3.784,-3.637,0.000000
107.993156,2.097,27.934473,0.000154,1.571,-3.807,-3.660,0.000000
108.366936,1.436,29.026648,0.000166,1.571,-3.830,-3.683,0.000000
108.742065,0.679,30.991627,0.000182,1.571,-3.854,-3.705,0.000000
109.118484,-0.060,33.033955,0.000198,1.571,-3.877,-3.728,0.000000
109.496208,-0.823,35.896809,0.000216,1.571,-3.900,-3.751,0.000000
109.875244,-1.528,39.576878,0.000234,1.571,-3.923,-3.774,0.000000
110.255592,-2.297,44.430058,0.000256,1.571,-3.947,-3.797,0.000000
110.637253,-2.843,50.502651,0.000273,1.571,-3.970,-3.820,0.000000
111.020241,-3.240,56.097569,0.000285,1.571,-3.994,-3.843,0.000000
111.404549,-3.483,61.612522,0.000294,1.570,-4.018,-3.866,0.000000
111.790184,-3.626,66.948936,0.000298,1.570,-4.041,-3.890,0.000000
112.177162,-3.614,72.568504,0.000298,1.570,-4.065,-3.913,0.000000
112.565475,-3.567,77.368652,0.000296,1.570,-4.089,-3.936,0.000000
112.955132,-3.407,82.218323,0.000291,1.570,-4.113,-3.960,0.000000
113.346085,-3.285,86.133049,0.000287,1.570,-4.137,-3.984,0.000000
113.738503,-3.167,89.021561,0.000283,1.570,-4.162,-4.007,0.000000
114.132164,-3.146,91.400627,0.000283,1.570,-4.186,-4.031,0.000000
114.527306,-3.129,94.076607,0.000282,1.570,-4.210,-4.055,0.000000
114.923698,-3.179,96.769768,0.000284,1.570,-4.235,-4.079,0.000000
115.321518,-3.213,99.432823,0.000285,1.570,-4.259,-4.103,0.000000
115.720718,-3.318,102.536674,0.000288,1.570,-4.284,-4.127,0.000000
116.121300,-3.380,105.946388,0.000290,1.569,-4.308,-4.151,0.000000
116.523270,-3.382,109.605392,0.000291,1.569,-4.333,-4.176,0.000000
116.926628,-3.359,112.835983,0.000290,1.569,-4.358,-4.200,0.000000
117.331383,-3.333,116.966270,0.000289,1.569,-4.383,-4.225,0.000000
117.737541,-3.256,120.355003,0.000287,1.569,-4.408,-4.249,0.000000
118.145103,-3.146,124.154839,0.000283,1.569,-4.433,-4.274,0.000000
118.554016,-2.983,127.662971,0.000278,1.569,-4.458,-4.299,0.000000
118.964462,-2.832,130.864471,0.000273,1.569,-4.484,-4.323,0.000000
119.376213,-2.590,134.054840,0.000265,1.569,-4.509,-4.348,0.000000
119.789505,-2.353,136.695236,0.000258,1.569,-4.535,-4.373,0.000000
120.204117,-2.087,139.644913,0.000251,1.569,-4.560,-4.398,0.000000
120.620216,-1.871,141.589478,0.000244,1.568,-4.586,-4.423,0.000000
121.037758,-1.615,144.098648,0.000237,1.568,-4.611,-4.449,0.000000
121.456741,-1.398,145.737793,0.000231,1.568,-4.637,-4.474,0.000000
121.877174,-1.162,147.745941,0.000225,1.568,-4.663,-4.499,0.000000
122.299072,-0.916,149.074036,0.000219,1.568,-4.689,-4.525,0.000000
122.722420,-0.723,150.840363,0.000214,1.568,-4.715,-4.551,0.000000
123.147240,-0.475,151.947510,0.000208,1.568,-4.742,-4.576,0.000000
123.573532,-0.300,153.658493,0.000204,1.568,-4.768,-4.602,0.000000
124.001297,-0.046,154.982071,0.000198,1.568,-4.794,-4.628,0.000000
124.430542,0.070,155.646240,0.000196,1.568,-4.821,-4.654,0.000000
124.861267,0.328,156.847473,0.000190,1.567,-4.847,-4.680,0.000000
125.293488,0.455,157.371155,0.000187,1.567,-4.858,-4.690,0.000000
125.727150,0.594,158.255859,0.000184,1.567,-4.861,-4.694,0.000000
126.162369,0.732,158.585419,0.000181,1.567,-4.865,-4.697,0.000000
126.599091,0.802,159.238312,0.000180,1.567,-4.868,-4.700,0.000000
127.037331,0.906,159.477509,0.000178,1.567,-4.871,-4.704,0.000000
127.477089,0.900,159.688156,0.000178,1.567,-4.875,-4.707,0.000000
127.918365,0.913,160.330231,0.000178,1.567,-4.878,-4.710,0.000000
128.361160,0.907,160.366180,0.000178,1.567,-4.882,-4.713,0.000000
128.805511,0.757,160.925293,0.000181,1.567,-4.885,-4.717,0.000000
129.251373,0.725,161.514221,0.000181,1.567,-4.889,-4.720,0.000000
129.698792,0.592,161.691864,0.000184,1.567,-4.892,-4.723,0.000000
130.147766,0.410,163.149857,0.000188,1.567,-4.896,-4.727,0.000000
130.598282,0.312,163.451340,0.000190,1.567,-4.899,-4.730,0.000000
131.050369,-0.014,164.544388,0.000198,1.567,-4.903,-4.734,0.000000
131.503952,-0.114,166.315506,0.000200,1.566,-4.906,-4.737,0.000000
131.959229,-0.412,166.417755,0.000207,1.566,-4.910,-4.740,0.000000
132.415955,-0.802,169.819656,0.000216,1.566,-4.913,-4.744,0.000000
132.874329,-0.917,171.202576,0.000219,1.566,-4.917,-4.747,0.000000
133.334290,-1.457,174.139053,0.000233,1.566,-4.920,-4.751,0.000000
133.795853,-1.586,178.901672,0.000237,1.566,-4.924,-4.754,0.000000
134.259003,-1.770,-178.739777,0.000242,1.566,-4.927,-4.758,0.000000
134.723755,-2.090,-173.543060,0.000251,1.566,-4.931,-4.761,0.000000
135.190109,-1.976,-169.028412,0.000248,1.566,-4.935,-4.765,0.000000
135.658081,-2.157,-166.363495,0.000253,1.566,-4.938,-4.768,0.000000
136.127686,-2.251,-160.196747,0.000256,1.566,-4.942,-4.772,0.000000
136.598907,-1.953,-157.154236,0.000247,1.566,-4.946,-4.775,0.000000
137.071762,-2.074,-152.861176,0.000251,1.566,-4.949,-4.779,0.000000
137.546249,-1.759,-147.637207,0.000242,1.566,-4.953,-4.782,0.000000
138.022385,-1.498,-145.090576,0.000235,1.566,-4.957,-4.786,0.000000
138.500092,-1.468,-140.606857,0.000234,1.565,-4.960,-4.789,0.000000
138.979599,-0.995,-135.838669,0.000221,1.565,-4.964,-4.793,0.000000
139.460617,-0.620,-132.880310,0.000212,1.565,-4.968,-4.797,0.000000
139.943375,-0.274,-129.043549,0.000204,1.565,-4.971,-4.800,0.000000
140.427811,0.327,-126.139954,0.000190,1.565,-4.975,-4.804,0.000000
140.913925,0.829,-123.818367,0.000180,1.565,-4.979,-4.808,0.000000
141.401703,1.296,-121.568825,0.000170,1.565,-4.983,-4.811,0.000000
141.891190,1.861,-120.332794,0.000159,1.565,-4.987,-4.815,0.000000
142.382355,2.299,-119.545982,0.000152,1.565,-4.990,-4.819,0.000000
142.875229,2.835,-118.571632,0.000142,1.565,-4.994,-4.822,0.000000
143.369812,3.261,-118.488548,0.000136,1.565,-4.998,-4.826,0.000000
143.866104,3.619,-118.776535,0.000130,1.565,-5.002,-4.830,0.000000
144.364120,3.983,-118.753090,0.000125,1.565,-5.006,-4.833,0.000000
144.863785,4.303,-119.260971,0.000120,1.565,-5.010,-4.837,0.000000
145.365311,4.555,-119.925804,0.000117,1.564,-5.013,-4.841,0.000000
145.868439,4.745,-120.618134,0.000114,1.564,-5.017,-4.845,0.000000
146.373383,4.938,-121.282944,0.000112,1.564,-5.021,-4.848,0.000000
146.880066,5.076,-122.244972,0.000110,1.564,-5.025,-4.852,0.000000
147.388504,5.147,-123.004387,0.000109,1.564,-5.029,-4.856,0.000000
147.898712,5.237,-123.594994,0.000108,1.564,-5.033,-4.860,0.000000
148.410675,5.289,-124.290749,0.000108,1.564,-5.037,-4.864,0.000000
148.924423,5.297,-125.137024,0.000107,1.564,-5.041,-4.868,0.000000
149.439941,5.267,-125.675835,0.000108,1.564,-5.045,-4.871,0.000000
149.957245,5.237,-126.103973,0.000108,1.564,-5.049,-4.875,0.000000
150.476334,5.167,-126.667526,0.000109,1.564,-5.053,-4.879,0.000000
150.997238,5.062,-127.120911,0.000110,1.564,-5.057,-4.883,0.000000
151.519852,4.911,-127.312935,0.000112,1.564,-5.061,-4.887,0.000000
152.044434,4.802,-127.401237,0.000114,1.563,-5.065,-4.891,0.000000
152.570679,4.633,-127.454971,0.000116,1.563,-5.069,-4.895,0.000000
153.098892,4.452,-127.372780,0.000119,1.563,-5.073,-4.899,0.000000
153.628784,4.253,-127.145119,0.000121,1.563,-5.077,-4.903,0.000000
154.160660,4.038,-126.701805,0.000124,1.563,-5.082,-4.907,0.000000
154.694229,3.817,-126.180862,0.000128,1.563,-5.086,-4.911,0.000000
155.229797,3.606,-125.602333,0.000131,1.563,-5.090,-4.915,0.000000
155.767075,3.399,-124.907707,0.000134,1.563,-5.094,-4.919,0.000000
156.306274,3.182,-124.183876,0.000138,1.563,-5.098,-4.923,0.000000
156.847351,2.928,-123.314896,0.000142,1.563,-5.102,-4.927,0.000000
157.390305,2.671,-122.373955,0.000146,1.563,-5.107,-4.931,0.000000
157.935120,2.393,-121.501976,0.000151,1.563,-5.111,-4.935,0.000000
158.481750,2.082,-120.455948,0.000156,1.562,-5.115,-4.939,0.000000
159.030441,1.763,-119.406769,0.000162,1.562,-5.119,-4.943,0.000000
159.580856,1.380,-118.036018,0.000169,1.562,-5.124,-4.947,0.000000
160.133347,1.001,-116.545113,0.000177,1.562,-5.128,-4.951,0.000000
160.687592,0.601,-114.935204,0.000185,1.562,-5.132,-4.956,0.000000
161.243912,0.151,-112.594521,0.000195,1.562,-5.136,-4.960,0.000000
161.801987,-0.373,-109.545769,0.000208,1.562,-5.141,-4.964,0.000000
162.362167,-0.930,-105.862961,0.000221,1.562,-5.145,-4.968,0.000000
162.924133,-1.401,-101.223610,0.000234,1.562,-5.149,-4.972,0.000000
163.488113,-1.808,-95.939438,0.000245,1.562,-5.154,-4.977,0.000000
164.054047,-2.088,-90.023750,0.000253,1.562,-5.158,-4.981,0.000000
164.621933,-2.188,-83.304733,0.000256,1.562,-5.163,-4.985,0.000000
165.191788,-2.127,-77.029350,0.000254,1.562,-5.167,-4.989,0.000000
165.763535,-1.895,-71.004181,0.000248,1.561,-5.171,-4.994,0.000000
166.337433,-1.419,-65.177933,0.000235,1.561,-5.176,-4.998,0.000000
166.913147,-0.913,-60.514469,0.000221,1.561,-5.180,-5.002,0.000000
167.491013,-0.333,-56.319870,0.000207,1.561,-5.185,-5.007,0.000000
168.070801,0.143,-53.618763,0.000196,1.561,-5.189,-5.011,0.000000
168.652603,0.606,-51.386288,0.000186,1.561,-5.194,-5.015,0.000000
169.236328,1.076,-49.455853,0.000176,1.561,-5.198,-5.020,0.000000
169.822250,1.471,-48.335629,0.000168,1.561,-5.203,-5.024,0.000000
170.410019,1.830,-47.336861,0.000162,1.561,-5.207,-5.028,0.000000
170.999924,2.120,-46.433052,0.000156,1.561,-5.212,-5.033,0.000000
171.591858,2.430,-45.642891,0.000151,1.561,-5.217,-5.037,0.000000
172.185837,2.695,-44.759079,0.000146,1.560,-5.221,-5.042,0.000000
172.781876,2.976,-43.736420,0.000142,1.560,-5.226,-5.046,0.000000
173.379990,3.272,-43.209316,0.000137,1.560,-5.230,-5.051,0.000000
173.980164,3.577,-42.983601,0.000132,1.560,-5.235,-5.055,0.000000
174.582336,3.844,-43.228848,0.000128,1.560,-5.240,-5.060,0.000000
175.186752,4.070,-43.727318,0.000125,1.560,-5.244,-5.064,0.000000
175.793182,4.233,-44.368198,0.000123,1.560,-5.249,-5.069,0.000000
176.401703,4.355,-45.136070,0.000121,1.560,-5.254,-5.073,0.000000
177.012253,4.421,-46.105370,0.000120,1.560,-5.259,-5.078,0.000000
177.625092,4.449,-47.213856,0.000120,1.560,-5.263,-5.082,0.000000
178.239883,4.423,-48.138084,0.000120,1.560,-5.268,-5.087,0.000000
178.856964,4.328,-49.208515,0.000122,1.559,-5.273,-5.092,0.000000
179.476013,4.196,-49.955486,0.000124,1.559,-5.278,-5.096,0.000000
180.097290,4.008,-50.621475,0.000126,1.559,-5.283,-5.101,0.000000
180.720718,3.775,-51.072628,0.000130,1.559,-5.287,-5.106,0.000000
181.346298,3.513,-51.411983,0.000134,1.559,-5.292,-5.110,0.000000
181.974045,3.214,-51.499275,0.000138,1.559,-5.297,-5.115,0.000000
182.603882,2.912,-51.288265,0.000143,1.559,-5.302,-5.120,0.000000
183.236084,2.574,-50.841240,0.000149,1.559,-5.307,-5.125,0.000000
183.870377,2.212,-50.208778,0.000155,1.559,-5.312,-5.129,0.000000
184.506866,1.861,-49.329632,0.000162,1.559,-5.317,-5.134,0.000000
185.145462,1.464,-48.268147,0.000169,1.559,-5.322,-5.139,0.000000
185.786453,1.062,-46.897217,0.000177,1.558,-5.327,-5.144,0.000000
186.429489,0.664,-45.097576,0.000186,1.558,-5.332,-5.148,0.000000
187.074921,0.227,-42.841885,0.000195,1.558,-5.337,-5.153,0.000000
187.722412,-0.132,-40.154694,0.000204,1.558,-5.342,-5.158,0.000000
188.372238,-0.433,-37.435242,0.000211,1.558,-5.347,-5.163,0.000000
189.024307,-0.703,-34.840099,0.000217,1.558,-5.352,-5.168,0.000000
189.678650,-0.978,-32.138599,0.000224,1.558,-5.357,-5.173,0.000000
190.335236,-1.248,-28.656109,0.000231,1.558,-5.362,-5.178,0.000000
190.994110,-1.493,-24.988686,0.000238,1.558,-5.367,-5.183,0.000000
191.655258,-1.662,-21.037806,0.000243,1.558,-5.372,-5.188,0.000000
192.318695,-1.708,-17.063251,0.000244,1.558,-5.377,-5.193,0.000000
192.984421,-1.664,-13.096993,0.000243,1.557,-5.382,-5.198,0.000000
193.652374,-1.498,-9.392724,0.000238,1.557,-5.388,-5.203,0.000000
194.322815,-1.361,-5.957859,0.000235,1.557,-5.393,-5.208,0.000000
194.995392,-1.138,-3.937664,0.000229,1.557,-5.398,-5.213,0.000000
195.670486,-1.036,-1.528655,0.000226,1.557,-5.403,-5.218,0.000000
196.347733,-0.895,0.262543,0.000222,1.557,-5.408,-5.223,0.000000
197.027405,-0.735,2.317229,0.000218,1.557,-5.414,-5.228,0.000000
197.709442,-0.647,4.159470,0.000216,1.557,-5.419,-5.233,0.000000
198.393829,-0.497,6.234676,0.000213,1.557,-5.424,-5.238,0.000000
199.080597,-0.403,8.111646,0.000210,1.557,-5.430,-5.243,0.000000
199.769745,-0.369,9.110571,0.000209,1.556,-5.435,-5.248,0.000000
200.461258,-0.342,10.575915,0.000209,1.556,-5.440,-5.254,0.000000
201.155182,-0.333,11.417835,0.000209,1.556,-5.446,-5.259,0.000000
201.851501,-0.441,12.530330,0.000211,1.556,-5.451,-5.264,0.000000
202.550232,-0.542,13.123701,0.000214,1.556,-5.456,-5.269,0.000000
203.251389,-0.652,14.373568,0.000216,1.556,-5.462,-5.274,0.000000
203.954865,-0.855,14.997787,0.000221,1.556,-5.467,-5.280,0.000000
204.660980,-1.062,15.919780,0.000227,1.556,-5.473,-5.285,0.000000
205.369339,-1.272,17.116453,0.000232,1.556,-5.478,-5.290,0.000000
206.080246,-1.601,18.594501,0.000241,1.555,-5.484,-5.296,0.000000
206.793625,-1.902,20.034353,0.000250,1.555,-5.489,-5.301,0.000000
207.509567,-2.214,21.781090,0.000259,1.555,-5.495,-5.306,0.000000
208.227783,-2.607,24.361605,0.000271,1.555,-5.500,-5.312,0.000000
208.948685,-2.939,26.677217,0.000282,1.555,-5.506,-5.317,0.000000
209.671890,-3.264,29.403456,0.000292,1.555,-5.512,-5.323,0.000000
210.397690,-3.515,32.266880,0.000301,1.555,-5.517,-5.328,0.000000
211.126007,-3.718,35.724770,0.000308,1.555,-5.523,-5.333,0.000000
211.856842,-3.873,38.889896,0.000314,1.555,-5.529,-5.339,0.000000
212.590210,-3.910,42.068401,0.000315,1.555,-5.534,-5.344,0.000000
213.326019,-3.927,45.191814,0.000316,1.554,-5.540,-5.350,0.000000
214.064575,-3.831,48.328476,0.000312,1.554,-5.546,-5.355,0.000000
214.805481,-3.727,50.611629,0.000309,1.554,-5.551,-5.361,0.000000
215.549057,-3.597,52.464012,0.000304,1.554,-5.557,-5.367,0.000000
216.295197,-3.492,54.017048,0.000300,1.554,-5.563,-5.372,0.000000
217.044037,-3.355,55.158401,0.000296,1.554,-5.569,-5.378,0.000000
217.795258,-3.261,55.995461,0.000292,1.554,-5.575,-5.383,0.000000
218.549286,-3.135,56.670986,0.000288,1.554,-5.580,-5.389,0.000000
219.305710,-3.090,56.752728,0.000287,1.554,-5.586,-5.395,0.000000
220.064865,-3.102,56.909588,0.000287,1.553,-5.592,-5.400,0.000000
220.826645,-3.177,56.399452,0.000290,1.553,-5.598,-5.406,0.000000
221.591064,-3.329,56.055050,0.000295,1.553,-5.604,-5.412,0.000000
222.358124,-3.469,55.593533,0.000300,1.553,-5.610,-5.418,0.000000
223.127731,-3.811,54.621883,0.000312,1.553,-5.616,-5.423,0.000000
223.900223,-4.083,54.889801,0.000322,1.553,-5.622,-5.429,0.000000
224.675171,-4.472,54.109390,0.000336,1.553,-5.628,-5.435,0.000000
225.453018,-4.934,55.363091,0.000355,1.553,-5.634,-5.441,0.000000
226.233337,-5.337,55.689125,0.000372,1.553,-5.640,-5.447,0.000000
227.016586,-5.914,56.857830,0.000397,1.552,-5.646,-5.452,0.000000
227.802322,-6.331,58.358879,0.000417,1.552,-5.652,-5.458,0.000000
228.590988,-6.946,59.682171,0.000448,1.552,-5.658,-5.464,0.000000
229.382187,-7.365,62.031094,0.000470,1.552,-5.664,-5.470,0.000000
230.176208,-7.908,63.958710,0.000500,1.552,-5.670,-5.476,0.000000
230.972992,-8.432,66.857590,0.000532,1.552,-5.677,-5.482,0.000000
231.772537,-8.876,69.350136,0.000560,1.552,-5.683,-5.488,0.000000
232.574844,-9.403,72.001259,0.000595,1.552,-5.689,-5.494,0.000000
233.379822,-9.852,75.023125,0.000626,1.551,-5.695,-5.500,0.000000
234.187805,-10.376,78.187454,0.000665,1.551,-5.702,-5.506,0.000000
234.998352,-10.803,81.982674,0.000699,1.551,-5.708,-5.512,0.000000
235.811935,-11.208,85.315361,0.000733,1.551,-5.714,-5.518,0.000000
236.628113,-11.659,89.281075,0.000772,1.551,-5.720,-5.524,0.000000
237.447342,-11.968,93.740868,0.000800,1.551,-5.727,-5.531,0.000000
238.269180,-12.361,97.765129,0.000837,1.551,-5.733,-5.537,0.000000
239.094101,-12.668,102.579117,0.000867,1.551,-5.740,-5.543,0.000000
239.921631,-12.813,107.016533,0.000882,1.550,-5.746,-5.549,0.000000
240.752151,-12.983,110.494240,0.000900,1.550,-5.752,-5.555,0.000000
241.585541,-12.965,115.193352,0.000898,1.550,-5.759,-5.562,0.000000
242.421814,-12.956,118.836639,0.000897,1.550,-5.765,-5.568,0.000000
243.260986,-13.006,122.286819,0.000902,1.550,-5.772,-5.574,0.000000
244.102951,-12.936,125.750000,0.000895,1.550,-5.778,-5.580,0.000000
244.948059,-12.800,128.291229,0.000881,1.550,-5.785,-5.587,0.000000
245.795975,-12.669,130.281097,0.000868,1.550,-5.791,-5.593,0.000000
246.646820,-12.599,131.603714,0.000861,1.549,-5.798,-5.599,0.000000
247.500626,-12.639,133.631531,0.000865,1.549,-5.805,-5.606,0.000000
248.357376,-12.630,134.832520,0.000864,1.549,-5.811,-5.612,0.000000
249.216980,-12.736,135.511993,0.000875,1.549,-5.818,-5.619,0.000000
250.079788,-12.789,136.060333,0.000880,1.549,-5.824,-5.625,0.000000
250.945343,-12.931,136.275864,0.000895,1.549,-5.825,-5.626,0.000000
251.814026,-13.130,136.586777,0.000916,1.549,-5.827,-5.627,0.000000
252.685715,-13.350,136.514938,0.000940,1.549,-5.828,-5.628,0.000000
253.560410,-13.594,136.586151,0.000966,1.549,-5.829,-5.629,0.000000
254.438141,-13.841,136.281418,0.000995,1.549,-5.830,-5.631,0.000000
255.318909,-14.166,135.651062,0.001033,1.549,-5.831,-5.632,0.000000
256.202728,-14.582,134.925674,0.001083,1.549,-5.833,-5.633,0.000000
257.089600,-15.063,134.324860,0.001145,1.549,-5.834,-5.634,0.000000
257.979553,-15.654,133.301361,0.001226,1.549,-5.835,-5.635,0.000000
258.872559,-16.228,133.213516,0.001310,1.549,-5.836,-5.636,0.000000
259.768677,-16.964,133.724899,0.001426,1.548,-5.837,-5.638,0.000000
260.667786,-17.693,134.235641,0.001552,1.548,-5.839,-5.639,0.000000
261.570251,-18.519,134.387863,0.001707,1.548,-5.840,-5.640,0.000000
262.475555,-19.371,134.648209,0.001883,1.548,-5.841,-5.641,0.000000
263.384277,-20.385,134.287918,0.002116,1.548,-5.842,-5.642,0.000000
264.295898,-21.392,133.975601,0.002377,1.548,-5.844,-5.644,0.000000
265.210785,-22.429,133.612274,0.002679,1.548,-5.845,-5.645,0.000000
266.128845,-23.866,133.278381,0.003161,1.548,-5.846,-5.646,0.000000
267.050201,-25.113,134.087265,0.003650,1.548,-5.848,-5.647,0.000000
267.974518,-26.719,134.908142,0.004392,1.548,-5.849,-5.649,0.000000
268.902130,-28.166,141.809677,0.005189,1.548,-5.850,-5.650,0.000000
269.832977,-29.270,152.784286,0.005893,1.548,-5.851,-5.651,0.000000
270.767029,-30.515,170.477905,0.006803,1.548,-5.853,-5.652,0.000000
271.704315,-31.056,-156.973770,0.007241,1.548,-5.854,-5.654,0.000000
272.644714,-31.074,-128.641357,0.007257,1.548,-5.855,-5.655,0.000000
273.588654,-30.763,-117.838776,0.007003,1.548,-5.856,-5.656,0.000000
274.535583,-30.080,-112.558823,0.006475,1.548,-5.858,-5.657,0.000000
275.486053,-29.412,-105.492134,0.005996,1.548,-5.859,-5.659,0.000000
276.439545,-28.614,-98.356216,0.005471,1.548,-5.860,-5.660,0.000000
277.396454,-27.959,-94.226646,0.005074,1.547,-5.862,-5.661,0.000000
278.356689,-27.589,-91.730148,0.004864,1.547,-5.863,-5.662,0.000000
279.320404,-27.000,-88.069214,0.004545,1.547,-5.864,-5.664,0.000000
280.287170,-26.389,-88.895607,0.004236,1.547,-5.866,-5.665,0.000000
281.257416,-25.909,-86.416771,0.004009,1.547,-5.867,-5.666,0.000000
282.231018,-25.518,-84.084038,0.003832,1.547,-5.868,-5.668,0.000000
283.207977,-25.176,-84.583138,0.003684,1.547,-5.870,-5.669,0.000000
284.188354,-24.931,-85.920403,0.003582,1.547,-5.871,-5.670,0.000000
285.171967,-24.986,-87.736267,0.003604,1.547,-5.872,-5.672,0.000000
286.159271,-25.046,-90.722641,0.003629,1.547,-5.874,-5.673,0.000000
287.149689,-25.295,-92.257271,0.003735,1.547,-5.875,-5.674,0.000000
288.143829,-25.557,-95.054482,0.003849,1.547,-5.877,-5.676,0.000000
289.141144,-25.825,-93.687210,0.003970,1.547,-5.878,-5.677,0.000000
290.142029,-26.098,-95.876869,0.004097,1.547,-5.879,-5.678,0.000000
291.146393,-26.331,-97.961617,0.004208,1.547,-5.881,-5.680,0.000000
292.154358,-26.565,-98.527931,0.004323,1.547,-5.882,-5.681,0.000000
293.165558,-26.548,-100.234749,0.004315,1.547,-5.883,-5.682,0.000000
294.180389,-26.379,-102.373260,0.004231,1.547,-5.885,-5.684,0.000000
295.198730,-26.200,-104.886436,0.004145,1.547,-5.886,-5.685,0.000000
296.220581,-26.142,-107.712463,0.004118,1.546,-5.888,-5.686,0.000000
297.246002,-25.687,-112.074089,0.003907,1.546,-5.889,-5.688,0.000000
298.274933,-25.803,-119.072746,0.003960,1.546,-5.890,-5.689,0.000000
299.307465,-25.386,-122.161102,0.003774,1.546,-5.892,-5.690,0.000000
300.343414,-25.318,-129.250778,0.003745,1.546,-5.893,-5.692,0.000000
301.383209,-24.998,-135.937439,0.003609,1.546,-5.895,-5.693,0.000000
302.426361,-24.870,-142.512253,0.003556,1.546,-5.896,-5.695,0.000000
303.473389,-24.895,-148.502945,0.003567,1.546,-5.898,-5.696,0.000000
304.523743,-24.881,-155.548874,0.003561,1.546,-5.899,-5.697,0.000000
305.578033,-24.597,-162.025696,0.003446,1.546,-5.901,-5.699,0.000000
306.635681,-24.808,-165.864120,0.003531,1.546,-5.902,-5.700,0.000000
307.697266,-24.203,-168.365814,0.003293,1.546,-5.903,-5.702,0.000000
308.762268,-24.431,-171.930283,0.003379,1.546,-5.905,-5.703,0.000000
309.831085,-24.131,-173.407928,0.003264,1.546,-5.906,-5.704,0.000000
310.903595,-24.192,-175.875656,0.003287,1.546,-5.908,-5.706,0.000000
311.979828,-23.603,-179.441971,0.003071,1.546,-5.909,-5.707,0.000000
313.059784,-23.705,178.752792,0.003106,1.546,-5.911,-5.709,0.000000
314.143311,-23.304,178.100540,0.002966,1.545,-5.912,-5.710,0.000000
315.230927,-23.365,-179.838516,0.002986,1.545,-5.914,-5.712,0.000000
316.322113,-23.115,176.423172,0.002901,1.545,-5.915,-5.713,0.000000
317.417114,-22.864,173.385849,0.002818,1.545,-5.917,-5.715,0.000000
318.515747,-22.617,170.620453,0.002738,1.545,-5.918,-5.716,0.000000
319.618469,-22.159,173.008667,0.002597,1.545,-5.920,-5.718,0.000000
320.724701,-22.009,168.381119,0.002553,1.545,-5.921,-5.719,0.000000
321.835083,-21.489,171.868042,0.002404,1.545,-5.923,-5.720,0.000000
322.949005,-21.018,172.007401,0.002277,1.545,-5.924,-5.722,0.000000
324.066925,-20.389,172.612961,0.002118,1.545,-5.926,-5.723,0.000000
325.188721,-19.929,167.716476,0.002009,1.545,-5.927,-5.725,0.000000
326.314392,-19.307,177.818466,0.001870,1.545,-5.929,-5.726,0.000000
327.443970,-18.870,-177.367340,0.001778,1.545,-5.931,-5.728,0.000000
328.577301,-18.340,175.244019,0.001673,1.545,-5.932,-5.729,0.000000
329.714874,-17.915,176.973419,0.001593,1.545,-5.934,-5.731,0.000000
330.856232,-17.481,-164.528473,0.001515,1.545,-5.935,-5.733,0.000000
332.001526,-17.248,-166.405930,0.001474,1.544,-5.937,-5.734,0.000000
333.150635,-17.035,-161.908554,0.001439,1.544,-5.938,-5.736,0.000000
334.304016,-17.117,-162.735428,0.001452,1.544,-5.940,-5.737,0.000000
335.461090,-17.278,-158.654449,0.001479,1.544,-5.942,-5.739,0.000000
336.622498,-17.640,-153.308960,0.001542,1.544,-5.943,-5.740,0.000000
337.787598,-18.137,-161.880951,0.001633,1.544,-5.945,-5.742,0.000000
338.956879,-18.563,-144.148895,0.001715,1.544,-5.946,-5.743,0.000000
340.130219,-19.029,-142.397629,0.001809,1.544,-5.948,-5.745,0.000000
341.307617,-19.311,-153.040985,0.001869,1.544,-5.950,-5.746,0.000000
342.489105,-19.669,-130.687775,0.001948,1.544,-5.951,-5.748,0.000000
343.674652,-19.854,-155.550934,0.001989,1.544,-5.953,-5.750,0.000000
344.864319,-19.933,-124.194786,0.002007,1.544,-5.955,-5.751,0.000000
346.058105,-19.921,-107.250778,0.002004,1.544,-5.956,-5.753,0.000000
347.256042,-19.880,-94.227066,0.001994,1.544,-5.958,-5.754,0.000000
348.457947,-19.886,-70.857681,0.001995,1.544,-5.959,-5.756,0.000000
349.664337,-19.950,-60.194130,0.002010,1.543,-5.961,-5.758,0.000000
350.874573,-20.365,-65.853111,0.002108,1.543,-5.963,-5.759,0.000000
352.089325,-20.755,-36.124302,0.002204,1.543,-5.964,-5.761,0.000000
353.307953,-21.363,-50.182632,0.002364,1.543,-5.966,-5.762,0.000000
354.530975,-21.986,-31.928293,0.002540,1.543,-5.968,-5.764,0.000000
355.758240,-22.784,-37.300220,0.002784,1.543,-5.970,-5.766,0.000000
356.989716,-23.427,-6.475840,0.002998,1.543,-5.971,-5.767,0.000000
358.225494,-24.001,-11.677995,0.003203,1.543,-5.973,-5.769,0.000000
359.465515,-24.587,-0.631514,0.003427,1.543,-5.975,-5.771,0.000000
360.709869,-24.898,8.469706,0.003552,1.543,-5.976,-5.772,0.000000
361.958496,-25.368,3.080673,0.003749,1.543,-5.978,-5.774,0.000000
363.211456,-25.753,11.266265,0.003919,1.543,-5.980,-5.776,0.000000
364.468750,-26.342,22.028521,0.004194,1.543,-5.982,-5.777,0.000000
365.730408,-26.841,40.979290,0.004442,1.543,-5.983,-5.779,0.000000
366.996246,-27.399,53.341125,0.004737,1.543,-5.985,-5.781,0.000000
368.266815,-28.229,54.901211,0.005211,1.542,-5.987,-5.782,0.000000
369.541443,-28.876,60.304676,0.005615,1.542,-5.988,-5.784,0.000000
370.820648,-29.636,61.066692,0.006128,1.542,-5.990,-5.786,0.000000
372.104309,-29.970,60.897495,0.006368,1.542,-5.992,-5.788,0.000000
373.392395,-30.433,66.808228,0.006717,1.542,-5.994,-5.789,0.000000
374.684937,-30.297,67.030167,0.006613,1.542,-5.996,-5.791,0.000000
375.982117,-29.922,68.971825,0.006333,1.542,-5.997,-5.793,0.000000
377.283447,-29.508,72.097984,0.006039,1.542,-5.999,-5.794,0.000000
378.589447,-29.091,72.474785,0.005756,1.542,-6.001,-5.796,0.000000
379.899994,-29.152,72.059067,0.005796,1.542,-6.003,-5.798,0.000000
381.215057,-29.325,74.739273,0.005912,1.542,-6.005,-5.800,0.000000
382.534668,-29.586,73.977867,0.006093,1.542,-6.006,-5.801,0.000000
383.858673,-29.508,73.415207,0.006039,1.542,-6.008,-5.803,0.000000
385.187622,-29.710,76.230843,0.006181,1.542,-6.010,-5.805,0.000000
386.520813,-29.724,79.282837,0.006191,1.541,-6.012,-5.807,0.000000
387.859009,-29.888,79.472954,0.006309,1.541,-6.014,-5.809,0.000000
389.201416,-30.201,80.513733,0.006540,1.541,-6.016,-5.810,0.000000
390.548889,-29.932,79.525375,0.006340,1.541,-6.017,-5.812,0.000000
391.900635,-29.927,82.214493,0.006337,1.541,-6.019,-5.814,0.000000
393.257416,-29.991,86.084625,0.006384,1.541,-6.021,-5.816,0.000000
394.618530,-29.983,91.659897,0.006379,1.541,-6.023,-5.818,0.000000
395.984558,-29.987,94.936493,0.006383,1.541,-6.025,-5.819,0.000000
397.355316,-29.704,97.045120,0.006179,1.541,-6.027,-5.821,0.000000
398.730804,-29.413,99.573242,0.005976,1.541,-6.029,-5.823,0.000000
400.111053,-28.690,104.227715,0.005500,1.541,-6.031,-5.825,0.000000
401.495880,-28.524,108.586174,0.005397,1.541,-6.032,-5.827,0.000000
402.885895,-28.308,112.427071,0.005265,1.541,-6.034,-5.829,0.000000
404.280365,-28.212,118.242416,0.005208,1.540,-6.036,-5.830,0.000000
405.679993,-28.156,119.654129,0.005174,1.540,-6.038,-5.832,0.000000
407.084106,-28.178,119.317589,0.005187,1.540,-6.040,-5.834,0.000000
408.493500,-28.304,115.356529,0.005263,1.540,-6.042,-5.836,0.000000
409.907349,-28.707,112.826088,0.005513,1.540,-6.044,-5.838,0.000000
411.326477,-29.321,109.801170,0.005917,1.540,-6.046,-5.840,0.000000
412.750122,-29.859,112.314087,0.006295,1.540,-6.048,-5.842,0.000000
414.178925,-30.356,103.734901,0.006667,1.540,-6.050,-5.844,0.000000
415.612640,-30.633,98.624657,0.006884,1.540,-6.052,-5.846,0.000000
417.051331,-30.783,89.138191,0.007006,1.540,-6.054,-5.848,0.000000
418.494995,-30.996,82.212502,0.007180,1.540,-6.056,-5.849,0.000000
419.943481,-31.454,77.747162,0.007570,1.540,-6.058,-5.851,0.000000
421.397369,-31.836,78.338654,0.007912,1.540,-6.060,-5.853,0.000000
422.855865,-31.858,75.897743,0.007932,1.539,-6.062,-5.855,0.000000
424.319855,-31.670,75.208832,0.007763,1.539,-6.064,-5.857,0.000000
425.788666,-31.808,62.343613,0.007888,1.539,-6.066,-5.859,0.000000
427.262604,-31.949,71.830963,0.008016,1.539,-6.068,-5.861,0.000000
428.741394,-31.754,75.065025,0.007839,1.539,-6.070,-5.863,0.000000
430.225739,-31.428,77.586609,0.007549,1.539,-6.072,-5.865,0.000000
431.714813,-30.974,88.451622,0.007165,1.539,-6.074,-5.867,0.000000
433.209259,-30.414,51.080284,0.006718,1.539,-6.076,-5.869,0.000000
434.708862,-29.899,47.866165,0.006333,1.539,-6.078,-5.871,0.000000
436.213654,-29.556,22.208916,0.006089,1.539,-6.080,-5.873,0.000000
437.723663,-29.020,45.214451,0.005725,1.539,-6.082,-5.875,0.000000
439.238892,-28.135,24.455345,0.005172,1.539,-6.084,-5.877,0.000000
440.759369,-27.483,11.503739,0.004799,1.538,-6.086,-5.879,0.000000
442.285095,-26.764,8.165484,0.004418,1.538,-6.089,-5.881,0.000000
443.816132,-25.890,28.136139,0.003995,1.538,-6.091,-5.883,0.000000
445.352448,-24.790,17.991192,0.003520,1.538,-6.093,-5.885,0.000000
446.894073,-23.895,31.738979,0.003175,1.538,-6.095,-5.887,0.000000
448.440857,-23.006,33.744865,0.002866,1.538,-6.097,-5.889,0.000000
449.993408,-22.127,31.358646,0.002591,1.538,-6.099,-5.891,0.000000
451.550873,-21.301,44.355377,0.002355,1.538,-6.101,-5.894,0.000000
453.114197,-20.355,60.220428,0.002112,1.538,-6.103,-5.896,0.000000
454.682495,-19.043,50.657841,0.001816,1.538,-6.106,-5.898,0.000000
456.256409,-17.929,55.385845,0.001598,1.538,-6.108,-5.900,0.000000
457.835815,-16.568,43.696415,0.001366,1.538,-6.110,-5.902,0.000000
459.420654,-15.023,53.434868,0.001143,1.537,-6.112,-5.904,0.000000
461.010986,-13.394,65.049294,0.000948,1.537,-6.114,-5.906,0.000000
462.606842,-11.738,68.642769,0.000873,1.537,-6.117,-5.908,0.000000
464.208221,-10.264,71.691498,0.000737,1.537,-6.119,-5.910,0.000000
465.815125,-9.044,54.423073,0.000574,1.537,-6.121,-5.913,0.000000
467.427582,-7.970,66.540367,0.000532,1.537,-6.123,-5.915,0.000000
469.045410,-7.267,50.447350,0.000490,1.537,-6.125,-5.917,0.000000
470.669312,-6.891,54.867435,0.000463,1.537,-6.128,-5.919,0.000000
472.298340,-6.875,78.895332,0.000462,1.537,-6.130,-5.921,0.000000
473.933502,-7.138,116.515038,0.000467,1.537,-6.132,-5.923,0.000000
475.573853,-7.430,148.801041,0.000483,1.537,-6.134,-5.926,0.000000
477.220093,-7.645,173.919708,0.000533,1.536,-6.137,-5.928,0.000000
478.872040,-8.073,-160.821762,0.000559,1.536,-6.139,-5.930,0.000000
480.529724,-8.242,-159.125488,0.000582,1.536,-6.141,-5.932,0.000000
482.193146,-7.105,-153.448929,0.000723,1.536,-6.143,-5.934,0.000000
483.862305,-4.534,-153.770325,0.000537,1.536,-6.146,-5.937,0.000000
485.537262,-2.466,-167.439560,0.000683,1.536,-6.148,-5.939,0.000000
487.217987,-0.306,-152.108978,0.000549,1.536,-6.150,-5.941,0.000000
488.904541,1.793,-146.035614,0.000507,1.536,-6.153,-5.943,0.000000
490.596710,3.904,-148.274063,0.000395,1.536,-6.155,-5.946,0.000000
492.295197,6.336,-136.274673,0.000411,1.536,-6.157,-5.948,0.000000
493.999115,8.732,-146.508621,0.000521,1.536,-6.160,-5.950,0.000000
495.709381,9.583,-148.481750,0.000500,1.535,-6.162,-5.952,0.000000
497.425110,10.361,-159.053329,0.000800,1.535,-6.164,-5.955,0.000000
499.147003,11.091,-155.054916,0.000714,1.535,-6.167,-5.957,0.000000
500.874847,11.969,-159.327393,0.000641,1.537,-6.169,-5.960,0.000000
502.608917,12.981,-157.666443,0.000570,1.540,-6.172,-5.962,0.000000
504.348541,13.788,-164.322311,0.000520,1.543,-6.175,-5.965,0.000000
506.094391,14.617,179.648056,0.000894,1.546,-6.178,-5.968,0.000000
507.846283,13.770,157.327194,0.001349,1.550,-6.181,-5.971,0.000000
509.604279,-199.923,0.000000,0.000000,1.553,-6.184,-5.973,0.000000
511.368317,-199.926,0.000000,0.000000,1.556,-6.186,-5.976,0.000000
513.138489,-199.929,0.000000,0.000000,1.560,-6.189,-5.979,0.000000
514.914795,-199.932,0.000000,0.000000,1.563,-6.192,-5.982,0.000000
516.696960,-199.935,0.000000,0.000000,1.566,-6.195,-5.985,0.000000
518.485840,-199.938,0.000000,0.000000,1.569,-6.198,-5.987,0.000000
520.280334,-199.940,0.000000,0.000000,1.573,-6.201,-5.990,0.000000
522.081360,-199.942,0.000000,0.000000,1.576,-6.204,-5.993,0.000000
523.888611,-199.943,0.000000,0.000000,1.579,-6.207,-5.996,0.000000
525.702393,-199.945,0.000000,0.000000,1.583,-6.210,-5.999,0.000000
527.521912,-199.946,0.000000,0.000000,1.586,-6.213,-6.002,0.000000
529.348206,-199.948,0.000000,0.000000,1.590,-6.216,-6.005,0.000000
531.180359,-199.949,0.000000,0.000000,1.593,-6.219,-6.008,0.000000
533.019104,-199.952,0.000000,0.000000,1.596,-6.222,-6.010,0.000000
534.864258,-199.955,0.000000,0.000000,1.600,-6.225,-6.013,0.000000
536.715698,-199.958,0.000000,0.000000,1.603,-6.228,-6.016,0.000000
538.573608,-199.961,0.000000,0.000000,1.607,-6.231,-6.019,0.000000
540.437683,-199.964,0.000000,0.000000,1.610,-6.234,-6.022,0.000000
542.308777,-199.967,0.000000,0.000000,1.613,-6.237,-6.025,0.000000
544.185730,-199.970,0.000000,0.000000,1.617,-6.240,-6.028,0.000000
546.069763,-199.971,0.000000,0.000000,1.620,-6.243,-6.031,0.000000
547.959778,-199.973,0.000000,0.000000,1.624,-6.246,-6.034,0.000000
549.856873,-199.974,0.000000,0.000000,1.627,-6.249,-6.037,0.000000
551.760010,-199.976,0.000000,0.000000,1.631,-6.252,-6.040,0.000000
553.670288,-199.977,0.000000,0.000000,1.635,-6.255,-6.043,0.000000
555.586609,-199.979,0.000000,0.000000,1.638,-6.258,-6.046,0.000000
557.509827,-199.980,0.000000,0.000000,1.642,-6.261,-6.049,0.000000
559.439697,-199.980,0.000000,0.000000,1.645,-6.264,-6.052,0.000000
561.376282,-199.980,0.000000,0.000000,1.649,-6.268,-6.055,0.000000
563.319519,-199.980,0.000000,0.000000,1.652,-6.271,-6.058,0.000000
565.269287,-199.980,0.000000,0.000000,1.656,-6.274,-6.062,0.000000
567.226318,-199.980,0.000000,0.000000,1.660,-6.277,-6.065,0.000000
569.189514,-199.980,0.000000,0.000000,1.663,-6.280,-6.068,0.000000
571.160156,-199.980,0.000000,0.000000,1.667,-6.283,-6.071,0.000000
573.136963,-199.980,0.000000,0.000000,1.671,-6.287,-6.074,0.000000
575.121216,-199.980,0.000000,0.000000,1.674,-6.290,-6.077,0.000000
577.111816,-199.980,0.000000,0.000000,1.678,-6.293,-6.080,0.000000
579.109863,-199.980,0.000000,0.000000,1.682,-6.296,-6.083,0.000000
581.114197,-199.980,0.000000,0.000000,1.685,-6.300,-6.087,0.000000
583.125793,-199.980,0.000000,0.000000,1.689,-6.303,-6.090,0.000000
585.144348,-199.980,0.000000,0.000000,1.693,-6.306,-6.093,0.000000
587.169922,-199.980,0.000000,0.000000,1.697,-6.309,-6.096,0.000000
589.202454,-199.980,0.000000,0.000000,1.700,-6.313,-6.099,0.000000
591.241760,-199.980,0.000000,0.000000,1.704,-6.316,-6.103,0.000000
593.288696,-199.980,0.000000,0.000000,1.708,-6.319,-6.106,0.000000
595.342468,-199.980,0.000000,0.000000,1.712,-6.323,-6.109,0.000000
597.403320,-199.980,0.000000,0.000000,1.715,-6.326,-6.112,0.000000
599.471008,-199.980,0.000000,0.000000,1.719,-6.329,-6.116,0.000000
601.546448,-199.980,0.000000,0.000000,1.723,-6.333,-6.119,0.000000
603.628479,-199.980,0.000000,0.000000,1.727,-6.336,-6.122,0.000000
605.718262,-199.980,0.000000,0.000000,1.731,-6.339,-6.126,0.000000
607.814758,-199.980,0.000000,0.000000,1.735,-6.343,-6.129,0.000000
609.918762,-199.980,0.000000,0.000000,1.739,-6.346,-6.132,0.000000
612.030090,-199.979,0.000000,0.000000,1.743,-6.350,-6.136,0.000000
614.148682,-199.978,0.000000,0.000000,1.746,-6.353,-6.139,0.000000
616.274658,-199.976,0.000000,0.000000,1.750,-6.357,-6.142,0.000000
618.407654,-199.975,0.000000,0.000000,1.754,-6.360,-6.146,0.000000
620.548645,-199.973,0.000000,0.000000,1.758,-6.364,-6.149,0.000000
622.696716,-199.972,0.000000,0.000000,1.762,-6.367,-6.152,0.000000
624.852295,-199.970,0.000000,0.000000,1.766,-6.371,-6.156,0.000000
627.015259,-199.970,0.000000,0.000000,1.770,-6.374,-6.159,0.000000
629.185730,-199.970,0.000000,0.000000,1.774,-6.378,-6.163,0.000000
631.363464,-199.970,0.000000,0.000000,1.778,-6.381,-6.166,0.000000
633.549316,-199.970,0.000000,0.000000,1.782,-6.385,-6.170,0.000000
635.742126,-199.970,0.000000,0.000000,1.786,-6.388,-6.173,0.000000
637.942810,-199.970,0.000000,0.000000,1.790,-6.392,-6.177,0.000000
640.151123,-199.970,0.000000,0.000000,1.795,-6.395,-6.180,0.000000
642.367065,-199.970,0.000000,0.000000,1.799,-6.399,-6.184,0.000000
644.590698,-199.970,0.000000,0.000000,1.803,-6.403,-6.187,0.000000
646.822327,-199.970,0.000000,0.000000,1.807,-6.406,-6.191,0.000000
649.061096,-199.970,0.000000,0.000000,1.811,-6.410,-6.194,0.000000
651.307861,-199.970,0.000000,0.000000,1.815,-6.413,-6.198,0.000000
653.562439,-199.970,0.000000,0.000000,1.819,-6.417,-6.201,0.000000
655.824829,-199.970,0.000000,0.000000,1.824,-6.421,-6.205,0.000000
658.095032,-199.970,0.000000,0.000000,1.828,-6.424,-6.208,0.000000
660.372803,-199.970,0.000000,0.000000,1.832,-6.428,-6.212,0.000000
662.659058,-199.970,0.000000,0.000000,1.836,-6.432,-6.216,0.000000
664.952637,-199.970,0.000000,0.000000,1.840,-6.436,-6.219,0.000000
667.254761,-199.970,0.000000,0.000000,1.845,-6.439,-6.223,0.000000
669.564209,-199.970,0.000000,0.000000,1.849,-6.443,-6.227,0.000000
671.882019,-199.971,0.000000,0.000000,1.853,-6.447,-6.230,0.000000
674.207764,-199.973,0.000000,0.000000,1.858,-6.451,-6.234,0.000000
676.541992,-199.974,0.000000,0.000000,1.862,-6.454,-6.238,0.000000
678.883545,-199.976,0.000000,0.000000,1.866,-6.458,-6.241,0.000000
681.233582,-199.977,0.000000,0.000000,1.871,-6.462,-6.245,0.000000
683.591797,-199.979,0.000000,0.000000,1.875,-6.466,-6.249,0.000000
685.958130,-199.980,0.000000,0.000000,1.879,-6.470,-6.253,0.000000
688.332642,-199.982,0.000000,0.000000,1.884,-6.473,-6.256,0.000000
690.715027,-199.983,0.000000,0.000000,1.888,-6.477,-6.260,0.000000
693.106384,-199.985,0.000000,0.000000,1.893,-6.481,-6.264,0.000000
695.505310,-199.986,0.000000,0.000000,1.897,-6.485,-6.268,0.000000
697.913208,-199.988,0.000000,0.000000,1.901,-6.489,-6.272,0.000000
700.328796,-199.989,0.000000,0.000000,1.906,-6.493,-6.275,0.000000
702.753052,-199.991,0.000000,0.000000,1.910,-6.497,-6.279,0.000000
705.185730,-199.992,0.000000,0.000000,1.915,-6.501,-6.283,0.000000
707.627136,-199.994,0.000000,0.000000,1.919,-6.505,-6.287,0.000000
710.076355,-199.995,0.000000,0.000000,1.924,-6.509,-6.291,0.000000
712.534363,-199.997,0.000000,0.000000,1.929,-6.513,-6.295,0.000000
715.000854,-199.998,0.000000,0.000000,1.933,-6.517,-6.299,0.000000
717.475891,-200.000,0.000000,0.000000,1.938,-6.521,-6.303,0.000000
719.959534,-200.001,0.000000,0.000000,1.942,-6.525,-6.306,0.000000
722.451416,-200.003,0.000000,0.000000,1.947,-6.529,-6.310,0.000000
724.952637,-200.004,0.000000,0.000000,1.952,-6.533,-6.314,0.000000
727.461792,-200.006,0.000000,0.000000,1.956,-6.537,-6.318,0.000000
729.980347,-200.007,0.000000,0.000000,1.961,-6.541,-6.322,0.000000
732.506897,-200.009,0.000000,0.000000,1.965,-6.545,-6.326,0.000000
735.042908,-200.010,0.000000,0.000000,1.970,-6.549,-6.330,0.000000
737.586975,-200.012,0.000000,0.000000,1.975,-6.553,-6.334,0.000000
740.140564,-200.013,0.000000,0.000000,1.980,-6.558,-6.338,0.000000
742.702332,-200.015,0.000000,0.000000,1.984,-6.562,-6.342,0.000000
745.273254,-200.016,0.000000,0.000000,1.989,-6.566,-6.347,0.000000
747.853088,-200.018,0.000000,0.000000,1.994,-6.570,-6.351,0.000000
750.441895,-200.019,0.000000,0.000000,1.999,-6.574,-6.355,0.000000
753.039612,-200.021,0.000000,0.000000,2.004,-6.578,-6.359,0.000000
755.646362,-200.022,0.000000,0.000000,2.008,-6.583,-6.363,0.000000
758.262146,-200.023,0.000000,0.000000,2.013,-6.587,-6.367,0.000000
760.886597,-200.025,0.000000,0.000000,2.018,-6.591,-6.371,0.000000
763.520813,-200.026,0.000000,0.000000,2.023,-6.595,-6.375,0.000000
766.163818,-200.028,0.000000,0.000000,2.028,-6.600,-6.380,0.000000
768.816040,-200.029,0.000000,0.000000,2.033,-6.604,-6.384,0.000000
771.476990,-200.030,0.000000,0.000000,2.038,-6.608,-6.388,0.000000
774.147888,-200.030,0.000000,0.000000,2.043,-6.613,-6.392,0.000000
776.827332,-200.030,0.000000,0.000000,2.048,-6.617,-6.396,0.000000
779.516785,-200.030,0.000000,0.000000,2.053,-6.621,-6.401,0.000000
782.214844,-200.030,0.000000,0.000000,2.057,-6.626,-6.405,0.000000
784.922546,-200.030,0.000000,0.000000,2.063,-6.630,-6.409,0.000000
787.639648,-200.030,0.000000,0.000000,2.068,-6.635,-6.414,0.000000
790.366150,-200.030,0.000000,0.000000,2.073,-6.639,-6.418,0.000000
793.102112,-200.030,0.000000,0.000000,2.078,-6.643,-6.422,0.000000
795.847107,-200.030,0.000000,0.000000,2.083,-6.648,-6.427,0.000000
798.602417,-200.030,0.000000,0.000000,2.088,-6.652,-6.431,0.000000
801.366882,-200.030,0.000000,0.000000,2.093,-6.657,-6.435,0.000000
804.140930,-200.030,0.000000,0.000000,2.098,-6.661,-6.440,0.000000
806.924133,-200.030,0.000000,0.000000,2.103,-6.666,-6.444,0.000000
809.717773,-200.030,0.000000,0.000000,2.108,-6.670,-6.449,0.000000
812.520325,-200.030,0.000000,0.000000,2.114,-6.675,-6.453,0.000000
815.333374,-200.030,0.000000,0.000000,2.119,-6.680,-6.457,0.000000
818.155334,-200.030,0.000000,0.000000,2.124,-6.684,-6.462,0.000000
820.987488,-200.030,0.000000,0.000000,2.129,-6.689,-6.466,0.000000
823.829407,-200.030,0.000000,0.000000,2.135,-6.693,-6.471,0.000000
826.681213,-200.030,0.000000,0.000000,2.140,-6.698,-6.475,0.000000
829.542847,-200.030,0.000000,0.000000,2.145,-6.703,-6.480,0.000000
832.414429,-200.030,0.000000,0.000000,2.150,-6.707,-6.484,0.000000
835.295898,-200.030,0.000000,0.000000,2.156,-6.712,-6.489,0.000000
838.187378,-200.030,0.000000,0.000000,2.161,-6.717,-6.494,0.000000
841.088867,-200.030,0.000000,0.000000,2.166,-6.721,-6.498,0.000000
844.000000,-200.030,0.000000,0.000000,2.172,-6.726,-6.503,0.000000
846.921997,-200.030,0.000000,0.000000,2.177,-6.731,-6.507,0.000000
849.853333,-200.030,0.000000,0.000000,2.183,-6.736,-6.512,0.000000
852.795593,-200.030,0.000000,0.000000,2.188,-6.740,-6.517,0.000000
855.747253,-200.030,0.000000,0.000000,2.194,-6.745,-6.521,0.000000
858.709534,-200.030,0.000000,0.000000,2.199,-6.750,-6.526,0.000000
861.682068,-200.030,0.000000,0.000000,2.205,-6.755,-6.531,0.000000
864.664856,-200.030,0.000000,0.000000,2.210,-6.760,-6.536,0.000000
867.657959,-200.028,0.000000,0.000000,2.216,-6.764,-6.540,0.000000
870.661499,-200.027,0.000000,0.000000,2.221,-6.769,-6.545,0.000000
873.675354,-200.025,0.000000,0.000000,2.227,-6.774,-6.550,0.000000
876.699707,-200.024,0.000000,0.000000,2.232,-6.779,-6.555,0.000000
879.734497,-200.022,0.000000,0.000000,2.238,-6.784,-6.559,0.000000
882.779419,-200.021,0.000000,0.000000,2.244,-6.789,-6.564,0.000000
885.835632,-200.020,0.000000,0.000000,2.249,-6.794,-6.569,0.000000
888.901672,-200.020,0.000000,0.000000,2.255,-6.799,-6.574,0.000000
891.979126,-200.020,0.000000,0.000000,2.261,-6.804,-6.579,0.000000
895.066406,-200.020,0.000000,0.000000,2.266,-6.809,-6.584,0.000000
898.164734,-200.020,0.000000,0.000000,2.272,-6.814,-6.589,0.000000
901.273865,-200.020,0.000000,0.000000,2.278,-6.819,-6.593,0.000000
904.393738,-200.020,0.000000,0.000000,2.284,-6.824,-6.598,0.000000
907.524414,-200.020,0.000000,0.000000,2.289,-6.829,-6.603,0.000000
910.665894,-200.020,0.000000,0.000000,2.295,-6.834,-6.608,0.000000
913.818298,-200.020,0.000000,0.000000,2.301,-6.839,-6.613,0.000000
916.981567,-200.020,0.000000,0.000000,2.307,-6.844,-6.618,0.000000
920.155823,-200.020,0.000000,0.000000,2.313,-6.850,-6.623,0.000000
923.341003,-200.020,0.000000,0.000000,2.319,-6.855,-6.628,0.000000
926.537292,-200.020,0.000000,0.000000,2.325,-6.860,-6.633,0.000000
929.744141,-200.018,0.000000,0.000000,2.331,-6.865,-6.639,0.000000
932.963013,-200.017,0.000000,0.000000,2.336,-6.870,-6.644,0.000000
936.192139,-200.015,0.000000,0.000000,2.342,-6.876,-6.649,0.000000
939.432861,-200.014,0.000000,0.000000,2.348,-6.881,-6.654,0.000000
942.684814,-200.012,0.000000,0.000000,2.354,-6.886,-6.659,0.000000
945.948486,-200.011,0.000000,0.000000,2.361,-6.891,-6.664,0.000000
949.222534,-200.010,0.000000,0.000000,2.367,-6.897,-6.669,0.000000
952.508850,-200.010,0.000000,0.000000,2.373,-6.902,-6.675,0.000000
955.805603,-200.010,0.000000,0.000000,2.379,-6.907,-6.680,0.000000
959.114258,-200.010,0.000000,0.000000,2.385,-6.913,-6.685,0.000000
962.434326,-200.010,0.000000,0.000000,2.391,-6.918,-6.690,0.000000
965.765930,-200.010,0.000000,0.000000,2.397,-6.924,-6.696,0.000000
969.109009,-200.010,0.000000,0.000000,2.403,-6.929,-6.701,0.000000
972.463257,-200.010,0.000000,0.000000,2.410,-6.934,-6.706,0.000000
975.830017,-200.010,0.000000,0.000000,2.416,-6.940,-6.712,0.000000
979.207458,-200.010,0.000000,0.000000,2.422,-6.945,-6.717,0.000000
982.597595,-200.010,0.000000,0.000000,2.428,-6.951,-6.722,0.000000
985.998474,-200.010,0.000000,0.000000,2.435,-6.956,-6.728,0.000000
989.412109,-200.010,0.000000,0.000000,2.441,-6.962,-6.733,0.000000
992.836609,-200.010,0.000000,0.000000,2.447,-6.967,-6.738,0.000000
996.273926,-200.010,0.000000,0.000000,2.454,-6.973,-6.744,0.000000
999.722168,-200.010,0.000000,0.000000,2.460,-6.979,-6.749,0.000000
1003.182800,-200.010,0.000000,0.000000,2.460,-6.980,-6.751,0.000000
1006.655457,-200.010,0.000000,0.000000,2.460,-6.982,-6.752,0.000000
1010.140076,-200.010,0.000000,0.000000,2.460,-6.983,-6.754,0.000000
1013.636780,-200.010,0.000000,0.000000,2.459,-6.985,-6.755,0.000000
1017.145142,-200.009,0.000000,0.000000,2.459,-6.986,-6.757,0.000000
1020.666565,-200.008,0.000000,0.000000,2.459,-6.988,-6.758,0.000000
1024.199219,-200.006,0.000000,0.000000,2.458,-6.989,-6.759,0.000000
1027.745117,-200.005,0.000000,0.000000,2.458,-6.991,-6.761,0.000000
1031.302246,-200.003,0.000000,0.000000,2.458,-6.992,-6.762,0.000000
1034.872803,-200.002,0.000000,0.000000,2.457,-6.993,-6.764,0.000000
1038.454590,-200.000,0.000000,0.000000,2.457,-6.995,-6.765,0.000000
1042.049805,-200.000,0.000000,0.000000,2.457,-6.996,-6.767,0.000000
1045.656494,-200.000,0.000000,0.000000,2.456,-6.998,-6.768,0.000000
1049.276123,-200.000,0.000000,0.000000,2.456,-6.999,-6.770,0.000000
1052.908325,-200.000,0.000000,0.000000,2.456,-7.001,-6.771,0.000000
1056.553101,-200.000,0.000000,0.000000,2.455,-7.002,-6.772,0.000000
1060.210571,-200.000,0.000000,0.000000,2.455,-7.004,-6.774,0.000000
1063.880005,-200.000,0.000000,0.000000,2.455,-7.005,-6.775,0.000000
1067.563354,-200.000,0.000000,0.000000,2.454,-7.007,-6.777,0.000000
1071.258301,-200.000,0.000000,0.000000,2.454,-7.008,-6.778,0.000000
1074.967041,-200.000,0.000000,0.000000,2.454,-7.010,-6.780,0.000000
1078.688232,-200.000,0.000000,0.000000,2.453,-7.012,-6.781,0.000000
1082.422241,-200.000,0.000000,0.000000,2.453,-7.013,-6.783,0.000000
1086.168579,-200.000,0.000000,0.000000,2.452,-7.015,-6.784,0.000000
1089.929077,-200.000,0.000000,0.000000,2.452,-7.016,-6.786,0.000000
1093.701416,-200.000,0.000000,0.000000,2.452,-7.018,-6.787,0.000000
1097.487427,-200.000,0.000000,0.000000,2.451,-7.019,-6.789,0.000000
1101.286499,-200.000,0.000000,0.000000,2.451,-7.021,-6.790,0.000000
1105.098755,-200.000,0.000000,0.000000,2.451,-7.022,-6.792,0.000000
1108.924194,-200.000,0.000000,0.000000,2.450,-7.024,-6.793,0.000000
1112.762817,-200.000,0.000000,0.000000,2.450,-7.026,-6.795,0.000000
1116.614746,-200.000,0.000000,0.000000,2.450,-7.027,-6.797,0.000000
1120.480103,-200.000,0.000000,0.000000,2.449,-7.029,-6.798,0.000000
1124.358765,-200.000,0.000000,0.000000,2.449,-7.030,-6.800,0.000000
1128.250854,-200.000,0.000000,0.000000,2.448,-7.032,-6.801,0.000000
1132.156372,-200.000,0.000000,0.000000,2.448,-7.034,-6.803,0.000000
1136.075562,-200.000,0.000000,0.000000,2.448,-7.035,-6.804,0.000000
1140.007568,-200.000,0.000000,0.000000,2.447,-7.037,-6.806,0.000000
1143.953857,-200.002,0.000000,0.000000,2.447,-7.038,-6.807,0.000000
1147.913818,-200.003,0.000000,0.000000,2.447,-7.040,-6.809,0.000000
1151.887451,-200.004,0.000000,0.000000,2.446,-7.042,-6.811,0.000000
1155.874878,-200.006,0.000000,0.000000,2.446,-7.043,-6.812,0.000000
1159.876099,-200.007,0.000000,0.000000,2.446,-7.045,-6.814,0.000000
1163.891113,-200.009,0.000000,0.000000,2.445,-7.047,-6.815,0.000000
1167.920044,-200.010,0.000000,0.000000,2.445,-7.048,-6.817,0.000000
1171.962891,-200.010,0.000000,0.000000,2.444,-7.050,-6.819,0.000000
1176.019775,-200.010,0.000000,0.000000,2.444,-7.052,-6.820,0.000000
1180.090698,-200.010,0.000000,0.000000,2.444,-7.053,-6.822,0.000000
1184.175781,-200.010,0.000000,0.000000,2.443,-7.055,-6.824,0.000000
1188.274902,-200.010,0.000000,0.000000,2.443,-7.057,-6.825,0.000000
1192.388306,-200.010,0.000000,0.000000,2.442,-7.058,-6.827,0.000000
1196.515259,-200.011,0.000000,0.000000,2.442,-7.060,-6.829,0.000000
1200.657227,-200.012,0.000000,0.000000,2.442,-7.062,-6.830,0.000000
1204.813965,-200.014,0.000000,0.000000,2.441,-7.064,-6.832,0.000000
1208.984009,-200.015,0.000000,0.000000,2.441,-7.065,-6.834,0.000000
1213.169067,-200.017,0.000000,0.000000,2.440,-7.067,-6.835,0.000000
1217.368530,-200.018,0.000000,0.000000,2.440,-7.069,-6.837,0.000000
1221.582642,-200.020,0.000000,0.000000,2.440,-7.070,-6.839,0.000000
1225.811279,-200.020,0.000000,0.000000,2.439,-7.072,-6.840,0.000000
1230.054565,-200.020,0.000000,0.000000,2.439,-7.074,-6.842,0.000000
1234.311890,-200.020,0.000000,0.000000,2.438,-7.076,-6.844,0.000000
1238.585205,-200.020,0.000000,0.000000,2.438,-7.077,-6.845,0.000000
1242.872803,-200.020,0.000000,0.000000,2.438,-7.079,-6.847,0.000000
1247.175049,-200.020,0.000000,0.000000,2.437,-7.081,-6.849,0.000000
1251.492310,-200.020,0.000000,0.000000,2.437,-7.083,-6.851,0.000000
1255.823975,-200.022,0.000000,0.000000,2.436,-7.085,-6.852,0.000000
1260.171753,-200.023,0.000000,0.000000,2.436,-7.086,-6.854,0.000000
1264.533325,-200.025,0.000000,0.000000,2.436,-7.088,-6.856,0.000000
1268.911255,-200.026,0.000000,0.000000,2.435,-7.090,-6.858,0.000000
1273.303101,-200.028,0.000000,0.000000,2.435,-7.092,-6.859,0.000000
1277.710815,-200.029,0.000000,0.000000,2.434,-7.094,-6.861,0.000000
1282.133789,-200.031,0.000000,0.000000,2.434,-7.095,-6.863,0.000000
1286.572021,-200.032,0.000000,0.000000,2.434,-7.097,-6.865,0.000000
1291.025024,-200.034,0.000000,0.000000,2.433,-7.099,-6.866,0.000000
1295.494751,-200.035,0.000000,0.000000,2.433,-7.101,-6.868,0.000000
1299.979248,-200.037,0.000000,0.000000,2.432,-7.103,-6.870,0.000000
1304.479248,-200.038,0.000000,0.000000,2.432,-7.105,-6.872,0.000000
1308.994873,-200.040,0.000000,0.000000,2.431,-7.106,-6.874,0.000000
1313.525513,-200.040,0.000000,0.000000,2.431,-7.108,-6.875,0.000000
1318.072998,-200.040,0.000000,0.000000,2.431,-7.110,-6.877,0.000000
1322.635010,-200.040,0.000000,0.000000,2.430,-7.112,-6.879,0.000000
1327.214111,-200.040,0.000000,0.000000,2.430,-7.114,-6.881,0.000000
1331.807739,-200.040,0.000000,0.000000,2.429,-7.116,-6.883,0.000000
1336.417969,-200.040,0.000000,0.000000,2.429,-7.118,-6.885,0.000000
1341.044189,-200.040,0.000000,0.000000,2.428,-7.120,-6.886,0.000000
1345.686401,-200.042,0.000000,0.000000,2.428,-7.122,-6.888,0.000000
1350.344604,-200.043,0.000000,0.000000,2.428,-7.124,-6.890,0.000000
1355.018921,-200.045,0.000000,0.000000,2.427,-7.125,-6.892,0.000000
1359.709595,-200.046,0.000000,0.000000,2.427,-7.127,-6.894,0.000000
1364.416382,-200.048,0.000000,0.000000,2.426,-7.129,-6.896,0.000000
1369.139404,-200.049,0.000000,0.000000,2.426,-7.131,-6.898,0.000000
1373.878174,-200.051,0.000000,0.000000,2.425,-7.133,-6.900,0.000000
1378.634644,-200.052,0.000000,0.000000,2.425,-7.135,-6.901,0.000000
1383.406372,-200.054,0.000000,0.000000,2.424,-7.137,-6.903,0.000000
1388.195801,-200.055,0.000000,0.000000,2.424,-7.139,-6.905,0.000000
1393.000610,-200.057,0.000000,0.000000,2.424,-7.141,-6.907,0.000000
1397.822632,-200.058,0.000000,0.000000,2.423,-7.143,-6.909,0.000000
1402.661377,-200.060,0.000000,0.000000,2.423,-7.145,-6.911,0.000000
1407.516846,-200.061,0.000000,0.000000,2.422,-7.147,-6.913,0.000000
1412.389771,-200.063,0.000000,0.000000,2.422,-7.149,-6.915,0.000000
1417.278198,-200.064,0.000000,0.000000,2.421,-7.151,-6.917,0.000000
1422.184326,-200.066,0.000000,0.000000,2.421,-7.153,-6.919,0.000000
1427.107300,-200.067,0.000000,0.000000,2.420,-7.155,-6.921,0.000000
1432.047485,-200.069,0.000000,0.000000,2.420,-7.157,-6.923,0.000000
1437.004639,-200.070,0.000000,0.000000,2.419,-7.159,-6.925,0.000000
1441.979004,-200.070,0.000000,0.000000,2.419,-7.161,-6.927,0.000000
1446.969849,-200.070,0.000000,0.000000,2.418,-7.163,-6.929,0.000000
1451.979492,-200.070,0.000000,0.000000,2.418,-7.165,-6.931,0.000000
1457.005005,-200.070,0.000000,0.000000,2.418,-7.167,-6.933,0.000000
1462.048584,-200.070,0.000000,0.000000,2.417,-7.170,-6.935,0.000000
1467.109619,-200.070,0.000000,0.000000,2.417,-7.172,-6.937,0.000000
1472.188110,-200.070,0.000000,0.000000,2.416,-7.174,-6.939,0.000000
1477.285034,-200.070,0.000000,0.000000,2.416,-7.176,-6.941,0.000000
1482.398071,-200.070,0.000000,0.000000,2.415,-7.178,-6.943,0.000000
1487.529541,-200.070,0.000000,0.000000,2.415,-7.180,-6.945,0.000000
1492.678833,-200.070,0.000000,0.000000,2.414,-7.182,-6.947,0.000000
1497.845947,-200.070,0.000000,0.000000,2.414,-7.184,-6.949,0.000000
1503.030884,-200.070,0.000000,0.000000,2.413,-7.186,-6.951,0.000000
1508.233765,-200.071,0.000000,0.000000,2.413,-7.189,-6.953,0.000000
1513.453979,-200.073,0.000000,0.000000,2.412,-7.191,-6.956,0.000000
1518.693726,-200.074,0.000000,0.000000,2.412,-7.193,-6.958,0.000000
1523.950195,-200.076,0.000000,0.000000,2.411,-7.195,-6.960,0.000000
1529.226196,-200.077,0.000000,0.000000,2.411,-7.197,-6.962,0.000000
1534.519775,-200.079,0.000000,0.000000,2.410,-7.199,-6.964,0.000000
1539.831055,-200.080,0.000000,0.000000,2.410,-7.202,-6.966,0.000000
1545.161987,-200.080,0.000000,0.000000,2.409,-7.204,-6.968,0.000000
1550.510010,-200.080,0.000000,0.000000,2.409,-7.206,-6.970,0.000000
1555.877319,-200.080,0.000000,0.000000,2.408,-7.208,-6.973,0.000000
1561.263184,-200.080,0.000000,0.000000,2.408,-7.210,-6.975,0.000000
1566.667725,-200.080,0.000000,0.000000,2.407,-7.213,-6.977,0.000000
1572.090820,-200.080,0.000000,0.000000,2.407,-7.215,-6.979,0.000000
1577.532837,-200.080,0.000000,0.000000,2.406,-7.217,-6.981,0.000000
1582.992920,-200.080,0.000000,0.000000,2.406,-7.219,-6.983,0.000000
1588.473389,-200.080,0.000000,0.000000,2.405,-7.222,-6.986,0.000000
1593.971313,-200.080,0.000000,0.000000,2.405,-7.224,-6.988,0.000000
1599.489746,-200.080,0.000000,0.000000,2.404,-7.226,-6.990,0.000000
1605.026611,-200.080,0.000000,0.000000,2.404,-7.228,-6.992,0.000000
1610.581787,-200.080,0.000000,0.000000,2.403,-7.231,-6.994,0.000000
1616.157837,-200.080,0.000000,0.000000,2.403,-7.233,-6.997,0.000000
1621.751587,-200.080,0.000000,0.000000,2.402,-7.235,-6.999,0.000000
1627.366211,-200.080,0.000000,0.000000,2.401,-7.238,-7.001,0.000000
1632.998779,-200.080,0.000000,0.000000,2.401,-7.240,-7.003,0.000000
1638.651611,-200.080,0.000000,0.000000,2.400,-7.242,-7.006,0.000000
1644.323975,-200.080,0.000000,0.000000,2.400,-7.245,-7.008,0.000000
1650.015991,-200.080,0.000000,0.000000,2.399,-7.247,-7.010,0.000000
1655.726929,-200.080,0.000000,0.000000,2.399,-7.249,-7.013,0.000000
1661.459229,-200.080,0.000000,0.000000,2.398,-7.252,-7.015,0.000000
1667.209717,-200.080,0.000000,0.000000,2.398,-7.254,-7.017,0.000000
1672.981812,-200.080,0.000000,0.000000,2.397,-7.257,-7.019,0.000000
1678.772949,-200.080,0.000000,0.000000,2.397,-7.259,-7.022,0.000000
1684.583496,-200.080,0.000000,0.000000,2.396,-7.261,-7.024,0.000000
1690.415649,-200.080,0.000000,0.000000,2.396,-7.264,-7.026,0.000000
1696.266357,-200.080,0.000000,0.000000,2.395,-7.266,-7.029,0.000000
1702.139038,-200.080,0.000000,0.000000,2.394,-7.269,-7.031,0.000000
1708.030396,-200.080,0.000000,0.000000,2.394,-7.271,-7.033,0.000000
1713.942871,-200.080,0.000000,0.000000,2.393,-7.273,-7.036,0.000000
1719.875977,-200.080,0.000000,0.000000,2.393,-7.276,-7.038,0.000000
1725.829468,-200.080,0.000000,0.000000,2.392,-7.278,-7.041,0.000000
1731.802856,-200.080,0.000000,0.000000,2.392,-7.281,-7.043,0.000000
1737.798462,-200.080,0.000000,0.000000,2.391,-7.283,-7.045,0.000000
1743.814087,-200.080,0.000000,0.000000,2.391,-7.286,-7.048,0.000000
1749.850464,-200.080,0.000000,0.000000,2.390,-7.288,-7.050,0.000000
1755.907837,-200.080,0.000000,0.000000,2.389,-7.291,-7.053,0.000000
1761.985229,-200.080,0.000000,0.000000,2.389,-7.293,-7.055,0.000000
1768.085449,-200.080,0.000000,0.000000,2.388,-7.296,-7.058,0.000000
1774.204956,-200.080,0.000000,0.000000,2.388,-7.298,-7.060,0.000000
1780.347412,-200.080,0.000000,0.000000,2.387,-7.301,-7.062,0.000000
1786.509521,-200.080,0.000000,0.000000,2.386,-7.303,-7.065,0.000000
1792.693726,-200.080,0.000000,0.000000,2.386,-7.306,-7.067,0.000000
1798.899292,-200.080,0.000000,0.000000,2.385,-7.308,-7.070,0.000000
1805.126465,-200.080,0.000000,0.000000,2.385,-7.311,-7.072,0.000000
1811.375122,-200.080,0.000000,0.000000,2.384,-7.314,-7.075,0.000000
1817.645386,-200.080,0.000000,0.000000,2.384,-7.316,-7.077,0.000000
1823.937378,-200.080,0.000000,0.000000,2.383,-7.319,-7.080,0.000000
1830.251099,-200.080,0.000000,0.000000,2.382,-7.321,-7.082,0.000000
1836.586792,-200.080,0.000000,0.000000,2.382,-7.324,-7.085,0.000000
1842.943481,-200.080,0.000000,0.000000,2.381,-7.327,-7.088,0.000000
1849.323853,-200.080,0.000000,0.000000,2.381,-7.329,-7.090,0.000000
1855.724609,-200.079,0.000000,0.000000,2.380,-7.332,-7.093,0.000000
1862.149292,-200.078,0.000000,0.000000,2.379,-7.334,-7.095,0.000000
1868.594482,-200.076,0.000000,0.000000,2.379,-7.337,-7.098,0.000000
1875.062866,-200.075,0.000000,0.000000,2.378,-7.340,-7.100,0.000000
1881.553589,-200.073,0.000000,0.000000,2.378,-7.342,-7.103,0.000000
1888.066772,-200.072,0.000000,0.000000,2.377,-7.345,-7.106,0.000000
1894.603516,-200.070,0.000000,0.000000,2.376,-7.348,-7.108,0.000000
1901.161011,-200.070,0.000000,0.000000,2.376,-7.351,-7.111,0.000000
1907.742065,-200.070,0.000000,0.000000,2.375,-7.353,-7.113,0.000000
1914.345947,-200.070,0.000000,0.000000,2.374,-7.356,-7.116,0.000000
1920.972656,-200.070,0.000000,0.000000,2.374,-7.359,-7.119,0.000000
1927.622314,-200.070,0.000000,0.000000,2.373,-7.361,-7.121,0.000000
1934.295044,-200.070,0.000000,0.000000,2.373,-7.364,-7.124,0.000000
1940.989868,-200.070,0.000000,0.000000,2.372,-7.367,-7.127,0.000000
1947.709717,-200.070,0.000000,0.000000,2.371,-7.370,-7.130,0.000000
1954.451050,-200.070,0.000000,0.000000,2.371,-7.373,-7.132,0.000000
1961.216675,-200.070,0.000000,0.000000,2.370,-7.375,-7.135,0.000000
1968.005615,-200.070,0.000000,0.000000,2.369,-7.378,-7.138,0.000000
1974.818115,-200.070,0.000000,0.000000,2.369,-7.381,-7.140,0.000000
1981.655151,-200.070,0.000000,0.000000,2.368,-7.384,-7.143,0.000000
1988.513916,-200.069,0.000000,0.000000,2.367,-7.387,-7.146,0.000000
1995.397339,-200.068,0.000000,0.000000,2.367,-7.389,-7.149,0.000000
2002.304688,-200.066,0.000000,0.000000,2.366,-7.391,-7.151,0.000000
2009.235840,-200.065,0.000000,0.000000,2.366,-7.391,-7.151,0.000000
2016.191040,-200.063,0.000000,0.000000,2.366,-7.392,-7.151,0.000000
2023.170288,-200.062,0.000000,0.000000,2.366,-7.392,-7.151,0.000000
2030.172852,-200.060,0.000000,0.000000,2.366,-7.392,-7.151,0.000000
2037.201416,-200.060,0.000000,0.000000,2.366,-7.392,-7.151,0.000000
2044.252441,-200.060,0.000000,0.000000,2.365,-7.392,-7.151,0.000000
2051.329834,-200.060,0.000000,0.000000,2.365,-7.392,-7.152,0.000000
2058.430908,-200.060,0.000000,0.000000,2.365,-7.392,-7.152,0.000000
2065.555420,-200.060,0.000000,0.000000,2.365,-7.392,-7.152,0.000000
2072.706543,-200.060,0.000000,0.000000,2.365,-7.393,-7.152,0.000000
2079.880371,-200.060,0.000000,0.000000,2.365,-7.393,-7.152,0.000000
2087.080078,-200.060,0.000000,0.000000,2.364,-7.393,-7.152,0.000000
2094.304932,-200.060,0.000000,0.000000,2.364,-7.393,-7.153,0.000000
2101.554443,-200.060,0.000000,0.000000,2.364,-7.393,-7.153,0.000000
2108.829346,-200.060,0.000000,0.000000,2.364,-7.393,-7.153,0.000000
2116.129150,-200.060,0.000000,0.000000,2.364,-7.393,-7.153,0.000000
2123.453369,-200.060,0.000000,0.000000,2.364,-7.394,-7.153,0.000000
2130.804932,-200.059,0.000000,0.000000,2.363,-7.394,-7.153,0.000000
2138.180176,-200.058,0.000000,0.000000,2.363,-7.394,-7.153,0.000000
2145.582520,-200.056,0.000000,0.000000,2.363,-7.394,-7.154,0.000000
2153.009766,-200.055,0.000000,0.000000,2.363,-7.394,-7.154,0.000000
2160.461670,-200.053,0.000000,0.000000,2.363,-7.394,-7.154,0.000000
2167.941406,-200.052,0.000000,0.000000,2.362,-7.394,-7.154,0.000000
2175.445068,-200.050,0.000000,0.000000,2.362,-7.394,-7.154,0.000000
2182.976562,-200.050,0.000000,0.000000,2.362,-7.395,-7.154,0.000000
2190.532227,-200.050,0.000000,0.000000,2.362,-7.395,-7.155,0.000000
2198.114990,-200.050,0.000000,0.000000,2.362,-7.395,-7.155,0.000000
2205.723877,-200.050,0.000000,0.000000,2.362,-7.395,-7.155,0.000000
2213.359375,-200.050,0.000000,0.000000,2.361,-7.395,-7.155,0.000000
2221.020020,-200.050,0.000000,0.000000,2.361,-7.395,-7.155,0.000000
2228.709473,-200.050,0.000000,0.000000,2.361,-7.395,-7.155,0.000000
2236.423340,-200.050,0.000000,0.000000,2.361,-7.396,-7.156,0.000000
2244.166016,-200.050,0.000000,0.000000,2.361,-7.396,-7.156,0.000000
2251.934570,-200.050,0.000000,0.000000,2.361,-7.396,-7.156,0.000000
2259.728760,-200.050,0.000000,0.000000,2.360,-7.396,-7.156,0.000000
2267.552002,-200.050,0.000000,0.000000,2.360,-7.396,-7.156,0.000000
2275.400391,-200.050,0.000000,0.000000,2.360,-7.396,-7.156,0.000000
2283.278076,-200.049,0.000000,0.000000,2.360,-7.396,-7.157,0.000000
2291.180908,-200.048,0.000000,0.000000,2.360,-7.397,-7.157,0.000000
2299.112061,-200.046,0.000000,0.000000,2.359,-7.397,-7.157,0.000000
2307.070557,-200.045,0.000000,0.000000,2.359,-7.397,-7.157,0.000000
2315.056885,-200.043,0.000000,0.000000,2.359,-7.397,-7.157,0.000000
2323.069580,-200.042,0.000000,0.000000,2.359,-7.397,-7.157,0.000000
2331.112305,-200.040,0.000000,0.000000,2.359,-7.397,-7.158,0.000000
2339.181641,-200.040,0.000000,0.000000,2.358,-7.397,-7.158,0.000000
2347.279053,-200.040,0.000000,0.000000,2.358,-7.398,-7.158,0.000000
2355.404297,-200.040,0.000000,0.000000,2.358,-7.398,-7.158,0.000000
2363.556885,-200.040,0.000000,0.000000,2.358,-7.398,-7.158,0.000000
2371.739746,-200.040,0.000000,0.000000,2.358,-7.398,-7.159,0.000000
2379.948486,-200.040,0.000000,0.000000,2.358,-7.398,-7.159,0.000000
2388.188232,-200.040,0.000000,0.000000,2.357,-7.398,-7.159,0.000000
2396.454102,-200.040,0.000000,0.000000,2.357,-7.399,-7.159,0.000000
2404.749512,-200.040,0.000000,0.000000,2.357,-7.399,-7.159,0.000000
2413.073975,-200.040,0.000000,0.000000,2.357,-7.399,-7.159,0.000000
2421.427002,-200.040,0.000000,0.000000,2.357,-7.399,-7.160,0.000000
2429.809082,-200.040,0.000000,0.000000,2.356,-7.399,-7.160,0.000000
2438.220215,-200.040,0.000000,0.000000,2.356,-7.399,-7.160,0.000000
2446.660400,-200.041,0.000000,0.000000,2.356,-7.399,-7.160,0.000000
2455.129883,-200.042,0.000000,0.000000,2.356,-7.400,-7.160,0.000000
2463.628418,-200.044,0.000000,0.000000,2.356,-7.400,-7.160,0.000000
2472.155518,-200.045,0.000000,0.000000,2.355,-7.400,-7.161,0.000000
2480.714355,-200.047,0.000000,0.000000,2.355,-7.400,-7.161,0.000000
2489.300293,-200.048,0.000000,0.000000,2.355,-7.400,-7.161,0.000000
2497.918701,-200.050,0.000000,0.000000,2.355,-7.400,-7.161,0.000000
2506.564209,-200.050,0.000000,0.000000,2.355,-7.401,-7.161,0.000000
2515.240967,-200.050,0.000000,0.000000,2.354,-7.401,-7.162,0.000000
2523.947754,-200.050,0.000000,0.000000,2.354,-7.401,-7.162,0.000000
2532.684814,-200.050,0.000000,0.000000,2.354,-7.401,-7.162,0.000000
2541.453125,-200.050,0.000000,0.000000,2.354,-7.401,-7.162,0.000000
2550.249512,-200.050,0.000000,0.000000,2.354,-7.401,-7.162,0.000000
2559.077393,-200.050,0.000000,0.000000,2.353,-7.401,-7.163,0.000000
2567.936035,-200.052,0.000000,0.000000,2.353,-7.402,-7.163,0.000000
2576.825195,-200.053,0.000000,0.000000,2.353,-7.402,-7.163,0.000000
2585.745117,-200.054,0.000000,0.000000,2.353,-7.402,-7.163,0.000000
2594.696045,-200.056,0.000000,0.000000,2.353,-7.402,-7.163,0.000000
2603.676514,-200.057,0.000000,0.000000,2.352,-7.402,-7.164,0.000000
2612.690918,-200.059,0.000000,0.000000,2.352,-7.402,-7.164,0.000000
2621.733643,-200.061,0.000000,0.000000,2.352,-7.403,-7.164,0.000000
2630.809082,-200.062,0.000000,0.000000,2.352,-7.403,-7.164,0.000000
2639.916016,-200.063,0.000000,0.000000,2.351,-7.403,-7.164,0.000000
2649.054443,-200.065,0.000000,0.000000,2.351,-7.403,-7.165,0.000000
2658.225586,-200.066,0.000000,0.000000,2.351,-7.403,-7.165,0.000000
2667.426025,-200.068,0.000000,0.000000,2.351,-7.403,-7.165,0.000000
2676.659668,-200.069,0.000000,0.000000,2.351,-7.404,-7.165,0.000000
2685.925293,-200.071,0.000000,0.000000,2.350,-7.404,-7.165,0.000000
2695.222900,-200.072,0.000000,0.000000,2.350,-7.404,-7.166,0.000000
2704.552734,-200.074,0.000000,0.000000,2.350,-7.404,-7.166,0.000000
2713.914795,-200.075,0.000000,0.000000,2.350,-7.404,-7.166,0.000000
2723.308105,-200.077,0.000000,0.000000,2.350,-7.404,-7.166,0.000000
2732.736572,-200.078,0.000000,0.000000,2.349,-7.405,-7.166,0.000000
2742.194824,-200.080,0.000000,0.000000,2.349,-7.405,-7.167,0.000000
2751.688477,-200.081,0.000000,0.000000,2.349,-7.405,-7.167,0.000000
2761.212646,-200.083,0.000000,0.000000,2.349,-7.405,-7.167,0.000000
2770.770752,-200.084,0.000000,0.000000,2.348,-7.405,-7.167,0.000000
2780.363525,-200.086,0.000000,0.000000,2.348,-7.406,-7.167,0.000000
2789.986816,-200.087,0.000000,0.000000,2.348,-7.406,-7.168,0.000000
2799.644531,-200.089,0.000000,0.000000,2.348,-7.406,-7.168,0.000000
2809.335938,-200.091,0.000000,0.000000,2.348,-7.406,-7.168,0.000000
2819.060791,-200.094,0.000000,0.000000,2.347,-7.406,-7.168,0.000000
2828.819336,-200.097,0.000000,0.000000,2.347,-7.406,-7.168,0.000000
2838.611572,-200.100,0.000000,0.000000,2.347,-7.407,-7.169,0.000000
2848.436279,-200.103,0.000000,0.000000,2.347,-7.407,-7.169,0.000000
2858.297852,-200.106,0.000000,0.000000,2.346,-7.407,-7.169,0.000000
2868.190918,-200.109,0.000000,0.000000,2.346,-7.407,-7.169,0.000000
2878.120850,-200.113,0.000000,0.000000,2.346,-7.407,-7.169,0.000000
2888.083740,-200.117,0.000000,0.000000,2.346,-7.408,-7.170,0.000000
2898.079834,-200.122,0.000000,0.000000,2.345,-7.408,-7.170,0.000000
2908.113281,-200.126,0.000000,0.000000,2.345,-7.408,-7.170,0.000000
2918.178711,-200.131,0.000000,0.000000,2.345,-7.408,-7.170,0.000000
2928.281738,-200.135,0.000000,0.000000,2.345,-7.408,-7.171,0.000000
2938.416748,-200.140,0.000000,0.000000,2.345,-7.408,-7.171,0.000000
2948.588379,-200.143,0.000000,0.000000,2.344,-7.409,-7.171,0.000000
2958.795410,-200.146,0.000000,0.000000,2.344,-7.409,-7.171,0.000000
2969.037598,-200.149,0.000000,0.000000,2.344,-7.409,-7.171,0.000000
2979.313965,-200.152,0.000000,0.000000,2.344,-7.409,-7.172,0.000000
2989.629883,-200.155,0.000000,0.000000,2.343,-7.409,-7.172,0.000000
2999.974609,-200.158,0.000000,0.000000,2.343,-7.410,-7.172,0.000000
3010.360840,-200.161,0.000000,0.000000,2.343,-7.410,-7.172,0.000000
3020.782959,-200.167,0.000000,0.000000,2.343,-7.410,-7.173,0.000000
3031.238281,-200.173,0.000000,0.000000,2.342,-7.410,-7.173,0.000000
3041.732666,-200.179,0.000000,0.000000,2.342,-7.410,-7.173,0.000000
3052.260498,-200.185,0.000000,0.000000,2.342,-7.410,-7.173,0.000000
3062.827881,-200.191,0.000000,0.000000,2.342,-7.411,-7.173,0.000000
3073.428711,-200.197,0.000000,0.000000,2.341,-7.411,-7.174,0.000000
3084.066162,-200.202,0.000000,0.000000,2.341,-7.411,-7.174,0.000000
3094.743652,-200.207,0.000000,0.000000,2.341,-7.411,-7.174,0.000000
3105.457764,-200.211,0.000000,0.000000,2.341,-7.411,-7.174,0.000000
3116.206299,-200.216,0.000000,0.000000,2.340,-7.412,-7.175,0.000000
3126.991943,-200.220,0.000000,0.000000,2.340,-7.412,-7.175,0.000000
3137.817871,-200.225,0.000000,0.000000,2.340,-7.412,-7.175,0.000000
3148.681152,-200.229,0.000000,0.000000,2.340,-7.412,-7.175,0.000000
3159.579346,-200.236,0.000000,0.000000,2.339,-7.412,-7.176,0.000000
3170.515137,-200.244,0.000000,0.000000,2.339,-7.413,-7.176,0.000000
3181.491699,-200.251,0.000000,0.000000,2.339,-7.413,-7.176,0.000000
3192.503174,-200.259,0.000000,0.000000,2.339,-7.413,-7.176,0.000000
3203.555908,-200.266,0.000000,0.000000,2.338,-7.413,-7.177,0.000000
3214.644043,-200.274,0.000000,0.000000,2.338,-7.413,-7.177,0.000000
3225.773438,-200.281,0.000000,0.000000,2.338,-7.414,-7.177,0.000000
3236.938232,-200.287,0.000000,0.000000,2.338,-7.414,-7.177,0.000000
3248.141602,-200.293,0.000000,0.000000,2.337,-7.414,-7.177,0.000000
3259.386963,-200.299,0.000000,0.000000,2.337,-7.414,-7.178,0.000000
3270.671387,-200.305,0.000000,0.000000,2.337,-7.414,-7.178,0.000000
3281.991699,-200.311,0.000000,0.000000,2.337,-7.415,-7.178,0.000000
3293.351074,-200.317,0.000000,0.000000,2.336,-7.415,-7.178,0.000000
3304.752930,-200.324,0.000000,0.000000,2.336,-7.415,-7.179,0.000000
3316.194336,-200.331,0.000000,0.000000,2.336,-7.415,-7.179,0.000000
3327.672119,-200.338,0.000000,0.000000,2.335,-7.416,-7.179,0.000000
3339.189697,-200.346,0.000000,0.000000,2.335,-7.416,-7.179,0.000000
3350.750244,-200.353,0.000000,0.000000,2.335,-7.416,-7.180,0.000000
3362.347656,-200.361,0.000000,0.000000,2.335,-7.416,-7.180,0.000000
3373.985107,-200.368,0.000000,0.000000,2.334,-7.416,-7.180,0.000000
3385.666260,-200.376,0.000000,0.000000,2.334,-7.417,-7.180,0.000000
3397.387695,-200.383,0.000000,0.000000,2.334,-7.417,-7.181,0.000000
3409.146484,-200.391,0.000000,0.000000,2.334,-7.417,-7.181,0.000000
3420.946045,-200.398,0.000000,0.000000,2.333,-7.417,-7.181,0.000000
3432.789795,-200.406,0.000000,0.000000,2.333,-7.417,-7.181,0.000000
3444.674316,-200.413,0.000000,0.000000,2.333,-7.418,-7.182,0.000000
3456.596924,-200.421,0.000000,0.000000,2.332,-7.418,-7.182,0.000000
3468.560547,-200.428,0.000000,0.000000,2.332,-7.418,-7.182,0.000000
3480.569092,-200.436,0.000000,0.000000,2.332,-7.418,-7.183,0.000000
3492.615723,-200.443,0.000000,0.000000,2.332,-7.419,-7.183,0.000000
3504.707520,-200.451,0.000000,0.000000,2.331,-7.419,-7.183,0.000000
3516.837891,-200.458,0.000000,0.000000,2.331,-7.419,-7.183,0.000000
3529.013428,-200.466,0.000000,0.000000,2.331,-7.419,-7.184,0.000000
3541.228027,-200.473,0.000000,0.000000,2.330,-7.419,-7.184,0.000000
3553.484619,-200.481,0.000000,0.000000,2.330,-7.420,-7.184,0.000000
3565.787109,-200.488,0.000000,0.000000,2.330,-7.420,-7.184,0.000000
3578.132080,-200.495,0.000000,0.000000,2.330,-7.420,-7.185,0.000000
3590.516602,-200.503,0.000000,0.000000,2.329,-7.420,-7.185,0.000000
3602.943848,-200.510,0.000000,0.000000,2.329,-7.421,-7.185,0.000000
3615.417480,-200.518,0.000000,0.000000,2.329,-7.421,-7.185,0.000000
3627.934570,-200.527,0.000000,0.000000,2.328,-7.421,-7.186,0.000000
3640.491211,-200.535,0.000000,0.000000,2.328,-7.421,-7.186,0.000000
3653.091553,-200.544,0.000000,0.000000,2.328,-7.421,-7.186,0.000000
3665.739014,-200.553,0.000000,0.000000,2.328,-7.422,-7.187,0.000000
3678.426514,-200.562,0.000000,0.000000,2.327,-7.422,-7.187,0.000000
3691.161621,-200.571,0.000000,0.000000,2.327,-7.422,-7.187,0.000000
3703.937256,-200.580,0.000000,0.000000,2.327,-7.422,-7.187,0.000000
3716.760498,-200.588,0.000000,0.000000,2.326,-7.423,-7.188,0.000000
3729.628418,-200.595,0.000000,0.000000,2.326,-7.423,-7.188,0.000000
3742.533447,-200.603,0.000000,0.000000,2.326,-7.423,-7.188,0.000000
3755.490479,-200.610,0.000000,0.000000,2.326,-7.423,-7.188,0.000000
3768.492432,-200.618,0.000000,0.000000,2.325,-7.424,-7.189,0.000000
3781.535645,-200.625,0.000000,0.000000,2.325,-7.424,-7.189,0.000000
3794.624023,-200.633,0.000000,0.000000,2.325,-7.424,-7.189,0.000000
3807.761475,-200.640,0.000000,0.000000,2.324,-7.424,-7.190,0.000000
3820.940674,-200.648,0.000000,0.000000,2.324,-7.425,-7.190,0.000000
3834.169189,-200.655,0.000000,0.000000,2.324,-7.425,-7.190,0.000000
3847.439697,-200.663,0.000000,0.000000,2.323,-7.425,-7.190,0.000000
3860.760010,-200.670,0.000000,0.000000,2.323,-7.425,-7.191,0.000000
3874.126221,-200.678,0.000000,0.000000,2.323,-7.425,-7.191,0.000000
3887.531494,-200.685,0.000000,0.000000,2.322,-7.426,-7.191,0.000000
3900.990479,-200.692,0.000000,0.000000,2.322,-7.426,-7.192,0.000000
3914.496094,-200.700,0.000000,0.000000,2.322,-7.426,-7.192,0.000000
3928.048340,-200.707,0.000000,0.000000,2.321,-7.426,-7.192,0.000000
3941.640137,-200.715,0.000000,0.000000,2.321,-7.427,-7.192,0.000000
3955.286377,-200.722,0.000000,0.000000,2.321,-7.427,-7.193,0.000000
3968.979980,-200.730,0.000000,0.000000,2.321,-7.427,-7.193,0.000000
3982.717285,-200.737,0.000000,0.000000,2.320,-7.427,-7.193,0.000000
3996.501953,-200.745,0.000000,0.000000,2.320,-7.428,-7.194,0.000000
4010.338135,-200.752,0.000000,0.000000,2.323,-7.437,-7.203,0.000000
4024.218506,-200.760,0.000000,0.000000,2.326,-7.450,-7.216,0.000000
4038.150879,-200.767,0.000000,0.000000,2.330,-7.463,-7.229,0.000000
4052.127441,-200.775,0.000000,0.000000,2.334,-7.476,-7.242,0.000000
4066.156250,-200.783,0.000000,0.000000,2.337,-7.489,-7.255,0.000000
4080.233643,-200.792,0.000000,0.000000,2.341,-7.502,-7.267,0.000000
4094.352051,-200.801,0.000000,0.000000,2.345,-7.515,-7.280,0.000000
4108.526855,-200.810,0.000000,0.000000,2.348,-7.528,-7.294,0.000000
4122.750977,-200.818,0.000000,0.000000,2.352,-7.541,-7.307,0.000000
4137.020508,-200.828,0.000000,0.000000,2.356,-7.554,-7.320,0.000000
4151.339355,-200.837,0.000000,0.000000,2.360,-7.567,-7.333,0.000000
4165.711914,-200.845,0.000000,0.000000,2.363,-7.580,-7.346,0.000000
4180.133789,-200.852,0.000000,0.000000,2.367,-7.594,-7.359,0.000000
4194.601562,-200.859,0.000000,0.000000,2.371,-7.607,-7.373,0.000000
4209.120117,-200.867,0.000000,0.000000,2.375,-7.620,-7.386,0.000000
4223.692383,-200.874,0.000000,0.000000,2.379,-7.634,-7.399,0.000000
4238.314941,-200.882,0.000000,0.000000,2.382,-7.647,-7.413,0.000000
4252.980469,-200.890,0.000000,0.000000,2.386,-7.661,-7.426,0.000000
4267.704590,-200.897,0.000000,0.000000,2.390,-7.674,-7.440,0.000000
4282.479980,-200.904,0.000000,0.000000,2.394,-7.688,-7.453,0.000000
4297.306152,-200.912,0.000000,0.000000,2.398,-7.702,-7.467,0.000000
4312.175781,-200.919,0.000000,0.000000,2.402,-7.715,-7.481,0.000000
4327.104980,-200.927,0.000000,0.000000,2.406,-7.729,-7.494,0.000000
4342.085449,-200.934,0.000000,0.000000,2.410,-7.743,-7.508,0.000000
4357.114258,-200.942,0.000000,0.000000,2.414,-7.757,-7.522,0.000000
4372.194824,-200.951,0.000000,0.000000,2.418,-7.771,-7.536,0.000000
4387.331543,-200.960,0.000000,0.000000,2.422,-7.784,-7.550,0.000000
4402.520996,-200.969,0.000000,0.000000,2.426,-7.798,-7.564,0.000000
4417.758789,-200.978,0.000000,0.000000,2.430,-7.812,-7.578,0.000000
4433.049316,-200.987,0.000000,0.000000,2.434,-7.827,-7.592,0.000000
4448.396973,-200.996,0.000000,0.000000,2.438,-7.841,-7.606,0.000000
4463.797852,-201.005,0.000000,0.000000,2.442,-7.855,-7.620,0.000000
4479.243164,-201.014,0.000000,0.000000,2.446,-7.869,-7.634,0.000000
4494.750977,-201.023,0.000000,0.000000,2.450,-7.883,-7.649,0.000000
4510.312012,-201.032,0.000000,0.000000,2.454,-7.898,-7.663,0.000000
4525.922852,-201.041,0.000000,0.000000,2.458,-7.912,-7.677,0.000000
4541.587891,-201.050,0.000000,0.000000,2.462,-7.927,-7.692,0.000000
4557.311035,-201.059,0.000000,0.000000,2.466,-7.941,-7.706,0.000000
4573.088867,-201.069,0.000000,0.000000,2.470,-7.956,-7.721,0.000000
4588.916992,-201.080,0.000000,0.000000,2.475,-7.970,-7.735,0.000000
4604.799805,-201.090,0.000000,0.000000,2.479,-7.985,-7.750,0.000000
4620.742188,-201.100,0.000000,0.000000,2.483,-7.999,-7.764,0.000000
4636.739746,-201.111,0.000000,0.000000,2.487,-8.014,-7.779,0.000000
4652.788086,-201.121,0.000000,0.000000,2.491,-8.029,-7.794,0.000000
4668.892090,-201.132,0.000000,0.000000,2.496,-8.044,-7.809,0.000000
4685.056152,-201.142,0.000000,0.000000,2.500,-8.059,-7.823,0.000000
4701.276367,-201.153,0.000000,0.000000,2.504,-8.074,-7.838,0.000000
4717.543457,-201.163,0.000000,0.000000,2.508,-8.089,-7.853,0.000000
4733.875977,-201.174,0.000000,0.000000,2.513,-8.104,-7.868,0.000000
4750.265137,-201.184,0.000000,0.000000,2.517,-8.119,-7.883,0.000000
4766.706543,-201.195,0.000000,0.000000,2.521,-8.134,-7.899,0.000000
4783.209473,-201.205,0.000000,0.000000,2.526,-8.149,-7.914,0.000000
4799.764648,-201.216,0.000000,0.000000,2.530,-8.164,-7.929,0.000000
4816.381836,-201.226,0.000000,0.000000,2.534,-8.180,-7.944,0.000000
4833.052246,-201.237,0.000000,0.000000,2.539,-8.195,-7.960,0.000000
4849.779785,-201.247,0.000000,0.000000,2.543,-8.210,-7.975,0.000000
4866.570312,-201.258,0.000000,0.000000,2.547,-8.226,-7.990,0.000000
4883.418945,-201.268,0.000000,0.000000,2.552,-8.241,-8.006,0.000000
4900.316406,-201.280,0.000000,0.000000,2.556,-8.257,-8.021,0.000000
4917.281738,-201.292,0.000000,0.000000,2.561,-8.272,-8.037,0.000000
4934.305664,-201.304,0.000000,0.000000,2.565,-8.288,-8.053,0.000000
4951.388672,-201.316,0.000000,0.000000,2.570,-8.304,-8.068,0.000000
4968.521484,-201.328,0.000000,0.000000,2.574,-8.320,-8.084,0.000000
4985.723145,-201.340,0.000000,0.000000,2.579,-8.335,-8.100,0.000000
5002.984375,-201.352,0.000000,0.000000,2.583,-8.351,-8.116,0.000000
5020.300293,-201.365,0.000000,0.000000,2.588,-8.367,-8.132,0.000000
5037.681152,-201.379,0.000000,0.000000,2.592,-8.383,-8.148,0.000000
5055.117188,-201.392,0.000000,0.000000,2.597,-8.399,-8.164,0.000000
5072.618164,-201.405,0.000000,0.000000,2.602,-8.415,-8.180,0.000000
5090.175293,-201.419,0.000000,0.000000,2.606,-8.432,-8.196,0.000000
5107.792969,-201.433,0.000000,0.000000,2.611,-8.448,-8.212,0.000000
5125.477051,-201.445,0.000000,0.000000,2.616,-8.464,-8.228,0.000000
5143.221680,-201.457,0.000000,0.000000,2.620,-8.481,-8.245,0.000000
5161.018066,-201.469,0.000000,0.000000,2.625,-8.497,-8.261,0.000000
5178.886230,-201.481,0.000000,0.000000,2.630,-8.513,-8.277,0.000000
5196.815918,-201.493,0.000000,0.000000,2.634,-8.530,-8.294,0.000000
5214.802734,-201.505,0.000000,0.000000,2.639,-8.546,-8.310,0.000000
5232.856934,-201.517,0.000000,0.000000,2.644,-8.563,-8.327,0.000000
5250.968750,-201.530,0.000000,0.000000,2.648,-8.580,-8.344,0.000000
5269.147949,-201.544,0.000000,0.000000,2.653,-8.596,-8.360,0.000000
5287.385254,-201.557,0.000000,0.000000,2.658,-8.613,-8.377,0.000000
5305.685547,-201.570,0.000000,0.000000,2.663,-8.630,-8.394,0.000000
5324.054199,-201.584,0.000000,0.000000,2.668,-8.647,-8.411,0.000000
5342.486816,-201.597,0.000000,0.000000,2.673,-8.664,-8.428,0.000000
5360.978027,-201.611,0.000000,0.000000,2.677,-8.681,-8.445,0.000000
5379.532715,-201.624,0.000000,0.000000,2.682,-8.698,-8.462,0.000000
5398.157227,-201.638,0.000000,0.000000,2.687,-8.715,-8.479,0.000000
5416.846191,-201.651,0.000000,0.000000,2.692,-8.732,-8.496,0.000000
5435.594727,-201.665,0.000000,0.000000,2.697,-8.750,-8.513,0.000000
5454.408203,-201.678,0.000000,0.000000,2.702,-8.767,-8.531,0.000000
5473.291992,-201.692,0.000000,0.000000,2.707,-8.784,-8.548,0.000000
5492.235352,-201.705,0.000000,0.000000,2.712,-8.802,-8.565,0.000000
5511.250000,-201.717,0.000000,0.000000,2.717,-8.819,-8.583,0.000000
5530.325195,-201.728,0.000000,0.000000,2.722,-8.837,-8.600,0.000000
5549.472168,-201.740,0.000000,0.000000,2.727,-8.855,-8.618,0.000000
5568.679199,-201.752,0.000000,0.000000,2.732,-8.872,-8.636,0.000000
5587.953613,-201.764,0.000000,0.000000,2.737,-8.890,-8.653,0.000000
5607.299316,-201.777,0.000000,0.000000,2.742,-8.908,-8.671,0.000000
5626.712402,-201.789,0.000000,0.000000,2.747,-8.926,-8.689,0.000000
5646.181641,-201.803,0.000000,0.000000,2.752,-8.944,-8.707,0.000000
5665.729492,-201.816,0.000000,0.000000,2.757,-8.962,-8.725,0.000000
5685.344727,-201.830,0.000000,0.000000,2.763,-8.980,-8.743,0.000000
5705.027832,-201.843,0.000000,0.000000,2.768,-8.998,-8.761,0.000000
5724.773926,-201.857,0.000000,0.000000,2.773,-9.016,-8.779,0.000000
5744.587891,-201.870,0.000000,0.000000,2.778,-9.034,-8.797,0.000000
5764.476562,-201.882,0.000000,0.000000,2.783,-9.053,-8.816,0.000000
5784.428223,-201.894,0.000000,0.000000,2.789,-9.071,-8.834,0.000000
5804.448730,-201.906,0.000000,0.000000,2.794,-9.089,-8.852,0.000000
5824.544434,-201.918,0.000000,0.000000,2.799,-9.108,-8.871,0.000000
5844.709473,-201.930,0.000000,0.000000,2.804,-9.126,-8.889,0.000000
5864.938965,-201.942,0.000000,0.000000,2.810,-9.145,-8.908,0.000000
5885.238281,-201.953,0.000000,0.000000,2.815,-9.164,-8.927,0.000000
5905.613281,-201.964,0.000000,0.000000,2.820,-9.183,-8.945,0.000000
5926.059082,-201.974,0.000000,0.000000,2.826,-9.201,-8.964,0.000000
5946.570312,-201.985,0.000000,0.000000,2.831,-9.220,-8.983,0.000000
5967.151855,-201.995,0.000000,0.000000,2.837,-9.239,-9.002,0.000000
5987.811035,-202.006,0.000000,0.000000,2.842,-9.258,-9.021,0.000000
6008.535645,-202.016,0.000000,0.000000,2.848,-9.277,-9.040,0.000000
6029.337402,-202.027,0.000000,0.000000,2.853,-9.296,-9.059,0.000000
6050.206055,-202.037,0.000000,0.000000,2.858,-9.316,-9.078,0.000000
6071.152344,-202.048,0.000000,0.000000,2.864,-9.335,-9.098,0.000000
6092.165527,-202.058,0.000000,0.000000,2.869,-9.354,-9.117,0.000000
6113.251465,-202.069,0.000000,0.000000,2.875,-9.374,-9.136,0.000000
6134.416016,-202.079,0.000000,0.000000,2.881,-9.393,-9.156,0.000000
6155.653809,-202.090,0.000000,0.000000,2.886,-9.413,-9.175,0.000000
6176.959473,-202.100,0.000000,0.000000,2.892,-9.432,-9.195,0.000000
6198.338867,-202.110,0.000000,0.000000,2.897,-9.452,-9.215,0.000000
6219.797852,-202.121,0.000000,0.000000,2.903,-9.472,-9.234,0.000000
6241.331543,-202.131,0.000000,0.000000,2.909,-9.492,-9.254,0.000000
6262.933594,-202.142,0.000000,0.000000,2.914,-9.512,-9.274,0.000000
6284.610352,-202.152,0.000000,0.000000,2.920,-9.532,-9.294,0.000000
6306.368652,-202.163,0.000000,0.000000,2.926,-9.552,-9.314,0.000000
6328.195801,-202.173,0.000000,0.000000,2.932,-9.572,-9.334,0.000000
6350.104492,-202.184,0.000000,0.000000,2.937,-9.592,-9.354,0.000000
6372.083008,-202.194,0.000000,0.000000,2.943,-9.612,-9.374,0.000000
6394.143555,-202.205,0.000000,0.000000,2.949,-9.632,-9.395,0.000000
6416.274902,-202.215,0.000000,0.000000,2.955,-9.653,-9.415,0.000000
6438.482422,-202.226,0.000000,0.000000,2.960,-9.673,-9.435,0.000000
6460.772949,-202.235,0.000000,0.000000,2.966,-9.694,-9.456,0.000000
6483.140625,-202.244,0.000000,0.000000,2.972,-9.714,-9.476,0.000000
6505.580078,-202.253,0.000000,0.000000,2.978,-9.735,-9.497,0.000000
6528.096680,-202.262,0.000000,0.000000,2.984,-9.756,-9.518,0.000000
6550.697266,-202.271,0.000000,0.000000,2.990,-9.777,-9.538,0.000000
6573.370605,-202.280,0.000000,0.000000,2.996,-9.797,-9.559,0.000000
6596.127930,-202.289,0.000000,0.000000,3.002,-9.818,-9.580,0.000000
6618.958008,-202.299,0.000000,0.000000,3.008,-9.839,-9.601,0.000000
6641.873535,-202.310,0.000000,0.000000,3.014,-9.861,-9.622,0.000000
6664.861816,-202.320,0.000000,0.000000,3.020,-9.882,-9.643,0.000000
6687.930176,-202.331,0.000000,0.000000,3.026,-9.903,-9.665,0.000000
6711.084473,-202.341,0.000000,0.000000,3.032,-9.924,-9.686,0.000000
6734.318848,-202.352,0.000000,0.000000,3.038,-9.946,-9.707,0.000000
6757.633301,-202.362,0.000000,0.000000,3.044,-9.967,-9.729,0.000000
6781.016113,-202.371,0.000000,0.000000,3.050,-9.989,-9.750,0.000000
6804.492676,-202.380,0.000000,0.000000,3.057,-10.010,-9.772,0.000000
6828.050293,-202.389,0.000000,0.000000,3.063,-10.032,-9.793,0.000000
6851.683105,-202.398,0.000000,0.000000,3.069,-10.054,-9.815,0.000000
6875.397949,-202.407,0.000000,0.000000,3.075,-10.076,-9.837,0.000000
6899.201172,-202.416,0.000000,0.000000,3.082,-10.097,-9.859,0.000000
6923.080078,-202.425,0.000000,0.000000,3.088,-10.119,-9.881,0.000000
6947.048828,-202.434,0.000000,0.000000,3.094,-10.142,-9.903,0.000000
6971.093262,-202.443,0.000000,0.000000,3.100,-10.164,-9.925,0.000000
6995.228027,-202.452,0.000000,0.000000,3.107,-10.186,-9.947,0.000000
7019.446289,-202.461,0.000000,0.000000,3.113,-10.208,-9.969,0.000000
7043.734863,-202.470,0.000000,0.000000,3.120,-10.231,-9.992,0.000000
7068.120605,-202.479,0.000000,0.000000,3.126,-10.253,-10.014,0.000000
7092.591309,-202.488,0.000000,0.000000,3.132,-10.276,-10.037,0.000000
7117.139648,-202.496,0.000000,0.000000,3.139,-10.298,-10.059,0.000000
7141.772949,-202.505,0.000000,0.000000,3.145,-10.321,-10.082,0.000000
7166.498535,-202.514,0.000000,0.000000,3.152,-10.344,-10.104,0.000000
7191.309570,-202.523,0.000000,0.000000,3.158,-10.366,-10.127,0.000000
7216.199707,-202.532,0.000000,0.000000,3.165,-10.389,-10.150,0.000000
7241.176270,-202.541,0.000000,0.000000,3.171,-10.412,-10.173,0.000000
7266.245605,-202.549,0.000000,0.000000,3.178,-10.435,-10.196,0.000000
7291.402344,-202.556,0.000000,0.000000,3.185,-10.459,-10.219,0.000000
7316.631836,-202.564,0.000000,0.000000,3.191,-10.482,-10.242,0.000000
7341.962402,-202.571,0.000000,0.000000,3.198,-10.505,-10.266,0.000000
7367.381348,-202.579,0.000000,0.000000,3.205,-10.529,-10.289,0.000000
7392.887695,-202.586,0.000000,0.000000,3.211,-10.552,-10.313,0.000000
7418.468262,-202.594,0.000000,0.000000,3.218,-10.576,-10.336,0.000000
7444.151855,-202.603,0.000000,0.000000,3.225,-10.599,-10.360,0.000000
7469.924316,-202.612,0.000000,0.000000,3.231,-10.623,-10.383,0.000000
7495.778809,-202.621,0.000000,0.000000,3.238,-10.647,-10.407,0.000000
7521.722656,-202.630,0.000000,0.000000,3.245,-10.671,-10.431,0.000000
7547.763672,-202.639,0.000000,0.000000,3.252,-10.695,-10.455,0.000000
7573.887207,-202.648,0.000000,0.000000,3.259,-10.719,-10.479,0.000000
7600.108887,-202.657,0.000000,0.000000,3.266,-10.743,-10.503,0.000000
7626.414062,-202.666,0.000000,0.000000,3.273,-10.767,-10.527,0.000000
7652.817383,-202.675,0.000000,0.000000,3.280,-10.791,-10.552,0.000000
7679.312012,-202.684,0.000000,0.000000,3.286,-10.816,-10.576,0.000000
7705.883789,-202.693,0.000000,0.000000,3.293,-10.840,-10.600,0.000000
7732.562500,-202.702,0.000000,0.000000,3.300,-10.865,-10.625,0.000000
7759.333008,-202.711,0.000000,0.000000,3.308,-10.890,-10.649,0.000000
7786.189453,-202.718,0.000000,0.000000,3.315,-10.914,-10.674,0.000000
7813.138672,-202.726,0.000000,0.000000,3.322,-10.939,-10.699,0.000000
7840.188477,-202.733,0.000000,0.000000,3.329,-10.964,-10.724,0.000000
7867.331543,-202.741,0.000000,0.000000,3.336,-10.989,-10.749,0.000000
7894.561523,-202.748,0.000000,0.000000,3.343,-11.014,-10.774,0.000000
7921.885742,-202.756,0.000000,0.000000,3.350,-11.039,-10.799,0.000000
7949.312012,-202.764,0.000000,0.000000,3.357,-11.064,-10.824,0.000000
7976.833496,-202.773,0.000000,0.000000,3.365,-11.090,-10.849,0.000000
8004.442383,-202.782,0.000000,0.000000,3.373,-11.115,-10.874,0.000000
8032.146973,-202.791,0.000000,0.000000,3.386,-11.138,-10.897,0.000000
8059.955078,-202.800,0.000000,0.000000,3.398,-11.161,-10.920,0.000000
8087.859375,-202.809,0.000000,0.000000,3.411,-11.185,-10.943,0.000000
8115.844727,-202.818,0.000000,0.000000,3.424,-11.208,-10.966,0.000000
8143.942383,-202.828,0.000000,0.000000,3.437,-11.232,-10.989,0.000000
8172.137695,-202.838,0.000000,0.000000,3.450,-11.255,-11.012,0.000000
8200.422852,-202.848,0.000000,0.000000,3.463,-11.279,-11.035,0.000000
8228.805664,-202.859,0.000000,0.000000,3.476,-11.303,-11.058,0.000000
8257.293945,-202.869,0.000000,0.000000,3.489,-11.327,-11.082,0.000000
8285.881836,-202.880,0.000000,0.000000,3.502,-11.351,-11.105,0.000000
8314.560547,-202.890,0.000000,0.000000,3.515,-11.375,-11.129,0.000000
8343.337891,-202.899,0.000000,0.000000,3.529,-11.399,-11.152,0.000000
8372.223633,-202.908,0.000000,0.000000,3.542,-11.423,-11.176,0.000000
8401.208984,-202.917,0.000000,0.000000,3.555,-11.447,-11.200,0.000000
8430.278320,-202.926,0.000000,0.000000,3.569,-11.472,-11.224,0.000000
8459.464844,-202.935,0.000000,0.000000,3.582,-11.496,-11.247,0.000000
8488.752930,-202.944,0.000000,0.000000,3.596,-11.521,-11.271,0.000000
8518.141602,-202.954,0.000000,0.000000,3.609,-11.545,-11.296,0.000000
8547.616211,-202.966,0.000000,0.000000,3.623,-11.570,-11.320,0.000000
8577.208008,-202.978,0.000000,0.000000,3.636,-11.595,-11.344,0.000000
8606.903320,-202.990,0.000000,0.000000,3.650,-11.620,-11.368,0.000000
8636.693359,-203.002,0.000000,0.000000,3.664,-11.645,-11.393,0.000000
8666.594727,-203.014,0.000000,0.000000,3.677,-11.670,-11.417,0.000000
8696.590820,-203.026,0.000000,0.000000,3.691,-11.695,-11.442,0.000000
8726.699219,-203.038,0.000000,0.000000,3.705,-11.720,-11.467,0.000000
8756.903320,-203.050,0.000000,0.000000,3.719,-11.745,-11.491,0.000000
8787.211914,-203.062,0.000000,0.000000,3.733,-11.771,-11.516,0.000000
8817.634766,-203.074,0.000000,0.000000,3.747,-11.796,-11.541,0.000000
8848.162109,-203.086,0.000000,0.000000,3.761,-11.822,-11.566,0.000000
8878.778320,-203.098,0.000000,0.000000,3.775,-11.847,-11.591,0.000000
8909.517578,-203.110,0.000000,0.000000,3.789,-11.873,-11.617,0.000000
8940.363281,-203.123,0.000000,0.000000,3.803,-11.899,-11.642,0.000000
8971.306641,-203.137,0.000000,0.000000,3.818,-11.925,-11.667,0.000000
9002.366211,-203.150,0.000000,0.000000,3.832,-11.951,-11.693,0.000000
9033.524414,-203.164,0.000000,0.000000,3.846,-11.977,-11.718,0.000000
9064.799805,-203.177,0.000000,0.000000,3.861,-12.003,-11.744,0.000000
9096.173828,-203.191,0.000000,0.000000,3.875,-12.030,-11.770,0.000000
9127.657227,-203.204,0.000000,0.000000,3.890,-12.056,-11.795,0.000000
9159.257812,-203.217,0.000000,0.000000,3.904,-12.082,-11.821,0.000000
9190.967773,-203.231,0.000000,0.000000,3.919,-12.109,-11.847,0.000000
9222.770508,-203.244,0.000000,0.000000,3.933,-12.136,-11.873,0.000000
9254.701172,-203.258,0.000000,0.000000,3.948,-12.162,-11.900,0.000000
9286.741211,-203.271,0.000000,0.000000,3.963,-12.189,-11.926,0.000000
9318.892578,-203.285,0.000000,0.000000,3.978,-12.216,-11.952,0.000000
9351.137695,-203.299,0.000000,0.000000,3.992,-12.243,-11.979,0.000000
9383.512695,-203.314,0.000000,0.000000,4.007,-12.270,-12.005,0.000000
9415.999023,-203.329,0.000000,0.000000,4.022,-12.298,-12.032,0.000000
9448.588867,-203.344,0.000000,0.000000,4.037,-12.325,-12.059,0.000000
9481.300781,-203.359,0.000000,0.000000,4.052,-12.352,-12.085,0.000000
9514.117188,-203.374,0.000000,0.000000,4.067,-12.380,-12.112,0.000000
9547.055664,-203.389,0.000000,0.000000,4.082,-12.407,-12.139,0.000000
9580.099609,-203.403,0.000000,0.000000,4.098,-12.435,-12.166,0.000000
9613.257812,-203.416,0.000000,0.000000,4.113,-12.463,-12.194,0.000000
9646.540039,-203.429,0.000000,0.000000,4.128,-12.491,-12.221,0.000000
9679.936523,-203.443,0.000000,0.000000,4.144,-12.519,-12.248,0.000000
9713.431641,-203.456,0.000000,0.000000,4.159,-12.547,-12.276,0.000000
9747.060547,-203.470,0.000000,0.000000,4.174,-12.575,-12.303,0.000000
9780.805664,-203.483,0.000000,0.000000,4.190,-12.603,-12.331,0.000000
9814.658203,-203.497,0.000000,0.000000,4.206,-12.632,-12.359,0.000000
9848.637695,-203.510,0.000000,0.000000,4.221,-12.660,-12.387,0.000000
9882.724609,-203.524,0.000000,0.000000,4.237,-12.689,-12.415,0.000000
9916.939453,-203.537,0.000000,0.000000,4.253,-12.717,-12.443,0.000000
9951.263672,-203.551,0.000000,0.000000,4.268,-12.746,-12.471,0.000000
9985.706055,-203.564,0.000000,0.000000,4.284,-12.775,-12.499,0.000000
10020.278320,-203.576,0.000000,0.000000,4.300,-12.804,-12.527,0.000000
10054.968750,-203.586,0.000000,0.000000,4.316,-12.833,-12.556,0.000000
10089.770508,-203.597,0.000000,0.000000,4.332,-12.862,-12.584,0.000000
10124.692383,-203.607,0.000000,0.000000,4.348,-12.891,-12.613,0.000000
10159.745117,-203.618,0.000000,0.000000,4.364,-12.921,-12.642,0.000000
10194.918945,-203.628,0.000000,0.000000,4.381,-12.950,-12.671,0.000000
10230.205078,-203.639,0.000000,0.000000,4.397,-12.980,-12.700,0.000000
10265.613281,-203.647,0.000000,0.000000,4.413,-13.009,-12.729,0.000000
10301.154297,-203.654,0.000000,0.000000,4.429,-13.039,-12.758,0.000000
10336.807617,-203.661,0.000000,0.000000,4.446,-13.069,-12.787,0.000000
10372.594727,-203.669,0.000000,0.000000,4.462,-13.099,-12.816,0.000000
10408.496094,-203.676,0.000000,0.000000,4.479,-13.129,-12.846,0.000000
10444.531250,-203.684,0.000000,0.000000,4.495,-13.159,-12.875,0.000000
10480.680664,-203.691,0.000000,0.000000,4.512,-13.190,-12.905,0.000000
10516.956055,-203.694,0.000000,0.000000,4.529,-13.220,-12.935,0.000000
10553.367188,-203.697,0.000000,0.000000,4.545,-13.251,-12.965,0.000000
10589.903320,-203.700,0.000000,0.000000,4.562,-13.281,-12.995,0.000000
10626.546875,-203.702,0.000000,0.000000,4.579,-13.312,-13.025,0.000000
10663.336914,-203.706,0.000000,0.000000,4.596,-13.343,-13.055,0.000000
10700.253906,-203.709,0.000000,0.000000,4.613,-13.374,-13.085,0.000000
10737.299805,-203.710,0.000000,0.000000,4.630,-13.405,-13.115,0.000000
10774.462891,-203.710,0.000000,0.000000,4.647,-13.436,-13.146,0.000000
10811.754883,-203.710,0.000000,0.000000,4.664,-13.467,-13.177,0.000000
10849.185547,-203.710,0.000000,0.000000,4.682,-13.498,-13.207,0.000000
10886.736328,-203.710,0.000000,0.000000,4.699,-13.530,-13.238,0.000000
10924.427734,-203.710,0.000000,0.000000,4.716,-13.561,-13.269,0.000000
10962.238281,-203.710,0.000000,0.000000,4.734,-13.593,-13.300,0.000000
11000.190430,-203.705,0.000000,0.000000,4.751,-13.625,-13.331,0.000000
11038.263672,-203.699,0.000000,0.000000,4.768,-13.657,-13.362,0.000000
11076.468750,-203.693,0.000000,0.000000,4.786,-13.689,-13.394,0.000000
11114.816406,-203.687,0.000000,0.000000,4.804,-13.721,-13.425,0.000000
11153.296875,-203.681,0.000000,0.000000,4.821,-13.753,-13.457,0.000000
11191.900391,-203.675,0.000000,0.000000,4.839,-13.786,-13.488,0.000000
11230.636719,-203.669,0.000000,0.000000,4.857,-13.818,-13.520,0.000000
11269.518555,-203.660,0.000000,0.000000,4.875,-13.851,-13.552,0.000000
11308.523438,-203.651,0.000000,0.000000,4.893,-13.883,-13.584,0.000000
11347.674805,-203.642,0.000000,0.000000,4.911,-13.916,-13.616,0.000000
11386.951172,-203.633,0.000000,0.000000,4.929,-13.949,-13.648,0.000000
11426.373047,-203.624,0.000000,0.000000,4.947,-13.982,-13.681,0.000000
11465.921875,-203.615,0.000000,0.000000,4.965,-14.015,-13.713,0.000000
11505.606445,-203.605,0.000000,0.000000,4.983,-14.048,-13.746,0.000000
11545.440430,-203.593,0.000000,0.000000,5.002,-14.082,-13.778,0.000000
11585.412109,-203.581,0.000000,0.000000,5.020,-14.115,-13.811,0.000000
11625.521484,-203.569,0.000000,0.000000,5.039,-14.149,-13.844,0.000000
11665.748047,-203.557,0.000000,0.000000,5.057,-14.183,-13.877,0.000000
11706.135742,-203.545,0.000000,0.000000,5.076,-14.216,-13.910,0.000000
11746.664062,-203.533,0.000000,0.000000,5.094,-14.250,-13.943,0.000000
11787.320312,-203.517,0.000000,0.000000,5.113,-14.284,-13.977,0.000000
11828.118164,-203.501,0.000000,0.000000,5.132,-14.319,-14.010,0.000000
11869.068359,-203.485,0.000000,0.000000,5.151,-14.353,-14.044,0.000000
11910.148438,-203.468,0.000000,0.000000,5.170,-14.387,-14.077,0.000000
11951.382812,-203.452,0.000000,0.000000,5.189,-14.422,-14.111,0.000000
11992.748047,-203.435,0.000000,0.000000,5.208,-14.457,-14.145,0.000000
12034.268555,-203.419,0.000000,0.000000,5.227,-14.491,-14.179,0.000000
12075.931641,-203.401,0.000000,0.000000,5.246,-14.526,-14.213,0.000000
12117.716797,-203.383,0.000000,0.000000,5.265,-14.561,-14.248,0.000000
12159.669922,-203.365,0.000000,0.000000,5.284,-14.596,-14.282,0.000000
12201.767578,-203.347,0.000000,0.000000,5.304,-14.632,-14.316,0.000000
12243.999023,-203.329,0.000000,0.000000,5.323,-14.667,-14.351,0.000000
12286.377930,-203.311,0.000000,0.000000,5.343,-14.703,-14.386,0.000000
12328.914062,-203.292,0.000000,0.000000,5.362,-14.738,-14.421,0.000000
12371.597656,-203.273,0.000000,0.000000,5.382,-14.774,-14.456,0.000000
12414.417969,-203.254,0.000000,0.000000,5.402,-14.810,-14.491,0.000000
12457.385742,-203.234,0.000000,0.000000,5.421,-14.846,-14.526,0.000000
12500.514648,-203.215,0.000000,0.000000,5.441,-14.882,-14.561,0.000000
12543.780273,-203.195,0.000000,0.000000,5.461,-14.918,-14.597,0.000000
12587.196289,-203.176,0.000000,0.000000,5.481,-14.955,-14.633,0.000000
12630.774414,-203.156,0.000000,0.000000,5.501,-14.991,-14.668,0.000000
12674.502930,-203.137,0.000000,0.000000,5.521,-15.028,-14.704,0.000000
12718.383789,-203.118,0.000000,0.000000,5.541,-15.065,-14.740,0.000000
12762.391602,-203.098,0.000000,0.000000,5.562,-15.101,-14.776,0.000000
12806.576172,-203.079,0.000000,0.000000,5.582,-15.138,-14.812,0.000000
12850.914062,-203.059,0.000000,0.000000,5.602,-15.176,-14.849,0.000000
12895.392578,-203.040,0.000000,0.000000,5.623,-15.213,-14.885,0.000000
12940.025391,-203.022,0.000000,0.000000,5.643,-15.250,-14.922,0.000000
12984.825195,-203.004,0.000000,0.000000,5.664,-15.288,-14.959,0.000000
13029.767578,-202.986,0.000000,0.000000,5.685,-15.325,-14.996,0.000000
13074.876953,-202.968,0.000000,0.000000,5.705,-15.363,-15.032,0.000000
13120.131836,-202.950,0.000000,0.000000,5.726,-15.401,-15.070,0.000000
13165.554688,-202.932,0.000000,0.000000,5.747,-15.439,-15.107,0.000000
13211.134766,-202.914,0.000000,0.000000,5.768,-15.477,-15.144,0.000000
13256.847656,-202.896,0.000000,0.000000,5.789,-15.516,-15.182,0.000000
13302.744141,-202.878,0.000000,0.000000,5.810,-15.554,-15.219,0.000000
13348.799805,-202.860,0.000000,0.000000,5.831,-15.593,-15.257,0.000000
13395.001953,-202.842,0.000000,0.000000,5.853,-15.632,-15.295,0.000000
13441.363281,-202.824,0.000000,0.000000,5.874,-15.670,-15.333,0.000000
13487.899414,-202.806,0.000000,0.000000,5.895,-15.709,-15.371,0.000000
13534.595703,-202.789,0.000000,0.000000,5.917,-15.748,-15.410,0.000000
13581.440430,-202.773,0.000000,0.000000,5.938,-15.788,-15.448,0.000000
13628.447266,-202.757,0.000000,0.000000,5.960,-15.827,-15.486,0.000000
13675.630859,-202.740,0.000000,0.000000,5.982,-15.867,-15.525,0.000000
13722.976562,-202.724,0.000000,0.000000,6.004,-15.906,-15.564,0.000000
13770.473633,-202.707,0.000000,0.000000,6.025,-15.946,-15.603,0.000000
13818.135742,-202.691,0.000000,0.000000,6.047,-15.986,-15.642,0.000000
13865.975586,-202.676,0.000000,0.000000,6.069,-16.026,-15.681,0.000000
13913.980469,-202.661,0.000000,0.000000,6.091,-16.066,-15.721,0.000000
13962.125977,-202.646,0.000000,0.000000,6.114,-16.107,-15.760,0.000000
14010.463867,-202.631,0.000000,0.000000,6.136,-16.147,-15.800,0.000000
14058.969727,-202.616,0.000000,0.000000,6.158,-16.188,-15.840,0.000000
14107.628906,-202.601,0.000000,0.000000,6.181,-16.229,-15.879,0.000000
14156.458008,-202.587,0.000000,0.000000,6.203,-16.270,-15.919,0.000000
14205.468750,-202.575,0.000000,0.000000,6.226,-16.311,-15.960,0.000000
14254.635742,-202.563,0.000000,0.000000,6.248,-16.352,-16.000,0.000000
14303.986328,-202.551,0.000000,0.000000,6.271,-16.393,-16.040,0.000000
14353.495117,-202.539,0.000000,0.000000,6.294,-16.435,-16.081,0.000000
14403.188477,-202.527,0.000000,0.000000,6.317,-16.476,-16.122,0.000000
14453.052734,-202.515,0.000000,0.000000,6.339,-16.518,-16.163,0.000000
14503.063477,-202.503,0.000000,0.000000,6.362,-16.560,-16.204,0.000000
14553.274414,-202.491,0.000000,0.000000,6.386,-16.602,-16.245,0.000000
14603.659180,-202.479,0.000000,0.000000,6.409,-16.644,-16.286,0.000000
14654.218750,-202.467,0.000000,0.000000,6.432,-16.687,-16.328,0.000000
14704.924805,-202.455,0.000000,0.000000,6.455,-16.729,-16.369,0.000000
14755.834961,-202.443,0.000000,0.000000,6.479,-16.772,-16.411,0.000000
14806.920898,-202.431,0.000000,0.000000,6.502,-16.815,-16.453,0.000000
14858.168945,-202.419,0.000000,0.000000,6.526,-16.857,-16.495,0.000000
14909.609375,-202.407,0.000000,0.000000,6.549,-16.901,-16.537,0.000000
14961.213867,-202.395,0.000000,0.000000,6.573,-16.944,-16.579,0.000000
15013.010742,-202.383,0.000000,0.000000,6.597,-16.987,-16.622,0.000000
15064.973633,-202.371,0.000000,0.000000,6.621,-17.031,-16.665,0.000000
15117.115234,-202.359,0.000000,0.000000,6.645,-17.074,-16.707,0.000000
15169.452148,-202.348,0.000000,0.000000,6.669,-17.118,-16.750,0.000000
15221.969727,-202.337,0.000000,0.000000,6.693,-17.162,-16.793,0.000000
15274.640625,-202.327,0.000000,0.000000,6.717,-17.206,-16.837,0.000000
15327.523438,-202.316,0.000000,0.000000,6.742,-17.251,-16.880,0.000000
15380.588867,-202.306,0.000000,0.000000,6.766,-17.295,-16.923,0.000000
15433.823242,-202.295,0.000000,0.000000,6.791,-17.340,-16.967,0.000000
15487.241211,-202.285,0.000000,0.000000,6.815,-17.385,-17.011,0.000000
15540.859375,-202.274,0.000000,0.000000,6.840,-17.430,-17.055,0.000000
15594.664062,-202.262,0.000000,0.000000,6.865,-17.475,-17.099,0.000000
15648.638672,-202.250,0.000000,0.000000,6.889,-17.520,-17.143,0.000000
15702.800781,-202.238,0.000000,0.000000,6.914,-17.565,-17.188,0.000000
15757.166016,-202.226,0.000000,0.000000,6.939,-17.611,-17.232,0.000000
15811.718750,-202.214,0.000000,0.000000,6.965,-17.656,-17.277,0.000000
15866.429688,-202.202,0.000000,0.000000,6.990,-17.702,-17.322,0.000000
15921.361328,-202.191,0.000000,0.000000,7.015,-17.748,-17.367,0.000000
15976.482422,-202.181,0.000000,0.000000,7.040,-17.795,-17.412,0.000000
16031.793945,-202.170,0.000000,0.000000,7.066,-17.841,-17.457,0.000000
16087.267578,-202.160,0.000000,0.000000,7.091,-17.887,-17.503,0.000000
16142.962891,-202.149,0.000000,0.000000,7.117,-17.934,-17.549,0.000000
16198.851562,-202.139,0.000000,0.000000,7.143,-17.981,-17.594,0.000000
16254.917969,-202.128,0.000000,0.000000,7.168,-18.028,-17.640,0.000000
16311.194336,-202.114,0.000000,0.000000,7.194,-18.075,-17.687,0.000000
16367.649414,-202.101,0.000000,0.000000,7.220,-18.122,-17.733,0.000000
16424.316406,-202.088,0.000000,0.000000,7.246,-18.170,-17.779,0.000000
16481.162109,-202.074,0.000000,0.000000,7.272,-18.217,-17.826,0.000000
16538.205078,-202.061,0.000000,0.000000,7.299,-18.265,-17.873,0.000000
16595.462891,-202.047,0.000000,0.000000,7.325,-18.313,-17.920,0.000000
16652.917969,-202.034,0.000000,0.000000,7.351,-18.361,-17.967,0.000000
16710.539062,-202.022,0.000000,0.000000,7.378,-18.410,-18.014,0.000000
16768.392578,-202.010,0.000000,0.000000,7.405,-18.458,-18.062,0.000000
16826.447266,-201.999,0.000000,0.000000,7.431,-18.507,-18.109,0.000000
16884.685547,-201.987,0.000000,0.000000,7.458,-18.555,-18.157,0.000000
16943.142578,-201.975,0.000000,0.000000,7.485,-18.604,-18.205,0.000000
17001.785156,-201.962,0.000000,0.000000,7.512,-18.654,-18.253,0.000000
17060.646484,-201.951,0.000000,0.000000,7.539,-18.703,-18.301,0.000000
17119.695312,-201.939,0.000000,0.000000,7.566,-18.752,-18.350,0.000000
17178.949219,-201.927,0.000000,0.000000,7.593,-18.802,-18.398,0.000000
17238.423828,-201.915,0.000000,0.000000,7.621,-18.852,-18.447,0.000000
17298.105469,-201.903,0.000000,0.000000,7.648,-18.902,-18.496,0.000000
17357.976562,-201.891,0.000000,0.000000,7.676,-18.952,-18.545,0.000000
17418.054688,-201.879,0.000000,0.000000,7.703,-19.002,-18.594,0.000000
17478.357422,-201.867,0.000000,0.000000,7.731,-19.053,-18.644,0.000000
17538.869141,-201.855,0.000000,0.000000,7.759,-19.104,-18.693,0.000000
17599.556641,-201.843,0.000000,0.000000,7.787,-19.154,-18.743,0.000000
17660.488281,-201.831,0.000000,0.000000,7.815,-19.206,-18.793,0.000000
17721.630859,-201.819,0.000000,0.000000,7.843,-19.257,-18.843,0.000000
17782.968750,-201.807,0.000000,0.000000,7.871,-19.308,-18.894,0.000000
17844.535156,-201.795,0.000000,0.000000,7.900,-19.360,-18.944,0.000000
17906.296875,-201.783,0.000000,0.000000,7.928,-19.411,-18.995,0.000000
17968.291016,-201.771,0.000000,0.000000,7.957,-19.463,-19.046,0.000000
18030.480469,-201.759,0.000000,0.000000,7.985,-19.516,-19.097,0.000000
18092.886719,-201.747,0.000000,0.000000,8.014,-19.568,-19.148,0.000000
18155.525391,-201.735,0.000000,0.000000,8.043,-19.620,-19.199,0.000000
18218.382812,-201.723,0.000000,0.000000,8.072,-19.673,-19.251,0.000000
18281.421875,-201.713,0.000000,0.000000,8.101,-19.726,-19.302,0.000000
18344.712891,-201.704,0.000000,0.000000,8.130,-19.779,-19.354,0.000000
18408.224609,-201.696,0.000000,0.000000,8.159,-19.832,-19.406,0.000000
18471.955078,-201.687,0.000000,0.000000,8.188,-19.885,-19.459,0.000000
18535.888672,-201.678,0.000000,0.000000,8.218,-19.939,-19.511,0.000000
18600.044922,-201.669,0.000000,0.000000,8.247,-19.993,-19.564,0.000000
18664.439453,-201.660,0.000000,0.000000,8.277,-20.047,-19.616,0.000000
18729.041016,-201.651,0.000000,0.000000,8.307,-20.101,-19.669,0.000000
18793.880859,-201.642,0.000000,0.000000,8.336,-20.155,-19.723,0.000000
18858.929688,-201.633,0.000000,0.000000,8.366,-20.210,-19.776,0.000000
18924.220703,-201.624,0.000000,0.000000,8.396,-20.264,-19.829,0.000000
18989.720703,-201.615,0.000000,0.000000,8.427,-20.319,-19.883,0.000000
19055.447266,-201.606,0.000000,0.000000,8.457,-20.374,-19.937,0.000000
19121.417969,-201.598,0.000000,0.000000,8.487,-20.430,-19.991,0.000000
19187.619141,-201.592,0.000000,0.000000,8.518,-20.485,-20.045,0.000000
19254.029297,-201.586,0.000000,0.000000,8.548,-20.541,-20.100,0.000000
19320.669922,-201.580,0.000000,0.000000,8.579,-20.597,-20.155,0.000000
19387.560547,-201.574,0.000000,0.000000,8.610,-20.653,-20.209,0.000000
19454.664062,-201.568,0.000000,0.000000,8.640,-20.709,-20.264,0.000000
19522.017578,-201.562,0.000000,0.000000,8.671,-20.765,-20.320,0.000000
19589.585938,-201.557,0.000000,0.000000,8.703,-20.822,-20.375,0.000000
19657.406250,-201.553,0.000000,0.000000,8.734,-20.879,-20.431,0.000000
19725.443359,-201.548,0.000000,0.000000,8.765,-20.936,-20.487,0.000000
19793.716797,-201.544,0.000000,0.000000,8.796,-20.993,-20.543,0.000000
19862.244141,-201.539,0.000000,0.000000,8.828,-21.050,-20.599,0.000000
19931.009766,-201.535,0.000000,0.000000,8.860,-21.108,-20.655,0.000000
19999.974609,-201.530,0.000000,0.000000,8.891,-21.166,-20.712,0.000000
