frequency_hz,spl_db,phase_deg,thd_percent,rt60_ms,c50_db,c80_db,group_delay_ms
20.000000,-34.307,-127.793762,0.010396,0.839,-0.451,-0.352,0.000000
20.069233,-34.511,-124.780190,0.010645,0.839,-0.451,-0.352,0.000000
20.138704,-34.810,-116.513489,0.011020,0.839,-0.451,-0.352,0.000000
20.208418,-35.383,-117.112556,0.011774,0.839,-0.451,-0.352,0.000000
20.278366,-35.718,-108.853294,0.012238,0.839,-0.451,-0.352,0.000000
20.348562,-35.672,-101.171425,0.012175,0.839,-0.451,-0.352,0.000000
20.419001,-36.152,-95.271820,0.012869,0.839,-0.451,-0.352,0.000000
20.489683,-36.934,-82.572815,0.014084,0.839,-0.451,-0.352,0.000000
20.560612,-36.307,-74.829086,0.013103,0.839,-0.451,-0.352,0.000000
20.631784,-35.705,-66.181839,0.012226,0.839,-0.451,-0.352,0.000000
20.703203,-35.569,-62.975197,0.012036,0.839,-0.451,-0.352,0.000000
20.774866,-34.545,-55.251381,0.010697,0.839,-0.451,-0.352,0.000000
20.846781,-34.352,-43.109283,0.010463,0.839,-0.451,-0.352,0.000000
20.918943,-34.013,-45.930828,0.010063,0.839,-0.451,-0.352,0.000000
20.991358,-33.488,-44.621681,0.009474,0.839,-0.451,-0.352,0.000000
21.064020,-32.959,-36.303490,0.008915,0.839,-0.451,-0.352,0.000000
21.136936,-33.053,-26.917715,0.009014,0.839,-0.451,-0.352,0.000000
21.210104,-31.542,-19.704865,0.007576,0.839,-0.451,-0.352,0.000000
21.283520,-31.023,-15.489801,0.007138,0.839,-0.451,-0.352,0.000000
21.357197,-30.268,-14.738028,0.006545,0.839,-0.451,-0.352,0.000000
21.431126,-30.042,-15.055742,0.006377,0.839,-0.451,-0.352,0.000000
21.505312,-29.142,-11.164248,0.005750,0.839,-0.451,-0.352,0.000000
21.579756,-28.899,-9.029043,0.005591,0.839,-0.451,-0.352,0.000000
21.654457,-28.579,-9.923892,0.005389,0.839,-0.451,-0.352,0.000000
21.729416,-28.143,-9.598247,0.005125,0.839,-0.451,-0.352,0.000000
21.804630,-27.763,-7.097439,0.004905,0.839,-0.451,-0.352,0.000000
21.880110,-27.380,-6.805718,0.004694,0.839,-0.451,-0.352,0.000000
21.955851,-26.407,-7.453235,0.004197,0.839,-0.451,-0.352,0.000000
22.031853,-26.139,-8.902336,0.004070,0.839,-0.451,-0.352,0.000000
22.108118,-26.175,-8.887275,0.004088,0.839,-0.451,-0.352,0.000000
22.184649,-25.646,-8.358995,0.003847,0.839,-0.451,-0.352,0.000000
22.261442,-25.173,-6.048320,0.003644,0.839,-0.451,-0.352,0.000000
22.338503,-24.643,-6.089148,0.003429,0.839,-0.451,-0.352,0.000000
22.415825,-24.169,-5.101510,0.003247,0.839,-0.451,-0.352,0.000000
22.493420,-23.847,-4.486614,0.003129,0.839,-0.451,-0.352,0.000000
22.571283,-23.503,-2.498207,0.003008,0.839,-0.451,-0.352,0.000000
22.649418,-23.501,-2.498207,0.003008,0.839,-0.451,-0.352,0.000000
22.727821,-22.826,-1.207093,0.002784,0.839,-0.451,-0.352,0.000000
22.806496,-22.682,-1.498842,0.002738,0.839,-0.451,-0.352,0.000000
22.885437,-22.165,0.709397,0.002580,0.839,-0.451,-0.352,0.000000
22.964659,-21.739,1.599382,0.002457,0.839,-0.451,-0.352,0.000000
23.044153,-21.196,2.153716,0.002309,0.839,-0.451,-0.352,0.000000
23.123922,-20.915,2.104876,0.002236,0.839,-0.451,-0.352,0.000000
23.203970,-20.536,2.966457,0.002141,0.839,-0.451,-0.352,0.000000
23.284292,-20.072,3.174323,0.002030,0.839,-0.451,-0.352,0.000000
23.364893,-19.845,3.700277,0.001978,0.839,-0.451,-0.352,0.000000
23.445774,-19.378,3.458829,0.001874,0.839,-0.451,-0.352,0.000000
23.526928,-19.048,3.642413,0.001805,0.839,-0.451,-0.352,0.000000
23.608370,-18.482,3.215865,0.001691,0.839,-0.451,-0.352,0.000000
23.690092,-18.181,1.720443,0.001633,0.839,-0.451,-0.352,0.000000
23.772099,-18.042,1.357342,0.001608,0.839,-0.451,-0.352,0.000000
23.854389,-17.860,0.821223,0.001574,0.839,-0.451,-0.352,0.000000
23.936964,-17.586,0.759486,0.001525,0.839,-0.451,-0.352,0.000000
24.019825,-17.260,0.564069,0.001469,0.839,-0.451,-0.352,0.000000
24.102966,-17.004,0.497756,0.001426,0.839,-0.451,-0.352,0.000000
24.186401,-16.526,0.537887,0.001350,0.839,-0.451,-0.352,0.000000
24.270124,-16.343,0.199559,0.001322,0.839,-0.451,-0.352,0.000000
24.354139,-16.017,-0.811036,0.001274,0.839,-0.451,-0.352,0.000000
24.438444,-15.656,-1.235304,0.001222,0.839,-0.451,-0.352,0.000000
24.523041,-15.291,-1.572416,0.001172,0.839,-0.451,-0.352,0.000000
24.607929,-15.104,-1.998347,0.001147,0.839,-0.451,-0.352,0.000000
24.693108,-14.797,-2.098983,0.001108,0.839,-0.451,-0.352,0.000000
24.778585,-14.407,-2.462342,0.001059,0.839,-0.451,-0.352,0.000000
24.864359,-14.092,-3.016820,0.001022,0.839,-0.451,-0.352,0.000000
24.950430,-13.813,-3.173669,0.000990,0.839,-0.451,-0.352,0.000000
25.036798,-13.483,-3.962880,0.000953,0.839,-0.451,-0.352,0.000000
25.123466,-13.293,-3.923058,0.000932,0.839,-0.451,-0.352,0.000000
25.210434,-12.979,-4.028072,0.000899,0.839,-0.451,-0.352,0.000000
25.297697,-12.691,-4.355593,0.000870,0.839,-0.451,-0.352,0.000000
25.385267,-12.430,-4.344854,0.000845,0.839,-0.451,-0.352,0.000000
25.473143,-12.089,-4.657356,0.000812,0.839,-0.451,-0.352,0.000000
25.561321,-11.774,-5.155691,0.000783,0.839,-0.451,-0.352,0.000000
25.649803,-11.483,-5.630877,0.000758,0.839,-0.451,-0.352,0.000000
25.738594,-11.156,-6.280560,0.000730,0.839,-0.451,-0.352,0.000000
25.827690,-10.885,-7.285714,0.000708,0.839,-0.451,-0.352,0.000000
25.917089,-10.684,-7.775182,0.000692,0.839,-0.451,-0.352,0.000000
26.006805,-10.571,-7.968472,0.000683,0.839,-0.451,-0.352,0.000000
26.096830,-10.383,-9.018487,0.000668,0.839,-0.451,-0.352,0.000000
26.187168,-10.182,-9.519602,0.000653,0.839,-0.451,-0.352,0.000000
26.277819,-10.040,-10.049709,0.000643,0.839,-0.451,-0.352,0.000000
26.368782,-9.854,-10.865685,0.000629,0.839,-0.451,-0.352,0.000000
26.460054,-9.773,-11.059766,0.000623,0.839,-0.451,-0.352,0.000000
26.551649,-9.640,-11.248935,0.000614,0.839,-0.451,-0.352,0.000000
26.643560,-9.427,-11.162210,0.000599,0.839,-0.451,-0.352,0.000000
26.735790,-9.290,-11.331518,0.000590,0.839,-0.451,-0.352,0.000000
26.828339,-9.070,-10.998381,0.000575,0.839,-0.451,-0.352,0.000000
26.921207,-8.812,-10.765153,0.000558,0.839,-0.451,-0.352,0.000000
27.014399,-8.570,-10.744384,0.000543,0.839,-0.451,-0.352,0.000000
27.107912,-8.278,-10.503595,0.000525,0.839,-0.451,-0.352,0.000000
27.201744,-8.027,-10.310024,0.000510,0.839,-0.451,-0.352,0.000000
27.295906,-7.716,-10.114515,0.000492,0.839,-0.451,-0.352,0.000000
27.390394,-7.424,-9.697521,0.000476,0.839,-0.451,-0.352,0.000000
27.485209,-7.089,-9.571865,0.000458,0.839,-0.451,-0.352,0.000000
27.580351,-6.744,-9.640191,0.000440,0.839,-0.451,-0.352,0.000000
27.675825,-6.497,-9.795225,0.000428,0.839,-0.451,-0.352,0.000000
27.771622,-6.172,-9.386246,0.000412,0.839,-0.451,-0.352,0.000000
27.867756,-5.661,-9.617249,0.000389,0.839,-0.451,-0.352,0.000000
27.964224,-5.356,-10.135610,0.000375,0.839,-0.451,-0.352,0.000000
28.061024,-5.089,-10.348517,0.000364,0.839,-0.451,-0.352,0.000000
28.158161,-4.619,-11.006248,0.000345,0.839,-0.451,-0.352,0.000000
28.255634,-4.343,-11.413671,0.000334,0.839,-0.451,-0.352,0.000000
28.353443,-4.034,-11.760306,0.000323,0.839,-0.451,-0.352,0.000000
28.451593,-3.728,-12.219923,0.000312,0.839,-0.451,-0.352,0.000000
28.550081,-3.417,-12.519914,0.000301,0.839,-0.451,-0.352,0.000000
28.648903,-3.067,-13.001964,0.000289,0.839,-0.451,-0.352,0.000000
28.748075,-2.735,-13.833480,0.000278,0.839,-0.451,-0.352,0.000000
28.847589,-2.468,-14.567065,0.000270,0.839,-0.451,-0.352,0.000000
28.947449,-2.147,-14.910172,0.000260,0.839,-0.451,-0.352,0.000000
29.047655,-1.799,-15.641220,0.000250,0.839,-0.451,-0.352,0.000000
29.148207,-1.288,-17.106833,0.000235,0.839,-0.451,-0.352,0.000000
29.249100,-0.949,-17.980234,0.000226,0.839,-0.451,-0.352,0.000000
29.350348,-0.586,-18.995188,0.000217,0.839,-0.451,-0.352,0.000000
29.451948,-0.071,-20.516804,0.000205,0.839,-0.451,-0.352,0.000000
29.553900,0.287,-21.947460,0.000196,0.839,-0.451,-0.352,0.000000
29.656204,0.621,-23.312925,0.000189,0.839,-0.451,-0.352,0.000000
29.758862,0.943,-24.733562,0.000182,0.839,-0.451,-0.352,0.000000
29.861876,1.283,-26.310650,0.000175,0.839,-0.451,-0.352,0.000000
29.965246,1.727,-28.890219,0.000167,0.839,-0.451,-0.352,0.000000
30.068968,1.996,-30.701981,0.000161,0.839,-0.451,-0.352,0.000000
30.173054,2.255,-32.532753,0.000157,0.839,-0.451,-0.352,0.000000
30.277502,2.461,-34.586742,0.000153,0.839,-0.451,-0.352,0.000000
30.382311,2.743,-37.470539,0.000148,0.839,-0.451,-0.352,0.000000
30.487482,2.851,-39.478058,0.000146,0.839,-0.451,-0.352,0.000000
30.593019,2.951,-41.902054,0.000145,0.839,-0.451,-0.352,0.000000
30.698914,3.037,-43.360245,0.000143,0.839,-0.451,-0.352,0.000000
30.805182,3.134,-44.825680,0.000142,0.839,-0.451,-0.352,0.000000
30.911816,3.229,-46.178383,0.000140,0.839,-0.451,-0.352,0.000000
31.018822,3.323,-47.607841,0.000139,0.839,-0.451,-0.352,0.000000
31.126196,3.428,-49.405708,0.000137,0.839,-0.451,-0.352,0.000000
31.233944,3.623,-50.904217,0.000134,0.839,-0.451,-0.352,0.000000
31.342064,3.762,-51.744129,0.000132,0.839,-0.451,-0.352,0.000000
31.450558,3.914,-52.650478,0.000130,0.839,-0.451,-0.352,0.000000
31.559420,4.092,-53.694000,0.000127,0.839,-0.451,-0.352,0.000000
31.668667,4.260,-54.804333,0.000125,0.839,-0.451,-0.352,0.000000
31.778292,4.629,-57.285851,0.000120,0.839,-0.451,-0.352,0.000000
31.888296,4.789,-58.629654,0.000117,0.839,-0.451,-0.352,0.000000
31.998680,4.943,-59.956333,0.000115,0.839,-0.451,-0.352,0.000000
32.109447,5.103,-61.218212,0.000113,0.839,-0.451,-0.352,0.000000
32.220600,5.307,-63.052895,0.000111,0.839,-0.451,-0.352,0.000000
32.332127,5.525,-64.859009,0.000108,0.839,-0.451,-0.352,0.000000
32.444046,5.653,-66.412384,0.000106,0.839,-0.451,-0.352,0.000000
32.556355,5.767,-67.663109,0.000105,0.839,-0.451,-0.352,0.000000
32.669052,5.944,-69.541534,0.000103,0.839,-0.451,-0.352,0.000000
32.782143,6.063,-70.759720,0.000101,0.839,-0.451,-0.352,0.000000
32.895622,6.254,-72.676758,0.000099,0.839,-0.451,-0.352,0.000000
33.009491,6.373,-73.993652,0.000098,0.839,-0.451,-0.352,0.000000
33.123760,6.550,-75.999741,0.000096,0.839,-0.451,-0.352,0.000000
33.238411,6.670,-77.399422,0.000095,0.839,-0.451,-0.352,0.000000
33.353470,6.859,-79.750847,0.000093,0.839,-0.451,-0.352,0.000000
33.468929,6.959,-81.465858,0.000092,0.839,-0.451,-0.352,0.000000
33.584785,7.112,-83.897644,0.000090,0.839,-0.451,-0.352,0.000000
33.701042,7.210,-85.708733,0.000089,0.839,-0.451,-0.352,0.000000
33.817696,7.348,-88.506310,0.000088,0.839,-0.451,-0.352,0.000000
33.934757,7.383,-91.653206,0.000087,0.839,-0.451,-0.352,0.000000
34.052227,7.380,-93.656876,0.000087,0.839,-0.451,-0.352,0.000000
34.170105,7.374,-95.631317,0.000087,0.839,-0.451,-0.352,0.000000
34.288387,7.350,-98.745918,0.000088,0.839,-0.451,-0.352,0.000000
34.407082,7.206,-101.425095,0.000089,0.839,-0.451,-0.352,0.000000
34.526184,7.117,-103.118240,0.000090,0.839,-0.451,-0.352,0.000000
34.645702,7.015,-104.811470,0.000091,0.839,-0.451,-0.352,0.000000
34.765621,6.765,-107.793961,0.000094,0.839,-0.451,-0.352,0.000000
34.885967,6.631,-109.216461,0.000095,0.839,-0.451,-0.352,0.000000
35.006729,6.471,-110.374084,0.000097,0.839,-0.451,-0.352,0.000000
35.127911,6.162,-112.390381,0.000101,0.839,-0.451,-0.352,0.000000
35.249508,6.008,-113.328506,0.000102,0.839,-0.451,-0.352,0.000000
35.371529,5.843,-114.155243,0.000104,0.839,-0.451,-0.352,0.000000
35.493965,5.525,-115.668854,0.000108,0.839,-0.451,-0.352,0.000000
35.616829,5.369,-116.367149,0.000110,0.839,-0.451,-0.352,0.000000
35.740120,5.106,-117.158592,0.000114,0.839,-0.451,-0.352,0.000000
35.863842,4.833,-117.857040,0.000117,0.839,-0.451,-0.352,0.000000
35.987988,4.659,-118.180923,0.000120,0.839,-0.451,-0.352,0.000000
36.112564,4.365,-118.315750,0.000124,0.839,-0.451,-0.352,0.000000
36.237572,4.085,-118.367584,0.000128,0.839,-0.451,-0.352,0.000000
36.363010,3.897,-118.304749,0.000131,0.839,-0.451,-0.352,0.000000
36.488888,3.621,-117.414749,0.000135,0.839,-0.451,-0.352,0.000000
36.615189,3.355,-116.626228,0.000139,0.839,-0.451,-0.352,0.000000
36.741936,3.126,-115.108711,0.000143,0.839,-0.451,-0.352,0.000000
36.869122,2.979,-114.037949,0.000145,0.839,-0.451,-0.352,0.000000
36.996750,2.767,-112.330200,0.000149,0.839,-0.451,-0.352,0.000000
37.124817,2.690,-110.073395,0.000150,0.839,-0.451,-0.352,0.000000
37.253323,2.597,-107.818611,0.000152,0.839,-0.451,-0.352,0.000000
37.382278,2.682,-105.357918,0.000150,0.839,-0.451,-0.352,0.000000
37.511681,2.753,-103.799019,0.000149,0.839,-0.451,-0.352,0.000000
37.641533,3.004,-100.736954,0.000145,0.839,-0.451,-0.352,0.000000
37.771832,3.167,-99.421333,0.000142,0.839,-0.451,-0.352,0.000000
37.902584,3.549,-97.032822,0.000136,0.839,-0.451,-0.352,0.000000
38.033791,3.784,-96.089493,0.000133,0.839,-0.451,-0.352,0.000000
38.165447,4.016,-95.204292,0.000129,0.839,-0.451,-0.352,0.000000
38.297562,4.515,-93.943687,0.000122,0.839,-0.451,-0.352,0.000000
38.430122,4.759,-93.513039,0.000119,0.839,-0.451,-0.352,0.000000
38.563152,5.237,-92.908249,0.000112,0.839,-0.451,-0.352,0.000000
38.696644,5.478,-92.808960,0.000109,0.839,-0.451,-0.352,0.000000
38.830597,5.923,-92.904411,0.000104,0.839,-0.451,-0.352,0.000000
38.965015,6.136,-93.040878,0.000101,0.839,-0.451,-0.352,0.000000
39.099895,6.436,-93.324104,0.000098,0.839,-0.451,-0.352,0.000000
39.235237,6.725,-93.595566,0.000095,0.839,-0.451,-0.352,0.000000
39.371052,7.009,-93.942764,0.000092,0.839,-0.451,-0.352,0.000000
39.507339,7.293,-94.354050,0.000089,0.839,-0.451,-0.352,0.000000
39.644100,7.576,-94.796730,0.000086,0.839,-0.451,-0.352,0.000000
39.781334,7.850,-95.244835,0.000083,0.839,-0.451,-0.352,0.000000
39.919041,8.139,-95.735123,0.000081,0.839,-0.451,-0.352,0.000000
40.057224,8.410,-96.298828,0.000078,0.839,-0.451,-0.352,0.000000
40.195889,8.720,-96.856598,0.000075,0.839,-0.451,-0.352,0.000000
40.335030,9.023,-97.503799,0.000073,0.839,-0.451,-0.352,0.000000
40.474644,9.348,-98.235489,0.000070,0.839,-0.451,-0.352,0.000000
40.614754,9.779,-99.333015,0.000067,0.839,-0.451,-0.352,0.000000
40.755344,9.997,-99.982666,0.000065,0.839,-0.451,-0.352,0.000000
40.896423,10.417,-101.420128,0.000062,0.839,-0.451,-0.352,0.000000
41.037983,10.622,-102.283104,0.000061,0.839,-0.451,-0.352,0.000000
41.180042,11.023,-104.226128,0.000058,0.839,-0.451,-0.352,0.000000
41.322590,11.215,-105.312744,0.000057,0.839,-0.451,-0.352,0.000000
41.465633,11.583,-107.557838,0.000054,0.839,-0.451,-0.352,0.000000
41.609173,11.821,-109.476929,0.000053,0.839,-0.451,-0.352,0.000000
41.753204,12.059,-111.286865,0.000051,0.839,-0.451,-0.352,0.000000
41.897739,12.334,-113.985611,0.000050,0.839,-0.451,-0.352,0.000000
42.042774,12.466,-115.339058,0.000049,0.839,-0.451,-0.352,0.000000
42.188309,12.710,-118.135849,0.000048,0.839,-0.451,-0.352,0.000000
42.334339,12.869,-120.277893,0.000047,0.839,-0.451,-0.352,0.000000
42.480885,13.031,-122.391914,0.000046,0.839,-0.451,-0.352,0.000000
42.627937,13.161,-124.545753,0.000045,0.839,-0.451,-0.352,0.000000
42.775497,13.319,-127.349159,0.000044,0.839,-0.451,-0.352,0.000000
42.923573,13.424,-129.514938,0.000044,0.839,-0.451,-0.352,0.000000
43.072155,13.511,-131.666290,0.000044,0.839,-0.451,-0.352,0.000000
43.221245,13.601,-133.835464,0.000043,0.839,-0.451,-0.352,0.000000
43.370861,13.657,-135.943573,0.000043,0.839,-0.451,-0.352,0.000000
43.520992,13.717,-138.787262,0.000043,0.839,-0.451,-0.352,0.000000
43.671646,13.755,-140.883820,0.000042,0.839,-0.451,-0.352,0.000000
43.822823,13.773,-142.949249,0.000042,0.839,-0.451,-0.352,0.000000
43.974518,13.780,-145.634903,0.000042,0.839,-0.451,-0.352,0.000000
44.126743,13.782,-147.650406,0.000042,0.839,-0.451,-0.352,0.000000
44.279491,13.762,-149.591797,0.000042,0.839,-0.451,-0.352,0.000000
44.432770,13.739,-152.200455,0.000042,0.839,-0.451,-0.352,0.000000
44.586567,13.698,-154.774918,0.000043,0.839,-0.451,-0.352,0.000000
44.740910,13.679,-156.042252,0.000043,0.839,-0.451,-0.352,0.000000
44.895786,13.635,-158.598373,0.000043,0.839,-0.451,-0.352,0.000000
45.051197,13.578,-161.120010,0.000043,0.839,-0.451,-0.352,0.000000
45.207138,13.542,-162.369980,0.000043,0.839,-0.451,-0.352,0.000000
45.363636,13.465,-164.901093,0.000044,0.839,-0.451,-0.352,0.000000
45.520660,13.375,-167.459290,0.000044,0.839,-0.451,-0.352,0.000000
45.678234,13.298,-169.363403,0.000045,0.839,-0.451,-0.352,0.000000
45.836353,13.222,-171.251495,0.000045,0.839,-0.451,-0.352,0.000000
45.995022,13.094,-173.749405,0.000046,0.839,-0.451,-0.352,0.000000
46.154240,12.980,-175.720093,0.000046,0.839,-0.451,-0.352,0.000000
46.314007,12.820,-178.389893,0.000047,0.839,-0.451,-0.352,0.000000
46.474327,12.654,178.961395,0.000048,0.839,-0.451,-0.352,0.000000
46.635193,12.518,176.946854,0.000049,0.839,-0.451,-0.352,0.000000
46.796627,12.368,174.937347,0.000050,0.839,-0.451,-0.352,0.000000
46.958618,12.160,172.271988,0.000051,0.839,-0.451,-0.352,0.000000
47.121170,11.936,169.538727,0.000052,0.839,-0.451,-0.352,0.000000
47.284286,11.761,167.459839,0.000053,0.839,-0.451,-0.352,0.000000
47.447968,11.566,165.407501,0.000055,0.839,-0.451,-0.352,0.000000
47.612202,11.293,162.760437,0.000056,0.839,-0.451,-0.352,0.000000
47.777020,10.992,160.157394,0.000058,0.839,-0.451,-0.352,0.000000
47.942402,10.667,157.610397,0.000061,0.839,-0.451,-0.352,0.000000
48.108360,10.405,155.776184,0.000062,0.839,-0.451,-0.352,0.000000
48.274895,10.136,153.929291,0.000064,0.839,-0.451,-0.352,0.000000
48.442005,9.766,151.660217,0.000067,0.839,-0.451,-0.352,0.000000
48.609692,9.376,149.610779,0.000070,0.839,-0.451,-0.352,0.000000
48.777958,8.978,147.792862,0.000074,0.839,-0.451,-0.352,0.000000
48.946812,8.683,146.704498,0.000076,0.839,-0.451,-0.352,0.000000
49.116234,8.288,145.327530,0.000080,0.839,-0.451,-0.352,0.000000
49.286255,7.906,144.194946,0.000083,0.839,-0.451,-0.352,0.000000
49.456863,7.523,143.317108,0.000087,0.839,-0.451,-0.352,0.000000
49.628067,7.229,142.784164,0.000090,0.839,-0.451,-0.352,0.000000
49.799858,6.868,142.381653,0.000094,0.839,-0.451,-0.352,0.000000
49.972248,6.539,142.291946,0.000098,0.839,-0.451,-0.352,0.000000
50.145218,6.323,142.486343,0.000100,0.839,-0.451,-0.352,0.000000
50.318802,6.033,142.769257,0.000104,0.839,-0.451,-0.352,0.000000
50.492989,5.768,143.208420,0.000107,0.839,-0.451,-0.352,0.000000
50.667774,5.518,143.716293,0.000110,0.839,-0.451,-0.352,0.000000
50.843166,5.275,144.248810,0.000113,0.839,-0.451,-0.352,0.000000
51.019169,5.035,145.029877,0.000116,0.839,-0.451,-0.352,0.000000
51.195774,4.787,145.894272,0.000120,0.839,-0.451,-0.352,0.000000
51.372997,4.512,147.047638,0.000123,0.839,-0.451,-0.352,0.000000
51.550816,4.282,148.205231,0.000127,0.839,-0.451,-0.352,0.000000
51.729267,3.977,149.925583,0.000131,0.839,-0.451,-0.352,0.000000
51.908333,3.653,152.037216,0.000136,0.839,-0.451,-0.352,0.000000
52.088020,3.332,154.589447,0.000141,0.839,-0.451,-0.352,0.000000
52.268330,3.007,157.633087,0.000147,0.839,-0.451,-0.352,0.000000
52.449261,2.708,161.097092,0.000152,0.839,-0.451,-0.352,0.000000
52.630810,2.468,164.959152,0.000156,0.839,-0.451,-0.352,0.000000
52.812996,2.293,169.137527,0.000160,0.839,-0.451,-0.352,0.000000
52.995815,2.190,173.557144,0.000161,0.839,-0.451,-0.352,0.000000
53.179264,2.166,177.929367,0.000162,0.839,-0.451,-0.352,0.000000
53.363350,2.223,-177.795685,0.000161,0.839,-0.451,-0.352,0.000000
53.548077,2.355,-173.715698,0.000159,0.839,-0.451,-0.352,0.000000
53.733437,2.547,-169.934616,0.000155,0.839,-0.451,-0.352,0.000000
53.919441,2.780,-166.573502,0.000151,0.839,-0.451,-0.352,0.000000
54.106079,3.056,-163.671814,0.000146,0.839,-0.451,-0.352,0.000000
54.293373,3.349,-161.225479,0.000141,0.839,-0.451,-0.352,0.000000
54.481316,3.636,-159.301819,0.000137,0.839,-0.451,-0.352,0.000000
54.669895,3.918,-157.864944,0.000133,0.839,-0.451,-0.352,0.000000
54.859169,4.184,-156.887848,0.000129,0.839,-0.451,-0.352,0.000000
55.049042,4.464,-156.151276,0.000125,0.839,-0.451,-0.352,0.000000
55.239601,4.645,-155.721893,0.000122,0.839,-0.451,-0.352,0.000000
55.430820,4.823,-155.648972,0.000120,0.839,-0.451,-0.352,0.000000
55.622700,4.992,-155.718903,0.000117,0.839,-0.451,-0.352,0.000000
55.815247,5.156,-155.934174,0.000115,0.839,-0.451,-0.352,0.000000
56.008457,5.296,-156.234039,0.000113,0.839,-0.451,-0.352,0.000000
56.202335,5.434,-156.770432,0.000111,0.839,-0.451,-0.352,0.000000
56.396889,5.535,-157.309418,0.000110,0.839,-0.451,-0.352,0.000000
56.592110,5.622,-158.092331,0.000109,0.839,-0.451,-0.352,0.000000
56.788010,5.672,-158.768265,0.000108,0.839,-0.451,-0.352,0.000000
56.984589,5.726,-159.406876,0.000108,0.839,-0.451,-0.352,0.000000
57.181820,5.768,-159.888229,0.000107,0.839,-0.451,-0.352,0.000000
57.379791,5.783,-160.192444,0.000107,0.839,-0.451,-0.352,0.000000
57.578388,5.763,-160.088913,0.000107,0.839,-0.451,-0.352,0.000000
57.777702,5.744,-159.855209,0.000108,0.839,-0.451,-0.352,0.000000
57.977707,5.735,-159.146790,0.000108,0.839,-0.451,-0.352,0.000000
58.178406,5.729,-158.127899,0.000108,0.839,-0.451,-0.352,0.000000
58.379795,5.753,-156.823273,0.000108,0.839,-0.451,-0.352,0.000000
58.581886,5.851,-154.792755,0.000106,0.839,-0.451,-0.352,0.000000
58.784672,5.958,-153.049316,0.000105,0.839,-0.451,-0.352,0.000000
58.988163,6.101,-150.828949,0.000103,0.839,-0.451,-0.352,0.000000
59.192356,6.267,-149.122070,0.000101,0.839,-0.451,-0.352,0.000000
59.397259,6.532,-147.239182,0.000098,0.839,-0.451,-0.352,0.000000
59.602867,6.757,-145.865555,0.000096,0.839,-0.451,-0.352,0.000000
59.809193,7.000,-144.666794,0.000093,0.839,-0.451,-0.352,0.000000
60.016228,7.397,-143.192062,0.000089,0.839,-0.451,-0.352,0.000000
60.223953,7.673,-142.411346,0.000086,0.839,-0.451,-0.352,0.000000
60.432423,7.952,-141.826492,0.000084,0.839,-0.451,-0.352,0.000000
60.641617,8.326,-141.398346,0.000080,0.839,-0.451,-0.352,0.000000
60.851536,8.702,-141.024094,0.000077,0.839,-0.451,-0.352,0.000000
61.062180,9.014,-140.864960,0.000074,0.839,-0.451,-0.352,0.000000
61.273556,9.425,-140.814545,0.000071,0.839,-0.451,-0.352,0.000000
61.485661,9.758,-140.871109,0.000068,0.839,-0.451,-0.352,0.000000
61.698502,10.176,-140.998901,0.000065,0.839,-0.451,-0.352,0.000000
61.912075,10.626,-141.467117,0.000062,0.839,-0.451,-0.352,0.000000
62.126392,10.987,-141.965073,0.000059,0.839,-0.451,-0.352,0.000000
62.341450,11.428,-142.682159,0.000056,0.839,-0.451,-0.352,0.000000
62.557251,11.878,-143.912094,0.000053,0.839,-0.451,-0.352,0.000000
62.773800,12.225,-145.100464,0.000051,0.839,-0.451,-0.352,0.000000
62.991070,12.715,-147.332779,0.000048,0.839,-0.451,-0.352,0.000000
63.209152,13.010,-149.116425,0.000047,0.839,-0.462,-0.364,0.000000
63.427925,13.271,-151.156204,0.000045,0.839,-0.475,-0.376,0.000000
63.647522,13.584,-154.606384,0.000044,0.839,-0.487,-0.388,0.000000
63.867813,13.729,-157.009949,0.000043,0.839,-0.500,-0.400,0.000000
64.088898,13.816,-160.092941,0.000043,0.839,-0.513,-0.413,0.000000
64.310753,13.895,-163.069153,0.000042,0.839,-0.525,-0.425,0.000000
64.533371,13.877,-165.570801,0.000042,0.839,-0.538,-0.438,0.000000
64.756760,13.845,-168.081436,0.000043,0.839,-0.551,-0.450,0.000000
64.980919,13.768,-170.024216,0.000043,0.839,-0.564,-0.463,0.000000
65.205864,13.663,-171.946304,0.000043,0.839,-0.576,-0.475,0.000000
65.431580,13.571,-173.395889,0.000044,0.838,-0.589,-0.488,0.000000
65.658081,13.492,-174.397537,0.000044,0.838,-0.602,-0.501,0.000000
65.885361,13.379,-175.685486,0.000045,0.838,-0.615,-0.513,0.000000
66.113434,13.326,-176.436890,0.000045,0.838,-0.628,-0.526,0.000000
66.342262,13.270,-177.659637,0.000046,0.838,-0.641,-0.539,0.000000
66.571945,13.236,-178.541183,0.000046,0.838,-0.654,-0.552,0.000000
66.802353,13.195,-179.950180,0.000046,0.838,-0.667,-0.565,0.000000
67.033600,13.153,179.102066,0.000046,0.838,-0.681,-0.578,0.000000
67.265648,13.063,177.687454,0.000047,0.838,-0.694,-0.591,0.000000
67.498489,12.992,176.720795,0.000047,0.838,-0.707,-0.604,0.000000
67.732147,12.860,175.569107,0.000048,0.838,-0.720,-0.617,0.000000
67.966606,12.751,174.782043,0.000048,0.838,-0.734,-0.630,0.000000
68.201881,12.662,173.900238,0.000049,0.837,-0.747,-0.643,0.000000
68.437973,12.566,173.366058,0.000049,0.837,-0.761,-0.656,0.000000
68.674881,12.457,172.638214,0.000050,0.837,-0.774,-0.670,0.000000
68.912605,12.372,172.186783,0.000051,0.837,-0.788,-0.683,0.000000
69.151154,12.289,171.445312,0.000051,0.837,-0.801,-0.696,0.000000
69.390495,12.253,170.852127,0.000051,0.837,-0.815,-0.710,0.000000
69.630730,12.245,170.150696,0.000051,0.837,-0.829,-0.723,0.000000
69.871735,12.259,169.087845,0.000051,0.837,-0.842,-0.737,0.000000
70.113640,12.271,168.261795,0.000051,0.837,-0.856,-0.750,0.000000
70.356308,12.297,166.904510,0.000051,0.837,-0.870,-0.764,0.000000
70.599854,12.333,165.303482,0.000051,0.837,-0.884,-0.777,0.000000
70.844246,12.366,163.858871,0.000051,0.837,-0.898,-0.791,0.000000
71.089478,12.413,162.437820,0.000050,0.836,-0.912,-0.805,0.000000
71.335564,12.477,160.708496,0.000050,0.836,-0.926,-0.818,0.000000
71.582504,12.530,159.222977,0.000050,0.836,-0.940,-0.832,0.000000
71.830292,12.588,157.707748,0.000049,0.836,-0.954,-0.846,0.000000
72.078941,12.667,155.875793,0.000049,0.836,-0.968,-0.860,0.000000
72.328453,12.753,154.364502,0.000049,0.836,-0.983,-0.874,0.000000
72.578827,12.857,152.547302,0.000048,0.836,-0.997,-0.888,0.000000
72.830063,12.968,150.784103,0.000047,0.836,-1.011,-0.902,0.000000
73.082176,13.037,149.612061,0.000047,0.836,-1.026,-0.916,0.000000
73.335159,13.125,147.847687,0.000047,0.836,-1.040,-0.930,0.000000
73.588982,13.188,146.172974,0.000046,0.836,-1.054,-0.945,0.000000
73.843719,13.236,144.611801,0.000046,0.835,-1.069,-0.959,0.000000
74.099335,13.240,143.481369,0.000046,0.835,-1.084,-0.973,0.000000
74.355843,13.239,142.360672,0.000046,0.835,-1.098,-0.988,0.000000
74.613228,13.192,141.224396,0.000046,0.835,-1.113,-1.002,0.000000
74.871513,13.115,140.313492,0.000047,0.835,-1.128,-1.016,0.000000
75.130692,13.009,139.828888,0.000047,0.835,-1.142,-1.031,0.000000
75.390762,12.864,139.270584,0.000048,0.835,-1.157,-1.045,0.000000
75.651733,12.690,138.893845,0.000049,0.835,-1.172,-1.060,0.000000
75.913612,12.486,138.642090,0.000050,0.835,-1.187,-1.075,0.000000
76.176399,12.259,138.500488,0.000051,0.835,-1.202,-1.089,0.000000
76.440094,12.053,138.471176,0.000053,0.835,-1.217,-1.104,0.000000
76.704697,11.792,138.502869,0.000054,0.834,-1.232,-1.119,0.000000
76.970184,11.567,138.563019,0.000056,0.834,-1.247,-1.134,0.000000
77.236664,11.279,138.683777,0.000058,0.834,-1.263,-1.149,0.000000
77.503990,10.982,138.759125,0.000060,0.834,-1.278,-1.164,0.000000
77.772278,10.693,138.978653,0.000062,0.834,-1.293,-1.179,0.000000
78.041496,10.401,139.332809,0.000064,0.834,-1.308,-1.194,0.000000
78.311646,10.137,139.681030,0.000066,0.834,-1.324,-1.209,0.000000
78.582733,9.893,140.101608,0.000068,0.834,-1.339,-1.224,0.000000
78.854752,9.715,140.567856,0.000069,0.834,-1.355,-1.239,0.000000
79.127716,9.523,141.123962,0.000071,0.834,-1.370,-1.255,0.000000
79.401627,9.357,141.757263,0.000072,0.833,-1.386,-1.270,0.000000
79.676483,9.234,142.383041,0.000073,0.833,-1.402,-1.285,0.000000
79.952293,9.145,143.047882,0.000074,0.833,-1.417,-1.301,0.000000
80.229057,9.086,143.728928,0.000074,0.833,-1.433,-1.316,0.000000
80.506744,9.088,144.365463,0.000074,0.833,-1.449,-1.332,0.000000
80.785469,9.105,145.000473,0.000074,0.833,-1.465,-1.347,0.000000
81.065079,9.164,145.501678,0.000074,0.833,-1.481,-1.363,0.000000
81.345734,9.261,145.906143,0.000073,0.833,-1.497,-1.379,0.000000
81.627281,9.376,146.242554,0.000072,0.833,-1.513,-1.395,0.000000
81.909843,9.516,146.409027,0.000071,0.833,-1.529,-1.410,0.000000
82.193382,9.660,146.529297,0.000070,0.832,-1.545,-1.426,0.000000
82.477905,9.809,146.481995,0.000068,0.832,-1.561,-1.442,0.000000
82.763412,9.985,146.272446,0.000067,0.832,-1.578,-1.458,0.000000
83.049904,10.085,145.866013,0.000066,0.832,-1.594,-1.474,0.000000
83.337395,10.163,145.390060,0.000066,0.832,-1.611,-1.490,0.000000
83.625877,10.198,144.898758,0.000065,0.832,-1.627,-1.506,0.000000
83.915352,10.188,144.268234,0.000065,0.832,-1.643,-1.523,0.000000
84.205795,10.128,143.479675,0.000066,0.832,-1.660,-1.539,0.000000
84.497330,10.048,142.824783,0.000066,0.832,-1.677,-1.555,0.000000
84.789780,9.938,142.219620,0.000067,0.832,-1.693,-1.572,0.000000
85.083336,9.775,141.556519,0.000069,0.831,-1.710,-1.588,0.000000
85.377815,9.579,140.926819,0.000070,0.831,-1.727,-1.605,0.000000
85.673363,9.402,140.508255,0.000072,0.831,-1.744,-1.621,0.000000
85.969933,9.215,140.166977,0.000073,0.831,-1.761,-1.638,0.000000
86.267525,9.023,139.947845,0.000075,0.831,-1.778,-1.654,0.000000
86.566154,8.791,139.899216,0.000077,0.831,-1.795,-1.671,0.000000
86.865814,8.567,139.934158,0.000079,0.831,-1.812,-1.688,0.000000
87.166504,8.388,140.213455,0.000080,0.831,-1.829,-1.705,0.000000
87.468246,8.202,140.862900,0.000082,0.831,-1.846,-1.722,0.000000
87.771027,8.067,141.529816,0.000083,0.830,-1.863,-1.739,0.000000
88.074852,7.943,142.671661,0.000085,0.830,-1.881,-1.756,0.000000
88.379738,7.896,143.712616,0.000085,0.830,-1.898,-1.773,0.000000
88.685677,7.883,144.750305,0.000085,0.830,-1.916,-1.790,0.000000
88.992668,7.907,146.224686,0.000085,0.830,-1.933,-1.807,0.000000
89.300682,7.974,147.347275,0.000084,0.830,-1.951,-1.824,0.000000
89.609810,8.088,148.519119,0.000083,0.830,-1.968,-1.841,0.000000
89.920006,8.209,149.561676,0.000082,0.830,-1.986,-1.859,0.000000
90.231270,8.323,150.082779,0.000081,0.830,-2.004,-1.876,0.000000
90.543617,8.461,150.329422,0.000080,0.829,-2.022,-1.894,0.000000
90.857048,8.589,150.478149,0.000079,0.829,-2.039,-1.911,0.000000
91.171562,8.674,150.112732,0.000078,0.829,-2.057,-1.929,0.000000
91.487160,8.725,149.681534,0.000077,0.829,-2.075,-1.947,0.000000
91.803856,8.801,148.764481,0.000077,0.829,-2.093,-1.964,0.000000
92.121643,8.829,148.068146,0.000076,0.829,-2.112,-1.982,0.000000
92.440536,8.815,147.056885,0.000077,0.829,-2.130,-2.000,0.000000
92.760529,8.786,146.274963,0.000077,0.829,-2.148,-2.018,0.000000
93.081627,8.727,145.484482,0.000077,0.829,-2.166,-2.036,0.000000
93.403793,8.635,145.099106,0.000078,0.828,-2.185,-2.054,0.000000
93.727173,8.526,144.724152,0.000079,0.828,-2.203,-2.072,0.000000
94.051575,8.418,144.676956,0.000080,0.828,-2.222,-2.090,0.000000
94.377190,8.309,144.901581,0.000081,0.828,-2.240,-2.108,0.000000
94.703842,8.183,145.366913,0.000082,0.828,-2.259,-2.127,0.000000
95.031670,8.067,145.849762,0.000083,0.828,-2.278,-2.145,0.000000
95.360634,8.013,146.371185,0.000084,0.828,-2.296,-2.163,0.000000
95.690735,7.952,147.164169,0.000084,0.828,-2.315,-2.182,0.000000
96.021980,7.945,147.735306,0.000084,0.827,-2.334,-2.200,0.000000
96.354370,7.968,148.352768,0.000084,0.827,-2.353,-2.219,0.000000
96.687912,8.028,149.013855,0.000084,0.827,-2.372,-2.238,0.000000
97.022606,8.094,149.649307,0.000083,0.827,-2.391,-2.256,0.000000
97.358459,8.182,149.994354,0.000082,0.827,-2.410,-2.275,0.000000
97.695435,8.285,150.274033,0.000081,0.827,-2.429,-2.294,0.000000
98.033661,8.409,150.493210,0.000080,0.827,-2.449,-2.313,0.000000
98.372971,8.542,150.527588,0.000079,0.827,-2.468,-2.332,0.000000
98.713547,8.654,150.505142,0.000078,0.826,-2.488,-2.351,0.000000
99.055214,8.808,150.417297,0.000076,0.826,-2.507,-2.370,0.000000
99.398102,8.958,150.036087,0.000075,0.826,-2.527,-2.389,0.000000
99.742180,9.113,149.514740,0.000074,0.826,-2.546,-2.409,0.000000
100.087448,9.292,148.687317,0.000072,0.826,-2.566,-2.428,0.000000
100.433914,9.452,147.843384,0.000071,0.826,-2.586,-2.447,0.000000
100.781578,9.631,146.527039,0.000069,0.826,-2.605,-2.467,0.000000
101.130447,9.767,145.157684,0.000068,0.826,-2.625,-2.486,0.000000
101.480522,9.894,143.345901,0.000067,0.825,-2.645,-2.506,0.000000
101.831802,9.997,141.244507,0.000067,0.825,-2.665,-2.526,0.000000
102.184258,10.046,138.910965,0.000066,0.825,-2.685,-2.545,0.000000
102.538033,10.051,136.713120,0.000066,0.825,-2.706,-2.565,0.000000
102.892975,10.012,134.110550,0.000066,0.825,-2.726,-2.585,0.000000
103.249153,9.928,131.477295,0.000067,0.825,-2.746,-2.605,0.000000
103.606514,9.792,128.816513,0.000068,0.825,-2.767,-2.625,0.000000
103.965157,9.612,126.250839,0.000070,0.825,-2.787,-2.645,0.000000
104.325050,9.385,123.723518,0.000071,0.824,-2.808,-2.665,0.000000
104.686180,9.114,121.386024,0.000074,0.824,-2.828,-2.685,0.000000
105.048561,8.831,119.444733,0.000076,0.824,-2.849,-2.706,0.000000
105.412201,8.492,117.348099,0.000079,0.824,-2.870,-2.726,0.000000
105.777100,8.106,115.436798,0.000083,0.824,-2.890,-2.747,0.000000
106.143257,7.695,113.682144,0.000087,0.824,-2.911,-2.767,0.000000
106.510689,7.258,112.146042,0.000091,0.824,-2.932,-2.788,0.000000
106.879387,6.783,110.944649,0.000096,0.824,-2.953,-2.808,0.000000
107.249359,6.278,109.879715,0.000102,0.823,-2.974,-2.829,0.000000
107.620613,5.752,109.199936,0.000108,0.823,-2.996,-2.850,0.000000
107.993156,5.190,108.767906,0.000116,0.823,-3.017,-2.871,0.000000
108.366936,4.625,108.646362,0.000123,0.823,-3.038,-2.891,0.000000
108.742065,3.972,109.084846,0.000133,0.823,-3.060,-2.912,0.000000
109.118484,3.381,109.817993,0.000142,0.823,-3.081,-2.934,0.000000
109.496208,2.792,111.092224,0.000152,0.823,-3.103,-2.955,0.000000
109.875244,2.202,112.845963,0.000163,0.822,-3.124,-2.976,0.000000
110.255592,1.579,115.157738,0.000175,0.822,-3.146,-2.997,0.000000
110.637253,1.058,118.165955,0.000186,0.822,-3.168,-3.019,0.000000
111.020241,0.660,121.060715,0.000195,0.822,-3.189,-3.040,0.000000
111.404549,0.346,124.066658,0.000202,0.822,-3.211,-3.062,0.000000
111.790184,0.118,127.085556,0.000207,0.822,-3.233,-3.083,0.000000
112.177162,-0.050,130.120132,0.000211,0.822,-3.255,-3.105,0.000000
112.565475,-0.150,132.732132,0.000213,0.821,-3.278,-3.127,0.000000
112.955132,-0.230,135.162109,0.000215,0.821,-3.300,-3.148,0.000000
113.346085,-0.242,137.194489,0.000216,0.821,-3.322,-3.170,0.000000
113.738503,-0.285,138.651047,0.000217,0.821,-3.344,-3.192,0.000000
114.132164,-0.344,139.929825,0.000218,0.821,-3.367,-3.214,0.000000
114.527306,-0.470,141.148209,0.000221,0.821,-3.389,-3.236,0.000000
114.923698,-0.591,142.129120,0.000224,0.821,-3.412,-3.259,0.000000
115.321518,-0.759,143.319275,0.000229,0.820,-3.435,-3.281,0.000000
115.720718,-0.958,144.700546,0.000234,0.820,-3.458,-3.303,0.000000
116.121300,-1.179,146.358002,0.000240,0.820,-3.480,-3.326,0.000000
116.523270,-1.388,148.423706,0.000246,0.820,-3.503,-3.348,0.000000
116.926628,-1.602,150.269409,0.000252,0.820,-3.526,-3.371,0.000000
117.331383,-1.784,152.806366,0.000257,0.820,-3.549,-3.393,0.000000
117.737541,-1.939,155.087845,0.000262,0.820,-3.573,-3.416,0.000000
118.145103,-2.050,157.796753,0.000265,0.819,-3.596,-3.439,0.000000
118.554016,-2.183,160.424957,0.000270,0.819,-3.619,-3.462,0.000000
118.964462,-2.184,163.177307,0.000270,0.819,-3.643,-3.485,0.000000
119.376213,-2.243,165.975693,0.000271,0.819,-3.666,-3.508,0.000000
119.789505,-2.207,168.580551,0.000270,0.819,-3.690,-3.531,0.000000
120.204117,-2.146,171.259705,0.000268,0.819,-3.713,-3.554,0.000000
120.620216,-2.060,173.740341,0.000266,0.819,-3.737,-3.577,0.000000
121.037758,-1.969,176.139847,0.000263,0.818,-3.761,-3.601,0.000000
121.456741,-1.834,178.199631,0.000259,0.818,-3.785,-3.624,0.000000
121.877174,-1.651,-179.609879,0.000253,0.818,-3.809,-3.648,0.000000
122.299072,-1.527,-177.590683,0.000250,0.818,-3.833,-3.671,0.000000
122.722420,-1.303,-176.010086,0.000243,0.818,-3.857,-3.695,0.000000
123.147240,-1.133,-174.367172,0.000239,0.818,-3.881,-3.719,0.000000
123.573532,-0.879,-172.733154,0.000232,0.818,-3.905,-3.743,0.000000
124.001297,-0.653,-171.696320,0.000226,0.817,-3.930,-3.767,0.000000
124.430542,-0.469,-170.582855,0.000221,0.817,-3.954,-3.791,0.000000
124.861267,-0.228,-170.051926,0.000215,0.817,-3.979,-3.815,0.000000
125.293488,-0.077,-169.463577,0.000211,0.817,-3.989,-3.825,0.000000
125.727150,0.196,-168.906265,0.000205,0.817,-3.992,-3.827,0.000000
126.162369,0.340,-169.185608,0.000201,0.817,-3.995,-3.830,0.000000
126.599091,0.493,-168.677963,0.000198,0.817,-3.998,-3.833,0.000000
127.037331,0.628,-169.439224,0.000195,0.817,-4.001,-3.836,0.000000
127.477089,0.663,-169.209656,0.000194,0.817,-4.004,-3.839,0.000000
127.918365,0.846,-169.677490,0.000190,0.817,-4.007,-3.842,0.000000
128.361160,0.791,-170.571472,0.000191,0.817,-4.010,-3.845,0.000000
128.805511,0.841,-169.643997,0.000190,0.817,-4.013,-3.848,0.000000
129.251373,0.902,-171.124374,0.000189,0.817,-4.016,-3.850,0.000000
129.698792,0.691,-171.131622,0.000193,0.817,-4.019,-3.853,0.000000
130.147766,0.821,-170.658569,0.000191,0.817,-4.022,-3.856,0.000000
130.598282,0.640,-172.263657,0.000195,0.817,-4.025,-3.859,0.000000
131.050369,0.470,-169.809052,0.000198,0.817,-4.028,-3.862,0.000000
131.503952,0.550,-171.563278,0.000197,0.816,-4.031,-3.865,0.000000
131.959229,0.014,-171.127853,0.000209,0.816,-4.034,-3.868,0.000000
132.415955,0.133,-168.530197,0.000206,0.816,-4.037,-3.871,0.000000
132.874329,-0.189,-170.307693,0.000214,0.816,-4.040,-3.874,0.000000
133.334290,-0.635,-165.159790,0.000225,0.816,-4.043,-3.877,0.000000
133.795853,-0.459,-164.198105,0.000221,0.816,-4.046,-3.880,0.000000
134.259003,-1.000,-162.166397,0.000235,0.816,-4.050,-3.883,0.000000
134.723755,-0.840,-155.841354,0.000231,0.816,-4.053,-3.886,0.000000
135.190109,-0.710,-155.170761,0.000227,0.816,-4.056,-3.889,0.000000
135.658081,-1.193,-151.017639,0.000240,0.816,-4.059,-3.892,0.000000
136.127686,-0.759,-146.083023,0.000229,0.816,-4.062,-3.896,0.000000
136.598907,-0.829,-146.313324,0.000230,0.816,-4.065,-3.899,0.000000
137.071762,-0.849,-139.760178,0.000231,0.816,-4.069,-3.902,0.000000
137.546249,-0.329,-137.802826,0.000218,0.816,-4.072,-3.905,0.000000
138.022385,-0.406,-136.236572,0.000219,0.816,-4.075,-3.908,0.000000
138.500092,-0.175,-132.183167,0.000214,0.816,-4.078,-3.911,0.000000
138.979599,0.330,-130.565613,0.000202,0.816,-4.081,-3.914,0.000000
139.460617,0.431,-128.736099,0.000199,0.816,-4.085,-3.917,0.000000
139.943375,0.883,-125.695625,0.000189,0.816,-4.088,-3.921,0.000000
140.427811,1.370,-125.233772,0.000179,0.816,-4.091,-3.924,0.000000
140.913925,1.762,-123.538559,0.000171,0.816,-4.095,-3.927,0.000000
141.401703,2.284,-122.074554,0.000161,0.816,-4.098,-3.930,0.000000
141.891190,2.785,-122.668571,0.000152,0.816,-4.101,-3.933,0.000000
142.382355,3.211,-122.196724,0.000145,0.816,-4.105,-3.936,0.000000
142.875229,3.754,-122.656311,0.000136,0.816,-4.108,-3.940,0.000000
143.369812,4.156,-123.937515,0.000130,0.816,-4.111,-3.943,0.000000
143.866104,4.539,-124.684662,0.000124,0.816,-4.115,-3.946,0.000000
144.364120,4.934,-126.194160,0.000119,0.815,-4.118,-3.949,0.000000
144.863785,5.243,-128.093094,0.000115,0.815,-4.121,-3.953,0.000000
145.365311,5.505,-129.700089,0.000111,0.815,-4.125,-3.956,0.000000
145.868439,5.768,-131.441116,0.000108,0.815,-4.128,-3.959,0.000000
146.373383,5.962,-133.689911,0.000105,0.815,-4.132,-3.963,0.000000
146.880066,6.081,-135.626114,0.000104,0.815,-4.135,-3.966,0.000000
147.388504,6.197,-137.375427,0.000103,0.815,-4.138,-3.969,0.000000
147.898712,6.296,-139.322601,0.000101,0.815,-4.142,-3.973,0.000000
148.410675,6.327,-141.345291,0.000101,0.815,-4.145,-3.976,0.000000
148.924423,6.340,-143.207657,0.000101,0.815,-4.149,-3.979,0.000000
149.439941,6.350,-144.949265,0.000101,0.815,-4.152,-3.983,0.000000
149.957245,6.332,-146.748093,0.000101,0.815,-4.156,-3.986,0.000000
150.476334,6.250,-148.669601,0.000102,0.815,-4.159,-3.990,0.000000
150.997238,6.147,-150.075104,0.000103,0.815,-4.163,-3.993,0.000000
151.519852,6.035,-151.616165,0.000105,0.815,-4.166,-3.996,0.000000
152.044434,5.935,-152.887650,0.000106,0.815,-4.170,-4.000,0.000000
152.570679,5.768,-154.265656,0.000108,0.815,-4.174,-4.003,0.000000
153.098892,5.591,-155.367233,0.000110,0.815,-4.177,-4.007,0.000000
153.628784,5.420,-156.247696,0.000112,0.815,-4.181,-4.010,0.000000
154.160660,5.225,-157.103607,0.000115,0.815,-4.184,-4.014,0.000000
154.694229,5.019,-157.774628,0.000118,0.815,-4.188,-4.017,0.000000
155.229797,4.821,-158.379349,0.000120,0.815,-4.192,-4.021,0.000000
155.767075,4.640,-158.814957,0.000123,0.815,-4.195,-4.024,0.000000
156.306274,4.434,-159.302765,0.000126,0.815,-4.199,-4.028,0.000000
156.847351,4.215,-159.637207,0.000129,0.814,-4.203,-4.031,0.000000
157.390305,3.996,-159.961319,0.000132,0.814,-4.206,-4.035,0.000000
157.935120,3.767,-160.200439,0.000136,0.814,-4.210,-4.038,0.000000
158.481750,3.521,-160.441620,0.000140,0.814,-4.214,-4.042,0.000000
159.030441,3.256,-160.533005,0.000144,0.814,-4.217,-4.046,0.000000
159.580856,2.966,-160.535355,0.000149,0.814,-4.221,-4.049,0.000000
160.133347,2.643,-160.264297,0.000155,0.814,-4.225,-4.053,0.000000
160.687592,2.334,-159.784683,0.000160,0.814,-4.229,-4.056,0.000000
161.243912,1.975,-158.968491,0.000167,0.814,-4.232,-4.060,0.000000
161.801987,1.573,-157.656647,0.000175,0.814,-4.236,-4.064,0.000000
162.362167,1.148,-155.858795,0.000184,0.814,-4.240,-4.067,0.000000
162.924133,0.777,-153.496826,0.000192,0.814,-4.244,-4.071,0.000000
163.488113,0.435,-150.579697,0.000199,0.814,-4.247,-4.075,0.000000
164.054047,0.187,-147.019470,0.000205,0.814,-4.251,-4.078,0.000000
164.621933,0.061,-142.771820,0.000208,0.814,-4.255,-4.082,0.000000
165.191788,0.067,-138.832092,0.000208,0.814,-4.259,-4.086,0.000000
165.763535,0.213,-134.959229,0.000205,0.814,-4.263,-4.090,0.000000
166.337433,0.553,-131.260117,0.000197,0.814,-4.267,-4.093,0.000000
166.913147,0.916,-128.418350,0.000189,0.814,-4.271,-4.097,0.000000
167.491013,1.386,-125.935539,0.000179,0.814,-4.275,-4.101,0.000000
168.070801,1.785,-124.471481,0.000171,0.814,-4.279,-4.105,0.000000
168.652603,2.163,-123.501884,0.000163,0.814,-4.282,-4.109,0.000000
169.236328,2.593,-123.013840,0.000156,0.813,-4.286,-4.112,0.000000
169.822250,2.934,-123.058914,0.000150,0.813,-4.290,-4.116,0.000000
170.410019,3.261,-123.318314,0.000144,0.813,-4.294,-4.120,0.000000
170.999924,3.533,-123.745979,0.000140,0.813,-4.298,-4.124,0.000000
171.591858,3.802,-124.300903,0.000135,0.813,-4.302,-4.128,0.000000
172.185837,4.047,-124.697884,0.000132,0.813,-4.306,-4.132,0.000000
172.781876,4.304,-125.068794,0.000128,0.813,-4.310,-4.136,0.000000
173.379990,4.585,-125.772736,0.000124,0.813,-4.314,-4.140,0.000000
173.980164,4.867,-126.780914,0.000120,0.813,-4.319,-4.143,0.000000
174.582336,5.124,-128.173172,0.000116,0.813,-4.323,-4.147,0.000000
175.186752,5.354,-130.009216,0.000113,0.813,-4.327,-4.151,0.000000
175.793182,5.526,-131.984482,0.000111,0.813,-4.331,-4.155,0.000000
176.401703,5.663,-134.162857,0.000109,0.813,-4.335,-4.159,0.000000
177.012253,5.737,-136.444702,0.000108,0.813,-4.339,-4.163,0.000000
177.625092,5.770,-138.958099,0.000108,0.813,-4.343,-4.167,0.000000
178.239883,5.748,-141.324539,0.000108,0.813,-4.347,-4.171,0.000000
178.856964,5.672,-143.855255,0.000109,0.813,-4.352,-4.175,0.000000
179.476013,5.550,-146.131180,0.000111,0.813,-4.356,-4.179,0.000000
180.097290,5.370,-148.193420,0.000113,0.813,-4.360,-4.184,0.000000
180.720718,5.149,-150.177582,0.000116,0.813,-4.364,-4.188,0.000000
181.346298,4.898,-151.972900,0.000120,0.813,-4.368,-4.192,0.000000
181.974045,4.614,-153.600861,0.000123,0.812,-4.373,-4.196,0.000000
182.603882,4.331,-154.863907,0.000128,0.812,-4.377,-4.200,0.000000
183.236084,4.007,-156.100372,0.000132,0.812,-4.381,-4.204,0.000000
183.870377,3.671,-157.131882,0.000138,0.812,-4.386,-4.208,0.000000
184.506866,3.305,-157.965546,0.000143,0.812,-4.390,-4.212,0.000000
185.145462,2.920,-158.423019,0.000150,0.812,-4.394,-4.217,0.000000
185.786453,2.534,-158.518509,0.000157,0.812,-4.399,-4.221,0.000000
186.429489,2.156,-158.240189,0.000164,0.812,-4.403,-4.225,0.000000
187.074921,1.750,-157.704391,0.000172,0.812,-4.407,-4.229,0.000000
187.722412,1.423,-156.950836,0.000178,0.812,-4.412,-4.234,0.000000
188.372238,1.112,-156.270248,0.000185,0.812,-4.416,-4.238,0.000000
189.024307,0.783,-155.479111,0.000192,0.812,-4.420,-4.242,0.000000
189.678650,0.451,-154.228806,0.000199,0.812,-4.425,-4.246,0.000000
190.335236,0.179,-152.433456,0.000205,0.812,-4.429,-4.251,0.000000
190.994110,-0.057,-150.202744,0.000211,0.812,-4.434,-4.255,0.000000
191.655258,-0.169,-147.687531,0.000214,0.812,-4.438,-4.259,0.000000
192.318695,-0.194,-145.577362,0.000214,0.812,-4.443,-4.264,0.000000
192.984421,-0.109,-143.453934,0.000212,0.812,-4.447,-4.268,0.000000
193.652374,0.016,-142.316559,0.000209,0.812,-4.452,-4.272,0.000000
194.322815,0.118,-140.734818,0.000206,0.811,-4.456,-4.277,0.000000
194.995392,0.221,-140.367065,0.000204,0.811,-4.461,-4.281,0.000000
195.670486,0.327,-139.074310,0.000201,0.811,-4.465,-4.286,0.000000
196.347733,0.445,-138.500153,0.000199,0.811,-4.470,-4.290,0.000000
197.027405,0.599,-137.990723,0.000195,0.811,-4.475,-4.294,0.000000
197.709442,0.704,-137.748932,0.000193,0.811,-4.479,-4.299,0.000000
198.393829,0.873,-137.740326,0.000189,0.811,-4.484,-4.303,0.000000
199.080597,0.974,-137.902756,0.000187,0.811,-4.489,-4.308,0.000000
199.769745,1.006,-138.594208,0.000186,0.811,-4.493,-4.312,0.000000
200.461258,1.031,-139.172440,0.000185,0.811,-4.498,-4.317,0.000000
201.155182,1.017,-140.441544,0.000185,0.811,-4.503,-4.322,0.000000
201.851501,0.928,-140.933075,0.000187,0.811,-4.507,-4.326,0.000000
202.550232,0.759,-142.306229,0.000191,0.811,-4.512,-4.331,0.000000
203.251389,0.645,-143.056488,0.000193,0.811,-4.517,-4.335,0.000000
203.954865,0.407,-143.476669,0.000199,0.811,-4.522,-4.340,0.000000
204.660980,0.207,-144.210678,0.000203,0.811,-4.526,-4.344,0.000000
205.369339,-0.002,-145.171204,0.000208,0.811,-4.531,-4.349,0.000000
206.080246,-0.311,-145.287384,0.000215,0.811,-4.536,-4.354,0.000000
206.793625,-0.611,-145.973633,0.000223,0.810,-4.541,-4.358,0.000000
207.509567,-0.985,-146.370911,0.000232,0.810,-4.546,-4.363,0.000000
208.227783,-1.343,-146.009689,0.000242,0.810,-4.551,-4.368,0.000000
208.948685,-1.744,-145.623779,0.000253,0.810,-4.555,-4.373,0.000000
209.671890,-2.136,-145.203186,0.000265,0.810,-4.560,-4.377,0.000000
210.397690,-2.476,-144.042191,0.000275,0.810,-4.565,-4.382,0.000000
211.126007,-2.786,-142.535843,0.000285,0.810,-4.570,-4.387,0.000000
211.856842,-2.978,-140.870255,0.000291,0.810,-4.575,-4.392,0.000000
212.590210,-3.181,-139.233200,0.000298,0.810,-4.580,-4.396,0.000000
213.326019,-3.187,-137.738617,0.000298,0.810,-4.585,-4.401,0.000000
214.064575,-3.216,-136.085419,0.000299,0.810,-4.590,-4.406,0.000000
214.805481,-3.123,-134.895386,0.000296,0.810,-4.595,-4.411,0.000000
215.549057,-3.060,-134.238556,0.000293,0.810,-4.600,-4.416,0.000000
216.295197,-2.933,-133.912247,0.000289,0.810,-4.605,-4.421,0.000000
217.044037,-2.836,-134.086426,0.000285,0.810,-4.610,-4.426,0.000000
217.795258,-2.751,-134.563339,0.000282,0.810,-4.615,-4.431,0.000000
218.549286,-2.630,-135.738571,0.000278,0.810,-4.620,-4.435,0.000000
219.305710,-2.581,-137.050766,0.000277,0.810,-4.626,-4.440,0.000000
220.064865,-2.538,-138.473358,0.000275,0.809,-4.631,-4.445,0.000000
220.826645,-2.637,-140.686951,0.000278,0.809,-4.636,-4.450,0.000000
221.591064,-2.719,-142.191605,0.000280,0.809,-4.641,-4.455,0.000000
222.358124,-2.940,-144.914154,0.000288,0.809,-4.646,-4.460,0.000000
223.127731,-3.217,-146.208206,0.000297,0.809,-4.651,-4.465,0.000000
223.900223,-3.486,-148.741211,0.000306,0.809,-4.657,-4.471,0.000000
224.675171,-3.911,-149.654953,0.000321,0.809,-4.662,-4.476,0.000000
225.453018,-4.302,-151.233856,0.000336,0.809,-4.667,-4.481,0.000000
226.233337,-4.895,-151.868362,0.000359,0.809,-4.672,-4.486,0.000000
227.016586,-5.323,-151.906479,0.000377,0.809,-4.678,-4.491,0.000000
227.802322,-5.898,-152.466507,0.000403,0.809,-4.683,-4.496,0.000000
228.590988,-6.401,-151.636139,0.000426,0.809,-4.688,-4.501,0.000000
229.382187,-6.779,-151.850204,0.000445,0.809,-4.694,-4.506,0.000000
230.176208,-7.274,-150.566879,0.000471,0.809,-4.699,-4.512,0.000000
230.972992,-7.589,-149.723495,0.000488,0.809,-4.705,-4.517,0.000000
231.772537,-8.061,-148.657089,0.000515,0.809,-4.710,-4.522,0.000000
232.574844,-8.413,-147.215149,0.000536,0.808,-4.715,-4.527,0.000000
233.379822,-8.766,-146.017258,0.000558,0.808,-4.721,-4.533,0.000000
234.187805,-9.131,-144.610443,0.000582,0.808,-4.726,-4.538,0.000000
234.998352,-9.482,-143.125992,0.000606,0.808,-4.732,-4.543,0.000000
235.811935,-9.794,-141.383377,0.000627,0.808,-4.737,-4.549,0.000000
236.628113,-10.065,-140.264923,0.000647,0.808,-4.743,-4.554,0.000000
237.447342,-10.328,-138.764221,0.000667,0.808,-4.748,-4.559,0.000000
238.269180,-10.538,-136.515579,0.000683,0.808,-4.754,-4.565,0.000000
239.094101,-10.695,-134.881180,0.000695,0.808,-4.760,-4.570,0.000000
239.921631,-10.964,-133.423309,0.000716,0.808,-4.765,-4.575,0.000000
240.752151,-11.039,-131.541153,0.000722,0.808,-4.771,-4.581,0.000000
241.585541,-11.071,-130.313202,0.000725,0.808,-4.776,-4.586,0.000000
242.421814,-11.119,-129.126831,0.000729,0.808,-4.782,-4.592,0.000000
243.260986,-11.148,-127.858177,0.000731,0.808,-4.788,-4.597,0.000000
244.102951,-11.169,-127.198341,0.000732,0.808,-4.793,-4.603,0.000000
244.948059,-11.176,-127.104393,0.000733,0.807,-4.799,-4.608,0.000000
245.795975,-11.165,-126.904861,0.000731,0.807,-4.805,-4.614,0.000000
246.646820,-11.144,-127.249146,0.000729,0.807,-4.811,-4.620,0.000000
247.500626,-11.168,-127.968361,0.000731,0.807,-4.817,-4.625,0.000000
248.357376,-11.236,-128.858383,0.000737,0.807,-4.822,-4.631,0.000000
249.216980,-11.293,-130.455124,0.000741,0.807,-4.828,-4.636,0.000000
250.079788,-11.383,-131.997345,0.000749,0.807,-4.834,-4.642,0.000000
250.945343,-11.545,-133.817841,0.000763,0.807,-4.834,-4.643,0.000000
251.814026,-11.752,-136.018890,0.000781,0.807,-4.835,-4.643,0.000000
252.685715,-11.992,-138.019974,0.000803,0.807,-4.836,-4.644,0.000000
253.560410,-12.245,-139.835831,0.000827,0.807,-4.837,-4.645,0.000000
254.438141,-12.569,-142.382523,0.000858,0.807,-4.838,-4.646,0.000000
255.318909,-12.943,-144.964767,0.000895,0.807,-4.839,-4.647,0.000000
256.202728,-13.432,-147.449905,0.000947,0.806,-4.840,-4.648,0.000000
257.089600,-13.961,-149.756454,0.001007,0.806,-4.841,-4.649,0.000000
257.979553,-14.578,-152.067841,0.001080,0.806,-4.842,-4.650,0.000000
258.872559,-15.336,-154.029251,0.001179,0.806,-4.843,-4.651,0.000000
259.768677,-16.047,-154.976318,0.001279,0.806,-4.844,-4.652,0.000000
260.667786,-16.874,-155.821655,0.001407,0.806,-4.845,-4.653,0.000000
261.570251,-17.737,-156.570404,0.001554,0.806,-4.846,-4.654,0.000000
262.475555,-18.648,-157.193604,0.001726,0.806,-4.847,-4.655,0.000000
263.384277,-19.703,-157.344864,0.001949,0.806,-4.848,-4.656,0.000000
264.295898,-20.784,-156.812180,0.002207,0.806,-4.849,-4.657,0.000000
265.210785,-21.891,-155.211060,0.002507,0.806,-4.851,-4.658,0.000000
266.128845,-22.987,-151.760117,0.002843,0.806,-4.852,-4.659,0.000000
267.050201,-23.985,-147.814438,0.003189,0.805,-4.853,-4.660,0.000000
267.974518,-25.123,-142.381058,0.003635,0.805,-4.854,-4.661,0.000000
268.902130,-26.163,-135.748978,0.004097,0.805,-4.855,-4.662,0.000000
269.832977,-26.959,-127.831619,0.004489,0.805,-4.856,-4.663,0.000000
270.767029,-27.496,-120.028702,0.004775,0.805,-4.857,-4.664,0.000000
271.704315,-27.632,-112.770180,0.004849,0.805,-4.858,-4.665,0.000000
272.644714,-27.461,-106.777122,0.004754,0.805,-4.859,-4.666,0.000000
273.588654,-27.296,-101.387619,0.004664,0.805,-4.860,-4.667,0.000000
274.535583,-27.028,-98.090179,0.004521,0.805,-4.861,-4.668,0.000000
275.486053,-26.789,-96.125694,0.004397,0.805,-4.862,-4.669,0.000000
276.439545,-26.583,-94.779152,0.004294,0.805,-4.863,-4.670,0.000000
277.396454,-26.622,-93.653656,0.004312,0.804,-4.864,-4.671,0.000000
278.356689,-26.634,-92.100479,0.004318,0.804,-4.865,-4.672,0.000000
279.320404,-26.784,-90.537575,0.004393,0.804,-4.866,-4.673,0.000000
280.287170,-26.844,-89.202644,0.004423,0.804,-4.867,-4.674,0.000000
281.257416,-26.858,-88.152138,0.004430,0.804,-4.869,-4.675,0.000000
282.231018,-26.880,-87.705627,0.004442,0.804,-4.870,-4.676,0.000000
283.207977,-27.001,-87.614883,0.004504,0.804,-4.871,-4.677,0.000000
284.188354,-26.928,-87.673279,0.004466,0.804,-4.872,-4.678,0.000000
285.171967,-26.978,-90.061050,0.004492,0.804,-4.873,-4.679,0.000000
286.159271,-27.081,-91.918663,0.004545,0.804,-4.874,-4.680,0.000000
287.149689,-27.281,-94.570801,0.004649,0.803,-4.875,-4.681,0.000000
288.143829,-27.534,-98.487114,0.004786,0.803,-4.876,-4.682,0.000000
289.141144,-27.916,-100.733704,0.005001,0.803,-4.877,-4.683,0.000000
290.142029,-27.970,-103.074875,0.005031,0.803,-4.878,-4.684,0.000000
291.146393,-27.994,-106.006516,0.005044,0.803,-4.880,-4.685,0.000000
292.154358,-27.959,-108.889038,0.005023,0.803,-4.881,-4.686,0.000000
293.165558,-28.019,-111.230370,0.005057,0.803,-4.882,-4.687,0.000000
294.180389,-28.085,-115.377655,0.005094,0.803,-4.883,-4.688,0.000000
295.198730,-27.968,-122.292816,0.005025,0.803,-4.884,-4.689,0.000000
296.220581,-27.522,-129.287735,0.004773,0.803,-4.885,-4.691,0.000000
297.246002,-27.389,-136.019424,0.004700,0.803,-4.886,-4.692,0.000000
298.274933,-26.866,-146.576523,0.004424,0.802,-4.888,-4.693,0.000000
299.307465,-26.928,-154.554199,0.004455,0.802,-4.889,-4.694,0.000000
300.343414,-26.619,-165.360062,0.004299,0.802,-4.890,-4.695,0.000000
301.383209,-26.552,178.576050,0.004265,0.802,-4.891,-4.696,0.000000
302.426361,-26.122,165.137955,0.004059,0.802,-4.892,-4.697,0.000000
303.473389,-26.247,149.854095,0.004117,0.802,-4.893,-4.698,0.000000
304.523743,-26.188,136.711823,0.004088,0.802,-4.895,-4.699,0.000000
305.578033,-26.162,125.247215,0.004075,0.802,-4.896,-4.700,0.000000
306.635681,-26.262,120.975037,0.004122,0.802,-4.897,-4.702,0.000000
307.697266,-25.598,114.253761,0.003818,0.802,-4.898,-4.703,0.000000
308.762268,-25.398,111.080521,0.003730,0.801,-4.899,-4.704,0.000000
309.831085,-24.449,108.271027,0.003343,0.801,-4.901,-4.705,0.000000
310.903595,-24.143,103.122772,0.003227,0.801,-4.902,-4.706,0.000000
311.979828,-23.134,98.209183,0.002873,0.801,-4.903,-4.707,0.000000
313.059784,-22.852,91.988708,0.002780,0.801,-4.904,-4.708,0.000000
314.143311,-21.891,89.444336,0.002488,0.801,-4.905,-4.710,0.000000
315.230927,-21.622,85.310387,0.002411,0.801,-4.907,-4.711,0.000000
316.322113,-21.292,86.973747,0.002321,0.801,-4.908,-4.712,0.000000
317.417114,-21.080,82.432114,0.002264,0.801,-4.909,-4.713,0.000000
318.515747,-21.066,80.077187,0.002259,0.800,-4.910,-4.714,0.000000
319.618469,-20.865,79.759071,0.002207,0.800,-4.912,-4.715,0.000000
320.724701,-20.833,80.346474,0.002199,0.800,-4.913,-4.717,0.000000
321.835083,-20.670,77.197235,0.002157,0.800,-4.914,-4.718,0.000000
322.949005,-20.258,75.835571,0.002057,0.800,-4.915,-4.719,0.000000
324.066925,-20.054,80.328430,0.002009,0.800,-4.917,-4.720,0.000000
325.188721,-19.712,74.550766,0.001931,0.800,-4.918,-4.721,0.000000
326.314392,-19.388,68.656677,0.001860,0.800,-4.919,-4.722,0.000000
327.443970,-18.924,75.491692,0.001763,0.800,-4.920,-4.724,0.000000
328.577301,-18.785,73.677147,0.001735,0.800,-4.922,-4.725,0.000000
329.714874,-18.413,67.918968,0.001662,0.799,-4.923,-4.726,0.000000
330.856232,-18.239,70.154137,0.001628,0.799,-4.924,-4.727,0.000000
332.001526,-18.108,67.572632,0.001604,0.799,-4.925,-4.728,0.000000
333.150635,-18.195,65.730438,0.001620,0.799,-4.927,-4.730,0.000000
334.304016,-18.451,66.658867,0.001668,0.799,-4.928,-4.731,0.000000
335.461090,-18.869,64.040337,0.001750,0.799,-4.929,-4.732,0.000000
336.622498,-19.531,64.944366,0.001888,0.799,-4.931,-4.733,0.000000
337.787598,-19.914,63.132797,0.001973,0.799,-4.932,-4.735,0.000000
338.956879,-20.405,67.281837,0.002087,0.799,-4.933,-4.736,0.000000
340.130219,-20.564,76.776642,0.002125,0.798,-4.935,-4.737,0.000000
341.307617,-20.803,64.256020,0.002184,0.798,-4.936,-4.738,0.000000
342.489105,-20.753,81.078369,0.002171,0.798,-4.937,-4.740,0.000000
343.674652,-20.827,73.218491,0.002190,0.798,-4.939,-4.741,0.000000
344.864319,-20.488,71.264809,0.002106,0.798,-4.940,-4.742,0.000000
346.058105,-20.232,104.803391,0.002045,0.798,-4.941,-4.743,0.000000
347.256042,-19.793,94.123573,0.001944,0.798,-4.943,-4.745,0.000000
348.457947,-19.560,114.109436,0.001893,0.798,-4.944,-4.746,0.000000
349.664337,-19.450,118.318619,0.001869,0.797,-4.945,-4.747,0.000000
350.874573,-19.467,123.266838,0.001872,0.797,-4.947,-4.749,0.000000
352.089325,-19.787,133.943634,0.001942,0.797,-4.948,-4.750,0.000000
353.307953,-20.332,161.355270,0.002068,0.797,-4.949,-4.751,0.000000
354.530975,-21.116,151.389267,0.002262,0.797,-4.951,-4.752,0.000000
355.758240,-21.939,160.122894,0.002487,0.797,-4.952,-4.754,0.000000
356.989716,-22.508,160.958450,0.002655,0.797,-4.953,-4.755,0.000000
358.225494,-22.918,162.097580,0.002783,0.797,-4.955,-4.756,0.000000
359.465515,-23.082,165.613052,0.002835,0.797,-4.956,-4.758,0.000000
360.709869,-23.087,166.560318,0.002836,0.796,-4.958,-4.759,0.000000
361.958496,-22.869,161.259125,0.002766,0.796,-4.959,-4.760,0.000000
363.211456,-22.458,167.857269,0.002638,0.796,-4.960,-4.762,0.000000
364.468750,-21.900,163.295685,0.002473,0.796,-4.962,-4.763,0.000000
365.730408,-21.393,167.932083,0.002332,0.796,-4.963,-4.764,0.000000
366.996246,-21.124,169.705475,0.002261,0.796,-4.965,-4.766,0.000000
368.266815,-21.254,177.232437,0.002295,0.796,-4.966,-4.767,0.000000
369.541443,-21.645,-175.773438,0.002401,0.796,-4.968,-4.768,0.000000
370.820648,-22.237,-179.297485,0.002570,0.795,-4.969,-4.770,0.000000
372.104309,-22.776,-176.460480,0.002734,0.795,-4.970,-4.771,0.000000
373.392395,-23.053,-173.866745,0.002823,0.795,-4.972,-4.772,0.000000
374.684937,-23.323,-178.012177,0.002912,0.795,-4.973,-4.774,0.000000
375.982117,-23.438,-166.846497,0.002951,0.795,-4.975,-4.775,0.000000
377.283447,-23.273,-168.771164,0.002895,0.795,-4.976,-4.777,0.000000
378.589447,-23.182,-167.740372,0.002865,0.795,-4.978,-4.778,0.000000
379.899994,-23.184,-169.649475,0.002866,0.795,-4.979,-4.779,0.000000
381.215057,-23.478,-173.360855,0.002964,0.794,-4.981,-4.781,0.000000
382.534668,-24.075,-174.332947,0.003175,0.794,-4.982,-4.782,0.000000
383.858673,-24.629,-178.407379,0.003385,0.794,-4.984,-4.783,0.000000
385.187622,-25.406,179.128113,0.003701,0.794,-4.985,-4.785,0.000000
386.520813,-26.241,179.118958,0.004074,0.794,-4.987,-4.786,0.000000
387.859009,-26.897,179.313644,0.004393,0.794,-4.988,-4.788,0.000000
389.201416,-27.497,177.870834,0.004706,0.794,-4.990,-4.789,0.000000
390.548889,-27.956,175.947205,0.004960,0.794,-4.991,-4.791,0.000000
391.900635,-28.196,174.912399,0.005098,0.793,-4.993,-4.792,0.000000
393.257416,-28.044,175.201141,0.005009,0.793,-4.994,-4.793,0.000000
394.618530,-27.663,175.459946,0.004794,0.793,-4.996,-4.795,0.000000
395.984558,-26.915,176.861786,0.004398,0.793,-4.997,-4.796,0.000000
397.355316,-26.103,174.625427,0.004006,0.793,-4.999,-4.798,0.000000
398.730804,-25.387,176.912598,0.003689,0.793,-5.000,-4.799,0.000000
400.111053,-24.743,179.290054,0.003425,0.793,-5.002,-4.801,0.000000
401.495880,-24.199,179.131149,0.003217,0.793,-5.003,-4.802,0.000000
402.885895,-23.877,-176.813156,0.003100,0.792,-5.005,-4.804,0.000000
404.280365,-23.897,179.893372,0.003107,0.792,-5.007,-4.805,0.000000
405.679993,-24.050,176.222885,0.003162,0.792,-5.008,-4.807,0.000000
407.084106,-24.427,171.977524,0.003301,0.792,-5.010,-4.808,0.000000
408.493500,-24.859,167.319016,0.003469,0.792,-5.011,-4.810,0.000000
409.907349,-25.498,161.438522,0.003733,0.792,-5.013,-4.811,0.000000
411.326477,-26.425,156.676788,0.004153,0.792,-5.014,-4.813,0.000000
412.750122,-27.357,149.877029,0.004622,0.791,-5.016,-4.814,0.000000
414.178925,-28.142,147.499420,0.005059,0.791,-5.018,-4.816,0.000000
415.612640,-28.790,142.106812,0.005449,0.791,-5.019,-4.817,0.000000
417.051331,-29.306,138.491684,0.005782,0.791,-5.021,-4.819,0.000000
418.494995,-30.033,133.240402,0.006286,0.791,-5.023,-4.820,0.000000
419.943481,-30.801,129.896164,0.006865,0.791,-5.024,-4.822,0.000000
421.397369,-31.461,127.402145,0.007406,0.791,-5.026,-4.823,0.000000
422.855865,-31.888,127.641655,0.007779,0.790,-5.027,-4.825,0.000000
424.319855,-32.290,125.217293,0.008146,0.790,-5.029,-4.826,0.000000
425.788666,-32.498,120.925339,0.008341,0.790,-5.031,-4.828,0.000000
427.262604,-32.473,116.426460,0.008316,0.790,-5.032,-4.830,0.000000
428.741394,-32.923,114.712952,0.008757,0.790,-5.034,-4.831,0.000000
430.225739,-32.619,113.161652,0.008455,0.790,-5.036,-4.833,0.000000
431.714813,-32.253,117.402977,0.008104,0.790,-5.037,-4.834,0.000000
433.209259,-31.350,124.274200,0.007302,0.789,-5.039,-4.836,0.000000
434.708862,-30.503,146.564316,0.006623,0.789,-5.041,-4.837,0.000000
436.213654,-29.947,-77.040581,0.006211,0.789,-5.042,-4.839,0.000000
437.723663,-29.493,-60.576283,0.005894,0.789,-5.044,-4.841,0.000000
439.238892,-28.493,-80.681534,0.005252,0.789,-5.046,-4.842,0.000000
440.759369,-26.970,-97.279831,0.004407,0.789,-5.047,-4.844,0.000000
442.285095,-25.786,-62.685379,0.003844,0.789,-5.049,-4.845,0.000000
443.816132,-24.940,-44.668915,0.003487,0.788,-5.051,-4.847,0.000000
445.352448,-24.179,-55.709827,0.003194,0.788,-5.053,-4.849,0.000000
446.894073,-23.418,-49.199982,0.002925,0.788,-5.054,-4.850,0.000000
448.440857,-22.590,-50.699532,0.002659,0.788,-5.056,-4.852,0.000000
449.993408,-21.457,-25.720804,0.002334,0.788,-5.058,-4.854,0.000000
451.550873,-20.559,-22.354029,0.002104,0.788,-5.060,-4.855,0.000000
453.114197,-19.549,-4.043144,0.001873,0.788,-5.061,-4.857,0.000000
454.682495,-18.251,-24.085051,0.001612,0.787,-5.063,-4.859,0.000000
456.256409,-16.803,-25.068027,0.001365,0.787,-5.065,-4.860,0.000000
457.835815,-15.145,-32.938049,0.001127,0.787,-5.067,-4.862,0.000000
459.420654,-13.376,-21.436415,0.000919,0.787,-5.068,-4.864,0.000000
461.010986,-11.890,-15.642538,0.000775,0.787,-5.070,-4.865,0.000000
462.606842,-10.298,-30.801228,0.000645,0.787,-5.072,-4.867,0.000000
464.208221,-8.820,-43.451981,0.000544,0.786,-5.074,-4.869,0.000000
465.815125,-7.629,-41.945686,0.000474,0.786,-5.076,-4.870,0.000000
467.427582,-6.737,-49.233223,0.000428,0.786,-5.077,-4.872,0.000000
469.045410,-6.110,-26.379528,0.000398,0.786,-5.079,-4.874,0.000000
470.669312,-5.716,-44.310158,0.000380,0.786,-5.081,-4.876,0.000000
472.298340,-5.440,-20.906467,0.000368,0.786,-5.083,-4.877,0.000000
473.933502,-5.178,-10.867379,0.000357,0.786,-5.085,-4.879,0.000000
475.573853,-4.965,12.571455,0.000349,0.785,-5.087,-4.881,0.000000
477.220093,-4.945,12.061011,0.000348,0.785,-5.088,-4.883,0.000000
478.872040,-5.055,18.649168,0.000352,0.785,-5.090,-4.884,0.000000
480.529724,-5.193,5.235663,0.000358,0.785,-5.092,-4.886,0.000000
482.193146,-5.341,-0.421305,0.000364,0.785,-5.094,-4.888,0.000000
483.862305,-5.124,-16.618639,0.000355,0.785,-5.096,-4.890,0.000000
485.537262,-4.153,1.849723,0.000450,0.784,-5.098,-4.891,0.000000
487.217987,-2.231,7.907773,0.000360,0.784,-5.100,-4.893,0.000000
488.904541,-0.118,11.017351,0.000449,0.784,-5.102,-4.895,0.000000
490.596710,2.003,12.837670,0.000358,0.784,-5.103,-4.897,0.000000
492.295197,4.478,11.202398,0.000178,0.784,-5.105,-4.899,0.000000
493.999115,6.761,39.416401,0.000160,0.784,-5.107,-4.900,0.000000
495.709381,7.542,51.730694,0.000155,0.783,-5.109,-4.902,0.000000
497.425110,8.590,52.093304,0.000327,0.783,-5.111,-4.904,0.000000
499.147003,9.670,72.148506,0.000291,0.783,-5.113,-4.906,0.000000
500.874847,10.613,77.873756,0.000333,0.784,-5.115,-4.908,0.000000
502.608917,11.353,81.479691,0.000558,0.786,-5.117,-4.910,0.000000
504.348541,11.857,90.179787,0.000530,0.788,-5.120,-4.912,0.000000
506.094391,12.592,97.730141,0.000738,0.790,-5.122,-4.914,0.000000
507.846283,13.047,39.698906,0.000723,0.792,-5.124,-4.916,0.000000
509.604279,-200.150,0.000000,0.000000,0.794,-5.127,-4.918,0.000000
511.368317,-200.150,0.000000,0.000000,0.796,-5.129,-4.921,0.000000
513.138489,-200.150,0.000000,0.000000,0.798,-5.132,-4.923,0.000000
514.914795,-200.150,0.000000,0.000000,0.800,-5.134,-4.925,0.000000
516.696960,-200.150,0.000000,0.000000,0.802,-5.136,-4.927,0.000000
518.485840,-200.150,0.000000,0.000000,0.804,-5.139,-4.929,0.000000
520.280334,-200.150,0.000000,0.000000,0.806,-5.141,-4.931,0.000000
522.081360,-200.148,0.000000,0.000000,0.808,-5.143,-4.934,0.000000
523.888611,-200.147,0.000000,0.000000,0.811,-5.146,-4.936,0.000000
525.702393,-200.145,0.000000,0.000000,0.813,-5.148,-4.938,0.000000
527.521912,-200.144,0.000000,0.000000,0.815,-5.151,-4.940,0.000000
529.348206,-200.142,0.000000,0.000000,0.817,-5.153,-4.943,0.000000
531.180359,-200.141,0.000000,0.000000,0.819,-5.156,-4.945,0.000000
533.019104,-200.140,0.000000,0.000000,0.821,-5.158,-4.947,0.000000
534.864258,-200.140,0.000000,0.000000,0.823,-5.161,-4.949,0.000000
536.715698,-200.140,0.000000,0.000000,0.825,-5.163,-4.952,0.000000
538.573608,-200.140,0.000000,0.000000,0.827,-5.166,-4.954,0.000000
540.437683,-200.140,0.000000,0.000000,0.830,-5.168,-4.956,0.000000
542.308777,-200.140,0.000000,0.000000,0.832,-5.171,-4.958,0.000000
544.185730,-200.140,0.000000,0.000000,0.834,-5.173,-4.961,0.000000
546.069763,-200.139,0.000000,0.000000,0.836,-5.176,-4.963,0.000000
547.959778,-200.137,0.000000,0.000000,0.838,-5.178,-4.965,0.000000
549.856873,-200.136,0.000000,0.000000,0.840,-5.181,-4.968,0.000000
551.760010,-200.134,0.000000,0.000000,0.843,-5.183,-4.970,0.000000
553.670288,-200.133,0.000000,0.000000,0.845,-5.186,-4.972,0.000000
555.586609,-200.131,0.000000,0.000000,0.847,-5.188,-4.975,0.000000
557.509827,-200.130,0.000000,0.000000,0.849,-5.191,-4.977,0.000000
559.439697,-200.128,0.000000,0.000000,0.851,-5.193,-4.979,0.000000
561.376282,-200.127,0.000000,0.000000,0.854,-5.196,-4.982,0.000000
563.319519,-200.125,0.000000,0.000000,0.856,-5.199,-4.984,0.000000
565.269287,-200.124,0.000000,0.000000,0.858,-5.201,-4.986,0.000000
567.226318,-200.122,0.000000,0.000000,0.860,-5.204,-4.989,0.000000
569.189514,-200.121,0.000000,0.000000,0.863,-5.206,-4.991,0.000000
571.160156,-200.120,0.000000,0.000000,0.865,-5.209,-4.994,0.000000
573.136963,-200.120,0.000000,0.000000,0.867,-5.212,-4.996,0.000000
575.121216,-200.120,0.000000,0.000000,0.869,-5.214,-4.998,0.000000
577.111816,-200.120,0.000000,0.000000,0.872,-5.217,-5.001,0.000000
579.109863,-200.120,0.000000,0.000000,0.874,-5.220,-5.003,0.000000
581.114197,-200.120,0.000000,0.000000,0.876,-5.222,-5.006,0.000000
583.125793,-200.120,0.000000,0.000000,0.879,-5.225,-5.008,0.000000
585.144348,-200.119,0.000000,0.000000,0.881,-5.228,-5.011,0.000000
587.169922,-200.117,0.000000,0.000000,0.883,-5.231,-5.013,0.000000
589.202454,-200.116,0.000000,0.000000,0.886,-5.233,-5.016,0.000000
591.241760,-200.114,0.000000,0.000000,0.888,-5.236,-5.018,0.000000
593.288696,-200.113,0.000000,0.000000,0.890,-5.239,-5.021,0.000000
595.342468,-200.111,0.000000,0.000000,0.893,-5.241,-5.023,0.000000
597.403320,-200.110,0.000000,0.000000,0.895,-5.244,-5.026,0.000000
599.471008,-200.112,0.000000,0.000000,0.897,-5.247,-5.028,0.000000
601.546448,-200.113,0.000000,0.000000,0.900,-5.250,-5.031,0.000000
603.628479,-200.115,0.000000,0.000000,0.902,-5.253,-5.033,0.000000
605.718262,-200.116,0.000000,0.000000,0.905,-5.255,-5.036,0.000000
607.814758,-200.118,0.000000,0.000000,0.907,-5.258,-5.038,0.000000
609.918762,-200.119,0.000000,0.000000,0.909,-5.261,-5.041,0.000000
612.030090,-200.120,0.000000,0.000000,0.912,-5.264,-5.044,0.000000
614.148682,-200.120,0.000000,0.000000,0.914,-5.267,-5.046,0.000000
616.274658,-200.120,0.000000,0.000000,0.917,-5.269,-5.049,0.000000
618.407654,-200.120,0.000000,0.000000,0.919,-5.272,-5.051,0.000000
620.548645,-200.120,0.000000,0.000000,0.922,-5.275,-5.054,0.000000
622.696716,-200.120,0.000000,0.000000,0.924,-5.278,-5.057,0.000000
624.852295,-200.120,0.000000,0.000000,0.927,-5.281,-5.059,0.000000
627.015259,-200.121,0.000000,0.000000,0.929,-5.284,-5.062,0.000000
629.185730,-200.123,0.000000,0.000000,0.932,-5.287,-5.065,0.000000
631.363464,-200.124,0.000000,0.000000,0.934,-5.290,-5.067,0.000000
633.549316,-200.126,0.000000,0.000000,0.937,-5.293,-5.070,0.000000
635.742126,-200.127,0.000000,0.000000,0.939,-5.295,-5.073,0.000000
637.942810,-200.129,0.000000,0.000000,0.942,-5.298,-5.075,0.000000
640.151123,-200.130,0.000000,0.000000,0.944,-5.301,-5.078,0.000000
642.367065,-200.132,0.000000,0.000000,0.947,-5.304,-5.081,0.000000
644.590698,-200.133,0.000000,0.000000,0.949,-5.307,-5.083,0.000000
646.822327,-200.135,0.000000,0.000000,0.952,-5.310,-5.086,0.000000
649.061096,-200.136,0.000000,0.000000,0.954,-5.313,-5.089,0.000000
651.307861,-200.138,0.000000,0.000000,0.957,-5.316,-5.092,0.000000
653.562439,-200.139,0.000000,0.000000,0.960,-5.319,-5.094,0.000000
655.824829,-200.141,0.000000,0.000000,0.962,-5.322,-5.097,0.000000
658.095032,-200.142,0.000000,0.000000,0.965,-5.325,-5.100,0.000000
660.372803,-200.144,0.000000,0.000000,0.967,-5.328,-5.103,0.000000
662.659058,-200.145,0.000000,0.000000,0.970,-5.331,-5.105,0.000000
664.952637,-200.147,0.000000,0.000000,0.973,-5.334,-5.108,0.000000
667.254761,-200.148,0.000000,0.000000,0.975,-5.338,-5.111,0.000000
669.564209,-200.150,0.000000,0.000000,0.978,-5.341,-5.114,0.000000
671.882019,-200.151,0.000000,0.000000,0.981,-5.344,-5.117,0.000000
674.207764,-200.153,0.000000,0.000000,0.983,-5.347,-5.120,0.000000
676.541992,-200.154,0.000000,0.000000,0.986,-5.350,-5.122,0.000000
678.883545,-200.156,0.000000,0.000000,0.989,-5.353,-5.125,0.000000
681.233582,-200.157,0.000000,0.000000,0.991,-5.356,-5.128,0.000000
683.591797,-200.159,0.000000,0.000000,0.994,-5.359,-5.131,0.000000
685.958130,-200.160,0.000000,0.000000,0.997,-5.363,-5.134,0.000000
688.332642,-200.160,0.000000,0.000000,1.000,-5.366,-5.137,0.000000
690.715027,-200.160,0.000000,0.000000,1.002,-5.369,-5.140,0.000000
693.106384,-200.160,0.000000,0.000000,1.005,-5.372,-5.143,0.000000
695.505310,-200.160,0.000000,0.000000,1.008,-5.375,-5.146,0.000000
697.913208,-200.160,0.000000,0.000000,1.011,-5.379,-5.148,0.000000
700.328796,-200.160,0.000000,0.000000,1.013,-5.382,-5.151,0.000000
702.753052,-200.160,0.000000,0.000000,1.016,-5.385,-5.154,0.000000
705.185730,-200.160,0.000000,0.000000,1.019,-5.388,-5.157,0.000000
707.627136,-200.160,0.000000,0.000000,1.022,-5.392,-5.160,0.000000
710.076355,-200.160,0.000000,0.000000,1.025,-5.395,-5.163,0.000000
712.534363,-200.160,0.000000,0.000000,1.027,-5.398,-5.166,0.000000
715.000854,-200.160,0.000000,0.000000,1.030,-5.401,-5.169,0.000000
717.475891,-200.160,0.000000,0.000000,1.033,-5.405,-5.172,0.000000
719.959534,-200.159,0.000000,0.000000,1.036,-5.408,-5.175,0.000000
722.451416,-200.157,0.000000,0.000000,1.039,-5.411,-5.178,0.000000
724.952637,-200.156,0.000000,0.000000,1.042,-5.415,-5.181,0.000000
727.461792,-200.154,0.000000,0.000000,1.045,-5.418,-5.185,0.000000
729.980347,-200.153,0.000000,0.000000,1.047,-5.421,-5.188,0.000000
732.506897,-200.151,0.000000,0.000000,1.050,-5.425,-5.191,0.000000
735.042908,-200.150,0.000000,0.000000,1.053,-5.428,-5.194,0.000000
737.586975,-200.148,0.000000,0.000000,1.056,-5.432,-5.197,0.000000
740.140564,-200.147,0.000000,0.000000,1.059,-5.435,-5.200,0.000000
742.702332,-200.145,0.000000,0.000000,1.062,-5.438,-5.203,0.000000
745.273254,-200.144,0.000000,0.000000,1.065,-5.442,-5.206,0.000000
747.853088,-200.142,0.000000,0.000000,1.068,-5.445,-5.209,0.000000
750.441895,-200.141,0.000000,0.000000,1.071,-5.449,-5.213,0.000000
753.039612,-200.139,0.000000,0.000000,1.074,-5.452,-5.216,0.000000
755.646362,-200.138,0.000000,0.000000,1.077,-5.456,-5.219,0.000000
758.262146,-200.137,0.000000,0.000000,1.080,-5.459,-5.222,0.000000
760.886597,-200.135,0.000000,0.000000,1.083,-5.463,-5.225,0.000000
763.520813,-200.134,0.000000,0.000000,1.086,-5.466,-5.229,0.000000
766.163818,-200.132,0.000000,0.000000,1.089,-5.470,-5.232,0.000000
768.816040,-200.131,0.000000,0.000000,1.092,-5.473,-5.235,0.000000
771.476990,-200.129,0.000000,0.000000,1.095,-5.477,-5.238,0.000000
774.147888,-200.128,0.000000,0.000000,1.098,-5.480,-5.242,0.000000
776.827332,-200.126,0.000000,0.000000,1.101,-5.484,-5.245,0.000000
779.516785,-200.125,0.000000,0.000000,1.104,-5.488,-5.248,0.000000
782.214844,-200.123,0.000000,0.000000,1.108,-5.491,-5.251,0.000000
784.922546,-200.122,0.000000,0.000000,1.111,-5.495,-5.255,0.000000
787.639648,-200.120,0.000000,0.000000,1.114,-5.499,-5.258,0.000000
790.366150,-200.117,0.000000,0.000000,1.117,-5.502,-5.261,0.000000
793.102112,-200.114,0.000000,0.000000,1.120,-5.506,-5.265,0.000000
795.847107,-200.111,0.000000,0.000000,1.123,-5.509,-5.268,0.000000
798.602417,-200.108,0.000000,0.000000,1.126,-5.513,-5.271,0.000000
801.366882,-200.105,0.000000,0.000000,1.130,-5.517,-5.275,0.000000
804.140930,-200.102,0.000000,0.000000,1.133,-5.521,-5.278,0.000000
806.924133,-200.100,0.000000,0.000000,1.136,-5.524,-5.282,0.000000
809.717773,-200.098,0.000000,0.000000,1.139,-5.528,-5.285,0.000000
812.520325,-200.097,0.000000,0.000000,1.142,-5.532,-5.288,0.000000
815.333374,-200.095,0.000000,0.000000,1.146,-5.536,-5.292,0.000000
818.155334,-200.094,0.000000,0.000000,1.149,-5.539,-5.295,0.000000
820.987488,-200.092,0.000000,0.000000,1.152,-5.543,-5.299,0.000000
823.829407,-200.091,0.000000,0.000000,1.155,-5.547,-5.302,0.000000
826.681213,-200.089,0.000000,0.000000,1.159,-5.551,-5.306,0.000000
829.542847,-200.088,0.000000,0.000000,1.162,-5.555,-5.309,0.000000
832.414429,-200.086,0.000000,0.000000,1.165,-5.558,-5.313,0.000000
835.295898,-200.085,0.000000,0.000000,1.169,-5.562,-5.316,0.000000
838.187378,-200.083,0.000000,0.000000,1.172,-5.566,-5.320,0.000000
841.088867,-200.082,0.000000,0.000000,1.175,-5.570,-5.323,0.000000
844.000000,-200.080,0.000000,0.000000,1.179,-5.574,-5.327,0.000000
846.921997,-200.079,0.000000,0.000000,1.182,-5.578,-5.330,0.000000
849.853333,-200.077,0.000000,0.000000,1.185,-5.582,-5.334,0.000000
852.795593,-200.076,0.000000,0.000000,1.189,-5.586,-5.338,0.000000
855.747253,-200.074,0.000000,0.000000,1.192,-5.590,-5.341,0.000000
858.709534,-200.073,0.000000,0.000000,1.195,-5.594,-5.345,0.000000
861.682068,-200.071,0.000000,0.000000,1.199,-5.597,-5.349,0.000000
864.664856,-200.070,0.000000,0.000000,1.202,-5.601,-5.352,0.000000
867.657959,-200.070,0.000000,0.000000,1.206,-5.605,-5.356,0.000000
870.661499,-200.070,0.000000,0.000000,1.209,-5.609,-5.359,0.000000
873.675354,-200.070,0.000000,0.000000,1.213,-5.614,-5.363,0.000000
876.699707,-200.070,0.000000,0.000000,1.216,-5.618,-5.367,0.000000
879.734497,-200.070,0.000000,0.000000,1.220,-5.622,-5.371,0.000000
882.779419,-200.070,0.000000,0.000000,1.223,-5.626,-5.374,0.000000
885.835632,-200.070,0.000000,0.000000,1.227,-5.630,-5.378,0.000000
888.901672,-200.070,0.000000,0.000000,1.230,-5.634,-5.382,0.000000
891.979126,-200.070,0.000000,0.000000,1.234,-5.638,-5.386,0.000000
895.066406,-200.070,0.000000,0.000000,1.237,-5.642,-5.389,0.000000
898.164734,-200.070,0.000000,0.000000,1.241,-5.646,-5.393,0.000000
901.273865,-200.070,0.000000,0.000000,1.244,-5.650,-5.397,0.000000
904.393738,-200.070,0.000000,0.000000,1.248,-5.655,-5.401,0.000000
907.524414,-200.070,0.000000,0.000000,1.252,-5.659,-5.405,0.000000
910.665894,-200.070,0.000000,0.000000,1.255,-5.663,-5.408,0.000000
913.818298,-200.070,0.000000,0.000000,1.259,-5.667,-5.412,0.000000
916.981567,-200.070,0.000000,0.000000,1.262,-5.671,-5.416,0.000000
920.155823,-200.070,0.000000,0.000000,1.266,-5.676,-5.420,0.000000
923.341003,-200.070,0.000000,0.000000,1.270,-5.680,-5.424,0.000000
926.537292,-200.070,0.000000,0.000000,1.273,-5.684,-5.428,0.000000
929.744141,-200.072,0.000000,0.000000,1.277,-5.688,-5.432,0.000000
932.963013,-200.073,0.000000,0.000000,1.281,-5.693,-5.436,0.000000
936.192139,-200.075,0.000000,0.000000,1.285,-5.697,-5.440,0.000000
939.432861,-200.076,0.000000,0.000000,1.288,-5.701,-5.444,0.000000
942.684814,-200.078,0.000000,0.000000,1.292,-5.706,-5.447,0.000000
945.948486,-200.079,0.000000,0.000000,1.296,-5.710,-5.451,0.000000
949.222534,-200.080,0.000000,0.000000,1.300,-5.715,-5.455,0.000000
952.508850,-200.080,0.000000,0.000000,1.303,-5.719,-5.459,0.000000
955.805603,-200.080,0.000000,0.000000,1.307,-5.723,-5.464,0.000000
959.114258,-200.080,0.000000,0.000000,1.311,-5.728,-5.468,0.000000
962.434326,-200.080,0.000000,0.000000,1.315,-5.732,-5.472,0.000000
965.765930,-200.080,0.000000,0.000000,1.319,-5.737,-5.476,0.000000
969.109009,-200.080,0.000000,0.000000,1.322,-5.741,-5.480,0.000000
972.463257,-200.080,0.000000,0.000000,1.326,-5.746,-5.484,0.000000
975.830017,-200.080,0.000000,0.000000,1.330,-5.750,-5.488,0.000000
979.207458,-200.080,0.000000,0.000000,1.334,-5.755,-5.492,0.000000
982.597595,-200.080,0.000000,0.000000,1.338,-5.759,-5.496,0.000000
985.998474,-200.080,0.000000,0.000000,1.342,-5.764,-5.500,0.000000
989.412109,-200.080,0.000000,0.000000,1.346,-5.768,-5.505,0.000000
992.836609,-200.080,0.000000,0.000000,1.350,-5.773,-5.509,0.000000
996.273926,-200.080,0.000000,0.000000,1.354,-5.777,-5.513,0.000000
999.722168,-200.080,0.000000,0.000000,1.358,-5.782,-5.517,0.000000
1003.182800,-200.080,0.000000,0.000000,1.358,-5.784,-5.519,0.000000
1006.655457,-200.080,0.000000,0.000000,1.358,-5.785,-5.520,0.000000
1010.140076,-200.080,0.000000,0.000000,1.358,-5.786,-5.521,0.000000
1013.636780,-200.080,0.000000,0.000000,1.358,-5.787,-5.522,0.000000
1017.145142,-200.080,0.000000,0.000000,1.358,-5.789,-5.524,0.000000
1020.666565,-200.080,0.000000,0.000000,1.358,-5.790,-5.525,0.000000
1024.199219,-200.080,0.000000,0.000000,1.358,-5.791,-5.526,0.000000
1027.745117,-200.080,0.000000,0.000000,1.357,-5.792,-5.527,0.000000
1031.302246,-200.080,0.000000,0.000000,1.357,-5.794,-5.529,0.000000
1034.872803,-200.080,0.000000,0.000000,1.357,-5.795,-5.530,0.000000
1038.454590,-200.080,0.000000,0.000000,1.357,-5.796,-5.531,0.000000
1042.049805,-200.079,0.000000,0.000000,1.357,-5.798,-5.532,0.000000
1045.656494,-200.077,0.000000,0.000000,1.357,-5.799,-5.534,0.000000
1049.276123,-200.076,0.000000,0.000000,1.357,-5.800,-5.535,0.000000
1052.908325,-200.074,0.000000,0.000000,1.357,-5.801,-5.536,0.000000
1056.553101,-200.073,0.000000,0.000000,1.357,-5.803,-5.537,0.000000
1060.210571,-200.071,0.000000,0.000000,1.357,-5.804,-5.539,0.000000
1063.880005,-200.070,0.000000,0.000000,1.357,-5.805,-5.540,0.000000
1067.563354,-200.068,0.000000,0.000000,1.357,-5.807,-5.541,0.000000
1071.258301,-200.067,0.000000,0.000000,1.357,-5.808,-5.543,0.000000
1074.967041,-200.065,0.000000,0.000000,1.357,-5.809,-5.544,0.000000
1078.688232,-200.064,0.000000,0.000000,1.357,-5.811,-5.545,0.000000
1082.422241,-200.062,0.000000,0.000000,1.357,-5.812,-5.547,0.000000
1086.168579,-200.061,0.000000,0.000000,1.357,-5.813,-5.548,0.000000
1089.929077,-200.059,0.000000,0.000000,1.357,-5.815,-5.549,0.000000
1093.701416,-200.058,0.000000,0.000000,1.356,-5.816,-5.550,0.000000
1097.487427,-200.056,0.000000,0.000000,1.356,-5.818,-5.552,0.000000
1101.286499,-200.055,0.000000,0.000000,1.356,-5.819,-5.553,0.000000
1105.098755,-200.053,0.000000,0.000000,1.356,-5.820,-5.554,0.000000
1108.924194,-200.052,0.000000,0.000000,1.356,-5.822,-5.556,0.000000
1112.762817,-200.050,0.000000,0.000000,1.356,-5.823,-5.557,0.000000
1116.614746,-200.048,0.000000,0.000000,1.356,-5.824,-5.559,0.000000
1120.480103,-200.045,0.000000,0.000000,1.356,-5.826,-5.560,0.000000
1124.358765,-200.042,0.000000,0.000000,1.356,-5.827,-5.561,0.000000
1128.250854,-200.039,0.000000,0.000000,1.356,-5.829,-5.563,0.000000
1132.156372,-200.036,0.000000,0.000000,1.356,-5.830,-5.564,0.000000
1136.075562,-200.033,0.000000,0.000000,1.356,-5.831,-5.565,0.000000
1140.007568,-200.030,0.000000,0.000000,1.356,-5.833,-5.567,0.000000
1143.953857,-200.028,0.000000,0.000000,1.356,-5.834,-5.568,0.000000
1147.913818,-200.027,0.000000,0.000000,1.356,-5.836,-5.570,0.000000
1151.887451,-200.026,0.000000,0.000000,1.356,-5.837,-5.571,0.000000
1155.874878,-200.024,0.000000,0.000000,1.355,-5.839,-5.572,0.000000
1159.876099,-200.023,0.000000,0.000000,1.355,-5.840,-5.574,0.000000
1163.891113,-200.021,0.000000,0.000000,1.355,-5.842,-5.575,0.000000
1167.920044,-200.019,0.000000,0.000000,1.355,-5.843,-5.577,0.000000
1171.962891,-200.016,0.000000,0.000000,1.355,-5.844,-5.578,0.000000
1176.019775,-200.013,0.000000,0.000000,1.355,-5.846,-5.579,0.000000
1180.090698,-200.010,0.000000,0.000000,1.355,-5.847,-5.581,0.000000
1184.175781,-200.007,0.000000,0.000000,1.355,-5.849,-5.582,0.000000
1188.274902,-200.004,0.000000,0.000000,1.355,-5.850,-5.584,0.000000
1192.388306,-200.001,0.000000,0.000000,1.355,-5.852,-5.585,0.000000
1196.515259,-199.998,0.000000,0.000000,1.355,-5.853,-5.587,0.000000
1200.657227,-199.995,0.000000,0.000000,1.355,-5.855,-5.588,0.000000
1204.813965,-199.992,0.000000,0.000000,1.355,-5.856,-5.590,0.000000
1208.984009,-199.989,0.000000,0.000000,1.355,-5.858,-5.591,0.000000
1213.169067,-199.986,0.000000,0.000000,1.355,-5.859,-5.593,0.000000
1217.368530,-199.983,0.000000,0.000000,1.354,-5.861,-5.594,0.000000
1221.582642,-199.980,0.000000,0.000000,1.354,-5.862,-5.595,0.000000
1225.811279,-199.979,0.000000,0.000000,1.354,-5.864,-5.597,0.000000
1230.054565,-199.977,0.000000,0.000000,1.354,-5.865,-5.598,0.000000
1234.311890,-199.976,0.000000,0.000000,1.354,-5.867,-5.600,0.000000
1238.585205,-199.974,0.000000,0.000000,1.354,-5.868,-5.601,0.000000
1242.872803,-199.973,0.000000,0.000000,1.354,-5.870,-5.603,0.000000
1247.175049,-199.971,0.000000,0.000000,1.354,-5.872,-5.605,0.000000
1251.492310,-199.970,0.000000,0.000000,1.354,-5.873,-5.606,0.000000
1255.823975,-199.968,0.000000,0.000000,1.354,-5.875,-5.608,0.000000
1260.171753,-199.967,0.000000,0.000000,1.354,-5.876,-5.609,0.000000
1264.533325,-199.965,0.000000,0.000000,1.354,-5.878,-5.611,0.000000
1268.911255,-199.964,0.000000,0.000000,1.354,-5.879,-5.612,0.000000
1273.303101,-199.962,0.000000,0.000000,1.354,-5.881,-5.614,0.000000
1277.710815,-199.961,0.000000,0.000000,1.354,-5.883,-5.615,0.000000
1282.133789,-199.959,0.000000,0.000000,1.353,-5.884,-5.617,0.000000
1286.572021,-199.958,0.000000,0.000000,1.353,-5.886,-5.618,0.000000
1291.025024,-199.956,0.000000,0.000000,1.353,-5.887,-5.620,0.000000
1295.494751,-199.955,0.000000,0.000000,1.353,-5.889,-5.622,0.000000
1299.979248,-199.953,0.000000,0.000000,1.353,-5.891,-5.623,0.000000
1304.479248,-199.952,0.000000,0.000000,1.353,-5.892,-5.625,0.000000
1308.994873,-199.950,0.000000,0.000000,1.353,-5.894,-5.626,0.000000
1313.525513,-199.949,0.000000,0.000000,1.353,-5.896,-5.628,0.000000
1318.072998,-199.947,0.000000,0.000000,1.353,-5.897,-5.629,0.000000
1322.635010,-199.946,0.000000,0.000000,1.353,-5.899,-5.631,0.000000
1327.214111,-199.944,0.000000,0.000000,1.353,-5.900,-5.633,0.000000
1331.807739,-199.943,0.000000,0.000000,1.353,-5.902,-5.634,0.000000
1336.417969,-199.941,0.000000,0.000000,1.353,-5.904,-5.636,0.000000
1341.044189,-199.940,0.000000,0.000000,1.353,-5.905,-5.638,0.000000
1345.686401,-199.940,0.000000,0.000000,1.352,-5.907,-5.639,0.000000
1350.344604,-199.940,0.000000,0.000000,1.352,-5.909,-5.641,0.000000
1355.018921,-199.940,0.000000,0.000000,1.352,-5.910,-5.642,0.000000
1359.709595,-199.940,0.000000,0.000000,1.352,-5.912,-5.644,0.000000
1364.416382,-199.940,0.000000,0.000000,1.352,-5.914,-5.646,0.000000
1369.139404,-199.940,0.000000,0.000000,1.352,-5.916,-5.647,0.000000
1373.878174,-199.940,0.000000,0.000000,1.352,-5.917,-5.649,0.000000
1378.634644,-199.940,0.000000,0.000000,1.352,-5.919,-5.651,0.000000
1383.406372,-199.940,0.000000,0.000000,1.352,-5.921,-5.652,0.000000
1388.195801,-199.940,0.000000,0.000000,1.352,-5.922,-5.654,0.000000
1393.000610,-199.940,0.000000,0.000000,1.352,-5.924,-5.656,0.000000
1397.822632,-199.940,0.000000,0.000000,1.352,-5.926,-5.658,0.000000
1402.661377,-199.940,0.000000,0.000000,1.352,-5.928,-5.659,0.000000
1407.516846,-199.940,0.000000,0.000000,1.351,-5.929,-5.661,0.000000
1412.389771,-199.940,0.000000,0.000000,1.351,-5.931,-5.663,0.000000
1417.278198,-199.940,0.000000,0.000000,1.351,-5.933,-5.664,0.000000
1422.184326,-199.940,0.000000,0.000000,1.351,-5.935,-5.666,0.000000
1427.107300,-199.940,0.000000,0.000000,1.351,-5.937,-5.668,0.000000
1432.047485,-199.940,0.000000,0.000000,1.351,-5.938,-5.670,0.000000
1437.004639,-199.940,0.000000,0.000000,1.351,-5.940,-5.671,0.000000
1441.979004,-199.942,0.000000,0.000000,1.351,-5.942,-5.673,0.000000
1446.969849,-199.943,0.000000,0.000000,1.351,-5.944,-5.675,0.000000
1451.979492,-199.945,0.000000,0.000000,1.351,-5.945,-5.677,0.000000
1457.005005,-199.946,0.000000,0.000000,1.351,-5.947,-5.678,0.000000
1462.048584,-199.948,0.000000,0.000000,1.351,-5.949,-5.680,0.000000
1467.109619,-199.949,0.000000,0.000000,1.350,-5.951,-5.682,0.000000
1472.188110,-199.950,0.000000,0.000000,1.350,-5.953,-5.684,0.000000
1477.285034,-199.950,0.000000,0.000000,1.350,-5.955,-5.686,0.000000
1482.398071,-199.950,0.000000,0.000000,1.350,-5.956,-5.687,0.000000
1487.529541,-199.950,0.000000,0.000000,1.350,-5.958,-5.689,0.000000
1492.678833,-199.950,0.000000,0.000000,1.350,-5.960,-5.691,0.000000
1497.845947,-199.950,0.000000,0.000000,1.350,-5.962,-5.693,0.000000
1503.030884,-199.950,0.000000,0.000000,1.350,-5.964,-5.695,0.000000
1508.233765,-199.951,0.000000,0.000000,1.350,-5.966,-5.696,0.000000
1513.453979,-199.953,0.000000,0.000000,1.350,-5.968,-5.698,0.000000
1518.693726,-199.954,0.000000,0.000000,1.350,-5.970,-5.700,0.000000
1523.950195,-199.956,0.000000,0.000000,1.350,-5.971,-5.702,0.000000
1529.226196,-199.957,0.000000,0.000000,1.350,-5.973,-5.704,0.000000
1534.519775,-199.959,0.000000,0.000000,1.349,-5.975,-5.706,0.000000
1539.831055,-199.960,0.000000,0.000000,1.349,-5.977,-5.708,0.000000
1545.161987,-199.960,0.000000,0.000000,1.349,-5.979,-5.709,0.000000
1550.510010,-199.960,0.000000,0.000000,1.349,-5.981,-5.711,0.000000
1555.877319,-199.960,0.000000,0.000000,1.349,-5.983,-5.713,0.000000
1561.263184,-199.960,0.000000,0.000000,1.349,-5.985,-5.715,0.000000
1566.667725,-199.960,0.000000,0.000000,1.349,-5.987,-5.717,0.000000
1572.090820,-199.960,0.000000,0.000000,1.349,-5.989,-5.719,0.000000
1577.532837,-199.960,0.000000,0.000000,1.349,-5.991,-5.721,0.000000
1582.992920,-199.960,0.000000,0.000000,1.349,-5.993,-5.723,0.000000
1588.473389,-199.960,0.000000,0.000000,1.349,-5.995,-5.725,0.000000
1593.971313,-199.960,0.000000,0.000000,1.348,-5.997,-5.727,0.000000
1599.489746,-199.960,0.000000,0.000000,1.348,-5.999,-5.729,0.000000
1605.026611,-199.960,0.000000,0.000000,1.348,-6.001,-5.730,0.000000
1610.581787,-199.960,0.000000,0.000000,1.348,-6.003,-5.732,0.000000
1616.157837,-199.960,0.000000,0.000000,1.348,-6.005,-5.734,0.000000
1621.751587,-199.960,0.000000,0.000000,1.348,-6.007,-5.736,0.000000
1627.366211,-199.960,0.000000,0.000000,1.348,-6.009,-5.738,0.000000
1632.998779,-199.960,0.000000,0.000000,1.348,-6.011,-5.740,0.000000
1638.651611,-199.960,0.000000,0.000000,1.348,-6.013,-5.742,0.000000
1644.323975,-199.960,0.000000,0.000000,1.348,-6.015,-5.744,0.000000
1650.015991,-199.960,0.000000,0.000000,1.348,-6.017,-5.746,0.000000
1655.726929,-199.960,0.000000,0.000000,1.347,-6.019,-5.748,0.000000
1661.459229,-199.960,0.000000,0.000000,1.347,-6.021,-5.750,0.000000
1667.209717,-199.960,0.000000,0.000000,1.347,-6.023,-5.752,0.000000
1672.981812,-199.960,0.000000,0.000000,1.347,-6.025,-5.754,0.000000
1678.772949,-199.960,0.000000,0.000000,1.347,-6.027,-5.756,0.000000
1684.583496,-199.960,0.000000,0.000000,1.347,-6.029,-5.758,0.000000
1690.415649,-199.960,0.000000,0.000000,1.347,-6.032,-5.761,0.000000
1696.266357,-199.960,0.000000,0.000000,1.347,-6.034,-5.763,0.000000
1702.139038,-199.960,0.000000,0.000000,1.347,-6.036,-5.765,0.000000
1708.030396,-199.960,0.000000,0.000000,1.347,-6.038,-5.767,0.000000
1713.942871,-199.960,0.000000,0.000000,1.347,-6.040,-5.769,0.000000
1719.875977,-199.960,0.000000,0.000000,1.346,-6.042,-5.771,0.000000
1725.829468,-199.960,0.000000,0.000000,1.346,-6.044,-5.773,0.000000
1731.802856,-199.959,0.000000,0.000000,1.346,-6.046,-5.775,0.000000
1737.798462,-199.958,0.000000,0.000000,1.346,-6.049,-5.777,0.000000
1743.814087,-199.956,0.000000,0.000000,1.346,-6.051,-5.779,0.000000
1749.850464,-199.955,0.000000,0.000000,1.346,-6.053,-5.781,0.000000
1755.907837,-199.953,0.000000,0.000000,1.346,-6.055,-5.784,0.000000
1761.985229,-199.952,0.000000,0.000000,1.346,-6.057,-5.786,0.000000
1768.085449,-199.950,0.000000,0.000000,1.346,-6.060,-5.788,0.000000
1774.204956,-199.949,0.000000,0.000000,1.346,-6.062,-5.790,0.000000
1780.347412,-199.947,0.000000,0.000000,1.346,-6.064,-5.792,0.000000
1786.509521,-199.946,0.000000,0.000000,1.345,-6.066,-5.794,0.000000
1792.693726,-199.944,0.000000,0.000000,1.345,-6.068,-5.797,0.000000
1798.899292,-199.943,0.000000,0.000000,1.345,-6.071,-5.799,0.000000
1805.126465,-199.941,0.000000,0.000000,1.345,-6.073,-5.801,0.000000
1811.375122,-199.940,0.000000,0.000000,1.345,-6.075,-5.803,0.000000
1817.645386,-199.938,0.000000,0.000000,1.345,-6.077,-5.805,0.000000
1823.937378,-199.937,0.000000,0.000000,1.345,-6.080,-5.808,0.000000
1830.251099,-199.935,0.000000,0.000000,1.345,-6.082,-5.810,0.000000
1836.586792,-199.934,0.000000,0.000000,1.345,-6.084,-5.812,0.000000
1842.943481,-199.932,0.000000,0.000000,1.345,-6.087,-5.814,0.000000
1849.323853,-199.931,0.000000,0.000000,1.344,-6.089,-5.816,0.000000
1855.724609,-199.929,0.000000,0.000000,1.344,-6.091,-5.819,0.000000
1862.149292,-199.928,0.000000,0.000000,1.344,-6.093,-5.821,0.000000
1868.594482,-199.926,0.000000,0.000000,1.344,-6.096,-5.823,0.000000
1875.062866,-199.925,0.000000,0.000000,1.344,-6.098,-5.826,0.000000
1881.553589,-199.923,0.000000,0.000000,1.344,-6.100,-5.828,0.000000
1888.066772,-199.922,0.000000,0.000000,1.344,-6.103,-5.830,0.000000
1894.603516,-199.920,0.000000,0.000000,1.344,-6.105,-5.832,0.000000
1901.161011,-199.917,0.000000,0.000000,1.344,-6.108,-5.835,0.000000
1907.742065,-199.914,0.000000,0.000000,1.343,-6.110,-5.837,0.000000
1914.345947,-199.911,0.000000,0.000000,1.343,-6.112,-5.839,0.000000
1920.972656,-199.908,0.000000,0.000000,1.343,-6.115,-5.842,0.000000
1927.622314,-199.905,0.000000,0.000000,1.343,-6.117,-5.844,0.000000
1934.295044,-199.902,0.000000,0.000000,1.343,-6.120,-5.846,0.000000
1940.989868,-199.900,0.000000,0.000000,1.343,-6.122,-5.849,0.000000
1947.709717,-199.898,0.000000,0.000000,1.343,-6.124,-5.851,0.000000
1954.451050,-199.897,0.000000,0.000000,1.343,-6.127,-5.853,0.000000
1961.216675,-199.895,0.000000,0.000000,1.343,-6.129,-5.856,0.000000
1968.005615,-199.894,0.000000,0.000000,1.343,-6.132,-5.858,0.000000
1974.818115,-199.892,0.000000,0.000000,1.342,-6.134,-5.861,0.000000
1981.655151,-199.891,0.000000,0.000000,1.342,-6.137,-5.863,0.000000
1988.513916,-199.889,0.000000,0.000000,1.342,-6.139,-5.865,0.000000
1995.397339,-199.888,0.000000,0.000000,1.342,-6.142,-5.868,0.000000
2002.304688,-199.886,0.000000,0.000000,1.342,-6.143,-5.870,0.000000
2009.235840,-199.885,0.000000,0.000000,1.342,-6.144,-5.870,0.000000
2016.191040,-199.883,0.000000,0.000000,1.342,-6.144,-5.871,0.000000
2023.170288,-199.882,0.000000,0.000000,1.342,-6.145,-5.871,0.000000
2030.172852,-199.880,0.000000,0.000000,1.342,-6.145,-5.872,0.000000
2037.201416,-199.877,0.000000,0.000000,1.342,-6.146,-5.872,0.000000
2044.252441,-199.874,0.000000,0.000000,1.342,-6.146,-5.873,0.000000
2051.329834,-199.871,0.000000,0.000000,1.342,-6.147,-5.873,0.000000
2058.430908,-199.868,0.000000,0.000000,1.342,-6.147,-5.874,0.000000
2065.555420,-199.865,0.000000,0.000000,1.342,-6.148,-5.874,0.000000
2072.706543,-199.862,0.000000,0.000000,1.342,-6.148,-5.875,0.000000
2079.880371,-199.860,0.000000,0.000000,1.342,-6.149,-5.875,0.000000
2087.080078,-199.858,0.000000,0.000000,1.342,-6.149,-5.876,0.000000
2094.304932,-199.857,0.000000,0.000000,1.342,-6.150,-5.876,0.000000
2101.554443,-199.855,0.000000,0.000000,1.342,-6.150,-5.877,0.000000
2108.829346,-199.854,0.000000,0.000000,1.342,-6.151,-5.877,0.000000
2116.129150,-199.852,0.000000,0.000000,1.342,-6.151,-5.878,0.000000
2123.453369,-199.851,0.000000,0.000000,1.342,-6.152,-5.878,0.000000
2130.804932,-199.849,0.000000,0.000000,1.342,-6.152,-5.879,0.000000
2138.180176,-199.846,0.000000,0.000000,1.342,-6.153,-5.879,0.000000
2145.582520,-199.843,0.000000,0.000000,1.342,-6.153,-5.880,0.000000
2153.009766,-199.840,0.000000,0.000000,1.342,-6.154,-5.880,0.000000
2160.461670,-199.837,0.000000,0.000000,1.342,-6.154,-5.881,0.000000
2167.941406,-199.834,0.000000,0.000000,1.342,-6.155,-5.881,0.000000
2175.445068,-199.831,0.000000,0.000000,1.342,-6.155,-5.882,0.000000
2182.976562,-199.829,0.000000,0.000000,1.342,-6.156,-5.882,0.000000
2190.532227,-199.827,0.000000,0.000000,1.342,-6.156,-5.883,0.000000
2198.114990,-199.826,0.000000,0.000000,1.342,-6.157,-5.883,0.000000
2205.723877,-199.824,0.000000,0.000000,1.342,-6.157,-5.884,0.000000
2213.359375,-199.823,0.000000,0.000000,1.342,-6.158,-5.885,0.000000
2221.020020,-199.821,0.000000,0.000000,1.342,-6.158,-5.885,0.000000
2228.709473,-199.820,0.000000,0.000000,1.342,-6.159,-5.886,0.000000
2236.423340,-199.818,0.000000,0.000000,1.342,-6.159,-5.886,0.000000
2244.166016,-199.817,0.000000,0.000000,1.342,-6.160,-5.887,0.000000
2251.934570,-199.815,0.000000,0.000000,1.342,-6.160,-5.887,0.000000
2259.728760,-199.814,0.000000,0.000000,1.342,-6.161,-5.888,0.000000
2267.552002,-199.812,0.000000,0.000000,1.342,-6.161,-5.888,0.000000
2275.400391,-199.811,0.000000,0.000000,1.342,-6.162,-5.889,0.000000
2283.278076,-199.809,0.000000,0.000000,1.342,-6.162,-5.889,0.000000
2291.180908,-199.806,0.000000,0.000000,1.342,-6.163,-5.890,0.000000
2299.112061,-199.803,0.000000,0.000000,1.342,-6.163,-5.891,0.000000
2307.070557,-199.800,0.000000,0.000000,1.342,-6.164,-5.891,0.000000
2315.056885,-199.797,0.000000,0.000000,1.342,-6.164,-5.892,0.000000
2323.069580,-199.794,0.000000,0.000000,1.342,-6.165,-5.892,0.000000
2331.112305,-199.791,0.000000,0.000000,1.342,-6.166,-5.893,0.000000
2339.181641,-199.789,0.000000,0.000000,1.342,-6.166,-5.893,0.000000
2347.279053,-199.787,0.000000,0.000000,1.342,-6.167,-5.894,0.000000
2355.404297,-199.786,0.000000,0.000000,1.342,-6.167,-5.895,0.000000
2363.556885,-199.784,0.000000,0.000000,1.342,-6.168,-5.895,0.000000
2371.739746,-199.783,0.000000,0.000000,1.342,-6.168,-5.896,0.000000
2379.948486,-199.781,0.000000,0.000000,1.342,-6.169,-5.896,0.000000
2388.188232,-199.780,0.000000,0.000000,1.342,-6.169,-5.897,0.000000
2396.454102,-199.778,0.000000,0.000000,1.342,-6.170,-5.897,0.000000
2404.749512,-199.777,0.000000,0.000000,1.342,-6.171,-5.898,0.000000
2413.073975,-199.775,0.000000,0.000000,1.342,-6.171,-5.899,0.000000
2421.427002,-199.774,0.000000,0.000000,1.342,-6.172,-5.899,0.000000
2429.809082,-199.772,0.000000,0.000000,1.342,-6.172,-5.900,0.000000
2438.220215,-199.771,0.000000,0.000000,1.342,-6.173,-5.900,0.000000
2446.660400,-199.769,0.000000,0.000000,1.342,-6.173,-5.901,0.000000
2455.129883,-199.766,0.000000,0.000000,1.342,-6.174,-5.902,0.000000
2463.628418,-199.763,0.000000,0.000000,1.342,-6.175,-5.902,0.000000
2472.155518,-199.760,0.000000,0.000000,1.342,-6.175,-5.903,0.000000
2480.714355,-199.757,0.000000,0.000000,1.342,-6.176,-5.903,0.000000
2489.300293,-199.754,0.000000,0.000000,1.342,-6.176,-5.904,0.000000
2497.918701,-199.751,0.000000,0.000000,1.342,-6.177,-5.905,0.000000
2506.564209,-199.749,0.000000,0.000000,1.342,-6.177,-5.905,0.000000
2515.240967,-199.747,0.000000,0.000000,1.342,-6.178,-5.906,0.000000
2523.947754,-199.746,0.000000,0.000000,1.342,-6.179,-5.906,0.000000
2532.684814,-199.744,0.000000,0.000000,1.342,-6.179,-5.907,0.000000
2541.453125,-199.743,0.000000,0.000000,1.342,-6.180,-5.908,0.000000
2550.249512,-199.741,0.000000,0.000000,1.342,-6.180,-5.908,0.000000
2559.077393,-199.740,0.000000,0.000000,1.342,-6.181,-5.909,0.000000
2567.936035,-199.738,0.000000,0.000000,1.342,-6.182,-5.910,0.000000
2576.825195,-199.737,0.000000,0.000000,1.341,-6.182,-5.910,0.000000
2585.745117,-199.736,0.000000,0.000000,1.341,-6.183,-5.911,0.000000
2594.696045,-199.734,0.000000,0.000000,1.341,-6.183,-5.911,0.000000
2603.676514,-199.733,0.000000,0.000000,1.341,-6.184,-5.912,0.000000
2612.690918,-199.731,0.000000,0.000000,1.341,-6.185,-5.913,0.000000
2621.733643,-199.729,0.000000,0.000000,1.341,-6.185,-5.913,0.000000
2630.809082,-199.726,0.000000,0.000000,1.341,-6.186,-5.914,0.000000
2639.916016,-199.723,0.000000,0.000000,1.341,-6.186,-5.915,0.000000
2649.054443,-199.720,0.000000,0.000000,1.341,-6.187,-5.915,0.000000
2658.225586,-199.717,0.000000,0.000000,1.341,-6.188,-5.916,0.000000
2667.426025,-199.714,0.000000,0.000000,1.341,-6.188,-5.917,0.000000
2676.659668,-199.711,0.000000,0.000000,1.341,-6.189,-5.917,0.000000
2685.925293,-199.709,0.000000,0.000000,1.341,-6.190,-5.918,0.000000
2695.222900,-199.708,0.000000,0.000000,1.341,-6.190,-5.919,0.000000
2704.552734,-199.706,0.000000,0.000000,1.341,-6.191,-5.919,0.000000
2713.914795,-199.705,0.000000,0.000000,1.341,-6.191,-5.920,0.000000
2723.308105,-199.703,0.000000,0.000000,1.341,-6.192,-5.921,0.000000
2732.736572,-199.702,0.000000,0.000000,1.341,-6.193,-5.921,0.000000
2742.194824,-199.700,0.000000,0.000000,1.341,-6.193,-5.922,0.000000
2751.688477,-199.699,0.000000,0.000000,1.341,-6.194,-5.923,0.000000
2761.212646,-199.697,0.000000,0.000000,1.341,-6.195,-5.923,0.000000
2770.770752,-199.696,0.000000,0.000000,1.341,-6.195,-5.924,0.000000
2780.363525,-199.694,0.000000,0.000000,1.341,-6.196,-5.925,0.000000
2789.986816,-199.693,0.000000,0.000000,1.341,-6.197,-5.925,0.000000
2799.644531,-199.691,0.000000,0.000000,1.341,-6.197,-5.926,0.000000
2809.335938,-199.689,0.000000,0.000000,1.341,-6.198,-5.927,0.000000
2819.060791,-199.686,0.000000,0.000000,1.341,-6.199,-5.927,0.000000
2828.819336,-199.683,0.000000,0.000000,1.341,-6.199,-5.928,0.000000
2838.611572,-199.680,0.000000,0.000000,1.341,-6.200,-5.929,0.000000
2848.436279,-199.677,0.000000,0.000000,1.341,-6.200,-5.929,0.000000
2858.297852,-199.674,0.000000,0.000000,1.341,-6.201,-5.930,0.000000
2868.190918,-199.671,0.000000,0.000000,1.341,-6.202,-5.931,0.000000
2878.120850,-199.668,0.000000,0.000000,1.341,-6.202,-5.931,0.000000
2888.083740,-199.665,0.000000,0.000000,1.341,-6.203,-5.932,0.000000
2898.079834,-199.662,0.000000,0.000000,1.341,-6.204,-5.933,0.000000
2908.113281,-199.659,0.000000,0.000000,1.341,-6.205,-5.934,0.000000
2918.178711,-199.656,0.000000,0.000000,1.341,-6.205,-5.934,0.000000
2928.281738,-199.653,0.000000,0.000000,1.341,-6.206,-5.935,0.000000
2938.416748,-199.650,0.000000,0.000000,1.341,-6.207,-5.936,0.000000
2948.588379,-199.647,0.000000,0.000000,1.341,-6.207,-5.936,0.000000
2958.795410,-199.644,0.000000,0.000000,1.341,-6.208,-5.937,0.000000
2969.037598,-199.641,0.000000,0.000000,1.341,-6.209,-5.938,0.000000
2979.313965,-199.638,0.000000,0.000000,1.341,-6.209,-5.939,0.000000
2989.629883,-199.635,0.000000,0.000000,1.341,-6.210,-5.939,0.000000
2999.974609,-199.632,0.000000,0.000000,1.341,-6.211,-5.940,0.000000
3010.360840,-199.629,0.000000,0.000000,1.341,-6.211,-5.941,0.000000
3020.782959,-199.626,0.000000,0.000000,1.341,-6.212,-5.942,0.000000
3031.238281,-199.623,0.000000,0.000000,1.341,-6.213,-5.942,0.000000
3041.732666,-199.620,0.000000,0.000000,1.341,-6.214,-5.943,0.000000
3052.260498,-199.617,0.000000,0.000000,1.341,-6.214,-5.944,0.000000
3062.827881,-199.614,0.000000,0.000000,1.341,-6.215,-5.945,0.000000
3073.428711,-199.611,0.000000,0.000000,1.341,-6.216,-5.945,0.000000
3084.066162,-199.608,0.000000,0.000000,1.341,-6.216,-5.946,0.000000
3094.743652,-199.605,0.000000,0.000000,1.341,-6.217,-5.947,0.000000
3105.457764,-199.602,0.000000,0.000000,1.341,-6.218,-5.948,0.000000
3116.206299,-199.599,0.000000,0.000000,1.341,-6.219,-5.948,0.000000
3126.991943,-199.596,0.000000,0.000000,1.341,-6.219,-5.949,0.000000
3137.817871,-199.593,0.000000,0.000000,1.341,-6.220,-5.950,0.000000
3148.681152,-199.590,0.000000,0.000000,1.341,-6.221,-5.951,0.000000
3159.579346,-199.586,0.000000,0.000000,1.341,-6.222,-5.951,0.000000
3170.515137,-199.582,0.000000,0.000000,1.341,-6.222,-5.952,0.000000
3181.491699,-199.577,0.000000,0.000000,1.341,-6.223,-5.953,0.000000
3192.503174,-199.573,0.000000,0.000000,1.341,-6.224,-5.954,0.000000
3203.555908,-199.568,0.000000,0.000000,1.341,-6.224,-5.954,0.000000
3214.644043,-199.564,0.000000,0.000000,1.341,-6.225,-5.955,0.000000
3225.773438,-199.560,0.000000,0.000000,1.341,-6.226,-5.956,0.000000
3236.938232,-199.557,0.000000,0.000000,1.341,-6.227,-5.957,0.000000
3248.141602,-199.554,0.000000,0.000000,1.341,-6.227,-5.958,0.000000
3259.386963,-199.551,0.000000,0.000000,1.341,-6.228,-5.958,0.000000
3270.671387,-199.548,0.000000,0.000000,1.341,-6.229,-5.959,0.000000
3281.991699,-199.545,0.000000,0.000000,1.341,-6.230,-5.960,0.000000
3293.351074,-199.542,0.000000,0.000000,1.341,-6.231,-5.961,0.000000
3304.752930,-199.539,0.000000,0.000000,1.341,-6.231,-5.962,0.000000
3316.194336,-199.536,0.000000,0.000000,1.341,-6.232,-5.962,0.000000
3327.672119,-199.533,0.000000,0.000000,1.341,-6.233,-5.963,0.000000
3339.189697,-199.530,0.000000,0.000000,1.341,-6.234,-5.964,0.000000
3350.750244,-199.527,0.000000,0.000000,1.341,-6.234,-5.965,0.000000
3362.347656,-199.524,0.000000,0.000000,1.341,-6.235,-5.966,0.000000
3373.985107,-199.521,0.000000,0.000000,1.341,-6.236,-5.967,0.000000
3385.666260,-199.518,0.000000,0.000000,1.341,-6.237,-5.967,0.000000
3397.387695,-199.515,0.000000,0.000000,1.341,-6.238,-5.968,0.000000
3409.146484,-199.512,0.000000,0.000000,1.341,-6.238,-5.969,0.000000
3420.946045,-199.509,0.000000,0.000000,1.341,-6.239,-5.970,0.000000
3432.789795,-199.506,0.000000,0.000000,1.341,-6.240,-5.971,0.000000
3444.674316,-199.503,0.000000,0.000000,1.341,-6.241,-5.971,0.000000
3456.596924,-199.500,0.000000,0.000000,1.341,-6.242,-5.972,0.000000
3468.560547,-199.497,0.000000,0.000000,1.341,-6.242,-5.973,0.000000
3480.569092,-199.494,0.000000,0.000000,1.341,-6.243,-5.974,0.000000
3492.615723,-199.491,0.000000,0.000000,1.341,-6.244,-5.975,0.000000
3504.707520,-199.488,0.000000,0.000000,1.341,-6.245,-5.976,0.000000
3516.837891,-199.485,0.000000,0.000000,1.341,-6.246,-5.977,0.000000
3529.013428,-199.482,0.000000,0.000000,1.341,-6.246,-5.977,0.000000
3541.228027,-199.479,0.000000,0.000000,1.341,-6.247,-5.978,0.000000
3553.484619,-199.478,0.000000,0.000000,1.341,-6.248,-5.979,0.000000
3565.787109,-199.476,0.000000,0.000000,1.341,-6.249,-5.980,0.000000
3578.132080,-199.475,0.000000,0.000000,1.341,-6.250,-5.981,0.000000
3590.516602,-199.473,0.000000,0.000000,1.341,-6.251,-5.982,0.000000
3602.943848,-199.472,0.000000,0.000000,1.341,-6.251,-5.983,0.000000
3615.417480,-199.470,0.000000,0.000000,1.341,-6.252,-5.984,0.000000
3627.934570,-199.470,0.000000,0.000000,1.341,-6.253,-5.984,0.000000
3640.491211,-199.470,0.000000,0.000000,1.341,-6.254,-5.985,0.000000
3653.091553,-199.470,0.000000,0.000000,1.341,-6.255,-5.986,0.000000
3665.739014,-199.470,0.000000,0.000000,1.341,-6.256,-5.987,0.000000
3678.426514,-199.470,0.000000,0.000000,1.341,-6.257,-5.988,0.000000
3691.161621,-199.470,0.000000,0.000000,1.341,-6.257,-5.989,0.000000
3703.937256,-199.470,0.000000,0.000000,1.341,-6.258,-5.990,0.000000
3716.760498,-199.470,0.000000,0.000000,1.340,-6.259,-5.991,0.000000
3729.628418,-199.470,0.000000,0.000000,1.340,-6.260,-5.992,0.000000
3742.533447,-199.470,0.000000,0.000000,1.340,-6.261,-5.993,0.000000
3755.490479,-199.470,0.000000,0.000000,1.340,-6.262,-5.993,0.000000
3768.492432,-199.470,0.000000,0.000000,1.340,-6.263,-5.994,0.000000
3781.535645,-199.470,0.000000,0.000000,1.340,-6.263,-5.995,0.000000
3794.624023,-199.471,0.000000,0.000000,1.340,-6.264,-5.996,0.000000
3807.761475,-199.472,0.000000,0.000000,1.340,-6.265,-5.997,0.000000
3820.940674,-199.474,0.000000,0.000000,1.340,-6.266,-5.998,0.000000
3834.169189,-199.475,0.000000,0.000000,1.340,-6.267,-5.999,0.000000
3847.439697,-199.477,0.000000,0.000000,1.340,-6.268,-6.000,0.000000
3860.760010,-199.478,0.000000,0.000000,1.340,-6.269,-6.001,0.000000
3874.126221,-199.480,0.000000,0.000000,1.340,-6.270,-6.002,0.000000
3887.531494,-199.481,0.000000,0.000000,1.340,-6.271,-6.003,0.000000
3900.990479,-199.482,0.000000,0.000000,1.340,-6.272,-6.004,0.000000
3914.496094,-199.484,0.000000,0.000000,1.340,-6.272,-6.005,0.000000
3928.048340,-199.485,0.000000,0.000000,1.340,-6.273,-6.006,0.000000
3941.640137,-199.487,0.000000,0.000000,1.340,-6.274,-6.007,0.000000
3955.286377,-199.488,0.000000,0.000000,1.340,-6.275,-6.008,0.000000
3968.979980,-199.490,0.000000,0.000000,1.340,-6.276,-6.009,0.000000
3982.717285,-199.491,0.000000,0.000000,1.340,-6.277,-6.009,0.000000
3996.501953,-199.493,0.000000,0.000000,1.340,-6.278,-6.010,0.000000
4010.338135,-199.494,0.000000,0.000000,1.340,-6.287,-6.020,0.000000
4024.218506,-199.496,0.000000,0.000000,1.341,-6.299,-6.032,0.000000
4038.150879,-199.497,0.000000,0.000000,1.341,-6.311,-6.044,0.000000
4052.127441,-199.499,0.000000,0.000000,1.341,-6.323,-6.056,0.000000
4066.156250,-199.501,0.000000,0.000000,1.341,-6.336,-6.068,0.000000
4080.233643,-199.504,0.000000,0.000000,1.341,-6.348,-6.080,0.000000
4094.352051,-199.507,0.000000,0.000000,1.342,-6.360,-6.092,0.000000
4108.526855,-199.510,0.000000,0.000000,1.342,-6.372,-6.105,0.000000
4122.750977,-199.513,0.000000,0.000000,1.342,-6.385,-6.117,0.000000
4137.020508,-199.516,0.000000,0.000000,1.342,-6.397,-6.129,0.000000
4151.339355,-199.519,0.000000,0.000000,1.342,-6.409,-6.142,0.000000
4165.711914,-199.523,0.000000,0.000000,1.343,-6.422,-6.154,0.000000
4180.133789,-199.527,0.000000,0.000000,1.343,-6.434,-6.166,0.000000
4194.601562,-199.532,0.000000,0.000000,1.343,-6.447,-6.179,0.000000
4209.120117,-199.536,0.000000,0.000000,1.343,-6.459,-6.191,0.000000
4223.692383,-199.541,0.000000,0.000000,1.343,-6.472,-6.204,0.000000
4238.314941,-199.545,0.000000,0.000000,1.344,-6.485,-6.217,0.000000
4252.980469,-199.550,0.000000,0.000000,1.344,-6.498,-6.229,0.000000
4267.704590,-199.553,0.000000,0.000000,1.344,-6.510,-6.242,0.000000
4282.479980,-199.556,0.000000,0.000000,1.344,-6.523,-6.255,0.000000
4297.306152,-199.559,0.000000,0.000000,1.344,-6.536,-6.268,0.000000
4312.175781,-199.562,0.000000,0.000000,1.345,-6.549,-6.281,0.000000
4327.104980,-199.565,0.000000,0.000000,1.345,-6.562,-6.293,0.000000
4342.085449,-199.568,0.000000,0.000000,1.345,-6.575,-6.306,0.000000
4357.114258,-199.571,0.000000,0.000000,1.345,-6.588,-6.319,0.000000
4372.194824,-199.576,0.000000,0.000000,1.346,-6.601,-6.332,0.000000
4387.331543,-199.580,0.000000,0.000000,1.346,-6.614,-6.346,0.000000
4402.520996,-199.585,0.000000,0.000000,1.346,-6.627,-6.359,0.000000
4417.758789,-199.589,0.000000,0.000000,1.346,-6.640,-6.372,0.000000
4433.049316,-199.594,0.000000,0.000000,1.346,-6.654,-6.385,0.000000
4448.396973,-199.598,0.000000,0.000000,1.347,-6.667,-6.398,0.000000
4463.797852,-199.603,0.000000,0.000000,1.347,-6.680,-6.412,0.000000
4479.243164,-199.609,0.000000,0.000000,1.347,-6.694,-6.425,0.000000
4494.750977,-199.615,0.000000,0.000000,1.347,-6.707,-6.438,0.000000
4510.312012,-199.621,0.000000,0.000000,1.347,-6.721,-6.452,0.000000
4525.922852,-199.627,0.000000,0.000000,1.348,-6.734,-6.465,0.000000
4541.587891,-199.633,0.000000,0.000000,1.348,-6.748,-6.479,0.000000
4557.311035,-199.639,0.000000,0.000000,1.348,-6.761,-6.493,0.000000
4573.088867,-199.644,0.000000,0.000000,1.348,-6.775,-6.506,0.000000
4588.916992,-199.648,0.000000,0.000000,1.349,-6.789,-6.520,0.000000
4604.799805,-199.653,0.000000,0.000000,1.349,-6.802,-6.534,0.000000
4620.742188,-199.657,0.000000,0.000000,1.349,-6.816,-6.547,0.000000
4636.739746,-199.662,0.000000,0.000000,1.349,-6.830,-6.561,0.000000
4652.788086,-199.666,0.000000,0.000000,1.349,-6.844,-6.575,0.000000
4668.892090,-199.671,0.000000,0.000000,1.350,-6.858,-6.589,0.000000
4685.056152,-199.675,0.000000,0.000000,1.350,-6.872,-6.603,0.000000
4701.276367,-199.680,0.000000,0.000000,1.350,-6.886,-6.617,0.000000
4717.543457,-199.684,0.000000,0.000000,1.350,-6.900,-6.631,0.000000
4733.875977,-199.689,0.000000,0.000000,1.351,-6.914,-6.645,0.000000
4750.265137,-199.693,0.000000,0.000000,1.351,-6.929,-6.659,0.000000
4766.706543,-199.698,0.000000,0.000000,1.351,-6.943,-6.674,0.000000
4783.209473,-199.702,0.000000,0.000000,1.351,-6.957,-6.688,0.000000
4799.764648,-199.707,0.000000,0.000000,1.352,-6.971,-6.702,0.000000
4816.381836,-199.711,0.000000,0.000000,1.352,-6.986,-6.716,0.000000
4833.052246,-199.716,0.000000,0.000000,1.352,-7.000,-6.731,0.000000
4849.779785,-199.720,0.000000,0.000000,1.352,-7.015,-6.745,0.000000
4866.570312,-199.725,0.000000,0.000000,1.353,-7.029,-6.760,0.000000
4883.418945,-199.729,0.000000,0.000000,1.353,-7.044,-6.774,0.000000
4900.316406,-199.732,0.000000,0.000000,1.353,-7.059,-6.789,0.000000
4917.281738,-199.735,0.000000,0.000000,1.353,-7.073,-6.804,0.000000
4934.305664,-199.738,0.000000,0.000000,1.353,-7.088,-6.818,0.000000
4951.388672,-199.741,0.000000,0.000000,1.354,-7.103,-6.833,0.000000
4968.521484,-199.744,0.000000,0.000000,1.354,-7.118,-6.848,0.000000
4985.723145,-199.747,0.000000,0.000000,1.354,-7.133,-6.863,0.000000
5002.984375,-199.750,0.000000,0.000000,1.354,-7.148,-6.878,0.000000
5020.300293,-199.753,0.000000,0.000000,1.355,-7.163,-6.893,0.000000
5037.681152,-199.756,0.000000,0.000000,1.355,-7.178,-6.908,0.000000
5055.117188,-199.759,0.000000,0.000000,1.355,-7.193,-6.923,0.000000
5072.618164,-199.762,0.000000,0.000000,1.355,-7.208,-6.938,0.000000
5090.175293,-199.765,0.000000,0.000000,1.356,-7.223,-6.953,0.000000
5107.792969,-199.768,0.000000,0.000000,1.356,-7.238,-6.968,0.000000
5125.477051,-199.771,0.000000,0.000000,1.356,-7.254,-6.984,0.000000
5143.221680,-199.774,0.000000,0.000000,1.356,-7.269,-6.999,0.000000
5161.018066,-199.777,0.000000,0.000000,1.357,-7.285,-7.014,0.000000
5178.886230,-199.780,0.000000,0.000000,1.357,-7.300,-7.030,0.000000
5196.815918,-199.783,0.000000,0.000000,1.357,-7.316,-7.045,0.000000
5214.802734,-199.786,0.000000,0.000000,1.357,-7.331,-7.061,0.000000
5232.856934,-199.789,0.000000,0.000000,1.358,-7.347,-7.077,0.000000
5250.968750,-199.791,0.000000,0.000000,1.358,-7.362,-7.092,0.000000
5269.147949,-199.793,0.000000,0.000000,1.358,-7.378,-7.108,0.000000
5287.385254,-199.794,0.000000,0.000000,1.358,-7.394,-7.124,0.000000
5305.685547,-199.796,0.000000,0.000000,1.359,-7.410,-7.139,0.000000
5324.054199,-199.797,0.000000,0.000000,1.359,-7.426,-7.155,0.000000
5342.486816,-199.799,0.000000,0.000000,1.359,-7.442,-7.171,0.000000
5360.978027,-199.800,0.000000,0.000000,1.360,-7.458,-7.187,0.000000
5379.532715,-199.800,0.000000,0.000000,1.360,-7.474,-7.203,0.000000
5398.157227,-199.800,0.000000,0.000000,1.360,-7.490,-7.219,0.000000
5416.846191,-199.800,0.000000,0.000000,1.360,-7.506,-7.236,0.000000
5435.594727,-199.800,0.000000,0.000000,1.361,-7.522,-7.252,0.000000
5454.408203,-199.800,0.000000,0.000000,1.361,-7.539,-7.268,0.000000
5473.291992,-199.800,0.000000,0.000000,1.361,-7.555,-7.284,0.000000
5492.235352,-199.801,0.000000,0.000000,1.361,-7.572,-7.301,0.000000
5511.250000,-199.802,0.000000,0.000000,1.362,-7.588,-7.317,0.000000
5530.325195,-199.804,0.000000,0.000000,1.362,-7.605,-7.334,0.000000
5549.472168,-199.805,0.000000,0.000000,1.362,-7.621,-7.350,0.000000
5568.679199,-199.807,0.000000,0.000000,1.362,-7.638,-7.367,0.000000
5587.953613,-199.808,0.000000,0.000000,1.363,-7.655,-7.384,0.000000
5607.299316,-199.810,0.000000,0.000000,1.363,-7.671,-7.400,0.000000
5626.712402,-199.809,0.000000,0.000000,1.363,-7.688,-7.417,0.000000
5646.181641,-199.807,0.000000,0.000000,1.364,-7.705,-7.434,0.000000
5665.729492,-199.806,0.000000,0.000000,1.364,-7.722,-7.451,0.000000
5685.344727,-199.804,0.000000,0.000000,1.364,-7.739,-7.468,0.000000
5705.027832,-199.803,0.000000,0.000000,1.364,-7.756,-7.485,0.000000
5724.773926,-199.801,0.000000,0.000000,1.365,-7.773,-7.502,0.000000
5744.587891,-199.800,0.000000,0.000000,1.365,-7.790,-7.519,0.000000
5764.476562,-199.800,0.000000,0.000000,1.365,-7.808,-7.536,0.000000
5784.428223,-199.800,0.000000,0.000000,1.366,-7.825,-7.553,0.000000
5804.448730,-199.800,0.000000,0.000000,1.366,-7.842,-7.571,0.000000
5824.544434,-199.800,0.000000,0.000000,1.366,-7.860,-7.588,0.000000
5844.709473,-199.800,0.000000,0.000000,1.366,-7.877,-7.605,0.000000
5864.938965,-199.800,0.000000,0.000000,1.367,-7.895,-7.623,0.000000
5885.238281,-199.800,0.000000,0.000000,1.367,-7.912,-7.641,0.000000
5905.613281,-199.800,0.000000,0.000000,1.367,-7.930,-7.658,0.000000
5926.059082,-199.800,0.000000,0.000000,1.368,-7.948,-7.676,0.000000
5946.570312,-199.800,0.000000,0.000000,1.368,-7.965,-7.694,0.000000
5967.151855,-199.800,0.000000,0.000000,1.368,-7.983,-7.711,0.000000
5987.811035,-199.800,0.000000,0.000000,1.368,-8.001,-7.729,0.000000
6008.535645,-199.800,0.000000,0.000000,1.369,-8.019,-7.747,0.000000
6029.337402,-199.801,0.000000,0.000000,1.369,-8.037,-7.765,0.000000
6050.206055,-199.802,0.000000,0.000000,1.369,-8.055,-7.783,0.000000
6071.152344,-199.804,0.000000,0.000000,1.370,-8.073,-7.801,0.000000
6092.165527,-199.805,0.000000,0.000000,1.370,-8.092,-7.819,0.000000
6113.251465,-199.807,0.000000,0.000000,1.370,-8.110,-7.838,0.000000
6134.416016,-199.808,0.000000,0.000000,1.370,-8.128,-7.856,0.000000
6155.653809,-199.810,0.000000,0.000000,1.371,-8.147,-7.874,0.000000
6176.959473,-199.811,0.000000,0.000000,1.371,-8.165,-7.893,0.000000
6198.338867,-199.813,0.000000,0.000000,1.371,-8.184,-7.911,0.000000
6219.797852,-199.814,0.000000,0.000000,1.372,-8.202,-7.930,0.000000
6241.331543,-199.816,0.000000,0.000000,1.372,-8.221,-7.948,0.000000
6262.933594,-199.817,0.000000,0.000000,1.372,-8.240,-7.967,0.000000
6284.610352,-199.819,0.000000,0.000000,1.373,-8.258,-7.986,0.000000
6306.368652,-199.820,0.000000,0.000000,1.373,-8.277,-8.005,0.000000
6328.195801,-199.822,0.000000,0.000000,1.373,-8.296,-8.023,0.000000
6350.104492,-199.823,0.000000,0.000000,1.374,-8.315,-8.042,0.000000
6372.083008,-199.825,0.000000,0.000000,1.374,-8.334,-8.061,0.000000
6394.143555,-199.826,0.000000,0.000000,1.374,-8.353,-8.080,0.000000
6416.274902,-199.828,0.000000,0.000000,1.374,-8.372,-8.100,0.000000
6438.482422,-199.829,0.000000,0.000000,1.375,-8.392,-8.119,0.000000
6460.772949,-199.832,0.000000,0.000000,1.375,-8.411,-8.138,0.000000
6483.140625,-199.835,0.000000,0.000000,1.375,-8.430,-8.157,0.000000
6505.580078,-199.838,0.000000,0.000000,1.376,-8.450,-8.177,0.000000
6528.096680,-199.841,0.000000,0.000000,1.376,-8.469,-8.196,0.000000
6550.697266,-199.844,0.000000,0.000000,1.376,-8.489,-8.216,0.000000
6573.370605,-199.847,0.000000,0.000000,1.377,-8.509,-8.235,0.000000
6596.127930,-199.850,0.000000,0.000000,1.377,-8.528,-8.255,0.000000
6618.958008,-199.853,0.000000,0.000000,1.377,-8.548,-8.275,0.000000
6641.873535,-199.856,0.000000,0.000000,1.378,-8.568,-8.295,0.000000
6664.861816,-199.859,0.000000,0.000000,1.378,-8.588,-8.314,0.000000
6687.930176,-199.862,0.000000,0.000000,1.378,-8.608,-8.334,0.000000
6711.084473,-199.865,0.000000,0.000000,1.379,-8.628,-8.354,0.000000
6734.318848,-199.868,0.000000,0.000000,1.379,-8.648,-8.375,0.000000
6757.633301,-199.871,0.000000,0.000000,1.379,-8.668,-8.395,0.000000
6781.016113,-199.875,0.000000,0.000000,1.380,-8.689,-8.415,0.000000
6804.492676,-199.880,0.000000,0.000000,1.380,-8.709,-8.435,0.000000
6828.050293,-199.884,0.000000,0.000000,1.380,-8.729,-8.456,0.000000
6851.683105,-199.889,0.000000,0.000000,1.381,-8.750,-8.476,0.000000
6875.397949,-199.893,0.000000,0.000000,1.381,-8.770,-8.497,0.000000
6899.201172,-199.898,0.000000,0.000000,1.381,-8.791,-8.517,0.000000
6923.080078,-199.902,0.000000,0.000000,1.382,-8.812,-8.538,0.000000
6947.048828,-199.907,0.000000,0.000000,1.382,-8.832,-8.558,0.000000
6971.093262,-199.911,0.000000,0.000000,1.382,-8.853,-8.579,0.000000
6995.228027,-199.916,0.000000,0.000000,1.383,-8.874,-8.600,0.000000
7019.446289,-199.920,0.000000,0.000000,1.383,-8.895,-8.621,0.000000
7043.734863,-199.925,0.000000,0.000000,1.383,-8.916,-8.642,0.000000
7068.120605,-199.929,0.000000,0.000000,1.384,-8.937,-8.663,0.000000
7092.591309,-199.933,0.000000,0.000000,1.384,-8.959,-8.684,0.000000
7117.139648,-199.936,0.000000,0.000000,1.384,-8.980,-8.705,0.000000
7141.772949,-199.938,0.000000,0.000000,1.385,-9.001,-8.727,0.000000
7166.498535,-199.941,0.000000,0.000000,1.385,-9.023,-8.748,0.000000
7191.309570,-199.944,0.000000,0.000000,1.385,-9.044,-8.770,0.000000
7216.199707,-199.947,0.000000,0.000000,1.386,-9.066,-8.791,0.000000
7241.176270,-199.951,0.000000,0.000000,1.386,-9.087,-8.813,0.000000
7266.245605,-199.955,0.000000,0.000000,1.386,-9.109,-8.834,0.000000
7291.402344,-199.960,0.000000,0.000000,1.387,-9.131,-8.856,0.000000
7316.631836,-199.964,0.000000,0.000000,1.387,-9.153,-8.878,0.000000
7341.962402,-199.969,0.000000,0.000000,1.388,-9.175,-8.900,0.000000
7367.381348,-199.973,0.000000,0.000000,1.388,-9.197,-8.922,0.000000
7392.887695,-199.978,0.000000,0.000000,1.388,-9.219,-8.944,0.000000
7418.468262,-199.982,0.000000,0.000000,1.389,-9.241,-8.966,0.000000
7444.151855,-199.987,0.000000,0.000000,1.389,-9.263,-8.988,0.000000
7469.924316,-199.991,0.000000,0.000000,1.389,-9.286,-9.010,0.000000
7495.778809,-199.996,0.000000,0.000000,1.390,-9.308,-9.033,0.000000
7521.722656,-200.000,0.000000,0.000000,1.390,-9.331,-9.055,0.000000
7547.763672,-200.005,0.000000,0.000000,1.390,-9.353,-9.078,0.000000
7573.887207,-200.009,0.000000,0.000000,1.391,-9.376,-9.100,0.000000
7600.108887,-200.014,0.000000,0.000000,1.391,-9.399,-9.123,0.000000
7626.414062,-200.018,0.000000,0.000000,1.392,-9.421,-9.146,0.000000
7652.817383,-200.022,0.000000,0.000000,1.392,-9.444,-9.169,0.000000
7679.312012,-200.027,0.000000,0.000000,1.392,-9.467,-9.191,0.000000
7705.883789,-200.031,0.000000,0.000000,1.393,-9.490,-9.214,0.000000
7732.562500,-200.036,0.000000,0.000000,1.393,-9.513,-9.238,0.000000
7759.333008,-200.040,0.000000,0.000000,1.393,-9.537,-9.261,0.000000
7786.189453,-200.045,0.000000,0.000000,1.394,-9.560,-9.284,0.000000
7813.138672,-200.049,0.000000,0.000000,1.394,-9.583,-9.307,0.000000
7840.188477,-200.054,0.000000,0.000000,1.395,-9.607,-9.331,0.000000
7867.331543,-200.058,0.000000,0.000000,1.395,-9.630,-9.354,0.000000
7894.561523,-200.063,0.000000,0.000000,1.395,-9.654,-9.378,0.000000
7921.885742,-200.067,0.000000,0.000000,1.396,-9.677,-9.401,0.000000
7949.312012,-200.072,0.000000,0.000000,1.396,-9.701,-9.425,0.000000
7976.833496,-200.076,0.000000,0.000000,1.397,-9.725,-9.449,0.000000
8004.442383,-200.081,0.000000,0.000000,1.397,-9.750,-9.474,0.000000
8032.146973,-200.085,0.000000,0.000000,1.400,-9.783,-9.505,0.000000
8059.955078,-200.090,0.000000,0.000000,1.403,-9.815,-9.536,0.000000
8087.859375,-200.094,0.000000,0.000000,1.406,-9.848,-9.567,0.000000
8115.844727,-200.099,0.000000,0.000000,1.409,-9.880,-9.598,0.000000
8143.942383,-200.105,0.000000,0.000000,1.412,-9.913,-9.629,0.000000
8172.137695,-200.113,0.000000,0.000000,1.415,-9.946,-9.661,0.000000
8200.422852,-200.120,0.000000,0.000000,1.418,-9.979,-9.692,0.000000
8228.805664,-200.128,0.000000,0.000000,1.421,-10.012,-9.724,0.000000
8257.293945,-200.135,0.000000,0.000000,1.424,-10.045,-9.756,0.000000
8285.881836,-200.143,0.000000,0.000000,1.427,-10.078,-9.787,0.000000
8314.560547,-200.150,0.000000,0.000000,1.430,-10.112,-9.819,0.000000
8343.337891,-200.159,0.000000,0.000000,1.433,-10.145,-9.851,0.000000
8372.223633,-200.168,0.000000,0.000000,1.436,-10.179,-9.884,0.000000
8401.208984,-200.177,0.000000,0.000000,1.439,-10.213,-9.916,0.000000
8430.278320,-200.186,0.000000,0.000000,1.442,-10.247,-9.948,0.000000
8459.464844,-200.195,0.000000,0.000000,1.445,-10.281,-9.981,0.000000
8488.752930,-200.204,0.000000,0.000000,1.448,-10.315,-10.014,0.000000
8518.141602,-200.214,0.000000,0.000000,1.452,-10.349,-10.046,0.000000
8547.616211,-200.224,0.000000,0.000000,1.455,-10.383,-10.079,0.000000
8577.208008,-200.235,0.000000,0.000000,1.458,-10.418,-10.112,0.000000
8606.903320,-200.245,0.000000,0.000000,1.461,-10.453,-10.145,0.000000
8636.693359,-200.256,0.000000,0.000000,1.464,-10.487,-10.178,0.000000
8666.594727,-200.266,0.000000,0.000000,1.467,-10.522,-10.212,0.000000
8696.590820,-200.277,0.000000,0.000000,1.470,-10.557,-10.245,0.000000
8726.699219,-200.289,0.000000,0.000000,1.474,-10.592,-10.279,0.000000
8756.903320,-200.302,0.000000,0.000000,1.477,-10.627,-10.312,0.000000
8787.211914,-200.316,0.000000,0.000000,1.480,-10.663,-10.346,0.000000
8817.634766,-200.329,0.000000,0.000000,1.483,-10.698,-10.380,0.000000
8848.162109,-200.343,0.000000,0.000000,1.486,-10.734,-10.414,0.000000
8878.778320,-200.356,0.000000,0.000000,1.490,-10.769,-10.448,0.000000
8909.517578,-200.370,0.000000,0.000000,1.493,-10.805,-10.482,0.000000
8940.363281,-200.385,0.000000,0.000000,1.496,-10.841,-10.517,0.000000
8971.306641,-200.400,0.000000,0.000000,1.499,-10.877,-10.551,0.000000
9002.366211,-200.415,0.000000,0.000000,1.503,-10.914,-10.586,0.000000
9033.524414,-200.429,0.000000,0.000000,1.506,-10.950,-10.621,0.000000
9064.799805,-200.445,0.000000,0.000000,1.509,-10.986,-10.656,0.000000
9096.173828,-200.460,0.000000,0.000000,1.513,-11.023,-10.691,0.000000
9127.657227,-200.475,0.000000,0.000000,1.516,-11.060,-10.726,0.000000
9159.257812,-200.493,0.000000,0.000000,1.519,-11.096,-10.761,0.000000
9190.967773,-200.511,0.000000,0.000000,1.523,-11.133,-10.796,0.000000
9222.770508,-200.529,0.000000,0.000000,1.526,-11.170,-10.832,0.000000
9254.701172,-200.547,0.000000,0.000000,1.529,-11.208,-10.867,0.000000
9286.741211,-200.565,0.000000,0.000000,1.533,-11.245,-10.903,0.000000
9318.892578,-200.583,0.000000,0.000000,1.536,-11.283,-10.939,0.000000
9351.137695,-200.602,0.000000,0.000000,1.540,-11.320,-10.975,0.000000
9383.512695,-200.621,0.000000,0.000000,1.543,-11.358,-11.011,0.000000
9415.999023,-200.641,0.000000,0.000000,1.546,-11.396,-11.047,0.000000
9448.588867,-200.660,0.000000,0.000000,1.550,-11.434,-11.083,0.000000
9481.300781,-200.680,0.000000,0.000000,1.553,-11.472,-11.120,0.000000
9514.117188,-200.699,0.000000,0.000000,1.557,-11.510,-11.156,0.000000
9547.055664,-200.719,0.000000,0.000000,1.560,-11.548,-11.193,0.000000
9580.099609,-200.741,0.000000,0.000000,1.564,-11.587,-11.230,0.000000
9613.257812,-200.763,0.000000,0.000000,1.567,-11.626,-11.267,0.000000
9646.540039,-200.786,0.000000,0.000000,1.571,-11.664,-11.304,0.000000
9679.936523,-200.808,0.000000,0.000000,1.574,-11.703,-11.341,0.000000
9713.431641,-200.831,0.000000,0.000000,1.578,-11.742,-11.379,0.000000
9747.060547,-200.853,0.000000,0.000000,1.581,-11.782,-11.416,0.000000
9780.805664,-200.876,0.000000,0.000000,1.585,-11.821,-11.454,0.000000
9814.658203,-200.900,0.000000,0.000000,1.589,-11.860,-11.491,0.000000
9848.637695,-200.924,0.000000,0.000000,1.592,-11.900,-11.529,0.000000
9882.724609,-200.947,0.000000,0.000000,1.596,-11.940,-11.567,0.000000
9916.939453,-200.971,0.000000,0.000000,1.599,-11.980,-11.605,0.000000
9951.263672,-200.995,0.000000,0.000000,1.603,-12.020,-11.644,0.000000
9985.706055,-201.020,0.000000,0.000000,1.607,-12.060,-11.682,0.000000
10020.278320,-201.043,0.000000,0.000000,1.610,-12.100,-11.721,0.000000
10054.968750,-201.067,0.000000,0.000000,1.614,-12.141,-11.759,0.000000
10089.770508,-201.091,0.000000,0.000000,1.618,-12.181,-11.798,0.000000
10124.692383,-201.115,0.000000,0.000000,1.621,-12.222,-11.837,0.000000
10159.745117,-201.139,0.000000,0.000000,1.625,-12.263,-11.876,0.000000
10194.918945,-201.163,0.000000,0.000000,1.629,-12.304,-11.915,0.000000
10230.205078,-201.187,0.000000,0.000000,1.632,-12.345,-11.955,0.000000
10265.613281,-201.211,0.000000,0.000000,1.636,-12.386,-11.994,0.000000
10301.154297,-201.235,0.000000,0.000000,1.640,-12.428,-12.034,0.000000
10336.807617,-201.259,0.000000,0.000000,1.644,-12.469,-12.073,0.000000
10372.594727,-201.283,0.000000,0.000000,1.647,-12.511,-12.113,0.000000
10408.496094,-201.307,0.000000,0.000000,1.651,-12.553,-12.153,0.000000
10444.531250,-201.331,0.000000,0.000000,1.655,-12.595,-12.193,0.000000
10480.680664,-201.354,0.000000,0.000000,1.659,-12.637,-12.234,0.000000
10516.956055,-201.377,0.000000,0.000000,1.663,-12.679,-12.274,0.000000
10553.367188,-201.399,0.000000,0.000000,1.667,-12.722,-12.315,0.000000
10589.903320,-201.421,0.000000,0.000000,1.670,-12.764,-12.355,0.000000
10626.546875,-201.444,0.000000,0.000000,1.674,-12.807,-12.396,0.000000
10663.336914,-201.466,0.000000,0.000000,1.678,-12.850,-12.437,0.000000
10700.253906,-201.489,0.000000,0.000000,1.682,-12.893,-12.478,0.000000
10737.299805,-201.512,0.000000,0.000000,1.686,-12.936,-12.520,0.000000
10774.462891,-201.536,0.000000,0.000000,1.690,-12.979,-12.561,0.000000
10811.754883,-201.560,0.000000,0.000000,1.694,-13.023,-12.603,0.000000
10849.185547,-201.584,0.000000,0.000000,1.698,-13.066,-12.644,0.000000
10886.736328,-201.608,0.000000,0.000000,1.702,-13.110,-12.686,0.000000
10924.427734,-201.632,0.000000,0.000000,1.706,-13.154,-12.728,0.000000
10962.238281,-201.656,0.000000,0.000000,1.710,-13.198,-12.770,0.000000
11000.190430,-201.677,0.000000,0.000000,1.714,-13.242,-12.813,0.000000
11038.263672,-201.698,0.000000,0.000000,1.718,-13.287,-12.855,0.000000
11076.468750,-201.719,0.000000,0.000000,1.722,-13.331,-12.898,0.000000
11114.816406,-201.740,0.000000,0.000000,1.726,-13.376,-12.941,0.000000
11153.296875,-201.761,0.000000,0.000000,1.730,-13.421,-12.983,0.000000
11191.900391,-201.782,0.000000,0.000000,1.734,-13.466,-13.026,0.000000
11230.636719,-201.803,0.000000,0.000000,1.738,-13.511,-13.070,0.000000
11269.518555,-201.825,0.000000,0.000000,1.742,-13.556,-13.113,0.000000
11308.523438,-201.848,0.000000,0.000000,1.746,-13.602,-13.156,0.000000
11347.674805,-201.870,0.000000,0.000000,1.750,-13.647,-13.200,0.000000
11386.951172,-201.893,0.000000,0.000000,1.755,-13.693,-13.244,0.000000
11426.373047,-201.915,0.000000,0.000000,1.759,-13.739,-13.288,0.000000
11465.921875,-201.938,0.000000,0.000000,1.763,-13.785,-13.332,0.000000
11505.606445,-201.959,0.000000,0.000000,1.767,-13.832,-13.376,0.000000
11545.440430,-201.980,0.000000,0.000000,1.771,-13.878,-13.421,0.000000
11585.412109,-202.001,0.000000,0.000000,1.776,-13.925,-13.465,0.000000
11625.521484,-202.022,0.000000,0.000000,1.780,-13.971,-13.510,0.000000
11665.748047,-202.043,0.000000,0.000000,1.784,-14.018,-13.555,0.000000
11706.135742,-202.064,0.000000,0.000000,1.788,-14.065,-13.600,0.000000
11746.664062,-202.085,0.000000,0.000000,1.793,-14.113,-13.645,0.000000
11787.320312,-202.106,0.000000,0.000000,1.797,-14.160,-13.690,0.000000
11828.118164,-202.127,0.000000,0.000000,1.801,-14.208,-13.736,0.000000
11869.068359,-202.148,0.000000,0.000000,1.805,-14.255,-13.781,0.000000
11910.148438,-202.169,0.000000,0.000000,1.810,-14.303,-13.827,0.000000
11951.382812,-202.190,0.000000,0.000000,1.814,-14.351,-13.873,0.000000
11992.748047,-202.211,0.000000,0.000000,1.819,-14.399,-13.919,0.000000
12034.268555,-202.232,0.000000,0.000000,1.823,-14.448,-13.965,0.000000
12075.931641,-202.254,0.000000,0.000000,1.827,-14.496,-14.012,0.000000
12117.716797,-202.276,0.000000,0.000000,1.832,-14.545,-14.058,0.000000
12159.669922,-202.299,0.000000,0.000000,1.836,-14.594,-14.105,0.000000
12201.767578,-202.321,0.000000,0.000000,1.841,-14.643,-14.152,0.000000
12243.999023,-202.344,0.000000,0.000000,1.845,-14.692,-14.199,0.000000
12286.377930,-202.366,0.000000,0.000000,1.850,-14.742,-14.246,0.000000
12328.914062,-202.389,0.000000,0.000000,1.854,-14.791,-14.294,0.000000
12371.597656,-202.413,0.000000,0.000000,1.859,-14.841,-14.341,0.000000
12414.417969,-202.437,0.000000,0.000000,1.863,-14.891,-14.389,0.000000
12457.385742,-202.461,0.000000,0.000000,1.868,-14.941,-14.437,0.000000
12500.514648,-202.485,0.000000,0.000000,1.872,-14.991,-14.485,0.000000
12543.780273,-202.509,0.000000,0.000000,1.877,-15.042,-14.533,0.000000
12587.196289,-202.533,0.000000,0.000000,1.881,-15.092,-14.582,0.000000
12630.774414,-202.560,0.000000,0.000000,1.886,-15.143,-14.630,0.000000
12674.502930,-202.588,0.000000,0.000000,1.891,-15.194,-14.679,0.000000
12718.383789,-202.617,0.000000,0.000000,1.895,-15.245,-14.728,0.000000
12762.391602,-202.645,0.000000,0.000000,1.900,-15.297,-14.777,0.000000
12806.576172,-202.673,0.000000,0.000000,1.904,-15.348,-14.826,0.000000
12850.914062,-202.702,0.000000,0.000000,1.909,-15.400,-14.876,0.000000
12895.392578,-202.731,0.000000,0.000000,1.914,-15.452,-14.925,0.000000
12940.025391,-202.760,0.000000,0.000000,1.919,-15.504,-14.975,0.000000
12984.825195,-202.790,0.000000,0.000000,1.923,-15.556,-15.025,0.000000
13029.767578,-202.820,0.000000,0.000000,1.928,-15.608,-15.075,0.000000
13074.876953,-202.850,0.000000,0.000000,1.933,-15.661,-15.125,0.000000
13120.131836,-202.880,0.000000,0.000000,1.938,-15.714,-15.176,0.000000
13165.554688,-202.910,0.000000,0.000000,1.942,-15.767,-15.226,0.000000
13211.134766,-202.941,0.000000,0.000000,1.947,-15.820,-15.277,0.000000
13256.847656,-202.974,0.000000,0.000000,1.952,-15.873,-15.328,0.000000
13302.744141,-203.006,0.000000,0.000000,1.957,-15.926,-15.379,0.000000
13348.799805,-203.039,0.000000,0.000000,1.962,-15.980,-15.431,0.000000
13395.001953,-203.072,0.000000,0.000000,1.967,-16.034,-15.482,0.000000
13441.363281,-203.105,0.000000,0.000000,1.972,-16.088,-15.534,0.000000
13487.899414,-203.139,0.000000,0.000000,1.976,-16.142,-15.586,0.000000
13534.595703,-203.173,0.000000,0.000000,1.981,-16.197,-15.638,0.000000
13581.440430,-203.209,0.000000,0.000000,1.986,-16.251,-15.690,0.000000
13628.447266,-203.245,0.000000,0.000000,1.991,-16.306,-15.742,0.000000
13675.630859,-203.281,0.000000,0.000000,1.996,-16.361,-15.795,0.000000
13722.976562,-203.317,0.000000,0.000000,2.001,-16.416,-15.848,0.000000
13770.473633,-203.353,0.000000,0.000000,2.006,-16.472,-15.901,0.000000
13818.135742,-203.389,0.000000,0.000000,2.011,-16.527,-15.954,0.000000
13865.975586,-203.427,0.000000,0.000000,2.016,-16.583,-16.007,0.000000
13913.980469,-203.466,0.000000,0.000000,2.021,-16.639,-16.060,0.000000
13962.125977,-203.505,0.000000,0.000000,2.027,-16.695,-16.114,0.000000
14010.463867,-203.544,0.000000,0.000000,2.032,-16.751,-16.168,0.000000
14058.969727,-203.583,0.000000,0.000000,2.037,-16.808,-16.222,0.000000
14107.628906,-203.622,0.000000,0.000000,2.042,-16.865,-16.276,0.000000
14156.458008,-203.662,0.000000,0.000000,2.047,-16.922,-16.331,0.000000
14205.468750,-203.703,0.000000,0.000000,2.052,-16.979,-16.385,0.000000
14254.635742,-203.745,0.000000,0.000000,2.057,-17.036,-16.440,0.000000
14303.986328,-203.787,0.000000,0.000000,2.063,-17.094,-16.495,0.000000
14353.495117,-203.829,0.000000,0.000000,2.068,-17.151,-16.550,0.000000
14403.188477,-203.871,0.000000,0.000000,2.073,-17.209,-16.606,0.000000
14453.052734,-203.913,0.000000,0.000000,2.078,-17.267,-16.661,0.000000
14503.063477,-203.955,0.000000,0.000000,2.084,-17.326,-16.717,0.000000
14553.274414,-203.996,0.000000,0.000000,2.089,-17.384,-16.773,0.000000
14603.659180,-204.038,0.000000,0.000000,2.094,-17.443,-16.829,0.000000
14654.218750,-204.080,0.000000,0.000000,2.100,-17.502,-16.886,0.000000
14704.924805,-204.122,0.000000,0.000000,2.105,-17.561,-16.942,0.000000
14755.834961,-204.164,0.000000,0.000000,2.110,-17.620,-16.999,0.000000
14806.920898,-204.206,0.000000,0.000000,2.116,-17.680,-17.056,0.000000
14858.168945,-204.248,0.000000,0.000000,2.121,-17.740,-17.113,0.000000
14909.609375,-204.289,0.000000,0.000000,2.127,-17.800,-17.170,0.000000
14961.213867,-204.331,0.000000,0.000000,2.132,-17.860,-17.228,0.000000
15013.010742,-204.373,0.000000,0.000000,2.138,-17.920,-17.285,0.000000
15064.973633,-204.415,0.000000,0.000000,2.143,-17.981,-17.343,0.000000
15117.115234,-204.457,0.000000,0.000000,2.149,-18.041,-17.402,0.000000
15169.452148,-204.500,0.000000,0.000000,2.154,-18.102,-17.460,0.000000
15221.969727,-204.543,0.000000,0.000000,2.160,-18.164,-17.518,0.000000
15274.640625,-204.586,0.000000,0.000000,2.165,-18.225,-17.577,0.000000
15327.523438,-204.629,0.000000,0.000000,2.171,-18.287,-17.636,0.000000
15380.588867,-204.673,0.000000,0.000000,2.176,-18.349,-17.695,0.000000
15433.823242,-204.716,0.000000,0.000000,2.182,-18.411,-17.755,0.000000
15487.241211,-204.760,0.000000,0.000000,2.188,-18.473,-17.814,0.000000
15540.859375,-204.802,0.000000,0.000000,2.193,-18.535,-17.874,0.000000
15594.664062,-204.844,0.000000,0.000000,2.199,-18.598,-17.934,0.000000
15648.638672,-204.886,0.000000,0.000000,2.205,-18.661,-17.994,0.000000
15702.800781,-204.928,0.000000,0.000000,2.210,-18.724,-18.054,0.000000
15757.166016,-204.970,0.000000,0.000000,2.216,-18.788,-18.115,0.000000
15811.718750,-205.012,0.000000,0.000000,2.222,-18.851,-18.176,0.000000
15866.429688,-205.054,0.000000,0.000000,2.228,-18.915,-18.237,0.000000
15921.361328,-205.097,0.000000,0.000000,2.233,-18.979,-18.298,0.000000
15976.482422,-205.140,0.000000,0.000000,2.239,-19.043,-18.359,0.000000
16031.793945,-205.183,0.000000,0.000000,2.245,-19.108,-18.421,0.000000
16087.267578,-205.226,0.000000,0.000000,2.251,-19.172,-18.483,0.000000
16142.962891,-205.270,0.000000,0.000000,2.257,-19.237,-18.545,0.000000
16198.851562,-205.314,0.000000,0.000000,2.263,-19.302,-18.607,0.000000
16254.917969,-205.357,0.000000,0.000000,2.269,-19.368,-18.670,0.000000
16311.194336,-205.399,0.000000,0.000000,2.275,-19.433,-18.732,0.000000
16367.649414,-205.440,0.000000,0.000000,2.281,-19.499,-18.795,0.000000
16424.316406,-205.482,0.000000,0.000000,2.287,-19.565,-18.859,0.000000
16481.162109,-205.524,0.000000,0.000000,2.293,-19.632,-18.922,0.000000
16538.205078,-205.566,0.000000,0.000000,2.299,-19.698,-18.985,0.000000
16595.462891,-205.608,0.000000,0.000000,2.305,-19.765,-19.049,0.000000
16652.917969,-205.651,0.000000,0.000000,2.311,-19.832,-19.113,0.000000
16710.539062,-205.694,0.000000,0.000000,2.317,-19.899,-19.178,0.000000
16768.392578,-205.737,0.000000,0.000000,2.323,-19.966,-19.242,0.000000
16826.447266,-205.780,0.000000,0.000000,2.329,-20.034,-19.307,0.000000
16884.685547,-205.824,0.000000,0.000000,2.335,-20.102,-19.372,0.000000
16943.142578,-205.867,0.000000,0.000000,2.341,-20.170,-19.437,0.000000
17001.785156,-205.911,0.000000,0.000000,2.348,-20.238,-19.502,0.000000
17060.646484,-205.953,0.000000,0.000000,2.354,-20.307,-19.568,0.000000
17119.695312,-205.995,0.000000,0.000000,2.360,-20.376,-19.634,0.000000
17178.949219,-206.036,0.000000,0.000000,2.366,-20.445,-19.700,0.000000
17238.423828,-206.078,0.000000,0.000000,2.373,-20.514,-19.766,0.000000
17298.105469,-206.120,0.000000,0.000000,2.379,-20.584,-19.832,0.000000
17357.976562,-206.163,0.000000,0.000000,2.385,-20.654,-19.899,0.000000
17418.054688,-206.205,0.000000,0.000000,2.392,-20.724,-19.966,0.000000
17478.357422,-206.246,0.000000,0.000000,2.398,-20.794,-20.033,0.000000
17538.869141,-206.288,0.000000,0.000000,2.404,-20.864,-20.101,0.000000
17599.556641,-206.330,0.000000,0.000000,2.411,-20.935,-20.168,0.000000
17660.488281,-206.372,0.000000,0.000000,2.417,-21.006,-20.236,0.000000
17721.630859,-206.414,0.000000,0.000000,2.424,-21.078,-20.305,0.000000
17782.968750,-206.456,0.000000,0.000000,2.430,-21.149,-20.373,0.000000
17844.535156,-206.498,0.000000,0.000000,2.437,-21.221,-20.442,0.000000
17906.296875,-206.539,0.000000,0.000000,2.443,-21.293,-20.510,0.000000
17968.291016,-206.581,0.000000,0.000000,2.450,-21.365,-20.579,0.000000
18030.480469,-206.623,0.000000,0.000000,2.456,-21.438,-20.649,0.000000
18092.886719,-206.665,0.000000,0.000000,2.463,-21.510,-20.718,0.000000
18155.525391,-206.707,0.000000,0.000000,2.469,-21.583,-20.788,0.000000
18218.382812,-206.749,0.000000,0.000000,2.476,-21.657,-20.858,0.000000
18281.421875,-206.791,0.000000,0.000000,2.483,-21.730,-20.928,0.000000
18344.712891,-206.832,0.000000,0.000000,2.489,-21.804,-20.999,0.000000
18408.224609,-206.874,0.000000,0.000000,2.496,-21.878,-21.070,0.000000
18471.955078,-206.916,0.000000,0.000000,2.503,-21.952,-21.141,0.000000
18535.888672,-206.958,0.000000,0.000000,2.510,-22.027,-21.212,0.000000
18600.044922,-207.000,0.000000,0.000000,2.516,-22.102,-21.284,0.000000
18664.439453,-207.042,0.000000,0.000000,2.523,-22.177,-21.355,0.000000
18729.041016,-207.081,0.000000,0.000000,2.530,-22.252,-21.427,0.000000
18793.880859,-207.119,0.000000,0.000000,2.537,-22.327,-21.500,0.000000
18858.929688,-207.158,0.000000,0.000000,2.544,-22.403,-21.572,0.000000
18924.220703,-207.197,0.000000,0.000000,2.551,-22.479,-21.645,0.000000
18989.720703,-207.236,0.000000,0.000000,2.557,-22.556,-21.718,0.000000
19055.447266,-207.275,0.000000,0.000000,2.564,-22.632,-21.791,0.000000
19121.417969,-207.314,0.000000,0.000000,2.571,-22.709,-21.865,0.000000
19187.619141,-207.351,0.000000,0.000000,2.578,-22.786,-21.939,0.000000
19254.029297,-207.388,0.000000,0.000000,2.585,-22.864,-22.013,0.000000
19320.669922,-207.425,0.000000,0.000000,2.592,-22.942,-22.087,0.000000
19387.560547,-207.463,0.000000,0.000000,2.600,-23.020,-22.161,0.000000
19454.664062,-207.500,0.000000,0.000000,2.607,-23.098,-22.236,0.000000
19522.017578,-207.538,0.000000,0.000000,2.614,-23.176,-22.311,0.000000
19589.585938,-207.572,0.000000,0.000000,2.621,-23.255,-22.387,0.000000
19657.406250,-207.605,0.000000,0.000000,2.628,-23.334,-22.462,0.000000
19725.443359,-207.638,0.000000,0.000000,2.635,-23.413,-22.538,0.000000
19793.716797,-207.671,0.000000,0.000000,2.642,-23.493,-22.614,0.000000
19862.244141,-207.704,0.000000,0.000000,2.650,-23.573,-22.690,0.000000
19931.009766,-207.737,0.000000,0.000000,2.657,-23.653,-22.767,0.000000
19999.974609,-207.770,0.000000,0.000000,2.664,-23.733,-22.844,0.000000
