frequency_hz,spl_db,phase_deg,thd_percent,rt60_ms,c50_db,c80_db,group_delay_ms
20.000000,-48.751,25.746386,0.054837,1.552,-4.286,-3.747,0.000000
20.069233,-49.055,26.340292,0.056792,1.552,-4.286,-3.747,0.000000
20.138704,-48.793,33.968662,0.055104,1.552,-4.286,-3.747,0.000000
20.208418,-49.804,38.669178,0.061905,1.552,-4.286,-3.747,0.000000
20.278366,-49.552,39.696495,0.060135,1.552,-4.286,-3.747,0.000000
20.348562,-49.223,48.899651,0.057900,1.552,-4.286,-3.747,0.000000
20.419001,-49.664,55.898209,0.060913,1.552,-4.286,-3.747,0.000000
20.489683,-50.270,56.000526,0.065320,1.552,-4.286,-3.747,0.000000
20.560612,-50.313,63.326206,0.065653,1.552,-4.286,-3.747,0.000000
20.631784,-49.371,75.507004,0.058919,1.552,-4.286,-3.747,0.000000
20.703203,-49.246,79.334801,0.058087,1.552,-4.286,-3.747,0.000000
20.774866,-48.773,76.981270,0.055023,1.552,-4.286,-3.747,0.000000
20.846781,-49.095,87.997391,0.057113,1.552,-4.286,-3.747,0.000000
20.918943,-49.407,87.300789,0.059207,1.552,-4.286,-3.747,0.000000
20.991358,-48.586,89.651299,0.053868,1.552,-4.286,-3.747,0.000000
21.064020,-48.008,103.235794,0.050402,1.552,-4.286,-3.747,0.000000
21.136936,-46.405,107.876694,0.041907,1.552,-4.286,-3.747,0.000000
21.210104,-45.405,110.059296,0.037351,1.552,-4.286,-3.747,0.000000
21.283520,-44.743,116.115837,0.034608,1.552,-4.286,-3.747,0.000000
21.357197,-44.418,117.775024,0.033336,1.552,-4.286,-3.747,0.000000
21.431126,-43.504,118.429947,0.030009,1.552,-4.286,-3.747,0.000000
21.505312,-42.628,121.843849,0.027136,1.552,-4.286,-3.747,0.000000
21.579756,-41.808,126.375450,0.024695,1.552,-4.286,-3.747,0.000000
21.654457,-41.222,126.802460,0.023089,1.552,-4.286,-3.747,0.000000
21.729416,-40.531,126.742805,0.021327,1.552,-4.286,-3.747,0.000000
21.804630,-40.044,129.124405,0.020167,1.552,-4.286,-3.747,0.000000
21.880110,-39.319,127.941994,0.018556,1.552,-4.286,-3.747,0.000000
21.955851,-38.864,130.411469,0.017608,1.552,-4.286,-3.747,0.000000
22.031853,-38.343,131.870560,0.016585,1.552,-4.286,-3.747,0.000000
22.108118,-37.965,132.025696,0.015878,1.552,-4.286,-3.747,0.000000
22.184649,-37.720,133.659485,0.015435,1.552,-4.286,-3.747,0.000000
22.261442,-37.131,135.607422,0.014424,1.552,-4.286,-3.747,0.000000
22.338503,-36.382,135.897583,0.013232,1.552,-4.286,-3.747,0.000000
22.415825,-36.003,135.916855,0.012668,1.552,-4.286,-3.747,0.000000
22.493420,-35.547,136.242233,0.012022,1.552,-4.286,-3.747,0.000000
22.571283,-35.168,138.066284,0.011510,1.552,-4.286,-3.747,0.000000
22.649418,-35.167,138.066284,0.011510,1.552,-4.286,-3.747,0.000000
22.727821,-34.768,137.233994,0.010995,1.552,-4.286,-3.747,0.000000
22.806496,-34.369,139.223434,0.010504,1.552,-4.286,-3.747,0.000000
22.885437,-33.873,138.962463,0.009922,1.552,-4.286,-3.747,0.000000
22.964659,-33.373,138.481674,0.009368,1.552,-4.286,-3.747,0.000000
23.044153,-33.062,136.956268,0.009040,1.552,-4.286,-3.747,0.000000
23.123922,-33.073,137.547379,0.009053,1.552,-4.286,-3.747,0.000000
23.203970,-32.806,138.810211,0.008781,1.552,-4.286,-3.747,0.000000
23.284292,-32.357,138.728043,0.008340,1.552,-4.286,-3.747,0.000000
23.364893,-32.306,139.785690,0.008292,1.552,-4.286,-3.747,0.000000
23.445774,-31.789,139.950653,0.007815,1.552,-4.286,-3.747,0.000000
23.526928,-31.403,140.712387,0.007476,1.552,-4.286,-3.747,0.000000
23.608370,-30.933,140.044281,0.007082,1.552,-4.286,-3.747,0.000000
23.690092,-30.453,140.083191,0.006701,1.552,-4.286,-3.747,0.000000
23.772099,-30.311,139.011002,0.006593,1.552,-4.286,-3.747,0.000000
23.854389,-29.965,138.337143,0.006335,1.552,-4.286,-3.747,0.000000
23.936964,-29.654,138.608093,0.006113,1.552,-4.286,-3.747,0.000000
24.019825,-29.180,137.610733,0.005788,1.552,-4.286,-3.747,0.000000
24.102966,-28.917,136.271759,0.005615,1.552,-4.286,-3.747,0.000000
24.186401,-28.547,136.163925,0.005382,1.552,-4.286,-3.747,0.000000
24.270124,-28.391,135.262924,0.005288,1.552,-4.286,-3.747,0.000000
24.354139,-27.989,134.590424,0.005049,1.552,-4.286,-3.747,0.000000
24.438444,-27.623,133.938217,0.004842,1.552,-4.286,-3.747,0.000000
24.523041,-27.299,133.194336,0.004665,1.552,-4.286,-3.747,0.000000
24.607929,-27.107,132.993011,0.004564,1.552,-4.286,-3.747,0.000000
24.693108,-26.706,133.262268,0.004359,1.552,-4.286,-3.747,0.000000
24.778585,-26.336,132.708649,0.004178,1.552,-4.286,-3.747,0.000000
24.864359,-25.915,132.550461,0.003981,1.552,-4.286,-3.747,0.000000
24.950430,-25.574,132.128159,0.003828,1.552,-4.286,-3.747,0.000000
25.036798,-25.184,131.551544,0.003661,1.552,-4.286,-3.747,0.000000
25.123466,-24.875,130.965332,0.003534,1.552,-4.286,-3.747,0.000000
25.210434,-24.534,130.531311,0.003398,1.552,-4.286,-3.747,0.000000
25.297697,-24.234,129.890152,0.003283,1.552,-4.286,-3.747,0.000000
25.385267,-23.962,129.902176,0.003181,1.552,-4.286,-3.747,0.000000
25.473143,-23.612,129.544083,0.003056,1.552,-4.286,-3.747,0.000000
25.561321,-23.270,129.151443,0.002938,1.552,-4.286,-3.747,0.000000
25.649803,-22.972,128.434708,0.002839,1.552,-4.286,-3.747,0.000000
25.738594,-22.682,128.033646,0.002746,1.552,-4.286,-3.747,0.000000
25.827690,-22.373,127.423706,0.002650,1.552,-4.286,-3.747,0.000000
25.917089,-22.155,126.654419,0.002585,1.552,-4.286,-3.747,0.000000
26.006805,-22.018,126.511345,0.002544,1.552,-4.286,-3.747,0.000000
26.096830,-21.811,125.482330,0.002485,1.552,-4.286,-3.747,0.000000
26.187168,-21.625,124.777275,0.002433,1.552,-4.286,-3.747,0.000000
26.277819,-21.467,124.405006,0.002389,1.552,-4.286,-3.747,0.000000
26.368782,-21.275,123.665169,0.002338,1.552,-4.286,-3.747,0.000000
26.460054,-21.126,123.280281,0.002298,1.552,-4.286,-3.747,0.000000
26.551649,-20.989,122.938789,0.002263,1.552,-4.286,-3.747,0.000000
26.643560,-20.800,122.992867,0.002214,1.552,-4.286,-3.747,0.000000
26.735790,-20.603,123.120369,0.002165,1.552,-4.286,-3.747,0.000000
26.828339,-20.365,123.278915,0.002107,1.552,-4.286,-3.747,0.000000
26.921207,-20.081,123.624748,0.002040,1.552,-4.286,-3.747,0.000000
27.014399,-19.831,123.675133,0.001982,1.552,-4.286,-3.747,0.000000
27.107912,-19.517,124.092361,0.001912,1.552,-4.286,-3.747,0.000000
27.201744,-19.220,124.393639,0.001847,1.552,-4.286,-3.747,0.000000
27.295906,-18.879,124.404373,0.001776,1.552,-4.286,-3.747,0.000000
27.390394,-18.565,124.640213,0.001713,1.552,-4.286,-3.747,0.000000
27.485209,-18.237,124.561264,0.001650,1.552,-4.286,-3.747,0.000000
27.580351,-17.901,124.359261,0.001587,1.552,-4.286,-3.747,0.000000
27.675825,-17.651,124.237778,0.001542,1.552,-4.286,-3.747,0.000000
27.771622,-17.340,124.274879,0.001488,1.552,-4.286,-3.747,0.000000
27.867756,-16.848,124.127731,0.001407,1.552,-4.286,-3.747,0.000000
27.964224,-16.543,123.561195,0.001358,1.552,-4.286,-3.747,0.000000
28.061024,-16.287,123.379906,0.001319,1.552,-4.286,-3.747,0.000000
28.158161,-15.822,123.162971,0.001250,1.552,-4.286,-3.747,0.000000
28.255634,-15.517,123.078308,0.001207,1.552,-4.286,-3.747,0.000000
28.353443,-15.180,122.793793,0.001162,1.552,-4.286,-3.747,0.000000
28.451593,-14.841,122.580925,0.001117,1.552,-4.286,-3.747,0.000000
28.550081,-14.501,122.380013,0.001075,1.552,-4.286,-3.747,0.000000
28.648903,-14.094,121.966576,0.001026,1.552,-4.286,-3.747,0.000000
28.748075,-13.752,121.033134,0.000986,1.552,-4.286,-3.747,0.000000
28.847589,-13.449,120.208672,0.000953,1.552,-4.286,-3.747,0.000000
28.947449,-13.125,119.760780,0.000918,1.552,-4.286,-3.747,0.000000
29.047655,-12.752,118.929352,0.000879,1.552,-4.286,-3.747,0.000000
29.148207,-12.229,117.125603,0.000828,1.552,-4.286,-3.747,0.000000
29.249100,-11.896,116.060181,0.000797,1.552,-4.286,-3.747,0.000000
29.350348,-11.542,114.876900,0.000765,1.552,-4.286,-3.747,0.000000
29.451948,-11.036,113.236115,0.000722,1.552,-4.286,-3.747,0.000000
29.553900,-10.677,111.855072,0.000692,1.552,-4.286,-3.747,0.000000
29.656204,-10.350,110.588814,0.000667,1.552,-4.286,-3.747,0.000000
29.758862,-10.012,109.319344,0.000642,1.552,-4.286,-3.747,0.000000
29.861876,-9.660,107.920898,0.000616,1.552,-4.286,-3.747,0.000000
29.965246,-9.164,105.546165,0.000582,1.552,-4.286,-3.747,0.000000
30.068968,-8.875,103.806572,0.000563,1.552,-4.286,-3.747,0.000000
30.173054,-8.586,102.063652,0.000545,1.552,-4.286,-3.747,0.000000
30.277502,-8.355,100.091080,0.000531,1.552,-4.286,-3.747,0.000000
30.382311,-8.025,97.260689,0.000511,1.552,-4.286,-3.747,0.000000
30.487482,-7.894,95.253609,0.000503,1.552,-4.286,-3.747,0.000000
30.593019,-7.754,92.731796,0.000495,1.552,-4.286,-3.747,0.000000
30.698914,-7.645,91.207565,0.000489,1.552,-4.286,-3.747,0.000000
30.805182,-7.533,89.645874,0.000483,1.552,-4.286,-3.747,0.000000
30.911816,-7.427,88.197868,0.000477,1.552,-4.286,-3.747,0.000000
31.018822,-7.327,86.721664,0.000472,1.552,-4.286,-3.747,0.000000
31.126196,-7.217,84.816261,0.000466,1.552,-4.286,-3.747,0.000000
31.233944,-7.022,83.346985,0.000456,1.552,-4.286,-3.747,0.000000
31.342064,-6.881,82.554649,0.000448,1.552,-4.286,-3.747,0.000000
31.450558,-6.727,81.691650,0.000440,1.552,-4.286,-3.747,0.000000
31.559420,-6.548,80.735291,0.000431,1.552,-4.286,-3.747,0.000000
31.668667,-6.374,79.729156,0.000423,1.552,-4.286,-3.747,0.000000
31.778292,-5.988,77.406807,0.000405,1.552,-4.286,-3.747,0.000000
31.888296,-5.814,76.139229,0.000397,1.552,-4.286,-3.747,0.000000
31.998680,-5.647,74.869919,0.000389,1.552,-4.286,-3.747,0.000000
32.109447,-5.467,73.642189,0.000381,1.552,-4.286,-3.747,0.000000
32.220600,-5.240,71.844261,0.000371,1.552,-4.286,-3.747,0.000000
32.332127,-4.997,70.076866,0.000361,1.552,-4.286,-3.747,0.000000
32.444046,-4.852,68.537872,0.000355,1.552,-4.286,-3.747,0.000000
32.556355,-4.726,67.333542,0.000350,1.552,-4.286,-3.747,0.000000
32.669052,-4.528,65.466888,0.000342,1.552,-4.286,-3.747,0.000000
32.782143,-4.403,64.261497,0.000338,1.552,-4.286,-3.747,0.000000
32.895622,-4.196,62.405376,0.000330,1.552,-4.286,-3.747,0.000000
33.009491,-4.066,61.122173,0.000325,1.552,-4.286,-3.747,0.000000
33.123760,-3.874,59.186695,0.000318,1.552,-4.286,-3.747,0.000000
33.238411,-3.745,57.827126,0.000313,1.552,-4.286,-3.747,0.000000
33.353470,-3.551,55.587688,0.000306,1.552,-4.286,-3.747,0.000000
33.468929,-3.440,53.983898,0.000302,1.552,-4.286,-3.747,0.000000
33.584785,-3.262,51.685848,0.000296,1.552,-4.286,-3.747,0.000000
33.701042,-3.149,49.934101,0.000292,1.552,-4.286,-3.747,0.000000
33.817696,-2.984,47.243607,0.000287,1.552,-4.286,-3.747,0.000000
33.934757,-2.915,44.115604,0.000285,1.552,-4.286,-3.747,0.000000
34.052227,-2.897,42.147873,0.000284,1.552,-4.286,-3.747,0.000000
34.170105,-2.881,40.170490,0.000284,1.552,-4.286,-3.747,0.000000
34.288387,-2.870,37.126331,0.000283,1.552,-4.286,-3.747,0.000000
34.407082,-2.979,34.354740,0.000287,1.552,-4.286,-3.747,0.000000
34.526184,-3.048,32.591908,0.000289,1.552,-4.286,-3.747,0.000000
34.645702,-3.137,30.835836,0.000292,1.552,-4.286,-3.747,0.000000
34.765621,-3.366,27.667318,0.000300,1.552,-4.286,-3.747,0.000000
34.885967,-3.490,26.160366,0.000304,1.552,-4.286,-3.747,0.000000
35.006729,-3.649,24.909134,0.000310,1.552,-4.286,-3.747,0.000000
35.127911,-3.951,22.767441,0.000321,1.552,-4.286,-3.747,0.000000
35.249508,-4.104,21.791178,0.000327,1.552,-4.286,-3.747,0.000000
35.371529,-4.269,20.976126,0.000333,1.552,-4.286,-3.747,0.000000
35.493965,-4.598,19.509808,0.000346,1.552,-4.286,-3.747,0.000000
35.616829,-4.760,18.884451,0.000353,1.552,-4.286,-3.747,0.000000
35.740120,-5.018,18.287926,0.000363,1.552,-4.286,-3.747,0.000000
35.863842,-5.283,17.745079,0.000375,1.552,-4.286,-3.747,0.000000
35.987988,-5.447,17.585604,0.000382,1.552,-4.286,-3.747,0.000000
36.112564,-5.710,17.646227,0.000394,1.552,-4.286,-3.747,0.000000
36.237572,-5.974,17.780272,0.000406,1.552,-4.286,-3.747,0.000000
36.363010,-6.138,17.979980,0.000413,1.552,-4.286,-3.747,0.000000
36.488888,-6.384,18.854380,0.000425,1.552,-4.286,-3.747,0.000000
36.615189,-6.620,19.677813,0.000437,1.552,-4.286,-3.747,0.000000
36.741936,-6.815,21.035622,0.000447,1.552,-4.286,-3.747,0.000000
36.869122,-6.944,22.008211,0.000454,1.552,-4.286,-3.747,0.000000
36.996750,-7.123,23.554337,0.000463,1.552,-4.286,-3.747,0.000000
37.124817,-7.202,25.539135,0.000468,1.552,-4.286,-3.747,0.000000
37.253323,-7.303,27.518122,0.000473,1.552,-4.286,-3.747,0.000000
37.382278,-7.250,29.763620,0.000471,1.552,-4.286,-3.747,0.000000
37.511681,-7.191,31.224827,0.000467,1.552,-4.286,-3.747,0.000000
37.641533,-6.992,34.152409,0.000457,1.552,-4.286,-3.747,0.000000
37.771832,-6.855,35.490479,0.000450,1.552,-4.286,-3.747,0.000000
37.902584,-6.517,38.007500,0.000433,1.552,-4.286,-3.747,0.000000
38.033791,-6.304,39.091801,0.000422,1.552,-4.286,-3.747,0.000000
38.165447,-6.082,40.104980,0.000412,1.552,-4.286,-3.747,0.000000
38.297562,-5.602,41.691048,0.000390,1.552,-4.286,-3.747,0.000000
38.430122,-5.358,42.328270,0.000379,1.552,-4.286,-3.747,0.000000
38.563152,-4.875,43.286873,0.000358,1.552,-4.286,-3.747,0.000000
38.696644,-4.632,43.562855,0.000348,1.552,-4.286,-3.747,0.000000
38.830597,-4.169,43.808064,0.000330,1.552,-4.286,-3.747,0.000000
38.965015,-3.944,43.777924,0.000322,1.552,-4.286,-3.747,0.000000
39.099895,-3.623,43.593491,0.000310,1.552,-4.286,-3.747,0.000000
39.235237,-3.311,43.401642,0.000299,1.552,-4.286,-3.747,0.000000
39.371052,-3.011,43.047771,0.000289,1.552,-4.286,-3.747,0.000000
39.507339,-2.714,42.692352,0.000280,1.552,-4.286,-3.747,0.000000
39.644100,-2.422,42.265480,0.000270,1.552,-4.286,-3.747,0.000000
39.781334,-2.143,41.832420,0.000262,1.552,-4.286,-3.747,0.000000
39.919041,-1.862,41.352322,0.000254,1.552,-4.286,-3.747,0.000000
40.057224,-1.588,40.782909,0.000246,1.552,-4.286,-3.747,0.000000
40.195889,-1.295,40.218636,0.000238,1.552,-4.286,-3.747,0.000000
40.335030,-1.006,39.590382,0.000230,1.552,-4.286,-3.747,0.000000
40.474644,-0.708,38.961254,0.000222,1.552,-4.286,-3.747,0.000000
40.614754,-0.316,38.053047,0.000212,1.552,-4.286,-3.747,0.000000
40.755344,-0.121,37.514790,0.000208,1.552,-4.286,-3.747,0.000000
40.896423,0.261,36.316624,0.000199,1.552,-4.286,-3.747,0.000000
41.037983,0.452,35.599743,0.000195,1.552,-4.286,-3.747,0.000000
41.180042,0.821,33.963142,0.000186,1.552,-4.286,-3.747,0.000000
41.322590,1.001,33.062580,0.000183,1.552,-4.286,-3.747,0.000000
41.465633,1.345,31.225929,0.000176,1.552,-4.286,-3.747,0.000000
41.609173,1.571,29.598068,0.000171,1.552,-4.286,-3.747,0.000000
41.753204,1.796,28.088392,0.000167,1.552,-4.286,-3.747,0.000000
41.897739,2.069,25.813044,0.000161,1.552,-4.286,-3.747,0.000000
42.042774,2.200,24.672382,0.000159,1.552,-4.286,-3.747,0.000000
42.188309,2.447,22.320234,0.000155,1.552,-4.286,-3.747,0.000000
42.334339,2.614,20.520346,0.000152,1.552,-4.286,-3.747,0.000000
42.480885,2.778,18.741634,0.000149,1.552,-4.286,-3.747,0.000000
42.627937,2.916,16.927250,0.000147,1.552,-4.286,-3.747,0.000000
42.775497,3.087,14.541203,0.000144,1.552,-4.286,-3.747,0.000000
42.923573,3.203,12.701074,0.000142,1.552,-4.286,-3.747,0.000000
43.072155,3.307,10.847897,0.000140,1.552,-4.286,-3.747,0.000000
43.221245,3.410,9.002208,0.000139,1.552,-4.286,-3.747,0.000000
43.370861,3.484,7.192403,0.000137,1.552,-4.286,-3.747,0.000000
43.520992,3.568,4.751283,0.000136,1.552,-4.286,-3.747,0.000000
43.671646,3.621,2.933305,0.000135,1.552,-4.286,-3.747,0.000000
43.822823,3.656,1.134629,0.000135,1.552,-4.286,-3.747,0.000000
43.974518,3.690,-1.222133,0.000134,1.552,-4.286,-3.747,0.000000
44.126743,3.712,-3.000157,0.000134,1.552,-4.286,-3.747,0.000000
44.279491,3.715,-4.715839,0.000134,1.552,-4.286,-3.747,0.000000
44.432770,3.717,-7.004185,0.000134,1.552,-4.286,-3.747,0.000000
44.586567,3.706,-9.276765,0.000134,1.552,-4.286,-3.747,0.000000
44.740910,3.700,-10.420830,0.000134,1.552,-4.286,-3.747,0.000000
44.895786,3.686,-12.729361,0.000134,1.552,-4.286,-3.747,0.000000
45.051197,3.663,-15.021070,0.000135,1.552,-4.286,-3.747,0.000000
45.207138,3.644,-16.153557,0.000135,1.552,-4.286,-3.747,0.000000
45.363636,3.604,-18.469723,0.000136,1.552,-4.286,-3.747,0.000000
45.520660,3.549,-20.798086,0.000137,1.552,-4.286,-3.747,0.000000
45.678234,3.499,-22.572330,0.000137,1.552,-4.286,-3.747,0.000000
45.836353,3.451,-24.328505,0.000138,1.552,-4.286,-3.747,0.000000
45.995022,3.366,-26.690569,0.000140,1.552,-4.286,-3.747,0.000000
46.154240,3.286,-28.552521,0.000141,1.552,-4.286,-3.747,0.000000
46.314007,3.171,-31.106764,0.000143,1.552,-4.286,-3.747,0.000000
46.474327,3.051,-33.685490,0.000145,1.552,-4.286,-3.747,0.000000
46.635193,2.954,-35.643730,0.000146,1.552,-4.286,-3.747,0.000000
46.796627,2.839,-37.643192,0.000148,1.552,-4.286,-3.747,0.000000
46.958618,2.682,-40.313465,0.000151,1.552,-4.286,-3.747,0.000000
47.121170,2.505,-43.082867,0.000154,1.552,-4.286,-3.747,0.000000
47.284286,2.366,-45.184772,0.000157,1.552,-4.286,-3.747,0.000000
47.447968,2.210,-47.303238,0.000160,1.552,-4.286,-3.747,0.000000
47.612202,1.990,-50.072983,0.000164,1.552,-4.286,-3.747,0.000000
47.777020,1.748,-52.815563,0.000168,1.552,-4.286,-3.747,0.000000
47.942402,1.486,-55.499302,0.000173,1.552,-4.286,-3.747,0.000000
48.108360,1.276,-57.498478,0.000178,1.552,-4.286,-3.747,0.000000
48.274895,1.059,-59.512173,0.000182,1.552,-4.286,-3.747,0.000000
48.442005,0.768,-62.049881,0.000188,1.552,-4.286,-3.747,0.000000
48.609692,0.463,-64.413040,0.000195,1.552,-4.286,-3.747,0.000000
48.777958,0.152,-66.582718,0.000202,1.552,-4.286,-3.747,0.000000
48.946812,-0.083,-68.008842,0.000208,1.552,-4.286,-3.747,0.000000
49.116234,-0.398,-69.891205,0.000216,1.552,-4.286,-3.747,0.000000
49.286255,-0.708,-71.551819,0.000224,1.552,-4.286,-3.747,0.000000
49.456863,-1.015,-72.961388,0.000232,1.552,-4.286,-3.747,0.000000
49.628067,-1.249,-73.909409,0.000238,1.552,-4.286,-3.747,0.000000
49.799858,-1.543,-74.866425,0.000246,1.552,-4.286,-3.747,0.000000
49.972248,-1.814,-75.647224,0.000254,1.552,-4.286,-3.747,0.000000
50.145218,-2.000,-75.958611,0.000260,1.552,-4.286,-3.747,0.000000
50.318802,-2.247,-76.357269,0.000267,1.552,-4.286,-3.747,0.000000
50.492989,-2.483,-76.626778,0.000275,1.552,-4.286,-3.747,0.000000
50.667774,-2.703,-76.796234,0.000282,1.552,-4.286,-3.747,0.000000
50.843166,-2.917,-76.876587,0.000289,1.552,-4.286,-3.747,0.000000
51.019169,-3.141,-76.896812,0.000296,1.552,-4.286,-3.747,0.000000
51.195774,-3.378,-76.955406,0.000304,1.552,-4.286,-3.747,0.000000
51.372997,-3.644,-76.839714,0.000314,1.552,-4.286,-3.747,0.000000
51.550816,-3.878,-76.626396,0.000322,1.552,-4.286,-3.747,0.000000
51.729267,-4.201,-76.215271,0.000335,1.552,-4.286,-3.747,0.000000
51.908333,-4.563,-75.689186,0.000349,1.552,-4.286,-3.747,0.000000
52.088020,-4.952,-74.877548,0.000365,1.552,-4.286,-3.747,0.000000
52.268330,-5.386,-73.731728,0.000384,1.552,-4.286,-3.747,0.000000
52.449261,-5.852,-72.175278,0.000405,1.552,-4.286,-3.747,0.000000
52.630810,-6.333,-70.205688,0.000428,1.552,-4.286,-3.747,0.000000
52.812996,-6.820,-67.736443,0.000453,1.552,-4.286,-3.747,0.000000
52.995815,-7.308,-64.841103,0.000479,1.552,-4.286,-3.747,0.000000
53.179264,-7.786,-61.560909,0.000506,1.552,-4.286,-3.747,0.000000
53.363350,-8.239,-57.865322,0.000534,1.552,-4.286,-3.747,0.000000
53.548077,-8.654,-53.753250,0.000560,1.552,-4.286,-3.747,0.000000
53.733437,-9.031,-49.185947,0.000585,1.552,-4.286,-3.747,0.000000
53.919441,-9.339,-44.480633,0.000606,1.552,-4.286,-3.747,0.000000
54.106079,-9.559,-39.588120,0.000622,1.552,-4.286,-3.747,0.000000
54.293373,-9.713,-34.644600,0.000633,1.552,-4.286,-3.747,0.000000
54.481316,-9.794,-29.940765,0.000639,1.552,-4.286,-3.747,0.000000
54.669895,-9.798,-25.408487,0.000639,1.552,-4.286,-3.747,0.000000
54.859169,-9.732,-21.195168,0.000634,1.552,-4.286,-3.747,0.000000
55.049042,-9.607,-16.486946,0.000625,1.552,-4.286,-3.747,0.000000
55.239601,-9.515,-13.091216,0.000618,1.552,-4.286,-3.747,0.000000
55.430820,-9.383,-10.136121,0.000609,1.552,-4.286,-3.747,0.000000
55.622700,-9.249,-7.543561,0.000600,1.552,-4.286,-3.747,0.000000
55.815247,-9.111,-5.295521,0.000591,1.552,-4.286,-3.747,0.000000
56.008457,-8.999,-3.357424,0.000583,1.552,-4.286,-3.747,0.000000
56.202335,-8.902,-1.250628,0.000577,1.552,-4.286,-3.747,0.000000
56.396889,-8.852,0.198166,0.000574,1.552,-4.286,-3.747,0.000000
56.592110,-8.832,1.862242,0.000572,1.552,-4.286,-3.747,0.000000
56.788010,-8.817,3.174970,0.000571,1.552,-4.286,-3.747,0.000000
56.984589,-8.782,4.557081,0.000569,1.552,-4.286,-3.747,0.000000
57.181820,-8.723,6.137235,0.000565,1.552,-4.286,-3.747,0.000000
57.379791,-8.649,7.853405,0.000561,1.552,-4.286,-3.747,0.000000
57.578388,-8.503,10.342943,0.000552,1.552,-4.286,-3.747,0.000000
57.777702,-8.352,12.852569,0.000542,1.552,-4.286,-3.747,0.000000
57.977707,-8.166,15.167894,0.000531,1.552,-4.286,-3.747,0.000000
58.178406,-7.951,17.576153,0.000518,1.552,-4.286,-3.747,0.000000
58.379795,-7.686,20.040699,0.000502,1.552,-4.286,-3.747,0.000000
58.581886,-7.258,23.051126,0.000478,1.552,-4.286,-3.747,0.000000
58.784672,-6.899,25.429594,0.000459,1.552,-4.286,-3.747,0.000000
58.988163,-6.439,28.217030,0.000435,1.552,-4.286,-3.747,0.000000
59.192356,-6.040,30.160215,0.000415,1.552,-4.286,-3.747,0.000000
59.397259,-5.518,32.140053,0.000391,1.552,-4.286,-3.747,0.000000
59.602867,-5.098,33.576176,0.000373,1.552,-4.286,-3.747,0.000000
59.809193,-4.674,34.814251,0.000355,1.552,-4.286,-3.747,0.000000
60.016228,-4.033,36.368694,0.000330,1.552,-4.286,-3.747,0.000000
60.223953,-3.615,37.214073,0.000315,1.552,-4.286,-3.747,0.000000
60.432423,-3.208,37.932106,0.000300,1.552,-4.286,-3.747,0.000000
60.641617,-2.698,38.573189,0.000283,1.552,-4.286,-3.747,0.000000
60.851536,-2.202,39.097378,0.000267,1.552,-4.286,-3.747,0.000000
61.062180,-1.811,39.367867,0.000256,1.552,-4.286,-3.747,0.000000
61.273556,-1.314,39.510674,0.000242,1.552,-4.286,-3.747,0.000000
61.485661,-0.922,39.525032,0.000231,1.552,-4.286,-3.747,0.000000
61.698502,-0.439,39.450321,0.000219,1.552,-4.286,-3.747,0.000000
61.912075,0.066,38.916714,0.000206,1.552,-4.286,-3.747,0.000000
62.126392,0.462,38.362209,0.000197,1.552,-4.286,-3.747,0.000000
62.341450,0.942,37.537079,0.000187,1.552,-4.286,-3.747,0.000000
62.557251,1.430,36.198235,0.000176,1.552,-4.286,-3.747,0.000000
62.773800,1.805,34.957024,0.000169,1.552,-4.286,-3.747,0.000000
62.991070,2.335,32.680969,0.000159,1.552,-4.286,-3.747,0.000000
63.209152,2.657,30.883020,0.000153,1.552,-4.292,-3.752,0.000000
63.427925,2.939,28.883547,0.000148,1.552,-4.298,-3.758,0.000000
63.647522,3.282,25.523941,0.000143,1.552,-4.305,-3.764,0.000000
63.867813,3.445,23.246265,0.000140,1.552,-4.311,-3.769,0.000000
64.088898,3.548,20.359640,0.000139,1.552,-4.318,-3.775,0.000000
64.310753,3.644,17.569698,0.000137,1.552,-4.324,-3.781,0.000000
64.533371,3.631,15.253131,0.000137,1.552,-4.331,-3.787,0.000000
64.756760,3.606,12.938048,0.000138,1.552,-4.337,-3.793,0.000000
64.980919,3.529,11.166547,0.000139,1.552,-4.344,-3.799,0.000000
65.205864,3.423,9.426895,0.000141,1.552,-4.350,-3.805,0.000000
65.431580,3.329,8.173296,0.000142,1.552,-4.357,-3.811,0.000000
65.658081,3.248,7.329285,0.000144,1.552,-4.364,-3.817,0.000000
65.885361,3.130,6.338962,0.000146,1.552,-4.370,-3.822,0.000000
66.113434,3.073,5.803273,0.000147,1.552,-4.377,-3.828,0.000000
66.342262,3.007,4.983561,0.000148,1.552,-4.384,-3.834,0.000000
66.571945,2.967,4.418287,0.000149,1.552,-4.391,-3.841,0.000000
66.802353,2.918,3.551020,0.000149,1.552,-4.397,-3.847,0.000000
67.033600,2.871,2.996866,0.000150,1.552,-4.404,-3.853,0.000000
67.265648,2.773,2.234823,0.000152,1.552,-4.411,-3.859,0.000000
67.498489,2.700,1.733854,0.000153,1.552,-4.418,-3.865,0.000000
67.732147,2.565,1.302510,0.000156,1.552,-4.425,-3.871,0.000000
67.966606,2.468,1.133388,0.000158,1.552,-4.432,-3.877,0.000000
68.201881,2.390,0.880297,0.000159,1.552,-4.439,-3.883,0.000000
68.437973,2.321,0.978787,0.000161,1.552,-4.446,-3.890,0.000000
68.674881,2.254,1.043198,0.000162,1.552,-4.453,-3.896,0.000000
68.912605,2.202,1.107517,0.000163,1.552,-4.460,-3.902,0.000000
69.151154,2.174,1.150101,0.000164,1.552,-4.467,-3.908,0.000000
69.390495,2.183,1.212323,0.000163,1.552,-4.474,-3.915,0.000000
69.630730,2.216,1.113138,0.000163,1.552,-4.481,-3.921,0.000000
69.871735,2.283,0.749148,0.000162,1.552,-4.488,-3.927,0.000000
70.113640,2.328,0.371750,0.000161,1.552,-4.495,-3.934,0.000000
70.356308,2.400,-0.325437,0.000160,1.552,-4.502,-3.940,0.000000
70.599854,2.473,-1.247531,0.000158,1.552,-4.509,-3.946,0.000000
70.844246,2.528,-2.131365,0.000157,1.552,-4.516,-3.953,0.000000
71.089478,2.599,-3.028118,0.000156,1.552,-4.524,-3.959,0.000000
71.335564,2.681,-4.110814,0.000155,1.552,-4.531,-3.966,0.000000
71.582504,2.749,-5.082497,0.000154,1.552,-4.538,-3.972,0.000000
71.830292,2.824,-6.078569,0.000152,1.552,-4.545,-3.979,0.000000
72.078941,2.920,-7.294242,0.000151,1.552,-4.553,-3.985,0.000000
72.328453,3.019,-8.311411,0.000149,1.552,-4.560,-3.992,0.000000
72.578827,3.130,-9.557959,0.000147,1.552,-4.567,-3.998,0.000000
72.830063,3.244,-10.786708,0.000145,1.552,-4.575,-4.005,0.000000
73.082176,3.316,-11.659771,0.000144,1.552,-4.582,-4.012,0.000000
73.335159,3.409,-13.020600,0.000143,1.552,-4.590,-4.018,0.000000
73.588982,3.481,-14.332801,0.000142,1.552,-4.597,-4.025,0.000000
73.843719,3.535,-15.547943,0.000141,1.551,-4.605,-4.032,0.000000
74.099335,3.545,-16.422144,0.000141,1.551,-4.612,-4.038,0.000000
74.355843,3.551,-17.272951,0.000141,1.551,-4.620,-4.045,0.000000
74.613228,3.509,-18.127810,0.000141,1.551,-4.627,-4.052,0.000000
74.871513,3.443,-18.778019,0.000142,1.551,-4.635,-4.059,0.000000
75.130692,3.348,-19.093191,0.000144,1.551,-4.643,-4.065,0.000000
75.390762,3.219,-19.426708,0.000146,1.551,-4.650,-4.072,0.000000
75.651733,3.067,-19.585400,0.000149,1.551,-4.658,-4.079,0.000000
75.913612,2.888,-19.622046,0.000152,1.551,-4.666,-4.086,0.000000
76.176399,2.687,-19.552927,0.000155,1.551,-4.673,-4.093,0.000000
76.440094,2.502,-19.387077,0.000159,1.551,-4.681,-4.100,0.000000
76.704697,2.261,-19.170895,0.000163,1.551,-4.689,-4.107,0.000000
76.970184,2.054,-18.983036,0.000167,1.551,-4.697,-4.114,0.000000
77.236664,1.786,-18.769196,0.000173,1.551,-4.705,-4.121,0.000000
77.503990,1.514,-18.621923,0.000178,1.551,-4.712,-4.128,0.000000
77.772278,1.245,-18.367264,0.000184,1.551,-4.720,-4.135,0.000000
78.041496,0.967,-18.015100,0.000190,1.551,-4.728,-4.142,0.000000
78.311646,0.701,-17.684151,0.000196,1.551,-4.736,-4.149,0.000000
78.582733,0.449,-17.341969,0.000201,1.551,-4.744,-4.156,0.000000
78.854752,0.254,-17.023121,0.000206,1.551,-4.752,-4.163,0.000000
79.127716,0.040,-16.637093,0.000211,1.551,-4.760,-4.170,0.000000
79.401627,-0.162,-16.159925,0.000216,1.551,-4.768,-4.178,0.000000
79.676483,-0.337,-15.625829,0.000221,1.551,-4.776,-4.185,0.000000
79.952293,-0.497,-15.024849,0.000225,1.551,-4.784,-4.192,0.000000
80.229057,-0.666,-14.321131,0.000229,1.551,-4.793,-4.199,0.000000
80.506744,-0.782,-13.591535,0.000232,1.551,-4.801,-4.207,0.000000
80.785469,-0.890,-12.785900,0.000235,1.551,-4.809,-4.214,0.000000
81.065079,-0.972,-11.923970,0.000237,1.551,-4.817,-4.221,0.000000
81.345734,-1.020,-10.959329,0.000239,1.551,-4.825,-4.229,0.000000
81.627281,-1.068,-9.880165,0.000240,1.551,-4.834,-4.236,0.000000
81.909843,-1.093,-8.792872,0.000241,1.551,-4.842,-4.244,0.000000
82.193382,-1.102,-7.634107,0.000241,1.551,-4.850,-4.251,0.000000
82.477905,-1.093,-6.470483,0.000241,1.551,-4.859,-4.259,0.000000
82.763412,-1.074,-4.865220,0.000240,1.551,-4.867,-4.266,0.000000
83.049904,-1.071,-3.754603,0.000240,1.551,-4.876,-4.274,0.000000
83.337395,-1.076,-2.692998,0.000240,1.551,-4.884,-4.281,0.000000
83.625877,-1.106,-1.653509,0.000241,1.551,-4.893,-4.289,0.000000
83.915352,-1.168,-0.716476,0.000243,1.551,-4.901,-4.296,0.000000
84.205795,-1.264,0.277947,0.000246,1.551,-4.910,-4.304,0.000000
84.497330,-1.363,1.147790,0.000248,1.551,-4.918,-4.312,0.000000
84.789780,-1.487,2.054091,0.000252,1.551,-4.927,-4.319,0.000000
85.083336,-1.661,3.173644,0.000257,1.551,-4.935,-4.327,0.000000
85.377815,-1.858,4.332245,0.000263,1.551,-4.944,-4.335,0.000000
85.673363,-2.026,5.453907,0.000268,1.551,-4.953,-4.343,0.000000
85.969933,-2.191,6.752021,0.000273,1.551,-4.961,-4.350,0.000000
86.267525,-2.360,8.257028,0.000279,1.551,-4.970,-4.358,0.000000
86.566154,-2.544,10.262782,0.000284,1.551,-4.979,-4.366,0.000000
86.865814,-2.699,12.355607,0.000290,1.551,-4.988,-4.374,0.000000
87.166504,-2.787,14.417490,0.000292,1.551,-4.997,-4.382,0.000000
87.468246,-2.822,17.053490,0.000294,1.551,-5.006,-4.390,0.000000
87.771027,-2.805,19.328566,0.000293,1.551,-5.014,-4.398,0.000000
88.074852,-2.680,22.328945,0.000289,1.550,-5.023,-4.406,0.000000
88.379738,-2.504,24.537085,0.000283,1.550,-5.032,-4.414,0.000000
88.685677,-2.288,26.518990,0.000276,1.550,-5.041,-4.422,0.000000
88.992668,-1.928,28.905285,0.000265,1.550,-5.050,-4.430,0.000000
89.300682,-1.610,30.437288,0.000255,1.550,-5.059,-4.438,0.000000
89.609810,-1.221,31.774462,0.000244,1.550,-5.069,-4.446,0.000000
89.920006,-0.849,32.843105,0.000234,1.550,-5.078,-4.454,0.000000
90.231270,-0.548,33.212761,0.000226,1.550,-5.087,-4.462,0.000000
90.543617,-0.235,33.168827,0.000218,1.550,-5.096,-4.470,0.000000
90.857048,0.041,33.018505,0.000211,1.550,-5.105,-4.479,0.000000
91.171562,0.224,32.342491,0.000207,1.550,-5.115,-4.487,0.000000
91.487160,0.343,31.684721,0.000204,1.550,-5.124,-4.495,0.000000
91.803856,0.463,30.464903,0.000201,1.550,-5.133,-4.504,0.000000
92.121643,0.511,29.596462,0.000200,1.550,-5.142,-4.512,0.000000
92.440536,0.508,28.482279,0.000200,1.550,-5.152,-4.520,0.000000
92.760529,0.475,27.688120,0.000201,1.550,-5.161,-4.529,0.000000
93.081627,0.404,26.954702,0.000202,1.550,-5.171,-4.537,0.000000
93.403793,0.307,26.773724,0.000204,1.550,-5.180,-4.546,0.000000
93.727173,0.188,26.666107,0.000207,1.550,-5.190,-4.554,0.000000
94.051575,0.070,26.933556,0.000210,1.550,-5.199,-4.563,0.000000
94.377190,-0.038,27.488651,0.000213,1.550,-5.209,-4.571,0.000000
94.703842,-0.159,28.435989,0.000216,1.550,-5.218,-4.580,0.000000
95.031670,-0.280,29.470741,0.000219,1.550,-5.228,-4.588,0.000000
95.360634,-0.328,30.403496,0.000220,1.550,-5.238,-4.597,0.000000
95.690735,-0.374,31.853670,0.000221,1.550,-5.248,-4.606,0.000000
96.021980,-0.377,33.035965,0.000221,1.550,-5.257,-4.614,0.000000
96.354370,-0.350,34.171589,0.000220,1.550,-5.267,-4.623,0.000000
96.687912,-0.266,35.368629,0.000218,1.550,-5.277,-4.632,0.000000
97.022606,-0.175,36.682636,0.000216,1.550,-5.287,-4.641,0.000000
97.358459,-0.070,37.607204,0.000213,1.550,-5.297,-4.650,0.000000
97.695435,0.068,38.435875,0.000210,1.550,-5.306,-4.658,0.000000
98.033661,0.224,39.348507,0.000206,1.550,-5.316,-4.667,0.000000
98.372971,0.382,40.058800,0.000202,1.550,-5.326,-4.676,0.000000
98.713547,0.513,40.480247,0.000199,1.550,-5.336,-4.685,0.000000
99.055214,0.707,41.018639,0.000195,1.550,-5.347,-4.694,0.000000
99.398102,0.890,41.276348,0.000191,1.550,-5.357,-4.703,0.000000
99.742180,1.077,41.253769,0.000187,1.550,-5.367,-4.712,0.000000
100.087448,1.297,41.053425,0.000182,1.550,-5.377,-4.721,0.000000
100.433914,1.488,40.760586,0.000178,1.550,-5.387,-4.730,0.000000
100.781578,1.700,40.041008,0.000174,1.550,-5.397,-4.740,0.000000
101.130447,1.870,39.222515,0.000170,1.550,-5.408,-4.749,0.000000
101.480522,2.032,38.014523,0.000167,1.550,-5.418,-4.758,0.000000
101.831802,2.176,36.495544,0.000164,1.550,-5.428,-4.767,0.000000
102.184258,2.266,34.760109,0.000163,1.549,-5.439,-4.776,0.000000
102.538033,2.310,33.107513,0.000162,1.549,-5.449,-4.786,0.000000
102.892975,2.313,31.143637,0.000162,1.549,-5.459,-4.795,0.000000
103.249153,2.267,29.129707,0.000163,1.549,-5.470,-4.804,0.000000
103.606514,2.172,27.092403,0.000164,1.549,-5.480,-4.814,0.000000
103.965157,2.036,25.130819,0.000167,1.549,-5.491,-4.823,0.000000
104.325050,1.857,23.191429,0.000170,1.549,-5.502,-4.833,0.000000
104.686180,1.641,21.460747,0.000175,1.549,-5.512,-4.842,0.000000
105.048561,1.407,20.060572,0.000179,1.549,-5.523,-4.852,0.000000
105.412201,1.123,18.576344,0.000185,1.549,-5.534,-4.861,0.000000
105.777100,0.802,17.231817,0.000192,1.549,-5.544,-4.871,0.000000
106.143257,0.458,16.085318,0.000200,1.549,-5.555,-4.880,0.000000
106.510689,0.092,15.082558,0.000209,1.549,-5.566,-4.890,0.000000
106.879387,-0.298,14.370945,0.000218,1.549,-5.577,-4.900,0.000000
107.249359,-0.719,13.837012,0.000229,1.549,-5.588,-4.910,0.000000
107.620613,-1.152,13.526294,0.000241,1.549,-5.599,-4.919,0.000000
107.993156,-1.606,13.497176,0.000253,1.549,-5.610,-4.929,0.000000
108.366936,-2.070,13.711644,0.000267,1.549,-5.621,-4.939,0.000000
108.742065,-2.590,14.316880,0.000284,1.549,-5.632,-4.949,0.000000
109.118484,-3.063,15.165916,0.000300,1.549,-5.643,-4.959,0.000000
109.496208,-3.536,16.291225,0.000316,1.549,-5.654,-4.969,0.000000
109.875244,-3.998,17.755884,0.000333,1.549,-5.665,-4.979,0.000000
110.255592,-4.499,19.687727,0.000353,1.549,-5.676,-4.989,0.000000
110.637253,-4.935,22.063606,0.000371,1.549,-5.687,-4.999,0.000000
111.020241,-5.283,24.377014,0.000386,1.549,-5.699,-5.009,0.000000
111.404549,-5.590,26.716562,0.000400,1.549,-5.710,-5.019,0.000000
111.790184,-5.823,29.118649,0.000411,1.549,-5.721,-5.029,0.000000
112.177162,-6.046,31.743450,0.000421,1.549,-5.733,-5.039,0.000000
112.565475,-6.200,33.923069,0.000429,1.549,-5.744,-5.049,0.000000
112.955132,-6.344,36.207790,0.000436,1.549,-5.756,-5.059,0.000000
113.346085,-6.438,38.136436,0.000440,1.549,-5.767,-5.070,0.000000
113.738503,-6.524,39.675915,0.000445,1.549,-5.779,-5.080,0.000000
114.132164,-6.625,41.000340,0.000450,1.549,-5.790,-5.090,0.000000
114.527306,-6.764,42.387840,0.000457,1.549,-5.802,-5.101,0.000000
114.923698,-6.882,43.473530,0.000463,1.549,-5.813,-5.111,0.000000
115.321518,-7.049,44.460789,0.000472,1.549,-5.825,-5.122,0.000000
115.720718,-7.228,45.500603,0.000482,1.549,-5.837,-5.132,0.000000
116.121300,-7.445,46.659515,0.000494,1.549,-5.849,-5.143,0.000000
116.523270,-7.662,47.905151,0.000506,1.548,-5.861,-5.153,0.000000
116.926628,-7.906,49.051521,0.000521,1.548,-5.872,-5.164,0.000000
117.331383,-8.144,50.441425,0.000535,1.548,-5.884,-5.174,0.000000
117.737541,-8.395,51.781353,0.000551,1.548,-5.896,-5.185,0.000000
118.145103,-8.645,53.205620,0.000567,1.548,-5.908,-5.196,0.000000
118.554016,-8.948,54.728729,0.000587,1.548,-5.920,-5.207,0.000000
118.964462,-9.187,56.484966,0.000603,1.548,-5.932,-5.217,0.000000
119.376213,-9.525,58.201870,0.000627,1.548,-5.944,-5.228,0.000000
119.789505,-9.776,60.033890,0.000645,1.548,-5.957,-5.239,0.000000
120.204117,-10.116,62.101238,0.000671,1.548,-5.969,-5.250,0.000000
120.620216,-10.375,64.249237,0.000691,1.548,-5.981,-5.261,0.000000
121.037758,-10.738,66.392548,0.000720,1.548,-5.993,-5.272,0.000000
121.456741,-10.979,68.819534,0.000740,1.548,-6.006,-5.283,0.000000
121.877174,-11.303,71.653107,0.000769,1.548,-6.018,-5.294,0.000000
122.299072,-11.623,74.235886,0.000797,1.548,-6.030,-5.305,0.000000
122.722420,-11.850,77.060921,0.000818,1.548,-6.043,-5.316,0.000000
123.147240,-12.147,80.198730,0.000847,1.548,-6.055,-5.327,0.000000
123.573532,-12.404,84.209427,0.000872,1.548,-6.068,-5.339,0.000000
124.001297,-12.609,87.400871,0.000893,1.548,-6.081,-5.350,0.000000
124.430542,-12.775,91.367683,0.000910,1.548,-6.093,-5.361,0.000000
124.861267,-12.901,94.500351,0.000924,1.548,-6.106,-5.372,0.000000
125.293488,-13.067,98.546638,0.000941,1.548,-6.111,-5.377,0.000000
125.727150,-12.985,102.704155,0.000932,1.548,-6.112,-5.378,0.000000
126.162369,-13.073,106.291397,0.000941,1.548,-6.113,-5.379,0.000000
126.599091,-12.939,110.080605,0.000927,1.548,-6.115,-5.380,0.000000
127.037331,-12.870,113.041878,0.000919,1.548,-6.116,-5.381,0.000000
127.477089,-12.813,117.209023,0.000913,1.548,-6.117,-5.382,0.000000
127.918365,-12.492,120.061310,0.000880,1.548,-6.119,-5.383,0.000000
128.361160,-12.460,121.555878,0.000877,1.548,-6.120,-5.385,0.000000
128.805511,-12.228,126.434326,0.000854,1.548,-6.121,-5.386,0.000000
129.251373,-11.916,126.721664,0.000824,1.548,-6.123,-5.387,0.000000
129.698792,-12.055,128.849716,0.000837,1.548,-6.124,-5.388,0.000000
130.147766,-11.557,131.982193,0.000791,1.548,-6.125,-5.389,0.000000
130.598282,-11.572,131.230820,0.000792,1.548,-6.127,-5.390,0.000000
131.050369,-11.570,137.464569,0.000792,1.548,-6.128,-5.392,0.000000
131.503952,-11.130,135.393402,0.000753,1.548,-6.129,-5.393,0.000000
131.959229,-11.563,136.777817,0.000792,1.548,-6.131,-5.394,0.000000
132.415955,-11.085,142.084167,0.000749,1.548,-6.132,-5.395,0.000000
132.874329,-11.170,137.969055,0.000757,1.548,-6.134,-5.396,0.000000
133.334290,-11.457,145.978790,0.000782,1.548,-6.135,-5.397,0.000000
133.795853,-11.007,147.039139,0.000743,1.548,-6.136,-5.399,0.000000
134.259003,-11.533,147.838028,0.000789,1.548,-6.138,-5.400,0.000000
134.723755,-11.196,162.443222,0.000759,1.548,-6.139,-5.401,0.000000
135.190109,-11.025,162.194061,0.000744,1.548,-6.141,-5.402,0.000000
135.658081,-11.646,172.552536,0.000799,1.548,-6.142,-5.403,0.000000
136.127686,-11.083,-178.555191,0.000749,1.548,-6.143,-5.405,0.000000
136.598907,-11.340,179.627411,0.000772,1.548,-6.145,-5.406,0.000000
137.071762,-11.517,-166.799026,0.000788,1.548,-6.146,-5.407,0.000000
137.546249,-11.011,-166.315201,0.000744,1.548,-6.148,-5.408,0.000000
138.022385,-11.374,-163.182312,0.000775,1.547,-6.149,-5.409,0.000000
138.500092,-11.185,-157.300430,0.000759,1.547,-6.151,-5.411,0.000000
138.979599,-10.713,-157.242599,0.000719,1.547,-6.152,-5.412,0.000000
139.460617,-10.897,-153.838318,0.000734,1.547,-6.153,-5.413,0.000000
139.943375,-10.423,-149.676010,0.000695,1.547,-6.155,-5.414,0.000000
140.427811,-10.027,-149.598160,0.000664,1.547,-6.156,-5.416,0.000000
140.913925,-9.767,-145.418671,0.000645,1.547,-6.158,-5.417,0.000000
141.401703,-9.167,-142.339493,0.000602,1.547,-6.159,-5.418,0.000000
141.891190,-8.674,-142.411316,0.000569,1.547,-6.161,-5.419,0.000000
142.382355,-8.240,-139.681595,0.000541,1.547,-6.162,-5.421,0.000000
142.875229,-7.609,-138.637787,0.000503,1.547,-6.164,-5.422,0.000000
143.369812,-7.155,-138.902512,0.000477,1.547,-6.165,-5.423,0.000000
143.866104,-6.675,-137.809036,0.000452,1.547,-6.167,-5.425,0.000000
144.364120,-6.198,-138.176880,0.000428,1.547,-6.168,-5.426,0.000000
144.863785,-5.840,-139.044189,0.000411,1.547,-6.170,-5.427,0.000000
145.365311,-5.485,-139.218765,0.000394,1.547,-6.171,-5.428,0.000000
145.868439,-5.120,-139.930206,0.000378,1.547,-6.173,-5.430,0.000000
146.373383,-4.896,-141.258850,0.000368,1.547,-6.174,-5.431,0.000000
146.880066,-4.696,-141.820709,0.000360,1.547,-6.176,-5.432,0.000000
147.388504,-4.478,-142.643341,0.000351,1.547,-6.177,-5.434,0.000000
147.898712,-4.343,-143.796936,0.000346,1.547,-6.179,-5.435,0.000000
148.410675,-4.295,-144.613724,0.000344,1.547,-6.180,-5.436,0.000000
148.924423,-4.213,-145.212189,0.000341,1.547,-6.182,-5.438,0.000000
149.439941,-4.143,-145.996033,0.000338,1.547,-6.183,-5.439,0.000000
149.957245,-4.148,-146.798264,0.000338,1.547,-6.185,-5.440,0.000000
150.476334,-4.197,-147.317688,0.000340,1.547,-6.187,-5.442,0.000000
150.997238,-4.235,-147.531494,0.000342,1.547,-6.188,-5.443,0.000000
151.519852,-4.299,-147.919052,0.000345,1.547,-6.190,-5.444,0.000000
152.044434,-4.398,-148.201202,0.000349,1.547,-6.191,-5.446,0.000000
152.570679,-4.523,-148.108215,0.000354,1.547,-6.193,-5.447,0.000000
153.098892,-4.642,-147.861557,0.000359,1.547,-6.194,-5.448,0.000000
153.628784,-4.762,-147.597275,0.000364,1.547,-6.196,-5.450,0.000000
154.160660,-4.922,-147.200912,0.000370,1.547,-6.198,-5.451,0.000000
154.694229,-5.086,-146.464020,0.000377,1.547,-6.199,-5.452,0.000000
155.229797,-5.236,-145.657028,0.000384,1.547,-6.201,-5.454,0.000000
155.767075,-5.365,-144.809402,0.000390,1.547,-6.202,-5.455,0.000000
156.306274,-5.518,-143.882095,0.000397,1.547,-6.204,-5.456,0.000000
156.847351,-5.669,-142.749252,0.000404,1.547,-6.206,-5.458,0.000000
157.390305,-5.809,-141.614197,0.000410,1.547,-6.207,-5.459,0.000000
157.935120,-5.949,-140.444351,0.000417,1.547,-6.209,-5.461,0.000000
158.481750,-6.094,-139.282715,0.000424,1.547,-6.211,-5.462,0.000000
159.030441,-6.243,-138.019608,0.000431,1.547,-6.212,-5.464,0.000000
159.580856,-6.396,-136.755661,0.000439,1.547,-6.214,-5.465,0.000000
160.133347,-6.556,-135.358047,0.000447,1.547,-6.216,-5.466,0.000000
160.687592,-6.710,-134.057190,0.000455,1.547,-6.217,-5.468,0.000000
161.243912,-6.895,-132.483841,0.000465,1.547,-6.219,-5.469,0.000000
161.801987,-7.112,-130.668610,0.000477,1.547,-6.221,-5.471,0.000000
162.362167,-7.345,-128.542725,0.000490,1.547,-6.222,-5.472,0.000000
162.924133,-7.554,-126.275520,0.000501,1.547,-6.224,-5.474,0.000000
163.488113,-7.764,-123.753342,0.000514,1.547,-6.226,-5.475,0.000000
164.054047,-7.953,-120.832916,0.000525,1.547,-6.227,-5.476,0.000000
164.621933,-8.111,-117.336250,0.000535,1.547,-6.229,-5.478,0.000000
165.191788,-8.213,-113.915169,0.000541,1.547,-6.231,-5.479,0.000000
165.763535,-8.243,-110.234177,0.000543,1.547,-6.233,-5.481,0.000000
166.337433,-8.145,-106.244453,0.000537,1.547,-6.234,-5.482,0.000000
166.913147,-7.994,-102.810623,0.000527,1.547,-6.236,-5.484,0.000000
167.491013,-7.749,-99.307426,0.000513,1.547,-6.238,-5.485,0.000000
168.070801,-7.523,-96.626427,0.000500,1.547,-6.239,-5.487,0.000000
168.652603,-7.295,-94.291656,0.000487,1.547,-6.241,-5.488,0.000000
169.236328,-7.014,-91.867516,0.000471,1.547,-6.243,-5.490,0.000000
169.822250,-6.771,-90.103134,0.000458,1.547,-6.245,-5.491,0.000000
170.410019,-6.521,-88.483398,0.000445,1.547,-6.247,-5.493,0.000000
170.999924,-6.299,-87.163040,0.000434,1.547,-6.248,-5.494,0.000000
171.591858,-6.067,-85.857841,0.000422,1.547,-6.250,-5.496,0.000000
172.185837,-5.859,-84.586334,0.000412,1.546,-6.252,-5.497,0.000000
172.781876,-5.648,-83.253754,0.000402,1.546,-6.254,-5.499,0.000000
173.379990,-5.392,-82.117325,0.000390,1.546,-6.255,-5.500,0.000000
173.980164,-5.123,-81.268974,0.000378,1.546,-6.257,-5.502,0.000000
174.582336,-4.857,-80.860725,0.000367,1.546,-6.259,-5.503,0.000000
175.186752,-4.601,-80.811264,0.000356,1.546,-6.261,-5.505,0.000000
175.793182,-4.401,-81.047943,0.000348,1.546,-6.263,-5.507,0.000000
176.401703,-4.228,-81.567719,0.000341,1.546,-6.265,-5.508,0.000000
177.012253,-4.119,-82.280960,0.000337,1.546,-6.266,-5.510,0.000000
177.625092,-4.049,-83.143425,0.000334,1.546,-6.268,-5.511,0.000000
178.239883,-4.033,-84.022430,0.000333,1.546,-6.270,-5.513,0.000000
178.856964,-4.066,-85.041496,0.000335,1.546,-6.272,-5.514,0.000000
179.476013,-4.156,-85.892120,0.000338,1.546,-6.274,-5.516,0.000000
180.097290,-4.298,-86.547997,0.000343,1.546,-6.276,-5.518,0.000000
180.720718,-4.474,-87.055344,0.000350,1.546,-6.278,-5.519,0.000000
181.346298,-4.680,-87.416031,0.000359,1.546,-6.279,-5.521,0.000000
181.974045,-4.917,-87.615250,0.000369,1.546,-6.281,-5.523,0.000000
182.603882,-5.159,-87.587616,0.000379,1.546,-6.283,-5.524,0.000000
183.236084,-5.429,-87.450638,0.000391,1.546,-6.285,-5.526,0.000000
183.870377,-5.720,-87.150551,0.000404,1.546,-6.287,-5.527,0.000000
184.506866,-6.041,-86.713417,0.000419,1.546,-6.289,-5.529,0.000000
185.145462,-6.377,-85.990944,0.000436,1.546,-6.291,-5.531,0.000000
185.786453,-6.725,-84.981255,0.000453,1.546,-6.293,-5.532,0.000000
186.429489,-7.077,-83.657173,0.000472,1.546,-6.295,-5.534,0.000000
187.074921,-7.461,-82.022682,0.000493,1.546,-6.297,-5.536,0.000000
187.722412,-7.789,-80.207550,0.000512,1.546,-6.299,-5.537,0.000000
188.372238,-8.103,-78.387062,0.000530,1.546,-6.301,-5.539,0.000000
189.024307,-8.432,-76.513161,0.000551,1.546,-6.303,-5.541,0.000000
189.678650,-8.764,-74.230743,0.000572,1.546,-6.304,-5.542,0.000000
190.335236,-9.066,-71.333832,0.000592,1.546,-6.306,-5.544,0.000000
190.994110,-9.345,-68.184540,0.000611,1.546,-6.308,-5.546,0.000000
191.655258,-9.527,-64.760574,0.000624,1.546,-6.310,-5.547,0.000000
192.318695,-9.622,-61.388962,0.000630,1.546,-6.312,-5.549,0.000000
192.984421,-9.618,-58.129341,0.000630,1.546,-6.314,-5.551,0.000000
193.652374,-9.566,-55.470619,0.000626,1.546,-6.316,-5.553,0.000000
194.322815,-9.539,-52.439289,0.000624,1.546,-6.318,-5.554,0.000000
194.995392,-9.465,-50.577358,0.000618,1.546,-6.320,-5.556,0.000000
195.670486,-9.427,-48.070873,0.000615,1.546,-6.323,-5.558,0.000000
196.347733,-9.364,-46.182152,0.000611,1.546,-6.325,-5.559,0.000000
197.027405,-9.262,-44.093693,0.000603,1.546,-6.327,-5.561,0.000000
197.709442,-9.215,-42.420834,0.000600,1.546,-6.329,-5.563,0.000000
198.393829,-9.102,-40.821556,0.000592,1.546,-6.331,-5.565,0.000000
199.080597,-9.053,-39.199093,0.000588,1.546,-6.333,-5.567,0.000000
199.769745,-9.043,-38.272781,0.000588,1.546,-6.335,-5.568,0.000000
200.461258,-9.031,-36.998257,0.000587,1.546,-6.337,-5.570,0.000000
201.155182,-9.067,-36.374443,0.000589,1.546,-6.339,-5.572,0.000000
201.851501,-9.150,-35.352760,0.000594,1.546,-6.341,-5.574,0.000000
202.550232,-9.289,-34.941692,0.000603,1.546,-6.343,-5.575,0.000000
203.251389,-9.409,-34.121250,0.000612,1.546,-6.345,-5.577,0.000000
203.954865,-9.614,-33.198929,0.000626,1.546,-6.347,-5.579,0.000000
204.660980,-9.807,-32.370087,0.000640,1.546,-6.350,-5.581,0.000000
205.369339,-9.988,-31.721422,0.000653,1.546,-6.352,-5.583,0.000000
206.080246,-10.274,-30.571280,0.000674,1.545,-6.354,-5.585,0.000000
206.793625,-10.537,-29.997196,0.000695,1.545,-6.356,-5.586,0.000000
207.509567,-10.891,-29.146355,0.000723,1.545,-6.358,-5.588,0.000000
208.227783,-11.276,-27.988922,0.000756,1.545,-6.360,-5.590,0.000000
208.948685,-11.677,-26.465124,0.000791,1.545,-6.362,-5.592,0.000000
209.671890,-12.160,-25.014452,0.000836,1.545,-6.365,-5.594,0.000000
210.397690,-12.590,-22.847534,0.000878,1.545,-6.367,-5.596,0.000000
211.126007,-13.071,-20.112019,0.000928,1.545,-6.369,-5.597,0.000000
211.856842,-13.463,-17.097399,0.000970,1.545,-6.371,-5.599,0.000000
212.590210,-13.867,-13.561791,0.001016,1.545,-6.373,-5.601,0.000000
213.326019,-14.079,-10.133223,0.001041,1.545,-6.376,-5.603,0.000000
214.064575,-14.297,-5.636900,0.001067,1.545,-6.378,-5.605,0.000000
214.805481,-14.357,-1.918988,0.001073,1.545,-6.380,-5.607,0.000000
215.549057,-14.403,1.819637,0.001078,1.545,-6.382,-5.609,0.000000
216.295197,-14.340,5.037937,0.001070,1.545,-6.385,-5.611,0.000000
217.044037,-14.280,8.103622,0.001063,1.545,-6.387,-5.613,0.000000
217.795258,-14.173,10.699540,0.001049,1.545,-6.389,-5.615,0.000000
218.549286,-14.060,12.378576,0.001035,1.545,-6.391,-5.617,0.000000
219.305710,-13.999,14.343863,0.001028,1.545,-6.394,-5.619,0.000000
220.064865,-13.965,15.468786,0.001023,1.545,-6.396,-5.620,0.000000
220.826645,-14.052,15.883534,0.001033,1.545,-6.398,-5.622,0.000000
221.591064,-14.095,16.818884,0.001038,1.545,-6.400,-5.624,0.000000
222.358124,-14.318,16.610247,0.001065,1.545,-6.403,-5.626,0.000000
223.127731,-14.541,17.826756,0.001092,1.545,-6.405,-5.628,0.000000
223.900223,-14.804,17.766079,0.001125,1.545,-6.407,-5.630,0.000000
224.675171,-15.151,19.403334,0.001171,1.545,-6.410,-5.632,0.000000
225.453018,-15.549,20.683418,0.001225,1.545,-6.412,-5.634,0.000000
226.233337,-16.091,23.182247,0.001303,1.545,-6.414,-5.636,0.000000
227.016586,-16.450,25.714443,0.001358,1.545,-6.417,-5.638,0.000000
227.802322,-16.978,28.283138,0.001442,1.545,-6.419,-5.640,0.000000
228.590988,-17.335,32.599445,0.001502,1.545,-6.422,-5.642,0.000000
229.382187,-17.608,35.140659,0.001550,1.545,-6.424,-5.644,0.000000
230.176208,-17.850,39.712322,0.001593,1.545,-6.426,-5.646,0.000000
230.972992,-17.938,42.785023,0.001609,1.545,-6.429,-5.649,0.000000
231.772537,-18.137,46.800571,0.001646,1.545,-6.431,-5.651,0.000000
232.574844,-18.188,50.478474,0.001655,1.545,-6.434,-5.653,0.000000
233.379822,-18.246,53.640961,0.001665,1.545,-6.436,-5.655,0.000000
234.187805,-18.313,56.793255,0.001677,1.545,-6.438,-5.657,0.000000
234.998352,-18.384,59.261814,0.001691,1.545,-6.441,-5.659,0.000000
235.811935,-18.425,61.730114,0.001698,1.545,-6.443,-5.661,0.000000
236.628113,-18.536,63.418739,0.001719,1.545,-6.446,-5.663,0.000000
237.447342,-18.666,65.845901,0.001745,1.545,-6.448,-5.665,0.000000
238.269180,-18.690,68.233635,0.001749,1.545,-6.451,-5.667,0.000000
239.094101,-18.837,70.166985,0.001778,1.545,-6.453,-5.669,0.000000
239.921631,-19.083,72.745232,0.001829,1.544,-6.456,-5.672,0.000000
240.752151,-19.146,74.819679,0.001841,1.544,-6.458,-5.674,0.000000
241.585541,-19.339,76.741890,0.001882,1.544,-6.461,-5.676,0.000000
242.421814,-19.477,79.295593,0.001912,1.544,-6.463,-5.678,0.000000
243.260986,-19.567,81.673332,0.001931,1.544,-6.466,-5.680,0.000000
244.102951,-19.732,83.874352,0.001968,1.544,-6.468,-5.682,0.000000
244.948059,-19.887,85.715446,0.002003,1.544,-6.471,-5.684,0.000000
245.795975,-19.958,87.770363,0.002019,1.544,-6.473,-5.687,0.000000
246.646820,-20.018,89.555290,0.002033,1.544,-6.476,-5.689,0.000000
247.500626,-20.130,91.145821,0.002059,1.544,-6.478,-5.691,0.000000
248.357376,-20.217,92.745956,0.002079,1.544,-6.481,-5.693,0.000000
249.216980,-20.319,93.635818,0.002103,1.544,-6.484,-5.695,0.000000
250.079788,-20.475,94.510086,0.002140,1.544,-6.486,-5.698,0.000000
250.945343,-20.682,95.467033,0.002191,1.544,-6.487,-5.699,0.000000
251.814026,-20.892,96.217712,0.002244,1.544,-6.488,-5.700,0.000000
252.685715,-21.132,96.843460,0.002306,1.544,-6.490,-5.701,0.000000
253.560410,-21.384,97.480949,0.002373,1.544,-6.491,-5.702,0.000000
254.438141,-21.742,98.062195,0.002472,1.544,-6.492,-5.703,0.000000
255.318909,-22.147,98.461800,0.002590,1.544,-6.493,-5.704,0.000000
256.202728,-22.602,99.048210,0.002729,1.544,-6.494,-5.705,0.000000
257.089600,-23.093,99.621742,0.002887,1.544,-6.496,-5.706,0.000000
257.979553,-23.698,100.474434,0.003095,1.544,-6.497,-5.707,0.000000
258.872559,-24.366,102.306000,0.003341,1.544,-6.498,-5.708,0.000000
259.768677,-25.022,104.953278,0.003603,1.544,-6.499,-5.709,0.000000
260.667786,-25.697,107.983879,0.003893,1.544,-6.500,-5.710,0.000000
261.570251,-26.350,111.163422,0.004195,1.544,-6.502,-5.711,0.000000
262.475555,-26.924,114.494499,0.004480,1.544,-6.503,-5.713,0.000000
263.384277,-27.571,118.536774,0.004825,1.544,-6.504,-5.714,0.000000
264.295898,-28.119,122.969452,0.005137,1.544,-6.505,-5.715,0.000000
265.210785,-28.587,127.630524,0.005420,1.544,-6.507,-5.716,0.000000
266.128845,-28.912,132.635635,0.005625,1.544,-6.508,-5.717,0.000000
267.050201,-29.201,136.484268,0.005815,1.544,-6.509,-5.718,0.000000
267.974518,-29.443,140.282745,0.005978,1.544,-6.510,-5.719,0.000000
268.902130,-29.661,143.971527,0.006128,1.544,-6.512,-5.720,0.000000
269.832977,-29.926,147.764908,0.006317,1.544,-6.513,-5.721,0.000000
270.767029,-30.114,151.428513,0.006454,1.544,-6.514,-5.723,0.000000
271.704315,-30.185,154.100998,0.006506,1.544,-6.515,-5.724,0.000000
272.644714,-30.318,156.030396,0.006605,1.544,-6.517,-5.725,0.000000
273.588654,-30.507,157.489410,0.006750,1.544,-6.518,-5.726,0.000000
274.535583,-30.795,158.477234,0.006976,1.544,-6.519,-5.727,0.000000
275.486053,-31.104,158.445816,0.007227,1.544,-6.521,-5.728,0.000000
276.439545,-31.594,157.941238,0.007645,1.544,-6.522,-5.729,0.000000
277.396454,-32.194,157.556320,0.008190,1.544,-6.523,-5.731,0.000000
278.356689,-32.881,157.686722,0.008863,1.544,-6.524,-5.732,0.000000
279.320404,-33.779,158.650558,0.009827,1.544,-6.526,-5.733,0.000000
280.287170,-34.763,160.310379,0.011003,1.544,-6.527,-5.734,0.000000
281.257416,-35.741,162.121353,0.012313,1.544,-6.528,-5.735,0.000000
282.231018,-36.709,164.230469,0.013763,1.544,-6.530,-5.736,0.000000
283.207977,-37.768,166.802826,0.015544,1.544,-6.531,-5.738,0.000000
284.188354,-38.699,171.926926,0.017299,1.544,-6.532,-5.739,0.000000
285.171967,-39.195,176.422531,0.018313,1.544,-6.534,-5.740,0.000000
286.159271,-39.720,-178.791702,0.019451,1.544,-6.535,-5.741,0.000000
287.149689,-40.306,-172.314835,0.020806,1.544,-6.536,-5.742,0.000000
288.143829,-40.654,-167.363754,0.021651,1.544,-6.538,-5.744,0.000000
289.141144,-40.508,-160.324081,0.021287,1.544,-6.539,-5.745,0.000000
290.142029,-40.533,-153.709503,0.021345,1.544,-6.541,-5.746,0.000000
291.146393,-40.278,-149.108917,0.020724,1.544,-6.542,-5.747,0.000000
292.154358,-39.937,-143.004349,0.019924,1.544,-6.543,-5.749,0.000000
293.165558,-40.026,-136.251602,0.020130,1.544,-6.545,-5.750,0.000000
294.180389,-40.098,-137.475464,0.020297,1.544,-6.546,-5.751,0.000000
295.198730,-39.617,-139.652557,0.019204,1.544,-6.547,-5.752,0.000000
296.220581,-39.026,-147.117172,0.017940,1.544,-6.549,-5.753,0.000000
297.246002,-38.748,-152.292892,0.017376,1.544,-6.550,-5.755,0.000000
298.274933,-38.168,-175.040863,0.016253,1.544,-6.552,-5.756,0.000000
299.307465,-37.923,176.793823,0.015799,1.544,-6.553,-5.757,0.000000
300.343414,-37.429,132.183853,0.014922,1.544,-6.554,-5.758,0.000000
301.383209,-37.138,124.924118,0.014429,1.544,-6.556,-5.760,0.000000
302.426361,-36.751,101.210182,0.013797,1.544,-6.557,-5.761,0.000000
303.473389,-36.459,97.329102,0.013339,1.544,-6.559,-5.762,0.000000
304.523743,-36.124,87.186890,0.012832,1.543,-6.560,-5.764,0.000000
305.578033,-35.540,81.111488,0.011996,1.543,-6.561,-5.765,0.000000
306.635681,-35.153,81.927811,0.011473,1.543,-6.563,-5.766,0.000000
307.697266,-33.988,77.922844,0.010033,1.543,-6.564,-5.767,0.000000
308.762268,-33.118,75.817955,0.009077,1.543,-6.566,-5.769,0.000000
309.831085,-31.773,77.282211,0.007774,1.543,-6.567,-5.770,0.000000
310.903595,-30.740,76.025528,0.006903,1.543,-6.569,-5.771,0.000000
311.979828,-29.544,71.611870,0.006015,1.543,-6.570,-5.773,0.000000
313.059784,-28.940,84.613190,0.005611,1.543,-6.572,-5.774,0.000000
314.143311,-27.940,85.790726,0.005000,1.543,-6.573,-5.775,0.000000
315.230927,-27.944,97.416840,0.005001,1.543,-6.575,-5.776,0.000000
316.322113,-27.506,105.455482,0.004754,1.543,-6.576,-5.778,0.000000
317.417114,-27.683,107.217651,0.004851,1.543,-6.578,-5.779,0.000000
318.515747,-27.716,107.852142,0.004869,1.543,-6.579,-5.780,0.000000
319.618469,-27.951,108.703102,0.005001,1.543,-6.581,-5.782,0.000000
320.724701,-28.145,110.951599,0.005113,1.543,-6.582,-5.783,0.000000
321.835083,-28.467,111.709068,0.005306,1.543,-6.584,-5.784,0.000000
322.949005,-28.329,110.352509,0.005221,1.543,-6.585,-5.786,0.000000
324.066925,-28.526,114.797050,0.005340,1.543,-6.587,-5.787,0.000000
325.188721,-28.110,111.816231,0.005090,1.543,-6.588,-5.789,0.000000
326.314392,-27.924,110.962059,0.004981,1.543,-6.590,-5.790,0.000000
327.443970,-27.217,113.027039,0.004591,1.543,-6.591,-5.791,0.000000
328.577301,-27.142,112.702690,0.004551,1.543,-6.593,-5.793,0.000000
329.714874,-26.430,111.790344,0.004193,1.543,-6.594,-5.794,0.000000
330.856232,-26.219,115.480042,0.004092,1.543,-6.596,-5.795,0.000000
332.001526,-25.767,112.244202,0.003885,1.543,-6.597,-5.797,0.000000
333.150635,-25.760,111.713264,0.003882,1.543,-6.599,-5.798,0.000000
334.304016,-25.537,112.580284,0.003784,1.543,-6.601,-5.800,0.000000
335.461090,-25.825,113.556358,0.003911,1.543,-6.602,-5.801,0.000000
336.622498,-25.992,120.045921,0.003986,1.543,-6.604,-5.802,0.000000
337.787598,-26.634,115.869003,0.004291,1.543,-6.605,-5.804,0.000000
338.956879,-26.931,122.863434,0.004439,1.543,-6.607,-5.805,0.000000
340.130219,-27.689,135.510071,0.004843,1.543,-6.608,-5.807,0.000000
341.307617,-28.047,123.874893,0.005047,1.543,-6.610,-5.808,0.000000
342.489105,-28.666,146.147858,0.005418,1.543,-6.612,-5.809,0.000000
343.674652,-29.051,142.407501,0.005663,1.543,-6.613,-5.811,0.000000
344.864319,-29.444,149.859634,0.005924,1.543,-6.615,-5.812,0.000000
346.058105,-29.658,172.488770,0.006071,1.543,-6.617,-5.814,0.000000
347.256042,-29.773,176.868073,0.006151,1.543,-6.618,-5.815,0.000000
348.457947,-29.906,-170.110214,0.006245,1.543,-6.620,-5.817,0.000000
349.664337,-29.888,-164.200104,0.006231,1.543,-6.621,-5.818,0.000000
350.874573,-30.189,-159.905701,0.006448,1.543,-6.623,-5.820,0.000000
352.089325,-30.558,-149.526535,0.006727,1.543,-6.625,-5.821,0.000000
353.307953,-31.438,-137.033813,0.007441,1.543,-6.626,-5.823,0.000000
354.530975,-32.253,-112.591164,0.008170,1.543,-6.628,-5.824,0.000000
355.758240,-33.289,-109.459946,0.009202,1.543,-6.630,-5.826,0.000000
356.989716,-33.573,-103.595505,0.009505,1.543,-6.631,-5.827,0.000000
358.225494,-33.900,-103.088211,0.009866,1.543,-6.633,-5.829,0.000000
359.465515,-33.823,-99.870689,0.009775,1.543,-6.635,-5.830,0.000000
360.709869,-33.365,-96.574699,0.009273,1.543,-6.636,-5.832,0.000000
361.958496,-32.945,-98.033653,0.008833,1.543,-6.638,-5.833,0.000000
363.211456,-32.362,-90.873917,0.008259,1.543,-6.640,-5.835,0.000000
364.468750,-31.774,-89.745598,0.007717,1.543,-6.642,-5.836,0.000000
365.730408,-31.152,-81.086861,0.007182,1.543,-6.643,-5.838,0.000000
366.996246,-30.920,-76.887299,0.006991,1.543,-6.645,-5.839,0.000000
368.266815,-30.871,-66.089073,0.006950,1.543,-6.647,-5.841,0.000000
369.541443,-31.087,-59.221382,0.007123,1.543,-6.648,-5.842,0.000000
370.820648,-31.337,-56.421551,0.007328,1.543,-6.650,-5.844,0.000000
372.104309,-31.483,-54.201523,0.007450,1.543,-6.652,-5.845,0.000000
373.392395,-31.538,-47.191051,0.007495,1.543,-6.654,-5.847,0.000000
374.684937,-31.602,-48.553738,0.007548,1.543,-6.655,-5.848,0.000000
375.982117,-31.609,-40.244980,0.007551,1.543,-6.657,-5.850,0.000000
377.283447,-31.472,-38.376457,0.007431,1.543,-6.659,-5.852,0.000000
378.589447,-31.596,-37.998295,0.007537,1.543,-6.661,-5.853,0.000000
379.899994,-31.847,-36.292908,0.007757,1.543,-6.663,-5.855,0.000000
381.215057,-32.290,-36.393524,0.008161,1.543,-6.664,-5.856,0.000000
382.534668,-32.933,-34.350334,0.008787,1.542,-6.666,-5.858,0.000000
383.858673,-33.490,-34.237572,0.009367,1.542,-6.668,-5.860,0.000000
385.187622,-34.096,-35.369255,0.010042,1.542,-6.670,-5.861,0.000000
386.520813,-34.603,-33.817856,0.010642,1.542,-6.672,-5.863,0.000000
387.859009,-34.967,-32.002499,0.011093,1.542,-6.673,-5.864,0.000000
389.201416,-35.467,-30.368877,0.011746,1.542,-6.675,-5.866,0.000000
390.548889,-35.851,-28.181513,0.012273,1.542,-6.677,-5.868,0.000000
391.900635,-36.066,-25.466915,0.012577,1.542,-6.679,-5.869,0.000000
393.257416,-36.256,-21.658804,0.012851,1.542,-6.681,-5.871,0.000000
394.618530,-36.252,-18.528595,0.012840,1.542,-6.683,-5.873,0.000000
395.984558,-36.114,-11.830037,0.012636,1.542,-6.684,-5.874,0.000000
397.355316,-36.071,-9.378973,0.012571,1.542,-6.686,-5.876,0.000000
398.730804,-36.128,1.206326,0.012652,1.542,-6.688,-5.878,0.000000
400.111053,-36.249,14.955412,0.012828,1.542,-6.690,-5.879,0.000000
401.495880,-36.246,22.519209,0.012821,1.542,-6.692,-5.881,0.000000
402.885895,-36.316,27.916346,0.012923,1.542,-6.694,-5.883,0.000000
404.280365,-36.601,32.473705,0.013351,1.542,-6.696,-5.884,0.000000
405.679993,-36.722,36.847294,0.013535,1.542,-6.698,-5.886,0.000000
407.084106,-37.141,39.573231,0.014202,1.542,-6.699,-5.888,0.000000
408.493500,-37.448,37.740387,0.014711,1.542,-6.701,-5.889,0.000000
409.907349,-37.765,39.429794,0.015254,1.542,-6.703,-5.891,0.000000
411.326477,-37.990,38.929192,0.015653,1.542,-6.705,-5.893,0.000000
412.750122,-38.112,38.391941,0.015872,1.542,-6.707,-5.895,0.000000
414.178925,-37.998,38.204906,0.015661,1.542,-6.709,-5.896,0.000000
415.612640,-38.050,38.135044,0.015752,1.542,-6.711,-5.898,0.000000
417.051331,-38.017,34.367558,0.015690,1.542,-6.713,-5.900,0.000000
418.494995,-37.994,36.401268,0.015647,1.542,-6.715,-5.902,0.000000
419.943481,-38.140,38.861538,0.015909,1.542,-6.717,-5.903,0.000000
421.397369,-38.126,44.310406,0.015881,1.542,-6.719,-5.905,0.000000
422.855865,-38.511,51.718952,0.016597,1.542,-6.721,-5.907,0.000000
424.319855,-38.660,64.572929,0.016882,1.542,-6.723,-5.909,0.000000
425.788666,-39.087,75.871460,0.017729,1.542,-6.725,-5.910,0.000000
427.262604,-39.408,85.256844,0.018394,1.542,-6.727,-5.912,0.000000
428.741394,-39.534,94.629372,0.018660,1.542,-6.729,-5.914,0.000000
430.225739,-39.984,110.587822,0.019648,1.542,-6.731,-5.916,0.000000
431.714813,-40.162,119.955002,0.020052,1.542,-6.733,-5.918,0.000000
433.209259,-40.330,127.685112,0.020443,1.542,-6.735,-5.919,0.000000
434.708862,-39.951,137.106552,0.019570,1.542,-6.737,-5.921,0.000000
436.213654,-39.690,141.448074,0.018991,1.542,-6.739,-5.923,0.000000
437.723663,-39.493,147.251129,0.018565,1.542,-6.741,-5.925,0.000000
439.238892,-38.755,151.531937,0.017053,1.542,-6.743,-5.927,0.000000
440.759369,-38.207,161.327026,0.016010,1.542,-6.745,-5.929,0.000000
442.285095,-37.609,168.023605,0.014944,1.542,-6.747,-5.930,0.000000
443.816132,-36.757,171.544693,0.013548,1.542,-6.749,-5.932,0.000000
445.352448,-36.006,179.333282,0.012426,1.542,-6.752,-5.934,0.000000
446.894073,-35.358,-176.628860,0.011533,1.542,-6.754,-5.936,0.000000
448.440857,-34.549,-160.929169,0.010507,1.542,-6.756,-5.938,0.000000
449.993408,-33.951,-153.751770,0.009808,1.542,-6.758,-5.940,0.000000
451.550873,-33.365,-146.272369,0.009169,1.542,-6.760,-5.942,0.000000
453.114197,-32.856,-118.251701,0.008647,1.542,-6.762,-5.943,0.000000
454.682495,-31.974,-113.823463,0.007813,1.542,-6.764,-5.945,0.000000
456.256409,-30.555,-97.494095,0.006637,1.542,-6.766,-5.947,0.000000
457.835815,-29.270,-98.634628,0.005725,1.542,-6.768,-5.949,0.000000
459.420654,-27.608,-94.742264,0.004729,1.542,-6.771,-5.951,0.000000
461.010986,-25.842,-84.822220,0.003860,1.541,-6.773,-5.953,0.000000
462.606842,-24.064,-76.041405,0.003146,1.541,-6.775,-5.955,0.000000
464.208221,-22.260,-75.803360,0.002556,1.541,-6.777,-5.957,0.000000
465.815125,-20.694,-73.860992,0.002134,1.541,-6.779,-5.959,0.000000
467.427582,-19.348,-69.512840,0.001828,1.541,-6.782,-5.961,0.000000
469.045410,-18.395,-42.752247,0.001638,1.541,-6.784,-5.963,0.000000
470.669312,-17.919,-21.487602,0.001551,1.541,-6.786,-5.965,0.000000
472.298340,-17.875,-6.731301,0.001543,1.541,-6.788,-5.967,0.000000
473.933502,-18.031,-3.993346,0.001571,1.541,-6.790,-5.969,0.000000
475.573853,-18.481,7.684148,0.001654,1.541,-6.793,-5.971,0.000000
477.220093,-19.062,9.942231,0.001769,1.541,-6.795,-5.973,0.000000
478.872040,-19.112,4.681224,0.001780,1.541,-6.797,-5.975,0.000000
480.529724,-18.081,4.352374,0.001581,1.541,-6.799,-5.977,0.000000
482.193146,-16.572,2.047459,0.001329,1.541,-6.802,-5.979,0.000000
483.862305,-14.571,0.953605,0.001056,1.541,-6.804,-5.981,0.000000
485.537262,-11.980,2.704327,0.000784,1.541,-6.806,-5.983,0.000000
487.217987,-9.265,-1.157047,0.000573,1.541,-6.808,-5.985,0.000000
488.904541,-6.636,-4.600882,0.000448,1.541,-6.811,-5.987,0.000000
490.596710,-3.839,-5.005115,0.000325,1.541,-6.813,-5.989,0.000000
492.295197,-1.111,-11.079638,0.000224,1.541,-6.815,-5.991,0.000000
493.999115,1.437,-1.155716,0.000243,1.541,-6.818,-5.993,0.000000
495.709381,2.268,26.227278,0.000221,1.541,-6.820,-5.995,0.000000
497.425110,3.112,77.415863,0.000233,1.541,-6.822,-5.997,0.000000
499.147003,3.936,65.308090,0.000245,1.541,-6.825,-5.999,0.000000
500.874847,4.881,105.395317,0.000191,1.541,-6.828,-6.002,0.000000
502.608917,5.845,100.866829,0.000228,1.541,-6.832,-6.006,0.000000
504.348541,6.629,110.179039,0.000198,1.541,-6.836,-6.010,0.000000
506.094391,7.180,21.294846,0.000194,1.541,-6.840,-6.013,0.000000
507.846283,7.816,29.724722,0.000174,1.541,-6.843,-6.017,0.000000
509.604279,-200.100,0.000000,0.000000,1.542,-6.847,-6.021,0.000000
511.368317,-200.100,0.000000,0.000000,1.542,-6.851,-6.025,0.000000
513.138489,-200.100,0.000000,0.000000,1.542,-6.855,-6.029,0.000000
514.914795,-200.100,0.000000,0.000000,1.542,-6.859,-6.033,0.000000
516.696960,-200.100,0.000000,0.000000,1.542,-6.863,-6.036,0.000000
518.485840,-200.100,0.000000,0.000000,1.542,-6.867,-6.040,0.000000
520.280334,-200.100,0.000000,0.000000,1.542,-6.871,-6.044,0.000000
522.081360,-200.098,0.000000,0.000000,1.542,-6.875,-6.048,0.000000
523.888611,-200.097,0.000000,0.000000,1.542,-6.880,-6.052,0.000000
525.702393,-200.095,0.000000,0.000000,1.542,-6.884,-6.056,0.000000
527.521912,-200.094,0.000000,0.000000,1.542,-6.888,-6.060,0.000000
529.348206,-200.092,0.000000,0.000000,1.543,-6.892,-6.064,0.000000
531.180359,-200.091,0.000000,0.000000,1.543,-6.896,-6.068,0.000000
533.019104,-200.090,0.000000,0.000000,1.543,-6.900,-6.072,0.000000
534.864258,-200.090,0.000000,0.000000,1.543,-6.904,-6.076,0.000000
536.715698,-200.090,0.000000,0.000000,1.543,-6.908,-6.080,0.000000
538.573608,-200.090,0.000000,0.000000,1.543,-6.913,-6.084,0.000000
540.437683,-200.090,0.000000,0.000000,1.543,-6.917,-6.088,0.000000
542.308777,-200.090,0.000000,0.000000,1.543,-6.921,-6.092,0.000000
544.185730,-200.090,0.000000,0.000000,1.543,-6.925,-6.096,0.000000
546.069763,-200.090,0.000000,0.000000,1.543,-6.929,-6.100,0.000000
547.959778,-200.090,0.000000,0.000000,1.544,-6.934,-6.104,0.000000
549.856873,-200.090,0.000000,0.000000,1.544,-6.938,-6.108,0.000000
551.760010,-200.090,0.000000,0.000000,1.544,-6.942,-6.112,0.000000
553.670288,-200.090,0.000000,0.000000,1.544,-6.946,-6.116,0.000000
555.586609,-200.090,0.000000,0.000000,1.544,-6.951,-6.121,0.000000
557.509827,-200.090,0.000000,0.000000,1.544,-6.955,-6.125,0.000000
559.439697,-200.090,0.000000,0.000000,1.544,-6.959,-6.129,0.000000
561.376282,-200.090,0.000000,0.000000,1.544,-6.964,-6.133,0.000000
563.319519,-200.090,0.000000,0.000000,1.544,-6.968,-6.137,0.000000
565.269287,-200.090,0.000000,0.000000,1.544,-6.973,-6.142,0.000000
567.226318,-200.090,0.000000,0.000000,1.545,-6.977,-6.146,0.000000
569.189514,-200.090,0.000000,0.000000,1.545,-6.981,-6.150,0.000000
571.160156,-200.091,0.000000,0.000000,1.545,-6.986,-6.154,0.000000
573.136963,-200.092,0.000000,0.000000,1.545,-6.990,-6.159,0.000000
575.121216,-200.094,0.000000,0.000000,1.545,-6.995,-6.163,0.000000
577.111816,-200.095,0.000000,0.000000,1.545,-6.999,-6.167,0.000000
579.109863,-200.097,0.000000,0.000000,1.545,-7.004,-6.172,0.000000
581.114197,-200.098,0.000000,0.000000,1.545,-7.008,-6.176,0.000000
583.125793,-200.100,0.000000,0.000000,1.545,-7.013,-6.180,0.000000
585.144348,-200.101,0.000000,0.000000,1.545,-7.017,-6.185,0.000000
587.169922,-200.103,0.000000,0.000000,1.546,-7.022,-6.189,0.000000
589.202454,-200.104,0.000000,0.000000,1.546,-7.026,-6.193,0.000000
591.241760,-200.106,0.000000,0.000000,1.546,-7.031,-6.198,0.000000
593.288696,-200.107,0.000000,0.000000,1.546,-7.036,-6.202,0.000000
595.342468,-200.109,0.000000,0.000000,1.546,-7.040,-6.207,0.000000
597.403320,-200.110,0.000000,0.000000,1.546,-7.045,-6.211,0.000000
599.471008,-200.112,0.000000,0.000000,1.546,-7.049,-6.216,0.000000
601.546448,-200.113,0.000000,0.000000,1.546,-7.054,-6.220,0.000000
603.628479,-200.115,0.000000,0.000000,1.546,-7.059,-6.225,0.000000
605.718262,-200.116,0.000000,0.000000,1.547,-7.064,-6.229,0.000000
607.814758,-200.118,0.000000,0.000000,1.547,-7.068,-6.234,0.000000
609.918762,-200.119,0.000000,0.000000,1.547,-7.073,-6.238,0.000000
612.030090,-200.121,0.000000,0.000000,1.547,-7.078,-6.243,0.000000
614.148682,-200.122,0.000000,0.000000,1.547,-7.082,-6.247,0.000000
616.274658,-200.124,0.000000,0.000000,1.547,-7.087,-6.252,0.000000
618.407654,-200.125,0.000000,0.000000,1.547,-7.092,-6.257,0.000000
620.548645,-200.127,0.000000,0.000000,1.547,-7.097,-6.261,0.000000
622.696716,-200.128,0.000000,0.000000,1.547,-7.102,-6.266,0.000000
624.852295,-200.130,0.000000,0.000000,1.548,-7.107,-6.271,0.000000
627.015259,-200.130,0.000000,0.000000,1.548,-7.111,-6.275,0.000000
629.185730,-200.130,0.000000,0.000000,1.548,-7.116,-6.280,0.000000
631.363464,-200.130,0.000000,0.000000,1.548,-7.121,-6.285,0.000000
633.549316,-200.130,0.000000,0.000000,1.548,-7.126,-6.289,0.000000
635.742126,-200.130,0.000000,0.000000,1.548,-7.131,-6.294,0.000000
637.942810,-200.130,0.000000,0.000000,1.548,-7.136,-6.299,0.000000
640.151123,-200.130,0.000000,0.000000,1.548,-7.141,-6.304,0.000000
642.367065,-200.132,0.000000,0.000000,1.548,-7.146,-6.308,0.000000
644.590698,-200.133,0.000000,0.000000,1.549,-7.151,-6.313,0.000000
646.822327,-200.135,0.000000,0.000000,1.549,-7.156,-6.318,0.000000
649.061096,-200.136,0.000000,0.000000,1.549,-7.161,-6.323,0.000000
651.307861,-200.138,0.000000,0.000000,1.549,-7.166,-6.328,0.000000
653.562439,-200.139,0.000000,0.000000,1.549,-7.171,-6.333,0.000000
655.824829,-200.139,0.000000,0.000000,1.549,-7.176,-6.338,0.000000
658.095032,-200.138,0.000000,0.000000,1.549,-7.181,-6.342,0.000000
660.372803,-200.136,0.000000,0.000000,1.549,-7.186,-6.347,0.000000
662.659058,-200.135,0.000000,0.000000,1.550,-7.192,-6.352,0.000000
664.952637,-200.133,0.000000,0.000000,1.550,-7.197,-6.357,0.000000
667.254761,-200.132,0.000000,0.000000,1.550,-7.202,-6.362,0.000000
669.564209,-200.130,0.000000,0.000000,1.550,-7.207,-6.367,0.000000
671.882019,-200.130,0.000000,0.000000,1.550,-7.212,-6.372,0.000000
674.207764,-200.130,0.000000,0.000000,1.550,-7.218,-6.377,0.000000
676.541992,-200.130,0.000000,0.000000,1.550,-7.223,-6.382,0.000000
678.883545,-200.130,0.000000,0.000000,1.550,-7.228,-6.387,0.000000
681.233582,-200.130,0.000000,0.000000,1.550,-7.233,-6.393,0.000000
683.591797,-200.130,0.000000,0.000000,1.551,-7.239,-6.398,0.000000
685.958130,-200.130,0.000000,0.000000,1.551,-7.244,-6.403,0.000000
688.332642,-200.128,0.000000,0.000000,1.551,-7.249,-6.408,0.000000
690.715027,-200.127,0.000000,0.000000,1.551,-7.255,-6.413,0.000000
693.106384,-200.125,0.000000,0.000000,1.551,-7.260,-6.418,0.000000
695.505310,-200.124,0.000000,0.000000,1.551,-7.265,-6.423,0.000000
697.913208,-200.122,0.000000,0.000000,1.551,-7.271,-6.429,0.000000
700.328796,-200.121,0.000000,0.000000,1.551,-7.276,-6.434,0.000000
702.753052,-200.119,0.000000,0.000000,1.552,-7.282,-6.439,0.000000
705.185730,-200.118,0.000000,0.000000,1.552,-7.287,-6.444,0.000000
707.627136,-200.116,0.000000,0.000000,1.552,-7.293,-6.450,0.000000
710.076355,-200.115,0.000000,0.000000,1.552,-7.298,-6.455,0.000000
712.534363,-200.113,0.000000,0.000000,1.552,-7.304,-6.460,0.000000
715.000854,-200.112,0.000000,0.000000,1.552,-7.309,-6.466,0.000000
717.475891,-200.110,0.000000,0.000000,1.552,-7.315,-6.471,0.000000
719.959534,-200.108,0.000000,0.000000,1.553,-7.320,-6.476,0.000000
722.451416,-200.105,0.000000,0.000000,1.553,-7.326,-6.482,0.000000
724.952637,-200.102,0.000000,0.000000,1.553,-7.332,-6.487,0.000000
727.461792,-200.099,0.000000,0.000000,1.553,-7.337,-6.493,0.000000
729.980347,-200.096,0.000000,0.000000,1.553,-7.343,-6.498,0.000000
732.506897,-200.093,0.000000,0.000000,1.553,-7.349,-6.504,0.000000
735.042908,-200.090,0.000000,0.000000,1.553,-7.354,-6.509,0.000000
737.586975,-200.088,0.000000,0.000000,1.553,-7.360,-6.515,0.000000
740.140564,-200.087,0.000000,0.000000,1.554,-7.366,-6.520,0.000000
742.702332,-200.085,0.000000,0.000000,1.554,-7.372,-6.526,0.000000
745.273254,-200.084,0.000000,0.000000,1.554,-7.377,-6.531,0.000000
747.853088,-200.082,0.000000,0.000000,1.554,-7.383,-6.537,0.000000
750.441895,-200.081,0.000000,0.000000,1.554,-7.389,-6.542,0.000000
753.039612,-200.080,0.000000,0.000000,1.554,-7.395,-6.548,0.000000
755.646362,-200.080,0.000000,0.000000,1.554,-7.401,-6.554,0.000000
758.262146,-200.080,0.000000,0.000000,1.555,-7.407,-6.559,0.000000
760.886597,-200.080,0.000000,0.000000,1.555,-7.412,-6.565,0.000000
763.520813,-200.080,0.000000,0.000000,1.555,-7.418,-6.571,0.000000
766.163818,-200.080,0.000000,0.000000,1.555,-7.424,-6.576,0.000000
768.816040,-200.080,0.000000,0.000000,1.555,-7.430,-6.582,0.000000
771.476990,-200.079,0.000000,0.000000,1.555,-7.436,-6.588,0.000000
774.147888,-200.078,0.000000,0.000000,1.555,-7.442,-6.594,0.000000
776.827332,-200.076,0.000000,0.000000,1.555,-7.448,-6.599,0.000000
779.516785,-200.075,0.000000,0.000000,1.556,-7.454,-6.605,0.000000
782.214844,-200.073,0.000000,0.000000,1.556,-7.460,-6.611,0.000000
784.922546,-200.072,0.000000,0.000000,1.556,-7.466,-6.617,0.000000
787.639648,-200.070,0.000000,0.000000,1.556,-7.473,-6.623,0.000000
790.366150,-200.070,0.000000,0.000000,1.556,-7.479,-6.629,0.000000
793.102112,-200.070,0.000000,0.000000,1.556,-7.485,-6.635,0.000000
795.847107,-200.070,0.000000,0.000000,1.556,-7.491,-6.641,0.000000
798.602417,-200.070,0.000000,0.000000,1.557,-7.497,-6.647,0.000000
801.366882,-200.070,0.000000,0.000000,1.557,-7.503,-6.653,0.000000
804.140930,-200.070,0.000000,0.000000,1.557,-7.510,-6.659,0.000000
806.924133,-200.070,0.000000,0.000000,1.557,-7.516,-6.665,0.000000
809.717773,-200.070,0.000000,0.000000,1.557,-7.522,-6.671,0.000000
812.520325,-200.070,0.000000,0.000000,1.557,-7.529,-6.677,0.000000
815.333374,-200.070,0.000000,0.000000,1.558,-7.535,-6.683,0.000000
818.155334,-200.070,0.000000,0.000000,1.558,-7.541,-6.689,0.000000
820.987488,-200.070,0.000000,0.000000,1.558,-7.548,-6.695,0.000000
823.829407,-200.070,0.000000,0.000000,1.558,-7.554,-6.701,0.000000
826.681213,-200.071,0.000000,0.000000,1.558,-7.560,-6.707,0.000000
829.542847,-200.072,0.000000,0.000000,1.558,-7.567,-6.714,0.000000
832.414429,-200.074,0.000000,0.000000,1.558,-7.573,-6.720,0.000000
835.295898,-200.075,0.000000,0.000000,1.559,-7.580,-6.726,0.000000
838.187378,-200.077,0.000000,0.000000,1.559,-7.586,-6.732,0.000000
841.088867,-200.078,0.000000,0.000000,1.559,-7.593,-6.739,0.000000
844.000000,-200.080,0.000000,0.000000,1.559,-7.599,-6.745,0.000000
846.921997,-200.080,0.000000,0.000000,1.559,-7.606,-6.751,0.000000
849.853333,-200.080,0.000000,0.000000,1.559,-7.612,-6.757,0.000000
852.795593,-200.080,0.000000,0.000000,1.559,-7.619,-6.764,0.000000
855.747253,-200.080,0.000000,0.000000,1.560,-7.626,-6.770,0.000000
858.709534,-200.080,0.000000,0.000000,1.560,-7.632,-6.777,0.000000
861.682068,-200.080,0.000000,0.000000,1.560,-7.639,-6.783,0.000000
864.664856,-200.080,0.000000,0.000000,1.560,-7.646,-6.790,0.000000
867.657959,-200.082,0.000000,0.000000,1.560,-7.653,-6.796,0.000000
870.661499,-200.083,0.000000,0.000000,1.560,-7.659,-6.803,0.000000
873.675354,-200.085,0.000000,0.000000,1.561,-7.666,-6.809,0.000000
876.699707,-200.086,0.000000,0.000000,1.561,-7.673,-6.816,0.000000
879.734497,-200.088,0.000000,0.000000,1.561,-7.680,-6.822,0.000000
882.779419,-200.089,0.000000,0.000000,1.561,-7.687,-6.829,0.000000
885.835632,-200.090,0.000000,0.000000,1.561,-7.693,-6.835,0.000000
888.901672,-200.090,0.000000,0.000000,1.561,-7.700,-6.842,0.000000
891.979126,-200.090,0.000000,0.000000,1.562,-7.707,-6.849,0.000000
895.066406,-200.090,0.000000,0.000000,1.562,-7.714,-6.855,0.000000
898.164734,-200.090,0.000000,0.000000,1.562,-7.721,-6.862,0.000000
901.273865,-200.090,0.000000,0.000000,1.562,-7.728,-6.869,0.000000
904.393738,-200.090,0.000000,0.000000,1.562,-7.735,-6.876,0.000000
907.524414,-200.091,0.000000,0.000000,1.562,-7.742,-6.882,0.000000
910.665894,-200.093,0.000000,0.000000,1.563,-7.749,-6.889,0.000000
913.818298,-200.094,0.000000,0.000000,1.563,-7.756,-6.896,0.000000
916.981567,-200.096,0.000000,0.000000,1.563,-7.763,-6.903,0.000000
920.155823,-200.097,0.000000,0.000000,1.563,-7.771,-6.910,0.000000
923.341003,-200.099,0.000000,0.000000,1.563,-7.778,-6.917,0.000000
926.537292,-200.100,0.000000,0.000000,1.563,-7.785,-6.923,0.000000
929.744141,-200.100,0.000000,0.000000,1.564,-7.792,-6.930,0.000000
932.963013,-200.100,0.000000,0.000000,1.564,-7.799,-6.937,0.000000
936.192139,-200.100,0.000000,0.000000,1.564,-7.807,-6.944,0.000000
939.432861,-200.100,0.000000,0.000000,1.564,-7.814,-6.951,0.000000
942.684814,-200.100,0.000000,0.000000,1.564,-7.821,-6.958,0.000000
945.948486,-200.100,0.000000,0.000000,1.564,-7.829,-6.965,0.000000
949.222534,-200.100,0.000000,0.000000,1.565,-7.836,-6.973,0.000000
952.508850,-200.100,0.000000,0.000000,1.565,-7.843,-6.980,0.000000
955.805603,-200.100,0.000000,0.000000,1.565,-7.851,-6.987,0.000000
959.114258,-200.100,0.000000,0.000000,1.565,-7.858,-6.994,0.000000
962.434326,-200.100,0.000000,0.000000,1.565,-7.866,-7.001,0.000000
965.765930,-200.100,0.000000,0.000000,1.565,-7.873,-7.008,0.000000
969.109009,-200.100,0.000000,0.000000,1.566,-7.881,-7.016,0.000000
972.463257,-200.100,0.000000,0.000000,1.566,-7.888,-7.023,0.000000
975.830017,-200.100,0.000000,0.000000,1.566,-7.896,-7.030,0.000000
979.207458,-200.100,0.000000,0.000000,1.566,-7.903,-7.037,0.000000
982.597595,-200.100,0.000000,0.000000,1.566,-7.911,-7.045,0.000000
985.998474,-200.100,0.000000,0.000000,1.566,-7.919,-7.052,0.000000
989.412109,-200.100,0.000000,0.000000,1.567,-7.926,-7.060,0.000000
992.836609,-200.100,0.000000,0.000000,1.567,-7.934,-7.067,0.000000
996.273926,-200.100,0.000000,0.000000,1.567,-7.942,-7.074,0.000000
999.722168,-200.100,0.000000,0.000000,1.567,-7.949,-7.082,0.000000
1003.182800,-200.100,0.000000,0.000000,1.567,-7.951,-7.084,0.000000
1006.655457,-200.100,0.000000,0.000000,1.567,-7.953,-7.086,0.000000
1010.140076,-200.100,0.000000,0.000000,1.567,-7.954,-7.087,0.000000
1013.636780,-200.100,0.000000,0.000000,1.567,-7.955,-7.089,0.000000
1017.145142,-200.099,0.000000,0.000000,1.567,-7.957,-7.090,0.000000
1020.666565,-200.098,0.000000,0.000000,1.567,-7.958,-7.092,0.000000
1024.199219,-200.096,0.000000,0.000000,1.567,-7.959,-7.094,0.000000
1027.745117,-200.095,0.000000,0.000000,1.567,-7.961,-7.095,0.000000
1031.302246,-200.093,0.000000,0.000000,1.567,-7.962,-7.097,0.000000
1034.872803,-200.092,0.000000,0.000000,1.567,-7.963,-7.098,0.000000
1038.454590,-200.090,0.000000,0.000000,1.567,-7.965,-7.100,0.000000
1042.049805,-200.089,0.000000,0.000000,1.567,-7.966,-7.102,0.000000
1045.656494,-200.087,0.000000,0.000000,1.567,-7.967,-7.103,0.000000
1049.276123,-200.086,0.000000,0.000000,1.567,-7.969,-7.105,0.000000
1052.908325,-200.084,0.000000,0.000000,1.567,-7.970,-7.107,0.000000
1056.553101,-200.083,0.000000,0.000000,1.567,-7.971,-7.108,0.000000
1060.210571,-200.081,0.000000,0.000000,1.567,-7.973,-7.110,0.000000
1063.880005,-200.080,0.000000,0.000000,1.567,-7.974,-7.112,0.000000
1067.563354,-200.078,0.000000,0.000000,1.567,-7.976,-7.113,0.000000
1071.258301,-200.077,0.000000,0.000000,1.567,-7.977,-7.115,0.000000
1074.967041,-200.075,0.000000,0.000000,1.567,-7.978,-7.117,0.000000
1078.688232,-200.074,0.000000,0.000000,1.567,-7.980,-7.118,0.000000
1082.422241,-200.072,0.000000,0.000000,1.567,-7.981,-7.120,0.000000
1086.168579,-200.071,0.000000,0.000000,1.567,-7.983,-7.122,0.000000
1089.929077,-200.069,0.000000,0.000000,1.567,-7.984,-7.124,0.000000
1093.701416,-200.068,0.000000,0.000000,1.567,-7.985,-7.125,0.000000
1097.487427,-200.066,0.000000,0.000000,1.567,-7.987,-7.127,0.000000
1101.286499,-200.065,0.000000,0.000000,1.567,-7.988,-7.129,0.000000
1105.098755,-200.063,0.000000,0.000000,1.567,-7.990,-7.131,0.000000
1108.924194,-200.062,0.000000,0.000000,1.567,-7.991,-7.132,0.000000
1112.762817,-200.060,0.000000,0.000000,1.567,-7.993,-7.134,0.000000
1116.614746,-200.059,0.000000,0.000000,1.567,-7.994,-7.136,0.000000
1120.480103,-200.057,0.000000,0.000000,1.567,-7.995,-7.138,0.000000
1124.358765,-200.056,0.000000,0.000000,1.567,-7.997,-7.139,0.000000
1128.250854,-200.054,0.000000,0.000000,1.567,-7.998,-7.141,0.000000
1132.156372,-200.053,0.000000,0.000000,1.567,-8.000,-7.143,0.000000
1136.075562,-200.051,0.000000,0.000000,1.567,-8.001,-7.145,0.000000
1140.007568,-200.050,0.000000,0.000000,1.567,-8.003,-7.147,0.000000
1143.953857,-200.047,0.000000,0.000000,1.567,-8.004,-7.148,0.000000
1147.913818,-200.044,0.000000,0.000000,1.567,-8.006,-7.150,0.000000
1151.887451,-200.041,0.000000,0.000000,1.567,-8.007,-7.152,0.000000
1155.874878,-200.038,0.000000,0.000000,1.567,-8.009,-7.154,0.000000
1159.876099,-200.035,0.000000,0.000000,1.567,-8.010,-7.156,0.000000
1163.891113,-200.032,0.000000,0.000000,1.567,-8.012,-7.158,0.000000
1167.920044,-200.030,0.000000,0.000000,1.567,-8.013,-7.159,0.000000
1171.962891,-200.028,0.000000,0.000000,1.567,-8.015,-7.161,0.000000
1176.019775,-200.027,0.000000,0.000000,1.567,-8.016,-7.163,0.000000
1180.090698,-200.025,0.000000,0.000000,1.567,-8.018,-7.165,0.000000
1184.175781,-200.024,0.000000,0.000000,1.567,-8.019,-7.167,0.000000
1188.274902,-200.022,0.000000,0.000000,1.567,-8.021,-7.169,0.000000
1192.388306,-200.021,0.000000,0.000000,1.567,-8.023,-7.171,0.000000
1196.515259,-200.018,0.000000,0.000000,1.567,-8.024,-7.172,0.000000
1200.657227,-200.015,0.000000,0.000000,1.567,-8.026,-7.174,0.000000
1204.813965,-200.012,0.000000,0.000000,1.567,-8.027,-7.176,0.000000
1208.984009,-200.009,0.000000,0.000000,1.567,-8.029,-7.178,0.000000
1213.169067,-200.006,0.000000,0.000000,1.567,-8.030,-7.180,0.000000
1217.368530,-200.003,0.000000,0.000000,1.567,-8.032,-7.182,0.000000
1221.582642,-200.000,0.000000,0.000000,1.567,-8.034,-7.184,0.000000
1225.811279,-199.999,0.000000,0.000000,1.567,-8.035,-7.186,0.000000
1230.054565,-199.997,0.000000,0.000000,1.567,-8.037,-7.188,0.000000
1234.311890,-199.996,0.000000,0.000000,1.567,-8.038,-7.190,0.000000
1238.585205,-199.994,0.000000,0.000000,1.567,-8.040,-7.192,0.000000
1242.872803,-199.993,0.000000,0.000000,1.567,-8.042,-7.194,0.000000
1247.175049,-199.991,0.000000,0.000000,1.567,-8.043,-7.196,0.000000
1251.492310,-199.990,0.000000,0.000000,1.567,-8.045,-7.198,0.000000
1255.823975,-199.988,0.000000,0.000000,1.567,-8.046,-7.200,0.000000
1260.171753,-199.987,0.000000,0.000000,1.567,-8.048,-7.202,0.000000
1264.533325,-199.985,0.000000,0.000000,1.567,-8.050,-7.204,0.000000
1268.911255,-199.984,0.000000,0.000000,1.567,-8.051,-7.206,0.000000
1273.303101,-199.982,0.000000,0.000000,1.567,-8.053,-7.208,0.000000
1277.710815,-199.981,0.000000,0.000000,1.567,-8.055,-7.210,0.000000
1282.133789,-199.979,0.000000,0.000000,1.567,-8.056,-7.212,0.000000
1286.572021,-199.978,0.000000,0.000000,1.567,-8.058,-7.214,0.000000
1291.025024,-199.976,0.000000,0.000000,1.567,-8.060,-7.216,0.000000
1295.494751,-199.975,0.000000,0.000000,1.567,-8.061,-7.218,0.000000
1299.979248,-199.973,0.000000,0.000000,1.567,-8.063,-7.220,0.000000
1304.479248,-199.972,0.000000,0.000000,1.567,-8.065,-7.222,0.000000
1308.994873,-199.970,0.000000,0.000000,1.567,-8.066,-7.224,0.000000
1313.525513,-199.970,0.000000,0.000000,1.567,-8.068,-7.226,0.000000
1318.072998,-199.970,0.000000,0.000000,1.567,-8.070,-7.228,0.000000
1322.635010,-199.970,0.000000,0.000000,1.567,-8.072,-7.230,0.000000
1327.214111,-199.970,0.000000,0.000000,1.567,-8.073,-7.232,0.000000
1331.807739,-199.970,0.000000,0.000000,1.567,-8.075,-7.234,0.000000
1336.417969,-199.970,0.000000,0.000000,1.567,-8.077,-7.237,0.000000
1341.044189,-199.970,0.000000,0.000000,1.567,-8.078,-7.239,0.000000
1345.686401,-199.968,0.000000,0.000000,1.567,-8.080,-7.241,0.000000
1350.344604,-199.967,0.000000,0.000000,1.567,-8.082,-7.243,0.000000
1355.018921,-199.965,0.000000,0.000000,1.567,-8.084,-7.245,0.000000
1359.709595,-199.964,0.000000,0.000000,1.567,-8.086,-7.247,0.000000
1364.416382,-199.962,0.000000,0.000000,1.567,-8.087,-7.249,0.000000
1369.139404,-199.961,0.000000,0.000000,1.567,-8.089,-7.252,0.000000
1373.878174,-199.961,0.000000,0.000000,1.567,-8.091,-7.254,0.000000
1378.634644,-199.962,0.000000,0.000000,1.567,-8.093,-7.256,0.000000
1383.406372,-199.964,0.000000,0.000000,1.567,-8.094,-7.258,0.000000
1388.195801,-199.965,0.000000,0.000000,1.567,-8.096,-7.260,0.000000
1393.000610,-199.967,0.000000,0.000000,1.567,-8.098,-7.262,0.000000
1397.822632,-199.968,0.000000,0.000000,1.567,-8.100,-7.265,0.000000
1402.661377,-199.970,0.000000,0.000000,1.567,-8.102,-7.267,0.000000
1407.516846,-199.970,0.000000,0.000000,1.567,-8.103,-7.269,0.000000
1412.389771,-199.970,0.000000,0.000000,1.567,-8.105,-7.271,0.000000
1417.278198,-199.970,0.000000,0.000000,1.567,-8.107,-7.274,0.000000
1422.184326,-199.970,0.000000,0.000000,1.567,-8.109,-7.276,0.000000
1427.107300,-199.970,0.000000,0.000000,1.567,-8.111,-7.278,0.000000
1432.047485,-199.970,0.000000,0.000000,1.567,-8.113,-7.280,0.000000
1437.004639,-199.970,0.000000,0.000000,1.567,-8.115,-7.283,0.000000
1441.979004,-199.970,0.000000,0.000000,1.567,-8.116,-7.285,0.000000
1446.969849,-199.970,0.000000,0.000000,1.567,-8.118,-7.287,0.000000
1451.979492,-199.970,0.000000,0.000000,1.567,-8.120,-7.289,0.000000
1457.005005,-199.970,0.000000,0.000000,1.567,-8.122,-7.292,0.000000
1462.048584,-199.970,0.000000,0.000000,1.567,-8.124,-7.294,0.000000
1467.109619,-199.970,0.000000,0.000000,1.567,-8.126,-7.296,0.000000
1472.188110,-199.971,0.000000,0.000000,1.567,-8.128,-7.299,0.000000
1477.285034,-199.972,0.000000,0.000000,1.567,-8.130,-7.301,0.000000
1482.398071,-199.974,0.000000,0.000000,1.567,-8.132,-7.303,0.000000
1487.529541,-199.975,0.000000,0.000000,1.567,-8.134,-7.306,0.000000
1492.678833,-199.977,0.000000,0.000000,1.567,-8.136,-7.308,0.000000
1497.845947,-199.978,0.000000,0.000000,1.567,-8.138,-7.310,0.000000
1503.030884,-199.980,0.000000,0.000000,1.567,-8.139,-7.313,0.000000
1508.233765,-199.980,0.000000,0.000000,1.567,-8.141,-7.315,0.000000
1513.453979,-199.980,0.000000,0.000000,1.567,-8.143,-7.318,0.000000
1518.693726,-199.980,0.000000,0.000000,1.567,-8.145,-7.320,0.000000
1523.950195,-199.980,0.000000,0.000000,1.567,-8.147,-7.322,0.000000
1529.226196,-199.980,0.000000,0.000000,1.567,-8.149,-7.325,0.000000
1534.519775,-199.980,0.000000,0.000000,1.567,-8.151,-7.327,0.000000
1539.831055,-199.980,0.000000,0.000000,1.567,-8.153,-7.330,0.000000
1545.161987,-199.982,0.000000,0.000000,1.567,-8.155,-7.332,0.000000
1550.510010,-199.983,0.000000,0.000000,1.567,-8.157,-7.335,0.000000
1555.877319,-199.985,0.000000,0.000000,1.567,-8.159,-7.337,0.000000
1561.263184,-199.986,0.000000,0.000000,1.567,-8.161,-7.340,0.000000
1566.667725,-199.988,0.000000,0.000000,1.567,-8.163,-7.342,0.000000
1572.090820,-199.989,0.000000,0.000000,1.567,-8.165,-7.344,0.000000
1577.532837,-199.990,0.000000,0.000000,1.567,-8.167,-7.347,0.000000
1582.992920,-199.990,0.000000,0.000000,1.567,-8.170,-7.349,0.000000
1588.473389,-199.990,0.000000,0.000000,1.567,-8.172,-7.352,0.000000
1593.971313,-199.990,0.000000,0.000000,1.567,-8.174,-7.354,0.000000
1599.489746,-199.990,0.000000,0.000000,1.567,-8.176,-7.357,0.000000
1605.026611,-199.990,0.000000,0.000000,1.567,-8.178,-7.360,0.000000
1610.581787,-199.990,0.000000,0.000000,1.567,-8.180,-7.362,0.000000
1616.157837,-199.990,0.000000,0.000000,1.567,-8.182,-7.365,0.000000
1621.751587,-199.990,0.000000,0.000000,1.567,-8.184,-7.367,0.000000
1627.366211,-199.990,0.000000,0.000000,1.567,-8.186,-7.370,0.000000
1632.998779,-199.990,0.000000,0.000000,1.567,-8.188,-7.372,0.000000
1638.651611,-199.990,0.000000,0.000000,1.567,-8.191,-7.375,0.000000
1644.323975,-199.990,0.000000,0.000000,1.567,-8.193,-7.378,0.000000
1650.015991,-199.990,0.000000,0.000000,1.567,-8.195,-7.380,0.000000
1655.726929,-199.990,0.000000,0.000000,1.567,-8.197,-7.383,0.000000
1661.459229,-199.990,0.000000,0.000000,1.567,-8.199,-7.385,0.000000
1667.209717,-199.990,0.000000,0.000000,1.567,-8.201,-7.388,0.000000
1672.981812,-199.990,0.000000,0.000000,1.567,-8.203,-7.391,0.000000
1678.772949,-199.990,0.000000,0.000000,1.567,-8.206,-7.393,0.000000
1684.583496,-199.990,0.000000,0.000000,1.567,-8.208,-7.396,0.000000
1690.415649,-199.989,0.000000,0.000000,1.567,-8.210,-7.399,0.000000
1696.266357,-199.988,0.000000,0.000000,1.567,-8.212,-7.401,0.000000
1702.139038,-199.986,0.000000,0.000000,1.567,-8.214,-7.404,0.000000
1708.030396,-199.985,0.000000,0.000000,1.567,-8.217,-7.407,0.000000
1713.942871,-199.984,0.000000,0.000000,1.567,-8.219,-7.409,0.000000
1719.875977,-199.982,0.000000,0.000000,1.567,-8.221,-7.412,0.000000
1725.829468,-199.980,0.000000,0.000000,1.567,-8.223,-7.415,0.000000
1731.802856,-199.979,0.000000,0.000000,1.567,-8.226,-7.418,0.000000
1737.798462,-199.978,0.000000,0.000000,1.567,-8.228,-7.420,0.000000
1743.814087,-199.976,0.000000,0.000000,1.567,-8.230,-7.423,0.000000
1749.850464,-199.975,0.000000,0.000000,1.567,-8.232,-7.426,0.000000
1755.907837,-199.973,0.000000,0.000000,1.567,-8.235,-7.429,0.000000
1761.985229,-199.972,0.000000,0.000000,1.567,-8.237,-7.431,0.000000
1768.085449,-199.970,0.000000,0.000000,1.567,-8.239,-7.434,0.000000
1774.204956,-199.969,0.000000,0.000000,1.567,-8.242,-7.437,0.000000
1780.347412,-199.967,0.000000,0.000000,1.567,-8.244,-7.440,0.000000
1786.509521,-199.966,0.000000,0.000000,1.567,-8.246,-7.443,0.000000
1792.693726,-199.964,0.000000,0.000000,1.567,-8.248,-7.445,0.000000
1798.899292,-199.963,0.000000,0.000000,1.567,-8.251,-7.448,0.000000
1805.126465,-199.961,0.000000,0.000000,1.567,-8.253,-7.451,0.000000
1811.375122,-199.960,0.000000,0.000000,1.567,-8.256,-7.454,0.000000
1817.645386,-199.958,0.000000,0.000000,1.567,-8.258,-7.457,0.000000
1823.937378,-199.957,0.000000,0.000000,1.567,-8.260,-7.460,0.000000
1830.251099,-199.955,0.000000,0.000000,1.567,-8.263,-7.463,0.000000
1836.586792,-199.954,0.000000,0.000000,1.567,-8.265,-7.466,0.000000
1842.943481,-199.952,0.000000,0.000000,1.567,-8.267,-7.469,0.000000
1849.323853,-199.951,0.000000,0.000000,1.567,-8.270,-7.471,0.000000
1855.724609,-199.949,0.000000,0.000000,1.567,-8.272,-7.474,0.000000
1862.149292,-199.948,0.000000,0.000000,1.567,-8.275,-7.477,0.000000
1868.594482,-199.946,0.000000,0.000000,1.567,-8.277,-7.480,0.000000
1875.062866,-199.945,0.000000,0.000000,1.567,-8.279,-7.483,0.000000
1881.553589,-199.943,0.000000,0.000000,1.567,-8.282,-7.486,0.000000
1888.066772,-199.942,0.000000,0.000000,1.567,-8.284,-7.489,0.000000
1894.603516,-199.940,0.000000,0.000000,1.567,-8.287,-7.492,0.000000
1901.161011,-199.939,0.000000,0.000000,1.567,-8.289,-7.495,0.000000
1907.742065,-199.937,0.000000,0.000000,1.567,-8.292,-7.498,0.000000
1914.345947,-199.936,0.000000,0.000000,1.567,-8.294,-7.501,0.000000
1920.972656,-199.934,0.000000,0.000000,1.567,-8.297,-7.504,0.000000
1927.622314,-199.933,0.000000,0.000000,1.567,-8.299,-7.507,0.000000
1934.295044,-199.931,0.000000,0.000000,1.567,-8.302,-7.510,0.000000
1940.989868,-199.930,0.000000,0.000000,1.567,-8.304,-7.513,0.000000
1947.709717,-199.928,0.000000,0.000000,1.567,-8.307,-7.516,0.000000
1954.451050,-199.927,0.000000,0.000000,1.567,-8.309,-7.520,0.000000
1961.216675,-199.925,0.000000,0.000000,1.567,-8.312,-7.523,0.000000
1968.005615,-199.924,0.000000,0.000000,1.567,-8.314,-7.526,0.000000
1974.818115,-199.922,0.000000,0.000000,1.567,-8.317,-7.529,0.000000
1981.655151,-199.921,0.000000,0.000000,1.567,-8.320,-7.532,0.000000
1988.513916,-199.918,0.000000,0.000000,1.567,-8.322,-7.535,0.000000
1995.397339,-199.915,0.000000,0.000000,1.567,-8.325,-7.538,0.000000
2002.304688,-199.912,0.000000,0.000000,1.567,-8.326,-7.540,0.000000
2009.235840,-199.909,0.000000,0.000000,1.567,-8.326,-7.540,0.000000
2016.191040,-199.906,0.000000,0.000000,1.567,-8.326,-7.540,0.000000
2023.170288,-199.903,0.000000,0.000000,1.567,-8.326,-7.540,0.000000
2030.172852,-199.900,0.000000,0.000000,1.567,-8.325,-7.540,0.000000
2037.201416,-199.899,0.000000,0.000000,1.567,-8.325,-7.540,0.000000
2044.252441,-199.897,0.000000,0.000000,1.567,-8.325,-7.540,0.000000
2051.329834,-199.896,0.000000,0.000000,1.567,-8.325,-7.540,0.000000
2058.430908,-199.894,0.000000,0.000000,1.567,-8.324,-7.540,0.000000
2065.555420,-199.893,0.000000,0.000000,1.567,-8.324,-7.540,0.000000
2072.706543,-199.891,0.000000,0.000000,1.567,-8.324,-7.539,0.000000
2079.880371,-199.889,0.000000,0.000000,1.567,-8.324,-7.539,0.000000
2087.080078,-199.886,0.000000,0.000000,1.567,-8.323,-7.539,0.000000
2094.304932,-199.883,0.000000,0.000000,1.567,-8.323,-7.539,0.000000
2101.554443,-199.881,0.000000,0.000000,1.567,-8.323,-7.539,0.000000
2108.829346,-199.878,0.000000,0.000000,1.567,-8.322,-7.539,0.000000
2116.129150,-199.875,0.000000,0.000000,1.567,-8.322,-7.539,0.000000
2123.453369,-199.872,0.000000,0.000000,1.567,-8.322,-7.539,0.000000
2130.804932,-199.869,0.000000,0.000000,1.567,-8.322,-7.539,0.000000
2138.180176,-199.868,0.000000,0.000000,1.567,-8.321,-7.539,0.000000
2145.582520,-199.866,0.000000,0.000000,1.567,-8.321,-7.538,0.000000
2153.009766,-199.865,0.000000,0.000000,1.567,-8.321,-7.538,0.000000
2160.461670,-199.863,0.000000,0.000000,1.567,-8.321,-7.538,0.000000
2167.941406,-199.862,0.000000,0.000000,1.567,-8.320,-7.538,0.000000
2175.445068,-199.860,0.000000,0.000000,1.567,-8.320,-7.538,0.000000
2182.976562,-199.859,0.000000,0.000000,1.567,-8.320,-7.538,0.000000
2190.532227,-199.857,0.000000,0.000000,1.568,-8.319,-7.538,0.000000
2198.114990,-199.856,0.000000,0.000000,1.568,-8.319,-7.538,0.000000
2205.723877,-199.854,0.000000,0.000000,1.568,-8.319,-7.538,0.000000
2213.359375,-199.853,0.000000,0.000000,1.568,-8.319,-7.538,0.000000
2221.020020,-199.851,0.000000,0.000000,1.568,-8.318,-7.537,0.000000
2228.709473,-199.850,0.000000,0.000000,1.568,-8.318,-7.537,0.000000
2236.423340,-199.847,0.000000,0.000000,1.568,-8.318,-7.537,0.000000
2244.166016,-199.844,0.000000,0.000000,1.568,-8.317,-7.537,0.000000
2251.934570,-199.841,0.000000,0.000000,1.568,-8.317,-7.537,0.000000
2259.728760,-199.838,0.000000,0.000000,1.568,-8.317,-7.537,0.000000
2267.552002,-199.835,0.000000,0.000000,1.568,-8.317,-7.537,0.000000
2275.400391,-199.832,0.000000,0.000000,1.568,-8.316,-7.537,0.000000
2283.278076,-199.829,0.000000,0.000000,1.568,-8.316,-7.537,0.000000
2291.180908,-199.828,0.000000,0.000000,1.568,-8.316,-7.536,0.000000
2299.112061,-199.826,0.000000,0.000000,1.568,-8.315,-7.536,0.000000
2307.070557,-199.825,0.000000,0.000000,1.568,-8.315,-7.536,0.000000
2315.056885,-199.823,0.000000,0.000000,1.568,-8.315,-7.536,0.000000
2323.069580,-199.822,0.000000,0.000000,1.568,-8.315,-7.536,0.000000
2331.112305,-199.820,0.000000,0.000000,1.568,-8.314,-7.536,0.000000
2339.181641,-199.819,0.000000,0.000000,1.568,-8.314,-7.536,0.000000
2347.279053,-199.817,0.000000,0.000000,1.568,-8.314,-7.536,0.000000
2355.404297,-199.816,0.000000,0.000000,1.568,-8.313,-7.536,0.000000
2363.556885,-199.814,0.000000,0.000000,1.568,-8.313,-7.536,0.000000
2371.739746,-199.813,0.000000,0.000000,1.568,-8.313,-7.535,0.000000
2379.948486,-199.811,0.000000,0.000000,1.568,-8.312,-7.535,0.000000
2388.188232,-199.810,0.000000,0.000000,1.568,-8.312,-7.535,0.000000
2396.454102,-199.808,0.000000,0.000000,1.568,-8.312,-7.535,0.000000
2404.749512,-199.807,0.000000,0.000000,1.568,-8.312,-7.535,0.000000
2413.073975,-199.805,0.000000,0.000000,1.568,-8.311,-7.535,0.000000
2421.427002,-199.804,0.000000,0.000000,1.568,-8.311,-7.535,0.000000
2429.809082,-199.802,0.000000,0.000000,1.568,-8.311,-7.535,0.000000
2438.220215,-199.801,0.000000,0.000000,1.568,-8.310,-7.535,0.000000
2446.660400,-199.799,0.000000,0.000000,1.568,-8.310,-7.534,0.000000
2455.129883,-199.796,0.000000,0.000000,1.568,-8.310,-7.534,0.000000
2463.628418,-199.793,0.000000,0.000000,1.568,-8.309,-7.534,0.000000
2472.155518,-199.790,0.000000,0.000000,1.568,-8.309,-7.534,0.000000
2480.714355,-199.787,0.000000,0.000000,1.568,-8.309,-7.534,0.000000
2489.300293,-199.784,0.000000,0.000000,1.568,-8.308,-7.534,0.000000
2497.918701,-199.781,0.000000,0.000000,1.568,-8.308,-7.534,0.000000
2506.564209,-199.779,0.000000,0.000000,1.568,-8.308,-7.534,0.000000
2515.240967,-199.777,0.000000,0.000000,1.568,-8.307,-7.533,0.000000
2523.947754,-199.776,0.000000,0.000000,1.568,-8.307,-7.533,0.000000
2532.684814,-199.774,0.000000,0.000000,1.568,-8.307,-7.533,0.000000
2541.453125,-199.773,0.000000,0.000000,1.568,-8.306,-7.533,0.000000
2550.249512,-199.771,0.000000,0.000000,1.568,-8.306,-7.533,0.000000
2559.077393,-199.770,0.000000,0.000000,1.569,-8.306,-7.533,0.000000
2567.936035,-199.768,0.000000,0.000000,1.569,-8.305,-7.533,0.000000
2576.825195,-199.767,0.000000,0.000000,1.569,-8.305,-7.533,0.000000
2585.745117,-199.766,0.000000,0.000000,1.569,-8.305,-7.533,0.000000
2594.696045,-199.764,0.000000,0.000000,1.569,-8.304,-7.532,0.000000
2603.676514,-199.763,0.000000,0.000000,1.569,-8.304,-7.532,0.000000
2612.690918,-199.761,0.000000,0.000000,1.569,-8.304,-7.532,0.000000
2621.733643,-199.759,0.000000,0.000000,1.569,-8.303,-7.532,0.000000
2630.809082,-199.756,0.000000,0.000000,1.569,-8.303,-7.532,0.000000
2639.916016,-199.753,0.000000,0.000000,1.569,-8.303,-7.532,0.000000
2649.054443,-199.750,0.000000,0.000000,1.569,-8.302,-7.532,0.000000
2658.225586,-199.747,0.000000,0.000000,1.569,-8.302,-7.532,0.000000
2667.426025,-199.744,0.000000,0.000000,1.569,-8.302,-7.531,0.000000
2676.659668,-199.741,0.000000,0.000000,1.569,-8.301,-7.531,0.000000
2685.925293,-199.739,0.000000,0.000000,1.569,-8.301,-7.531,0.000000
2695.222900,-199.738,0.000000,0.000000,1.569,-8.301,-7.531,0.000000
2704.552734,-199.736,0.000000,0.000000,1.569,-8.300,-7.531,0.000000
2713.914795,-199.735,0.000000,0.000000,1.569,-8.300,-7.531,0.000000
2723.308105,-199.733,0.000000,0.000000,1.569,-8.300,-7.531,0.000000
2732.736572,-199.732,0.000000,0.000000,1.569,-8.299,-7.531,0.000000
2742.194824,-199.730,0.000000,0.000000,1.569,-8.299,-7.530,0.000000
2751.688477,-199.729,0.000000,0.000000,1.569,-8.299,-7.530,0.000000
2761.212646,-199.727,0.000000,0.000000,1.569,-8.298,-7.530,0.000000
2770.770752,-199.726,0.000000,0.000000,1.569,-8.298,-7.530,0.000000
2780.363525,-199.724,0.000000,0.000000,1.569,-8.298,-7.530,0.000000
2789.986816,-199.723,0.000000,0.000000,1.569,-8.297,-7.530,0.000000
2799.644531,-199.721,0.000000,0.000000,1.569,-8.297,-7.530,0.000000
2809.335938,-199.719,0.000000,0.000000,1.569,-8.296,-7.529,0.000000
2819.060791,-199.716,0.000000,0.000000,1.569,-8.296,-7.529,0.000000
2828.819336,-199.713,0.000000,0.000000,1.569,-8.296,-7.529,0.000000
2838.611572,-199.710,0.000000,0.000000,1.569,-8.295,-7.529,0.000000
2848.436279,-199.707,0.000000,0.000000,1.569,-8.295,-7.529,0.000000
2858.297852,-199.704,0.000000,0.000000,1.569,-8.295,-7.529,0.000000
2868.190918,-199.701,0.000000,0.000000,1.569,-8.294,-7.529,0.000000
2878.120850,-199.699,0.000000,0.000000,1.569,-8.294,-7.529,0.000000
2888.083740,-199.698,0.000000,0.000000,1.569,-8.294,-7.528,0.000000
2898.079834,-199.696,0.000000,0.000000,1.569,-8.293,-7.528,0.000000
2908.113281,-199.695,0.000000,0.000000,1.569,-8.293,-7.528,0.000000
2918.178711,-199.693,0.000000,0.000000,1.569,-8.292,-7.528,0.000000
2928.281738,-199.692,0.000000,0.000000,1.569,-8.292,-7.528,0.000000
2938.416748,-199.690,0.000000,0.000000,1.570,-8.292,-7.528,0.000000
2948.588379,-199.687,0.000000,0.000000,1.570,-8.291,-7.528,0.000000
2958.795410,-199.684,0.000000,0.000000,1.570,-8.291,-7.527,0.000000
2969.037598,-199.681,0.000000,0.000000,1.570,-8.291,-7.527,0.000000
2979.313965,-199.678,0.000000,0.000000,1.570,-8.290,-7.527,0.000000
2989.629883,-199.675,0.000000,0.000000,1.570,-8.290,-7.527,0.000000
2999.974609,-199.672,0.000000,0.000000,1.570,-8.289,-7.527,0.000000
3010.360840,-199.669,0.000000,0.000000,1.570,-8.289,-7.527,0.000000
3020.782959,-199.666,0.000000,0.000000,1.570,-8.289,-7.527,0.000000
3031.238281,-199.663,0.000000,0.000000,1.570,-8.288,-7.526,0.000000
3041.732666,-199.660,0.000000,0.000000,1.570,-8.288,-7.526,0.000000
3052.260498,-199.657,0.000000,0.000000,1.570,-8.287,-7.526,0.000000
3062.827881,-199.654,0.000000,0.000000,1.570,-8.287,-7.526,0.000000
3073.428711,-199.651,0.000000,0.000000,1.570,-8.287,-7.526,0.000000
3084.066162,-199.648,0.000000,0.000000,1.570,-8.286,-7.526,0.000000
3094.743652,-199.645,0.000000,0.000000,1.570,-8.286,-7.526,0.000000
3105.457764,-199.642,0.000000,0.000000,1.570,-8.286,-7.525,0.000000
3116.206299,-199.639,0.000000,0.000000,1.570,-8.285,-7.525,0.000000
3126.991943,-199.636,0.000000,0.000000,1.570,-8.285,-7.525,0.000000
3137.817871,-199.633,0.000000,0.000000,1.570,-8.284,-7.525,0.000000
3148.681152,-199.630,0.000000,0.000000,1.570,-8.284,-7.525,0.000000
3159.579346,-199.627,0.000000,0.000000,1.570,-8.283,-7.525,0.000000
3170.515137,-199.625,0.000000,0.000000,1.570,-8.283,-7.525,0.000000
3181.491699,-199.622,0.000000,0.000000,1.570,-8.283,-7.524,0.000000
3192.503174,-199.619,0.000000,0.000000,1.570,-8.282,-7.524,0.000000
3203.555908,-199.616,0.000000,0.000000,1.570,-8.282,-7.524,0.000000
3214.644043,-199.613,0.000000,0.000000,1.570,-8.281,-7.524,0.000000
3225.773438,-199.609,0.000000,0.000000,1.570,-8.281,-7.524,0.000000
3236.938232,-199.607,0.000000,0.000000,1.570,-8.281,-7.524,0.000000
3248.141602,-199.604,0.000000,0.000000,1.570,-8.280,-7.524,0.000000
3259.386963,-199.601,0.000000,0.000000,1.570,-8.280,-7.523,0.000000
3270.671387,-199.598,0.000000,0.000000,1.570,-8.279,-7.523,0.000000
3281.991699,-199.595,0.000000,0.000000,1.570,-8.279,-7.523,0.000000
3293.351074,-199.592,0.000000,0.000000,1.570,-8.279,-7.523,0.000000
3304.752930,-199.589,0.000000,0.000000,1.571,-8.278,-7.523,0.000000
3316.194336,-199.586,0.000000,0.000000,1.571,-8.278,-7.523,0.000000
3327.672119,-199.583,0.000000,0.000000,1.571,-8.277,-7.522,0.000000
3339.189697,-199.580,0.000000,0.000000,1.571,-8.277,-7.522,0.000000
3350.750244,-199.577,0.000000,0.000000,1.571,-8.276,-7.522,0.000000
3362.347656,-199.574,0.000000,0.000000,1.571,-8.276,-7.522,0.000000
3373.985107,-199.571,0.000000,0.000000,1.571,-8.276,-7.522,0.000000
3385.666260,-199.568,0.000000,0.000000,1.571,-8.275,-7.522,0.000000
3397.387695,-199.565,0.000000,0.000000,1.571,-8.275,-7.522,0.000000
3409.146484,-199.562,0.000000,0.000000,1.571,-8.274,-7.521,0.000000
3420.946045,-199.559,0.000000,0.000000,1.571,-8.274,-7.521,0.000000
3432.789795,-199.556,0.000000,0.000000,1.571,-8.273,-7.521,0.000000
3444.674316,-199.553,0.000000,0.000000,1.571,-8.273,-7.521,0.000000
3456.596924,-199.550,0.000000,0.000000,1.571,-8.272,-7.521,0.000000
3468.560547,-199.548,0.000000,0.000000,1.571,-8.272,-7.521,0.000000
3480.569092,-199.547,0.000000,0.000000,1.571,-8.272,-7.520,0.000000
3492.615723,-199.545,0.000000,0.000000,1.571,-8.271,-7.520,0.000000
3504.707520,-199.544,0.000000,0.000000,1.571,-8.271,-7.520,0.000000
3516.837891,-199.542,0.000000,0.000000,1.571,-8.270,-7.520,0.000000
3529.013428,-199.541,0.000000,0.000000,1.571,-8.270,-7.520,0.000000
3541.228027,-199.540,0.000000,0.000000,1.571,-8.269,-7.520,0.000000
3553.484619,-199.540,0.000000,0.000000,1.571,-8.269,-7.519,0.000000
3565.787109,-199.540,0.000000,0.000000,1.571,-8.268,-7.519,0.000000
3578.132080,-199.540,0.000000,0.000000,1.571,-8.268,-7.519,0.000000
3590.516602,-199.540,0.000000,0.000000,1.571,-8.268,-7.519,0.000000
3602.943848,-199.540,0.000000,0.000000,1.571,-8.267,-7.519,0.000000
3615.417480,-199.540,0.000000,0.000000,1.571,-8.267,-7.519,0.000000
3627.934570,-199.540,0.000000,0.000000,1.571,-8.266,-7.518,0.000000
3640.491211,-199.540,0.000000,0.000000,1.571,-8.266,-7.518,0.000000
3653.091553,-199.540,0.000000,0.000000,1.571,-8.265,-7.518,0.000000
3665.739014,-199.540,0.000000,0.000000,1.571,-8.265,-7.518,0.000000
3678.426514,-199.540,0.000000,0.000000,1.572,-8.264,-7.518,0.000000
3691.161621,-199.540,0.000000,0.000000,1.572,-8.264,-7.518,0.000000
3703.937256,-199.540,0.000000,0.000000,1.572,-8.263,-7.517,0.000000
3716.760498,-199.540,0.000000,0.000000,1.572,-8.263,-7.517,0.000000
3729.628418,-199.540,0.000000,0.000000,1.572,-8.262,-7.517,0.000000
3742.533447,-199.540,0.000000,0.000000,1.572,-8.262,-7.517,0.000000
3755.490479,-199.540,0.000000,0.000000,1.572,-8.261,-7.517,0.000000
3768.492432,-199.540,0.000000,0.000000,1.572,-8.261,-7.516,0.000000
3781.535645,-199.540,0.000000,0.000000,1.572,-8.260,-7.516,0.000000
3794.624023,-199.541,0.000000,0.000000,1.572,-8.260,-7.516,0.000000
3807.761475,-199.542,0.000000,0.000000,1.572,-8.259,-7.516,0.000000
3820.940674,-199.544,0.000000,0.000000,1.572,-8.259,-7.516,0.000000
3834.169189,-199.545,0.000000,0.000000,1.572,-8.258,-7.516,0.000000
3847.439697,-199.547,0.000000,0.000000,1.572,-8.258,-7.515,0.000000
3860.760010,-199.548,0.000000,0.000000,1.572,-8.257,-7.515,0.000000
3874.126221,-199.550,0.000000,0.000000,1.572,-8.257,-7.515,0.000000
3887.531494,-199.551,0.000000,0.000000,1.572,-8.256,-7.515,0.000000
3900.990479,-199.552,0.000000,0.000000,1.572,-8.256,-7.515,0.000000
3914.496094,-199.554,0.000000,0.000000,1.572,-8.255,-7.515,0.000000
3928.048340,-199.555,0.000000,0.000000,1.572,-8.255,-7.514,0.000000
3941.640137,-199.557,0.000000,0.000000,1.572,-8.254,-7.514,0.000000
3955.286377,-199.558,0.000000,0.000000,1.572,-8.254,-7.514,0.000000
3968.979980,-199.560,0.000000,0.000000,1.572,-8.253,-7.514,0.000000
3982.717285,-199.563,0.000000,0.000000,1.572,-8.253,-7.514,0.000000
3996.501953,-199.566,0.000000,0.000000,1.572,-8.252,-7.513,0.000000
4010.338135,-199.569,0.000000,0.000000,1.573,-8.259,-7.521,0.000000
4024.218506,-199.572,0.000000,0.000000,1.573,-8.268,-7.531,0.000000
4038.150879,-199.575,0.000000,0.000000,1.573,-8.277,-7.540,0.000000
4052.127441,-199.578,0.000000,0.000000,1.574,-8.287,-7.550,0.000000
4066.156250,-199.581,0.000000,0.000000,1.574,-8.296,-7.560,0.000000
4080.233643,-199.584,0.000000,0.000000,1.575,-8.305,-7.570,0.000000
4094.352051,-199.587,0.000000,0.000000,1.575,-8.314,-7.580,0.000000
4108.526855,-199.590,0.000000,0.000000,1.575,-8.323,-7.591,0.000000
4122.750977,-199.593,0.000000,0.000000,1.576,-8.333,-7.601,0.000000
4137.020508,-199.596,0.000000,0.000000,1.576,-8.342,-7.611,0.000000
4151.339355,-199.599,0.000000,0.000000,1.577,-8.352,-7.621,0.000000
4165.711914,-199.602,0.000000,0.000000,1.577,-8.361,-7.631,0.000000
4180.133789,-199.605,0.000000,0.000000,1.577,-8.370,-7.641,0.000000
4194.601562,-199.608,0.000000,0.000000,1.578,-8.380,-7.652,0.000000
4209.120117,-199.611,0.000000,0.000000,1.578,-8.389,-7.662,0.000000
4223.692383,-199.614,0.000000,0.000000,1.579,-8.399,-7.672,0.000000
4238.314941,-199.617,0.000000,0.000000,1.579,-8.409,-7.683,0.000000
4252.980469,-199.620,0.000000,0.000000,1.579,-8.418,-7.693,0.000000
4267.704590,-199.623,0.000000,0.000000,1.580,-8.428,-7.704,0.000000
4282.479980,-199.626,0.000000,0.000000,1.580,-8.438,-7.714,0.000000
4297.306152,-199.629,0.000000,0.000000,1.581,-8.447,-7.725,0.000000
4312.175781,-199.632,0.000000,0.000000,1.581,-8.457,-7.735,0.000000
4327.104980,-199.635,0.000000,0.000000,1.581,-8.467,-7.746,0.000000
4342.085449,-199.638,0.000000,0.000000,1.582,-8.477,-7.757,0.000000
4357.114258,-199.641,0.000000,0.000000,1.582,-8.487,-7.767,0.000000
4372.194824,-199.646,0.000000,0.000000,1.583,-8.496,-7.778,0.000000
4387.331543,-199.650,0.000000,0.000000,1.583,-8.506,-7.789,0.000000
4402.520996,-199.655,0.000000,0.000000,1.583,-8.516,-7.800,0.000000
4417.758789,-199.659,0.000000,0.000000,1.584,-8.526,-7.810,0.000000
4433.049316,-199.663,0.000000,0.000000,1.584,-8.536,-7.821,0.000000
4448.396973,-199.668,0.000000,0.000000,1.585,-8.546,-7.832,0.000000
4463.797852,-199.672,0.000000,0.000000,1.585,-8.556,-7.843,0.000000
4479.243164,-199.675,0.000000,0.000000,1.586,-8.567,-7.854,0.000000
4494.750977,-199.678,0.000000,0.000000,1.586,-8.577,-7.865,0.000000
4510.312012,-199.681,0.000000,0.000000,1.586,-8.587,-7.876,0.000000
4525.922852,-199.684,0.000000,0.000000,1.587,-8.597,-7.887,0.000000
4541.587891,-199.687,0.000000,0.000000,1.587,-8.608,-7.899,0.000000
4557.311035,-199.690,0.000000,0.000000,1.588,-8.618,-7.910,0.000000
4573.088867,-199.694,0.000000,0.000000,1.588,-8.628,-7.921,0.000000
4588.916992,-199.698,0.000000,0.000000,1.589,-8.639,-7.932,0.000000
4604.799805,-199.703,0.000000,0.000000,1.589,-8.649,-7.944,0.000000
4620.742188,-199.707,0.000000,0.000000,1.589,-8.659,-7.955,0.000000
4636.739746,-199.712,0.000000,0.000000,1.590,-8.670,-7.966,0.000000
4652.788086,-199.716,0.000000,0.000000,1.590,-8.680,-7.978,0.000000
4668.892090,-199.721,0.000000,0.000000,1.591,-8.691,-7.989,0.000000
4685.056152,-199.725,0.000000,0.000000,1.591,-8.702,-8.001,0.000000
4701.276367,-199.730,0.000000,0.000000,1.592,-8.712,-8.012,0.000000
4717.543457,-199.734,0.000000,0.000000,1.592,-8.723,-8.024,0.000000
4733.875977,-199.739,0.000000,0.000000,1.593,-8.734,-8.035,0.000000
4750.265137,-199.743,0.000000,0.000000,1.593,-8.744,-8.047,0.000000
4766.706543,-199.748,0.000000,0.000000,1.593,-8.755,-8.059,0.000000
4783.209473,-199.752,0.000000,0.000000,1.594,-8.766,-8.070,0.000000
4799.764648,-199.757,0.000000,0.000000,1.594,-8.777,-8.082,0.000000
4816.381836,-199.761,0.000000,0.000000,1.595,-8.788,-8.094,0.000000
4833.052246,-199.766,0.000000,0.000000,1.595,-8.799,-8.106,0.000000
4849.779785,-199.770,0.000000,0.000000,1.596,-8.810,-8.118,0.000000
4866.570312,-199.775,0.000000,0.000000,1.596,-8.821,-8.130,0.000000
4883.418945,-199.779,0.000000,0.000000,1.597,-8.832,-8.142,0.000000
4900.316406,-199.782,0.000000,0.000000,1.597,-8.843,-8.154,0.000000
4917.281738,-199.785,0.000000,0.000000,1.598,-8.854,-8.166,0.000000
4934.305664,-199.788,0.000000,0.000000,1.598,-8.865,-8.178,0.000000
4951.388672,-199.791,0.000000,0.000000,1.599,-8.876,-8.190,0.000000
4968.521484,-199.794,0.000000,0.000000,1.599,-8.888,-8.202,0.000000
4985.723145,-199.797,0.000000,0.000000,1.600,-8.899,-8.214,0.000000
5002.984375,-199.800,0.000000,0.000000,1.600,-8.910,-8.227,0.000000
5020.300293,-199.803,0.000000,0.000000,1.600,-8.921,-8.239,0.000000
5037.681152,-199.806,0.000000,0.000000,1.601,-8.933,-8.251,0.000000
5055.117188,-199.809,0.000000,0.000000,1.601,-8.944,-8.264,0.000000
5072.618164,-199.812,0.000000,0.000000,1.602,-8.956,-8.276,0.000000
5090.175293,-199.815,0.000000,0.000000,1.602,-8.967,-8.289,0.000000
5107.792969,-199.818,0.000000,0.000000,1.603,-8.979,-8.301,0.000000
5125.477051,-199.821,0.000000,0.000000,1.603,-8.990,-8.314,0.000000
5143.221680,-199.824,0.000000,0.000000,1.604,-9.002,-8.327,0.000000
5161.018066,-199.827,0.000000,0.000000,1.604,-9.014,-8.339,0.000000
5178.886230,-199.830,0.000000,0.000000,1.605,-9.025,-8.352,0.000000
5196.815918,-199.833,0.000000,0.000000,1.605,-9.037,-8.365,0.000000
5214.802734,-199.836,0.000000,0.000000,1.606,-9.049,-8.377,0.000000
5232.856934,-199.839,0.000000,0.000000,1.606,-9.061,-8.390,0.000000
5250.968750,-199.841,0.000000,0.000000,1.607,-9.073,-8.403,0.000000
5269.147949,-199.843,0.000000,0.000000,1.607,-9.085,-8.416,0.000000
5287.385254,-199.844,0.000000,0.000000,1.608,-9.097,-8.429,0.000000
5305.685547,-199.846,0.000000,0.000000,1.608,-9.109,-8.442,0.000000
5324.054199,-199.847,0.000000,0.000000,1.609,-9.121,-8.455,0.000000
5342.486816,-199.849,0.000000,0.000000,1.609,-9.133,-8.468,0.000000
5360.978027,-199.850,0.000000,0.000000,1.610,-9.145,-8.481,0.000000
5379.532715,-199.850,0.000000,0.000000,1.610,-9.157,-8.495,0.000000
5398.157227,-199.850,0.000000,0.000000,1.611,-9.169,-8.508,0.000000
5416.846191,-199.850,0.000000,0.000000,1.611,-9.182,-8.521,0.000000
5435.594727,-199.850,0.000000,0.000000,1.612,-9.194,-8.534,0.000000
5454.408203,-199.850,0.000000,0.000000,1.612,-9.206,-8.548,0.000000
5473.291992,-199.850,0.000000,0.000000,1.613,-9.219,-8.561,0.000000
5492.235352,-199.851,0.000000,0.000000,1.613,-9.231,-8.575,0.000000
5511.250000,-199.852,0.000000,0.000000,1.614,-9.243,-8.588,0.000000
5530.325195,-199.854,0.000000,0.000000,1.615,-9.256,-8.602,0.000000
5549.472168,-199.855,0.000000,0.000000,1.615,-9.269,-8.615,0.000000
5568.679199,-199.857,0.000000,0.000000,1.616,-9.281,-8.629,0.000000
5587.953613,-199.858,0.000000,0.000000,1.616,-9.294,-8.643,0.000000
5607.299316,-199.860,0.000000,0.000000,1.617,-9.306,-8.657,0.000000
5626.712402,-199.860,0.000000,0.000000,1.617,-9.319,-8.670,0.000000
5646.181641,-199.860,0.000000,0.000000,1.618,-9.332,-8.684,0.000000
5665.729492,-199.860,0.000000,0.000000,1.618,-9.345,-8.698,0.000000
5685.344727,-199.860,0.000000,0.000000,1.619,-9.358,-8.712,0.000000
5705.027832,-199.860,0.000000,0.000000,1.619,-9.371,-8.726,0.000000
5724.773926,-199.860,0.000000,0.000000,1.620,-9.384,-8.740,0.000000
5744.587891,-199.860,0.000000,0.000000,1.620,-9.397,-8.754,0.000000
5764.476562,-199.860,0.000000,0.000000,1.621,-9.410,-8.768,0.000000
5784.428223,-199.860,0.000000,0.000000,1.622,-9.423,-8.783,0.000000
5804.448730,-199.860,0.000000,0.000000,1.622,-9.436,-8.797,0.000000
5824.544434,-199.860,0.000000,0.000000,1.623,-9.449,-8.811,0.000000
5844.709473,-199.860,0.000000,0.000000,1.623,-9.462,-8.825,0.000000
5864.938965,-199.860,0.000000,0.000000,1.624,-9.475,-8.840,0.000000
5885.238281,-199.860,0.000000,0.000000,1.624,-9.489,-8.854,0.000000
5905.613281,-199.860,0.000000,0.000000,1.625,-9.502,-8.869,0.000000
5926.059082,-199.860,0.000000,0.000000,1.625,-9.516,-8.883,0.000000
5946.570312,-199.860,0.000000,0.000000,1.626,-9.529,-8.898,0.000000
5967.151855,-199.860,0.000000,0.000000,1.627,-9.542,-8.913,0.000000
5987.811035,-199.860,0.000000,0.000000,1.627,-9.556,-8.927,0.000000
6008.535645,-199.860,0.000000,0.000000,1.628,-9.570,-8.942,0.000000
6029.337402,-199.860,0.000000,0.000000,1.628,-9.583,-8.957,0.000000
6050.206055,-199.860,0.000000,0.000000,1.629,-9.597,-8.972,0.000000
6071.152344,-199.860,0.000000,0.000000,1.629,-9.611,-8.987,0.000000
6092.165527,-199.860,0.000000,0.000000,1.630,-9.624,-9.002,0.000000
6113.251465,-199.860,0.000000,0.000000,1.631,-9.638,-9.016,0.000000
6134.416016,-199.860,0.000000,0.000000,1.631,-9.652,-9.032,0.000000
6155.653809,-199.860,0.000000,0.000000,1.632,-9.666,-9.047,0.000000
6176.959473,-199.861,0.000000,0.000000,1.632,-9.680,-9.062,0.000000
6198.338867,-199.863,0.000000,0.000000,1.633,-9.694,-9.077,0.000000
6219.797852,-199.864,0.000000,0.000000,1.634,-9.708,-9.092,0.000000
6241.331543,-199.866,0.000000,0.000000,1.634,-9.722,-9.108,0.000000
6262.933594,-199.867,0.000000,0.000000,1.635,-9.736,-9.123,0.000000
6284.610352,-199.869,0.000000,0.000000,1.635,-9.751,-9.138,0.000000
6306.368652,-199.870,0.000000,0.000000,1.636,-9.765,-9.154,0.000000
6328.195801,-199.872,0.000000,0.000000,1.637,-9.779,-9.169,0.000000
6350.104492,-199.873,0.000000,0.000000,1.637,-9.794,-9.185,0.000000
6372.083008,-199.875,0.000000,0.000000,1.638,-9.808,-9.201,0.000000
6394.143555,-199.876,0.000000,0.000000,1.638,-9.823,-9.216,0.000000
6416.274902,-199.878,0.000000,0.000000,1.639,-9.837,-9.232,0.000000
6438.482422,-199.879,0.000000,0.000000,1.640,-9.852,-9.248,0.000000
6460.772949,-199.882,0.000000,0.000000,1.640,-9.866,-9.264,0.000000
6483.140625,-199.885,0.000000,0.000000,1.641,-9.881,-9.280,0.000000
6505.580078,-199.888,0.000000,0.000000,1.641,-9.896,-9.296,0.000000
6528.096680,-199.891,0.000000,0.000000,1.642,-9.910,-9.312,0.000000
6550.697266,-199.894,0.000000,0.000000,1.643,-9.925,-9.328,0.000000
6573.370605,-199.897,0.000000,0.000000,1.643,-9.940,-9.344,0.000000
6596.127930,-199.900,0.000000,0.000000,1.644,-9.955,-9.360,0.000000
6618.958008,-199.903,0.000000,0.000000,1.645,-9.970,-9.376,0.000000
6641.873535,-199.906,0.000000,0.000000,1.645,-9.985,-9.393,0.000000
6664.861816,-199.909,0.000000,0.000000,1.646,-10.000,-9.409,0.000000
6687.930176,-199.912,0.000000,0.000000,1.646,-10.015,-9.425,0.000000
6711.084473,-199.915,0.000000,0.000000,1.647,-10.030,-9.442,0.000000
6734.318848,-199.918,0.000000,0.000000,1.648,-10.046,-9.458,0.000000
6757.633301,-199.921,0.000000,0.000000,1.648,-10.061,-9.475,0.000000
6781.016113,-199.924,0.000000,0.000000,1.649,-10.076,-9.491,0.000000
6804.492676,-199.927,0.000000,0.000000,1.650,-10.092,-9.508,0.000000
6828.050293,-199.930,0.000000,0.000000,1.650,-10.107,-9.525,0.000000
6851.683105,-199.933,0.000000,0.000000,1.651,-10.123,-9.542,0.000000
6875.397949,-199.936,0.000000,0.000000,1.652,-10.138,-9.559,0.000000
6899.201172,-199.939,0.000000,0.000000,1.652,-10.154,-9.576,0.000000
6923.080078,-199.942,0.000000,0.000000,1.653,-10.169,-9.593,0.000000
6947.048828,-199.947,0.000000,0.000000,1.654,-10.185,-9.610,0.000000
6971.093262,-199.951,0.000000,0.000000,1.654,-10.201,-9.627,0.000000
6995.228027,-199.956,0.000000,0.000000,1.655,-10.217,-9.644,0.000000
7019.446289,-199.960,0.000000,0.000000,1.656,-10.233,-9.661,0.000000
7043.734863,-199.965,0.000000,0.000000,1.656,-10.249,-9.678,0.000000
7068.120605,-199.969,0.000000,0.000000,1.657,-10.265,-9.696,0.000000
7092.591309,-199.974,0.000000,0.000000,1.658,-10.281,-9.713,0.000000
7117.139648,-199.978,0.000000,0.000000,1.658,-10.297,-9.731,0.000000
7141.772949,-199.983,0.000000,0.000000,1.659,-10.313,-9.748,0.000000
7166.498535,-199.987,0.000000,0.000000,1.660,-10.329,-9.766,0.000000
7191.309570,-199.992,0.000000,0.000000,1.660,-10.345,-9.783,0.000000
7216.199707,-199.996,0.000000,0.000000,1.661,-10.362,-9.801,0.000000
7241.176270,-200.000,0.000000,0.000000,1.662,-10.378,-9.819,0.000000
7266.245605,-200.003,0.000000,0.000000,1.662,-10.395,-9.837,0.000000
7291.402344,-200.006,0.000000,0.000000,1.663,-10.411,-9.855,0.000000
7316.631836,-200.009,0.000000,0.000000,1.664,-10.428,-9.872,0.000000
7341.962402,-200.012,0.000000,0.000000,1.664,-10.444,-9.890,0.000000
7367.381348,-200.015,0.000000,0.000000,1.665,-10.461,-9.909,0.000000
7392.887695,-200.018,0.000000,0.000000,1.666,-10.478,-9.927,0.000000
7418.468262,-200.022,0.000000,0.000000,1.667,-10.494,-9.945,0.000000
7444.151855,-200.027,0.000000,0.000000,1.667,-10.511,-9.963,0.000000
7469.924316,-200.031,0.000000,0.000000,1.668,-10.528,-9.981,0.000000
7495.778809,-200.036,0.000000,0.000000,1.669,-10.545,-10.000,0.000000
7521.722656,-200.040,0.000000,0.000000,1.669,-10.562,-10.018,0.000000
7547.763672,-200.045,0.000000,0.000000,1.670,-10.579,-10.037,0.000000
7573.887207,-200.049,0.000000,0.000000,1.671,-10.596,-10.055,0.000000
7600.108887,-200.054,0.000000,0.000000,1.672,-10.613,-10.074,0.000000
7626.414062,-200.058,0.000000,0.000000,1.672,-10.631,-10.093,0.000000
7652.817383,-200.062,0.000000,0.000000,1.673,-10.648,-10.112,0.000000
7679.312012,-200.067,0.000000,0.000000,1.674,-10.665,-10.130,0.000000
7705.883789,-200.071,0.000000,0.000000,1.674,-10.683,-10.149,0.000000
7732.562500,-200.076,0.000000,0.000000,1.675,-10.700,-10.168,0.000000
7759.333008,-200.080,0.000000,0.000000,1.676,-10.718,-10.187,0.000000
7786.189453,-200.085,0.000000,0.000000,1.677,-10.736,-10.206,0.000000
7813.138672,-200.089,0.000000,0.000000,1.677,-10.753,-10.226,0.000000
7840.188477,-200.094,0.000000,0.000000,1.678,-10.771,-10.245,0.000000
7867.331543,-200.098,0.000000,0.000000,1.679,-10.789,-10.264,0.000000
7894.561523,-200.103,0.000000,0.000000,1.680,-10.807,-10.284,0.000000
7921.885742,-200.107,0.000000,0.000000,1.680,-10.825,-10.303,0.000000
7949.312012,-200.113,0.000000,0.000000,1.681,-10.843,-10.322,0.000000
7976.833496,-200.118,0.000000,0.000000,1.682,-10.861,-10.342,0.000000
8004.442383,-200.124,0.000000,0.000000,1.685,-10.878,-10.361,0.000000
8032.146973,-200.130,0.000000,0.000000,1.703,-10.894,-10.378,0.000000
8059.955078,-200.136,0.000000,0.000000,1.721,-10.910,-10.395,0.000000
8087.859375,-200.142,0.000000,0.000000,1.739,-10.927,-10.412,0.000000
8115.844727,-200.148,0.000000,0.000000,1.757,-10.943,-10.429,0.000000
8143.942383,-200.155,0.000000,0.000000,1.775,-10.959,-10.447,0.000000
8172.137695,-200.163,0.000000,0.000000,1.794,-10.975,-10.464,0.000000
8200.422852,-200.170,0.000000,0.000000,1.812,-10.992,-10.481,0.000000
8228.805664,-200.178,0.000000,0.000000,1.830,-11.008,-10.498,0.000000
8257.293945,-200.185,0.000000,0.000000,1.849,-11.025,-10.516,0.000000
8285.881836,-200.193,0.000000,0.000000,1.867,-11.041,-10.533,0.000000
8314.560547,-200.200,0.000000,0.000000,1.885,-11.058,-10.551,0.000000
8343.337891,-200.209,0.000000,0.000000,1.904,-11.074,-10.568,0.000000
8372.223633,-200.218,0.000000,0.000000,1.923,-11.091,-10.586,0.000000
8401.208984,-200.227,0.000000,0.000000,1.941,-11.108,-10.604,0.000000
8430.278320,-200.236,0.000000,0.000000,1.960,-11.125,-10.622,0.000000
8459.464844,-200.245,0.000000,0.000000,1.979,-11.141,-10.639,0.000000
8488.752930,-200.254,0.000000,0.000000,1.998,-11.158,-10.657,0.000000
8518.141602,-200.264,0.000000,0.000000,2.017,-11.175,-10.675,0.000000
8547.616211,-200.274,0.000000,0.000000,2.036,-11.192,-10.693,0.000000
8577.208008,-200.285,0.000000,0.000000,2.055,-11.210,-10.711,0.000000
8606.903320,-200.295,0.000000,0.000000,2.074,-11.227,-10.730,0.000000
8636.693359,-200.306,0.000000,0.000000,2.093,-11.244,-10.748,0.000000
8666.594727,-200.316,0.000000,0.000000,2.113,-11.261,-10.766,0.000000
8696.590820,-200.327,0.000000,0.000000,2.132,-11.279,-10.784,0.000000
8726.699219,-200.339,0.000000,0.000000,2.151,-11.296,-10.803,0.000000
8756.903320,-200.352,0.000000,0.000000,2.171,-11.313,-10.821,0.000000
8787.211914,-200.366,0.000000,0.000000,2.190,-11.331,-10.840,0.000000
8817.634766,-200.379,0.000000,0.000000,2.210,-11.349,-10.858,0.000000
8848.162109,-200.393,0.000000,0.000000,2.230,-11.366,-10.877,0.000000
8878.778320,-200.406,0.000000,0.000000,2.249,-11.384,-10.896,0.000000
8909.517578,-200.420,0.000000,0.000000,2.269,-11.402,-10.915,0.000000
8940.363281,-200.436,0.000000,0.000000,2.289,-11.420,-10.933,0.000000
8971.306641,-200.453,0.000000,0.000000,2.309,-11.437,-10.952,0.000000
9002.366211,-200.469,0.000000,0.000000,2.329,-11.455,-10.971,0.000000
9033.524414,-200.485,0.000000,0.000000,2.349,-11.473,-10.990,0.000000
9064.799805,-200.502,0.000000,0.000000,2.369,-11.492,-11.009,0.000000
9096.173828,-200.519,0.000000,0.000000,2.390,-11.510,-11.029,0.000000
9127.657227,-200.536,0.000000,0.000000,2.410,-11.528,-11.048,0.000000
9159.257812,-200.555,0.000000,0.000000,2.430,-11.546,-11.067,0.000000
9190.967773,-200.575,0.000000,0.000000,2.451,-11.565,-11.087,0.000000
9222.770508,-200.594,0.000000,0.000000,2.471,-11.583,-11.106,0.000000
9254.701172,-200.613,0.000000,0.000000,2.492,-11.601,-11.126,0.000000
9286.741211,-200.633,0.000000,0.000000,2.513,-11.620,-11.145,0.000000
9318.892578,-200.653,0.000000,0.000000,2.533,-11.638,-11.165,0.000000
9351.137695,-200.673,0.000000,0.000000,2.554,-11.657,-11.185,0.000000
9383.512695,-200.694,0.000000,0.000000,2.575,-11.676,-11.204,0.000000
9415.999023,-200.715,0.000000,0.000000,2.596,-11.695,-11.224,0.000000
9448.588867,-200.736,0.000000,0.000000,2.617,-11.714,-11.244,0.000000
9481.300781,-200.757,0.000000,0.000000,2.638,-11.732,-11.264,0.000000
9514.117188,-200.778,0.000000,0.000000,2.659,-11.751,-11.284,0.000000
9547.055664,-200.799,0.000000,0.000000,2.680,-11.770,-11.304,0.000000
9580.099609,-200.822,0.000000,0.000000,2.702,-11.790,-11.324,0.000000
9613.257812,-200.846,0.000000,0.000000,2.723,-11.809,-11.345,0.000000
9646.540039,-200.870,0.000000,0.000000,2.745,-11.828,-11.365,0.000000
9679.936523,-200.894,0.000000,0.000000,2.766,-11.847,-11.386,0.000000
9713.431641,-200.918,0.000000,0.000000,2.788,-11.867,-11.406,0.000000
9747.060547,-200.942,0.000000,0.000000,2.809,-11.886,-11.427,0.000000
9780.805664,-200.966,0.000000,0.000000,2.831,-11.906,-11.447,0.000000
9814.658203,-200.990,0.000000,0.000000,2.853,-11.925,-11.468,0.000000
9848.637695,-201.014,0.000000,0.000000,2.875,-11.945,-11.489,0.000000
9882.724609,-201.037,0.000000,0.000000,2.897,-11.965,-11.509,0.000000
9916.939453,-201.061,0.000000,0.000000,2.919,-11.984,-11.530,0.000000
9951.263672,-201.085,0.000000,0.000000,2.941,-12.004,-11.551,0.000000
9985.706055,-201.110,0.000000,0.000000,2.963,-12.024,-11.572,0.000000
10020.278320,-201.134,0.000000,0.000000,2.986,-12.044,-11.594,0.000000
10054.968750,-201.160,0.000000,0.000000,3.008,-12.064,-11.615,0.000000
10089.770508,-201.185,0.000000,0.000000,3.031,-12.084,-11.636,0.000000
10124.692383,-201.210,0.000000,0.000000,3.053,-12.105,-11.657,0.000000
10159.745117,-201.236,0.000000,0.000000,3.076,-12.125,-11.679,0.000000
10194.918945,-201.261,0.000000,0.000000,3.098,-12.145,-11.700,0.000000
10230.205078,-201.287,0.000000,0.000000,3.121,-12.166,-11.722,0.000000
10265.613281,-201.311,0.000000,0.000000,3.144,-12.186,-11.744,0.000000
10301.154297,-201.335,0.000000,0.000000,3.167,-12.207,-11.765,0.000000
10336.807617,-201.359,0.000000,0.000000,3.190,-12.227,-11.787,0.000000
10372.594727,-201.383,0.000000,0.000000,3.213,-12.248,-11.809,0.000000
10408.496094,-201.407,0.000000,0.000000,3.236,-12.269,-11.831,0.000000
10444.531250,-201.431,0.000000,0.000000,3.259,-12.289,-11.853,0.000000
10480.680664,-201.455,0.000000,0.000000,3.283,-12.310,-11.875,0.000000
10516.956055,-201.480,0.000000,0.000000,3.306,-12.331,-11.897,0.000000
10553.367188,-201.505,0.000000,0.000000,3.330,-12.352,-11.919,0.000000
10589.903320,-201.531,0.000000,0.000000,3.353,-12.374,-11.942,0.000000
10626.546875,-201.556,0.000000,0.000000,3.377,-12.395,-11.964,0.000000
10663.336914,-201.582,0.000000,0.000000,3.401,-12.416,-11.987,0.000000
10700.253906,-201.607,0.000000,0.000000,3.424,-12.437,-12.009,0.000000
10737.299805,-201.632,0.000000,0.000000,3.448,-12.459,-12.032,0.000000
10774.462891,-201.656,0.000000,0.000000,3.472,-12.480,-12.055,0.000000
10811.754883,-201.680,0.000000,0.000000,3.496,-12.502,-12.077,0.000000
10849.185547,-201.704,0.000000,0.000000,3.520,-12.524,-12.100,0.000000
10886.736328,-201.728,0.000000,0.000000,3.545,-12.545,-12.123,0.000000
10924.427734,-201.752,0.000000,0.000000,3.569,-12.567,-12.146,0.000000
10962.238281,-201.776,0.000000,0.000000,3.593,-12.589,-12.169,0.000000
11000.190430,-201.798,0.000000,0.000000,3.618,-12.611,-12.193,0.000000
11038.263672,-201.821,0.000000,0.000000,3.642,-12.633,-12.216,0.000000
11076.468750,-201.843,0.000000,0.000000,3.667,-12.655,-12.239,0.000000
11114.816406,-201.865,0.000000,0.000000,3.692,-12.677,-12.263,0.000000
11153.296875,-201.888,0.000000,0.000000,3.717,-12.699,-12.286,0.000000
11191.900391,-201.911,0.000000,0.000000,3.741,-12.722,-12.310,0.000000
11230.636719,-201.933,0.000000,0.000000,3.766,-12.744,-12.334,0.000000
11269.518555,-201.955,0.000000,0.000000,3.792,-12.767,-12.357,0.000000
11308.523438,-201.978,0.000000,0.000000,3.817,-12.789,-12.381,0.000000
11347.674805,-202.000,0.000000,0.000000,3.842,-12.812,-12.405,0.000000
11386.951172,-202.023,0.000000,0.000000,3.867,-12.835,-12.429,0.000000
11426.373047,-202.045,0.000000,0.000000,3.893,-12.857,-12.453,0.000000
11465.921875,-202.068,0.000000,0.000000,3.918,-12.880,-12.477,0.000000
11505.606445,-202.089,0.000000,0.000000,3.944,-12.903,-12.502,0.000000
11545.440430,-202.110,0.000000,0.000000,3.970,-12.926,-12.526,0.000000
11585.412109,-202.131,0.000000,0.000000,3.995,-12.949,-12.550,0.000000
11625.521484,-202.152,0.000000,0.000000,4.021,-12.972,-12.575,0.000000
11665.748047,-202.173,0.000000,0.000000,4.047,-12.996,-12.600,0.000000
11706.135742,-202.194,0.000000,0.000000,4.073,-13.019,-12.624,0.000000
11746.664062,-202.215,0.000000,0.000000,4.099,-13.043,-12.649,0.000000
11787.320312,-202.237,0.000000,0.000000,4.126,-13.066,-12.674,0.000000
11828.118164,-202.259,0.000000,0.000000,4.152,-13.090,-12.699,0.000000
11869.068359,-202.282,0.000000,0.000000,4.178,-13.113,-12.724,0.000000
11910.148438,-202.304,0.000000,0.000000,4.205,-13.137,-12.749,0.000000
11951.382812,-202.327,0.000000,0.000000,4.231,-13.161,-12.774,0.000000
11992.748047,-202.349,0.000000,0.000000,4.258,-13.185,-12.799,0.000000
12034.268555,-202.372,0.000000,0.000000,4.285,-13.209,-12.825,0.000000
12075.931641,-202.394,0.000000,0.000000,4.312,-13.233,-12.850,0.000000
12117.716797,-202.416,0.000000,0.000000,4.339,-13.257,-12.876,0.000000
12159.669922,-202.439,0.000000,0.000000,4.366,-13.281,-12.901,0.000000
12201.767578,-202.461,0.000000,0.000000,4.393,-13.306,-12.927,0.000000
12243.999023,-202.484,0.000000,0.000000,4.420,-13.330,-12.953,0.000000
12286.377930,-202.506,0.000000,0.000000,4.447,-13.355,-12.979,0.000000
12328.914062,-202.530,0.000000,0.000000,4.475,-13.379,-13.005,0.000000
12371.597656,-202.555,0.000000,0.000000,4.502,-13.404,-13.031,0.000000
12414.417969,-202.581,0.000000,0.000000,4.530,-13.429,-13.057,0.000000
12457.385742,-202.606,0.000000,0.000000,4.558,-13.454,-13.083,0.000000
12500.514648,-202.631,0.000000,0.000000,4.586,-13.479,-13.110,0.000000
12543.780273,-202.657,0.000000,0.000000,4.613,-13.504,-13.136,0.000000
12587.196289,-202.683,0.000000,0.000000,4.641,-13.529,-13.163,0.000000
12630.774414,-202.709,0.000000,0.000000,4.670,-13.554,-13.189,0.000000
12674.502930,-202.736,0.000000,0.000000,4.698,-13.579,-13.216,0.000000
12718.383789,-202.763,0.000000,0.000000,4.726,-13.605,-13.243,0.000000
12762.391602,-202.789,0.000000,0.000000,4.754,-13.630,-13.270,0.000000
12806.576172,-202.816,0.000000,0.000000,4.783,-13.656,-13.297,0.000000
12850.914062,-202.844,0.000000,0.000000,4.812,-13.681,-13.324,0.000000
12895.392578,-202.871,0.000000,0.000000,4.840,-13.707,-13.351,0.000000
12940.025391,-202.902,0.000000,0.000000,4.869,-13.733,-13.379,0.000000
12984.825195,-202.933,0.000000,0.000000,4.898,-13.759,-13.406,0.000000
13029.767578,-202.964,0.000000,0.000000,4.927,-13.785,-13.433,0.000000
13074.876953,-202.996,0.000000,0.000000,4.956,-13.811,-13.461,0.000000
13120.131836,-203.027,0.000000,0.000000,4.985,-13.837,-13.489,0.000000
13165.554688,-203.059,0.000000,0.000000,5.015,-13.863,-13.516,0.000000
13211.134766,-203.091,0.000000,0.000000,5.044,-13.889,-13.544,0.000000
13256.847656,-203.124,0.000000,0.000000,5.073,-13.916,-13.572,0.000000
13302.744141,-203.156,0.000000,0.000000,5.103,-13.942,-13.600,0.000000
13348.799805,-203.189,0.000000,0.000000,5.133,-13.969,-13.628,0.000000
13395.001953,-203.222,0.000000,0.000000,5.163,-13.996,-13.657,0.000000
13441.363281,-203.255,0.000000,0.000000,5.192,-14.023,-13.685,0.000000
13487.899414,-203.289,0.000000,0.000000,5.222,-14.050,-13.713,0.000000
13534.595703,-203.324,0.000000,0.000000,5.253,-14.077,-13.742,0.000000
13581.440430,-203.361,0.000000,0.000000,5.283,-14.104,-13.771,0.000000
13628.447266,-203.399,0.000000,0.000000,5.313,-14.131,-13.799,0.000000
13675.630859,-203.436,0.000000,0.000000,5.344,-14.158,-13.828,0.000000
13722.976562,-203.473,0.000000,0.000000,5.374,-14.186,-13.857,0.000000
13770.473633,-203.511,0.000000,0.000000,5.405,-14.213,-13.886,0.000000
13818.135742,-203.549,0.000000,0.000000,5.435,-14.241,-13.915,0.000000
13865.975586,-203.587,0.000000,0.000000,5.466,-14.268,-13.945,0.000000
13913.980469,-203.626,0.000000,0.000000,5.497,-14.296,-13.974,0.000000
13962.125977,-203.665,0.000000,0.000000,5.528,-14.324,-14.003,0.000000
14010.463867,-203.704,0.000000,0.000000,5.560,-14.352,-14.033,0.000000
14058.969727,-203.743,0.000000,0.000000,5.591,-14.380,-14.063,0.000000
14107.628906,-203.782,0.000000,0.000000,5.622,-14.408,-14.092,0.000000
14156.458008,-203.821,0.000000,0.000000,5.654,-14.436,-14.122,0.000000
14205.468750,-203.861,0.000000,0.000000,5.685,-14.465,-14.152,0.000000
14254.635742,-203.902,0.000000,0.000000,5.717,-14.493,-14.182,0.000000
14303.986328,-203.942,0.000000,0.000000,5.749,-14.522,-14.212,0.000000
14353.495117,-203.982,0.000000,0.000000,5.781,-14.550,-14.243,0.000000
14403.188477,-204.023,0.000000,0.000000,5.813,-14.579,-14.273,0.000000
14453.052734,-204.064,0.000000,0.000000,5.845,-14.608,-14.303,0.000000
14503.063477,-204.105,0.000000,0.000000,5.877,-14.637,-14.334,0.000000
14553.274414,-204.146,0.000000,0.000000,5.910,-14.666,-14.365,0.000000
14603.659180,-204.188,0.000000,0.000000,5.942,-14.695,-14.396,0.000000
14654.218750,-204.230,0.000000,0.000000,5.975,-14.724,-14.426,0.000000
14704.924805,-204.272,0.000000,0.000000,6.008,-14.753,-14.457,0.000000
14755.834961,-204.314,0.000000,0.000000,6.040,-14.783,-14.489,0.000000
14806.920898,-204.356,0.000000,0.000000,6.073,-14.812,-14.520,0.000000
14858.168945,-204.399,0.000000,0.000000,6.106,-14.842,-14.551,0.000000
14909.609375,-204.442,0.000000,0.000000,6.140,-14.872,-14.583,0.000000
14961.213867,-204.486,0.000000,0.000000,6.173,-14.902,-14.614,0.000000
15013.010742,-204.529,0.000000,0.000000,6.206,-14.932,-14.646,0.000000
15064.973633,-204.572,0.000000,0.000000,6.240,-14.962,-14.678,0.000000
15117.115234,-204.616,0.000000,0.000000,6.273,-14.992,-14.709,0.000000
15169.452148,-204.659,0.000000,0.000000,6.307,-15.022,-14.741,0.000000
15221.969727,-204.701,0.000000,0.000000,6.341,-15.052,-14.774,0.000000
15274.640625,-204.743,0.000000,0.000000,6.375,-15.083,-14.806,0.000000
15327.523438,-204.784,0.000000,0.000000,6.409,-15.113,-14.838,0.000000
15380.588867,-204.826,0.000000,0.000000,6.443,-15.144,-14.870,0.000000
15433.823242,-204.868,0.000000,0.000000,6.478,-15.175,-14.903,0.000000
15487.241211,-204.911,0.000000,0.000000,6.512,-15.206,-14.936,0.000000
15540.859375,-204.952,0.000000,0.000000,6.547,-15.237,-14.968,0.000000
15594.664062,-204.994,0.000000,0.000000,6.581,-15.268,-15.001,0.000000
15648.638672,-205.036,0.000000,0.000000,6.616,-15.299,-15.034,0.000000
15702.800781,-205.078,0.000000,0.000000,6.651,-15.331,-15.067,0.000000
15757.166016,-205.120,0.000000,0.000000,6.686,-15.362,-15.101,0.000000
15811.718750,-205.162,0.000000,0.000000,6.721,-15.393,-15.134,0.000000
15866.429688,-205.204,0.000000,0.000000,6.757,-15.425,-15.168,0.000000
15921.361328,-205.246,0.000000,0.000000,6.792,-15.457,-15.201,0.000000
15976.482422,-205.287,0.000000,0.000000,6.828,-15.489,-15.235,0.000000
16031.793945,-205.329,0.000000,0.000000,6.863,-15.521,-15.269,0.000000
16087.267578,-205.371,0.000000,0.000000,6.899,-15.553,-15.303,0.000000
16142.962891,-205.413,0.000000,0.000000,6.935,-15.585,-15.337,0.000000
16198.851562,-205.455,0.000000,0.000000,6.971,-15.617,-15.371,0.000000
16254.917969,-205.497,0.000000,0.000000,7.007,-15.650,-15.405,0.000000
16311.194336,-205.539,0.000000,0.000000,7.044,-15.682,-15.439,0.000000
16367.649414,-205.580,0.000000,0.000000,7.080,-15.715,-15.474,0.000000
16424.316406,-205.622,0.000000,0.000000,7.117,-15.748,-15.509,0.000000
16481.162109,-205.664,0.000000,0.000000,7.153,-15.781,-15.543,0.000000
16538.205078,-205.706,0.000000,0.000000,7.190,-15.814,-15.578,0.000000
16595.462891,-205.748,0.000000,0.000000,7.227,-15.847,-15.613,0.000000
16652.917969,-205.790,0.000000,0.000000,7.264,-15.880,-15.648,0.000000
16710.539062,-205.832,0.000000,0.000000,7.301,-15.913,-15.684,0.000000
16768.392578,-205.873,0.000000,0.000000,7.339,-15.947,-15.719,0.000000
16826.447266,-205.915,0.000000,0.000000,7.376,-15.980,-15.754,0.000000
16884.685547,-205.957,0.000000,0.000000,7.414,-16.014,-15.790,0.000000
16943.142578,-205.999,0.000000,0.000000,7.451,-16.048,-15.826,0.000000
17001.785156,-206.041,0.000000,0.000000,7.489,-16.082,-15.862,0.000000
17060.646484,-206.083,0.000000,0.000000,7.527,-16.116,-15.898,0.000000
17119.695312,-206.125,0.000000,0.000000,7.565,-16.150,-15.934,0.000000
17178.949219,-206.166,0.000000,0.000000,7.603,-16.184,-15.970,0.000000
17238.423828,-206.208,0.000000,0.000000,7.642,-16.219,-16.006,0.000000
17298.105469,-206.250,0.000000,0.000000,7.680,-16.253,-16.043,0.000000
17357.976562,-206.293,0.000000,0.000000,7.719,-16.288,-16.079,0.000000
17418.054688,-206.335,0.000000,0.000000,7.758,-16.322,-16.116,0.000000
17478.357422,-206.378,0.000000,0.000000,7.796,-16.357,-16.153,0.000000
17538.869141,-206.421,0.000000,0.000000,7.836,-16.392,-16.190,0.000000
17599.556641,-206.464,0.000000,0.000000,7.875,-16.427,-16.227,0.000000
17660.488281,-206.508,0.000000,0.000000,7.914,-16.463,-16.264,0.000000
17721.630859,-206.551,0.000000,0.000000,7.953,-16.498,-16.302,0.000000
17782.968750,-206.595,0.000000,0.000000,7.993,-16.534,-16.339,0.000000
17844.535156,-206.638,0.000000,0.000000,8.033,-16.569,-16.377,0.000000
17906.296875,-206.679,0.000000,0.000000,8.073,-16.605,-16.415,0.000000
17968.291016,-206.721,0.000000,0.000000,8.113,-16.641,-16.452,0.000000
18030.480469,-206.763,0.000000,0.000000,8.153,-16.677,-16.490,0.000000
18092.886719,-206.805,0.000000,0.000000,8.193,-16.713,-16.529,0.000000
18155.525391,-206.847,0.000000,0.000000,8.233,-16.749,-16.567,0.000000
18218.382812,-206.889,0.000000,0.000000,8.274,-16.785,-16.605,0.000000
18281.421875,-206.930,0.000000,0.000000,8.314,-16.822,-16.644,0.000000
18344.712891,-206.970,0.000000,0.000000,8.355,-16.858,-16.683,0.000000
18408.224609,-207.010,0.000000,0.000000,8.396,-16.895,-16.721,0.000000
18471.955078,-207.050,0.000000,0.000000,8.437,-16.932,-16.760,0.000000
18535.888672,-207.091,0.000000,0.000000,8.479,-16.969,-16.799,0.000000
18600.044922,-207.132,0.000000,0.000000,8.520,-17.006,-16.839,0.000000
18664.439453,-207.172,0.000000,0.000000,8.562,-17.043,-16.878,0.000000
18729.041016,-207.212,0.000000,0.000000,8.603,-17.081,-16.917,0.000000
18793.880859,-207.252,0.000000,0.000000,8.645,-17.118,-16.957,0.000000
18858.929688,-207.293,0.000000,0.000000,8.687,-17.156,-16.997,0.000000
18924.220703,-207.333,0.000000,0.000000,8.729,-17.194,-17.037,0.000000
18989.720703,-207.374,0.000000,0.000000,8.771,-17.231,-17.077,0.000000
19055.447266,-207.414,0.000000,0.000000,8.814,-17.269,-17.117,0.000000
19121.417969,-207.453,0.000000,0.000000,8.856,-17.308,-17.157,0.000000
19187.619141,-207.489,0.000000,0.000000,8.899,-17.346,-17.198,0.000000
19254.029297,-207.524,0.000000,0.000000,8.942,-17.384,-17.238,0.000000
19320.669922,-207.560,0.000000,0.000000,8.985,-17.423,-17.279,0.000000
19387.560547,-207.596,0.000000,0.000000,9.028,-17.462,-17.320,0.000000
19454.664062,-207.632,0.000000,0.000000,9.071,-17.500,-17.361,0.000000
19522.017578,-207.669,0.000000,0.000000,9.115,-17.539,-17.402,0.000000
19589.585938,-207.703,0.000000,0.000000,9.158,-17.578,-17.444,0.000000
19657.406250,-207.738,0.000000,0.000000,9.202,-17.618,-17.485,0.000000
19725.443359,-207.772,0.000000,0.000000,9.246,-17.657,-17.527,0.000000
19793.716797,-207.806,0.000000,0.000000,9.290,-17.696,-17.568,0.000000
19862.244141,-207.841,0.000000,0.000000,9.334,-17.736,-17.610,0.000000
19931.009766,-207.875,0.000000,0.000000,9.379,-17.776,-17.652,0.000000
19999.974609,-207.910,0.000000,0.000000,9.423,-17.816,-17.694,0.000000
