frequency_hz,spl_db,phase_deg,thd_percent,rt60_ms,c50_db,c80_db,group_delay_ms
20.000000,-33.904,-120.228294,0.009924,1.497,-10.329,-9.841,0.000000
20.069233,-35.289,-115.325401,0.011642,1.497,-10.329,-9.841,0.000000
20.138704,-34.934,-111.779839,0.011177,1.497,-10.329,-9.841,0.000000
20.208418,-35.244,-106.013283,0.011587,1.497,-10.329,-9.841,0.000000
20.278366,-35.544,-113.539856,0.011996,1.497,-10.329,-9.841,0.000000
20.348562,-35.558,-104.122963,0.012017,1.497,-10.329,-9.841,0.000000
20.419001,-36.166,-112.009895,0.012890,1.497,-10.329,-9.841,0.000000
20.489683,-36.792,-102.975555,0.013855,1.497,-10.329,-9.841,0.000000
20.560612,-36.126,-106.397751,0.012833,1.497,-10.329,-9.841,0.000000
20.631784,-35.854,-91.379326,0.012437,1.497,-10.329,-9.841,0.000000
20.703203,-35.987,-88.003052,0.012629,1.497,-10.329,-9.841,0.000000
20.774866,-35.669,-81.264992,0.012175,1.497,-10.329,-9.841,0.000000
20.846781,-35.316,-69.325974,0.011690,1.497,-10.329,-9.841,0.000000
20.918943,-35.738,-65.939102,0.012273,1.497,-10.329,-9.841,0.000000
20.991358,-35.547,-58.630795,0.012008,1.497,-10.329,-9.841,0.000000
21.064020,-34.572,-43.210453,0.010735,1.497,-10.329,-9.841,0.000000
21.136936,-33.980,-36.754219,0.010029,1.497,-10.329,-9.841,0.000000
21.210104,-32.786,-31.197678,0.008743,1.497,-10.329,-9.841,0.000000
21.283520,-32.470,-27.105740,0.008432,1.497,-10.329,-9.841,0.000000
21.357197,-32.011,-24.621992,0.007999,1.497,-10.329,-9.841,0.000000
21.431126,-30.909,-23.969452,0.007047,1.497,-10.329,-9.841,0.000000
21.505312,-30.120,-18.924807,0.006434,1.497,-10.329,-9.841,0.000000
21.579756,-29.389,-14.846519,0.005916,1.497,-10.329,-9.841,0.000000
21.654457,-28.901,-13.773779,0.005592,1.497,-10.329,-9.841,0.000000
21.729416,-28.297,-14.137552,0.005217,1.497,-10.329,-9.841,0.000000
21.804630,-27.769,-12.618764,0.004909,1.497,-10.329,-9.841,0.000000
21.880110,-27.265,-10.936498,0.004632,1.497,-10.329,-9.841,0.000000
21.955851,-26.517,-9.449060,0.004250,1.497,-10.329,-9.841,0.000000
22.031853,-26.204,-7.497134,0.004101,1.497,-10.329,-9.841,0.000000
22.108118,-25.906,-7.786047,0.003963,1.497,-10.329,-9.841,0.000000
22.184649,-25.596,-6.457545,0.003825,1.497,-10.329,-9.841,0.000000
22.261442,-25.279,-5.011289,0.003689,1.497,-10.329,-9.841,0.000000
22.338503,-24.626,-1.766896,0.003422,1.497,-10.329,-9.841,0.000000
22.415825,-24.030,-2.317461,0.003196,1.497,-10.329,-9.841,0.000000
22.493420,-23.736,-0.857300,0.003090,1.497,-10.329,-9.841,0.000000
22.571283,-23.099,0.643360,0.002872,1.497,-10.329,-9.841,0.000000
22.649418,-23.098,0.643360,0.002872,1.497,-10.329,-9.841,0.000000
22.727821,-22.749,0.056249,0.002759,1.497,-10.329,-9.841,0.000000
22.806496,-22.298,1.608995,0.002620,1.497,-10.329,-9.841,0.000000
22.885437,-21.842,0.940144,0.002486,1.497,-10.329,-9.841,0.000000
22.964659,-21.625,0.897242,0.002425,1.497,-10.329,-9.841,0.000000
23.044153,-21.181,1.238815,0.002305,1.497,-10.329,-9.841,0.000000
23.123922,-21.136,1.699655,0.002293,1.497,-10.329,-9.841,0.000000
23.203970,-20.814,1.349882,0.002210,1.497,-10.329,-9.841,0.000000
23.284292,-20.527,2.471332,0.002139,1.497,-10.329,-9.841,0.000000
23.364893,-20.370,3.168058,0.002101,1.497,-10.329,-9.841,0.000000
23.445774,-19.925,3.397918,0.001996,1.497,-10.329,-9.841,0.000000
23.526928,-19.448,4.250830,0.001890,1.497,-10.329,-9.841,0.000000
23.608370,-19.019,4.624641,0.001799,1.497,-10.329,-9.841,0.000000
23.690092,-18.479,5.158913,0.001690,1.497,-10.329,-9.841,0.000000
23.772099,-18.356,4.186224,0.001667,1.497,-10.329,-9.841,0.000000
23.854389,-17.896,3.940814,0.001581,1.497,-10.329,-9.841,0.000000
23.936964,-17.652,3.425951,0.001537,1.497,-10.329,-9.841,0.000000
24.019825,-17.252,2.467544,0.001468,1.497,-10.329,-9.841,0.000000
24.102966,-16.995,2.109474,0.001425,1.497,-10.329,-9.841,0.000000
24.186401,-16.642,0.860779,0.001368,1.497,-10.329,-9.841,0.000000
24.270124,-16.536,0.050093,0.001352,1.497,-10.329,-9.841,0.000000
24.354139,-16.275,-1.009163,0.001312,1.497,-10.329,-9.841,0.000000
24.438444,-16.027,-1.361687,0.001276,1.497,-10.329,-9.841,0.000000
24.523041,-15.710,-1.773909,0.001230,1.497,-10.329,-9.841,0.000000
24.607929,-15.448,-1.955890,0.001194,1.497,-10.329,-9.841,0.000000
24.693108,-15.066,-1.541137,0.001143,1.497,-10.329,-9.841,0.000000
24.778585,-14.594,-2.111501,0.001082,1.497,-10.329,-9.841,0.000000
24.864359,-14.193,-2.315007,0.001034,1.497,-10.329,-9.841,0.000000
24.950430,-13.754,-2.395364,0.000983,1.497,-10.329,-9.841,0.000000
25.036798,-13.343,-3.264725,0.000938,1.497,-10.329,-9.841,0.000000
25.123466,-12.997,-3.977180,0.000901,1.497,-10.329,-9.841,0.000000
25.210434,-12.690,-4.088223,0.000870,1.497,-10.329,-9.841,0.000000
25.297697,-12.352,-5.324369,0.000837,1.497,-10.329,-9.841,0.000000
25.385267,-12.142,-5.504819,0.000817,1.497,-10.329,-9.841,0.000000
25.473143,-11.876,-5.942289,0.000793,1.497,-10.329,-9.841,0.000000
25.561321,-11.571,-6.468768,0.000765,1.497,-10.329,-9.841,0.000000
25.649803,-11.346,-7.018426,0.000746,1.497,-10.329,-9.841,0.000000
25.738594,-11.085,-7.282479,0.000724,1.497,-10.329,-9.841,0.000000
25.827690,-10.840,-7.926779,0.000704,1.497,-10.329,-9.841,0.000000
25.917089,-10.686,-8.092051,0.000692,1.497,-10.329,-9.841,0.000000
26.006805,-10.539,-8.032537,0.000680,1.497,-10.329,-9.841,0.000000
26.096830,-10.365,-8.261974,0.000667,1.497,-10.329,-9.841,0.000000
26.187168,-10.160,-8.661037,0.000651,1.497,-10.329,-9.841,0.000000
26.277819,-9.990,-8.548100,0.000639,1.497,-10.329,-9.841,0.000000
26.368782,-9.788,-9.218817,0.000624,1.497,-10.329,-9.841,0.000000
26.460054,-9.632,-9.320521,0.000613,1.497,-10.329,-9.841,0.000000
26.551649,-9.487,-9.791456,0.000603,1.497,-10.329,-9.841,0.000000
26.643560,-9.305,-9.739229,0.000591,1.497,-10.329,-9.841,0.000000
26.735790,-9.129,-9.989244,0.000579,1.497,-10.329,-9.841,0.000000
26.828339,-8.946,-9.647865,0.000567,1.497,-10.329,-9.841,0.000000
26.921207,-8.631,-9.612129,0.000546,1.497,-10.329,-9.841,0.000000
27.014399,-8.416,-9.668355,0.000533,1.497,-10.329,-9.841,0.000000
27.107912,-8.091,-9.354961,0.000514,1.497,-10.329,-9.841,0.000000
27.201744,-7.793,-9.406299,0.000496,1.497,-10.329,-9.841,0.000000
27.295906,-7.485,-9.318017,0.000479,1.497,-10.329,-9.841,0.000000
27.390394,-7.156,-9.134124,0.000461,1.497,-10.329,-9.841,0.000000
27.485209,-6.844,-9.304601,0.000445,1.497,-10.329,-9.841,0.000000
27.580351,-6.515,-9.314036,0.000429,1.497,-10.329,-9.841,0.000000
27.675825,-6.256,-9.602231,0.000416,1.497,-10.329,-9.841,0.000000
27.771622,-5.957,-9.315835,0.000402,1.497,-10.329,-9.841,0.000000
27.867756,-5.469,-9.635252,0.000380,1.497,-10.329,-9.841,0.000000
27.964224,-5.130,-10.256383,0.000366,1.497,-10.329,-9.841,0.000000
28.061024,-4.911,-10.565765,0.000357,1.497,-10.329,-9.841,0.000000
28.158161,-4.471,-10.653728,0.000339,1.497,-10.329,-9.841,0.000000
28.255634,-4.170,-10.801202,0.000328,1.497,-10.329,-9.841,0.000000
28.353443,-3.848,-10.898573,0.000316,1.497,-10.329,-9.841,0.000000
28.451593,-3.517,-11.054181,0.000304,1.497,-10.329,-9.841,0.000000
28.550081,-3.182,-11.244604,0.000293,1.497,-10.329,-9.841,0.000000
28.648903,-2.793,-11.487234,0.000280,1.497,-10.329,-9.841,0.000000
28.748075,-2.430,-12.425449,0.000268,1.497,-10.329,-9.841,0.000000
28.847589,-2.135,-13.345842,0.000260,1.497,-10.329,-9.841,0.000000
28.947449,-1.831,-13.805573,0.000251,1.497,-10.329,-9.841,0.000000
29.047655,-1.456,-14.678092,0.000240,1.497,-10.329,-9.841,0.000000
29.148207,-0.946,-16.425121,0.000226,1.497,-10.329,-9.841,0.000000
29.249100,-0.609,-17.572744,0.000218,1.497,-10.329,-9.841,0.000000
29.350348,-0.263,-18.805536,0.000209,1.497,-10.329,-9.841,0.000000
29.451948,0.238,-20.583578,0.000198,1.497,-10.329,-9.841,0.000000
29.553900,0.579,-22.038872,0.000190,1.497,-10.329,-9.841,0.000000
29.656204,0.889,-23.364271,0.000183,1.497,-10.329,-9.841,0.000000
29.758862,1.209,-24.540569,0.000177,1.497,-10.329,-9.841,0.000000
29.861876,1.553,-25.914474,0.000170,1.497,-10.329,-9.841,0.000000
29.965246,2.039,-28.221054,0.000161,1.497,-10.329,-9.841,0.000000
30.068968,2.325,-29.897785,0.000155,1.497,-10.329,-9.841,0.000000
30.173054,2.607,-31.580414,0.000151,1.497,-10.329,-9.841,0.000000
30.277502,2.837,-33.549366,0.000147,1.497,-10.329,-9.841,0.000000
30.382311,3.160,-36.367229,0.000141,1.497,-10.329,-9.841,0.000000
30.487482,3.290,-38.427601,0.000139,1.497,-10.329,-9.841,0.000000
30.593019,3.438,-41.030293,0.000137,1.497,-10.329,-9.841,0.000000
30.698914,3.543,-42.659222,0.000135,1.497,-10.329,-9.841,0.000000
30.805182,3.648,-44.275539,0.000134,1.497,-10.329,-9.841,0.000000
30.911816,3.748,-45.778687,0.000132,1.497,-10.329,-9.841,0.000000
31.018822,3.831,-47.298008,0.000131,1.497,-10.329,-9.841,0.000000
31.126196,3.930,-49.260216,0.000129,1.497,-10.329,-9.841,0.000000
31.233944,4.103,-50.851490,0.000127,1.497,-10.329,-9.841,0.000000
31.342064,4.231,-51.716969,0.000125,1.497,-10.329,-9.841,0.000000
31.450558,4.367,-52.656540,0.000123,1.497,-10.329,-9.841,0.000000
31.559420,4.534,-53.654976,0.000121,1.497,-10.329,-9.841,0.000000
31.668667,4.698,-54.695877,0.000119,1.497,-10.329,-9.841,0.000000
31.778292,5.068,-56.935322,0.000114,1.497,-10.329,-9.841,0.000000
31.888296,5.238,-58.228954,0.000111,1.497,-10.329,-9.841,0.000000
31.998680,5.404,-59.480869,0.000109,1.497,-10.329,-9.841,0.000000
32.109447,5.581,-60.723782,0.000107,1.497,-10.329,-9.841,0.000000
32.220600,5.805,-62.534370,0.000104,1.497,-10.329,-9.841,0.000000
32.332127,6.047,-64.316803,0.000102,1.497,-10.329,-9.841,0.000000
32.444046,6.191,-65.859573,0.000100,1.497,-10.329,-9.841,0.000000
32.556355,6.320,-67.106812,0.000099,1.497,-10.329,-9.841,0.000000
32.669052,6.516,-69.048126,0.000096,1.497,-10.329,-9.841,0.000000
32.782143,6.634,-70.307854,0.000095,1.497,-10.329,-9.841,0.000000
32.895622,6.835,-72.256706,0.000093,1.497,-10.329,-9.841,0.000000
33.009491,6.962,-73.597076,0.000092,1.497,-10.329,-9.841,0.000000
33.123760,7.141,-75.610481,0.000090,1.497,-10.329,-9.841,0.000000
33.238411,7.268,-77.054108,0.000088,1.497,-10.329,-9.841,0.000000
33.353470,7.456,-79.401428,0.000086,1.497,-10.329,-9.841,0.000000
33.468929,7.565,-81.057388,0.000085,1.497,-10.329,-9.841,0.000000
33.584785,7.733,-83.422852,0.000084,1.497,-10.329,-9.841,0.000000
33.701042,7.840,-85.206741,0.000083,1.497,-10.329,-9.841,0.000000
33.817696,7.990,-87.904846,0.000081,1.497,-10.329,-9.841,0.000000
33.934757,8.059,-91.042336,0.000081,1.497,-10.329,-9.841,0.000000
34.052227,8.078,-93.068939,0.000081,1.497,-10.329,-9.841,0.000000
34.170105,8.091,-95.096092,0.000080,1.497,-10.329,-9.841,0.000000
34.288387,8.103,-98.234276,0.000080,1.497,-10.329,-9.841,0.000000
34.407082,7.993,-101.116646,0.000081,1.497,-10.329,-9.841,0.000000
34.526184,7.927,-102.981514,0.000082,1.497,-10.329,-9.841,0.000000
34.645702,7.837,-104.823639,0.000083,1.497,-10.329,-9.841,0.000000
34.765621,7.607,-108.199646,0.000085,1.497,-10.329,-9.841,0.000000
34.885967,7.484,-109.829552,0.000086,1.497,-10.329,-9.841,0.000000
35.006729,7.330,-111.203102,0.000088,1.497,-10.329,-9.841,0.000000
35.127911,7.020,-113.596245,0.000091,1.497,-10.329,-9.841,0.000000
35.249508,6.853,-114.690117,0.000093,1.497,-10.329,-9.841,0.000000
35.371529,6.683,-115.623924,0.000095,1.497,-10.329,-9.841,0.000000
35.493965,6.334,-117.266312,0.000099,1.497,-10.329,-9.841,0.000000
35.616829,6.163,-117.975960,0.000101,1.497,-10.329,-9.841,0.000000
35.740120,5.896,-118.687286,0.000104,1.497,-10.329,-9.841,0.000000
35.863842,5.616,-119.337189,0.000107,1.497,-10.329,-9.841,0.000000
35.987988,5.448,-119.571404,0.000109,1.497,-10.329,-9.841,0.000000
36.112564,5.179,-119.550995,0.000113,1.497,-10.329,-9.841,0.000000
36.237572,4.915,-119.514168,0.000116,1.497,-10.329,-9.841,0.000000
36.363010,4.746,-119.367226,0.000119,1.497,-10.329,-9.841,0.000000
36.488888,4.513,-118.531021,0.000122,1.497,-10.329,-9.841,0.000000
36.615189,4.287,-117.814034,0.000125,1.497,-10.329,-9.841,0.000000
36.741936,4.095,-116.551216,0.000128,1.497,-10.329,-9.841,0.000000
36.869122,3.983,-115.713112,0.000130,1.497,-10.329,-9.841,0.000000
36.996750,3.806,-114.344055,0.000132,1.497,-10.329,-9.841,0.000000
37.124817,3.740,-112.593758,0.000133,1.497,-10.329,-9.841,0.000000
37.253323,3.652,-110.868561,0.000135,1.497,-10.329,-9.841,0.000000
37.382278,3.702,-108.893867,0.000134,1.497,-10.329,-9.841,0.000000
37.511681,3.745,-107.581459,0.000133,1.497,-10.329,-9.841,0.000000
37.641533,3.916,-105.002800,0.000131,1.497,-10.329,-9.841,0.000000
37.771832,4.036,-103.862579,0.000129,1.497,-10.329,-9.841,0.000000
37.902584,4.338,-101.624054,0.000124,1.497,-10.329,-9.841,0.000000
38.033791,4.538,-100.686455,0.000122,1.497,-10.329,-9.841,0.000000
38.165447,4.731,-99.770874,0.000119,1.497,-10.329,-9.841,0.000000
38.297562,5.179,-98.256348,0.000113,1.497,-10.329,-9.841,0.000000
38.430122,5.408,-97.700638,0.000110,1.497,-10.329,-9.841,0.000000
38.563152,5.867,-96.880371,0.000104,1.497,-10.329,-9.841,0.000000
38.696644,6.101,-96.636208,0.000102,1.497,-10.329,-9.841,0.000000
38.830597,6.556,-96.530396,0.000097,1.497,-10.329,-9.841,0.000000
38.965015,6.779,-96.572571,0.000094,1.497,-10.329,-9.841,0.000000
39.099895,7.097,-96.849129,0.000091,1.497,-10.329,-9.841,0.000000
39.235237,7.401,-97.142998,0.000088,1.497,-10.329,-9.841,0.000000
39.371052,7.693,-97.606102,0.000085,1.497,-10.329,-9.841,0.000000
39.507339,7.989,-98.096062,0.000082,1.497,-10.329,-9.841,0.000000
39.644100,8.275,-98.696754,0.000079,1.497,-10.329,-9.841,0.000000
39.781334,8.547,-99.285873,0.000077,1.497,-10.329,-9.841,0.000000
39.919041,8.816,-99.943436,0.000075,1.497,-10.329,-9.841,0.000000
40.057224,9.075,-100.667908,0.000072,1.497,-10.329,-9.841,0.000000
40.195889,9.357,-101.393578,0.000070,1.497,-10.329,-9.841,0.000000
40.335030,9.635,-102.236053,0.000068,1.497,-10.329,-9.841,0.000000
40.474644,9.912,-103.056000,0.000066,1.497,-10.329,-9.841,0.000000
40.614754,10.288,-104.222054,0.000063,1.497,-10.329,-9.841,0.000000
40.755344,10.473,-104.875732,0.000062,1.497,-10.329,-9.841,0.000000
40.896423,10.827,-106.303909,0.000059,1.497,-10.329,-9.841,0.000000
41.037983,11.003,-107.120010,0.000058,1.497,-10.329,-9.841,0.000000
41.180042,11.349,-108.915169,0.000056,1.497,-10.329,-9.841,0.000000
41.322590,11.518,-109.907394,0.000055,1.497,-10.329,-9.841,0.000000
41.465633,11.839,-111.936752,0.000053,1.497,-10.329,-9.841,0.000000
41.609173,12.049,-113.650276,0.000051,1.497,-10.329,-9.841,0.000000
41.753204,12.260,-115.243660,0.000050,1.497,-10.329,-9.841,0.000000
41.897739,12.513,-117.657089,0.000049,1.497,-10.329,-9.841,0.000000
42.042774,12.634,-118.839676,0.000048,1.497,-10.329,-9.841,0.000000
42.188309,12.865,-121.287941,0.000047,1.497,-10.329,-9.841,0.000000
42.334339,13.024,-123.178337,0.000046,1.497,-10.329,-9.841,0.000000
42.480885,13.180,-125.052437,0.000045,1.497,-10.329,-9.841,0.000000
42.627937,13.311,-126.943520,0.000044,1.497,-10.329,-9.841,0.000000
42.775497,13.473,-129.425293,0.000044,1.497,-10.329,-9.841,0.000000
42.923573,13.585,-131.344650,0.000043,1.497,-10.329,-9.841,0.000000
43.072155,13.685,-133.284164,0.000043,1.497,-10.329,-9.841,0.000000
43.221245,13.784,-135.228409,0.000042,1.497,-10.329,-9.841,0.000000
43.370861,13.853,-137.125885,0.000042,1.497,-10.329,-9.841,0.000000
43.520992,13.934,-139.691803,0.000041,1.497,-10.329,-9.841,0.000000
43.671646,13.987,-141.600433,0.000041,1.497,-10.329,-9.841,0.000000
43.822823,14.023,-143.483780,0.000041,1.497,-10.329,-9.841,0.000000
43.974518,14.056,-145.972137,0.000041,1.497,-10.329,-9.841,0.000000
44.126743,14.079,-147.838806,0.000041,1.497,-10.329,-9.841,0.000000
44.279491,14.085,-149.669693,0.000041,1.497,-10.329,-9.841,0.000000
44.432770,14.095,-152.122742,0.000041,1.497,-10.329,-9.841,0.000000
44.586567,14.090,-154.572372,0.000041,1.497,-10.329,-9.841,0.000000
44.740910,14.089,-155.796814,0.000041,1.497,-10.329,-9.841,0.000000
44.895786,14.083,-158.283203,0.000041,1.497,-10.329,-9.841,0.000000
45.051197,14.067,-160.780441,0.000041,1.497,-10.329,-9.841,0.000000
45.207138,14.052,-162.031631,0.000041,1.497,-10.329,-9.841,0.000000
45.363636,14.017,-164.551682,0.000041,1.497,-10.329,-9.841,0.000000
45.520660,13.973,-167.118073,0.000041,1.497,-10.329,-9.841,0.000000
45.678234,13.932,-169.064621,0.000042,1.497,-10.329,-9.841,0.000000
45.836353,13.891,-170.993347,0.000042,1.497,-10.329,-9.841,0.000000
45.995022,13.813,-173.590652,0.000042,1.497,-10.329,-9.841,0.000000
46.154240,13.740,-175.661163,0.000043,1.497,-10.329,-9.841,0.000000
46.314007,13.639,-178.503006,0.000043,1.497,-10.329,-9.841,0.000000
46.474327,13.528,178.622253,0.000044,1.497,-10.329,-9.841,0.000000
46.635193,13.441,176.435974,0.000044,1.497,-10.329,-9.841,0.000000
46.796627,13.337,174.173462,0.000045,1.497,-10.329,-9.841,0.000000
46.958618,13.192,171.148132,0.000045,1.497,-10.329,-9.841,0.000000
47.121170,13.033,168.029922,0.000046,1.497,-10.329,-9.841,0.000000
47.284286,12.910,165.659775,0.000047,1.497,-10.329,-9.841,0.000000
47.447968,12.768,163.260651,0.000048,1.497,-10.329,-9.841,0.000000
47.612202,12.567,160.086578,0.000049,1.497,-10.329,-9.841,0.000000
47.777020,12.344,156.937653,0.000050,1.497,-10.329,-9.841,0.000000
47.942402,12.108,153.862411,0.000051,1.497,-10.329,-9.841,0.000000
48.108360,11.916,151.558762,0.000053,1.497,-10.329,-9.841,0.000000
48.274895,11.720,149.260696,0.000054,1.497,-10.329,-9.841,0.000000
48.442005,11.453,146.300079,0.000055,1.497,-10.329,-9.841,0.000000
48.609692,11.177,143.495499,0.000057,1.497,-10.329,-9.841,0.000000
48.777958,10.894,140.839157,0.000059,1.497,-10.329,-9.841,0.000000
48.946812,10.679,139.051453,0.000061,1.497,-10.329,-9.841,0.000000
49.116234,10.398,136.718521,0.000063,1.497,-10.329,-9.841,0.000000
49.286255,10.123,134.585114,0.000065,1.497,-10.329,-9.841,0.000000
49.456863,9.849,132.661316,0.000067,1.497,-10.329,-9.841,0.000000
49.628067,9.633,131.334717,0.000068,1.497,-10.329,-9.841,0.000000
49.799858,9.373,129.844208,0.000070,1.497,-10.329,-9.841,0.000000
49.972248,9.131,128.542603,0.000072,1.497,-10.329,-9.841,0.000000
50.145218,8.963,127.826302,0.000074,1.497,-10.329,-9.841,0.000000
50.318802,8.736,126.867645,0.000076,1.497,-10.329,-9.841,0.000000
50.492989,8.519,126.031410,0.000078,1.497,-10.329,-9.841,0.000000
50.667774,8.319,125.239899,0.000080,1.497,-10.329,-9.841,0.000000
50.843166,8.118,124.526154,0.000081,1.497,-10.329,-9.841,0.000000
51.019169,7.914,123.899078,0.000083,1.497,-10.329,-9.841,0.000000
51.195774,7.700,123.234505,0.000086,1.497,-10.329,-9.841,0.000000
51.372997,7.460,122.643463,0.000088,1.497,-10.329,-9.841,0.000000
51.550816,7.245,122.247177,0.000090,1.497,-10.329,-9.841,0.000000
51.729267,6.955,121.807701,0.000093,1.497,-10.329,-9.841,0.000000
51.908333,6.628,121.435287,0.000097,1.497,-10.329,-9.841,0.000000
52.088020,6.273,121.257072,0.000101,1.497,-10.329,-9.841,0.000000
52.268330,5.876,121.300835,0.000106,1.497,-10.329,-9.841,0.000000
52.449261,5.444,121.637520,0.000111,1.497,-10.329,-9.841,0.000000
52.630810,4.986,122.217255,0.000117,1.497,-10.329,-9.841,0.000000
52.812996,4.505,123.155098,0.000124,1.497,-10.329,-9.841,0.000000
52.995815,4.006,124.360962,0.000131,1.497,-10.329,-9.841,0.000000
53.179264,3.491,125.929375,0.000139,1.497,-10.329,-9.841,0.000000
53.363350,2.963,127.833656,0.000148,1.497,-10.329,-9.841,0.000000
53.548077,2.434,130.144379,0.000157,1.497,-10.329,-9.841,0.000000
53.733437,1.895,132.905212,0.000167,1.497,-10.329,-9.841,0.000000
53.919441,1.372,136.075729,0.000178,1.497,-10.329,-9.841,0.000000
54.106079,0.871,139.734009,0.000188,1.497,-10.329,-9.841,0.000000
54.293373,0.390,143.785477,0.000199,1.497,-10.329,-9.841,0.000000
54.481316,-0.030,147.986877,0.000209,1.497,-10.329,-9.841,0.000000
54.669895,-0.401,152.453812,0.000218,1.497,-10.329,-9.841,0.000000
54.859169,-0.705,157.019562,0.000226,1.497,-10.329,-9.841,0.000000
55.049042,-0.988,162.758804,0.000233,1.497,-10.329,-9.841,0.000000
55.239601,-1.191,167.114197,0.000239,1.497,-10.329,-9.841,0.000000
55.430820,-1.336,171.281357,0.000243,1.497,-10.329,-9.841,0.000000
55.622700,-1.442,175.156921,0.000246,1.497,-10.329,-9.841,0.000000
55.815247,-1.512,178.802460,0.000248,1.497,-10.329,-9.841,0.000000
56.008457,-1.569,-177.883759,0.000250,1.497,-10.329,-9.841,0.000000
56.202335,-1.657,-173.985458,0.000252,1.497,-10.329,-9.841,0.000000
56.396889,-1.747,-171.021652,0.000255,1.497,-10.329,-9.841,0.000000
56.592110,-1.853,-167.319153,0.000258,1.497,-10.329,-9.841,0.000000
56.788010,-1.913,-164.352982,0.000260,1.497,-10.329,-9.841,0.000000
56.984589,-1.907,-161.143829,0.000260,1.497,-10.329,-9.841,0.000000
57.181820,-1.840,-157.830246,0.000258,1.497,-10.329,-9.841,0.000000
57.379791,-1.703,-154.387314,0.000254,1.497,-10.329,-9.841,0.000000
57.578388,-1.372,-149.993515,0.000244,1.497,-10.329,-9.841,0.000000
57.777702,-1.037,-145.651779,0.000235,1.497,-10.329,-9.841,0.000000
57.977707,-0.650,-142.359375,0.000225,1.497,-10.329,-9.841,0.000000
58.178406,-0.207,-139.257034,0.000214,1.497,-10.329,-9.841,0.000000
58.379795,0.283,-136.444794,0.000202,1.497,-10.329,-9.841,0.000000
58.581886,0.968,-133.556931,0.000187,1.497,-10.329,-9.841,0.000000
58.784672,1.516,-131.562592,0.000175,1.497,-10.329,-9.841,0.000000
58.988163,2.181,-129.355988,0.000162,1.497,-10.329,-9.841,0.000000
59.192356,2.721,-128.148163,0.000153,1.497,-10.329,-9.841,0.000000
59.397259,3.393,-127.151863,0.000141,1.497,-10.329,-9.841,0.000000
59.602867,3.912,-126.516479,0.000133,1.497,-10.329,-9.841,0.000000
59.809193,4.425,-126.054230,0.000125,1.497,-10.329,-9.841,0.000000
60.016228,5.190,-125.583138,0.000115,1.497,-10.329,-9.841,0.000000
60.223953,5.682,-125.388351,0.000109,1.497,-10.329,-9.841,0.000000
60.432423,6.153,-125.332588,0.000103,1.497,-10.329,-9.841,0.000000
60.641617,6.743,-125.399246,0.000096,1.497,-10.329,-9.841,0.000000
60.851536,7.305,-125.506935,0.000090,1.497,-10.329,-9.841,0.000000
61.062180,7.747,-125.720558,0.000086,1.497,-10.329,-9.841,0.000000
61.273556,8.290,-126.173149,0.000080,1.497,-10.329,-9.841,0.000000
61.485661,8.716,-126.642494,0.000077,1.497,-10.329,-9.841,0.000000
61.698502,9.233,-127.318047,0.000072,1.497,-10.329,-9.841,0.000000
61.912075,9.750,-128.418457,0.000068,1.497,-10.329,-9.841,0.000000
62.126392,10.160,-129.457718,0.000065,1.497,-10.329,-9.841,0.000000
62.341450,10.653,-130.853210,0.000061,1.497,-10.329,-9.841,0.000000
62.557251,11.147,-132.830460,0.000058,1.497,-10.329,-9.841,0.000000
62.773800,11.528,-134.581207,0.000056,1.497,-10.329,-9.841,0.000000
62.991070,12.060,-137.641388,0.000052,1.497,-10.329,-9.841,0.000000
63.209152,12.386,-139.936081,0.000050,1.497,-10.329,-9.841,0.000000
63.427925,12.674,-142.430832,0.000049,1.497,-10.330,-9.842,0.000000
63.647522,13.023,-146.479218,0.000047,1.497,-10.330,-9.842,0.000000
63.867813,13.194,-149.222534,0.000046,1.497,-10.331,-9.843,0.000000
64.088898,13.302,-152.662476,0.000045,1.497,-10.331,-9.843,0.000000
64.310753,13.401,-155.992294,0.000045,1.497,-10.332,-9.844,0.000000
64.533371,13.390,-158.814468,0.000045,1.497,-10.332,-9.844,0.000000
64.756760,13.366,-161.636292,0.000045,1.497,-10.333,-9.845,0.000000
64.980919,13.286,-163.902191,0.000045,1.497,-10.333,-9.845,0.000000
65.205864,13.176,-166.128571,0.000046,1.497,-10.334,-9.846,0.000000
65.431580,13.073,-167.881149,0.000047,1.497,-10.334,-9.846,0.000000
65.658081,12.986,-169.110596,0.000047,1.497,-10.335,-9.847,0.000000
65.885361,12.854,-170.707199,0.000048,1.497,-10.335,-9.847,0.000000
66.113434,12.790,-171.625580,0.000048,1.497,-10.336,-9.847,0.000000
66.342262,12.712,-173.012497,0.000049,1.497,-10.336,-9.848,0.000000
66.571945,12.663,-173.927017,0.000049,1.497,-10.337,-9.848,0.000000
66.802353,12.598,-175.275696,0.000049,1.497,-10.337,-9.849,0.000000
67.033600,12.541,-176.125626,0.000050,1.497,-10.338,-9.849,0.000000
67.265648,12.434,-177.302872,0.000050,1.497,-10.339,-9.850,0.000000
67.498489,12.352,-178.051270,0.000051,1.497,-10.339,-9.850,0.000000
67.732147,12.208,-178.851929,0.000052,1.497,-10.340,-9.851,0.000000
67.966606,12.105,-179.302322,0.000052,1.497,-10.340,-9.851,0.000000
68.201881,12.024,-179.853149,0.000053,1.497,-10.341,-9.852,0.000000
68.437973,11.963,179.945312,0.000053,1.497,-10.341,-9.852,0.000000
68.674881,11.909,179.649597,0.000053,1.497,-10.342,-9.853,0.000000
68.912605,11.869,179.473846,0.000054,1.497,-10.342,-9.853,0.000000
69.151154,11.862,179.165161,0.000054,1.497,-10.343,-9.854,0.000000
69.390495,11.887,178.919449,0.000054,1.497,-10.343,-9.854,0.000000
69.630730,11.936,178.497101,0.000053,1.497,-10.344,-9.855,0.000000
69.871735,12.023,177.740875,0.000053,1.497,-10.345,-9.855,0.000000
70.113640,12.083,177.089920,0.000052,1.497,-10.345,-9.856,0.000000
70.356308,12.173,175.970169,0.000052,1.497,-10.346,-9.856,0.000000
70.599854,12.259,174.618301,0.000051,1.497,-10.346,-9.857,0.000000
70.844246,12.321,173.393280,0.000051,1.497,-10.347,-9.857,0.000000
71.089478,12.396,172.151733,0.000051,1.497,-10.347,-9.858,0.000000
71.335564,12.483,170.614029,0.000050,1.497,-10.348,-9.858,0.000000
71.582504,12.554,169.273499,0.000050,1.497,-10.348,-9.859,0.000000
71.830292,12.632,167.909470,0.000049,1.497,-10.349,-9.859,0.000000
72.078941,12.731,166.223877,0.000049,1.497,-10.350,-9.860,0.000000
72.328453,12.831,164.813995,0.000048,1.497,-10.350,-9.860,0.000000
72.578827,12.944,163.077957,0.000048,1.497,-10.351,-9.861,0.000000
72.830063,13.059,161.328949,0.000047,1.497,-10.351,-9.861,0.000000
73.082176,13.133,160.102798,0.000046,1.497,-10.352,-9.862,0.000000
73.335159,13.225,158.187790,0.000046,1.497,-10.353,-9.863,0.000000
73.588982,13.295,156.308350,0.000046,1.497,-10.353,-9.863,0.000000
73.843719,13.346,154.490707,0.000045,1.497,-10.354,-9.864,0.000000
74.099335,13.356,153.076736,0.000045,1.497,-10.354,-9.864,0.000000
74.355843,13.360,151.689499,0.000045,1.497,-10.355,-9.865,0.000000
74.613228,13.316,150.166809,0.000046,1.497,-10.355,-9.865,0.000000
74.871513,13.250,148.880569,0.000046,1.497,-10.356,-9.866,0.000000
75.130692,13.157,148.033569,0.000046,1.497,-10.357,-9.866,0.000000
75.390762,13.031,147.044113,0.000047,1.497,-10.357,-9.867,0.000000
75.651733,12.883,146.213196,0.000048,1.497,-10.358,-9.867,0.000000
75.913612,12.712,145.487854,0.000049,1.497,-10.358,-9.868,0.000000
76.176399,12.525,144.860901,0.000050,1.497,-10.359,-9.868,0.000000
76.440094,12.353,144.449890,0.000051,1.497,-10.360,-9.869,0.000000
76.704697,12.127,143.989059,0.000052,1.497,-10.360,-9.870,0.000000
76.970184,11.933,143.613098,0.000053,1.497,-10.361,-9.870,0.000000
77.236664,11.681,143.106094,0.000055,1.497,-10.362,-9.871,0.000000
77.503990,11.422,142.510315,0.000057,1.497,-10.362,-9.871,0.000000
77.772278,11.163,141.976654,0.000058,1.497,-10.363,-9.872,0.000000
78.041496,10.891,141.518585,0.000060,1.497,-10.363,-9.872,0.000000
78.311646,10.632,141.028931,0.000062,1.497,-10.364,-9.873,0.000000
78.582733,10.377,140.526764,0.000064,1.497,-10.365,-9.874,0.000000
78.854752,10.175,140.092865,0.000066,1.497,-10.365,-9.874,0.000000
79.127716,9.951,139.583344,0.000067,1.497,-10.366,-9.875,0.000000
79.401627,9.730,139.139175,0.000069,1.497,-10.367,-9.875,0.000000
79.676483,9.529,138.738052,0.000071,1.497,-10.367,-9.876,0.000000
79.952293,9.335,138.387756,0.000072,1.497,-10.368,-9.876,0.000000
80.229057,9.120,138.081558,0.000074,1.497,-10.368,-9.877,0.000000
80.506744,8.949,137.940826,0.000075,1.497,-10.369,-9.878,0.000000
80.785469,8.767,137.923386,0.000077,1.497,-10.370,-9.878,0.000000
81.065079,8.601,138.014374,0.000079,1.497,-10.370,-9.879,0.000000
81.345734,8.457,138.314484,0.000080,1.497,-10.371,-9.879,0.000000
81.627281,8.309,138.793884,0.000081,1.497,-10.372,-9.880,0.000000
81.909843,8.177,139.419754,0.000082,1.497,-10.372,-9.880,0.000000
82.193382,8.057,140.259018,0.000084,1.497,-10.373,-9.881,0.000000
82.477905,7.951,141.207855,0.000085,1.497,-10.374,-9.882,0.000000
82.763412,7.833,142.631454,0.000086,1.497,-10.374,-9.882,0.000000
83.049904,7.753,143.768372,0.000087,1.497,-10.375,-9.883,0.000000
83.337395,7.677,144.918793,0.000087,1.497,-10.376,-9.883,0.000000
83.625877,7.589,146.127029,0.000088,1.497,-10.376,-9.884,0.000000
83.915352,7.483,147.231766,0.000089,1.497,-10.377,-9.885,0.000000
84.205795,7.356,148.453690,0.000091,1.497,-10.378,-9.885,0.000000
84.497330,7.241,149.500183,0.000092,1.497,-10.378,-9.886,0.000000
84.789780,7.109,150.573792,0.000093,1.497,-10.379,-9.886,0.000000
85.083336,6.940,151.894562,0.000095,1.497,-10.380,-9.887,0.000000
85.377815,6.753,153.271454,0.000097,1.497,-10.380,-9.888,0.000000
85.673363,6.601,154.570312,0.000099,1.497,-10.381,-9.888,0.000000
85.969933,6.465,156.077209,0.000100,1.497,-10.382,-9.889,0.000000
86.267525,6.336,157.781357,0.000102,1.497,-10.382,-9.890,0.000000
86.566154,6.214,160.050323,0.000103,1.497,-10.383,-9.890,0.000000
86.865814,6.127,162.399994,0.000104,1.497,-10.384,-9.891,0.000000
87.166504,6.120,164.556046,0.000104,1.497,-10.384,-9.891,0.000000
87.468246,6.208,167.125641,0.000103,1.497,-10.385,-9.892,0.000000
87.771027,6.342,169.276825,0.000102,1.497,-10.386,-9.893,0.000000
88.074852,6.628,171.899261,0.000099,1.497,-10.387,-9.893,0.000000
88.379738,6.930,173.635529,0.000095,1.497,-10.387,-9.894,0.000000
88.685677,7.271,174.987885,0.000091,1.497,-10.388,-9.895,0.000000
88.992668,7.794,176.372559,0.000086,1.497,-10.389,-9.895,0.000000
89.300682,8.216,177.032532,0.000082,1.497,-10.389,-9.896,0.000000
89.609810,8.708,177.193695,0.000077,1.497,-10.390,-9.897,0.000000
89.920006,9.172,177.104187,0.000073,1.497,-10.391,-9.897,0.000000
90.231270,9.532,176.481003,0.000070,1.497,-10.392,-9.898,0.000000
90.543617,9.890,175.280029,0.000068,1.497,-10.392,-9.898,0.000000
90.857048,10.209,173.965363,0.000065,1.497,-10.393,-9.899,0.000000
91.171562,10.415,172.211624,0.000064,1.497,-10.394,-9.900,0.000000
91.487160,10.548,170.687790,0.000063,1.497,-10.394,-9.900,0.000000
91.803856,10.667,168.309128,0.000062,1.497,-10.395,-9.901,0.000000
92.121643,10.713,166.596436,0.000062,1.497,-10.396,-9.902,0.000000
92.440536,10.703,164.437103,0.000062,1.497,-10.397,-9.902,0.000000
92.760529,10.658,162.903351,0.000062,1.497,-10.397,-9.903,0.000000
93.081627,10.573,161.156784,0.000063,1.497,-10.398,-9.904,0.000000
93.403793,10.467,160.157181,0.000063,1.497,-10.399,-9.904,0.000000
93.727173,10.335,159.257843,0.000064,1.497,-10.400,-9.905,0.000000
94.051575,10.206,158.763351,0.000065,1.497,-10.400,-9.906,0.000000
94.377190,10.092,158.536392,0.000066,1.497,-10.401,-9.907,0.000000
94.703842,9.965,158.775543,0.000067,1.497,-10.402,-9.907,0.000000
95.031670,9.836,159.029495,0.000068,1.497,-10.403,-9.908,0.000000
95.360634,9.783,159.373993,0.000068,1.497,-10.403,-9.909,0.000000
95.690735,9.736,160.066162,0.000069,1.497,-10.404,-9.909,0.000000
96.021980,9.730,160.613876,0.000069,1.497,-10.405,-9.910,0.000000
96.354370,9.753,161.096802,0.000069,1.497,-10.406,-9.911,0.000000
96.687912,9.839,161.628006,0.000068,1.497,-10.406,-9.911,0.000000
97.022606,9.931,162.194504,0.000067,1.497,-10.407,-9.912,0.000000
97.358459,10.038,162.460571,0.000066,1.497,-10.408,-9.913,0.000000
97.695435,10.182,162.624939,0.000065,1.497,-10.409,-9.913,0.000000
98.033661,10.350,162.778717,0.000064,1.497,-10.410,-9.914,0.000000
98.372971,10.517,162.728973,0.000063,1.497,-10.410,-9.915,0.000000
98.713547,10.654,162.574661,0.000062,1.497,-10.411,-9.916,0.000000
99.055214,10.860,162.348816,0.000060,1.497,-10.412,-9.916,0.000000
99.398102,11.057,161.846069,0.000059,1.497,-10.413,-9.917,0.000000
99.742180,11.254,161.153885,0.000058,1.497,-10.414,-9.918,0.000000
100.087448,11.487,160.183105,0.000056,1.497,-10.414,-9.918,0.000000
100.433914,11.689,159.223511,0.000055,1.497,-10.415,-9.919,0.000000
100.781578,11.911,157.727737,0.000053,1.497,-10.416,-9.920,0.000000
101.130447,12.092,156.210968,0.000052,1.497,-10.417,-9.921,0.000000
101.480522,12.263,154.217316,0.000051,1.497,-10.418,-9.921,0.000000
101.831802,12.418,151.917816,0.000050,1.497,-10.418,-9.922,0.000000
102.184258,12.519,149.393555,0.000050,1.497,-10.419,-9.923,0.000000
102.538033,12.571,147.065308,0.000050,1.497,-10.420,-9.924,0.000000
102.892975,12.584,144.335541,0.000049,1.497,-10.421,-9.924,0.000000
103.249153,12.549,141.550171,0.000050,1.497,-10.422,-9.925,0.000000
103.606514,12.464,138.743225,0.000050,1.497,-10.422,-9.926,0.000000
103.965157,12.341,136.015015,0.000051,1.497,-10.423,-9.927,0.000000
104.325050,12.173,133.310944,0.000052,1.497,-10.424,-9.927,0.000000
104.686180,11.974,130.830505,0.000053,1.497,-10.425,-9.928,0.000000
105.048561,11.754,128.749023,0.000054,1.497,-10.426,-9.929,0.000000
105.412201,11.489,126.505234,0.000056,1.497,-10.427,-9.930,0.000000
105.777100,11.187,124.410126,0.000058,1.497,-10.427,-9.930,0.000000
106.143257,10.868,122.489227,0.000060,1.497,-10.428,-9.931,0.000000
106.510689,10.527,120.726349,0.000063,1.497,-10.429,-9.932,0.000000
106.879387,10.167,119.227119,0.000065,1.497,-10.430,-9.933,0.000000
107.249359,9.776,117.896980,0.000068,1.497,-10.431,-9.933,0.000000
107.620613,9.382,116.801132,0.000071,1.497,-10.432,-9.934,0.000000
107.993156,8.965,115.946152,0.000075,1.497,-10.433,-9.935,0.000000
108.366936,8.541,115.338913,0.000079,1.497,-10.433,-9.936,0.000000
108.742065,8.064,114.961441,0.000083,1.497,-10.434,-9.937,0.000000
109.118484,7.637,114.875160,0.000087,1.497,-10.435,-9.937,0.000000
109.496208,7.212,115.044632,0.000092,1.497,-10.436,-9.938,0.000000
109.875244,6.800,115.519730,0.000096,1.497,-10.437,-9.939,0.000000
110.255592,6.345,116.277931,0.000101,1.496,-10.438,-9.940,0.000000
110.637253,5.950,117.458366,0.000106,1.496,-10.439,-9.940,0.000000
111.020241,5.630,118.612877,0.000110,1.496,-10.440,-9.941,0.000000
111.404549,5.348,119.792854,0.000113,1.496,-10.440,-9.942,0.000000
111.790184,5.134,121.030586,0.000116,1.496,-10.441,-9.943,0.000000
112.177162,4.919,122.380890,0.000119,1.496,-10.442,-9.944,0.000000
112.565475,4.766,123.479057,0.000121,1.496,-10.443,-9.945,0.000000
112.955132,4.613,124.574951,0.000123,1.496,-10.444,-9.945,0.000000
113.346085,4.511,125.342346,0.000125,1.496,-10.445,-9.946,0.000000
113.738503,4.419,125.934288,0.000126,1.496,-10.446,-9.947,0.000000
114.132164,4.323,126.269676,0.000127,1.496,-10.447,-9.948,0.000000
114.527306,4.190,126.536789,0.000129,1.496,-10.448,-9.949,0.000000
114.923698,4.076,126.657982,0.000131,1.496,-10.449,-9.949,0.000000
115.321518,3.933,126.761177,0.000133,1.496,-10.450,-9.950,0.000000
115.720718,3.770,126.762787,0.000136,1.496,-10.450,-9.951,0.000000
116.121300,3.577,126.860077,0.000139,1.496,-10.451,-9.952,0.000000
116.523270,3.388,126.878067,0.000142,1.496,-10.452,-9.953,0.000000
116.926628,3.182,126.990303,0.000145,1.496,-10.453,-9.954,0.000000
117.331383,2.970,126.974602,0.000149,1.496,-10.454,-9.954,0.000000
117.737541,2.743,127.123985,0.000153,1.496,-10.455,-9.955,0.000000
118.145103,2.527,127.163971,0.000157,1.496,-10.456,-9.956,0.000000
118.554016,2.253,127.308426,0.000162,1.496,-10.457,-9.957,0.000000
118.964462,2.025,127.514694,0.000166,1.496,-10.458,-9.958,0.000000
119.376213,1.720,127.624481,0.000172,1.496,-10.459,-9.959,0.000000
119.789505,1.490,127.872772,0.000176,1.496,-10.460,-9.960,0.000000
120.204117,1.150,128.070053,0.000183,1.496,-10.461,-9.960,0.000000
120.620216,0.892,128.629883,0.000189,1.496,-10.462,-9.961,0.000000
121.037758,0.525,128.814484,0.000197,1.496,-10.463,-9.962,0.000000
121.456741,0.265,129.607559,0.000203,1.496,-10.464,-9.963,0.000000
121.877174,-0.120,130.200714,0.000212,1.496,-10.465,-9.964,0.000000
122.299072,-0.480,130.804489,0.000221,1.496,-10.466,-9.965,0.000000
122.722420,-0.804,131.683319,0.000230,1.496,-10.467,-9.966,0.000000
123.147240,-1.215,132.646286,0.000241,1.496,-10.468,-9.967,0.000000
123.573532,-1.654,134.485229,0.000253,1.496,-10.469,-9.968,0.000000
124.001297,-2.056,135.657104,0.000265,1.496,-10.470,-9.968,0.000000
124.430542,-2.462,138.039734,0.000278,1.496,-10.471,-9.969,0.000000
124.861267,-2.818,139.442856,0.000290,1.496,-10.472,-9.970,0.000000
125.293488,-3.300,142.179947,0.000306,1.496,-10.472,-9.971,0.000000
125.727150,-3.519,145.764801,0.000314,1.496,-10.472,-9.971,0.000000
126.162369,-3.931,148.198883,0.000329,1.496,-10.472,-9.971,0.000000
126.599091,-4.006,152.493958,0.000332,1.496,-10.473,-9.971,0.000000
127.037331,-4.191,155.094315,0.000339,1.496,-10.473,-9.972,0.000000
127.477089,-4.343,159.947128,0.000345,1.496,-10.473,-9.972,0.000000
127.918365,-4.110,163.145447,0.000336,1.496,-10.473,-9.972,0.000000
128.361160,-4.130,165.180832,0.000337,1.496,-10.474,-9.972,0.000000
128.805511,-3.943,171.091156,0.000330,1.496,-10.474,-9.972,0.000000
129.251373,-3.542,171.337036,0.000315,1.496,-10.474,-9.973,0.000000
129.698792,-3.645,172.706421,0.000319,1.496,-10.474,-9.973,0.000000
130.147766,-3.019,176.988678,0.000296,1.496,-10.474,-9.973,0.000000
130.598282,-2.878,174.751770,0.000292,1.496,-10.475,-9.973,0.000000
131.050369,-2.826,-178.283646,0.000290,1.496,-10.475,-9.974,0.000000
131.503952,-2.147,178.579910,0.000268,1.496,-10.475,-9.974,0.000000
131.959229,-2.450,178.231949,0.000278,1.496,-10.475,-9.974,0.000000
132.415955,-1.850,-174.644547,0.000259,1.496,-10.476,-9.974,0.000000
132.874329,-1.695,177.602844,0.000255,1.496,-10.476,-9.974,0.000000
133.334290,-1.872,-172.874161,0.000260,1.496,-10.476,-9.975,0.000000
133.795853,-1.303,-171.460632,0.000243,1.496,-10.476,-9.975,0.000000
134.259003,-1.655,-176.732895,0.000253,1.496,-10.477,-9.975,0.000000
134.723755,-1.313,-155.737823,0.000244,1.496,-10.477,-9.975,0.000000
135.190109,-1.081,-162.632568,0.000237,1.496,-10.477,-9.976,0.000000
135.658081,-1.640,-152.829407,0.000253,1.496,-10.477,-9.976,0.000000
136.127686,-1.162,-139.923141,0.000239,1.496,-10.477,-9.976,0.000000
136.598907,-1.406,-148.095917,0.000246,1.496,-10.478,-9.976,0.000000
137.071762,-1.730,-128.148865,0.000256,1.496,-10.478,-9.977,0.000000
137.546249,-1.358,-129.814392,0.000245,1.496,-10.478,-9.977,0.000000
138.022385,-1.830,-128.664856,0.000259,1.496,-10.478,-9.977,0.000000
138.500092,-1.847,-119.941353,0.000259,1.496,-10.479,-9.977,0.000000
138.979599,-1.516,-122.189880,0.000249,1.496,-10.479,-9.977,0.000000
139.460617,-1.909,-119.444420,0.000261,1.496,-10.479,-9.978,0.000000
139.943375,-1.565,-114.892227,0.000251,1.496,-10.479,-9.978,0.000000
140.427811,-1.272,-116.976837,0.000242,1.496,-10.480,-9.978,0.000000
140.913925,-1.200,-112.931870,0.000240,1.496,-10.480,-9.978,0.000000
141.401703,-0.610,-110.098885,0.000225,1.496,-10.480,-9.979,0.000000
141.891190,-0.160,-111.738403,0.000213,1.496,-10.480,-9.979,0.000000
142.382355,0.231,-108.693375,0.000204,1.496,-10.481,-9.979,0.000000
142.875229,0.905,-108.476135,0.000189,1.496,-10.481,-9.979,0.000000
143.369812,1.376,-109.839783,0.000179,1.496,-10.481,-9.980,0.000000
143.866104,1.901,-109.121948,0.000168,1.496,-10.481,-9.980,0.000000
144.364120,2.419,-110.473969,0.000159,1.496,-10.482,-9.980,0.000000
144.863785,2.794,-112.384720,0.000152,1.496,-10.482,-9.980,0.000000
145.365311,3.207,-113.414230,0.000145,1.496,-10.482,-9.981,0.000000
145.868439,3.626,-115.204353,0.000138,1.496,-10.482,-9.981,0.000000
146.373383,3.860,-117.610023,0.000134,1.496,-10.483,-9.981,0.000000
146.880066,4.115,-119.046730,0.000130,1.496,-10.483,-9.981,0.000000
147.388504,4.381,-121.024467,0.000126,1.496,-10.483,-9.982,0.000000
147.898712,4.527,-123.311195,0.000124,1.496,-10.483,-9.982,0.000000
148.410675,4.595,-125.051910,0.000123,1.496,-10.484,-9.982,0.000000
148.924423,4.723,-126.774994,0.000122,1.496,-10.484,-9.982,0.000000
149.439941,4.817,-128.777237,0.000120,1.496,-10.484,-9.983,0.000000
149.957245,4.813,-130.589539,0.000120,1.496,-10.484,-9.983,0.000000
150.476334,4.793,-132.159790,0.000121,1.496,-10.485,-9.983,0.000000
150.997238,4.799,-133.463593,0.000121,1.496,-10.485,-9.983,0.000000
151.519852,4.760,-135.113113,0.000121,1.496,-10.485,-9.984,0.000000
152.044434,4.664,-136.289841,0.000122,1.496,-10.485,-9.984,0.000000
152.570679,4.567,-137.272705,0.000124,1.496,-10.486,-9.984,0.000000
153.098892,4.484,-138.212906,0.000125,1.496,-10.486,-9.985,0.000000
153.628784,4.382,-139.098633,0.000126,1.496,-10.486,-9.985,0.000000
154.160660,4.237,-139.769836,0.000129,1.496,-10.486,-9.985,0.000000
154.694229,4.097,-140.075577,0.000131,1.496,-10.487,-9.985,0.000000
155.229797,3.977,-140.348770,0.000132,1.496,-10.487,-9.986,0.000000
155.767075,3.868,-140.514267,0.000134,1.496,-10.487,-9.986,0.000000
156.306274,3.736,-140.653000,0.000136,1.496,-10.488,-9.986,0.000000
156.847351,3.620,-140.579346,0.000138,1.496,-10.488,-9.986,0.000000
157.390305,3.520,-140.491669,0.000140,1.496,-10.488,-9.987,0.000000
157.935120,3.425,-140.315826,0.000141,1.496,-10.488,-9.987,0.000000
158.481750,3.329,-140.206924,0.000143,1.496,-10.489,-9.987,0.000000
159.030441,3.245,-139.996735,0.000144,1.496,-10.489,-9.987,0.000000
159.580856,3.165,-139.824265,0.000145,1.496,-10.489,-9.988,0.000000
160.133347,3.088,-139.633972,0.000147,1.496,-10.489,-9.988,0.000000
160.687592,3.013,-139.528870,0.000148,1.496,-10.490,-9.988,0.000000
161.243912,2.914,-139.235413,0.000150,1.496,-10.490,-9.989,0.000000
161.801987,2.799,-138.983093,0.000152,1.496,-10.490,-9.989,0.000000
162.362167,2.675,-138.549393,0.000154,1.496,-10.491,-9.989,0.000000
162.924133,2.557,-138.034409,0.000156,1.496,-10.491,-9.989,0.000000
163.488113,2.425,-137.408264,0.000159,1.496,-10.491,-9.990,0.000000
164.054047,2.284,-136.497589,0.000161,1.496,-10.491,-9.990,0.000000
164.621933,2.146,-135.222076,0.000164,1.496,-10.492,-9.990,0.000000
165.191788,2.036,-133.876633,0.000166,1.496,-10.492,-9.991,0.000000
165.763535,1.965,-132.231049,0.000167,1.496,-10.492,-9.991,0.000000
166.337433,1.974,-130.312378,0.000167,1.496,-10.493,-9.991,0.000000
166.913147,2.031,-128.579742,0.000166,1.495,-10.493,-9.991,0.000000
167.491013,2.167,-126.876503,0.000163,1.495,-10.493,-9.992,0.000000
168.070801,2.303,-125.671165,0.000161,1.495,-10.493,-9.992,0.000000
168.652603,2.447,-124.652077,0.000158,1.495,-10.494,-9.992,0.000000
169.236328,2.629,-123.643379,0.000155,1.495,-10.494,-9.993,0.000000
169.822250,2.803,-122.962433,0.000152,1.495,-10.494,-9.993,0.000000
170.410019,2.989,-122.407173,0.000149,1.495,-10.495,-9.993,0.000000
170.999924,3.166,-122.077942,0.000146,1.495,-10.495,-9.993,0.000000
171.591858,3.361,-121.959175,0.000142,1.495,-10.495,-9.994,0.000000
172.185837,3.535,-121.818619,0.000140,1.495,-10.495,-9.994,0.000000
172.781876,3.709,-121.606583,0.000137,1.495,-10.496,-9.994,0.000000
173.379990,3.930,-121.519936,0.000133,1.495,-10.496,-9.995,0.000000
173.980164,4.174,-121.660645,0.000130,1.495,-10.496,-9.995,0.000000
174.582336,4.430,-122.221336,0.000126,1.495,-10.497,-9.995,0.000000
175.186752,4.685,-123.209473,0.000122,1.495,-10.497,-9.996,0.000000
175.793182,4.891,-124.499718,0.000120,1.495,-10.497,-9.996,0.000000
176.401703,5.071,-126.030090,0.000117,1.495,-10.498,-9.996,0.000000
177.012253,5.193,-127.806572,0.000115,1.495,-10.498,-9.996,0.000000
177.625092,5.278,-129.894272,0.000114,1.495,-10.498,-9.997,0.000000
178.239883,5.308,-131.921341,0.000114,1.495,-10.498,-9.997,0.000000
178.856964,5.294,-134.193695,0.000114,1.495,-10.499,-9.997,0.000000
179.476013,5.223,-136.250076,0.000115,1.495,-10.499,-9.998,0.000000
180.097290,5.097,-138.127502,0.000117,1.495,-10.499,-9.998,0.000000
180.720718,4.937,-139.927261,0.000119,1.495,-10.500,-9.998,0.000000
181.346298,4.752,-141.587051,0.000121,1.495,-10.500,-9.999,0.000000
181.974045,4.536,-143.121246,0.000124,1.495,-10.500,-9.999,0.000000
182.603882,4.311,-144.338577,0.000128,1.495,-10.501,-9.999,0.000000
183.236084,4.060,-145.562531,0.000131,1.495,-10.501,-10.000,0.000000
183.870377,3.788,-146.621063,0.000136,1.495,-10.501,-10.000,0.000000
184.506866,3.494,-147.560455,0.000140,1.495,-10.502,-10.000,0.000000
185.145462,3.180,-148.268066,0.000145,1.495,-10.502,-10.001,0.000000
185.786453,2.857,-148.761093,0.000151,1.495,-10.502,-10.001,0.000000
186.429489,2.520,-148.995636,0.000157,1.495,-10.503,-10.001,0.000000
187.074921,2.153,-148.991837,0.000163,1.495,-10.503,-10.001,0.000000
187.722412,1.834,-148.698288,0.000170,1.495,-10.503,-10.002,0.000000
188.372238,1.530,-148.351639,0.000176,1.495,-10.503,-10.002,0.000000
189.024307,1.212,-147.995255,0.000182,1.495,-10.504,-10.002,0.000000
189.678650,0.888,-147.269653,0.000189,1.495,-10.504,-10.003,0.000000
190.335236,0.588,-146.081161,0.000196,1.495,-10.504,-10.003,0.000000
190.994110,0.300,-144.594055,0.000202,1.495,-10.505,-10.003,0.000000
191.655258,0.092,-142.779205,0.000207,1.495,-10.505,-10.004,0.000000
192.318695,-0.032,-141.058624,0.000210,1.495,-10.505,-10.004,0.000000
192.984421,-0.068,-139.348267,0.000211,1.495,-10.506,-10.004,0.000000
193.652374,-0.044,-138.102829,0.000210,1.495,-10.506,-10.005,0.000000
194.322815,-0.059,-136.772888,0.000210,1.495,-10.506,-10.005,0.000000
194.995392,-0.010,-136.382584,0.000209,1.495,-10.507,-10.005,0.000000
195.670486,-0.010,-135.500565,0.000209,1.495,-10.507,-10.006,0.000000
196.347733,0.017,-135.087189,0.000208,1.495,-10.507,-10.006,0.000000
197.027405,0.076,-134.595673,0.000207,1.495,-10.508,-10.006,0.000000
197.709442,0.083,-134.296890,0.000207,1.495,-10.508,-10.007,0.000000
198.393829,0.155,-134.119370,0.000205,1.495,-10.508,-10.007,0.000000
199.080597,0.163,-133.974716,0.000205,1.495,-10.509,-10.007,0.000000
199.769745,0.150,-134.335831,0.000205,1.495,-10.509,-10.008,0.000000
200.461258,0.152,-134.495056,0.000205,1.495,-10.509,-10.008,0.000000
201.155182,0.109,-135.171967,0.000206,1.495,-10.510,-10.009,0.000000
201.851501,0.012,-135.493195,0.000208,1.495,-10.510,-10.009,0.000000
202.550232,-0.113,-136.442352,0.000211,1.495,-10.511,-10.009,0.000000
203.251389,-0.232,-137.076584,0.000214,1.495,-10.511,-10.010,0.000000
203.954865,-0.419,-137.616959,0.000218,1.495,-10.511,-10.010,0.000000
204.660980,-0.599,-138.169891,0.000223,1.495,-10.512,-10.010,0.000000
205.369339,-0.763,-139.038132,0.000227,1.495,-10.512,-10.011,0.000000
206.080246,-1.026,-139.381683,0.000234,1.495,-10.512,-10.011,0.000000
206.793625,-1.269,-140.464233,0.000240,1.495,-10.513,-10.011,0.000000
207.509567,-1.585,-141.331131,0.000249,1.495,-10.513,-10.012,0.000000
208.227783,-1.963,-141.901886,0.000260,1.495,-10.513,-10.012,0.000000
208.948685,-2.343,-142.253342,0.000271,1.495,-10.514,-10.012,0.000000
209.671890,-2.828,-142.755707,0.000287,1.495,-10.514,-10.013,0.000000
210.397690,-3.252,-142.572174,0.000301,1.495,-10.514,-10.013,0.000000
211.126007,-3.786,-141.742599,0.000320,1.495,-10.515,-10.013,0.000000
211.856842,-4.235,-140.739639,0.000336,1.495,-10.515,-10.014,0.000000
212.590210,-4.711,-138.928253,0.000355,1.495,-10.516,-10.014,0.000000
213.326019,-5.039,-137.221375,0.000369,1.495,-10.516,-10.015,0.000000
214.064575,-5.359,-134.333481,0.000382,1.495,-10.516,-10.015,0.000000
214.805481,-5.519,-132.069687,0.000389,1.495,-10.517,-10.015,0.000000
215.549057,-5.662,-129.494995,0.000395,1.495,-10.517,-10.016,0.000000
216.295197,-5.696,-127.448822,0.000396,1.495,-10.517,-10.016,0.000000
217.044037,-5.714,-125.480515,0.000397,1.495,-10.518,-10.016,0.000000
217.795258,-5.674,-123.809486,0.000395,1.495,-10.518,-10.017,0.000000
218.549286,-5.600,-123.111961,0.000392,1.495,-10.519,-10.017,0.000000
219.305710,-5.602,-122.265724,0.000391,1.495,-10.519,-10.018,0.000000
220.064865,-5.584,-122.078781,0.000390,1.495,-10.519,-10.018,0.000000
220.826645,-5.702,-122.775604,0.000396,1.495,-10.520,-10.018,0.000000
221.591064,-5.768,-122.887344,0.000398,1.495,-10.520,-10.019,0.000000
222.358124,-5.990,-124.220093,0.000408,1.495,-10.520,-10.019,0.000000
223.127731,-6.230,-124.168831,0.000420,1.495,-10.521,-10.019,0.000000
223.900223,-6.478,-125.260628,0.000432,1.495,-10.521,-10.020,0.000000
224.675171,-6.805,-124.722565,0.000448,1.495,-10.522,-10.020,0.000000
225.453018,-7.175,-124.464661,0.000467,1.495,-10.522,-10.021,0.000000
226.233337,-7.685,-122.823997,0.000495,1.495,-10.522,-10.021,0.000000
227.016586,-8.036,-121.343674,0.000515,1.495,-10.523,-10.021,0.000000
227.802322,-8.512,-119.513199,0.000544,1.494,-10.523,-10.022,0.000000
228.590988,-8.795,-116.330032,0.000562,1.494,-10.524,-10.022,0.000000
229.382187,-8.983,-114.638336,0.000574,1.494,-10.524,-10.023,0.000000
230.176208,-9.086,-111.356400,0.000580,1.494,-10.524,-10.023,0.000000
230.972992,-9.026,-109.533028,0.000576,1.494,-10.525,-10.023,0.000000
231.772537,-9.057,-107.065231,0.000578,1.494,-10.525,-10.024,0.000000
232.574844,-8.980,-104.896538,0.000573,1.494,-10.525,-10.024,0.000000
233.379822,-8.893,-103.768517,0.000567,1.494,-10.526,-10.025,0.000000
234.187805,-8.832,-102.657341,0.000563,1.494,-10.526,-10.025,0.000000
234.998352,-8.763,-102.509727,0.000558,1.494,-10.527,-10.025,0.000000
235.811935,-8.730,-102.413696,0.000556,1.494,-10.527,-10.026,0.000000
236.628113,-8.787,-103.190269,0.000559,1.494,-10.528,-10.026,0.000000
237.447342,-8.872,-103.264435,0.000564,1.494,-10.528,-10.027,0.000000
238.269180,-8.849,-103.401001,0.000563,1.494,-10.528,-10.027,0.000000
239.094101,-9.004,-103.844543,0.000573,1.494,-10.529,-10.027,0.000000
239.921631,-9.241,-103.368919,0.000588,1.494,-10.529,-10.028,0.000000
240.752151,-9.331,-103.694618,0.000594,1.494,-10.530,-10.028,0.000000
241.585541,-9.608,-104.032745,0.000613,1.494,-10.530,-10.029,0.000000
242.421814,-9.792,-103.466629,0.000626,1.494,-10.530,-10.029,0.000000
243.260986,-9.925,-103.115097,0.000636,1.494,-10.531,-10.030,0.000000
244.102951,-10.178,-102.877487,0.000654,1.494,-10.531,-10.030,0.000000
244.948059,-10.423,-102.666328,0.000673,1.494,-10.532,-10.030,0.000000
245.795975,-10.549,-102.169838,0.000683,1.494,-10.532,-10.031,0.000000
246.646820,-10.653,-102.048378,0.000691,1.494,-10.532,-10.031,0.000000
247.500626,-10.816,-101.945328,0.000704,1.494,-10.533,-10.032,0.000000
248.357376,-10.917,-101.821930,0.000712,1.494,-10.533,-10.032,0.000000
249.216980,-11.052,-102.372299,0.000723,1.494,-10.534,-10.032,0.000000
250.079788,-11.210,-102.986755,0.000736,1.494,-10.534,-10.033,0.000000
250.945343,-11.405,-103.261284,0.000752,1.494,-10.535,-10.033,0.000000
251.814026,-11.576,-104.026100,0.000767,1.494,-10.535,-10.034,0.000000
252.685715,-11.798,-104.950066,0.000786,1.494,-10.535,-10.034,0.000000
253.560410,-12.053,-105.914291,0.000810,1.494,-10.536,-10.035,0.000000
254.438141,-12.399,-106.787148,0.000842,1.494,-10.536,-10.035,0.000000
255.318909,-12.768,-107.634911,0.000879,1.494,-10.537,-10.036,0.000000
256.202728,-13.200,-108.489502,0.000923,1.494,-10.537,-10.036,0.000000
257.089600,-13.661,-109.101692,0.000973,1.494,-10.537,-10.037,0.000000
257.979553,-14.198,-109.674286,0.001035,1.494,-10.538,-10.037,0.000000
258.872559,-14.818,-109.317802,0.001112,1.494,-10.538,-10.038,0.000000
259.768677,-15.379,-108.063370,0.001186,1.494,-10.539,-10.038,0.000000
260.667786,-15.928,-106.429001,0.001263,1.494,-10.539,-10.039,0.000000
261.570251,-16.426,-104.493370,0.001337,1.494,-10.539,-10.039,0.000000
262.475555,-16.858,-102.913651,0.001405,1.494,-10.540,-10.040,0.000000
263.384277,-17.312,-100.963737,0.001480,1.494,-10.540,-10.041,0.000000
264.295898,-17.615,-98.687447,0.001533,1.494,-10.541,-10.041,0.000000
265.210785,-17.899,-96.474930,0.001583,1.494,-10.541,-10.042,0.000000
266.128845,-18.006,-94.613068,0.001603,1.494,-10.541,-10.042,0.000000
267.050201,-18.110,-93.713982,0.001622,1.494,-10.542,-10.043,0.000000
267.974518,-18.223,-93.251076,0.001643,1.494,-10.542,-10.043,0.000000
268.902130,-18.348,-93.305771,0.001667,1.494,-10.543,-10.044,0.000000
269.832977,-18.495,-93.255569,0.001695,1.494,-10.543,-10.044,0.000000
270.767029,-18.622,-93.221710,0.001720,1.494,-10.544,-10.045,0.000000
271.704315,-18.745,-93.961342,0.001745,1.494,-10.544,-10.045,0.000000
272.644714,-18.940,-95.337784,0.001784,1.494,-10.544,-10.046,0.000000
273.588654,-19.201,-97.114532,0.001839,1.494,-10.545,-10.046,0.000000
274.535583,-19.539,-99.226196,0.001911,1.494,-10.545,-10.047,0.000000
275.486053,-19.879,-101.988792,0.001987,1.494,-10.546,-10.047,0.000000
276.439545,-20.374,-105.516449,0.002103,1.494,-10.546,-10.048,0.000000
277.396454,-20.981,-108.569954,0.002255,1.494,-10.547,-10.049,0.000000
278.356689,-21.764,-111.746658,0.002468,1.494,-10.547,-10.049,0.000000
279.320404,-22.733,-114.519020,0.002758,1.494,-10.547,-10.050,0.000000
280.287170,-23.732,-116.218163,0.003094,1.494,-10.548,-10.050,0.000000
281.257416,-24.843,-117.611870,0.003515,1.493,-10.548,-10.051,0.000000
282.231018,-25.851,-117.734985,0.003947,1.493,-10.549,-10.051,0.000000
283.207977,-27.097,-118.512993,0.004556,1.493,-10.549,-10.052,0.000000
284.188354,-28.311,-117.170258,0.005238,1.493,-10.550,-10.052,0.000000
285.171967,-29.087,-115.060097,0.005726,1.493,-10.550,-10.053,0.000000
286.159271,-30.004,-114.716957,0.006361,1.493,-10.550,-10.054,0.000000
287.149689,-30.617,-107.555695,0.006824,1.493,-10.551,-10.054,0.000000
288.143829,-31.007,-104.681389,0.007135,1.493,-10.551,-10.055,0.000000
289.141144,-30.849,-97.318764,0.007004,1.493,-10.552,-10.055,0.000000
290.142029,-30.881,-84.690971,0.007027,1.493,-10.552,-10.056,0.000000
291.146393,-30.612,-72.933174,0.006811,1.493,-10.553,-10.056,0.000000
292.154358,-30.290,-64.153656,0.006562,1.493,-10.553,-10.057,0.000000
293.165558,-30.478,-44.198994,0.006704,1.493,-10.554,-10.058,0.000000
294.180389,-30.372,-40.393829,0.006621,1.493,-10.554,-10.058,0.000000
295.198730,-29.574,-49.728893,0.006039,1.493,-10.555,-10.059,0.000000
296.220581,-29.193,-46.136642,0.005779,1.493,-10.555,-10.059,0.000000
297.246002,-28.712,-50.658337,0.005467,1.493,-10.555,-10.060,0.000000
298.274933,-28.509,-51.616879,0.005340,1.493,-10.556,-10.060,0.000000
299.307465,-28.408,-76.656342,0.005277,1.493,-10.556,-10.061,0.000000
300.343414,-28.314,147.945297,0.005219,1.493,-10.557,-10.062,0.000000
301.383209,-27.969,162.793335,0.005015,1.493,-10.557,-10.062,0.000000
302.426361,-27.591,138.566605,0.004801,1.493,-10.558,-10.063,0.000000
303.473389,-27.043,142.236252,0.004506,1.493,-10.558,-10.063,0.000000
304.523743,-26.346,128.923828,0.004158,1.493,-10.559,-10.064,0.000000
305.578033,-25.257,125.050087,0.003668,1.493,-10.559,-10.065,0.000000
306.635681,-24.394,124.315552,0.003320,1.493,-10.560,-10.065,0.000000
307.697266,-22.861,120.288902,0.002782,1.493,-10.560,-10.066,0.000000
308.762268,-21.820,117.536507,0.002468,1.493,-10.561,-10.066,0.000000
309.831085,-20.516,117.069626,0.002123,1.493,-10.561,-10.067,0.000000
310.903595,-19.583,110.789276,0.001907,1.493,-10.562,-10.068,0.000000
311.979828,-18.582,104.409042,0.001699,1.493,-10.562,-10.068,0.000000
313.059784,-18.104,112.460106,0.001608,1.493,-10.563,-10.069,0.000000
314.143311,-17.298,109.848495,0.001465,1.493,-10.563,-10.070,0.000000
315.230927,-17.364,115.204056,0.001475,1.493,-10.564,-10.070,0.000000
316.322113,-16.992,119.883995,0.001413,1.493,-10.564,-10.071,0.000000
317.417114,-17.137,113.942451,0.001436,1.493,-10.565,-10.071,0.000000
318.515747,-17.109,111.015793,0.001431,1.493,-10.565,-10.072,0.000000
319.618469,-17.213,111.896141,0.001448,1.493,-10.566,-10.073,0.000000
320.724701,-17.401,111.613182,0.001479,1.493,-10.566,-10.073,0.000000
321.835083,-17.627,110.200775,0.001518,1.493,-10.567,-10.074,0.000000
322.949005,-17.716,107.384483,0.001533,1.493,-10.567,-10.075,0.000000
324.066925,-17.845,109.563789,0.001556,1.493,-10.568,-10.075,0.000000
325.188721,-17.709,105.389000,0.001532,1.493,-10.568,-10.076,0.000000
326.314392,-17.569,103.665161,0.001507,1.493,-10.569,-10.077,0.000000
327.443970,-17.051,103.764442,0.001419,1.493,-10.569,-10.077,0.000000
328.577301,-17.025,101.834351,0.001415,1.493,-10.570,-10.078,0.000000
329.714874,-16.373,96.421944,0.001312,1.492,-10.570,-10.078,0.000000
330.856232,-16.161,98.105568,0.001280,1.492,-10.571,-10.079,0.000000
332.001526,-15.644,91.667114,0.001206,1.492,-10.571,-10.080,0.000000
333.150635,-15.592,87.039787,0.001199,1.492,-10.572,-10.080,0.000000
334.304016,-15.364,85.508430,0.001168,1.492,-10.572,-10.081,0.000000
335.461090,-15.545,82.206497,0.001192,1.492,-10.573,-10.082,0.000000
336.622498,-15.736,83.000435,0.001218,1.492,-10.573,-10.082,0.000000
337.787598,-16.304,78.353577,0.001300,1.492,-10.574,-10.083,0.000000
338.956879,-16.685,83.407692,0.001358,1.492,-10.574,-10.084,0.000000
340.130219,-17.565,90.906487,0.001503,1.492,-10.575,-10.084,0.000000
341.307617,-17.997,79.646896,0.001579,1.492,-10.575,-10.085,0.000000
342.489105,-18.970,96.638397,0.001766,1.492,-10.576,-10.086,0.000000
343.674652,-19.392,90.283066,0.001854,1.492,-10.576,-10.086,0.000000
344.864319,-20.167,97.469215,0.002027,1.492,-10.577,-10.087,0.000000
346.058105,-20.399,110.130127,0.002082,1.492,-10.577,-10.088,0.000000
347.256042,-20.949,108.496124,0.002218,1.492,-10.578,-10.088,0.000000
348.457947,-21.012,117.220810,0.002234,1.492,-10.579,-10.089,0.000000
349.664337,-21.247,119.345261,0.002295,1.492,-10.579,-10.090,0.000000
350.874573,-21.494,123.960533,0.002362,1.492,-10.580,-10.091,0.000000
352.089325,-21.898,130.931366,0.002474,1.492,-10.580,-10.091,0.000000
353.307953,-22.717,140.602722,0.002718,1.492,-10.581,-10.092,0.000000
354.530975,-23.528,154.603806,0.002983,1.492,-10.581,-10.093,0.000000
355.758240,-24.516,154.498718,0.003342,1.492,-10.582,-10.093,0.000000
356.989716,-24.750,162.749451,0.003433,1.492,-10.582,-10.094,0.000000
358.225494,-25.006,160.910233,0.003535,1.492,-10.583,-10.095,0.000000
359.465515,-24.515,165.614883,0.003340,1.492,-10.584,-10.095,0.000000
360.709869,-24.085,167.464294,0.003179,1.492,-10.584,-10.096,0.000000
361.958496,-23.553,166.886932,0.002990,1.492,-10.585,-10.097,0.000000
363.211456,-22.934,171.982712,0.002785,1.492,-10.585,-10.098,0.000000
364.468750,-22.338,173.744934,0.002600,1.492,-10.586,-10.098,0.000000
365.730408,-21.746,-176.540405,0.002428,1.492,-10.586,-10.099,0.000000
366.996246,-21.326,179.146957,0.002314,1.492,-10.587,-10.100,0.000000
368.266815,-21.215,-169.723221,0.002285,1.492,-10.587,-10.101,0.000000
369.541443,-21.282,-169.384613,0.002302,1.492,-10.588,-10.101,0.000000
370.820648,-21.262,-166.914185,0.002297,1.492,-10.589,-10.102,0.000000
372.104309,-21.307,-166.978561,0.002309,1.492,-10.589,-10.103,0.000000
373.392395,-21.276,-160.779236,0.002300,1.492,-10.590,-10.103,0.000000
374.684937,-21.240,-166.293213,0.002291,1.492,-10.590,-10.104,0.000000
375.982117,-21.230,-162.774094,0.002288,1.492,-10.591,-10.105,0.000000
377.283447,-21.202,-163.041840,0.002281,1.492,-10.592,-10.106,0.000000
378.589447,-21.346,-169.047562,0.002319,1.491,-10.592,-10.106,0.000000
379.899994,-21.684,-172.142838,0.002411,1.491,-10.593,-10.107,0.000000
381.215057,-22.113,-175.821030,0.002533,1.491,-10.593,-10.108,0.000000
382.534668,-22.669,179.745087,0.002701,1.491,-10.594,-10.109,0.000000
383.858673,-23.178,176.644150,0.002864,1.491,-10.595,-10.109,0.000000
385.187622,-23.723,173.129379,0.003049,1.491,-10.595,-10.110,0.000000
386.520813,-24.206,170.364853,0.003223,1.491,-10.596,-10.111,0.000000
387.859009,-24.616,169.126770,0.003379,1.491,-10.596,-10.112,0.000000
389.201416,-25.042,167.557205,0.003549,1.491,-10.597,-10.112,0.000000
390.548889,-25.278,165.892914,0.003647,1.491,-10.598,-10.113,0.000000
391.900635,-25.657,163.905533,0.003810,1.491,-10.598,-10.114,0.000000
393.257416,-26.155,164.369675,0.004034,1.491,-10.599,-10.115,0.000000
394.618530,-26.504,165.215454,0.004200,1.491,-10.599,-10.116,0.000000
395.984558,-26.711,167.184875,0.004301,1.491,-10.600,-10.116,0.000000
397.355316,-27.061,167.416199,0.004478,1.491,-10.601,-10.117,0.000000
398.730804,-27.618,170.710281,0.004774,1.491,-10.601,-10.118,0.000000
400.111053,-28.274,176.986679,0.005149,1.491,-10.602,-10.119,0.000000
401.495880,-29.001,-176.074554,0.005599,1.491,-10.602,-10.120,0.000000
402.885895,-29.407,-171.329376,0.005866,1.491,-10.603,-10.120,0.000000
404.280365,-29.756,-169.190384,0.006107,1.491,-10.604,-10.121,0.000000
405.679993,-29.762,-164.455353,0.006111,1.491,-10.604,-10.122,0.000000
407.084106,-30.035,-159.216736,0.006307,1.491,-10.605,-10.123,0.000000
408.493500,-30.438,-159.703583,0.006606,1.491,-10.606,-10.124,0.000000
409.907349,-30.621,-160.580948,0.006746,1.491,-10.606,-10.124,0.000000
411.326477,-30.463,-158.589233,0.006625,1.491,-10.607,-10.125,0.000000
412.750122,-30.277,-159.168930,0.006485,1.491,-10.608,-10.126,0.000000
414.178925,-29.703,-161.705048,0.006070,1.491,-10.608,-10.127,0.000000
415.612640,-29.499,-162.595779,0.005929,1.491,-10.609,-10.128,0.000000
417.051331,-29.267,-161.961304,0.005773,1.491,-10.609,-10.128,0.000000
418.494995,-28.776,-165.630325,0.005456,1.491,-10.610,-10.129,0.000000
419.943481,-28.529,-164.394775,0.005303,1.491,-10.611,-10.130,0.000000
421.397369,-28.151,-154.096313,0.005076,1.491,-10.611,-10.131,0.000000
422.855865,-28.113,-150.402435,0.005055,1.491,-10.612,-10.132,0.000000
424.319855,-28.106,-138.523651,0.005051,1.491,-10.613,-10.133,0.000000
425.788666,-28.273,-128.471100,0.005148,1.491,-10.613,-10.133,0.000000
427.262604,-28.324,-120.421295,0.005179,1.490,-10.614,-10.134,0.000000
428.741394,-28.766,-116.598022,0.005449,1.490,-10.615,-10.135,0.000000
430.225739,-29.243,-111.542976,0.005757,1.490,-10.615,-10.136,0.000000
431.714813,-29.351,-108.457031,0.005829,1.490,-10.616,-10.137,0.000000
433.209259,-29.581,-103.861488,0.005985,1.490,-10.617,-10.138,0.000000
434.708862,-29.252,-98.702736,0.005763,1.490,-10.617,-10.139,0.000000
436.213654,-29.376,-102.238533,0.005846,1.490,-10.618,-10.139,0.000000
437.723663,-29.185,-98.998604,0.005718,1.490,-10.619,-10.140,0.000000
439.238892,-28.951,-98.693604,0.005567,1.490,-10.619,-10.141,0.000000
440.759369,-28.522,-95.480240,0.005298,1.490,-10.620,-10.142,0.000000
442.285095,-27.790,-96.853462,0.004870,1.490,-10.621,-10.143,0.000000
443.816132,-27.255,-93.457436,0.004578,1.490,-10.622,-10.144,0.000000
445.352448,-26.488,-89.354607,0.004190,1.490,-10.622,-10.145,0.000000
446.894073,-25.988,-89.850731,0.003955,1.490,-10.623,-10.145,0.000000
448.440857,-25.250,-81.283401,0.003633,1.490,-10.624,-10.146,0.000000
449.993408,-24.612,-84.158241,0.003375,1.490,-10.624,-10.147,0.000000
451.550873,-24.166,-82.564865,0.003205,1.490,-10.625,-10.148,0.000000
453.114197,-23.759,-79.125046,0.003058,1.490,-10.626,-10.149,0.000000
454.682495,-23.188,-57.542973,0.002863,1.490,-10.626,-10.150,0.000000
456.256409,-22.544,-55.764553,0.002658,1.490,-10.627,-10.151,0.000000
457.835815,-21.817,-54.632702,0.002444,1.490,-10.628,-10.152,0.000000
459.420654,-20.386,-56.991978,0.002073,1.490,-10.629,-10.153,0.000000
461.010986,-18.886,-55.795879,0.001743,1.490,-10.629,-10.154,0.000000
462.606842,-16.905,-42.370388,0.001388,1.490,-10.630,-10.154,0.000000
464.208221,-15.115,-42.026421,0.001129,1.490,-10.631,-10.155,0.000000
465.815125,-13.545,-35.248806,0.000942,1.490,-10.631,-10.156,0.000000
467.427582,-12.102,-56.428249,0.000798,1.490,-10.632,-10.157,0.000000
469.045410,-11.166,-26.292994,0.000717,1.490,-10.633,-10.158,0.000000
470.669312,-10.619,3.276441,0.000673,1.490,-10.634,-10.159,0.000000
472.298340,-10.435,26.091206,0.000659,1.490,-10.634,-10.160,0.000000
473.933502,-10.428,15.486212,0.000658,1.490,-10.635,-10.161,0.000000
475.573853,-10.476,15.866508,0.000662,1.490,-10.636,-10.162,0.000000
477.220093,-10.327,15.686589,0.000650,1.489,-10.637,-10.163,0.000000
478.872040,-9.875,15.138655,0.000617,1.489,-10.637,-10.164,0.000000
480.529724,-8.282,11.844717,0.000514,1.489,-10.638,-10.165,0.000000
482.193146,-6.147,7.964644,0.000472,1.489,-10.639,-10.166,0.000000
483.862305,-3.691,3.687874,0.000356,1.489,-10.640,-10.167,0.000000
485.537262,-0.791,3.902040,0.000217,1.489,-10.640,-10.168,0.000000
487.217987,2.075,0.264749,0.000156,1.489,-10.641,-10.169,0.000000
488.904541,4.477,5.781078,0.000154,1.489,-10.642,-10.169,0.000000
490.596710,6.687,-11.233950,0.000125,1.489,-10.643,-10.170,0.000000
492.295197,9.023,-33.263340,0.000102,1.489,-10.643,-10.171,0.000000
493.999115,11.456,-33.710205,0.000187,1.489,-10.644,-10.172,0.000000
495.709381,12.229,-4.373824,0.000171,1.489,-10.645,-10.173,0.000000
497.425110,13.032,8.783732,0.000276,1.489,-10.646,-10.174,0.000000
499.147003,13.739,10.361840,0.000269,1.489,-10.646,-10.175,0.000000
500.874847,14.461,18.274532,0.000259,1.489,-10.648,-10.177,0.000000
502.608917,15.200,-35.426208,0.000252,1.489,-10.650,-10.179,0.000000
504.348541,15.985,-53.523819,0.000246,1.489,-10.653,-10.181,0.000000
506.094391,17.008,-39.478870,0.000288,1.489,-10.655,-10.184,0.000000
507.846283,18.625,-5.998214,0.000223,1.489,-10.657,-10.186,0.000000
509.604279,-200.112,0.000000,0.000000,1.490,-10.660,-10.188,0.000000
511.368317,-200.113,0.000000,0.000000,1.490,-10.662,-10.190,0.000000
513.138489,-200.114,0.000000,0.000000,1.490,-10.665,-10.193,0.000000
514.914795,-200.116,0.000000,0.000000,1.490,-10.667,-10.195,0.000000
516.696960,-200.117,0.000000,0.000000,1.490,-10.669,-10.197,0.000000
518.485840,-200.119,0.000000,0.000000,1.490,-10.672,-10.200,0.000000
520.280334,-200.120,0.000000,0.000000,1.490,-10.674,-10.202,0.000000
522.081360,-200.120,0.000000,0.000000,1.490,-10.677,-10.204,0.000000
523.888611,-200.120,0.000000,0.000000,1.490,-10.679,-10.207,0.000000
525.702393,-200.120,0.000000,0.000000,1.491,-10.682,-10.209,0.000000
527.521912,-200.120,0.000000,0.000000,1.491,-10.684,-10.211,0.000000
529.348206,-200.120,0.000000,0.000000,1.491,-10.686,-10.214,0.000000
531.180359,-200.120,0.000000,0.000000,1.491,-10.689,-10.216,0.000000
533.019104,-200.121,0.000000,0.000000,1.491,-10.691,-10.218,0.000000
534.864258,-200.122,0.000000,0.000000,1.491,-10.694,-10.221,0.000000
536.715698,-200.124,0.000000,0.000000,1.491,-10.696,-10.223,0.000000
538.573608,-200.125,0.000000,0.000000,1.491,-10.699,-10.225,0.000000
540.437683,-200.127,0.000000,0.000000,1.492,-10.701,-10.228,0.000000
542.308777,-200.128,0.000000,0.000000,1.492,-10.704,-10.230,0.000000
544.185730,-200.130,0.000000,0.000000,1.492,-10.706,-10.233,0.000000
546.069763,-200.130,0.000000,0.000000,1.492,-10.709,-10.235,0.000000
547.959778,-200.130,0.000000,0.000000,1.492,-10.712,-10.237,0.000000
549.856873,-200.130,0.000000,0.000000,1.492,-10.714,-10.240,0.000000
551.760010,-200.130,0.000000,0.000000,1.492,-10.717,-10.242,0.000000
553.670288,-200.130,0.000000,0.000000,1.492,-10.719,-10.245,0.000000
555.586609,-200.130,0.000000,0.000000,1.492,-10.722,-10.247,0.000000
557.509827,-200.130,0.000000,0.000000,1.493,-10.724,-10.250,0.000000
559.439697,-200.130,0.000000,0.000000,1.493,-10.727,-10.252,0.000000
561.376282,-200.130,0.000000,0.000000,1.493,-10.730,-10.255,0.000000
563.319519,-200.130,0.000000,0.000000,1.493,-10.732,-10.257,0.000000
565.269287,-200.130,0.000000,0.000000,1.493,-10.735,-10.260,0.000000
567.226318,-200.130,0.000000,0.000000,1.493,-10.737,-10.262,0.000000
569.189514,-200.130,0.000000,0.000000,1.493,-10.740,-10.265,0.000000
571.160156,-200.131,0.000000,0.000000,1.493,-10.743,-10.267,0.000000
573.136963,-200.132,0.000000,0.000000,1.494,-10.745,-10.270,0.000000
575.121216,-200.134,0.000000,0.000000,1.494,-10.748,-10.272,0.000000
577.111816,-200.135,0.000000,0.000000,1.494,-10.751,-10.275,0.000000
579.109863,-200.137,0.000000,0.000000,1.494,-10.754,-10.277,0.000000
581.114197,-200.138,0.000000,0.000000,1.494,-10.756,-10.280,0.000000
583.125793,-200.140,0.000000,0.000000,1.494,-10.759,-10.283,0.000000
585.144348,-200.140,0.000000,0.000000,1.494,-10.762,-10.285,0.000000
587.169922,-200.140,0.000000,0.000000,1.494,-10.764,-10.288,0.000000
589.202454,-200.140,0.000000,0.000000,1.495,-10.767,-10.290,0.000000
591.241760,-200.140,0.000000,0.000000,1.495,-10.770,-10.293,0.000000
593.288696,-200.140,0.000000,0.000000,1.495,-10.773,-10.296,0.000000
595.342468,-200.140,0.000000,0.000000,1.495,-10.775,-10.298,0.000000
597.403320,-200.140,0.000000,0.000000,1.495,-10.778,-10.301,0.000000
599.471008,-200.142,0.000000,0.000000,1.495,-10.781,-10.304,0.000000
601.546448,-200.143,0.000000,0.000000,1.495,-10.784,-10.306,0.000000
603.628479,-200.145,0.000000,0.000000,1.495,-10.787,-10.309,0.000000
605.718262,-200.146,0.000000,0.000000,1.496,-10.789,-10.312,0.000000
607.814758,-200.148,0.000000,0.000000,1.496,-10.792,-10.314,0.000000
609.918762,-200.149,0.000000,0.000000,1.496,-10.795,-10.317,0.000000
612.030090,-200.150,0.000000,0.000000,1.496,-10.798,-10.320,0.000000
614.148682,-200.150,0.000000,0.000000,1.496,-10.801,-10.322,0.000000
616.274658,-200.150,0.000000,0.000000,1.496,-10.804,-10.325,0.000000
618.407654,-200.150,0.000000,0.000000,1.496,-10.806,-10.328,0.000000
620.548645,-200.150,0.000000,0.000000,1.497,-10.809,-10.331,0.000000
622.696716,-200.150,0.000000,0.000000,1.497,-10.812,-10.333,0.000000
624.852295,-200.150,0.000000,0.000000,1.497,-10.815,-10.336,0.000000
627.015259,-200.151,0.000000,0.000000,1.497,-10.818,-10.339,0.000000
629.185730,-200.153,0.000000,0.000000,1.497,-10.821,-10.342,0.000000
631.363464,-200.154,0.000000,0.000000,1.497,-10.824,-10.344,0.000000
633.549316,-200.156,0.000000,0.000000,1.497,-10.827,-10.347,0.000000
635.742126,-200.157,0.000000,0.000000,1.498,-10.830,-10.350,0.000000
637.942810,-200.159,0.000000,0.000000,1.498,-10.833,-10.353,0.000000
640.151123,-200.160,0.000000,0.000000,1.498,-10.836,-10.356,0.000000
642.367065,-200.160,0.000000,0.000000,1.498,-10.839,-10.359,0.000000
644.590698,-200.160,0.000000,0.000000,1.498,-10.842,-10.361,0.000000
646.822327,-200.160,0.000000,0.000000,1.498,-10.845,-10.364,0.000000
649.061096,-200.160,0.000000,0.000000,1.498,-10.848,-10.367,0.000000
651.307861,-200.160,0.000000,0.000000,1.498,-10.851,-10.370,0.000000
653.562439,-200.160,0.000000,0.000000,1.499,-10.854,-10.373,0.000000
655.824829,-200.160,0.000000,0.000000,1.499,-10.857,-10.376,0.000000
658.095032,-200.160,0.000000,0.000000,1.499,-10.860,-10.379,0.000000
660.372803,-200.160,0.000000,0.000000,1.499,-10.863,-10.382,0.000000
662.659058,-200.160,0.000000,0.000000,1.499,-10.866,-10.385,0.000000
664.952637,-200.160,0.000000,0.000000,1.499,-10.869,-10.388,0.000000
667.254761,-200.160,0.000000,0.000000,1.499,-10.872,-10.391,0.000000
669.564209,-200.160,0.000000,0.000000,1.500,-10.875,-10.394,0.000000
671.882019,-200.160,0.000000,0.000000,1.500,-10.879,-10.396,0.000000
674.207764,-200.160,0.000000,0.000000,1.500,-10.882,-10.399,0.000000
676.541992,-200.160,0.000000,0.000000,1.500,-10.885,-10.402,0.000000
678.883545,-200.160,0.000000,0.000000,1.500,-10.888,-10.405,0.000000
681.233582,-200.160,0.000000,0.000000,1.500,-10.891,-10.409,0.000000
683.591797,-200.160,0.000000,0.000000,1.500,-10.894,-10.412,0.000000
685.958130,-200.160,0.000000,0.000000,1.501,-10.898,-10.415,0.000000
688.332642,-200.158,0.000000,0.000000,1.501,-10.901,-10.418,0.000000
690.715027,-200.157,0.000000,0.000000,1.501,-10.904,-10.421,0.000000
693.106384,-200.155,0.000000,0.000000,1.501,-10.907,-10.424,0.000000
695.505310,-200.154,0.000000,0.000000,1.501,-10.910,-10.427,0.000000
697.913208,-200.152,0.000000,0.000000,1.501,-10.914,-10.430,0.000000
700.328796,-200.151,0.000000,0.000000,1.502,-10.917,-10.433,0.000000
702.753052,-200.149,0.000000,0.000000,1.502,-10.920,-10.436,0.000000
705.185730,-200.148,0.000000,0.000000,1.502,-10.923,-10.439,0.000000
707.627136,-200.146,0.000000,0.000000,1.502,-10.927,-10.442,0.000000
710.076355,-200.145,0.000000,0.000000,1.502,-10.930,-10.446,0.000000
712.534363,-200.143,0.000000,0.000000,1.502,-10.933,-10.449,0.000000
715.000854,-200.142,0.000000,0.000000,1.502,-10.937,-10.452,0.000000
717.475891,-200.140,0.000000,0.000000,1.503,-10.940,-10.455,0.000000
719.959534,-200.139,0.000000,0.000000,1.503,-10.943,-10.458,0.000000
722.451416,-200.137,0.000000,0.000000,1.503,-10.947,-10.461,0.000000
724.952637,-200.136,0.000000,0.000000,1.503,-10.950,-10.465,0.000000
727.461792,-200.134,0.000000,0.000000,1.503,-10.954,-10.468,0.000000
729.980347,-200.133,0.000000,0.000000,1.503,-10.957,-10.471,0.000000
732.506897,-200.131,0.000000,0.000000,1.504,-10.960,-10.474,0.000000
735.042908,-200.130,0.000000,0.000000,1.504,-10.964,-10.478,0.000000
737.586975,-200.128,0.000000,0.000000,1.504,-10.967,-10.481,0.000000
740.140564,-200.127,0.000000,0.000000,1.504,-10.971,-10.484,0.000000
742.702332,-200.125,0.000000,0.000000,1.504,-10.974,-10.487,0.000000
745.273254,-200.124,0.000000,0.000000,1.504,-10.978,-10.491,0.000000
747.853088,-200.122,0.000000,0.000000,1.505,-10.981,-10.494,0.000000
750.441895,-200.121,0.000000,0.000000,1.505,-10.984,-10.497,0.000000
753.039612,-200.119,0.000000,0.000000,1.505,-10.988,-10.501,0.000000
755.646362,-200.116,0.000000,0.000000,1.505,-10.991,-10.504,0.000000
758.262146,-200.113,0.000000,0.000000,1.505,-10.995,-10.507,0.000000
760.886597,-200.110,0.000000,0.000000,1.505,-10.999,-10.511,0.000000
763.520813,-200.107,0.000000,0.000000,1.506,-11.002,-10.514,0.000000
766.163818,-200.104,0.000000,0.000000,1.506,-11.006,-10.518,0.000000
768.816040,-200.101,0.000000,0.000000,1.506,-11.009,-10.521,0.000000
771.476990,-200.099,0.000000,0.000000,1.506,-11.013,-10.524,0.000000
774.147888,-200.098,0.000000,0.000000,1.506,-11.016,-10.528,0.000000
776.827332,-200.096,0.000000,0.000000,1.506,-11.020,-10.531,0.000000
779.516785,-200.095,0.000000,0.000000,1.507,-11.024,-10.535,0.000000
782.214844,-200.093,0.000000,0.000000,1.507,-11.027,-10.538,0.000000
784.922546,-200.092,0.000000,0.000000,1.507,-11.031,-10.542,0.000000
787.639648,-200.090,0.000000,0.000000,1.507,-11.035,-10.545,0.000000
790.366150,-200.089,0.000000,0.000000,1.507,-11.038,-10.549,0.000000
793.102112,-200.087,0.000000,0.000000,1.507,-11.042,-10.552,0.000000
795.847107,-200.086,0.000000,0.000000,1.508,-11.046,-10.556,0.000000
798.602417,-200.084,0.000000,0.000000,1.508,-11.049,-10.559,0.000000
801.366882,-200.083,0.000000,0.000000,1.508,-11.053,-10.563,0.000000
804.140930,-200.081,0.000000,0.000000,1.508,-11.057,-10.566,0.000000
806.924133,-200.080,0.000000,0.000000,1.508,-11.061,-10.570,0.000000
809.717773,-200.078,0.000000,0.000000,1.508,-11.064,-10.573,0.000000
812.520325,-200.077,0.000000,0.000000,1.509,-11.068,-10.577,0.000000
815.333374,-200.075,0.000000,0.000000,1.509,-11.072,-10.581,0.000000
818.155334,-200.074,0.000000,0.000000,1.509,-11.076,-10.584,0.000000
820.987488,-200.072,0.000000,0.000000,1.509,-11.080,-10.588,0.000000
823.829407,-200.071,0.000000,0.000000,1.509,-11.083,-10.592,0.000000
826.681213,-200.070,0.000000,0.000000,1.509,-11.087,-10.595,0.000000
829.542847,-200.070,0.000000,0.000000,1.510,-11.091,-10.599,0.000000
832.414429,-200.070,0.000000,0.000000,1.510,-11.095,-10.603,0.000000
835.295898,-200.070,0.000000,0.000000,1.510,-11.099,-10.606,0.000000
838.187378,-200.070,0.000000,0.000000,1.510,-11.103,-10.610,0.000000
841.088867,-200.070,0.000000,0.000000,1.510,-11.107,-10.614,0.000000
844.000000,-200.070,0.000000,0.000000,1.511,-11.111,-10.617,0.000000
846.921997,-200.070,0.000000,0.000000,1.511,-11.115,-10.621,0.000000
849.853333,-200.070,0.000000,0.000000,1.511,-11.118,-10.625,0.000000
852.795593,-200.070,0.000000,0.000000,1.511,-11.122,-10.629,0.000000
855.747253,-200.070,0.000000,0.000000,1.511,-11.126,-10.633,0.000000
858.709534,-200.070,0.000000,0.000000,1.511,-11.130,-10.636,0.000000
861.682068,-200.070,0.000000,0.000000,1.512,-11.134,-10.640,0.000000
864.664856,-200.070,0.000000,0.000000,1.512,-11.138,-10.644,0.000000
867.657959,-200.070,0.000000,0.000000,1.512,-11.142,-10.648,0.000000
870.661499,-200.070,0.000000,0.000000,1.512,-11.147,-10.652,0.000000
873.675354,-200.070,0.000000,0.000000,1.512,-11.151,-10.656,0.000000
876.699707,-200.070,0.000000,0.000000,1.513,-11.155,-10.659,0.000000
879.734497,-200.070,0.000000,0.000000,1.513,-11.159,-10.663,0.000000
882.779419,-200.070,0.000000,0.000000,1.513,-11.163,-10.667,0.000000
885.835632,-200.070,0.000000,0.000000,1.513,-11.167,-10.671,0.000000
888.901672,-200.070,0.000000,0.000000,1.513,-11.171,-10.675,0.000000
891.979126,-200.070,0.000000,0.000000,1.514,-11.175,-10.679,0.000000
895.066406,-200.070,0.000000,0.000000,1.514,-11.179,-10.683,0.000000
898.164734,-200.070,0.000000,0.000000,1.514,-11.184,-10.687,0.000000
901.273865,-200.070,0.000000,0.000000,1.514,-11.188,-10.691,0.000000
904.393738,-200.070,0.000000,0.000000,1.514,-11.192,-10.695,0.000000
907.524414,-200.070,0.000000,0.000000,1.515,-11.196,-10.699,0.000000
910.665894,-200.070,0.000000,0.000000,1.515,-11.200,-10.703,0.000000
913.818298,-200.070,0.000000,0.000000,1.515,-11.205,-10.707,0.000000
916.981567,-200.070,0.000000,0.000000,1.515,-11.209,-10.711,0.000000
920.155823,-200.070,0.000000,0.000000,1.515,-11.213,-10.715,0.000000
923.341003,-200.070,0.000000,0.000000,1.516,-11.218,-10.719,0.000000
926.537292,-200.070,0.000000,0.000000,1.516,-11.222,-10.723,0.000000
929.744141,-200.072,0.000000,0.000000,1.516,-11.226,-10.728,0.000000
932.963013,-200.073,0.000000,0.000000,1.516,-11.231,-10.732,0.000000
936.192139,-200.075,0.000000,0.000000,1.516,-11.235,-10.736,0.000000
939.432861,-200.076,0.000000,0.000000,1.517,-11.239,-10.740,0.000000
942.684814,-200.078,0.000000,0.000000,1.517,-11.244,-10.744,0.000000
945.948486,-200.079,0.000000,0.000000,1.517,-11.248,-10.748,0.000000
949.222534,-200.080,0.000000,0.000000,1.517,-11.252,-10.753,0.000000
952.508850,-200.080,0.000000,0.000000,1.517,-11.257,-10.757,0.000000
955.805603,-200.080,0.000000,0.000000,1.518,-11.261,-10.761,0.000000
959.114258,-200.080,0.000000,0.000000,1.518,-11.266,-10.765,0.000000
962.434326,-200.080,0.000000,0.000000,1.518,-11.270,-10.770,0.000000
965.765930,-200.080,0.000000,0.000000,1.518,-11.275,-10.774,0.000000
969.109009,-200.080,0.000000,0.000000,1.518,-11.279,-10.778,0.000000
972.463257,-200.080,0.000000,0.000000,1.519,-11.284,-10.782,0.000000
975.830017,-200.080,0.000000,0.000000,1.519,-11.288,-10.787,0.000000
979.207458,-200.080,0.000000,0.000000,1.519,-11.293,-10.791,0.000000
982.597595,-200.080,0.000000,0.000000,1.519,-11.297,-10.795,0.000000
985.998474,-200.080,0.000000,0.000000,1.519,-11.302,-10.800,0.000000
989.412109,-200.080,0.000000,0.000000,1.520,-11.307,-10.804,0.000000
992.836609,-200.080,0.000000,0.000000,1.520,-11.311,-10.809,0.000000
996.273926,-200.080,0.000000,0.000000,1.520,-11.316,-10.813,0.000000
999.722168,-200.080,0.000000,0.000000,1.520,-11.321,-10.817,0.000000
1003.182800,-200.080,0.000000,0.000000,1.520,-11.322,-10.819,0.000000
1006.655457,-200.080,0.000000,0.000000,1.520,-11.323,-10.820,0.000000
1010.140076,-200.080,0.000000,0.000000,1.520,-11.325,-10.821,0.000000
1013.636780,-200.080,0.000000,0.000000,1.520,-11.326,-10.822,0.000000
1017.145142,-200.079,0.000000,0.000000,1.520,-11.327,-10.823,0.000000
1020.666565,-200.078,0.000000,0.000000,1.520,-11.328,-10.825,0.000000
1024.199219,-200.076,0.000000,0.000000,1.520,-11.330,-10.826,0.000000
1027.745117,-200.075,0.000000,0.000000,1.520,-11.331,-10.827,0.000000
1031.302246,-200.073,0.000000,0.000000,1.520,-11.332,-10.828,0.000000
1034.872803,-200.072,0.000000,0.000000,1.520,-11.334,-10.829,0.000000
1038.454590,-200.070,0.000000,0.000000,1.520,-11.335,-10.830,0.000000
1042.049805,-200.069,0.000000,0.000000,1.520,-11.336,-10.832,0.000000
1045.656494,-200.067,0.000000,0.000000,1.520,-11.338,-10.833,0.000000
1049.276123,-200.066,0.000000,0.000000,1.520,-11.339,-10.834,0.000000
1052.908325,-200.064,0.000000,0.000000,1.520,-11.340,-10.835,0.000000
1056.553101,-200.063,0.000000,0.000000,1.520,-11.342,-10.836,0.000000
1060.210571,-200.061,0.000000,0.000000,1.520,-11.343,-10.837,0.000000
1063.880005,-200.060,0.000000,0.000000,1.520,-11.344,-10.839,0.000000
1067.563354,-200.058,0.000000,0.000000,1.520,-11.346,-10.840,0.000000
1071.258301,-200.057,0.000000,0.000000,1.520,-11.347,-10.841,0.000000
1074.967041,-200.055,0.000000,0.000000,1.520,-11.348,-10.842,0.000000
1078.688232,-200.054,0.000000,0.000000,1.520,-11.350,-10.844,0.000000
1082.422241,-200.052,0.000000,0.000000,1.520,-11.351,-10.845,0.000000
1086.168579,-200.051,0.000000,0.000000,1.520,-11.352,-10.846,0.000000
1089.929077,-200.049,0.000000,0.000000,1.520,-11.354,-10.847,0.000000
1093.701416,-200.048,0.000000,0.000000,1.520,-11.355,-10.848,0.000000
1097.487427,-200.046,0.000000,0.000000,1.520,-11.356,-10.850,0.000000
1101.286499,-200.045,0.000000,0.000000,1.520,-11.358,-10.851,0.000000
1105.098755,-200.043,0.000000,0.000000,1.520,-11.359,-10.852,0.000000
1108.924194,-200.042,0.000000,0.000000,1.520,-11.361,-10.853,0.000000
1112.762817,-200.040,0.000000,0.000000,1.520,-11.362,-10.855,0.000000
1116.614746,-200.039,0.000000,0.000000,1.520,-11.363,-10.856,0.000000
1120.480103,-200.037,0.000000,0.000000,1.520,-11.365,-10.857,0.000000
1124.358765,-200.036,0.000000,0.000000,1.520,-11.366,-10.859,0.000000
1128.250854,-200.034,0.000000,0.000000,1.520,-11.368,-10.860,0.000000
1132.156372,-200.033,0.000000,0.000000,1.520,-11.369,-10.861,0.000000
1136.075562,-200.031,0.000000,0.000000,1.520,-11.371,-10.862,0.000000
1140.007568,-200.030,0.000000,0.000000,1.520,-11.372,-10.864,0.000000
1143.953857,-200.027,0.000000,0.000000,1.520,-11.373,-10.865,0.000000
1147.913818,-200.024,0.000000,0.000000,1.520,-11.375,-10.866,0.000000
1151.887451,-200.021,0.000000,0.000000,1.520,-11.376,-10.868,0.000000
1155.874878,-200.018,0.000000,0.000000,1.520,-11.378,-10.869,0.000000
1159.876099,-200.015,0.000000,0.000000,1.520,-11.379,-10.870,0.000000
1163.891113,-200.012,0.000000,0.000000,1.520,-11.381,-10.872,0.000000
1167.920044,-200.010,0.000000,0.000000,1.520,-11.382,-10.873,0.000000
1171.962891,-200.008,0.000000,0.000000,1.520,-11.384,-10.874,0.000000
1176.019775,-200.007,0.000000,0.000000,1.520,-11.385,-10.876,0.000000
1180.090698,-200.005,0.000000,0.000000,1.520,-11.387,-10.877,0.000000
1184.175781,-200.004,0.000000,0.000000,1.520,-11.388,-10.878,0.000000
1188.274902,-200.002,0.000000,0.000000,1.520,-11.390,-10.880,0.000000
1192.388306,-200.001,0.000000,0.000000,1.520,-11.391,-10.881,0.000000
1196.515259,-199.998,0.000000,0.000000,1.520,-11.393,-10.882,0.000000
1200.657227,-199.995,0.000000,0.000000,1.520,-11.394,-10.884,0.000000
1204.813965,-199.992,0.000000,0.000000,1.520,-11.396,-10.885,0.000000
1208.984009,-199.989,0.000000,0.000000,1.520,-11.397,-10.886,0.000000
1213.169067,-199.986,0.000000,0.000000,1.520,-11.399,-10.888,0.000000
1217.368530,-199.983,0.000000,0.000000,1.520,-11.400,-10.889,0.000000
1221.582642,-199.980,0.000000,0.000000,1.520,-11.402,-10.890,0.000000
1225.811279,-199.979,0.000000,0.000000,1.520,-11.403,-10.892,0.000000
1230.054565,-199.977,0.000000,0.000000,1.520,-11.405,-10.893,0.000000
1234.311890,-199.976,0.000000,0.000000,1.520,-11.406,-10.895,0.000000
1238.585205,-199.974,0.000000,0.000000,1.520,-11.408,-10.896,0.000000
1242.872803,-199.973,0.000000,0.000000,1.520,-11.409,-10.897,0.000000
1247.175049,-199.971,0.000000,0.000000,1.520,-11.411,-10.899,0.000000
1251.492310,-199.970,0.000000,0.000000,1.520,-11.413,-10.900,0.000000
1255.823975,-199.968,0.000000,0.000000,1.520,-11.414,-10.902,0.000000
1260.171753,-199.967,0.000000,0.000000,1.520,-11.416,-10.903,0.000000
1264.533325,-199.965,0.000000,0.000000,1.520,-11.417,-10.905,0.000000
1268.911255,-199.964,0.000000,0.000000,1.520,-11.419,-10.906,0.000000
1273.303101,-199.962,0.000000,0.000000,1.520,-11.421,-10.907,0.000000
1277.710815,-199.961,0.000000,0.000000,1.520,-11.422,-10.909,0.000000
1282.133789,-199.959,0.000000,0.000000,1.520,-11.424,-10.910,0.000000
1286.572021,-199.958,0.000000,0.000000,1.520,-11.425,-10.912,0.000000
1291.025024,-199.956,0.000000,0.000000,1.520,-11.427,-10.913,0.000000
1295.494751,-199.955,0.000000,0.000000,1.520,-11.429,-10.915,0.000000
1299.979248,-199.953,0.000000,0.000000,1.520,-11.430,-10.916,0.000000
1304.479248,-199.952,0.000000,0.000000,1.520,-11.432,-10.918,0.000000
1308.994873,-199.950,0.000000,0.000000,1.520,-11.434,-10.919,0.000000
1313.525513,-199.949,0.000000,0.000000,1.520,-11.435,-10.921,0.000000
1318.072998,-199.947,0.000000,0.000000,1.520,-11.437,-10.922,0.000000
1322.635010,-199.946,0.000000,0.000000,1.520,-11.439,-10.924,0.000000
1327.214111,-199.944,0.000000,0.000000,1.520,-11.440,-10.925,0.000000
1331.807739,-199.943,0.000000,0.000000,1.520,-11.442,-10.927,0.000000
1336.417969,-199.941,0.000000,0.000000,1.520,-11.444,-10.928,0.000000
1341.044189,-199.940,0.000000,0.000000,1.520,-11.445,-10.930,0.000000
1345.686401,-199.940,0.000000,0.000000,1.520,-11.447,-10.931,0.000000
1350.344604,-199.940,0.000000,0.000000,1.520,-11.449,-10.933,0.000000
1355.018921,-199.940,0.000000,0.000000,1.520,-11.450,-10.934,0.000000
1359.709595,-199.940,0.000000,0.000000,1.520,-11.452,-10.936,0.000000
1364.416382,-199.940,0.000000,0.000000,1.520,-11.454,-10.937,0.000000
1369.139404,-199.940,0.000000,0.000000,1.520,-11.456,-10.939,0.000000
1373.878174,-199.940,0.000000,0.000000,1.520,-11.457,-10.940,0.000000
1378.634644,-199.940,0.000000,0.000000,1.520,-11.459,-10.942,0.000000
1383.406372,-199.940,0.000000,0.000000,1.520,-11.461,-10.944,0.000000
1388.195801,-199.940,0.000000,0.000000,1.520,-11.462,-10.945,0.000000
1393.000610,-199.940,0.000000,0.000000,1.520,-11.464,-10.947,0.000000
1397.822632,-199.940,0.000000,0.000000,1.520,-11.466,-10.948,0.000000
1402.661377,-199.940,0.000000,0.000000,1.520,-11.468,-10.950,0.000000
1407.516846,-199.941,0.000000,0.000000,1.520,-11.470,-10.951,0.000000
1412.389771,-199.943,0.000000,0.000000,1.520,-11.471,-10.953,0.000000
1417.278198,-199.944,0.000000,0.000000,1.520,-11.473,-10.955,0.000000
1422.184326,-199.946,0.000000,0.000000,1.520,-11.475,-10.956,0.000000
1427.107300,-199.947,0.000000,0.000000,1.520,-11.477,-10.958,0.000000
1432.047485,-199.949,0.000000,0.000000,1.520,-11.478,-10.960,0.000000
1437.004639,-199.950,0.000000,0.000000,1.520,-11.480,-10.961,0.000000
1441.979004,-199.950,0.000000,0.000000,1.520,-11.482,-10.963,0.000000
1446.969849,-199.950,0.000000,0.000000,1.520,-11.484,-10.964,0.000000
1451.979492,-199.950,0.000000,0.000000,1.520,-11.486,-10.966,0.000000
1457.005005,-199.950,0.000000,0.000000,1.520,-11.488,-10.968,0.000000
1462.048584,-199.950,0.000000,0.000000,1.520,-11.489,-10.969,0.000000
1467.109619,-199.950,0.000000,0.000000,1.520,-11.491,-10.971,0.000000
1472.188110,-199.951,0.000000,0.000000,1.520,-11.493,-10.973,0.000000
1477.285034,-199.952,0.000000,0.000000,1.520,-11.495,-10.974,0.000000
1482.398071,-199.954,0.000000,0.000000,1.520,-11.497,-10.976,0.000000
1487.529541,-199.955,0.000000,0.000000,1.520,-11.499,-10.978,0.000000
1492.678833,-199.957,0.000000,0.000000,1.520,-11.501,-10.979,0.000000
1497.845947,-199.958,0.000000,0.000000,1.520,-11.502,-10.981,0.000000
1503.030884,-199.960,0.000000,0.000000,1.521,-11.504,-10.983,0.000000
1508.233765,-199.961,0.000000,0.000000,1.521,-11.506,-10.985,0.000000
1513.453979,-199.963,0.000000,0.000000,1.521,-11.508,-10.986,0.000000
1518.693726,-199.964,0.000000,0.000000,1.521,-11.510,-10.988,0.000000
1523.950195,-199.966,0.000000,0.000000,1.521,-11.512,-10.990,0.000000
1529.226196,-199.967,0.000000,0.000000,1.521,-11.514,-10.991,0.000000
1534.519775,-199.969,0.000000,0.000000,1.521,-11.516,-10.993,0.000000
1539.831055,-199.970,0.000000,0.000000,1.521,-11.518,-10.995,0.000000
1545.161987,-199.970,0.000000,0.000000,1.521,-11.520,-10.997,0.000000
1550.510010,-199.970,0.000000,0.000000,1.521,-11.522,-10.998,0.000000
1555.877319,-199.970,0.000000,0.000000,1.521,-11.524,-11.000,0.000000
1561.263184,-199.970,0.000000,0.000000,1.521,-11.526,-11.002,0.000000
1566.667725,-199.970,0.000000,0.000000,1.521,-11.528,-11.004,0.000000
1572.090820,-199.970,0.000000,0.000000,1.521,-11.530,-11.006,0.000000
1577.532837,-199.971,0.000000,0.000000,1.521,-11.532,-11.007,0.000000
1582.992920,-199.972,0.000000,0.000000,1.521,-11.533,-11.009,0.000000
1588.473389,-199.974,0.000000,0.000000,1.521,-11.535,-11.011,0.000000
1593.971313,-199.975,0.000000,0.000000,1.521,-11.537,-11.013,0.000000
1599.489746,-199.977,0.000000,0.000000,1.521,-11.540,-11.015,0.000000
1605.026611,-199.978,0.000000,0.000000,1.521,-11.542,-11.016,0.000000
1610.581787,-199.980,0.000000,0.000000,1.521,-11.544,-11.018,0.000000
1616.157837,-199.980,0.000000,0.000000,1.521,-11.546,-11.020,0.000000
1621.751587,-199.980,0.000000,0.000000,1.521,-11.548,-11.022,0.000000
1627.366211,-199.980,0.000000,0.000000,1.521,-11.550,-11.024,0.000000
1632.998779,-199.980,0.000000,0.000000,1.521,-11.552,-11.026,0.000000
1638.651611,-199.980,0.000000,0.000000,1.521,-11.554,-11.027,0.000000
1644.323975,-199.980,0.000000,0.000000,1.521,-11.556,-11.029,0.000000
1650.015991,-199.980,0.000000,0.000000,1.521,-11.558,-11.031,0.000000
1655.726929,-199.978,0.000000,0.000000,1.521,-11.560,-11.033,0.000000
1661.459229,-199.977,0.000000,0.000000,1.521,-11.562,-11.035,0.000000
1667.209717,-199.975,0.000000,0.000000,1.521,-11.564,-11.037,0.000000
1672.981812,-199.974,0.000000,0.000000,1.521,-11.566,-11.039,0.000000
1678.772949,-199.972,0.000000,0.000000,1.521,-11.568,-11.041,0.000000
1684.583496,-199.971,0.000000,0.000000,1.521,-11.571,-11.042,0.000000
1690.415649,-199.970,0.000000,0.000000,1.521,-11.573,-11.044,0.000000
1696.266357,-199.970,0.000000,0.000000,1.521,-11.575,-11.046,0.000000
1702.139038,-199.970,0.000000,0.000000,1.521,-11.577,-11.048,0.000000
1708.030396,-199.970,0.000000,0.000000,1.521,-11.579,-11.050,0.000000
1713.942871,-199.970,0.000000,0.000000,1.521,-11.581,-11.052,0.000000
1719.875977,-199.970,0.000000,0.000000,1.521,-11.583,-11.054,0.000000
1725.829468,-199.970,0.000000,0.000000,1.521,-11.586,-11.056,0.000000
1731.802856,-199.969,0.000000,0.000000,1.521,-11.588,-11.058,0.000000
1737.798462,-199.968,0.000000,0.000000,1.521,-11.590,-11.060,0.000000
1743.814087,-199.966,0.000000,0.000000,1.521,-11.592,-11.062,0.000000
1749.850464,-199.965,0.000000,0.000000,1.521,-11.594,-11.064,0.000000
1755.907837,-199.963,0.000000,0.000000,1.521,-11.597,-11.066,0.000000
1761.985229,-199.962,0.000000,0.000000,1.521,-11.599,-11.068,0.000000
1768.085449,-199.960,0.000000,0.000000,1.521,-11.601,-11.070,0.000000
1774.204956,-199.959,0.000000,0.000000,1.521,-11.603,-11.072,0.000000
1780.347412,-199.957,0.000000,0.000000,1.521,-11.605,-11.074,0.000000
1786.509521,-199.956,0.000000,0.000000,1.521,-11.608,-11.076,0.000000
1792.693726,-199.954,0.000000,0.000000,1.521,-11.610,-11.078,0.000000
1798.899292,-199.953,0.000000,0.000000,1.521,-11.612,-11.080,0.000000
1805.126465,-199.951,0.000000,0.000000,1.521,-11.614,-11.082,0.000000
1811.375122,-199.950,0.000000,0.000000,1.521,-11.617,-11.084,0.000000
1817.645386,-199.948,0.000000,0.000000,1.521,-11.619,-11.086,0.000000
1823.937378,-199.947,0.000000,0.000000,1.521,-11.621,-11.088,0.000000
1830.251099,-199.945,0.000000,0.000000,1.521,-11.624,-11.090,0.000000
1836.586792,-199.944,0.000000,0.000000,1.521,-11.626,-11.092,0.000000
1842.943481,-199.942,0.000000,0.000000,1.521,-11.628,-11.094,0.000000
1849.323853,-199.941,0.000000,0.000000,1.521,-11.631,-11.097,0.000000
1855.724609,-199.939,0.000000,0.000000,1.521,-11.633,-11.099,0.000000
1862.149292,-199.938,0.000000,0.000000,1.521,-11.635,-11.101,0.000000
1868.594482,-199.936,0.000000,0.000000,1.521,-11.638,-11.103,0.000000
1875.062866,-199.935,0.000000,0.000000,1.521,-11.640,-11.105,0.000000
1881.553589,-199.933,0.000000,0.000000,1.521,-11.642,-11.107,0.000000
1888.066772,-199.932,0.000000,0.000000,1.521,-11.645,-11.109,0.000000
1894.603516,-199.930,0.000000,0.000000,1.521,-11.647,-11.111,0.000000
1901.161011,-199.929,0.000000,0.000000,1.521,-11.650,-11.114,0.000000
1907.742065,-199.927,0.000000,0.000000,1.521,-11.652,-11.116,0.000000
1914.345947,-199.926,0.000000,0.000000,1.521,-11.654,-11.118,0.000000
1920.972656,-199.924,0.000000,0.000000,1.521,-11.657,-11.120,0.000000
1927.622314,-199.923,0.000000,0.000000,1.521,-11.659,-11.122,0.000000
1934.295044,-199.921,0.000000,0.000000,1.521,-11.662,-11.124,0.000000
1940.989868,-199.919,0.000000,0.000000,1.521,-11.664,-11.127,0.000000
1947.709717,-199.916,0.000000,0.000000,1.521,-11.666,-11.129,0.000000
1954.451050,-199.913,0.000000,0.000000,1.521,-11.669,-11.131,0.000000
1961.216675,-199.910,0.000000,0.000000,1.521,-11.671,-11.133,0.000000
1968.005615,-199.907,0.000000,0.000000,1.521,-11.674,-11.135,0.000000
1974.818115,-199.904,0.000000,0.000000,1.521,-11.676,-11.138,0.000000
1981.655151,-199.901,0.000000,0.000000,1.521,-11.679,-11.140,0.000000
1988.513916,-199.899,0.000000,0.000000,1.521,-11.681,-11.142,0.000000
1995.397339,-199.898,0.000000,0.000000,1.521,-11.684,-11.144,0.000000
2002.304688,-199.896,0.000000,0.000000,1.521,-11.685,-11.146,0.000000
2009.235840,-199.895,0.000000,0.000000,1.521,-11.684,-11.145,0.000000
2016.191040,-199.893,0.000000,0.000000,1.521,-11.683,-11.144,0.000000
2023.170288,-199.892,0.000000,0.000000,1.521,-11.682,-11.143,0.000000
2030.172852,-199.890,0.000000,0.000000,1.521,-11.681,-11.142,0.000000
2037.201416,-199.887,0.000000,0.000000,1.521,-11.680,-11.141,0.000000
2044.252441,-199.884,0.000000,0.000000,1.521,-11.679,-11.140,0.000000
2051.329834,-199.881,0.000000,0.000000,1.521,-11.678,-11.139,0.000000
2058.430908,-199.878,0.000000,0.000000,1.521,-11.676,-11.138,0.000000
2065.555420,-199.875,0.000000,0.000000,1.521,-11.675,-11.137,0.000000
2072.706543,-199.872,0.000000,0.000000,1.521,-11.674,-11.136,0.000000
2079.880371,-199.870,0.000000,0.000000,1.521,-11.673,-11.135,0.000000
2087.080078,-199.868,0.000000,0.000000,1.521,-11.672,-11.134,0.000000
2094.304932,-199.867,0.000000,0.000000,1.521,-11.671,-11.133,0.000000
2101.554443,-199.865,0.000000,0.000000,1.521,-11.670,-11.132,0.000000
2108.829346,-199.864,0.000000,0.000000,1.521,-11.669,-11.131,0.000000
2116.129150,-199.862,0.000000,0.000000,1.521,-11.667,-11.130,0.000000
2123.453369,-199.861,0.000000,0.000000,1.521,-11.666,-11.130,0.000000
2130.804932,-199.859,0.000000,0.000000,1.521,-11.665,-11.129,0.000000
2138.180176,-199.856,0.000000,0.000000,1.521,-11.664,-11.128,0.000000
2145.582520,-199.853,0.000000,0.000000,1.521,-11.663,-11.127,0.000000
2153.009766,-199.850,0.000000,0.000000,1.521,-11.662,-11.126,0.000000
2160.461670,-199.847,0.000000,0.000000,1.521,-11.661,-11.125,0.000000
2167.941406,-199.844,0.000000,0.000000,1.521,-11.659,-11.124,0.000000
2175.445068,-199.841,0.000000,0.000000,1.521,-11.658,-11.123,0.000000
2182.976562,-199.839,0.000000,0.000000,1.521,-11.657,-11.122,0.000000
2190.532227,-199.837,0.000000,0.000000,1.521,-11.656,-11.121,0.000000
2198.114990,-199.836,0.000000,0.000000,1.521,-11.655,-11.120,0.000000
2205.723877,-199.834,0.000000,0.000000,1.521,-11.654,-11.119,0.000000
2213.359375,-199.833,0.000000,0.000000,1.521,-11.652,-11.118,0.000000
2221.020020,-199.831,0.000000,0.000000,1.521,-11.651,-11.117,0.000000
2228.709473,-199.830,0.000000,0.000000,1.521,-11.650,-11.115,0.000000
2236.423340,-199.827,0.000000,0.000000,1.521,-11.649,-11.114,0.000000
2244.166016,-199.824,0.000000,0.000000,1.521,-11.648,-11.113,0.000000
2251.934570,-199.821,0.000000,0.000000,1.521,-11.646,-11.112,0.000000
2259.728760,-199.818,0.000000,0.000000,1.521,-11.645,-11.111,0.000000
2267.552002,-199.815,0.000000,0.000000,1.521,-11.644,-11.110,0.000000
2275.400391,-199.812,0.000000,0.000000,1.521,-11.643,-11.109,0.000000
2283.278076,-199.809,0.000000,0.000000,1.521,-11.641,-11.108,0.000000
2291.180908,-199.808,0.000000,0.000000,1.521,-11.640,-11.107,0.000000
2299.112061,-199.806,0.000000,0.000000,1.521,-11.639,-11.106,0.000000
2307.070557,-199.805,0.000000,0.000000,1.521,-11.638,-11.105,0.000000
2315.056885,-199.803,0.000000,0.000000,1.521,-11.636,-11.104,0.000000
2323.069580,-199.802,0.000000,0.000000,1.521,-11.635,-11.103,0.000000
2331.112305,-199.800,0.000000,0.000000,1.521,-11.634,-11.102,0.000000
2339.181641,-199.798,0.000000,0.000000,1.521,-11.633,-11.101,0.000000
2347.279053,-199.795,0.000000,0.000000,1.521,-11.631,-11.100,0.000000
2355.404297,-199.792,0.000000,0.000000,1.521,-11.630,-11.099,0.000000
2363.556885,-199.789,0.000000,0.000000,1.521,-11.629,-11.098,0.000000
2371.739746,-199.786,0.000000,0.000000,1.521,-11.628,-11.096,0.000000
2379.948486,-199.783,0.000000,0.000000,1.521,-11.626,-11.095,0.000000
2388.188232,-199.780,0.000000,0.000000,1.521,-11.625,-11.094,0.000000
2396.454102,-199.778,0.000000,0.000000,1.521,-11.624,-11.093,0.000000
2404.749512,-199.777,0.000000,0.000000,1.521,-11.623,-11.092,0.000000
2413.073975,-199.775,0.000000,0.000000,1.521,-11.621,-11.091,0.000000
2421.427002,-199.774,0.000000,0.000000,1.521,-11.620,-11.090,0.000000
2429.809082,-199.772,0.000000,0.000000,1.521,-11.619,-11.089,0.000000
2438.220215,-199.771,0.000000,0.000000,1.521,-11.617,-11.088,0.000000
2446.660400,-199.769,0.000000,0.000000,1.521,-11.616,-11.086,0.000000
2455.129883,-199.766,0.000000,0.000000,1.521,-11.615,-11.085,0.000000
2463.628418,-199.763,0.000000,0.000000,1.521,-11.613,-11.084,0.000000
2472.155518,-199.760,0.000000,0.000000,1.521,-11.612,-11.083,0.000000
2480.714355,-199.757,0.000000,0.000000,1.521,-11.611,-11.082,0.000000
2489.300293,-199.754,0.000000,0.000000,1.521,-11.609,-11.081,0.000000
2497.918701,-199.751,0.000000,0.000000,1.521,-11.608,-11.080,0.000000
2506.564209,-199.749,0.000000,0.000000,1.521,-11.607,-11.078,0.000000
2515.240967,-199.747,0.000000,0.000000,1.521,-11.605,-11.077,0.000000
2523.947754,-199.746,0.000000,0.000000,1.521,-11.604,-11.076,0.000000
2532.684814,-199.744,0.000000,0.000000,1.521,-11.603,-11.075,0.000000
2541.453125,-199.743,0.000000,0.000000,1.521,-11.601,-11.074,0.000000
2550.249512,-199.741,0.000000,0.000000,1.521,-11.600,-11.073,0.000000
2559.077393,-199.740,0.000000,0.000000,1.521,-11.598,-11.071,0.000000
2567.936035,-199.738,0.000000,0.000000,1.521,-11.597,-11.070,0.000000
2576.825195,-199.737,0.000000,0.000000,1.521,-11.596,-11.069,0.000000
2585.745117,-199.736,0.000000,0.000000,1.521,-11.594,-11.068,0.000000
2594.696045,-199.734,0.000000,0.000000,1.521,-11.593,-11.067,0.000000
2603.676514,-199.733,0.000000,0.000000,1.521,-11.592,-11.066,0.000000
2612.690918,-199.731,0.000000,0.000000,1.521,-11.590,-11.064,0.000000
2621.733643,-199.729,0.000000,0.000000,1.521,-11.589,-11.063,0.000000
2630.809082,-199.726,0.000000,0.000000,1.521,-11.587,-11.062,0.000000
2639.916016,-199.723,0.000000,0.000000,1.521,-11.586,-11.061,0.000000
2649.054443,-199.720,0.000000,0.000000,1.521,-11.584,-11.059,0.000000
2658.225586,-199.717,0.000000,0.000000,1.522,-11.583,-11.058,0.000000
2667.426025,-199.714,0.000000,0.000000,1.522,-11.582,-11.057,0.000000
2676.659668,-199.711,0.000000,0.000000,1.522,-11.580,-11.056,0.000000
2685.925293,-199.709,0.000000,0.000000,1.522,-11.579,-11.055,0.000000
2695.222900,-199.708,0.000000,0.000000,1.522,-11.577,-11.053,0.000000
2704.552734,-199.706,0.000000,0.000000,1.522,-11.576,-11.052,0.000000
2713.914795,-199.705,0.000000,0.000000,1.522,-11.574,-11.051,0.000000
2723.308105,-199.703,0.000000,0.000000,1.522,-11.573,-11.050,0.000000
2732.736572,-199.702,0.000000,0.000000,1.522,-11.571,-11.048,0.000000
2742.194824,-199.700,0.000000,0.000000,1.522,-11.570,-11.047,0.000000
2751.688477,-199.697,0.000000,0.000000,1.522,-11.568,-11.046,0.000000
2761.212646,-199.694,0.000000,0.000000,1.522,-11.567,-11.045,0.000000
2770.770752,-199.691,0.000000,0.000000,1.522,-11.566,-11.043,0.000000
2780.363525,-199.688,0.000000,0.000000,1.522,-11.564,-11.042,0.000000
2789.986816,-199.685,0.000000,0.000000,1.522,-11.563,-11.041,0.000000
2799.644531,-199.682,0.000000,0.000000,1.522,-11.561,-11.039,0.000000
2809.335938,-199.680,0.000000,0.000000,1.522,-11.560,-11.038,0.000000
2819.060791,-199.678,0.000000,0.000000,1.522,-11.558,-11.037,0.000000
2828.819336,-199.677,0.000000,0.000000,1.522,-11.556,-11.036,0.000000
2838.611572,-199.675,0.000000,0.000000,1.522,-11.555,-11.034,0.000000
2848.436279,-199.674,0.000000,0.000000,1.522,-11.553,-11.033,0.000000
2858.297852,-199.672,0.000000,0.000000,1.522,-11.552,-11.032,0.000000
2868.190918,-199.671,0.000000,0.000000,1.522,-11.550,-11.030,0.000000
2878.120850,-199.668,0.000000,0.000000,1.522,-11.549,-11.029,0.000000
2888.083740,-199.665,0.000000,0.000000,1.522,-11.547,-11.028,0.000000
2898.079834,-199.662,0.000000,0.000000,1.522,-11.546,-11.026,0.000000
2908.113281,-199.659,0.000000,0.000000,1.522,-11.544,-11.025,0.000000
2918.178711,-199.656,0.000000,0.000000,1.522,-11.543,-11.024,0.000000
2928.281738,-199.653,0.000000,0.000000,1.522,-11.541,-11.022,0.000000
2938.416748,-199.650,0.000000,0.000000,1.522,-11.539,-11.021,0.000000
2948.588379,-199.647,0.000000,0.000000,1.522,-11.538,-11.020,0.000000
2958.795410,-199.644,0.000000,0.000000,1.522,-11.536,-11.018,0.000000
2969.037598,-199.641,0.000000,0.000000,1.522,-11.535,-11.017,0.000000
2979.313965,-199.638,0.000000,0.000000,1.522,-11.533,-11.015,0.000000
2989.629883,-199.635,0.000000,0.000000,1.522,-11.531,-11.014,0.000000
2999.974609,-199.632,0.000000,0.000000,1.522,-11.530,-11.013,0.000000
3010.360840,-199.629,0.000000,0.000000,1.522,-11.528,-11.011,0.000000
3020.782959,-199.626,0.000000,0.000000,1.522,-11.527,-11.010,0.000000
3031.238281,-199.623,0.000000,0.000000,1.522,-11.525,-11.009,0.000000
3041.732666,-199.620,0.000000,0.000000,1.522,-11.523,-11.007,0.000000
3052.260498,-199.617,0.000000,0.000000,1.522,-11.522,-11.006,0.000000
3062.827881,-199.614,0.000000,0.000000,1.522,-11.520,-11.004,0.000000
3073.428711,-199.611,0.000000,0.000000,1.522,-11.518,-11.003,0.000000
3084.066162,-199.608,0.000000,0.000000,1.522,-11.517,-11.002,0.000000
3094.743652,-199.605,0.000000,0.000000,1.522,-11.515,-11.000,0.000000
3105.457764,-199.602,0.000000,0.000000,1.522,-11.513,-10.999,0.000000
3116.206299,-199.599,0.000000,0.000000,1.522,-11.512,-10.997,0.000000
3126.991943,-199.596,0.000000,0.000000,1.522,-11.510,-10.996,0.000000
3137.817871,-199.593,0.000000,0.000000,1.522,-11.508,-10.994,0.000000
3148.681152,-199.590,0.000000,0.000000,1.522,-11.507,-10.993,0.000000
3159.579346,-199.587,0.000000,0.000000,1.522,-11.505,-10.991,0.000000
3170.515137,-199.585,0.000000,0.000000,1.522,-11.503,-10.990,0.000000
3181.491699,-199.582,0.000000,0.000000,1.522,-11.502,-10.989,0.000000
3192.503174,-199.579,0.000000,0.000000,1.522,-11.500,-10.987,0.000000
3203.555908,-199.576,0.000000,0.000000,1.522,-11.498,-10.986,0.000000
3214.644043,-199.573,0.000000,0.000000,1.522,-11.496,-10.984,0.000000
3225.773438,-199.570,0.000000,0.000000,1.522,-11.495,-10.983,0.000000
3236.938232,-199.567,0.000000,0.000000,1.522,-11.493,-10.981,0.000000
3248.141602,-199.564,0.000000,0.000000,1.522,-11.491,-10.980,0.000000
3259.386963,-199.561,0.000000,0.000000,1.522,-11.489,-10.978,0.000000
3270.671387,-199.558,0.000000,0.000000,1.522,-11.488,-10.977,0.000000
3281.991699,-199.555,0.000000,0.000000,1.522,-11.486,-10.975,0.000000
3293.351074,-199.552,0.000000,0.000000,1.522,-11.484,-10.974,0.000000
3304.752930,-199.549,0.000000,0.000000,1.522,-11.482,-10.972,0.000000
3316.194336,-199.546,0.000000,0.000000,1.522,-11.481,-10.971,0.000000
3327.672119,-199.543,0.000000,0.000000,1.522,-11.479,-10.969,0.000000
3339.189697,-199.540,0.000000,0.000000,1.522,-11.477,-10.968,0.000000
3350.750244,-199.537,0.000000,0.000000,1.522,-11.475,-10.966,0.000000
3362.347656,-199.534,0.000000,0.000000,1.522,-11.473,-10.964,0.000000
3373.985107,-199.531,0.000000,0.000000,1.522,-11.472,-10.963,0.000000
3385.666260,-199.528,0.000000,0.000000,1.522,-11.470,-10.961,0.000000
3397.387695,-199.525,0.000000,0.000000,1.522,-11.468,-10.960,0.000000
3409.146484,-199.522,0.000000,0.000000,1.522,-11.466,-10.958,0.000000
3420.946045,-199.519,0.000000,0.000000,1.522,-11.464,-10.957,0.000000
3432.789795,-199.516,0.000000,0.000000,1.522,-11.462,-10.955,0.000000
3444.674316,-199.513,0.000000,0.000000,1.522,-11.461,-10.953,0.000000
3456.596924,-199.510,0.000000,0.000000,1.523,-11.459,-10.952,0.000000
3468.560547,-199.508,0.000000,0.000000,1.523,-11.457,-10.950,0.000000
3480.569092,-199.507,0.000000,0.000000,1.523,-11.455,-10.949,0.000000
3492.615723,-199.505,0.000000,0.000000,1.523,-11.453,-10.947,0.000000
3504.707520,-199.504,0.000000,0.000000,1.523,-11.451,-10.945,0.000000
3516.837891,-199.502,0.000000,0.000000,1.523,-11.449,-10.944,0.000000
3529.013428,-199.501,0.000000,0.000000,1.523,-11.447,-10.942,0.000000
3541.228027,-199.499,0.000000,0.000000,1.523,-11.446,-10.941,0.000000
3553.484619,-199.498,0.000000,0.000000,1.523,-11.444,-10.939,0.000000
3565.787109,-199.496,0.000000,0.000000,1.523,-11.442,-10.937,0.000000
3578.132080,-199.495,0.000000,0.000000,1.523,-11.440,-10.936,0.000000
3590.516602,-199.493,0.000000,0.000000,1.523,-11.438,-10.934,0.000000
3602.943848,-199.492,0.000000,0.000000,1.523,-11.436,-10.932,0.000000
3615.417480,-199.490,0.000000,0.000000,1.523,-11.434,-10.931,0.000000
3627.934570,-199.489,0.000000,0.000000,1.523,-11.432,-10.929,0.000000
3640.491211,-199.487,0.000000,0.000000,1.523,-11.430,-10.927,0.000000
3653.091553,-199.486,0.000000,0.000000,1.523,-11.428,-10.926,0.000000
3665.739014,-199.484,0.000000,0.000000,1.523,-11.426,-10.924,0.000000
3678.426514,-199.483,0.000000,0.000000,1.523,-11.424,-10.922,0.000000
3691.161621,-199.481,0.000000,0.000000,1.523,-11.422,-10.921,0.000000
3703.937256,-199.480,0.000000,0.000000,1.523,-11.420,-10.919,0.000000
3716.760498,-199.480,0.000000,0.000000,1.523,-11.418,-10.917,0.000000
3729.628418,-199.480,0.000000,0.000000,1.523,-11.416,-10.915,0.000000
3742.533447,-199.480,0.000000,0.000000,1.523,-11.414,-10.914,0.000000
3755.490479,-199.480,0.000000,0.000000,1.523,-11.412,-10.912,0.000000
3768.492432,-199.480,0.000000,0.000000,1.523,-11.410,-10.910,0.000000
3781.535645,-199.480,0.000000,0.000000,1.523,-11.408,-10.909,0.000000
3794.624023,-199.481,0.000000,0.000000,1.523,-11.406,-10.907,0.000000
3807.761475,-199.482,0.000000,0.000000,1.523,-11.404,-10.905,0.000000
3820.940674,-199.484,0.000000,0.000000,1.523,-11.402,-10.903,0.000000
3834.169189,-199.485,0.000000,0.000000,1.523,-11.400,-10.902,0.000000
3847.439697,-199.487,0.000000,0.000000,1.523,-11.398,-10.900,0.000000
3860.760010,-199.488,0.000000,0.000000,1.523,-11.396,-10.898,0.000000
3874.126221,-199.490,0.000000,0.000000,1.523,-11.394,-10.896,0.000000
3887.531494,-199.491,0.000000,0.000000,1.523,-11.392,-10.894,0.000000
3900.990479,-199.492,0.000000,0.000000,1.523,-11.390,-10.893,0.000000
3914.496094,-199.494,0.000000,0.000000,1.523,-11.387,-10.891,0.000000
3928.048340,-199.495,0.000000,0.000000,1.523,-11.385,-10.889,0.000000
3941.640137,-199.497,0.000000,0.000000,1.523,-11.383,-10.887,0.000000
3955.286377,-199.498,0.000000,0.000000,1.523,-11.381,-10.885,0.000000
3968.979980,-199.500,0.000000,0.000000,1.523,-11.379,-10.884,0.000000
3982.717285,-199.501,0.000000,0.000000,1.523,-11.377,-10.882,0.000000
3996.501953,-199.503,0.000000,0.000000,1.523,-11.375,-10.880,0.000000
4010.338135,-199.504,0.000000,0.000000,1.523,-11.377,-10.882,0.000000
4024.218506,-199.506,0.000000,0.000000,1.523,-11.380,-10.886,0.000000
4038.150879,-199.507,0.000000,0.000000,1.524,-11.384,-10.890,0.000000
4052.127441,-199.509,0.000000,0.000000,1.524,-11.387,-10.894,0.000000
4066.156250,-199.511,0.000000,0.000000,1.524,-11.391,-10.898,0.000000
4080.233643,-199.514,0.000000,0.000000,1.524,-11.394,-10.902,0.000000
4094.352051,-199.517,0.000000,0.000000,1.524,-11.398,-10.906,0.000000
4108.526855,-199.520,0.000000,0.000000,1.524,-11.401,-10.910,0.000000
4122.750977,-199.523,0.000000,0.000000,1.525,-11.405,-10.914,0.000000
4137.020508,-199.526,0.000000,0.000000,1.525,-11.408,-10.918,0.000000
4151.339355,-199.529,0.000000,0.000000,1.525,-11.412,-10.923,0.000000
4165.711914,-199.532,0.000000,0.000000,1.525,-11.415,-10.927,0.000000
4180.133789,-199.535,0.000000,0.000000,1.525,-11.419,-10.931,0.000000
4194.601562,-199.538,0.000000,0.000000,1.525,-11.423,-10.935,0.000000
4209.120117,-199.541,0.000000,0.000000,1.525,-11.426,-10.939,0.000000
4223.692383,-199.544,0.000000,0.000000,1.526,-11.430,-10.943,0.000000
4238.314941,-199.547,0.000000,0.000000,1.526,-11.433,-10.947,0.000000
4252.980469,-199.550,0.000000,0.000000,1.526,-11.437,-10.951,0.000000
4267.704590,-199.554,0.000000,0.000000,1.526,-11.441,-10.956,0.000000
4282.479980,-199.559,0.000000,0.000000,1.526,-11.444,-10.960,0.000000
4297.306152,-199.563,0.000000,0.000000,1.526,-11.448,-10.964,0.000000
4312.175781,-199.568,0.000000,0.000000,1.527,-11.452,-10.968,0.000000
4327.104980,-199.572,0.000000,0.000000,1.527,-11.456,-10.973,0.000000
4342.085449,-199.577,0.000000,0.000000,1.527,-11.459,-10.977,0.000000
4357.114258,-199.581,0.000000,0.000000,1.527,-11.463,-10.981,0.000000
4372.194824,-199.586,0.000000,0.000000,1.527,-11.467,-10.985,0.000000
4387.331543,-199.590,0.000000,0.000000,1.527,-11.471,-10.990,0.000000
4402.520996,-199.594,0.000000,0.000000,1.527,-11.474,-10.994,0.000000
4417.758789,-199.599,0.000000,0.000000,1.528,-11.478,-10.998,0.000000
4433.049316,-199.604,0.000000,0.000000,1.528,-11.482,-11.003,0.000000
4448.396973,-199.608,0.000000,0.000000,1.528,-11.486,-11.007,0.000000
4463.797852,-199.613,0.000000,0.000000,1.528,-11.490,-11.011,0.000000
4479.243164,-199.617,0.000000,0.000000,1.528,-11.493,-11.016,0.000000
4494.750977,-199.621,0.000000,0.000000,1.528,-11.497,-11.020,0.000000
4510.312012,-199.626,0.000000,0.000000,1.529,-11.501,-11.025,0.000000
4525.922852,-199.630,0.000000,0.000000,1.529,-11.505,-11.029,0.000000
4541.587891,-199.635,0.000000,0.000000,1.529,-11.509,-11.034,0.000000
4557.311035,-199.639,0.000000,0.000000,1.529,-11.513,-11.038,0.000000
4573.088867,-199.644,0.000000,0.000000,1.529,-11.517,-11.043,0.000000
4588.916992,-199.648,0.000000,0.000000,1.529,-11.521,-11.047,0.000000
4604.799805,-199.653,0.000000,0.000000,1.530,-11.525,-11.052,0.000000
4620.742188,-199.657,0.000000,0.000000,1.530,-11.529,-11.056,0.000000
4636.739746,-199.662,0.000000,0.000000,1.530,-11.533,-11.061,0.000000
4652.788086,-199.666,0.000000,0.000000,1.530,-11.537,-11.065,0.000000
4668.892090,-199.671,0.000000,0.000000,1.530,-11.541,-11.070,0.000000
4685.056152,-199.674,0.000000,0.000000,1.531,-11.545,-11.074,0.000000
4701.276367,-199.677,0.000000,0.000000,1.531,-11.549,-11.079,0.000000
4717.543457,-199.679,0.000000,0.000000,1.531,-11.553,-11.084,0.000000
4733.875977,-199.682,0.000000,0.000000,1.531,-11.557,-11.088,0.000000
4750.265137,-199.686,0.000000,0.000000,1.531,-11.561,-11.093,0.000000
4766.706543,-199.689,0.000000,0.000000,1.531,-11.565,-11.098,0.000000
4783.209473,-199.692,0.000000,0.000000,1.532,-11.569,-11.102,0.000000
4799.764648,-199.697,0.000000,0.000000,1.532,-11.573,-11.107,0.000000
4816.381836,-199.701,0.000000,0.000000,1.532,-11.577,-11.112,0.000000
4833.052246,-199.706,0.000000,0.000000,1.532,-11.581,-11.117,0.000000
4849.779785,-199.710,0.000000,0.000000,1.532,-11.586,-11.121,0.000000
4866.570312,-199.715,0.000000,0.000000,1.532,-11.590,-11.126,0.000000
4883.418945,-199.719,0.000000,0.000000,1.533,-11.594,-11.131,0.000000
4900.316406,-199.722,0.000000,0.000000,1.533,-11.598,-11.136,0.000000
4917.281738,-199.725,0.000000,0.000000,1.533,-11.602,-11.141,0.000000
4934.305664,-199.728,0.000000,0.000000,1.533,-11.607,-11.145,0.000000
4951.388672,-199.731,0.000000,0.000000,1.533,-11.611,-11.150,0.000000
4968.521484,-199.734,0.000000,0.000000,1.534,-11.615,-11.155,0.000000
4985.723145,-199.737,0.000000,0.000000,1.534,-11.619,-11.160,0.000000
5002.984375,-199.740,0.000000,0.000000,1.534,-11.624,-11.165,0.000000
5020.300293,-199.743,0.000000,0.000000,1.534,-11.628,-11.170,0.000000
5037.681152,-199.746,0.000000,0.000000,1.534,-11.632,-11.175,0.000000
5055.117188,-199.749,0.000000,0.000000,1.534,-11.637,-11.180,0.000000
5072.618164,-199.752,0.000000,0.000000,1.535,-11.641,-11.185,0.000000
5090.175293,-199.755,0.000000,0.000000,1.535,-11.645,-11.190,0.000000
5107.792969,-199.758,0.000000,0.000000,1.535,-11.650,-11.195,0.000000
5125.477051,-199.761,0.000000,0.000000,1.535,-11.654,-11.200,0.000000
5143.221680,-199.764,0.000000,0.000000,1.535,-11.659,-11.205,0.000000
5161.018066,-199.767,0.000000,0.000000,1.536,-11.663,-11.210,0.000000
5178.886230,-199.770,0.000000,0.000000,1.536,-11.668,-11.215,0.000000
5196.815918,-199.773,0.000000,0.000000,1.536,-11.672,-11.220,0.000000
5214.802734,-199.776,0.000000,0.000000,1.536,-11.676,-11.225,0.000000
5232.856934,-199.779,0.000000,0.000000,1.536,-11.681,-11.230,0.000000
5250.968750,-199.780,0.000000,0.000000,1.537,-11.685,-11.236,0.000000
5269.147949,-199.780,0.000000,0.000000,1.537,-11.690,-11.241,0.000000
5287.385254,-199.780,0.000000,0.000000,1.537,-11.695,-11.246,0.000000
5305.685547,-199.780,0.000000,0.000000,1.537,-11.699,-11.251,0.000000
5324.054199,-199.780,0.000000,0.000000,1.537,-11.704,-11.256,0.000000
5342.486816,-199.780,0.000000,0.000000,1.538,-11.708,-11.262,0.000000
5360.978027,-199.780,0.000000,0.000000,1.538,-11.713,-11.267,0.000000
5379.532715,-199.782,0.000000,0.000000,1.538,-11.717,-11.272,0.000000
5398.157227,-199.783,0.000000,0.000000,1.538,-11.722,-11.277,0.000000
5416.846191,-199.785,0.000000,0.000000,1.538,-11.727,-11.283,0.000000
5435.594727,-199.786,0.000000,0.000000,1.539,-11.731,-11.288,0.000000
5454.408203,-199.788,0.000000,0.000000,1.539,-11.736,-11.293,0.000000
5473.291992,-199.789,0.000000,0.000000,1.539,-11.741,-11.299,0.000000
5492.235352,-199.789,0.000000,0.000000,1.539,-11.746,-11.304,0.000000
5511.250000,-199.788,0.000000,0.000000,1.539,-11.750,-11.310,0.000000
5530.325195,-199.786,0.000000,0.000000,1.540,-11.755,-11.315,0.000000
5549.472168,-199.785,0.000000,0.000000,1.540,-11.760,-11.321,0.000000
5568.679199,-199.783,0.000000,0.000000,1.540,-11.765,-11.326,0.000000
5587.953613,-199.782,0.000000,0.000000,1.540,-11.769,-11.331,0.000000
5607.299316,-199.780,0.000000,0.000000,1.540,-11.774,-11.337,0.000000
5626.712402,-199.780,0.000000,0.000000,1.541,-11.779,-11.343,0.000000
5646.181641,-199.780,0.000000,0.000000,1.541,-11.784,-11.348,0.000000
5665.729492,-199.780,0.000000,0.000000,1.541,-11.789,-11.354,0.000000
5685.344727,-199.780,0.000000,0.000000,1.541,-11.794,-11.359,0.000000
5705.027832,-199.780,0.000000,0.000000,1.541,-11.798,-11.365,0.000000
5724.773926,-199.780,0.000000,0.000000,1.542,-11.803,-11.370,0.000000
5744.587891,-199.780,0.000000,0.000000,1.542,-11.808,-11.376,0.000000
5764.476562,-199.778,0.000000,0.000000,1.542,-11.813,-11.382,0.000000
5784.428223,-199.777,0.000000,0.000000,1.542,-11.818,-11.387,0.000000
5804.448730,-199.776,0.000000,0.000000,1.543,-11.823,-11.393,0.000000
5824.544434,-199.774,0.000000,0.000000,1.543,-11.828,-11.399,0.000000
5844.709473,-199.773,0.000000,0.000000,1.543,-11.833,-11.405,0.000000
5864.938965,-199.771,0.000000,0.000000,1.543,-11.838,-11.410,0.000000
5885.238281,-199.770,0.000000,0.000000,1.543,-11.843,-11.416,0.000000
5905.613281,-199.770,0.000000,0.000000,1.544,-11.848,-11.422,0.000000
5926.059082,-199.770,0.000000,0.000000,1.544,-11.853,-11.428,0.000000
5946.570312,-199.770,0.000000,0.000000,1.544,-11.859,-11.434,0.000000
5967.151855,-199.770,0.000000,0.000000,1.544,-11.864,-11.439,0.000000
5987.811035,-199.770,0.000000,0.000000,1.544,-11.869,-11.445,0.000000
6008.535645,-199.770,0.000000,0.000000,1.545,-11.874,-11.451,0.000000
6029.337402,-199.770,0.000000,0.000000,1.545,-11.879,-11.457,0.000000
6050.206055,-199.770,0.000000,0.000000,1.545,-11.884,-11.463,0.000000
6071.152344,-199.770,0.000000,0.000000,1.545,-11.890,-11.469,0.000000
6092.165527,-199.770,0.000000,0.000000,1.546,-11.895,-11.475,0.000000
6113.251465,-199.770,0.000000,0.000000,1.546,-11.900,-11.481,0.000000
6134.416016,-199.770,0.000000,0.000000,1.546,-11.905,-11.487,0.000000
6155.653809,-199.770,0.000000,0.000000,1.546,-11.911,-11.493,0.000000
6176.959473,-199.771,0.000000,0.000000,1.546,-11.916,-11.499,0.000000
6198.338867,-199.773,0.000000,0.000000,1.547,-11.921,-11.505,0.000000
6219.797852,-199.774,0.000000,0.000000,1.547,-11.927,-11.511,0.000000
6241.331543,-199.776,0.000000,0.000000,1.547,-11.932,-11.517,0.000000
6262.933594,-199.777,0.000000,0.000000,1.547,-11.937,-11.524,0.000000
6284.610352,-199.779,0.000000,0.000000,1.548,-11.943,-11.530,0.000000
6306.368652,-199.780,0.000000,0.000000,1.548,-11.948,-11.536,0.000000
6328.195801,-199.782,0.000000,0.000000,1.548,-11.954,-11.542,0.000000
6350.104492,-199.783,0.000000,0.000000,1.548,-11.959,-11.548,0.000000
6372.083008,-199.785,0.000000,0.000000,1.549,-11.964,-11.555,0.000000
6394.143555,-199.786,0.000000,0.000000,1.549,-11.970,-11.561,0.000000
6416.274902,-199.788,0.000000,0.000000,1.549,-11.975,-11.567,0.000000
6438.482422,-199.789,0.000000,0.000000,1.549,-11.981,-11.574,0.000000
6460.772949,-199.792,0.000000,0.000000,1.550,-11.987,-11.580,0.000000
6483.140625,-199.795,0.000000,0.000000,1.550,-11.992,-11.586,0.000000
6505.580078,-199.798,0.000000,0.000000,1.550,-11.998,-11.593,0.000000
6528.096680,-199.801,0.000000,0.000000,1.550,-12.003,-11.599,0.000000
6550.697266,-199.804,0.000000,0.000000,1.550,-12.009,-11.606,0.000000
6573.370605,-199.807,0.000000,0.000000,1.551,-12.015,-11.612,0.000000
6596.127930,-199.810,0.000000,0.000000,1.551,-12.020,-11.618,0.000000
6618.958008,-199.813,0.000000,0.000000,1.551,-12.026,-11.625,0.000000
6641.873535,-199.816,0.000000,0.000000,1.551,-12.032,-11.632,0.000000
6664.861816,-199.819,0.000000,0.000000,1.552,-12.037,-11.638,0.000000
6687.930176,-199.822,0.000000,0.000000,1.552,-12.043,-11.645,0.000000
6711.084473,-199.825,0.000000,0.000000,1.552,-12.049,-11.651,0.000000
6734.318848,-199.828,0.000000,0.000000,1.552,-12.055,-11.658,0.000000
6757.633301,-199.831,0.000000,0.000000,1.553,-12.060,-11.664,0.000000
6781.016113,-199.834,0.000000,0.000000,1.553,-12.066,-11.671,0.000000
6804.492676,-199.837,0.000000,0.000000,1.553,-12.072,-11.678,0.000000
6828.050293,-199.840,0.000000,0.000000,1.553,-12.078,-11.685,0.000000
6851.683105,-199.843,0.000000,0.000000,1.554,-12.084,-11.691,0.000000
6875.397949,-199.846,0.000000,0.000000,1.554,-12.090,-11.698,0.000000
6899.201172,-199.849,0.000000,0.000000,1.554,-12.096,-11.705,0.000000
6923.080078,-199.852,0.000000,0.000000,1.554,-12.102,-11.712,0.000000
6947.048828,-199.857,0.000000,0.000000,1.555,-12.108,-11.718,0.000000
6971.093262,-199.861,0.000000,0.000000,1.555,-12.114,-11.725,0.000000
6995.228027,-199.866,0.000000,0.000000,1.555,-12.120,-11.732,0.000000
7019.446289,-199.870,0.000000,0.000000,1.556,-12.126,-11.739,0.000000
7043.734863,-199.875,0.000000,0.000000,1.556,-12.132,-11.746,0.000000
7068.120605,-199.879,0.000000,0.000000,1.556,-12.138,-11.753,0.000000
7092.591309,-199.884,0.000000,0.000000,1.556,-12.144,-11.760,0.000000
7117.139648,-199.888,0.000000,0.000000,1.557,-12.150,-11.767,0.000000
7141.772949,-199.893,0.000000,0.000000,1.557,-12.156,-11.774,0.000000
7166.498535,-199.897,0.000000,0.000000,1.557,-12.162,-11.781,0.000000
7191.309570,-199.902,0.000000,0.000000,1.557,-12.168,-11.788,0.000000
7216.199707,-199.906,0.000000,0.000000,1.558,-12.175,-11.795,0.000000
7241.176270,-199.911,0.000000,0.000000,1.558,-12.181,-11.802,0.000000
7266.245605,-199.915,0.000000,0.000000,1.558,-12.187,-11.809,0.000000
7291.402344,-199.920,0.000000,0.000000,1.558,-12.193,-11.816,0.000000
7316.631836,-199.924,0.000000,0.000000,1.559,-12.200,-11.824,0.000000
7341.962402,-199.929,0.000000,0.000000,1.559,-12.206,-11.831,0.000000
7367.381348,-199.933,0.000000,0.000000,1.559,-12.212,-11.838,0.000000
7392.887695,-199.938,0.000000,0.000000,1.560,-12.219,-11.845,0.000000
7418.468262,-199.942,0.000000,0.000000,1.560,-12.225,-11.853,0.000000
7444.151855,-199.947,0.000000,0.000000,1.560,-12.231,-11.860,0.000000
7469.924316,-199.951,0.000000,0.000000,1.560,-12.238,-11.867,0.000000
7495.778809,-199.956,0.000000,0.000000,1.561,-12.244,-11.875,0.000000
7521.722656,-199.960,0.000000,0.000000,1.561,-12.251,-11.882,0.000000
7547.763672,-199.965,0.000000,0.000000,1.561,-12.257,-11.889,0.000000
7573.887207,-199.969,0.000000,0.000000,1.561,-12.264,-11.897,0.000000
7600.108887,-199.975,0.000000,0.000000,1.562,-12.270,-11.904,0.000000
7626.414062,-199.981,0.000000,0.000000,1.562,-12.277,-11.912,0.000000
7652.817383,-199.987,0.000000,0.000000,1.562,-12.283,-11.919,0.000000
7679.312012,-199.993,0.000000,0.000000,1.563,-12.290,-11.927,0.000000
7705.883789,-199.999,0.000000,0.000000,1.563,-12.296,-11.934,0.000000
7732.562500,-200.005,0.000000,0.000000,1.563,-12.303,-11.942,0.000000
7759.333008,-200.010,0.000000,0.000000,1.563,-12.310,-11.950,0.000000
7786.189453,-200.015,0.000000,0.000000,1.564,-12.316,-11.957,0.000000
7813.138672,-200.019,0.000000,0.000000,1.564,-12.323,-11.965,0.000000
7840.188477,-200.024,0.000000,0.000000,1.564,-12.330,-11.973,0.000000
7867.331543,-200.028,0.000000,0.000000,1.565,-12.337,-11.980,0.000000
7894.561523,-200.033,0.000000,0.000000,1.565,-12.343,-11.988,0.000000
7921.885742,-200.037,0.000000,0.000000,1.565,-12.350,-11.996,0.000000
7949.312012,-200.043,0.000000,0.000000,1.565,-12.357,-12.004,0.000000
7976.833496,-200.048,0.000000,0.000000,1.566,-12.364,-12.012,0.000000
8004.442383,-200.054,0.000000,0.000000,1.567,-12.372,-12.020,0.000000
8032.146973,-200.060,0.000000,0.000000,1.574,-12.384,-12.032,0.000000
8059.955078,-200.066,0.000000,0.000000,1.582,-12.396,-12.044,0.000000
8087.859375,-200.072,0.000000,0.000000,1.589,-12.408,-12.056,0.000000
8115.844727,-200.078,0.000000,0.000000,1.596,-12.420,-12.068,0.000000
8143.942383,-200.085,0.000000,0.000000,1.604,-12.432,-12.080,0.000000
8172.137695,-200.093,0.000000,0.000000,1.611,-12.444,-12.092,0.000000
8200.422852,-200.100,0.000000,0.000000,1.619,-12.456,-12.104,0.000000
8228.805664,-200.108,0.000000,0.000000,1.626,-12.469,-12.116,0.000000
8257.293945,-200.115,0.000000,0.000000,1.634,-12.481,-12.128,0.000000
8285.881836,-200.123,0.000000,0.000000,1.641,-12.494,-12.140,0.000000
8314.560547,-200.130,0.000000,0.000000,1.649,-12.506,-12.152,0.000000
8343.337891,-200.139,0.000000,0.000000,1.656,-12.518,-12.165,0.000000
8372.223633,-200.148,0.000000,0.000000,1.664,-12.531,-12.177,0.000000
8401.208984,-200.157,0.000000,0.000000,1.671,-12.543,-12.189,0.000000
8430.278320,-200.166,0.000000,0.000000,1.679,-12.556,-12.202,0.000000
8459.464844,-200.175,0.000000,0.000000,1.687,-12.569,-12.214,0.000000
8488.752930,-200.184,0.000000,0.000000,1.694,-12.581,-12.227,0.000000
8518.141602,-200.194,0.000000,0.000000,1.702,-12.594,-12.239,0.000000
8547.616211,-200.206,0.000000,0.000000,1.710,-12.607,-12.252,0.000000
8577.208008,-200.218,0.000000,0.000000,1.718,-12.620,-12.264,0.000000
8606.903320,-200.230,0.000000,0.000000,1.725,-12.633,-12.277,0.000000
8636.693359,-200.242,0.000000,0.000000,1.733,-12.645,-12.290,0.000000
8666.594727,-200.254,0.000000,0.000000,1.741,-12.658,-12.302,0.000000
8696.590820,-200.266,0.000000,0.000000,1.749,-12.671,-12.315,0.000000
8726.699219,-200.279,0.000000,0.000000,1.757,-12.684,-12.328,0.000000
8756.903320,-200.292,0.000000,0.000000,1.765,-12.698,-12.341,0.000000
8787.211914,-200.306,0.000000,0.000000,1.773,-12.711,-12.354,0.000000
8817.634766,-200.319,0.000000,0.000000,1.781,-12.724,-12.367,0.000000
8848.162109,-200.333,0.000000,0.000000,1.789,-12.737,-12.380,0.000000
8878.778320,-200.346,0.000000,0.000000,1.797,-12.750,-12.393,0.000000
8909.517578,-200.360,0.000000,0.000000,1.805,-12.764,-12.406,0.000000
8940.363281,-200.375,0.000000,0.000000,1.813,-12.777,-12.419,0.000000
8971.306641,-200.390,0.000000,0.000000,1.821,-12.790,-12.432,0.000000
9002.366211,-200.405,0.000000,0.000000,1.829,-12.804,-12.446,0.000000
9033.524414,-200.419,0.000000,0.000000,1.838,-12.817,-12.459,0.000000
9064.799805,-200.435,0.000000,0.000000,1.846,-12.831,-12.472,0.000000
9096.173828,-200.450,0.000000,0.000000,1.854,-12.845,-12.486,0.000000
9127.657227,-200.466,0.000000,0.000000,1.862,-12.858,-12.499,0.000000
9159.257812,-200.485,0.000000,0.000000,1.871,-12.872,-12.512,0.000000
9190.967773,-200.505,0.000000,0.000000,1.879,-12.886,-12.526,0.000000
9222.770508,-200.524,0.000000,0.000000,1.887,-12.899,-12.540,0.000000
9254.701172,-200.543,0.000000,0.000000,1.896,-12.913,-12.553,0.000000
9286.741211,-200.563,0.000000,0.000000,1.904,-12.927,-12.567,0.000000
9318.892578,-200.583,0.000000,0.000000,1.912,-12.941,-12.581,0.000000
9351.137695,-200.603,0.000000,0.000000,1.921,-12.955,-12.594,0.000000
9383.512695,-200.624,0.000000,0.000000,1.929,-12.969,-12.608,0.000000
9415.999023,-200.645,0.000000,0.000000,1.938,-12.983,-12.622,0.000000
9448.588867,-200.666,0.000000,0.000000,1.947,-12.997,-12.636,0.000000
9481.300781,-200.687,0.000000,0.000000,1.955,-13.011,-12.650,0.000000
9514.117188,-200.708,0.000000,0.000000,1.964,-13.026,-12.664,0.000000
9547.055664,-200.729,0.000000,0.000000,1.972,-13.040,-12.678,0.000000
9580.099609,-200.751,0.000000,0.000000,1.981,-13.054,-12.692,0.000000
9613.257812,-200.773,0.000000,0.000000,1.990,-13.069,-12.706,0.000000
9646.540039,-200.796,0.000000,0.000000,1.999,-13.083,-12.720,0.000000
9679.936523,-200.818,0.000000,0.000000,2.007,-13.097,-12.735,0.000000
9713.431641,-200.840,0.000000,0.000000,2.016,-13.112,-12.749,0.000000
9747.060547,-200.863,0.000000,0.000000,2.025,-13.127,-12.763,0.000000
9780.805664,-200.886,0.000000,0.000000,2.034,-13.141,-12.778,0.000000
9814.658203,-200.910,0.000000,0.000000,2.043,-13.156,-12.792,0.000000
9848.637695,-200.934,0.000000,0.000000,2.052,-13.171,-12.806,0.000000
9882.724609,-200.957,0.000000,0.000000,2.061,-13.185,-12.821,0.000000
9916.939453,-200.981,0.000000,0.000000,2.070,-13.200,-12.836,0.000000
9951.263672,-201.005,0.000000,0.000000,2.079,-13.215,-12.850,0.000000
9985.706055,-201.030,0.000000,0.000000,2.088,-13.230,-12.865,0.000000
10020.278320,-201.054,0.000000,0.000000,2.097,-13.245,-12.880,0.000000
10054.968750,-201.080,0.000000,0.000000,2.106,-13.260,-12.894,0.000000
10089.770508,-201.105,0.000000,0.000000,2.115,-13.275,-12.909,0.000000
10124.692383,-201.130,0.000000,0.000000,2.124,-13.290,-12.924,0.000000
10159.745117,-201.156,0.000000,0.000000,2.133,-13.305,-12.939,0.000000
10194.918945,-201.181,0.000000,0.000000,2.143,-13.321,-12.954,0.000000
10230.205078,-201.207,0.000000,0.000000,2.152,-13.336,-12.969,0.000000
10265.613281,-201.231,0.000000,0.000000,2.161,-13.351,-12.984,0.000000
10301.154297,-201.255,0.000000,0.000000,2.171,-13.367,-12.999,0.000000
10336.807617,-201.279,0.000000,0.000000,2.180,-13.382,-13.015,0.000000
10372.594727,-201.303,0.000000,0.000000,2.189,-13.398,-13.030,0.000000
10408.496094,-201.327,0.000000,0.000000,2.199,-13.413,-13.045,0.000000
10444.531250,-201.351,0.000000,0.000000,2.208,-13.429,-13.061,0.000000
10480.680664,-201.375,0.000000,0.000000,2.218,-13.444,-13.076,0.000000
10516.956055,-201.398,0.000000,0.000000,2.227,-13.460,-13.091,0.000000
10553.367188,-201.422,0.000000,0.000000,2.237,-13.476,-13.107,0.000000
10589.903320,-201.446,0.000000,0.000000,2.246,-13.492,-13.123,0.000000
10626.546875,-201.470,0.000000,0.000000,2.256,-13.508,-13.138,0.000000
10663.336914,-201.494,0.000000,0.000000,2.266,-13.523,-13.154,0.000000
10700.253906,-201.518,0.000000,0.000000,2.275,-13.539,-13.170,0.000000
10737.299805,-201.542,0.000000,0.000000,2.285,-13.556,-13.185,0.000000
10774.462891,-201.566,0.000000,0.000000,2.295,-13.572,-13.201,0.000000
10811.754883,-201.590,0.000000,0.000000,2.305,-13.588,-13.217,0.000000
10849.185547,-201.614,0.000000,0.000000,2.315,-13.604,-13.233,0.000000
10886.736328,-201.638,0.000000,0.000000,2.324,-13.620,-13.249,0.000000
10924.427734,-201.662,0.000000,0.000000,2.334,-13.637,-13.265,0.000000
10962.238281,-201.686,0.000000,0.000000,2.344,-13.653,-13.281,0.000000
11000.190430,-201.708,0.000000,0.000000,2.354,-13.669,-13.298,0.000000
11038.263672,-201.731,0.000000,0.000000,2.364,-13.686,-13.314,0.000000
11076.468750,-201.753,0.000000,0.000000,2.374,-13.702,-13.330,0.000000
11114.816406,-201.775,0.000000,0.000000,2.384,-13.719,-13.346,0.000000
11153.296875,-201.798,0.000000,0.000000,2.394,-13.736,-13.363,0.000000
11191.900391,-201.821,0.000000,0.000000,2.405,-13.752,-13.379,0.000000
11230.636719,-201.843,0.000000,0.000000,2.415,-13.769,-13.396,0.000000
11269.518555,-201.864,0.000000,0.000000,2.425,-13.786,-13.412,0.000000
11308.523438,-201.884,0.000000,0.000000,2.435,-13.803,-13.429,0.000000
11347.674805,-201.905,0.000000,0.000000,2.445,-13.820,-13.446,0.000000
11386.951172,-201.926,0.000000,0.000000,2.456,-13.837,-13.463,0.000000
11426.373047,-201.947,0.000000,0.000000,2.466,-13.854,-13.479,0.000000
11465.921875,-201.968,0.000000,0.000000,2.477,-13.871,-13.496,0.000000
11505.606445,-201.989,0.000000,0.000000,2.487,-13.888,-13.513,0.000000
11545.440430,-202.010,0.000000,0.000000,2.497,-13.906,-13.530,0.000000
11585.412109,-202.031,0.000000,0.000000,2.508,-13.923,-13.547,0.000000
11625.521484,-202.052,0.000000,0.000000,2.518,-13.940,-13.564,0.000000
11665.748047,-202.073,0.000000,0.000000,2.529,-13.958,-13.581,0.000000
11706.135742,-202.094,0.000000,0.000000,2.540,-13.975,-13.599,0.000000
11746.664062,-202.115,0.000000,0.000000,2.550,-13.993,-13.616,0.000000
11787.320312,-202.137,0.000000,0.000000,2.561,-14.010,-13.633,0.000000
11828.118164,-202.159,0.000000,0.000000,2.572,-14.028,-13.651,0.000000
11869.068359,-202.182,0.000000,0.000000,2.582,-14.046,-13.668,0.000000
11910.148438,-202.204,0.000000,0.000000,2.593,-14.064,-13.686,0.000000
11951.382812,-202.227,0.000000,0.000000,2.604,-14.081,-13.703,0.000000
11992.748047,-202.249,0.000000,0.000000,2.615,-14.099,-13.721,0.000000
12034.268555,-202.272,0.000000,0.000000,2.626,-14.117,-13.739,0.000000
12075.931641,-202.294,0.000000,0.000000,2.637,-14.135,-13.756,0.000000
12117.716797,-202.316,0.000000,0.000000,2.648,-14.154,-13.774,0.000000
12159.669922,-202.339,0.000000,0.000000,2.659,-14.172,-13.792,0.000000
12201.767578,-202.361,0.000000,0.000000,2.670,-14.190,-13.810,0.000000
12243.999023,-202.384,0.000000,0.000000,2.681,-14.208,-13.828,0.000000
12286.377930,-202.406,0.000000,0.000000,2.692,-14.227,-13.846,0.000000
12328.914062,-202.429,0.000000,0.000000,2.703,-14.245,-13.864,0.000000
12371.597656,-202.453,0.000000,0.000000,2.714,-14.264,-13.882,0.000000
12414.417969,-202.477,0.000000,0.000000,2.726,-14.282,-13.901,0.000000
12457.385742,-202.501,0.000000,0.000000,2.737,-14.301,-13.919,0.000000
12500.514648,-202.525,0.000000,0.000000,2.748,-14.319,-13.937,0.000000
12543.780273,-202.549,0.000000,0.000000,2.760,-14.338,-13.956,0.000000
12587.196289,-202.573,0.000000,0.000000,2.771,-14.357,-13.974,0.000000
12630.774414,-202.599,0.000000,0.000000,2.783,-14.376,-13.993,0.000000
12674.502930,-202.626,0.000000,0.000000,2.794,-14.395,-14.012,0.000000
12718.383789,-202.653,0.000000,0.000000,2.806,-14.414,-14.030,0.000000
12762.391602,-202.679,0.000000,0.000000,2.817,-14.433,-14.049,0.000000
12806.576172,-202.706,0.000000,0.000000,2.829,-14.452,-14.068,0.000000
12850.914062,-202.734,0.000000,0.000000,2.840,-14.471,-14.087,0.000000
12895.392578,-202.761,0.000000,0.000000,2.852,-14.490,-14.106,0.000000
12940.025391,-202.790,0.000000,0.000000,2.864,-14.510,-14.125,0.000000
12984.825195,-202.820,0.000000,0.000000,2.876,-14.529,-14.144,0.000000
13029.767578,-202.850,0.000000,0.000000,2.887,-14.549,-14.163,0.000000
13074.876953,-202.880,0.000000,0.000000,2.899,-14.568,-14.182,0.000000
13120.131836,-202.910,0.000000,0.000000,2.911,-14.588,-14.202,0.000000
13165.554688,-202.940,0.000000,0.000000,2.923,-14.607,-14.221,0.000000
13211.134766,-202.971,0.000000,0.000000,2.935,-14.627,-14.240,0.000000
13256.847656,-203.004,0.000000,0.000000,2.947,-14.647,-14.260,0.000000
13302.744141,-203.036,0.000000,0.000000,2.959,-14.667,-14.280,0.000000
13348.799805,-203.069,0.000000,0.000000,2.971,-14.687,-14.299,0.000000
13395.001953,-203.102,0.000000,0.000000,2.983,-14.707,-14.319,0.000000
13441.363281,-203.135,0.000000,0.000000,2.996,-14.727,-14.339,0.000000
13487.899414,-203.169,0.000000,0.000000,3.008,-14.747,-14.358,0.000000
13534.595703,-203.204,0.000000,0.000000,3.020,-14.767,-14.378,0.000000
13581.440430,-203.241,0.000000,0.000000,3.032,-14.788,-14.398,0.000000
13628.447266,-203.279,0.000000,0.000000,3.045,-14.808,-14.418,0.000000
13675.630859,-203.316,0.000000,0.000000,3.057,-14.828,-14.439,0.000000
13722.976562,-203.353,0.000000,0.000000,3.069,-14.849,-14.459,0.000000
13770.473633,-203.391,0.000000,0.000000,3.082,-14.870,-14.479,0.000000
13818.135742,-203.429,0.000000,0.000000,3.094,-14.890,-14.499,0.000000
13865.975586,-203.467,0.000000,0.000000,3.107,-14.911,-14.520,0.000000
13913.980469,-203.506,0.000000,0.000000,3.120,-14.932,-14.540,0.000000
13962.125977,-203.545,0.000000,0.000000,3.132,-14.953,-14.561,0.000000
14010.463867,-203.584,0.000000,0.000000,3.145,-14.973,-14.581,0.000000
14058.969727,-203.623,0.000000,0.000000,3.158,-14.995,-14.602,0.000000
14107.628906,-203.662,0.000000,0.000000,3.171,-15.016,-14.623,0.000000
14156.458008,-203.702,0.000000,0.000000,3.183,-15.037,-14.644,0.000000
14205.468750,-203.743,0.000000,0.000000,3.196,-15.058,-14.664,0.000000
14254.635742,-203.785,0.000000,0.000000,3.209,-15.079,-14.685,0.000000
14303.986328,-203.827,0.000000,0.000000,3.222,-15.101,-14.707,0.000000
14353.495117,-203.869,0.000000,0.000000,3.235,-15.122,-14.728,0.000000
14403.188477,-203.911,0.000000,0.000000,3.248,-15.144,-14.749,0.000000
14453.052734,-203.953,0.000000,0.000000,3.261,-15.165,-14.770,0.000000
14503.063477,-203.995,0.000000,0.000000,3.274,-15.187,-14.791,0.000000
14553.274414,-204.036,0.000000,0.000000,3.288,-15.209,-14.813,0.000000
14603.659180,-204.078,0.000000,0.000000,3.301,-15.230,-14.834,0.000000
14654.218750,-204.120,0.000000,0.000000,3.314,-15.252,-14.856,0.000000
14704.924805,-204.162,0.000000,0.000000,3.327,-15.274,-14.877,0.000000
14755.834961,-204.204,0.000000,0.000000,3.341,-15.296,-14.899,0.000000
14806.920898,-204.246,0.000000,0.000000,3.354,-15.319,-14.921,0.000000
14858.168945,-204.289,0.000000,0.000000,3.368,-15.341,-14.943,0.000000
14909.609375,-204.332,0.000000,0.000000,3.381,-15.363,-14.965,0.000000
14961.213867,-204.376,0.000000,0.000000,3.395,-15.385,-14.987,0.000000
15013.010742,-204.419,0.000000,0.000000,3.408,-15.408,-15.009,0.000000
15064.973633,-204.462,0.000000,0.000000,3.422,-15.430,-15.031,0.000000
15117.115234,-204.506,0.000000,0.000000,3.436,-15.453,-15.053,0.000000
15169.452148,-204.550,0.000000,0.000000,3.449,-15.476,-15.076,0.000000
15221.969727,-204.593,0.000000,0.000000,3.463,-15.498,-15.098,0.000000
15274.640625,-204.636,0.000000,0.000000,3.477,-15.521,-15.120,0.000000
15327.523438,-204.679,0.000000,0.000000,3.491,-15.544,-15.143,0.000000
15380.588867,-204.723,0.000000,0.000000,3.505,-15.567,-15.166,0.000000
15433.823242,-204.766,0.000000,0.000000,3.519,-15.590,-15.188,0.000000
15487.241211,-204.810,0.000000,0.000000,3.533,-15.613,-15.211,0.000000
15540.859375,-204.853,0.000000,0.000000,3.547,-15.636,-15.234,0.000000
15594.664062,-204.896,0.000000,0.000000,3.561,-15.660,-15.257,0.000000
15648.638672,-204.939,0.000000,0.000000,3.575,-15.683,-15.280,0.000000
15702.800781,-204.983,0.000000,0.000000,3.590,-15.707,-15.303,0.000000
15757.166016,-205.026,0.000000,0.000000,3.604,-15.730,-15.326,0.000000
15811.718750,-205.070,0.000000,0.000000,3.618,-15.754,-15.349,0.000000
15866.429688,-205.114,0.000000,0.000000,3.633,-15.778,-15.373,0.000000
15921.361328,-205.157,0.000000,0.000000,3.647,-15.801,-15.396,0.000000
15976.482422,-205.200,0.000000,0.000000,3.662,-15.825,-15.420,0.000000
16031.793945,-205.243,0.000000,0.000000,3.676,-15.849,-15.443,0.000000
16087.267578,-205.286,0.000000,0.000000,3.691,-15.873,-15.467,0.000000
16142.962891,-205.330,0.000000,0.000000,3.705,-15.897,-15.491,0.000000
16198.851562,-205.374,0.000000,0.000000,3.720,-15.922,-15.515,0.000000
16254.917969,-205.417,0.000000,0.000000,3.735,-15.946,-15.538,0.000000
16311.194336,-205.460,0.000000,0.000000,3.749,-15.970,-15.562,0.000000
16367.649414,-205.503,0.000000,0.000000,3.764,-15.995,-15.587,0.000000
16424.316406,-205.547,0.000000,0.000000,3.779,-16.019,-15.611,0.000000
16481.162109,-205.590,0.000000,0.000000,3.794,-16.044,-15.635,0.000000
16538.205078,-205.634,0.000000,0.000000,3.809,-16.069,-15.659,0.000000
16595.462891,-205.677,0.000000,0.000000,3.824,-16.093,-15.684,0.000000
16652.917969,-205.720,0.000000,0.000000,3.839,-16.118,-15.708,0.000000
16710.539062,-205.762,0.000000,0.000000,3.854,-16.143,-15.733,0.000000
16768.392578,-205.803,0.000000,0.000000,3.870,-16.168,-15.757,0.000000
16826.447266,-205.845,0.000000,0.000000,3.885,-16.193,-15.782,0.000000
16884.685547,-205.887,0.000000,0.000000,3.900,-16.219,-15.807,0.000000
16943.142578,-205.929,0.000000,0.000000,3.915,-16.244,-15.832,0.000000
17001.785156,-205.971,0.000000,0.000000,3.931,-16.269,-15.857,0.000000
17060.646484,-206.014,0.000000,0.000000,3.946,-16.295,-15.882,0.000000
17119.695312,-206.057,0.000000,0.000000,3.962,-16.320,-15.907,0.000000
17178.949219,-206.101,0.000000,0.000000,3.977,-16.346,-15.933,0.000000
17238.423828,-206.144,0.000000,0.000000,3.993,-16.372,-15.958,0.000000
17298.105469,-206.188,0.000000,0.000000,4.009,-16.398,-15.983,0.000000
17357.976562,-206.231,0.000000,0.000000,4.024,-16.424,-16.009,0.000000
17418.054688,-206.275,0.000000,0.000000,4.040,-16.450,-16.035,0.000000
17478.357422,-206.316,0.000000,0.000000,4.056,-16.476,-16.060,0.000000
17538.869141,-206.358,0.000000,0.000000,4.072,-16.502,-16.086,0.000000
17599.556641,-206.400,0.000000,0.000000,4.088,-16.528,-16.112,0.000000
17660.488281,-206.441,0.000000,0.000000,4.104,-16.555,-16.138,0.000000
17721.630859,-206.484,0.000000,0.000000,4.120,-16.581,-16.164,0.000000
17782.968750,-206.526,0.000000,0.000000,4.136,-16.608,-16.190,0.000000
17844.535156,-206.568,0.000000,0.000000,4.152,-16.634,-16.216,0.000000
17906.296875,-206.609,0.000000,0.000000,4.168,-16.661,-16.243,0.000000
17968.291016,-206.651,0.000000,0.000000,4.185,-16.688,-16.269,0.000000
18030.480469,-206.693,0.000000,0.000000,4.201,-16.715,-16.296,0.000000
18092.886719,-206.735,0.000000,0.000000,4.218,-16.742,-16.322,0.000000
18155.525391,-206.777,0.000000,0.000000,4.234,-16.769,-16.349,0.000000
18218.382812,-206.819,0.000000,0.000000,4.250,-16.796,-16.376,0.000000
18281.421875,-206.860,0.000000,0.000000,4.267,-16.824,-16.403,0.000000
18344.712891,-206.900,0.000000,0.000000,4.284,-16.851,-16.430,0.000000
18408.224609,-206.940,0.000000,0.000000,4.300,-16.879,-16.457,0.000000
18471.955078,-206.980,0.000000,0.000000,4.317,-16.906,-16.484,0.000000
18535.888672,-207.021,0.000000,0.000000,4.334,-16.934,-16.511,0.000000
18600.044922,-207.062,0.000000,0.000000,4.351,-16.962,-16.539,0.000000
18664.439453,-207.102,0.000000,0.000000,4.368,-16.990,-16.566,0.000000
18729.041016,-207.141,0.000000,0.000000,4.385,-17.018,-16.594,0.000000
18793.880859,-207.179,0.000000,0.000000,4.402,-17.046,-16.621,0.000000
18858.929688,-207.218,0.000000,0.000000,4.419,-17.074,-16.649,0.000000
18924.220703,-207.257,0.000000,0.000000,4.436,-17.102,-16.677,0.000000
18989.720703,-207.296,0.000000,0.000000,4.453,-17.131,-16.705,0.000000
19055.447266,-207.335,0.000000,0.000000,4.470,-17.159,-16.733,0.000000
19121.417969,-207.373,0.000000,0.000000,4.488,-17.188,-16.761,0.000000
19187.619141,-207.407,0.000000,0.000000,4.505,-17.216,-16.789,0.000000
19254.029297,-207.441,0.000000,0.000000,4.523,-17.245,-16.817,0.000000
19320.669922,-207.475,0.000000,0.000000,4.540,-17.274,-16.846,0.000000
19387.560547,-207.510,0.000000,0.000000,4.558,-17.303,-16.874,0.000000
19454.664062,-207.544,0.000000,0.000000,4.575,-17.332,-16.903,0.000000
19522.017578,-207.579,0.000000,0.000000,4.593,-17.361,-16.932,0.000000
19589.585938,-207.612,0.000000,0.000000,4.611,-17.390,-16.961,0.000000
19657.406250,-207.645,0.000000,0.000000,4.629,-17.420,-16.990,0.000000
19725.443359,-207.678,0.000000,0.000000,4.646,-17.449,-17.019,0.000000
19793.716797,-207.711,0.000000,0.000000,4.664,-17.479,-17.048,0.000000
19862.244141,-207.744,0.000000,0.000000,4.682,-17.509,-17.077,0.000000
19931.009766,-207.777,0.000000,0.000000,4.700,-17.538,-17.106,0.000000
19999.974609,-207.810,0.000000,0.000000,4.719,-17.568,-17.136,0.000000
