frequency_hz,spl_db,phase_deg,thd_percent,rt60_ms,c50_db,c80_db,group_delay_ms
20.000000,-5.956,113.385612,0.000397,11.765,-3.138,-3.031,0.000000
20.069233,-6.311,93.646324,0.000414,11.765,-3.138,-3.031,0.000000
20.138704,-6.054,86.128624,0.000401,11.765,-3.138,-3.031,0.000000
20.208418,-5.218,94.628426,0.000364,11.765,-3.138,-3.031,0.000000
20.278366,-6.762,69.476059,0.000435,11.765,-3.138,-3.031,0.000000
20.348562,-7.072,38.427864,0.000451,11.765,-3.138,-3.031,0.000000
20.419001,-7.085,51.521614,0.000452,11.765,-3.138,-3.031,0.000000
20.489683,-7.793,63.130703,0.000490,11.765,-3.138,-3.031,0.000000
20.560612,-8.045,56.634823,0.000504,11.765,-3.138,-3.031,0.000000
20.631784,-7.471,38.671158,0.000472,11.765,-3.138,-3.031,0.000000
20.703203,-7.236,6.192142,0.000460,11.765,-3.138,-3.031,0.000000
20.774866,-7.750,57.277180,0.000488,11.765,-3.138,-3.031,0.000000
20.846781,-8.591,8.754870,0.000537,11.765,-3.138,-3.031,0.000000
20.918943,-9.330,-18.081705,0.000585,11.765,-3.138,-3.031,0.000000
20.991358,-9.505,-45.060917,0.000597,11.765,-3.138,-3.031,0.000000
21.064020,-9.344,-5.814805,0.000586,11.765,-3.138,-3.031,0.000000
21.136936,-10.054,40.061291,0.000636,11.765,-3.138,-3.031,0.000000
21.210104,-10.231,-27.728590,0.000649,11.765,-3.138,-3.031,0.000000
21.283520,-9.895,-2.715027,0.000624,11.765,-3.138,-3.031,0.000000
21.357197,-10.744,9.099648,0.000688,11.765,-3.138,-3.031,0.000000
21.431126,-11.403,-9.805293,0.000742,11.765,-3.138,-3.031,0.000000
21.505312,-12.468,-19.861940,0.000839,11.765,-3.138,-3.031,0.000000
21.579756,-12.099,-29.954988,0.000804,11.765,-3.138,-3.031,0.000000
21.654457,-11.818,-34.943775,0.000779,11.765,-3.138,-3.031,0.000000
21.729416,-11.846,-53.819328,0.000781,11.765,-3.138,-3.031,0.000000
21.804630,-11.888,-21.143068,0.000785,11.765,-3.138,-3.031,0.000000
21.880110,-12.302,-51.091228,0.000823,11.765,-3.138,-3.031,0.000000
21.955851,-12.274,-96.094803,0.000821,11.765,-3.138,-3.031,0.000000
22.031853,-13.192,-71.108765,0.000912,11.765,-3.138,-3.031,0.000000
22.108118,-12.402,-109.406288,0.000833,11.765,-3.138,-3.031,0.000000
22.184649,-12.759,-118.380882,0.000867,11.765,-3.138,-3.031,0.000000
22.261442,-13.092,-157.257233,0.000901,11.765,-3.138,-3.031,0.000000
22.338503,-13.391,-132.052979,0.000932,11.765,-3.138,-3.031,0.000000
22.415825,-14.710,178.411011,0.001085,11.765,-3.138,-3.031,0.000000
22.493420,-15.486,170.276337,0.001187,11.765,-3.138,-3.031,0.000000
22.571283,-16.346,-148.066223,0.001310,11.765,-3.138,-3.031,0.000000
22.649418,-16.346,-148.066223,0.001310,11.765,-3.138,-3.031,0.000000
22.727821,-16.823,-149.993134,0.001384,11.765,-3.138,-3.031,0.000000
22.806496,-17.289,-121.134552,0.001460,11.765,-3.138,-3.031,0.000000
22.885437,-17.377,-122.562050,0.001475,11.765,-3.138,-3.031,0.000000
22.964659,-17.476,-108.605049,0.001492,11.765,-3.138,-3.031,0.000000
23.044153,-16.821,-107.777596,0.001384,11.765,-3.138,-3.031,0.000000
23.123922,-16.765,-118.071495,0.001375,11.765,-3.138,-3.031,0.000000
23.203970,-16.846,-135.229538,0.001388,11.765,-3.138,-3.031,0.000000
23.284292,-17.085,-125.003365,0.001427,11.765,-3.138,-3.031,0.000000
23.364893,-16.864,-116.991768,0.001391,11.765,-3.138,-3.031,0.000000
23.445774,-16.989,-132.707993,0.001411,11.765,-3.138,-3.031,0.000000
23.526928,-16.518,-144.014404,0.001336,11.765,-3.138,-3.031,0.000000
23.608370,-16.957,-148.559219,0.001406,11.765,-3.138,-3.031,0.000000
23.690092,-17.456,-160.827789,0.001489,11.765,-3.138,-3.031,0.000000
23.772099,-17.092,-159.774811,0.001428,11.765,-3.138,-3.031,0.000000
23.854389,-17.101,-171.756744,0.001429,11.765,-3.138,-3.031,0.000000
23.936964,-17.870,-167.548813,0.001561,11.765,-3.138,-3.031,0.000000
24.019825,-18.349,-161.698410,0.001650,11.765,-3.138,-3.031,0.000000
24.102966,-17.536,-159.932755,0.001503,11.765,-3.138,-3.031,0.000000
24.186401,-15.309,-166.646255,0.001162,11.765,-3.138,-3.031,0.000000
24.270124,-14.957,-165.265640,0.001116,11.765,-3.138,-3.031,0.000000
24.354139,-15.538,-171.205872,0.001193,11.765,-3.138,-3.031,0.000000
24.438444,-14.068,-178.931488,0.001007,11.765,-3.138,-3.031,0.000000
24.523041,-13.816,-173.289307,0.000978,11.765,-3.138,-3.031,0.000000
24.607929,-14.055,-177.167313,0.001005,11.765,-3.138,-3.031,0.000000
24.693108,-14.060,174.032761,0.001006,11.765,-3.138,-3.031,0.000000
24.778585,-13.718,175.302658,0.000967,11.765,-3.138,-3.031,0.000000
24.864359,-13.239,167.118027,0.000915,11.765,-3.138,-3.031,0.000000
24.950430,-12.483,156.969055,0.000839,11.765,-3.138,-3.031,0.000000
25.036798,-12.702,151.174301,0.000860,11.765,-3.138,-3.031,0.000000
25.123466,-13.552,145.484375,0.000949,11.765,-3.138,-3.031,0.000000
25.210434,-12.702,143.482300,0.000860,11.765,-3.138,-3.031,0.000000
25.297697,-13.431,141.358170,0.000936,11.765,-3.138,-3.031,0.000000
25.385267,-12.720,137.565582,0.000862,11.765,-3.138,-3.031,0.000000
25.473143,-12.117,132.068268,0.000804,11.765,-3.138,-3.031,0.000000
25.561321,-11.704,130.123520,0.000767,11.765,-3.138,-3.031,0.000000
25.649803,-11.525,122.129219,0.000751,11.765,-3.138,-3.031,0.000000
25.738594,-11.367,115.954193,0.000738,11.765,-3.138,-3.031,0.000000
25.827690,-11.354,113.109230,0.000737,11.765,-3.138,-3.031,0.000000
25.917089,-11.125,106.357132,0.000717,11.765,-3.138,-3.031,0.000000
26.006805,-11.185,104.327217,0.000722,11.765,-3.138,-3.031,0.000000
26.096830,-10.955,99.143829,0.000703,11.765,-3.138,-3.031,0.000000
26.187168,-11.132,94.537788,0.000718,11.765,-3.138,-3.031,0.000000
26.277819,-11.003,90.145111,0.000707,11.765,-3.138,-3.031,0.000000
26.368782,-11.143,84.225662,0.000718,11.765,-3.138,-3.031,0.000000
26.460054,-11.238,82.769341,0.000726,11.765,-3.138,-3.031,0.000000
26.551649,-11.346,77.358650,0.000735,11.765,-3.138,-3.031,0.000000
26.643560,-11.253,76.365387,0.000727,11.765,-3.138,-3.031,0.000000
26.735790,-11.210,72.017815,0.000724,11.765,-3.138,-3.031,0.000000
26.828339,-11.350,69.599113,0.000735,11.765,-3.138,-3.031,0.000000
26.921207,-10.957,67.519737,0.000703,11.765,-3.138,-3.031,0.000000
27.014399,-10.976,64.259850,0.000704,11.765,-3.138,-3.031,0.000000
27.107912,-10.622,62.094055,0.000676,11.765,-3.138,-3.031,0.000000
27.201744,-10.411,58.272213,0.000660,11.765,-3.138,-3.031,0.000000
27.295906,-10.227,55.054218,0.000646,11.765,-3.138,-3.031,0.000000
27.390394,-9.884,53.374809,0.000621,11.765,-3.138,-3.031,0.000000
27.485209,-9.581,47.869892,0.000600,11.765,-3.138,-3.031,0.000000
27.580351,-9.223,44.922504,0.000576,11.765,-3.138,-3.031,0.000000
27.675825,-9.226,40.075798,0.000576,11.765,-3.138,-3.031,0.000000
27.771622,-8.934,36.982441,0.000557,11.765,-3.138,-3.031,0.000000
27.867756,-8.756,29.034937,0.000546,11.765,-3.138,-3.031,0.000000
27.964224,-8.537,25.637253,0.000532,11.765,-3.138,-3.031,0.000000
28.061024,-8.569,22.345461,0.000534,11.765,-3.138,-3.031,0.000000
28.158161,-8.192,17.564915,0.000511,11.765,-3.138,-3.031,0.000000
28.255634,-7.909,13.677454,0.000495,11.765,-3.138,-3.031,0.000000
28.353443,-7.918,9.409464,0.000495,11.765,-3.138,-3.031,0.000000
28.451593,-7.763,6.832356,0.000486,11.765,-3.138,-3.031,0.000000
28.550081,-7.559,3.748315,0.000475,11.765,-3.138,-3.031,0.000000
28.648903,-7.198,0.362045,0.000456,11.765,-3.138,-3.031,0.000000
28.748075,-7.052,-4.110573,0.000448,11.765,-3.138,-3.031,0.000000
28.847589,-6.834,-7.381796,0.000437,11.765,-3.138,-3.031,0.000000
28.947449,-6.686,-11.882040,0.000429,11.765,-3.138,-3.031,0.000000
29.047655,-6.574,-16.372290,0.000424,11.765,-3.138,-3.031,0.000000
29.148207,-6.363,-21.392292,0.000414,11.765,-3.138,-3.031,0.000000
29.249100,-6.172,-26.031305,0.000405,11.765,-3.138,-3.031,0.000000
29.350348,-6.144,-29.546236,0.000403,11.765,-3.138,-3.031,0.000000
29.451948,-5.889,-35.951836,0.000392,11.765,-3.138,-3.031,0.000000
29.553900,-5.852,-40.470772,0.000390,11.765,-3.138,-3.031,0.000000
29.656204,-5.764,-44.772663,0.000386,11.765,-3.138,-3.031,0.000000
29.758862,-5.793,-48.620140,0.000387,11.765,-3.138,-3.031,0.000000
29.861876,-5.834,-52.944614,0.000389,11.765,-3.138,-3.031,0.000000
29.965246,-5.721,-59.276661,0.000384,11.765,-3.138,-3.031,0.000000
30.068968,-5.726,-63.675774,0.000384,11.765,-3.138,-3.031,0.000000
30.173054,-5.862,-69.142120,0.000391,11.765,-3.138,-3.031,0.000000
30.277502,-5.970,-73.505760,0.000395,11.765,-3.138,-3.031,0.000000
30.382311,-6.209,-80.105804,0.000406,11.765,-3.138,-3.031,0.000000
30.487482,-6.452,-84.571182,0.000418,11.765,-3.138,-3.031,0.000000
30.593019,-6.966,-90.008072,0.000443,11.765,-3.138,-3.031,0.000000
30.698914,-7.408,-93.238380,0.000466,11.765,-3.138,-3.031,0.000000
30.805182,-7.662,-95.419106,0.000480,11.765,-3.138,-3.031,0.000000
30.911816,-7.798,-97.979057,0.000488,11.765,-3.138,-3.031,0.000000
31.018822,-8.210,-101.133003,0.000511,11.765,-3.138,-3.031,0.000000
31.126196,-8.688,-104.080589,0.000540,11.765,-3.138,-3.031,0.000000
31.233944,-8.960,-106.423691,0.000557,11.765,-3.138,-3.031,0.000000
31.342064,-9.236,-109.009804,0.000575,11.765,-3.138,-3.031,0.000000
31.450558,-9.406,-110.898888,0.000587,11.765,-3.138,-3.031,0.000000
31.559420,-9.806,-112.239738,0.000614,11.765,-3.138,-3.031,0.000000
31.668667,-9.869,-112.971581,0.000619,11.765,-3.138,-3.031,0.000000
31.778292,-10.021,-116.322266,0.000630,11.765,-3.138,-3.031,0.000000
31.888296,-10.217,-119.177750,0.000644,11.765,-3.138,-3.031,0.000000
31.998680,-10.755,-121.460350,0.000685,11.765,-3.138,-3.031,0.000000
32.109447,-10.847,-121.291168,0.000692,11.765,-3.138,-3.031,0.000000
32.220600,-11.348,-123.886055,0.000734,11.765,-3.138,-3.031,0.000000
32.332127,-11.482,-124.881401,0.000745,11.765,-3.138,-3.031,0.000000
32.444046,-12.099,-120.201416,0.000800,11.765,-3.138,-3.031,0.000000
32.556355,-11.994,-119.794670,0.000790,11.765,-3.138,-3.031,0.000000
32.669052,-11.754,-121.785957,0.000769,11.765,-3.138,-3.031,0.000000
32.782143,-12.052,-120.608513,0.000796,11.765,-3.138,-3.031,0.000000
32.895622,-12.097,-119.279335,0.000800,11.765,-3.138,-3.031,0.000000
33.009491,-11.906,-118.482567,0.000782,11.765,-3.138,-3.031,0.000000
33.123760,-11.798,-119.720551,0.000773,11.765,-3.138,-3.031,0.000000
33.238411,-11.712,-121.670044,0.000765,11.765,-3.138,-3.031,0.000000
33.353470,-11.439,-118.442352,0.000741,11.765,-3.138,-3.031,0.000000
33.468929,-11.495,-120.490379,0.000746,11.765,-3.138,-3.031,0.000000
33.584785,-10.924,-127.115257,0.000698,11.765,-3.138,-3.031,0.000000
33.701042,-11.157,-128.801483,0.000717,11.765,-3.138,-3.031,0.000000
33.817696,-11.111,-129.712753,0.000713,11.765,-3.138,-3.031,0.000000
33.934757,-10.817,-134.740936,0.000689,11.765,-3.138,-3.031,0.000000
34.052227,-10.855,-138.348618,0.000692,11.765,-3.138,-3.031,0.000000
34.170105,-10.991,-141.698639,0.000703,11.765,-3.138,-3.031,0.000000
34.288387,-10.871,-145.054626,0.000694,11.765,-3.138,-3.031,0.000000
34.407082,-11.224,-149.183121,0.000722,11.765,-3.138,-3.031,0.000000
34.526184,-11.301,-154.043640,0.000729,11.765,-3.138,-3.031,0.000000
34.645702,-11.773,-156.582260,0.000769,11.765,-3.138,-3.031,0.000000
34.765621,-12.282,-161.296219,0.000816,11.765,-3.138,-3.031,0.000000
34.885967,-12.421,-164.280945,0.000829,11.765,-3.138,-3.031,0.000000
35.006729,-12.945,-165.432053,0.000881,11.765,-3.138,-3.031,0.000000
35.127911,-13.757,-167.875397,0.000967,11.765,-3.138,-3.031,0.000000
35.249508,-14.141,-169.118378,0.001011,11.765,-3.138,-3.031,0.000000
35.371529,-14.408,-170.736725,0.001042,11.765,-3.138,-3.031,0.000000
35.493965,-15.209,-172.390854,0.001143,11.765,-3.138,-3.031,0.000000
35.616829,-15.437,-170.995880,0.001173,11.765,-3.138,-3.031,0.000000
35.740120,-15.863,-173.792343,0.001232,11.765,-3.138,-3.031,0.000000
35.863842,-16.277,-172.252289,0.001292,11.765,-3.138,-3.031,0.000000
35.987988,-16.550,-172.665344,0.001333,11.765,-3.138,-3.031,0.000000
36.112564,-17.143,-169.199051,0.001427,11.765,-3.138,-3.031,0.000000
36.237572,-17.311,-169.459488,0.001455,11.765,-3.138,-3.031,0.000000
36.363010,-17.417,-169.012863,0.001472,11.765,-3.138,-3.031,0.000000
36.488888,-17.995,-168.418335,0.001573,11.765,-3.138,-3.031,0.000000
36.615189,-18.131,-164.583359,0.001598,11.765,-3.138,-3.031,0.000000
36.741936,-18.292,-160.621948,0.001628,11.765,-3.138,-3.031,0.000000
36.869122,-18.356,-162.195206,0.001640,11.765,-3.138,-3.031,0.000000
36.996750,-18.715,-154.180283,0.001709,11.765,-3.138,-3.031,0.000000
37.124817,-18.451,-153.736023,0.001658,11.765,-3.138,-3.031,0.000000
37.253323,-18.252,-150.975601,0.001620,11.765,-3.138,-3.031,0.000000
37.382278,-18.160,-150.395523,0.001603,11.765,-3.138,-3.031,0.000000
37.511681,-17.987,-147.622604,0.001572,11.765,-3.138,-3.031,0.000000
37.641533,-17.915,-148.727829,0.001559,11.765,-3.138,-3.031,0.000000
37.771832,-17.747,-145.977127,0.001529,11.765,-3.138,-3.031,0.000000
37.902584,-17.594,-145.840485,0.001502,11.765,-3.138,-3.031,0.000000
38.033791,-17.136,-149.575500,0.001425,11.765,-3.138,-3.031,0.000000
38.165447,-17.283,-147.074829,0.001449,11.765,-3.138,-3.031,0.000000
38.297562,-17.265,-153.597061,0.001446,11.765,-3.138,-3.031,0.000000
38.430122,-17.081,-153.387772,0.001416,11.765,-3.138,-3.031,0.000000
38.563152,-16.830,-155.980469,0.001375,11.765,-3.138,-3.031,0.000000
38.696644,-16.681,-157.741592,0.001352,11.765,-3.138,-3.031,0.000000
38.830597,-16.915,-157.772888,0.001388,11.765,-3.138,-3.031,0.000000
38.965015,-16.819,-158.164673,0.001373,11.765,-3.138,-3.031,0.000000
39.099895,-17.186,-159.801544,0.001432,11.765,-3.138,-3.031,0.000000
39.235237,-17.377,-160.486420,0.001464,11.765,-3.138,-3.031,0.000000
39.371052,-17.491,-157.905777,0.001483,11.765,-3.138,-3.031,0.000000
39.507339,-17.495,-162.078918,0.001483,11.765,-3.138,-3.031,0.000000
39.644100,-17.453,-159.876862,0.001476,11.765,-3.138,-3.031,0.000000
39.781334,-17.891,-162.292343,0.001553,11.765,-3.138,-3.031,0.000000
39.919041,-17.930,-159.590042,0.001560,11.765,-3.138,-3.031,0.000000
40.057224,-18.011,-162.135178,0.001574,11.765,-3.138,-3.031,0.000000
40.195889,-17.869,-158.632187,0.001549,11.765,-3.138,-3.031,0.000000
40.335030,-17.581,-155.059814,0.001498,11.765,-3.138,-3.031,0.000000
40.474644,-17.292,-157.223770,0.001449,11.765,-3.138,-3.031,0.000000
40.614754,-17.317,-156.530594,0.001453,11.765,-3.138,-3.031,0.000000
40.755344,-17.029,-156.716354,0.001406,11.765,-3.138,-3.031,0.000000
40.896423,-16.688,-153.648270,0.001352,11.765,-3.138,-3.031,0.000000
41.037983,-16.066,-151.692032,0.001258,11.765,-3.138,-3.031,0.000000
41.180042,-15.128,-153.318298,0.001130,11.765,-3.138,-3.031,0.000000
41.322590,-14.676,-153.692444,0.001072,11.765,-3.138,-3.031,0.000000
41.465633,-14.347,-158.230347,0.001033,11.765,-3.138,-3.031,0.000000
41.609173,-14.134,-157.989929,0.001007,11.765,-3.138,-3.031,0.000000
41.753204,-13.920,-157.571106,0.000983,11.765,-3.138,-3.031,0.000000
41.897739,-13.387,-158.952454,0.000924,11.765,-3.138,-3.031,0.000000
42.042774,-13.291,-160.078232,0.000914,11.765,-3.138,-3.031,0.000000
42.188309,-12.884,-161.278366,0.000872,11.765,-3.138,-3.031,0.000000
42.334339,-12.922,-162.846909,0.000876,11.765,-3.138,-3.031,0.000000
42.480885,-12.978,-164.033569,0.000881,11.765,-3.138,-3.031,0.000000
42.627937,-12.983,-162.723495,0.000882,11.765,-3.138,-3.031,0.000000
42.775497,-12.864,-160.552673,0.000870,11.765,-3.138,-3.031,0.000000
42.923573,-12.630,-159.925980,0.000846,11.765,-3.138,-3.031,0.000000
43.072155,-12.316,-158.601486,0.000816,11.765,-3.138,-3.031,0.000000
43.221245,-12.070,-158.893280,0.000794,11.765,-3.138,-3.031,0.000000
43.370861,-11.640,-158.522522,0.000755,11.765,-3.138,-3.031,0.000000
43.520992,-10.859,-159.560242,0.000690,11.765,-3.138,-3.031,0.000000
43.671646,-10.468,-159.964417,0.000660,11.765,-3.138,-3.031,0.000000
43.822823,-9.814,-162.001266,0.000612,11.765,-3.138,-3.031,0.000000
43.974518,-9.163,-166.440002,0.000568,11.765,-3.138,-3.031,0.000000
44.126743,-8.765,-167.944229,0.000542,11.765,-3.138,-3.031,0.000000
44.279491,-8.126,-171.903152,0.000504,11.765,-3.138,-3.031,0.000000
44.432770,-7.423,-176.690796,0.000465,11.765,-3.138,-3.031,0.000000
44.586567,-6.917,177.539291,0.000438,11.765,-3.138,-3.031,0.000000
44.740910,-6.739,174.561630,0.000430,11.765,-3.138,-3.031,0.000000
44.895786,-6.369,169.540421,0.000412,11.765,-3.138,-3.031,0.000000
45.051197,-6.076,163.484940,0.000398,11.765,-3.138,-3.031,0.000000
45.207138,-5.964,161.427216,0.000393,11.765,-3.138,-3.031,0.000000
45.363636,-5.853,155.946915,0.000388,11.765,-3.138,-3.031,0.000000
45.520660,-5.664,151.009979,0.000379,11.765,-3.138,-3.031,0.000000
45.678234,-5.729,146.731384,0.000382,11.765,-3.138,-3.031,0.000000
45.836353,-5.766,143.467987,0.000384,11.765,-3.138,-3.031,0.000000
45.995022,-5.790,139.446091,0.000385,11.765,-3.138,-3.031,0.000000
46.154240,-5.833,135.642487,0.000387,11.765,-3.138,-3.031,0.000000
46.314007,-5.839,131.581238,0.000387,11.765,-3.138,-3.031,0.000000
46.474327,-5.930,127.233223,0.000391,11.765,-3.138,-3.031,0.000000
46.635193,-5.907,123.482384,0.000390,11.765,-3.138,-3.031,0.000000
46.796627,-6.099,120.362282,0.000399,11.765,-3.138,-3.031,0.000000
46.958618,-6.309,116.444061,0.000408,11.765,-3.138,-3.031,0.000000
47.121170,-6.461,112.245293,0.000415,11.765,-3.138,-3.031,0.000000
47.284286,-6.616,108.735504,0.000423,11.765,-3.138,-3.031,0.000000
47.447968,-6.831,105.529213,0.000434,11.765,-3.138,-3.031,0.000000
47.612202,-7.204,100.537369,0.000453,11.765,-3.138,-3.031,0.000000
47.777020,-7.577,94.854340,0.000472,11.765,-3.138,-3.031,0.000000
47.942402,-8.086,90.473862,0.000501,11.765,-3.138,-3.031,0.000000
48.108360,-8.361,86.642128,0.000517,11.765,-3.138,-3.031,0.000000
48.274895,-8.594,83.820847,0.000531,11.765,-3.138,-3.031,0.000000
48.442005,-9.006,79.240501,0.000557,11.765,-3.138,-3.031,0.000000
48.609692,-9.565,73.774147,0.000594,11.765,-3.138,-3.031,0.000000
48.777958,-9.972,70.730835,0.000622,11.765,-3.138,-3.031,0.000000
48.946812,-10.525,69.626839,0.000663,11.765,-3.138,-3.031,0.000000
49.116234,-10.947,68.155251,0.000696,11.765,-3.138,-3.031,0.000000
49.286255,-11.444,67.575836,0.000737,11.765,-3.138,-3.031,0.000000
49.456863,-11.639,66.233398,0.000754,11.765,-3.138,-3.031,0.000000
49.628067,-12.231,65.224854,0.000807,11.765,-3.138,-3.031,0.000000
49.799858,-12.759,65.434105,0.000857,11.765,-3.138,-3.031,0.000000
49.972248,-13.432,67.981636,0.000926,11.765,-3.138,-3.031,0.000000
50.145218,-13.892,71.424355,0.000977,11.765,-3.138,-3.031,0.000000
50.318802,-14.170,72.578064,0.001008,11.765,-3.138,-3.031,0.000000
50.492989,-14.660,76.193291,0.001067,11.765,-3.138,-3.031,0.000000
50.667774,-14.760,76.930305,0.001079,11.765,-3.138,-3.031,0.000000
50.843166,-15.287,77.808098,0.001146,11.765,-3.138,-3.031,0.000000
51.019169,-15.783,80.463226,0.001214,11.765,-3.138,-3.031,0.000000
51.195774,-15.805,83.927528,0.001217,11.765,-3.138,-3.031,0.000000
51.372997,-16.101,86.406250,0.001259,11.765,-3.138,-3.031,0.000000
51.550816,-16.041,87.419571,0.001250,11.765,-3.138,-3.031,0.000000
51.729267,-16.350,90.256599,0.001296,11.765,-3.138,-3.031,0.000000
51.908333,-16.594,93.672668,0.001333,11.765,-3.138,-3.031,0.000000
52.088020,-16.340,96.442162,0.001294,11.765,-3.138,-3.031,0.000000
52.268330,-16.615,98.866776,0.001336,11.765,-3.138,-3.031,0.000000
52.449261,-16.488,103.826180,0.001317,11.765,-3.138,-3.031,0.000000
52.630810,-16.048,105.742950,0.001251,11.765,-3.138,-3.031,0.000000
52.812996,-15.843,105.511993,0.001222,11.765,-3.138,-3.031,0.000000
52.995815,-15.758,107.294579,0.001210,11.765,-3.138,-3.031,0.000000
53.179264,-15.502,109.285912,0.001175,11.765,-3.138,-3.031,0.000000
53.363350,-15.025,109.035736,0.001112,11.765,-3.138,-3.031,0.000000
53.548077,-14.314,108.173744,0.001024,11.765,-3.138,-3.031,0.000000
53.733437,-13.787,106.262390,0.000964,11.765,-3.138,-3.031,0.000000
53.919441,-13.311,104.279251,0.000912,11.765,-3.138,-3.031,0.000000
54.106079,-13.032,103.260529,0.000883,11.765,-3.138,-3.031,0.000000
54.293373,-12.479,102.102631,0.000829,11.765,-3.138,-3.031,0.000000
54.481316,-11.954,100.767548,0.000780,11.765,-3.138,-3.031,0.000000
54.669895,-11.490,99.026886,0.000740,11.765,-3.138,-3.031,0.000000
54.859169,-11.131,97.326729,0.000710,11.765,-3.138,-3.031,0.000000
55.049042,-10.823,94.966873,0.000685,11.765,-3.138,-3.031,0.000000
55.239601,-10.340,93.134560,0.000648,11.765,-3.138,-3.031,0.000000
55.430820,-10.127,91.102768,0.000632,11.765,-3.138,-3.031,0.000000
55.622700,-9.767,88.685669,0.000607,11.765,-3.138,-3.031,0.000000
55.815247,-9.448,85.325554,0.000585,11.765,-3.138,-3.031,0.000000
56.008457,-9.259,81.684662,0.000572,11.765,-3.138,-3.031,0.000000
56.202335,-9.008,78.294899,0.000556,11.765,-3.138,-3.031,0.000000
56.396889,-8.727,75.122498,0.000538,11.765,-3.138,-3.031,0.000000
56.592110,-8.504,70.703407,0.000524,11.765,-3.138,-3.031,0.000000
56.788010,-8.339,66.082085,0.000515,11.765,-3.138,-3.031,0.000000
56.984589,-8.319,61.698994,0.000513,11.765,-3.138,-3.031,0.000000
57.181820,-8.330,57.389790,0.000514,11.765,-3.138,-3.031,0.000000
57.379791,-8.559,53.200752,0.000527,11.765,-3.138,-3.031,0.000000
57.578388,-8.807,48.119862,0.000543,11.765,-3.138,-3.031,0.000000
57.777702,-9.027,42.712475,0.000556,11.765,-3.138,-3.031,0.000000
57.977707,-9.343,38.136681,0.000577,11.765,-3.138,-3.031,0.000000
58.178406,-9.828,33.167892,0.000610,11.765,-3.138,-3.031,0.000000
58.379795,-10.406,30.858828,0.000652,11.765,-3.138,-3.031,0.000000
58.581886,-11.131,29.232607,0.000709,11.765,-3.138,-3.031,0.000000
58.784672,-11.623,27.235197,0.000750,11.765,-3.138,-3.031,0.000000
58.988163,-12.439,25.104681,0.000824,11.765,-3.138,-3.031,0.000000
59.192356,-12.869,23.516771,0.000866,11.765,-3.138,-3.031,0.000000
59.397259,-13.843,23.415442,0.000969,11.765,-3.138,-3.031,0.000000
59.602867,-14.498,25.451591,0.001045,11.765,-3.138,-3.031,0.000000
59.809193,-15.008,26.992912,0.001108,11.765,-3.138,-3.031,0.000000
60.016228,-15.762,32.093147,0.001208,11.765,-3.138,-3.031,0.000000
60.223953,-16.026,33.079975,0.001245,11.765,-3.138,-3.031,0.000000
60.432423,-16.466,35.926498,0.001310,11.765,-3.138,-3.031,0.000000
60.641617,-16.947,37.829037,0.001385,11.765,-3.138,-3.031,0.000000
60.851536,-17.398,41.298161,0.001459,11.765,-3.138,-3.031,0.000000
61.062180,-17.781,44.018677,0.001524,11.765,-3.138,-3.031,0.000000
61.273556,-17.862,49.614357,0.001539,11.765,-3.138,-3.031,0.000000
61.485661,-17.656,52.967934,0.001502,11.765,-3.138,-3.031,0.000000
61.698502,-17.441,56.891102,0.001466,11.765,-3.138,-3.031,0.000000
61.912075,-16.484,59.726116,0.001313,11.765,-3.138,-3.031,0.000000
62.126392,-15.962,61.655346,0.001236,11.765,-3.138,-3.031,0.000000
62.341450,-15.221,63.772678,0.001135,11.765,-3.138,-3.031,0.000000
62.557251,-14.187,65.900925,0.001008,11.765,-3.138,-3.031,0.000000
62.773800,-13.467,66.759308,0.000928,11.765,-3.138,-3.031,0.000000
62.991070,-12.402,68.442978,0.000821,11.765,-3.138,-3.031,0.000000
63.209152,-11.648,67.106537,0.000752,11.757,-3.090,-2.981,0.000000
63.427925,-11.150,65.639236,0.000710,11.748,-3.039,-2.928,0.000000
63.647522,-10.365,62.073509,0.000649,11.740,-2.988,-2.876,0.000000
63.867813,-10.109,59.770115,0.000630,11.731,-2.937,-2.823,0.000000
64.088898,-9.617,56.329994,0.000596,11.723,-2.886,-2.770,0.000000
64.310753,-9.285,51.601723,0.000573,11.714,-2.834,-2.717,0.000000
64.533371,-9.150,48.406273,0.000564,11.706,-2.783,-2.664,0.000000
64.756760,-9.005,45.023663,0.000555,11.697,-2.731,-2.611,0.000000
64.980919,-8.945,42.849892,0.000551,11.688,-2.679,-2.557,0.000000
65.205864,-8.787,38.664818,0.000541,11.680,-2.627,-2.503,0.000000
65.431580,-8.812,35.415947,0.000543,11.671,-2.575,-2.449,0.000000
65.658081,-8.802,33.257313,0.000542,11.662,-2.522,-2.395,0.000000
65.885361,-8.694,30.298864,0.000535,11.654,-2.470,-2.341,0.000000
66.113434,-8.788,28.785490,0.000541,11.645,-2.417,-2.286,0.000000
66.342262,-8.742,26.531794,0.000538,11.636,-2.364,-2.232,0.000000
66.571945,-8.567,25.206818,0.000527,11.627,-2.311,-2.177,0.000000
66.802353,-8.384,20.907269,0.000516,11.618,-2.257,-2.122,0.000000
67.033600,-8.165,19.148073,0.000503,11.610,-2.204,-2.066,0.000000
67.265648,-7.958,17.407612,0.000491,11.601,-2.150,-2.011,0.000000
67.498489,-7.757,15.572987,0.000480,11.592,-2.096,-1.955,0.000000
67.732147,-7.500,12.188013,0.000466,11.583,-2.042,-1.899,0.000000
67.966606,-7.560,10.120066,0.000469,11.574,-1.987,-1.843,0.000000
68.201881,-7.465,8.676168,0.000464,11.565,-1.933,-1.787,0.000000
68.437973,-7.449,7.191186,0.000463,11.556,-1.878,-1.731,0.000000
68.674881,-7.639,4.059194,0.000474,11.546,-1.823,-1.674,0.000000
68.912605,-7.771,3.106383,0.000481,11.537,-1.768,-1.617,0.000000
69.151154,-7.808,0.801545,0.000483,11.528,-1.713,-1.560,0.000000
69.390495,-8.125,-1.872465,0.000501,11.519,-1.657,-1.503,0.000000
69.630730,-8.324,-3.865886,0.000513,11.510,-1.602,-1.446,0.000000
69.871735,-8.491,-4.862505,0.000523,11.500,-1.546,-1.388,0.000000
70.113640,-8.517,-6.169500,0.000524,11.491,-1.490,-1.330,0.000000
70.356308,-8.539,-9.354633,0.000525,11.482,-1.434,-1.272,0.000000
70.599854,-8.637,-12.843402,0.000531,11.472,-1.377,-1.214,0.000000
70.844246,-8.677,-14.297482,0.000534,11.463,-1.321,-1.156,0.000000
71.089478,-8.657,-16.926331,0.000533,11.454,-1.264,-1.097,0.000000
71.335564,-8.647,-18.461246,0.000532,11.444,-1.207,-1.038,0.000000
71.582504,-8.589,-19.895298,0.000528,11.435,-1.150,-0.979,0.000000
71.830292,-8.611,-21.413210,0.000530,11.425,-1.092,-0.920,0.000000
72.078941,-8.743,-23.380154,0.000538,11.416,-1.035,-0.860,0.000000
72.328453,-8.873,-25.495731,0.000546,11.406,-0.977,-0.801,0.000000
72.578827,-9.096,-27.253550,0.000560,11.396,-0.919,-0.741,0.000000
72.830063,-9.185,-28.000088,0.000565,11.387,-0.861,-0.681,0.000000
73.082176,-9.124,-29.631042,0.000561,11.377,-0.802,-0.621,0.000000
73.335159,-9.295,-32.009045,0.000572,11.367,-0.743,-0.560,0.000000
73.588982,-9.518,-34.268753,0.000587,11.358,-0.685,-0.499,0.000000
73.843719,-9.765,-36.773636,0.000604,11.348,-0.626,-0.439,0.000000
74.099335,-10.060,-37.566048,0.000625,11.338,-0.566,-0.377,0.000000
74.355843,-10.088,-38.727280,0.000627,11.328,-0.507,-0.316,0.000000
74.613228,-10.184,-39.876816,0.000633,11.318,-0.447,-0.255,0.000000
74.871513,-10.374,-41.101151,0.000647,11.308,-0.387,-0.193,0.000000
75.130692,-10.542,-42.127445,0.000660,11.298,-0.327,-0.131,0.000000
75.390762,-10.746,-43.871113,0.000676,11.288,-0.267,-0.069,0.000000
75.651733,-10.826,-44.451946,0.000682,11.278,-0.207,-0.006,0.000000
75.913612,-10.894,-45.193310,0.000687,11.268,-0.146,0.056,0.000000
76.176399,-10.917,-45.459133,0.000689,11.258,-0.085,0.119,0.000000
76.440094,-10.975,-45.861477,0.000694,11.248,-0.024,0.182,0.000000
76.704697,-11.155,-47.554996,0.000708,11.238,0.037,0.245,0.000000
76.970184,-11.306,-47.390923,0.000721,11.228,0.099,0.309,0.000000
77.236664,-11.220,-48.286190,0.000713,11.217,0.161,0.372,0.000000
77.503990,-11.302,-50.289207,0.000720,11.207,0.222,0.436,0.000000
77.772278,-11.496,-49.871754,0.000736,11.197,0.285,0.500,0.000000
78.041496,-11.792,-50.904835,0.000761,11.186,0.347,0.565,0.000000
78.311646,-11.983,-51.622936,0.000778,11.176,0.410,0.629,0.000000
78.582733,-12.220,-53.107746,0.000800,11.166,0.472,0.694,0.000000
78.854752,-12.279,-53.719696,0.000805,11.155,0.535,0.759,0.000000
79.127716,-12.259,-55.242043,0.000803,11.145,0.599,0.824,0.000000
79.401627,-12.243,-56.183971,0.000801,11.134,0.662,0.890,0.000000
79.676483,-12.498,-56.685970,0.000825,11.124,0.726,0.956,0.000000
79.952293,-12.652,-56.395645,0.000840,11.113,0.790,1.022,0.000000
80.229057,-12.608,-57.660866,0.000835,11.102,0.854,1.088,0.000000
80.506744,-12.453,-58.642326,0.000820,11.092,0.918,1.154,0.000000
80.785469,-12.597,-60.191875,0.000834,11.081,0.983,1.221,0.000000
81.065079,-12.748,-60.250656,0.000849,11.070,1.048,1.288,0.000000
81.345734,-13.055,-63.604435,0.000879,11.059,1.113,1.355,0.000000
81.627281,-13.481,-65.898254,0.000923,11.049,1.178,1.422,0.000000
81.909843,-13.752,-68.985680,0.000952,11.038,1.243,1.489,0.000000
82.193382,-13.954,-70.679893,0.000974,11.027,1.309,1.557,0.000000
82.477905,-14.146,-71.817604,0.000996,11.016,1.375,1.625,0.000000
82.763412,-14.590,-73.963387,0.001048,11.005,1.441,1.694,0.000000
83.049904,-15.214,-74.941925,0.001126,10.994,1.507,1.762,0.000000
83.337395,-15.593,-74.039131,0.001177,10.983,1.574,1.831,0.000000
83.625877,-16.038,-75.459023,0.001239,10.972,1.641,1.900,0.000000
83.915352,-16.332,-71.731003,0.001281,10.961,1.708,1.969,0.000000
84.205795,-16.888,-66.917053,0.001366,10.949,1.775,2.038,0.000000
84.497330,-17.434,-64.117760,0.001454,10.938,1.843,2.108,0.000000
84.789780,-18.070,-61.494804,0.001564,10.927,1.911,2.178,0.000000
85.083336,-18.693,-57.945118,0.001680,10.916,1.979,2.248,0.000000
85.377815,-18.918,-53.534279,0.001724,10.904,2.047,2.318,0.000000
85.673363,-18.962,-51.229977,0.001732,10.893,2.115,2.389,0.000000
85.969933,-18.934,-46.953773,0.001727,10.882,2.184,2.460,0.000000
86.267525,-18.641,-40.616447,0.001669,10.870,2.253,2.531,0.000000
86.566154,-17.776,-36.933300,0.001511,10.859,2.322,2.602,0.000000
86.865814,-16.912,-35.374310,0.001368,10.847,2.392,2.674,0.000000
87.166504,-16.191,-32.530224,0.001259,10.836,2.461,2.746,0.000000
87.468246,-15.588,-30.726469,0.001175,10.824,2.531,2.818,0.000000
87.771027,-15.149,-28.780102,0.001117,10.812,2.601,2.890,0.000000
88.074852,-14.296,-26.756319,0.001012,10.801,2.672,2.963,0.000000
88.379738,-13.638,-24.590727,0.000938,10.789,2.742,3.036,0.000000
88.685677,-13.080,-25.125008,0.000880,10.777,2.813,3.109,0.000000
88.992668,-12.492,-27.969296,0.000822,10.765,2.884,3.182,0.000000
89.300682,-12.245,-29.182411,0.000799,10.754,2.956,3.256,0.000000
89.609810,-11.953,-29.522020,0.000773,10.742,3.027,3.330,0.000000
89.920006,-11.587,-29.946642,0.000741,10.730,3.099,3.404,0.000000
90.231270,-11.028,-31.680582,0.000695,10.718,3.171,3.479,0.000000
90.543617,-10.563,-34.156845,0.000659,10.706,3.244,3.553,0.000000
90.857048,-10.257,-37.011681,0.000636,10.694,3.316,3.628,0.000000
91.171562,-10.097,-39.026203,0.000625,10.682,3.389,3.703,0.000000
91.487160,-9.769,-41.722309,0.000602,10.670,3.462,3.779,0.000000
91.803856,-9.430,-44.341801,0.000579,10.657,3.536,3.854,0.000000
92.121643,-9.155,-46.116047,0.000561,10.645,3.609,3.930,0.000000
92.440536,-8.860,-48.522152,0.000542,10.633,3.683,4.007,0.000000
92.760529,-8.731,-51.025280,0.000534,10.621,3.757,4.083,0.000000
93.081627,-8.589,-52.865059,0.000525,10.608,3.832,4.160,0.000000
93.403793,-8.500,-54.375210,0.000520,10.596,3.906,4.237,0.000000
93.727173,-8.400,-56.187424,0.000514,10.583,3.981,4.314,0.000000
94.051575,-8.228,-58.147865,0.000504,10.571,4.057,4.392,0.000000
94.377190,-8.148,-59.028061,0.000499,10.558,4.132,4.470,0.000000
94.703842,-7.998,-60.877018,0.000491,10.546,4.208,4.548,0.000000
95.031670,-7.911,-63.231739,0.000486,10.533,4.284,4.626,0.000000
95.360634,-7.875,-64.573761,0.000484,10.521,4.360,4.705,0.000000
95.690735,-7.715,-65.596054,0.000475,10.508,4.436,4.784,0.000000
96.021980,-7.595,-67.093086,0.000469,10.495,4.513,4.863,0.000000
96.354370,-7.487,-68.891953,0.000463,10.482,4.590,4.942,0.000000
96.687912,-7.382,-70.806961,0.000458,10.470,4.667,5.022,0.000000
97.022606,-7.204,-72.494240,0.000448,10.457,4.745,5.102,0.000000
97.358459,-7.142,-74.582787,0.000445,10.444,4.823,5.182,0.000000
97.695435,-7.015,-76.577187,0.000439,10.431,4.901,5.263,0.000000
98.033661,-6.786,-78.714462,0.000427,10.418,4.979,5.344,0.000000
98.372971,-6.554,-81.845688,0.000416,10.405,5.058,5.425,0.000000
98.713547,-6.455,-84.253159,0.000411,10.392,5.137,5.506,0.000000
99.055214,-6.353,-87.228729,0.000407,10.379,5.216,5.588,0.000000
99.398102,-6.190,-90.032394,0.000399,10.365,5.295,5.670,0.000000
99.742180,-6.099,-92.793121,0.000395,10.352,5.375,5.752,0.000000
100.087448,-6.026,-96.142120,0.000392,10.339,5.455,5.835,0.000000
100.433914,-5.989,-98.716408,0.000390,10.326,5.535,5.917,0.000000
100.781578,-6.017,-101.999886,0.000392,10.312,5.616,6.000,0.000000
101.130447,-6.133,-104.753906,0.000397,10.299,5.697,6.084,0.000000
101.480522,-6.215,-107.679733,0.000401,10.285,5.778,6.167,0.000000
101.831802,-6.307,-110.818077,0.000405,10.272,5.859,6.251,0.000000
102.184258,-6.467,-114.485458,0.000413,10.258,5.941,6.336,0.000000
102.538033,-6.682,-117.619667,0.000423,10.245,6.023,6.420,0.000000
102.892975,-6.876,-120.721077,0.000433,10.231,6.105,6.505,0.000000
103.249153,-7.145,-123.827995,0.000446,10.217,6.188,6.590,0.000000
103.606514,-7.467,-126.509323,0.000463,10.204,6.270,6.676,0.000000
103.965157,-7.799,-129.027832,0.000481,10.190,6.354,6.761,0.000000
104.325050,-8.140,-131.025528,0.000501,10.176,6.437,6.847,0.000000
104.686180,-8.503,-131.737427,0.000522,10.162,6.521,6.934,0.000000
105.048561,-8.760,-132.588074,0.000538,10.148,6.605,7.020,0.000000
105.412201,-9.135,-132.804810,0.000561,10.134,6.689,7.107,0.000000
105.777100,-9.543,-133.087097,0.000589,10.120,6.773,7.195,0.000000
106.143257,-9.941,-132.589142,0.000616,10.106,6.858,7.282,0.000000
106.510689,-10.354,-131.851227,0.000646,10.092,6.943,7.370,0.000000
106.879387,-10.571,-130.992477,0.000663,10.078,7.029,7.458,0.000000
107.249359,-10.837,-129.639023,0.000683,10.064,7.115,7.546,0.000000
107.620613,-11.007,-127.878662,0.000697,10.049,7.201,7.635,0.000000
107.993156,-11.062,-127.183914,0.000702,10.035,7.287,7.724,0.000000
108.366936,-11.065,-125.810890,0.000702,10.021,7.373,7.814,0.000000
108.742065,-10.971,-125.569290,0.000695,10.006,7.460,7.903,0.000000
109.118484,-10.795,-124.823166,0.000681,9.992,7.548,7.993,0.000000
109.496208,-10.592,-124.807274,0.000665,9.977,7.635,8.084,0.000000
109.875244,-10.389,-125.093544,0.000650,9.963,7.723,8.174,0.000000
110.255592,-10.193,-125.313835,0.000636,9.948,7.811,8.265,0.000000
110.637253,-9.914,-126.772255,0.000615,9.933,7.900,8.356,0.000000
111.020241,-9.799,-128.339081,0.000607,9.919,7.988,8.448,0.000000
111.404549,-9.653,-130.265930,0.000597,9.904,8.077,8.540,0.000000
111.790184,-9.567,-132.216934,0.000591,9.889,8.167,8.632,0.000000
112.177162,-9.663,-133.687057,0.000598,9.874,8.256,8.724,0.000000
112.565475,-9.615,-134.969650,0.000595,9.859,8.346,8.817,0.000000
112.955132,-9.794,-137.285263,0.000607,9.844,8.437,8.910,0.000000
113.346085,-9.940,-137.785217,0.000617,9.829,8.527,9.004,0.000000
113.738503,-10.163,-138.952118,0.000634,9.814,8.618,9.098,0.000000
114.132164,-10.369,-139.187897,0.000649,9.799,8.709,9.192,0.000000
114.527306,-10.665,-139.736542,0.000672,9.784,8.801,9.286,0.000000
114.923698,-10.959,-139.488373,0.000695,9.769,8.893,9.381,0.000000
115.321518,-11.195,-138.567673,0.000714,9.753,8.985,9.476,0.000000
115.720718,-11.324,-137.954590,0.000725,9.738,9.077,9.571,0.000000
116.121300,-11.598,-137.302216,0.000748,9.723,9.170,9.667,0.000000
116.523270,-11.602,-135.505096,0.000749,9.707,9.263,9.763,0.000000
116.926628,-11.582,-134.607315,0.000747,9.692,9.357,9.860,0.000000
117.331383,-11.673,-132.927032,0.000755,9.676,9.451,9.956,0.000000
117.737541,-11.663,-132.765427,0.000754,9.660,9.545,10.053,0.000000
118.145103,-11.425,-131.594711,0.000734,9.645,9.639,10.151,0.000000
118.554016,-11.094,-131.235046,0.000707,9.629,9.734,10.249,0.000000
118.964462,-10.874,-131.024170,0.000689,9.613,9.829,10.347,0.000000
119.376213,-10.727,-130.497375,0.000677,9.597,9.924,10.445,0.000000
119.789505,-10.464,-130.802307,0.000657,9.582,10.020,10.544,0.000000
120.204117,-10.260,-131.689774,0.000642,9.566,10.116,10.643,0.000000
120.620216,-9.989,-131.791641,0.000622,9.550,10.213,10.743,0.000000
121.037758,-9.697,-132.861038,0.000602,9.534,10.309,10.842,0.000000
121.456741,-9.459,-133.493637,0.000585,9.518,10.406,10.942,0.000000
121.877174,-9.255,-133.953918,0.000572,9.501,10.504,11.043,0.000000
122.299072,-9.100,-134.501648,0.000562,9.485,10.602,11.144,0.000000
122.722420,-8.885,-135.303345,0.000548,9.469,10.700,11.245,0.000000
123.147240,-8.700,-136.151886,0.000537,9.453,10.798,11.347,0.000000
123.573532,-8.563,-136.842987,0.000529,9.436,10.897,11.448,0.000000
124.001297,-8.412,-137.995316,0.000520,9.420,10.996,11.551,0.000000
124.430542,-8.274,-139.157181,0.000511,9.403,11.095,11.653,0.000000
124.861267,-8.183,-140.731949,0.000506,9.387,11.195,11.756,0.000000
125.293488,-8.107,-142.206314,0.000502,9.380,11.244,11.807,0.000000
125.727150,-8.036,-144.334137,0.000498,9.378,11.268,11.832,0.000000
126.162369,-7.966,-145.997559,0.000494,9.376,11.292,11.857,0.000000
126.599091,-7.877,-147.131195,0.000488,9.374,11.317,11.883,0.000000
127.037331,-7.851,-149.142349,0.000487,9.373,11.341,11.908,0.000000
127.477089,-7.757,-150.656769,0.000482,9.371,11.365,11.934,0.000000
127.918365,-7.678,-152.240234,0.000477,9.369,11.390,11.959,0.000000
128.361160,-7.613,-153.340530,0.000474,9.367,11.415,11.985,0.000000
128.805511,-7.576,-154.942963,0.000472,9.365,11.439,12.011,0.000000
129.251373,-7.566,-156.068771,0.000471,9.363,11.464,12.037,0.000000
129.698792,-7.526,-157.391373,0.000469,9.361,11.489,12.063,0.000000
130.147766,-7.531,-158.617813,0.000469,9.359,11.514,12.089,0.000000
130.598282,-7.494,-159.904709,0.000467,9.357,11.539,12.115,0.000000
131.050369,-7.402,-160.855194,0.000463,9.355,11.564,12.142,0.000000
131.503952,-7.401,-161.940125,0.000462,9.353,11.590,12.168,0.000000
131.959229,-7.391,-163.248825,0.000462,9.351,11.615,12.195,0.000000
132.415955,-7.378,-164.206131,0.000461,9.349,11.641,12.221,0.000000
132.874329,-7.352,-165.741760,0.000460,9.347,11.666,12.248,0.000000
133.334290,-7.320,-167.016083,0.000458,9.345,11.692,12.275,0.000000
133.795853,-7.191,-168.288208,0.000451,9.343,11.717,12.302,0.000000
134.259003,-7.200,-169.500305,0.000452,9.341,11.743,12.329,0.000000
134.723755,-7.178,-170.328125,0.000451,9.339,11.769,12.356,0.000000
135.190109,-7.162,-171.077545,0.000450,9.337,11.795,12.383,0.000000
135.658081,-7.099,-172.377090,0.000447,9.335,11.821,12.410,0.000000
136.127686,-7.035,-173.421616,0.000443,9.333,11.847,12.437,0.000000
136.598907,-6.959,-174.750931,0.000440,9.331,11.874,12.465,0.000000
137.071762,-6.874,-175.638199,0.000435,9.329,11.900,12.492,0.000000
137.546249,-6.804,-177.639191,0.000432,9.327,11.926,12.520,0.000000
138.022385,-6.714,-178.976456,0.000428,9.325,11.953,12.548,0.000000
138.500092,-6.638,179.182327,0.000424,9.323,11.979,12.575,0.000000
138.979599,-6.550,176.360672,0.000420,9.321,12.006,12.603,0.000000
139.460617,-6.468,174.108978,0.000416,9.319,12.033,12.631,0.000000
139.943375,-6.437,171.846405,0.000414,9.317,12.060,12.659,0.000000
140.427811,-6.443,168.741226,0.000415,9.315,12.087,12.688,0.000000
140.913925,-6.463,166.205978,0.000416,9.313,12.114,12.716,0.000000
141.401703,-6.489,163.629837,0.000417,9.311,12.141,12.744,0.000000
141.891190,-6.627,160.902130,0.000424,9.309,12.168,12.773,0.000000
142.382355,-6.850,158.492554,0.000435,9.306,12.196,12.801,0.000000
142.875229,-7.096,155.501236,0.000447,9.304,12.223,12.830,0.000000
143.369812,-7.374,153.319031,0.000462,9.302,12.251,12.859,0.000000
143.866104,-7.762,150.749039,0.000483,9.300,12.278,12.888,0.000000
144.364120,-8.161,148.738770,0.000505,9.298,12.306,12.917,0.000000
144.863785,-8.518,147.855118,0.000527,9.296,12.334,12.946,0.000000
145.365311,-9.041,146.488586,0.000559,9.294,12.362,12.975,0.000000
145.868439,-9.510,146.305328,0.000590,9.291,12.390,13.004,0.000000
146.373383,-9.918,146.704865,0.000619,9.289,12.418,13.034,0.000000
146.880066,-10.244,147.383698,0.000643,9.287,12.446,13.063,0.000000
147.388504,-10.575,148.791855,0.000668,9.285,12.475,13.093,0.000000
147.898712,-10.900,150.343338,0.000693,9.283,12.503,13.123,0.000000
148.410675,-11.089,152.647369,0.000709,9.280,12.532,13.152,0.000000
148.924423,-11.300,155.010086,0.000726,9.278,12.560,13.182,0.000000
149.439941,-11.392,157.148041,0.000734,9.276,12.589,13.212,0.000000
149.957245,-11.402,159.564682,0.000735,9.274,12.618,13.243,0.000000
150.476334,-11.317,161.649597,0.000728,9.272,12.647,13.273,0.000000
150.997238,-11.137,163.336975,0.000713,9.269,12.676,13.303,0.000000
151.519852,-10.934,165.153244,0.000697,9.267,12.705,13.333,0.000000
152.044434,-10.729,165.997589,0.000681,9.265,12.734,13.364,0.000000
152.570679,-10.383,167.070648,0.000654,9.263,12.763,13.395,0.000000
153.098892,-10.064,167.961060,0.000631,9.260,12.793,13.425,0.000000
153.628784,-9.681,168.146683,0.000604,9.258,12.822,13.456,0.000000
154.160660,-9.262,168.540131,0.000575,9.256,12.852,13.487,0.000000
154.694229,-8.900,168.439270,0.000552,9.253,12.882,13.518,0.000000
155.229797,-8.500,167.816650,0.000527,9.251,12.911,13.549,0.000000
155.767075,-8.163,166.724945,0.000508,9.249,12.941,13.581,0.000000
156.306274,-7.816,165.049911,0.000488,9.246,12.971,13.612,0.000000
156.847351,-7.507,163.360641,0.000471,9.244,13.002,13.644,0.000000
157.390305,-7.191,162.071167,0.000454,9.242,13.032,13.675,0.000000
157.935120,-6.948,160.098282,0.000442,9.239,13.062,13.707,0.000000
158.481750,-6.740,157.904602,0.000431,9.237,13.093,13.739,0.000000
159.030441,-6.619,155.646027,0.000425,9.235,13.123,13.771,0.000000
159.580856,-6.435,153.924469,0.000417,9.232,13.154,13.803,0.000000
160.133347,-6.303,151.435608,0.000410,9.230,13.185,13.835,0.000000
160.687592,-6.201,149.256012,0.000406,9.228,13.216,13.867,0.000000
161.243912,-6.115,147.098557,0.000402,9.225,13.247,13.900,0.000000
161.801987,-6.029,144.765533,0.000398,9.223,13.278,13.932,0.000000
162.362167,-5.908,142.288483,0.000393,9.220,13.309,13.965,0.000000
162.924133,-5.846,139.782806,0.000390,9.218,13.340,13.997,0.000000
163.488113,-5.803,137.140778,0.000388,9.216,13.372,14.030,0.000000
164.054047,-5.727,134.502869,0.000385,9.213,13.403,14.063,0.000000
164.621933,-5.718,131.688538,0.000385,9.211,13.435,14.096,0.000000
165.191788,-5.739,129.360397,0.000386,9.208,13.466,14.130,0.000000
165.763535,-5.778,127.010048,0.000387,9.206,13.498,14.163,0.000000
166.337433,-5.833,124.882095,0.000390,9.203,13.530,14.196,0.000000
166.913147,-5.948,122.750801,0.000395,9.201,13.562,14.230,0.000000
167.491013,-6.099,120.542740,0.000402,9.198,13.595,14.263,0.000000
168.070801,-6.214,119.151283,0.000408,9.196,13.627,14.297,0.000000
168.652603,-6.334,117.782928,0.000413,9.193,13.659,14.331,0.000000
169.236328,-6.585,115.590431,0.000426,9.191,13.692,14.365,0.000000
169.822250,-6.775,114.242683,0.000435,9.188,13.724,14.399,0.000000
170.410019,-6.951,112.774582,0.000444,9.186,13.757,14.433,0.000000
170.999924,-7.103,111.462906,0.000452,9.183,13.790,14.468,0.000000
171.591858,-7.337,110.078995,0.000464,9.181,13.823,14.502,0.000000
172.185837,-7.456,109.389732,0.000471,9.178,13.856,14.537,0.000000
172.781876,-7.566,108.560577,0.000477,9.175,13.889,14.571,0.000000
173.379990,-7.644,107.507011,0.000482,9.173,13.923,14.606,0.000000
173.980164,-7.683,106.726654,0.000484,9.170,13.956,14.641,0.000000
174.582336,-7.704,105.755516,0.000485,9.168,13.990,14.676,0.000000
175.186752,-7.737,104.495163,0.000487,9.165,14.023,14.711,0.000000
175.793182,-7.735,103.334305,0.000487,9.163,14.057,14.747,0.000000
176.401703,-7.683,102.053200,0.000484,9.160,14.091,14.782,0.000000
177.012253,-7.628,100.189995,0.000482,9.157,14.125,14.818,0.000000
177.625092,-7.691,97.983002,0.000485,9.155,14.159,14.853,0.000000
178.239883,-7.765,95.649933,0.000489,9.152,14.193,14.889,0.000000
178.856964,-7.835,93.431702,0.000493,9.149,14.228,14.925,0.000000
179.476013,-7.910,91.717094,0.000498,9.147,14.262,14.961,0.000000
180.097290,-8.043,89.921959,0.000505,9.144,14.297,14.997,0.000000
180.720718,-8.216,87.963753,0.000516,9.141,14.332,15.034,0.000000
181.346298,-8.438,86.519547,0.000529,9.139,14.366,15.070,0.000000
181.974045,-8.676,85.104149,0.000544,9.136,14.401,15.107,0.000000
182.603882,-8.997,83.962189,0.000564,9.133,14.436,15.143,0.000000
183.236084,-9.313,82.599915,0.000585,9.130,14.472,15.180,0.000000
183.870377,-9.563,82.167862,0.000602,9.128,14.507,15.217,0.000000
184.506866,-9.913,81.762611,0.000627,9.125,14.542,15.254,0.000000
185.145462,-10.215,80.925476,0.000649,9.122,14.578,15.291,0.000000
185.786453,-10.593,80.459290,0.000678,9.119,14.614,15.329,0.000000
186.429489,-10.879,80.552696,0.000701,9.117,14.650,15.366,0.000000
187.074921,-11.162,80.851501,0.000724,9.114,14.686,15.404,0.000000
187.722412,-11.324,81.223770,0.000738,9.111,14.722,15.441,0.000000
188.372238,-11.459,81.747414,0.000750,9.108,14.758,15.479,0.000000
189.024307,-11.578,82.471603,0.000760,9.106,14.794,15.517,0.000000
189.678650,-11.640,83.241417,0.000766,9.103,14.831,15.555,0.000000
190.335236,-11.693,84.317528,0.000770,9.100,14.867,15.593,0.000000
190.994110,-11.621,85.758385,0.000764,9.097,14.904,15.632,0.000000
191.655258,-11.553,87.445557,0.000758,9.094,14.941,15.670,0.000000
192.318695,-11.401,88.573349,0.000745,9.091,14.978,15.709,0.000000
192.984421,-11.222,89.592094,0.000730,9.088,15.015,15.748,0.000000
193.652374,-11.039,90.275978,0.000715,9.086,15.052,15.787,0.000000
194.322815,-10.887,90.731255,0.000702,9.083,15.089,15.826,0.000000
194.995392,-10.787,91.566833,0.000694,9.080,15.127,15.865,0.000000
195.670486,-10.549,91.462372,0.000676,9.077,15.164,15.904,0.000000
196.347733,-10.343,91.248268,0.000660,9.074,15.202,15.944,0.000000
197.027405,-10.150,90.809898,0.000646,9.071,15.240,15.983,0.000000
197.709442,-9.943,89.887848,0.000631,9.068,15.278,16.023,0.000000
198.393829,-9.797,88.618996,0.000620,9.065,15.316,16.063,0.000000
199.080597,-9.669,87.547180,0.000611,9.062,15.354,16.103,0.000000
199.769745,-9.542,86.755966,0.000602,9.059,15.393,16.143,0.000000
200.461258,-9.404,85.611046,0.000593,9.056,15.431,16.183,0.000000
201.155182,-9.238,84.272209,0.000581,9.053,15.470,16.223,0.000000
201.851501,-9.100,83.232445,0.000572,9.050,15.509,16.264,0.000000
202.550232,-8.880,82.043587,0.000558,9.047,15.548,16.305,0.000000
203.251389,-8.720,81.292244,0.000548,9.044,15.587,16.345,0.000000
203.954865,-8.574,80.327904,0.000539,9.041,15.626,16.386,0.000000
204.660980,-8.425,79.807854,0.000529,9.038,15.665,16.428,0.000000
205.369339,-8.197,79.210419,0.000516,9.035,15.705,16.469,0.000000
206.080246,-7.990,78.284729,0.000504,9.032,15.744,16.510,0.000000
206.793625,-7.743,77.503174,0.000489,9.029,15.784,16.552,0.000000
207.509567,-7.471,76.407188,0.000474,9.026,15.824,16.593,0.000000
208.227783,-7.211,75.163971,0.000461,9.023,15.864,16.635,0.000000
208.948685,-6.928,73.964653,0.000446,9.020,15.904,16.677,0.000000
209.671890,-6.635,71.885132,0.000431,9.017,15.944,16.719,0.000000
210.397690,-6.377,70.105392,0.000419,9.013,15.985,16.762,0.000000
211.126007,-6.065,67.855446,0.000404,9.010,16.025,16.804,0.000000
211.856842,-5.745,65.009811,0.000389,9.007,16.066,16.847,0.000000
212.590210,-5.438,62.186543,0.000376,9.004,16.107,16.889,0.000000
213.326019,-5.169,59.023243,0.000364,9.001,16.148,16.932,0.000000
214.064575,-4.933,55.653034,0.000355,8.998,16.189,16.975,0.000000
214.805481,-4.765,52.128441,0.000348,8.994,16.230,17.018,0.000000
215.549057,-4.602,48.482082,0.000341,8.991,16.272,17.061,0.000000
216.295197,-4.401,44.615425,0.000333,8.988,16.313,17.105,0.000000
217.044037,-4.280,40.260681,0.000329,8.985,16.355,17.149,0.000000
217.795258,-4.169,36.365234,0.000325,8.982,16.397,17.192,0.000000
218.549286,-4.142,32.185204,0.000324,8.978,16.439,17.236,0.000000
219.305710,-4.157,27.056797,0.000324,8.975,16.481,17.280,0.000000
220.064865,-4.216,22.475283,0.000326,8.972,16.523,17.324,0.000000
220.826645,-4.376,17.465696,0.000333,8.969,16.566,17.369,0.000000
221.591064,-4.545,12.919455,0.000339,8.965,16.608,17.413,0.000000
222.358124,-4.847,8.237431,0.000351,8.962,16.651,17.458,0.000000
223.127731,-5.189,4.002648,0.000365,8.959,16.694,17.503,0.000000
223.900223,-5.618,-0.160707,0.000384,8.955,16.737,17.548,0.000000
224.675171,-6.066,-3.865430,0.000404,8.952,16.780,17.593,0.000000
225.453018,-6.663,-7.704368,0.000433,8.949,16.824,17.638,0.000000
226.233337,-7.214,-10.001759,0.000462,8.945,16.867,17.684,0.000000
227.016586,-7.795,-11.648162,0.000494,8.942,16.911,17.729,0.000000
227.802322,-8.330,-12.886077,0.000525,8.938,16.954,17.775,0.000000
228.590988,-8.897,-13.630633,0.000561,8.935,16.998,17.821,0.000000
229.382187,-9.399,-13.377128,0.000594,8.932,17.042,17.867,0.000000
230.176208,-9.899,-13.348925,0.000629,8.928,17.087,17.913,0.000000
230.972992,-10.271,-12.590030,0.000657,8.925,17.131,17.960,0.000000
231.772537,-10.573,-11.553751,0.000680,8.921,17.176,18.006,0.000000
232.574844,-10.778,-9.975730,0.000697,8.918,17.220,18.053,0.000000
233.379822,-10.887,-9.025826,0.000706,8.914,17.265,18.100,0.000000
234.187805,-10.882,-7.946120,0.000705,8.911,17.310,18.147,0.000000
234.998352,-10.790,-7.352074,0.000698,8.907,17.355,18.194,0.000000
235.811935,-10.691,-7.191494,0.000690,8.904,17.401,18.241,0.000000
236.628113,-10.554,-7.599792,0.000680,8.900,17.446,18.289,0.000000
237.447342,-10.330,-8.290613,0.000662,8.897,17.492,18.336,0.000000
238.269180,-10.129,-9.172017,0.000647,8.893,17.537,18.384,0.000000
239.094101,-10.002,-10.960661,0.000638,8.890,17.583,18.432,0.000000
239.921631,-9.910,-13.647754,0.000631,8.886,17.630,18.481,0.000000
240.752151,-9.855,-16.297340,0.000628,8.883,17.676,18.529,0.000000
241.585541,-9.891,-19.624058,0.000630,8.879,17.722,18.577,0.000000
242.421814,-9.970,-22.460384,0.000636,8.876,17.769,18.626,0.000000
243.260986,-10.036,-25.539860,0.000641,8.872,17.816,18.675,0.000000
244.102951,-10.210,-28.632313,0.000654,8.868,17.862,18.724,0.000000
244.948059,-10.422,-31.266563,0.000670,8.865,17.910,18.773,0.000000
245.795975,-10.673,-33.984482,0.000690,8.861,17.957,18.823,0.000000
246.646820,-10.919,-35.716148,0.000710,8.857,18.004,18.872,0.000000
247.500626,-11.221,-37.186123,0.000735,8.854,18.052,18.922,0.000000
248.357376,-11.554,-38.702240,0.000763,8.850,18.099,18.972,0.000000
249.216980,-11.836,-39.362930,0.000789,8.846,18.147,19.022,0.000000
250.079788,-12.158,-40.160107,0.000819,8.843,18.189,19.065,0.000000
250.945343,-12.476,-40.382870,0.000849,8.843,18.164,19.037,0.000000
251.814026,-12.773,-41.058605,0.000879,8.842,18.138,19.009,0.000000
252.685715,-13.029,-40.744385,0.000905,8.842,18.113,18.980,0.000000
253.560410,-13.280,-40.659782,0.000932,8.842,18.088,18.952,0.000000
254.438141,-13.515,-40.195087,0.000958,8.841,18.062,18.924,0.000000
255.318909,-13.660,-39.258892,0.000974,8.841,18.037,18.895,0.000000
256.202728,-13.904,-38.842213,0.001002,8.841,18.011,18.867,0.000000
257.089600,-14.010,-38.049206,0.001015,8.841,17.986,18.838,0.000000
257.979553,-14.118,-37.343681,0.001028,8.840,17.960,18.809,0.000000
258.872559,-14.205,-35.923759,0.001038,8.840,17.934,18.780,0.000000
259.768677,-14.136,-35.494102,0.001030,8.840,17.908,18.751,0.000000
260.667786,-14.018,-35.036163,0.001016,8.839,17.882,18.722,0.000000
261.570251,-13.847,-34.802780,0.000997,8.839,17.856,18.693,0.000000
262.475555,-13.631,-35.280300,0.000972,8.839,17.830,18.664,0.000000
263.384277,-13.378,-35.864029,0.000945,8.839,17.803,18.634,0.000000
264.295898,-13.203,-36.859783,0.000926,8.838,17.777,18.605,0.000000
265.210785,-13.026,-38.647392,0.000907,8.838,17.751,18.575,0.000000
266.128845,-12.951,-41.070164,0.000900,8.838,17.724,18.546,0.000000
267.050201,-12.877,-43.047752,0.000892,8.837,17.697,18.516,0.000000
267.974518,-12.952,-45.287632,0.000900,8.837,17.671,18.486,0.000000
268.902130,-13.156,-47.578335,0.000922,8.837,17.644,18.456,0.000000
269.832977,-13.469,-49.932098,0.000956,8.836,17.617,18.426,0.000000
270.767029,-13.755,-52.117851,0.000988,8.836,17.590,18.395,0.000000
271.704315,-14.116,-52.833664,0.001030,8.836,17.563,18.365,0.000000
272.644714,-14.562,-52.883579,0.001084,8.836,17.535,18.335,0.000000
273.588654,-14.990,-52.541000,0.001139,8.835,17.508,18.304,0.000000
274.535583,-15.368,-51.665615,0.001190,8.835,17.481,18.274,0.000000
275.486053,-15.621,-50.033401,0.001226,8.835,17.453,18.243,0.000000
276.439545,-15.790,-47.233105,0.001250,8.834,17.425,18.212,0.000000
277.396454,-15.885,-44.388203,0.001264,8.834,17.398,18.181,0.000000
278.356689,-15.709,-40.987617,0.001239,8.834,17.370,18.150,0.000000
279.320404,-15.404,-38.178711,0.001196,8.833,17.342,18.119,0.000000
280.287170,-14.922,-36.275768,0.001131,8.833,17.314,18.087,0.000000
281.257416,-14.461,-34.607319,0.001073,8.833,17.286,18.056,0.000000
282.231018,-13.945,-33.818588,0.001011,8.832,17.258,18.025,0.000000
283.207977,-13.484,-33.510380,0.000959,8.832,17.229,17.993,0.000000
284.188354,-13.083,-33.964035,0.000916,8.832,17.201,17.961,0.000000
285.171967,-12.599,-35.391224,0.000866,8.831,17.173,17.929,0.000000
286.159271,-12.223,-36.761658,0.000829,8.831,17.144,17.898,0.000000
287.149689,-11.958,-38.385487,0.000804,8.831,17.115,17.865,0.000000
288.143829,-11.723,-40.172035,0.000783,8.831,17.087,17.833,0.000000
289.141144,-11.585,-41.673775,0.000770,8.830,17.058,17.801,0.000000
290.142029,-11.430,-43.175217,0.000757,8.830,17.029,17.769,0.000000
291.146393,-11.241,-44.439117,0.000741,8.830,17.000,17.736,0.000000
292.154358,-11.077,-45.881443,0.000727,8.829,16.970,17.704,0.000000
293.165558,-11.008,-46.902073,0.000721,8.829,16.941,17.671,0.000000
294.180389,-10.890,-48.197445,0.000711,8.829,16.912,17.638,0.000000
295.198730,-10.741,-49.547100,0.000699,8.828,16.882,17.605,0.000000
296.220581,-10.570,-50.669876,0.000686,8.828,16.853,17.572,0.000000
297.246002,-10.423,-51.729393,0.000674,8.828,16.823,17.539,0.000000
298.274933,-10.188,-52.477875,0.000656,8.827,16.793,17.506,0.000000
299.307465,-9.983,-53.164379,0.000641,8.827,16.763,17.472,0.000000
300.343414,-9.708,-54.011211,0.000621,8.827,16.733,17.439,0.000000
301.383209,-9.443,-54.956287,0.000602,8.826,16.703,17.405,0.000000
302.426361,-9.076,-56.302750,0.000577,8.826,16.673,17.371,0.000000
303.473389,-8.820,-57.661137,0.000560,8.826,16.643,17.337,0.000000
304.523743,-8.499,-59.548409,0.000540,8.825,16.612,17.303,0.000000
305.578033,-8.221,-61.480614,0.000523,8.825,16.582,17.269,0.000000
306.635681,-7.948,-63.660957,0.000507,8.825,16.551,17.235,0.000000
307.697266,-7.689,-66.621506,0.000492,8.824,16.520,17.201,0.000000
308.762268,-7.462,-69.885216,0.000479,8.824,16.490,17.166,0.000000
309.831085,-7.253,-73.097366,0.000468,8.823,16.459,17.132,0.000000
310.903595,-7.088,-76.483696,0.000459,8.823,16.428,17.097,0.000000
311.979828,-6.909,-79.865379,0.000449,8.823,16.396,17.062,0.000000
313.059784,-6.823,-83.472824,0.000445,8.822,16.365,17.027,0.000000
314.143311,-6.795,-87.195412,0.000443,8.822,16.334,16.992,0.000000
315.230927,-6.775,-90.588303,0.000442,8.822,16.302,16.957,0.000000
316.322113,-6.774,-94.119308,0.000442,8.821,16.271,16.922,0.000000
317.417114,-6.849,-97.519371,0.000446,8.821,16.239,16.886,0.000000
318.515747,-6.969,-100.659264,0.000452,8.821,16.207,16.851,0.000000
319.618469,-7.137,-103.544205,0.000461,8.820,16.175,16.815,0.000000
320.724701,-7.342,-105.861855,0.000472,8.820,16.143,16.779,0.000000
321.835083,-7.550,-107.920525,0.000483,8.820,16.111,16.743,0.000000
322.949005,-7.686,-109.994400,0.000491,8.819,16.079,16.707,0.000000
324.066925,-7.807,-111.743805,0.000498,8.819,16.046,16.671,0.000000
325.188721,-7.980,-113.576180,0.000508,8.818,16.014,16.635,0.000000
326.314392,-8.083,-115.232132,0.000514,8.818,15.981,16.598,0.000000
327.443970,-8.165,-116.915886,0.000519,8.818,15.949,16.562,0.000000
328.577301,-8.259,-118.918098,0.000524,8.817,15.916,16.525,0.000000
329.714874,-8.341,-120.553589,0.000529,8.817,15.883,16.488,0.000000
330.856232,-8.451,-122.466896,0.000536,8.817,15.850,16.451,0.000000
332.001526,-8.553,-124.443329,0.000542,8.816,15.817,16.414,0.000000
333.150635,-8.661,-125.898849,0.000549,8.816,15.783,16.377,0.000000
334.304016,-8.788,-127.593140,0.000557,8.816,15.750,16.340,0.000000
335.461090,-8.942,-129.034500,0.000566,8.815,15.717,16.302,0.000000
336.622498,-9.092,-130.569885,0.000576,8.815,15.683,16.265,0.000000
337.787598,-9.172,-132.067963,0.000582,8.814,15.649,16.227,0.000000
338.956879,-9.243,-133.149109,0.000586,8.814,15.615,16.189,0.000000
340.130219,-9.284,-134.311005,0.000589,8.814,15.581,16.151,0.000000
341.307617,-9.313,-136.016937,0.000591,8.813,15.547,16.113,0.000000
342.489105,-9.369,-137.754959,0.000595,8.813,15.513,16.075,0.000000
343.674652,-9.405,-139.648163,0.000597,8.813,15.479,16.037,0.000000
344.864319,-9.451,-141.739517,0.000600,8.812,15.444,15.998,0.000000
346.058105,-9.486,-143.485077,0.000603,8.812,15.410,15.960,0.000000
347.256042,-9.602,-145.446426,0.000611,8.811,15.375,15.921,0.000000
348.457947,-9.706,-147.726669,0.000618,8.811,15.340,15.882,0.000000
349.664337,-9.845,-150.094238,0.000628,8.811,15.305,15.843,0.000000
350.874573,-10.016,-152.459869,0.000640,8.810,15.270,15.804,0.000000
352.089325,-10.165,-154.424911,0.000651,8.810,15.235,15.765,0.000000
353.307953,-10.328,-156.360443,0.000664,8.809,15.200,15.725,0.000000
354.530975,-10.548,-158.342499,0.000681,8.809,15.164,15.686,0.000000
355.758240,-10.741,-160.660461,0.000696,8.809,15.129,15.646,0.000000
356.989716,-10.994,-162.845901,0.000717,8.808,15.093,15.606,0.000000
358.225494,-11.278,-164.509537,0.000740,8.808,15.057,15.566,0.000000
359.465515,-11.565,-166.040680,0.000765,8.807,15.021,15.526,0.000000
360.709869,-11.852,-167.636551,0.000791,8.807,14.985,15.486,0.000000
361.958496,-12.156,-169.142899,0.000819,8.807,14.949,15.445,0.000000
363.211456,-12.495,-170.622513,0.000852,8.806,14.913,15.405,0.000000
364.468750,-12.874,-171.846848,0.000890,8.806,14.877,15.364,0.000000
365.730408,-13.344,-172.165192,0.000939,8.805,14.840,15.323,0.000000
366.996246,-13.763,-172.451630,0.000986,8.805,14.803,15.282,0.000000
368.266815,-14.170,-171.595413,0.001033,8.805,14.767,15.241,0.000000
369.541443,-14.566,-170.874649,0.001081,8.804,14.730,15.200,0.000000
370.820648,-14.924,-169.867294,0.001127,8.804,14.693,15.159,0.000000
372.104309,-15.230,-168.409225,0.001167,8.803,14.656,15.117,0.000000
373.392395,-15.428,-166.688919,0.001194,8.803,14.618,15.075,0.000000
374.684937,-15.506,-164.270798,0.001205,8.802,14.581,15.034,0.000000
375.982117,-15.534,-162.379349,0.001208,8.802,14.543,14.992,0.000000
377.283447,-15.387,-160.453690,0.001188,8.802,14.506,14.949,0.000000
378.589447,-15.208,-158.859314,0.001164,8.801,14.468,14.907,0.000000
379.899994,-14.894,-157.495911,0.001123,8.801,14.430,14.865,0.000000
381.215057,-14.614,-156.877762,0.001087,8.800,14.392,14.822,0.000000
382.534668,-14.358,-156.815231,0.001055,8.800,14.354,14.780,0.000000
383.858673,-14.062,-156.729782,0.001020,8.799,14.315,14.737,0.000000
385.187622,-13.857,-157.226196,0.000996,8.799,14.277,14.694,0.000000
386.520813,-13.579,-158.236511,0.000965,8.799,14.238,14.651,0.000000
387.859009,-13.381,-159.915421,0.000943,8.798,14.199,14.607,0.000000
389.201416,-13.201,-161.671143,0.000924,8.798,14.160,14.564,0.000000
390.548889,-13.053,-163.693298,0.000908,8.797,14.121,14.520,0.000000
391.900635,-12.914,-165.969879,0.000894,8.797,14.082,14.477,0.000000
393.257416,-12.865,-167.933472,0.000889,8.796,14.043,14.433,0.000000
394.618530,-12.795,-170.521713,0.000882,8.796,14.004,14.389,0.000000
395.984558,-12.728,-173.284393,0.000875,8.796,13.964,14.344,0.000000
397.355316,-12.655,-175.943665,0.000868,8.795,13.924,14.300,0.000000
398.730804,-12.707,-179.106110,0.000873,8.795,13.885,14.256,0.000000
400.111053,-12.753,177.927872,0.000878,8.794,13.845,14.211,0.000000
401.495880,-12.925,174.398590,0.000896,8.794,13.805,14.166,0.000000
402.885895,-13.152,171.275040,0.000920,8.793,13.764,14.121,0.000000
404.280365,-13.467,168.312912,0.000954,8.793,13.724,14.076,0.000000
405.679993,-13.865,165.467072,0.000998,8.792,13.683,14.031,0.000000
407.084106,-14.304,163.000519,0.001050,8.792,13.643,13.985,0.000000
408.493500,-14.911,161.816788,0.001126,8.791,13.602,13.940,0.000000
409.907349,-15.533,161.958038,0.001210,8.791,13.561,13.894,0.000000
411.326477,-16.074,163.296722,0.001287,8.791,13.520,13.848,0.000000
412.750122,-16.632,165.168594,0.001373,8.790,13.479,13.802,0.000000
414.178925,-16.947,167.444153,0.001424,8.790,13.437,13.756,0.000000
415.612640,-17.206,169.304596,0.001467,8.789,13.396,13.709,0.000000
417.051331,-17.353,171.933594,0.001492,8.789,13.354,13.663,0.000000
418.494995,-17.342,175.262344,0.001491,8.788,13.312,13.616,0.000000
419.943481,-17.224,177.106110,0.001471,8.788,13.270,13.569,0.000000
421.397369,-17.095,178.300354,0.001450,8.787,13.228,13.522,0.000000
422.855865,-16.986,178.066360,0.001432,8.787,13.186,13.475,0.000000
424.319855,-16.808,177.454041,0.001403,8.786,13.144,13.428,0.000000
425.788666,-16.700,176.782928,0.001385,8.786,13.101,13.380,0.000000
427.262604,-16.793,176.375732,0.001400,8.785,13.058,13.333,0.000000
428.741394,-16.885,176.586685,0.001415,8.785,13.016,13.285,0.000000
430.225739,-17.041,176.280548,0.001441,8.784,12.973,13.237,0.000000
431.714813,-17.168,176.946411,0.001462,8.784,12.930,13.189,0.000000
433.209259,-17.196,177.997192,0.001467,8.783,12.886,13.140,0.000000
434.708862,-17.182,179.849167,0.001465,8.783,12.843,13.092,0.000000
436.213654,-17.099,-178.164108,0.001451,8.782,12.799,13.043,0.000000
437.723663,-16.945,-175.654892,0.001426,8.782,12.756,12.994,0.000000
439.238892,-16.526,-173.529724,0.001359,8.782,12.712,12.945,0.000000
440.759369,-16.046,-172.381332,0.001286,8.781,12.668,12.896,0.000000
442.285095,-15.550,-172.397247,0.001215,8.781,12.623,12.847,0.000000
443.816132,-15.020,-173.464249,0.001143,8.780,12.579,12.797,0.000000
445.352448,-14.585,-175.059647,0.001087,8.780,12.535,12.747,0.000000
446.894073,-14.306,-177.639450,0.001053,8.779,12.490,12.697,0.000000
448.440857,-14.106,179.617661,0.001029,8.779,12.445,12.647,0.000000
449.993408,-14.000,176.479294,0.001016,8.778,12.400,12.597,0.000000
451.550873,-14.031,173.271103,0.001020,8.778,12.355,12.547,0.000000
453.114197,-14.161,170.305298,0.001035,8.777,12.310,12.496,0.000000
454.682495,-14.339,168.336365,0.001057,8.777,12.265,12.445,0.000000
456.256409,-14.601,166.572083,0.001089,8.776,12.219,12.395,0.000000
457.835815,-14.877,165.693817,0.001124,8.775,12.173,12.343,0.000000
459.420654,-15.173,165.430130,0.001163,8.775,12.127,12.292,0.000000
461.010986,-15.312,166.025650,0.001182,8.774,12.081,12.241,0.000000
462.606842,-15.466,166.624344,0.001203,8.774,12.035,12.189,0.000000
464.208221,-15.526,167.147324,0.001211,8.773,11.989,12.137,0.000000
465.815125,-15.541,168.019974,0.001213,8.773,11.942,12.085,0.000000
467.427582,-15.456,168.671341,0.001201,8.772,11.896,12.033,0.000000
469.045410,-15.468,168.892731,0.001203,8.772,11.849,11.981,0.000000
470.669312,-15.447,169.258438,0.001200,8.771,11.802,11.928,0.000000
472.298340,-15.434,169.667191,0.001198,8.771,11.754,11.876,0.000000
473.933502,-15.414,170.132187,0.001195,8.770,11.707,11.823,0.000000
475.573853,-15.328,170.512909,0.001183,8.770,11.660,11.770,0.000000
477.220093,-15.181,171.251282,0.001163,8.769,11.612,11.716,0.000000
478.872040,-15.039,171.630646,0.001143,8.769,11.564,11.663,0.000000
480.529724,-14.832,171.635971,0.001116,8.768,11.516,11.609,0.000000
482.193146,-14.651,171.433380,0.001093,8.768,11.468,11.555,0.000000
483.862305,-14.418,171.007248,0.001064,8.767,11.420,11.501,0.000000
485.537262,-14.164,170.294388,0.001033,8.767,11.371,11.447,0.000000
487.217987,-13.929,169.669464,0.001005,8.766,11.322,11.393,0.000000
488.904541,-13.730,168.648590,0.000983,8.765,11.274,11.338,0.000000
490.596710,-13.598,167.621414,0.000968,8.765,11.225,11.284,0.000000
492.295197,-13.457,166.312805,0.000952,8.764,11.175,11.229,0.000000
493.999115,-13.325,164.584778,0.000937,8.764,11.126,11.173,0.000000
495.709381,-13.284,162.950409,0.000933,8.763,11.077,11.118,0.000000
497.425110,-13.291,162.078384,0.000933,8.763,11.027,11.063,0.000000
499.147003,-13.327,160.768143,0.000937,8.762,10.977,11.007,0.000000
500.874847,-13.353,159.396729,0.000940,8.762,10.937,10.964,0.000000
502.608917,-13.417,157.736099,0.000946,8.762,10.906,10.933,0.000000
504.348541,-13.506,156.817947,0.000956,8.761,10.876,10.902,0.000000
506.094391,-13.541,155.628510,0.000960,8.761,10.845,10.872,0.000000
507.846283,-13.682,154.735245,0.000975,8.761,10.814,10.841,0.000000
509.604279,-13.796,154.030884,0.000988,8.761,10.783,10.810,0.000000
511.368317,-13.846,153.724869,0.000993,8.760,10.752,10.778,0.000000
513.138489,-13.871,153.250473,0.000996,8.760,10.721,10.747,0.000000
514.914795,-13.849,153.171326,0.000993,8.760,10.689,10.716,0.000000
516.696960,-13.827,152.530121,0.000990,8.760,10.658,10.684,0.000000
518.485840,-13.792,151.334839,0.000986,8.760,10.626,10.653,0.000000
520.280334,-13.842,150.027588,0.000991,8.759,10.595,10.621,0.000000
522.081360,-13.919,148.856354,0.001000,8.759,10.563,10.589,0.000000
523.888611,-14.039,147.923447,0.001013,8.759,10.531,10.557,0.000000
525.702393,-14.212,146.928101,0.001034,8.759,10.499,10.525,0.000000
527.521912,-14.374,146.915497,0.001053,8.759,10.467,10.493,0.000000
529.348206,-14.588,146.599945,0.001079,8.758,10.435,10.461,0.000000
531.180359,-14.737,146.509354,0.001097,8.758,10.402,10.428,0.000000
533.019104,-14.923,146.784012,0.001121,8.758,10.370,10.396,0.000000
534.864258,-15.096,147.522217,0.001143,8.758,10.337,10.363,0.000000
536.715698,-15.282,148.133270,0.001167,8.758,10.305,10.330,0.000000
538.573608,-15.439,149.140366,0.001188,8.757,10.272,10.298,0.000000
540.437683,-15.499,150.434631,0.001196,8.757,10.239,10.265,0.000000
542.308777,-15.572,151.690323,0.001206,8.757,10.206,10.232,0.000000
544.185730,-15.616,152.675079,0.001212,8.757,10.173,10.198,0.000000
546.069763,-15.661,154.195511,0.001218,8.756,10.140,10.165,0.000000
547.959778,-15.670,155.988739,0.001219,8.756,10.106,10.132,0.000000
549.856873,-15.535,157.764511,0.001200,8.756,10.073,10.098,0.000000
551.760010,-15.323,159.447754,0.001171,8.756,10.039,10.064,0.000000
553.670288,-15.047,160.770691,0.001134,8.756,10.006,10.031,0.000000
555.586609,-14.671,162.044434,0.001085,8.755,9.972,9.997,0.000000
557.509827,-14.247,162.512726,0.001034,8.755,9.938,9.963,0.000000
559.439697,-13.823,162.138809,0.000984,8.755,9.904,9.929,0.000000
561.376282,-13.456,161.148392,0.000944,8.755,9.870,9.895,0.000000
563.319519,-13.167,159.434845,0.000913,8.754,9.835,9.860,0.000000
565.269287,-12.987,156.875046,0.000894,8.754,9.801,9.826,0.000000
567.226318,-12.849,154.485352,0.000880,8.754,9.767,9.791,0.000000
569.189514,-12.824,152.149338,0.000877,8.754,9.732,9.756,0.000000
571.160156,-12.881,149.905472,0.000883,8.753,9.697,9.722,0.000000
573.136963,-13.046,148.048340,0.000900,8.753,9.662,9.687,0.000000
575.121216,-13.292,147.051270,0.000926,8.753,9.627,9.652,0.000000
577.111816,-13.498,146.721558,0.000948,8.753,9.592,9.616,0.000000
579.109863,-13.645,146.796082,0.000964,8.753,9.557,9.581,0.000000
581.114197,-13.791,147.269730,0.000981,8.752,9.522,9.546,0.000000
583.125793,-13.902,147.886673,0.000993,8.752,9.486,9.510,0.000000
585.144348,-13.975,148.756851,0.001002,8.752,9.451,9.474,0.000000
587.169922,-13.936,149.702805,0.000997,8.752,9.415,9.439,0.000000
589.202454,-13.831,150.616684,0.000985,8.751,9.379,9.403,0.000000
591.241760,-13.671,150.792023,0.000967,8.751,9.343,9.367,0.000000
593.288696,-13.528,150.233200,0.000952,8.751,9.307,9.330,0.000000
595.342468,-13.416,149.849854,0.000939,8.751,9.271,9.294,0.000000
597.403320,-13.300,149.680008,0.000927,8.750,9.234,9.258,0.000000
599.471008,-13.172,149.589737,0.000913,8.750,9.198,9.221,0.000000
601.546448,-13.067,149.179901,0.000902,8.750,9.161,9.185,0.000000
603.628479,-13.042,148.718582,0.000900,8.750,9.124,9.148,0.000000
605.718262,-13.027,148.154327,0.000898,8.749,9.088,9.111,0.000000
607.814758,-13.026,148.165985,0.000898,8.749,9.051,9.074,0.000000
609.918762,-12.905,148.638565,0.000886,8.749,9.014,9.037,0.000000
612.030090,-12.745,148.903732,0.000870,8.749,8.976,8.999,0.000000
614.148682,-12.520,148.931992,0.000847,8.748,8.939,8.962,0.000000
616.274658,-12.211,148.445984,0.000818,8.748,8.901,8.924,0.000000
618.407654,-11.892,147.455200,0.000789,8.748,8.864,8.887,0.000000
620.548645,-11.577,145.647827,0.000761,8.748,8.826,8.849,0.000000
622.696716,-11.315,143.179993,0.000738,8.747,8.788,8.811,0.000000
624.852295,-11.130,140.130890,0.000723,8.747,8.750,8.773,0.000000
627.015259,-11.091,136.769730,0.000720,8.747,8.712,8.734,0.000000
629.185730,-11.184,133.739243,0.000727,8.747,8.674,8.696,0.000000
631.363464,-11.360,131.160202,0.000742,8.746,8.635,8.658,0.000000
633.549316,-11.614,129.202393,0.000764,8.746,8.597,8.619,0.000000
635.742126,-11.914,127.904411,0.000791,8.746,8.558,8.580,0.000000
637.942810,-12.218,126.942749,0.000819,8.746,8.519,8.541,0.000000
640.151123,-12.440,126.698708,0.000840,8.745,8.480,8.502,0.000000
642.367065,-12.627,126.557114,0.000859,8.745,8.441,8.463,0.000000
644.590698,-12.774,126.372093,0.000873,8.745,8.402,8.424,0.000000
646.822327,-12.823,126.120171,0.000878,8.745,8.363,8.384,0.000000
649.061096,-12.846,125.768013,0.000881,8.744,8.323,8.345,0.000000
651.307861,-12.876,124.798264,0.000884,8.744,8.283,8.305,0.000000
653.562439,-12.917,123.813103,0.000888,8.744,8.244,8.265,0.000000
655.824829,-12.976,122.546425,0.000894,8.744,8.204,8.225,0.000000
658.095032,-13.052,121.473656,0.000902,8.743,8.164,8.185,0.000000
660.372803,-13.153,119.963005,0.000912,8.743,8.124,8.145,0.000000
662.659058,-13.339,118.683983,0.000932,8.743,8.083,8.104,0.000000
664.952637,-13.504,118.019836,0.000950,8.742,8.043,8.064,0.000000
667.254761,-13.697,117.140884,0.000971,8.742,8.002,8.023,0.000000
669.564209,-13.828,116.279831,0.000986,8.742,7.961,7.982,0.000000
671.882019,-13.974,115.350746,0.001003,8.742,7.921,7.941,0.000000
674.207764,-14.148,113.988586,0.001023,8.741,7.880,7.900,0.000000
676.541992,-14.392,112.690331,0.001052,8.741,7.838,7.859,0.000000
678.883545,-14.716,111.561470,0.001092,8.741,7.797,7.818,0.000000
681.233582,-15.055,110.983788,0.001135,8.741,7.756,7.776,0.000000
683.591797,-15.418,109.849052,0.001183,8.740,7.714,7.734,0.000000
685.958130,-15.807,108.881203,0.001237,8.740,7.672,7.693,0.000000
688.332642,-16.355,108.501450,0.001317,8.740,7.630,7.651,0.000000
690.715027,-17.071,109.673561,0.001430,8.739,7.588,7.608,0.000000
693.106384,-17.650,112.572922,0.001529,8.739,7.546,7.566,0.000000
695.505310,-18.100,116.100410,0.001610,8.739,7.504,7.524,0.000000
697.913208,-18.385,119.580833,0.001663,8.739,7.461,7.481,0.000000
700.328796,-18.597,123.362137,0.001704,8.738,7.419,7.439,0.000000
702.753052,-18.719,127.564957,0.001728,8.738,7.376,7.396,0.000000
705.185730,-18.643,132.168533,0.001712,8.738,7.333,7.353,0.000000
707.627136,-18.361,136.360168,0.001657,8.737,7.290,7.310,0.000000
710.076355,-17.829,139.058884,0.001559,8.737,7.247,7.266,0.000000
712.534363,-17.292,140.247711,0.001465,8.737,7.203,7.223,0.000000
715.000854,-16.944,140.030319,0.001407,8.737,7.160,7.179,0.000000
717.475891,-16.719,140.216232,0.001371,8.736,7.116,7.135,0.000000
719.959534,-16.502,139.818115,0.001337,8.736,7.073,7.092,0.000000
722.451416,-16.213,139.472183,0.001293,8.736,7.029,7.048,0.000000
724.952637,-15.955,137.927216,0.001255,8.735,6.984,7.003,0.000000
727.461792,-15.827,135.555786,0.001236,8.735,6.940,6.959,0.000000
729.980347,-15.896,132.849716,0.001246,8.735,6.896,6.914,0.000000
732.506897,-16.201,130.656815,0.001290,8.735,6.851,6.870,0.000000
735.042908,-16.563,130.346191,0.001345,8.734,6.806,6.825,0.000000
737.586975,-16.895,130.769577,0.001397,8.734,6.762,6.780,0.000000
740.140564,-17.190,132.092667,0.001445,8.734,6.717,6.735,0.000000
742.702332,-17.531,133.984604,0.001503,8.733,6.671,6.690,0.000000
745.273254,-17.871,137.332001,0.001562,8.733,6.626,6.644,0.000000
747.853088,-18.007,141.496765,0.001587,8.733,6.580,6.599,0.000000
750.441895,-17.819,146.199661,0.001553,8.732,6.535,6.553,0.000000
753.039612,-17.356,150.463196,0.001472,8.732,6.489,6.507,0.000000
755.646362,-16.653,153.283752,0.001357,8.732,6.443,6.461,0.000000
758.262146,-15.951,154.353195,0.001251,8.732,6.397,6.415,0.000000
760.886597,-15.285,154.482910,0.001159,8.731,6.351,6.368,0.000000
763.520813,-14.719,153.224213,0.001086,8.731,6.304,6.322,0.000000
766.163818,-14.260,150.397797,0.001029,8.731,6.258,6.275,0.000000
768.816040,-13.971,146.731293,0.000996,8.730,6.211,6.228,0.000000
771.476990,-13.883,142.954956,0.000986,8.730,6.164,6.181,0.000000
774.147888,-13.914,139.894547,0.000989,8.730,6.117,6.134,0.000000
776.827332,-13.996,137.554092,0.000998,8.729,6.069,6.086,0.000000
779.516785,-14.132,135.466385,0.001014,8.729,6.022,6.039,0.000000
782.214844,-14.327,133.667435,0.001037,8.729,5.974,5.991,0.000000
784.922546,-14.580,132.815887,0.001068,8.728,5.927,5.943,0.000000
787.639648,-14.822,133.082306,0.001098,8.728,5.879,5.895,0.000000
790.366150,-14.926,133.627731,0.001111,8.728,5.831,5.847,0.000000
793.102112,-14.847,134.274628,0.001101,8.727,5.782,5.799,0.000000
795.847107,-14.666,134.020798,0.001079,8.727,5.734,5.750,0.000000
798.602417,-14.518,133.004562,0.001060,8.727,5.685,5.702,0.000000
801.366882,-14.442,131.584839,0.001051,8.726,5.637,5.653,0.000000
804.140930,-14.412,130.145737,0.001047,8.726,5.588,5.604,0.000000
806.924133,-14.375,128.552139,0.001043,8.726,5.539,5.555,0.000000
809.717773,-14.412,126.079948,0.001047,8.725,5.489,5.505,0.000000
812.520325,-14.537,123.653618,0.001063,8.725,5.440,5.456,0.000000
815.333374,-14.856,121.686172,0.001102,8.725,5.390,5.406,0.000000
818.155334,-15.198,120.642097,0.001147,8.725,5.340,5.356,0.000000
820.987488,-15.555,120.404907,0.001195,8.724,5.290,5.306,0.000000
823.829407,-15.971,120.636665,0.001253,8.724,5.240,5.256,0.000000
826.681213,-16.280,121.290802,0.001299,8.724,5.190,5.205,0.000000
829.542847,-16.477,122.128830,0.001329,8.723,5.140,5.155,0.000000
832.414429,-16.542,122.930595,0.001339,8.723,5.089,5.104,0.000000
835.295898,-16.541,123.344238,0.001338,8.722,5.038,5.053,0.000000
838.187378,-16.524,122.880257,0.001336,8.722,4.987,5.002,0.000000
841.088867,-16.447,121.813782,0.001324,8.722,4.936,4.951,0.000000
844.000000,-16.426,119.480949,0.001321,8.721,4.885,4.899,0.000000
846.921997,-16.570,116.028175,0.001343,8.721,4.833,4.848,0.000000
849.853333,-16.846,112.365463,0.001386,8.721,4.781,4.796,0.000000
852.795593,-17.358,108.699333,0.001470,8.720,4.729,4.744,0.000000
855.747253,-18.101,105.227455,0.001602,8.720,4.677,4.692,0.000000
858.709534,-19.242,103.712357,0.001827,8.720,4.625,4.639,0.000000
861.682068,-20.492,107.982582,0.002109,8.719,4.573,4.587,0.000000
864.664856,-21.741,114.826294,0.002435,8.719,4.520,4.534,0.000000
867.657959,-22.843,124.667023,0.002765,8.719,4.467,4.481,0.000000
870.661499,-23.335,137.920990,0.002927,8.718,4.414,4.428,0.000000
873.675354,-23.077,151.831131,0.002842,8.718,4.361,4.375,0.000000
876.699707,-22.252,163.146774,0.002585,8.718,4.308,4.321,0.000000
879.734497,-21.235,172.080994,0.002300,8.717,4.254,4.268,0.000000
882.779419,-19.993,178.449036,0.001994,8.717,4.201,4.214,0.000000
885.835632,-18.722,-179.167313,0.001722,8.717,4.147,4.160,0.000000
888.901672,-17.632,179.001923,0.001519,8.716,4.093,4.106,0.000000
891.979126,-16.735,175.923203,0.001370,8.716,4.038,4.051,0.000000
895.066406,-16.149,171.542084,0.001281,8.715,3.984,3.997,0.000000
898.164734,-15.755,167.586853,0.001224,8.715,3.929,3.942,0.000000
901.273865,-15.550,164.561996,0.001195,8.715,3.874,3.887,0.000000
904.393738,-15.274,161.970444,0.001158,8.714,3.819,3.832,0.000000
907.524414,-14.983,159.517517,0.001120,8.714,3.764,3.776,0.000000
910.665894,-14.779,156.401855,0.001094,8.714,3.709,3.721,0.000000
913.818298,-14.672,153.069397,0.001080,8.713,3.653,3.665,0.000000
916.981567,-14.702,149.679611,0.001084,8.713,3.597,3.609,0.000000
920.155823,-14.842,145.782364,0.001102,8.713,3.541,3.553,0.000000
923.341003,-15.136,142.649017,0.001140,8.712,3.485,3.497,0.000000
926.537292,-15.551,140.767319,0.001196,8.712,3.429,3.440,0.000000
929.744141,-16.000,140.659180,0.001259,8.711,3.372,3.384,0.000000
932.963013,-16.514,141.892197,0.001336,8.711,3.315,3.327,0.000000
936.192139,-16.973,143.895309,0.001409,8.711,3.258,3.270,0.000000
939.432861,-17.239,147.096771,0.001453,8.710,3.201,3.212,0.000000
942.684814,-17.342,150.303833,0.001471,8.710,3.144,3.155,0.000000
945.948486,-17.281,154.448074,0.001461,8.710,3.086,3.097,0.000000
949.222534,-16.892,159.012039,0.001397,8.709,3.029,3.039,0.000000
952.508850,-16.103,162.477829,0.001276,8.709,2.971,2.981,0.000000
955.805603,-15.164,163.089905,0.001145,8.708,2.912,2.923,0.000000
959.114258,-14.303,161.596710,0.001037,8.708,2.854,2.865,0.000000
962.434326,-13.595,159.161713,0.000956,8.708,2.795,2.806,0.000000
965.765930,-13.049,155.254608,0.000897,8.707,2.737,2.747,0.000000
969.109009,-12.660,150.926697,0.000858,8.707,2.678,2.688,0.000000
972.463257,-12.361,146.037735,0.000829,8.706,2.619,2.629,0.000000
975.830017,-12.166,139.880005,0.000811,8.706,2.559,2.569,0.000000
979.207458,-12.198,132.633072,0.000814,8.706,2.500,2.509,0.000000
982.597595,-12.532,125.413574,0.000846,8.705,2.440,2.450,0.000000
985.998474,-13.177,119.119644,0.000911,8.705,2.380,2.389,0.000000
989.412109,-14.023,114.526886,0.001004,8.704,2.320,2.329,0.000000
992.836609,-15.034,112.348595,0.001128,8.704,2.259,2.269,0.000000
996.273926,-16.075,113.421837,0.001271,8.704,2.199,2.208,0.000000
999.722168,-17.083,115.539284,0.001428,8.703,2.138,2.147,0.000000
1003.182800,-18.090,118.864098,0.001603,8.703,2.110,2.119,0.000000
1006.655457,-18.961,123.692726,0.001772,8.703,2.084,2.094,0.000000
1010.140076,-19.404,129.510376,0.001865,8.703,2.059,2.068,0.000000
1013.636780,-19.514,135.392532,0.001889,8.703,2.034,2.043,0.000000
1017.145142,-19.273,139.749115,0.001837,8.703,2.008,2.017,0.000000
1020.666565,-18.809,142.903183,0.001742,8.703,1.982,1.992,0.000000
1024.199219,-18.297,143.178009,0.001643,8.703,1.957,1.966,0.000000
1027.745117,-18.036,141.204391,0.001594,8.703,1.931,1.940,0.000000
1031.302246,-18.205,138.218445,0.001626,8.703,1.905,1.914,0.000000
1034.872803,-18.574,138.172592,0.001697,8.702,1.879,1.888,0.000000
1038.454590,-19.004,140.245636,0.001783,8.702,1.853,1.862,0.000000
1042.049805,-19.280,143.728317,0.001841,8.702,1.827,1.836,0.000000
1045.656494,-19.294,148.011185,0.001844,8.702,1.801,1.810,0.000000
1049.276123,-19.003,152.151016,0.001783,8.702,1.774,1.784,0.000000
1052.908325,-18.482,154.895584,0.001679,8.702,1.748,1.757,0.000000
1056.553101,-17.940,156.451340,0.001578,8.702,1.721,1.731,0.000000
1060.210571,-17.376,157.391571,0.001479,8.702,1.695,1.704,0.000000
1063.880005,-16.968,155.857162,0.001411,8.702,1.668,1.678,0.000000
1067.563354,-16.777,152.623062,0.001380,8.702,1.641,1.651,0.000000
1071.258301,-16.682,148.239853,0.001365,8.702,1.614,1.624,0.000000
1074.967041,-16.952,144.006470,0.001408,8.702,1.587,1.597,0.000000
1078.688232,-17.548,143.036133,0.001508,8.701,1.560,1.570,0.000000
1082.422241,-18.150,144.873306,0.001616,8.701,1.533,1.543,0.000000
1086.168579,-18.603,147.496796,0.001703,8.701,1.506,1.516,0.000000
1089.929077,-18.961,150.870590,0.001774,8.701,1.478,1.488,0.000000
1093.701416,-19.069,154.593842,0.001797,8.701,1.451,1.461,0.000000
1097.487427,-18.851,158.330276,0.001752,8.701,1.423,1.433,0.000000
1101.286499,-18.586,160.971481,0.001700,8.701,1.396,1.406,0.000000
1105.098755,-18.220,164.007843,0.001629,8.701,1.368,1.378,0.000000
1108.924194,-17.561,165.214325,0.001510,8.701,1.340,1.350,0.000000
1112.762817,-16.981,162.935883,0.001413,8.701,1.312,1.322,0.000000
1116.614746,-16.651,160.198715,0.001360,8.701,1.284,1.294,0.000000
1120.480103,-16.376,157.943222,0.001318,8.701,1.256,1.266,0.000000
1124.358765,-16.102,155.792740,0.001277,8.700,1.228,1.238,0.000000
1128.250854,-15.795,151.841660,0.001233,8.700,1.199,1.210,0.000000
1132.156372,-15.799,146.045776,0.001233,8.700,1.171,1.181,0.000000
1136.075562,-16.054,140.263962,0.001270,8.700,1.142,1.153,0.000000
1140.007568,-16.565,135.004211,0.001347,8.700,1.114,1.124,0.000000
1143.953857,-17.354,131.406616,0.001475,8.700,1.085,1.096,0.000000
1147.913818,-18.405,131.030273,0.001664,8.700,1.056,1.067,0.000000
1151.887451,-19.622,134.183182,0.001914,8.700,1.027,1.038,0.000000
1155.874878,-20.781,140.113480,0.002187,8.700,0.998,1.009,0.000000
1159.876099,-21.651,148.520264,0.002417,8.700,0.969,0.980,0.000000
1163.891113,-22.108,158.485107,0.002547,8.700,0.940,0.951,0.000000
1167.920044,-21.759,168.250000,0.002446,8.700,0.911,0.922,0.000000
1171.962891,-20.897,176.826065,0.002215,8.699,0.881,0.892,0.000000
1176.019775,-19.608,-177.243698,0.001910,8.699,0.852,0.863,0.000000
1180.090698,-18.249,-174.427246,0.001633,8.699,0.822,0.833,0.000000
1184.175781,-16.960,-175.308228,0.001408,8.699,0.792,0.803,0.000000
1188.274902,-16.090,178.703110,0.001274,8.699,0.763,0.774,0.000000
1192.388306,-15.740,171.100983,0.001223,8.699,0.733,0.744,0.000000
1196.515259,-15.731,164.277679,0.001222,8.699,0.703,0.714,0.000000
1200.657227,-15.870,157.947357,0.001241,8.699,0.672,0.684,0.000000
1204.813965,-16.238,152.574112,0.001295,8.699,0.642,0.653,0.000000
1208.984009,-16.882,147.950119,0.001394,8.699,0.612,0.623,0.000000
1213.169067,-17.873,147.282806,0.001562,8.699,0.581,0.593,0.000000
1217.368530,-19.027,150.045395,0.001784,8.698,0.551,0.562,0.000000
1221.582642,-19.906,154.900589,0.001974,8.698,0.520,0.532,0.000000
1225.811279,-20.353,160.920166,0.002078,8.698,0.489,0.501,0.000000
1230.054565,-20.256,166.830185,0.002055,8.698,0.459,0.470,0.000000
1234.311890,-19.842,171.944824,0.001959,8.698,0.428,0.439,0.000000
1238.585205,-19.187,175.686859,0.001817,8.698,0.396,0.408,0.000000
1242.872803,-18.425,178.359360,0.001664,8.698,0.365,0.377,0.000000
1247.175049,-17.580,178.867142,0.001510,8.698,0.334,0.346,0.000000
1251.492310,-16.801,175.791687,0.001381,8.698,0.302,0.314,0.000000
1255.823975,-16.315,170.784668,0.001305,8.698,0.271,0.283,0.000000
1260.171753,-16.089,164.375961,0.001272,8.697,0.239,0.251,0.000000
1264.533325,-16.280,157.037094,0.001300,8.697,0.208,0.219,0.000000
1268.911255,-16.847,152.217300,0.001387,8.697,0.176,0.188,0.000000
1273.303101,-17.416,151.788773,0.001481,8.697,0.144,0.156,0.000000
1277.710815,-17.887,151.199768,0.001563,8.697,0.112,0.124,0.000000
1282.133789,-18.377,149.957886,0.001653,8.697,0.079,0.091,0.000000
1286.572021,-19.071,148.487244,0.001790,8.697,0.047,0.059,0.000000
1291.025024,-19.996,147.275726,0.001991,8.697,0.015,0.027,0.000000
1295.494751,-21.202,147.712082,0.002288,8.697,-0.018,-0.006,0.000000
1299.979248,-22.182,155.223251,0.002560,8.697,-0.050,-0.038,0.000000
1304.479248,-22.442,163.382919,0.002638,8.697,-0.083,-0.071,0.000000
1308.994873,-22.524,169.047775,0.002662,8.696,-0.116,-0.104,0.000000
1313.525513,-22.599,174.890747,0.002685,8.696,-0.149,-0.137,0.000000
1318.072998,-22.373,-178.282806,0.002616,8.696,-0.182,-0.170,0.000000
1322.635010,-21.875,-172.423874,0.002470,8.696,-0.215,-0.203,0.000000
1327.214111,-21.304,-168.033630,0.002313,8.696,-0.249,-0.236,0.000000
1331.807739,-20.683,-163.779037,0.002154,8.696,-0.282,-0.270,0.000000
1336.417969,-20.050,-162.309082,0.002002,8.696,-0.316,-0.303,0.000000
1341.044189,-19.582,-163.772339,0.001897,8.696,-0.349,-0.337,0.000000
1345.686401,-19.186,-165.121170,0.001812,8.696,-0.383,-0.370,0.000000
1350.344604,-18.946,-167.004562,0.001763,8.696,-0.417,-0.404,0.000000
1355.018921,-18.869,-168.273285,0.001747,8.695,-0.451,-0.438,0.000000
1359.709595,-18.811,-168.109100,0.001735,8.695,-0.485,-0.472,0.000000
1364.416382,-18.655,-167.444244,0.001704,8.695,-0.519,-0.507,0.000000
1369.139404,-18.437,-166.981705,0.001661,8.695,-0.554,-0.541,0.000000
1373.878174,-18.168,-166.753311,0.001610,8.695,-0.588,-0.575,0.000000
1378.634644,-17.985,-167.855942,0.001576,8.695,-0.623,-0.610,0.000000
1383.406372,-17.976,-168.001663,0.001574,8.695,-0.658,-0.645,0.000000
1388.195801,-17.786,-167.191895,0.001540,8.695,-0.692,-0.679,0.000000
1393.000610,-17.428,-167.979599,0.001478,8.695,-0.727,-0.714,0.000000
1397.822632,-17.200,-169.985428,0.001439,8.694,-0.763,-0.749,0.000000
1402.661377,-17.213,-172.011826,0.001441,8.694,-0.798,-0.784,0.000000
1407.516846,-17.338,-172.688019,0.001462,8.694,-0.833,-0.820,0.000000
1412.389771,-17.373,-172.590866,0.001467,8.694,-0.869,-0.855,0.000000
1417.278198,-17.294,-171.531784,0.001454,8.694,-0.904,-0.891,0.000000
1422.184326,-16.838,-171.270630,0.001379,8.694,-0.940,-0.926,0.000000
1427.107300,-16.437,-175.031097,0.001317,8.694,-0.976,-0.962,0.000000
1432.047485,-16.477,-179.720825,0.001323,8.694,-1.012,-0.998,0.000000
1437.004639,-16.939,175.970840,0.001395,8.694,-1.048,-1.034,0.000000
1441.979004,-17.597,175.725449,0.001504,8.693,-1.084,-1.070,0.000000
1446.969849,-17.933,177.927612,0.001564,8.693,-1.120,-1.107,0.000000
1451.979492,-18.075,179.389130,0.001590,8.693,-1.157,-1.143,0.000000
1457.005005,-18.159,-179.884125,0.001605,8.693,-1.193,-1.179,0.000000
1462.048584,-18.296,-179.753296,0.001630,8.693,-1.230,-1.216,0.000000
1467.109619,-18.675,-179.176620,0.001703,8.693,-1.267,-1.253,0.000000
1472.188110,-19.077,-176.632172,0.001784,8.693,-1.304,-1.290,0.000000
1477.285034,-19.164,-172.921371,0.001802,8.693,-1.341,-1.327,0.000000
1482.398071,-18.904,-169.687912,0.001749,8.693,-1.378,-1.364,0.000000
1487.529541,-18.609,-169.024429,0.001690,8.692,-1.415,-1.401,0.000000
1492.678833,-18.393,-168.632446,0.001649,8.692,-1.453,-1.439,0.000000
1497.845947,-18.114,-168.697769,0.001597,8.692,-1.490,-1.476,0.000000
1503.030884,-17.948,-169.538208,0.001567,8.692,-1.528,-1.514,0.000000
1508.233765,-17.958,-170.029907,0.001568,8.692,-1.566,-1.552,0.000000
1513.453979,-17.967,-169.527405,0.001569,8.692,-1.604,-1.590,0.000000
1518.693726,-17.728,-168.868851,0.001527,8.692,-1.642,-1.628,0.000000
1523.950195,-17.395,-169.762344,0.001469,8.692,-1.680,-1.666,0.000000
1529.226196,-17.188,-172.561890,0.001434,8.692,-1.719,-1.704,0.000000
1534.519775,-17.227,-176.516724,0.001440,8.691,-1.757,-1.743,0.000000
1539.831055,-17.763,179.859009,0.001532,8.691,-1.796,-1.781,0.000000
1545.161987,-18.453,-178.433533,0.001658,8.691,-1.835,-1.820,0.000000
1550.510010,-18.770,-174.332230,0.001720,8.691,-1.874,-1.859,0.000000
1555.877319,-18.577,-171.047455,0.001682,8.691,-1.913,-1.898,0.000000
1561.263184,-18.351,-170.295395,0.001639,8.691,-1.952,-1.937,0.000000
1566.667725,-18.276,-169.765839,0.001625,8.691,-1.991,-1.976,0.000000
1572.090820,-18.163,-168.628113,0.001604,8.691,-2.031,-2.016,0.000000
1577.532837,-18.092,-167.390930,0.001591,8.691,-2.070,-2.055,0.000000
1582.992920,-17.870,-164.291687,0.001551,8.690,-2.110,-2.095,0.000000
1588.473389,-17.197,-164.340576,0.001435,8.690,-2.150,-2.135,0.000000
1593.971313,-16.678,-168.454193,0.001352,8.690,-2.190,-2.175,0.000000
1599.489746,-16.470,-174.190414,0.001320,8.690,-2.230,-2.215,0.000000
1605.026611,-16.632,179.878433,0.001345,8.690,-2.271,-2.255,0.000000
1610.581787,-17.051,173.149551,0.001411,8.690,-2.311,-2.296,0.000000
1616.157837,-18.085,167.872772,0.001589,8.690,-2.352,-2.336,0.000000
1621.751587,-18.983,173.807800,0.001763,8.690,-2.392,-2.377,0.000000
1627.366211,-19.248,-179.679688,0.001817,8.689,-2.433,-2.418,0.000000
1632.998779,-19.339,-175.518616,0.001837,8.689,-2.474,-2.459,0.000000
1638.651611,-19.698,-170.895660,0.001914,8.689,-2.515,-2.500,0.000000
1644.323975,-19.869,-164.761536,0.001952,8.689,-2.557,-2.541,0.000000
1650.015991,-19.654,-159.115677,0.001904,8.689,-2.598,-2.582,0.000000
1655.726929,-19.301,-155.239746,0.001828,8.689,-2.640,-2.624,0.000000
1661.459229,-18.833,-152.197647,0.001732,8.689,-2.681,-2.665,0.000000
1667.209717,-18.458,-156.327972,0.001659,8.689,-2.723,-2.707,0.000000
1672.981812,-18.489,-160.604477,0.001665,8.688,-2.765,-2.749,0.000000
1678.772949,-18.794,-161.639511,0.001725,8.688,-2.807,-2.791,0.000000
1684.583496,-19.011,-161.014816,0.001768,8.688,-2.850,-2.833,0.000000
1690.415649,-19.090,-159.601044,0.001784,8.688,-2.892,-2.876,0.000000
1696.266357,-19.211,-158.344482,0.001810,8.688,-2.935,-2.918,0.000000
1702.139038,-19.192,-155.742264,0.001806,8.688,-2.977,-2.961,0.000000
1708.030396,-19.019,-152.672470,0.001770,8.688,-3.020,-3.004,0.000000
1713.942871,-18.420,-149.800873,0.001652,8.688,-3.063,-3.047,0.000000
1719.875977,-17.608,-149.847076,0.001505,8.687,-3.106,-3.090,0.000000
1725.829468,-17.017,-152.762604,0.001406,8.687,-3.150,-3.133,0.000000
1731.802856,-16.720,-156.742722,0.001358,8.687,-3.193,-3.177,0.000000
1737.798462,-16.588,-161.505356,0.001338,8.687,-3.237,-3.220,0.000000
1743.814087,-16.761,-165.583130,0.001365,8.687,-3.281,-3.264,0.000000
1749.850464,-17.096,-168.395782,0.001418,8.687,-3.325,-3.308,0.000000
1755.907837,-17.385,-169.646072,0.001466,8.687,-3.369,-3.352,0.000000
1761.985229,-17.680,-171.175430,0.001517,8.686,-3.413,-3.396,0.000000
1768.085449,-18.218,-172.296631,0.001614,8.686,-3.457,-3.440,0.000000
1774.204956,-18.690,-171.476410,0.001704,8.686,-3.502,-3.485,0.000000
1780.347412,-18.920,-171.309738,0.001750,8.686,-3.547,-3.529,0.000000
1786.509521,-19.350,-171.334412,0.001839,8.686,-3.591,-3.574,0.000000
1792.693726,-19.694,-169.378036,0.001913,8.686,-3.636,-3.619,0.000000
1798.899292,-19.938,-167.633865,0.001968,8.686,-3.682,-3.664,0.000000
1805.126465,-20.264,-165.077362,0.002043,8.686,-3.727,-3.709,0.000000
1811.375122,-20.237,-160.898071,0.002036,8.685,-3.772,-3.755,0.000000
1817.645386,-19.972,-158.689041,0.001975,8.685,-3.818,-3.800,0.000000
1823.937378,-19.989,-157.880676,0.001979,8.685,-3.864,-3.846,0.000000
1830.251099,-20.302,-153.979126,0.002052,8.685,-3.910,-3.892,0.000000
1836.586792,-19.749,-148.411957,0.001925,8.685,-3.956,-3.938,0.000000
1842.943481,-18.884,-146.446121,0.001743,8.685,-4.002,-3.984,0.000000
1849.323853,-18.212,-145.368454,0.001613,8.685,-4.049,-4.031,0.000000
1855.724609,-17.275,-145.536194,0.001448,8.684,-4.095,-4.077,0.000000
1862.149292,-16.413,-150.388977,0.001312,8.684,-4.142,-4.124,0.000000
1868.594482,-16.011,-156.530548,0.001252,8.684,-4.189,-4.171,0.000000
1875.062866,-15.883,-162.721588,0.001234,8.684,-4.236,-4.218,0.000000
1881.553589,-16.084,-171.671967,0.001264,8.684,-4.283,-4.265,0.000000
1888.066772,-16.584,-172.356369,0.001339,8.684,-4.331,-4.312,0.000000
1894.603516,-17.170,-172.277924,0.001432,8.684,-4.378,-4.360,0.000000
1901.161011,-17.594,-172.193420,0.001504,8.683,-4.426,-4.407,0.000000
1907.742065,-18.196,-173.286346,0.001612,8.683,-4.474,-4.455,0.000000
1914.345947,-19.348,-172.222061,0.001840,8.683,-4.522,-4.503,0.000000
1920.972656,-20.392,-164.617386,0.002076,8.683,-4.570,-4.551,0.000000
1927.622314,-20.427,-156.662399,0.002084,8.683,-4.618,-4.600,0.000000
1934.295044,-19.880,-150.228180,0.001957,8.683,-4.667,-4.648,0.000000
1940.989868,-18.810,-151.587250,0.001730,8.683,-4.716,-4.697,0.000000
1947.709717,-18.488,-156.089737,0.001667,8.682,-4.765,-4.746,0.000000
1954.451050,-18.571,-159.487915,0.001683,8.682,-4.814,-4.795,0.000000
1961.216675,-18.929,-160.601151,0.001754,8.682,-4.863,-4.844,0.000000
1968.005615,-19.153,-157.696777,0.001800,8.682,-4.912,-4.893,0.000000
1974.818115,-18.965,-156.879471,0.001761,8.682,-4.962,-4.943,0.000000
1981.655151,-19.187,-157.037720,0.001807,8.682,-5.012,-4.992,0.000000
1988.513916,-19.300,-153.639038,0.001831,8.682,-5.062,-5.042,0.000000
1995.397339,-18.754,-150.837234,0.001719,8.681,-5.112,-5.092,0.000000
2002.304688,-18.122,-149.352570,0.001599,8.681,-5.149,-5.130,0.000000
2009.235840,-17.564,-148.671448,0.001500,8.681,-5.161,-5.141,0.000000
2016.191040,-16.967,-149.199570,0.001400,8.681,-5.172,-5.153,0.000000
2023.170288,-16.424,-152.701965,0.001316,8.681,-5.184,-5.164,0.000000
2030.172852,-16.304,-158.835068,0.001298,8.681,-5.196,-5.176,0.000000
2037.201416,-16.323,-162.699356,0.001301,8.681,-5.208,-5.188,0.000000
2044.252441,-16.343,-167.755020,0.001304,8.681,-5.219,-5.200,0.000000
2051.329834,-16.893,-171.589020,0.001389,8.681,-5.231,-5.211,0.000000
2058.430908,-17.607,-172.950089,0.001508,8.681,-5.243,-5.223,0.000000
2065.555420,-18.114,-172.994858,0.001599,8.681,-5.255,-5.235,0.000000
2072.706543,-18.449,-173.464874,0.001661,8.681,-5.267,-5.247,0.000000
2079.880371,-18.865,-175.061554,0.001743,8.681,-5.279,-5.259,0.000000
2087.080078,-19.567,-174.373505,0.001890,8.681,-5.291,-5.271,0.000000
2094.304932,-19.920,-169.564255,0.001968,8.681,-5.303,-5.283,0.000000
2101.554443,-20.093,-164.625565,0.002008,8.681,-5.315,-5.295,0.000000
2108.829346,-19.637,-160.187012,0.001905,8.681,-5.328,-5.307,0.000000
2116.129150,-19.158,-157.955566,0.001803,8.681,-5.340,-5.319,0.000000
2123.453369,-18.570,-156.036346,0.001685,8.681,-5.352,-5.332,0.000000
2130.804932,-17.937,-155.331650,0.001566,8.681,-5.364,-5.344,0.000000
2138.180176,-17.295,-155.225021,0.001455,8.681,-5.377,-5.356,0.000000
2145.582520,-16.722,-156.329254,0.001362,8.681,-5.389,-5.369,0.000000
2153.009766,-16.461,-161.733002,0.001322,8.681,-5.402,-5.381,0.000000
2160.461670,-16.308,-167.610352,0.001300,8.681,-5.414,-5.393,0.000000
2167.941406,-16.534,-173.489273,0.001334,8.681,-5.427,-5.406,0.000000
2175.445068,-16.912,-176.925461,0.001394,8.681,-5.439,-5.418,0.000000
2182.976562,-17.373,179.993759,0.001470,8.681,-5.452,-5.431,0.000000
2190.532227,-18.196,177.621704,0.001616,8.681,-5.464,-5.444,0.000000
2198.114990,-19.122,179.940567,0.001797,8.681,-5.477,-5.456,0.000000
2205.723877,-19.450,-176.316376,0.001867,8.681,-5.490,-5.469,0.000000
2213.359375,-19.098,-174.756088,0.001792,8.681,-5.503,-5.482,0.000000
2221.020020,-19.008,-176.069519,0.001774,8.681,-5.516,-5.494,0.000000
2228.709473,-18.977,-177.544083,0.001768,8.681,-5.528,-5.507,0.000000
2236.423340,-19.177,179.888168,0.001809,8.681,-5.541,-5.520,0.000000
2244.166016,-19.620,178.171249,0.001903,8.681,-5.554,-5.533,0.000000
2251.934570,-20.093,-178.883240,0.002010,8.681,-5.567,-5.546,0.000000
2259.728760,-20.096,-176.691711,0.002011,8.681,-5.580,-5.559,0.000000
2267.552002,-20.386,-175.664948,0.002079,8.681,-5.594,-5.572,0.000000
2275.400391,-20.469,-172.724991,0.002099,8.681,-5.607,-5.585,0.000000
2283.278076,-20.398,-170.706955,0.002082,8.681,-5.620,-5.598,0.000000
2291.180908,-20.201,-168.183151,0.002036,8.681,-5.633,-5.611,0.000000
2299.112061,-19.729,-166.939560,0.001928,8.681,-5.646,-5.625,0.000000
2307.070557,-19.357,-167.433655,0.001848,8.681,-5.660,-5.638,0.000000
2315.056885,-19.152,-170.407425,0.001805,8.681,-5.673,-5.651,0.000000
2323.069580,-19.313,-172.554688,0.001839,8.681,-5.687,-5.665,0.000000
2331.112305,-19.374,-173.152039,0.001852,8.681,-5.700,-5.678,0.000000
2339.181641,-19.580,-176.051743,0.001897,8.681,-5.714,-5.691,0.000000
2347.279053,-20.190,-176.659500,0.002035,8.681,-5.727,-5.705,0.000000
2355.404297,-20.855,-174.363632,0.002197,8.681,-5.741,-5.719,0.000000
2363.556885,-21.167,-169.120331,0.002277,8.681,-5.754,-5.732,0.000000
2371.739746,-20.886,-163.983185,0.002205,8.681,-5.768,-5.746,0.000000
2379.948486,-20.322,-159.900818,0.002066,8.681,-5.782,-5.759,0.000000
2388.188232,-19.592,-159.680283,0.001899,8.681,-5.796,-5.773,0.000000
2396.454102,-19.543,-162.245544,0.001889,8.681,-5.810,-5.787,0.000000
2404.749512,-19.531,-159.091675,0.001886,8.681,-5.823,-5.801,0.000000
2413.073975,-18.925,-156.543671,0.001759,8.681,-5.837,-5.815,0.000000
2421.427002,-18.211,-156.481476,0.001620,8.681,-5.851,-5.829,0.000000
2429.809082,-17.770,-161.140610,0.001540,8.681,-5.865,-5.843,0.000000
2438.220215,-17.871,-163.257858,0.001558,8.681,-5.880,-5.857,0.000000
2446.660400,-17.809,-164.012589,0.001547,8.681,-5.894,-5.871,0.000000
2455.129883,-17.686,-163.897141,0.001525,8.681,-5.908,-5.885,0.000000
2463.628418,-17.327,-164.235779,0.001463,8.681,-5.922,-5.899,0.000000
2472.155518,-17.128,-168.098862,0.001430,8.680,-5.936,-5.913,0.000000
2480.714355,-17.343,-169.987946,0.001465,8.680,-5.951,-5.928,0.000000
2489.300293,-17.403,-170.072006,0.001475,8.680,-5.965,-5.942,0.000000
2497.918701,-17.317,-169.508987,0.001460,8.680,-5.980,-5.956,0.000000
2506.564209,-16.829,-169.986664,0.001380,8.680,-5.994,-5.971,0.000000
2515.240967,-16.468,-173.475891,0.001324,8.680,-6.009,-5.985,0.000000
2523.947754,-16.597,-177.523422,0.001344,8.680,-6.023,-6.000,0.000000
2532.684814,-17.083,-177.905884,0.001421,8.680,-6.038,-6.014,0.000000
2541.453125,-16.900,-176.340256,0.001392,8.680,-6.053,-6.029,0.000000
2550.249512,-16.643,-179.506805,0.001351,8.680,-6.067,-6.043,0.000000
2559.077393,-16.963,176.770020,0.001402,8.680,-6.082,-6.058,0.000000
2567.936035,-17.454,177.086838,0.001483,8.680,-6.097,-6.073,0.000000
2576.825195,-17.776,178.980545,0.001539,8.680,-6.112,-6.088,0.000000
2585.745117,-18.140,-178.600143,0.001604,8.680,-6.127,-6.103,0.000000
2594.696045,-17.884,-175.398163,0.001558,8.680,-6.142,-6.118,0.000000
2603.676514,-17.493,-174.649185,0.001489,8.680,-6.157,-6.133,0.000000
2612.690918,-17.426,-176.966095,0.001477,8.680,-6.172,-6.148,0.000000
2621.733643,-17.766,-176.223007,0.001536,8.680,-6.187,-6.163,0.000000
2630.809082,-17.503,-171.787964,0.001490,8.680,-6.202,-6.178,0.000000
2639.916016,-16.792,-172.517288,0.001372,8.680,-6.218,-6.193,0.000000
2649.054443,-16.633,-177.004150,0.001347,8.680,-6.233,-6.208,0.000000
2658.225586,-16.622,-179.066986,0.001345,8.680,-6.248,-6.224,0.000000
2667.426025,-16.817,178.186829,0.001376,8.680,-6.264,-6.239,0.000000
2676.659668,-17.123,176.692169,0.001425,8.680,-6.279,-6.254,0.000000
2685.925293,-17.506,175.420822,0.001489,8.680,-6.295,-6.270,0.000000
2695.222900,-17.955,178.832718,0.001567,8.680,-6.310,-6.285,0.000000
2704.552734,-17.856,-178.456757,0.001549,8.680,-6.326,-6.301,0.000000
2713.914795,-17.907,-176.059708,0.001558,8.680,-6.342,-6.316,0.000000
2723.308105,-17.585,-172.460419,0.001501,8.680,-6.357,-6.332,0.000000
2732.736572,-17.210,-171.747498,0.001438,8.680,-6.373,-6.348,0.000000
2742.194824,-17.039,-170.619217,0.001409,8.680,-6.389,-6.364,0.000000
2751.688477,-16.854,-168.477997,0.001379,8.680,-6.405,-6.379,0.000000
2761.212646,-16.394,-166.521454,0.001308,8.680,-6.421,-6.395,0.000000
2770.770752,-15.960,-167.059937,0.001244,8.680,-6.437,-6.411,0.000000
2780.363525,-15.822,-169.207611,0.001224,8.680,-6.453,-6.427,0.000000
2789.986816,-15.446,-169.878525,0.001172,8.680,-6.469,-6.443,0.000000
2799.644531,-15.128,-172.808945,0.001130,8.680,-6.485,-6.459,0.000000
2809.335938,-15.149,-175.128311,0.001132,8.680,-6.502,-6.476,0.000000
2819.060791,-15.295,-176.150574,0.001151,8.680,-6.518,-6.492,0.000000
2828.819336,-15.191,-176.302948,0.001137,8.680,-6.534,-6.508,0.000000
2838.611572,-15.313,-178.177582,0.001153,8.680,-6.551,-6.524,0.000000
2848.436279,-15.453,-176.776321,0.001171,8.680,-6.567,-6.541,0.000000
2858.297852,-15.185,-175.957855,0.001135,8.680,-6.584,-6.557,0.000000
2868.190918,-15.068,-179.451248,0.001119,8.680,-6.600,-6.574,0.000000
2878.120850,-15.584,179.870041,0.001187,8.680,-6.617,-6.590,0.000000
2888.083740,-15.853,-178.806335,0.001224,8.680,-6.633,-6.607,0.000000
2898.079834,-15.705,-176.887802,0.001203,8.680,-6.650,-6.624,0.000000
2908.113281,-15.691,-177.333054,0.001200,8.680,-6.667,-6.640,0.000000
2918.178711,-15.665,-174.958176,0.001196,8.680,-6.684,-6.657,0.000000
2928.281738,-15.225,-175.035233,0.001136,8.680,-6.701,-6.674,0.000000
2938.416748,-15.123,-177.439011,0.001123,8.680,-6.718,-6.691,0.000000
2948.588379,-15.372,-177.703430,0.001155,8.680,-6.735,-6.708,0.000000
2958.795410,-15.230,-176.337708,0.001136,8.680,-6.752,-6.725,0.000000
2969.037598,-15.022,-177.154984,0.001108,8.680,-6.769,-6.742,0.000000
2979.313965,-15.047,-178.936646,0.001111,8.680,-6.786,-6.759,0.000000
2989.629883,-15.097,-179.057755,0.001117,8.680,-6.804,-6.776,0.000000
2999.974609,-14.992,179.084854,0.001103,8.680,-6.821,-6.794,0.000000
3010.360840,-15.346,177.409607,0.001149,8.680,-6.838,-6.811,0.000000
3020.782959,-15.694,177.819702,0.001195,8.680,-6.856,-6.828,0.000000
3031.238281,-15.735,179.229797,0.001200,8.680,-6.873,-6.846,0.000000
3041.732666,-15.838,178.710678,0.001213,8.680,-6.891,-6.863,0.000000
3052.260498,-16.221,179.351852,0.001267,8.680,-6.909,-6.881,0.000000
3062.827881,-16.401,-178.859161,0.001293,8.680,-6.926,-6.898,0.000000
3073.428711,-16.494,-177.296524,0.001306,8.680,-6.944,-6.916,0.000000
3084.066162,-16.526,-175.704239,0.001310,8.680,-6.962,-6.934,0.000000
3094.743652,-16.520,-174.906708,0.001308,8.680,-6.980,-6.952,0.000000
3105.457764,-16.602,-173.174637,0.001320,8.679,-6.998,-6.969,0.000000
3116.206299,-16.515,-172.890717,0.001306,8.679,-7.016,-6.987,0.000000
3126.991943,-16.569,-171.157104,0.001314,8.679,-7.034,-7.005,0.000000
3137.817871,-16.431,-170.922394,0.001292,8.679,-7.052,-7.023,0.000000
3148.681152,-16.432,-170.997803,0.001292,8.679,-7.070,-7.042,0.000000
3159.579346,-16.499,-171.403809,0.001301,8.679,-7.088,-7.060,0.000000
3170.515137,-16.769,-171.296860,0.001341,8.679,-7.107,-7.078,0.000000
3181.491699,-16.996,-169.577560,0.001375,8.679,-7.125,-7.096,0.000000
3192.503174,-16.868,-168.471588,0.001354,8.679,-7.144,-7.115,0.000000
3203.555908,-16.986,-168.895584,0.001371,8.679,-7.162,-7.133,0.000000
3214.644043,-17.227,-170.817307,0.001408,8.679,-7.181,-7.152,0.000000
3225.773438,-18.056,-168.179886,0.001548,8.679,-7.199,-7.170,0.000000
3236.938232,-18.170,-161.622604,0.001567,8.679,-7.218,-7.189,0.000000
3248.141602,-17.668,-156.773712,0.001478,8.679,-7.237,-7.207,0.000000
3259.386963,-17.142,-154.540497,0.001391,8.679,-7.256,-7.226,0.000000
3270.671387,-17.026,-154.332092,0.001371,8.679,-7.275,-7.245,0.000000
3281.991699,-17.025,-151.485001,0.001370,8.679,-7.294,-7.264,0.000000
3293.351074,-16.697,-149.193848,0.001318,8.679,-7.313,-7.283,0.000000
3304.752930,-16.564,-147.119934,0.001297,8.679,-7.332,-7.302,0.000000
3316.194336,-15.984,-145.091568,0.001212,8.679,-7.351,-7.321,0.000000
3327.672119,-15.624,-150.351547,0.001162,8.679,-7.370,-7.340,0.000000
3339.189697,-16.009,-154.298676,0.001214,8.679,-7.389,-7.359,0.000000
3350.750244,-16.574,-154.246124,0.001294,8.679,-7.409,-7.379,0.000000
3362.347656,-16.924,-151.660217,0.001347,8.679,-7.428,-7.398,0.000000
3373.985107,-16.789,-151.069748,0.001324,8.679,-7.448,-7.417,0.000000
3385.666260,-17.159,-150.472931,0.001381,8.679,-7.467,-7.437,0.000000
3397.387695,-17.153,-147.295609,0.001379,8.679,-7.487,-7.456,0.000000
3409.146484,-16.915,-147.162323,0.001340,8.679,-7.507,-7.476,0.000000
3420.946045,-17.221,-147.302322,0.001387,8.679,-7.526,-7.496,0.000000
3432.789795,-17.240,-144.104935,0.001389,8.679,-7.546,-7.515,0.000000
3444.674316,-17.044,-144.190445,0.001357,8.679,-7.566,-7.535,0.000000
3456.596924,-17.092,-144.279694,0.001363,8.679,-7.586,-7.555,0.000000
3468.560547,-17.294,-143.548538,0.001394,8.679,-7.606,-7.575,0.000000
3480.569092,-17.238,-143.082550,0.001384,8.679,-7.626,-7.595,0.000000
3492.615723,-17.572,-143.720230,0.001437,8.679,-7.647,-7.615,0.000000
3504.707520,-18.014,-142.193100,0.001511,8.679,-7.667,-7.635,0.000000
3516.837891,-18.441,-137.233032,0.001586,8.679,-7.687,-7.656,0.000000
3529.013428,-17.907,-134.513535,0.001490,8.679,-7.708,-7.676,0.000000
3541.228027,-17.916,-133.602264,0.001490,8.679,-7.728,-7.696,0.000000
3553.484619,-17.905,-132.377243,0.001487,8.679,-7.749,-7.717,0.000000
3565.787109,-17.921,-131.396530,0.001488,8.679,-7.769,-7.737,0.000000
3578.132080,-17.986,-130.260162,0.001498,8.679,-7.790,-7.758,0.000000
3590.516602,-18.083,-127.319107,0.001514,8.679,-7.811,-7.778,0.000000
3602.943848,-17.864,-125.625061,0.001475,8.679,-7.831,-7.799,0.000000
3615.417480,-17.546,-125.135979,0.001420,8.679,-7.852,-7.820,0.000000
3627.934570,-17.676,-127.965752,0.001440,8.679,-7.873,-7.841,0.000000
3640.491211,-18.255,-127.264687,0.001538,8.679,-7.894,-7.862,0.000000
3653.091553,-18.433,-125.448700,0.001568,8.679,-7.916,-7.883,0.000000
3665.739014,-18.739,-121.864113,0.001623,8.679,-7.937,-7.904,0.000000
3678.426514,-18.458,-118.698723,0.001570,8.679,-7.958,-7.925,0.000000
3691.161621,-18.019,-117.555824,0.001491,8.679,-7.979,-7.946,0.000000
3703.937256,-17.961,-120.340012,0.001479,8.679,-8.001,-7.968,0.000000
3716.760498,-18.457,-120.636902,0.001565,8.679,-8.022,-7.989,0.000000
3729.628418,-18.838,-118.002441,0.001634,8.678,-8.044,-8.011,0.000000
3742.533447,-18.810,-114.343643,0.001627,8.678,-8.065,-8.032,0.000000
3755.490479,-18.753,-112.995155,0.001615,8.678,-8.087,-8.054,0.000000
3768.492432,-18.425,-112.437744,0.001554,8.678,-8.109,-8.075,0.000000
3781.535645,-18.699,-116.210625,0.001602,8.678,-8.131,-8.097,0.000000
3794.624023,-19.475,-114.273422,0.001750,8.678,-8.153,-8.119,0.000000
3807.761475,-19.879,-111.240540,0.001832,8.678,-8.175,-8.141,0.000000
3820.940674,-20.160,-106.595421,0.001891,8.678,-8.197,-8.163,0.000000
3834.169189,-19.721,-102.959007,0.001796,8.678,-8.219,-8.185,0.000000
3847.439697,-19.451,-102.358955,0.001740,8.678,-8.241,-8.207,0.000000
3860.760010,-19.522,-102.513794,0.001752,8.678,-8.264,-8.229,0.000000
3874.126221,-19.821,-100.084694,0.001812,8.678,-8.286,-8.252,0.000000
3887.531494,-19.735,-97.229088,0.001793,8.678,-8.308,-8.274,0.000000
3900.990479,-19.502,-97.013603,0.001744,8.678,-8.331,-8.296,0.000000
3914.496094,-19.707,-96.809296,0.001784,8.678,-8.354,-8.319,0.000000
3928.048340,-19.627,-95.263939,0.001766,8.678,-8.376,-8.341,0.000000
3941.640137,-20.049,-97.321785,0.001852,8.678,-8.399,-8.364,0.000000
3955.286377,-20.814,-94.688614,0.002021,8.678,-8.422,-8.387,0.000000
3968.979980,-21.168,-89.753601,0.002103,8.678,-8.445,-8.410,0.000000
3982.717285,-21.262,-85.766632,0.002125,8.678,-8.468,-8.433,0.000000
3996.501953,-21.351,-81.049751,0.002145,8.678,-8.491,-8.456,0.000000
4010.338135,-21.181,-75.970627,0.002101,8.678,-8.499,-8.463,0.000000
4024.218506,-20.806,-71.748505,0.002011,8.678,-8.501,-8.465,0.000000
4038.150879,-20.463,-68.503998,0.001931,8.678,-8.503,-8.468,0.000000
4052.127441,-19.804,-64.836639,0.001788,8.678,-8.506,-8.470,0.000000
4066.156250,-19.012,-64.309502,0.001631,8.678,-8.508,-8.472,0.000000
4080.233643,-18.681,-66.780418,0.001569,8.678,-8.510,-8.475,0.000000
4094.352051,-18.424,-68.745178,0.001521,8.678,-8.513,-8.477,0.000000
4108.526855,-18.495,-72.186089,0.001532,8.678,-8.515,-8.479,0.000000
4122.750977,-18.742,-72.117287,0.001575,8.678,-8.517,-8.482,0.000000
4137.020508,-18.867,-71.021500,0.001596,8.678,-8.520,-8.484,0.000000
4151.339355,-18.971,-70.709984,0.001613,8.678,-8.522,-8.487,0.000000
4165.711914,-18.871,-72.290909,0.001593,8.678,-8.525,-8.489,0.000000
4180.133789,-19.496,-71.567940,0.001711,8.678,-8.527,-8.491,0.000000
4194.601562,-19.696,-67.836731,0.001749,8.678,-8.529,-8.494,0.000000
4209.120117,-19.579,-65.476921,0.001724,8.678,-8.532,-8.496,0.000000
4223.692383,-19.264,-63.686634,0.001662,8.678,-8.534,-8.499,0.000000
4238.314941,-19.015,-65.809982,0.001613,8.678,-8.537,-8.501,0.000000
4252.980469,-19.383,-67.089622,0.001682,8.678,-8.539,-8.503,0.000000
4267.704590,-19.481,-65.829063,0.001699,8.678,-8.542,-8.506,0.000000
4282.479980,-19.944,-64.885468,0.001791,8.678,-8.544,-8.508,0.000000
4297.306152,-19.732,-60.936249,0.001746,8.678,-8.547,-8.511,0.000000
4312.175781,-19.468,-65.115768,0.001692,8.678,-8.549,-8.513,0.000000
4327.104980,-20.358,-67.586090,0.001873,8.678,-8.552,-8.516,0.000000
4342.085449,-20.988,-64.303040,0.002012,8.678,-8.554,-8.518,0.000000
4357.114258,-21.561,-59.057606,0.002148,8.678,-8.557,-8.521,0.000000
4372.194824,-21.605,-52.305138,0.002156,8.678,-8.559,-8.523,0.000000
4387.331543,-21.521,-52.948830,0.002134,8.678,-8.562,-8.526,0.000000
4402.520996,-21.831,-52.571980,0.002209,8.678,-8.564,-8.528,0.000000
4417.758789,-22.365,-48.349926,0.002346,8.678,-8.567,-8.531,0.000000
4433.049316,-22.841,-41.788872,0.002476,8.678,-8.569,-8.533,0.000000
4448.396973,-22.339,-35.822807,0.002334,8.678,-8.572,-8.536,0.000000
4463.797852,-22.352,-36.014397,0.002335,8.678,-8.574,-8.538,0.000000
4479.243164,-21.997,-31.838863,0.002240,8.678,-8.577,-8.541,0.000000
4494.750977,-21.838,-31.196728,0.002197,8.678,-8.580,-8.544,0.000000
4510.312012,-21.921,-30.348787,0.002216,8.678,-8.582,-8.546,0.000000
4525.922852,-22.056,-28.309771,0.002248,8.678,-8.585,-8.549,0.000000
4541.587891,-22.114,-24.546621,0.002261,8.678,-8.587,-8.551,0.000000
4557.311035,-21.663,-21.876732,0.002144,8.678,-8.590,-8.554,0.000000
4573.088867,-21.425,-19.990068,0.002084,8.678,-8.593,-8.557,0.000000
4588.916992,-21.111,-19.199217,0.002007,8.678,-8.595,-8.559,0.000000
4604.799805,-21.447,-20.709044,0.002084,8.678,-8.598,-8.562,0.000000
4620.742188,-21.664,-14.980021,0.002134,8.678,-8.601,-8.565,0.000000
4636.739746,-21.367,-11.339981,0.002060,8.678,-8.603,-8.567,0.000000
4652.788086,-21.169,-8.681040,0.002011,8.678,-8.606,-8.570,0.000000
4668.892090,-20.658,-8.358278,0.001894,8.678,-8.609,-8.573,0.000000
4685.056152,-20.996,-12.516030,0.001967,8.678,-8.611,-8.575,0.000000
4701.276367,-21.652,-11.179151,0.002118,8.678,-8.614,-8.578,0.000000
4717.543457,-22.245,-6.730206,0.002265,8.678,-8.617,-8.581,0.000000
4733.875977,-21.967,-2.375380,0.002191,8.678,-8.620,-8.583,0.000000
4750.265137,-21.703,-1.819726,0.002123,8.678,-8.622,-8.586,0.000000
4766.706543,-22.023,-1.492251,0.002200,8.678,-8.625,-8.589,0.000000
4783.209473,-21.971,1.016866,0.002184,8.678,-8.628,-8.592,0.000000
4799.764648,-22.142,2.710602,0.002225,8.678,-8.631,-8.594,0.000000
4816.381836,-21.862,5.424807,0.002152,8.678,-8.633,-8.597,0.000000
4833.052246,-21.929,5.909992,0.002166,8.678,-8.636,-8.600,0.000000
4849.779785,-21.754,6.557894,0.002120,8.678,-8.639,-8.603,0.000000
4866.570312,-22.173,6.622839,0.002222,8.678,-8.642,-8.605,0.000000
4883.418945,-22.061,8.883012,0.002191,8.678,-8.645,-8.608,0.000000
4900.316406,-22.379,11.440760,0.002270,8.678,-8.648,-8.611,0.000000
4917.281738,-22.576,12.183503,0.002319,8.678,-8.650,-8.614,0.000000
4934.305664,-22.865,16.430786,0.002394,8.678,-8.653,-8.617,0.000000
4951.388672,-22.984,19.518137,0.002424,8.678,-8.656,-8.619,0.000000
4968.521484,-22.864,24.723679,0.002387,8.678,-8.659,-8.622,0.000000
4985.723145,-23.082,26.953722,0.002444,8.678,-8.662,-8.625,0.000000
5002.984375,-22.960,33.496162,0.002407,8.678,-8.665,-8.628,0.000000
5020.300293,-22.358,35.143814,0.002242,8.678,-8.668,-8.631,0.000000
5037.681152,-22.293,36.900425,0.002222,8.678,-8.671,-8.634,0.000000
5055.117188,-22.349,40.337589,0.002233,8.678,-8.673,-8.637,0.000000
5072.618164,-21.699,44.714859,0.002069,8.678,-8.676,-8.640,0.000000
5090.175293,-20.937,45.968456,0.001892,8.678,-8.679,-8.642,0.000000
5107.792969,-20.539,44.262180,0.001805,8.678,-8.682,-8.645,0.000000
5125.477051,-20.632,45.325829,0.001821,8.678,-8.685,-8.648,0.000000
5143.221680,-20.288,47.775333,0.001748,8.678,-8.688,-8.651,0.000000
5161.018066,-19.926,47.191559,0.001674,8.678,-8.691,-8.654,0.000000
5178.886230,-19.828,48.789261,0.001653,8.678,-8.694,-8.657,0.000000
5196.815918,-19.666,48.029625,0.001621,8.678,-8.697,-8.660,0.000000
5214.802734,-19.614,48.195969,0.001609,8.678,-8.700,-8.663,0.000000
5232.856934,-19.593,49.350056,0.001603,8.678,-8.703,-8.666,0.000000
5250.968750,-19.496,52.019909,0.001582,8.678,-8.706,-8.669,0.000000
5269.147949,-19.172,53.473019,0.001522,8.678,-8.709,-8.672,0.000000
5287.385254,-18.788,51.024029,0.001454,8.678,-8.712,-8.675,0.000000
5305.685547,-19.074,50.826469,0.001500,8.678,-8.715,-8.678,0.000000
5324.054199,-18.948,51.750286,0.001477,8.678,-8.718,-8.681,0.000000
5342.486816,-18.911,52.396057,0.001468,8.678,-8.722,-8.684,0.000000
5360.978027,-18.945,51.486153,0.001471,8.678,-8.725,-8.687,0.000000
5379.532715,-19.014,51.801289,0.001481,8.678,-8.728,-8.691,0.000000
5398.157227,-18.963,52.157761,0.001470,8.678,-8.731,-8.694,0.000000
5416.846191,-19.284,51.927334,0.001523,8.678,-8.734,-8.697,0.000000
5435.594727,-19.748,54.659096,0.001604,8.678,-8.737,-8.700,0.000000
5454.408203,-19.484,58.279530,0.001554,8.678,-8.740,-8.703,0.000000
5473.291992,-19.550,58.878464,0.001563,8.678,-8.743,-8.706,0.000000
5492.235352,-19.699,61.661938,0.001588,8.678,-8.747,-8.709,0.000000
5511.250000,-19.497,66.267578,0.001549,8.678,-8.750,-8.712,0.000000
5530.325195,-19.079,66.904274,0.001474,8.678,-8.753,-8.716,0.000000
5549.472168,-18.999,66.299049,0.001459,8.678,-8.756,-8.719,0.000000
5568.679199,-19.153,68.422119,0.001483,8.678,-8.759,-8.722,0.000000
5587.953613,-18.901,70.004990,0.001438,8.678,-8.763,-8.725,0.000000
5607.299316,-19.061,68.429413,0.001463,8.678,-8.766,-8.728,0.000000
5626.712402,-19.268,71.705025,0.001496,8.678,-8.769,-8.732,0.000000
5646.181641,-19.105,74.841148,0.001466,8.678,-8.772,-8.735,0.000000
5665.729492,-18.804,74.019829,0.001414,8.678,-8.776,-8.738,0.000000
5685.344727,-19.159,75.281143,0.001471,8.678,-8.779,-8.741,0.000000
5705.027832,-19.293,77.512314,0.001491,8.678,-8.782,-8.745,0.000000
5724.773926,-19.151,79.492493,0.001465,8.678,-8.785,-8.748,0.000000
5744.587891,-19.375,81.444313,0.001501,8.678,-8.789,-8.751,0.000000
5764.476562,-19.120,84.874542,0.001455,8.678,-8.792,-8.754,0.000000
5784.428223,-18.689,85.104851,0.001383,8.678,-8.795,-8.758,0.000000
5804.448730,-18.981,85.971481,0.001428,8.677,-8.799,-8.761,0.000000
5824.544434,-19.079,88.865852,0.001442,8.677,-8.802,-8.764,0.000000
5844.709473,-18.725,91.399757,0.001383,8.677,-8.806,-8.768,0.000000
5864.938965,-18.599,92.653702,0.001361,8.677,-8.809,-8.771,0.000000
5885.238281,-18.565,93.154724,0.001354,8.677,-8.812,-8.775,0.000000
5905.613281,-18.394,97.038116,0.001326,8.677,-8.816,-8.778,0.000000
5926.059082,-18.189,95.661125,0.001293,8.677,-8.819,-8.781,0.000000
5946.570312,-18.303,96.620949,0.001309,8.677,-8.823,-8.785,0.000000
5967.151855,-17.995,98.617455,0.001262,8.677,-8.826,-8.788,0.000000
5987.811035,-17.719,97.021469,0.001221,8.677,-8.829,-8.792,0.000000
6008.535645,-17.919,95.974648,0.001248,8.677,-8.833,-8.795,0.000000
6029.337402,-18.041,95.849640,0.001264,8.677,-8.836,-8.798,0.000000
6050.206055,-18.169,96.595459,0.001281,8.677,-8.840,-8.802,0.000000
6071.152344,-18.364,96.185432,0.001309,8.677,-8.843,-8.805,0.000000
6092.165527,-18.638,97.464058,0.001349,8.677,-8.847,-8.809,0.000000
6113.251465,-18.693,100.238243,0.001356,8.677,-8.850,-8.812,0.000000
6134.416016,-18.774,100.983147,0.001367,8.677,-8.854,-8.816,0.000000
6155.653809,-18.873,102.450912,0.001381,8.677,-8.858,-8.819,0.000000
6176.959473,-18.709,103.630913,0.001354,8.677,-8.861,-8.823,0.000000
6198.338867,-18.931,103.447754,0.001387,8.677,-8.865,-8.827,0.000000
6219.797852,-19.170,106.046310,0.001424,8.677,-8.868,-8.830,0.000000
6241.331543,-18.882,108.044296,0.001376,8.677,-8.872,-8.834,0.000000
6262.933594,-18.958,107.523849,0.001386,8.677,-8.876,-8.837,0.000000
6284.610352,-18.895,108.181335,0.001375,8.677,-8.879,-8.841,0.000000
6306.368652,-19.059,108.128128,0.001399,8.677,-8.883,-8.844,0.000000
6328.195801,-19.318,107.276917,0.001440,8.677,-8.886,-8.848,0.000000
6350.104492,-19.719,108.080276,0.001506,8.677,-8.890,-8.852,0.000000
6372.083008,-20.145,111.477921,0.001580,8.677,-8.894,-8.855,0.000000
6394.143555,-19.918,113.933243,0.001537,8.677,-8.897,-8.859,0.000000
6416.274902,-20.177,114.644585,0.001582,8.677,-8.901,-8.863,0.000000
6438.482422,-20.332,117.265991,0.001608,8.677,-8.905,-8.866,0.000000
6460.772949,-20.279,117.837570,0.001597,8.677,-8.909,-8.870,0.000000
6483.140625,-20.575,117.594994,0.001650,8.677,-8.912,-8.874,0.000000
6505.580078,-20.945,119.762489,0.001720,8.677,-8.916,-8.878,0.000000
6528.096680,-21.161,122.690292,0.001762,8.677,-8.920,-8.881,0.000000
6550.697266,-21.259,125.572807,0.001780,8.677,-8.924,-8.885,0.000000
6573.370605,-21.329,126.786499,0.001793,8.677,-8.927,-8.889,0.000000
6596.127930,-21.302,129.580490,0.001785,8.677,-8.931,-8.893,0.000000
6618.958008,-21.402,130.557236,0.001804,8.677,-8.935,-8.896,0.000000
6641.873535,-21.640,130.321625,0.001852,8.677,-8.939,-8.900,0.000000
6664.861816,-21.907,132.087265,0.001907,8.677,-8.943,-8.904,0.000000
6687.930176,-22.387,133.559723,0.002013,8.677,-8.947,-8.908,0.000000
6711.084473,-22.392,137.739822,0.002012,8.677,-8.951,-8.912,0.000000
6734.318848,-22.576,140.736633,0.002052,8.677,-8.954,-8.916,0.000000
6757.633301,-22.780,141.932709,0.002099,8.677,-8.958,-8.919,0.000000
6781.016113,-23.161,142.685654,0.002191,8.677,-8.962,-8.923,0.000000
6804.492676,-24.043,145.432983,0.002422,8.677,-8.966,-8.927,0.000000
6828.050293,-24.650,153.297455,0.002595,8.677,-8.970,-8.931,0.000000
6851.683105,-24.369,157.531677,0.002510,8.677,-8.974,-8.935,0.000000
6875.397949,-24.611,166.606125,0.002578,8.677,-8.978,-8.939,0.000000
6899.201172,-24.041,169.631271,0.002412,8.677,-8.982,-8.943,0.000000
6923.080078,-23.836,171.558838,0.002353,8.677,-8.986,-8.947,0.000000
6947.048828,-23.965,174.026886,0.002386,8.677,-8.990,-8.951,0.000000
6971.093262,-24.130,177.192596,0.002429,8.677,-8.994,-8.955,0.000000
6995.228027,-24.318,-176.464935,0.002480,8.677,-8.998,-8.959,0.000000
7019.446289,-23.765,-173.468933,0.002324,8.677,-9.002,-8.963,0.000000
7043.734863,-24.033,-171.468948,0.002395,8.677,-9.006,-8.967,0.000000
7068.120605,-23.720,-169.068161,0.002307,8.677,-9.010,-8.971,0.000000
7092.591309,-24.020,-168.771454,0.002386,8.677,-9.014,-8.975,0.000000
7117.139648,-24.303,-165.197205,0.002462,8.677,-9.018,-8.979,0.000000
7141.772949,-24.421,-160.578156,0.002494,8.677,-9.023,-8.983,0.000000
7166.498535,-24.340,-154.040314,0.002468,8.677,-9.027,-8.987,0.000000
7191.309570,-23.242,-150.998734,0.002172,8.677,-9.031,-8.991,0.000000
7216.199707,-23.247,-150.873352,0.002172,8.677,-9.035,-8.996,0.000000
7241.176270,-22.982,-148.152313,0.002104,8.677,-9.039,-9.000,0.000000
7266.245605,-22.712,-146.938583,0.002038,8.677,-9.043,-9.004,0.000000
7291.402344,-22.637,-145.112717,0.002019,8.677,-9.048,-9.008,0.000000
7316.631836,-22.518,-143.648254,0.001990,8.677,-9.052,-9.012,0.000000
7341.962402,-22.286,-142.354858,0.001936,8.677,-9.056,-9.016,0.000000
7367.381348,-21.984,-143.370987,0.001868,8.677,-9.060,-9.021,0.000000
7392.887695,-22.642,-144.224686,0.002013,8.677,-9.065,-9.025,0.000000
7418.468262,-22.853,-141.390961,0.002060,8.677,-9.069,-9.029,0.000000
7444.151855,-23.058,-138.665649,0.002108,8.677,-9.073,-9.033,0.000000
7469.924316,-23.437,-135.613876,0.002199,8.677,-9.077,-9.038,0.000000
7495.778809,-23.277,-131.898376,0.002157,8.677,-9.082,-9.042,0.000000
7521.722656,-23.380,-127.943398,0.002180,8.677,-9.086,-9.046,0.000000
7547.763672,-23.322,-124.665459,0.002164,8.677,-9.091,-9.051,0.000000
7573.887207,-23.333,-120.951378,0.002164,8.677,-9.095,-9.055,0.000000
7600.108887,-22.826,-116.294495,0.002039,8.677,-9.099,-9.059,0.000000
7626.414062,-22.834,-114.452003,0.002039,8.677,-9.104,-9.064,0.000000
7652.817383,-22.449,-114.077042,0.001949,8.677,-9.108,-9.068,0.000000
7679.312012,-22.697,-113.176231,0.002003,8.677,-9.113,-9.072,0.000000
7705.883789,-22.672,-109.412743,0.001995,8.677,-9.117,-9.077,0.000000
7732.562500,-22.507,-108.246536,0.001956,8.677,-9.121,-9.081,0.000000
7759.333008,-22.945,-105.707436,0.002055,8.677,-9.126,-9.086,0.000000
7786.189453,-22.848,-100.646751,0.002030,8.677,-9.130,-9.090,0.000000
7813.138672,-22.895,-97.925888,0.002039,8.677,-9.135,-9.095,0.000000
7840.188477,-22.917,-92.987030,0.002043,8.677,-9.139,-9.099,0.000000
7867.331543,-22.808,-86.467178,0.002016,8.677,-9.144,-9.104,0.000000
7894.561523,-22.171,-82.667213,0.001871,8.677,-9.149,-9.108,0.000000
7921.885742,-21.805,-81.295235,0.001793,8.677,-9.153,-9.113,0.000000
7949.312012,-21.657,-77.089157,0.001761,8.677,-9.158,-9.117,0.000000
7976.833496,-21.085,-73.931648,0.001647,8.677,-9.162,-9.122,0.000000
8004.442383,-20.595,-75.211235,0.001555,8.677,-9.166,-9.126,0.000000
8032.146973,-20.586,-74.114166,0.001552,8.677,-9.167,-9.126,0.000000
8059.955078,-20.268,-72.915649,0.001494,8.677,-9.167,-9.126,0.000000
8087.859375,-20.296,-73.555252,0.001498,8.677,-9.167,-9.127,0.000000
8115.844727,-20.623,-70.535622,0.001553,8.677,-9.168,-9.127,0.000000
8143.942383,-20.405,-68.929642,0.001513,8.677,-9.168,-9.127,0.000000
8172.137695,-20.255,-68.104561,0.001486,8.677,-9.168,-9.128,0.000000
8200.422852,-20.333,-65.648529,0.001497,8.677,-9.168,-9.128,0.000000
8228.805664,-20.486,-63.535606,0.001522,8.677,-9.169,-9.128,0.000000
8257.293945,-20.243,-59.986057,0.001478,8.677,-9.169,-9.129,0.000000
8285.881836,-20.007,-58.356495,0.001437,8.677,-9.169,-9.129,0.000000
8314.560547,-19.764,-55.871712,0.001395,8.677,-9.170,-9.129,0.000000
8343.337891,-19.692,-56.606586,0.001382,8.677,-9.170,-9.130,0.000000
8372.223633,-19.869,-53.821735,0.001409,8.677,-9.170,-9.130,0.000000
8401.208984,-19.803,-50.730461,0.001397,8.677,-9.171,-9.130,0.000000
8430.278320,-19.396,-49.541073,0.001332,8.677,-9.171,-9.131,0.000000
8459.464844,-19.507,-49.337299,0.001348,8.677,-9.171,-9.131,0.000000
8488.752930,-19.662,-46.774761,0.001371,8.677,-9.172,-9.131,0.000000
8518.141602,-19.568,-44.065784,0.001354,8.677,-9.172,-9.132,0.000000
8547.616211,-19.699,-41.749390,0.001373,8.677,-9.172,-9.132,0.000000
8577.208008,-19.689,-37.140144,0.001370,8.677,-9.173,-9.132,0.000000
8606.903320,-19.262,-34.672688,0.001302,8.677,-9.173,-9.133,0.000000
8636.693359,-19.034,-33.960197,0.001267,8.677,-9.174,-9.133,0.000000
8666.594727,-19.108,-31.556583,0.001276,8.677,-9.174,-9.133,0.000000
8696.590820,-18.797,-29.279991,0.001229,8.677,-9.174,-9.134,0.000000
8726.699219,-18.517,-28.236673,0.001188,8.677,-9.175,-9.134,0.000000
8756.903320,-18.424,-27.390041,0.001174,8.677,-9.175,-9.134,0.000000
8787.211914,-18.207,-26.425352,0.001144,8.677,-9.175,-9.135,0.000000
8817.634766,-18.163,-26.912409,0.001136,8.677,-9.176,-9.135,0.000000
8848.162109,-18.254,-27.669086,0.001147,8.677,-9.176,-9.135,0.000000
8878.778320,-18.679,-27.490614,0.001203,8.677,-9.176,-9.136,0.000000
8909.517578,-18.754,-24.949022,0.001211,8.677,-9.177,-9.136,0.000000
8940.363281,-19.110,-23.683882,0.001260,8.677,-9.177,-9.137,0.000000
8971.306641,-19.141,-21.261049,0.001262,8.677,-9.177,-9.137,0.000000
9002.366211,-19.254,-19.329330,0.001277,8.677,-9.178,-9.137,0.000000
9033.524414,-19.385,-17.660633,0.001294,8.677,-9.178,-9.138,0.000000
9064.799805,-19.445,-16.099279,0.001301,8.677,-9.178,-9.138,0.000000
9096.173828,-19.654,-15.018336,0.001331,8.677,-9.179,-9.138,0.000000
9127.657227,-19.862,-12.932149,0.001361,8.677,-9.179,-9.139,0.000000
9159.257812,-20.098,-12.875260,0.001397,8.677,-9.180,-9.139,0.000000
9190.967773,-20.466,-9.799373,0.001455,8.677,-9.180,-9.139,0.000000
9222.770508,-20.678,-8.565931,0.001488,8.677,-9.180,-9.140,0.000000
9254.701172,-21.142,-4.692512,0.001568,8.677,-9.181,-9.140,0.000000
9286.741211,-21.267,-2.424278,0.001588,8.677,-9.181,-9.141,0.000000
9318.892578,-21.794,2.588661,0.001685,8.677,-9.181,-9.141,0.000000
9351.137695,-21.707,7.411886,0.001665,8.677,-9.182,-9.141,0.000000
9383.512695,-21.710,11.098248,0.001663,8.677,-9.182,-9.142,0.000000
9415.999023,-21.689,13.525577,0.001656,8.677,-9.183,-9.142,0.000000
9448.588867,-21.772,16.650101,0.001669,8.677,-9.183,-9.142,0.000000
9481.300781,-21.954,19.083645,0.001701,8.677,-9.183,-9.143,0.000000
9514.117188,-21.678,24.159515,0.001645,8.677,-9.184,-9.143,0.000000
9547.055664,-21.933,25.550316,0.001691,8.677,-9.184,-9.144,0.000000
9580.099609,-21.781,29.647573,0.001659,8.677,-9.184,-9.144,0.000000
9613.257812,-21.874,30.929771,0.001675,8.677,-9.185,-9.144,0.000000
9646.540039,-22.083,33.477718,0.001713,8.677,-9.185,-9.145,0.000000
9679.936523,-22.135,36.095139,0.001720,8.677,-9.186,-9.145,0.000000
9713.431641,-21.999,41.381779,0.001691,8.677,-9.186,-9.145,0.000000
9747.060547,-21.986,43.061039,0.001686,8.677,-9.186,-9.146,0.000000
9780.805664,-22.306,43.359978,0.001747,8.677,-9.187,-9.146,0.000000
9814.658203,-22.481,49.748783,0.001779,8.677,-9.187,-9.147,0.000000
9848.637695,-22.557,53.285007,0.001792,8.677,-9.188,-9.147,0.000000
9882.724609,-22.727,57.737572,0.001825,8.677,-9.188,-9.147,0.000000
9916.939453,-22.679,63.565868,0.001812,8.677,-9.188,-9.148,0.000000
9951.263672,-22.796,68.346832,0.001834,8.677,-9.189,-9.148,0.000000
9985.706055,-22.511,71.088249,0.001772,8.677,-9.189,-9.149,0.000000
10020.278320,-22.538,75.364143,0.001775,8.677,-9.189,-9.149,0.000000
10054.968750,-22.268,79.596474,0.001718,8.677,-9.190,-9.149,0.000000
10089.770508,-22.136,81.244965,0.001691,8.677,-9.190,-9.150,0.000000
10124.692383,-22.153,84.177528,0.001692,8.677,-9.191,-9.150,0.000000
10159.745117,-21.875,87.150436,0.001636,8.677,-9.191,-9.151,0.000000
10194.918945,-21.968,88.616333,0.001652,8.677,-9.192,-9.151,0.000000
10230.205078,-21.786,92.029312,0.001616,8.677,-9.192,-9.151,0.000000
10265.613281,-21.813,94.439682,0.001619,8.677,-9.192,-9.152,0.000000
10301.154297,-21.793,96.574684,0.001614,8.677,-9.193,-9.152,0.000000
10336.807617,-21.962,99.440521,0.001645,8.677,-9.193,-9.153,0.000000
10372.594727,-21.744,103.426849,0.001602,8.677,-9.194,-9.153,0.000000
10408.496094,-21.757,104.523682,0.001603,8.677,-9.194,-9.153,0.000000
10444.531250,-22.086,106.472038,0.001664,8.677,-9.194,-9.154,0.000000
10480.680664,-22.172,111.665443,0.001679,8.677,-9.195,-9.154,0.000000
10516.956055,-22.166,114.693077,0.001678,8.677,-9.195,-9.155,0.000000
10553.367188,-22.299,117.500542,0.001703,8.677,-9.196,-9.155,0.000000
10589.903320,-22.141,121.653252,0.001672,8.677,-9.196,-9.155,0.000000
10626.546875,-22.223,124.909058,0.001687,8.677,-9.196,-9.156,0.000000
10663.336914,-22.259,127.251366,0.001693,8.677,-9.197,-9.156,0.000000
10700.253906,-22.541,134.175369,0.001748,8.677,-9.197,-9.157,0.000000
10737.299805,-22.031,138.564178,0.001649,8.677,-9.198,-9.157,0.000000
10774.462891,-22.030,141.653824,0.001648,8.677,-9.198,-9.158,0.000000
10811.754883,-21.973,144.468460,0.001638,8.677,-9.199,-9.158,0.000000
10849.185547,-21.944,150.271896,0.001632,8.677,-9.199,-9.158,0.000000
10886.736328,-21.809,150.513199,0.001607,8.677,-9.199,-9.159,0.000000
10924.427734,-21.859,158.654938,0.001616,8.677,-9.200,-9.159,0.000000
10962.238281,-21.548,162.629501,0.001559,8.677,-9.200,-9.160,0.000000
11000.190430,-21.010,166.000122,0.001466,8.677,-9.201,-9.160,0.000000
11038.263672,-21.236,167.028839,0.001506,8.677,-9.201,-9.161,0.000000
11076.468750,-20.943,172.105453,0.001457,8.676,-9.202,-9.161,0.000000
11114.816406,-20.948,176.595901,0.001459,8.676,-9.202,-9.161,0.000000
11153.296875,-20.415,179.422974,0.001373,8.676,-9.203,-9.162,0.000000
11191.900391,-20.445,-177.079147,0.001379,8.676,-9.203,-9.162,0.000000
11230.636719,-19.806,-176.155029,0.001282,8.676,-9.203,-9.163,0.000000
11269.518555,-20.052,-174.524643,0.001320,8.676,-9.204,-9.163,0.000000
11308.523438,-19.722,-172.554337,0.001272,8.676,-9.204,-9.164,0.000000
11347.674805,-19.699,-169.923660,0.001270,8.676,-9.205,-9.164,0.000000
11386.951172,-19.488,-168.600327,0.001241,8.676,-9.205,-9.165,0.000000
11426.373047,-19.386,-166.966904,0.001228,8.676,-9.206,-9.165,0.000000
11465.921875,-19.423,-166.955688,0.001234,8.676,-9.206,-9.166,0.000000
11505.606445,-19.489,-163.623962,0.001245,8.676,-9.207,-9.166,0.000000
11545.440430,-19.541,-161.806091,0.001254,8.676,-9.207,-9.166,0.000000
11585.412109,-19.421,-158.382462,0.001239,8.676,-9.208,-9.167,0.000000
11625.521484,-19.494,-157.429794,0.001251,8.676,-9.208,-9.167,0.000000
11665.748047,-19.483,-154.136566,0.001251,8.676,-9.208,-9.168,0.000000
11706.135742,-19.553,-152.187363,0.001263,8.676,-9.209,-9.168,0.000000
11746.664062,-19.616,-149.133102,0.001274,8.676,-9.209,-9.169,0.000000
11787.320312,-19.915,-146.966187,0.001321,8.676,-9.210,-9.169,0.000000
11828.118164,-19.789,-142.539124,0.001304,8.676,-9.210,-9.170,0.000000
11869.068359,-19.664,-140.335434,0.001288,8.676,-9.211,-9.170,0.000000
11910.148438,-19.734,-138.053879,0.001301,8.676,-9.211,-9.171,0.000000
11951.382812,-19.814,-135.335388,0.001316,8.676,-9.212,-9.171,0.000000
11992.748047,-19.829,-132.415634,0.001320,8.676,-9.212,-9.172,0.000000
12034.268555,-19.782,-129.533173,0.001316,8.676,-9.213,-9.172,0.000000
12075.931641,-19.916,-127.274834,0.001339,8.676,-9.213,-9.173,0.000000
12117.716797,-19.808,-124.629723,0.001325,8.676,-9.214,-9.173,0.000000
12159.669922,-19.902,-123.688583,0.001342,8.676,-9.214,-9.173,0.000000
12201.767578,-20.326,-121.703056,0.001412,8.676,-9.215,-9.174,0.000000
12243.999023,-20.544,-117.765099,0.001451,8.676,-9.215,-9.174,0.000000
12286.377930,-20.620,-115.172531,0.001467,8.676,-9.216,-9.175,0.000000
12328.914062,-20.910,-111.505615,0.001520,8.676,-9.216,-9.175,0.000000
12371.597656,-21.046,-107.753761,0.001548,8.676,-9.217,-9.176,0.000000
12414.417969,-21.035,-105.195206,0.001549,8.676,-9.217,-9.176,0.000000
12457.385742,-21.254,-102.658577,0.001592,8.676,-9.218,-9.177,0.000000
12500.514648,-21.372,-98.791611,0.001618,8.676,-9.218,-9.177,0.000000
12543.780273,-21.604,-96.425766,0.001665,8.676,-9.219,-9.178,0.000000
12587.196289,-21.861,-92.933266,0.001719,8.676,-9.219,-9.178,0.000000
12630.774414,-21.990,-89.231300,0.001749,8.676,-9.220,-9.179,0.000000
12674.502930,-22.186,-86.274101,0.001793,8.676,-9.220,-9.179,0.000000
12718.383789,-22.515,-83.024002,0.001866,8.676,-9.221,-9.180,0.000000
12762.391602,-23.077,-78.321373,0.001995,8.676,-9.221,-9.180,0.000000
12806.576172,-23.191,-74.622620,0.002026,8.676,-9.222,-9.181,0.000000
12850.914062,-23.643,-69.352539,0.002139,8.676,-9.222,-9.181,0.000000
12895.392578,-23.798,-64.834526,0.002182,8.676,-9.223,-9.182,0.000000
12940.025391,-24.097,-57.962036,0.002264,8.676,-9.223,-9.182,0.000000
12984.825195,-23.933,-53.439419,0.002226,8.676,-9.224,-9.183,0.000000
13029.767578,-23.987,-47.634857,0.002244,8.676,-9.224,-9.183,0.000000
13074.876953,-24.070,-43.766396,0.002271,8.676,-9.225,-9.184,0.000000
13120.131836,-24.186,-39.495617,0.002306,8.676,-9.225,-9.184,0.000000
13165.554688,-24.402,-33.936386,0.002369,8.676,-9.226,-9.185,0.000000
13211.134766,-24.354,-27.910044,0.002361,8.676,-9.226,-9.186,0.000000
13256.847656,-24.599,-25.407734,0.002433,8.676,-9.227,-9.186,0.000000
13302.744141,-24.225,-19.325409,0.002335,8.676,-9.227,-9.187,0.000000
13348.799805,-24.387,-17.085611,0.002384,8.676,-9.228,-9.187,0.000000
13395.001953,-24.646,-12.371552,0.002461,8.676,-9.228,-9.188,0.000000
13441.363281,-24.669,-6.217329,0.002473,8.676,-9.229,-9.188,0.000000
13487.899414,-24.505,-2.941249,0.002432,8.676,-9.230,-9.189,0.000000
13534.595703,-24.646,1.418846,0.002477,8.676,-9.230,-9.189,0.000000
13581.440430,-24.719,7.467989,0.002502,8.676,-9.231,-9.190,0.000000
13628.447266,-24.512,12.683686,0.002448,8.676,-9.231,-9.190,0.000000
13675.630859,-24.349,15.603475,0.002407,8.676,-9.232,-9.191,0.000000
13722.976562,-24.476,18.605474,0.002447,8.676,-9.232,-9.191,0.000000
13770.473633,-24.389,25.800758,0.002427,8.676,-9.233,-9.192,0.000000
13818.135742,-24.192,30.293732,0.002377,8.676,-9.233,-9.192,0.000000
13865.975586,-23.916,34.048531,0.002307,8.676,-9.234,-9.193,0.000000
13913.980469,-23.745,38.805241,0.002266,8.676,-9.234,-9.194,0.000000
13962.125977,-23.670,42.567822,0.002250,8.676,-9.235,-9.194,0.000000
14010.463867,-23.670,45.220440,0.002254,8.676,-9.236,-9.195,0.000000
14058.969727,-23.577,50.457481,0.002234,8.676,-9.236,-9.195,0.000000
14107.628906,-23.412,54.311214,0.002196,8.676,-9.237,-9.196,0.000000
14156.458008,-23.221,55.684517,0.002151,8.676,-9.237,-9.196,0.000000
14205.468750,-23.451,58.597099,0.002212,8.676,-9.238,-9.197,0.000000
14254.635742,-23.590,62.872208,0.002251,8.676,-9.238,-9.197,0.000000
14303.986328,-23.345,68.250786,0.002192,8.676,-9.239,-9.198,0.000000
14353.495117,-23.258,72.193947,0.002173,8.676,-9.240,-9.199,0.000000
14403.188477,-23.175,74.513466,0.002155,8.676,-9.240,-9.199,0.000000
14453.052734,-23.190,78.594269,0.002162,8.676,-9.241,-9.200,0.000000
14503.063477,-23.188,82.916924,0.002164,8.676,-9.241,-9.200,0.000000
14553.274414,-23.321,87.309074,0.002201,8.676,-9.242,-9.201,0.000000
14603.659180,-23.068,93.062111,0.002140,8.676,-9.242,-9.202,0.000000
14654.218750,-22.812,96.920372,0.002081,8.676,-9.243,-9.202,0.000000
14704.924805,-22.847,100.326645,0.002092,8.676,-9.244,-9.203,0.000000
14755.834961,-22.746,104.862061,0.002071,8.676,-9.244,-9.203,0.000000
14806.920898,-22.902,109.726700,0.002111,8.676,-9.245,-9.204,0.000000
14858.168945,-22.801,115.028694,0.002090,8.676,-9.245,-9.204,0.000000
14909.609375,-22.470,119.301987,0.002015,8.676,-9.246,-9.205,0.000000
14961.213867,-22.457,124.804344,0.002014,8.676,-9.247,-9.206,0.000000
15013.010742,-22.315,127.511124,0.001984,8.676,-9.247,-9.206,0.000000
15064.973633,-22.371,131.496506,0.002000,8.676,-9.248,-9.207,0.000000
15117.115234,-22.326,136.591797,0.001992,8.676,-9.248,-9.207,0.000000
15169.452148,-22.270,140.785599,0.001982,8.676,-9.249,-9.208,0.000000
15221.969727,-22.144,145.737747,0.001956,8.676,-9.250,-9.209,0.000000
15274.640625,-22.042,149.582596,0.001936,8.676,-9.250,-9.209,0.000000
15327.523438,-22.054,151.939377,0.001940,8.676,-9.251,-9.210,0.000000
15380.588867,-22.138,155.970718,0.001962,8.676,-9.251,-9.210,0.000000
15433.823242,-22.235,160.305969,0.001986,8.676,-9.252,-9.211,0.000000
15487.241211,-22.325,164.196457,0.002009,8.676,-9.253,-9.212,0.000000
15540.859375,-22.440,168.263321,0.002039,8.676,-9.253,-9.212,0.000000
15594.664062,-22.603,172.616623,0.002080,8.676,-9.254,-9.213,0.000000
15648.638672,-22.829,177.109909,0.002138,8.676,-9.254,-9.213,0.000000
15702.800781,-23.136,-176.437057,0.002218,8.676,-9.255,-9.214,0.000000
15757.166016,-23.160,-171.069199,0.002227,8.676,-9.256,-9.215,0.000000
15811.718750,-23.285,-165.400406,0.002263,8.676,-9.256,-9.215,0.000000
15866.429688,-23.186,-159.407776,0.002240,8.676,-9.257,-9.216,0.000000
15921.361328,-23.404,-151.953476,0.002300,8.676,-9.258,-9.217,0.000000
15976.482422,-23.180,-146.757080,0.002244,8.676,-9.258,-9.217,0.000000
16031.793945,-23.342,-140.928406,0.002289,8.676,-9.259,-9.218,0.000000
16087.267578,-23.411,-136.569931,0.002310,8.676,-9.260,-9.219,0.000000
16142.962891,-23.640,-130.335281,0.002375,8.676,-9.260,-9.219,0.000000
16198.851562,-23.663,-121.595596,0.002384,8.676,-9.261,-9.220,0.000000
16254.917969,-23.626,-113.386002,0.002377,8.676,-9.261,-9.220,0.000000
16311.194336,-23.230,-104.766090,0.002274,8.676,-9.262,-9.221,0.000000
16367.649414,-23.052,-96.922569,0.002231,8.676,-9.263,-9.222,0.000000
16424.316406,-22.898,-87.693001,0.002196,8.676,-9.263,-9.222,0.000000
16481.162109,-22.081,-78.505371,0.002002,8.676,-9.264,-9.223,0.000000
16538.205078,-21.680,-70.986107,0.001914,8.676,-9.265,-9.224,0.000000
16595.462891,-20.741,-64.527718,0.001721,8.676,-9.265,-9.224,0.000000
16652.917969,-20.276,-62.382992,0.001634,8.676,-9.266,-9.225,0.000000
16710.539062,-19.766,-55.753605,0.001542,8.676,-9.267,-9.226,0.000000
16768.392578,-18.915,-52.036461,0.001400,8.676,-9.267,-9.226,0.000000
16826.447266,-18.484,-48.015930,0.001334,8.676,-9.268,-9.227,0.000000
16884.685547,-18.078,-45.265976,0.001275,8.676,-9.269,-9.228,0.000000
16943.142578,-17.687,-41.854042,0.001221,8.676,-9.269,-9.228,0.000000
17001.785156,-17.383,-36.954971,0.001180,8.676,-9.270,-9.229,0.000000
17060.646484,-16.939,-32.802425,0.001123,8.676,-9.271,-9.230,0.000000
17119.695312,-16.521,-29.105448,0.001072,8.676,-9.271,-9.230,0.000000
17178.949219,-16.149,-25.465139,0.001028,8.676,-9.272,-9.231,0.000000
17238.423828,-15.871,-20.577635,0.000997,8.676,-9.273,-9.232,0.000000
17298.105469,-15.320,-15.459921,0.000937,8.676,-9.274,-9.232,0.000000
17357.976562,-14.769,-10.523730,0.000881,8.676,-9.274,-9.233,0.000000
17418.054688,-14.133,-6.811569,0.000820,8.676,-9.275,-9.234,0.000000
17478.357422,-13.496,-3.508605,0.000763,8.676,-9.276,-9.234,0.000000
17538.869141,-12.918,-1.558713,0.000715,8.676,-9.276,-9.235,0.000000
17599.556641,-12.559,1.711544,0.000687,8.676,-9.277,-9.236,0.000000
17660.488281,-12.025,5.096722,0.000647,8.676,-9.278,-9.237,0.000000
17721.630859,-11.681,7.659404,0.000622,8.676,-9.278,-9.237,0.000000
17782.968750,-11.285,10.900133,0.000596,8.676,-9.279,-9.238,0.000000
17844.535156,-10.940,13.384057,0.000573,8.676,-9.280,-9.239,0.000000
17906.296875,-10.672,17.185863,0.000556,8.676,-9.281,-9.239,0.000000
17968.291016,-10.455,20.350880,0.000544,8.676,-9.281,-9.240,0.000000
18030.480469,-10.259,23.689737,0.000532,8.676,-9.282,-9.241,0.000000
18092.886719,-10.057,27.205372,0.000521,8.676,-9.283,-9.242,0.000000
18155.525391,-9.836,31.458239,0.000508,8.676,-9.283,-9.242,0.000000
18218.382812,-9.626,35.077591,0.000497,8.676,-9.284,-9.243,0.000000
18281.421875,-9.708,40.251591,0.000502,8.676,-9.285,-9.244,0.000000
18344.712891,-9.648,46.892742,0.000514,8.676,-9.286,-9.244,0.000000
18408.224609,-9.409,52.857052,0.000486,8.676,-9.286,-9.245,0.000000
18471.955078,-9.172,60.549683,0.000473,8.676,-9.287,-9.246,0.000000
18535.888672,-8.774,68.647606,0.000453,8.676,-9.288,-9.247,0.000000
18600.044922,-7.950,76.968506,0.000513,8.676,-9.289,-9.247,0.000000
18664.439453,-7.158,85.294998,0.000377,8.676,-9.289,-9.248,0.000000
18729.041016,-6.461,93.402634,0.000365,8.676,-9.290,-9.249,0.000000
18793.880859,-5.276,101.225037,0.000504,8.676,-9.291,-9.250,0.000000
18858.929688,-4.086,108.820633,0.000404,8.676,-9.292,-9.250,0.000000
18924.220703,-3.101,116.386452,0.000286,8.676,-9.292,-9.251,0.000000
18989.720703,-1.622,124.994690,0.000334,8.676,-9.293,-9.252,0.000000
19055.447266,-0.521,129.396194,0.000229,8.676,-9.294,-9.253,0.000000
19121.417969,-0.034,132.613846,0.000311,8.676,-9.295,-9.253,0.000000
19187.619141,0.577,136.977768,0.000287,8.676,-9.295,-9.254,0.000000
19254.029297,1.163,141.316116,0.000448,8.676,-9.296,-9.255,0.000000
19320.669922,1.881,143.895126,0.000430,8.676,-9.297,-9.256,0.000000
19387.560547,2.757,147.331680,0.000502,8.676,-9.298,-9.256,0.000000
19454.664062,3.756,154.835052,0.000579,8.676,-9.298,-9.257,0.000000
19522.017578,5.873,151.763077,0.000415,8.676,-9.299,-9.258,0.000000
19589.585938,-201.557,0.000000,0.000000,8.676,-9.300,-9.259,0.000000
19657.406250,-201.553,0.000000,0.000000,8.676,-9.301,-9.259,0.000000
19725.443359,-201.548,0.000000,0.000000,8.676,-9.302,-9.260,0.000000
19793.716797,-201.544,0.000000,0.000000,8.676,-9.302,-9.261,0.000000
19862.244141,-201.539,0.000000,0.000000,8.676,-9.303,-9.262,0.000000
19931.009766,-201.535,0.000000,0.000000,8.676,-9.304,-9.263,0.000000
19999.974609,-201.530,0.000000,0.000000,8.676,-9.305,-9.263,0.000000
