frequency_hz,spl_db,phase_deg,thd_percent,rt60_ms,c50_db,c80_db,group_delay_ms
20.000000,-16.401,23.614262,0.001323,12.326,-7.415,-7.344,0.000000
20.069233,-17.103,11.507817,0.001435,12.326,-7.415,-7.344,0.000000
20.138704,-16.513,9.093482,0.001341,12.326,-7.415,-7.344,0.000000
20.208418,-16.994,1.515157,0.001417,12.326,-7.415,-7.344,0.000000
20.278366,-16.841,-7.582649,0.001393,12.326,-7.415,-7.344,0.000000
20.348562,-17.315,-17.219452,0.001471,12.326,-7.415,-7.344,0.000000
20.419001,-17.990,-27.418108,0.001590,12.326,-7.415,-7.344,0.000000
20.489683,-18.465,-40.151470,0.001680,12.326,-7.415,-7.344,0.000000
20.560612,-18.282,-44.625923,0.001645,12.326,-7.415,-7.344,0.000000
20.631784,-19.035,-46.006126,0.001794,12.326,-7.415,-7.344,0.000000
20.703203,-19.603,-39.117199,0.001915,12.326,-7.415,-7.344,0.000000
20.774866,-20.433,-50.371819,0.002107,12.326,-7.415,-7.344,0.000000
20.846781,-20.145,-57.768234,0.002038,12.326,-7.415,-7.344,0.000000
20.918943,-21.708,-66.406693,0.002440,12.326,-7.415,-7.344,0.000000
20.991358,-22.378,-65.666336,0.002636,12.326,-7.415,-7.344,0.000000
21.064020,-22.772,-77.666199,0.002759,12.326,-7.415,-7.344,0.000000
21.136936,-23.107,-84.187485,0.002868,12.326,-7.415,-7.344,0.000000
21.210104,-23.574,-83.076477,0.003027,12.326,-7.415,-7.344,0.000000
21.283520,-23.752,-92.771515,0.003091,12.326,-7.415,-7.344,0.000000
21.357197,-24.378,-99.260353,0.003322,12.326,-7.415,-7.344,0.000000
21.431126,-23.709,-110.998184,0.003076,12.326,-7.415,-7.344,0.000000
21.505312,-23.440,-107.554642,0.002982,12.326,-7.415,-7.344,0.000000
21.579756,-23.889,-123.815811,0.003140,12.326,-7.415,-7.344,0.000000
21.654457,-24.839,-130.888809,0.003503,12.326,-7.415,-7.344,0.000000
21.729416,-24.708,-140.122360,0.003451,12.326,-7.415,-7.344,0.000000
21.804630,-24.951,-133.196182,0.003549,12.326,-7.415,-7.344,0.000000
21.880110,-26.027,-134.815079,0.004017,12.326,-7.415,-7.344,0.000000
21.955851,-27.122,-149.227615,0.004557,12.326,-7.415,-7.344,0.000000
22.031853,-26.620,-152.607086,0.004302,12.326,-7.415,-7.344,0.000000
22.108118,-26.111,-157.253159,0.004058,12.326,-7.415,-7.344,0.000000
22.184649,-25.969,-150.731583,0.003993,12.326,-7.415,-7.344,0.000000
22.261442,-27.831,-147.546951,0.004948,12.326,-7.415,-7.344,0.000000
22.338503,-26.966,-155.548935,0.004480,12.326,-7.415,-7.344,0.000000
22.415825,-28.134,-146.430298,0.005125,12.326,-7.415,-7.344,0.000000
22.493420,-28.968,-133.650543,0.005643,12.326,-7.415,-7.344,0.000000
22.571283,-27.513,-138.214676,0.004773,12.326,-7.415,-7.344,0.000000
22.649418,-27.511,-138.214676,0.004773,12.326,-7.415,-7.344,0.000000
22.727821,-26.327,-140.877792,0.004165,12.326,-7.415,-7.344,0.000000
22.806496,-25.066,-131.212860,0.003603,12.326,-7.415,-7.344,0.000000
22.885437,-23.826,-134.901077,0.003124,12.326,-7.415,-7.344,0.000000
22.964659,-23.190,-144.333496,0.002904,12.326,-7.415,-7.344,0.000000
23.044153,-21.966,-156.327560,0.002523,12.326,-7.415,-7.344,0.000000
23.123922,-22.125,-156.579605,0.002570,12.326,-7.415,-7.344,0.000000
23.203970,-21.935,-158.928558,0.002515,12.326,-7.415,-7.344,0.000000
23.284292,-21.025,-166.493790,0.002265,12.326,-7.415,-7.344,0.000000
23.364893,-20.436,-172.619949,0.002117,12.326,-7.415,-7.344,0.000000
23.445774,-20.049,-174.152420,0.002025,12.326,-7.415,-7.344,0.000000
23.526928,-19.820,179.003494,0.001972,12.326,-7.415,-7.344,0.000000
23.608370,-19.284,170.939651,0.001854,12.326,-7.415,-7.344,0.000000
23.690092,-19.349,167.756744,0.001868,12.326,-7.415,-7.344,0.000000
23.772099,-19.103,167.971619,0.001816,12.326,-7.415,-7.344,0.000000
23.854389,-18.795,163.006836,0.001753,12.326,-7.415,-7.344,0.000000
23.936964,-18.379,161.223892,0.001671,12.326,-7.415,-7.344,0.000000
24.019825,-17.855,156.211121,0.001573,12.326,-7.415,-7.344,0.000000
24.102966,-17.407,153.919556,0.001494,12.326,-7.415,-7.344,0.000000
24.186401,-17.003,149.442093,0.001426,12.326,-7.415,-7.344,0.000000
24.270124,-16.791,147.213669,0.001392,12.326,-7.415,-7.344,0.000000
24.354139,-16.276,145.669464,0.001312,12.326,-7.415,-7.344,0.000000
24.438444,-15.957,141.498276,0.001265,12.326,-7.415,-7.344,0.000000
24.523041,-15.468,139.133667,0.001196,12.326,-7.415,-7.344,0.000000
24.607929,-15.242,137.101685,0.001166,12.326,-7.415,-7.344,0.000000
24.693108,-14.848,131.868622,0.001114,12.326,-7.415,-7.344,0.000000
24.778585,-14.294,129.648499,0.001046,12.326,-7.415,-7.344,0.000000
24.864359,-14.085,124.557190,0.001021,12.326,-7.415,-7.344,0.000000
24.950430,-13.527,119.819557,0.000958,12.326,-7.415,-7.344,0.000000
25.036798,-13.250,115.324219,0.000928,12.326,-7.415,-7.344,0.000000
25.123466,-13.007,111.744019,0.000902,12.326,-7.415,-7.344,0.000000
25.210434,-12.610,106.626495,0.000862,12.326,-7.415,-7.344,0.000000
25.297697,-12.339,102.715775,0.000836,12.326,-7.415,-7.344,0.000000
25.385267,-12.028,98.074532,0.000806,12.326,-7.415,-7.344,0.000000
25.473143,-11.736,93.347130,0.000780,12.326,-7.415,-7.344,0.000000
25.561321,-11.475,88.326447,0.000757,12.326,-7.415,-7.344,0.000000
25.649803,-11.403,83.579605,0.000751,12.326,-7.415,-7.344,0.000000
25.738594,-11.210,79.808228,0.000734,12.326,-7.415,-7.344,0.000000
25.827690,-11.025,75.485184,0.000719,12.326,-7.415,-7.344,0.000000
25.917089,-10.821,71.381012,0.000703,12.326,-7.415,-7.344,0.000000
26.006805,-10.791,69.074738,0.000700,12.326,-7.415,-7.344,0.000000
26.096830,-10.523,65.093552,0.000679,12.326,-7.415,-7.344,0.000000
26.187168,-10.414,60.692829,0.000671,12.326,-7.415,-7.344,0.000000
26.277819,-10.298,56.778618,0.000662,12.326,-7.415,-7.344,0.000000
26.368782,-10.097,52.179050,0.000647,12.326,-7.415,-7.344,0.000000
26.460054,-10.075,48.561737,0.000645,12.326,-7.415,-7.344,0.000000
26.551649,-9.982,44.958176,0.000638,12.326,-7.415,-7.344,0.000000
26.643560,-9.799,41.327518,0.000625,12.326,-7.415,-7.344,0.000000
26.735790,-9.627,37.726307,0.000613,12.326,-7.415,-7.344,0.000000
26.828339,-9.551,33.764660,0.000608,12.326,-7.415,-7.344,0.000000
26.921207,-9.412,30.522976,0.000598,12.326,-7.415,-7.344,0.000000
27.014399,-9.222,27.170324,0.000585,12.326,-7.415,-7.344,0.000000
27.107912,-9.099,23.877369,0.000577,12.326,-7.415,-7.344,0.000000
27.201744,-8.889,20.538839,0.000563,12.326,-7.415,-7.344,0.000000
27.295906,-8.690,17.173521,0.000551,12.326,-7.415,-7.344,0.000000
27.390394,-8.542,14.180434,0.000541,12.326,-7.415,-7.344,0.000000
27.485209,-8.262,10.650146,0.000524,12.326,-7.415,-7.344,0.000000
27.580351,-8.079,7.445086,0.000513,12.326,-7.415,-7.344,0.000000
27.675825,-7.855,4.108374,0.000500,12.326,-7.415,-7.344,0.000000
27.771622,-7.589,0.685867,0.000485,12.326,-7.415,-7.344,0.000000
27.867756,-7.261,-4.669328,0.000467,12.326,-7.415,-7.344,0.000000
27.964224,-7.000,-8.119555,0.000454,12.326,-7.415,-7.344,0.000000
28.061024,-6.790,-11.761521,0.000443,12.326,-7.415,-7.344,0.000000
28.158161,-6.519,-16.847723,0.000429,12.326,-7.415,-7.344,0.000000
28.255634,-6.266,-20.488281,0.000417,12.326,-7.415,-7.344,0.000000
28.353443,-6.068,-23.863337,0.000408,12.326,-7.415,-7.344,0.000000
28.451593,-5.902,-27.468395,0.000400,12.326,-7.415,-7.344,0.000000
28.550081,-5.641,-31.201260,0.000388,12.326,-7.415,-7.344,0.000000
28.648903,-5.512,-34.503761,0.000383,12.326,-7.415,-7.344,0.000000
28.748075,-5.327,-38.470081,0.000375,12.326,-7.415,-7.344,0.000000
28.847589,-5.177,-41.804119,0.000368,12.326,-7.415,-7.344,0.000000
28.947449,-5.014,-45.226768,0.000362,12.326,-7.415,-7.344,0.000000
29.047655,-4.863,-48.888943,0.000355,12.326,-7.415,-7.344,0.000000
29.148207,-4.667,-54.105927,0.000347,12.326,-7.415,-7.344,0.000000
29.249100,-4.508,-57.719673,0.000341,12.326,-7.415,-7.344,0.000000
29.350348,-4.394,-61.291416,0.000337,12.326,-7.415,-7.344,0.000000
29.451948,-4.198,-66.660767,0.000329,12.326,-7.415,-7.344,0.000000
29.553900,-4.105,-70.414917,0.000326,12.326,-7.415,-7.344,0.000000
29.656204,-3.964,-74.198799,0.000320,12.326,-7.415,-7.344,0.000000
29.758862,-3.866,-78.103409,0.000317,12.326,-7.415,-7.344,0.000000
29.861876,-3.778,-82.441322,0.000314,12.326,-7.415,-7.344,0.000000
29.965246,-3.800,-88.698891,0.000315,12.326,-7.415,-7.344,0.000000
30.068968,-3.770,-92.677689,0.000314,12.326,-7.415,-7.344,0.000000
30.173054,-3.697,-97.374863,0.000311,12.326,-7.415,-7.344,0.000000
30.277502,-3.760,-102.134766,0.000313,12.326,-7.415,-7.344,0.000000
30.382311,-3.929,-109.374474,0.000320,12.326,-7.415,-7.344,0.000000
30.487482,-4.081,-114.265564,0.000325,12.326,-7.415,-7.344,0.000000
30.593019,-4.597,-120.291023,0.000345,12.326,-7.415,-7.344,0.000000
30.698914,-4.944,-124.223198,0.000359,12.326,-7.415,-7.344,0.000000
30.805182,-5.242,-127.500328,0.000372,12.326,-7.415,-7.344,0.000000
30.911816,-5.611,-130.691574,0.000388,12.326,-7.415,-7.344,0.000000
31.018822,-6.020,-133.418930,0.000407,12.326,-7.415,-7.344,0.000000
31.126196,-6.554,-137.314377,0.000433,12.326,-7.415,-7.344,0.000000
31.233944,-7.044,-139.532455,0.000458,12.326,-7.415,-7.344,0.000000
31.342064,-7.339,-141.786560,0.000474,12.326,-7.415,-7.344,0.000000
31.450558,-7.697,-144.026703,0.000494,12.326,-7.415,-7.344,0.000000
31.559420,-8.073,-144.193390,0.000516,12.326,-7.415,-7.344,0.000000
31.668667,-8.182,-145.345581,0.000523,12.326,-7.415,-7.344,0.000000
31.778292,-8.506,-147.816330,0.000542,12.326,-7.415,-7.344,0.000000
31.888296,-8.801,-149.436691,0.000561,12.326,-7.415,-7.344,0.000000
31.998680,-8.989,-150.789078,0.000574,12.326,-7.415,-7.344,0.000000
32.109447,-9.056,-150.983643,0.000578,12.326,-7.415,-7.344,0.000000
32.220600,-9.564,-153.668549,0.000613,12.326,-7.415,-7.344,0.000000
32.332127,-9.991,-154.389114,0.000644,12.326,-7.415,-7.344,0.000000
32.444046,-10.496,-150.786133,0.000683,12.326,-7.415,-7.344,0.000000
32.556355,-10.222,-149.420502,0.000662,12.326,-7.415,-7.344,0.000000
32.669052,-10.123,-150.794037,0.000654,12.326,-7.415,-7.344,0.000000
32.782143,-10.376,-151.512680,0.000673,12.326,-7.415,-7.344,0.000000
32.895622,-10.392,-150.065063,0.000675,12.326,-7.415,-7.344,0.000000
33.009491,-10.301,-149.576523,0.000668,12.326,-7.415,-7.344,0.000000
33.123760,-10.190,-149.332703,0.000659,12.326,-7.415,-7.344,0.000000
33.238411,-10.096,-149.946167,0.000652,12.326,-7.415,-7.344,0.000000
33.353470,-9.813,-148.700089,0.000631,12.326,-7.415,-7.344,0.000000
33.468929,-9.738,-150.062958,0.000626,12.326,-7.415,-7.344,0.000000
33.584785,-9.272,-154.184937,0.000593,12.326,-7.415,-7.344,0.000000
33.701042,-9.404,-155.764465,0.000603,12.326,-7.415,-7.344,0.000000
33.817696,-9.293,-156.969940,0.000595,12.326,-7.415,-7.344,0.000000
33.934757,-9.003,-159.674637,0.000576,12.326,-7.415,-7.344,0.000000
34.052227,-9.104,-162.936935,0.000582,12.326,-7.415,-7.344,0.000000
34.170105,-9.163,-165.558762,0.000587,12.326,-7.415,-7.344,0.000000
34.288387,-9.136,-168.756943,0.000585,12.326,-7.415,-7.344,0.000000
34.407082,-9.383,-172.460617,0.000602,12.326,-7.415,-7.344,0.000000
34.526184,-9.464,-174.277359,0.000608,12.326,-7.415,-7.344,0.000000
34.645702,-9.580,-176.409454,0.000616,12.326,-7.415,-7.344,0.000000
34.765621,-9.947,178.554901,0.000642,12.326,-7.415,-7.344,0.000000
34.885967,-10.170,176.906326,0.000659,12.326,-7.415,-7.344,0.000000
35.006729,-10.417,174.326065,0.000678,12.326,-7.415,-7.344,0.000000
35.127911,-11.057,171.408005,0.000730,12.326,-7.415,-7.344,0.000000
35.249508,-11.280,169.976624,0.000750,12.326,-7.415,-7.344,0.000000
35.371529,-11.488,168.878540,0.000768,12.326,-7.415,-7.344,0.000000
35.493965,-12.038,165.449646,0.000818,12.326,-7.415,-7.344,0.000000
35.616829,-12.302,164.873611,0.000844,12.326,-7.415,-7.344,0.000000
35.740120,-12.834,163.947525,0.000897,12.326,-7.415,-7.344,0.000000
35.863842,-13.285,163.215500,0.000945,12.326,-7.415,-7.344,0.000000
35.987988,-13.737,162.466171,0.000996,12.326,-7.415,-7.344,0.000000
36.112564,-14.213,163.466843,0.001052,12.326,-7.415,-7.344,0.000000
36.237572,-14.686,164.487778,0.001111,12.326,-7.415,-7.344,0.000000
36.363010,-14.891,165.322876,0.001138,12.326,-7.415,-7.344,0.000000
36.488888,-15.150,166.309677,0.001172,12.326,-7.415,-7.344,0.000000
36.615189,-15.637,168.244064,0.001240,12.326,-7.415,-7.344,0.000000
36.741936,-15.606,171.009979,0.001235,12.326,-7.415,-7.344,0.000000
36.869122,-15.686,171.889847,0.001247,12.326,-7.415,-7.344,0.000000
36.996750,-15.752,172.908051,0.001256,12.326,-7.415,-7.344,0.000000
37.124817,-15.831,174.584671,0.001268,12.326,-7.415,-7.344,0.000000
37.253323,-15.639,176.570511,0.001240,12.326,-7.415,-7.344,0.000000
37.382278,-15.436,176.968307,0.001212,12.326,-7.415,-7.344,0.000000
37.511681,-15.385,177.803146,0.001205,12.326,-7.415,-7.344,0.000000
37.641533,-15.095,177.871841,0.001165,12.326,-7.415,-7.344,0.000000
37.771832,-14.976,178.213379,0.001150,12.326,-7.415,-7.344,0.000000
37.902584,-14.767,177.281525,0.001123,12.326,-7.415,-7.344,0.000000
38.033791,-14.614,176.453506,0.001103,12.326,-7.415,-7.344,0.000000
38.165447,-14.588,175.912430,0.001100,12.326,-7.415,-7.344,0.000000
38.297562,-14.418,174.442368,0.001079,12.326,-7.415,-7.344,0.000000
38.430122,-14.305,173.715714,0.001065,12.326,-7.415,-7.344,0.000000
38.563152,-14.255,172.166840,0.001059,12.326,-7.415,-7.344,0.000000
38.696644,-14.189,170.671646,0.001051,12.326,-7.415,-7.344,0.000000
38.830597,-14.349,167.947235,0.001071,12.326,-7.415,-7.344,0.000000
38.965015,-14.431,167.758667,0.001081,12.326,-7.415,-7.344,0.000000
39.099895,-14.591,165.604446,0.001102,12.326,-7.415,-7.344,0.000000
39.235237,-14.896,164.763382,0.001141,12.326,-7.415,-7.344,0.000000
39.371052,-15.212,164.994888,0.001184,12.326,-7.415,-7.344,0.000000
39.507339,-15.414,165.757248,0.001212,12.326,-7.415,-7.344,0.000000
39.644100,-15.584,166.646515,0.001236,12.326,-7.415,-7.344,0.000000
39.781334,-15.812,166.687363,0.001269,12.326,-7.415,-7.344,0.000000
39.919041,-16.066,168.838486,0.001307,12.326,-7.415,-7.344,0.000000
40.057224,-16.208,171.043228,0.001329,12.326,-7.415,-7.344,0.000000
40.195889,-16.022,175.813889,0.001301,12.326,-7.415,-7.344,0.000000
40.335030,-15.550,177.007416,0.001232,12.326,-7.415,-7.344,0.000000
40.474644,-15.560,-179.611481,0.001234,12.326,-7.415,-7.344,0.000000
40.614754,-15.036,-177.272614,0.001162,12.326,-7.415,-7.344,0.000000
40.755344,-14.799,-175.564835,0.001131,12.326,-7.415,-7.344,0.000000
40.896423,-14.272,-173.844620,0.001064,12.326,-7.415,-7.344,0.000000
41.037983,-13.917,-172.634384,0.001022,12.326,-7.415,-7.344,0.000000
41.180042,-13.178,-172.181473,0.000939,12.326,-7.415,-7.344,0.000000
41.322590,-12.740,-171.953873,0.000892,12.326,-7.415,-7.344,0.000000
41.465633,-12.130,-174.373123,0.000832,12.326,-7.415,-7.344,0.000000
41.609173,-11.907,-176.831604,0.000811,12.326,-7.415,-7.344,0.000000
41.753204,-11.700,-177.478745,0.000792,12.326,-7.415,-7.344,0.000000
41.897739,-11.359,-178.663208,0.000761,12.326,-7.415,-7.344,0.000000
42.042774,-11.185,-179.742599,0.000746,12.326,-7.415,-7.344,0.000000
42.188309,-11.029,178.343735,0.000733,12.326,-7.415,-7.344,0.000000
42.334339,-10.958,177.880005,0.000727,12.326,-7.415,-7.344,0.000000
42.480885,-10.921,176.440216,0.000724,12.326,-7.415,-7.344,0.000000
42.627937,-10.902,177.034317,0.000723,12.326,-7.415,-7.344,0.000000
42.775497,-10.722,177.602890,0.000708,12.326,-7.415,-7.344,0.000000
42.923573,-10.542,178.594177,0.000694,12.326,-7.415,-7.344,0.000000
43.072155,-10.038,179.335815,0.000655,12.326,-7.415,-7.344,0.000000
43.221245,-9.715,179.377579,0.000631,12.326,-7.415,-7.344,0.000000
43.370861,-9.146,179.224625,0.000591,12.326,-7.415,-7.344,0.000000
43.520992,-8.331,178.836731,0.000538,12.326,-7.415,-7.344,0.000000
43.671646,-7.758,177.940918,0.000504,12.326,-7.415,-7.344,0.000000
43.822823,-7.173,175.722305,0.000471,12.326,-7.415,-7.344,0.000000
43.974518,-6.401,172.850174,0.000431,12.326,-7.415,-7.344,0.000000
44.126743,-5.828,169.913879,0.000404,12.326,-7.415,-7.344,0.000000
44.279491,-5.345,166.726837,0.000382,12.326,-7.415,-7.344,0.000000
44.432770,-4.730,162.023392,0.000356,12.326,-7.415,-7.344,0.000000
44.586567,-4.211,157.443039,0.000335,12.326,-7.415,-7.344,0.000000
44.740910,-3.968,154.719559,0.000326,12.326,-7.415,-7.344,0.000000
44.895786,-3.610,149.645599,0.000313,12.326,-7.415,-7.344,0.000000
45.051197,-3.303,144.804916,0.000302,12.326,-7.415,-7.344,0.000000
45.207138,-3.173,142.435516,0.000298,12.326,-7.415,-7.344,0.000000
45.363636,-2.936,137.428040,0.000290,12.326,-7.415,-7.344,0.000000
45.520660,-2.783,132.481583,0.000285,12.326,-7.415,-7.344,0.000000
45.678234,-2.686,128.732712,0.000282,12.326,-7.415,-7.344,0.000000
45.836353,-2.613,124.932564,0.000279,12.326,-7.415,-7.344,0.000000
45.995022,-2.568,120.091171,0.000278,12.326,-7.415,-7.344,0.000000
46.154240,-2.556,116.571625,0.000278,12.326,-7.415,-7.344,0.000000
46.314007,-2.534,112.049515,0.000277,12.326,-7.415,-7.344,0.000000
46.474327,-2.505,107.354744,0.000276,12.326,-7.415,-7.344,0.000000
46.635193,-2.488,103.944183,0.000275,12.326,-7.415,-7.344,0.000000
46.796627,-2.536,100.439888,0.000277,12.326,-7.415,-7.344,0.000000
46.958618,-2.573,95.910873,0.000278,12.326,-7.415,-7.344,0.000000
47.121170,-2.646,91.515656,0.000280,12.326,-7.415,-7.344,0.000000
47.284286,-2.670,88.245430,0.000281,12.326,-7.415,-7.344,0.000000
47.447968,-2.753,84.894119,0.000284,12.326,-7.415,-7.344,0.000000
47.612202,-2.884,80.386894,0.000288,12.326,-7.415,-7.344,0.000000
47.777020,-3.078,76.151215,0.000295,12.326,-7.415,-7.344,0.000000
47.942402,-3.257,72.071045,0.000301,12.326,-7.415,-7.344,0.000000
48.108360,-3.409,69.109894,0.000307,12.326,-7.415,-7.344,0.000000
48.274895,-3.584,66.311775,0.000313,12.326,-7.415,-7.344,0.000000
48.442005,-3.828,62.457466,0.000322,12.326,-7.415,-7.344,0.000000
48.609692,-4.127,58.798172,0.000333,12.326,-7.415,-7.344,0.000000
48.777958,-4.442,55.448204,0.000345,12.326,-7.415,-7.344,0.000000
48.946812,-4.694,53.179562,0.000356,12.326,-7.415,-7.344,0.000000
49.116234,-5.062,50.319790,0.000371,12.326,-7.415,-7.344,0.000000
49.286255,-5.340,47.864944,0.000383,12.326,-7.415,-7.344,0.000000
49.456863,-5.662,44.868649,0.000398,12.326,-7.415,-7.344,0.000000
49.628067,-5.935,42.763420,0.000411,12.326,-7.415,-7.344,0.000000
49.799858,-6.273,40.436619,0.000427,12.326,-7.415,-7.344,0.000000
49.972248,-6.605,38.290382,0.000444,12.326,-7.415,-7.344,0.000000
50.145218,-6.809,36.962593,0.000454,12.326,-7.415,-7.344,0.000000
50.318802,-7.108,34.660091,0.000470,12.326,-7.415,-7.344,0.000000
50.492989,-7.414,32.814976,0.000487,12.326,-7.415,-7.344,0.000000
50.667774,-7.673,30.933571,0.000502,12.326,-7.415,-7.344,0.000000
50.843166,-7.968,28.599014,0.000519,12.326,-7.415,-7.344,0.000000
51.019169,-8.327,26.819921,0.000541,12.326,-7.415,-7.344,0.000000
51.195774,-8.620,24.854803,0.000560,12.326,-7.415,-7.344,0.000000
51.372997,-8.928,23.050629,0.000580,12.326,-7.415,-7.344,0.000000
51.550816,-9.165,21.610626,0.000596,12.326,-7.415,-7.344,0.000000
51.729267,-9.475,20.176689,0.000618,12.326,-7.415,-7.344,0.000000
51.908333,-9.818,18.544350,0.000643,12.326,-7.415,-7.344,0.000000
52.088020,-10.125,17.211357,0.000666,12.326,-7.415,-7.344,0.000000
52.268330,-10.474,15.777711,0.000693,12.326,-7.415,-7.344,0.000000
52.449261,-10.866,14.736375,0.000726,12.326,-7.415,-7.344,0.000000
52.630810,-11.201,13.899755,0.000754,12.326,-7.415,-7.344,0.000000
52.812996,-11.558,13.039632,0.000786,12.326,-7.415,-7.344,0.000000
52.995815,-11.913,11.853402,0.000819,12.326,-7.415,-7.344,0.000000
53.179264,-12.338,11.244997,0.000860,12.326,-7.415,-7.344,0.000000
53.363350,-12.717,10.431242,0.000899,12.326,-7.415,-7.344,0.000000
53.548077,-13.155,10.161602,0.000945,12.326,-7.415,-7.344,0.000000
53.733437,-13.498,9.848222,0.000984,12.326,-7.415,-7.344,0.000000
53.919441,-13.817,9.880121,0.001021,12.326,-7.415,-7.344,0.000000
54.106079,-14.205,9.554182,0.001067,12.326,-7.415,-7.344,0.000000
54.293373,-14.659,9.770050,0.001125,12.326,-7.415,-7.344,0.000000
54.481316,-15.025,10.550309,0.001173,12.326,-7.415,-7.344,0.000000
54.669895,-15.328,11.679095,0.001215,12.326,-7.415,-7.344,0.000000
54.859169,-15.513,12.586851,0.001242,12.326,-7.415,-7.344,0.000000
55.049042,-15.914,13.755209,0.001301,12.326,-7.415,-7.344,0.000000
55.239601,-16.068,15.173200,0.001324,12.326,-7.415,-7.344,0.000000
55.430820,-16.188,15.954497,0.001343,12.326,-7.415,-7.344,0.000000
55.622700,-16.289,16.904144,0.001359,12.326,-7.415,-7.344,0.000000
55.815247,-16.360,18.615135,0.001370,12.326,-7.415,-7.344,0.000000
56.008457,-16.278,19.487707,0.001357,12.326,-7.415,-7.344,0.000000
56.202335,-16.258,20.017744,0.001355,12.326,-7.415,-7.344,0.000000
56.396889,-16.178,20.492060,0.001342,12.326,-7.415,-7.344,0.000000
56.592110,-16.034,20.318556,0.001321,12.326,-7.415,-7.344,0.000000
56.788010,-15.909,20.047602,0.001302,12.326,-7.415,-7.344,0.000000
56.984589,-15.843,19.664341,0.001292,12.326,-7.415,-7.344,0.000000
57.181820,-15.792,18.716631,0.001284,12.326,-7.415,-7.344,0.000000
57.379791,-15.776,17.583231,0.001282,12.326,-7.415,-7.344,0.000000
57.578388,-15.879,15.704542,0.001297,12.326,-7.415,-7.344,0.000000
57.777702,-16.050,14.032933,0.001323,12.326,-7.415,-7.344,0.000000
57.977707,-16.237,12.547009,0.001352,12.326,-7.415,-7.344,0.000000
58.178406,-16.459,10.808797,0.001387,12.326,-7.415,-7.344,0.000000
58.379795,-16.757,9.634790,0.001436,12.326,-7.415,-7.344,0.000000
58.581886,-17.283,8.859434,0.001526,12.326,-7.415,-7.344,0.000000
58.784672,-17.556,8.461042,0.001575,12.326,-7.415,-7.344,0.000000
58.988163,-17.997,7.813381,0.001657,12.326,-7.415,-7.344,0.000000
59.192356,-18.458,7.915561,0.001747,12.326,-7.415,-7.344,0.000000
59.397259,-19.051,11.041301,0.001871,12.326,-7.415,-7.344,0.000000
59.602867,-19.280,12.459822,0.001922,12.326,-7.415,-7.344,0.000000
59.809193,-19.754,14.585512,0.002030,12.326,-7.415,-7.344,0.000000
60.016228,-20.253,19.389801,0.002150,12.326,-7.415,-7.344,0.000000
60.223953,-20.649,23.466341,0.002251,12.326,-7.415,-7.344,0.000000
60.432423,-20.637,27.906704,0.002248,12.326,-7.415,-7.344,0.000000
60.641617,-20.837,31.634895,0.002301,12.326,-7.415,-7.344,0.000000
60.851536,-21.039,37.482723,0.002356,12.326,-7.415,-7.344,0.000000
61.062180,-20.963,42.007431,0.002335,12.326,-7.415,-7.344,0.000000
61.273556,-20.513,46.841526,0.002218,12.326,-7.415,-7.344,0.000000
61.485661,-20.198,50.210175,0.002139,12.326,-7.415,-7.344,0.000000
61.698502,-19.545,56.045055,0.001985,12.326,-7.415,-7.344,0.000000
61.912075,-18.549,59.235405,0.001770,12.326,-7.415,-7.344,0.000000
62.126392,-17.739,61.782246,0.001613,12.326,-7.415,-7.344,0.000000
62.341450,-16.941,63.843498,0.001471,12.326,-7.415,-7.344,0.000000
62.557251,-15.884,64.745659,0.001303,12.326,-7.415,-7.344,0.000000
62.773800,-15.088,65.173843,0.001189,12.326,-7.415,-7.344,0.000000
62.991070,-13.933,64.393936,0.001041,12.326,-7.415,-7.344,0.000000
63.209152,-13.169,62.466381,0.000954,12.318,-7.365,-7.294,0.000000
63.427925,-12.574,60.419266,0.000891,12.309,-7.313,-7.242,0.000000
63.647522,-11.750,55.782352,0.000810,12.301,-7.261,-7.189,0.000000
63.867813,-11.315,52.245518,0.000771,12.293,-7.209,-7.137,0.000000
64.088898,-10.983,47.456097,0.000742,12.284,-7.157,-7.084,0.000000
64.310753,-10.641,42.828274,0.000713,12.276,-7.104,-7.031,0.000000
64.533371,-10.482,38.413128,0.000701,12.267,-7.052,-6.978,0.000000
64.756760,-10.300,34.251076,0.000686,12.259,-6.999,-6.925,0.000000
64.980919,-10.177,30.377399,0.000677,12.250,-6.946,-6.871,0.000000
65.205864,-10.191,26.375006,0.000678,12.241,-6.892,-6.818,0.000000
65.431580,-10.294,23.123432,0.000686,12.233,-6.839,-6.764,0.000000
65.658081,-10.394,21.269066,0.000694,12.224,-6.785,-6.710,0.000000
65.885361,-10.369,18.839909,0.000692,12.215,-6.732,-6.656,0.000000
66.113434,-10.401,17.310831,0.000695,12.207,-6.678,-6.601,0.000000
66.342262,-10.336,15.753420,0.000690,12.198,-6.623,-6.547,0.000000
66.571945,-10.188,14.771756,0.000678,12.189,-6.569,-6.492,0.000000
66.802353,-10.088,11.595901,0.000671,12.180,-6.514,-6.437,0.000000
67.033600,-10.023,10.855281,0.000666,12.171,-6.460,-6.382,0.000000
67.265648,-9.843,9.673507,0.000652,12.163,-6.405,-6.327,0.000000
67.498489,-9.631,8.607227,0.000637,12.154,-6.350,-6.271,0.000000
67.732147,-9.286,5.727277,0.000612,12.145,-6.294,-6.215,0.000000
67.966606,-9.291,4.095701,0.000612,12.136,-6.239,-6.159,0.000000
68.201881,-9.243,2.753802,0.000609,12.127,-6.183,-6.103,0.000000
68.437973,-9.273,1.468728,0.000611,12.118,-6.127,-6.047,0.000000
68.674881,-9.379,-0.972419,0.000619,12.109,-6.071,-5.991,0.000000
68.912605,-9.423,-2.089349,0.000622,12.099,-6.015,-5.934,0.000000
69.151154,-9.398,-3.548712,0.000621,12.090,-5.958,-5.877,0.000000
69.390495,-9.565,-5.907330,0.000633,12.081,-5.901,-5.820,0.000000
69.630730,-9.634,-7.523624,0.000638,12.072,-5.845,-5.763,0.000000
69.871735,-9.779,-8.708892,0.000649,12.063,-5.788,-5.705,0.000000
70.113640,-9.735,-10.192120,0.000646,12.053,-5.730,-5.647,0.000000
70.356308,-9.766,-12.859749,0.000648,12.044,-5.673,-5.590,0.000000
70.599854,-9.748,-15.576747,0.000647,12.035,-5.615,-5.531,0.000000
70.844246,-9.698,-17.355501,0.000643,12.025,-5.557,-5.473,0.000000
71.089478,-9.699,-19.534870,0.000643,12.016,-5.499,-5.415,0.000000
71.335564,-9.699,-21.665077,0.000643,12.007,-5.441,-5.356,0.000000
71.582504,-9.659,-23.481724,0.000641,11.997,-5.382,-5.297,0.000000
71.830292,-9.759,-25.675629,0.000648,11.988,-5.324,-5.238,0.000000
72.078941,-9.820,-28.548599,0.000653,11.978,-5.265,-5.179,0.000000
72.328453,-9.858,-30.507549,0.000656,11.969,-5.206,-5.119,0.000000
72.578827,-9.869,-32.846432,0.000657,11.959,-5.146,-5.060,0.000000
72.830063,-9.928,-34.841030,0.000661,11.949,-5.087,-5.000,0.000000
73.082176,-9.928,-36.230965,0.000661,11.940,-5.027,-4.940,0.000000
73.335159,-9.979,-38.752861,0.000665,11.930,-4.967,-4.879,0.000000
73.588982,-10.091,-41.085770,0.000674,11.920,-4.907,-4.819,0.000000
73.843719,-10.212,-43.488426,0.000684,11.911,-4.847,-4.758,0.000000
74.099335,-10.350,-45.070492,0.000695,11.901,-4.786,-4.697,0.000000
74.355843,-10.410,-46.356979,0.000700,11.891,-4.726,-4.636,0.000000
74.613228,-10.563,-48.573677,0.000712,11.881,-4.665,-4.574,0.000000
74.871513,-10.725,-50.606503,0.000726,11.871,-4.604,-4.513,0.000000
75.130692,-10.870,-52.104858,0.000738,11.861,-4.542,-4.451,0.000000
75.390762,-11.082,-54.309223,0.000756,11.851,-4.481,-4.389,0.000000
75.651733,-11.343,-55.575390,0.000779,11.841,-4.419,-4.327,0.000000
75.913612,-11.545,-57.211102,0.000798,11.831,-4.357,-4.264,0.000000
76.176399,-11.781,-58.246349,0.000820,11.821,-4.295,-4.202,0.000000
76.440094,-11.906,-59.398346,0.000831,11.811,-4.232,-4.139,0.000000
76.704697,-12.113,-61.180164,0.000852,11.801,-4.169,-4.076,0.000000
76.970184,-12.280,-62.053993,0.000868,11.791,-4.107,-4.012,0.000000
77.236664,-12.493,-63.046658,0.000890,11.781,-4.043,-3.949,0.000000
77.503990,-12.685,-64.512993,0.000910,11.770,-3.980,-3.885,0.000000
77.772278,-12.905,-65.823288,0.000934,11.760,-3.917,-3.821,0.000000
78.041496,-13.036,-67.418663,0.000948,11.750,-3.853,-3.757,0.000000
78.311646,-13.211,-68.850174,0.000967,11.740,-3.789,-3.692,0.000000
78.582733,-13.365,-70.440521,0.000985,11.729,-3.725,-3.628,0.000000
78.854752,-13.525,-71.774033,0.001003,11.719,-3.660,-3.563,0.000000
79.127716,-13.761,-73.180321,0.001031,11.708,-3.596,-3.498,0.000000
79.401627,-14.026,-74.499199,0.001063,11.698,-3.531,-3.433,0.000000
79.676483,-14.268,-76.260155,0.001092,11.687,-3.466,-3.367,0.000000
79.952293,-14.527,-77.740829,0.001126,11.677,-3.400,-3.301,0.000000
80.229057,-14.824,-79.313507,0.001165,11.666,-3.335,-3.235,0.000000
80.506744,-15.129,-79.914055,0.001206,11.655,-3.269,-3.169,0.000000
80.785469,-15.495,-80.766525,0.001258,11.645,-3.203,-3.103,0.000000
81.065079,-15.933,-81.049690,0.001323,11.634,-3.137,-3.036,0.000000
81.345734,-16.348,-81.055618,0.001388,11.623,-3.070,-2.969,0.000000
81.627281,-16.779,-81.100227,0.001459,11.613,-3.004,-2.902,0.000000
81.909843,-17.155,-81.211525,0.001523,11.602,-2.937,-2.834,0.000000
82.193382,-17.641,-80.560493,0.001611,11.591,-2.870,-2.767,0.000000
82.477905,-18.237,-79.461380,0.001725,11.580,-2.802,-2.699,0.000000
82.763412,-19.058,-78.809425,0.001896,11.569,-2.735,-2.631,0.000000
83.049904,-19.634,-78.364197,0.002026,11.558,-2.667,-2.563,0.000000
83.337395,-20.151,-76.643990,0.002151,11.547,-2.599,-2.494,0.000000
83.625877,-20.706,-75.510078,0.002293,11.536,-2.530,-2.425,0.000000
83.915352,-21.305,-72.774422,0.002456,11.525,-2.462,-2.356,0.000000
84.205795,-21.874,-68.289627,0.002623,11.514,-2.393,-2.287,0.000000
84.497330,-22.249,-63.730312,0.002738,11.503,-2.324,-2.217,0.000000
84.789780,-22.548,-58.294628,0.002834,11.491,-2.255,-2.148,0.000000
85.083336,-22.673,-51.316807,0.002875,11.480,-2.185,-2.078,0.000000
85.377815,-22.500,-42.929764,0.002819,11.469,-2.116,-2.007,0.000000
85.673363,-22.412,-36.031403,0.002790,11.458,-2.046,-1.937,0.000000
85.969933,-22.070,-30.440767,0.002682,11.446,-1.975,-1.866,0.000000
86.267525,-21.649,-24.071407,0.002556,11.435,-1.905,-1.795,0.000000
86.566154,-20.796,-18.489786,0.002317,11.423,-1.834,-1.724,0.000000
86.865814,-19.929,-13.489031,0.002097,11.412,-1.763,-1.653,0.000000
87.166504,-19.134,-9.893393,0.001913,11.400,-1.692,-1.581,0.000000
87.468246,-18.186,-7.395586,0.001715,11.389,-1.620,-1.509,0.000000
87.771027,-17.285,-5.831740,0.001546,11.377,-1.549,-1.437,0.000000
88.074852,-16.082,-5.152240,0.001346,11.366,-1.477,-1.364,0.000000
88.379738,-15.152,-4.863134,0.001209,11.354,-1.405,-1.292,0.000000
88.685677,-14.150,-3.938267,0.001077,11.342,-1.332,-1.219,0.000000
88.992668,-13.039,-6.191303,0.000948,11.330,-1.259,-1.145,0.000000
89.300682,-12.373,-7.832759,0.000878,11.319,-1.187,-1.072,0.000000
89.609810,-11.712,-10.256245,0.000813,11.307,-1.113,-0.998,0.000000
89.920006,-11.054,-12.730021,0.000754,11.295,-1.040,-0.924,0.000000
90.231270,-10.487,-15.435807,0.000706,11.283,-0.966,-0.850,0.000000
90.543617,-9.939,-18.816233,0.000663,11.271,-0.892,-0.776,0.000000
90.857048,-9.465,-22.381660,0.000628,11.259,-0.818,-0.701,0.000000
91.171562,-9.101,-25.890703,0.000602,11.247,-0.743,-0.626,0.000000
91.487160,-8.894,-29.346619,0.000588,11.235,-0.669,-0.551,0.000000
91.803856,-8.583,-32.187965,0.000567,11.223,-0.594,-0.475,0.000000
92.121643,-8.368,-34.487930,0.000553,11.211,-0.519,-0.399,0.000000
92.440536,-8.079,-37.650616,0.000535,11.198,-0.443,-0.323,0.000000
92.760529,-7.892,-40.327312,0.000524,11.186,-0.367,-0.247,0.000000
93.081627,-7.738,-43.755322,0.000515,11.174,-0.291,-0.170,0.000000
93.403793,-7.649,-46.060448,0.000509,11.162,-0.215,-0.093,0.000000
93.727173,-7.485,-48.176121,0.000500,11.149,-0.138,-0.016,0.000000
94.051575,-7.348,-50.254375,0.000492,11.137,-0.061,0.061,0.000000
94.377190,-7.239,-52.293243,0.000486,11.124,0.016,0.139,0.000000
94.703842,-7.102,-53.961349,0.000478,11.112,0.093,0.217,0.000000
95.031670,-6.900,-56.049885,0.000467,11.099,0.171,0.295,0.000000
95.360634,-6.763,-57.511051,0.000460,11.087,0.249,0.373,0.000000
95.690735,-6.536,-59.167244,0.000448,11.074,0.327,0.452,0.000000
96.021980,-6.306,-60.721828,0.000436,11.061,0.405,0.531,0.000000
96.354370,-6.066,-62.483967,0.000424,11.049,0.484,0.610,0.000000
96.687912,-5.845,-64.286674,0.000413,11.036,0.563,0.690,0.000000
97.022606,-5.569,-66.589760,0.000400,11.023,0.642,0.770,0.000000
97.358459,-5.313,-68.633461,0.000389,11.010,0.722,0.850,0.000000
97.695435,-5.058,-70.957184,0.000377,10.997,0.801,0.930,0.000000
98.033661,-4.788,-73.460777,0.000366,10.984,0.882,1.011,0.000000
98.372971,-4.509,-76.227066,0.000354,10.971,0.962,1.092,0.000000
98.713547,-4.308,-78.475952,0.000346,10.958,1.043,1.173,0.000000
99.055214,-4.074,-81.454735,0.000337,10.945,1.123,1.254,0.000000
99.398102,-3.806,-84.591560,0.000326,10.932,1.205,1.336,0.000000
99.742180,-3.618,-87.564827,0.000319,10.919,1.286,1.418,0.000000
100.087448,-3.345,-90.872040,0.000310,10.906,1.368,1.500,0.000000
100.433914,-3.160,-94.132896,0.000303,10.892,1.450,1.583,0.000000
100.781578,-2.974,-97.798187,0.000297,10.879,1.532,1.666,0.000000
101.130447,-2.848,-101.402191,0.000292,10.866,1.615,1.749,0.000000
101.480522,-2.716,-105.554581,0.000288,10.852,1.698,1.833,0.000000
101.831802,-2.627,-109.813232,0.000285,10.839,1.781,1.916,0.000000
102.184258,-2.567,-114.289429,0.000283,10.825,1.864,2.000,0.000000
102.538033,-2.582,-118.221672,0.000283,10.812,1.948,2.085,0.000000
102.892975,-2.612,-122.628136,0.000284,10.798,2.032,2.169,0.000000
103.249153,-2.765,-126.971130,0.000289,10.785,2.117,2.254,0.000000
103.606514,-2.916,-130.935532,0.000294,10.771,2.201,2.340,0.000000
103.965157,-3.128,-135.024246,0.000301,10.757,2.286,2.425,0.000000
104.325050,-3.337,-138.897583,0.000309,10.743,2.371,2.511,0.000000
104.686180,-3.620,-142.652313,0.000319,10.729,2.457,2.597,0.000000
105.048561,-3.879,-145.496292,0.000329,10.716,2.543,2.683,0.000000
105.412201,-4.198,-148.587799,0.000341,10.702,2.629,2.770,0.000000
105.777100,-4.542,-151.375473,0.000355,10.688,2.715,2.857,0.000000
106.143257,-4.886,-153.980759,0.000369,10.674,2.802,2.945,0.000000
106.510689,-5.245,-156.340103,0.000384,10.660,2.889,3.032,0.000000
106.879387,-5.585,-158.511078,0.000400,10.645,2.976,3.120,0.000000
107.249359,-5.942,-160.330475,0.000417,10.631,3.064,3.208,0.000000
107.620613,-6.307,-161.631516,0.000434,10.617,3.152,3.297,0.000000
107.993156,-6.649,-162.627869,0.000452,10.603,3.240,3.386,0.000000
108.366936,-6.963,-163.473206,0.000468,10.589,3.329,3.475,0.000000
108.742065,-7.257,-164.134811,0.000484,10.574,3.417,3.564,0.000000
109.118484,-7.506,-164.399384,0.000498,10.560,3.507,3.654,0.000000
109.496208,-7.724,-164.595520,0.000511,10.545,3.596,3.744,0.000000
109.875244,-7.831,-164.786774,0.000517,10.531,3.686,3.834,0.000000
110.255592,-7.959,-164.911194,0.000525,10.516,3.776,3.925,0.000000
110.637253,-7.990,-165.203583,0.000527,10.502,3.866,4.016,0.000000
111.020241,-7.971,-165.874802,0.000525,10.487,3.957,4.108,0.000000
111.404549,-7.942,-166.595917,0.000524,10.472,4.048,4.199,0.000000
111.790184,-7.931,-167.654633,0.000523,10.457,4.139,4.291,0.000000
112.177162,-7.902,-169.249054,0.000521,10.443,4.231,4.383,0.000000
112.565475,-7.858,-171.047958,0.000518,10.428,4.323,4.476,0.000000
112.955132,-7.813,-173.138626,0.000515,10.413,4.415,4.569,0.000000
113.346085,-7.836,-175.463913,0.000517,10.398,4.508,4.662,0.000000
113.738503,-7.863,-177.723907,0.000518,10.383,4.601,4.756,0.000000
114.132164,-7.921,179.886139,0.000522,10.368,4.694,4.850,0.000000
114.527306,-8.035,177.178909,0.000529,10.353,4.787,4.944,0.000000
114.923698,-8.167,174.994308,0.000537,10.337,4.881,5.038,0.000000
115.321518,-8.296,172.917862,0.000545,10.322,4.975,5.133,0.000000
115.720718,-8.453,170.622253,0.000555,10.307,5.070,5.228,0.000000
116.121300,-8.632,168.428589,0.000566,10.292,5.165,5.324,0.000000
116.523270,-8.820,166.425964,0.000579,10.276,5.260,5.420,0.000000
116.926628,-8.966,164.602615,0.000588,10.261,5.356,5.516,0.000000
117.331383,-9.127,162.334671,0.000599,10.245,5.451,5.613,0.000000
117.737541,-9.258,160.513184,0.000608,10.230,5.548,5.709,0.000000
118.145103,-9.402,158.349823,0.000618,10.214,5.644,5.807,0.000000
118.554016,-9.530,156.022995,0.000627,10.198,5.741,5.904,0.000000
118.964462,-9.699,153.964233,0.000640,10.183,5.838,6.002,0.000000
119.376213,-9.847,151.425507,0.000651,10.167,5.936,6.100,0.000000
119.789505,-10.037,148.914520,0.000665,10.151,6.034,6.199,0.000000
120.204117,-10.226,146.061707,0.000680,10.135,6.132,6.298,0.000000
120.620216,-10.418,143.743591,0.000695,10.119,6.230,6.397,0.000000
121.037758,-10.668,140.613617,0.000715,10.103,6.329,6.496,0.000000
121.456741,-10.904,138.113571,0.000735,10.087,6.428,6.596,0.000000
121.877174,-11.231,134.788147,0.000763,10.071,6.528,6.697,0.000000
122.299072,-11.547,131.768188,0.000791,10.055,6.628,6.797,0.000000
122.722420,-11.939,128.824234,0.000828,10.039,6.728,6.898,0.000000
123.147240,-12.367,125.871758,0.000870,10.023,6.829,6.999,0.000000
123.573532,-12.863,122.936081,0.000921,10.006,6.930,7.101,0.000000
124.001297,-13.465,119.921616,0.000987,9.990,7.031,7.203,0.000000
124.430542,-13.990,117.431412,0.001048,9.973,7.133,7.305,0.000000
124.861267,-14.728,114.636574,0.001141,9.957,7.235,7.408,0.000000
125.293488,-15.453,112.176491,0.001241,9.948,7.292,7.467,0.000000
125.727150,-16.337,109.926109,0.001374,9.943,7.329,7.504,0.000000
126.162369,-17.226,108.157806,0.001522,9.937,7.366,7.542,0.000000
126.599091,-17.957,107.158348,0.001655,9.932,7.403,7.579,0.000000
127.037331,-18.993,105.562828,0.001865,9.926,7.441,7.617,0.000000
127.477089,-20.090,105.129570,0.002116,9.921,7.478,7.655,0.000000
127.918365,-21.204,105.950500,0.002406,9.915,7.515,7.693,0.000000
128.361160,-22.249,108.135971,0.002713,9.910,7.553,7.731,0.000000
128.805511,-23.481,110.746483,0.003127,9.904,7.591,7.770,0.000000
129.251373,-24.743,115.297935,0.003616,9.899,7.629,7.808,0.000000
129.698792,-26.118,115.447655,0.004236,9.893,7.667,7.847,0.000000
130.147766,-27.581,120.822540,0.005013,9.887,7.705,7.885,0.000000
130.598282,-28.542,129.183960,0.005599,9.882,7.743,7.924,0.000000
131.050369,-29.170,140.203171,0.006019,9.876,7.782,7.963,0.000000
131.503952,-29.771,154.340698,0.006450,9.871,7.820,8.002,0.000000
131.959229,-29.619,168.827988,0.006338,9.865,7.859,8.042,0.000000
132.415955,-29.159,-173.275085,0.006011,9.859,7.898,8.081,0.000000
132.874329,-28.019,-159.106644,0.005272,9.854,7.937,8.121,0.000000
133.334290,-26.625,-147.635345,0.004490,9.848,7.976,8.160,0.000000
133.795853,-25.262,-142.513916,0.003838,9.842,8.015,8.200,0.000000
134.259003,-23.932,-136.531525,0.003293,9.836,8.054,8.240,0.000000
134.723755,-22.984,-135.297180,0.002953,9.831,8.094,8.280,0.000000
135.190109,-21.734,-134.094238,0.002557,9.825,8.134,8.320,0.000000
135.658081,-20.844,-134.521286,0.002308,9.819,8.173,8.361,0.000000
136.127686,-20.017,-135.679047,0.002098,9.813,8.213,8.401,0.000000
136.598907,-19.125,-137.781891,0.001893,9.807,8.253,8.442,0.000000
137.071762,-18.431,-138.142014,0.001748,9.801,8.293,8.483,0.000000
137.546249,-17.792,-140.581436,0.001624,9.795,8.334,8.524,0.000000
138.022385,-17.087,-142.026993,0.001497,9.789,8.374,8.565,0.000000
138.500092,-16.447,-144.030029,0.001391,9.784,8.415,8.606,0.000000
138.979599,-15.749,-147.307602,0.001284,9.778,8.456,8.647,0.000000
139.460617,-15.217,-149.927765,0.001208,9.772,8.496,8.689,0.000000
139.943375,-14.706,-153.027527,0.001138,9.766,8.537,8.730,0.000000
140.427811,-14.236,-157.155609,0.001078,9.760,8.579,8.772,0.000000
140.913925,-13.889,-161.112686,0.001036,9.753,8.620,8.814,0.000000
141.401703,-13.534,-165.187943,0.000995,9.747,8.661,8.856,0.000000
141.891190,-13.290,-169.969391,0.000967,9.741,8.703,8.898,0.000000
142.382355,-13.137,-174.164368,0.000950,9.735,8.745,8.941,0.000000
142.875229,-13.014,-179.354767,0.000937,9.729,8.787,8.983,0.000000
143.369812,-13.020,176.124680,0.000938,9.723,8.829,9.026,0.000000
143.866104,-13.113,171.005829,0.000948,9.717,8.871,9.069,0.000000
144.364120,-13.272,165.813843,0.000965,9.711,8.913,9.112,0.000000
144.863785,-13.547,161.334137,0.000996,9.704,8.956,9.155,0.000000
145.365311,-13.883,156.143692,0.001036,9.698,8.998,9.198,0.000000
145.868439,-14.367,152.131210,0.001095,9.692,9.041,9.242,0.000000
146.373383,-14.890,147.392746,0.001163,9.685,9.084,9.285,0.000000
146.880066,-15.609,143.678284,0.001263,9.679,9.127,9.329,0.000000
147.388504,-16.381,139.785980,0.001381,9.673,9.170,9.373,0.000000
147.898712,-17.233,137.150314,0.001523,9.667,9.214,9.417,0.000000
148.410675,-18.313,135.604324,0.001724,9.660,9.257,9.461,0.000000
148.924423,-19.601,135.918900,0.002000,9.654,9.301,9.505,0.000000
149.439941,-20.896,138.669739,0.002322,9.647,9.345,9.550,0.000000
149.957245,-22.351,143.418488,0.002745,9.641,9.389,9.594,0.000000
150.476334,-23.794,152.064026,0.003241,9.634,9.433,9.639,0.000000
150.997238,-24.638,162.346512,0.003572,9.628,9.477,9.684,0.000000
151.519852,-25.046,175.291168,0.003744,9.621,9.521,9.729,0.000000
152.044434,-25.045,-172.632019,0.003743,9.615,9.566,9.774,0.000000
152.570679,-24.267,-159.500061,0.003423,9.608,9.611,9.820,0.000000
153.098892,-23.121,-148.769150,0.003000,9.602,9.656,9.865,0.000000
153.628784,-21.620,-141.425507,0.002524,9.595,9.701,9.911,0.000000
154.160660,-20.105,-135.556442,0.002120,9.589,9.746,9.957,0.000000
154.694229,-18.680,-133.800217,0.001799,9.582,9.791,10.003,0.000000
155.229797,-17.406,-133.796982,0.001554,9.575,9.837,10.049,0.000000
155.767075,-16.349,-134.767395,0.001376,9.569,9.882,10.095,0.000000
156.306274,-15.411,-136.580521,0.001235,9.562,9.928,10.142,0.000000
156.847351,-14.501,-139.603851,0.001112,9.555,9.974,10.189,0.000000
157.390305,-13.767,-142.655167,0.001022,9.548,10.020,10.235,0.000000
157.935120,-13.105,-145.877365,0.000947,9.542,10.067,10.282,0.000000
158.481750,-12.575,-149.118332,0.000891,9.535,10.113,10.330,0.000000
159.030441,-12.067,-152.371399,0.000840,9.528,10.160,10.377,0.000000
159.580856,-11.609,-155.294922,0.000797,9.521,10.206,10.424,0.000000
160.133347,-11.207,-158.500229,0.000761,9.514,10.253,10.472,0.000000
160.687592,-10.820,-161.339935,0.000728,9.507,10.300,10.520,0.000000
161.243912,-10.437,-164.662262,0.000697,9.500,10.348,10.568,0.000000
161.801987,-10.126,-168.193359,0.000672,9.493,10.395,10.616,0.000000
162.362167,-9.820,-171.396484,0.000649,9.486,10.443,10.664,0.000000
162.924133,-9.530,-174.588013,0.000628,9.479,10.491,10.713,0.000000
163.488113,-9.252,-177.726334,0.000608,9.472,10.538,10.762,0.000000
164.054047,-9.011,179.068619,0.000592,9.465,10.587,10.810,0.000000
164.621933,-8.776,175.539062,0.000576,9.458,10.635,10.859,0.000000
165.191788,-8.606,171.941772,0.000565,9.451,10.683,10.909,0.000000
165.763535,-8.506,168.622787,0.000558,9.444,10.732,10.958,0.000000
166.337433,-8.438,164.915741,0.000554,9.437,10.781,11.007,0.000000
166.913147,-8.388,161.636551,0.000551,9.430,10.830,11.057,0.000000
167.491013,-8.392,157.957779,0.000551,9.423,10.879,11.107,0.000000
168.070801,-8.439,155.188843,0.000554,9.415,10.928,11.157,0.000000
168.652603,-8.485,152.562408,0.000557,9.408,10.977,11.207,0.000000
169.236328,-8.581,149.644531,0.000563,9.401,11.027,11.257,0.000000
169.822250,-8.698,147.289246,0.000571,9.394,11.077,11.308,0.000000
170.410019,-8.796,145.293610,0.000577,9.386,11.127,11.359,0.000000
170.999924,-8.857,143.507675,0.000581,9.379,11.177,11.410,0.000000
171.591858,-8.932,141.901352,0.000586,9.372,11.227,11.461,0.000000
172.185837,-8.951,140.301605,0.000588,9.364,11.278,11.512,0.000000
172.781876,-8.939,138.783173,0.000587,9.357,11.328,11.563,0.000000
173.379990,-8.931,137.059158,0.000587,9.349,11.379,11.615,0.000000
173.980164,-8.936,135.559784,0.000587,9.342,11.430,11.667,0.000000
174.582336,-8.854,134.115860,0.000582,9.334,11.481,11.719,0.000000
175.186752,-8.751,132.364502,0.000575,9.327,11.533,11.771,0.000000
175.793182,-8.639,130.342438,0.000567,9.319,11.584,11.823,0.000000
176.401703,-8.551,128.424973,0.000562,9.312,11.636,11.876,0.000000
177.012253,-8.485,126.353569,0.000558,9.304,11.688,11.928,0.000000
177.625092,-8.418,123.551323,0.000553,9.296,11.740,11.981,0.000000
178.239883,-8.356,121.160736,0.000549,9.289,11.792,12.034,0.000000
178.856964,-8.297,118.362160,0.000546,9.281,11.845,12.087,0.000000
179.476013,-8.272,115.650497,0.000544,9.273,11.897,12.141,0.000000
180.097290,-8.322,112.603233,0.000547,9.266,11.950,12.194,0.000000
180.720718,-8.344,109.506012,0.000548,9.258,12.003,12.248,0.000000
181.346298,-8.411,106.551918,0.000553,9.250,12.056,12.302,0.000000
181.974045,-8.531,103.586967,0.000560,9.242,12.110,12.356,0.000000
182.603882,-8.668,100.661980,0.000569,9.234,12.163,12.411,0.000000
183.236084,-8.842,97.964607,0.000580,9.227,12.217,12.465,0.000000
183.870377,-9.071,95.275154,0.000596,9.219,12.271,12.520,0.000000
184.506866,-9.341,92.927612,0.000614,9.211,12.325,12.575,0.000000
185.145462,-9.579,90.838272,0.000631,9.203,12.379,12.630,0.000000
185.786453,-9.815,88.934097,0.000649,9.195,12.434,12.685,0.000000
186.429489,-10.123,87.086884,0.000672,9.187,12.488,12.741,0.000000
187.074921,-10.398,84.937202,0.000693,9.179,12.543,12.796,0.000000
187.722412,-10.682,83.621178,0.000716,9.171,12.598,12.852,0.000000
188.372238,-10.946,82.460403,0.000738,9.163,12.653,12.908,0.000000
189.024307,-11.152,81.138107,0.000756,9.155,12.709,12.964,0.000000
189.678650,-11.356,79.636139,0.000774,9.146,12.764,13.021,0.000000
190.335236,-11.540,78.443756,0.000790,9.138,12.820,13.078,0.000000
190.994110,-11.775,77.113823,0.000812,9.130,12.876,13.134,0.000000
191.655258,-11.991,76.151100,0.000832,9.122,12.932,13.191,0.000000
192.318695,-12.196,75.554108,0.000852,9.114,12.989,13.249,0.000000
192.984421,-12.431,75.185028,0.000875,9.105,13.045,13.306,0.000000
193.652374,-12.541,74.324333,0.000886,9.097,13.102,13.364,0.000000
194.322815,-12.702,73.552719,0.000902,9.089,13.159,13.422,0.000000
194.995392,-12.872,72.717316,0.000919,9.080,13.216,13.480,0.000000
195.670486,-13.025,72.091888,0.000936,9.072,13.274,13.538,0.000000
196.347733,-13.202,71.455833,0.000954,9.063,13.331,13.596,0.000000
197.027405,-13.396,70.859528,0.000976,9.055,13.389,13.655,0.000000
197.709442,-13.568,70.474533,0.000995,9.046,13.447,13.714,0.000000
198.393829,-13.625,69.762146,0.001001,9.038,13.505,13.773,0.000000
199.080597,-13.750,68.935509,0.001015,9.029,13.563,13.832,0.000000
199.769745,-13.913,68.140205,0.001034,9.021,13.622,13.891,0.000000
200.461258,-14.031,67.447601,0.001048,9.012,13.681,13.951,0.000000
201.155182,-14.172,66.618782,0.001065,9.004,13.740,14.011,0.000000
201.851501,-14.323,66.054077,0.001083,8.995,13.799,14.071,0.000000
202.550232,-14.425,65.338486,0.001095,8.986,13.858,14.131,0.000000
203.251389,-14.566,64.393333,0.001112,8.977,13.918,14.192,0.000000
203.954865,-14.746,63.903217,0.001135,8.969,13.978,14.253,0.000000
204.660980,-14.948,63.436275,0.001161,8.960,14.038,14.313,0.000000
205.369339,-15.201,63.092583,0.001195,8.951,14.098,14.375,0.000000
206.080246,-15.400,63.244003,0.001222,8.942,14.158,14.436,0.000000
206.793625,-15.626,63.826477,0.001254,8.933,14.219,14.497,0.000000
207.509567,-15.865,64.935234,0.001288,8.924,14.280,14.559,0.000000
208.227783,-16.038,66.306778,0.001313,8.916,14.341,14.621,0.000000
208.948685,-16.214,68.155922,0.001339,8.907,14.402,14.683,0.000000
209.671890,-16.319,70.027107,0.001355,8.898,14.464,14.746,0.000000
210.397690,-16.367,71.854591,0.001362,8.888,14.525,14.808,0.000000
211.126007,-16.244,74.144264,0.001342,8.879,14.587,14.871,0.000000
211.856842,-16.028,76.847153,0.001308,8.870,14.649,14.934,0.000000
212.590210,-15.696,79.069229,0.001258,8.861,14.712,14.997,0.000000
213.326019,-15.236,80.692924,0.001192,8.852,14.774,15.061,0.000000
214.064575,-14.636,81.829803,0.001112,8.843,14.837,15.125,0.000000
214.805481,-14.022,82.297325,0.001035,8.834,14.900,15.189,0.000000
215.549057,-13.366,82.227348,0.000959,8.824,14.963,15.253,0.000000
216.295197,-12.707,81.650116,0.000889,8.815,15.026,15.317,0.000000
217.044037,-12.012,80.127365,0.000820,8.806,15.090,15.382,0.000000
217.795258,-11.376,77.719711,0.000762,8.796,15.154,15.446,0.000000
218.549286,-10.804,74.815628,0.000713,8.787,15.218,15.512,0.000000
219.305710,-10.207,70.835503,0.000665,8.778,15.282,15.577,0.000000
220.064865,-9.744,66.876419,0.000630,8.768,15.347,15.642,0.000000
220.826645,-9.338,62.165714,0.000601,8.759,15.412,15.708,0.000000
221.591064,-9.028,57.457279,0.000580,8.749,15.477,15.774,0.000000
222.358124,-8.779,52.187603,0.000563,8.740,15.542,15.840,0.000000
223.127731,-8.612,46.792213,0.000552,8.730,15.607,15.907,0.000000
223.900223,-8.555,41.378384,0.000548,8.720,15.673,15.973,0.000000
224.675171,-8.556,36.358837,0.000548,8.711,15.739,16.040,0.000000
225.453018,-8.631,30.961988,0.000552,8.701,15.805,16.107,0.000000
226.233337,-8.775,26.002249,0.000561,8.691,15.871,16.174,0.000000
227.016586,-8.955,21.431593,0.000573,8.682,15.938,16.242,0.000000
227.802322,-9.192,17.021715,0.000588,8.672,16.004,16.310,0.000000
228.590988,-9.495,12.652650,0.000609,8.662,16.071,16.378,0.000000
229.382187,-9.798,9.094711,0.000630,8.652,16.139,16.446,0.000000
230.176208,-10.179,5.293181,0.000658,8.642,16.206,16.515,0.000000
230.972992,-10.547,2.145393,0.000686,8.632,16.274,16.583,0.000000
231.772537,-10.965,-1.054090,0.000720,8.622,16.342,16.652,0.000000
232.574844,-11.398,-3.685275,0.000756,8.612,16.410,16.721,0.000000
233.379822,-11.886,-6.113157,0.000800,8.602,16.478,16.791,0.000000
234.187805,-12.410,-8.083000,0.000849,8.592,16.547,16.861,0.000000
234.998352,-12.949,-9.451820,0.000903,8.582,16.616,16.931,0.000000
235.811935,-13.430,-10.119322,0.000954,8.572,16.685,17.001,0.000000
236.628113,-13.912,-10.230394,0.001009,8.562,16.755,17.071,0.000000
237.447342,-14.343,-10.293453,0.001059,8.552,16.824,17.142,0.000000
238.269180,-14.735,-9.761827,0.001108,8.542,16.894,17.213,0.000000
239.094101,-15.057,-8.833835,0.001150,8.531,16.964,17.284,0.000000
239.921631,-15.279,-7.720472,0.001179,8.521,17.034,17.355,0.000000
240.752151,-15.393,-6.470544,0.001194,8.511,17.105,17.427,0.000000
241.585541,-15.451,-5.370276,0.001202,8.500,17.176,17.499,0.000000
242.421814,-15.393,-4.329062,0.001193,8.490,17.247,17.571,0.000000
243.260986,-15.290,-4.006702,0.001179,8.479,17.318,17.643,0.000000
244.102951,-15.167,-3.862266,0.001162,8.469,17.390,17.716,0.000000
244.948059,-15.029,-3.425980,0.001144,8.458,17.462,17.789,0.000000
245.795975,-14.874,-3.611888,0.001123,8.448,17.534,17.862,0.000000
246.646820,-14.705,-4.043438,0.001101,8.437,17.606,17.935,0.000000
247.500626,-14.561,-4.856984,0.001083,8.427,17.679,18.009,0.000000
248.357376,-14.388,-5.572173,0.001061,8.416,17.751,18.083,0.000000
249.216980,-14.256,-6.322691,0.001045,8.405,17.824,18.157,0.000000
250.079788,-14.101,-7.497893,0.001026,8.395,17.889,18.223,0.000000
250.945343,-13.934,-8.577372,0.001006,8.395,17.866,18.199,0.000000
251.814026,-13.744,-9.964709,0.000984,8.394,17.843,18.175,0.000000
252.685715,-13.570,-11.748374,0.000964,8.393,17.820,18.150,0.000000
253.560410,-13.382,-13.546331,0.000943,8.392,17.797,18.126,0.000000
254.438141,-13.194,-15.442771,0.000923,8.391,17.774,18.102,0.000000
255.318909,-13.020,-17.518188,0.000905,8.391,17.750,18.078,0.000000
256.202728,-12.835,-19.938070,0.000885,8.390,17.727,18.053,0.000000
257.089600,-12.709,-22.151205,0.000872,8.389,17.704,18.029,0.000000
257.979553,-12.573,-24.893507,0.000859,8.388,17.680,18.004,0.000000
258.872559,-12.449,-27.666975,0.000846,8.387,17.656,17.979,0.000000
259.768677,-12.336,-30.331495,0.000835,8.386,17.633,17.955,0.000000
260.667786,-12.276,-33.539577,0.000829,8.385,17.609,17.930,0.000000
261.570251,-12.253,-36.827000,0.000827,8.385,17.585,17.905,0.000000
262.475555,-12.252,-40.060825,0.000827,8.384,17.561,17.880,0.000000
263.384277,-12.304,-43.633831,0.000832,8.383,17.537,17.854,0.000000
264.295898,-12.388,-47.292442,0.000840,8.382,17.513,17.829,0.000000
265.210785,-12.548,-51.053814,0.000855,8.381,17.489,17.804,0.000000
266.128845,-12.800,-54.861889,0.000880,8.380,17.464,17.779,0.000000
267.050201,-13.102,-58.428459,0.000911,8.379,17.440,17.753,0.000000
267.974518,-13.481,-60.984146,0.000952,8.379,17.416,17.728,0.000000
268.902130,-13.887,-63.281860,0.000997,8.378,17.391,17.702,0.000000
269.832977,-14.339,-65.103218,0.001051,8.377,17.367,17.676,0.000000
270.767029,-14.796,-66.043060,0.001107,8.376,17.342,17.650,0.000000
271.704315,-15.220,-66.241867,0.001163,8.375,17.317,17.624,0.000000
272.644714,-15.602,-65.662926,0.001215,8.374,17.292,17.598,0.000000
273.588654,-15.872,-64.875999,0.001253,8.373,17.267,17.572,0.000000
274.535583,-16.038,-63.833530,0.001277,8.372,17.242,17.546,0.000000
275.486053,-16.111,-63.285854,0.001288,8.372,17.217,17.520,0.000000
276.439545,-16.077,-62.935169,0.001282,8.371,17.192,17.493,0.000000
277.396454,-16.013,-62.894043,0.001273,8.370,17.167,17.467,0.000000
278.356689,-15.924,-63.437477,0.001260,8.369,17.141,17.440,0.000000
279.320404,-15.896,-64.665810,0.001255,8.368,17.116,17.414,0.000000
280.287170,-15.893,-65.702759,0.001255,8.367,17.090,17.387,0.000000
281.257416,-15.932,-67.161255,0.001260,8.366,17.064,17.360,0.000000
282.231018,-16.000,-68.217216,0.001270,8.365,17.039,17.333,0.000000
283.207977,-16.093,-69.173210,0.001283,8.364,17.013,17.306,0.000000
284.188354,-16.209,-69.833885,0.001300,8.363,16.987,17.279,0.000000
285.171967,-16.284,-70.156448,0.001311,8.362,16.961,17.252,0.000000
286.159271,-16.305,-70.110321,0.001314,8.362,16.935,17.225,0.000000
287.149689,-16.307,-70.018440,0.001314,8.361,16.909,17.197,0.000000
288.143829,-16.235,-70.159363,0.001303,8.360,16.882,17.170,0.000000
289.141144,-16.120,-70.902863,0.001285,8.359,16.856,17.142,0.000000
290.142029,-15.970,-71.956192,0.001263,8.358,16.830,17.114,0.000000
291.146393,-15.877,-73.537491,0.001249,8.357,16.803,17.087,0.000000
292.154358,-15.806,-74.914894,0.001238,8.356,16.776,17.059,0.000000
293.165558,-15.811,-76.654808,0.001239,8.355,16.750,17.031,0.000000
294.180389,-15.846,-78.350433,0.001243,8.354,16.723,17.003,0.000000
295.198730,-15.868,-80.294006,0.001246,8.353,16.696,16.974,0.000000
296.220581,-15.870,-81.964699,0.001246,8.352,16.669,16.946,0.000000
297.246002,-15.904,-83.524918,0.001251,8.351,16.642,16.918,0.000000
298.274933,-15.947,-84.670631,0.001257,8.350,16.614,16.889,0.000000
299.307465,-15.962,-86.055008,0.001259,8.349,16.587,16.861,0.000000
300.343414,-16.023,-87.651665,0.001268,8.348,16.560,16.832,0.000000
301.383209,-16.139,-89.182137,0.001285,8.347,16.532,16.803,0.000000
302.426361,-16.240,-90.572403,0.001299,8.346,16.505,16.775,0.000000
303.473389,-16.378,-91.532753,0.001320,8.345,16.477,16.746,0.000000
304.523743,-16.503,-92.097893,0.001339,8.344,16.449,16.717,0.000000
305.578033,-16.625,-92.579338,0.001358,8.343,16.421,16.687,0.000000
306.635681,-16.776,-93.340790,0.001381,8.342,16.393,16.658,0.000000
307.697266,-16.961,-93.576118,0.001411,8.341,16.365,16.629,0.000000
308.762268,-17.148,-93.382889,0.001441,8.340,16.337,16.599,0.000000
309.831085,-17.283,-92.656662,0.001463,8.339,16.309,16.570,0.000000
310.903595,-17.305,-91.359673,0.001467,8.338,16.281,16.540,0.000000
311.979828,-17.177,-90.241150,0.001445,8.337,16.252,16.510,0.000000
313.059784,-17.009,-89.724434,0.001417,8.336,16.224,16.480,0.000000
314.143311,-16.831,-89.513145,0.001388,8.335,16.195,16.450,0.000000
315.230927,-16.600,-89.513649,0.001351,8.334,16.166,16.420,0.000000
316.322113,-16.389,-89.609329,0.001318,8.333,16.137,16.390,0.000000
317.417114,-16.089,-89.825073,0.001273,8.332,16.108,16.360,0.000000
318.515747,-15.716,-90.369568,0.001219,8.331,16.079,16.329,0.000000
319.618469,-15.346,-91.840111,0.001168,8.330,16.050,16.299,0.000000
320.724701,-15.030,-93.946320,0.001126,8.329,16.021,16.268,0.000000
321.835083,-14.728,-96.254211,0.001087,8.328,15.991,16.238,0.000000
322.949005,-14.463,-98.663460,0.001054,8.327,15.962,16.207,0.000000
324.066925,-14.203,-101.657242,0.001023,8.326,15.932,16.176,0.000000
325.188721,-13.987,-104.899559,0.000998,8.325,15.903,16.145,0.000000
326.314392,-13.843,-108.712128,0.000981,8.324,15.873,16.114,0.000000
327.443970,-13.778,-112.512032,0.000974,8.323,15.843,16.083,0.000000
328.577301,-13.820,-116.497749,0.000978,8.322,15.813,16.051,0.000000
329.714874,-13.902,-120.377235,0.000987,8.321,15.783,16.020,0.000000
330.856232,-14.072,-124.324471,0.001007,8.320,15.753,15.988,0.000000
332.001526,-14.324,-127.827576,0.001036,8.319,15.723,15.956,0.000000
333.150635,-14.649,-131.024826,0.001075,8.317,15.692,15.925,0.000000
334.304016,-15.088,-133.695648,0.001131,8.316,15.662,15.893,0.000000
335.461090,-15.581,-135.486145,0.001197,8.315,15.631,15.861,0.000000
336.622498,-16.084,-136.299316,0.001268,8.314,15.600,15.829,0.000000
337.787598,-16.521,-136.209991,0.001333,8.313,15.570,15.796,0.000000
338.956879,-16.912,-135.703125,0.001394,8.312,15.539,15.764,0.000000
340.130219,-17.195,-134.683151,0.001440,8.311,15.508,15.732,0.000000
341.307617,-17.434,-133.544540,0.001480,8.310,15.477,15.699,0.000000
342.489105,-17.621,-132.091980,0.001512,8.309,15.445,15.666,0.000000
343.674652,-17.686,-130.392197,0.001523,8.308,15.414,15.634,0.000000
344.864319,-17.519,-128.845459,0.001494,8.306,15.383,15.601,0.000000
346.058105,-17.278,-127.315170,0.001454,8.305,15.351,15.568,0.000000
347.256042,-16.915,-126.395401,0.001394,8.304,15.319,15.535,0.000000
348.457947,-16.454,-126.149269,0.001322,8.303,15.288,15.501,0.000000
349.664337,-16.003,-126.977585,0.001255,8.302,15.256,15.468,0.000000
350.874573,-15.555,-128.597290,0.001192,8.301,15.224,15.434,0.000000
352.089325,-15.147,-130.583725,0.001137,8.300,15.192,15.401,0.000000
353.307953,-14.782,-133.423706,0.001090,8.299,15.159,15.367,0.000000
354.530975,-14.487,-136.697693,0.001054,8.297,15.127,15.333,0.000000
355.758240,-14.247,-140.722778,0.001025,8.296,15.094,15.299,0.000000
356.989716,-14.092,-144.852371,0.001006,8.295,15.062,15.265,0.000000
358.225494,-14.070,-149.565918,0.001004,8.294,15.029,15.231,0.000000
359.465515,-14.171,-154.503433,0.001015,8.293,14.996,15.197,0.000000
360.709869,-14.372,-158.767380,0.001039,8.292,14.964,15.162,0.000000
361.958496,-14.669,-162.481293,0.001075,8.290,14.931,15.128,0.000000
363.211456,-14.969,-165.609833,0.001113,8.289,14.897,15.093,0.000000
364.468750,-15.265,-168.259064,0.001152,8.288,14.864,15.058,0.000000
365.730408,-15.588,-171.039047,0.001195,8.287,14.831,15.023,0.000000
366.996246,-15.952,-173.495010,0.001246,8.286,14.797,14.988,0.000000
368.266815,-16.350,-175.581268,0.001305,8.284,14.764,14.953,0.000000
369.541443,-16.790,-176.957382,0.001373,8.283,14.730,14.918,0.000000
370.820648,-17.145,-177.533524,0.001430,8.282,14.696,14.883,0.000000
372.104309,-17.469,-177.892609,0.001484,8.281,14.662,14.847,0.000000
373.392395,-17.706,-178.304199,0.001525,8.280,14.628,14.812,0.000000
374.684937,-18.006,-178.453537,0.001579,8.278,14.594,14.776,0.000000
375.982117,-18.279,-178.552338,0.001629,8.277,14.560,14.740,0.000000
377.283447,-18.512,-178.263931,0.001673,8.276,14.525,14.704,0.000000
378.589447,-18.636,-177.793610,0.001698,8.275,14.491,14.668,0.000000
379.899994,-18.691,-177.132263,0.001708,8.274,14.456,14.632,0.000000
381.215057,-18.630,-177.482376,0.001696,8.272,14.421,14.595,0.000000
382.534668,-18.547,-178.101501,0.001680,8.271,14.386,14.559,0.000000
383.858673,-18.408,-178.893723,0.001654,8.270,14.351,14.522,0.000000
385.187622,-18.270,179.757614,0.001628,8.269,14.316,14.485,0.000000
386.520813,-18.136,178.024124,0.001603,8.267,14.281,14.448,0.000000
387.859009,-18.023,175.870224,0.001582,8.266,14.246,14.411,0.000000
389.201416,-17.957,173.291107,0.001570,8.265,14.210,14.374,0.000000
390.548889,-17.950,170.642303,0.001569,8.264,14.175,14.337,0.000000
391.900635,-17.971,167.863831,0.001572,8.262,14.139,14.300,0.000000
393.257416,-18.047,165.263458,0.001586,8.261,14.103,14.262,0.000000
394.618530,-18.083,162.024597,0.001593,8.260,14.067,14.224,0.000000
395.984558,-18.211,158.690399,0.001617,8.258,14.031,14.187,0.000000
397.355316,-18.367,155.297256,0.001646,8.257,13.995,14.149,0.000000
398.730804,-18.573,151.711975,0.001685,8.256,13.958,14.111,0.000000
400.111053,-18.806,148.495789,0.001731,8.255,13.922,14.072,0.000000
401.495880,-19.103,145.053574,0.001791,8.253,13.885,14.034,0.000000
402.885895,-19.406,141.860229,0.001855,8.252,13.848,13.996,0.000000
404.280365,-19.762,138.039490,0.001933,8.251,13.811,13.957,0.000000
405.679993,-20.194,134.288605,0.002031,8.249,13.774,13.918,0.000000
407.084106,-20.719,130.606247,0.002158,8.248,13.737,13.880,0.000000
408.493500,-21.203,127.177452,0.002281,8.247,13.700,13.841,0.000000
409.907349,-21.683,123.957779,0.002411,8.245,13.663,13.802,0.000000
411.326477,-22.157,119.429527,0.002546,8.244,13.625,13.762,0.000000
412.750122,-22.627,114.595955,0.002688,8.243,13.588,13.723,0.000000
414.178925,-23.133,107.592567,0.002849,8.241,13.550,13.683,0.000000
415.612640,-23.847,99.493782,0.003093,8.240,13.512,13.644,0.000000
417.051331,-24.657,90.032814,0.003395,8.239,13.474,13.604,0.000000
418.494995,-25.722,79.299835,0.003838,8.237,13.436,13.564,0.000000
419.943481,-26.919,65.175285,0.004405,8.236,13.397,13.524,0.000000
421.397369,-28.130,46.894531,0.005065,8.235,13.359,13.484,0.000000
422.855865,-29.716,26.803345,0.006079,8.233,13.320,13.443,0.000000
424.319855,-31.353,-3.171094,0.007340,8.232,13.282,13.403,0.000000
425.788666,-33.001,-28.055223,0.008874,8.230,13.243,13.362,0.000000
427.262604,-33.912,-43.100948,0.009854,8.229,13.204,13.321,0.000000
428.741394,-34.011,-55.398479,0.009967,8.228,13.165,13.281,0.000000
430.225739,-32.990,-64.528442,0.008862,8.226,13.125,13.239,0.000000
431.714813,-31.625,-69.745293,0.007574,8.225,13.086,13.198,0.000000
433.209259,-30.216,-72.576736,0.006439,8.224,13.047,13.157,0.000000
434.708862,-28.651,-73.629745,0.005378,8.222,13.007,13.115,0.000000
436.213654,-27.005,-71.843346,0.004449,8.221,12.967,13.074,0.000000
437.723663,-25.260,-72.226753,0.003640,8.219,12.927,13.032,0.000000
439.238892,-23.583,-75.956276,0.003000,8.218,12.887,12.990,0.000000
440.759369,-21.920,-79.582893,0.002478,8.216,12.847,12.948,0.000000
442.285095,-20.447,-83.967537,0.002091,8.215,12.807,12.906,0.000000
443.816132,-19.063,-89.361732,0.001783,8.214,12.766,12.864,0.000000
445.352448,-17.837,-95.402542,0.001548,8.212,12.725,12.821,0.000000
446.894073,-16.738,-102.397797,0.001364,8.211,12.685,12.778,0.000000
448.440857,-15.852,-110.148003,0.001231,8.209,12.644,12.736,0.000000
449.993408,-15.176,-119.081970,0.001139,8.208,12.603,12.693,0.000000
451.550873,-14.710,-128.414993,0.001079,8.206,12.562,12.650,0.000000
453.114197,-14.422,-137.630310,0.001044,8.205,12.520,12.606,0.000000
454.682495,-14.270,-146.437378,0.001026,8.203,12.479,12.563,0.000000
456.256409,-14.331,-154.870346,0.001033,8.202,12.437,12.519,0.000000
457.835815,-14.556,-162.776245,0.001059,8.200,12.395,12.476,0.000000
459.420654,-14.969,-169.987808,0.001111,8.199,12.353,12.432,0.000000
461.010986,-15.523,-175.824051,0.001184,8.197,12.311,12.388,0.000000
462.606842,-16.163,179.873016,0.001274,8.196,12.269,12.344,0.000000
464.208221,-16.817,177.061203,0.001374,8.194,12.227,12.299,0.000000
465.815125,-17.521,175.145950,0.001490,8.193,12.184,12.255,0.000000
467.427582,-18.336,174.923950,0.001636,8.191,12.142,12.210,0.000000
469.045410,-19.018,175.628464,0.001770,8.190,12.099,12.166,0.000000
470.669312,-19.502,177.496918,0.001871,8.188,12.056,12.121,0.000000
472.298340,-19.841,179.199020,0.001946,8.187,12.013,12.076,0.000000
473.933502,-19.978,-179.413498,0.001977,8.185,11.970,12.030,0.000000
475.573853,-20.149,-178.486298,0.002016,8.184,11.926,11.985,0.000000
477.220093,-20.374,-177.703827,0.002068,8.182,11.883,11.940,0.000000
478.872040,-20.655,-176.042130,0.002136,8.181,11.839,11.894,0.000000
480.529724,-20.730,-172.937775,0.002154,8.179,11.795,11.848,0.000000
482.193146,-20.560,-169.107132,0.002112,8.178,11.751,11.802,0.000000
483.862305,-20.227,-166.215591,0.002032,8.176,11.707,11.756,0.000000
485.537262,-19.514,-163.350922,0.001872,8.174,11.663,11.709,0.000000
487.217987,-18.699,-161.012695,0.001704,8.173,11.618,11.663,0.000000
488.904541,-17.928,-159.530518,0.001559,8.171,11.574,11.616,0.000000
490.596710,-17.066,-159.345795,0.001411,8.170,11.529,11.570,0.000000
492.295197,-16.187,-160.455353,0.001275,8.168,11.484,11.523,0.000000
493.999115,-15.468,-164.013412,0.001174,8.166,11.439,11.475,0.000000
495.709381,-14.961,-169.846283,0.001107,8.165,11.394,11.428,0.000000
497.425110,-14.708,-176.799332,0.001075,8.163,11.349,11.381,0.000000
499.147003,-14.722,177.142044,0.001077,8.162,11.303,11.333,0.000000
500.874847,-14.950,171.948761,0.001105,8.161,11.265,11.294,0.000000
502.608917,-15.255,168.068008,0.001144,8.161,11.234,11.263,0.000000
504.348541,-15.611,165.346878,0.001192,8.161,11.203,11.232,0.000000
506.094391,-15.980,163.130432,0.001243,8.161,11.172,11.201,0.000000
507.846283,-16.342,161.343765,0.001296,8.160,11.141,11.170,0.000000
509.604279,-16.740,159.956604,0.001357,8.160,11.110,11.139,0.000000
511.368317,-17.111,159.129898,0.001416,8.160,11.079,11.108,0.000000
513.138489,-17.501,159.433929,0.001480,8.160,11.047,11.076,0.000000
514.914795,-17.870,161.001938,0.001544,8.160,11.016,11.045,0.000000
516.696960,-18.060,163.357986,0.001578,8.160,10.984,11.013,0.000000
518.485840,-18.006,165.971970,0.001568,8.160,10.952,10.981,0.000000
520.280334,-17.727,168.174194,0.001518,8.160,10.921,10.949,0.000000
522.081360,-17.286,169.723099,0.001443,8.160,10.889,10.917,0.000000
523.888611,-16.709,170.662018,0.001350,8.160,10.857,10.885,0.000000
525.702393,-16.143,170.702225,0.001265,8.160,10.824,10.853,0.000000
527.521912,-15.581,169.230789,0.001186,8.160,10.792,10.821,0.000000
529.348206,-15.070,166.432022,0.001118,8.160,10.760,10.788,0.000000
531.180359,-14.749,161.578781,0.001078,8.159,10.727,10.756,0.000000
533.019104,-14.615,156.130020,0.001061,8.159,10.695,10.723,0.000000
534.864258,-14.716,150.606613,0.001073,8.159,10.662,10.690,0.000000
536.715698,-14.988,145.717987,0.001107,8.159,10.629,10.657,0.000000
538.573608,-15.464,141.656128,0.001169,8.159,10.596,10.624,0.000000
540.437683,-16.058,138.495819,0.001252,8.159,10.563,10.591,0.000000
542.308777,-16.776,136.358444,0.001360,8.159,10.530,10.558,0.000000
544.185730,-17.505,136.406830,0.001478,8.159,10.496,10.525,0.000000
546.069763,-18.219,137.731293,0.001605,8.159,10.463,10.491,0.000000
547.959778,-18.744,140.375626,0.001705,8.159,10.429,10.458,0.000000
549.856873,-19.087,143.737274,0.001774,8.159,10.396,10.424,0.000000
551.760010,-19.245,147.484344,0.001806,8.159,10.362,10.390,0.000000
553.670288,-19.200,151.266190,0.001797,8.159,10.328,10.356,0.000000
555.586609,-18.932,154.892914,0.001742,8.158,10.294,10.322,0.000000
557.509827,-18.463,158.106247,0.001651,8.158,10.260,10.288,0.000000
559.439697,-17.904,160.113144,0.001548,8.158,10.226,10.254,0.000000
561.376282,-17.325,160.825043,0.001448,8.158,10.191,10.219,0.000000
563.319519,-16.736,159.956589,0.001353,8.158,10.157,10.185,0.000000
565.269287,-16.271,157.952332,0.001283,8.158,10.122,10.150,0.000000
567.226318,-15.955,155.129684,0.001237,8.158,10.088,10.115,0.000000
569.189514,-15.795,152.275970,0.001214,8.158,10.053,10.081,0.000000
571.160156,-15.685,149.909103,0.001199,8.158,10.018,10.046,0.000000
573.136963,-15.576,147.995148,0.001184,8.158,9.983,10.010,0.000000
575.121216,-15.405,146.181641,0.001160,8.158,9.947,9.975,0.000000
577.111816,-15.212,144.200760,0.001135,8.158,9.912,9.940,0.000000
579.109863,-14.959,141.914230,0.001102,8.157,9.877,9.904,0.000000
581.114197,-14.701,139.017563,0.001069,8.157,9.841,9.869,0.000000
583.125793,-14.457,135.468246,0.001040,8.157,9.805,9.833,0.000000
585.144348,-14.231,130.885696,0.001013,8.157,9.770,9.797,0.000000
587.169922,-14.136,124.834435,0.001002,8.157,9.734,9.761,0.000000
589.202454,-14.261,117.463448,0.001016,8.157,9.698,9.725,0.000000
591.241760,-14.625,109.884392,0.001060,8.157,9.661,9.689,0.000000
593.288696,-15.287,102.320076,0.001144,8.157,9.625,9.652,0.000000
595.342468,-16.259,96.930183,0.001279,8.157,9.589,9.616,0.000000
597.403320,-17.434,94.636902,0.001465,8.157,9.552,9.579,0.000000
599.471008,-18.839,94.750923,0.001721,8.157,9.515,9.543,0.000000
601.546448,-20.479,97.496605,0.002079,8.157,9.479,9.506,0.000000
603.628479,-22.131,103.358948,0.002514,8.156,9.442,9.469,0.000000
605.718262,-23.535,112.021751,0.002954,8.156,9.404,9.432,0.000000
607.814758,-24.360,122.158897,0.003248,8.156,9.367,9.394,0.000000
609.918762,-24.479,133.048065,0.003292,8.156,9.330,9.357,0.000000
612.030090,-23.813,142.943375,0.003049,8.156,9.292,9.320,0.000000
614.148682,-22.715,149.824326,0.002687,8.156,9.255,9.282,0.000000
616.274658,-21.541,154.226120,0.002347,8.156,9.217,9.244,0.000000
618.407654,-20.419,156.635757,0.002063,8.156,9.179,9.206,0.000000
620.548645,-19.381,156.551651,0.001830,8.156,9.141,9.168,0.000000
622.696716,-18.539,153.842346,0.001661,8.156,9.103,9.130,0.000000
624.852295,-17.924,149.770706,0.001548,8.156,9.065,9.092,0.000000
627.015259,-17.518,145.087875,0.001477,8.155,9.027,9.053,0.000000
629.185730,-17.292,140.233551,0.001439,8.155,8.988,9.015,0.000000
631.363464,-17.209,135.538544,0.001425,8.155,8.949,8.976,0.000000
633.549316,-17.245,131.754883,0.001430,8.155,8.911,8.937,0.000000
635.742126,-17.320,128.583923,0.001443,8.155,8.872,8.898,0.000000
637.942810,-17.383,125.766365,0.001453,8.155,8.833,8.859,0.000000
640.151123,-17.416,123.047844,0.001458,8.155,8.793,8.820,0.000000
642.367065,-17.450,119.924904,0.001464,8.155,8.754,8.781,0.000000
644.590698,-17.464,116.190422,0.001466,8.155,8.715,8.741,0.000000
646.822327,-17.518,111.715675,0.001475,8.155,8.675,8.702,0.000000
649.061096,-17.658,106.017334,0.001499,8.155,8.635,8.662,0.000000
651.307861,-17.934,98.972420,0.001548,8.154,8.595,8.622,0.000000
653.562439,-18.435,90.724426,0.001640,8.154,8.555,8.582,0.000000
655.824829,-19.260,81.464455,0.001803,8.154,8.515,8.542,0.000000
658.095032,-20.439,70.121872,0.002065,8.154,8.475,8.501,0.000000
660.372803,-21.937,61.081207,0.002454,8.154,8.435,8.461,0.000000
662.659058,-23.615,57.711014,0.002977,8.154,8.394,8.420,0.000000
664.952637,-25.079,59.375557,0.003523,8.154,8.353,8.380,0.000000
667.254761,-26.336,79.683266,0.004072,8.154,8.313,8.339,0.000000
669.564209,-27.268,169.892639,0.004533,8.154,8.272,8.298,0.000000
671.882019,-27.572,-165.855713,0.004695,8.154,8.230,8.257,0.000000
674.207764,-27.136,-162.993637,0.004465,8.153,8.189,8.215,0.000000
676.541992,-25.993,-164.957397,0.003914,8.153,8.148,8.174,0.000000
678.883545,-24.684,-171.788254,0.003367,8.153,8.106,8.132,0.000000
681.233582,-23.450,-179.712753,0.002921,8.153,8.064,8.090,0.000000
683.591797,-22.682,175.437469,0.002674,8.153,8.023,8.049,0.000000
685.958130,-22.072,171.794968,0.002492,8.153,7.981,8.007,0.000000
688.332642,-21.604,169.167847,0.002362,8.153,7.938,7.964,0.000000
690.715027,-21.173,166.164444,0.002248,8.153,7.896,7.922,0.000000
693.106384,-20.757,163.247330,0.002143,8.153,7.854,7.880,0.000000
695.505310,-20.462,160.078659,0.002072,8.153,7.811,7.837,0.000000
697.913208,-20.308,156.946777,0.002036,8.152,7.768,7.794,0.000000
700.328796,-20.300,154.018784,0.002035,8.152,7.726,7.751,0.000000
702.753052,-20.440,151.941437,0.002068,8.152,7.683,7.708,0.000000
705.185730,-20.590,150.780884,0.002104,8.152,7.639,7.665,0.000000
707.627136,-20.721,150.276276,0.002137,8.152,7.596,7.622,0.000000
710.076355,-20.809,150.359985,0.002159,8.152,7.553,7.578,0.000000
712.534363,-20.902,150.437576,0.002183,8.152,7.509,7.534,0.000000
715.000854,-20.986,151.039062,0.002204,8.152,7.465,7.491,0.000000
717.475891,-21.021,152.244370,0.002213,8.152,7.421,7.447,0.000000
719.959534,-20.942,153.821777,0.002194,8.152,7.377,7.403,0.000000
722.451416,-20.721,155.112518,0.002139,8.151,7.333,7.358,0.000000
724.952637,-20.396,155.869995,0.002061,8.151,7.289,7.314,0.000000
727.461792,-20.092,155.957169,0.001990,8.151,7.244,7.269,0.000000
729.980347,-19.785,155.570282,0.001922,8.151,7.199,7.225,0.000000
732.506897,-19.530,155.188278,0.001866,8.151,7.155,7.180,0.000000
735.042908,-19.254,155.145493,0.001808,8.151,7.110,7.135,0.000000
737.586975,-18.862,155.295258,0.001729,8.151,7.064,7.089,0.000000
740.140564,-18.298,155.090012,0.001620,8.151,7.019,7.044,0.000000
742.702332,-17.654,153.765427,0.001505,8.151,6.974,6.999,0.000000
745.273254,-17.105,151.132706,0.001413,8.150,6.928,6.953,0.000000
747.853088,-16.665,147.172256,0.001343,8.150,6.882,6.907,0.000000
750.441895,-16.349,142.406631,0.001295,8.150,6.836,6.861,0.000000
753.039612,-16.117,137.162033,0.001262,8.150,6.790,6.815,0.000000
755.646362,-16.020,131.140335,0.001248,8.150,6.744,6.769,0.000000
758.262146,-16.108,124.719070,0.001261,8.150,6.698,6.722,0.000000
760.886597,-16.367,118.456573,0.001300,8.150,6.651,6.676,0.000000
763.520813,-16.786,112.711006,0.001364,8.150,6.604,6.629,0.000000
766.163818,-17.266,107.225479,0.001443,8.150,6.557,6.582,0.000000
768.816040,-17.811,101.545204,0.001536,8.149,6.510,6.535,0.000000
771.476990,-18.505,95.310455,0.001665,8.149,6.463,6.488,0.000000
774.147888,-19.364,88.347855,0.001838,8.149,6.416,6.440,0.000000
776.827332,-20.452,80.345772,0.002084,8.149,6.368,6.393,0.000000
779.516785,-21.738,70.569946,0.002416,8.149,6.320,6.345,0.000000
782.214844,-23.230,63.637871,0.002870,8.149,6.273,6.297,0.000000
784.922546,-24.889,64.400620,0.003475,8.149,6.225,6.249,0.000000
787.639648,-26.613,66.572395,0.004238,8.149,6.176,6.200,0.000000
790.366150,-28.237,73.194031,0.005110,8.149,6.128,6.152,0.000000
793.102112,-28.942,-144.586212,0.005543,8.148,6.079,6.103,0.000000
795.847107,-28.441,-138.566071,0.005234,8.148,6.031,6.055,0.000000
798.602417,-27.021,-142.668823,0.004445,8.148,5.982,6.006,0.000000
801.366882,-25.121,-150.705933,0.003572,8.148,5.933,5.957,0.000000
804.140930,-23.321,-158.466354,0.002904,8.148,5.883,5.907,0.000000
806.924133,-22.037,-164.759384,0.002506,8.148,5.834,5.858,0.000000
809.717773,-21.102,-171.155365,0.002250,8.148,5.785,5.808,0.000000
812.520325,-20.527,-178.795715,0.002106,8.148,5.735,5.759,0.000000
815.333374,-20.192,173.782272,0.002027,8.148,5.685,5.709,0.000000
818.155334,-20.008,167.640976,0.001985,8.147,5.635,5.658,0.000000
820.987488,-20.004,162.561523,0.001984,8.147,5.585,5.608,0.000000
823.829407,-20.194,157.932236,0.002029,8.147,5.534,5.558,0.000000
826.681213,-20.522,154.168762,0.002107,8.147,5.484,5.507,0.000000
829.542847,-21.026,151.216675,0.002233,8.147,5.433,5.456,0.000000
832.414429,-21.671,150.495544,0.002405,8.147,5.382,5.405,0.000000
835.295898,-22.232,152.736969,0.002565,8.147,5.331,5.354,0.000000
838.187378,-22.547,156.174469,0.002660,8.147,5.279,5.303,0.000000
841.088867,-22.694,159.558868,0.002705,8.146,5.228,5.251,0.000000
844.000000,-22.675,163.006851,0.002700,8.146,5.176,5.199,0.000000
846.921997,-22.474,166.680664,0.002638,8.146,5.124,5.148,0.000000
849.853333,-22.182,170.729416,0.002550,8.146,5.072,5.095,0.000000
852.795593,-21.532,175.350006,0.002367,8.146,5.020,5.043,0.000000
855.747253,-20.508,178.152466,0.002103,8.146,4.968,4.991,0.000000
858.709534,-19.517,177.303375,0.001877,8.146,4.915,4.938,0.000000
861.682068,-18.832,173.255035,0.001734,8.146,4.862,4.885,0.000000
864.664856,-18.446,167.515701,0.001659,8.145,4.810,4.832,0.000000
867.657959,-18.387,162.170593,0.001648,8.145,4.756,4.779,0.000000
870.661499,-18.576,157.972549,0.001684,8.145,4.703,4.726,0.000000
873.675354,-18.841,154.794525,0.001736,8.145,4.650,4.672,0.000000
876.699707,-19.166,152.753799,0.001802,8.145,4.596,4.619,0.000000
879.734497,-19.599,151.561172,0.001895,8.145,4.542,4.565,0.000000
882.779419,-20.071,151.216324,0.002000,8.145,4.488,4.511,0.000000
885.835632,-20.570,152.048386,0.002118,8.145,4.434,4.456,0.000000
888.901672,-20.985,154.146820,0.002222,8.144,4.379,4.402,0.000000
891.979126,-21.259,157.888748,0.002293,8.144,4.325,4.347,0.000000
895.066406,-21.184,162.040726,0.002274,8.144,4.270,4.292,0.000000
898.164734,-20.766,166.208023,0.002167,8.144,4.215,4.237,0.000000
901.273865,-20.073,168.742004,0.002001,8.144,4.160,4.182,0.000000
904.393738,-19.393,169.633621,0.001850,8.144,4.105,4.127,0.000000
907.524414,-18.823,169.657974,0.001733,8.144,4.049,4.071,0.000000
910.665894,-18.208,169.536484,0.001614,8.144,3.993,4.015,0.000000
913.818298,-17.602,168.312744,0.001505,8.143,3.937,3.959,0.000000
916.981567,-17.066,165.022552,0.001415,8.143,3.881,3.903,0.000000
920.155823,-16.734,160.242859,0.001362,8.143,3.825,3.847,0.000000
923.341003,-16.630,154.825943,0.001346,8.143,3.768,3.790,0.000000
926.537292,-16.801,149.868988,0.001373,8.143,3.712,3.733,0.000000
929.744141,-17.111,146.442734,0.001422,8.143,3.655,3.676,0.000000
932.963013,-17.491,144.580933,0.001486,8.143,3.598,3.619,0.000000
936.192139,-17.809,143.777557,0.001541,8.142,3.540,3.562,0.000000
939.432861,-18.017,143.226120,0.001578,8.142,3.483,3.504,0.000000
942.684814,-18.141,142.603455,0.001600,8.142,3.425,3.447,0.000000
945.948486,-18.200,141.983200,0.001611,8.142,3.367,3.389,0.000000
949.222534,-18.245,140.993164,0.001619,8.142,3.309,3.330,0.000000
952.508850,-18.209,139.667206,0.001612,8.142,3.251,3.272,0.000000
955.805603,-18.182,138.157578,0.001607,8.142,3.192,3.214,0.000000
959.114258,-18.174,135.207825,0.001606,8.141,3.134,3.155,0.000000
962.434326,-18.369,131.458237,0.001642,8.141,3.075,3.096,0.000000
965.765930,-18.796,128.414841,0.001725,8.141,3.015,3.037,0.000000
969.109009,-19.284,126.672035,0.001825,8.141,2.956,2.977,0.000000
972.463257,-19.811,125.477867,0.001939,8.141,2.897,2.918,0.000000
975.830017,-20.269,124.641319,0.002044,8.141,2.837,2.858,0.000000
979.207458,-20.722,122.097359,0.002153,8.141,2.777,2.798,0.000000
982.597595,-21.512,117.139153,0.002358,8.140,2.717,2.738,0.000000
985.998474,-22.819,115.499817,0.002741,8.140,2.656,2.677,0.000000
989.412109,-23.569,124.021202,0.002989,8.140,2.596,2.617,0.000000
992.836609,-23.464,136.126236,0.002953,8.140,2.535,2.556,0.000000
996.273926,-22.988,147.217926,0.002795,8.140,2.474,2.495,0.000000
999.722168,-22.527,156.059570,0.002651,8.140,2.413,2.434,0.000000
1003.182800,-22.273,163.091736,0.002574,8.140,2.383,2.403,0.000000
1006.655457,-22.068,171.115707,0.002514,8.140,2.355,2.376,0.000000
1010.140076,-21.416,179.406494,0.002333,8.140,2.327,2.348,0.000000
1013.636780,-20.198,-177.854599,0.002027,8.140,2.299,2.320,0.000000
1017.145142,-19.033,173.044510,0.001773,8.140,2.271,2.293,0.000000
1020.666565,-18.369,164.459961,0.001643,8.140,2.243,2.265,0.000000
1024.199219,-18.083,156.290329,0.001590,8.139,2.215,2.237,0.000000
1027.745117,-18.141,148.044647,0.001601,8.139,2.187,2.209,0.000000
1031.302246,-18.511,138.883331,0.001671,8.139,2.159,2.180,0.000000
1034.872803,-19.186,132.316971,0.001806,8.139,2.130,2.152,0.000000
1038.454590,-20.038,133.553604,0.001993,8.139,2.102,2.124,0.000000
1042.049805,-20.863,137.263245,0.002191,8.139,2.073,2.095,0.000000
1045.656494,-21.698,142.811234,0.002413,8.139,2.044,2.067,0.000000
1049.276123,-22.339,150.677078,0.002598,8.139,2.016,2.038,0.000000
1052.908325,-22.615,160.259796,0.002683,8.139,1.987,2.009,0.000000
1056.553101,-22.366,169.638824,0.002607,8.139,1.958,1.980,0.000000
1060.210571,-21.528,176.967331,0.002368,8.139,1.929,1.951,0.000000
1063.880005,-20.279,-179.182816,0.002051,8.139,1.899,1.922,0.000000
1067.563354,-19.079,178.947906,0.001787,8.139,1.870,1.893,0.000000
1071.258301,-18.333,171.384979,0.001640,8.139,1.841,1.864,0.000000
1074.967041,-18.078,162.422882,0.001593,8.139,1.811,1.834,0.000000
1078.688232,-18.305,155.012955,0.001635,8.139,1.781,1.805,0.000000
1082.422241,-18.694,152.700424,0.001710,8.139,1.752,1.775,0.000000
1086.168579,-18.862,151.546875,0.001744,8.139,1.722,1.745,0.000000
1089.929077,-19.089,149.203156,0.001791,8.139,1.692,1.716,0.000000
1093.701416,-19.426,147.247452,0.001862,8.139,1.662,1.686,0.000000
1097.487427,-19.819,145.361023,0.001948,8.139,1.632,1.656,0.000000
1101.286499,-20.342,144.252747,0.002069,8.139,1.602,1.626,0.000000
1105.098755,-20.753,145.225845,0.002170,8.139,1.571,1.595,0.000000
1108.924194,-20.886,146.463470,0.002204,8.139,1.541,1.565,0.000000
1112.762817,-20.939,146.087967,0.002218,8.139,1.510,1.535,0.000000
1116.614746,-21.322,145.830826,0.002318,8.138,1.479,1.504,0.000000
1120.480103,-21.779,147.341339,0.002444,8.138,1.449,1.473,0.000000
1124.358765,-21.998,149.158218,0.002507,8.138,1.418,1.443,0.000000
1128.250854,-22.227,150.902451,0.002574,8.138,1.387,1.412,0.000000
1132.156372,-22.366,153.889435,0.002616,8.138,1.356,1.381,0.000000
1136.075562,-22.196,156.507721,0.002566,8.138,1.325,1.350,0.000000
1140.007568,-21.955,158.318039,0.002496,8.138,1.293,1.319,0.000000
1143.953857,-21.549,159.207443,0.002383,8.138,1.262,1.287,0.000000
1147.913818,-21.113,157.683105,0.002267,8.138,1.230,1.256,0.000000
1151.887451,-20.847,154.893890,0.002200,8.138,1.199,1.225,0.000000
1155.874878,-20.753,151.937439,0.002177,8.138,1.167,1.193,0.000000
1159.876099,-20.790,147.702576,0.002187,8.138,1.135,1.161,0.000000
1163.891113,-21.153,141.174927,0.002281,8.138,1.103,1.129,0.000000
1167.920044,-21.976,141.143188,0.002508,8.138,1.071,1.097,0.000000
1171.962891,-22.613,145.093216,0.002699,8.138,1.039,1.065,0.000000
1176.019775,-23.132,150.249588,0.002866,8.138,1.006,1.033,0.000000
1180.090698,-23.367,156.374023,0.002945,8.138,0.974,1.001,0.000000
1184.175781,-23.269,161.542435,0.002913,8.138,0.942,0.969,0.000000
1188.274902,-23.268,165.562424,0.002913,8.138,0.909,0.936,0.000000
1192.388306,-23.387,170.961578,0.002954,8.138,0.876,0.903,0.000000
1196.515259,-23.054,177.683548,0.002843,8.138,0.843,0.871,0.000000
1200.657227,-21.972,-179.152359,0.002511,8.138,0.810,0.838,0.000000
1204.813965,-21.219,176.416473,0.002303,8.138,0.777,0.805,0.000000
1208.984009,-20.830,171.275711,0.002203,8.137,0.744,0.772,0.000000
1213.169067,-20.879,165.176254,0.002216,8.137,0.711,0.739,0.000000
1217.368530,-21.355,163.605759,0.002342,8.137,0.677,0.705,0.000000
1221.582642,-21.590,164.817322,0.002407,8.137,0.644,0.672,0.000000
1225.811279,-21.427,165.101166,0.002363,8.137,0.610,0.638,0.000000
1230.054565,-21.309,163.698593,0.002331,8.137,0.576,0.605,0.000000
1234.311890,-21.442,161.993759,0.002368,8.137,0.542,0.571,0.000000
1238.585205,-21.644,160.820435,0.002424,8.137,0.508,0.537,0.000000
1242.872803,-21.944,160.111969,0.002510,8.137,0.474,0.503,0.000000
1247.175049,-22.081,161.786819,0.002550,8.137,0.440,0.469,0.000000
1251.492310,-21.945,161.773453,0.002511,8.137,0.406,0.435,0.000000
1255.823975,-22.106,159.963577,0.002558,8.137,0.371,0.401,0.000000
1260.171753,-22.545,159.645279,0.002691,8.137,0.336,0.366,0.000000
1264.533325,-22.987,160.357269,0.002832,8.137,0.302,0.332,0.000000
1268.911255,-23.355,162.071655,0.002955,8.137,0.267,0.297,0.000000
1273.303101,-23.625,164.635300,0.003049,8.137,0.232,0.262,0.000000
1277.710815,-23.670,168.660995,0.003066,8.137,0.197,0.227,0.000000
1282.133789,-23.458,171.116135,0.002992,8.137,0.162,0.192,0.000000
1286.572021,-23.327,173.352081,0.002948,8.137,0.126,0.157,0.000000
1291.025024,-22.864,176.408691,0.002795,8.137,0.091,0.121,0.000000
1295.494751,-22.126,177.047028,0.002568,8.137,0.055,0.086,0.000000
1299.979248,-21.441,176.451019,0.002374,8.136,0.019,0.051,0.000000
1304.479248,-20.831,174.287338,0.002213,8.136,-0.016,0.015,0.000000
1308.994873,-20.443,170.120758,0.002117,8.136,-0.052,-0.021,0.000000
1313.525513,-20.265,163.994141,0.002074,8.136,-0.088,-0.057,0.000000
1318.072998,-20.484,156.025818,0.002128,8.136,-0.125,-0.093,0.000000
1322.635010,-20.984,149.287979,0.002254,8.136,-0.161,-0.129,0.000000
1327.214111,-21.642,147.603851,0.002432,8.136,-0.197,-0.165,0.000000
1331.807739,-22.499,145.449600,0.002684,8.136,-0.234,-0.202,0.000000
1336.417969,-24.012,142.458282,0.003196,8.136,-0.271,-0.238,0.000000
1341.044189,-25.869,148.436600,0.003958,8.136,-0.308,-0.275,0.000000
1345.686401,-27.482,159.453949,0.004766,8.136,-0.344,-0.312,0.000000
1350.344604,-28.335,174.838425,0.005258,8.136,-0.382,-0.349,0.000000
1355.018921,-27.906,-167.874222,0.005004,8.136,-0.419,-0.386,0.000000
1359.709595,-26.181,-155.125412,0.004103,8.136,-0.456,-0.423,0.000000
1364.416382,-24.003,-149.410141,0.003193,8.136,-0.494,-0.460,0.000000
1369.139404,-22.549,-149.928635,0.002701,8.136,-0.531,-0.498,0.000000
1373.878174,-21.776,-149.447769,0.002471,8.136,-0.569,-0.535,0.000000
1378.634644,-21.387,-153.256699,0.002363,8.136,-0.607,-0.573,0.000000
1383.406372,-21.012,-156.243561,0.002263,8.136,-0.645,-0.611,0.000000
1388.195801,-20.616,-160.261871,0.002162,8.136,-0.683,-0.649,0.000000
1393.000610,-20.297,-164.631058,0.002084,8.135,-0.721,-0.687,0.000000
1397.822632,-20.242,-169.432831,0.002071,8.135,-0.760,-0.725,0.000000
1402.661377,-20.605,-172.678162,0.002159,8.135,-0.798,-0.764,0.000000
1407.516846,-21.047,-173.120087,0.002272,8.135,-0.837,-0.802,0.000000
1412.389771,-21.236,-172.022980,0.002321,8.135,-0.876,-0.841,0.000000
1417.278198,-21.037,-170.088852,0.002268,8.135,-0.915,-0.879,0.000000
1422.184326,-20.617,-172.221542,0.002161,8.135,-0.954,-0.918,0.000000
1427.107300,-20.410,-175.610748,0.002109,8.135,-0.993,-0.957,0.000000
1432.047485,-20.384,-179.971909,0.002103,8.135,-1.032,-0.996,0.000000
1437.004639,-20.728,176.473572,0.002187,8.135,-1.072,-1.036,0.000000
1441.979004,-20.944,175.169067,0.002242,8.135,-1.111,-1.075,0.000000
1446.969849,-21.037,171.969696,0.002267,8.135,-1.151,-1.115,0.000000
1451.979492,-21.372,167.312119,0.002356,8.135,-1.191,-1.154,0.000000
1457.005005,-21.943,161.842926,0.002516,8.135,-1.231,-1.194,0.000000
1462.048584,-22.865,161.161362,0.002798,8.135,-1.271,-1.234,0.000000
1467.109619,-23.863,165.549774,0.003138,8.135,-1.311,-1.274,0.000000
1472.188110,-24.721,173.332993,0.003464,8.135,-1.352,-1.315,0.000000
1477.285034,-24.810,-176.651550,0.003499,8.135,-1.392,-1.355,0.000000
1482.398071,-24.342,-169.925278,0.003315,8.134,-1.433,-1.396,0.000000
1487.529541,-24.162,-164.921234,0.003246,8.134,-1.474,-1.436,0.000000
1492.678833,-24.097,-159.253830,0.003221,8.134,-1.515,-1.477,0.000000
1497.845947,-23.786,-154.302078,0.003107,8.134,-1.556,-1.518,0.000000
1503.030884,-23.159,-149.599777,0.002891,8.134,-1.597,-1.559,0.000000
1508.233765,-22.306,-151.276520,0.002620,8.134,-1.639,-1.600,0.000000
1513.453979,-21.700,-157.910507,0.002443,8.134,-1.680,-1.642,0.000000
1518.693726,-21.805,-165.078674,0.002472,8.134,-1.722,-1.683,0.000000
1523.950195,-22.457,-170.406433,0.002664,8.134,-1.764,-1.725,0.000000
1529.226196,-23.454,-167.140976,0.002988,8.134,-1.806,-1.767,0.000000
1534.519775,-23.857,-161.115494,0.003129,8.134,-1.848,-1.809,0.000000
1539.831055,-23.559,-154.509384,0.003023,8.134,-1.890,-1.851,0.000000
1545.161987,-22.969,-150.593185,0.002825,8.134,-1.933,-1.893,0.000000
1550.510010,-22.556,-147.734238,0.002694,8.134,-1.975,-1.936,0.000000
1555.877319,-22.044,-143.952179,0.002539,8.134,-2.018,-1.978,0.000000
1561.263184,-21.323,-140.257095,0.002337,8.134,-2.061,-2.021,0.000000
1566.667725,-20.461,-137.226593,0.002116,8.134,-2.104,-2.064,0.000000
1572.090820,-19.418,-138.713287,0.001877,8.133,-2.147,-2.107,0.000000
1577.532837,-18.831,-144.947632,0.001754,8.133,-2.191,-2.150,0.000000
1582.992920,-18.473,-149.503677,0.001683,8.133,-2.234,-2.193,0.000000
1588.473389,-18.002,-153.620529,0.001594,8.133,-2.278,-2.237,0.000000
1593.971313,-17.688,-159.258759,0.001537,8.133,-2.321,-2.280,0.000000
1599.489746,-17.730,-164.887802,0.001544,8.133,-2.365,-2.324,0.000000
1605.026611,-17.750,-168.890137,0.001548,8.133,-2.409,-2.368,0.000000
1610.581787,-17.597,-174.241577,0.001520,8.133,-2.454,-2.412,0.000000
1616.157837,-17.636,178.037903,0.001527,8.133,-2.498,-2.456,0.000000
1621.751587,-18.139,167.794067,0.001618,8.133,-2.543,-2.500,0.000000
1627.366211,-18.945,167.043427,0.001775,8.133,-2.587,-2.545,0.000000
1632.998779,-20.030,169.546112,0.002011,8.133,-2.632,-2.589,0.000000
1638.651611,-21.041,178.197388,0.002260,8.133,-2.677,-2.634,0.000000
1644.323975,-21.432,-170.659225,0.002364,8.133,-2.722,-2.679,0.000000
1650.015991,-21.328,-160.998474,0.002336,8.133,-2.768,-2.724,0.000000
1655.726929,-21.120,-153.328293,0.002281,8.133,-2.813,-2.770,0.000000
1661.459229,-20.786,-146.954773,0.002195,8.133,-2.859,-2.815,0.000000
1667.209717,-20.043,-144.396164,0.002016,8.132,-2.905,-2.861,0.000000
1672.981812,-19.165,-151.127579,0.001822,8.132,-2.951,-2.906,0.000000
1678.772949,-18.618,-159.107178,0.001711,8.132,-2.997,-2.952,0.000000
1684.583496,-18.117,-168.195343,0.001616,8.132,-3.043,-2.998,0.000000
1690.415649,-17.974,179.225327,0.001589,8.132,-3.089,-3.045,0.000000
1696.266357,-18.649,165.127518,0.001718,8.132,-3.136,-3.091,0.000000
1702.139038,-19.750,165.680679,0.001950,8.132,-3.183,-3.138,0.000000
1708.030396,-20.855,166.606201,0.002215,8.132,-3.230,-3.184,0.000000
1713.942871,-22.200,167.182297,0.002585,8.132,-3.277,-3.231,0.000000
1719.875977,-23.596,174.123917,0.003036,8.132,-3.324,-3.278,0.000000
1725.829468,-24.181,-175.259293,0.003248,8.132,-3.371,-3.325,0.000000
1731.802856,-24.413,-164.055618,0.003336,8.132,-3.419,-3.373,0.000000
1737.798462,-23.957,-152.738571,0.003166,8.132,-3.467,-3.420,0.000000
1743.814087,-22.506,-145.747147,0.002679,8.132,-3.515,-3.468,0.000000
1749.850464,-20.691,-149.434982,0.002175,8.132,-3.563,-3.516,0.000000
1755.907837,-19.986,-157.195267,0.002005,8.131,-3.611,-3.564,0.000000
1761.985229,-20.078,-162.842392,0.002027,8.131,-3.659,-3.612,0.000000
1768.085449,-20.007,-162.461197,0.002011,8.131,-3.708,-3.660,0.000000
1774.204956,-19.893,-168.109253,0.001985,8.131,-3.757,-3.709,0.000000
1780.347412,-19.854,-173.322357,0.001976,8.131,-3.805,-3.758,0.000000
1786.509521,-20.243,179.517441,0.002067,8.131,-3.854,-3.806,0.000000
1792.693726,-21.230,174.423523,0.002316,8.131,-3.904,-3.855,0.000000
1798.899292,-22.756,171.322174,0.002762,8.131,-3.953,-3.905,0.000000
1805.126465,-24.550,172.888580,0.003396,8.131,-4.003,-3.954,0.000000
1811.375122,-25.685,-176.481110,0.003871,8.131,-4.052,-4.004,0.000000
1817.645386,-25.424,-167.540207,0.003757,8.131,-4.102,-4.053,0.000000
1823.937378,-25.272,-161.184128,0.003692,8.131,-4.153,-4.103,0.000000
1830.251099,-24.990,-153.810104,0.003575,8.131,-4.203,-4.153,0.000000
1836.586792,-24.281,-146.778732,0.003295,8.131,-4.253,-4.203,0.000000
1842.943481,-23.511,-142.699768,0.003016,8.131,-4.304,-4.254,0.000000
1849.323853,-23.132,-139.120453,0.002888,8.130,-4.355,-4.304,0.000000
1855.724609,-22.595,-135.213821,0.002715,8.130,-4.406,-4.355,0.000000
1862.149292,-22.145,-134.703125,0.002579,8.130,-4.457,-4.406,0.000000
1868.594482,-21.432,-135.635529,0.002376,8.130,-4.508,-4.457,0.000000
1875.062866,-20.482,-137.172699,0.002130,8.130,-4.560,-4.508,0.000000
1881.553589,-19.473,-141.585236,0.001897,8.130,-4.611,-4.560,0.000000
1888.066772,-19.157,-146.114151,0.001829,8.130,-4.663,-4.612,0.000000
1894.603516,-18.902,-148.467834,0.001777,8.130,-4.715,-4.663,0.000000
1901.161011,-18.570,-150.370010,0.001710,8.130,-4.767,-4.715,0.000000
1907.742065,-18.271,-153.851868,0.001653,8.130,-4.820,-4.768,0.000000
1914.345947,-18.010,-155.429916,0.001604,8.130,-4.872,-4.820,0.000000
1920.972656,-17.647,-161.701599,0.001539,8.130,-4.925,-4.872,0.000000
1927.622314,-17.477,-168.246658,0.001509,8.130,-4.978,-4.925,0.000000
1934.295044,-17.785,-174.886917,0.001564,8.130,-5.031,-4.978,0.000000
1940.989868,-18.235,-179.273758,0.001648,8.129,-5.085,-5.031,0.000000
1947.709717,-18.629,177.248306,0.001724,8.129,-5.138,-5.084,0.000000
1954.451050,-18.819,173.784531,0.001763,8.129,-5.192,-5.138,0.000000
1961.216675,-19.135,168.342178,0.001829,8.129,-5.246,-5.191,0.000000
1968.005615,-19.560,163.132202,0.001922,8.129,-5.300,-5.245,0.000000
1974.818115,-20.229,158.409164,0.002076,8.129,-5.354,-5.299,0.000000
1981.655151,-21.501,155.006775,0.002405,8.129,-5.408,-5.353,0.000000
1988.513916,-22.852,160.763062,0.002810,8.129,-5.463,-5.408,0.000000
1995.397339,-23.085,167.884216,0.002887,8.129,-5.518,-5.462,0.000000
2002.304688,-23.003,171.689407,0.002860,8.129,-5.560,-5.504,0.000000
2009.235840,-23.171,173.167175,0.002916,8.129,-5.576,-5.520,0.000000
2016.191040,-23.306,175.846619,0.002963,8.129,-5.592,-5.535,0.000000
2023.170288,-23.177,176.348724,0.002920,8.129,-5.608,-5.551,0.000000
2030.172852,-23.161,174.067795,0.002915,8.129,-5.624,-5.567,0.000000
2037.201416,-23.302,170.785736,0.002963,8.129,-5.640,-5.583,0.000000
2044.252441,-23.270,174.592392,0.002953,8.129,-5.656,-5.599,0.000000
2051.329834,-23.716,177.231812,0.003110,8.129,-5.672,-5.615,0.000000
2058.430908,-24.122,-173.704437,0.003260,8.129,-5.689,-5.631,0.000000
2065.555420,-23.949,-158.469116,0.003197,8.129,-5.705,-5.647,0.000000
2072.706543,-23.053,-146.103821,0.002885,8.129,-5.722,-5.663,0.000000
2079.880371,-22.067,-138.267838,0.002576,8.129,-5.738,-5.679,0.000000
2087.080078,-21.073,-135.035278,0.002297,8.129,-5.755,-5.696,0.000000
2094.304932,-20.075,-134.817352,0.002049,8.128,-5.771,-5.712,0.000000
2101.554443,-19.171,-148.535873,0.001846,8.128,-5.788,-5.728,0.000000
2108.829346,-18.768,-162.513733,0.001763,8.128,-5.805,-5.745,0.000000
2116.129150,-18.796,-176.505722,0.001769,8.128,-5.821,-5.761,0.000000
2123.453369,-19.375,173.196259,0.001891,8.128,-5.838,-5.778,0.000000
2130.804932,-20.464,168.475845,0.002144,8.128,-5.855,-5.794,0.000000
2138.180176,-21.479,169.445862,0.002411,8.128,-5.872,-5.811,0.000000
2145.582520,-22.535,169.234268,0.002724,8.128,-5.889,-5.828,0.000000
2153.009766,-23.361,172.234268,0.002996,8.128,-5.906,-5.845,0.000000
2160.461670,-24.273,174.350327,0.003329,8.128,-5.923,-5.861,0.000000
2167.941406,-25.204,-178.868622,0.003707,8.128,-5.940,-5.878,0.000000
2175.445068,-25.071,-170.874542,0.003652,8.128,-5.958,-5.895,0.000000
2182.976562,-24.215,-165.337555,0.003310,8.128,-5.975,-5.912,0.000000
2190.532227,-23.161,-163.465347,0.002932,8.128,-5.992,-5.929,0.000000
2198.114990,-22.329,-169.573181,0.002665,8.128,-6.010,-5.946,0.000000
2205.723877,-22.660,-175.544556,0.002769,8.128,-6.027,-5.964,0.000000
2213.359375,-22.817,-173.012680,0.002820,8.128,-6.045,-5.981,0.000000
2221.020020,-22.761,-170.698456,0.002802,8.128,-6.063,-5.998,0.000000
2228.709473,-22.118,-170.463074,0.002603,8.128,-6.080,-6.016,0.000000
2236.423340,-21.890,-174.651810,0.002536,8.128,-6.098,-6.033,0.000000
2244.166016,-21.876,-177.531784,0.002533,8.128,-6.116,-6.051,0.000000
2251.934570,-22.120,179.340363,0.002606,8.128,-6.134,-6.068,0.000000
2259.728760,-22.476,178.871902,0.002716,8.128,-6.152,-6.086,0.000000
2267.552002,-22.617,-179.712585,0.002761,8.128,-6.169,-6.103,0.000000
2275.400391,-22.189,177.870605,0.002630,8.128,-6.188,-6.121,0.000000
2283.278076,-22.411,171.991821,0.002699,8.128,-6.206,-6.139,0.000000
2291.180908,-23.082,167.910965,0.002916,8.128,-6.224,-6.157,0.000000
2299.112061,-23.804,167.459381,0.003169,8.128,-6.242,-6.175,0.000000
2307.070557,-24.622,171.193420,0.003483,8.128,-6.260,-6.193,0.000000
2315.056885,-24.382,177.871674,0.003388,8.128,-6.279,-6.211,0.000000
2323.069580,-23.626,-179.835617,0.003106,8.128,-6.297,-6.229,0.000000
2331.112305,-23.109,-178.688217,0.002927,8.128,-6.316,-6.247,0.000000
2339.181641,-22.482,-179.250854,0.002724,8.128,-6.334,-6.265,0.000000
2347.279053,-21.985,177.435760,0.002573,8.128,-6.353,-6.283,0.000000
2355.404297,-22.044,172.154709,0.002592,8.128,-6.371,-6.302,0.000000
2363.556885,-22.323,171.257141,0.002678,8.128,-6.390,-6.320,0.000000
2371.739746,-22.268,168.937607,0.002662,8.128,-6.409,-6.339,0.000000
2379.948486,-22.933,167.784973,0.002874,8.127,-6.428,-6.357,0.000000
2388.188232,-23.719,170.418823,0.003148,8.127,-6.447,-6.376,0.000000
2396.454102,-24.109,175.587296,0.003293,8.127,-6.466,-6.395,0.000000
2404.749512,-24.037,179.344803,0.003266,8.127,-6.485,-6.413,0.000000
2413.073975,-24.087,-177.730667,0.003285,8.127,-6.504,-6.432,0.000000
2421.427002,-24.102,-174.604202,0.003292,8.127,-6.523,-6.451,0.000000
2429.809082,-23.571,-171.967880,0.003097,8.127,-6.543,-6.470,0.000000
2438.220215,-23.270,-175.246368,0.002992,8.127,-6.562,-6.489,0.000000
2446.660400,-23.075,-177.554611,0.002926,8.127,-6.581,-6.508,0.000000
2455.129883,-23.093,178.529861,0.002934,8.127,-6.601,-6.527,0.000000
2463.628418,-23.637,174.852097,0.003124,8.127,-6.620,-6.546,0.000000
2472.155518,-24.572,175.243912,0.003480,8.127,-6.640,-6.566,0.000000
2480.714355,-25.266,179.476044,0.003771,8.127,-6.660,-6.585,0.000000
2489.300293,-25.494,-173.601791,0.003873,8.127,-6.679,-6.604,0.000000
2497.918701,-24.732,-169.405258,0.003549,8.127,-6.699,-6.624,0.000000
2506.564209,-24.284,-165.873581,0.003371,8.127,-6.719,-6.643,0.000000
2515.240967,-23.058,-161.144333,0.002928,8.127,-6.739,-6.663,0.000000
2523.947754,-21.493,-163.736389,0.002446,8.127,-6.759,-6.683,0.000000
2532.684814,-20.435,-167.589478,0.002166,8.127,-6.779,-6.702,0.000000
2541.453125,-20.078,-175.867737,0.002079,8.127,-6.799,-6.722,0.000000
2550.249512,-20.389,175.386703,0.002155,8.127,-6.819,-6.742,0.000000
2559.077393,-20.610,175.541550,0.002211,8.127,-6.840,-6.762,0.000000
2567.936035,-21.195,173.197601,0.002365,8.127,-6.860,-6.782,0.000000
2576.825195,-21.493,176.429520,0.002448,8.127,-6.881,-6.802,0.000000
2585.745117,-21.845,177.691025,0.002550,8.127,-6.901,-6.822,0.000000
2594.696045,-22.592,-178.450577,0.002779,8.127,-6.922,-6.842,0.000000
2603.676514,-22.820,-172.607574,0.002854,8.127,-6.942,-6.863,0.000000
2612.690918,-22.706,-165.731400,0.002817,8.127,-6.963,-6.883,0.000000
2621.733643,-21.335,-162.292191,0.002406,8.127,-6.984,-6.904,0.000000
2630.809082,-20.503,-169.461090,0.002187,8.127,-7.005,-6.924,0.000000
2639.916016,-20.265,-174.534424,0.002129,8.127,-7.026,-6.945,0.000000
2649.054443,-20.390,176.448486,0.002160,8.127,-7.047,-6.965,0.000000
2658.225586,-20.828,173.781158,0.002273,8.127,-7.068,-6.986,0.000000
2667.426025,-20.974,175.612198,0.002312,8.126,-7.089,-7.007,0.000000
2676.659668,-21.303,176.723236,0.002402,8.126,-7.110,-7.028,0.000000
2685.925293,-21.034,179.545990,0.002330,8.126,-7.131,-7.049,0.000000
2695.222900,-20.958,178.374115,0.002310,8.126,-7.153,-7.070,0.000000
2704.552734,-21.116,-179.767563,0.002353,8.126,-7.174,-7.091,0.000000
2713.914795,-21.064,-178.538330,0.002339,8.126,-7.196,-7.112,0.000000
2723.308105,-21.051,-176.005920,0.002336,8.126,-7.217,-7.133,0.000000
2732.736572,-20.517,-171.990250,0.002197,8.126,-7.239,-7.154,0.000000
2742.194824,-20.215,-178.634186,0.002122,8.126,-7.261,-7.176,0.000000
2751.688477,-20.494,179.855637,0.002192,8.126,-7.283,-7.197,0.000000
2761.212646,-20.783,179.544800,0.002267,8.126,-7.304,-7.219,0.000000
2770.770752,-21.112,-178.312729,0.002356,8.126,-7.326,-7.240,0.000000
2780.363525,-20.786,-175.335678,0.002269,8.126,-7.348,-7.262,0.000000
2789.986816,-20.436,-172.498566,0.002181,8.126,-7.371,-7.284,0.000000
2799.644531,-19.501,-169.945724,0.001959,8.126,-7.393,-7.306,0.000000
2809.335938,-18.758,-174.154068,0.001799,8.126,-7.415,-7.327,0.000000
2819.060791,-18.484,-177.909805,0.001743,8.126,-7.437,-7.349,0.000000
2828.819336,-18.155,179.464584,0.001679,8.126,-7.460,-7.371,0.000000
2838.611572,-17.687,174.054810,0.001591,8.126,-7.482,-7.394,0.000000
2848.436279,-17.594,165.950577,0.001574,8.126,-7.505,-7.416,0.000000
2858.297852,-18.054,158.195709,0.001660,8.126,-7.528,-7.438,0.000000
2868.190918,-18.591,152.241226,0.001766,8.126,-7.550,-7.460,0.000000
2878.120850,-19.626,148.688461,0.001990,8.126,-7.573,-7.483,0.000000
2888.083740,-20.839,150.341156,0.002289,8.126,-7.596,-7.505,0.000000
2898.079834,-21.746,157.963638,0.002542,8.126,-7.619,-7.528,0.000000
2908.113281,-21.391,164.639435,0.002441,8.126,-7.642,-7.551,0.000000
2918.178711,-20.840,165.575821,0.002292,8.126,-7.665,-7.573,0.000000
2928.281738,-21.139,165.784561,0.002373,8.126,-7.688,-7.596,0.000000
2938.416748,-21.221,167.845840,0.002396,8.126,-7.712,-7.619,0.000000
2948.588379,-21.449,166.465805,0.002461,8.126,-7.735,-7.642,0.000000
2958.795410,-21.616,173.206253,0.002510,8.125,-7.759,-7.665,0.000000
2969.037598,-21.732,177.896713,0.002544,8.125,-7.782,-7.688,0.000000
2979.313965,-21.097,-179.915909,0.002366,8.125,-7.806,-7.711,0.000000
2989.629883,-20.872,178.751129,0.002306,8.125,-7.830,-7.735,0.000000
2999.974609,-21.002,179.210068,0.002342,8.125,-7.853,-7.758,0.000000
3010.360840,-21.088,-178.730591,0.002366,8.125,-7.877,-7.782,0.000000
3020.782959,-21.179,-175.429596,0.002391,8.125,-7.901,-7.805,0.000000
3031.238281,-20.744,-169.685120,0.002275,8.125,-7.925,-7.829,0.000000
3041.732666,-20.042,-171.813492,0.002099,8.125,-7.949,-7.852,0.000000
3052.260498,-19.695,-172.688217,0.002018,8.125,-7.974,-7.876,0.000000
3062.827881,-19.514,179.505753,0.001977,8.125,-7.998,-7.900,0.000000
3073.428711,-19.685,171.426346,0.002017,8.125,-8.022,-7.924,0.000000
3084.066162,-20.641,163.987366,0.002253,8.125,-8.047,-7.948,0.000000
3094.743652,-21.750,170.317947,0.002560,8.125,-8.071,-7.972,0.000000
3105.457764,-21.976,179.300537,0.002628,8.125,-8.096,-7.996,0.000000
3116.206299,-21.968,-174.396957,0.002627,8.125,-8.121,-8.021,0.000000
3126.991943,-21.808,-168.069427,0.002580,8.125,-8.145,-8.045,0.000000
3137.817871,-21.293,-167.482941,0.002432,8.125,-8.170,-8.070,0.000000
3148.681152,-21.447,-164.736237,0.002477,8.125,-8.195,-8.094,0.000000
3159.579346,-21.675,-161.437469,0.002543,8.125,-8.220,-8.119,0.000000
3170.515137,-21.453,-156.012955,0.002480,8.125,-8.245,-8.143,0.000000
3181.491699,-21.028,-164.720917,0.002362,8.125,-8.271,-8.168,0.000000
3192.503174,-21.339,-167.410675,0.002449,8.125,-8.296,-8.193,0.000000
3203.555908,-21.327,-164.515106,0.002447,8.125,-8.321,-8.218,0.000000
3214.644043,-21.365,-163.642166,0.002458,8.125,-8.347,-8.243,0.000000
3225.773438,-21.560,-160.523331,0.002515,8.125,-8.372,-8.268,0.000000
3236.938232,-21.094,-157.684662,0.002385,8.125,-8.398,-8.294,0.000000
3248.141602,-21.053,-158.065948,0.002374,8.124,-8.424,-8.319,0.000000
3259.386963,-21.024,-156.678467,0.002367,8.124,-8.450,-8.344,0.000000
3270.671387,-21.070,-154.200867,0.002380,8.124,-8.476,-8.370,0.000000
3281.991699,-20.527,-151.213028,0.002237,8.124,-8.502,-8.395,0.000000
3293.351074,-20.232,-157.757584,0.002163,8.124,-8.528,-8.421,0.000000
3304.752930,-20.504,-163.202240,0.002232,8.124,-8.554,-8.447,0.000000
3316.194336,-21.187,-164.075531,0.002416,8.124,-8.580,-8.473,0.000000
3327.672119,-21.326,-163.393219,0.002456,8.124,-8.607,-8.499,0.000000
3339.189697,-21.564,-163.321762,0.002525,8.124,-8.633,-8.525,0.000000
3350.750244,-21.496,-163.855133,0.002506,8.124,-8.660,-8.551,0.000000
3362.347656,-21.802,-167.443390,0.002597,8.124,-8.686,-8.577,0.000000
3373.985107,-22.254,-166.481277,0.002737,8.124,-8.713,-8.603,0.000000
3385.666260,-22.770,-169.035538,0.002905,8.124,-8.740,-8.630,0.000000
3397.387695,-23.760,-165.523315,0.003257,8.124,-8.767,-8.656,0.000000
3409.146484,-23.929,-160.965424,0.003322,8.124,-8.794,-8.683,0.000000
3420.946045,-24.691,-157.047363,0.003628,8.124,-8.821,-8.709,0.000000
3432.789795,-24.714,-148.581329,0.003639,8.124,-8.848,-8.736,0.000000
3444.674316,-23.874,-143.255676,0.003304,8.124,-8.876,-8.763,0.000000
3456.596924,-23.898,-140.811508,0.003315,8.124,-8.903,-8.790,0.000000
3468.560547,-23.587,-140.125305,0.003199,8.124,-8.931,-8.817,0.000000
3480.569092,-23.769,-140.764740,0.003267,8.124,-8.958,-8.844,0.000000
3492.615723,-23.778,-132.932709,0.003271,8.124,-8.986,-8.871,0.000000
3504.707520,-23.556,-126.108337,0.003189,8.124,-9.014,-8.898,0.000000
3516.837891,-22.471,-120.277840,0.002815,8.124,-9.042,-8.926,0.000000
3529.013428,-21.763,-126.332253,0.002595,8.124,-9.070,-8.953,0.000000
3541.228027,-22.008,-131.126938,0.002670,8.123,-9.098,-8.981,0.000000
3553.484619,-22.398,-129.485733,0.002793,8.123,-9.126,-9.009,0.000000
3565.787109,-22.444,-134.656052,0.002808,8.123,-9.154,-9.036,0.000000
3578.132080,-23.036,-129.700516,0.003007,8.123,-9.182,-9.064,0.000000
3590.516602,-23.062,-120.667763,0.003016,8.123,-9.211,-9.092,0.000000
3602.943848,-22.371,-120.768677,0.002786,8.123,-9.240,-9.120,0.000000
3615.417480,-22.672,-125.851570,0.002885,8.123,-9.268,-9.149,0.000000
3627.934570,-23.060,-121.302048,0.003017,8.123,-9.297,-9.177,0.000000
3640.491211,-23.180,-115.529846,0.003059,8.123,-9.326,-9.205,0.000000
3653.091553,-22.814,-112.304482,0.002934,8.123,-9.355,-9.234,0.000000
3665.739014,-22.782,-111.863441,0.002924,8.123,-9.384,-9.262,0.000000
3678.426514,-22.557,-111.208855,0.002849,8.123,-9.413,-9.291,0.000000
3691.161621,-22.063,-101.155205,0.002692,8.123,-9.442,-9.320,0.000000
3703.937256,-21.741,-103.487953,0.002595,8.123,-9.472,-9.349,0.000000
3716.760498,-21.858,-101.701851,0.002630,8.123,-9.501,-9.378,0.000000
3729.628418,-21.864,-104.154549,0.002632,8.123,-9.531,-9.407,0.000000
3742.533447,-22.183,-103.449768,0.002730,8.123,-9.560,-9.436,0.000000
3755.490479,-22.626,-102.707352,0.002873,8.123,-9.590,-9.465,0.000000
3768.492432,-23.006,-102.525391,0.003002,8.123,-9.620,-9.494,0.000000
3781.535645,-23.132,-90.506310,0.003045,8.123,-9.650,-9.524,0.000000
3794.624023,-21.924,-91.426903,0.002650,8.123,-9.680,-9.554,0.000000
3807.761475,-21.699,-96.901123,0.002582,8.123,-9.710,-9.583,0.000000
3820.940674,-21.903,-93.449524,0.002642,8.122,-9.741,-9.613,0.000000
3834.169189,-21.349,-91.954018,0.002479,8.122,-9.771,-9.643,0.000000
3847.439697,-21.396,-96.599205,0.002492,8.122,-9.802,-9.673,0.000000
3860.760010,-21.673,-89.560257,0.002572,8.122,-9.832,-9.703,0.000000
3874.126221,-21.400,-83.892471,0.002492,8.122,-9.863,-9.733,0.000000
3887.531494,-21.164,-84.126389,0.002425,8.122,-9.894,-9.763,0.000000
3900.990479,-21.680,-89.796471,0.002573,8.122,-9.925,-9.794,0.000000
3914.496094,-22.561,-92.119537,0.002847,8.122,-9.956,-9.824,0.000000
3928.048340,-23.069,-92.776031,0.003018,8.122,-9.987,-9.855,0.000000
3941.640137,-23.399,-89.591156,0.003134,8.122,-10.018,-9.886,0.000000
3955.286377,-23.693,-89.069130,0.003242,8.122,-10.050,-9.917,0.000000
3968.979980,-23.964,-89.326790,0.003344,8.122,-10.081,-9.947,0.000000
3982.717285,-24.719,-84.881393,0.003647,8.122,-10.113,-9.978,0.000000
3996.501953,-24.787,-78.350388,0.003675,8.122,-10.144,-10.010,0.000000
4010.338135,-24.372,-75.476219,0.003503,8.122,-10.155,-10.020,0.000000
4024.218506,-24.510,-76.681808,0.003558,8.122,-10.159,-10.024,0.000000
4038.150879,-24.621,-69.943794,0.003603,8.122,-10.163,-10.028,0.000000
4052.127441,-24.360,-72.100754,0.003496,8.122,-10.167,-10.032,0.000000
4066.156250,-24.955,-64.797234,0.003743,8.122,-10.171,-10.036,0.000000
4080.233643,-24.127,-59.957077,0.003401,8.122,-10.175,-10.040,0.000000
4094.352051,-23.634,-65.549576,0.003213,8.122,-10.179,-10.044,0.000000
4108.526855,-24.136,-66.458359,0.003403,8.122,-10.183,-10.047,0.000000
4122.750977,-24.401,-61.530560,0.003507,8.122,-10.187,-10.051,0.000000
4137.020508,-24.332,-55.847603,0.003478,8.122,-10.191,-10.055,0.000000
4151.339355,-23.521,-55.663017,0.003167,8.122,-10.195,-10.059,0.000000
4165.711914,-23.548,-57.732574,0.003176,8.122,-10.200,-10.063,0.000000
4180.133789,-23.468,-59.595108,0.003146,8.122,-10.204,-10.067,0.000000
4194.601562,-24.148,-62.107975,0.003401,8.122,-10.208,-10.071,0.000000
4209.120117,-25.106,-57.510693,0.003796,8.122,-10.212,-10.075,0.000000
4223.692383,-24.510,-47.140224,0.003543,8.122,-10.216,-10.079,0.000000
4238.314941,-23.408,-48.317173,0.003120,8.122,-10.220,-10.083,0.000000
4252.980469,-23.423,-52.130058,0.003124,8.122,-10.224,-10.087,0.000000
4267.704590,-23.853,-51.044685,0.003281,8.122,-10.229,-10.091,0.000000
4282.479980,-24.075,-48.431011,0.003364,8.122,-10.233,-10.095,0.000000
4297.306152,-23.751,-47.427181,0.003239,8.122,-10.237,-10.100,0.000000
4312.175781,-23.787,-46.738323,0.003251,8.122,-10.241,-10.104,0.000000
4327.104980,-23.522,-35.812111,0.003152,8.122,-10.246,-10.108,0.000000
4342.085449,-23.000,-37.677643,0.002966,8.122,-10.250,-10.112,0.000000
4357.114258,-23.569,-40.773743,0.003165,8.122,-10.254,-10.116,0.000000
4372.194824,-24.149,-37.773911,0.003382,8.122,-10.258,-10.120,0.000000
4387.331543,-24.127,-32.773815,0.003372,8.121,-10.263,-10.124,0.000000
4402.520996,-24.358,-30.878605,0.003461,8.121,-10.267,-10.129,0.000000
4417.758789,-24.999,-28.241407,0.003724,8.121,-10.271,-10.133,0.000000
4433.049316,-25.027,-15.045119,0.003734,8.121,-10.276,-10.137,0.000000
4448.396973,-23.644,-18.475101,0.003183,8.121,-10.280,-10.141,0.000000
4463.797852,-23.324,-25.892460,0.003066,8.121,-10.285,-10.145,0.000000
4479.243164,-23.625,-27.014416,0.003173,8.121,-10.289,-10.150,0.000000
4494.750977,-24.016,-28.872969,0.003317,8.121,-10.293,-10.154,0.000000
4510.312012,-23.514,-20.526827,0.003129,8.121,-10.298,-10.158,0.000000
4525.922852,-22.988,-19.660755,0.002944,8.121,-10.302,-10.163,0.000000
4541.587891,-23.221,-15.561007,0.003022,8.121,-10.307,-10.167,0.000000
4557.311035,-23.127,-16.349983,0.002988,8.121,-10.311,-10.171,0.000000
4573.088867,-23.656,-12.079303,0.003174,8.121,-10.316,-10.176,0.000000
4588.916992,-23.942,-1.095477,0.003279,8.121,-10.320,-10.180,0.000000
4604.799805,-22.833,2.923300,0.002884,8.121,-10.325,-10.184,0.000000
4620.742188,-22.492,6.568034,0.002772,8.121,-10.329,-10.189,0.000000
4636.739746,-22.238,-4.167118,0.002690,8.121,-10.334,-10.193,0.000000
4652.788086,-23.291,-2.033973,0.003036,8.121,-10.338,-10.198,0.000000
4668.892090,-22.424,4.705341,0.002746,8.121,-10.343,-10.202,0.000000
4685.056152,-21.740,1.941983,0.002537,8.121,-10.348,-10.207,0.000000
4701.276367,-21.479,-4.925234,0.002461,8.121,-10.352,-10.211,0.000000
4717.543457,-21.934,-13.272661,0.002593,8.121,-10.357,-10.216,0.000000
4733.875977,-23.043,-9.816790,0.002945,8.121,-10.361,-10.220,0.000000
4750.265137,-23.063,-3.045081,0.002951,8.121,-10.366,-10.225,0.000000
4766.706543,-23.138,0.065109,0.002975,8.121,-10.371,-10.229,0.000000
4783.209473,-22.133,-1.017271,0.002649,8.121,-10.376,-10.234,0.000000
4799.764648,-22.727,-11.462018,0.002835,8.121,-10.380,-10.238,0.000000
4816.381836,-24.082,-11.279942,0.003312,8.121,-10.385,-10.243,0.000000
4833.052246,-24.081,0.269254,0.003310,8.121,-10.390,-10.247,0.000000
4849.779785,-23.958,7.263937,0.003262,8.121,-10.394,-10.252,0.000000
4866.570312,-23.617,8.313398,0.003134,8.121,-10.399,-10.257,0.000000
4883.418945,-24.103,11.014565,0.003313,8.121,-10.404,-10.261,0.000000
4900.316406,-23.686,19.355719,0.003156,8.121,-10.409,-10.266,0.000000
4917.281738,-23.161,20.096233,0.002970,8.121,-10.414,-10.271,0.000000
4934.305664,-22.901,23.511517,0.002882,8.121,-10.419,-10.275,0.000000
4951.388672,-22.316,27.558449,0.002693,8.121,-10.423,-10.280,0.000000
4968.521484,-21.801,18.059479,0.002537,8.121,-10.428,-10.285,0.000000
4985.723145,-22.057,12.985392,0.002612,8.121,-10.433,-10.290,0.000000
5002.984375,-22.299,6.965539,0.002685,8.121,-10.438,-10.294,0.000000
5020.300293,-22.021,7.864887,0.002600,8.121,-10.443,-10.299,0.000000
5037.681152,-22.657,-2.388138,0.002796,8.121,-10.448,-10.304,0.000000
5055.117188,-24.321,-0.888223,0.003386,8.121,-10.453,-10.309,0.000000
5072.618164,-25.500,6.459279,0.003876,8.121,-10.458,-10.313,0.000000
5090.175293,-24.977,16.717157,0.003648,8.121,-10.463,-10.318,0.000000
5107.792969,-24.882,21.109249,0.003607,8.121,-10.468,-10.323,0.000000
5125.477051,-24.724,26.616884,0.003541,8.121,-10.473,-10.328,0.000000
5143.221680,-24.698,30.169901,0.003530,8.121,-10.478,-10.333,0.000000
5161.018066,-24.863,29.296602,0.003596,8.121,-10.483,-10.338,0.000000
5178.886230,-25.018,39.162731,0.003659,8.121,-10.488,-10.343,0.000000
5196.815918,-23.679,40.345619,0.003136,8.121,-10.493,-10.348,0.000000
5214.802734,-23.700,37.125050,0.003142,8.121,-10.498,-10.353,0.000000
5232.856934,-23.630,30.586426,0.003116,8.121,-10.504,-10.358,0.000000
5250.968750,-24.857,30.303761,0.003588,8.121,-10.509,-10.363,0.000000
5269.147949,-25.898,35.690994,0.004045,8.121,-10.514,-10.368,0.000000
5287.385254,-26.021,45.941936,0.004103,8.121,-10.519,-10.373,0.000000
5305.685547,-25.288,50.299458,0.003771,8.121,-10.524,-10.378,0.000000
5324.054199,-24.925,49.889324,0.003616,8.121,-10.530,-10.383,0.000000
5342.486816,-25.682,49.156307,0.003946,8.121,-10.535,-10.388,0.000000
5360.978027,-25.742,54.966690,0.003973,8.121,-10.540,-10.393,0.000000
5379.532715,-25.917,56.824081,0.004053,8.120,-10.545,-10.398,0.000000
5398.157227,-25.262,62.707863,0.003758,8.120,-10.551,-10.403,0.000000
5416.846191,-24.596,62.105984,0.003480,8.120,-10.556,-10.408,0.000000
5435.594727,-24.303,59.973148,0.003364,8.120,-10.561,-10.414,0.000000
5454.408203,-24.870,58.291317,0.003591,8.120,-10.567,-10.419,0.000000
5473.291992,-24.717,62.494537,0.003527,8.120,-10.572,-10.424,0.000000
5492.235352,-24.204,66.563835,0.003325,8.120,-10.578,-10.429,0.000000
5511.250000,-23.524,63.816948,0.003075,8.120,-10.583,-10.435,0.000000
5530.325195,-23.315,61.255856,0.003002,8.120,-10.588,-10.440,0.000000
5549.472168,-23.433,56.915569,0.003044,8.120,-10.594,-10.445,0.000000
5568.679199,-23.683,58.192150,0.003133,8.120,-10.599,-10.450,0.000000
5587.953613,-23.995,58.738930,0.003249,8.120,-10.605,-10.456,0.000000
5607.299316,-24.265,65.819115,0.003352,8.120,-10.610,-10.461,0.000000
5626.712402,-24.073,65.979965,0.003278,8.120,-10.616,-10.466,0.000000
5646.181641,-24.502,62.924763,0.003445,8.120,-10.621,-10.472,0.000000
5665.729492,-25.459,68.533607,0.003846,8.120,-10.627,-10.477,0.000000
5685.344727,-25.903,73.732880,0.004047,8.120,-10.633,-10.483,0.000000
5705.027832,-25.987,83.533371,0.004087,8.120,-10.638,-10.488,0.000000
5724.773926,-26.183,81.266579,0.004180,8.120,-10.644,-10.493,0.000000
5744.587891,-26.299,84.596687,0.004236,8.120,-10.649,-10.499,0.000000
5764.476562,-26.263,85.998466,0.004220,8.120,-10.655,-10.504,0.000000
5784.428223,-26.057,89.107590,0.004121,8.120,-10.661,-10.510,0.000000
5804.448730,-26.539,90.900200,0.004357,8.120,-10.666,-10.515,0.000000
5824.544434,-26.391,95.576836,0.004284,8.120,-10.672,-10.521,0.000000
5844.709473,-25.715,101.150414,0.003964,8.120,-10.678,-10.527,0.000000
5864.938965,-25.073,96.428123,0.003682,8.120,-10.684,-10.532,0.000000
5885.238281,-25.672,92.751328,0.003946,8.120,-10.690,-10.538,0.000000
5905.613281,-24.696,103.137192,0.003526,8.120,-10.695,-10.543,0.000000
5926.059082,-24.396,105.617699,0.003406,8.120,-10.701,-10.549,0.000000
5946.570312,-24.191,103.312393,0.003327,8.120,-10.707,-10.555,0.000000
5967.151855,-24.561,104.979889,0.003472,8.120,-10.713,-10.560,0.000000
5987.811035,-23.932,112.678452,0.003229,8.120,-10.719,-10.566,0.000000
6008.535645,-23.482,113.607719,0.003067,8.120,-10.725,-10.572,0.000000
6029.337402,-23.694,117.235428,0.003142,8.120,-10.731,-10.577,0.000000
6050.206055,-23.723,123.460793,0.003153,8.120,-10.737,-10.583,0.000000
6071.152344,-24.069,119.383453,0.003281,8.120,-10.742,-10.589,0.000000
6092.165527,-24.392,123.397484,0.003405,8.120,-10.748,-10.595,0.000000
6113.251465,-24.437,124.764183,0.003423,8.120,-10.754,-10.601,0.000000
6134.416016,-24.589,129.268494,0.003483,8.120,-10.761,-10.606,0.000000
6155.653809,-24.607,125.723083,0.003491,8.120,-10.767,-10.612,0.000000
6176.959473,-25.208,124.583427,0.003740,8.120,-10.773,-10.618,0.000000
6198.338867,-25.484,127.031258,0.003860,8.120,-10.779,-10.624,0.000000
6219.797852,-25.983,130.174438,0.004087,8.120,-10.785,-10.630,0.000000
6241.331543,-25.638,134.159683,0.003928,8.120,-10.791,-10.636,0.000000
6262.933594,-25.739,130.705627,0.003973,8.120,-10.797,-10.642,0.000000
6284.610352,-26.125,136.598984,0.004153,8.120,-10.803,-10.648,0.000000
6306.368652,-26.006,141.574219,0.004095,8.120,-10.809,-10.654,0.000000
6328.195801,-25.692,142.845352,0.003949,8.120,-10.816,-10.660,0.000000
6350.104492,-25.475,142.318100,0.003851,8.120,-10.822,-10.666,0.000000
6372.083008,-25.824,143.409225,0.004009,8.120,-10.828,-10.672,0.000000
6394.143555,-25.992,148.840210,0.004086,8.119,-10.835,-10.678,0.000000
6416.274902,-25.881,150.944031,0.004034,8.119,-10.841,-10.684,0.000000
6438.482422,-25.858,154.478989,0.004022,8.119,-10.847,-10.690,0.000000
6460.772949,-25.372,156.612488,0.003802,8.119,-10.853,-10.696,0.000000
6483.140625,-25.801,158.694748,0.003993,8.119,-10.860,-10.703,0.000000
6505.580078,-25.299,161.634338,0.003768,8.119,-10.866,-10.709,0.000000
6528.096680,-25.410,160.105576,0.003815,8.119,-10.873,-10.715,0.000000
6550.697266,-25.363,167.237915,0.003793,8.119,-10.879,-10.721,0.000000
6573.370605,-25.136,169.473526,0.003694,8.119,-10.886,-10.728,0.000000
6596.127930,-25.019,169.896805,0.003643,8.119,-10.892,-10.734,0.000000
6618.958008,-25.360,168.841827,0.003788,8.119,-10.899,-10.740,0.000000
6641.873535,-25.321,171.560303,0.003769,8.119,-10.905,-10.746,0.000000
6664.861816,-25.304,174.036957,0.003761,8.119,-10.912,-10.753,0.000000
6687.930176,-25.955,170.145920,0.004052,8.119,-10.918,-10.759,0.000000
6711.084473,-26.324,-179.442886,0.004226,8.119,-10.925,-10.766,0.000000
6734.318848,-25.432,-176.480606,0.003813,8.119,-10.931,-10.772,0.000000
6757.633301,-25.379,-174.275162,0.003788,8.119,-10.938,-10.778,0.000000
6781.016113,-25.307,-173.253983,0.003756,8.119,-10.945,-10.785,0.000000
6804.492676,-25.251,-168.669464,0.003730,8.119,-10.951,-10.791,0.000000
6828.050293,-25.278,-165.764709,0.003741,8.119,-10.958,-10.798,0.000000
6851.683105,-24.890,-160.835159,0.003576,8.119,-10.965,-10.804,0.000000
6875.397949,-24.506,-159.603088,0.003420,8.119,-10.972,-10.811,0.000000
6899.201172,-24.250,-166.112717,0.003320,8.119,-10.978,-10.817,0.000000
6923.080078,-25.174,-164.559174,0.003691,8.119,-10.985,-10.824,0.000000
6947.048828,-24.985,-158.091309,0.003610,8.119,-10.992,-10.831,0.000000
6971.093262,-24.966,-154.546844,0.003600,8.119,-10.999,-10.837,0.000000
6995.228027,-24.750,-151.921753,0.003509,8.119,-11.006,-10.844,0.000000
7019.446289,-24.615,-148.328812,0.003454,8.119,-11.013,-10.851,0.000000
7043.734863,-24.803,-145.919098,0.003527,8.119,-11.020,-10.857,0.000000
7068.120605,-24.541,-141.291748,0.003421,8.119,-11.027,-10.864,0.000000
7092.591309,-24.511,-138.957962,0.003407,8.119,-11.034,-10.871,0.000000
7117.139648,-23.746,-135.516068,0.003118,8.119,-11.041,-10.878,0.000000
7141.772949,-23.726,-138.770569,0.003110,8.119,-11.048,-10.884,0.000000
7166.498535,-23.610,-137.456192,0.003067,8.119,-11.055,-10.891,0.000000
7191.309570,-23.611,-139.138458,0.003066,8.119,-11.062,-10.898,0.000000
7216.199707,-23.647,-138.444489,0.003076,8.119,-11.069,-10.905,0.000000
7241.176270,-23.262,-136.922516,0.002942,8.119,-11.076,-10.912,0.000000
7266.245605,-23.633,-139.721100,0.003068,8.119,-11.083,-10.919,0.000000
7291.402344,-23.787,-135.899048,0.003122,8.119,-11.090,-10.926,0.000000
7316.631836,-23.177,-139.445709,0.002908,8.119,-11.097,-10.933,0.000000
7341.962402,-23.864,-142.915222,0.003146,8.119,-11.105,-10.940,0.000000
7367.381348,-24.187,-137.022720,0.003264,8.119,-11.112,-10.947,0.000000
7392.887695,-24.036,-132.959976,0.003206,8.118,-11.119,-10.954,0.000000
7418.468262,-23.937,-134.111923,0.003168,8.118,-11.126,-10.961,0.000000
7444.151855,-24.145,-137.264145,0.003243,8.118,-11.134,-10.968,0.000000
7469.924316,-24.757,-131.716400,0.003478,8.118,-11.141,-10.975,0.000000
7495.778809,-24.754,-130.851639,0.003475,8.118,-11.148,-10.982,0.000000
7521.722656,-25.528,-130.038940,0.003797,8.118,-11.156,-10.989,0.000000
7547.763672,-26.217,-122.637276,0.004108,8.118,-11.163,-10.996,0.000000
7573.887207,-25.261,-119.814674,0.003678,8.118,-11.171,-11.004,0.000000
7600.108887,-25.103,-121.669037,0.003610,8.118,-11.178,-11.011,0.000000
7626.414062,-26.086,-117.737663,0.004039,8.118,-11.186,-11.018,0.000000
7652.817383,-25.544,-106.747398,0.003792,8.118,-11.193,-11.025,0.000000
7679.312012,-25.103,-106.443031,0.003602,8.118,-11.201,-11.033,0.000000
7705.883789,-25.508,-104.039452,0.003771,8.118,-11.208,-11.040,0.000000
7732.562500,-25.428,-94.747635,0.003734,8.118,-11.216,-11.047,0.000000
7759.333008,-24.492,-90.750816,0.003350,8.118,-11.223,-11.055,0.000000
7786.189453,-24.868,-95.631874,0.003497,8.118,-11.231,-11.062,0.000000
7813.138672,-25.370,-95.128815,0.003703,8.118,-11.239,-11.070,0.000000
7840.188477,-25.465,-88.786987,0.003742,8.118,-11.247,-11.077,0.000000
7867.331543,-25.838,-90.530342,0.003904,8.118,-11.254,-11.085,0.000000
7894.561523,-26.307,-81.929123,0.004118,8.118,-11.262,-11.092,0.000000
7921.885742,-25.781,-77.960312,0.003874,8.118,-11.270,-11.100,0.000000
7949.312012,-25.684,-76.880638,0.003829,8.118,-11.278,-11.107,0.000000
7976.833496,-26.361,-73.958801,0.004137,8.118,-11.285,-11.115,0.000000
8004.442383,-25.903,-69.195946,0.003922,8.118,-11.292,-11.121,0.000000
8032.146973,-26.017,-68.352013,0.003971,8.118,-11.293,-11.122,0.000000
8059.955078,-26.109,-67.663994,0.004010,8.118,-11.293,-11.122,0.000000
8087.859375,-25.811,-64.697937,0.003872,8.118,-11.294,-11.123,0.000000
8115.844727,-26.268,-66.080910,0.004079,8.118,-11.294,-11.123,0.000000
8143.942383,-26.448,-60.815224,0.004161,8.118,-11.295,-11.124,0.000000
8172.137695,-26.592,-54.981564,0.004226,8.118,-11.295,-11.125,0.000000
8200.422852,-26.286,-53.628498,0.004077,8.118,-11.296,-11.125,0.000000
8228.805664,-26.676,-49.287369,0.004260,8.118,-11.297,-11.126,0.000000
8257.293945,-26.827,-40.592628,0.004331,8.118,-11.297,-11.126,0.000000
8285.881836,-26.716,-33.063606,0.004272,8.118,-11.298,-11.127,0.000000
8314.560547,-26.299,-30.726780,0.004069,8.118,-11.298,-11.127,0.000000
8343.337891,-25.338,-27.366053,0.003639,8.118,-11.299,-11.128,0.000000
8372.223633,-25.418,-29.237858,0.003669,8.118,-11.300,-11.128,0.000000
8401.208984,-25.029,-26.349062,0.003504,8.118,-11.300,-11.129,0.000000
8430.278320,-25.253,-28.603489,0.003592,8.118,-11.301,-11.130,0.000000
8459.464844,-24.852,-21.554729,0.003427,8.118,-11.301,-11.130,0.000000
8488.752930,-24.540,-21.514753,0.003302,8.117,-11.302,-11.131,0.000000
8518.141602,-24.469,-18.145573,0.003272,8.117,-11.302,-11.131,0.000000
8547.616211,-24.356,-19.687639,0.003225,8.117,-11.303,-11.132,0.000000
8577.208008,-25.126,-17.548143,0.003519,8.117,-11.304,-11.132,0.000000
8606.903320,-24.769,-10.338578,0.003373,8.117,-11.304,-11.133,0.000000
8636.693359,-24.902,-10.015857,0.003420,8.117,-11.305,-11.134,0.000000
8666.594727,-25.247,-5.462343,0.003554,8.117,-11.305,-11.134,0.000000
8696.590820,-25.285,-7.487699,0.003564,8.117,-11.306,-11.135,0.000000
8726.699219,-25.630,-3.767693,0.003703,8.117,-11.307,-11.135,0.000000
8756.903320,-25.669,-1.630676,0.003714,8.117,-11.307,-11.136,0.000000
8787.211914,-25.951,5.467703,0.003831,8.117,-11.308,-11.136,0.000000
8817.634766,-25.218,9.675207,0.003515,8.117,-11.308,-11.137,0.000000
8848.162109,-25.476,9.193552,0.003616,8.117,-11.309,-11.138,0.000000
8878.778320,-25.334,14.696482,0.003552,8.117,-11.310,-11.138,0.000000
8909.517578,-25.101,18.303688,0.003452,8.117,-11.310,-11.139,0.000000
8940.363281,-25.017,20.600571,0.003413,8.117,-11.311,-11.139,0.000000
8971.306641,-24.706,22.259310,0.003287,8.117,-11.312,-11.140,0.000000
9002.366211,-24.786,25.071939,0.003312,8.117,-11.312,-11.141,0.000000
9033.524414,-24.718,24.208014,0.003280,8.117,-11.313,-11.141,0.000000
9064.799805,-25.069,25.430048,0.003410,8.117,-11.313,-11.142,0.000000
9096.173828,-25.127,30.952347,0.003427,8.117,-11.314,-11.142,0.000000
9127.657227,-25.141,31.400322,0.003426,8.117,-11.315,-11.143,0.000000
9159.257812,-25.380,33.877769,0.003514,8.117,-11.315,-11.144,0.000000
9190.967773,-25.535,38.122292,0.003569,8.117,-11.316,-11.144,0.000000
9222.770508,-25.600,39.979065,0.003588,8.117,-11.317,-11.145,0.000000
9254.701172,-25.433,44.035793,0.003512,8.117,-11.317,-11.145,0.000000
9286.741211,-25.292,44.523647,0.003447,8.117,-11.318,-11.146,0.000000
9318.892578,-25.269,48.984295,0.003430,8.117,-11.318,-11.147,0.000000
9351.137695,-24.866,50.142914,0.003267,8.117,-11.319,-11.147,0.000000
9383.512695,-24.894,51.845276,0.003270,8.117,-11.320,-11.148,0.000000
9415.999023,-24.970,51.769836,0.003291,8.117,-11.320,-11.149,0.000000
9448.588867,-25.031,52.948059,0.003306,8.117,-11.321,-11.149,0.000000
9481.300781,-25.329,55.857113,0.003413,8.117,-11.322,-11.150,0.000000
9514.117188,-25.663,56.313309,0.003538,8.117,-11.322,-11.150,0.000000
9547.055664,-26.056,63.196304,0.003693,8.117,-11.323,-11.151,0.000000
9580.099609,-25.951,66.718346,0.003640,8.117,-11.324,-11.152,0.000000
9613.257812,-26.079,71.408081,0.003684,8.117,-11.324,-11.152,0.000000
9646.540039,-25.952,73.789658,0.003621,8.117,-11.325,-11.153,0.000000
9679.936523,-26.301,77.480171,0.003760,8.117,-11.326,-11.154,0.000000
9713.431641,-26.348,80.719566,0.003770,8.117,-11.326,-11.154,0.000000
9747.060547,-26.169,88.568848,0.003684,8.117,-11.327,-11.155,0.000000
9780.805664,-25.644,90.353104,0.003459,8.116,-11.328,-11.156,0.000000
9814.658203,-25.557,91.269073,0.003415,8.116,-11.328,-11.156,0.000000
9848.637695,-25.339,92.481888,0.003321,8.116,-11.329,-11.157,0.000000
9882.724609,-25.457,93.211784,0.003357,8.116,-11.330,-11.158,0.000000
9916.939453,-26.041,94.924820,0.003581,8.116,-11.330,-11.158,0.000000
9951.263672,-26.195,98.371292,0.003635,8.116,-11.331,-11.159,0.000000
9985.706055,-26.315,100.955734,0.003675,8.116,-11.332,-11.160,0.000000
10020.278320,-26.400,103.813614,0.003701,8.116,-11.333,-11.160,0.000000
10054.968750,-27.291,106.860474,0.004089,8.116,-11.333,-11.161,0.000000
10089.770508,-27.231,114.454811,0.004049,8.116,-11.334,-11.162,0.000000
10124.692383,-27.495,115.995651,0.004162,8.116,-11.335,-11.162,0.000000
10159.745117,-27.707,124.282700,0.004252,8.116,-11.335,-11.163,0.000000
10194.918945,-27.161,130.057693,0.003981,8.116,-11.336,-11.164,0.000000
10230.205078,-26.847,135.410843,0.003828,8.116,-11.337,-11.164,0.000000
10265.613281,-26.706,140.342957,0.003757,8.116,-11.337,-11.165,0.000000
10301.154297,-25.861,143.804352,0.003399,8.116,-11.338,-11.166,0.000000
10336.807617,-25.688,143.509995,0.003323,8.116,-11.339,-11.166,0.000000
10372.594727,-25.474,146.372360,0.003233,8.116,-11.340,-11.167,0.000000
10408.496094,-25.449,145.909302,0.003215,8.116,-11.340,-11.168,0.000000
10444.531250,-25.108,151.992722,0.003082,8.116,-11.341,-11.169,0.000000
10480.680664,-25.394,149.274597,0.003177,8.116,-11.342,-11.169,0.000000
10516.956055,-25.451,152.314758,0.003189,8.116,-11.342,-11.170,0.000000
10553.367188,-25.344,157.716507,0.003141,8.116,-11.343,-11.171,0.000000
10589.903320,-25.853,161.260208,0.003322,8.116,-11.344,-11.171,0.000000
10626.546875,-26.065,169.547531,0.003395,8.116,-11.345,-11.172,0.000000
10663.336914,-25.825,173.199966,0.003293,8.116,-11.345,-11.173,0.000000
10700.253906,-25.970,178.100159,0.003339,8.116,-11.346,-11.173,0.000000
10737.299805,-26.128,179.787033,0.003391,8.116,-11.347,-11.174,0.000000
10774.462891,-26.375,-175.071930,0.003479,8.116,-11.348,-11.175,0.000000
10811.754883,-26.198,-169.076920,0.003400,8.116,-11.348,-11.176,0.000000
10849.185547,-25.690,-167.628326,0.003198,8.116,-11.349,-11.176,0.000000
10886.736328,-25.637,-165.903488,0.003170,8.116,-11.350,-11.177,0.000000
10924.427734,-25.528,-162.252808,0.003122,8.116,-11.351,-11.178,0.000000
10962.238281,-25.552,-160.547592,0.003121,8.116,-11.351,-11.179,0.000000
11000.190430,-25.318,-156.061615,0.003030,8.116,-11.352,-11.179,0.000000
11038.263672,-24.799,-153.764175,0.002848,8.116,-11.353,-11.180,0.000000
11076.468750,-25.016,-153.375336,0.002912,8.115,-11.354,-11.181,0.000000
11114.816406,-24.923,-150.655136,0.002873,8.115,-11.354,-11.181,0.000000
11153.296875,-25.039,-151.680634,0.002904,8.115,-11.355,-11.182,0.000000
11191.900391,-25.293,-143.903488,0.002983,8.115,-11.356,-11.183,0.000000
11230.636719,-24.948,-142.053635,0.002859,8.115,-11.357,-11.184,0.000000
11269.518555,-25.096,-138.702393,0.002902,8.115,-11.358,-11.184,0.000000
11308.523438,-25.159,-137.859634,0.002916,8.115,-11.358,-11.185,0.000000
11347.674805,-25.710,-137.970749,0.003099,8.115,-11.359,-11.186,0.000000
11386.951172,-25.496,-128.249725,0.003017,8.115,-11.360,-11.187,0.000000
11426.373047,-25.380,-127.582626,0.002969,8.115,-11.361,-11.188,0.000000
11465.921875,-25.489,-123.935089,0.003000,8.115,-11.361,-11.188,0.000000
11505.606445,-25.313,-123.204681,0.002932,8.115,-11.362,-11.189,0.000000
11545.440430,-25.607,-120.871353,0.003026,8.115,-11.363,-11.190,0.000000
11585.412109,-25.950,-117.463745,0.003140,8.115,-11.364,-11.191,0.000000
11625.521484,-25.944,-112.832146,0.003131,8.115,-11.365,-11.191,0.000000
11665.748047,-26.227,-110.715195,0.003227,8.115,-11.365,-11.192,0.000000
11706.135742,-25.938,-108.873726,0.003113,8.115,-11.366,-11.193,0.000000
11746.664062,-26.522,-106.361778,0.003322,8.115,-11.367,-11.194,0.000000
11787.320312,-26.663,-103.349434,0.003368,8.115,-11.368,-11.194,0.000000
11828.118164,-27.064,-97.807625,0.003518,8.115,-11.369,-11.195,0.000000
11869.068359,-26.932,-93.673447,0.003456,8.115,-11.370,-11.196,0.000000
11910.148438,-27.104,-91.197571,0.003516,8.115,-11.370,-11.197,0.000000
11951.382812,-27.021,-85.199234,0.003473,8.115,-11.371,-11.198,0.000000
11992.748047,-27.013,-83.593773,0.003461,8.115,-11.372,-11.198,0.000000
12034.268555,-27.467,-80.384674,0.003637,8.115,-11.373,-11.199,0.000000
12075.931641,-27.344,-71.921608,0.003577,8.115,-11.374,-11.200,0.000000
12117.716797,-27.585,-70.288116,0.003668,8.115,-11.375,-11.201,0.000000
12159.669922,-27.726,-67.201691,0.003719,8.115,-11.375,-11.202,0.000000
12201.767578,-28.244,-62.950382,0.003937,8.115,-11.376,-11.203,0.000000
12243.999023,-28.431,-51.848377,0.004012,8.115,-11.377,-11.203,0.000000
12286.377930,-28.388,-51.333191,0.003982,8.115,-11.378,-11.204,0.000000
12328.914062,-28.968,-44.067215,0.004246,8.115,-11.379,-11.205,0.000000
12371.597656,-28.618,-37.715275,0.004067,8.114,-11.380,-11.206,0.000000
12414.417969,-28.223,-34.374615,0.003875,8.114,-11.380,-11.207,0.000000
12457.385742,-28.585,-28.727646,0.004029,8.114,-11.381,-11.207,0.000000
12500.514648,-28.443,-26.175737,0.003953,8.114,-11.382,-11.208,0.000000
12543.780273,-28.565,-19.500496,0.003998,8.114,-11.383,-11.209,0.000000
12587.196289,-28.340,-16.170156,0.003885,8.114,-11.384,-11.210,0.000000
12630.774414,-28.680,-14.073078,0.004028,8.114,-11.385,-11.211,0.000000
12674.502930,-27.842,-5.041334,0.003646,8.114,-11.386,-11.212,0.000000
12718.383789,-27.740,-4.800102,0.003592,8.114,-11.387,-11.213,0.000000
12762.391602,-27.463,0.701294,0.003469,8.114,-11.387,-11.213,0.000000
12806.576172,-27.260,5.710222,0.003378,8.114,-11.388,-11.214,0.000000
12850.914062,-27.543,10.715845,0.003479,8.114,-11.389,-11.215,0.000000
12895.392578,-26.939,16.940689,0.003236,8.114,-11.390,-11.216,0.000000
12940.025391,-26.709,17.983313,0.003140,8.114,-11.391,-11.217,0.000000
12984.825195,-26.695,21.421314,0.003124,8.114,-11.392,-11.218,0.000000
13029.767578,-26.789,19.731564,0.003148,8.114,-11.393,-11.219,0.000000
13074.876953,-27.461,23.550365,0.003389,8.114,-11.394,-11.219,0.000000
13120.131836,-27.539,25.625349,0.003408,8.114,-11.395,-11.220,0.000000
13165.554688,-27.887,27.437788,0.003535,8.114,-11.396,-11.221,0.000000
13211.134766,-27.766,33.125172,0.003474,8.114,-11.396,-11.222,0.000000
13256.847656,-28.300,33.042702,0.003680,8.114,-11.397,-11.223,0.000000
13302.744141,-28.708,38.042820,0.003842,8.114,-11.398,-11.224,0.000000
13348.799805,-28.916,43.284100,0.003921,8.114,-11.399,-11.225,0.000000
13395.001953,-28.762,49.583698,0.003837,8.114,-11.400,-11.226,0.000000
13441.363281,-28.674,51.788574,0.003784,8.114,-11.401,-11.227,0.000000
13487.899414,-28.754,57.402306,0.003804,8.114,-11.402,-11.227,0.000000
13534.595703,-28.967,59.380020,0.003883,8.114,-11.403,-11.228,0.000000
13581.440430,-29.079,64.721786,0.003916,8.114,-11.404,-11.229,0.000000
13628.447266,-29.298,66.986336,0.003999,8.114,-11.405,-11.230,0.000000
13675.630859,-29.127,72.967247,0.003905,8.113,-11.406,-11.231,0.000000
13722.976562,-29.105,76.489227,0.003878,8.113,-11.407,-11.232,0.000000
13770.473633,-29.215,79.110031,0.003910,8.113,-11.408,-11.233,0.000000
13818.135742,-29.355,86.623230,0.003957,8.113,-11.409,-11.234,0.000000
13865.975586,-28.917,87.027122,0.003745,8.113,-11.410,-11.235,0.000000
13913.980469,-28.953,94.141655,0.003744,8.113,-11.411,-11.236,0.000000
13962.125977,-28.996,98.267006,0.003746,8.113,-11.411,-11.237,0.000000
14010.463867,-28.986,107.872574,0.003725,8.113,-11.412,-11.238,0.000000
14058.969727,-28.890,106.943573,0.003668,8.113,-11.413,-11.238,0.000000
14107.628906,-29.045,112.366135,0.003717,8.113,-11.414,-11.239,0.000000
14156.458008,-29.293,113.557777,0.003807,8.113,-11.415,-11.240,0.000000
14205.468750,-28.698,114.751442,0.003538,8.113,-11.416,-11.241,0.000000
14254.635742,-29.506,121.738625,0.003864,8.113,-11.417,-11.242,0.000000
14303.986328,-30.016,126.696442,0.004079,8.113,-11.418,-11.243,0.000000
14353.495117,-29.831,135.157654,0.003973,8.113,-11.419,-11.244,0.000000
14403.188477,-29.825,137.754181,0.003951,8.113,-11.420,-11.245,0.000000
14453.052734,-30.282,145.144119,0.004144,8.113,-11.421,-11.246,0.000000
14503.063477,-30.281,152.341843,0.004124,8.113,-11.422,-11.247,0.000000
14553.274414,-29.797,163.387390,0.003882,8.113,-11.423,-11.248,0.000000
14603.659180,-30.183,164.168152,0.004039,8.113,-11.424,-11.249,0.000000
14654.218750,-29.870,167.178452,0.003877,8.113,-11.425,-11.250,0.000000
14704.924805,-29.877,174.444214,0.003862,8.113,-11.426,-11.251,0.000000
14755.834961,-30.065,178.205338,0.003927,8.113,-11.427,-11.252,0.000000
14806.920898,-29.602,-177.846664,0.003705,8.113,-11.428,-11.253,0.000000
14858.168945,-29.405,-170.040329,0.003604,8.113,-11.429,-11.254,0.000000
14909.609375,-29.099,-167.028488,0.003462,8.113,-11.430,-11.255,0.000000
14961.213867,-29.019,-161.151779,0.003414,8.112,-11.432,-11.256,0.000000
15013.010742,-29.393,-154.900650,0.003546,8.112,-11.433,-11.257,0.000000
15064.973633,-28.995,-148.970337,0.003370,8.112,-11.434,-11.258,0.000000
15117.115234,-28.963,-143.773026,0.003341,8.112,-11.435,-11.259,0.000000
15169.452148,-28.960,-138.164719,0.003323,8.112,-11.436,-11.260,0.000000
15221.969727,-29.395,-133.242874,0.003476,8.112,-11.437,-11.261,0.000000
15274.640625,-28.913,-126.662766,0.003273,8.112,-11.438,-11.262,0.000000
15327.523438,-29.471,-121.304794,0.003472,8.112,-11.439,-11.263,0.000000
15380.588867,-28.926,-114.088089,0.003245,8.112,-11.440,-11.264,0.000000
15433.823242,-28.861,-108.957100,0.003205,8.112,-11.441,-11.265,0.000000
15487.241211,-28.630,-105.714104,0.003105,8.112,-11.442,-11.266,0.000000
15540.859375,-28.589,-99.724564,0.003075,8.112,-11.443,-11.267,0.000000
15594.664062,-28.001,-94.397400,0.002859,8.112,-11.444,-11.268,0.000000
15648.638672,-27.912,-89.590027,0.002816,8.112,-11.445,-11.269,0.000000
15702.800781,-26.903,-89.148445,0.002495,8.112,-11.446,-11.270,0.000000
15757.166016,-27.257,-85.495766,0.002586,8.112,-11.447,-11.271,0.000000
15811.718750,-27.286,-82.815002,0.002581,8.112,-11.449,-11.272,0.000000
15866.429688,-27.742,-78.184433,0.002707,8.112,-11.450,-11.273,0.000000
15921.361328,-27.664,-73.996193,0.002669,8.112,-11.451,-11.275,0.000000
15976.482422,-27.496,-66.402107,0.002605,8.112,-11.452,-11.276,0.000000
16031.793945,-27.520,-63.513077,0.002600,8.112,-11.453,-11.277,0.000000
16087.267578,-27.591,-57.774776,0.002608,8.112,-11.454,-11.278,0.000000
16142.962891,-28.000,-54.586807,0.002720,8.112,-11.455,-11.279,0.000000
16198.851562,-27.848,-44.428417,0.002659,8.112,-11.456,-11.280,0.000000
16254.917969,-27.487,-41.715992,0.002538,8.111,-11.457,-11.281,0.000000
16311.194336,-26.596,-35.210625,0.002279,8.111,-11.459,-11.282,0.000000
16367.649414,-26.814,-30.111876,0.002326,8.111,-11.460,-11.283,0.000000
16424.316406,-26.515,-24.648592,0.002236,8.111,-11.461,-11.284,0.000000
16481.162109,-26.214,-15.521317,0.002149,8.111,-11.462,-11.285,0.000000
16538.205078,-26.239,-7.583261,0.002144,8.111,-11.463,-11.286,0.000000
16595.462891,-26.128,-2.718345,0.002106,8.111,-11.464,-11.288,0.000000
16652.917969,-25.797,3.125854,0.002018,8.111,-11.465,-11.289,0.000000
16710.539062,-25.909,10.778273,0.002034,8.111,-11.467,-11.290,0.000000
16768.392578,-25.879,11.314360,0.002017,8.111,-11.468,-11.291,0.000000
16826.447266,-25.350,19.599443,0.001889,8.111,-11.469,-11.292,0.000000
16884.685547,-25.314,22.149294,0.001872,8.111,-11.470,-11.293,0.000000
16943.142578,-24.917,26.566710,0.001780,8.111,-11.471,-11.294,0.000000
17001.785156,-24.551,34.377262,0.001698,8.111,-11.472,-11.295,0.000000
17060.646484,-24.199,37.443020,0.001623,8.111,-11.474,-11.297,0.000000
17119.695312,-23.837,43.427776,0.001549,8.111,-11.475,-11.298,0.000000
17178.949219,-23.822,48.952633,0.001539,8.111,-11.476,-11.299,0.000000
17238.423828,-23.620,56.750923,0.001496,8.111,-11.477,-11.300,0.000000
17298.105469,-22.982,57.674870,0.001383,8.111,-11.478,-11.301,0.000000
17357.976562,-22.796,64.735970,0.001347,8.111,-11.480,-11.302,0.000000
17418.054688,-22.623,68.030548,0.001314,8.111,-11.481,-11.303,0.000000
17478.357422,-22.123,71.958954,0.001234,8.111,-11.482,-11.305,0.000000
17538.869141,-22.014,79.700310,0.001213,8.110,-11.483,-11.306,0.000000
17599.556641,-21.242,83.533234,0.001104,8.110,-11.484,-11.307,0.000000
17660.488281,-20.616,88.893440,0.001023,8.110,-11.486,-11.308,0.000000
17721.630859,-20.231,92.185837,0.000974,8.110,-11.487,-11.309,0.000000
17782.968750,-19.736,98.201363,0.000915,8.110,-11.488,-11.311,0.000000
17844.535156,-19.379,105.446548,0.000874,8.110,-11.489,-11.312,0.000000
17906.296875,-18.903,111.841782,0.000824,8.110,-11.491,-11.313,0.000000
17968.291016,-18.273,119.144249,0.000762,8.110,-11.492,-11.314,0.000000
18030.480469,-17.576,123.087143,0.000842,8.110,-11.493,-11.315,0.000000
18092.886719,-16.864,128.455032,0.000642,8.110,-11.494,-11.317,0.000000
18155.525391,-16.405,134.113861,0.000609,8.110,-11.496,-11.318,0.000000
18218.382812,-15.585,137.553802,0.000554,8.110,-11.497,-11.319,0.000000
18281.421875,-15.076,140.258865,0.000515,8.110,-11.498,-11.320,0.000000
18344.712891,-14.647,143.311508,0.000505,8.110,-11.499,-11.321,0.000000
18408.224609,-13.885,148.387344,0.000464,8.110,-11.501,-11.323,0.000000
18471.955078,-13.491,151.051895,0.000423,8.110,-11.502,-11.324,0.000000
18535.888672,-12.959,157.826538,0.000396,8.110,-11.503,-11.325,0.000000
18600.044922,-12.254,162.352905,0.000394,8.110,-11.504,-11.326,0.000000
18664.439453,-11.718,168.796356,0.000571,8.110,-11.506,-11.328,0.000000
18729.041016,-10.913,171.752350,0.000397,8.110,-11.507,-11.329,0.000000
18793.880859,-10.234,-179.492676,0.000466,8.110,-11.508,-11.330,0.000000
18858.929688,-9.835,-171.541473,0.000398,8.109,-11.510,-11.331,0.000000
18924.220703,-8.889,-165.398560,0.000428,8.109,-11.511,-11.333,0.000000
18989.720703,-8.029,-157.628113,0.000336,8.109,-11.512,-11.334,0.000000
19055.447266,-6.795,-152.322693,0.000284,8.109,-11.514,-11.335,0.000000
19121.417969,-6.510,-148.164169,0.000774,8.109,-11.515,-11.336,0.000000
19187.619141,-6.085,-143.061157,0.000468,8.109,-11.516,-11.338,0.000000
19254.029297,-5.656,-138.104721,0.000636,8.109,-11.518,-11.339,0.000000
19320.669922,-4.907,-132.563004,0.000435,8.109,-11.519,-11.340,0.000000
19387.560547,-3.999,-125.569885,0.000402,8.109,-11.520,-11.342,0.000000
19454.664062,-2.798,-125.080513,0.000586,8.109,-11.522,-11.343,0.000000
19522.017578,-1.516,-111.628487,0.001126,8.109,-11.523,-11.344,0.000000
19589.585938,-207.612,0.000000,0.000000,8.109,-11.524,-11.346,0.000000
19657.406250,-207.645,0.000000,0.000000,8.109,-11.526,-11.347,0.000000
19725.443359,-207.678,0.000000,0.000000,8.109,-11.527,-11.348,0.000000
19793.716797,-207.711,0.000000,0.000000,8.109,-11.528,-11.349,0.000000
19862.244141,-207.744,0.000000,0.000000,8.109,-11.530,-11.351,0.000000
19931.009766,-207.777,0.000000,0.000000,8.109,-11.531,-11.352,0.000000
19999.974609,-207.810,0.000000,0.000000,8.109,-11.532,-11.353,0.000000
