frequency_hz,spl_db,phase_deg,thd_percent,rt60_ms,c50_db,c80_db,group_delay_ms
20.000000,-15.881,85.702484,0.001246,12.450,-6.674,-6.628,0.000000
20.069233,-15.856,58.745480,0.001243,12.450,-6.674,-6.628,0.000000
20.138704,-16.325,44.824158,0.001312,12.450,-6.674,-6.628,0.000000
20.208418,-16.241,38.815201,0.001299,12.450,-6.674,-6.628,0.000000
20.278366,-16.692,5.333893,0.001369,12.450,-6.674,-6.628,0.000000
20.348562,-17.388,5.370458,0.001484,12.450,-6.674,-6.628,0.000000
20.419001,-17.612,11.385725,0.001523,12.450,-6.674,-6.628,0.000000
20.489683,-19.174,-29.229116,0.001823,12.450,-6.674,-6.628,0.000000
20.560612,-19.106,-8.969377,0.001809,12.450,-6.674,-6.628,0.000000
20.631784,-20.347,-6.040502,0.002086,12.450,-6.674,-6.628,0.000000
20.703203,-20.481,-6.383773,0.002119,12.450,-6.674,-6.628,0.000000
20.774866,-20.107,-22.343273,0.002030,12.450,-6.674,-6.628,0.000000
20.846781,-20.221,-54.272198,0.002056,12.450,-6.674,-6.628,0.000000
20.918943,-20.081,-68.611298,0.002023,12.450,-6.674,-6.628,0.000000
20.991358,-20.481,-50.002827,0.002119,12.450,-6.674,-6.628,0.000000
21.064020,-21.240,-52.739040,0.002313,12.450,-6.674,-6.628,0.000000
21.136936,-21.708,-78.595634,0.002442,12.450,-6.674,-6.628,0.000000
21.210104,-22.095,-75.717445,0.002553,12.450,-6.674,-6.628,0.000000
21.283520,-22.516,-77.107430,0.002680,12.450,-6.674,-6.628,0.000000
21.357197,-23.157,-90.735771,0.002886,12.450,-6.674,-6.628,0.000000
21.431126,-24.352,-105.294273,0.003312,12.450,-6.674,-6.628,0.000000
21.505312,-24.394,-103.005707,0.003328,12.450,-6.674,-6.628,0.000000
21.579756,-25.179,-113.838432,0.003643,12.450,-6.674,-6.628,0.000000
21.654457,-25.527,-113.298737,0.003792,12.450,-6.674,-6.628,0.000000
21.729416,-26.278,-122.529243,0.004134,12.450,-6.674,-6.628,0.000000
21.804630,-25.575,-126.287193,0.003813,12.450,-6.674,-6.628,0.000000
21.880110,-26.456,-137.467453,0.004220,12.450,-6.674,-6.628,0.000000
21.955851,-26.047,-144.884079,0.004027,12.450,-6.674,-6.628,0.000000
22.031853,-26.392,-152.173889,0.004190,12.450,-6.674,-6.628,0.000000
22.108118,-25.924,-153.249268,0.003971,12.450,-6.674,-6.628,0.000000
22.184649,-26.399,-155.689713,0.004196,12.450,-6.674,-6.628,0.000000
22.261442,-26.297,-156.926804,0.004147,12.450,-6.674,-6.628,0.000000
22.338503,-25.691,-157.239182,0.003868,12.450,-6.674,-6.628,0.000000
22.415825,-24.802,-163.637695,0.003492,12.450,-6.674,-6.628,0.000000
22.493420,-24.445,-163.144485,0.003352,12.450,-6.674,-6.628,0.000000
22.571283,-23.803,-167.943573,0.003114,12.450,-6.674,-6.628,0.000000
22.649418,-23.802,-167.943573,0.003114,12.450,-6.674,-6.628,0.000000
22.727821,-23.100,-171.639297,0.002873,12.450,-6.674,-6.628,0.000000
22.806496,-23.619,-172.242065,0.003050,12.450,-6.674,-6.628,0.000000
22.885437,-23.064,-173.351685,0.002862,12.450,-6.674,-6.628,0.000000
22.964659,-22.256,-174.859985,0.002608,12.450,-6.674,-6.628,0.000000
23.044153,-21.736,-179.366425,0.002457,12.450,-6.674,-6.628,0.000000
23.123922,-21.263,179.324570,0.002327,12.450,-6.674,-6.628,0.000000
23.203970,-21.268,173.281937,0.002329,12.450,-6.674,-6.628,0.000000
23.284292,-21.200,171.594345,0.002311,12.450,-6.674,-6.628,0.000000
23.364893,-20.641,170.212769,0.002168,12.450,-6.674,-6.628,0.000000
23.445774,-20.885,170.306747,0.002229,12.450,-6.674,-6.628,0.000000
23.526928,-20.293,169.916992,0.002083,12.450,-6.674,-6.628,0.000000
23.608370,-19.313,165.091476,0.001861,12.450,-6.674,-6.628,0.000000
23.690092,-18.981,164.478043,0.001791,12.450,-6.674,-6.628,0.000000
23.772099,-18.706,161.836563,0.001735,12.450,-6.674,-6.628,0.000000
23.854389,-18.440,158.761932,0.001683,12.450,-6.674,-6.628,0.000000
23.936964,-17.812,154.989487,0.001565,12.450,-6.674,-6.628,0.000000
24.019825,-17.376,151.975067,0.001489,12.450,-6.674,-6.628,0.000000
24.102966,-17.002,151.849594,0.001426,12.450,-6.674,-6.628,0.000000
24.186401,-16.188,147.227661,0.001299,12.450,-6.674,-6.628,0.000000
24.270124,-15.935,144.078064,0.001262,12.450,-6.674,-6.628,0.000000
24.354139,-15.442,141.791046,0.001192,12.450,-6.674,-6.628,0.000000
24.438444,-15.239,137.271423,0.001165,12.450,-6.674,-6.628,0.000000
24.523041,-14.867,133.063110,0.001116,12.450,-6.674,-6.628,0.000000
24.607929,-14.535,131.658539,0.001075,12.450,-6.674,-6.628,0.000000
24.693108,-14.173,128.525177,0.001031,12.450,-6.674,-6.628,0.000000
24.778585,-13.612,124.483658,0.000967,12.450,-6.674,-6.628,0.000000
24.864359,-13.272,119.365608,0.000930,12.450,-6.674,-6.628,0.000000
24.950430,-12.985,114.826866,0.000900,12.450,-6.674,-6.628,0.000000
25.036798,-12.636,110.174538,0.000864,12.450,-6.674,-6.628,0.000000
25.123466,-12.456,106.618683,0.000847,12.450,-6.674,-6.628,0.000000
25.210434,-12.179,101.670265,0.000820,12.450,-6.674,-6.628,0.000000
25.297697,-11.849,98.465599,0.000790,12.450,-6.674,-6.628,0.000000
25.385267,-11.548,93.831970,0.000763,12.450,-6.674,-6.628,0.000000
25.473143,-11.342,88.897415,0.000745,12.450,-6.674,-6.628,0.000000
25.561321,-11.086,84.803085,0.000724,12.450,-6.674,-6.628,0.000000
25.649803,-10.900,80.123894,0.000709,12.450,-6.674,-6.628,0.000000
25.738594,-10.737,75.692589,0.000696,12.450,-6.674,-6.628,0.000000
25.827690,-10.556,71.580276,0.000681,12.450,-6.674,-6.628,0.000000
25.917089,-10.394,66.929626,0.000669,12.450,-6.674,-6.628,0.000000
26.006805,-10.358,64.620148,0.000666,12.450,-6.674,-6.628,0.000000
26.096830,-10.233,60.711269,0.000657,12.450,-6.674,-6.628,0.000000
26.187168,-10.100,56.727940,0.000647,12.450,-6.674,-6.628,0.000000
26.277819,-9.978,52.081646,0.000638,12.450,-6.674,-6.628,0.000000
26.368782,-9.853,48.179337,0.000629,12.450,-6.674,-6.628,0.000000
26.460054,-9.838,44.165520,0.000628,12.450,-6.674,-6.628,0.000000
26.551649,-9.744,40.291492,0.000621,12.450,-6.674,-6.628,0.000000
26.643560,-9.659,36.863281,0.000615,12.450,-6.674,-6.628,0.000000
26.735790,-9.576,33.503448,0.000609,12.450,-6.674,-6.628,0.000000
26.828339,-9.462,30.013189,0.000601,12.450,-6.674,-6.628,0.000000
26.921207,-9.325,26.853731,0.000592,12.450,-6.674,-6.628,0.000000
27.014399,-9.158,23.879446,0.000581,12.450,-6.674,-6.628,0.000000
27.107912,-8.956,20.396130,0.000567,12.450,-6.674,-6.628,0.000000
27.201744,-8.762,16.974701,0.000555,12.450,-6.674,-6.628,0.000000
27.295906,-8.566,13.772180,0.000543,12.450,-6.674,-6.628,0.000000
27.390394,-8.377,10.355108,0.000531,12.450,-6.674,-6.628,0.000000
27.485209,-8.143,6.816443,0.000517,12.450,-6.674,-6.628,0.000000
27.580351,-7.951,3.540283,0.000506,12.450,-6.674,-6.628,0.000000
27.675825,-7.733,0.064316,0.000493,12.450,-6.674,-6.628,0.000000
27.771622,-7.470,-3.587397,0.000479,12.450,-6.674,-6.628,0.000000
27.867756,-7.149,-9.079635,0.000461,12.450,-6.674,-6.628,0.000000
27.964224,-6.935,-13.180033,0.000450,12.450,-6.674,-6.628,0.000000
28.061024,-6.801,-16.709463,0.000444,12.450,-6.674,-6.628,0.000000
28.158161,-6.513,-21.839506,0.000429,12.450,-6.674,-6.628,0.000000
28.255634,-6.317,-25.374012,0.000420,12.450,-6.674,-6.628,0.000000
28.353443,-6.134,-29.000637,0.000411,12.450,-6.674,-6.628,0.000000
28.451593,-5.946,-32.501698,0.000402,12.450,-6.674,-6.628,0.000000
28.550081,-5.751,-36.379528,0.000393,12.450,-6.674,-6.628,0.000000
28.648903,-5.629,-39.840141,0.000388,12.450,-6.674,-6.628,0.000000
28.748075,-5.465,-43.723991,0.000381,12.450,-6.674,-6.628,0.000000
28.847589,-5.348,-47.032417,0.000376,12.450,-6.674,-6.628,0.000000
28.947449,-5.188,-50.478558,0.000369,12.450,-6.674,-6.628,0.000000
29.047655,-5.053,-54.242256,0.000363,12.450,-6.674,-6.628,0.000000
29.148207,-4.873,-59.507767,0.000356,12.450,-6.674,-6.628,0.000000
29.249100,-4.758,-63.101967,0.000351,12.450,-6.674,-6.628,0.000000
29.350348,-4.650,-66.710320,0.000347,12.450,-6.674,-6.628,0.000000
29.451948,-4.505,-72.064003,0.000341,12.450,-6.674,-6.628,0.000000
29.553900,-4.414,-75.730286,0.000337,12.450,-6.674,-6.628,0.000000
29.656204,-4.298,-79.457436,0.000333,12.450,-6.674,-6.628,0.000000
29.758862,-4.198,-83.220345,0.000329,12.450,-6.674,-6.628,0.000000
29.861876,-4.127,-87.677040,0.000327,12.450,-6.674,-6.628,0.000000
29.965246,-4.163,-93.761620,0.000328,12.450,-6.674,-6.628,0.000000
30.068968,-4.123,-97.835457,0.000327,12.450,-6.674,-6.628,0.000000
30.173054,-4.073,-102.497322,0.000325,12.450,-6.674,-6.628,0.000000
30.277502,-4.164,-107.291191,0.000328,12.450,-6.674,-6.628,0.000000
30.382311,-4.344,-114.292648,0.000335,12.450,-6.674,-6.628,0.000000
30.487482,-4.503,-119.015030,0.000341,12.450,-6.674,-6.628,0.000000
30.593019,-5.014,-124.956726,0.000362,12.450,-6.674,-6.628,0.000000
30.698914,-5.356,-128.741013,0.000377,12.450,-6.674,-6.628,0.000000
30.805182,-5.650,-131.876526,0.000390,12.450,-6.674,-6.628,0.000000
30.911816,-6.014,-135.075134,0.000407,12.450,-6.674,-6.628,0.000000
31.018822,-6.415,-137.722946,0.000426,12.450,-6.674,-6.628,0.000000
31.126196,-6.913,-141.444016,0.000451,12.450,-6.674,-6.628,0.000000
31.233944,-7.374,-144.225632,0.000476,12.450,-6.674,-6.628,0.000000
31.342064,-7.677,-146.482727,0.000493,12.450,-6.674,-6.628,0.000000
31.450558,-8.037,-148.891434,0.000514,12.450,-6.674,-6.628,0.000000
31.559420,-8.414,-148.989410,0.000537,12.450,-6.674,-6.628,0.000000
31.668667,-8.551,-150.284668,0.000545,12.450,-6.674,-6.628,0.000000
31.778292,-8.842,-152.723434,0.000564,12.450,-6.674,-6.628,0.000000
31.888296,-9.180,-154.624756,0.000586,12.450,-6.674,-6.628,0.000000
31.998680,-9.351,-156.069656,0.000598,12.450,-6.674,-6.628,0.000000
32.109447,-9.468,-156.247681,0.000606,12.450,-6.674,-6.628,0.000000
32.220600,-10.010,-159.049759,0.000645,12.450,-6.674,-6.628,0.000000
32.332127,-10.474,-159.199799,0.000681,12.450,-6.674,-6.628,0.000000
32.444046,-10.968,-156.143387,0.000721,12.450,-6.674,-6.628,0.000000
32.556355,-10.745,-154.848938,0.000703,12.450,-6.674,-6.628,0.000000
32.669052,-10.673,-155.980850,0.000697,12.450,-6.674,-6.628,0.000000
32.782143,-10.928,-156.623917,0.000718,12.450,-6.674,-6.628,0.000000
32.895622,-11.006,-155.595352,0.000724,12.450,-6.674,-6.628,0.000000
33.009491,-10.929,-154.640488,0.000718,12.450,-6.674,-6.628,0.000000
33.123760,-10.856,-154.431442,0.000712,12.450,-6.674,-6.628,0.000000
33.238411,-10.743,-155.099945,0.000703,12.450,-6.674,-6.628,0.000000
33.353470,-10.484,-153.695938,0.000682,12.450,-6.674,-6.628,0.000000
33.468929,-10.425,-155.519928,0.000678,12.450,-6.674,-6.628,0.000000
33.584785,-9.928,-158.821259,0.000640,12.450,-6.674,-6.628,0.000000
33.701042,-10.036,-160.546066,0.000648,12.450,-6.674,-6.628,0.000000
33.817696,-9.938,-162.278290,0.000641,12.450,-6.674,-6.628,0.000000
33.934757,-9.714,-165.126999,0.000625,12.450,-6.674,-6.628,0.000000
34.052227,-9.816,-168.266754,0.000632,12.450,-6.674,-6.628,0.000000
34.170105,-9.881,-170.937973,0.000637,12.450,-6.674,-6.628,0.000000
34.288387,-9.884,-174.127350,0.000637,12.450,-6.674,-6.628,0.000000
34.407082,-10.148,-177.857666,0.000657,12.450,-6.674,-6.628,0.000000
34.526184,-10.242,179.974533,0.000664,12.450,-6.674,-6.628,0.000000
34.645702,-10.379,178.119446,0.000675,12.450,-6.674,-6.628,0.000000
34.765621,-10.823,172.658569,0.000711,12.450,-6.674,-6.628,0.000000
34.885967,-11.061,171.131561,0.000731,12.450,-6.674,-6.628,0.000000
35.006729,-11.352,168.659042,0.000756,12.450,-6.674,-6.628,0.000000
35.127911,-11.966,166.461823,0.000811,12.450,-6.674,-6.628,0.000000
35.249508,-12.150,165.059601,0.000829,12.450,-6.674,-6.628,0.000000
35.371529,-12.376,163.531906,0.000850,12.450,-6.674,-6.628,0.000000
35.493965,-12.952,160.366714,0.000909,12.450,-6.674,-6.628,0.000000
35.616829,-13.224,159.410919,0.000938,12.450,-6.674,-6.628,0.000000
35.740120,-13.765,158.416367,0.000999,12.450,-6.674,-6.628,0.000000
35.863842,-14.309,157.927994,0.001063,12.450,-6.674,-6.628,0.000000
35.987988,-14.706,157.870026,0.001113,12.450,-6.674,-6.628,0.000000
36.112564,-15.184,158.830307,0.001176,12.450,-6.674,-6.628,0.000000
36.237572,-15.588,159.679199,0.001232,12.450,-6.674,-6.628,0.000000
36.363010,-15.856,160.552979,0.001271,12.450,-6.674,-6.628,0.000000
36.488888,-16.162,161.775360,0.001317,12.450,-6.674,-6.628,0.000000
36.615189,-16.681,164.227829,0.001398,12.450,-6.674,-6.628,0.000000
36.741936,-16.662,166.701630,0.001395,12.450,-6.674,-6.628,0.000000
36.869122,-16.810,168.015686,0.001419,12.450,-6.674,-6.628,0.000000
36.996750,-16.854,170.051865,0.001426,12.450,-6.674,-6.628,0.000000
37.124817,-16.882,171.409225,0.001431,12.450,-6.674,-6.628,0.000000
37.253323,-16.700,173.459030,0.001401,12.450,-6.674,-6.628,0.000000
37.382278,-16.503,174.306824,0.001370,12.450,-6.674,-6.628,0.000000
37.511681,-16.383,175.204529,0.001351,12.450,-6.674,-6.628,0.000000
37.641533,-16.172,175.021011,0.001319,12.450,-6.674,-6.628,0.000000
37.771832,-16.111,175.662170,0.001310,12.450,-6.674,-6.628,0.000000
37.902584,-15.782,175.320435,0.001262,12.450,-6.674,-6.628,0.000000
38.033791,-15.662,175.056519,0.001245,12.450,-6.674,-6.628,0.000000
38.165447,-15.570,174.443573,0.001232,12.450,-6.674,-6.628,0.000000
38.297562,-15.431,173.046432,0.001212,12.450,-6.674,-6.628,0.000000
38.430122,-15.241,172.597076,0.001186,12.450,-6.674,-6.628,0.000000
38.563152,-15.148,171.208923,0.001174,12.450,-6.674,-6.628,0.000000
38.696644,-15.088,169.743835,0.001166,12.450,-6.674,-6.628,0.000000
38.830597,-15.237,167.397812,0.001186,12.450,-6.674,-6.628,0.000000
38.965015,-15.269,167.184235,0.001191,12.450,-6.674,-6.628,0.000000
39.099895,-15.432,165.593765,0.001214,12.450,-6.674,-6.628,0.000000
39.235237,-15.735,164.658707,0.001257,12.450,-6.674,-6.628,0.000000
39.371052,-15.995,164.259857,0.001296,12.450,-6.674,-6.628,0.000000
39.507339,-16.137,165.426865,0.001317,12.450,-6.674,-6.628,0.000000
39.644100,-16.202,166.034790,0.001327,12.450,-6.674,-6.628,0.000000
39.781334,-16.412,165.657562,0.001360,12.450,-6.674,-6.628,0.000000
39.919041,-16.674,167.301346,0.001402,12.450,-6.674,-6.628,0.000000
40.057224,-16.856,169.283798,0.001432,12.450,-6.674,-6.628,0.000000
40.195889,-16.681,173.372131,0.001403,12.450,-6.674,-6.628,0.000000
40.335030,-16.232,173.914536,0.001333,12.450,-6.674,-6.628,0.000000
40.474644,-16.362,177.354126,0.001353,12.450,-6.674,-6.628,0.000000
40.614754,-15.966,-179.655563,0.001293,12.450,-6.674,-6.628,0.000000
40.755344,-15.608,-177.557785,0.001241,12.450,-6.674,-6.628,0.000000
40.896423,-15.073,-176.197281,0.001167,12.450,-6.674,-6.628,0.000000
41.037983,-14.718,-175.457077,0.001121,12.450,-6.674,-6.628,0.000000
41.180042,-14.004,-175.267105,0.001032,12.450,-6.674,-6.628,0.000000
41.322590,-13.564,-175.029572,0.000981,12.450,-6.674,-6.628,0.000000
41.465633,-12.939,-177.711014,0.000913,12.450,-6.674,-6.628,0.000000
41.609173,-12.722,179.921707,0.000890,12.450,-6.674,-6.628,0.000000
41.753204,-12.434,179.141296,0.000861,12.450,-6.674,-6.628,0.000000
41.897739,-12.082,176.843933,0.000827,12.450,-6.674,-6.628,0.000000
42.042774,-11.928,175.388748,0.000813,12.450,-6.674,-6.628,0.000000
42.188309,-11.858,173.039597,0.000806,12.450,-6.674,-6.628,0.000000
42.334339,-11.818,172.312637,0.000803,12.450,-6.674,-6.628,0.000000
42.480885,-11.861,170.928406,0.000807,12.450,-6.674,-6.628,0.000000
42.627937,-11.827,171.640915,0.000804,12.450,-6.674,-6.628,0.000000
42.775497,-11.731,172.369614,0.000795,12.450,-6.674,-6.628,0.000000
42.923573,-11.499,173.243332,0.000774,12.450,-6.674,-6.628,0.000000
43.072155,-11.055,173.735260,0.000736,12.450,-6.674,-6.628,0.000000
43.221245,-10.771,173.917526,0.000712,12.450,-6.674,-6.628,0.000000
43.370861,-10.223,173.561157,0.000669,12.450,-6.674,-6.628,0.000000
43.520992,-9.447,172.758041,0.000612,12.450,-6.674,-6.628,0.000000
43.671646,-8.929,171.616959,0.000577,12.450,-6.674,-6.628,0.000000
43.822823,-8.388,169.415695,0.000542,12.450,-6.674,-6.628,0.000000
43.974518,-7.634,166.207382,0.000497,12.450,-6.674,-6.628,0.000000
44.126743,-7.101,163.174118,0.000467,12.450,-6.674,-6.628,0.000000
44.279491,-6.665,159.689362,0.000445,12.450,-6.674,-6.628,0.000000
44.432770,-6.112,155.044632,0.000417,12.450,-6.674,-6.628,0.000000
44.586567,-5.642,150.637512,0.000395,12.450,-6.674,-6.628,0.000000
44.740910,-5.436,147.918015,0.000386,12.450,-6.674,-6.628,0.000000
44.895786,-5.129,143.143921,0.000373,12.450,-6.674,-6.628,0.000000
45.051197,-4.854,138.598068,0.000361,12.450,-6.674,-6.628,0.000000
45.207138,-4.743,136.265884,0.000357,12.450,-6.674,-6.628,0.000000
45.363636,-4.561,131.509033,0.000349,12.450,-6.674,-6.628,0.000000
45.520660,-4.443,126.890274,0.000345,12.450,-6.674,-6.628,0.000000
45.678234,-4.386,123.218315,0.000343,12.450,-6.674,-6.628,0.000000
45.836353,-4.347,119.583344,0.000341,12.450,-6.674,-6.628,0.000000
45.995022,-4.340,114.981354,0.000341,12.450,-6.674,-6.628,0.000000
46.154240,-4.388,111.398537,0.000343,12.450,-6.674,-6.628,0.000000
46.314007,-4.419,106.969864,0.000344,12.450,-6.674,-6.628,0.000000
46.474327,-4.454,102.215454,0.000345,12.450,-6.674,-6.628,0.000000
46.635193,-4.507,98.764854,0.000347,12.450,-6.674,-6.628,0.000000
46.796627,-4.615,95.347832,0.000352,12.450,-6.674,-6.628,0.000000
46.958618,-4.758,90.835213,0.000358,12.450,-6.674,-6.628,0.000000
47.121170,-4.913,86.467758,0.000364,12.450,-6.674,-6.628,0.000000
47.284286,-5.009,83.195290,0.000368,12.450,-6.674,-6.628,0.000000
47.447968,-5.143,79.901085,0.000374,12.450,-6.674,-6.628,0.000000
47.612202,-5.381,75.418304,0.000384,12.450,-6.674,-6.628,0.000000
47.777020,-5.684,71.340813,0.000398,12.450,-6.674,-6.628,0.000000
47.942402,-5.967,67.506516,0.000411,12.450,-6.674,-6.628,0.000000
48.108360,-6.189,64.569099,0.000422,12.450,-6.674,-6.628,0.000000
48.274895,-6.407,61.846043,0.000433,12.450,-6.674,-6.628,0.000000
48.442005,-6.770,58.225220,0.000452,12.450,-6.674,-6.628,0.000000
48.609692,-7.206,54.734802,0.000475,12.450,-6.674,-6.628,0.000000
48.777958,-7.675,51.887447,0.000501,12.450,-6.674,-6.628,0.000000
48.946812,-8.032,50.173302,0.000522,12.450,-6.674,-6.628,0.000000
49.116234,-8.581,47.840630,0.000557,12.450,-6.674,-6.628,0.000000
49.286255,-9.028,46.610092,0.000586,12.450,-6.674,-6.628,0.000000
49.456863,-9.548,44.694759,0.000622,12.450,-6.674,-6.628,0.000000
49.628067,-10.002,43.164230,0.000656,12.450,-6.674,-6.628,0.000000
49.799858,-10.502,42.036652,0.000695,12.450,-6.674,-6.628,0.000000
49.972248,-11.015,40.928600,0.000737,12.450,-6.674,-6.628,0.000000
50.145218,-11.341,40.582504,0.000766,12.450,-6.674,-6.628,0.000000
50.318802,-11.850,39.582638,0.000812,12.450,-6.674,-6.628,0.000000
50.492989,-12.300,39.471615,0.000855,12.450,-6.674,-6.628,0.000000
50.667774,-12.697,39.049297,0.000895,12.450,-6.674,-6.628,0.000000
50.843166,-13.127,38.281063,0.000941,12.450,-6.674,-6.628,0.000000
51.019169,-13.697,38.656509,0.001004,12.450,-6.674,-6.628,0.000000
51.195774,-14.142,39.234043,0.001057,12.450,-6.674,-6.628,0.000000
51.372997,-14.613,40.037403,0.001116,12.450,-6.674,-6.628,0.000000
51.550816,-14.929,41.428513,0.001157,12.450,-6.674,-6.628,0.000000
51.729267,-15.279,43.226025,0.001205,12.450,-6.674,-6.628,0.000000
51.908333,-15.673,45.545975,0.001261,12.450,-6.674,-6.628,0.000000
52.088020,-15.901,47.675701,0.001295,12.450,-6.674,-6.628,0.000000
52.268330,-16.162,50.513309,0.001335,12.450,-6.674,-6.628,0.000000
52.449261,-16.316,53.950592,0.001359,12.450,-6.674,-6.628,0.000000
52.630810,-16.335,56.871151,0.001362,12.450,-6.674,-6.628,0.000000
52.812996,-16.231,59.924438,0.001346,12.450,-6.674,-6.628,0.000000
52.995815,-16.088,62.517101,0.001324,12.450,-6.674,-6.628,0.000000
53.179264,-15.854,64.490250,0.001289,12.450,-6.674,-6.628,0.000000
53.363350,-15.638,66.620628,0.001258,12.450,-6.674,-6.628,0.000000
53.548077,-15.291,68.481956,0.001209,12.450,-6.674,-6.628,0.000000
53.733437,-14.921,69.205551,0.001159,12.450,-6.674,-6.628,0.000000
53.919441,-14.549,69.581558,0.001110,12.450,-6.674,-6.628,0.000000
54.106079,-14.191,70.449791,0.001066,12.450,-6.674,-6.628,0.000000
54.293373,-13.789,70.750687,0.001018,12.450,-6.674,-6.628,0.000000
54.481316,-13.362,70.402031,0.000969,12.450,-6.674,-6.628,0.000000
54.669895,-12.951,70.511955,0.000924,12.450,-6.674,-6.628,0.000000
54.859169,-12.546,69.888245,0.000882,12.450,-6.674,-6.628,0.000000
55.049042,-12.096,69.013794,0.000838,12.450,-6.674,-6.628,0.000000
55.239601,-11.706,68.126030,0.000801,12.450,-6.674,-6.628,0.000000
55.430820,-11.329,66.496620,0.000767,12.450,-6.674,-6.628,0.000000
55.622700,-10.999,64.749023,0.000739,12.450,-6.674,-6.628,0.000000
55.815247,-10.620,62.755257,0.000707,12.450,-6.674,-6.628,0.000000
56.008457,-10.318,59.971260,0.000683,12.450,-6.674,-6.628,0.000000
56.202335,-10.020,56.827755,0.000661,12.450,-6.674,-6.628,0.000000
56.396889,-9.772,53.620754,0.000642,12.450,-6.674,-6.628,0.000000
56.592110,-9.586,49.362995,0.000629,12.450,-6.674,-6.628,0.000000
56.788010,-9.433,45.853851,0.000618,12.450,-6.674,-6.628,0.000000
56.984589,-9.341,41.671726,0.000611,12.450,-6.674,-6.628,0.000000
57.181820,-9.375,37.569057,0.000613,12.450,-6.674,-6.628,0.000000
57.379791,-9.436,33.601967,0.000618,12.450,-6.674,-6.628,0.000000
57.578388,-9.635,28.720404,0.000632,12.450,-6.674,-6.628,0.000000
57.777702,-9.875,24.098410,0.000650,12.450,-6.674,-6.628,0.000000
57.977707,-10.167,20.641684,0.000672,12.450,-6.674,-6.628,0.000000
58.178406,-10.543,17.404657,0.000702,12.450,-6.674,-6.628,0.000000
58.379795,-10.907,14.722194,0.000732,12.450,-6.674,-6.628,0.000000
58.581886,-11.477,11.858679,0.000782,12.450,-6.674,-6.628,0.000000
58.784672,-12.030,9.877926,0.000833,12.450,-6.674,-6.628,0.000000
58.988163,-12.671,8.011759,0.000897,12.450,-6.674,-6.628,0.000000
59.192356,-13.261,7.160306,0.000961,12.450,-6.674,-6.628,0.000000
59.397259,-13.973,7.718625,0.001043,12.450,-6.674,-6.628,0.000000
59.602867,-14.526,8.064505,0.001112,12.450,-6.674,-6.628,0.000000
59.809193,-15.141,9.048460,0.001193,12.450,-6.674,-6.628,0.000000
60.016228,-15.889,12.080995,0.001301,12.450,-6.674,-6.628,0.000000
60.223953,-16.424,14.812593,0.001384,12.450,-6.674,-6.628,0.000000
60.432423,-16.759,18.003790,0.001438,12.450,-6.674,-6.628,0.000000
60.641617,-17.127,22.314072,0.001501,12.450,-6.674,-6.628,0.000000
60.851536,-17.426,27.350458,0.001554,12.450,-6.674,-6.628,0.000000
61.062180,-17.479,31.560913,0.001564,12.450,-6.674,-6.628,0.000000
61.273556,-17.277,36.883259,0.001528,12.450,-6.674,-6.628,0.000000
61.485661,-17.054,40.926453,0.001490,12.450,-6.674,-6.628,0.000000
61.698502,-16.498,46.264515,0.001397,12.450,-6.674,-6.628,0.000000
61.912075,-15.709,49.590607,0.001276,12.450,-6.674,-6.628,0.000000
62.126392,-15.072,51.772102,0.001186,12.450,-6.674,-6.628,0.000000
62.341450,-14.340,54.350918,0.001090,12.450,-6.674,-6.628,0.000000
62.557251,-13.399,55.516941,0.000979,12.450,-6.674,-6.628,0.000000
62.773800,-12.676,55.750069,0.000901,12.450,-6.674,-6.628,0.000000
62.991070,-11.629,55.111195,0.000799,12.450,-6.674,-6.628,0.000000
63.209152,-10.951,53.259068,0.000739,12.446,-6.624,-6.578,0.000000
63.427925,-10.455,51.265770,0.000698,12.441,-6.572,-6.525,0.000000
63.647522,-9.762,47.301846,0.000644,12.437,-6.520,-6.473,0.000000
63.867813,-9.389,44.567345,0.000617,12.432,-6.468,-6.420,0.000000
64.088898,-9.123,40.479401,0.000599,12.427,-6.415,-6.367,0.000000
64.310753,-8.833,36.448837,0.000579,12.422,-6.362,-6.313,0.000000
64.533371,-8.672,32.704643,0.000569,12.418,-6.309,-6.260,0.000000
64.756760,-8.547,28.933479,0.000561,12.413,-6.256,-6.206,0.000000
64.980919,-8.461,25.660526,0.000555,12.408,-6.203,-6.153,0.000000
65.205864,-8.483,22.305357,0.000557,12.403,-6.149,-6.099,0.000000
65.431580,-8.529,19.693720,0.000560,12.398,-6.095,-6.044,0.000000
65.658081,-8.559,17.929897,0.000562,12.393,-6.041,-5.990,0.000000
65.885361,-8.454,15.466881,0.000555,12.389,-5.987,-5.935,0.000000
66.113434,-8.428,13.986462,0.000554,12.384,-5.933,-5.881,0.000000
66.342262,-8.291,11.932155,0.000545,12.379,-5.878,-5.826,0.000000
66.571945,-8.118,10.622572,0.000535,12.374,-5.824,-5.771,0.000000
66.802353,-7.988,7.251221,0.000527,12.369,-5.769,-5.715,0.000000
67.033600,-7.895,6.066982,0.000521,12.364,-5.714,-5.660,0.000000
67.265648,-7.640,4.343380,0.000506,12.359,-5.658,-5.604,0.000000
67.498489,-7.436,2.688470,0.000494,12.354,-5.603,-5.548,0.000000
67.732147,-7.161,-1.113122,0.000479,12.349,-5.547,-5.492,0.000000
67.966606,-7.180,-3.165263,0.000480,12.344,-5.492,-5.436,0.000000
68.201881,-7.135,-5.087923,0.000478,12.339,-5.436,-5.379,0.000000
68.437973,-7.172,-6.693336,0.000480,12.334,-5.379,-5.323,0.000000
68.674881,-7.292,-9.535653,0.000487,12.329,-5.323,-5.266,0.000000
68.912605,-7.366,-10.928627,0.000491,12.324,-5.266,-5.209,0.000000
69.151154,-7.373,-12.658439,0.000491,12.319,-5.210,-5.151,0.000000
69.390495,-7.623,-14.940340,0.000506,12.313,-5.153,-5.094,0.000000
69.630730,-7.769,-16.547844,0.000515,12.308,-5.095,-5.036,0.000000
69.871735,-7.966,-17.642246,0.000527,12.303,-5.038,-4.978,0.000000
70.113640,-7.958,-19.048094,0.000526,12.298,-4.980,-4.920,0.000000
70.356308,-8.069,-21.595278,0.000533,12.293,-4.923,-4.862,0.000000
70.599854,-8.124,-24.184072,0.000536,12.288,-4.865,-4.804,0.000000
70.844246,-8.132,-25.508339,0.000537,12.282,-4.806,-4.745,0.000000
71.089478,-8.177,-27.437532,0.000540,12.277,-4.748,-4.686,0.000000
71.335564,-8.212,-29.527523,0.000542,12.272,-4.689,-4.627,0.000000
71.582504,-8.180,-31.369328,0.000540,12.267,-4.631,-4.568,0.000000
71.830292,-8.280,-33.275738,0.000547,12.261,-4.572,-4.508,0.000000
72.078941,-8.366,-35.671963,0.000552,12.256,-4.512,-4.449,0.000000
72.328453,-8.447,-37.558056,0.000557,12.251,-4.453,-4.389,0.000000
72.578827,-8.532,-39.518902,0.000563,12.245,-4.393,-4.329,0.000000
72.830063,-8.624,-41.231411,0.000569,12.240,-4.334,-4.268,0.000000
73.082176,-8.632,-42.719444,0.000570,12.234,-4.274,-4.208,0.000000
73.335159,-8.771,-45.094212,0.000579,12.229,-4.213,-4.147,0.000000
73.588982,-8.921,-46.920132,0.000589,12.224,-4.153,-4.086,0.000000
73.843719,-9.065,-49.014599,0.000599,12.218,-4.092,-4.025,0.000000
74.099335,-9.181,-50.350456,0.000607,12.213,-4.031,-3.963,0.000000
74.355843,-9.267,-51.623512,0.000613,12.207,-3.970,-3.902,0.000000
74.613228,-9.454,-53.375103,0.000627,12.202,-3.909,-3.840,0.000000
74.871513,-9.614,-54.918549,0.000639,12.196,-3.847,-3.778,0.000000
75.130692,-9.749,-55.973759,0.000649,12.190,-3.786,-3.716,0.000000
75.390762,-9.962,-57.674110,0.000665,12.185,-3.724,-3.653,0.000000
75.651733,-10.184,-58.339504,0.000682,12.179,-3.662,-3.591,0.000000
75.913612,-10.372,-59.655319,0.000697,12.174,-3.599,-3.528,0.000000
76.176399,-10.601,-60.439121,0.000715,12.168,-3.537,-3.465,0.000000
76.440094,-10.769,-61.662193,0.000729,12.162,-3.474,-3.402,0.000000
76.704697,-10.942,-62.709076,0.000744,12.157,-3.411,-3.338,0.000000
76.970184,-11.067,-63.411724,0.000755,12.151,-3.348,-3.274,0.000000
77.236664,-11.214,-64.284210,0.000768,12.145,-3.284,-3.210,0.000000
77.503990,-11.388,-65.251717,0.000784,12.140,-3.221,-3.146,0.000000
77.772278,-11.546,-65.485748,0.000798,12.134,-3.157,-3.082,0.000000
78.041496,-11.635,-66.761833,0.000807,12.128,-3.093,-3.017,0.000000
78.311646,-11.776,-67.326347,0.000820,12.122,-3.028,-2.952,0.000000
78.582733,-11.918,-68.211975,0.000834,12.116,-2.964,-2.887,0.000000
78.854752,-12.061,-68.886314,0.000847,12.111,-2.899,-2.822,0.000000
79.127716,-12.176,-69.808228,0.000859,12.105,-2.834,-2.756,0.000000
79.401627,-12.343,-70.102104,0.000875,12.099,-2.769,-2.691,0.000000
79.676483,-12.504,-71.200272,0.000892,12.093,-2.703,-2.625,0.000000
79.952293,-12.646,-72.215515,0.000906,12.087,-2.638,-2.558,0.000000
80.229057,-12.872,-73.386124,0.000930,12.081,-2.572,-2.492,0.000000
80.506744,-12.994,-73.810043,0.000943,12.075,-2.506,-2.425,0.000000
80.785469,-13.143,-74.919395,0.000960,12.069,-2.439,-2.358,0.000000
81.065079,-13.325,-76.077049,0.000980,12.063,-2.373,-2.291,0.000000
81.345734,-13.443,-76.821159,0.000994,12.057,-2.306,-2.224,0.000000
81.627281,-13.624,-78.018028,0.001014,12.051,-2.239,-2.156,0.000000
81.909843,-13.824,-79.581604,0.001038,12.045,-2.172,-2.088,0.000000
82.193382,-14.097,-80.439957,0.001071,12.039,-2.104,-2.020,0.000000
82.477905,-14.402,-81.151367,0.001110,12.033,-2.036,-1.952,0.000000
82.763412,-14.830,-82.598457,0.001166,12.027,-1.968,-1.883,0.000000
83.049904,-15.280,-83.794502,0.001228,12.021,-1.900,-1.815,0.000000
83.337395,-15.712,-83.908859,0.001290,12.015,-1.832,-1.746,0.000000
83.625877,-16.247,-83.166336,0.001372,12.008,-1.763,-1.676,0.000000
83.915352,-16.816,-80.918671,0.001465,12.002,-1.694,-1.607,0.000000
84.205795,-17.445,-77.705582,0.001575,11.996,-1.625,-1.537,0.000000
84.497330,-18.003,-74.655830,0.001679,11.990,-1.555,-1.467,0.000000
84.789780,-18.354,-70.248970,0.001749,11.983,-1.486,-1.397,0.000000
85.083336,-18.721,-65.014641,0.001824,11.977,-1.416,-1.327,0.000000
85.377815,-18.765,-58.756382,0.001834,11.971,-1.346,-1.256,0.000000
85.673363,-18.733,-53.213352,0.001827,11.965,-1.275,-1.185,0.000000
85.969933,-18.542,-48.121964,0.001787,11.958,-1.205,-1.114,0.000000
86.267525,-18.099,-43.198189,0.001698,11.952,-1.134,-1.042,0.000000
86.566154,-17.467,-39.439785,0.001579,11.945,-1.063,-0.971,0.000000
86.865814,-16.774,-35.269665,0.001458,11.939,-0.992,-0.899,0.000000
87.166504,-16.053,-32.312298,0.001342,11.933,-0.920,-0.826,0.000000
87.468246,-15.362,-30.563999,0.001239,11.926,-0.848,-0.754,0.000000
87.771027,-14.695,-29.417099,0.001148,11.920,-0.776,-0.681,0.000000
88.074852,-13.866,-29.216782,0.001043,11.913,-0.704,-0.608,0.000000
88.379738,-13.201,-29.238884,0.000966,11.907,-0.631,-0.535,0.000000
88.685677,-12.484,-28.744703,0.000890,11.900,-0.558,-0.462,0.000000
88.992668,-11.759,-30.406153,0.000818,11.893,-0.485,-0.388,0.000000
89.300682,-11.365,-31.599667,0.000782,11.887,-0.412,-0.314,0.000000
89.609810,-10.902,-33.345295,0.000741,11.880,-0.338,-0.240,0.000000
89.920006,-10.426,-35.256779,0.000702,11.874,-0.264,-0.165,0.000000
90.231270,-10.007,-37.296146,0.000669,11.867,-0.190,-0.091,0.000000
90.543617,-9.605,-39.793255,0.000638,11.860,-0.116,-0.016,0.000000
90.857048,-9.246,-42.129639,0.000612,11.853,-0.041,0.060,0.000000
91.171562,-8.961,-44.594440,0.000593,11.847,0.034,0.135,0.000000
91.487160,-8.792,-47.490665,0.000581,11.840,0.109,0.211,0.000000
91.803856,-8.524,-50.009933,0.000563,11.833,0.184,0.287,0.000000
92.121643,-8.301,-51.871765,0.000549,11.826,0.260,0.363,0.000000
92.440536,-8.040,-54.472546,0.000533,11.820,0.336,0.440,0.000000
92.760529,-7.899,-56.512905,0.000524,11.813,0.412,0.517,0.000000
93.081627,-7.765,-59.136501,0.000516,11.806,0.489,0.594,0.000000
93.403793,-7.652,-60.917385,0.000510,11.799,0.565,0.671,0.000000
93.727173,-7.509,-62.790543,0.000501,11.792,0.642,0.749,0.000000
94.051575,-7.387,-64.630974,0.000494,11.785,0.719,0.827,0.000000
94.377190,-7.283,-66.382324,0.000488,11.778,0.797,0.905,0.000000
94.703842,-7.119,-67.995506,0.000479,11.771,0.875,0.983,0.000000
95.031670,-6.945,-69.963226,0.000469,11.764,0.953,1.062,0.000000
95.360634,-6.826,-71.348221,0.000463,11.757,1.031,1.141,0.000000
95.690735,-6.623,-73.192406,0.000452,11.750,1.110,1.220,0.000000
96.021980,-6.436,-74.825409,0.000442,11.743,1.189,1.300,0.000000
96.354370,-6.246,-76.562218,0.000433,11.736,1.268,1.379,0.000000
96.687912,-6.069,-78.441711,0.000424,11.728,1.347,1.459,0.000000
97.022606,-5.874,-80.734634,0.000415,11.721,1.427,1.540,0.000000
97.358459,-5.688,-82.779785,0.000406,11.714,1.507,1.620,0.000000
97.695435,-5.529,-84.986389,0.000399,11.707,1.587,1.701,0.000000
98.033661,-5.335,-87.509224,0.000390,11.700,1.668,1.783,0.000000
98.372971,-5.156,-90.198242,0.000382,11.692,1.748,1.864,0.000000
98.713547,-5.051,-92.280869,0.000377,11.685,1.830,1.946,0.000000
99.055214,-4.903,-95.084587,0.000371,11.678,1.911,2.028,0.000000
99.398102,-4.749,-98.043007,0.000364,11.670,1.993,2.110,0.000000
99.742180,-4.657,-100.716370,0.000360,11.663,2.074,2.193,0.000000
100.087448,-4.513,-103.835808,0.000354,11.656,2.157,2.276,0.000000
100.433914,-4.444,-106.822899,0.000351,11.648,2.239,2.359,0.000000
100.781578,-4.385,-110.251404,0.000349,11.641,2.322,2.442,0.000000
101.130447,-4.384,-113.489777,0.000349,11.633,2.405,2.526,0.000000
101.480522,-4.394,-117.236984,0.000349,11.626,2.488,2.610,0.000000
101.831802,-4.449,-121.027847,0.000351,11.618,2.572,2.694,0.000000
102.184258,-4.557,-124.803726,0.000356,11.611,2.656,2.779,0.000000
102.538033,-4.709,-128.182297,0.000362,11.603,2.740,2.864,0.000000
102.892975,-4.893,-131.862411,0.000370,11.596,2.825,2.949,0.000000
103.249153,-5.182,-135.304581,0.000382,11.588,2.909,3.035,0.000000
103.606514,-5.474,-138.327316,0.000395,11.580,2.995,3.120,0.000000
103.965157,-5.824,-141.104782,0.000411,11.573,3.080,3.207,0.000000
104.325050,-6.202,-143.696991,0.000430,11.565,3.166,3.293,0.000000
104.686180,-6.644,-145.932648,0.000452,11.557,3.252,3.380,0.000000
105.048561,-7.011,-147.554718,0.000472,11.549,3.338,3.467,0.000000
105.412201,-7.441,-149.143616,0.000496,11.542,3.425,3.554,0.000000
105.777100,-7.877,-150.194473,0.000521,11.534,3.511,3.642,0.000000
106.143257,-8.335,-150.986069,0.000549,11.526,3.599,3.729,0.000000
106.510689,-8.773,-151.280792,0.000577,11.518,3.686,3.818,0.000000
106.879387,-9.186,-151.388824,0.000605,11.510,3.774,3.906,0.000000
107.249359,-9.577,-151.101349,0.000633,11.502,3.862,3.995,0.000000
107.620613,-9.886,-150.324097,0.000656,11.494,3.950,4.084,0.000000
107.993156,-10.128,-149.237030,0.000674,11.486,4.039,4.174,0.000000
108.366936,-10.317,-147.853638,0.000689,11.478,4.128,4.263,0.000000
108.742065,-10.426,-146.700699,0.000698,11.470,4.217,4.353,0.000000
109.118484,-10.473,-145.477875,0.000701,11.462,4.307,4.444,0.000000
109.496208,-10.418,-144.548019,0.000697,11.454,4.397,4.534,0.000000
109.875244,-10.318,-144.289307,0.000689,11.446,4.487,4.625,0.000000
110.255592,-10.148,-143.953918,0.000675,11.438,4.578,4.717,0.000000
110.637253,-9.928,-144.398849,0.000658,11.430,4.669,4.808,0.000000
111.020241,-9.777,-145.389755,0.000647,11.421,4.760,4.900,0.000000
111.404549,-9.617,-146.716858,0.000635,11.413,4.851,4.993,0.000000
111.790184,-9.554,-148.331360,0.000630,11.405,4.943,5.085,0.000000
112.177162,-9.545,-150.332932,0.000629,11.397,5.035,5.178,0.000000
112.565475,-9.589,-152.491379,0.000633,11.388,5.128,5.271,0.000000
112.955132,-9.708,-154.718903,0.000641,11.380,5.221,5.365,0.000000
113.346085,-9.919,-156.536423,0.000657,11.371,5.314,5.459,0.000000
113.738503,-10.183,-158.193726,0.000677,11.363,5.407,5.553,0.000000
114.132164,-10.475,-159.454315,0.000700,11.355,5.501,5.647,0.000000
114.527306,-10.861,-160.817307,0.000732,11.346,5.595,5.742,0.000000
114.923698,-11.185,-161.356445,0.000760,11.338,5.689,5.837,0.000000
115.321518,-11.513,-161.480011,0.000789,11.329,5.784,5.933,0.000000
115.720718,-11.843,-161.099869,0.000820,11.321,5.879,6.029,0.000000
116.121300,-12.163,-160.549484,0.000851,11.312,5.974,6.125,0.000000
116.523270,-12.417,-159.643753,0.000876,11.303,6.070,6.221,0.000000
116.926628,-12.613,-158.592499,0.000896,11.295,6.166,6.318,0.000000
117.331383,-12.783,-157.295502,0.000913,11.286,6.263,6.415,0.000000
117.737541,-12.916,-156.020142,0.000928,11.277,6.359,6.513,0.000000
118.145103,-12.969,-154.525696,0.000933,11.269,6.456,6.611,0.000000
118.554016,-13.041,-152.935364,0.000941,11.260,6.554,6.709,0.000000
118.964462,-12.995,-151.805038,0.000936,11.251,6.651,6.808,0.000000
119.376213,-12.958,-150.719711,0.000932,11.242,6.749,6.906,0.000000
119.789505,-12.888,-149.456268,0.000924,11.233,6.848,7.006,0.000000
120.204117,-12.779,-148.516724,0.000912,11.225,6.947,7.105,0.000000
120.620216,-12.653,-147.910706,0.000899,11.216,7.046,7.205,0.000000
121.037758,-12.496,-147.126740,0.000883,11.207,7.145,7.305,0.000000
121.456741,-12.375,-146.907990,0.000871,11.198,7.245,7.406,0.000000
121.877174,-12.201,-146.534576,0.000853,11.189,7.345,7.507,0.000000
122.299072,-12.049,-146.303268,0.000838,11.180,7.445,7.608,0.000000
122.722420,-11.879,-146.131134,0.000822,11.171,7.546,7.710,0.000000
123.147240,-11.682,-146.170990,0.000804,11.161,7.647,7.812,0.000000
123.573532,-11.463,-146.384933,0.000784,11.152,7.749,7.914,0.000000
124.001297,-11.282,-146.617615,0.000768,11.143,7.851,8.017,0.000000
124.430542,-11.116,-146.939713,0.000753,11.134,7.953,8.120,0.000000
124.861267,-10.925,-147.299622,0.000737,11.125,8.055,8.223,0.000000
125.293488,-10.757,-147.780945,0.000723,11.118,8.114,8.283,0.000000
125.727150,-10.558,-148.442291,0.000706,11.111,8.152,8.322,0.000000
126.162369,-10.385,-149.301987,0.000692,11.105,8.191,8.362,0.000000
126.599091,-10.266,-149.897217,0.000683,11.099,8.229,8.401,0.000000
127.037331,-10.131,-150.778961,0.000672,11.093,8.267,8.441,0.000000
127.477089,-9.994,-151.761780,0.000662,11.087,8.306,8.481,0.000000
127.918365,-9.879,-152.630249,0.000653,11.080,8.345,8.521,0.000000
128.361160,-9.775,-153.411270,0.000645,11.074,8.384,8.561,0.000000
128.805511,-9.667,-154.546951,0.000637,11.068,8.423,8.601,0.000000
129.251373,-9.532,-155.460068,0.000628,11.061,8.462,8.641,0.000000
129.698792,-9.444,-156.404800,0.000621,11.055,8.501,8.682,0.000000
130.147766,-9.354,-157.184479,0.000615,11.049,8.541,8.722,0.000000
130.598282,-9.256,-158.011230,0.000608,11.042,8.580,8.763,0.000000
131.050369,-9.165,-158.844315,0.000602,11.036,8.620,8.804,0.000000
131.503952,-9.062,-159.579254,0.000594,11.030,8.660,8.845,0.000000
131.959229,-8.971,-160.481873,0.000588,11.023,8.700,8.886,0.000000
132.415955,-8.845,-161.439682,0.000580,11.017,8.740,8.927,0.000000
132.874329,-8.731,-162.483780,0.000572,11.010,8.780,8.969,0.000000
133.334290,-8.650,-163.569092,0.000567,11.004,8.821,9.011,0.000000
133.795853,-8.547,-164.841354,0.000560,10.997,8.861,9.052,0.000000
134.259003,-8.437,-166.027222,0.000553,10.990,8.902,9.094,0.000000
134.723755,-8.331,-167.123215,0.000547,10.984,8.943,9.136,0.000000
135.190109,-8.213,-168.346725,0.000539,10.977,8.984,9.178,0.000000
135.658081,-8.096,-169.493088,0.000532,10.971,9.025,9.221,0.000000
136.127686,-7.949,-170.582794,0.000523,10.964,9.066,9.263,0.000000
136.598907,-7.824,-171.872192,0.000515,10.957,9.107,9.306,0.000000
137.071762,-7.686,-173.049957,0.000507,10.951,9.149,9.349,0.000000
137.546249,-7.530,-174.594437,0.000498,10.944,9.190,9.392,0.000000
138.022385,-7.355,-176.166122,0.000488,10.937,9.232,9.435,0.000000
138.500092,-7.176,-178.023102,0.000478,10.930,9.274,9.478,0.000000
138.979599,-7.035,179.588333,0.000471,10.924,9.316,9.521,0.000000
139.460617,-6.921,177.391602,0.000465,10.917,9.359,9.565,0.000000
139.943375,-6.840,174.937744,0.000460,10.910,9.401,9.608,0.000000
140.427811,-6.795,171.880539,0.000458,10.903,9.444,9.652,0.000000
140.913925,-6.788,168.886642,0.000458,10.896,9.486,9.696,0.000000
141.401703,-6.805,166.080841,0.000458,10.889,9.529,9.740,0.000000
141.891190,-6.900,162.801880,0.000463,10.882,9.572,9.785,0.000000
142.382355,-7.034,159.968124,0.000471,10.875,9.615,9.829,0.000000
142.875229,-7.259,156.664307,0.000483,10.868,9.659,9.874,0.000000
143.369812,-7.507,153.890869,0.000497,10.861,9.702,9.918,0.000000
143.866104,-7.837,151.240204,0.000516,10.854,9.746,9.963,0.000000
144.364120,-8.224,148.697372,0.000540,10.847,9.789,10.008,0.000000
144.863785,-8.629,146.828033,0.000566,10.840,9.833,10.054,0.000000
145.365311,-9.106,145.113251,0.000597,10.833,9.877,10.099,0.000000
145.868439,-9.627,144.333298,0.000634,10.826,9.921,10.144,0.000000
146.373383,-10.162,143.953568,0.000675,10.819,9.966,10.190,0.000000
146.880066,-10.705,144.287079,0.000718,10.812,10.010,10.236,0.000000
147.388504,-11.245,145.373856,0.000764,10.804,10.055,10.282,0.000000
147.898712,-11.726,146.743896,0.000808,10.797,10.100,10.328,0.000000
148.410675,-12.117,148.850403,0.000845,10.790,10.145,10.374,0.000000
148.924423,-12.487,151.906235,0.000882,10.783,10.190,10.421,0.000000
149.439941,-12.720,155.033127,0.000906,10.775,10.235,10.468,0.000000
149.957245,-12.859,158.294510,0.000920,10.768,10.281,10.514,0.000000
150.476334,-12.845,161.784012,0.000919,10.761,10.326,10.561,0.000000
150.997238,-12.693,164.795563,0.000903,10.753,10.372,10.608,0.000000
151.519852,-12.422,167.823807,0.000875,10.746,10.418,10.656,0.000000
152.044434,-12.115,169.972427,0.000845,10.738,10.464,10.703,0.000000
152.570679,-11.646,172.461594,0.000800,10.731,10.510,10.751,0.000000
153.098892,-11.215,174.417282,0.000762,10.723,10.557,10.799,0.000000
153.628784,-10.735,175.254517,0.000721,10.716,10.603,10.847,0.000000
154.160660,-10.252,175.754227,0.000682,10.708,10.650,10.895,0.000000
154.694229,-9.753,175.784027,0.000644,10.701,10.697,10.943,0.000000
155.229797,-9.287,175.316696,0.000610,10.693,10.744,10.991,0.000000
155.767075,-8.857,174.390411,0.000581,10.685,10.791,11.040,0.000000
156.306274,-8.435,173.298401,0.000553,10.678,10.838,11.089,0.000000
156.847351,-8.049,171.778381,0.000529,10.670,10.886,11.138,0.000000
157.390305,-7.708,169.868301,0.000509,10.662,10.933,11.187,0.000000
157.935120,-7.384,167.808456,0.000490,10.655,10.981,11.236,0.000000
158.481750,-7.094,165.715988,0.000474,10.647,11.029,11.286,0.000000
159.030441,-6.836,163.487228,0.000460,10.639,11.078,11.335,0.000000
159.580856,-6.602,161.228043,0.000448,10.631,11.126,11.385,0.000000
160.133347,-6.405,158.960953,0.000438,10.624,11.174,11.435,0.000000
160.687592,-6.234,156.927399,0.000430,10.616,11.223,11.485,0.000000
161.243912,-6.073,154.548996,0.000422,10.608,11.272,11.536,0.000000
161.801987,-5.930,151.984467,0.000415,10.600,11.321,11.586,0.000000
162.362167,-5.769,149.407684,0.000407,10.592,11.370,11.637,0.000000
162.924133,-5.644,146.929672,0.000402,10.584,11.419,11.688,0.000000
163.488113,-5.539,144.450180,0.000397,10.576,11.469,11.739,0.000000
164.054047,-5.443,141.807785,0.000392,10.568,11.519,11.790,0.000000
164.621933,-5.372,138.808060,0.000389,10.560,11.569,11.841,0.000000
165.191788,-5.360,135.976395,0.000389,10.552,11.619,11.893,0.000000
165.763535,-5.360,133.311310,0.000389,10.544,11.669,11.944,0.000000
166.337433,-5.420,130.389343,0.000391,10.536,11.719,11.996,0.000000
166.913147,-5.491,127.835747,0.000395,10.527,11.770,12.048,0.000000
167.491013,-5.611,125.147530,0.000400,10.519,11.821,12.101,0.000000
168.070801,-5.711,123.134102,0.000405,10.511,11.872,12.153,0.000000
168.652603,-5.833,121.109070,0.000411,10.503,11.923,12.206,0.000000
169.236328,-6.011,118.846626,0.000419,10.495,11.974,12.259,0.000000
169.822250,-6.162,117.081169,0.000426,10.486,12.025,12.312,0.000000
170.410019,-6.300,115.512321,0.000433,10.478,12.077,12.365,0.000000
170.999924,-6.428,114.066933,0.000440,10.469,12.129,12.418,0.000000
171.591858,-6.553,112.883400,0.000446,10.461,12.181,12.472,0.000000
172.185837,-6.641,111.566643,0.000451,10.453,12.233,12.525,0.000000
172.781876,-6.734,110.241837,0.000456,10.444,12.285,12.579,0.000000
173.379990,-6.836,108.957260,0.000461,10.436,12.338,12.633,0.000000
173.980164,-6.909,108.027069,0.000465,10.427,12.391,12.688,0.000000
174.582336,-6.915,106.935951,0.000465,10.419,12.443,12.742,0.000000
175.186752,-6.914,105.607857,0.000465,10.410,12.497,12.797,0.000000
175.793182,-6.914,103.984856,0.000465,10.402,12.550,12.852,0.000000
176.401703,-6.890,102.445091,0.000464,10.393,12.603,12.907,0.000000
177.012253,-6.904,100.830338,0.000465,10.384,12.657,12.962,0.000000
177.625092,-6.928,98.726059,0.000466,10.376,12.711,13.018,0.000000
178.239883,-6.957,96.726242,0.000468,10.367,12.765,13.073,0.000000
178.856964,-6.987,94.383247,0.000470,10.358,12.819,13.129,0.000000
179.476013,-7.074,92.225174,0.000474,10.349,12.873,13.185,0.000000
180.097290,-7.222,90.141495,0.000483,10.340,12.928,13.241,0.000000
180.720718,-7.387,87.769043,0.000492,10.332,12.983,13.298,0.000000
181.346298,-7.594,85.600563,0.000504,10.323,13.038,13.354,0.000000
181.974045,-7.827,83.613297,0.000517,10.314,13.093,13.411,0.000000
182.603882,-8.078,81.714981,0.000532,10.305,13.148,13.468,0.000000
183.236084,-8.359,79.965904,0.000550,10.296,13.204,13.525,0.000000
183.870377,-8.681,78.315392,0.000570,10.287,13.259,13.583,0.000000
184.506866,-9.010,77.299637,0.000592,10.278,13.315,13.640,0.000000
185.145462,-9.343,76.180206,0.000615,10.269,13.371,13.698,0.000000
185.786453,-9.675,75.214798,0.000639,10.260,13.428,13.756,0.000000
186.429489,-9.991,74.709419,0.000663,10.251,13.484,13.814,0.000000
187.074921,-10.358,74.379341,0.000692,10.242,13.541,13.872,0.000000
187.722412,-10.650,74.731735,0.000715,10.232,13.598,13.931,0.000000
188.372238,-10.943,75.218666,0.000740,10.223,13.655,13.990,0.000000
189.024307,-11.205,75.615562,0.000762,10.214,13.712,14.049,0.000000
189.678650,-11.474,76.485031,0.000786,10.205,13.769,14.108,0.000000
190.335236,-11.678,77.287857,0.000804,10.195,13.827,14.167,0.000000
190.994110,-11.865,78.343666,0.000822,10.186,13.885,14.227,0.000000
191.655258,-12.020,79.621841,0.000836,10.177,13.943,14.287,0.000000
192.318695,-12.057,81.033112,0.000839,10.167,14.001,14.347,0.000000
192.984421,-12.006,82.304466,0.000834,10.158,14.060,14.407,0.000000
193.652374,-11.989,82.965233,0.000832,10.148,14.118,14.468,0.000000
194.322815,-11.889,83.850235,0.000822,10.139,14.177,14.528,0.000000
194.995392,-11.802,84.491020,0.000814,10.129,14.236,14.589,0.000000
195.670486,-11.651,84.781372,0.000800,10.120,14.296,14.650,0.000000
196.347733,-11.496,85.058327,0.000785,10.110,14.355,14.711,0.000000
197.027405,-11.311,85.261772,0.000768,10.100,14.415,14.773,0.000000
197.709442,-11.116,85.269203,0.000751,10.091,14.475,14.835,0.000000
198.393829,-10.999,84.727135,0.000741,10.081,14.535,14.896,0.000000
199.080597,-10.872,84.274956,0.000730,10.071,14.595,14.959,0.000000
199.769745,-10.737,83.867393,0.000718,10.062,14.656,15.021,0.000000
200.461258,-10.607,83.052010,0.000707,10.052,14.716,15.083,0.000000
201.155182,-10.520,82.482658,0.000700,10.042,14.777,15.146,0.000000
201.851501,-10.390,81.979240,0.000689,10.032,14.839,15.209,0.000000
202.550232,-10.280,81.418709,0.000680,10.022,14.900,15.272,0.000000
203.251389,-10.175,80.854187,0.000672,10.012,14.962,15.336,0.000000
203.954865,-10.069,80.267174,0.000663,10.002,15.023,15.400,0.000000
204.660980,-9.928,79.944992,0.000652,9.992,15.085,15.463,0.000000
205.369339,-9.791,79.847008,0.000642,9.982,15.148,15.528,0.000000
206.080246,-9.615,79.458839,0.000629,9.972,15.210,15.592,0.000000
206.793625,-9.377,79.307350,0.000611,9.962,15.273,15.656,0.000000
207.509567,-9.096,78.865746,0.000591,9.952,15.336,15.721,0.000000
208.227783,-8.813,78.320366,0.000572,9.942,15.399,15.786,0.000000
208.948685,-8.493,77.565430,0.000551,9.931,15.462,15.851,0.000000
209.671890,-8.130,76.518593,0.000528,9.921,15.525,15.917,0.000000
210.397690,-7.771,75.287689,0.000506,9.911,15.589,15.982,0.000000
211.126007,-7.419,73.700279,0.000486,9.901,15.653,16.048,0.000000
211.856842,-7.010,71.636040,0.000463,9.890,15.717,16.114,0.000000
212.590210,-6.643,69.395508,0.000444,9.880,15.782,16.181,0.000000
213.326019,-6.307,66.716515,0.000427,9.869,15.846,16.247,0.000000
214.064575,-5.963,63.533249,0.000410,9.859,15.911,16.314,0.000000
214.805481,-5.663,60.283478,0.000396,9.848,15.976,16.381,0.000000
215.549057,-5.388,56.840576,0.000383,9.838,16.042,16.448,0.000000
216.295197,-5.146,53.202850,0.000373,9.827,16.107,16.516,0.000000
217.044037,-4.929,49.088821,0.000363,9.817,16.173,16.584,0.000000
217.795258,-4.759,44.996315,0.000356,9.806,16.239,16.652,0.000000
218.549286,-4.615,40.714336,0.000350,9.795,16.305,16.720,0.000000
219.305710,-4.519,35.603416,0.000346,9.785,16.372,16.788,0.000000
220.064865,-4.478,31.028088,0.000344,9.774,16.438,16.857,0.000000
220.826645,-4.510,25.987404,0.000345,9.763,16.505,16.926,0.000000
221.591064,-4.593,21.165829,0.000348,9.752,16.572,16.995,0.000000
222.358124,-4.762,16.081476,0.000355,9.741,16.640,17.065,0.000000
223.127731,-4.999,11.128231,0.000364,9.730,16.707,17.134,0.000000
223.900223,-5.309,6.398802,0.000377,9.719,16.775,17.204,0.000000
224.675171,-5.662,2.173346,0.000393,9.708,16.843,17.274,0.000000
225.453018,-6.124,-1.966732,0.000414,9.697,16.912,17.345,0.000000
226.233337,-6.626,-5.377860,0.000438,9.686,16.980,17.415,0.000000
227.016586,-7.156,-8.362701,0.000466,9.675,17.049,17.486,0.000000
227.802322,-7.712,-10.544304,0.000496,9.664,17.118,17.557,0.000000
228.590988,-8.294,-12.390572,0.000530,9.653,17.187,17.628,0.000000
229.382187,-8.808,-13.458962,0.000562,9.642,17.257,17.700,0.000000
230.176208,-9.349,-14.157061,0.000598,9.630,17.326,17.772,0.000000
230.972992,-9.845,-14.329746,0.000633,9.619,17.396,17.844,0.000000
231.772537,-10.306,-14.176734,0.000667,9.608,17.467,17.916,0.000000
232.574844,-10.700,-13.559574,0.000698,9.596,17.537,17.989,0.000000
233.379822,-10.993,-12.549431,0.000721,9.585,17.608,18.062,0.000000
234.187805,-11.212,-11.474395,0.000739,9.574,17.679,18.135,0.000000
234.998352,-11.302,-10.405366,0.000747,9.562,17.750,18.208,0.000000
235.811935,-11.307,-9.507289,0.000747,9.550,17.821,18.282,0.000000
236.628113,-11.249,-8.977398,0.000741,9.539,17.893,18.356,0.000000
237.447342,-11.129,-8.909920,0.000731,9.527,17.965,18.430,0.000000
238.269180,-10.955,-9.295545,0.000716,9.516,18.037,18.504,0.000000
239.094101,-10.756,-10.179090,0.000700,9.504,18.110,18.579,0.000000
239.921631,-10.566,-11.754674,0.000684,9.492,18.182,18.653,0.000000
240.752151,-10.441,-13.607060,0.000674,9.480,18.255,18.729,0.000000
241.585541,-10.349,-16.291586,0.000667,9.469,18.329,18.804,0.000000
242.421814,-10.303,-18.946236,0.000663,9.457,18.402,18.880,0.000000
243.260986,-10.322,-21.629272,0.000664,9.445,18.476,18.956,0.000000
244.102951,-10.374,-24.633673,0.000668,9.433,18.550,19.032,0.000000
244.948059,-10.461,-27.120527,0.000675,9.421,18.624,19.108,0.000000
245.795975,-10.609,-29.432711,0.000686,9.409,18.698,19.185,0.000000
246.646820,-10.821,-31.486120,0.000703,9.397,18.773,19.262,0.000000
247.500626,-11.029,-33.470085,0.000720,9.385,18.848,19.339,0.000000
248.357376,-11.269,-35.334396,0.000740,9.373,18.923,19.417,0.000000
249.216980,-11.480,-36.703259,0.000758,9.360,18.999,19.494,0.000000
250.079788,-11.742,-37.910255,0.000781,9.349,19.066,19.563,0.000000
250.945343,-11.960,-39.239868,0.000800,9.348,19.044,19.540,0.000000
251.814026,-12.215,-40.479900,0.000824,9.348,19.023,19.517,0.000000
252.685715,-12.444,-41.373688,0.000846,9.347,19.002,19.494,0.000000
253.560410,-12.651,-42.255890,0.000866,9.346,18.980,19.471,0.000000
254.438141,-12.841,-43.399586,0.000885,9.345,18.959,19.448,0.000000
255.318909,-13.020,-44.209217,0.000903,9.345,18.937,19.425,0.000000
256.202728,-13.204,-44.968773,0.000923,9.344,18.915,19.402,0.000000
257.089600,-13.376,-45.367161,0.000941,9.343,18.894,19.378,0.000000
257.979553,-13.533,-45.845726,0.000958,9.342,18.872,19.355,0.000000
258.872559,-13.692,-46.079235,0.000975,9.342,18.850,19.331,0.000000
259.768677,-13.783,-46.488800,0.000986,9.341,18.828,19.307,0.000000
260.667786,-13.888,-46.817390,0.000998,9.340,18.806,19.284,0.000000
261.570251,-13.957,-46.998955,0.001005,9.339,18.784,19.260,0.000000
262.475555,-13.975,-47.356510,0.001008,9.338,18.761,19.236,0.000000
263.384277,-13.971,-47.807888,0.001007,9.338,18.739,19.212,0.000000
264.295898,-13.992,-48.632565,0.001010,9.337,18.717,19.188,0.000000
265.210785,-13.986,-49.543381,0.001009,9.336,18.694,19.164,0.000000
266.128845,-13.968,-50.744820,0.001007,9.335,18.672,19.140,0.000000
267.050201,-14.017,-52.204708,0.001012,9.334,18.649,19.115,0.000000
267.974518,-14.095,-53.639751,0.001021,9.334,18.626,19.091,0.000000
268.902130,-14.213,-55.286777,0.001035,9.333,18.604,19.066,0.000000
269.832977,-14.400,-56.909428,0.001057,9.332,18.581,19.042,0.000000
270.767029,-14.657,-58.660797,0.001089,9.331,18.558,19.017,0.000000
271.704315,-14.884,-59.782021,0.001118,9.330,18.535,18.992,0.000000
272.644714,-15.209,-60.831230,0.001160,9.329,18.512,18.968,0.000000
273.588654,-15.541,-61.353725,0.001205,9.329,18.489,18.943,0.000000
274.535583,-15.942,-61.313629,0.001262,9.328,18.465,18.918,0.000000
275.486053,-16.271,-60.836998,0.001310,9.327,18.442,18.893,0.000000
276.439545,-16.639,-59.421146,0.001367,9.326,18.419,18.867,0.000000
277.396454,-16.933,-57.571678,0.001413,9.325,18.395,18.842,0.000000
278.356689,-17.119,-54.850456,0.001444,9.324,18.372,18.817,0.000000
279.320404,-17.195,-51.978252,0.001456,9.324,18.348,18.791,0.000000
280.287170,-17.119,-49.304310,0.001444,9.323,18.324,18.766,0.000000
281.257416,-16.906,-46.485622,0.001409,9.322,18.300,18.740,0.000000
282.231018,-16.592,-44.298813,0.001359,9.321,18.277,18.714,0.000000
283.207977,-16.209,-42.529148,0.001300,9.320,18.253,18.689,0.000000
284.188354,-15.826,-41.471806,0.001244,9.319,18.229,18.663,0.000000
285.171967,-15.386,-41.219570,0.001182,9.318,18.204,18.637,0.000000
286.159271,-14.995,-41.430782,0.001130,9.318,18.180,18.611,0.000000
287.149689,-14.621,-42.319614,0.001083,9.317,18.156,18.585,0.000000
288.143829,-14.304,-43.359177,0.001044,9.316,18.131,18.558,0.000000
289.141144,-14.079,-44.572548,0.001017,9.315,18.107,18.532,0.000000
290.142029,-13.909,-45.891411,0.000997,9.314,18.082,18.506,0.000000
291.146393,-13.754,-47.145069,0.000979,9.313,18.058,18.479,0.000000
292.154358,-13.596,-48.139774,0.000961,9.312,18.033,18.453,0.000000
293.165558,-13.460,-48.910061,0.000946,9.311,18.008,18.426,0.000000
294.180389,-13.319,-49.557007,0.000931,9.311,17.983,18.399,0.000000
295.198730,-13.152,-50.407326,0.000913,9.310,17.958,18.372,0.000000
296.220581,-12.982,-51.098431,0.000895,9.309,17.933,18.345,0.000000
297.246002,-12.823,-51.674515,0.000879,9.308,17.908,18.318,0.000000
298.274933,-12.643,-52.420471,0.000860,9.307,17.883,18.291,0.000000
299.307465,-12.473,-52.900948,0.000844,9.306,17.858,18.264,0.000000
300.343414,-12.229,-53.373775,0.000820,9.305,17.832,18.236,0.000000
301.383209,-11.950,-53.982948,0.000794,9.304,17.807,18.209,0.000000
302.426361,-11.618,-54.921581,0.000764,9.303,17.781,18.181,0.000000
303.473389,-11.285,-55.959290,0.000735,9.302,17.755,18.154,0.000000
304.523743,-10.946,-57.261536,0.000707,9.301,17.729,18.126,0.000000
305.578033,-10.610,-58.815571,0.000680,9.301,17.704,18.098,0.000000
306.635681,-10.246,-60.512394,0.000652,9.300,17.678,18.070,0.000000
307.697266,-9.901,-62.556297,0.000627,9.299,17.652,18.042,0.000000
308.762268,-9.566,-65.079086,0.000603,9.298,17.625,18.014,0.000000
309.831085,-9.263,-67.821533,0.000582,9.297,17.599,17.986,0.000000
310.903595,-8.984,-70.881042,0.000563,9.296,17.573,17.958,0.000000
311.979828,-8.759,-74.138306,0.000549,9.295,17.547,17.929,0.000000
313.059784,-8.575,-77.667732,0.000537,9.294,17.520,17.901,0.000000
314.143311,-8.450,-81.153893,0.000529,9.293,17.493,17.872,0.000000
315.230927,-8.399,-84.451981,0.000526,9.292,17.467,17.843,0.000000
316.322113,-8.358,-87.971832,0.000524,9.291,17.440,17.815,0.000000
317.417114,-8.348,-91.295784,0.000523,9.290,17.413,17.786,0.000000
318.515747,-8.401,-94.597076,0.000526,9.289,17.386,17.757,0.000000
319.618469,-8.489,-97.626060,0.000531,9.288,17.359,17.728,0.000000
320.724701,-8.606,-100.353691,0.000538,9.287,17.332,17.698,0.000000
321.835083,-8.732,-102.790047,0.000546,9.286,17.305,17.669,0.000000
322.949005,-8.844,-105.053032,0.000553,9.285,17.277,17.640,0.000000
324.066925,-8.932,-107.246384,0.000558,9.284,17.250,17.610,0.000000
325.188721,-9.001,-109.338089,0.000563,9.283,17.222,17.581,0.000000
326.314392,-9.058,-111.470795,0.000566,9.282,17.195,17.551,0.000000
327.443970,-9.115,-113.682465,0.000570,9.281,17.167,17.521,0.000000
328.577301,-9.166,-116.166313,0.000573,9.280,17.139,17.491,0.000000
329.714874,-9.230,-118.627487,0.000577,9.279,17.111,17.461,0.000000
330.856232,-9.333,-121.433243,0.000584,9.278,17.083,17.431,0.000000
332.001526,-9.486,-124.038361,0.000594,9.277,17.055,17.401,0.000000
333.150635,-9.651,-126.310410,0.000606,9.276,17.027,17.370,0.000000
334.304016,-9.853,-128.450943,0.000620,9.275,16.999,17.340,0.000000
335.461090,-10.061,-130.330902,0.000635,9.274,16.970,17.309,0.000000
336.622498,-10.271,-132.012207,0.000650,9.273,16.942,17.279,0.000000
337.787598,-10.485,-133.369736,0.000666,9.272,16.913,17.248,0.000000
338.956879,-10.682,-134.468994,0.000681,9.271,16.884,17.217,0.000000
340.130219,-10.824,-135.325363,0.000692,9.270,16.856,17.186,0.000000
341.307617,-10.919,-136.139053,0.000700,9.269,16.827,17.155,0.000000
342.489105,-10.953,-137.024475,0.000703,9.268,16.798,17.124,0.000000
343.674652,-10.959,-138.233627,0.000703,9.267,16.769,17.093,0.000000
344.864319,-10.964,-139.829880,0.000703,9.266,16.739,17.061,0.000000
346.058105,-10.957,-141.520462,0.000703,9.265,16.710,17.030,0.000000
347.256042,-10.950,-143.655640,0.000702,9.264,16.681,16.998,0.000000
348.457947,-10.965,-145.994827,0.000704,9.263,16.651,16.966,0.000000
349.664337,-11.022,-148.587692,0.000708,9.262,16.622,16.934,0.000000
350.874573,-11.137,-151.322647,0.000718,9.261,16.592,16.903,0.000000
352.089325,-11.282,-153.958878,0.000730,9.260,16.562,16.870,0.000000
353.307953,-11.465,-156.693726,0.000745,9.259,16.532,16.838,0.000000
354.530975,-11.663,-159.065109,0.000762,9.258,16.502,16.806,0.000000
355.758240,-11.913,-161.849777,0.000784,9.256,16.472,16.774,0.000000
356.989716,-12.226,-164.317490,0.000813,9.255,16.442,16.741,0.000000
358.225494,-12.623,-166.574738,0.000851,9.254,16.412,16.708,0.000000
359.465515,-13.041,-168.436081,0.000892,9.253,16.381,16.676,0.000000
360.709869,-13.433,-169.817627,0.000933,9.252,16.351,16.643,0.000000
361.958496,-13.828,-171.196487,0.000977,9.251,16.320,16.610,0.000000
363.211456,-14.264,-172.553543,0.001027,9.250,16.289,16.577,0.000000
364.468750,-14.793,-173.685776,0.001091,9.249,16.258,16.544,0.000000
365.730408,-15.379,-174.154785,0.001167,9.248,16.227,16.510,0.000000
366.996246,-16.004,-173.654770,0.001254,9.247,16.196,16.477,0.000000
368.266815,-16.549,-172.315765,0.001335,9.245,16.165,16.443,0.000000
369.541443,-17.019,-170.625931,0.001409,9.244,16.134,16.410,0.000000
370.820648,-17.445,-168.368713,0.001480,9.243,16.102,16.376,0.000000
372.104309,-17.847,-165.814209,0.001550,9.242,16.071,16.342,0.000000
373.392395,-18.134,-162.580490,0.001602,9.241,16.039,16.308,0.000000
374.684937,-18.253,-158.757629,0.001624,9.240,16.008,16.274,0.000000
375.982117,-18.218,-155.167068,0.001618,9.239,15.976,16.240,0.000000
377.283447,-17.987,-151.772736,0.001575,9.238,15.944,16.205,0.000000
378.589447,-17.588,-149.006729,0.001505,9.236,15.912,16.171,0.000000
379.899994,-17.134,-146.923386,0.001428,9.235,15.880,16.136,0.000000
381.215057,-16.683,-145.800476,0.001356,9.234,15.847,16.102,0.000000
382.534668,-16.209,-145.317398,0.001284,9.233,15.815,16.067,0.000000
383.858673,-15.770,-145.563812,0.001220,9.232,15.782,16.032,0.000000
385.187622,-15.329,-146.496033,0.001160,9.231,15.750,15.997,0.000000
386.520813,-14.902,-147.873688,0.001104,9.229,15.717,15.962,0.000000
387.859009,-14.547,-149.941727,0.001060,9.228,15.684,15.926,0.000000
389.201416,-14.255,-152.421402,0.001025,9.227,15.651,15.891,0.000000
390.548889,-14.014,-154.829346,0.000996,9.226,15.618,15.855,0.000000
391.900635,-13.813,-157.631012,0.000973,9.225,15.585,15.820,0.000000
393.257416,-13.672,-159.952225,0.000958,9.224,15.552,15.784,0.000000
394.618530,-13.535,-162.303879,0.000943,9.222,15.518,15.748,0.000000
395.984558,-13.396,-164.974823,0.000928,9.221,15.485,15.712,0.000000
397.355316,-13.281,-167.884796,0.000915,9.220,15.451,15.676,0.000000
398.730804,-13.199,-171.122894,0.000907,9.219,15.418,15.639,0.000000
400.111053,-13.172,-174.580688,0.000904,9.218,15.384,15.603,0.000000
401.495880,-13.221,-178.494614,0.000909,9.216,15.350,15.566,0.000000
402.885895,-13.345,177.758133,0.000922,9.215,15.316,15.530,0.000000
404.280365,-13.545,173.931747,0.000943,9.214,15.281,15.493,0.000000
405.679993,-13.801,169.670563,0.000972,9.213,15.247,15.456,0.000000
407.084106,-14.206,165.415771,0.001018,9.211,15.213,15.419,0.000000
408.493500,-14.768,161.729736,0.001086,9.210,15.178,15.382,0.000000
409.907349,-15.528,159.378876,0.001185,9.209,15.143,15.344,0.000000
411.326477,-16.373,158.515869,0.001305,9.208,15.108,15.307,0.000000
412.750122,-17.215,159.196045,0.001438,9.206,15.073,15.269,0.000000
414.178925,-18.026,161.548721,0.001578,9.205,15.038,15.232,0.000000
415.612640,-18.700,164.546722,0.001706,9.204,15.003,15.194,0.000000
417.051331,-19.211,168.764618,0.001809,9.203,14.968,15.156,0.000000
418.494995,-19.561,173.352875,0.001883,9.201,14.932,15.118,0.000000
419.943481,-19.629,178.131287,0.001897,9.200,14.897,15.079,0.000000
421.397369,-19.421,-177.504196,0.001852,9.199,14.861,15.041,0.000000
422.855865,-19.063,-174.470642,0.001777,9.198,14.825,15.002,0.000000
424.319855,-18.648,-172.696625,0.001694,9.196,14.790,14.964,0.000000
425.788666,-18.278,-172.174774,0.001623,9.195,14.753,14.925,0.000000
427.262604,-18.028,-172.489960,0.001576,9.194,14.717,14.886,0.000000
428.741394,-17.891,-173.142715,0.001551,9.192,14.681,14.847,0.000000
430.225739,-17.830,-173.628342,0.001540,9.191,14.645,14.808,0.000000
431.714813,-17.824,-173.445450,0.001539,9.190,14.608,14.769,0.000000
433.209259,-17.760,-173.288544,0.001527,9.188,14.571,14.729,0.000000
434.708862,-17.658,-172.492172,0.001509,9.187,14.535,14.690,0.000000
436.213654,-17.518,-171.470886,0.001485,9.186,14.498,14.650,0.000000
437.723663,-17.309,-170.066132,0.001449,9.184,14.461,14.610,0.000000
439.238892,-16.970,-168.593185,0.001394,9.183,14.423,14.570,0.000000
440.759369,-16.477,-167.471954,0.001317,9.182,14.386,14.530,0.000000
442.285095,-15.946,-167.519241,0.001238,9.180,14.349,14.490,0.000000
443.816132,-15.349,-168.663818,0.001156,9.179,14.311,14.449,0.000000
445.352448,-14.874,-170.794678,0.001094,9.178,14.273,14.409,0.000000
446.894073,-14.514,-173.758392,0.001050,9.176,14.236,14.368,0.000000
448.440857,-14.309,-177.356949,0.001025,9.175,14.198,14.327,0.000000
449.993408,-14.209,178.896118,0.001013,9.174,14.159,14.286,0.000000
451.550873,-14.208,175.228485,0.001013,9.172,14.121,14.245,0.000000
453.114197,-14.352,171.572769,0.001029,9.171,14.083,14.204,0.000000
454.682495,-14.558,168.744232,0.001054,9.170,14.044,14.162,0.000000
456.256409,-14.888,166.534332,0.001095,9.168,14.006,14.121,0.000000
457.835815,-15.308,165.358780,0.001149,9.167,13.967,14.079,0.000000
459.420654,-15.707,165.361191,0.001202,9.165,13.928,14.037,0.000000
461.010986,-15.975,166.105255,0.001240,9.164,13.889,13.995,0.000000
462.606842,-16.162,167.162460,0.001267,9.163,13.850,13.953,0.000000
464.208221,-16.228,168.300598,0.001276,9.161,13.811,13.911,0.000000
465.815125,-16.224,169.108002,0.001275,9.160,13.771,13.869,0.000000
467.427582,-16.182,169.423538,0.001269,9.158,13.732,13.826,0.000000
469.045410,-16.109,169.567627,0.001258,9.157,13.692,13.783,0.000000
470.669312,-16.071,169.179520,0.001252,9.156,13.652,13.740,0.000000
472.298340,-16.113,168.449844,0.001258,9.154,13.612,13.697,0.000000
473.933502,-16.228,168.214767,0.001275,9.153,13.572,13.654,0.000000
475.573853,-16.337,168.933640,0.001291,9.151,13.532,13.611,0.000000
477.220093,-16.333,170.197189,0.001290,9.150,13.491,13.567,0.000000
478.872040,-16.227,171.539291,0.001275,9.148,13.451,13.524,0.000000
480.529724,-15.983,172.831268,0.001239,9.147,13.410,13.480,0.000000
482.193146,-15.677,173.789795,0.001196,9.145,13.369,13.436,0.000000
483.862305,-15.294,174.327148,0.001145,9.144,13.328,13.392,0.000000
485.537262,-14.856,174.264374,0.001088,9.143,13.287,13.348,0.000000
487.217987,-14.448,173.161621,0.001038,9.141,13.246,13.304,0.000000
488.904541,-14.125,171.210403,0.001000,9.140,13.205,13.259,0.000000
490.596710,-13.901,168.525833,0.000975,9.138,13.163,13.214,0.000000
492.295197,-13.796,165.527359,0.000963,9.137,13.121,13.170,0.000000
493.999115,-13.785,162.730698,0.000961,9.135,13.079,13.125,0.000000
495.709381,-13.885,160.170807,0.000972,9.134,13.038,13.079,0.000000
497.425110,-14.080,158.051620,0.000994,9.132,12.995,13.034,0.000000
499.147003,-14.283,156.474258,0.001018,9.131,12.953,12.989,0.000000
500.874847,-14.523,155.528610,0.001046,9.130,12.917,12.951,0.000000
502.608917,-14.669,154.853699,0.001064,9.130,12.886,12.920,0.000000
504.348541,-14.799,154.221481,0.001080,9.129,12.856,12.890,0.000000
506.094391,-14.917,153.601730,0.001095,9.129,12.825,12.859,0.000000
507.846283,-15.057,153.001785,0.001113,9.129,12.795,12.828,0.000000
509.604279,-15.190,152.857559,0.001130,9.129,12.764,12.798,0.000000
511.368317,-15.282,153.173065,0.001142,9.129,12.733,12.767,0.000000
513.138489,-15.333,153.863998,0.001149,9.128,12.702,12.736,0.000000
514.914795,-15.253,154.337692,0.001138,9.128,12.671,12.704,0.000000
516.696960,-15.126,154.561127,0.001122,9.128,12.640,12.673,0.000000
518.485840,-14.956,154.269913,0.001100,9.128,12.608,12.642,0.000000
520.280334,-14.818,153.395554,0.001083,9.128,12.577,12.610,0.000000
522.081360,-14.723,152.182327,0.001071,9.128,12.545,12.579,0.000000
523.888611,-14.683,150.740158,0.001066,9.127,12.514,12.547,0.000000
525.702393,-14.699,148.988922,0.001068,9.127,12.482,12.515,0.000000
527.521912,-14.776,147.186447,0.001078,9.127,12.450,12.483,0.000000
529.348206,-14.915,145.399750,0.001096,9.127,12.418,12.451,0.000000
531.180359,-15.119,143.924225,0.001122,9.127,12.386,12.419,0.000000
533.019104,-15.389,142.865341,0.001157,9.127,12.354,12.387,0.000000
534.864258,-15.719,142.166718,0.001202,9.126,12.321,12.354,0.000000
536.715698,-16.048,142.009781,0.001249,9.126,12.289,12.322,0.000000
538.573608,-16.385,142.513626,0.001298,9.126,12.256,12.289,0.000000
540.437683,-16.669,143.601196,0.001341,9.126,12.224,12.256,0.000000
542.308777,-16.899,144.932816,0.001377,9.126,12.191,12.224,0.000000
544.185730,-17.047,146.231873,0.001401,9.125,12.158,12.191,0.000000
546.069763,-17.250,147.810532,0.001434,9.125,12.125,12.158,0.000000
547.959778,-17.412,149.583786,0.001461,9.125,12.092,12.124,0.000000
549.856873,-17.530,151.483826,0.001482,9.125,12.058,12.091,0.000000
551.760010,-17.561,154.128128,0.001487,9.125,12.025,12.058,0.000000
553.670288,-17.465,156.661255,0.001471,9.124,11.992,12.024,0.000000
555.586609,-17.252,159.065109,0.001436,9.124,11.958,11.991,0.000000
557.509827,-16.958,161.171051,0.001388,9.124,11.924,11.957,0.000000
559.439697,-16.544,162.630463,0.001324,9.124,11.891,11.923,0.000000
561.376282,-16.107,163.447815,0.001259,9.124,11.857,11.889,0.000000
563.319519,-15.647,163.662369,0.001194,9.123,11.823,11.855,0.000000
565.269287,-15.218,163.197128,0.001137,9.123,11.788,11.821,0.000000
567.226318,-14.817,162.171936,0.001086,9.123,11.754,11.786,0.000000
569.189514,-14.483,160.178375,0.001045,9.123,11.720,11.752,0.000000
571.160156,-14.247,157.499817,0.001017,9.123,11.685,11.717,0.000000
573.136963,-14.154,154.690994,0.001006,9.123,11.650,11.683,0.000000
575.121216,-14.188,152.062866,0.001010,9.122,11.616,11.648,0.000000
577.111816,-14.337,150.021255,0.001028,9.122,11.581,11.613,0.000000
579.109863,-14.497,148.631363,0.001047,9.122,11.546,11.578,0.000000
581.114197,-14.669,147.427887,0.001068,9.122,11.511,11.543,0.000000
583.125793,-14.876,146.538071,0.001094,9.122,11.475,11.507,0.000000
585.144348,-15.123,146.486938,0.001125,9.121,11.440,11.472,0.000000
587.169922,-15.299,147.073090,0.001149,9.121,11.405,11.436,0.000000
589.202454,-15.362,147.977463,0.001157,9.121,11.369,11.401,0.000000
591.241760,-15.339,148.483490,0.001154,9.121,11.333,11.365,0.000000
593.288696,-15.287,148.548538,0.001148,9.120,11.297,11.329,0.000000
595.342468,-15.271,148.385742,0.001146,9.120,11.261,11.293,0.000000
597.403320,-15.301,148.249283,0.001150,9.120,11.225,11.257,0.000000
599.471008,-15.338,148.099976,0.001154,9.120,11.189,11.220,0.000000
601.546448,-15.378,147.681442,0.001159,9.120,11.153,11.184,0.000000
603.628479,-15.499,146.997330,0.001176,9.119,11.116,11.147,0.000000
605.718262,-15.733,146.860825,0.001207,9.119,11.079,11.111,0.000000
607.814758,-15.999,147.653656,0.001245,9.119,11.043,11.074,0.000000
609.918762,-16.186,149.381516,0.001272,9.119,11.006,11.037,0.000000
612.030090,-16.250,151.528336,0.001281,9.119,10.969,11.000,0.000000
614.148682,-16.190,153.633438,0.001272,9.118,10.932,10.963,0.000000
616.274658,-16.031,155.739059,0.001249,9.118,10.894,10.925,0.000000
618.407654,-15.777,157.892624,0.001213,9.118,10.857,10.888,0.000000
620.548645,-15.377,159.730011,0.001158,9.118,10.820,10.850,0.000000
622.696716,-14.884,160.714066,0.001094,9.118,10.782,10.813,0.000000
624.852295,-14.364,160.492737,0.001031,9.117,10.744,10.775,0.000000
627.015259,-13.956,159.260529,0.000984,9.117,10.706,10.737,0.000000
629.185730,-13.661,157.615967,0.000951,9.117,10.668,10.699,0.000000
631.363464,-13.443,156.019012,0.000927,9.117,10.630,10.661,0.000000
633.549316,-13.256,154.643356,0.000907,9.116,10.592,10.622,0.000000
635.742126,-13.048,153.148224,0.000885,9.116,10.553,10.584,0.000000
637.942810,-12.866,151.439301,0.000867,9.116,10.515,10.545,0.000000
640.151123,-12.735,149.721573,0.000854,9.116,10.476,10.506,0.000000
642.367065,-12.634,147.986267,0.000844,9.116,10.437,10.467,0.000000
644.590698,-12.571,146.578552,0.000837,9.115,10.398,10.428,0.000000
646.822327,-12.474,145.393356,0.000828,9.115,10.359,10.389,0.000000
649.061096,-12.367,144.076645,0.000818,9.115,10.320,10.350,0.000000
651.307861,-12.231,142.374237,0.000805,9.115,10.280,10.311,0.000000
653.562439,-12.130,140.445038,0.000795,9.114,10.241,10.271,0.000000
655.824829,-12.071,138.373505,0.000790,9.114,10.201,10.231,0.000000
658.095032,-12.035,136.228622,0.000786,9.114,10.162,10.191,0.000000
660.372803,-12.020,134.128006,0.000785,9.114,10.122,10.151,0.000000
662.659058,-12.038,131.722565,0.000786,9.114,10.082,10.111,0.000000
664.952637,-12.097,129.217758,0.000792,9.113,10.041,10.071,0.000000
667.254761,-12.215,126.763794,0.000802,9.113,10.001,10.031,0.000000
669.564209,-12.365,124.500740,0.000816,9.113,9.961,9.990,0.000000
671.882019,-12.551,122.412323,0.000834,9.113,9.920,9.949,0.000000
674.207764,-12.735,120.570015,0.000851,9.112,9.879,9.909,0.000000
676.541992,-12.964,118.834198,0.000874,9.112,9.838,9.868,0.000000
678.883545,-13.194,117.263519,0.000897,9.112,9.797,9.827,0.000000
681.233582,-13.432,115.865532,0.000922,9.112,9.756,9.785,0.000000
683.591797,-13.618,114.619453,0.000942,9.111,9.715,9.744,0.000000
685.958130,-13.760,113.106316,0.000957,9.111,9.673,9.702,0.000000
688.332642,-13.874,110.603729,0.000970,9.111,9.632,9.661,0.000000
690.715027,-14.103,107.325729,0.000996,9.111,9.590,9.619,0.000000
693.106384,-14.511,103.716682,0.001044,9.111,9.548,9.577,0.000000
695.505310,-15.128,101.110664,0.001121,9.110,9.506,9.535,0.000000
697.913208,-15.790,100.063347,0.001209,9.110,9.464,9.493,0.000000
700.328796,-16.474,99.846733,0.001308,9.110,9.421,9.450,0.000000
702.753052,-17.197,99.500282,0.001422,9.110,9.379,9.408,0.000000
705.185730,-18.052,99.647751,0.001569,9.109,9.336,9.365,0.000000
707.627136,-19.008,101.100311,0.001752,9.109,9.293,9.322,0.000000
710.076355,-20.066,103.831924,0.001979,9.109,9.251,9.279,0.000000
712.534363,-21.052,109.159599,0.002216,9.109,9.207,9.236,0.000000
715.000854,-21.665,116.434502,0.002378,9.108,9.164,9.193,0.000000
717.475891,-21.818,123.616982,0.002421,9.108,9.121,9.149,0.000000
719.959534,-21.691,130.345673,0.002386,9.108,9.077,9.106,0.000000
722.451416,-21.353,136.500107,0.002295,9.108,9.034,9.062,0.000000
724.952637,-20.780,142.049286,0.002149,9.107,8.990,9.018,0.000000
727.461792,-20.120,146.122269,0.001992,9.107,8.946,8.974,0.000000
729.980347,-19.392,149.196960,0.001832,9.107,8.902,8.930,0.000000
732.506897,-18.658,150.375549,0.001684,9.107,8.857,8.885,0.000000
735.042908,-18.050,148.767654,0.001570,9.106,8.813,8.841,0.000000
737.586975,-17.705,145.653595,0.001510,9.106,8.768,8.796,0.000000
740.140564,-17.572,142.188919,0.001487,9.106,8.724,8.751,0.000000
742.702332,-17.590,138.877060,0.001490,9.106,8.679,8.706,0.000000
745.273254,-17.833,135.871094,0.001533,9.105,8.634,8.661,0.000000
747.853088,-18.290,134.006943,0.001616,9.105,8.588,8.616,0.000000
750.441895,-18.898,134.348816,0.001733,9.105,8.543,8.571,0.000000
753.039612,-19.426,136.546936,0.001842,9.105,8.498,8.525,0.000000
755.646362,-19.829,140.150223,0.001930,9.104,8.452,8.479,0.000000
758.262146,-19.942,144.124710,0.001956,9.104,8.406,8.433,0.000000
760.886597,-19.897,147.696823,0.001946,9.104,8.360,8.387,0.000000
763.520813,-19.761,151.150375,0.001916,9.103,8.314,8.341,0.000000
766.163818,-19.570,154.616943,0.001875,9.103,8.268,8.295,0.000000
768.816040,-19.210,157.848969,0.001799,9.103,8.221,8.248,0.000000
771.476990,-18.780,160.079987,0.001712,9.103,8.174,8.201,0.000000
774.147888,-18.423,161.265472,0.001644,9.102,8.128,8.155,0.000000
776.827332,-18.044,162.578583,0.001574,9.102,8.081,8.108,0.000000
779.516785,-17.599,163.356400,0.001495,9.102,8.034,8.060,0.000000
782.214844,-17.173,163.442093,0.001424,9.102,7.986,8.013,0.000000
784.922546,-16.833,163.352417,0.001370,9.101,7.939,7.965,0.000000
787.639648,-16.566,163.415817,0.001328,9.101,7.891,7.918,0.000000
790.366150,-16.285,163.727051,0.001287,9.101,7.843,7.870,0.000000
793.102112,-15.922,164.257919,0.001234,9.101,7.795,7.822,0.000000
795.847107,-15.426,164.248810,0.001166,9.100,7.747,7.774,0.000000
798.602417,-14.929,162.805298,0.001102,9.100,7.699,7.725,0.000000
801.366882,-14.504,160.505737,0.001050,9.100,7.651,7.677,0.000000
804.140930,-14.174,157.928467,0.001011,9.099,7.602,7.628,0.000000
806.924133,-13.928,155.276825,0.000983,9.099,7.553,7.579,0.000000
809.717773,-13.774,152.142288,0.000966,9.099,7.504,7.530,0.000000
812.520325,-13.759,149.093903,0.000964,9.099,7.455,7.481,0.000000
815.333374,-13.838,146.601501,0.000973,9.098,7.406,7.432,0.000000
818.155334,-13.908,144.582260,0.000981,9.098,7.356,7.382,0.000000
820.987488,-14.010,142.555664,0.000993,9.098,7.307,7.333,0.000000
823.829407,-14.206,140.540222,0.001016,9.097,7.257,7.283,0.000000
826.681213,-14.517,138.992783,0.001053,9.097,7.207,7.233,0.000000
829.542847,-14.901,138.695023,0.001101,9.097,7.157,7.182,0.000000
832.414429,-15.165,139.751205,0.001135,9.097,7.106,7.132,0.000000
835.295898,-15.209,141.378448,0.001141,9.096,7.056,7.081,0.000000
838.187378,-15.036,142.393906,0.001119,9.096,7.005,7.031,0.000000
841.088867,-14.771,142.213013,0.001085,9.096,6.954,6.980,0.000000
844.000000,-14.534,141.538696,0.001056,9.095,6.903,6.929,0.000000
846.921997,-14.327,140.378448,0.001031,9.095,6.852,6.877,0.000000
849.853333,-14.139,139.096497,0.001010,9.095,6.801,6.826,0.000000
852.795593,-13.897,137.412354,0.000982,9.095,6.749,6.774,0.000000
855.747253,-13.630,134.535172,0.000952,9.094,6.698,6.722,0.000000
858.709534,-13.458,130.247940,0.000934,9.094,6.646,6.670,0.000000
861.682068,-13.429,124.933929,0.000931,9.094,6.594,6.618,0.000000
864.664856,-13.609,118.948158,0.000951,9.093,6.541,6.566,0.000000
867.657959,-14.064,112.368546,0.001002,9.093,6.489,6.513,0.000000
870.661499,-14.798,106.136536,0.001090,9.093,6.436,6.461,0.000000
873.675354,-15.694,101.205650,0.001208,9.092,6.383,6.408,0.000000
876.699707,-16.829,98.811852,0.001377,9.092,6.330,6.355,0.000000
879.734497,-18.146,100.460243,0.001603,9.092,6.277,6.301,0.000000
882.779419,-19.621,104.789658,0.001899,9.092,6.224,6.248,0.000000
885.835632,-21.154,111.193726,0.002266,9.091,6.170,6.194,0.000000
888.901672,-22.724,120.116241,0.002715,9.091,6.117,6.141,0.000000
891.979126,-23.905,132.721756,0.003110,9.091,6.063,6.087,0.000000
895.066406,-24.067,146.125107,0.003169,9.090,6.008,6.032,0.000000
898.164734,-23.364,157.499146,0.002922,9.090,5.954,5.978,0.000000
901.273865,-22.310,166.690689,0.002588,9.090,5.900,5.923,0.000000
904.393738,-21.080,172.700653,0.002247,9.089,5.845,5.869,0.000000
907.524414,-19.861,175.779953,0.001953,9.089,5.790,5.814,0.000000
910.665894,-18.715,177.097000,0.001711,9.089,5.735,5.759,0.000000
913.818298,-17.681,177.178482,0.001519,9.088,5.680,5.703,0.000000
916.981567,-16.816,174.807083,0.001375,9.088,5.624,5.648,0.000000
920.155823,-16.177,171.084045,0.001278,9.088,5.569,5.592,0.000000
923.341003,-15.782,167.302948,0.001221,9.088,5.513,5.536,0.000000
926.537292,-15.491,163.648148,0.001181,9.087,5.457,5.480,0.000000
929.744141,-15.258,160.075485,0.001149,9.087,5.401,5.424,0.000000
932.963013,-15.131,155.999725,0.001132,9.087,5.344,5.367,0.000000
936.192139,-15.213,151.862274,0.001143,9.086,5.288,5.311,0.000000
939.432861,-15.461,148.615555,0.001176,9.086,5.231,5.254,0.000000
942.684814,-15.746,146.414536,0.001215,9.086,5.174,5.197,0.000000
945.948486,-16.090,144.132950,0.001263,9.085,5.117,5.139,0.000000
949.222534,-16.625,142.254288,0.001344,9.085,5.059,5.082,0.000000
952.508850,-17.286,142.977600,0.001450,9.085,5.002,5.024,0.000000
955.805603,-17.842,146.154831,0.001546,9.084,4.944,4.966,0.000000
959.114258,-18.147,150.347153,0.001601,9.084,4.886,4.908,0.000000
962.434326,-18.171,155.050522,0.001605,9.084,4.828,4.850,0.000000
965.765930,-17.821,159.409424,0.001542,9.083,4.769,4.792,0.000000
969.109009,-17.346,162.263779,0.001460,9.083,4.711,4.733,0.000000
972.463257,-16.873,164.547302,0.001382,9.083,4.652,4.674,0.000000
975.830017,-16.296,166.876205,0.001294,9.082,4.593,4.615,0.000000
979.207458,-15.579,167.476456,0.001191,9.082,4.534,4.556,0.000000
982.597595,-15.009,165.188934,0.001116,9.082,4.474,4.496,0.000000
985.998474,-14.646,161.680222,0.001070,9.081,4.415,4.436,0.000000
989.412109,-14.442,158.196762,0.001045,9.081,4.355,4.377,0.000000
992.836609,-14.369,155.058182,0.001036,9.081,4.295,4.316,0.000000
996.273926,-14.367,152.158752,0.001036,9.080,4.235,4.256,0.000000
999.722168,-14.426,149.592407,0.001043,9.080,4.174,4.196,0.000000
1003.182800,-14.570,147.133865,0.001061,9.080,4.146,4.167,0.000000
1006.655457,-14.794,145.404572,0.001088,9.080,4.121,4.142,0.000000
1010.140076,-14.918,144.747223,0.001104,9.080,4.095,4.117,0.000000
1013.636780,-14.871,143.621704,0.001098,9.080,4.070,4.091,0.000000
1017.145142,-14.868,140.990234,0.001098,9.080,4.044,4.066,0.000000
1020.666565,-15.090,137.944839,0.001126,9.080,4.018,4.040,0.000000
1024.199219,-15.395,136.010590,0.001166,9.080,3.993,4.014,0.000000
1027.745117,-15.690,134.366394,0.001206,9.080,3.967,3.989,0.000000
1031.302246,-16.014,132.362350,0.001252,9.080,3.941,3.963,0.000000
1034.872803,-16.394,130.170776,0.001308,9.080,3.915,3.937,0.000000
1038.454590,-16.970,128.148361,0.001398,9.080,3.888,3.910,0.000000
1042.049805,-17.889,128.371979,0.001554,9.080,3.862,3.884,0.000000
1045.656494,-18.921,132.199097,0.001751,9.080,3.836,3.858,0.000000
1049.276123,-19.635,138.396225,0.001901,9.080,3.809,3.832,0.000000
1052.908325,-19.842,145.023575,0.001947,9.080,3.783,3.805,0.000000
1056.553101,-19.697,150.799515,0.001915,9.079,3.756,3.779,0.000000
1060.210571,-19.384,155.973541,0.001848,9.079,3.729,3.752,0.000000
1063.880005,-18.914,160.219894,0.001751,9.079,3.703,3.725,0.000000
1067.563354,-18.447,163.286804,0.001659,9.079,3.676,3.698,0.000000
1071.258301,-17.909,165.339523,0.001560,9.079,3.649,3.671,0.000000
1074.967041,-17.403,164.995087,0.001472,9.079,3.622,3.644,0.000000
1078.688232,-16.975,163.403732,0.001401,9.079,3.594,3.617,0.000000
1082.422241,-16.660,160.897644,0.001352,9.079,3.567,3.590,0.000000
1086.168579,-16.532,157.978836,0.001332,9.079,3.540,3.563,0.000000
1089.929077,-16.598,155.667786,0.001343,9.079,3.512,3.535,0.000000
1093.701416,-16.724,153.832672,0.001363,9.079,3.485,3.508,0.000000
1097.487427,-16.882,152.199951,0.001388,9.079,3.457,3.480,0.000000
1101.286499,-17.135,151.150589,0.001429,9.079,3.429,3.453,0.000000
1105.098755,-17.458,151.260193,0.001483,9.079,3.401,3.425,0.000000
1108.924194,-17.760,152.837082,0.001536,9.079,3.373,3.397,0.000000
1112.762817,-17.949,155.104858,0.001570,9.079,3.345,3.369,0.000000
1116.614746,-18.012,157.469269,0.001582,9.079,3.317,3.341,0.000000
1120.480103,-17.981,159.476639,0.001577,9.079,3.289,3.313,0.000000
1124.358765,-18.007,161.899933,0.001582,9.079,3.261,3.285,0.000000
1128.250854,-17.828,165.073746,0.001551,9.079,3.232,3.256,0.000000
1132.156372,-17.449,167.887283,0.001485,9.079,3.204,3.228,0.000000
1136.075562,-16.917,169.796890,0.001397,9.079,3.175,3.199,0.000000
1140.007568,-16.270,169.733383,0.001297,9.079,3.146,3.171,0.000000
1143.953857,-15.685,167.764572,0.001213,9.079,3.117,3.142,0.000000
1147.913818,-15.256,164.709473,0.001155,9.079,3.088,3.113,0.000000
1151.887451,-15.005,161.712677,0.001122,9.079,3.059,3.084,0.000000
1155.874878,-14.805,158.379044,0.001097,9.079,3.030,3.055,0.000000
1159.876099,-14.849,154.823090,0.001102,9.079,3.001,3.026,0.000000
1163.891113,-14.860,152.723206,0.001104,9.079,2.972,2.996,0.000000
1167.920044,-14.715,149.568985,0.001086,9.079,2.942,2.967,0.000000
1171.962891,-14.716,144.657211,0.001087,9.079,2.913,2.938,0.000000
1176.019775,-15.039,138.848953,0.001128,9.079,2.883,2.908,0.000000
1180.090698,-15.715,134.204102,0.001220,9.079,2.853,2.878,0.000000
1184.175781,-16.581,131.704376,0.001348,9.079,2.823,2.849,0.000000
1188.274902,-17.517,132.601395,0.001502,9.079,2.793,2.819,0.000000
1192.388306,-18.203,135.411209,0.001626,9.079,2.763,2.789,0.000000
1196.515259,-18.781,137.148270,0.001738,9.079,2.733,2.759,0.000000
1200.657227,-19.709,140.262375,0.001935,9.078,2.703,2.729,0.000000
1204.813965,-20.639,146.210068,0.002155,9.078,2.673,2.698,0.000000
1208.984009,-21.138,153.968536,0.002283,9.078,2.642,2.668,0.000000
1213.169067,-21.019,161.159729,0.002252,9.078,2.612,2.637,0.000000
1217.368530,-20.630,167.526413,0.002155,9.078,2.581,2.607,0.000000
1221.582642,-19.870,172.850769,0.001975,9.078,2.550,2.576,0.000000
1225.811279,-18.824,175.741501,0.001751,9.078,2.519,2.545,0.000000
1230.054565,-17.845,176.296112,0.001565,9.078,2.488,2.514,0.000000
1234.311890,-17.098,175.007874,0.001436,9.078,2.457,2.483,0.000000
1238.585205,-16.620,171.883026,0.001359,9.078,2.426,2.452,0.000000
1242.872803,-16.339,168.161438,0.001316,9.078,2.394,2.421,0.000000
1247.175049,-16.171,164.606400,0.001291,9.078,2.363,2.390,0.000000
1251.492310,-16.062,160.445923,0.001275,9.078,2.331,2.358,0.000000
1255.823975,-16.243,154.685150,0.001303,9.078,2.300,2.327,0.000000
1260.171753,-16.869,152.099838,0.001400,9.078,2.268,2.295,0.000000
1264.533325,-17.583,152.370255,0.001520,9.078,2.236,2.263,0.000000
1268.911255,-18.162,153.993423,0.001625,9.078,2.204,2.231,0.000000
1273.303101,-18.525,156.089493,0.001695,9.078,2.172,2.199,0.000000
1277.710815,-18.796,158.399902,0.001749,9.078,2.140,2.167,0.000000
1282.133789,-18.976,161.359680,0.001786,9.078,2.108,2.135,0.000000
1286.572021,-18.962,165.009018,0.001783,9.078,2.075,2.103,0.000000
1291.025024,-18.559,168.898590,0.001703,9.078,2.043,2.070,0.000000
1295.494751,-17.762,170.518387,0.001554,9.078,2.010,2.038,0.000000
1299.979248,-17.131,168.478653,0.001445,9.078,1.977,2.005,0.000000
1304.479248,-16.712,165.113907,0.001377,9.078,1.944,1.972,0.000000
1308.994873,-16.581,160.846313,0.001357,9.078,1.911,1.939,0.000000
1313.525513,-16.623,156.797531,0.001364,9.078,1.878,1.906,0.000000
1318.072998,-16.790,152.900024,0.001390,9.078,1.845,1.873,0.000000
1322.635010,-17.073,149.667465,0.001437,9.078,1.812,1.840,0.000000
1327.214111,-17.477,146.300110,0.001506,9.078,1.778,1.806,0.000000
1331.807739,-18.112,142.292343,0.001620,9.078,1.744,1.773,0.000000
1336.417969,-19.096,139.165375,0.001815,9.078,1.711,1.739,0.000000
1341.044189,-20.370,140.615936,0.002102,9.078,1.677,1.706,0.000000
1345.686401,-21.352,145.510513,0.002353,9.077,1.643,1.672,0.000000
1350.344604,-21.940,149.418533,0.002518,9.077,1.609,1.638,0.000000
1355.018921,-22.654,152.457489,0.002734,9.077,1.575,1.604,0.000000
1359.709595,-23.451,158.730972,0.002996,9.077,1.541,1.570,0.000000
1364.416382,-23.875,167.277054,0.003146,9.077,1.506,1.535,0.000000
1369.139404,-23.865,176.913406,0.003143,9.077,1.472,1.501,0.000000
1373.878174,-23.233,-174.051804,0.002922,9.077,1.437,1.466,0.000000
1378.634644,-22.221,-168.024170,0.002601,9.077,1.402,1.432,0.000000
1383.406372,-21.367,-166.519608,0.002357,9.077,1.367,1.397,0.000000
1388.195801,-21.050,-165.050415,0.002273,9.077,1.332,1.362,0.000000
1393.000610,-20.778,-160.864502,0.002202,9.077,1.297,1.327,0.000000
1397.822632,-20.082,-156.934860,0.002033,9.077,1.262,1.292,0.000000
1402.661377,-19.196,-157.381088,0.001836,9.077,1.227,1.257,0.000000
1407.516846,-18.457,-158.798096,0.001686,9.077,1.191,1.221,0.000000
1412.389771,-17.830,-160.417618,0.001569,9.077,1.156,1.186,0.000000
1417.278198,-17.342,-162.242920,0.001483,9.077,1.120,1.150,0.000000
1422.184326,-16.901,-163.731537,0.001410,9.077,1.084,1.114,0.000000
1427.107300,-16.443,-165.265167,0.001337,9.077,1.048,1.079,0.000000
1432.047485,-16.015,-168.323120,0.001273,9.077,1.012,1.043,0.000000
1437.004639,-15.786,-173.896561,0.001240,9.077,0.976,1.006,0.000000
1441.979004,-15.860,-178.878357,0.001250,9.077,0.939,0.970,0.000000
1446.969849,-16.021,177.281265,0.001273,9.077,0.903,0.934,0.000000
1451.979492,-16.329,172.859848,0.001319,9.077,0.866,0.897,0.000000
1457.005005,-16.949,168.626770,0.001416,9.077,0.830,0.861,0.000000
1462.048584,-17.863,169.447205,0.001573,9.077,0.793,0.824,0.000000
1467.109619,-18.390,173.522964,0.001671,9.077,0.756,0.787,0.000000
1472.188110,-18.472,176.882080,0.001687,9.077,0.719,0.750,0.000000
1477.285034,-18.301,179.531509,0.001654,9.077,0.681,0.713,0.000000
1482.398071,-17.973,-179.908463,0.001593,9.077,0.644,0.676,0.000000
1487.529541,-17.870,179.320129,0.001574,9.076,0.606,0.638,0.000000
1492.678833,-17.925,179.681839,0.001584,9.076,0.569,0.601,0.000000
1497.845947,-17.818,-178.714340,0.001565,9.076,0.531,0.563,0.000000
1503.030884,-17.344,-179.160568,0.001482,9.076,0.493,0.525,0.000000
1508.233765,-17.161,175.016312,0.001450,9.076,0.455,0.487,0.000000
1513.453979,-17.499,169.929092,0.001508,9.076,0.417,0.449,0.000000
1518.693726,-18.157,165.932571,0.001626,9.076,0.379,0.411,0.000000
1523.950195,-19.076,166.347961,0.001807,9.076,0.340,0.373,0.000000
1529.226196,-19.807,169.940887,0.001966,9.076,0.302,0.334,0.000000
1534.519775,-20.170,173.772369,0.002049,9.076,0.263,0.296,0.000000
1539.831055,-20.334,176.797363,0.002088,9.076,0.224,0.257,0.000000
1545.161987,-20.502,179.363678,0.002129,9.076,0.185,0.218,0.000000
1550.510010,-20.754,-178.306351,0.002191,9.076,0.146,0.179,0.000000
1555.877319,-20.970,-173.179413,0.002247,9.076,0.107,0.140,0.000000
1561.263184,-20.541,-167.567337,0.002138,9.076,0.068,0.101,0.000000
1566.667725,-19.786,-165.469147,0.001960,9.076,0.028,0.062,0.000000
1572.090820,-19.175,-166.618317,0.001827,9.076,-0.012,0.022,0.000000
1577.532837,-18.706,-169.514282,0.001731,9.076,-0.051,-0.018,0.000000
1582.992920,-18.624,-173.682953,0.001715,9.076,-0.091,-0.057,0.000000
1588.473389,-19.005,-177.635269,0.001792,9.076,-0.131,-0.097,0.000000
1593.971313,-19.575,-174.981232,0.001913,9.076,-0.171,-0.137,0.000000
1599.489746,-19.461,-171.544098,0.001888,9.076,-0.212,-0.178,0.000000
1605.026611,-19.451,-171.369690,0.001886,9.076,-0.252,-0.218,0.000000
1610.581787,-19.636,-170.085266,0.001927,9.076,-0.293,-0.258,0.000000
1616.157837,-19.722,-167.668808,0.001946,9.076,-0.334,-0.299,0.000000
1621.751587,-19.704,-165.445602,0.001942,9.076,-0.375,-0.340,0.000000
1627.366211,-19.653,-161.839767,0.001931,9.076,-0.416,-0.381,0.000000
1632.998779,-19.155,-157.827652,0.001823,9.075,-0.457,-0.422,0.000000
1638.651611,-18.306,-156.832474,0.001653,9.075,-0.498,-0.463,0.000000
1644.323975,-17.706,-161.362000,0.001543,9.075,-0.539,-0.504,0.000000
1650.015991,-17.438,-165.278015,0.001496,9.075,-0.581,-0.546,0.000000
1655.726929,-17.323,-169.066742,0.001476,9.075,-0.623,-0.587,0.000000
1661.459229,-17.311,-172.952347,0.001474,9.075,-0.665,-0.629,0.000000
1667.209717,-17.443,-177.154251,0.001497,9.075,-0.707,-0.671,0.000000
1672.981812,-17.661,178.004547,0.001535,9.075,-0.749,-0.713,0.000000
1678.772949,-18.252,171.843597,0.001643,9.075,-0.791,-0.755,0.000000
1684.583496,-19.238,166.148254,0.001840,9.075,-0.834,-0.798,0.000000
1690.415649,-20.263,170.286011,0.002071,9.075,-0.876,-0.840,0.000000
1696.266357,-20.475,178.534485,0.002122,9.075,-0.919,-0.883,0.000000
1702.139038,-20.095,-172.551117,0.002031,9.075,-0.962,-0.925,0.000000
1708.030396,-19.504,-165.721405,0.001898,9.075,-1.005,-0.968,0.000000
1713.942871,-18.927,-163.223267,0.001776,9.075,-1.048,-1.012,0.000000
1719.875977,-18.959,-161.526871,0.001782,9.075,-1.092,-1.055,0.000000
1725.829468,-18.990,-155.338089,0.001789,9.075,-1.135,-1.098,0.000000
1731.802856,-18.671,-147.218140,0.001724,9.075,-1.179,-1.142,0.000000
1737.798462,-17.852,-148.841064,0.001569,9.075,-1.223,-1.185,0.000000
1743.814087,-17.477,-155.567459,0.001503,9.075,-1.267,-1.229,0.000000
1749.850464,-17.774,-160.728806,0.001556,9.075,-1.311,-1.273,0.000000
1755.907837,-18.289,-160.842545,0.001651,9.075,-1.355,-1.317,0.000000
1761.985229,-18.396,-159.412354,0.001672,9.075,-1.399,-1.362,0.000000
1768.085449,-18.256,-157.395432,0.001646,9.075,-1.444,-1.406,0.000000
1774.204956,-17.727,-155.666687,0.001549,9.075,-1.489,-1.451,0.000000
1780.347412,-16.816,-157.084442,0.001395,9.074,-1.534,-1.495,0.000000
1786.509521,-16.311,-164.138931,0.001316,9.074,-1.579,-1.540,0.000000
1792.693726,-16.632,-171.443970,0.001366,9.074,-1.624,-1.585,0.000000
1798.899292,-17.134,-172.954330,0.001447,9.074,-1.669,-1.631,0.000000
1805.126465,-17.283,-173.845764,0.001473,9.074,-1.715,-1.676,0.000000
1811.375122,-17.682,-176.068130,0.001542,9.074,-1.760,-1.721,0.000000
1817.645386,-18.358,-176.463135,0.001667,9.074,-1.806,-1.767,0.000000
1823.937378,-18.827,-175.136398,0.001760,9.074,-1.852,-1.813,0.000000
1830.251099,-19.586,-173.845932,0.001921,9.074,-1.898,-1.859,0.000000
1836.586792,-20.432,-169.175903,0.002118,9.074,-1.945,-1.905,0.000000
1842.943481,-20.411,-163.260391,0.002113,9.074,-1.991,-1.951,0.000000
1849.323853,-19.892,-160.519989,0.001991,9.074,-2.038,-1.998,0.000000
1855.724609,-19.657,-159.195023,0.001938,9.074,-2.084,-2.045,0.000000
1862.149292,-19.317,-157.734207,0.001864,9.074,-2.131,-2.091,0.000000
1868.594482,-18.750,-156.398575,0.001747,9.074,-2.179,-2.138,0.000000
1875.062866,-18.027,-158.356781,0.001608,9.074,-2.226,-2.186,0.000000
1881.553589,-17.958,-162.740311,0.001595,9.074,-2.273,-2.233,0.000000
1888.066772,-18.120,-164.623367,0.001625,9.074,-2.321,-2.280,0.000000
1894.603516,-18.408,-163.636169,0.001680,9.074,-2.369,-2.328,0.000000
1901.161011,-18.143,-160.831741,0.001630,9.074,-2.417,-2.376,0.000000
1907.742065,-17.497,-160.898209,0.001514,9.074,-2.465,-2.424,0.000000
1914.345947,-17.018,-163.862015,0.001433,9.074,-2.513,-2.472,0.000000
1920.972656,-16.841,-167.343292,0.001405,9.073,-2.561,-2.520,0.000000
1927.622314,-16.792,-170.069717,0.001398,9.073,-2.610,-2.568,0.000000
1934.295044,-16.732,-172.116882,0.001388,9.073,-2.659,-2.617,0.000000
1940.989868,-16.606,-175.801071,0.001369,9.073,-2.708,-2.666,0.000000
1947.709717,-16.574,177.747253,0.001364,9.073,-2.757,-2.715,0.000000
1954.451050,-17.043,172.225784,0.001440,9.073,-2.806,-2.764,0.000000
1961.216675,-17.740,169.094894,0.001561,9.073,-2.855,-2.813,0.000000
1968.005615,-18.713,164.874313,0.001746,9.073,-2.905,-2.863,0.000000
1974.818115,-20.015,166.170639,0.002029,9.073,-2.955,-2.912,0.000000
1981.655151,-21.161,171.350830,0.002315,9.073,-3.005,-2.962,0.000000
1988.513916,-22.088,179.202698,0.002576,9.073,-3.055,-3.012,0.000000
1995.397339,-22.157,-172.313370,0.002597,9.073,-3.105,-3.062,0.000000
2002.304688,-21.945,-164.724747,0.002535,9.073,-3.143,-3.100,0.000000
2009.235840,-20.945,-158.957794,0.002260,9.073,-3.155,-3.111,0.000000
2016.191040,-20.378,-158.155090,0.002117,9.073,-3.166,-3.123,0.000000
2023.170288,-19.928,-154.215225,0.002011,9.073,-3.178,-3.135,0.000000
2030.172852,-19.015,-152.788162,0.001810,9.073,-3.190,-3.147,0.000000
2037.201416,-18.487,-157.126724,0.001704,9.073,-3.202,-3.159,0.000000
2044.252441,-18.207,-160.280930,0.001651,9.073,-3.214,-3.170,0.000000
2051.329834,-17.908,-163.836639,0.001595,9.073,-3.226,-3.182,0.000000
2058.430908,-17.794,-168.015884,0.001575,9.073,-3.238,-3.194,0.000000
2065.555420,-17.974,-170.268951,0.001609,9.073,-3.251,-3.206,0.000000
2072.706543,-17.884,-171.122910,0.001593,9.073,-3.263,-3.218,0.000000
2079.880371,-17.394,-173.671432,0.001506,9.073,-3.275,-3.231,0.000000
2087.080078,-17.225,-179.935532,0.001477,9.072,-3.287,-3.243,0.000000
2094.304932,-17.748,173.830902,0.001569,9.072,-3.299,-3.255,0.000000
2101.554443,-18.151,176.867538,0.001644,9.072,-3.312,-3.267,0.000000
2108.829346,-18.194,177.525909,0.001652,9.072,-3.324,-3.279,0.000000
2116.129150,-18.281,176.140778,0.001669,9.072,-3.337,-3.292,0.000000
2123.453369,-18.364,173.495377,0.001685,9.072,-3.349,-3.304,0.000000
2130.804932,-18.882,169.407455,0.001789,9.072,-3.362,-3.316,0.000000
2138.180176,-19.942,167.287750,0.002022,9.072,-3.374,-3.329,0.000000
2145.582520,-21.358,173.128510,0.002381,9.072,-3.387,-3.341,0.000000
2153.009766,-21.514,-177.276047,0.002425,9.072,-3.399,-3.354,0.000000
2160.461670,-21.006,-177.145599,0.002288,9.072,-3.412,-3.366,0.000000
2167.941406,-21.309,-177.602997,0.002370,9.072,-3.425,-3.379,0.000000
2175.445068,-21.667,-174.574402,0.002471,9.072,-3.438,-3.392,0.000000
2182.976562,-21.476,-170.755615,0.002418,9.072,-3.450,-3.404,0.000000
2190.532227,-21.072,-167.803970,0.002308,9.072,-3.463,-3.417,0.000000
2198.114990,-20.525,-165.202454,0.002168,9.072,-3.476,-3.430,0.000000
2205.723877,-19.951,-166.139664,0.002029,9.072,-3.489,-3.443,0.000000
2213.359375,-19.620,-168.064117,0.001954,9.072,-3.502,-3.456,0.000000
2221.020020,-19.256,-168.824066,0.001874,9.072,-3.515,-3.469,0.000000
2228.709473,-18.811,-172.059601,0.001781,9.072,-3.528,-3.481,0.000000
2236.423340,-18.651,-176.627289,0.001748,9.072,-3.541,-3.494,0.000000
2244.166016,-18.865,179.183228,0.001792,9.072,-3.555,-3.508,0.000000
2251.934570,-19.239,176.992447,0.001872,9.072,-3.568,-3.521,0.000000
2259.728760,-19.617,176.439728,0.001955,9.072,-3.581,-3.534,0.000000
2267.552002,-19.817,177.033371,0.002001,9.072,-3.594,-3.547,0.000000
2275.400391,-19.717,177.700836,0.001979,9.072,-3.608,-3.560,0.000000
2283.278076,-19.664,175.204208,0.001967,9.071,-3.621,-3.573,0.000000
2291.180908,-20.091,175.677292,0.002067,9.071,-3.635,-3.587,0.000000
2299.112061,-19.877,176.413849,0.002017,9.071,-3.648,-3.600,0.000000
2307.070557,-19.754,176.531876,0.001989,9.071,-3.662,-3.614,0.000000
2315.056885,-19.498,175.009125,0.001932,9.071,-3.675,-3.627,0.000000
2323.069580,-19.363,172.777679,0.001903,9.071,-3.689,-3.641,0.000000
2331.112305,-19.214,169.088196,0.001871,9.071,-3.703,-3.654,0.000000
2339.181641,-19.364,163.141327,0.001904,9.071,-3.716,-3.668,0.000000
2347.279053,-20.149,158.439713,0.002085,9.071,-3.730,-3.681,0.000000
2355.404297,-20.745,160.575912,0.002234,9.071,-3.744,-3.695,0.000000
2363.556885,-21.311,162.460709,0.002384,9.071,-3.758,-3.709,0.000000
2371.739746,-21.842,165.161957,0.002535,9.071,-3.772,-3.723,0.000000
2379.948486,-22.117,168.281662,0.002617,9.071,-3.786,-3.736,0.000000
2388.188232,-22.226,170.450699,0.002651,9.071,-3.800,-3.750,0.000000
2396.454102,-22.502,171.202438,0.002737,9.071,-3.814,-3.764,0.000000
2404.749512,-22.966,174.825211,0.002887,9.071,-3.828,-3.778,0.000000
2413.073975,-22.862,-179.994141,0.002853,9.071,-3.842,-3.792,0.000000
2421.427002,-22.441,-177.921478,0.002719,9.071,-3.856,-3.806,0.000000
2429.809082,-22.388,-179.174637,0.002703,9.071,-3.871,-3.821,0.000000
2438.220215,-22.272,-177.812546,0.002667,9.071,-3.885,-3.835,0.000000
2446.660400,-22.118,-177.608246,0.002621,9.071,-3.899,-3.849,0.000000
2455.129883,-22.195,-176.380463,0.002645,9.071,-3.914,-3.863,0.000000
2463.628418,-22.067,-174.579849,0.002608,9.071,-3.928,-3.878,0.000000
2472.155518,-21.874,-173.450638,0.002551,9.071,-3.943,-3.892,0.000000
2480.714355,-21.811,-170.819061,0.002534,9.070,-3.957,-3.906,0.000000
2489.300293,-21.076,-168.803726,0.002329,9.070,-3.972,-3.921,0.000000
2497.918701,-20.804,-169.969406,0.002258,9.070,-3.987,-3.935,0.000000
2506.564209,-20.613,-169.119507,0.002209,9.070,-4.001,-3.950,0.000000
2515.240967,-20.035,-168.377029,0.002067,9.070,-4.016,-3.965,0.000000
2523.947754,-19.348,-168.651703,0.001911,9.070,-4.031,-3.979,0.000000
2532.684814,-18.873,-171.191574,0.001809,9.070,-4.046,-3.994,0.000000
2541.453125,-18.690,-172.273773,0.001772,9.070,-4.061,-4.009,0.000000
2550.249512,-18.380,-175.141281,0.001710,9.070,-4.076,-4.024,0.000000
2559.077393,-18.412,-177.529114,0.001716,9.070,-4.091,-4.039,0.000000
2567.936035,-18.183,-177.570206,0.001672,9.070,-4.106,-4.053,0.000000
2576.825195,-17.920,178.197617,0.001622,9.070,-4.121,-4.068,0.000000
2585.745117,-18.099,175.265472,0.001657,9.070,-4.136,-4.083,0.000000
2594.696045,-18.091,173.613663,0.001655,9.070,-4.151,-4.099,0.000000
2603.676514,-18.154,171.133240,0.001668,9.070,-4.167,-4.114,0.000000
2612.690918,-18.045,168.897003,0.001647,9.070,-4.182,-4.129,0.000000
2621.733643,-18.129,164.481964,0.001664,9.070,-4.198,-4.144,0.000000
2630.809082,-18.596,159.825378,0.001756,9.070,-4.213,-4.159,0.000000
2639.916016,-19.113,162.585236,0.001864,9.070,-4.228,-4.175,0.000000
2649.054443,-19.387,164.090378,0.001925,9.070,-4.244,-4.190,0.000000
2658.225586,-19.434,164.415924,0.001936,9.070,-4.260,-4.206,0.000000
2667.426025,-20.004,163.302032,0.002068,9.070,-4.275,-4.221,0.000000
2676.659668,-20.998,167.765839,0.002320,9.069,-4.291,-4.237,0.000000
2685.925293,-20.732,175.132797,0.002250,9.069,-4.307,-4.252,0.000000
2695.222900,-19.819,178.503693,0.002026,9.069,-4.323,-4.268,0.000000
2704.552734,-19.295,179.810730,0.001908,9.069,-4.339,-4.284,0.000000
2713.914795,-18.967,174.458939,0.001837,9.069,-4.354,-4.300,0.000000
2723.308105,-19.294,172.636047,0.001908,9.069,-4.370,-4.315,0.000000
2732.736572,-19.204,173.228714,0.001889,9.069,-4.387,-4.331,0.000000
2742.194824,-19.120,172.840683,0.001871,9.069,-4.403,-4.347,0.000000
2751.688477,-18.914,172.940918,0.001827,9.069,-4.419,-4.363,0.000000
2761.212646,-18.653,168.496140,0.001773,9.069,-4.435,-4.379,0.000000
2770.770752,-19.404,164.394226,0.001934,9.069,-4.451,-4.395,0.000000
2780.363525,-19.938,162.498688,0.002057,9.069,-4.468,-4.412,0.000000
2789.986816,-20.532,159.577866,0.002203,9.069,-4.484,-4.428,0.000000
2799.644531,-20.971,167.562363,0.002318,9.069,-4.500,-4.444,0.000000
2809.335938,-21.330,171.968643,0.002416,9.069,-4.517,-4.460,0.000000
2819.060791,-21.450,-179.574951,0.002450,9.069,-4.534,-4.477,0.000000
2828.819336,-20.964,-171.780823,0.002318,9.069,-4.550,-4.493,0.000000
2838.611572,-20.455,-167.672028,0.002187,9.069,-4.567,-4.510,0.000000
2848.436279,-20.272,-163.812805,0.002142,9.069,-4.584,-4.526,0.000000
2858.297852,-20.280,-156.969803,0.002144,9.069,-4.600,-4.543,0.000000
2868.190918,-19.221,-151.726105,0.001899,9.068,-4.617,-4.560,0.000000
2878.120850,-18.411,-156.923508,0.001731,9.068,-4.634,-4.576,0.000000
2888.083740,-17.930,-160.904160,0.001638,9.068,-4.651,-4.593,0.000000
2898.079834,-17.465,-165.291382,0.001553,9.068,-4.668,-4.610,0.000000
2908.113281,-16.869,-169.462921,0.001451,9.068,-4.685,-4.627,0.000000
2918.178711,-16.643,-176.399399,0.001414,9.068,-4.702,-4.644,0.000000
2928.281738,-17.035,178.418610,0.001480,9.068,-4.719,-4.661,0.000000
2938.416748,-17.173,175.458664,0.001504,9.068,-4.737,-4.678,0.000000
2948.588379,-17.619,169.323502,0.001583,9.068,-4.754,-4.695,0.000000
2958.795410,-18.225,169.143799,0.001699,9.068,-4.771,-4.712,0.000000
2969.037598,-18.698,163.609329,0.001794,9.068,-4.789,-4.730,0.000000
2979.313965,-19.266,166.768494,0.001916,9.068,-4.806,-4.747,0.000000
2989.629883,-20.165,168.844681,0.002126,9.068,-4.824,-4.764,0.000000
2999.974609,-21.617,174.911331,0.002513,9.068,-4.842,-4.782,0.000000
3010.360840,-22.232,-174.564331,0.002699,9.068,-4.859,-4.799,0.000000
3020.782959,-21.459,-166.217239,0.002470,9.068,-4.877,-4.817,0.000000
3031.238281,-21.192,-162.753616,0.002396,9.068,-4.895,-4.835,0.000000
3041.732666,-20.982,-158.058990,0.002339,9.068,-4.913,-4.852,0.000000
3052.260498,-20.853,-152.069763,0.002306,9.068,-4.931,-4.870,0.000000
3062.827881,-20.060,-150.072388,0.002105,9.067,-4.949,-4.888,0.000000
3073.428711,-19.081,-150.635956,0.001881,9.067,-4.967,-4.906,0.000000
3084.066162,-18.561,-152.192993,0.001773,9.067,-4.985,-4.924,0.000000
3094.743652,-18.045,-154.981476,0.001671,9.067,-5.003,-4.942,0.000000
3105.457764,-17.906,-158.897873,0.001645,9.067,-5.021,-4.960,0.000000
3116.206299,-18.024,-161.018051,0.001668,9.067,-5.039,-4.978,0.000000
3126.991943,-18.073,-162.211624,0.001678,9.067,-5.058,-4.996,0.000000
3137.817871,-18.131,-163.525681,0.001690,9.067,-5.076,-5.014,0.000000
3148.681152,-18.144,-166.287613,0.001693,9.067,-5.095,-5.033,0.000000
3159.579346,-18.640,-169.278061,0.001794,9.067,-5.113,-5.051,0.000000
3170.515137,-19.387,-169.928955,0.001956,9.067,-5.132,-5.069,0.000000
3181.491699,-20.235,-169.016953,0.002157,9.067,-5.151,-5.088,0.000000
3192.503174,-20.855,-163.959793,0.002318,9.067,-5.169,-5.106,0.000000
3203.555908,-21.454,-158.511322,0.002485,9.067,-5.188,-5.125,0.000000
3214.644043,-21.240,-152.264465,0.002426,9.067,-5.207,-5.144,0.000000
3225.773438,-20.825,-148.434906,0.002314,9.067,-5.226,-5.163,0.000000
3236.938232,-20.374,-146.909393,0.002197,9.067,-5.245,-5.181,0.000000
3248.141602,-20.352,-146.337967,0.002193,9.067,-5.264,-5.200,0.000000
3259.386963,-20.366,-143.628738,0.002197,9.066,-5.283,-5.219,0.000000
3270.671387,-20.130,-139.930389,0.002139,9.066,-5.302,-5.238,0.000000
3281.991699,-19.476,-139.773392,0.001984,9.066,-5.322,-5.257,0.000000
3293.351074,-19.183,-141.592300,0.001919,9.066,-5.341,-5.277,0.000000
3304.752930,-19.225,-144.976181,0.001929,9.066,-5.360,-5.296,0.000000
3316.194336,-19.715,-146.548996,0.002042,9.066,-5.380,-5.315,0.000000
3327.672119,-20.121,-144.190842,0.002140,9.066,-5.400,-5.334,0.000000
3339.189697,-20.585,-140.558655,0.002258,9.066,-5.419,-5.354,0.000000
3350.750244,-20.469,-135.113495,0.002229,9.066,-5.439,-5.373,0.000000
3362.347656,-19.953,-132.047821,0.002101,9.066,-5.459,-5.393,0.000000
3373.985107,-19.794,-131.727234,0.002064,9.066,-5.478,-5.412,0.000000
3385.666260,-19.589,-129.610107,0.002016,9.066,-5.498,-5.432,0.000000
3397.387695,-19.302,-128.477570,0.001952,9.066,-5.518,-5.452,0.000000
3409.146484,-19.205,-127.155617,0.001931,9.066,-5.538,-5.472,0.000000
3420.946045,-19.144,-127.559578,0.001918,9.066,-5.558,-5.492,0.000000
3432.789795,-18.764,-127.743927,0.001836,9.066,-5.578,-5.512,0.000000
3444.674316,-19.064,-130.978058,0.001901,9.066,-5.599,-5.532,0.000000
3456.596924,-19.127,-129.369965,0.001916,9.065,-5.619,-5.552,0.000000
3468.560547,-19.422,-128.994720,0.001983,9.065,-5.639,-5.572,0.000000
3480.569092,-19.685,-126.026695,0.002045,9.065,-5.660,-5.592,0.000000
3492.615723,-19.460,-123.722984,0.001993,9.065,-5.680,-5.612,0.000000
3504.707520,-19.523,-123.960899,0.002008,9.065,-5.701,-5.633,0.000000
3516.837891,-19.540,-121.602539,0.002013,9.065,-5.722,-5.653,0.000000
3529.013428,-19.877,-120.672897,0.002093,9.065,-5.742,-5.674,0.000000
3541.228027,-19.754,-116.045525,0.002064,9.065,-5.763,-5.694,0.000000
3553.484619,-19.676,-118.363342,0.002046,9.065,-5.784,-5.715,0.000000
3565.787109,-20.046,-117.470520,0.002136,9.065,-5.805,-5.736,0.000000
3578.132080,-19.911,-117.293510,0.002103,9.065,-5.826,-5.757,0.000000
3590.516602,-20.734,-119.459694,0.002312,9.065,-5.847,-5.778,0.000000
3602.943848,-21.842,-115.401588,0.002627,9.065,-5.868,-5.799,0.000000
3615.417480,-21.972,-108.169792,0.002668,9.065,-5.889,-5.820,0.000000
3627.934570,-21.608,-103.529022,0.002558,9.065,-5.911,-5.841,0.000000
3640.491211,-21.441,-99.179489,0.002509,9.065,-5.932,-5.862,0.000000
3653.091553,-21.102,-97.217224,0.002414,9.064,-5.954,-5.883,0.000000
3665.739014,-20.789,-93.741051,0.002328,9.064,-5.975,-5.904,0.000000
3678.426514,-20.627,-93.628632,0.002285,9.064,-5.997,-5.926,0.000000
3691.161621,-20.701,-90.033707,0.002304,9.064,-6.018,-5.947,0.000000
3703.937256,-20.367,-86.612480,0.002218,9.064,-6.040,-5.969,0.000000
3716.760498,-19.885,-86.315620,0.002098,9.064,-6.062,-5.990,0.000000
3729.628418,-19.869,-88.772758,0.002094,9.064,-6.084,-6.012,0.000000
3742.533447,-19.971,-88.970009,0.002119,9.064,-6.106,-6.034,0.000000
3755.490479,-20.182,-87.099937,0.002171,9.064,-6.128,-6.056,0.000000
3768.492432,-19.899,-87.011169,0.002101,9.064,-6.150,-6.078,0.000000
3781.535645,-20.322,-88.128349,0.002206,9.064,-6.172,-6.100,0.000000
3794.624023,-20.655,-83.940025,0.002292,9.064,-6.195,-6.122,0.000000
3807.761475,-20.273,-80.013451,0.002193,9.064,-6.217,-6.144,0.000000
3820.940674,-20.138,-78.151451,0.002159,9.064,-6.239,-6.166,0.000000
3834.169189,-19.766,-76.654259,0.002068,9.064,-6.262,-6.188,0.000000
3847.439697,-19.577,-76.316383,0.002023,9.063,-6.285,-6.211,0.000000
3860.760010,-19.617,-78.274605,0.002032,9.063,-6.307,-6.233,0.000000
3874.126221,-20.197,-76.274223,0.002172,9.063,-6.330,-6.256,0.000000
3887.531494,-20.103,-69.868507,0.002148,9.063,-6.353,-6.278,0.000000
3900.990479,-19.463,-67.161629,0.001996,9.063,-6.376,-6.301,0.000000
3914.496094,-19.260,-69.440277,0.001949,9.063,-6.399,-6.324,0.000000
3928.048340,-19.341,-70.042511,0.001967,9.063,-6.422,-6.347,0.000000
3941.640137,-19.548,-69.343796,0.002014,9.063,-6.445,-6.370,0.000000
3955.286377,-19.645,-67.621490,0.002036,9.063,-6.468,-6.393,0.000000
3968.979980,-19.727,-64.921768,0.002055,9.063,-6.491,-6.416,0.000000
3982.717285,-19.511,-61.459599,0.002005,9.063,-6.515,-6.439,0.000000
3996.501953,-19.063,-61.738289,0.001903,9.063,-6.538,-6.462,0.000000
4010.338135,-19.007,-62.740967,0.001891,9.063,-6.546,-6.470,0.000000
4024.218506,-19.050,-63.001450,0.001900,9.063,-6.548,-6.472,0.000000
4038.150879,-19.366,-61.457493,0.001970,9.063,-6.551,-6.474,0.000000
4052.127441,-19.005,-59.281349,0.001889,9.063,-6.553,-6.477,0.000000
4066.156250,-18.867,-60.777092,0.001859,9.063,-6.556,-6.479,0.000000
4080.233643,-19.073,-61.907368,0.001903,9.063,-6.558,-6.482,0.000000
4094.352051,-19.371,-60.912510,0.001969,9.063,-6.561,-6.484,0.000000
4108.526855,-19.595,-58.942207,0.002020,9.063,-6.563,-6.486,0.000000
4122.750977,-19.863,-56.001404,0.002082,9.063,-6.565,-6.489,0.000000
4137.020508,-19.937,-52.408943,0.002099,9.063,-6.568,-6.491,0.000000
4151.339355,-19.675,-49.382545,0.002036,9.063,-6.570,-6.494,0.000000
4165.711914,-19.569,-49.442028,0.002011,9.062,-6.573,-6.496,0.000000
4180.133789,-19.727,-45.931522,0.002046,9.062,-6.575,-6.499,0.000000
4194.601562,-19.449,-43.137852,0.001981,9.062,-6.578,-6.501,0.000000
4209.120117,-19.061,-40.992111,0.001894,9.062,-6.580,-6.504,0.000000
4223.692383,-18.589,-42.501266,0.001793,9.062,-6.583,-6.506,0.000000
4238.314941,-18.359,-45.829697,0.001745,9.062,-6.585,-6.509,0.000000
4252.980469,-18.640,-47.767857,0.001801,9.062,-6.588,-6.511,0.000000
4267.704590,-18.977,-47.042866,0.001872,9.062,-6.591,-6.514,0.000000
4282.479980,-18.972,-45.223263,0.001870,9.062,-6.593,-6.516,0.000000
4297.306152,-18.956,-46.324379,0.001866,9.062,-6.596,-6.519,0.000000
4312.175781,-19.138,-46.369907,0.001905,9.062,-6.598,-6.521,0.000000
4327.104980,-19.309,-48.342949,0.001942,9.062,-6.601,-6.524,0.000000
4342.085449,-19.996,-47.728836,0.002101,9.062,-6.603,-6.526,0.000000
4357.114258,-20.588,-43.280079,0.002248,9.062,-6.606,-6.529,0.000000
4372.194824,-20.620,-38.188934,0.002256,9.062,-6.609,-6.531,0.000000
4387.331543,-20.559,-36.766037,0.002239,9.062,-6.611,-6.534,0.000000
4402.520996,-20.625,-35.302898,0.002255,9.062,-6.614,-6.536,0.000000
4417.758789,-20.948,-32.507225,0.002339,9.062,-6.616,-6.539,0.000000
4433.049316,-21.097,-30.559982,0.002378,9.062,-6.619,-6.542,0.000000
4448.396973,-21.404,-26.293732,0.002462,9.062,-6.622,-6.544,0.000000
4463.797852,-20.972,-20.887238,0.002341,9.062,-6.624,-6.547,0.000000
4479.243164,-20.381,-23.487562,0.002186,9.062,-6.627,-6.550,0.000000
4494.750977,-20.871,-23.613863,0.002311,9.062,-6.630,-6.552,0.000000
4510.312012,-21.023,-20.581495,0.002350,9.062,-6.632,-6.555,0.000000
4525.922852,-20.951,-17.738266,0.002329,9.062,-6.635,-6.557,0.000000
4541.587891,-20.982,-16.150745,0.002336,9.062,-6.638,-6.560,0.000000
4557.311035,-21.303,-13.374755,0.002422,9.062,-6.641,-6.563,0.000000
4573.088867,-21.063,-8.560578,0.002355,9.062,-6.643,-6.565,0.000000
4588.916992,-20.654,-6.528854,0.002246,9.062,-6.646,-6.568,0.000000
4604.799805,-20.911,-7.864874,0.002312,9.062,-6.649,-6.571,0.000000
4620.742188,-20.877,-1.760773,0.002302,9.062,-6.652,-6.574,0.000000
4636.739746,-20.661,-1.162045,0.002244,9.062,-6.654,-6.576,0.000000
4652.788086,-20.326,-0.738318,0.002158,9.062,-6.657,-6.579,0.000000
4668.892090,-20.287,0.322899,0.002147,9.062,-6.660,-6.582,0.000000
4685.056152,-20.220,0.841887,0.002129,9.062,-6.663,-6.585,0.000000
4701.276367,-20.252,0.039599,0.002136,9.062,-6.665,-6.587,0.000000
4717.543457,-20.235,1.777133,0.002131,9.062,-6.668,-6.590,0.000000
4733.875977,-20.380,3.513026,0.002166,9.062,-6.671,-6.593,0.000000
4750.265137,-20.295,4.021859,0.002144,9.062,-6.674,-6.596,0.000000
4766.706543,-20.260,4.827137,0.002134,9.062,-6.677,-6.598,0.000000
4783.209473,-20.463,4.176822,0.002183,9.062,-6.680,-6.601,0.000000
4799.764648,-20.554,7.364879,0.002205,9.062,-6.682,-6.604,0.000000
4816.381836,-20.575,9.364684,0.002209,9.062,-6.685,-6.607,0.000000
4833.052246,-20.436,10.153537,0.002173,9.062,-6.688,-6.610,0.000000
4849.779785,-20.317,10.698557,0.002142,9.062,-6.691,-6.613,0.000000
4866.570312,-20.374,9.870723,0.002155,9.062,-6.694,-6.615,0.000000
4883.418945,-20.626,11.218387,0.002217,9.062,-6.697,-6.618,0.000000
4900.316406,-20.814,12.733692,0.002265,9.062,-6.700,-6.621,0.000000
4917.281738,-20.896,15.021199,0.002286,9.062,-6.703,-6.624,0.000000
4934.305664,-20.762,16.633163,0.002250,9.062,-6.706,-6.627,0.000000
4951.388672,-21.002,17.806007,0.002312,9.062,-6.709,-6.630,0.000000
4968.521484,-21.001,19.886374,0.002311,9.062,-6.712,-6.633,0.000000
4985.723145,-20.804,21.302174,0.002259,9.061,-6.715,-6.636,0.000000
5002.984375,-20.951,21.974646,0.002296,9.061,-6.718,-6.639,0.000000
5020.300293,-20.681,23.888563,0.002226,9.061,-6.721,-6.642,0.000000
5037.681152,-20.618,23.003588,0.002209,9.061,-6.724,-6.645,0.000000
5055.117188,-20.598,21.384335,0.002203,9.061,-6.727,-6.647,0.000000
5072.618164,-20.977,18.662186,0.002300,9.061,-6.730,-6.650,0.000000
5090.175293,-21.697,21.787809,0.002498,9.061,-6.733,-6.653,0.000000
5107.792969,-21.757,26.543777,0.002514,9.061,-6.736,-6.656,0.000000
5125.477051,-21.596,28.982565,0.002467,9.061,-6.739,-6.659,0.000000
5143.221680,-21.646,30.715103,0.002481,9.061,-6.742,-6.662,0.000000
5161.018066,-21.899,30.621204,0.002553,9.061,-6.745,-6.666,0.000000
5178.886230,-22.459,36.662117,0.002723,9.061,-6.748,-6.669,0.000000
5196.815918,-22.020,43.775154,0.002587,9.061,-6.751,-6.672,0.000000
5214.802734,-21.410,48.129566,0.002411,9.061,-6.754,-6.675,0.000000
5232.856934,-20.903,48.754852,0.002274,9.061,-6.757,-6.678,0.000000
5250.968750,-20.851,46.739891,0.002260,9.061,-6.760,-6.681,0.000000
5269.147949,-20.725,49.194633,0.002227,9.061,-6.764,-6.684,0.000000
5287.385254,-20.554,51.415035,0.002183,9.061,-6.767,-6.687,0.000000
5305.685547,-19.816,52.712444,0.002005,9.061,-6.770,-6.690,0.000000
5324.054199,-19.587,51.082047,0.001952,9.061,-6.773,-6.693,0.000000
5342.486816,-19.831,47.415401,0.002008,9.061,-6.776,-6.696,0.000000
5360.978027,-20.034,49.280022,0.002055,9.061,-6.779,-6.700,0.000000
5379.532715,-19.925,49.281681,0.002029,9.061,-6.783,-6.703,0.000000
5398.157227,-19.628,48.900963,0.001961,9.061,-6.786,-6.706,0.000000
5416.846191,-20.063,44.000683,0.002061,9.061,-6.789,-6.709,0.000000
5435.594727,-20.720,45.646770,0.002223,9.061,-6.792,-6.712,0.000000
5454.408203,-21.596,47.131134,0.002459,9.061,-6.796,-6.715,0.000000
5473.291992,-22.076,54.106754,0.002599,9.061,-6.799,-6.719,0.000000
5492.235352,-21.900,58.374290,0.002547,9.061,-6.802,-6.722,0.000000
5511.250000,-21.919,58.370583,0.002552,9.061,-6.805,-6.725,0.000000
5530.325195,-22.514,61.118896,0.002733,9.061,-6.809,-6.728,0.000000
5549.472168,-22.652,66.009789,0.002776,9.061,-6.812,-6.732,0.000000
5568.679199,-22.449,72.303986,0.002711,9.061,-6.815,-6.735,0.000000
5587.953613,-21.850,71.804062,0.002530,9.061,-6.819,-6.738,0.000000
5607.299316,-22.078,72.863792,0.002597,9.061,-6.822,-6.741,0.000000
5626.712402,-21.660,75.800369,0.002475,9.061,-6.825,-6.745,0.000000
5646.181641,-21.460,73.945282,0.002419,9.061,-6.829,-6.748,0.000000
5665.729492,-21.770,75.111725,0.002508,9.061,-6.832,-6.751,0.000000
5685.344727,-21.683,76.364136,0.002483,9.061,-6.835,-6.755,0.000000
5705.027832,-21.890,74.491432,0.002543,9.061,-6.839,-6.758,0.000000
5724.773926,-22.507,76.752457,0.002731,9.061,-6.842,-6.761,0.000000
5744.587891,-22.782,81.248299,0.002819,9.061,-6.846,-6.765,0.000000
5764.476562,-22.523,86.283318,0.002736,9.061,-6.849,-6.768,0.000000
5784.428223,-22.711,86.071404,0.002796,9.061,-6.853,-6.772,0.000000
5804.448730,-23.142,89.990402,0.002939,9.060,-6.856,-6.775,0.000000
5824.544434,-23.025,95.657860,0.002899,9.060,-6.860,-6.778,0.000000
5844.709473,-22.760,98.877678,0.002812,9.060,-6.863,-6.782,0.000000
5864.938965,-22.676,100.498154,0.002785,9.060,-6.867,-6.785,0.000000
5885.238281,-22.308,106.032707,0.002670,9.060,-6.870,-6.789,0.000000
5905.613281,-22.252,104.714592,0.002652,9.060,-6.874,-6.792,0.000000
5926.059082,-21.996,106.235565,0.002575,9.060,-6.877,-6.796,0.000000
5946.570312,-22.009,106.880653,0.002579,9.060,-6.881,-6.799,0.000000
5967.151855,-22.212,105.964615,0.002640,9.060,-6.884,-6.803,0.000000
5987.811035,-22.238,109.186028,0.002648,9.060,-6.888,-6.806,0.000000
6008.535645,-22.502,109.511627,0.002730,9.060,-6.891,-6.810,0.000000
6029.337402,-22.988,115.812469,0.002887,9.060,-6.895,-6.813,0.000000
6050.206055,-22.618,116.244682,0.002766,9.060,-6.899,-6.817,0.000000
6071.152344,-22.991,119.535667,0.002887,9.060,-6.902,-6.820,0.000000
6092.165527,-23.016,122.692200,0.002894,9.060,-6.906,-6.824,0.000000
6113.251465,-22.843,127.804688,0.002837,9.060,-6.909,-6.828,0.000000
6134.416016,-22.025,131.253418,0.002581,9.060,-6.913,-6.831,0.000000
6155.653809,-21.905,129.563248,0.002546,9.060,-6.917,-6.835,0.000000
6176.959473,-21.635,131.009079,0.002467,9.060,-6.920,-6.838,0.000000
6198.338867,-21.536,129.641068,0.002439,9.060,-6.924,-6.842,0.000000
6219.797852,-21.812,130.624344,0.002517,9.060,-6.928,-6.846,0.000000
6241.331543,-21.807,130.491882,0.002515,9.060,-6.932,-6.849,0.000000
6262.933594,-21.854,132.340805,0.002529,9.060,-6.935,-6.853,0.000000
6284.610352,-21.861,133.037750,0.002530,9.060,-6.939,-6.857,0.000000
6306.368652,-22.445,133.881027,0.002706,9.060,-6.943,-6.860,0.000000
6328.195801,-22.657,139.210938,0.002772,9.060,-6.947,-6.864,0.000000
6350.104492,-22.576,139.054047,0.002746,9.060,-6.950,-6.868,0.000000
6372.083008,-22.814,142.270721,0.002822,9.060,-6.954,-6.872,0.000000
6394.143555,-22.481,144.061310,0.002715,9.060,-6.958,-6.875,0.000000
6416.274902,-22.461,144.396179,0.002708,9.060,-6.962,-6.879,0.000000
6438.482422,-22.569,144.211685,0.002742,9.060,-6.966,-6.883,0.000000
6460.772949,-22.873,144.611771,0.002839,9.060,-6.969,-6.887,0.000000
6483.140625,-23.081,147.461761,0.002906,9.060,-6.973,-6.890,0.000000
6505.580078,-23.274,148.817245,0.002970,9.060,-6.977,-6.894,0.000000
6528.096680,-23.601,151.854034,0.003083,9.060,-6.981,-6.898,0.000000
6550.697266,-23.639,155.577530,0.003096,9.060,-6.985,-6.902,0.000000
6573.370605,-24.005,154.649338,0.003228,9.060,-6.989,-6.906,0.000000
6596.127930,-24.501,160.482620,0.003417,9.060,-6.993,-6.910,0.000000
6618.958008,-24.048,164.617111,0.003242,9.059,-6.997,-6.914,0.000000
6641.873535,-24.198,165.429764,0.003297,9.059,-7.001,-6.917,0.000000
6664.861816,-24.252,166.058655,0.003317,9.059,-7.005,-6.921,0.000000
6687.930176,-24.575,167.557999,0.003441,9.059,-7.009,-6.925,0.000000
6711.084473,-24.666,168.229095,0.003476,9.059,-7.013,-6.929,0.000000
6734.318848,-25.300,170.423538,0.003738,9.059,-7.017,-6.933,0.000000
6757.633301,-25.937,178.379684,0.004021,9.059,-7.021,-6.937,0.000000
6781.016113,-25.572,-177.274124,0.003853,9.059,-7.025,-6.941,0.000000
6804.492676,-26.142,-173.303162,0.004113,9.059,-7.029,-6.945,0.000000
6828.050293,-26.341,-166.166870,0.004206,9.059,-7.033,-6.949,0.000000
6851.683105,-26.367,-160.031097,0.004216,9.059,-7.037,-6.953,0.000000
6875.397949,-25.889,-152.838257,0.003988,9.059,-7.041,-6.957,0.000000
6899.201172,-25.954,-147.573532,0.004016,9.059,-7.045,-6.961,0.000000
6923.080078,-24.894,-141.047485,0.003553,9.059,-7.049,-6.965,0.000000
6947.048828,-24.082,-142.770493,0.003234,9.059,-7.053,-6.969,0.000000
6971.093262,-24.481,-143.448898,0.003385,9.059,-7.058,-6.973,0.000000
6995.228027,-24.284,-137.029602,0.003307,9.059,-7.062,-6.978,0.000000
7019.446289,-23.450,-135.494736,0.003003,9.059,-7.066,-6.982,0.000000
7043.734863,-23.625,-134.970047,0.003062,9.059,-7.070,-6.986,0.000000
7068.120605,-23.314,-133.020721,0.002953,9.059,-7.074,-6.990,0.000000
7092.591309,-23.173,-130.935150,0.002904,9.059,-7.079,-6.994,0.000000
7117.139648,-23.112,-131.511642,0.002883,9.059,-7.083,-6.998,0.000000
7141.772949,-23.560,-126.590096,0.003035,9.059,-7.087,-7.003,0.000000
7166.498535,-23.076,-123.463951,0.002869,9.059,-7.091,-7.007,0.000000
7191.309570,-22.856,-124.613174,0.002797,9.059,-7.096,-7.011,0.000000
7216.199707,-22.987,-122.771515,0.002838,9.059,-7.100,-7.015,0.000000
7241.176270,-22.518,-120.844429,0.002688,9.059,-7.104,-7.019,0.000000
7266.245605,-22.667,-120.574692,0.002733,9.059,-7.109,-7.024,0.000000
7291.402344,-22.528,-119.480453,0.002688,9.059,-7.113,-7.028,0.000000
7316.631836,-22.449,-119.260437,0.002663,9.059,-7.117,-7.032,0.000000
7341.962402,-22.499,-118.782776,0.002676,9.059,-7.122,-7.037,0.000000
7367.381348,-22.599,-115.759308,0.002706,9.059,-7.126,-7.041,0.000000
7392.887695,-22.467,-113.998970,0.002664,9.059,-7.131,-7.045,0.000000
7418.468262,-22.282,-115.419914,0.002606,9.059,-7.135,-7.050,0.000000
7444.151855,-22.713,-115.099968,0.002737,9.058,-7.139,-7.054,0.000000
7469.924316,-22.717,-111.567757,0.002737,9.058,-7.144,-7.058,0.000000
7495.778809,-22.738,-112.257698,0.002743,9.058,-7.148,-7.063,0.000000
7521.722656,-23.141,-111.766258,0.002871,9.058,-7.153,-7.067,0.000000
7547.763672,-23.312,-108.878418,0.002927,9.058,-7.157,-7.072,0.000000
7573.887207,-23.300,-107.302940,0.002921,9.058,-7.162,-7.076,0.000000
7600.108887,-23.631,-104.296432,0.003033,9.058,-7.166,-7.081,0.000000
7626.414062,-24.022,-104.178642,0.003171,9.058,-7.171,-7.085,0.000000
7652.817383,-24.445,-98.701202,0.003328,9.058,-7.175,-7.089,0.000000
7679.312012,-24.356,-93.025246,0.003292,9.058,-7.180,-7.094,0.000000
7705.883789,-24.706,-90.871567,0.003426,9.058,-7.185,-7.099,0.000000
7732.562500,-25.148,-83.664658,0.003603,9.058,-7.189,-7.103,0.000000
7759.333008,-24.726,-77.004333,0.003430,9.058,-7.194,-7.108,0.000000
7786.189453,-24.133,-74.283409,0.003202,9.058,-7.198,-7.112,0.000000
7813.138672,-24.159,-69.616211,0.003210,9.058,-7.203,-7.117,0.000000
7840.188477,-23.717,-63.933407,0.003049,9.058,-7.208,-7.121,0.000000
7867.331543,-23.143,-63.862679,0.002853,9.058,-7.213,-7.126,0.000000
7894.561523,-23.143,-62.954220,0.002851,9.058,-7.217,-7.131,0.000000
7921.885742,-23.193,-60.095512,0.002866,9.058,-7.222,-7.135,0.000000
7949.312012,-22.681,-55.799931,0.002701,9.058,-7.227,-7.140,0.000000
7976.833496,-22.557,-59.050808,0.002661,9.058,-7.231,-7.145,0.000000
8004.442383,-22.959,-57.030872,0.002786,9.058,-7.235,-7.149,0.000000
8032.146973,-22.634,-54.673286,0.002682,9.058,-7.236,-7.149,0.000000
8059.955078,-22.854,-57.197647,0.002749,9.058,-7.236,-7.149,0.000000
8087.859375,-23.447,-52.204353,0.002942,9.058,-7.237,-7.150,0.000000
8115.844727,-23.190,-48.270836,0.002855,9.058,-7.237,-7.150,0.000000
8143.942383,-23.355,-46.109791,0.002908,9.058,-7.237,-7.150,0.000000
8172.137695,-23.066,-45.643005,0.002810,9.058,-7.238,-7.151,0.000000
8200.422852,-23.309,-42.516438,0.002887,9.058,-7.238,-7.151,0.000000
8228.805664,-23.227,-40.586723,0.002858,9.058,-7.238,-7.151,0.000000
8257.293945,-23.711,-39.965260,0.003019,9.058,-7.239,-7.152,0.000000
8285.881836,-23.818,-34.761795,0.003053,9.058,-7.239,-7.152,0.000000
8314.560547,-23.653,-32.936562,0.002993,9.058,-7.239,-7.152,0.000000
8343.337891,-23.967,-30.707447,0.003101,9.058,-7.240,-7.153,0.000000
8372.223633,-24.054,-27.074533,0.003128,9.058,-7.240,-7.153,0.000000
8401.208984,-24.314,-23.564877,0.003220,9.058,-7.240,-7.153,0.000000
8430.278320,-24.255,-20.809443,0.003195,9.058,-7.241,-7.154,0.000000
8459.464844,-24.672,-18.106533,0.003349,9.058,-7.241,-7.154,0.000000
8488.752930,-24.727,-10.149101,0.003366,9.058,-7.241,-7.154,0.000000
8518.141602,-24.525,-6.337517,0.003285,9.058,-7.242,-7.155,0.000000
8547.616211,-24.513,-1.322778,0.003277,9.058,-7.242,-7.155,0.000000
8577.208008,-23.749,4.175935,0.002997,9.058,-7.243,-7.156,0.000000
8606.903320,-23.775,3.169062,0.003003,9.058,-7.243,-7.156,0.000000
8636.693359,-23.738,7.461083,0.002986,9.058,-7.243,-7.156,0.000000
8666.594727,-23.591,11.159456,0.002933,9.058,-7.244,-7.157,0.000000
8696.590820,-23.564,15.145228,0.002920,9.058,-7.244,-7.157,0.000000
8726.699219,-23.238,17.163132,0.002808,9.058,-7.244,-7.157,0.000000
8756.903320,-23.427,18.341772,0.002866,9.058,-7.245,-7.158,0.000000
8787.211914,-23.215,22.760849,0.002792,9.058,-7.245,-7.158,0.000000
8817.634766,-23.544,22.138618,0.002896,9.058,-7.246,-7.158,0.000000
8848.162109,-23.784,31.138279,0.002972,9.058,-7.246,-7.159,0.000000
8878.778320,-23.466,32.079205,0.002861,9.058,-7.246,-7.159,0.000000
8909.517578,-23.645,37.699749,0.002916,9.058,-7.247,-7.160,0.000000
8940.363281,-23.092,43.876575,0.002732,9.058,-7.247,-7.160,0.000000
8971.306641,-22.782,44.965145,0.002631,9.058,-7.247,-7.160,0.000000
9002.366211,-22.706,49.446526,0.002604,9.058,-7.248,-7.161,0.000000
9033.524414,-22.444,50.135468,0.002522,9.058,-7.248,-7.161,0.000000
9064.799805,-22.484,54.495193,0.002529,9.058,-7.249,-7.161,0.000000
9096.173828,-22.139,56.177773,0.002427,9.058,-7.249,-7.162,0.000000
9127.657227,-22.278,57.973969,0.002461,9.058,-7.249,-7.162,0.000000
9159.257812,-21.847,59.570087,0.002337,9.058,-7.250,-7.163,0.000000
9190.967773,-21.921,60.519772,0.002352,9.058,-7.250,-7.163,0.000000
9222.770508,-21.915,63.680244,0.002346,9.058,-7.251,-7.163,0.000000
9254.701172,-21.827,64.884003,0.002317,9.058,-7.251,-7.164,0.000000
9286.741211,-21.828,67.183434,0.002313,9.058,-7.251,-7.164,0.000000
9318.892578,-21.744,70.087082,0.002286,9.058,-7.252,-7.165,0.000000
9351.137695,-21.553,71.494225,0.002231,9.058,-7.252,-7.165,0.000000
9383.512695,-21.901,74.407715,0.002318,9.058,-7.253,-7.165,0.000000
9415.999023,-21.790,76.004929,0.002283,9.058,-7.253,-7.166,0.000000
9448.588867,-21.609,78.026718,0.002231,9.058,-7.253,-7.166,0.000000
9481.300781,-21.562,80.718834,0.002214,9.058,-7.254,-7.167,0.000000
9514.117188,-21.453,81.087570,0.002181,9.058,-7.254,-7.167,0.000000
9547.055664,-21.343,83.129509,0.002149,9.058,-7.255,-7.167,0.000000
9580.099609,-21.392,83.381714,0.002156,9.058,-7.255,-7.168,0.000000
9613.257812,-21.591,83.194679,0.002200,9.058,-7.255,-7.168,0.000000
9646.540039,-21.785,87.767052,0.002244,9.058,-7.256,-7.169,0.000000
9679.936523,-21.864,89.810730,0.002259,9.058,-7.256,-7.169,0.000000
9713.431641,-21.793,92.334175,0.002234,9.058,-7.257,-7.169,0.000000
9747.060547,-22.030,94.548683,0.002290,9.058,-7.257,-7.170,0.000000
9780.805664,-22.252,96.333542,0.002343,9.058,-7.257,-7.170,0.000000
9814.658203,-22.404,100.025482,0.002378,9.058,-7.258,-7.171,0.000000
9848.637695,-22.624,104.039665,0.002433,9.058,-7.258,-7.171,0.000000
9882.724609,-22.739,106.913460,0.002458,9.058,-7.259,-7.171,0.000000
9916.939453,-22.654,110.587944,0.002427,9.058,-7.259,-7.172,0.000000
9951.263672,-22.669,112.534531,0.002425,9.058,-7.260,-7.172,0.000000
9985.706055,-22.887,113.897934,0.002480,9.058,-7.260,-7.173,0.000000
10020.278320,-23.048,117.211250,0.002519,9.058,-7.260,-7.173,0.000000
10054.968750,-23.398,120.064323,0.002616,9.058,-7.261,-7.174,0.000000
10089.770508,-23.493,123.676620,0.002637,9.058,-7.261,-7.174,0.000000
10124.692383,-23.642,126.196365,0.002676,9.058,-7.262,-7.174,0.000000
10159.745117,-23.975,129.404236,0.002772,9.058,-7.262,-7.175,0.000000
10194.918945,-24.121,135.307968,0.002811,9.058,-7.263,-7.175,0.000000
10230.205078,-24.084,138.782867,0.002792,9.058,-7.263,-7.176,0.000000
10265.613281,-24.199,143.860596,0.002821,9.058,-7.263,-7.176,0.000000
10301.154297,-24.102,147.793152,0.002782,9.058,-7.264,-7.177,0.000000
10336.807617,-23.989,153.143234,0.002739,9.058,-7.264,-7.177,0.000000
10372.594727,-23.722,154.475693,0.002648,9.058,-7.265,-7.177,0.000000
10408.496094,-24.149,157.246597,0.002774,9.058,-7.265,-7.178,0.000000
10444.531250,-24.230,163.388687,0.002792,9.058,-7.266,-7.178,0.000000
10480.680664,-23.892,167.450211,0.002678,9.058,-7.266,-7.179,0.000000
10516.956055,-23.901,169.482391,0.002675,9.058,-7.267,-7.179,0.000000
10553.367188,-23.979,172.531815,0.002692,9.058,-7.267,-7.180,0.000000
10589.903320,-23.988,175.930573,0.002688,9.058,-7.267,-7.180,0.000000
10626.546875,-24.243,178.661148,0.002761,9.058,-7.268,-7.180,0.000000
10663.336914,-24.647,-175.251923,0.002884,9.058,-7.268,-7.181,0.000000
10700.253906,-24.033,-169.159241,0.002681,9.058,-7.269,-7.181,0.000000
10737.299805,-23.972,-167.853851,0.002655,9.058,-7.269,-7.182,0.000000
10774.462891,-23.973,-165.095764,0.002648,9.058,-7.270,-7.182,0.000000
10811.754883,-24.110,-161.949570,0.002682,9.058,-7.270,-7.183,0.000000
10849.185547,-24.270,-155.456940,0.002725,9.058,-7.271,-7.183,0.000000
10886.736328,-24.388,-152.982208,0.002755,9.058,-7.271,-7.184,0.000000
10924.427734,-24.666,-145.703049,0.002836,9.058,-7.272,-7.184,0.000000
10962.238281,-24.234,-141.989182,0.002691,9.058,-7.272,-7.185,0.000000
11000.190430,-24.541,-138.244202,0.002781,9.058,-7.272,-7.185,0.000000
11038.263672,-24.277,-129.299988,0.002692,9.058,-7.273,-7.185,0.000000
11076.468750,-23.834,-127.009476,0.002552,9.058,-7.273,-7.186,0.000000
11114.816406,-23.484,-122.360977,0.002445,9.058,-7.274,-7.186,0.000000
11153.296875,-23.163,-121.711304,0.002351,9.058,-7.274,-7.187,0.000000
11191.900391,-23.070,-116.568771,0.002320,9.058,-7.275,-7.187,0.000000
11230.636719,-22.550,-114.815025,0.002180,9.058,-7.275,-7.188,0.000000
11269.518555,-22.642,-113.953461,0.002197,9.058,-7.276,-7.188,0.000000
11308.523438,-22.533,-111.377617,0.002164,9.058,-7.276,-7.189,0.000000
11347.674805,-22.442,-110.969063,0.002136,9.058,-7.277,-7.189,0.000000
11386.951172,-22.582,-108.648102,0.002165,9.058,-7.277,-7.190,0.000000
11426.373047,-22.552,-106.375214,0.002152,9.058,-7.278,-7.190,0.000000
11465.921875,-23.030,-103.783836,0.002268,9.058,-7.278,-7.191,0.000000
11505.606445,-22.855,-100.935051,0.002217,9.058,-7.279,-7.191,0.000000
11545.440430,-23.179,-99.918922,0.002296,9.058,-7.279,-7.192,0.000000
11585.412109,-23.189,-95.208740,0.002293,9.058,-7.280,-7.192,0.000000
11625.521484,-23.472,-92.985756,0.002363,9.058,-7.280,-7.193,0.000000
11665.748047,-23.672,-90.462776,0.002413,9.058,-7.281,-7.193,0.000000
11706.135742,-24.026,-86.479141,0.002507,9.058,-7.281,-7.194,0.000000
11746.664062,-24.232,-82.764336,0.002561,9.058,-7.282,-7.194,0.000000
11787.320312,-24.494,-76.978783,0.002633,9.058,-7.282,-7.195,0.000000
11828.118164,-24.538,-72.377449,0.002640,9.058,-7.283,-7.195,0.000000
11869.068359,-24.493,-65.425835,0.002620,9.058,-7.283,-7.196,0.000000
11910.148438,-24.332,-61.236561,0.002566,9.058,-7.284,-7.196,0.000000
11951.382812,-24.173,-56.822258,0.002513,9.058,-7.284,-7.197,0.000000
11992.748047,-23.998,-52.763378,0.002457,9.058,-7.285,-7.197,0.000000
12034.268555,-23.636,-49.281509,0.002351,9.058,-7.285,-7.198,0.000000
12075.931641,-23.535,-47.582207,0.002318,9.058,-7.286,-7.198,0.000000
12117.716797,-23.639,-44.598389,0.002340,9.058,-7.286,-7.199,0.000000
12159.669922,-23.512,-43.544735,0.002300,9.058,-7.287,-7.199,0.000000
12201.767578,-23.670,-41.685989,0.002336,9.058,-7.287,-7.200,0.000000
12243.999023,-23.992,-36.998390,0.002418,9.058,-7.288,-7.200,0.000000
12286.377930,-24.340,-34.554241,0.002510,9.058,-7.288,-7.201,0.000000
12328.914062,-24.560,-30.163698,0.002568,9.058,-7.289,-7.201,0.000000
12371.597656,-24.998,-27.866192,0.002693,9.058,-7.289,-7.202,0.000000
12414.417969,-25.420,-22.018059,0.002820,9.058,-7.290,-7.202,0.000000
12457.385742,-25.420,-15.986367,0.002812,9.058,-7.290,-7.203,0.000000
12500.514648,-25.781,-11.345267,0.002923,9.058,-7.291,-7.203,0.000000
12543.780273,-25.749,-7.405167,0.002904,9.058,-7.292,-7.204,0.000000
12587.196289,-25.584,-2.115100,0.002842,9.058,-7.292,-7.204,0.000000
12630.774414,-25.741,0.494482,0.002885,9.058,-7.293,-7.205,0.000000
12674.502930,-25.971,6.775610,0.002952,9.058,-7.293,-7.205,0.000000
12718.383789,-26.062,11.264443,0.002974,9.058,-7.294,-7.206,0.000000
12762.391602,-25.813,16.517756,0.002880,9.058,-7.294,-7.206,0.000000
12806.576172,-26.097,19.425543,0.002966,9.058,-7.295,-7.207,0.000000
12850.914062,-25.857,25.552877,0.002876,9.058,-7.295,-7.207,0.000000
12895.392578,-26.083,30.250046,0.002942,9.058,-7.296,-7.208,0.000000
12940.025391,-25.969,33.756378,0.002894,9.058,-7.296,-7.209,0.000000
12984.825195,-26.107,37.973236,0.002930,9.058,-7.297,-7.209,0.000000
13029.767578,-25.787,41.527714,0.002814,9.058,-7.298,-7.210,0.000000
13074.876953,-26.168,45.276363,0.002930,9.058,-7.298,-7.210,0.000000
13120.131836,-26.140,47.692715,0.002911,9.058,-7.299,-7.211,0.000000
13165.554688,-26.336,52.120197,0.002967,9.058,-7.299,-7.211,0.000000
13211.134766,-26.684,53.932549,0.003078,9.058,-7.300,-7.212,0.000000
13256.847656,-26.929,56.957058,0.003153,9.058,-7.300,-7.212,0.000000
13302.744141,-27.236,62.794197,0.003255,9.058,-7.301,-7.213,0.000000
13348.799805,-27.682,67.266090,0.003413,9.058,-7.301,-7.214,0.000000
13395.001953,-27.846,74.452774,0.003465,9.058,-7.302,-7.214,0.000000
13441.363281,-27.672,82.130638,0.003384,9.058,-7.303,-7.215,0.000000
13487.899414,-27.718,84.641434,0.003389,9.058,-7.303,-7.215,0.000000
13534.595703,-28.064,92.326385,0.003512,9.058,-7.304,-7.216,0.000000
13581.440430,-27.636,100.806595,0.003330,9.058,-7.304,-7.216,0.000000
13628.447266,-27.499,104.497421,0.003264,9.058,-7.305,-7.217,0.000000
13675.630859,-27.086,108.905426,0.003100,9.058,-7.306,-7.218,0.000000
13722.976562,-26.895,112.120926,0.003020,9.058,-7.306,-7.218,0.000000
13770.473633,-26.875,115.021118,0.003000,9.058,-7.307,-7.219,0.000000
13818.135742,-27.102,120.007042,0.003067,9.058,-7.307,-7.219,0.000000
13865.975586,-26.820,125.789696,0.002956,9.059,-7.308,-7.220,0.000000
13913.980469,-26.500,130.553513,0.002836,9.059,-7.308,-7.220,0.000000
13962.125977,-26.443,131.574646,0.002805,9.059,-7.309,-7.221,0.000000
14010.463867,-26.456,137.393295,0.002797,9.059,-7.310,-7.222,0.000000
14058.969727,-26.357,140.337341,0.002753,9.059,-7.310,-7.222,0.000000
14107.628906,-26.512,143.703537,0.002790,9.059,-7.311,-7.223,0.000000
14156.458008,-26.211,147.990295,0.002682,9.059,-7.311,-7.223,0.000000
14205.468750,-26.287,151.946640,0.002693,9.059,-7.312,-7.224,0.000000
14254.635742,-26.312,154.242599,0.002688,9.059,-7.313,-7.225,0.000000
14303.986328,-26.316,156.991364,0.002676,9.059,-7.313,-7.225,0.000000
14353.495117,-26.407,161.265030,0.002691,9.059,-7.314,-7.226,0.000000
14403.188477,-26.616,165.188004,0.002743,9.059,-7.314,-7.226,0.000000
14453.052734,-26.718,170.513458,0.002762,9.059,-7.315,-7.227,0.000000
14503.063477,-26.546,175.256729,0.002695,9.059,-7.316,-7.228,0.000000
14553.274414,-26.581,178.871582,0.002693,9.059,-7.316,-7.228,0.000000
14603.659180,-26.620,-174.408951,0.002692,9.059,-7.317,-7.229,0.000000
14654.218750,-26.589,-172.215820,0.002670,9.059,-7.318,-7.229,0.000000
14704.924805,-26.694,-165.948334,0.002689,9.059,-7.318,-7.230,0.000000
14755.834961,-26.570,-160.336975,0.002638,9.059,-7.319,-7.231,0.000000
14806.920898,-26.376,-157.093750,0.002568,9.059,-7.319,-7.231,0.000000
14858.168945,-26.475,-151.545700,0.002585,9.059,-7.320,-7.232,0.000000
14909.609375,-26.469,-146.043274,0.002571,9.059,-7.321,-7.233,0.000000
14961.213867,-26.568,-140.529129,0.002587,9.059,-7.321,-7.233,0.000000
15013.010742,-26.546,-134.888275,0.002568,9.059,-7.322,-7.234,0.000000
15064.973633,-26.623,-129.126465,0.002579,9.059,-7.323,-7.234,0.000000
15117.115234,-26.609,-123.556602,0.002562,9.059,-7.323,-7.235,0.000000
15169.452148,-26.475,-117.318810,0.002511,9.059,-7.324,-7.236,0.000000
15221.969727,-26.872,-112.786385,0.002615,9.059,-7.325,-7.236,0.000000
15274.640625,-26.632,-107.443764,0.002531,9.059,-7.325,-7.237,0.000000
15327.523438,-26.554,-102.354546,0.002496,9.059,-7.326,-7.238,0.000000
15380.588867,-26.803,-96.225700,0.002556,9.059,-7.327,-7.238,0.000000
15433.823242,-26.688,-88.426674,0.002510,9.059,-7.327,-7.239,0.000000
15487.241211,-26.450,-84.644905,0.002430,9.059,-7.328,-7.240,0.000000
15540.859375,-26.242,-78.608238,0.002361,9.059,-7.329,-7.240,0.000000
15594.664062,-26.191,-73.270004,0.002335,9.059,-7.329,-7.241,0.000000
15648.638672,-26.258,-65.975372,0.002342,9.059,-7.330,-7.241,0.000000
15702.800781,-25.834,-60.217690,0.002220,9.059,-7.331,-7.242,0.000000
15757.166016,-25.567,-52.618149,0.002143,9.059,-7.331,-7.243,0.000000
15811.718750,-25.087,-44.746681,0.002017,9.059,-7.332,-7.243,0.000000
15866.429688,-24.764,-41.804298,0.001934,9.059,-7.333,-7.244,0.000000
15921.361328,-24.859,-37.327789,0.001946,9.059,-7.333,-7.245,0.000000
15976.482422,-24.642,-32.030994,0.001889,9.059,-7.334,-7.245,0.000000
16031.793945,-24.342,-28.408331,0.001815,9.059,-7.335,-7.246,0.000000
16087.267578,-24.411,-24.009974,0.001821,9.059,-7.335,-7.247,0.000000
16142.962891,-24.637,-19.959690,0.001859,9.059,-7.336,-7.247,0.000000
16198.851562,-24.295,-15.901461,0.001779,9.059,-7.337,-7.248,0.000000
16254.917969,-24.451,-11.257140,0.001802,9.059,-7.337,-7.249,0.000000
16311.194336,-24.366,-4.299857,0.001776,9.059,-7.338,-7.250,0.000000
16367.649414,-24.119,-0.545644,0.001718,9.059,-7.339,-7.250,0.000000
16424.316406,-24.273,4.652643,0.001740,9.059,-7.339,-7.251,0.000000
16481.162109,-24.094,10.602588,0.001696,9.059,-7.340,-7.252,0.000000
16538.205078,-23.676,15.461299,0.001609,9.059,-7.341,-7.252,0.000000
16595.462891,-23.432,20.577772,0.001557,9.059,-7.342,-7.253,0.000000
16652.917969,-23.365,24.768564,0.001537,9.059,-7.342,-7.254,0.000000
16710.539062,-23.155,29.655930,0.001493,9.059,-7.343,-7.254,0.000000
16768.392578,-23.078,34.409058,0.001473,9.059,-7.344,-7.255,0.000000
16826.447266,-22.904,41.065212,0.001436,9.059,-7.344,-7.256,0.000000
16884.685547,-22.608,45.842403,0.001381,9.059,-7.345,-7.257,0.000000
16943.142578,-22.642,50.926434,0.001380,9.059,-7.346,-7.257,0.000000
17001.785156,-22.369,57.633457,0.001330,9.059,-7.347,-7.258,0.000000
17060.646484,-21.977,63.120598,0.001265,9.059,-7.347,-7.259,0.000000
17119.695312,-21.898,69.153015,0.001248,9.059,-7.348,-7.259,0.000000
17178.949219,-21.763,75.295166,0.001223,9.059,-7.349,-7.260,0.000000
17238.423828,-21.323,80.220299,0.001157,9.059,-7.349,-7.261,0.000000
17298.105469,-21.129,84.838249,0.001126,9.059,-7.350,-7.262,0.000000
17357.976562,-20.751,92.123070,0.001073,9.059,-7.351,-7.262,0.000000
17418.054688,-20.215,99.020363,0.001004,9.059,-7.352,-7.263,0.000000
17478.357422,-19.943,102.478683,0.000968,9.059,-7.352,-7.264,0.000000
17538.869141,-19.223,106.256027,0.000887,9.059,-7.353,-7.264,0.000000
17599.556641,-18.810,111.099426,0.000841,9.059,-7.354,-7.265,0.000000
17660.488281,-18.499,118.097397,0.000808,9.059,-7.355,-7.266,0.000000
17721.630859,-18.060,123.927261,0.000764,9.059,-7.355,-7.267,0.000000
17782.968750,-17.739,128.953461,0.000733,9.059,-7.356,-7.267,0.000000
17844.535156,-17.426,135.190399,0.000704,9.059,-7.357,-7.268,0.000000
17906.296875,-16.862,141.291351,0.000656,9.059,-7.358,-7.269,0.000000
17968.291016,-16.641,149.408859,0.000637,9.059,-7.359,-7.270,0.000000
18030.480469,-16.319,154.060944,0.000611,9.059,-7.359,-7.270,0.000000
18092.886719,-15.541,160.705429,0.000556,9.059,-7.360,-7.271,0.000000
18155.525391,-14.986,165.964920,0.000519,9.059,-7.361,-7.272,0.000000
18218.382812,-14.294,173.054489,0.000477,9.059,-7.362,-7.273,0.000000
18281.421875,-13.672,178.214752,0.000452,9.059,-7.362,-7.273,0.000000
18344.712891,-13.099,-176.378952,0.000412,9.059,-7.363,-7.274,0.000000
18408.224609,-12.407,-169.963638,0.000378,9.059,-7.364,-7.275,0.000000
18471.955078,-11.705,-164.651688,0.000347,9.059,-7.365,-7.276,0.000000
18535.888672,-10.941,-158.585159,0.000316,9.059,-7.366,-7.277,0.000000
18600.044922,-10.378,-153.272659,0.000381,9.059,-7.366,-7.277,0.000000
18664.439453,-9.440,-146.409592,0.000264,9.059,-7.367,-7.278,0.000000
18729.041016,-8.570,-141.396622,0.000242,9.059,-7.368,-7.279,0.000000
18793.880859,-7.926,-132.823059,0.000274,9.059,-7.369,-7.280,0.000000
18858.929688,-6.349,-125.401382,0.000292,9.059,-7.370,-7.280,0.000000
18924.220703,-4.772,-118.576630,0.000190,9.059,-7.370,-7.281,0.000000
18989.720703,-3.247,-111.987289,0.000249,9.059,-7.371,-7.282,0.000000
19055.447266,-2.459,-108.582542,0.000240,9.059,-7.372,-7.283,0.000000
19121.417969,-1.903,-104.702110,0.000244,9.059,-7.373,-7.284,0.000000
19187.619141,-1.357,-102.235222,0.000227,9.059,-7.374,-7.284,0.000000
19254.029297,-0.713,-98.756180,0.000329,9.059,-7.374,-7.285,0.000000
19320.669922,0.204,-96.133568,0.000343,9.059,-7.375,-7.286,0.000000
19387.560547,0.889,-98.385605,0.000391,9.059,-7.376,-7.287,0.000000
19454.664062,1.294,-99.144142,0.000467,9.059,-7.377,-7.288,0.000000
19522.017578,1.475,-101.028976,0.000553,9.059,-7.378,-7.289,0.000000
19589.585938,-207.572,0.000000,0.000000,9.059,-7.379,-7.289,0.000000
19657.406250,-207.605,0.000000,0.000000,9.059,-7.379,-7.290,0.000000
19725.443359,-207.638,0.000000,0.000000,9.059,-7.380,-7.291,0.000000
19793.716797,-207.671,0.000000,0.000000,9.059,-7.381,-7.292,0.000000
19862.244141,-207.704,0.000000,0.000000,9.059,-7.382,-7.293,0.000000
19931.009766,-207.737,0.000000,0.000000,9.059,-7.383,-7.294,0.000000
19999.974609,-207.770,0.000000,0.000000,9.059,-7.384,-7.294,0.000000
