frequency_hz,spl_db,phase_deg,thd_percent,rt60_ms,c50_db,c80_db,group_delay_ms
20.000000,-32.329,119.862564,0.008279,8.579,8.091,8.678,0.000000
20.069233,-33.844,115.859413,0.009857,8.579,8.091,8.678,0.000000
20.138704,-33.741,111.834923,0.009740,8.579,8.091,8.678,0.000000
20.208418,-34.161,107.630211,0.010224,8.579,8.091,8.678,0.000000
20.278366,-34.184,91.339088,0.010250,8.579,8.091,8.678,0.000000
20.348562,-34.177,72.970528,0.010241,8.579,8.091,8.678,0.000000
20.419001,-34.209,78.338928,0.010280,8.579,8.091,8.678,0.000000
20.489683,-35.099,72.849976,0.011388,8.579,8.091,8.678,0.000000
20.560612,-35.514,62.231064,0.011948,8.579,8.091,8.678,0.000000
20.631784,-37.160,70.050011,0.014445,8.579,8.091,8.678,0.000000
20.703203,-37.740,66.875069,0.015444,8.579,8.091,8.678,0.000000
20.774866,-37.374,62.825314,0.014811,8.579,8.091,8.678,0.000000
20.846781,-37.201,52.548576,0.014521,8.579,8.091,8.678,0.000000
20.918943,-37.914,43.734577,0.015767,8.579,8.091,8.678,0.000000
20.991358,-37.691,56.947632,0.015367,8.579,8.091,8.678,0.000000
21.064020,-36.656,59.082897,0.013640,8.579,8.091,8.678,0.000000
21.136936,-37.312,50.772854,0.014710,8.579,8.091,8.678,0.000000
21.210104,-37.962,40.534706,0.015854,8.579,8.091,8.678,0.000000
21.283520,-38.341,31.606180,0.016560,8.579,8.091,8.678,0.000000
21.357197,-38.418,20.024950,0.016709,8.579,8.091,8.678,0.000000
21.431126,-38.631,-2.575332,0.017125,8.579,8.091,8.678,0.000000
21.505312,-37.637,-20.665131,0.015276,8.579,8.091,8.678,0.000000
21.579756,-38.376,-22.158581,0.016634,8.579,8.091,8.678,0.000000
21.654457,-38.459,-22.220070,0.016798,8.579,8.091,8.678,0.000000
21.729416,-39.085,-33.664719,0.018055,8.579,8.091,8.678,0.000000
21.804630,-38.368,-39.580956,0.016627,8.579,8.091,8.678,0.000000
21.880110,-39.323,-53.119572,0.018564,8.579,8.091,8.678,0.000000
21.955851,-40.105,-47.355522,0.020314,8.579,8.091,8.678,0.000000
22.031853,-39.089,-58.124805,0.018071,8.579,8.091,8.678,0.000000
22.108118,-39.093,-59.299141,0.018080,8.579,8.091,8.678,0.000000
22.184649,-39.267,-57.930405,0.018446,8.579,8.091,8.678,0.000000
22.261442,-38.854,-62.767818,0.017589,8.579,8.091,8.678,0.000000
22.338503,-39.157,-64.924324,0.018213,8.579,8.091,8.678,0.000000
22.415825,-38.257,-71.409218,0.016422,8.579,8.091,8.678,0.000000
22.493420,-37.411,-66.477844,0.014898,8.579,8.091,8.678,0.000000
22.571283,-37.290,-72.748299,0.014696,8.579,8.091,8.678,0.000000
22.649418,-37.289,-72.748299,0.014696,8.579,8.091,8.678,0.000000
22.727821,-37.406,-72.104141,0.014896,8.579,8.091,8.678,0.000000
22.806496,-36.192,-79.944435,0.012956,8.579,8.091,8.678,0.000000
22.885437,-35.678,-81.243698,0.012213,8.579,8.091,8.678,0.000000
22.964659,-35.389,-87.423584,0.011816,8.579,8.091,8.678,0.000000
23.044153,-34.074,-87.324234,0.010157,8.579,8.091,8.678,0.000000
23.123922,-33.963,-88.219551,0.010030,8.579,8.091,8.678,0.000000
23.203970,-33.349,-93.433167,0.009347,8.579,8.091,8.678,0.000000
23.284292,-32.862,-98.858452,0.008839,8.579,8.091,8.678,0.000000
23.364893,-32.568,-100.547897,0.008547,8.579,8.091,8.678,0.000000
23.445774,-32.330,-101.097023,0.008317,8.579,8.091,8.678,0.000000
23.526928,-31.444,-105.595520,0.007511,8.579,8.091,8.678,0.000000
23.608370,-30.690,-110.333527,0.006887,8.579,8.091,8.678,0.000000
23.690092,-30.675,-113.465332,0.006875,8.579,8.091,8.678,0.000000
23.772099,-30.558,-115.473145,0.006783,8.579,8.091,8.678,0.000000
23.854389,-29.859,-118.225761,0.006258,8.579,8.091,8.678,0.000000
23.936964,-29.461,-120.867859,0.005978,8.579,8.091,8.678,0.000000
24.019825,-28.950,-125.329193,0.005637,8.579,8.091,8.678,0.000000
24.102966,-28.491,-127.488670,0.005347,8.579,8.091,8.678,0.000000
24.186401,-27.866,-131.618805,0.004977,8.579,8.091,8.678,0.000000
24.270124,-27.663,-135.357681,0.004863,8.579,8.091,8.678,0.000000
24.354139,-27.331,-137.427231,0.004681,8.579,8.091,8.678,0.000000
24.438444,-27.095,-141.770538,0.004557,8.579,8.091,8.678,0.000000
24.523041,-26.596,-145.696671,0.004303,8.579,8.091,8.678,0.000000
24.607929,-26.435,-148.137604,0.004224,8.579,8.091,8.678,0.000000
24.693108,-26.015,-150.951965,0.004026,8.579,8.091,8.678,0.000000
24.778585,-25.531,-154.965958,0.003808,8.579,8.091,8.678,0.000000
24.864359,-25.278,-160.194992,0.003699,8.579,8.091,8.678,0.000000
24.950430,-24.853,-164.047134,0.003524,8.579,8.091,8.678,0.000000
25.036798,-24.549,-167.911163,0.003403,8.579,8.091,8.678,0.000000
25.123466,-24.229,-171.880127,0.003280,8.579,8.091,8.678,0.000000
25.210434,-23.809,-176.566513,0.003126,8.579,8.091,8.678,0.000000
25.297697,-23.449,179.443024,0.002999,8.579,8.091,8.678,0.000000
25.385267,-23.219,174.670868,0.002921,8.579,8.091,8.678,0.000000
25.473143,-22.859,170.171341,0.002802,8.579,8.091,8.678,0.000000
25.561321,-22.571,164.949097,0.002711,8.579,8.091,8.678,0.000000
25.649803,-22.377,159.953735,0.002651,8.579,8.091,8.678,0.000000
25.738594,-22.154,155.262161,0.002584,8.579,8.091,8.678,0.000000
25.827690,-22.004,150.209991,0.002539,8.579,8.091,8.678,0.000000
25.917089,-21.779,145.375763,0.002475,8.579,8.091,8.678,0.000000
26.006805,-21.792,142.860901,0.002479,8.579,8.091,8.678,0.000000
26.096830,-21.657,138.429184,0.002441,8.579,8.091,8.678,0.000000
26.187168,-21.573,134.025848,0.002418,8.579,8.091,8.678,0.000000
26.277819,-21.492,129.905869,0.002396,8.579,8.091,8.678,0.000000
26.368782,-21.280,125.382568,0.002339,8.579,8.091,8.678,0.000000
26.460054,-21.251,121.645912,0.002331,8.579,8.091,8.678,0.000000
26.551649,-21.115,117.097061,0.002296,8.579,8.091,8.678,0.000000
26.643560,-21.015,113.337784,0.002270,8.579,8.091,8.678,0.000000
26.735790,-20.950,109.770691,0.002253,8.579,8.091,8.678,0.000000
26.828339,-20.808,106.052597,0.002217,8.579,8.091,8.678,0.000000
26.921207,-20.669,102.571548,0.002182,8.579,8.091,8.678,0.000000
27.014399,-20.482,99.347694,0.002136,8.579,8.091,8.678,0.000000
27.107912,-20.334,95.745377,0.002100,8.579,8.091,8.678,0.000000
27.201744,-20.081,92.342171,0.002040,8.579,8.091,8.678,0.000000
27.295906,-19.875,88.939781,0.001992,8.579,8.091,8.678,0.000000
27.390394,-19.670,85.289360,0.001946,8.579,8.091,8.678,0.000000
27.485209,-19.392,81.628250,0.001884,8.579,8.091,8.678,0.000000
27.580351,-19.210,78.232307,0.001845,8.579,8.091,8.678,0.000000
27.675825,-18.961,74.518723,0.001793,8.579,8.091,8.678,0.000000
27.771622,-18.667,70.908798,0.001734,8.579,8.091,8.678,0.000000
27.867756,-18.331,64.919739,0.001668,8.579,8.091,8.678,0.000000
27.964224,-18.086,61.123222,0.001622,8.579,8.091,8.678,0.000000
28.061024,-17.854,57.114613,0.001580,8.579,8.091,8.678,0.000000
28.158161,-17.592,51.564625,0.001533,8.579,8.091,8.678,0.000000
28.255634,-17.359,47.536713,0.001493,8.579,8.091,8.678,0.000000
28.353443,-17.175,43.964260,0.001462,8.579,8.091,8.678,0.000000
28.451593,-16.994,40.046726,0.001432,8.579,8.091,8.678,0.000000
28.550081,-16.790,36.091251,0.001399,8.579,8.091,8.678,0.000000
28.648903,-16.670,32.467167,0.001380,8.579,8.091,8.678,0.000000
28.748075,-16.498,28.577011,0.001353,8.579,8.091,8.678,0.000000
28.847589,-16.365,25.138680,0.001333,8.579,8.091,8.678,0.000000
28.947449,-16.195,21.310234,0.001307,8.579,8.091,8.678,0.000000
29.047655,-16.074,17.717014,0.001289,8.579,8.091,8.678,0.000000
29.148207,-15.883,12.432749,0.001261,8.579,8.091,8.678,0.000000
29.249100,-15.718,8.719008,0.001237,8.579,8.091,8.678,0.000000
29.350348,-15.581,5.058443,0.001218,8.579,8.091,8.678,0.000000
29.451948,-15.400,-0.525205,0.001193,8.579,8.091,8.678,0.000000
29.553900,-15.283,-4.378094,0.001177,8.579,8.091,8.678,0.000000
29.656204,-15.160,-8.228076,0.001160,8.579,8.091,8.678,0.000000
29.758862,-15.041,-12.243217,0.001145,8.579,8.091,8.678,0.000000
29.861876,-14.936,-16.765139,0.001131,8.579,8.091,8.678,0.000000
29.965246,-14.938,-23.386530,0.001132,8.579,8.091,8.678,0.000000
30.068968,-14.900,-27.716225,0.001127,8.579,8.091,8.678,0.000000
30.173054,-14.854,-32.554909,0.001121,8.579,8.091,8.678,0.000000
30.277502,-14.900,-37.779903,0.001127,8.579,8.091,8.678,0.000000
30.382311,-15.116,-45.126545,0.001156,8.579,8.091,8.678,0.000000
30.487482,-15.302,-50.125446,0.001181,8.579,8.091,8.678,0.000000
30.593019,-15.804,-56.031738,0.001251,8.579,8.091,8.678,0.000000
30.698914,-16.117,-60.121063,0.001298,8.579,8.091,8.678,0.000000
30.805182,-16.413,-63.581902,0.001343,8.579,8.091,8.678,0.000000
30.911816,-16.783,-66.938530,0.001402,8.579,8.091,8.678,0.000000
31.018822,-17.197,-69.731010,0.001470,8.579,8.091,8.678,0.000000
31.126196,-17.712,-73.699463,0.001560,8.579,8.091,8.678,0.000000
31.233944,-18.126,-76.430786,0.001636,8.579,8.091,8.678,0.000000
31.342064,-18.458,-78.945229,0.001700,8.579,8.091,8.678,0.000000
31.450558,-18.801,-81.177689,0.001768,8.579,8.091,8.678,0.000000
31.559420,-19.141,-81.302498,0.001839,8.579,8.091,8.678,0.000000
31.668667,-19.254,-82.941452,0.001863,8.579,8.091,8.678,0.000000
31.778292,-19.545,-85.797386,0.001927,8.579,8.091,8.678,0.000000
31.888296,-19.889,-87.929062,0.002005,8.579,8.091,8.678,0.000000
31.998680,-20.047,-89.276237,0.002042,8.579,8.091,8.678,0.000000
32.109447,-20.104,-89.536095,0.002056,8.579,8.091,8.678,0.000000
32.220600,-20.620,-92.485901,0.002182,8.579,8.091,8.678,0.000000
32.332127,-21.040,-93.284775,0.002291,8.579,8.091,8.678,0.000000
32.444046,-21.510,-89.553711,0.002418,8.579,8.091,8.678,0.000000
32.556355,-21.241,-89.062088,0.002345,8.579,8.091,8.678,0.000000
32.669052,-21.170,-90.441978,0.002326,8.579,8.091,8.678,0.000000
32.782143,-21.441,-91.228752,0.002400,8.579,8.091,8.678,0.000000
32.895622,-21.430,-90.163773,0.002398,8.579,8.091,8.678,0.000000
33.009491,-21.292,-89.530434,0.002361,8.579,8.091,8.678,0.000000
33.123760,-21.251,-89.925652,0.002350,8.579,8.091,8.678,0.000000
33.238411,-21.161,-90.667511,0.002326,8.579,8.091,8.678,0.000000
33.353470,-20.859,-89.588905,0.002246,8.579,8.091,8.678,0.000000
33.468929,-20.802,-91.159317,0.002232,8.579,8.091,8.678,0.000000
33.584785,-20.315,-95.635902,0.002110,8.579,8.091,8.678,0.000000
33.701042,-20.461,-97.145737,0.002146,8.579,8.091,8.678,0.000000
33.817696,-20.327,-99.077019,0.002113,8.579,8.091,8.678,0.000000
33.934757,-20.046,-101.904411,0.002046,8.579,8.091,8.678,0.000000
34.052227,-20.172,-105.378860,0.002076,8.579,8.091,8.678,0.000000
34.170105,-20.231,-108.016762,0.002090,8.579,8.091,8.678,0.000000
34.288387,-20.163,-111.217789,0.002074,8.579,8.091,8.678,0.000000
34.407082,-20.365,-115.740463,0.002123,8.579,8.091,8.678,0.000000
34.526184,-20.473,-117.853706,0.002150,8.579,8.091,8.678,0.000000
34.645702,-20.606,-120.153320,0.002184,8.579,8.091,8.678,0.000000
34.765621,-20.979,-125.449547,0.002280,8.579,8.091,8.678,0.000000
34.885967,-21.158,-127.414993,0.002328,8.579,8.091,8.678,0.000000
35.006729,-21.435,-130.475494,0.002404,8.579,8.091,8.678,0.000000
35.127911,-22.068,-132.985931,0.002586,8.579,8.091,8.678,0.000000
35.249508,-22.282,-134.515121,0.002651,8.579,8.091,8.678,0.000000
35.371529,-22.425,-136.126831,0.002696,8.579,8.091,8.678,0.000000
35.493965,-23.007,-139.939224,0.002883,8.579,8.091,8.678,0.000000
35.616829,-23.309,-140.438156,0.002985,8.579,8.091,8.678,0.000000
35.740120,-23.765,-141.589355,0.003146,8.579,8.091,8.678,0.000000
35.863842,-24.231,-142.836334,0.003320,8.579,8.091,8.678,0.000000
35.987988,-24.681,-143.272125,0.003496,8.579,8.091,8.678,0.000000
36.112564,-25.152,-142.382217,0.003691,8.579,8.091,8.678,0.000000
36.237572,-25.463,-141.685669,0.003825,8.579,8.091,8.678,0.000000
36.363010,-25.713,-141.116943,0.003937,8.579,8.091,8.678,0.000000
36.488888,-25.948,-140.728134,0.004045,8.579,8.091,8.678,0.000000
36.615189,-26.472,-138.678238,0.004298,8.579,8.091,8.678,0.000000
36.741936,-26.508,-136.749008,0.004316,8.579,8.091,8.678,0.000000
36.869122,-26.558,-135.657532,0.004342,8.579,8.091,8.678,0.000000
36.996750,-26.678,-134.780365,0.004403,8.579,8.091,8.678,0.000000
37.124817,-26.670,-133.304276,0.004400,8.579,8.091,8.678,0.000000
37.253323,-26.523,-131.912704,0.004327,8.579,8.091,8.678,0.000000
37.382278,-26.315,-131.546371,0.004225,8.579,8.091,8.678,0.000000
37.511681,-26.290,-130.769867,0.004214,8.579,8.091,8.678,0.000000
37.641533,-26.083,-131.087769,0.004115,8.579,8.091,8.678,0.000000
37.771832,-26.009,-130.673416,0.004081,8.579,8.091,8.678,0.000000
37.902584,-25.845,-131.469116,0.004005,8.579,8.091,8.678,0.000000
38.033791,-25.605,-131.371567,0.003897,8.579,8.091,8.678,0.000000
38.165447,-25.589,-132.375229,0.003890,8.579,8.091,8.678,0.000000
38.297562,-25.353,-133.603210,0.003786,8.579,8.091,8.678,0.000000
38.430122,-25.208,-134.104660,0.003723,8.579,8.091,8.678,0.000000
38.563152,-25.028,-135.847977,0.003647,8.579,8.091,8.678,0.000000
38.696644,-25.036,-137.382629,0.003650,8.579,8.091,8.678,0.000000
38.830597,-25.139,-139.734558,0.003694,8.579,8.091,8.678,0.000000
38.965015,-25.144,-139.923859,0.003696,8.579,8.091,8.678,0.000000
39.099895,-25.270,-141.443497,0.003750,8.579,8.091,8.678,0.000000
39.235237,-25.452,-142.814713,0.003830,8.579,8.091,8.678,0.000000
39.371052,-25.758,-143.533325,0.003968,8.579,8.091,8.678,0.000000
39.507339,-25.908,-142.892105,0.004038,8.579,8.091,8.678,0.000000
39.644100,-26.054,-142.418991,0.004107,8.579,8.091,8.678,0.000000
39.781334,-26.272,-142.056946,0.004212,8.579,8.091,8.678,0.000000
39.919041,-26.496,-140.225616,0.004323,8.579,8.091,8.678,0.000000
40.057224,-26.584,-138.676666,0.004368,8.579,8.091,8.678,0.000000
40.195889,-26.448,-134.709732,0.004301,8.579,8.091,8.678,0.000000
40.335030,-26.010,-134.243134,0.004090,8.579,8.091,8.678,0.000000
40.474644,-26.118,-130.783813,0.004142,8.579,8.091,8.678,0.000000
40.614754,-25.717,-128.300385,0.003956,8.579,8.091,8.678,0.000000
40.755344,-25.420,-126.330444,0.003823,8.579,8.091,8.678,0.000000
40.896423,-24.896,-124.954422,0.003600,8.579,8.091,8.678,0.000000
41.037983,-24.534,-123.789635,0.003453,8.579,8.091,8.678,0.000000
41.180042,-23.845,-123.863800,0.003190,8.579,8.091,8.678,0.000000
41.322590,-23.441,-124.021561,0.003045,8.579,8.091,8.678,0.000000
41.465633,-22.843,-126.350479,0.002842,8.579,8.091,8.678,0.000000
41.609173,-22.571,-128.595306,0.002755,8.579,8.091,8.678,0.000000
41.753204,-22.278,-129.801117,0.002663,8.579,8.091,8.678,0.000000
41.897739,-21.937,-131.860962,0.002561,8.579,8.091,8.678,0.000000
42.042774,-21.755,-133.462677,0.002508,8.579,8.091,8.678,0.000000
42.188309,-21.660,-135.823135,0.002481,8.579,8.091,8.678,0.000000
42.334339,-21.598,-136.400787,0.002464,8.579,8.091,8.678,0.000000
42.480885,-21.596,-138.065750,0.002464,8.579,8.091,8.678,0.000000
42.627937,-21.569,-137.677048,0.002457,8.579,8.091,8.678,0.000000
42.775497,-21.383,-137.286102,0.002405,8.579,8.091,8.678,0.000000
42.923573,-21.162,-136.537506,0.002345,8.579,8.091,8.678,0.000000
43.072155,-20.698,-136.116074,0.002223,8.579,8.091,8.678,0.000000
43.221245,-20.403,-136.174942,0.002149,8.579,8.091,8.678,0.000000
43.370861,-19.830,-136.518875,0.002013,8.579,8.091,8.678,0.000000
43.520992,-19.016,-136.963837,0.001833,8.579,8.091,8.678,0.000000
43.671646,-18.429,-138.055893,0.001713,8.579,8.091,8.678,0.000000
43.822823,-17.861,-140.531845,0.001605,8.579,8.091,8.678,0.000000
43.974518,-17.091,-143.729034,0.001469,8.579,8.091,8.678,0.000000
44.126743,-16.542,-146.875504,0.001379,8.579,8.091,8.678,0.000000
44.279491,-16.064,-150.182556,0.001305,8.579,8.091,8.678,0.000000
44.432770,-15.472,-154.941193,0.001219,8.579,8.091,8.678,0.000000
44.586567,-14.950,-159.696487,0.001148,8.579,8.091,8.678,0.000000
44.740910,-14.730,-162.548050,0.001120,8.579,8.091,8.678,0.000000
44.895786,-14.392,-167.610565,0.001077,8.579,8.091,8.678,0.000000
45.051197,-14.074,-172.525528,0.001038,8.579,8.091,8.678,0.000000
45.207138,-13.946,-175.023575,0.001023,8.579,8.091,8.678,0.000000
45.363636,-13.736,179.913879,0.000999,8.579,8.091,8.678,0.000000
45.520660,-13.566,174.935638,0.000980,8.579,8.091,8.678,0.000000
45.678234,-13.480,171.018295,0.000970,8.579,8.091,8.678,0.000000
45.836353,-13.422,167.155731,0.000964,8.579,8.091,8.678,0.000000
45.995022,-13.380,162.207977,0.000960,8.579,8.091,8.678,0.000000
46.154240,-13.388,158.663620,0.000961,8.579,8.091,8.678,0.000000
46.314007,-13.367,154.118927,0.000958,8.579,8.091,8.678,0.000000
46.474327,-13.340,149.247284,0.000956,8.579,8.091,8.678,0.000000
46.635193,-13.342,145.795441,0.000956,8.579,8.091,8.678,0.000000
46.796627,-13.393,142.172867,0.000962,8.579,8.091,8.678,0.000000
46.958618,-13.450,137.402954,0.000968,8.579,8.091,8.678,0.000000
47.121170,-13.546,132.736938,0.000979,8.579,8.091,8.678,0.000000
47.284286,-13.595,129.331085,0.000985,8.579,8.091,8.678,0.000000
47.447968,-13.676,125.716675,0.000994,8.579,8.091,8.678,0.000000
47.612202,-13.835,120.945335,0.001012,8.579,8.091,8.678,0.000000
47.777020,-14.042,116.444366,0.001037,8.579,8.091,8.678,0.000000
47.942402,-14.239,112.164474,0.001060,8.579,8.091,8.678,0.000000
48.108360,-14.407,109.026573,0.001081,8.579,8.091,8.678,0.000000
48.274895,-14.577,106.107590,0.001103,8.579,8.091,8.678,0.000000
48.442005,-14.840,102.092911,0.001137,8.579,8.091,8.678,0.000000
48.609692,-15.165,98.395103,0.001180,8.579,8.091,8.678,0.000000
48.777958,-15.494,94.961540,0.001226,8.579,8.091,8.678,0.000000
48.946812,-15.785,92.687927,0.001268,8.579,8.091,8.678,0.000000
49.116234,-16.195,90.027084,0.001330,8.579,8.091,8.678,0.000000
49.286255,-16.519,87.539093,0.001380,8.579,8.091,8.678,0.000000
49.456863,-16.894,84.608742,0.001442,8.579,8.091,8.678,0.000000
49.628067,-17.228,82.593758,0.001498,8.579,8.091,8.678,0.000000
49.799858,-17.639,80.356216,0.001571,8.579,8.091,8.678,0.000000
49.972248,-18.008,78.305321,0.001640,8.579,8.091,8.678,0.000000
50.145218,-18.247,76.914299,0.001686,8.579,8.091,8.678,0.000000
50.318802,-18.632,74.669708,0.001762,8.579,8.091,8.678,0.000000
50.492989,-18.939,72.965019,0.001826,8.579,8.091,8.678,0.000000
50.667774,-19.251,71.064232,0.001893,8.579,8.091,8.678,0.000000
50.843166,-19.611,68.915100,0.001973,8.579,8.091,8.678,0.000000
51.019169,-19.973,67.283424,0.002057,8.579,8.091,8.678,0.000000
51.195774,-20.310,65.552376,0.002138,8.579,8.091,8.678,0.000000
51.372997,-20.640,63.939396,0.002221,8.579,8.091,8.678,0.000000
51.550816,-20.950,62.862511,0.002301,8.579,8.091,8.678,0.000000
51.729267,-21.305,61.692875,0.002398,8.579,8.091,8.678,0.000000
51.908333,-21.745,60.617123,0.002523,8.579,8.091,8.678,0.000000
52.088020,-22.098,59.923058,0.002628,8.579,8.091,8.678,0.000000
52.268330,-22.521,59.306950,0.002760,8.579,8.091,8.678,0.000000
52.449261,-22.935,58.938801,0.002895,8.579,8.091,8.678,0.000000
52.630810,-23.340,58.640198,0.003033,8.579,8.091,8.678,0.000000
52.812996,-23.765,59.002831,0.003186,8.579,8.091,8.678,0.000000
52.995815,-24.146,59.210217,0.003330,8.579,8.091,8.678,0.000000
53.179264,-24.498,59.703789,0.003468,8.579,8.091,8.678,0.000000
53.363350,-24.897,60.064392,0.003632,8.579,8.091,8.678,0.000000
53.548077,-25.235,61.601559,0.003777,8.579,8.091,8.678,0.000000
53.733437,-25.439,62.807648,0.003867,8.579,8.091,8.678,0.000000
53.919441,-25.623,63.987545,0.003950,8.579,8.091,8.678,0.000000
54.106079,-25.883,65.256142,0.004071,8.579,8.091,8.678,0.000000
54.293373,-26.107,67.423843,0.004177,8.579,8.091,8.678,0.000000
54.481316,-26.155,69.649849,0.004201,8.579,8.091,8.678,0.000000
54.669895,-26.116,71.675789,0.004181,8.579,8.091,8.678,0.000000
54.859169,-26.018,73.109520,0.004135,8.579,8.091,8.678,0.000000
55.049042,-25.923,75.186348,0.004090,8.579,8.091,8.678,0.000000
55.239601,-25.792,76.667435,0.004028,8.579,8.091,8.678,0.000000
55.430820,-25.591,77.466759,0.003937,8.579,8.091,8.678,0.000000
55.622700,-25.386,77.927811,0.003846,8.579,8.091,8.678,0.000000
55.815247,-25.065,78.561653,0.003707,8.579,8.091,8.678,0.000000
56.008457,-24.804,77.979271,0.003597,8.579,8.091,8.678,0.000000
56.202335,-24.482,76.910469,0.003467,8.579,8.091,8.678,0.000000
56.396889,-24.243,75.284378,0.003373,8.579,8.091,8.678,0.000000
56.592110,-24.018,72.894119,0.003288,8.579,8.091,8.678,0.000000
56.788010,-23.822,70.507202,0.003215,8.579,8.091,8.678,0.000000
56.984589,-23.652,68.313423,0.003153,8.579,8.091,8.678,0.000000
57.181820,-23.576,65.383240,0.003126,8.579,8.091,8.678,0.000000
57.379791,-23.517,62.570831,0.003106,8.579,8.091,8.678,0.000000
57.578388,-23.610,58.792110,0.003140,8.579,8.091,8.678,0.000000
57.777702,-23.742,55.623840,0.003189,8.579,8.091,8.678,0.000000
57.977707,-23.961,53.190300,0.003270,8.579,8.091,8.678,0.000000
58.178406,-24.249,50.866688,0.003381,8.579,8.091,8.678,0.000000
58.379795,-24.518,49.311775,0.003487,8.579,8.091,8.678,0.000000
58.581886,-25.001,47.674496,0.003686,8.579,8.091,8.678,0.000000
58.784672,-25.389,46.092793,0.003855,8.579,8.091,8.678,0.000000
58.988163,-25.997,44.970089,0.004134,8.579,8.091,8.678,0.000000
59.192356,-26.549,44.377266,0.004406,8.579,8.091,8.678,0.000000
59.397259,-27.199,45.707760,0.004748,8.579,8.091,8.678,0.000000
59.602867,-27.669,46.708313,0.005014,8.579,8.091,8.678,0.000000
59.809193,-28.207,47.692478,0.005335,8.579,8.091,8.678,0.000000
60.016228,-28.856,51.878773,0.005750,8.579,8.091,8.678,0.000000
60.223953,-29.258,54.786922,0.006023,8.579,8.091,8.678,0.000000
60.432423,-29.474,58.203701,0.006175,8.579,8.091,8.678,0.000000
60.641617,-29.738,62.497940,0.006367,8.579,8.091,8.678,0.000000
60.851536,-29.882,67.466232,0.006476,8.579,8.091,8.678,0.000000
61.062180,-29.779,71.484215,0.006402,8.579,8.091,8.678,0.000000
61.273556,-29.483,75.823067,0.006190,8.579,8.091,8.678,0.000000
61.485661,-29.183,79.406914,0.005982,8.579,8.091,8.678,0.000000
61.698502,-28.595,84.837288,0.005592,8.579,8.091,8.678,0.000000
61.912075,-27.649,87.598152,0.005017,8.579,8.091,8.678,0.000000
62.126392,-26.930,89.637558,0.004619,8.579,8.091,8.678,0.000000
62.341450,-26.115,91.911148,0.004206,8.579,8.091,8.678,0.000000
62.557251,-25.065,92.859726,0.003728,8.579,8.091,8.678,0.000000
62.773800,-24.310,93.059944,0.003418,8.579,8.091,8.678,0.000000
62.991070,-23.178,92.868332,0.003001,8.579,8.091,8.678,0.000000
63.209152,-22.418,91.485764,0.002750,8.578,8.124,8.721,0.000000
63.427925,-21.816,89.548676,0.002566,8.577,8.160,8.766,0.000000
63.647522,-21.021,85.163696,0.002343,8.575,8.195,8.811,0.000000
63.867813,-20.609,81.956047,0.002235,8.574,8.231,8.856,0.000000
64.088898,-20.282,77.394119,0.002153,8.573,8.267,8.901,0.000000
64.310753,-19.942,72.812424,0.002071,8.571,8.303,8.946,0.000000
64.533371,-19.780,68.616211,0.002033,8.570,8.338,8.991,0.000000
64.756760,-19.631,64.352654,0.001999,8.568,8.375,9.037,0.000000
64.980919,-19.543,60.675076,0.001980,8.567,8.411,9.083,0.000000
65.205864,-19.557,56.727745,0.001984,8.566,8.447,9.129,0.000000
65.431580,-19.642,53.498615,0.002003,8.564,8.484,9.175,0.000000
65.658081,-19.714,51.562061,0.002021,8.563,8.520,9.221,0.000000
65.885361,-19.674,48.950733,0.002011,8.561,8.557,9.267,0.000000
66.113434,-19.693,47.603962,0.002016,8.560,8.594,9.314,0.000000
66.342262,-19.588,45.720825,0.001992,8.558,8.631,9.360,0.000000
66.571945,-19.428,44.538879,0.001957,8.557,8.668,9.407,0.000000
66.802353,-19.311,41.177662,0.001931,8.556,8.705,9.454,0.000000
67.033600,-19.225,40.109402,0.001914,8.554,8.743,9.501,0.000000
67.265648,-19.004,38.565174,0.001866,8.553,8.780,9.549,0.000000
67.498489,-18.771,37.206062,0.001818,8.551,8.818,9.596,0.000000
67.732147,-18.464,33.956470,0.001756,8.550,8.856,9.644,0.000000
67.966606,-18.448,32.002625,0.001753,8.548,8.894,9.692,0.000000
68.201881,-18.396,30.249643,0.001744,8.547,8.932,9.740,0.000000
68.437973,-18.441,28.790680,0.001753,8.545,8.970,9.788,0.000000
68.674881,-18.554,25.871128,0.001777,8.544,9.008,9.836,0.000000
68.912605,-18.615,24.523346,0.001790,8.542,9.046,9.885,0.000000
69.151154,-18.575,22.694244,0.001782,8.541,9.085,9.933,0.000000
69.390495,-18.772,20.165504,0.001824,8.539,9.124,9.982,0.000000
69.630730,-18.886,18.176609,0.001849,8.538,9.163,10.031,0.000000
69.871735,-19.023,16.834240,0.001879,8.536,9.202,10.081,0.000000
70.113640,-19.005,15.187325,0.001875,8.535,9.241,10.130,0.000000
70.356308,-19.051,12.240639,0.001886,8.533,9.280,10.179,0.000000
70.599854,-19.081,9.301721,0.001893,8.532,9.319,10.229,0.000000
70.844246,-19.071,7.620847,0.001892,8.530,9.359,10.279,0.000000
71.089478,-19.070,5.591604,0.001892,8.529,9.398,10.329,0.000000
71.335564,-19.065,3.308815,0.001892,8.527,9.438,10.379,0.000000
71.582504,-19.025,1.449124,0.001884,8.525,9.478,10.430,0.000000
71.830292,-19.128,-0.374813,0.001907,8.524,9.518,10.480,0.000000
72.078941,-19.184,-3.155889,0.001920,8.522,9.558,10.531,0.000000
72.328453,-19.251,-5.322364,0.001935,8.521,9.599,10.582,0.000000
72.578827,-19.299,-7.620631,0.001947,8.519,9.639,10.633,0.000000
72.830063,-19.361,-9.739849,0.001961,8.518,9.680,10.684,0.000000
73.082176,-19.361,-11.155884,0.001962,8.516,9.721,10.736,0.000000
73.335159,-19.439,-13.960553,0.001980,8.514,9.761,10.787,0.000000
73.588982,-19.606,-16.157751,0.002019,8.513,9.803,10.839,0.000000
73.843719,-19.761,-18.562950,0.002056,8.511,9.844,10.891,0.000000
74.099335,-19.879,-20.196341,0.002085,8.510,9.885,10.943,0.000000
74.355843,-19.988,-21.583353,0.002112,8.508,9.926,10.995,0.000000
74.613228,-20.174,-23.456322,0.002159,8.506,9.968,11.048,0.000000
74.871513,-20.354,-25.134697,0.002204,8.505,10.010,11.101,0.000000
75.130692,-20.504,-26.532282,0.002243,8.503,10.052,11.154,0.000000
75.390762,-20.745,-28.669563,0.002307,8.501,10.094,11.207,0.000000
75.651733,-21.003,-29.611418,0.002377,8.500,10.136,11.260,0.000000
75.913612,-21.194,-31.380821,0.002430,8.498,10.178,11.313,0.000000
76.176399,-21.424,-32.569283,0.002495,8.497,10.221,11.367,0.000000
76.440094,-21.583,-33.974117,0.002542,8.495,10.263,11.421,0.000000
76.704697,-21.803,-35.462543,0.002608,8.493,10.306,11.475,0.000000
76.970184,-21.952,-36.314640,0.002653,8.492,10.349,11.529,0.000000
77.236664,-22.154,-37.292816,0.002716,8.490,10.392,11.583,0.000000
77.503990,-22.350,-38.449028,0.002779,8.488,10.435,11.638,0.000000
77.772278,-22.513,-39.198532,0.002832,8.486,10.479,11.692,0.000000
78.041496,-22.669,-40.715431,0.002884,8.485,10.522,11.747,0.000000
78.311646,-22.876,-41.681259,0.002954,8.483,10.566,11.803,0.000000
78.582733,-23.028,-42.975086,0.003006,8.481,10.610,11.858,0.000000
78.854752,-23.204,-44.116207,0.003068,8.480,10.654,11.913,0.000000
79.127716,-23.389,-45.137245,0.003135,8.478,10.698,11.969,0.000000
79.401627,-23.612,-46.007389,0.003217,8.476,10.742,12.025,0.000000
79.676483,-23.843,-47.212944,0.003305,8.474,10.787,12.081,0.000000
79.952293,-24.039,-48.452255,0.003380,8.473,10.831,12.137,0.000000
80.229057,-24.325,-50.249092,0.003494,8.471,10.876,12.194,0.000000
80.506744,-24.537,-50.616497,0.003580,8.469,10.921,12.250,0.000000
80.785469,-24.796,-51.456360,0.003689,8.468,10.966,12.307,0.000000
81.065079,-25.091,-52.129650,0.003816,8.466,11.011,12.364,0.000000
81.345734,-25.343,-52.558739,0.003928,8.464,11.057,12.422,0.000000
81.627281,-25.637,-53.107960,0.004063,8.462,11.102,12.479,0.000000
81.909843,-25.875,-53.763016,0.004176,8.460,11.148,12.537,0.000000
82.193382,-26.180,-54.234901,0.004325,8.459,11.194,12.595,0.000000
82.477905,-26.637,-53.976234,0.004559,8.457,11.240,12.653,0.000000
82.763412,-27.199,-53.226910,0.004864,8.455,11.286,12.711,0.000000
83.049904,-27.675,-53.423458,0.005138,8.453,11.332,12.769,0.000000
83.337395,-28.095,-52.454857,0.005393,8.451,11.379,12.828,0.000000
83.625877,-28.677,-51.170391,0.005766,8.450,11.425,12.887,0.000000
83.915352,-29.324,-47.841137,0.006212,8.448,11.472,12.946,0.000000
84.205795,-29.856,-43.644669,0.006604,8.446,11.519,13.005,0.000000
84.497330,-30.311,-40.045773,0.006960,8.444,11.566,13.065,0.000000
84.789780,-30.708,-35.243362,0.007285,8.442,11.613,13.124,0.000000
85.083336,-30.960,-28.858637,0.007499,8.440,11.661,13.184,0.000000
85.377815,-30.892,-22.047617,0.007441,8.439,11.708,13.244,0.000000
85.673363,-30.857,-15.927328,0.007411,8.437,11.756,13.305,0.000000
85.969933,-30.557,-10.879280,0.007158,8.435,11.804,13.365,0.000000
86.267525,-30.106,-5.504727,0.006795,8.433,11.852,13.426,0.000000
86.566154,-29.239,-1.254636,0.006148,8.431,11.901,13.487,0.000000
86.865814,-28.483,3.089760,0.005635,8.429,11.949,13.548,0.000000
87.166504,-27.782,6.460489,0.005197,8.427,11.998,13.609,0.000000
87.468246,-26.890,8.676910,0.004689,8.425,12.046,13.671,0.000000
87.771027,-26.058,9.505754,0.004260,8.424,12.095,13.733,0.000000
88.074852,-24.990,10.006165,0.003767,8.422,12.144,13.795,0.000000
88.379738,-24.143,9.759200,0.003417,8.420,12.194,13.857,0.000000
88.685677,-23.273,10.546889,0.003091,8.418,12.243,13.919,0.000000
88.992668,-22.329,8.472059,0.002773,8.416,12.293,13.982,0.000000
89.300682,-21.762,6.857860,0.002598,8.414,12.343,14.045,0.000000
89.609810,-21.149,4.519719,0.002421,8.412,12.393,14.108,0.000000
89.920006,-20.546,1.971072,0.002258,8.410,12.443,14.171,0.000000
90.231270,-20.030,-0.363235,0.002128,8.408,12.493,14.235,0.000000
90.543617,-19.531,-3.341467,0.002009,8.406,12.544,14.298,0.000000
90.857048,-19.101,-6.501528,0.001911,8.404,12.594,14.362,0.000000
91.171562,-18.763,-9.644725,0.001838,8.402,12.645,14.426,0.000000
91.487160,-18.555,-13.077003,0.001794,8.400,12.696,14.491,0.000000
91.803856,-18.248,-15.996810,0.001732,8.398,12.747,14.555,0.000000
92.121643,-18.016,-18.273865,0.001686,8.396,12.799,14.620,0.000000
92.440536,-17.715,-21.409975,0.001629,8.394,12.850,14.685,0.000000
92.760529,-17.545,-23.905542,0.001597,8.392,12.902,14.751,0.000000
93.081627,-17.408,-27.121744,0.001572,8.390,12.954,14.816,0.000000
93.403793,-17.305,-29.507263,0.001553,8.388,13.006,14.882,0.000000
93.727173,-17.151,-31.774549,0.001526,8.386,13.058,14.948,0.000000
94.051575,-17.005,-33.861412,0.001501,8.384,13.111,15.014,0.000000
94.377190,-16.909,-35.862659,0.001484,8.382,13.163,15.080,0.000000
94.703842,-16.780,-37.652851,0.001462,8.380,13.216,15.147,0.000000
95.031670,-16.613,-39.841995,0.001434,8.378,13.269,15.214,0.000000
95.360634,-16.489,-41.401768,0.001413,8.376,13.322,15.281,0.000000
95.690735,-16.259,-43.241882,0.001376,8.374,13.376,15.348,0.000000
96.021980,-16.032,-45.128677,0.001340,8.372,13.429,15.416,0.000000
96.354370,-15.803,-46.891617,0.001305,8.370,13.483,15.484,0.000000
96.687912,-15.583,-48.775490,0.001272,8.367,13.537,15.552,0.000000
97.022606,-15.347,-51.140598,0.001238,8.365,13.591,15.620,0.000000
97.358459,-15.113,-53.260864,0.001205,8.363,13.645,15.689,0.000000
97.695435,-14.868,-55.597317,0.001171,8.361,13.700,15.757,0.000000
98.033661,-14.616,-58.285358,0.001137,8.359,13.754,15.826,0.000000
98.372971,-14.366,-61.106621,0.001105,8.357,13.809,15.896,0.000000
98.713547,-14.193,-63.486996,0.001083,8.355,13.864,15.965,0.000000
99.055214,-13.978,-66.455475,0.001057,8.353,13.920,16.035,0.000000
99.398102,-13.751,-69.640602,0.001029,8.350,13.975,16.105,0.000000
99.742180,-13.580,-72.630302,0.001009,8.348,14.031,16.175,0.000000
100.087448,-13.330,-76.022301,0.000981,8.346,14.086,16.246,0.000000
100.433914,-13.166,-79.288551,0.000962,8.344,14.143,16.316,0.000000
100.781578,-13.008,-82.998817,0.000945,8.342,14.199,16.387,0.000000
101.130447,-12.914,-86.614861,0.000935,8.339,14.255,16.458,0.000000
101.480522,-12.821,-90.765602,0.000925,8.337,14.312,16.530,0.000000
101.831802,-12.782,-94.963394,0.000920,8.335,14.369,16.601,0.000000
102.184258,-12.773,-99.432037,0.000919,8.333,14.425,16.673,0.000000
102.538033,-12.832,-103.334862,0.000925,8.331,14.483,16.746,0.000000
102.892975,-12.905,-107.680847,0.000933,8.328,14.540,16.818,0.000000
103.249153,-13.093,-111.926224,0.000953,8.326,14.598,16.891,0.000000
103.606514,-13.279,-115.836113,0.000974,8.324,14.655,16.964,0.000000
103.965157,-13.516,-119.637146,0.001000,8.322,14.713,17.037,0.000000
104.325050,-13.763,-123.369476,0.001029,8.319,14.772,17.110,0.000000
104.686180,-14.084,-126.907623,0.001068,8.317,14.830,17.184,0.000000
105.048561,-14.363,-129.743347,0.001102,8.315,14.889,17.258,0.000000
105.412201,-14.715,-132.691879,0.001148,8.313,14.947,17.332,0.000000
105.777100,-15.085,-135.313400,0.001197,8.310,15.006,17.406,0.000000
106.143257,-15.483,-137.671173,0.001253,8.308,15.066,17.481,0.000000
106.510689,-15.890,-139.726288,0.001313,8.306,15.125,17.556,0.000000
106.879387,-16.285,-141.621429,0.001374,8.303,15.185,17.631,0.000000
107.249359,-16.697,-143.236465,0.001441,8.301,15.244,17.707,0.000000
107.620613,-17.106,-144.258484,0.001510,8.299,15.304,17.783,0.000000
107.993156,-17.491,-144.901779,0.001578,8.296,15.365,17.859,0.000000
108.366936,-17.837,-145.175537,0.001642,8.294,15.425,17.935,0.000000
108.742065,-18.147,-145.284317,0.001701,8.292,15.486,18.011,0.000000
109.118484,-18.421,-145.117004,0.001755,8.289,15.547,18.088,0.000000
109.496208,-18.601,-144.963654,0.001792,8.287,15.608,18.165,0.000000
109.875244,-18.685,-145.015274,0.001809,8.284,15.669,18.243,0.000000
110.255592,-18.760,-144.887329,0.001824,8.282,15.730,18.320,0.000000
110.637253,-18.713,-144.976669,0.001814,8.280,15.792,18.398,0.000000
111.020241,-18.637,-145.479248,0.001798,8.277,15.854,18.476,0.000000
111.404549,-18.572,-146.218491,0.001784,8.275,15.916,18.555,0.000000
111.790184,-18.517,-147.435104,0.001772,8.272,15.978,18.633,0.000000
112.177162,-18.474,-149.417068,0.001762,8.270,16.041,18.712,0.000000
112.565475,-18.409,-151.411575,0.001748,8.268,16.104,18.791,0.000000
112.955132,-18.392,-153.759064,0.001745,8.265,16.167,18.871,0.000000
113.346085,-18.471,-156.245239,0.001760,8.263,16.230,18.951,0.000000
113.738503,-18.571,-158.649582,0.001780,8.260,16.293,19.031,0.000000
114.132164,-18.710,-161.267349,0.001809,8.258,16.357,19.111,0.000000
114.527306,-18.932,-164.222443,0.001855,8.255,16.421,19.192,0.000000
114.923698,-19.125,-166.293961,0.001896,8.253,16.485,19.273,0.000000
115.321518,-19.336,-168.397156,0.001943,8.250,16.549,19.354,0.000000
115.720718,-19.599,-170.466492,0.002002,8.248,16.614,19.435,0.000000
116.121300,-19.909,-172.463272,0.002075,8.245,16.679,19.517,0.000000
116.523270,-20.204,-174.457153,0.002146,8.243,16.744,19.599,0.000000
116.926628,-20.437,-176.086578,0.002204,8.240,16.809,19.681,0.000000
117.331383,-20.756,-178.062851,0.002286,8.238,16.874,19.764,0.000000
117.737541,-20.986,-179.389603,0.002347,8.235,16.940,19.847,0.000000
118.145103,-21.253,178.933472,0.002420,8.232,17.006,19.930,0.000000
118.554016,-21.556,177.074280,0.002505,8.230,17.072,20.013,0.000000
118.964462,-21.850,175.635574,0.002591,8.227,17.138,20.097,0.000000
119.376213,-22.144,173.776352,0.002679,8.225,17.205,20.181,0.000000
119.789505,-22.474,172.164688,0.002783,8.222,17.272,20.265,0.000000
120.204117,-22.809,170.279526,0.002892,8.219,17.339,20.350,0.000000
120.620216,-23.109,169.054947,0.002993,8.217,17.406,20.435,0.000000
121.037758,-23.524,167.257446,0.003139,8.214,17.474,20.520,0.000000
121.456741,-23.948,165.988632,0.003296,8.212,17.541,20.606,0.000000
121.877174,-24.465,164.137054,0.003498,8.209,17.609,20.691,0.000000
122.299072,-24.986,162.958466,0.003714,8.206,17.677,20.777,0.000000
122.722420,-25.595,161.701996,0.003984,8.204,17.746,20.864,0.000000
123.147240,-26.258,161.082611,0.004300,8.201,17.815,20.951,0.000000
123.573532,-27.007,161.423737,0.004687,8.198,17.883,21.037,0.000000
124.001297,-27.866,161.857574,0.005174,8.196,17.953,21.125,0.000000
124.430542,-28.622,163.359543,0.005644,8.193,18.022,21.212,0.000000
124.861267,-29.501,165.918365,0.006244,8.190,18.092,21.300,0.000000
125.293488,-30.168,169.494507,0.006741,8.189,18.115,21.323,0.000000
125.727150,-30.917,174.820236,0.007347,8.188,18.117,21.316,0.000000
126.162369,-31.495,-179.854477,0.007851,8.188,18.118,21.308,0.000000
126.599091,-31.776,-175.138641,0.008108,8.187,18.120,21.300,0.000000
127.037331,-32.033,-168.261307,0.008350,8.187,18.122,21.292,0.000000
127.477089,-32.090,-161.730835,0.008405,8.186,18.123,21.285,0.000000
127.918365,-31.842,-156.121140,0.008169,8.186,18.125,21.277,0.000000
128.361160,-31.470,-151.293640,0.007826,8.185,18.126,21.269,0.000000
128.805511,-31.013,-146.218475,0.007425,8.184,18.128,21.261,0.000000
129.251373,-30.563,-142.873001,0.007050,8.184,18.130,21.253,0.000000
129.698792,-30.057,-139.622513,0.006651,8.183,18.131,21.245,0.000000
130.147766,-29.556,-136.991501,0.006279,8.183,18.133,21.237,0.000000
130.598282,-29.071,-135.169525,0.005939,8.182,18.135,21.229,0.000000
131.050369,-28.704,-134.305206,0.005694,8.182,18.136,21.221,0.000000
131.503952,-28.254,-132.793808,0.005408,8.181,18.138,21.213,0.000000
131.959229,-27.806,-131.684357,0.005137,8.181,18.140,21.205,0.000000
132.415955,-27.317,-130.829300,0.004856,8.180,18.141,21.197,0.000000
132.874329,-26.799,-130.522232,0.004576,8.179,18.143,21.189,0.000000
133.334290,-26.332,-130.308395,0.004337,8.179,18.145,21.181,0.000000
133.795853,-25.845,-130.802841,0.004100,8.178,18.146,21.173,0.000000
134.259003,-25.396,-130.937088,0.003894,8.178,18.148,21.165,0.000000
134.723755,-25.013,-131.128525,0.003725,8.177,18.150,21.156,0.000000
135.190109,-24.557,-132.024719,0.003535,8.176,18.152,21.148,0.000000
135.658081,-24.187,-133.381104,0.003387,8.176,18.153,21.140,0.000000
136.127686,-23.808,-134.419037,0.003243,8.175,18.155,21.132,0.000000
136.598907,-23.426,-135.977676,0.003104,8.175,18.157,21.123,0.000000
137.071762,-23.065,-137.141693,0.002978,8.174,18.158,21.115,0.000000
137.546249,-22.694,-138.919876,0.002854,8.174,18.160,21.107,0.000000
138.022385,-22.309,-140.434189,0.002731,8.173,18.162,21.098,0.000000
138.500092,-21.911,-142.355942,0.002609,8.172,18.164,21.090,0.000000
138.979599,-21.509,-145.126343,0.002491,8.172,18.166,21.081,0.000000
139.460617,-21.163,-147.559357,0.002394,8.171,18.167,21.073,0.000000
139.943375,-20.874,-150.237259,0.002316,8.170,18.169,21.064,0.000000
140.427811,-20.622,-153.952484,0.002250,8.170,18.171,21.056,0.000000
140.913925,-20.431,-157.342575,0.002201,8.169,18.173,21.047,0.000000
141.401703,-20.294,-160.900223,0.002166,8.169,18.174,21.038,0.000000
141.891190,-20.230,-164.999084,0.002150,8.168,18.176,21.030,0.000000
142.382355,-20.218,-168.747055,0.002147,8.167,18.178,21.021,0.000000
142.875229,-20.260,-173.277206,0.002158,8.167,18.180,21.012,0.000000
143.369812,-20.375,-177.234451,0.002187,8.166,18.182,21.003,0.000000
143.866104,-20.617,178.453064,0.002250,8.166,18.183,20.995,0.000000
144.364120,-20.884,174.381897,0.002320,8.165,18.185,20.986,0.000000
144.863785,-21.224,170.793045,0.002413,8.164,18.187,20.977,0.000000
145.365311,-21.668,167.156403,0.002540,8.164,18.189,20.968,0.000000
145.868439,-22.179,164.462326,0.002694,8.163,18.191,20.959,0.000000
146.373383,-22.792,161.781616,0.002892,8.162,18.193,20.950,0.000000
146.880066,-23.470,159.975494,0.003127,8.162,18.195,20.941,0.000000
147.388504,-24.272,158.717590,0.003430,8.161,18.196,20.932,0.000000
147.898712,-25.064,158.849869,0.003758,8.161,18.198,20.923,0.000000
148.410675,-25.950,160.427750,0.004163,8.160,18.200,20.914,0.000000
148.924423,-26.913,163.289261,0.004652,8.159,18.202,20.905,0.000000
149.439941,-27.703,167.272339,0.005096,8.159,18.204,20.896,0.000000
149.957245,-28.488,172.009094,0.005578,8.158,18.206,20.887,0.000000
150.476334,-29.031,178.735153,0.005940,8.157,18.208,20.878,0.000000
150.997238,-29.228,-174.887833,0.006077,8.157,18.210,20.869,0.000000
151.519852,-29.155,-167.547058,0.006027,8.156,18.212,20.859,0.000000
152.044434,-28.769,-161.680374,0.005766,8.155,18.214,20.850,0.000000
152.570679,-28.074,-155.338226,0.005324,8.155,18.215,20.841,0.000000
153.098892,-27.293,-150.033829,0.004866,8.154,18.217,20.831,0.000000
153.628784,-26.395,-146.575119,0.004388,8.153,18.219,20.822,0.000000
154.160660,-25.453,-143.765762,0.003937,8.153,18.221,20.813,0.000000
154.694229,-24.550,-142.646942,0.003548,8.152,18.223,20.803,0.000000
155.229797,-23.720,-142.942871,0.003225,8.151,18.225,20.794,0.000000
155.767075,-22.960,-143.420837,0.002955,8.151,18.227,20.784,0.000000
156.306274,-22.270,-144.480057,0.002729,8.150,18.229,20.775,0.000000
156.847351,-21.603,-146.275970,0.002527,8.149,18.231,20.765,0.000000
157.390305,-21.043,-148.575287,0.002370,8.149,18.233,20.755,0.000000
157.935120,-20.505,-151.138184,0.002227,8.148,18.235,20.746,0.000000
158.481750,-20.049,-153.799881,0.002113,8.147,18.237,20.736,0.000000
159.030441,-19.671,-156.559006,0.002023,8.147,18.239,20.726,0.000000
159.580856,-19.278,-159.176163,0.001934,8.146,18.241,20.717,0.000000
160.133347,-18.938,-161.925400,0.001860,8.145,18.243,20.707,0.000000
160.687592,-18.637,-164.401962,0.001796,8.144,18.245,20.697,0.000000
161.243912,-18.330,-167.337784,0.001734,8.144,18.247,20.687,0.000000
161.801987,-18.072,-170.387955,0.001683,8.143,18.249,20.677,0.000000
162.362167,-17.796,-173.320450,0.001630,8.142,18.251,20.667,0.000000
162.924133,-17.564,-176.211060,0.001588,8.142,18.254,20.657,0.000000
163.488113,-17.355,-179.081116,0.001550,8.141,18.256,20.647,0.000000
164.054047,-17.162,177.892715,0.001516,8.140,18.258,20.637,0.000000
164.621933,-16.981,174.532059,0.001485,8.140,18.260,20.627,0.000000
165.191788,-16.888,171.189178,0.001469,8.139,18.262,20.617,0.000000
165.763535,-16.819,167.984634,0.001457,8.138,18.264,20.607,0.000000
166.337433,-16.808,164.596985,0.001455,8.137,18.266,20.597,0.000000
166.913147,-16.808,161.517487,0.001455,8.137,18.268,20.587,0.000000
167.491013,-16.882,158.149826,0.001468,8.136,18.270,20.577,0.000000
168.070801,-16.949,155.672409,0.001479,8.135,18.272,20.566,0.000000
168.652603,-17.031,153.180969,0.001493,8.134,18.275,20.556,0.000000
169.236328,-17.156,150.392197,0.001514,8.134,18.277,20.546,0.000000
169.822250,-17.268,148.204773,0.001533,8.133,18.279,20.535,0.000000
170.410019,-17.375,146.217407,0.001552,8.132,18.281,20.525,0.000000
170.999924,-17.454,144.440628,0.001566,8.132,18.283,20.515,0.000000
171.591858,-17.541,142.840988,0.001581,8.131,18.285,20.504,0.000000
172.185837,-17.583,141.348114,0.001589,8.130,18.288,20.494,0.000000
172.781876,-17.600,139.778442,0.001592,8.129,18.290,20.483,0.000000
173.379990,-17.628,138.157928,0.001597,8.129,18.292,20.472,0.000000
173.980164,-17.658,136.775528,0.001602,8.128,18.294,20.462,0.000000
174.582336,-17.593,135.396591,0.001590,8.127,18.296,20.451,0.000000
175.186752,-17.527,133.859329,0.001577,8.126,18.299,20.440,0.000000
175.793182,-17.459,131.993210,0.001565,8.126,18.301,20.430,0.000000
176.401703,-17.401,130.240646,0.001554,8.125,18.303,20.419,0.000000
177.012253,-17.367,128.143082,0.001548,8.124,18.305,20.408,0.000000
177.625092,-17.327,125.555832,0.001540,8.123,18.308,20.397,0.000000
178.239883,-17.303,123.276283,0.001536,8.122,18.310,20.386,0.000000
178.856964,-17.286,120.569443,0.001533,8.122,18.312,20.376,0.000000
179.476013,-17.311,117.970856,0.001537,8.121,18.314,20.365,0.000000
180.097290,-17.398,115.226242,0.001552,8.120,18.317,20.354,0.000000
180.720718,-17.472,112.164330,0.001565,8.119,18.319,20.343,0.000000
181.346298,-17.592,109.317413,0.001586,8.119,18.321,20.331,0.000000
181.974045,-17.767,106.567879,0.001618,8.118,18.324,20.320,0.000000
182.603882,-17.929,104.034378,0.001649,8.117,18.326,20.309,0.000000
183.236084,-18.139,101.470802,0.001689,8.116,18.328,20.298,0.000000
183.870377,-18.368,98.922226,0.001733,8.115,18.331,20.287,0.000000
184.506866,-18.667,96.992844,0.001794,8.115,18.333,20.276,0.000000
185.145462,-18.951,95.019363,0.001852,8.114,18.335,20.264,0.000000
185.786453,-19.219,93.231949,0.001910,8.113,18.338,20.253,0.000000
186.429489,-19.515,91.755775,0.001975,8.112,18.340,20.242,0.000000
187.074921,-19.829,89.870598,0.002047,8.111,18.342,20.230,0.000000
187.722412,-20.120,88.864021,0.002116,8.111,18.345,20.219,0.000000
188.372238,-20.419,87.881577,0.002190,8.110,18.347,20.207,0.000000
189.024307,-20.671,86.983986,0.002254,8.109,18.350,20.196,0.000000
189.678650,-20.926,85.849518,0.002320,8.108,18.352,20.184,0.000000
190.335236,-21.172,84.990479,0.002386,8.107,18.354,20.172,0.000000
190.994110,-21.428,84.288101,0.002456,8.106,18.357,20.161,0.000000
191.655258,-21.719,83.745407,0.002539,8.106,18.359,20.149,0.000000
192.318695,-21.963,83.720139,0.002610,8.105,18.362,20.137,0.000000
192.984421,-22.174,83.891022,0.002674,8.104,18.364,20.126,0.000000
193.652374,-22.339,83.482353,0.002724,8.103,18.367,20.114,0.000000
194.322815,-22.519,83.588028,0.002780,8.102,18.369,20.102,0.000000
194.995392,-22.652,83.350906,0.002822,8.101,18.371,20.090,0.000000
195.670486,-22.771,83.317986,0.002860,8.101,18.374,20.078,0.000000
196.347733,-22.892,83.301308,0.002899,8.100,18.376,20.066,0.000000
197.027405,-22.995,83.441620,0.002933,8.099,18.379,20.054,0.000000
197.709442,-23.060,83.504929,0.002953,8.098,18.381,20.042,0.000000
198.393829,-23.071,83.089935,0.002956,8.097,18.384,20.030,0.000000
199.080597,-23.126,82.714653,0.002974,8.096,18.387,20.018,0.000000
199.769745,-23.190,82.437286,0.002995,8.095,18.389,20.006,0.000000
200.461258,-23.244,82.143600,0.003013,8.095,18.392,19.993,0.000000
201.155182,-23.350,81.567398,0.003049,8.094,18.394,19.981,0.000000
201.851501,-23.417,81.414345,0.003071,8.093,18.397,19.969,0.000000
202.550232,-23.484,81.211311,0.003093,8.092,18.399,19.956,0.000000
203.251389,-23.552,81.078583,0.003116,8.091,18.402,19.944,0.000000
203.954865,-23.624,81.155922,0.003140,8.090,18.404,19.931,0.000000
204.660980,-23.732,81.508095,0.003178,8.089,18.407,19.919,0.000000
205.369339,-23.866,81.914330,0.003226,8.088,18.410,19.906,0.000000
206.080246,-23.886,82.498962,0.003231,8.087,18.412,19.894,0.000000
206.793625,-23.891,83.618164,0.003232,8.087,18.415,19.881,0.000000
207.509567,-23.828,85.011818,0.003207,8.086,18.418,19.869,0.000000
208.227783,-23.720,86.211243,0.003167,8.085,18.420,19.856,0.000000
208.948685,-23.561,87.536263,0.003108,8.084,18.423,19.843,0.000000
209.671890,-23.336,88.657898,0.003028,8.083,18.425,19.830,0.000000
210.397690,-23.068,89.690063,0.002935,8.082,18.428,19.817,0.000000
211.126007,-22.706,90.492004,0.002814,8.081,18.431,19.805,0.000000
211.856842,-22.245,91.269707,0.002667,8.080,18.433,19.792,0.000000
212.590210,-21.792,91.181259,0.002530,8.079,18.436,19.779,0.000000
213.326019,-21.270,90.645226,0.002381,8.078,18.439,19.766,0.000000
214.064575,-20.704,89.468849,0.002230,8.077,18.442,19.753,0.000000
214.805481,-20.160,87.986023,0.002094,8.077,18.444,19.739,0.000000
215.549057,-19.630,86.006050,0.001969,8.076,18.447,19.726,0.000000
216.295197,-19.118,83.595596,0.001855,8.075,18.450,19.713,0.000000
217.044037,-18.605,80.441231,0.001748,8.074,18.453,19.700,0.000000
217.795258,-18.159,76.995895,0.001660,8.073,18.455,19.687,0.000000
218.549286,-17.741,73.284187,0.001582,8.072,18.458,19.673,0.000000
219.305710,-17.340,68.699577,0.001510,8.071,18.461,19.660,0.000000
220.064865,-17.043,64.246361,0.001458,8.070,18.464,19.646,0.000000
220.826645,-16.807,59.251759,0.001419,8.069,18.466,19.633,0.000000
221.591064,-16.642,54.298912,0.001392,8.068,18.469,19.619,0.000000
222.358124,-16.551,48.892258,0.001377,8.067,18.472,19.606,0.000000
223.127731,-16.534,43.507103,0.001374,8.066,18.475,19.592,0.000000
223.900223,-16.607,38.239628,0.001385,8.065,18.478,19.579,0.000000
224.675171,-16.727,33.381611,0.001403,8.064,18.481,19.565,0.000000
225.453018,-16.931,28.213102,0.001436,8.063,18.483,19.551,0.000000
226.233337,-17.198,23.536024,0.001481,8.062,18.486,19.537,0.000000
227.016586,-17.518,19.199326,0.001536,8.061,18.489,19.523,0.000000
227.802322,-17.877,15.288022,0.001600,8.060,18.492,19.509,0.000000
228.590988,-18.296,11.612001,0.001678,8.059,18.495,19.496,0.000000
229.382187,-18.685,8.573734,0.001755,8.058,18.498,19.482,0.000000
230.176208,-19.152,5.527723,0.001851,8.057,18.501,19.467,0.000000
230.972992,-19.602,3.157132,0.001949,8.056,18.504,19.453,0.000000
231.772537,-20.111,0.905787,0.002066,8.055,18.507,19.439,0.000000
232.574844,-20.598,-0.684456,0.002184,8.054,18.510,19.425,0.000000
233.379822,-21.097,-2.060631,0.002312,8.053,18.513,19.411,0.000000
234.187805,-21.587,-2.763318,0.002445,8.052,18.516,19.396,0.000000
234.998352,-22.058,-2.979221,0.002581,8.051,18.519,19.382,0.000000
235.811935,-22.432,-2.741455,0.002694,8.050,18.522,19.368,0.000000
236.628113,-22.760,-2.125107,0.002796,8.049,18.525,19.353,0.000000
237.447342,-22.979,-1.407802,0.002867,8.048,18.528,19.339,0.000000
238.269180,-23.145,-0.480200,0.002921,8.047,18.531,19.324,0.000000
239.094101,-23.226,0.318069,0.002947,8.046,18.534,19.310,0.000000
239.921631,-23.210,0.892068,0.002941,8.045,18.537,19.295,0.000000
240.752151,-23.140,1.160555,0.002916,8.044,18.540,19.280,0.000000
241.585541,-23.016,1.130854,0.002874,8.043,18.543,19.266,0.000000
242.421814,-22.878,0.594723,0.002828,8.042,18.546,19.251,0.000000
243.260986,-22.735,-0.260013,0.002781,8.041,18.549,19.236,0.000000
244.102951,-22.612,-1.666221,0.002741,8.040,18.552,19.221,0.000000
244.948059,-22.521,-3.060378,0.002712,8.039,18.555,19.206,0.000000
245.795975,-22.444,-4.433341,0.002688,8.038,18.558,19.191,0.000000
246.646820,-22.382,-6.005045,0.002668,8.037,18.561,19.176,0.000000
247.500626,-22.356,-7.551573,0.002660,8.036,18.565,19.161,0.000000
248.357376,-22.307,-9.231324,0.002645,8.034,18.568,19.146,0.000000
249.216980,-22.265,-10.573611,0.002631,8.033,18.571,19.131,0.000000
250.079788,-22.237,-12.284857,0.002622,8.032,18.571,19.114,0.000000
250.945343,-22.204,-13.813361,0.002611,8.032,18.542,19.083,0.000000
251.814026,-22.178,-15.625812,0.002602,8.032,18.512,19.052,0.000000
252.685715,-22.133,-17.400368,0.002587,8.031,18.483,19.020,0.000000
253.560410,-22.109,-19.315331,0.002580,8.031,18.453,18.989,0.000000
254.438141,-22.056,-21.327703,0.002563,8.031,18.424,18.958,0.000000
255.318909,-22.011,-23.253363,0.002549,8.030,18.394,18.926,0.000000
256.202728,-21.992,-25.401129,0.002543,8.030,18.364,18.894,0.000000
257.089600,-21.986,-27.566460,0.002541,8.030,18.334,18.862,0.000000
257.979553,-21.977,-29.792999,0.002538,8.029,18.304,18.831,0.000000
258.872559,-21.976,-32.045280,0.002538,8.029,18.274,18.798,0.000000
259.768677,-21.970,-34.449932,0.002535,8.029,18.243,18.766,0.000000
260.667786,-22.005,-36.972767,0.002545,8.028,18.213,18.734,0.000000
261.570251,-22.080,-39.639202,0.002566,8.028,18.182,18.702,0.000000
262.475555,-22.148,-42.167957,0.002585,8.028,18.152,18.669,0.000000
263.384277,-22.279,-44.978790,0.002624,8.027,18.121,18.637,0.000000
264.295898,-22.426,-47.945961,0.002667,8.027,18.090,18.604,0.000000
265.210785,-22.633,-50.804276,0.002731,8.026,18.059,18.571,0.000000
266.128845,-22.936,-53.680840,0.002827,8.026,18.028,18.538,0.000000
267.050201,-23.233,-56.041504,0.002925,8.026,17.997,18.505,0.000000
267.974518,-23.582,-57.837757,0.003044,8.025,17.966,18.472,0.000000
268.902130,-23.935,-59.212482,0.003170,8.025,17.934,18.439,0.000000
269.832977,-24.325,-60.417332,0.003315,8.025,17.903,18.405,0.000000
270.767029,-24.688,-61.106579,0.003456,8.024,17.871,18.372,0.000000
271.704315,-24.997,-61.216076,0.003580,8.024,17.840,18.338,0.000000
272.644714,-25.275,-60.844383,0.003696,8.024,17.808,18.305,0.000000
273.588654,-25.490,-60.365559,0.003788,8.023,17.776,18.271,0.000000
274.535583,-25.642,-59.981602,0.003854,8.023,17.744,18.237,0.000000
275.486053,-25.741,-60.049496,0.003898,8.023,17.712,18.203,0.000000
276.439545,-25.821,-60.370872,0.003933,8.022,17.679,18.168,0.000000
277.396454,-25.873,-61.076572,0.003956,8.022,17.647,18.134,0.000000
278.356689,-25.931,-61.883698,0.003982,8.021,17.614,18.100,0.000000
279.320404,-26.045,-62.714520,0.004034,8.021,17.582,18.065,0.000000
280.287170,-26.192,-63.347435,0.004102,8.021,17.549,18.030,0.000000
281.257416,-26.341,-63.859531,0.004172,8.020,17.516,17.996,0.000000
282.231018,-26.504,-63.771725,0.004251,8.020,17.483,17.961,0.000000
283.207977,-26.671,-63.635521,0.004332,8.020,17.450,17.926,0.000000
284.188354,-26.758,-63.063465,0.004375,8.019,17.417,17.891,0.000000
285.171967,-26.792,-62.252304,0.004392,8.019,17.384,17.855,0.000000
286.159271,-26.758,-61.532558,0.004374,8.018,17.350,17.820,0.000000
287.149689,-26.689,-60.895664,0.004338,8.018,17.317,17.784,0.000000
288.143829,-26.579,-60.654869,0.004283,8.018,17.283,17.749,0.000000
289.141144,-26.447,-60.834900,0.004218,8.017,17.250,17.713,0.000000
290.142029,-26.301,-61.713280,0.004146,8.017,17.216,17.677,0.000000
291.146393,-26.213,-63.104305,0.004104,8.016,17.182,17.641,0.000000
292.154358,-26.164,-64.094421,0.004081,8.016,17.148,17.605,0.000000
293.165558,-26.180,-65.227051,0.004088,8.016,17.113,17.569,0.000000
294.180389,-26.221,-66.100143,0.004108,8.015,17.079,17.532,0.000000
295.198730,-26.284,-66.794037,0.004137,8.015,17.045,17.496,0.000000
296.220581,-26.308,-67.479492,0.004149,8.015,17.010,17.459,0.000000
297.246002,-26.287,-68.102760,0.004139,8.014,16.975,17.422,0.000000
298.274933,-26.278,-68.687111,0.004135,8.014,16.941,17.385,0.000000
299.307465,-26.279,-69.403313,0.004134,8.013,16.906,17.348,0.000000
300.343414,-26.317,-69.904030,0.004152,8.013,16.871,17.311,0.000000
301.383209,-26.373,-69.787399,0.004178,8.013,16.835,17.274,0.000000
302.426361,-26.351,-69.672501,0.004167,8.012,16.800,17.236,0.000000
303.473389,-26.276,-69.322845,0.004130,8.012,16.765,17.199,0.000000
304.523743,-26.135,-69.055840,0.004063,8.011,16.729,17.161,0.000000
305.578033,-25.972,-68.935074,0.003987,8.011,16.694,17.123,0.000000
306.635681,-25.844,-69.013771,0.003929,8.010,16.658,17.086,0.000000
307.697266,-25.709,-68.537613,0.003868,8.010,16.622,17.047,0.000000
308.762268,-25.498,-67.845451,0.003775,8.010,16.586,17.009,0.000000
309.831085,-25.225,-67.683678,0.003658,8.009,16.550,16.971,0.000000
310.903595,-24.835,-68.169975,0.003498,8.009,16.513,16.932,0.000000
311.979828,-24.436,-69.202812,0.003341,8.008,16.477,16.894,0.000000
313.059784,-24.083,-70.817024,0.003208,8.008,16.440,16.855,0.000000
314.143311,-23.776,-72.487907,0.003095,8.008,16.404,16.816,0.000000
315.230927,-23.507,-74.412476,0.003000,8.007,16.367,16.777,0.000000
316.322113,-23.265,-76.576180,0.002918,8.007,16.330,16.738,0.000000
317.417114,-22.992,-78.963150,0.002827,8.006,16.293,16.699,0.000000
318.515747,-22.739,-81.739281,0.002745,8.006,16.256,16.659,0.000000
319.618469,-22.553,-84.860573,0.002686,8.005,16.219,16.620,0.000000
320.724701,-22.452,-87.620613,0.002655,8.005,16.181,16.580,0.000000
321.835083,-22.374,-90.425400,0.002631,8.005,16.144,16.540,0.000000
322.949005,-22.295,-93.172440,0.002607,8.004,16.106,16.500,0.000000
324.066925,-22.239,-95.883141,0.002590,8.004,16.068,16.460,0.000000
325.188721,-22.189,-98.545067,0.002574,8.003,16.030,16.420,0.000000
326.314392,-22.170,-101.419350,0.002568,8.003,15.992,16.380,0.000000
327.443970,-22.187,-104.340370,0.002573,8.002,15.954,16.339,0.000000
328.577301,-22.224,-107.218063,0.002584,8.002,15.916,16.299,0.000000
329.714874,-22.275,-109.848671,0.002599,8.002,15.877,16.258,0.000000
330.856232,-22.362,-112.902351,0.002625,8.001,15.838,16.217,0.000000
332.001526,-22.502,-115.789902,0.002668,8.001,15.800,16.176,0.000000
333.150635,-22.691,-118.450897,0.002726,8.000,15.761,16.135,0.000000
334.304016,-22.941,-120.901360,0.002806,8.000,15.722,16.093,0.000000
335.461090,-23.202,-122.604591,0.002891,7.999,15.683,16.052,0.000000
336.622498,-23.463,-123.784470,0.002979,7.999,15.643,16.010,0.000000
337.787598,-23.680,-124.760735,0.003054,7.998,15.604,15.968,0.000000
338.956879,-23.897,-125.518715,0.003131,7.998,15.564,15.926,0.000000
340.130219,-24.074,-126.021988,0.003194,7.998,15.525,15.884,0.000000
341.307617,-24.222,-126.192879,0.003249,7.997,15.485,15.842,0.000000
342.489105,-24.311,-125.905548,0.003282,7.997,15.445,15.800,0.000000
343.674652,-24.290,-125.730446,0.003273,7.996,15.405,15.757,0.000000
344.864319,-24.207,-125.909317,0.003241,7.996,15.365,15.714,0.000000
346.058105,-24.033,-126.277351,0.003177,7.995,15.324,15.672,0.000000
347.256042,-23.798,-127.392067,0.003092,7.995,15.284,15.629,0.000000
348.457947,-23.519,-128.879883,0.002993,7.994,15.243,15.586,0.000000
349.664337,-23.270,-130.971130,0.002908,7.994,15.202,15.542,0.000000
350.874573,-23.049,-133.710785,0.002835,7.993,15.161,15.499,0.000000
352.089325,-22.878,-136.963303,0.002778,7.993,15.120,15.455,0.000000
353.307953,-22.746,-140.577789,0.002735,7.992,15.079,15.412,0.000000
354.530975,-22.671,-144.316895,0.002711,7.992,15.038,15.368,0.000000
355.758240,-22.660,-148.774139,0.002707,7.991,14.996,15.324,0.000000
356.989716,-22.720,-153.059189,0.002725,7.991,14.954,15.280,0.000000
358.225494,-22.897,-157.541367,0.002780,7.991,14.913,15.235,0.000000
359.465515,-23.204,-162.126083,0.002879,7.990,14.871,15.191,0.000000
360.709869,-23.614,-165.644867,0.003018,7.990,14.828,15.146,0.000000
361.958496,-24.019,-168.780060,0.003161,7.989,14.786,15.101,0.000000
363.211456,-24.461,-171.685669,0.003325,7.989,14.744,15.056,0.000000
364.468750,-24.913,-174.581848,0.003502,7.988,14.701,15.011,0.000000
365.730408,-25.429,-177.369858,0.003716,7.988,14.659,14.966,0.000000
366.996246,-25.991,-179.782440,0.003964,7.987,14.616,14.921,0.000000
368.266815,-26.625,178.690582,0.004263,7.987,14.573,14.875,0.000000
369.541443,-27.298,177.745285,0.004605,7.986,14.530,14.829,0.000000
370.820648,-27.850,177.500946,0.004905,7.986,14.486,14.784,0.000000
372.104309,-28.360,177.399857,0.005200,7.985,14.443,14.738,0.000000
373.392395,-28.886,177.586121,0.005522,7.985,14.399,14.691,0.000000
374.684937,-29.487,178.790695,0.005916,7.984,14.356,14.645,0.000000
375.982117,-30.058,-179.476959,0.006316,7.984,14.312,14.598,0.000000
377.283447,-30.590,-176.958237,0.006714,7.983,14.268,14.552,0.000000
378.589447,-30.972,-174.148376,0.007014,7.983,14.224,14.505,0.000000
379.899994,-31.182,-171.182159,0.007185,7.982,14.179,14.458,0.000000
381.215057,-31.227,-168.685257,0.007221,7.982,14.135,14.411,0.000000
382.534668,-31.212,-166.675919,0.007207,7.981,14.090,14.363,0.000000
383.858673,-31.157,-164.889862,0.007160,7.981,14.045,14.316,0.000000
385.187622,-31.008,-163.178421,0.007037,7.980,14.000,14.268,0.000000
386.520813,-30.800,-162.059158,0.006869,7.980,13.955,14.221,0.000000
387.859009,-30.539,-162.189362,0.006662,7.979,13.910,14.173,0.000000
389.201416,-30.268,-162.183319,0.006456,7.979,13.865,14.124,0.000000
390.548889,-30.077,-162.491547,0.006314,7.978,13.819,14.076,0.000000
391.900635,-29.882,-163.359116,0.006171,7.978,13.773,14.028,0.000000
393.257416,-29.793,-164.279465,0.006106,7.977,13.727,13.979,0.000000
394.618530,-29.725,-165.470490,0.006057,7.976,13.681,13.930,0.000000
395.984558,-29.630,-166.582687,0.005990,7.976,13.635,13.881,0.000000
397.355316,-29.541,-167.810516,0.005928,7.975,13.589,13.832,0.000000
398.730804,-29.472,-169.117584,0.005880,7.975,13.542,13.783,0.000000
400.111053,-29.383,-170.878311,0.005819,7.974,13.496,13.733,0.000000
401.495880,-29.321,-173.111649,0.005776,7.974,13.449,13.683,0.000000
402.885895,-29.260,-175.666290,0.005735,7.973,13.402,13.634,0.000000
404.280365,-29.336,-178.740860,0.005784,7.973,13.354,13.584,0.000000
405.679993,-29.389,178.255768,0.005819,7.972,13.307,13.533,0.000000
407.084106,-29.529,174.682999,0.005912,7.972,13.260,13.483,0.000000
408.493500,-29.702,170.186600,0.006030,7.971,13.212,13.432,0.000000
409.907349,-30.034,164.752487,0.006264,7.971,13.164,13.382,0.000000
411.326477,-30.637,159.207306,0.006713,7.970,13.116,13.331,0.000000
412.750122,-31.465,153.707520,0.007384,7.969,13.068,13.280,0.000000
414.178925,-32.698,147.956207,0.008509,7.969,13.020,13.229,0.000000
415.612640,-34.077,150.618500,0.009971,7.968,12.971,13.177,0.000000
417.051331,-35.368,156.910950,0.011567,7.968,12.922,13.126,0.000000
418.494995,-36.612,166.420151,0.013346,7.967,12.874,13.074,0.000000
419.943481,-37.688,179.444565,0.015102,7.967,12.825,13.022,0.000000
421.397369,-38.431,-164.812714,0.016448,7.966,12.775,12.970,0.000000
422.855865,-38.484,-149.818207,0.016547,7.966,12.726,12.917,0.000000
424.319855,-37.916,-137.880066,0.015497,7.965,12.677,12.865,0.000000
425.788666,-36.995,-129.092545,0.013934,7.964,12.627,12.812,0.000000
427.262604,-35.870,-123.518494,0.012240,7.964,12.577,12.759,0.000000
428.741394,-34.746,-123.427879,0.010752,7.963,12.527,12.706,0.000000
430.225739,-33.880,-124.673882,0.009730,7.963,12.477,12.653,0.000000
431.714813,-33.140,-124.962570,0.008934,7.962,12.426,12.600,0.000000
433.209259,-32.469,-123.902428,0.008269,7.962,12.376,12.546,0.000000
434.708862,-31.808,-122.837234,0.007664,7.961,12.325,12.492,0.000000
436.213654,-31.118,-121.245064,0.007078,7.960,12.274,12.438,0.000000
437.723663,-30.274,-120.190987,0.006423,7.960,12.223,12.384,0.000000
439.238892,-29.309,-119.601868,0.005747,7.959,12.172,12.330,0.000000
440.759369,-28.242,-120.134895,0.005083,7.959,12.120,12.275,0.000000
442.285095,-27.198,-121.691536,0.004507,7.958,12.069,12.221,0.000000
443.816132,-26.208,-124.612869,0.004022,7.957,12.017,12.166,0.000000
445.352448,-25.285,-128.683990,0.003616,7.957,11.965,12.111,0.000000
446.894073,-24.485,-133.800308,0.003298,7.956,11.913,12.055,0.000000
448.440857,-23.850,-139.446594,0.003066,7.956,11.861,12.000,0.000000
449.993408,-23.399,-146.283798,0.002910,7.955,11.808,11.944,0.000000
451.550873,-23.114,-153.566391,0.002816,7.954,11.755,11.888,0.000000
453.114197,-23.001,-160.798462,0.002780,7.954,11.702,11.832,0.000000
454.682495,-23.068,-167.795425,0.002802,7.953,11.649,11.776,0.000000
456.256409,-23.311,-174.462448,0.002883,7.953,11.596,11.720,0.000000
457.835815,-23.732,179.692886,0.003026,7.952,11.543,11.663,0.000000
459.420654,-24.354,174.914276,0.003251,7.951,11.489,11.606,0.000000
461.010986,-25.042,172.081406,0.003520,7.951,11.435,11.549,0.000000
462.606842,-25.762,170.865616,0.003825,7.950,11.381,11.492,0.000000
464.208221,-26.412,170.733292,0.004122,7.950,11.327,11.434,0.000000
465.815125,-27.010,171.460953,0.004416,7.949,11.273,11.377,0.000000
467.427582,-27.497,173.153931,0.004671,7.948,11.218,11.319,0.000000
469.045410,-27.784,175.188324,0.004827,7.948,11.164,11.261,0.000000
470.669312,-27.888,177.220215,0.004886,7.947,11.109,11.203,0.000000
472.298340,-27.844,178.738785,0.004861,7.946,11.053,11.144,0.000000
473.933502,-27.768,179.452072,0.004819,7.946,10.998,11.086,0.000000
475.573853,-27.782,179.584274,0.004827,7.945,10.943,11.027,0.000000
477.220093,-27.889,-179.759979,0.004888,7.945,10.887,10.968,0.000000
478.872040,-28.007,-177.995941,0.004956,7.944,10.831,10.908,0.000000
480.529724,-27.998,-175.802719,0.004952,7.943,10.775,10.849,0.000000
482.193146,-27.785,-173.601547,0.004833,7.943,10.719,10.789,0.000000
483.862305,-27.447,-171.382034,0.004649,7.942,10.662,10.729,0.000000
485.537262,-26.845,-169.855255,0.004338,7.941,10.606,10.669,0.000000
487.217987,-26.188,-168.943558,0.004023,7.941,10.549,10.609,0.000000
488.904541,-25.529,-168.841919,0.003730,7.940,10.492,10.549,0.000000
490.596710,-24.879,-170.070435,0.003461,7.939,10.434,10.488,0.000000
492.295197,-24.262,-173.139832,0.003225,7.939,10.377,10.427,0.000000
493.999115,-23.818,-177.889313,0.003064,7.938,10.319,10.366,0.000000
495.709381,-23.595,176.550446,0.002987,7.937,10.261,10.305,0.000000
497.425110,-23.593,170.937500,0.002987,7.937,10.203,10.243,0.000000
499.147003,-23.792,166.482056,0.003057,7.936,10.145,10.181,0.000000
500.874847,-24.132,163.100372,0.003179,7.936,10.101,10.135,0.000000
502.608917,-24.485,160.933121,0.003312,7.936,10.070,10.105,0.000000
504.348541,-24.799,159.581024,0.003434,7.936,10.040,10.074,0.000000
506.094391,-25.113,158.479782,0.003561,7.936,10.009,10.043,0.000000
507.846283,-25.373,157.716293,0.003670,7.936,9.978,10.012,0.000000
509.604279,-25.678,157.261978,0.003801,7.935,9.947,9.981,0.000000
511.368317,-25.958,157.303558,0.003926,7.935,9.916,9.950,0.000000
513.138489,-26.189,158.191406,0.004032,7.935,9.885,9.919,0.000000
514.914795,-26.286,159.927505,0.004077,7.935,9.853,9.887,0.000000
516.696960,-26.207,161.361694,0.004040,7.935,9.822,9.856,0.000000
518.485840,-25.975,162.518021,0.003934,7.935,9.790,9.824,0.000000
520.280334,-25.632,163.119919,0.003782,7.935,9.759,9.793,0.000000
522.081360,-25.258,162.988007,0.003623,7.935,9.727,9.761,0.000000
523.888611,-24.872,162.202576,0.003466,7.935,9.695,9.729,0.000000
525.702393,-24.469,160.692810,0.003309,7.935,9.663,9.697,0.000000
527.521912,-24.163,157.864349,0.003195,7.935,9.631,9.665,0.000000
529.348206,-23.960,154.067444,0.003122,7.935,9.599,9.633,0.000000
531.180359,-23.954,149.545074,0.003121,7.935,9.566,9.600,0.000000
533.019104,-24.114,145.284424,0.003178,7.935,9.534,9.568,0.000000
534.864258,-24.432,141.506729,0.003297,7.935,9.501,9.535,0.000000
536.715698,-24.873,138.440338,0.003469,7.935,9.469,9.503,0.000000
538.573608,-25.406,136.267914,0.003688,7.935,9.436,9.470,0.000000
540.437683,-26.014,135.117905,0.003956,7.934,9.403,9.437,0.000000
542.308777,-26.651,135.073914,0.004257,7.934,9.370,9.404,0.000000
544.185730,-27.189,136.498322,0.004529,7.934,9.337,9.371,0.000000
546.069763,-27.609,138.512344,0.004753,7.934,9.304,9.337,0.000000
547.959778,-27.859,140.794342,0.004892,7.934,9.270,9.304,0.000000
549.856873,-27.998,143.193619,0.004971,7.934,9.237,9.271,0.000000
551.760010,-28.009,145.189911,0.004977,7.934,9.203,9.237,0.000000
553.670288,-27.937,147.053787,0.004936,7.934,9.170,9.203,0.000000
555.586609,-27.760,148.762741,0.004837,7.934,9.136,9.169,0.000000
557.509827,-27.473,149.558167,0.004679,7.934,9.102,9.136,0.000000
559.439697,-27.179,149.820068,0.004523,7.934,9.068,9.101,0.000000
561.376282,-26.924,149.010712,0.004393,7.934,9.034,9.067,0.000000
563.319519,-26.761,147.784348,0.004311,7.934,8.999,9.033,0.000000
565.269287,-26.674,146.556107,0.004268,7.934,8.965,8.999,0.000000
567.226318,-26.659,145.749359,0.004261,7.934,8.930,8.964,0.000000
569.189514,-26.644,145.354294,0.004253,7.934,8.896,8.929,0.000000
571.160156,-26.538,144.888138,0.004201,7.934,8.861,8.895,0.000000
573.136963,-26.385,144.364609,0.004127,7.933,8.826,8.860,0.000000
575.121216,-26.213,143.177139,0.004045,7.933,8.791,8.825,0.000000
577.111816,-26.044,141.596573,0.003967,7.933,8.756,8.790,0.000000
579.109863,-25.893,139.248123,0.003898,7.933,8.721,8.754,0.000000
581.114197,-25.802,136.111923,0.003857,7.933,8.685,8.719,0.000000
583.125793,-25.828,132.017715,0.003867,7.933,8.650,8.683,0.000000
585.144348,-26.089,126.535858,0.003985,7.933,8.614,8.648,0.000000
587.169922,-26.625,121.444916,0.004238,7.933,8.579,8.612,0.000000
589.202454,-27.493,119.208366,0.004683,7.933,8.543,8.576,0.000000
591.241760,-28.413,120.859253,0.005204,7.933,8.507,8.540,0.000000
593.288696,-29.250,124.240112,0.005730,7.933,8.471,8.504,0.000000
595.342468,-29.960,128.659851,0.006217,7.933,8.435,8.468,0.000000
597.403320,-30.485,133.429871,0.006604,7.933,8.398,8.431,0.000000
599.471008,-30.731,139.015335,0.006792,7.933,8.362,8.395,0.000000
601.546448,-30.669,145.105865,0.006743,7.933,8.325,8.358,0.000000
603.628479,-30.185,150.494324,0.006376,7.933,8.288,8.321,0.000000
605.718262,-29.428,154.311905,0.005843,7.932,8.251,8.285,0.000000
607.814758,-28.751,154.736115,0.005404,7.932,8.215,8.248,0.000000
609.918762,-28.249,153.167252,0.005099,7.932,8.177,8.210,0.000000
612.030090,-27.843,151.684601,0.004866,7.932,8.140,8.173,0.000000
614.148682,-27.502,149.807983,0.004678,7.932,8.103,8.136,0.000000
616.274658,-27.199,147.430099,0.004517,7.932,8.065,8.098,0.000000
618.407654,-26.972,144.411301,0.004399,7.932,8.028,8.061,0.000000
620.548645,-26.875,141.004425,0.004350,7.932,7.990,8.023,0.000000
622.696716,-26.903,137.485199,0.004363,7.932,7.952,7.985,0.000000
624.852295,-27.041,134.004715,0.004432,7.932,7.914,7.947,0.000000
627.015259,-27.222,130.936600,0.004525,7.932,7.876,7.909,0.000000
629.185730,-27.504,128.062225,0.004674,7.932,7.838,7.870,0.000000
631.363464,-27.951,125.021149,0.004921,7.932,7.799,7.832,0.000000
633.549316,-28.518,123.119637,0.005254,7.932,7.761,7.793,0.000000
635.742126,-29.193,122.220276,0.005678,7.932,7.722,7.755,0.000000
637.942810,-29.828,122.303146,0.006108,7.931,7.683,7.716,0.000000
640.151123,-30.396,122.889160,0.006521,7.931,7.644,7.677,0.000000
642.367065,-30.958,123.119087,0.006956,7.931,7.605,7.638,0.000000
644.590698,-31.605,122.759125,0.007492,7.931,7.566,7.598,0.000000
646.822327,-32.403,122.743668,0.008212,7.931,7.526,7.559,0.000000
649.061096,-33.457,126.921867,0.009269,7.931,7.487,7.519,0.000000
651.307861,-34.334,135.437790,0.010253,7.931,7.447,7.480,0.000000
653.562439,-34.486,145.872894,0.010432,7.931,7.408,7.440,0.000000
655.824829,-34.108,156.830078,0.009988,7.931,7.368,7.400,0.000000
658.095032,-33.335,167.543167,0.009139,7.931,7.328,7.360,0.000000
660.372803,-32.253,176.605881,0.008070,7.931,7.287,7.320,0.000000
662.659058,-31.005,-175.980515,0.006991,7.931,7.247,7.279,0.000000
664.952637,-29.750,-170.778885,0.006051,7.931,7.207,7.239,0.000000
667.254761,-28.455,-168.025879,0.005214,7.931,7.166,7.198,0.000000
669.564209,-27.393,-171.448807,0.004615,7.930,7.125,7.158,0.000000
671.882019,-26.634,-177.608673,0.004229,7.930,7.084,7.117,0.000000
674.207764,-26.078,177.073547,0.003967,7.930,7.043,7.076,0.000000
676.541992,-25.702,172.191498,0.003799,7.930,7.002,7.034,0.000000
678.883545,-25.453,168.038025,0.003691,7.930,6.961,6.993,0.000000
681.233582,-25.334,164.341125,0.003641,7.930,6.919,6.952,0.000000
683.591797,-25.251,161.487701,0.003606,7.930,6.878,6.910,0.000000
685.958130,-25.182,158.990082,0.003578,7.930,6.836,6.868,0.000000
688.332642,-25.053,157.106216,0.003526,7.930,6.794,6.826,0.000000
690.715027,-24.878,154.780212,0.003456,7.930,6.752,6.784,0.000000
693.106384,-24.718,152.115768,0.003394,7.930,6.710,6.742,0.000000
695.505310,-24.606,149.039261,0.003351,7.930,6.668,6.700,0.000000
697.913208,-24.611,145.890961,0.003353,7.930,6.625,6.657,0.000000
700.328796,-24.670,143.008194,0.003377,7.930,6.583,6.615,0.000000
702.753052,-24.757,140.700150,0.003411,7.929,6.540,6.572,0.000000
705.185730,-24.820,138.697571,0.003436,7.929,6.497,6.529,0.000000
707.627136,-24.827,136.581482,0.003440,7.929,6.454,6.486,0.000000
710.076355,-24.820,133.930481,0.003438,7.929,6.411,6.442,0.000000
712.534363,-24.905,130.800659,0.003472,7.929,6.367,6.399,0.000000
715.000854,-25.093,127.733742,0.003549,7.929,6.324,6.356,0.000000
717.475891,-25.369,125.109428,0.003664,7.929,6.280,6.312,0.000000
719.959534,-25.672,122.514236,0.003795,7.929,6.236,6.268,0.000000
722.451416,-26.005,120.506836,0.003945,7.929,6.192,6.224,0.000000
724.952637,-26.393,118.936661,0.004127,7.929,6.148,6.180,0.000000
727.461792,-26.854,117.686562,0.004353,7.929,6.104,6.136,0.000000
729.980347,-27.426,117.330421,0.004651,7.929,6.060,6.091,0.000000
732.506897,-28.025,118.121071,0.004985,7.929,6.015,6.047,0.000000
735.042908,-28.522,120.157455,0.005280,7.928,5.970,6.002,0.000000
737.586975,-28.722,122.489075,0.005404,7.928,5.925,5.957,0.000000
740.140564,-28.649,124.003319,0.005360,7.928,5.880,5.912,0.000000
742.702332,-28.525,124.087753,0.005284,7.928,5.835,5.867,0.000000
745.273254,-28.490,123.320061,0.005264,7.928,5.790,5.821,0.000000
747.853088,-28.529,121.897003,0.005289,7.928,5.744,5.776,0.000000
750.441895,-28.678,120.009544,0.005381,7.928,5.699,5.730,0.000000
753.039612,-28.913,117.965912,0.005529,7.928,5.653,5.684,0.000000
755.646362,-29.280,116.455925,0.005768,7.928,5.607,5.638,0.000000
758.262146,-29.772,116.277245,0.006104,7.928,5.561,5.592,0.000000
760.886597,-30.303,117.221344,0.006489,7.928,5.514,5.546,0.000000
763.520813,-30.766,118.217049,0.006844,7.928,5.468,5.499,0.000000
766.163818,-31.078,119.016373,0.007094,7.927,5.421,5.452,0.000000
768.816040,-31.442,119.512756,0.007399,7.927,5.374,5.406,0.000000
771.476990,-31.835,119.831795,0.007742,7.927,5.328,5.359,0.000000
774.147888,-32.257,120.444489,0.008129,7.927,5.280,5.311,0.000000
776.827332,-32.711,120.857819,0.008566,7.927,5.233,5.264,0.000000
779.516785,-33.254,122.808861,0.009120,7.927,5.186,5.217,0.000000
782.214844,-33.927,126.952698,0.009856,7.927,5.138,5.169,0.000000
784.922546,-34.607,132.645187,0.010661,7.927,5.090,5.121,0.000000
787.639648,-35.079,140.353699,0.011258,7.927,5.042,5.073,0.000000
790.366150,-35.020,149.162155,0.011182,7.927,4.994,5.025,0.000000
793.102112,-34.370,157.213379,0.010376,7.927,4.946,4.977,0.000000
795.847107,-33.444,163.894104,0.009327,7.927,4.898,4.928,0.000000
798.602417,-32.466,168.238831,0.008334,7.926,4.849,4.880,0.000000
801.366882,-31.506,170.578430,0.007462,7.926,4.800,4.831,0.000000
804.140930,-30.782,169.649094,0.006865,7.926,4.751,4.782,0.000000
806.924133,-30.215,167.325333,0.006431,7.926,4.702,4.733,0.000000
809.717773,-29.755,164.162994,0.006100,7.926,4.653,4.684,0.000000
812.520325,-29.481,160.261734,0.005910,7.926,4.604,4.634,0.000000
815.333374,-29.455,156.441818,0.005892,7.926,4.554,4.584,0.000000
818.155334,-29.655,152.988495,0.006030,7.926,4.504,4.535,0.000000
820.987488,-30.041,150.955734,0.006304,7.926,4.454,4.485,0.000000
823.829407,-30.548,150.691940,0.006682,7.926,4.404,4.435,0.000000
826.681213,-30.972,152.161102,0.007016,7.926,4.354,4.384,0.000000
829.542847,-31.225,154.406631,0.007222,7.926,4.303,4.334,0.000000
832.414429,-31.379,157.139969,0.007350,7.925,4.253,4.283,0.000000
835.295898,-31.503,160.294449,0.007455,7.925,4.202,4.232,0.000000
838.187378,-31.503,163.987320,0.007453,7.925,4.151,4.181,0.000000
841.088867,-31.178,167.912323,0.007178,7.925,4.100,4.130,0.000000
844.000000,-30.606,171.458801,0.006720,7.925,4.048,4.078,0.000000
846.921997,-29.911,173.804947,0.006203,7.925,3.997,4.027,0.000000
849.853333,-29.218,174.786316,0.005727,7.925,3.945,3.975,0.000000
852.795593,-28.485,174.112518,0.005263,7.925,3.893,3.923,0.000000
855.747253,-27.896,171.672562,0.004918,7.925,3.841,3.871,0.000000
858.709534,-27.551,168.286530,0.004727,7.925,3.789,3.819,0.000000
861.682068,-27.386,164.781433,0.004638,7.925,3.736,3.766,0.000000
864.664856,-27.416,161.876953,0.004654,7.924,3.684,3.714,0.000000
867.657959,-27.619,159.929123,0.004763,7.924,3.631,3.661,0.000000
870.661499,-27.855,159.193481,0.004894,7.924,3.578,3.608,0.000000
873.675354,-28.037,159.422470,0.004996,7.924,3.525,3.555,0.000000
876.699707,-28.131,160.327484,0.005049,7.924,3.471,3.501,0.000000
879.734497,-28.195,161.595093,0.005086,7.924,3.418,3.448,0.000000
882.779419,-28.121,163.640686,0.005042,7.924,3.364,3.394,0.000000
885.835632,-27.815,166.055649,0.004867,7.924,3.310,3.340,0.000000
888.901672,-27.266,167.745773,0.004569,7.924,3.256,3.286,0.000000
891.979126,-26.565,168.260239,0.004215,7.924,3.202,3.232,0.000000
895.066406,-25.873,167.384186,0.003892,7.924,3.147,3.177,0.000000
898.164734,-25.240,164.955261,0.003619,7.923,3.093,3.122,0.000000
901.273865,-24.771,161.214615,0.003428,7.923,3.038,3.067,0.000000
904.393738,-24.478,157.065277,0.003315,7.923,2.983,3.012,0.000000
907.524414,-24.251,152.685165,0.003229,7.923,2.928,2.957,0.000000
910.665894,-24.128,147.389313,0.003183,7.923,2.872,2.902,0.000000
913.818298,-24.188,141.878403,0.003204,7.923,2.817,2.846,0.000000
916.981567,-24.453,136.602646,0.003303,7.923,2.761,2.790,0.000000
920.155823,-24.842,132.008011,0.003453,7.923,2.705,2.734,0.000000
923.341003,-25.392,127.792618,0.003678,7.923,2.649,2.678,0.000000
926.537292,-26.070,124.757538,0.003977,7.923,2.592,2.622,0.000000
929.744141,-26.789,123.645477,0.004320,7.922,2.536,2.565,0.000000
932.963013,-27.503,123.886856,0.004690,7.922,2.479,2.508,0.000000
936.192139,-28.136,124.429047,0.005044,7.922,2.422,2.451,0.000000
939.432861,-28.640,124.553535,0.005346,7.922,2.365,2.394,0.000000
942.684814,-29.195,124.396568,0.005699,7.922,2.307,2.336,0.000000
945.948486,-29.909,124.912315,0.006187,7.922,2.250,2.279,0.000000
949.222534,-30.636,127.319519,0.006727,7.922,2.192,2.221,0.000000
952.508850,-31.092,131.832993,0.007090,7.922,2.134,2.163,0.000000
955.805603,-31.311,135.663895,0.007270,7.922,2.076,2.105,0.000000
959.114258,-31.545,139.298477,0.007469,7.922,2.018,2.046,0.000000
962.434326,-31.751,143.763184,0.007649,7.921,1.959,1.988,0.000000
965.765930,-31.794,148.850021,0.007686,7.921,1.900,1.929,0.000000
969.109009,-31.523,153.717575,0.007450,7.921,1.841,1.870,0.000000
972.463257,-31.032,157.984955,0.007041,7.921,1.782,1.811,0.000000
975.830017,-30.384,160.842651,0.006535,7.921,1.723,1.751,0.000000
979.207458,-29.820,161.122665,0.006124,7.921,1.663,1.692,0.000000
982.597595,-29.426,160.730911,0.005853,7.921,1.603,1.632,0.000000
985.998474,-29.069,159.983368,0.005617,7.921,1.543,1.572,0.000000
989.412109,-28.805,158.222458,0.005448,7.921,1.483,1.512,0.000000
992.836609,-28.703,156.501053,0.005385,7.920,1.423,1.451,0.000000
996.273926,-28.716,155.522934,0.005393,7.920,1.362,1.391,0.000000
999.722168,-28.691,155.786041,0.005377,7.920,1.301,1.330,0.000000
1003.182800,-28.594,156.060471,0.005318,7.920,1.272,1.301,0.000000
1006.655457,-28.365,156.524399,0.005180,7.920,1.246,1.275,0.000000
1010.140076,-28.042,156.429398,0.004991,7.920,1.220,1.249,0.000000
1013.636780,-27.671,155.376373,0.004782,7.920,1.193,1.222,0.000000
1017.145142,-27.380,153.112717,0.004624,7.920,1.167,1.196,0.000000
1020.666565,-27.235,150.243576,0.004549,7.920,1.140,1.170,0.000000
1024.199219,-27.243,147.147293,0.004554,7.920,1.113,1.143,0.000000
1027.745117,-27.317,144.349213,0.004594,7.919,1.087,1.116,0.000000
1031.302246,-27.475,140.371445,0.004679,7.919,1.060,1.090,0.000000
1034.872803,-27.943,136.295288,0.004939,7.919,1.033,1.063,0.000000
1038.454590,-28.743,135.318481,0.005416,7.919,1.006,1.036,0.000000
1042.049805,-29.558,138.630142,0.005950,7.919,0.978,1.009,0.000000
1045.656494,-29.946,143.495239,0.006222,7.919,0.951,0.982,0.000000
1049.276123,-29.792,148.073456,0.006114,7.919,0.924,0.955,0.000000
1052.908325,-29.240,150.961243,0.005738,7.919,0.896,0.927,0.000000
1056.553101,-28.761,151.314301,0.005432,7.919,0.869,0.900,0.000000
1060.210571,-28.536,151.464935,0.005294,7.919,0.841,0.872,0.000000
1063.880005,-28.233,152.056458,0.005113,7.919,0.813,0.845,0.000000
1067.563354,-27.864,151.248978,0.004901,7.918,0.785,0.817,0.000000
1071.258301,-27.600,146.933517,0.004755,7.918,0.757,0.789,0.000000
1074.967041,-27.587,141.953125,0.004749,7.918,0.729,0.762,0.000000
1078.688232,-27.870,137.499237,0.004907,7.918,0.701,0.734,0.000000
1082.422241,-28.468,134.029129,0.005258,7.918,0.673,0.706,0.000000
1086.168579,-29.210,132.304810,0.005728,7.918,0.645,0.677,0.000000
1089.929077,-29.852,132.325562,0.006168,7.918,0.616,0.649,0.000000
1093.701416,-30.261,132.572144,0.006466,7.918,0.588,0.621,0.000000
1097.487427,-30.646,132.022934,0.006761,7.918,0.559,0.592,0.000000
1101.286499,-31.018,131.126724,0.007058,7.917,0.530,0.564,0.000000
1105.098755,-31.501,129.299438,0.007463,7.917,0.501,0.535,0.000000
1108.924194,-32.306,127.661575,0.008189,7.917,0.472,0.507,0.000000
1112.762817,-33.421,128.677460,0.009312,7.917,0.443,0.478,0.000000
1116.614746,-34.364,133.885010,0.010383,7.917,0.414,0.449,0.000000
1120.480103,-34.968,141.573288,0.011131,7.917,0.385,0.420,0.000000
1124.358765,-35.404,150.463455,0.011707,7.917,0.356,0.391,0.000000
1128.250854,-35.301,161.738037,0.011571,7.917,0.326,0.361,0.000000
1132.156372,-34.425,171.901398,0.010463,7.917,0.297,0.332,0.000000
1136.075562,-33.385,179.253845,0.009284,7.917,0.267,0.303,0.000000
1140.007568,-32.481,-176.100494,0.008367,7.916,0.237,0.273,0.000000
1143.953857,-31.665,-172.834457,0.007619,7.916,0.208,0.243,0.000000
1147.913818,-31.009,-173.841141,0.007068,7.916,0.178,0.214,0.000000
1151.887451,-30.696,-177.081360,0.006820,7.916,0.148,0.184,0.000000
1155.874878,-30.476,-178.151382,0.006651,7.916,0.117,0.154,0.000000
1159.876099,-30.192,-178.881287,0.006440,7.916,0.087,0.124,0.000000
1163.891113,-29.924,-179.326935,0.006246,7.916,0.057,0.094,0.000000
1167.920044,-29.643,-179.224136,0.006049,7.916,0.026,0.063,0.000000
1171.962891,-29.275,-178.586288,0.005799,7.916,-0.004,0.033,0.000000
1176.019775,-28.806,-178.253235,0.005495,7.915,-0.035,0.003,0.000000
1180.090698,-28.368,-178.767334,0.005226,7.915,-0.066,-0.028,0.000000
1184.175781,-28.008,-179.417389,0.005015,7.915,-0.097,-0.059,0.000000
1188.274902,-27.649,178.812988,0.004813,7.915,-0.128,-0.090,0.000000
1192.388306,-27.306,175.524063,0.004627,7.915,-0.159,-0.120,0.000000
1196.515259,-27.140,172.430832,0.004541,7.915,-0.190,-0.151,0.000000
1200.657227,-27.011,169.412796,0.004475,7.915,-0.221,-0.183,0.000000
1204.813965,-26.981,166.304764,0.004461,7.915,-0.253,-0.214,0.000000
1208.984009,-27.048,163.300018,0.004498,7.915,-0.284,-0.245,0.000000
1213.169067,-27.294,160.655807,0.004628,7.914,-0.316,-0.277,0.000000
1217.368530,-27.554,159.814697,0.004771,7.914,-0.348,-0.308,0.000000
1221.582642,-27.576,159.972153,0.004784,7.914,-0.380,-0.340,0.000000
1225.811279,-27.474,158.584641,0.004730,7.914,-0.412,-0.372,0.000000
1230.054565,-27.492,155.883652,0.004740,7.914,-0.444,-0.403,0.000000
1234.311890,-27.822,152.907639,0.004924,7.914,-0.476,-0.435,0.000000
1238.585205,-28.310,151.208191,0.005210,7.914,-0.508,-0.467,0.000000
1242.872803,-28.850,152.182266,0.005545,7.914,-0.541,-0.500,0.000000
1247.175049,-28.981,155.431519,0.005630,7.914,-0.573,-0.532,0.000000
1251.492310,-28.554,157.070038,0.005361,7.913,-0.606,-0.564,0.000000
1255.823975,-28.091,154.207596,0.005084,7.913,-0.639,-0.597,0.000000
1260.171753,-28.153,149.527756,0.005121,7.913,-0.672,-0.630,0.000000
1264.533325,-28.525,146.014069,0.005346,7.913,-0.705,-0.662,0.000000
1268.911255,-28.912,143.570282,0.005590,7.913,-0.738,-0.695,0.000000
1273.303101,-29.302,141.756561,0.005849,7.913,-0.771,-0.728,0.000000
1277.710815,-29.668,139.232056,0.006101,7.913,-0.804,-0.761,0.000000
1282.133789,-30.309,136.506073,0.006570,7.913,-0.838,-0.795,0.000000
1286.572021,-31.367,139.009888,0.007422,7.912,-0.871,-0.828,0.000000
1291.025024,-32.300,143.579605,0.008265,7.912,-0.905,-0.861,0.000000
1295.494751,-33.042,149.385117,0.009003,7.912,-0.939,-0.895,0.000000
1299.979248,-33.273,155.582672,0.009247,7.912,-0.973,-0.929,0.000000
1304.479248,-33.159,159.912033,0.009129,7.912,-1.007,-0.962,0.000000
1308.994873,-33.142,162.209412,0.009112,7.912,-1.041,-0.996,0.000000
1313.525513,-33.257,167.194199,0.009234,7.912,-1.075,-1.030,0.000000
1318.072998,-32.834,173.605606,0.008795,7.912,-1.110,-1.065,0.000000
1322.635010,-32.005,174.334671,0.007995,7.911,-1.144,-1.099,0.000000
1327.214111,-31.551,170.429779,0.007587,7.911,-1.179,-1.133,0.000000
1331.807739,-31.645,165.525391,0.007670,7.911,-1.213,-1.168,0.000000
1336.417969,-32.312,162.236389,0.008282,7.911,-1.248,-1.202,0.000000
1341.044189,-33.231,167.498581,0.009206,7.911,-1.283,-1.237,0.000000
1345.686401,-33.297,176.490601,0.009278,7.911,-1.318,-1.272,0.000000
1350.344604,-32.467,-176.957001,0.008435,7.911,-1.354,-1.307,0.000000
1355.018921,-31.596,-176.258545,0.007631,7.911,-1.389,-1.342,0.000000
1359.709595,-31.156,-177.165176,0.007255,7.910,-1.425,-1.377,0.000000
1364.416382,-31.002,-177.513306,0.007129,7.910,-1.460,-1.413,0.000000
1369.139404,-30.969,-175.783981,0.007103,7.910,-1.496,-1.448,0.000000
1373.878174,-30.565,-172.454361,0.006780,7.910,-1.532,-1.484,0.000000
1378.634644,-29.958,-175.707245,0.006321,7.910,-1.568,-1.520,0.000000
1383.406372,-29.857,177.826187,0.006247,7.910,-1.604,-1.555,0.000000
1388.195801,-30.151,172.272675,0.006461,7.910,-1.640,-1.591,0.000000
1393.000610,-30.867,168.446487,0.007015,7.910,-1.676,-1.627,0.000000
1397.822632,-31.864,169.212540,0.007867,7.909,-1.713,-1.664,0.000000
1402.661377,-32.540,172.730759,0.008502,7.909,-1.749,-1.700,0.000000
1407.516846,-32.909,176.792953,0.008871,7.909,-1.786,-1.736,0.000000
1412.389771,-33.039,-179.686600,0.009005,7.909,-1.823,-1.773,0.000000
1417.278198,-33.218,-175.514954,0.009193,7.909,-1.860,-1.810,0.000000
1422.184326,-32.947,-170.930847,0.008910,7.909,-1.897,-1.847,0.000000
1427.107300,-32.449,-167.503632,0.008414,7.909,-1.934,-1.884,0.000000
1432.047485,-31.834,-164.475479,0.007839,7.909,-1.972,-1.921,0.000000
1437.004639,-31.005,-164.589233,0.007125,7.908,-2.009,-1.958,0.000000
1441.979004,-30.489,-168.765961,0.006714,7.908,-2.047,-1.995,0.000000
1446.969849,-30.600,-174.026505,0.006800,7.908,-2.085,-2.033,0.000000
1451.979492,-30.910,-174.910370,0.007048,7.908,-2.122,-2.070,0.000000
1457.005005,-31.124,-174.749573,0.007223,7.908,-2.161,-2.108,0.000000
1462.048584,-31.320,-174.093445,0.007388,7.908,-2.199,-2.146,0.000000
1467.109619,-31.720,-173.492905,0.007736,7.908,-2.237,-2.184,0.000000
1472.188110,-32.278,-171.061584,0.008249,7.907,-2.275,-2.222,0.000000
1477.285034,-32.812,-166.102478,0.008771,7.907,-2.314,-2.261,0.000000
1482.398071,-32.864,-158.907379,0.008822,7.907,-2.353,-2.299,0.000000
1487.529541,-32.229,-151.712769,0.008198,7.907,-2.391,-2.338,0.000000
1492.678833,-31.149,-147.739487,0.007238,7.907,-2.430,-2.376,0.000000
1497.845947,-30.355,-147.021469,0.006605,7.907,-2.469,-2.415,0.000000
1503.030884,-29.761,-147.148819,0.006167,7.907,-2.509,-2.454,0.000000
1508.233765,-29.272,-146.529800,0.005830,7.906,-2.548,-2.493,0.000000
1513.453979,-28.350,-145.527695,0.005243,7.906,-2.588,-2.532,0.000000
1518.693726,-27.203,-147.683578,0.004594,7.906,-2.627,-2.572,0.000000
1523.950195,-26.343,-152.874222,0.004161,7.906,-2.667,-2.611,0.000000
1529.226196,-25.860,-159.013306,0.003936,7.906,-2.707,-2.651,0.000000
1534.519775,-25.621,-164.722351,0.003829,7.906,-2.747,-2.691,0.000000
1539.831055,-25.488,-171.071762,0.003771,7.906,-2.787,-2.730,0.000000
1545.161987,-25.602,-178.035797,0.003820,7.905,-2.827,-2.770,0.000000
1550.510010,-25.838,176.028244,0.003925,7.905,-2.868,-2.811,0.000000
1555.877319,-26.248,170.402756,0.004113,7.905,-2.908,-2.851,0.000000
1561.263184,-27.131,166.164047,0.004553,7.905,-2.949,-2.891,0.000000
1566.667725,-28.244,164.865891,0.005175,7.905,-2.990,-2.932,0.000000
1572.090820,-29.427,165.633957,0.005928,7.905,-3.031,-2.973,0.000000
1577.532837,-30.415,169.216675,0.006642,7.905,-3.072,-3.014,0.000000
1582.992920,-31.194,173.926468,0.007264,7.904,-3.114,-3.055,0.000000
1588.473389,-31.391,179.730164,0.007431,7.904,-3.155,-3.096,0.000000
1593.971313,-31.201,-176.215149,0.007271,7.904,-3.197,-3.137,0.000000
1599.489746,-30.738,-172.324219,0.006893,7.904,-3.238,-3.179,0.000000
1605.026611,-29.979,-170.696121,0.006316,7.904,-3.280,-3.220,0.000000
1610.581787,-29.274,-171.756821,0.005824,7.904,-3.322,-3.262,0.000000
1616.157837,-28.802,-175.011154,0.005516,7.903,-3.364,-3.304,0.000000
1621.751587,-28.548,178.388763,0.005357,7.903,-3.407,-3.346,0.000000
1627.366211,-29.000,169.400284,0.005643,7.903,-3.449,-3.388,0.000000
1632.998779,-29.823,167.046616,0.006204,7.903,-3.492,-3.430,0.000000
1638.651611,-30.430,172.249146,0.006653,7.903,-3.535,-3.473,0.000000
1644.323975,-30.731,176.729858,0.006888,7.903,-3.577,-3.515,0.000000
1650.015991,-30.993,-177.632965,0.007099,7.903,-3.621,-3.558,0.000000
1655.726929,-31.053,-171.468597,0.007148,7.902,-3.664,-3.601,0.000000
1661.459229,-30.941,-165.410767,0.007056,7.902,-3.707,-3.644,0.000000
1667.209717,-30.836,-160.933578,0.006972,7.902,-3.751,-3.687,0.000000
1672.981812,-30.635,-154.098907,0.006812,7.902,-3.794,-3.731,0.000000
1678.772949,-29.669,-148.685837,0.006095,7.902,-3.838,-3.774,0.000000
1684.583496,-28.602,-154.238464,0.005390,7.902,-3.882,-3.818,0.000000
1690.415649,-27.981,-161.096512,0.005019,7.901,-3.926,-3.862,0.000000
1696.266357,-27.745,-168.598831,0.004885,7.901,-3.970,-3.906,0.000000
1702.139038,-27.991,-174.864014,0.005026,7.901,-4.015,-3.950,0.000000
1708.030396,-28.303,-178.989426,0.005211,7.901,-4.059,-3.994,0.000000
1713.942871,-28.662,177.251297,0.005432,7.901,-4.104,-4.038,0.000000
1719.875977,-28.978,174.023102,0.005634,7.901,-4.149,-4.083,0.000000
1725.829468,-29.341,171.316971,0.005875,7.901,-4.194,-4.128,0.000000
1731.802856,-29.995,168.465073,0.006336,7.900,-4.239,-4.173,0.000000
1737.798462,-31.047,164.234283,0.007153,7.900,-4.285,-4.218,0.000000
1743.814087,-32.663,165.314133,0.008617,7.900,-4.330,-4.263,0.000000
1749.850464,-33.050,174.625412,0.009011,7.900,-4.376,-4.308,0.000000
1755.907837,-32.344,-175.582550,0.008309,7.900,-4.422,-4.354,0.000000
1761.985229,-31.839,-168.696091,0.007842,7.900,-4.467,-4.399,0.000000
1768.085449,-31.234,-161.706680,0.007316,7.899,-4.514,-4.445,0.000000
1774.204956,-30.510,-158.580536,0.006731,7.899,-4.560,-4.491,0.000000
1780.347412,-29.941,-157.284225,0.006305,7.899,-4.606,-4.537,0.000000
1786.509521,-29.551,-155.769104,0.006030,7.899,-4.653,-4.583,0.000000
1792.693726,-29.030,-154.096161,0.005680,7.899,-4.700,-4.630,0.000000
1798.899292,-28.720,-161.772003,0.005481,7.899,-4.747,-4.677,0.000000
1805.126465,-28.990,-168.024170,0.005656,7.898,-4.794,-4.723,0.000000
1811.375122,-29.757,-171.544266,0.006179,7.898,-4.841,-4.770,0.000000
1817.645386,-30.262,-169.672516,0.006550,7.898,-4.889,-4.817,0.000000
1823.937378,-30.164,-167.651672,0.006478,7.898,-4.936,-4.865,0.000000
1830.251099,-30.086,-167.992142,0.006420,7.898,-4.984,-4.912,0.000000
1836.586792,-30.011,-167.337784,0.006366,7.898,-5.032,-4.960,0.000000
1842.943481,-29.850,-168.666840,0.006251,7.897,-5.080,-5.007,0.000000
1849.323853,-30.022,-169.985214,0.006377,7.897,-5.128,-5.055,0.000000
1855.724609,-30.152,-168.505966,0.006474,7.897,-5.177,-5.103,0.000000
1862.149292,-29.824,-166.599808,0.006235,7.897,-5.225,-5.152,0.000000
1868.594482,-29.386,-169.825897,0.005930,7.897,-5.274,-5.200,0.000000
1875.062866,-29.785,-173.852158,0.006209,7.896,-5.323,-5.249,0.000000
1881.553589,-30.264,-173.624878,0.006563,7.896,-5.372,-5.297,0.000000
1888.066772,-30.613,-171.803421,0.006833,7.896,-5.421,-5.346,0.000000
1894.603516,-30.523,-168.472824,0.006763,7.896,-5.471,-5.395,0.000000
1901.161011,-29.923,-167.122421,0.006313,7.896,-5.520,-5.445,0.000000
1907.742065,-29.502,-170.732544,0.006015,7.896,-5.570,-5.494,0.000000
1914.345947,-29.730,-174.290573,0.006176,7.895,-5.620,-5.544,0.000000
1920.972656,-29.960,-174.803223,0.006343,7.895,-5.670,-5.594,0.000000
1927.622314,-29.801,-175.694916,0.006229,7.895,-5.720,-5.643,0.000000
1934.295044,-29.869,179.043304,0.006280,7.895,-5.771,-5.694,0.000000
1940.989868,-30.475,177.008011,0.006735,7.895,-5.822,-5.744,0.000000
1947.709717,-30.805,179.371780,0.006996,7.894,-5.872,-5.794,0.000000
1954.451050,-30.932,-178.487228,0.007101,7.894,-5.923,-5.845,0.000000
1961.216675,-31.160,-177.860153,0.007291,7.894,-5.975,-5.896,0.000000
1968.005615,-31.546,-175.344254,0.007623,7.894,-6.026,-5.947,0.000000
1974.818115,-31.545,-170.573212,0.007624,7.894,-6.077,-5.998,0.000000
1981.655151,-31.148,-166.592270,0.007285,7.894,-6.129,-6.049,0.000000
1988.513916,-30.791,-163.842010,0.006993,7.893,-6.181,-6.101,0.000000
1995.397339,-30.013,-159.282852,0.006396,7.893,-6.233,-6.153,0.000000
2002.304688,-29.269,-165.077896,0.005873,7.893,-6.272,-6.191,0.000000
2009.235840,-28.921,-169.355179,0.005644,7.893,-6.286,-6.204,0.000000
2016.191040,-28.614,-173.152145,0.005450,7.893,-6.299,-6.217,0.000000
2023.170288,-28.323,-177.865799,0.005272,7.893,-6.312,-6.230,0.000000
2030.172852,-28.448,173.895874,0.005350,7.893,-6.326,-6.243,0.000000
2037.201416,-28.931,167.068115,0.005658,7.893,-6.339,-6.257,0.000000
2044.252441,-29.782,160.941086,0.006241,7.892,-6.352,-6.270,0.000000
2051.329834,-30.568,163.486160,0.006833,7.892,-6.366,-6.283,0.000000
2058.430908,-31.334,166.304184,0.007465,7.892,-6.379,-6.296,0.000000
2065.555420,-31.923,170.929779,0.007990,7.892,-6.393,-6.309,0.000000
2072.706543,-32.384,176.348007,0.008427,7.892,-6.407,-6.323,0.000000
2079.880371,-32.155,-178.439056,0.008209,7.892,-6.420,-6.336,0.000000
2087.080078,-31.825,-175.813019,0.007906,7.892,-6.434,-6.350,0.000000
2094.304932,-31.555,-174.401703,0.007667,7.892,-6.448,-6.363,0.000000
2101.554443,-31.417,-171.542725,0.007548,7.892,-6.462,-6.377,0.000000
2108.829346,-30.876,-173.590317,0.007095,7.892,-6.476,-6.390,0.000000
2116.129150,-30.827,-178.016495,0.007058,7.892,-6.490,-6.404,0.000000
2123.453369,-30.825,176.872681,0.007058,7.891,-6.504,-6.417,0.000000
2130.804932,-31.554,172.670700,0.007678,7.891,-6.518,-6.431,0.000000
2138.180176,-32.476,173.738876,0.008539,7.891,-6.532,-6.445,0.000000
2145.582520,-33.548,178.300644,0.009663,7.891,-6.546,-6.459,0.000000
2153.009766,-33.142,-175.981903,0.009224,7.891,-6.560,-6.472,0.000000
2160.461670,-32.715,-173.831909,0.008782,7.891,-6.574,-6.486,0.000000
2167.941406,-32.434,-171.063675,0.008504,7.891,-6.588,-6.500,0.000000
2175.445068,-31.787,-169.575684,0.007895,7.891,-6.603,-6.514,0.000000
2182.976562,-31.317,-170.921600,0.007480,7.891,-6.617,-6.528,0.000000
2190.532227,-31.063,-170.292542,0.007266,7.891,-6.632,-6.542,0.000000
2198.114990,-30.574,-173.385651,0.006870,7.890,-6.646,-6.557,0.000000
2205.723877,-30.385,-177.618683,0.006723,7.890,-6.661,-6.571,0.000000
2213.359375,-30.734,177.422302,0.007000,7.890,-6.675,-6.585,0.000000
2221.020020,-31.369,177.963989,0.007532,7.890,-6.690,-6.599,0.000000
2228.709473,-31.298,179.669067,0.007472,7.890,-6.704,-6.614,0.000000
2236.423340,-31.113,179.797165,0.007317,7.890,-6.719,-6.628,0.000000
2244.166016,-30.871,179.126160,0.007119,7.890,-6.734,-6.642,0.000000
2251.934570,-30.546,177.762329,0.006859,7.890,-6.749,-6.657,0.000000
2259.728760,-30.300,174.297211,0.006670,7.890,-6.764,-6.671,0.000000
2267.552002,-30.446,170.105743,0.006786,7.890,-6.779,-6.686,0.000000
2275.400391,-30.578,165.784821,0.006892,7.889,-6.794,-6.701,0.000000
2283.278076,-30.974,160.100693,0.007215,7.889,-6.809,-6.715,0.000000
2291.180908,-31.493,161.987610,0.007661,7.889,-6.824,-6.730,0.000000
2299.112061,-31.846,163.917923,0.007980,7.889,-6.839,-6.745,0.000000
2307.070557,-32.684,166.560104,0.008790,7.889,-6.854,-6.760,0.000000
2315.056885,-32.883,173.624115,0.008995,7.889,-6.869,-6.775,0.000000
2323.069580,-32.547,177.501541,0.008655,7.889,-6.885,-6.790,0.000000
2331.112305,-32.347,-179.764175,0.008460,7.889,-6.900,-6.805,0.000000
2339.181641,-32.174,-176.657898,0.008294,7.889,-6.915,-6.820,0.000000
2347.279053,-31.818,-174.662323,0.007962,7.888,-6.931,-6.835,0.000000
2355.404297,-31.326,-177.264832,0.007525,7.888,-6.946,-6.850,0.000000
2363.556885,-31.430,177.441818,0.007617,7.888,-6.962,-6.865,0.000000
2371.739746,-31.674,174.193527,0.007836,7.888,-6.978,-6.880,0.000000
2379.948486,-32.155,173.913956,0.008284,7.888,-6.993,-6.896,0.000000
2388.188232,-32.806,177.078751,0.008929,7.888,-7.009,-6.911,0.000000
2396.454102,-32.370,-178.449966,0.008494,7.888,-7.025,-6.926,0.000000
2404.749512,-31.643,-176.550186,0.007813,7.888,-7.041,-6.942,0.000000
2413.073975,-31.180,-177.123459,0.007409,7.888,-7.056,-6.957,0.000000
2421.427002,-31.009,-178.347549,0.007266,7.887,-7.072,-6.973,0.000000
2429.809082,-30.533,-179.752060,0.006879,7.887,-7.088,-6.989,0.000000
2438.220215,-30.458,174.530716,0.006822,7.887,-7.104,-7.004,0.000000
2446.660400,-30.684,171.237732,0.007003,7.887,-7.121,-7.020,0.000000
2455.129883,-30.690,170.613174,0.007011,7.887,-7.137,-7.036,0.000000
2463.628418,-31.630,169.120071,0.007814,7.887,-7.153,-7.052,0.000000
2472.155518,-32.487,174.507309,0.008627,7.887,-7.169,-7.067,0.000000
2480.714355,-32.663,-178.723648,0.008807,7.887,-7.186,-7.083,0.000000
2489.300293,-32.032,-172.072327,0.008193,7.887,-7.202,-7.099,0.000000
2497.918701,-31.532,-171.166702,0.007737,7.886,-7.218,-7.115,0.000000
2506.564209,-31.370,-165.885498,0.007596,7.886,-7.235,-7.132,0.000000
2515.240967,-30.331,-161.720596,0.006741,7.886,-7.251,-7.148,0.000000
2523.947754,-29.485,-168.067291,0.006116,7.886,-7.268,-7.164,0.000000
2532.684814,-29.086,-172.271530,0.005843,7.886,-7.285,-7.180,0.000000
2541.453125,-29.130,-178.270370,0.005873,7.886,-7.301,-7.197,0.000000
2550.249512,-29.071,-178.805191,0.005835,7.886,-7.318,-7.213,0.000000
2559.077393,-28.735,177.678009,0.005614,7.886,-7.335,-7.230,0.000000
2567.936035,-28.886,175.963501,0.005714,7.886,-7.352,-7.246,0.000000
2576.825195,-28.434,172.999863,0.005425,7.885,-7.369,-7.263,0.000000
2585.745117,-28.632,166.523483,0.005551,7.885,-7.386,-7.279,0.000000
2594.696045,-29.252,165.266861,0.005963,7.885,-7.403,-7.296,0.000000
2603.676514,-29.625,164.601120,0.006225,7.885,-7.420,-7.313,0.000000
2612.690918,-29.700,167.371872,0.006280,7.885,-7.437,-7.329,0.000000
2621.733643,-29.712,161.815155,0.006291,7.885,-7.455,-7.346,0.000000
2630.809082,-30.824,163.473816,0.007152,7.885,-7.472,-7.363,0.000000
2639.916016,-30.924,170.070160,0.007237,7.885,-7.489,-7.380,0.000000
2649.054443,-31.047,172.897751,0.007343,7.884,-7.507,-7.397,0.000000
2658.225586,-31.070,-178.899261,0.007365,7.884,-7.524,-7.414,0.000000
2667.426025,-29.836,-174.054947,0.006392,7.884,-7.542,-7.432,0.000000
2676.659668,-28.960,-174.116837,0.005781,7.884,-7.560,-7.449,0.000000
2685.925293,-28.293,-177.278625,0.005354,7.884,-7.577,-7.466,0.000000
2695.222900,-28.521,-175.352432,0.005498,7.884,-7.595,-7.483,0.000000
2704.552734,-27.622,-173.098007,0.004958,7.884,-7.613,-7.501,0.000000
2713.914795,-27.172,-178.667267,0.004709,7.884,-7.631,-7.518,0.000000
2723.308105,-26.934,179.092819,0.004582,7.883,-7.649,-7.536,0.000000
2732.736572,-26.254,175.619476,0.004238,7.883,-7.667,-7.553,0.000000
2742.194824,-25.933,169.920990,0.004085,7.883,-7.685,-7.571,0.000000
2751.688477,-26.027,162.944916,0.004130,7.883,-7.703,-7.589,0.000000
2761.212646,-26.766,161.239182,0.004497,7.883,-7.721,-7.606,0.000000
2770.770752,-26.607,166.621674,0.004417,7.883,-7.739,-7.624,0.000000
2780.363525,-26.345,161.882385,0.004286,7.883,-7.758,-7.642,0.000000
2789.986816,-26.398,159.845047,0.004313,7.883,-7.776,-7.660,0.000000
2799.644531,-26.198,155.362000,0.004216,7.882,-7.794,-7.678,0.000000
2809.335938,-26.713,148.739349,0.004474,7.882,-7.813,-7.696,0.000000
2819.060791,-27.731,145.757706,0.005032,7.882,-7.831,-7.714,0.000000
2828.819336,-28.717,149.811401,0.005639,7.882,-7.850,-7.732,0.000000
2838.611572,-28.648,152.641144,0.005597,7.882,-7.869,-7.751,0.000000
2848.436279,-28.746,150.198074,0.005662,7.882,-7.887,-7.769,0.000000
2858.297852,-29.686,150.853745,0.006311,7.882,-7.906,-7.787,0.000000
2868.190918,-30.061,156.129807,0.006592,7.882,-7.925,-7.806,0.000000
2878.120850,-30.232,161.333542,0.006725,7.881,-7.944,-7.824,0.000000
2888.083740,-30.042,167.364365,0.006580,7.881,-7.963,-7.843,0.000000
2898.079834,-29.137,172.549271,0.005930,7.881,-7.982,-7.862,0.000000
2908.113281,-28.026,173.155640,0.005219,7.881,-8.001,-7.880,0.000000
2918.178711,-27.393,170.791489,0.004853,7.881,-8.021,-7.899,0.000000
2928.281738,-27.033,167.493805,0.004657,7.881,-8.040,-7.918,0.000000
2938.416748,-26.717,161.345886,0.004491,7.881,-8.059,-7.937,0.000000
2948.588379,-27.063,155.757904,0.004675,7.880,-8.079,-7.956,0.000000
2958.795410,-27.406,155.356003,0.004865,7.880,-8.098,-7.975,0.000000
2969.037598,-27.930,156.047958,0.005169,7.880,-8.118,-7.994,0.000000
2979.313965,-28.080,155.375809,0.005261,7.880,-8.137,-8.013,0.000000
2989.629883,-28.791,154.437454,0.005713,7.880,-8.157,-8.032,0.000000
2999.974609,-29.312,156.178452,0.006068,7.880,-8.177,-8.052,0.000000
3010.360840,-29.891,158.566895,0.006488,7.880,-8.197,-8.071,0.000000
3020.782959,-30.228,162.621048,0.006747,7.879,-8.216,-8.090,0.000000
3031.238281,-29.955,168.299179,0.006540,7.879,-8.236,-8.110,0.000000
3041.732666,-29.812,164.167252,0.006436,7.879,-8.256,-8.129,0.000000
3052.260498,-30.022,162.445816,0.006595,7.879,-8.277,-8.149,0.000000
3062.827881,-30.576,162.465485,0.007032,7.879,-8.297,-8.169,0.000000
3073.428711,-31.123,165.628403,0.007492,7.879,-8.317,-8.188,0.000000
3084.066162,-31.273,169.115662,0.007625,7.879,-8.337,-8.208,0.000000
3094.743652,-31.095,174.219528,0.007473,7.878,-8.358,-8.228,0.000000
3105.457764,-30.307,176.085938,0.006828,7.878,-8.378,-8.248,0.000000
3116.206299,-29.868,175.222260,0.006493,7.878,-8.399,-8.268,0.000000
3126.991943,-29.605,173.319489,0.006301,7.878,-8.419,-8.288,0.000000
3137.817871,-29.685,170.574539,0.006362,7.878,-8.440,-8.309,0.000000
3148.681152,-29.979,168.627579,0.006583,7.878,-8.461,-8.329,0.000000
3159.579346,-29.993,171.984253,0.006597,7.878,-8.481,-8.349,0.000000
3170.515137,-29.752,168.733887,0.006418,7.877,-8.502,-8.369,0.000000
3181.491699,-30.403,167.170944,0.006920,7.877,-8.523,-8.390,0.000000
3192.503174,-30.783,167.311157,0.007232,7.877,-8.544,-8.410,0.000000
3203.555908,-31.410,167.457260,0.007776,7.877,-8.565,-8.431,0.000000
3214.644043,-32.511,172.422577,0.008830,7.877,-8.586,-8.452,0.000000
3225.773438,-32.157,-177.338196,0.008480,7.877,-8.608,-8.472,0.000000
3236.938232,-30.857,-173.355667,0.007304,7.877,-8.629,-8.493,0.000000
3248.141602,-30.198,-177.531601,0.006772,7.876,-8.650,-8.514,0.000000
3259.386963,-30.562,-179.948441,0.007065,7.876,-8.672,-8.535,0.000000
3270.671387,-30.959,-176.337540,0.007398,7.876,-8.693,-8.556,0.000000
3281.991699,-30.873,-171.466171,0.007327,7.876,-8.715,-8.577,0.000000
3293.351074,-30.360,-166.791138,0.006910,7.876,-8.737,-8.598,0.000000
3304.752930,-29.832,-165.907379,0.006505,7.876,-8.758,-8.620,0.000000
3316.194336,-29.482,-172.261871,0.006250,7.876,-8.780,-8.641,0.000000
3327.672119,-30.025,-179.474548,0.006655,7.875,-8.802,-8.662,0.000000
3339.189697,-31.091,178.650482,0.007527,7.875,-8.824,-8.684,0.000000
3350.750244,-31.932,-177.966904,0.008295,7.875,-8.846,-8.705,0.000000
3362.347656,-31.819,-165.006622,0.008190,7.875,-8.868,-8.727,0.000000
3373.985107,-31.047,-167.272614,0.007496,7.875,-8.891,-8.749,0.000000
3385.666260,-31.287,-170.018875,0.007709,7.875,-8.913,-8.771,0.000000
3397.387695,-31.730,-171.597214,0.008115,7.874,-8.935,-8.792,0.000000
3409.146484,-32.341,-167.865509,0.008710,7.874,-8.958,-8.814,0.000000
3420.946045,-32.912,-160.703918,0.009304,7.874,-8.980,-8.836,0.000000
3432.789795,-32.369,-156.834442,0.008744,7.874,-9.003,-8.858,0.000000
3444.674316,-32.338,-154.006851,0.008716,7.874,-9.026,-8.881,0.000000
3456.596924,-31.523,-154.566299,0.007938,7.874,-9.048,-8.903,0.000000
3468.560547,-31.757,-157.424484,0.008156,7.874,-9.071,-8.925,0.000000
3480.569092,-32.523,-155.588364,0.008909,7.873,-9.094,-8.948,0.000000
3492.615723,-32.625,-147.229599,0.009016,7.873,-9.117,-8.970,0.000000
3504.707520,-31.514,-142.899185,0.007935,7.873,-9.140,-8.993,0.000000
3516.837891,-30.861,-149.036789,0.007361,7.873,-9.163,-9.015,0.000000
3529.013428,-31.224,-157.135422,0.007677,7.873,-9.187,-9.038,0.000000
3541.228027,-31.598,-148.180344,0.008016,7.873,-9.210,-9.061,0.000000
3553.484619,-32.124,-145.060593,0.008516,7.872,-9.233,-9.083,0.000000
3565.787109,-32.548,-133.328186,0.008942,7.872,-9.257,-9.106,0.000000
3578.132080,-32.079,-115.639503,0.008472,7.872,-9.280,-9.129,0.000000
3590.516602,-31.209,-118.130386,0.007664,7.872,-9.304,-9.152,0.000000
3602.943848,-31.542,-125.479408,0.007964,7.872,-9.328,-9.176,0.000000
3615.417480,-32.943,-120.580132,0.009357,7.872,-9.351,-9.199,0.000000
3627.934570,-33.707,-106.206841,0.010218,7.871,-9.375,-9.222,0.000000
3640.491211,-33.348,-107.396393,0.009805,7.871,-9.399,-9.246,0.000000
3653.091553,-33.268,-110.964722,0.009714,7.871,-9.423,-9.269,0.000000
3665.739014,-32.831,-112.086342,0.009238,7.871,-9.448,-9.293,0.000000
3678.426514,-32.526,-115.397301,0.008919,7.871,-9.472,-9.316,0.000000
3691.161621,-33.468,-119.097786,0.009941,7.871,-9.496,-9.340,0.000000
3703.937256,-34.553,-112.126984,0.011264,7.870,-9.520,-9.364,0.000000
3716.760498,-33.989,-100.998131,0.010556,7.870,-9.545,-9.388,0.000000
3729.628418,-33.090,-100.222916,0.009517,7.870,-9.569,-9.412,0.000000
3742.533447,-32.872,-102.676300,0.009282,7.870,-9.594,-9.436,0.000000
3755.490479,-32.934,-99.941628,0.009348,7.870,-9.619,-9.460,0.000000
3768.492432,-32.840,-98.396591,0.009247,7.870,-9.644,-9.484,0.000000
3781.535645,-32.588,-96.182838,0.008983,7.869,-9.669,-9.509,0.000000
3794.624023,-32.441,-92.827568,0.008832,7.869,-9.694,-9.533,0.000000
3807.761475,-31.728,-91.568169,0.008134,7.869,-9.719,-9.558,0.000000
3820.940674,-31.752,-97.443649,0.008155,7.869,-9.744,-9.582,0.000000
3834.169189,-32.241,-99.066635,0.008626,7.869,-9.769,-9.607,0.000000
3847.439697,-32.983,-96.873260,0.009394,7.868,-9.794,-9.631,0.000000
3860.760010,-32.654,-87.885056,0.009044,7.868,-9.820,-9.656,0.000000
3874.126221,-32.181,-90.657677,0.008563,7.868,-9.845,-9.681,0.000000
3887.531494,-32.467,-92.525070,0.008848,7.868,-9.871,-9.706,0.000000
3900.990479,-33.167,-90.512817,0.009588,7.868,-9.897,-9.731,0.000000
3914.496094,-33.359,-83.662399,0.009801,7.868,-9.922,-9.757,0.000000
3928.048340,-32.351,-78.391678,0.008726,7.867,-9.948,-9.782,0.000000
3941.640137,-31.660,-79.696709,0.008057,7.867,-9.974,-9.807,0.000000
3955.286377,-31.464,-78.459717,0.007876,7.867,-10.000,-9.833,0.000000
3968.979980,-31.379,-82.993858,0.007798,7.867,-10.026,-9.858,0.000000
3982.717285,-31.633,-80.999481,0.008027,7.867,-10.053,-9.884,0.000000
3996.501953,-31.244,-77.675629,0.007672,7.866,-10.079,-9.909,0.000000
4010.338135,-30.427,-78.923325,0.006981,7.866,-10.088,-9.918,0.000000
4024.218506,-30.047,-86.707161,0.006680,7.866,-10.091,-9.921,0.000000
4038.150879,-30.805,-94.167641,0.007287,7.866,-10.093,-9.924,0.000000
4052.127441,-31.117,-83.459244,0.007551,7.866,-10.096,-9.926,0.000000
4066.156250,-30.653,-75.202042,0.007155,7.866,-10.099,-9.929,0.000000
4080.233643,-30.198,-72.540390,0.006788,7.866,-10.102,-9.932,0.000000
4094.352051,-29.831,-78.315063,0.006505,7.866,-10.105,-9.935,0.000000
4108.526855,-30.190,-87.072426,0.006777,7.866,-10.108,-9.937,0.000000
4122.750977,-31.613,-88.789650,0.007981,7.866,-10.111,-9.940,0.000000
4137.020508,-32.569,-73.869804,0.008906,7.866,-10.114,-9.943,0.000000
4151.339355,-32.336,-59.820885,0.008667,7.866,-10.117,-9.946,0.000000
4165.711914,-32.220,-65.874100,0.008549,7.866,-10.120,-9.949,0.000000
4180.133789,-32.894,-64.952644,0.009236,7.866,-10.123,-9.952,0.000000
4194.601562,-33.404,-61.321934,0.009792,7.866,-10.126,-9.955,0.000000
4209.120117,-33.476,-55.975334,0.009869,7.866,-10.129,-9.957,0.000000
4223.692383,-33.385,-50.879543,0.009763,7.866,-10.132,-9.960,0.000000
4238.314941,-33.204,-45.608707,0.009559,7.866,-10.135,-9.963,0.000000
4252.980469,-32.354,-44.829800,0.008664,7.866,-10.138,-9.966,0.000000
4267.704590,-32.117,-47.482193,0.008428,7.866,-10.141,-9.969,0.000000
4282.479980,-32.016,-48.971344,0.008328,7.866,-10.144,-9.972,0.000000
4297.306152,-32.097,-49.185738,0.008403,7.866,-10.147,-9.975,0.000000
4312.175781,-32.226,-49.540504,0.008526,7.866,-10.150,-9.978,0.000000
4327.104980,-32.439,-50.270691,0.008735,7.866,-10.153,-9.981,0.000000
4342.085449,-32.938,-48.235935,0.009248,7.866,-10.156,-9.984,0.000000
4357.114258,-32.863,-42.944786,0.009165,7.866,-10.159,-9.987,0.000000
4372.194824,-33.096,-42.846878,0.009409,7.866,-10.162,-9.990,0.000000
4387.331543,-32.609,-38.886028,0.008891,7.866,-10.166,-9.993,0.000000
4402.520996,-32.576,-36.081593,0.008854,7.866,-10.169,-9.996,0.000000
4417.758789,-32.030,-34.758987,0.008309,7.866,-10.172,-9.999,0.000000
4433.049316,-32.140,-33.683887,0.008412,7.866,-10.175,-10.002,0.000000
4448.396973,-32.385,-31.624205,0.008648,7.866,-10.178,-10.005,0.000000
4463.797852,-31.910,-24.154861,0.008184,7.866,-10.181,-10.008,0.000000
4479.243164,-30.938,-23.645483,0.007315,7.866,-10.185,-10.011,0.000000
4494.750977,-30.529,-24.822403,0.006976,7.866,-10.188,-10.014,0.000000
4510.312012,-30.689,-28.390306,0.007103,7.866,-10.191,-10.017,0.000000
4525.922852,-30.839,-28.554649,0.007224,7.866,-10.194,-10.020,0.000000
4541.587891,-31.413,-28.815165,0.007715,7.866,-10.197,-10.023,0.000000
4557.311035,-31.195,-23.580700,0.007521,7.865,-10.201,-10.027,0.000000
4573.088867,-31.000,-20.680082,0.007351,7.865,-10.204,-10.030,0.000000
4588.916992,-30.315,-23.122324,0.006790,7.865,-10.207,-10.033,0.000000
4604.799805,-30.408,-28.505627,0.006860,7.865,-10.210,-10.036,0.000000
4620.742188,-31.201,-27.497637,0.007511,7.865,-10.214,-10.039,0.000000
4636.739746,-31.236,-26.714455,0.007538,7.865,-10.217,-10.042,0.000000
4652.788086,-31.630,-23.537542,0.007884,7.865,-10.220,-10.046,0.000000
4668.892090,-31.175,-19.431412,0.007477,7.865,-10.224,-10.049,0.000000
4685.056152,-30.769,-22.242556,0.007132,7.865,-10.227,-10.052,0.000000
4701.276367,-31.055,-26.759014,0.007367,7.865,-10.230,-10.055,0.000000
4717.543457,-31.750,-23.305939,0.007977,7.865,-10.234,-10.058,0.000000
4733.875977,-31.779,-17.721666,0.007999,7.865,-10.237,-10.062,0.000000
4750.265137,-31.254,-15.479889,0.007526,7.865,-10.240,-10.065,0.000000
4766.706543,-31.325,-16.826933,0.007584,7.865,-10.244,-10.068,0.000000
4783.209473,-31.269,-18.417582,0.007532,7.865,-10.247,-10.071,0.000000
4799.764648,-31.936,-19.074196,0.008128,7.865,-10.251,-10.075,0.000000
4816.381836,-32.284,-14.621059,0.008456,7.865,-10.254,-10.078,0.000000
4833.052246,-32.672,-9.895988,0.008838,7.865,-10.258,-10.081,0.000000
4849.779785,-31.968,-7.134274,0.008146,7.865,-10.261,-10.085,0.000000
4866.570312,-32.279,-11.380390,0.008438,7.865,-10.264,-10.088,0.000000
4883.418945,-33.026,-6.468173,0.009191,7.865,-10.268,-10.091,0.000000
4900.316406,-32.577,-3.307156,0.008725,7.865,-10.271,-10.095,0.000000
4917.281738,-32.507,-0.205100,0.008652,7.865,-10.275,-10.098,0.000000
4934.305664,-32.069,-1.083094,0.008224,7.865,-10.278,-10.101,0.000000
4951.388672,-32.355,-1.665057,0.008496,7.865,-10.282,-10.105,0.000000
4968.521484,-32.406,3.548565,0.008543,7.865,-10.286,-10.108,0.000000
4985.723145,-31.941,2.675565,0.008095,7.865,-10.289,-10.112,0.000000
5002.984375,-31.891,3.740792,0.008046,7.865,-10.293,-10.115,0.000000
5020.300293,-30.849,0.543116,0.007133,7.865,-10.296,-10.118,0.000000
5037.681152,-31.504,-5.126722,0.007690,7.865,-10.300,-10.122,0.000000
5055.117188,-31.760,1.364970,0.007917,7.865,-10.303,-10.125,0.000000
5072.618164,-31.640,4.009156,0.007805,7.865,-10.307,-10.129,0.000000
5090.175293,-31.178,-0.231399,0.007399,7.865,-10.311,-10.132,0.000000
5107.792969,-31.640,-8.690166,0.007801,7.865,-10.314,-10.136,0.000000
5125.477051,-32.265,-3.008527,0.008379,7.865,-10.318,-10.139,0.000000
5143.221680,-32.441,8.008132,0.008548,7.864,-10.322,-10.143,0.000000
5161.018066,-33.009,10.232060,0.009122,7.864,-10.325,-10.146,0.000000
5178.886230,-33.640,22.401976,0.009806,7.864,-10.329,-10.150,0.000000
5196.815918,-33.341,16.032522,0.009471,7.864,-10.333,-10.154,0.000000
5214.802734,-33.622,20.711620,0.009780,7.864,-10.336,-10.157,0.000000
5232.856934,-33.990,28.363768,0.010200,7.864,-10.340,-10.161,0.000000
5250.968750,-33.527,31.999306,0.009667,7.864,-10.344,-10.164,0.000000
5269.147949,-33.427,22.592684,0.009555,7.864,-10.348,-10.168,0.000000
5287.385254,-33.585,23.233511,0.009729,7.864,-10.351,-10.172,0.000000
5305.685547,-33.910,24.623394,0.010099,7.864,-10.355,-10.175,0.000000
5324.054199,-33.852,25.087875,0.010029,7.864,-10.359,-10.179,0.000000
5342.486816,-34.256,32.195618,0.010505,7.864,-10.363,-10.182,0.000000
5360.978027,-33.613,34.168564,0.009754,7.864,-10.367,-10.186,0.000000
5379.532715,-33.760,35.765465,0.009920,7.864,-10.370,-10.190,0.000000
5398.157227,-33.285,38.009640,0.009393,7.864,-10.374,-10.194,0.000000
5416.846191,-33.302,38.294575,0.009411,7.864,-10.378,-10.197,0.000000
5435.594727,-33.311,41.345718,0.009421,7.864,-10.382,-10.201,0.000000
5454.408203,-33.436,42.758072,0.009557,7.864,-10.386,-10.205,0.000000
5473.291992,-33.217,48.629227,0.009319,7.864,-10.390,-10.208,0.000000
5492.235352,-31.927,47.515427,0.008033,7.864,-10.394,-10.212,0.000000
5511.250000,-32.311,38.783066,0.008394,7.864,-10.398,-10.216,0.000000
5530.325195,-32.677,38.472946,0.008754,7.864,-10.401,-10.220,0.000000
5549.472168,-33.659,38.784157,0.009800,7.864,-10.405,-10.224,0.000000
5568.679199,-34.211,46.978046,0.010442,7.864,-10.409,-10.227,0.000000
5587.953613,-33.578,51.900326,0.009706,7.864,-10.413,-10.231,0.000000
5607.299316,-33.594,49.378815,0.009722,7.864,-10.417,-10.235,0.000000
5626.712402,-33.703,44.717262,0.009844,7.864,-10.421,-10.239,0.000000
5646.181641,-35.187,45.386070,0.011678,7.864,-10.425,-10.243,0.000000
5665.729492,-35.366,57.297817,0.011921,7.864,-10.429,-10.247,0.000000
5685.344727,-34.854,61.026016,0.011239,7.864,-10.433,-10.251,0.000000
5705.027832,-34.754,59.616364,0.011110,7.864,-10.438,-10.254,0.000000
5724.773926,-34.627,66.617805,0.010949,7.863,-10.442,-10.258,0.000000
5744.587891,-34.731,69.867416,0.011082,7.863,-10.446,-10.262,0.000000
5764.476562,-34.690,74.979904,0.011028,7.863,-10.450,-10.266,0.000000
5784.428223,-34.839,79.894325,0.011219,7.863,-10.454,-10.270,0.000000
5804.448730,-34.786,86.283783,0.011152,7.863,-10.458,-10.274,0.000000
5824.544434,-34.709,86.546005,0.011053,7.863,-10.462,-10.278,0.000000
5844.709473,-34.831,92.982292,0.011209,7.863,-10.466,-10.282,0.000000
5864.938965,-34.662,101.663521,0.010993,7.863,-10.471,-10.286,0.000000
5885.238281,-33.981,97.992447,0.010164,7.863,-10.475,-10.290,0.000000
5905.613281,-34.161,97.897881,0.010378,7.863,-10.479,-10.294,0.000000
5926.059082,-34.447,99.934448,0.010724,7.863,-10.483,-10.298,0.000000
5946.570312,-34.296,104.478401,0.010540,7.863,-10.487,-10.302,0.000000
5967.151855,-33.953,107.844597,0.010131,7.863,-10.492,-10.306,0.000000
5987.811035,-33.911,107.375252,0.010083,7.863,-10.496,-10.311,0.000000
6008.535645,-33.723,107.888474,0.009867,7.863,-10.500,-10.315,0.000000
6029.337402,-33.654,106.857300,0.009789,7.863,-10.504,-10.319,0.000000
6050.206055,-34.101,110.328178,0.010306,7.863,-10.509,-10.323,0.000000
6071.152344,-33.524,114.511436,0.009643,7.863,-10.513,-10.327,0.000000
6092.165527,-33.253,115.236549,0.009347,7.863,-10.517,-10.331,0.000000
6113.251465,-32.881,114.719704,0.008955,7.863,-10.522,-10.335,0.000000
6134.416016,-33.076,115.581551,0.009159,7.863,-10.526,-10.340,0.000000
6155.653809,-32.751,115.606888,0.008822,7.863,-10.531,-10.344,0.000000
6176.959473,-32.817,115.541016,0.008888,7.863,-10.535,-10.348,0.000000
6198.338867,-32.930,115.822327,0.009003,7.863,-10.539,-10.352,0.000000
6219.797852,-32.950,117.678268,0.009022,7.863,-10.544,-10.357,0.000000
6241.331543,-33.227,117.372124,0.009313,7.863,-10.548,-10.361,0.000000
6262.933594,-33.366,119.258652,0.009461,7.863,-10.553,-10.365,0.000000
6284.610352,-33.434,120.927269,0.009534,7.863,-10.557,-10.370,0.000000
6306.368652,-33.411,122.339119,0.009507,7.862,-10.562,-10.374,0.000000
6328.195801,-33.940,120.593788,0.010103,7.862,-10.566,-10.378,0.000000
6350.104492,-33.987,127.951111,0.010156,7.862,-10.571,-10.383,0.000000
6372.083008,-33.441,132.093994,0.009535,7.862,-10.575,-10.387,0.000000
6394.143555,-33.055,134.736954,0.009119,7.862,-10.580,-10.391,0.000000
6416.274902,-32.764,135.839905,0.008818,7.862,-10.584,-10.396,0.000000
6438.482422,-32.604,134.851074,0.008654,7.862,-10.589,-10.400,0.000000
6460.772949,-32.619,134.775314,0.008667,7.862,-10.594,-10.404,0.000000
6483.140625,-32.900,136.095337,0.008950,7.862,-10.598,-10.409,0.000000
6505.580078,-32.793,140.852264,0.008837,7.862,-10.603,-10.413,0.000000
6528.096680,-32.630,138.840530,0.008669,7.862,-10.607,-10.418,0.000000
6550.697266,-33.161,139.788208,0.009213,7.862,-10.612,-10.422,0.000000
6573.370605,-33.034,143.951675,0.009076,7.862,-10.617,-10.427,0.000000
6596.127930,-32.457,142.308090,0.008489,7.862,-10.621,-10.431,0.000000
6618.958008,-32.890,137.895004,0.008921,7.862,-10.626,-10.436,0.000000
6641.873535,-33.104,144.928345,0.009140,7.862,-10.631,-10.440,0.000000
6664.861816,-32.815,149.886490,0.008838,7.862,-10.636,-10.445,0.000000
6687.930176,-32.884,150.717331,0.008906,7.862,-10.640,-10.450,0.000000
6711.084473,-32.813,153.746185,0.008830,7.862,-10.645,-10.454,0.000000
6734.318848,-32.877,154.235641,0.008892,7.862,-10.650,-10.459,0.000000
6757.633301,-33.046,154.469528,0.009064,7.862,-10.655,-10.463,0.000000
6781.016113,-34.010,154.061371,0.010124,7.862,-10.660,-10.468,0.000000
6804.492676,-34.743,160.334045,0.011011,7.862,-10.665,-10.473,0.000000
6828.050293,-34.111,165.783340,0.010235,7.862,-10.669,-10.477,0.000000
6851.683105,-33.985,164.563873,0.010085,7.862,-10.674,-10.482,0.000000
6875.397949,-34.350,167.878387,0.010514,7.861,-10.679,-10.487,0.000000
6899.201172,-34.370,171.188538,0.010534,7.861,-10.684,-10.492,0.000000
6923.080078,-34.476,177.665070,0.010659,7.861,-10.689,-10.496,0.000000
6947.048828,-34.206,-179.413239,0.010327,7.861,-10.694,-10.501,0.000000
6971.093262,-34.600,-172.558533,0.010801,7.861,-10.699,-10.506,0.000000
6995.228027,-33.493,-166.134888,0.009503,7.861,-10.704,-10.511,0.000000
7019.446289,-33.386,-171.454819,0.009383,7.861,-10.709,-10.515,0.000000
7043.734863,-33.831,-166.075531,0.009871,7.861,-10.714,-10.520,0.000000
7068.120605,-33.218,-161.244873,0.009193,7.861,-10.719,-10.525,0.000000
7092.591309,-32.923,-161.371399,0.008882,7.861,-10.724,-10.530,0.000000
7117.139648,-32.397,-161.699173,0.008355,7.861,-10.729,-10.535,0.000000
7141.772949,-32.349,-163.477768,0.008305,7.861,-10.734,-10.540,0.000000
7166.498535,-32.391,-164.060837,0.008341,7.861,-10.739,-10.545,0.000000
7191.309570,-32.651,-163.711288,0.008590,7.861,-10.744,-10.550,0.000000
7216.199707,-32.813,-160.380661,0.008747,7.861,-10.749,-10.554,0.000000
7241.176270,-32.686,-160.255463,0.008616,7.861,-10.755,-10.559,0.000000
7266.245605,-32.781,-158.837128,0.008707,7.861,-10.760,-10.564,0.000000
7291.402344,-32.489,-158.300888,0.008417,7.861,-10.765,-10.569,0.000000
7316.631836,-33.034,-159.922470,0.008959,7.861,-10.770,-10.574,0.000000
7341.962402,-33.317,-155.643372,0.009253,7.861,-10.775,-10.579,0.000000
7367.381348,-33.136,-150.572037,0.009058,7.861,-10.781,-10.584,0.000000
7392.887695,-33.140,-155.992310,0.009060,7.861,-10.786,-10.590,0.000000
7418.468262,-33.432,-150.579926,0.009366,7.861,-10.791,-10.595,0.000000
7444.151855,-32.911,-150.364838,0.008816,7.861,-10.797,-10.600,0.000000
7469.924316,-33.359,-152.082825,0.009278,7.860,-10.802,-10.605,0.000000
7495.778809,-33.720,-148.640717,0.009666,7.860,-10.807,-10.610,0.000000
7521.722656,-33.925,-145.953903,0.009892,7.860,-10.813,-10.615,0.000000
7547.763672,-34.371,-145.789505,0.010408,7.860,-10.818,-10.620,0.000000
7573.887207,-34.638,-141.464478,0.010727,7.860,-10.823,-10.625,0.000000
7600.108887,-34.972,-136.644440,0.011141,7.860,-10.829,-10.631,0.000000
7626.414062,-34.891,-134.131241,0.011033,7.860,-10.834,-10.636,0.000000
7652.817383,-35.079,-130.033752,0.011269,7.860,-10.840,-10.641,0.000000
7679.312012,-34.928,-124.841125,0.011068,7.860,-10.845,-10.646,0.000000
7705.883789,-34.790,-126.036751,0.010889,7.860,-10.851,-10.652,0.000000
7732.562500,-35.359,-120.166603,0.011620,7.860,-10.856,-10.657,0.000000
7759.333008,-35.021,-117.928612,0.011170,7.860,-10.862,-10.662,0.000000
7786.189453,-35.328,-115.074646,0.011566,7.860,-10.867,-10.668,0.000000
7813.138672,-35.573,-108.199448,0.011891,7.860,-10.873,-10.673,0.000000
7840.188477,-35.064,-104.204025,0.011208,7.860,-10.878,-10.678,0.000000
7867.331543,-35.124,-104.368523,0.011280,7.860,-10.884,-10.684,0.000000
7894.561523,-35.235,-102.202278,0.011419,7.860,-10.890,-10.689,0.000000
7921.885742,-35.756,-95.842445,0.012118,7.860,-10.895,-10.695,0.000000
7949.312012,-35.181,-89.526985,0.011335,7.860,-10.901,-10.700,0.000000
7976.833496,-35.164,-86.263824,0.011306,7.860,-10.907,-10.705,0.000000
8004.442383,-34.835,-85.339996,0.010878,7.860,-10.911,-10.710,0.000000
8032.146973,-34.298,-86.619110,0.010220,7.860,-10.912,-10.711,0.000000
8059.955078,-34.722,-86.523132,0.010723,7.860,-10.912,-10.711,0.000000
8087.859375,-34.655,-79.655136,0.010633,7.860,-10.913,-10.711,0.000000
8115.844727,-34.805,-77.372849,0.010811,7.860,-10.913,-10.712,0.000000
8143.942383,-34.641,-73.262993,0.010600,7.860,-10.913,-10.712,0.000000
8172.137695,-34.424,-71.624123,0.010329,7.860,-10.914,-10.712,0.000000
8200.422852,-34.515,-67.592476,0.010430,7.860,-10.914,-10.713,0.000000
8228.805664,-34.502,-62.676552,0.010404,7.860,-10.915,-10.713,0.000000
8257.293945,-34.471,-60.949909,0.010359,7.860,-10.915,-10.714,0.000000
8285.881836,-34.137,-57.412926,0.009959,7.859,-10.915,-10.714,0.000000
8314.560547,-33.916,-57.211254,0.009700,7.859,-10.916,-10.714,0.000000
8343.337891,-33.953,-54.888603,0.009732,7.859,-10.916,-10.715,0.000000
8372.223633,-33.493,-51.329716,0.009220,7.859,-10.917,-10.715,0.000000
8401.208984,-33.306,-53.552780,0.009015,7.859,-10.917,-10.716,0.000000
8430.278320,-33.411,-50.987125,0.009115,7.859,-10.918,-10.716,0.000000
8459.464844,-33.472,-49.609909,0.009170,7.859,-10.918,-10.717,0.000000
8488.752930,-33.384,-48.221222,0.009068,7.859,-10.918,-10.717,0.000000
8518.141602,-33.568,-45.237476,0.009252,7.859,-10.919,-10.717,0.000000
8547.616211,-33.262,-41.436733,0.008921,7.859,-10.919,-10.718,0.000000
8577.208008,-33.328,-41.340885,0.008978,7.859,-10.920,-10.718,0.000000
8606.903320,-33.769,-40.593464,0.009434,7.859,-10.920,-10.719,0.000000
8636.693359,-33.843,-34.516205,0.009504,7.859,-10.921,-10.719,0.000000
8666.594727,-33.607,-32.812267,0.009238,7.859,-10.921,-10.719,0.000000
8696.590820,-33.552,-29.154526,0.009169,7.859,-10.921,-10.720,0.000000
8726.699219,-33.525,-29.195320,0.009127,7.859,-10.922,-10.720,0.000000
8756.903320,-33.585,-26.872416,0.009176,7.859,-10.922,-10.721,0.000000
8787.211914,-33.517,-24.192738,0.009090,7.859,-10.923,-10.721,0.000000
8817.634766,-33.786,-23.292519,0.009362,7.859,-10.923,-10.722,0.000000
8848.162109,-33.614,-15.984925,0.009164,7.859,-10.924,-10.722,0.000000
8878.778320,-33.257,-17.013849,0.008781,7.859,-10.924,-10.722,0.000000
8909.517578,-33.884,-13.872527,0.009424,7.859,-10.925,-10.723,0.000000
8940.363281,-33.301,-10.622682,0.008796,7.859,-10.925,-10.723,0.000000
8971.306641,-33.242,-9.462121,0.008719,7.859,-10.925,-10.724,0.000000
9002.366211,-33.172,-8.750807,0.008633,7.859,-10.926,-10.724,0.000000
9033.524414,-33.431,-8.266351,0.008878,7.859,-10.926,-10.725,0.000000
9064.799805,-33.850,-1.563372,0.009299,7.859,-10.927,-10.725,0.000000
9096.173828,-33.380,0.410289,0.008792,7.859,-10.927,-10.725,0.000000
9127.657227,-33.924,0.975934,0.009342,7.859,-10.928,-10.726,0.000000
9159.257812,-33.731,7.553449,0.009116,7.859,-10.928,-10.726,0.000000
9190.967773,-34.123,3.981896,0.009515,7.859,-10.929,-10.727,0.000000
9222.770508,-34.773,7.797287,0.010233,7.859,-10.929,-10.727,0.000000
9254.701172,-35.112,11.145035,0.010615,7.859,-10.930,-10.728,0.000000
9286.741211,-34.903,18.056648,0.010340,7.859,-10.930,-10.728,0.000000
9318.892578,-34.957,17.394911,0.010381,7.859,-10.930,-10.729,0.000000
9351.137695,-35.225,20.015863,0.010682,7.859,-10.931,-10.729,0.000000
9383.512695,-35.476,21.362282,0.010969,7.859,-10.931,-10.729,0.000000
9415.999023,-35.568,26.868061,0.011058,7.859,-10.932,-10.730,0.000000
9448.588867,-35.844,33.402493,0.011388,7.859,-10.932,-10.730,0.000000
9481.300781,-35.701,37.415836,0.011176,7.859,-10.933,-10.731,0.000000
9514.117188,-35.934,44.467140,0.011452,7.859,-10.933,-10.731,0.000000
9547.055664,-35.537,46.891994,0.010914,7.859,-10.934,-10.732,0.000000
9580.099609,-35.674,54.444908,0.011056,7.859,-10.934,-10.732,0.000000
9613.257812,-35.131,56.554932,0.010358,7.859,-10.935,-10.733,0.000000
9646.540039,-35.636,62.534302,0.010948,7.859,-10.935,-10.733,0.000000
9679.936523,-35.507,65.173897,0.010758,7.859,-10.936,-10.734,0.000000
9713.431641,-35.000,67.969719,0.010119,7.859,-10.936,-10.734,0.000000
9747.060547,-35.025,71.764648,0.010120,7.859,-10.937,-10.734,0.000000
9780.805664,-34.727,74.790787,0.009751,7.859,-10.937,-10.735,0.000000
9814.658203,-35.114,79.320915,0.010169,7.859,-10.938,-10.735,0.000000
9848.637695,-34.603,83.328667,0.009561,7.859,-10.938,-10.736,0.000000
9882.724609,-34.304,85.315346,0.009212,7.859,-10.939,-10.736,0.000000
9916.939453,-34.080,89.755470,0.008953,7.859,-10.939,-10.737,0.000000
9951.263672,-33.573,90.998749,0.008422,7.859,-10.940,-10.737,0.000000
9985.706055,-33.949,90.595711,0.008770,7.859,-10.940,-10.738,0.000000
10020.278320,-33.861,94.258110,0.008657,7.859,-10.941,-10.738,0.000000
10054.968750,-33.789,98.203331,0.008561,7.859,-10.941,-10.739,0.000000
10089.770508,-33.674,99.925636,0.008423,7.859,-10.942,-10.739,0.000000
10124.692383,-33.692,102.462906,0.008417,7.859,-10.942,-10.740,0.000000
10159.745117,-33.464,105.527557,0.008174,7.859,-10.943,-10.740,0.000000
10194.918945,-33.382,107.780060,0.008073,7.859,-10.943,-10.741,0.000000
10230.205078,-33.352,108.685387,0.008022,7.859,-10.944,-10.741,0.000000
10265.613281,-33.311,113.364700,0.007962,7.859,-10.944,-10.742,0.000000
10301.154297,-33.061,114.599571,0.007715,7.859,-10.945,-10.742,0.000000
10336.807617,-32.942,117.887398,0.007589,7.859,-10.945,-10.743,0.000000
10372.594727,-32.653,118.405472,0.007321,7.859,-10.946,-10.743,0.000000
10408.496094,-32.811,118.007843,0.007435,7.859,-10.946,-10.744,0.000000
10444.531250,-32.855,119.945580,0.007451,7.859,-10.947,-10.744,0.000000
10480.680664,-32.964,121.444679,0.007525,7.859,-10.947,-10.745,0.000000
10516.956055,-33.360,124.016640,0.007853,7.859,-10.948,-10.745,0.000000
10553.367188,-33.129,128.104111,0.007625,7.859,-10.948,-10.746,0.000000
10589.903320,-33.339,127.783752,0.007789,7.859,-10.949,-10.746,0.000000
10626.546875,-33.373,133.542847,0.007795,7.859,-10.949,-10.747,0.000000
10663.336914,-33.509,136.182632,0.007895,7.859,-10.950,-10.747,0.000000
10700.253906,-33.485,140.182373,0.007851,7.859,-10.951,-10.748,0.000000
10737.299805,-33.581,142.877823,0.007916,7.859,-10.951,-10.748,0.000000
10774.462891,-33.909,145.930237,0.008197,7.859,-10.952,-10.749,0.000000
10811.754883,-33.903,151.584198,0.008170,7.859,-10.952,-10.749,0.000000
10849.185547,-33.547,151.256241,0.007820,7.859,-10.953,-10.750,0.000000
10886.736328,-34.161,156.669052,0.008370,7.859,-10.953,-10.750,0.000000
10924.427734,-33.901,160.038864,0.008100,7.859,-10.954,-10.751,0.000000
10962.238281,-34.446,164.948380,0.008601,7.859,-10.954,-10.751,0.000000
11000.190430,-34.217,168.587738,0.008355,7.859,-10.955,-10.752,0.000000
11038.263672,-34.162,171.859848,0.008282,7.859,-10.955,-10.753,0.000000
11076.468750,-33.987,177.539673,0.008095,7.859,-10.956,-10.753,0.000000
11114.816406,-33.772,-179.075500,0.007877,7.859,-10.957,-10.754,0.000000
11153.296875,-33.647,-177.872055,0.007744,7.859,-10.957,-10.754,0.000000
11191.900391,-33.798,-175.354477,0.007859,7.859,-10.958,-10.755,0.000000
11230.636719,-33.563,-172.174973,0.007630,7.859,-10.958,-10.755,0.000000
11269.518555,-33.539,-170.077316,0.007590,7.859,-10.959,-10.756,0.000000
11308.523438,-33.927,-170.224503,0.007916,7.859,-10.959,-10.756,0.000000
11347.674805,-34.011,-165.775314,0.007972,7.859,-10.960,-10.757,0.000000
11386.951172,-34.135,-165.103668,0.008066,7.859,-10.961,-10.757,0.000000
11426.373047,-34.325,-159.854462,0.008223,7.859,-10.961,-10.758,0.000000
11465.921875,-34.977,-158.677200,0.008841,7.859,-10.962,-10.758,0.000000
11505.606445,-35.007,-150.450958,0.008850,7.859,-10.962,-10.759,0.000000
11545.440430,-35.186,-148.969696,0.009012,7.859,-10.963,-10.760,0.000000
11585.412109,-35.215,-145.180878,0.009021,7.859,-10.963,-10.760,0.000000
11625.521484,-35.538,-137.630539,0.009340,7.859,-10.964,-10.761,0.000000
11665.748047,-34.768,-133.320877,0.008527,7.859,-10.965,-10.761,0.000000
11706.135742,-34.935,-131.577454,0.008671,7.859,-10.965,-10.762,0.000000
11746.664062,-34.814,-125.483345,0.008531,7.859,-10.966,-10.762,0.000000
11787.320312,-34.792,-120.388771,0.008488,7.859,-10.966,-10.763,0.000000
11828.118164,-34.136,-117.639503,0.007850,7.859,-10.967,-10.764,0.000000
11869.068359,-34.272,-114.130859,0.007954,7.859,-10.968,-10.764,0.000000
11910.148438,-34.069,-111.115517,0.007749,7.859,-10.968,-10.765,0.000000
11951.382812,-33.862,-109.843613,0.007548,7.859,-10.969,-10.765,0.000000
11992.748047,-34.465,-108.131989,0.008069,7.859,-10.969,-10.766,0.000000
12034.268555,-34.492,-102.995285,0.008073,7.859,-10.970,-10.766,0.000000
12075.931641,-34.443,-99.784531,0.008007,7.859,-10.971,-10.767,0.000000
12117.716797,-34.567,-95.536201,0.008102,7.859,-10.971,-10.768,0.000000
12159.669922,-34.660,-95.414810,0.008168,7.859,-10.972,-10.768,0.000000
12201.767578,-34.846,-90.271584,0.008322,7.859,-10.972,-10.769,0.000000
12243.999023,-34.778,-87.318993,0.008236,7.859,-10.973,-10.769,0.000000
12286.377930,-34.894,-86.001663,0.008326,7.859,-10.974,-10.770,0.000000
12328.914062,-34.975,-79.834229,0.008381,7.859,-10.974,-10.771,0.000000
12371.597656,-35.281,-77.669853,0.008656,7.859,-10.975,-10.771,0.000000
12414.417969,-35.085,-72.392006,0.008438,7.858,-10.975,-10.772,0.000000
12457.385742,-35.389,-69.949860,0.008713,7.858,-10.976,-10.772,0.000000
12500.514648,-35.580,-63.446377,0.008881,7.858,-10.977,-10.773,0.000000
12543.780273,-35.208,-59.092098,0.008484,7.858,-10.977,-10.774,0.000000
12587.196289,-35.329,-57.800812,0.008577,7.858,-10.978,-10.774,0.000000
12630.774414,-35.621,-51.623123,0.008843,7.858,-10.979,-10.775,0.000000
12674.502930,-35.301,-49.109486,0.008497,7.858,-10.979,-10.775,0.000000
12718.383789,-35.513,-43.884995,0.008681,7.858,-10.980,-10.776,0.000000
12762.391602,-35.305,-42.172401,0.008449,7.858,-10.980,-10.777,0.000000
12806.576172,-35.642,-38.942757,0.008756,7.858,-10.981,-10.777,0.000000
12850.914062,-35.016,-37.835304,0.008122,7.858,-10.982,-10.778,0.000000
12895.392578,-35.740,-35.202579,0.008800,7.858,-10.982,-10.778,0.000000
12940.025391,-35.882,-29.079416,0.008913,7.858,-10.983,-10.779,0.000000
12984.825195,-35.739,-24.488970,0.008736,7.858,-10.984,-10.780,0.000000
13029.767578,-35.783,-22.970093,0.008749,7.858,-10.984,-10.780,0.000000
13074.876953,-35.745,-17.054216,0.008679,7.858,-10.985,-10.781,0.000000
13120.131836,-35.916,-15.024349,0.008820,7.858,-10.986,-10.782,0.000000
13165.554688,-35.978,-10.553744,0.008851,7.858,-10.986,-10.782,0.000000
13211.134766,-36.587,-8.766950,0.009459,7.858,-10.987,-10.783,0.000000
13256.847656,-36.282,-2.843457,0.009098,7.858,-10.988,-10.783,0.000000
13302.744141,-36.549,-2.043073,0.009347,7.858,-10.988,-10.784,0.000000
13348.799805,-36.509,0.292765,0.009269,7.858,-10.989,-10.785,0.000000
13395.001953,-37.012,4.110893,0.009784,7.858,-10.990,-10.785,0.000000
13441.363281,-36.632,7.076971,0.009330,7.858,-10.990,-10.786,0.000000
13487.899414,-37.174,10.644519,0.009892,7.858,-10.991,-10.787,0.000000
13534.595703,-37.281,14.198896,0.009974,7.858,-10.992,-10.787,0.000000
13581.440430,-37.304,20.099531,0.009957,7.858,-10.992,-10.788,0.000000
13628.447266,-37.801,22.000992,0.010499,7.858,-10.993,-10.789,0.000000
13675.630859,-37.745,31.557943,0.010386,7.858,-10.994,-10.789,0.000000
13722.976562,-37.937,32.370163,0.010573,7.858,-10.994,-10.790,0.000000
13770.473633,-38.116,37.423351,0.010747,7.858,-10.995,-10.791,0.000000
13818.135742,-38.586,40.532375,0.011295,7.858,-10.996,-10.791,0.000000
13865.975586,-38.632,48.989838,0.011305,7.858,-10.997,-10.792,0.000000
13913.980469,-38.942,51.076195,0.011664,7.858,-10.997,-10.793,0.000000
13962.125977,-38.991,55.173275,0.011677,7.858,-10.998,-10.793,0.000000
14010.463867,-38.875,61.432446,0.011471,7.858,-10.999,-10.794,0.000000
14058.969727,-39.131,62.106041,0.011761,7.858,-10.999,-10.795,0.000000
14107.628906,-39.577,70.118027,0.012325,7.858,-11.000,-10.795,0.000000
14156.458008,-39.342,77.155487,0.011942,7.858,-11.001,-10.796,0.000000
14205.468750,-39.269,81.325447,0.011787,7.858,-11.001,-10.797,0.000000
14254.635742,-39.270,84.545479,0.011734,7.858,-11.002,-10.797,0.000000
14303.986328,-39.332,92.987846,0.011764,7.858,-11.003,-10.798,0.000000
14353.495117,-39.196,94.209328,0.011527,7.858,-11.004,-10.799,0.000000
14403.188477,-39.136,99.988457,0.011394,7.858,-11.004,-10.799,0.000000
14453.052734,-39.393,107.243912,0.011682,7.858,-11.005,-10.800,0.000000
14503.063477,-39.399,111.076408,0.011634,7.858,-11.006,-10.801,0.000000
14553.274414,-39.460,115.674362,0.011660,7.858,-11.007,-10.802,0.000000
14603.659180,-39.161,125.401108,0.011212,7.858,-11.007,-10.802,0.000000
14654.218750,-38.952,131.047363,0.010892,7.858,-11.008,-10.803,0.000000
14704.924805,-38.801,135.974167,0.010653,7.858,-11.009,-10.804,0.000000
14755.834961,-38.422,142.944366,0.010149,7.858,-11.009,-10.804,0.000000
14806.920898,-38.275,146.909058,0.009931,7.858,-11.010,-10.805,0.000000
14858.168945,-38.187,153.687332,0.009782,7.858,-11.011,-10.806,0.000000
14909.609375,-37.735,160.870697,0.009240,7.858,-11.012,-10.807,0.000000
14961.213867,-37.511,164.352951,0.008960,7.858,-11.012,-10.807,0.000000
15013.010742,-37.298,167.045944,0.008699,7.858,-11.013,-10.808,0.000000
15064.973633,-37.163,172.861374,0.008522,7.858,-11.014,-10.809,0.000000
15117.115234,-36.990,177.724213,0.008312,7.858,-11.015,-10.809,0.000000
15169.452148,-37.279,-179.508591,0.008551,7.858,-11.015,-10.810,0.000000
15221.969727,-36.962,-173.021057,0.008205,7.858,-11.016,-10.811,0.000000
15274.640625,-36.673,-168.069824,0.007899,7.858,-11.017,-10.812,0.000000
15327.523438,-36.295,-165.993362,0.007526,7.858,-11.018,-10.812,0.000000
15380.588867,-36.582,-159.597397,0.007741,7.858,-11.019,-10.813,0.000000
15433.823242,-36.351,-157.169754,0.007502,7.858,-11.019,-10.814,0.000000
15487.241211,-36.514,-154.107956,0.007607,7.858,-11.020,-10.815,0.000000
15540.859375,-36.318,-147.362991,0.007401,7.858,-11.021,-10.815,0.000000
15594.664062,-36.214,-140.895599,0.007278,7.858,-11.022,-10.816,0.000000
15648.638672,-36.113,-137.163605,0.007160,7.858,-11.022,-10.817,0.000000
15702.800781,-35.888,-132.146103,0.006943,7.858,-11.023,-10.818,0.000000
15757.166016,-35.816,-131.193069,0.006853,7.858,-11.024,-10.818,0.000000
15811.718750,-35.686,-123.221336,0.006718,7.858,-11.025,-10.819,0.000000
15866.429688,-35.745,-117.667694,0.006731,7.858,-11.026,-10.820,0.000000
15921.361328,-35.361,-112.540695,0.006409,7.858,-11.026,-10.821,0.000000
15976.482422,-35.202,-110.460091,0.006263,7.858,-11.027,-10.821,0.000000
16031.793945,-35.120,-108.419258,0.006174,7.858,-11.028,-10.822,0.000000
16087.267578,-35.368,-104.594910,0.006322,7.858,-11.029,-10.823,0.000000
16142.962891,-35.511,-99.183647,0.006396,7.858,-11.030,-10.824,0.000000
16198.851562,-35.846,-94.067215,0.006616,7.858,-11.030,-10.825,0.000000
16254.917969,-35.571,-90.112381,0.006378,7.858,-11.031,-10.825,0.000000
16311.194336,-35.470,-85.854668,0.006275,7.858,-11.032,-10.826,0.000000
16367.649414,-36.002,-80.769501,0.006639,7.858,-11.033,-10.827,0.000000
16424.316406,-35.770,-74.735252,0.006433,7.858,-11.034,-10.828,0.000000
16481.162109,-35.935,-67.406944,0.006525,7.858,-11.035,-10.829,0.000000
16538.205078,-35.394,-61.449913,0.006102,7.857,-11.035,-10.829,0.000000
16595.462891,-34.856,-55.722431,0.005707,7.857,-11.036,-10.830,0.000000
16652.917969,-34.661,-51.165592,0.005554,7.857,-11.037,-10.831,0.000000
16710.539062,-34.507,-44.469131,0.005430,7.857,-11.038,-10.832,0.000000
16768.392578,-34.389,-40.890934,0.005331,7.857,-11.039,-10.833,0.000000
16826.447266,-33.683,-33.372852,0.004891,7.857,-11.040,-10.833,0.000000
16884.685547,-33.460,-29.694820,0.004744,7.857,-11.040,-10.834,0.000000
16943.142578,-33.156,-24.013035,0.004559,7.857,-11.041,-10.835,0.000000
17001.785156,-33.158,-21.006195,0.004538,7.857,-11.042,-10.836,0.000000
17060.646484,-32.672,-15.301896,0.004270,7.857,-11.043,-10.837,0.000000
17119.695312,-32.493,-8.507827,0.004163,7.857,-11.044,-10.837,0.000000
17178.949219,-32.304,-6.118974,0.004054,7.857,-11.045,-10.838,0.000000
17238.423828,-32.002,-0.191368,0.003897,7.857,-11.046,-10.839,0.000000
17298.105469,-31.988,4.812318,0.003872,7.857,-11.046,-10.840,0.000000
17357.976562,-31.649,10.626697,0.003706,7.857,-11.047,-10.841,0.000000
17418.054688,-31.208,17.405010,0.003505,7.857,-11.048,-10.842,0.000000
17478.357422,-30.866,22.943981,0.003353,7.857,-11.049,-10.842,0.000000
17538.869141,-30.608,27.097883,0.003239,7.857,-11.050,-10.843,0.000000
17599.556641,-30.408,33.251556,0.003149,7.857,-11.051,-10.844,0.000000
17660.488281,-30.206,41.199574,0.003062,7.857,-11.052,-10.845,0.000000
17721.630859,-29.597,47.285480,0.002840,7.857,-11.053,-10.846,0.000000
17782.968750,-28.890,53.079956,0.002605,7.857,-11.053,-10.847,0.000000
17844.535156,-28.365,57.669411,0.002440,7.857,-11.054,-10.848,0.000000
17906.296875,-27.861,63.325592,0.002291,7.857,-11.055,-10.848,0.000000
17968.291016,-27.139,68.976044,0.002099,7.857,-11.056,-10.849,0.000000
18030.480469,-26.399,76.263290,0.001918,7.857,-11.057,-10.850,0.000000
18092.886719,-25.595,81.269096,0.001740,7.857,-11.058,-10.851,0.000000
18155.525391,-24.719,85.363235,0.001565,7.857,-11.059,-10.852,0.000000
18218.382812,-23.970,87.791664,0.001429,7.857,-11.060,-10.853,0.000000
18281.421875,-23.711,91.162636,0.001381,7.857,-11.061,-10.854,0.000000
18344.712891,-22.750,96.178001,0.001230,7.857,-11.062,-10.855,0.000000
18408.224609,-22.346,99.475266,0.001169,7.857,-11.063,-10.855,0.000000
18471.955078,-21.977,103.382233,0.001115,7.857,-11.063,-10.856,0.000000
18535.888672,-20.960,108.743279,0.000987,7.857,-11.064,-10.857,0.000000
18600.044922,-20.565,113.963585,0.000939,7.857,-11.065,-10.858,0.000000
18664.439453,-19.996,117.348167,0.000875,7.857,-11.066,-10.859,0.000000
18729.041016,-19.442,123.888054,0.000818,7.857,-11.067,-10.860,0.000000
18793.880859,-18.616,131.378387,0.000740,7.857,-11.068,-10.861,0.000000
18858.929688,-17.968,137.705933,0.000684,7.857,-11.069,-10.862,0.000000
18924.220703,-16.195,147.408752,0.000555,7.857,-11.070,-10.863,0.000000
18989.720703,-14.966,151.570236,0.000479,7.857,-11.071,-10.864,0.000000
19055.447266,-13.781,155.236450,0.000416,7.857,-11.072,-10.864,0.000000
19121.417969,-13.311,160.207779,0.000416,7.857,-11.073,-10.865,0.000000
19187.619141,-12.797,163.856415,0.000369,7.857,-11.074,-10.866,0.000000
19254.029297,-11.999,167.895599,0.000593,7.857,-11.075,-10.867,0.000000
19320.669922,-11.206,171.169388,0.000607,7.857,-11.076,-10.868,0.000000
19387.560547,-9.954,174.985260,0.000461,7.857,-11.077,-10.869,0.000000
19454.664062,-8.822,170.378723,0.000436,7.857,-11.078,-10.870,0.000000
19522.017578,-7.952,-175.516464,0.000800,7.857,-11.079,-10.871,0.000000
19589.585938,-207.703,0.000000,0.000000,7.857,-11.080,-10.872,0.000000
19657.406250,-207.738,0.000000,0.000000,7.857,-11.081,-10.873,0.000000
19725.443359,-207.772,0.000000,0.000000,7.857,-11.082,-10.874,0.000000
19793.716797,-207.806,0.000000,0.000000,7.857,-11.083,-10.875,0.000000
19862.244141,-207.841,0.000000,0.000000,7.857,-11.084,-10.876,0.000000
19931.009766,-207.875,0.000000,0.000000,7.857,-11.085,-10.877,0.000000
19999.974609,-207.910,0.000000,0.000000,7.857,-11.086,-10.878,0.000000
