frequency_hz,spl_db,phase_deg,thd_percent,rt60_ms,c50_db,c80_db,group_delay_ms
20.000000,-5.350,-4.761756,0.000370,10.420,-3.429,-3.326,0.000000
20.069233,-5.408,-89.763901,0.000373,10.420,-3.429,-3.326,0.000000
20.138704,-5.601,-147.539719,0.000381,10.420,-3.429,-3.326,0.000000
20.208418,-7.274,130.921875,0.000462,10.420,-3.429,-3.326,0.000000
20.278366,-8.319,-68.122688,0.000521,10.420,-3.429,-3.326,0.000000
20.348562,-8.684,-136.717606,0.000543,10.420,-3.429,-3.326,0.000000
20.419001,-9.368,-163.526840,0.000588,10.420,-3.429,-3.326,0.000000
20.489683,-9.768,79.398193,0.000615,10.420,-3.429,-3.326,0.000000
20.560612,-10.377,118.582367,0.000660,10.420,-3.429,-3.326,0.000000
20.631784,-10.412,115.061165,0.000662,10.420,-3.429,-3.326,0.000000
20.703203,-9.846,2.940668,0.000621,10.420,-3.429,-3.326,0.000000
20.774866,-9.354,56.919975,0.000586,10.420,-3.429,-3.326,0.000000
20.846781,-10.041,96.956879,0.000635,10.420,-3.429,-3.326,0.000000
20.918943,-10.451,-39.520237,0.000665,10.420,-3.429,-3.326,0.000000
20.991358,-10.754,-27.084408,0.000689,10.420,-3.429,-3.326,0.000000
21.064020,-10.646,59.634666,0.000681,10.420,-3.429,-3.326,0.000000
21.136936,-9.637,-10.756270,0.000606,10.420,-3.429,-3.326,0.000000
21.210104,-9.147,-71.762787,0.000573,10.420,-3.429,-3.326,0.000000
21.283520,-9.061,-92.226593,0.000567,10.420,-3.429,-3.326,0.000000
21.357197,-9.229,-64.944176,0.000578,10.420,-3.429,-3.326,0.000000
21.431126,-9.259,-133.409409,0.000580,10.420,-3.429,-3.326,0.000000
21.505312,-10.189,-140.232712,0.000646,10.420,-3.429,-3.326,0.000000
21.579756,-10.388,-124.232796,0.000661,10.420,-3.429,-3.326,0.000000
21.654457,-10.583,-149.123383,0.000676,10.420,-3.429,-3.326,0.000000
21.729416,-10.745,167.215103,0.000688,10.420,-3.429,-3.326,0.000000
21.804630,-11.121,166.294785,0.000719,10.420,-3.429,-3.326,0.000000
21.880110,-11.642,-64.992020,0.000763,10.420,-3.429,-3.326,0.000000
21.955851,-13.696,144.904892,0.000967,10.420,-3.429,-3.326,0.000000
22.031853,-14.003,-85.989899,0.001001,10.420,-3.429,-3.326,0.000000
22.108118,-14.520,-102.381767,0.001062,10.420,-3.429,-3.326,0.000000
22.184649,-14.785,-121.619766,0.001095,10.420,-3.429,-3.326,0.000000
22.261442,-15.214,-153.720734,0.001150,10.420,-3.429,-3.326,0.000000
22.338503,-14.361,170.315628,0.001043,10.420,-3.429,-3.326,0.000000
22.415825,-13.634,-179.399231,0.000959,10.420,-3.429,-3.326,0.000000
22.493420,-14.442,-172.794327,0.001052,10.420,-3.429,-3.326,0.000000
22.571283,-14.543,166.494858,0.001065,10.420,-3.429,-3.326,0.000000
22.649418,-14.543,166.494858,0.001065,10.420,-3.429,-3.326,0.000000
22.727821,-15.038,159.473282,0.001127,10.420,-3.429,-3.326,0.000000
22.806496,-14.856,145.462082,0.001104,10.420,-3.429,-3.326,0.000000
22.885437,-15.556,106.041298,0.001196,10.420,-3.429,-3.326,0.000000
22.964659,-15.816,95.447075,0.001233,10.420,-3.429,-3.326,0.000000
23.044153,-16.044,14.760788,0.001265,10.420,-3.429,-3.326,0.000000
23.123922,-15.591,-18.531979,0.001201,10.420,-3.429,-3.326,0.000000
23.203970,-17.424,-50.092880,0.001483,10.420,-3.429,-3.326,0.000000
23.284292,-19.131,-89.332901,0.001805,10.420,-3.429,-3.326,0.000000
23.364893,-18.865,-70.100975,0.001751,10.420,-3.429,-3.326,0.000000
23.445774,-17.892,-75.920555,0.001565,10.420,-3.429,-3.326,0.000000
23.526928,-18.026,-92.895508,0.001590,10.420,-3.429,-3.326,0.000000
23.608370,-17.713,-129.116501,0.001534,10.420,-3.429,-3.326,0.000000
23.690092,-17.607,-138.291748,0.001515,10.420,-3.429,-3.326,0.000000
23.772099,-18.283,-118.703522,0.001638,10.420,-3.429,-3.326,0.000000
23.854389,-18.365,-107.725281,0.001653,10.420,-3.429,-3.326,0.000000
23.936964,-19.568,-132.617950,0.001899,10.420,-3.429,-3.326,0.000000
24.019825,-19.813,-156.681076,0.001953,10.420,-3.429,-3.326,0.000000
24.102966,-19.145,147.261032,0.001808,10.420,-3.429,-3.326,0.000000
24.186401,-19.320,94.303436,0.001845,10.420,-3.429,-3.326,0.000000
24.270124,-20.167,72.601471,0.002033,10.420,-3.429,-3.326,0.000000
24.354139,-19.912,70.387245,0.001974,10.420,-3.429,-3.326,0.000000
24.438444,-20.650,24.681374,0.002149,10.420,-3.429,-3.326,0.000000
24.523041,-20.935,26.593319,0.002220,10.420,-3.429,-3.326,0.000000
24.607929,-21.010,50.198372,0.002239,10.420,-3.429,-3.326,0.000000
24.693108,-19.997,51.256287,0.001992,10.420,-3.429,-3.326,0.000000
24.778585,-19.927,48.876228,0.001976,10.420,-3.429,-3.326,0.000000
24.864359,-18.558,70.699928,0.001688,10.420,-3.429,-3.326,0.000000
24.950430,-19.287,41.588902,0.001836,10.420,-3.429,-3.326,0.000000
25.036798,-19.573,7.309889,0.001897,10.420,-3.429,-3.326,0.000000
25.123466,-19.500,20.332642,0.001882,10.420,-3.429,-3.326,0.000000
25.210434,-19.833,-37.809986,0.001955,10.420,-3.429,-3.326,0.000000
25.297697,-20.029,-57.779007,0.002000,10.420,-3.429,-3.326,0.000000
25.385267,-20.276,-105.135834,0.002057,10.420,-3.429,-3.326,0.000000
25.473143,-20.524,-65.785248,0.002117,10.420,-3.429,-3.326,0.000000
25.561321,-21.325,-94.368706,0.002321,10.420,-3.429,-3.326,0.000000
25.649803,-21.530,-3.837755,0.002377,10.420,-3.429,-3.326,0.000000
25.738594,-22.363,-73.222725,0.002616,10.420,-3.429,-3.326,0.000000
25.827690,-22.142,4.141173,0.002550,10.420,-3.429,-3.326,0.000000
25.917089,-21.458,-91.076462,0.002357,10.420,-3.429,-3.326,0.000000
26.006805,-21.614,-150.443588,0.002399,10.420,-3.429,-3.326,0.000000
26.096830,-22.214,-141.671188,0.002570,10.420,-3.429,-3.326,0.000000
26.187168,-22.228,-176.796341,0.002574,10.420,-3.429,-3.326,0.000000
26.277819,-22.424,140.066605,0.002632,10.420,-3.429,-3.326,0.000000
26.368782,-22.791,173.165863,0.002745,10.420,-3.429,-3.326,0.000000
26.460054,-22.621,172.812973,0.002692,10.420,-3.429,-3.326,0.000000
26.551649,-22.358,149.048859,0.002612,10.420,-3.429,-3.326,0.000000
26.643560,-21.951,176.719818,0.002492,10.420,-3.429,-3.326,0.000000
26.735790,-22.313,147.352036,0.002598,10.420,-3.429,-3.326,0.000000
26.828339,-22.839,137.412003,0.002760,10.420,-3.429,-3.326,0.000000
26.921207,-23.116,144.171555,0.002850,10.420,-3.429,-3.326,0.000000
27.014399,-23.496,173.481018,0.002977,10.420,-3.429,-3.326,0.000000
27.107912,-23.337,-153.606232,0.002923,10.420,-3.429,-3.326,0.000000
27.201744,-22.877,-134.047913,0.002772,10.420,-3.429,-3.326,0.000000
27.295906,-23.243,-115.233032,0.002892,10.420,-3.429,-3.326,0.000000
27.390394,-22.800,-120.454933,0.002748,10.420,-3.429,-3.326,0.000000
27.485209,-22.933,-139.156052,0.002790,10.420,-3.429,-3.326,0.000000
27.580351,-23.485,-156.823959,0.002974,10.420,-3.429,-3.326,0.000000
27.675825,-24.455,172.751831,0.003325,10.420,-3.429,-3.326,0.000000
27.771622,-25.387,-163.282959,0.003701,10.420,-3.429,-3.326,0.000000
27.867756,-26.118,-171.991486,0.004026,10.420,-3.429,-3.326,0.000000
27.964224,-25.789,154.730392,0.003877,10.420,-3.429,-3.326,0.000000
28.061024,-26.031,119.672508,0.003986,10.420,-3.429,-3.326,0.000000
28.158161,-26.826,102.390938,0.004369,10.420,-3.429,-3.326,0.000000
28.255634,-25.330,137.673447,0.003677,10.420,-3.429,-3.326,0.000000
28.353443,-25.347,114.353668,0.003684,10.420,-3.429,-3.326,0.000000
28.451593,-25.145,113.990646,0.003599,10.420,-3.429,-3.326,0.000000
28.550081,-24.587,111.504517,0.003374,10.420,-3.429,-3.326,0.000000
28.648903,-24.568,113.854454,0.003366,10.420,-3.429,-3.326,0.000000
28.748075,-23.701,133.377090,0.003046,10.420,-3.429,-3.326,0.000000
28.847589,-23.715,125.459175,0.003050,10.420,-3.429,-3.326,0.000000
28.947449,-23.702,112.006233,0.003045,10.420,-3.429,-3.326,0.000000
29.047655,-23.124,127.006912,0.002849,10.420,-3.429,-3.326,0.000000
29.148207,-23.425,123.419083,0.002950,10.420,-3.429,-3.326,0.000000
29.249100,-23.683,116.764076,0.003039,10.420,-3.429,-3.326,0.000000
29.350348,-24.568,111.289360,0.003365,10.420,-3.429,-3.326,0.000000
29.451948,-24.259,119.160423,0.003247,10.420,-3.429,-3.326,0.000000
29.553900,-24.650,101.614487,0.003396,10.420,-3.429,-3.326,0.000000
29.656204,-25.089,95.659561,0.003572,10.420,-3.429,-3.326,0.000000
29.758862,-25.581,93.559898,0.003781,10.420,-3.429,-3.326,0.000000
29.861876,-25.320,96.467445,0.003669,10.420,-3.429,-3.326,0.000000
29.965246,-24.202,103.417961,0.003226,10.420,-3.429,-3.326,0.000000
30.068968,-24.236,110.834358,0.003238,10.420,-3.429,-3.326,0.000000
30.173054,-24.257,139.058029,0.003246,10.420,-3.429,-3.326,0.000000
30.277502,-23.315,132.318848,0.002913,10.420,-3.429,-3.326,0.000000
30.382311,-21.073,138.499191,0.002250,10.420,-3.429,-3.326,0.000000
30.487482,-21.424,124.484665,0.002342,10.420,-3.429,-3.326,0.000000
30.593019,-21.198,125.853394,0.002282,10.420,-3.429,-3.326,0.000000
30.698914,-20.213,146.954803,0.002036,10.420,-3.429,-3.326,0.000000
30.805182,-19.258,151.278397,0.001824,10.420,-3.429,-3.326,0.000000
30.911816,-18.580,133.320068,0.001687,10.420,-3.429,-3.326,0.000000
31.018822,-18.195,126.106918,0.001614,10.420,-3.429,-3.326,0.000000
31.126196,-18.014,111.295151,0.001580,10.420,-3.429,-3.326,0.000000
31.233944,-17.770,115.516472,0.001536,10.420,-3.429,-3.326,0.000000
31.342064,-17.163,108.025757,0.001433,10.420,-3.429,-3.326,0.000000
31.450558,-16.903,101.637390,0.001390,10.420,-3.429,-3.326,0.000000
31.559420,-16.151,95.498924,0.001275,10.420,-3.429,-3.326,0.000000
31.668667,-16.265,99.203285,0.001292,10.420,-3.429,-3.326,0.000000
31.778292,-14.594,108.571838,0.001066,10.420,-3.429,-3.326,0.000000
31.888296,-13.748,97.840141,0.000967,10.420,-3.429,-3.326,0.000000
31.998680,-13.067,85.860352,0.000894,10.420,-3.429,-3.326,0.000000
32.109447,-12.929,69.988228,0.000880,10.420,-3.429,-3.326,0.000000
32.220600,-12.525,120.497475,0.000840,10.420,-3.429,-3.326,0.000000
32.332127,-11.595,96.447212,0.000755,10.420,-3.429,-3.326,0.000000
32.444046,-11.399,79.689804,0.000738,10.420,-3.429,-3.326,0.000000
32.556355,-11.483,66.039391,0.000745,10.420,-3.429,-3.326,0.000000
32.669052,-12.112,97.347839,0.000801,10.420,-3.429,-3.326,0.000000
32.782143,-11.834,102.483978,0.000776,10.420,-3.429,-3.326,0.000000
32.895622,-11.794,80.730698,0.000772,10.420,-3.429,-3.326,0.000000
33.009491,-12.443,67.662903,0.000832,10.420,-3.429,-3.326,0.000000
33.123760,-13.667,64.206650,0.000958,10.420,-3.429,-3.326,0.000000
33.238411,-13.900,73.799988,0.000984,10.420,-3.429,-3.326,0.000000
33.353470,-14.153,65.212784,0.001013,10.420,-3.429,-3.326,0.000000
33.468929,-14.555,60.505299,0.001061,10.420,-3.429,-3.326,0.000000
33.584785,-15.019,57.804707,0.001119,10.420,-3.429,-3.326,0.000000
33.701042,-15.183,57.595955,0.001140,10.420,-3.429,-3.326,0.000000
33.817696,-14.599,49.401268,0.001066,10.420,-3.429,-3.326,0.000000
33.934757,-15.020,44.312809,0.001118,10.420,-3.429,-3.326,0.000000
34.052227,-15.384,42.049328,0.001166,10.420,-3.429,-3.326,0.000000
34.170105,-15.220,42.901306,0.001144,10.420,-3.429,-3.326,0.000000
34.288387,-14.984,39.721977,0.001114,10.420,-3.429,-3.326,0.000000
34.407082,-14.692,35.733238,0.001077,10.420,-3.429,-3.326,0.000000
34.526184,-14.750,33.190113,0.001084,10.420,-3.429,-3.326,0.000000
34.645702,-14.512,31.091682,0.001055,10.420,-3.429,-3.326,0.000000
34.765621,-14.299,26.660791,0.001029,10.420,-3.429,-3.326,0.000000
34.885967,-14.027,24.886292,0.000997,10.420,-3.429,-3.326,0.000000
35.006729,-14.267,21.995241,0.001025,10.420,-3.429,-3.326,0.000000
35.127911,-13.566,20.859118,0.000946,10.420,-3.429,-3.326,0.000000
35.249508,-13.566,17.354126,0.000946,10.420,-3.429,-3.326,0.000000
35.371529,-13.338,15.607096,0.000921,10.420,-3.429,-3.326,0.000000
35.493965,-13.285,13.002672,0.000916,10.420,-3.429,-3.326,0.000000
35.616829,-12.901,9.830141,0.000876,10.420,-3.429,-3.326,0.000000
35.740120,-12.895,6.975852,0.000875,10.420,-3.429,-3.326,0.000000
35.863842,-12.686,4.181736,0.000854,10.420,-3.429,-3.326,0.000000
35.987988,-12.615,1.076583,0.000847,10.420,-3.429,-3.326,0.000000
36.112564,-12.565,-0.976154,0.000842,10.420,-3.429,-3.326,0.000000
36.237572,-12.110,-4.520597,0.000799,10.420,-3.429,-3.326,0.000000
36.363010,-12.298,-7.870168,0.000817,10.420,-3.429,-3.326,0.000000
36.488888,-12.184,-7.139874,0.000806,10.420,-3.429,-3.326,0.000000
36.615189,-11.980,-8.254751,0.000787,10.420,-3.429,-3.326,0.000000
36.741936,-11.544,-10.309824,0.000749,10.420,-3.429,-3.326,0.000000
36.869122,-11.427,-13.234809,0.000739,10.420,-3.429,-3.326,0.000000
36.996750,-10.938,-15.565799,0.000698,10.420,-3.429,-3.326,0.000000
37.124817,-10.851,-19.942160,0.000691,10.420,-3.429,-3.326,0.000000
37.253323,-10.557,-22.058781,0.000668,10.420,-3.429,-3.326,0.000000
37.382278,-10.274,-24.757381,0.000647,10.420,-3.429,-3.326,0.000000
37.511681,-9.973,-25.833805,0.000625,10.420,-3.429,-3.326,0.000000
37.641533,-9.450,-32.368423,0.000588,10.420,-3.429,-3.326,0.000000
37.771832,-9.355,-34.637848,0.000582,10.420,-3.429,-3.326,0.000000
37.902584,-8.953,-40.125259,0.000555,10.420,-3.429,-3.326,0.000000
38.033791,-8.762,-43.186611,0.000543,10.420,-3.429,-3.326,0.000000
38.165447,-8.737,-45.754646,0.000542,10.420,-3.429,-3.326,0.000000
38.297562,-8.549,-50.813828,0.000530,10.420,-3.429,-3.326,0.000000
38.430122,-8.424,-52.710384,0.000523,10.420,-3.429,-3.326,0.000000
38.563152,-8.127,-58.211773,0.000505,10.420,-3.429,-3.326,0.000000
38.696644,-7.962,-60.590195,0.000495,10.420,-3.429,-3.326,0.000000
38.830597,-7.885,-65.147400,0.000491,10.420,-3.429,-3.326,0.000000
38.965015,-7.707,-67.276321,0.000481,10.420,-3.429,-3.326,0.000000
39.099895,-7.486,-71.182114,0.000469,10.420,-3.429,-3.326,0.000000
39.235237,-7.202,-75.555885,0.000454,10.420,-3.429,-3.326,0.000000
39.371052,-7.257,-79.806816,0.000456,10.420,-3.429,-3.326,0.000000
39.507339,-7.101,-82.889519,0.000448,10.420,-3.429,-3.326,0.000000
39.644100,-6.846,-86.361961,0.000435,10.420,-3.429,-3.326,0.000000
39.781334,-6.759,-91.308090,0.000431,10.420,-3.429,-3.326,0.000000
39.919041,-6.707,-95.145912,0.000428,10.420,-3.429,-3.326,0.000000
40.057224,-6.542,-98.934593,0.000420,10.420,-3.429,-3.326,0.000000
40.195889,-6.567,-103.495445,0.000422,10.420,-3.429,-3.326,0.000000
40.335030,-6.526,-108.157486,0.000420,10.420,-3.429,-3.326,0.000000
40.474644,-6.529,-112.038918,0.000420,10.420,-3.429,-3.326,0.000000
40.614754,-6.512,-117.189026,0.000419,10.420,-3.429,-3.326,0.000000
40.755344,-6.558,-120.137527,0.000421,10.420,-3.429,-3.326,0.000000
40.896423,-6.577,-126.541580,0.000422,10.420,-3.429,-3.326,0.000000
41.037983,-6.691,-129.762970,0.000428,10.420,-3.429,-3.326,0.000000
41.180042,-6.836,-134.818481,0.000435,10.420,-3.429,-3.326,0.000000
41.322590,-6.897,-137.716949,0.000438,10.420,-3.429,-3.326,0.000000
41.465633,-7.142,-143.723572,0.000450,10.420,-3.429,-3.326,0.000000
41.609173,-7.480,-147.313049,0.000468,10.420,-3.429,-3.326,0.000000
41.753204,-7.668,-151.291687,0.000479,10.420,-3.429,-3.326,0.000000
41.897739,-8.263,-156.150452,0.000512,10.420,-3.429,-3.326,0.000000
42.042774,-8.555,-157.862305,0.000530,10.420,-3.429,-3.326,0.000000
42.188309,-9.133,-161.807007,0.000566,10.420,-3.429,-3.326,0.000000
42.334339,-9.544,-162.718597,0.000594,10.420,-3.429,-3.326,0.000000
42.480885,-9.962,-163.461227,0.000623,10.420,-3.429,-3.326,0.000000
42.627937,-10.269,-164.627029,0.000645,10.420,-3.429,-3.326,0.000000
42.775497,-10.590,-164.706207,0.000669,10.420,-3.429,-3.326,0.000000
42.923573,-10.778,-164.577087,0.000684,10.420,-3.429,-3.326,0.000000
43.072155,-10.857,-165.846085,0.000690,10.420,-3.429,-3.326,0.000000
43.221245,-11.013,-164.072540,0.000703,10.420,-3.429,-3.326,0.000000
43.370861,-10.509,-165.101181,0.000663,10.420,-3.429,-3.326,0.000000
43.520992,-10.364,-165.303558,0.000652,10.420,-3.429,-3.326,0.000000
43.671646,-9.826,-166.855423,0.000613,10.420,-3.429,-3.326,0.000000
43.822823,-9.772,-167.822906,0.000609,10.420,-3.429,-3.326,0.000000
43.974518,-9.368,-170.320618,0.000581,10.420,-3.429,-3.326,0.000000
44.126743,-9.104,-171.968155,0.000564,10.420,-3.429,-3.326,0.000000
44.279491,-8.792,-173.855316,0.000544,10.420,-3.429,-3.326,0.000000
44.432770,-8.580,-176.263412,0.000531,10.420,-3.429,-3.326,0.000000
44.586567,-8.173,179.573441,0.000507,10.420,-3.429,-3.326,0.000000
44.740910,-8.305,178.433533,0.000514,10.420,-3.429,-3.326,0.000000
44.895786,-8.056,176.114685,0.000500,10.420,-3.429,-3.326,0.000000
45.051197,-7.997,172.829941,0.000496,10.420,-3.429,-3.326,0.000000
45.207138,-7.900,171.357040,0.000491,10.420,-3.429,-3.326,0.000000
45.363636,-7.742,167.387711,0.000482,10.420,-3.429,-3.326,0.000000
45.520660,-7.654,163.003159,0.000477,10.420,-3.429,-3.326,0.000000
45.678234,-7.743,160.228149,0.000482,10.420,-3.429,-3.326,0.000000
45.836353,-7.730,158.012634,0.000481,10.420,-3.429,-3.326,0.000000
45.995022,-7.857,154.489685,0.000488,10.420,-3.429,-3.326,0.000000
46.154240,-7.799,152.879883,0.000485,10.420,-3.429,-3.326,0.000000
46.314007,-7.791,148.428040,0.000484,10.420,-3.429,-3.326,0.000000
46.474327,-7.791,145.558212,0.000484,10.420,-3.429,-3.326,0.000000
46.635193,-7.812,143.575623,0.000485,10.420,-3.429,-3.326,0.000000
46.796627,-7.900,141.081757,0.000490,10.420,-3.429,-3.326,0.000000
46.958618,-7.911,138.586853,0.000491,10.420,-3.429,-3.326,0.000000
47.121170,-7.934,135.460068,0.000492,10.420,-3.429,-3.326,0.000000
47.284286,-8.023,133.827332,0.000497,10.420,-3.429,-3.326,0.000000
47.447968,-7.957,131.047165,0.000494,10.420,-3.429,-3.326,0.000000
47.612202,-7.995,127.118179,0.000496,10.420,-3.429,-3.326,0.000000
47.777020,-8.153,123.299759,0.000505,10.420,-3.429,-3.326,0.000000
47.942402,-8.416,118.251801,0.000520,10.420,-3.429,-3.326,0.000000
48.108360,-8.580,116.897552,0.000530,10.420,-3.429,-3.326,0.000000
48.274895,-8.726,113.118332,0.000539,10.420,-3.429,-3.326,0.000000
48.442005,-8.976,109.479782,0.000555,10.420,-3.429,-3.326,0.000000
48.609692,-9.233,105.423157,0.000572,10.420,-3.429,-3.326,0.000000
48.777958,-9.470,102.216599,0.000588,10.420,-3.429,-3.326,0.000000
48.946812,-9.678,99.252167,0.000602,10.420,-3.429,-3.326,0.000000
49.116234,-9.980,96.365845,0.000623,10.420,-3.429,-3.326,0.000000
49.286255,-10.190,93.104301,0.000638,10.420,-3.429,-3.326,0.000000
49.456863,-10.459,90.816246,0.000658,10.420,-3.429,-3.326,0.000000
49.628067,-10.616,89.058678,0.000670,10.420,-3.429,-3.326,0.000000
49.799858,-10.759,87.814293,0.000681,10.420,-3.429,-3.326,0.000000
49.972248,-10.993,85.648605,0.000700,10.420,-3.429,-3.326,0.000000
50.145218,-11.145,83.839371,0.000712,10.420,-3.429,-3.326,0.000000
50.318802,-11.379,81.544815,0.000731,10.420,-3.429,-3.326,0.000000
50.492989,-11.766,79.004448,0.000764,10.420,-3.429,-3.326,0.000000
50.667774,-12.158,77.104538,0.000800,10.420,-3.429,-3.326,0.000000
50.843166,-12.619,75.538239,0.000843,10.420,-3.429,-3.326,0.000000
51.019169,-12.836,73.926018,0.000865,10.420,-3.429,-3.326,0.000000
51.195774,-13.076,72.307335,0.000889,10.420,-3.429,-3.326,0.000000
51.372997,-13.606,68.060844,0.000945,10.420,-3.429,-3.326,0.000000
51.550816,-13.877,67.944733,0.000975,10.420,-3.429,-3.326,0.000000
51.729267,-14.328,64.424400,0.001027,10.420,-3.429,-3.326,0.000000
51.908333,-14.790,62.241150,0.001083,10.420,-3.429,-3.326,0.000000
52.088020,-15.198,60.181709,0.001135,10.420,-3.429,-3.326,0.000000
52.268330,-15.486,56.612488,0.001173,10.420,-3.429,-3.326,0.000000
52.449261,-15.992,54.114647,0.001243,10.420,-3.429,-3.326,0.000000
52.630810,-16.311,52.533344,0.001290,10.420,-3.429,-3.326,0.000000
52.812996,-16.702,48.471901,0.001349,10.420,-3.429,-3.326,0.000000
52.995815,-17.124,50.396095,0.001416,10.420,-3.429,-3.326,0.000000
53.179264,-17.154,50.982376,0.001421,10.420,-3.429,-3.326,0.000000
53.363350,-17.398,52.713547,0.001461,10.420,-3.429,-3.326,0.000000
53.548077,-17.399,54.434280,0.001461,10.420,-3.429,-3.326,0.000000
53.733437,-17.214,56.107124,0.001430,10.420,-3.429,-3.326,0.000000
53.919441,-17.545,57.599533,0.001485,10.420,-3.429,-3.326,0.000000
54.106079,-17.436,64.073448,0.001467,10.420,-3.429,-3.326,0.000000
54.293373,-17.408,67.479073,0.001462,10.420,-3.429,-3.326,0.000000
54.481316,-17.427,72.521606,0.001465,10.420,-3.429,-3.326,0.000000
54.669895,-17.192,74.607513,0.001426,10.420,-3.429,-3.326,0.000000
54.859169,-17.061,78.645882,0.001405,10.420,-3.429,-3.326,0.000000
55.049042,-16.921,81.018806,0.001382,10.420,-3.429,-3.326,0.000000
55.239601,-16.796,84.499557,0.001362,10.420,-3.429,-3.326,0.000000
55.430820,-16.535,85.090454,0.001322,10.420,-3.429,-3.326,0.000000
55.622700,-16.436,85.476692,0.001307,10.420,-3.429,-3.326,0.000000
55.815247,-16.164,86.706490,0.001267,10.420,-3.429,-3.326,0.000000
56.008457,-15.962,87.574402,0.001238,10.420,-3.429,-3.326,0.000000
56.202335,-15.314,86.260666,0.001149,10.420,-3.429,-3.326,0.000000
56.396889,-14.658,86.423042,0.001065,10.420,-3.429,-3.326,0.000000
56.592110,-14.016,82.763344,0.000989,10.420,-3.429,-3.326,0.000000
56.788010,-13.610,82.008873,0.000944,10.420,-3.429,-3.326,0.000000
56.984589,-13.032,82.073524,0.000883,10.420,-3.429,-3.326,0.000000
57.181820,-12.536,79.382599,0.000834,10.420,-3.429,-3.326,0.000000
57.379791,-11.897,78.152367,0.000775,10.420,-3.429,-3.326,0.000000
57.578388,-11.320,76.108139,0.000725,10.420,-3.429,-3.326,0.000000
57.777702,-10.858,72.272629,0.000687,10.420,-3.429,-3.326,0.000000
57.977707,-10.715,69.844788,0.000676,10.420,-3.429,-3.326,0.000000
58.178406,-10.595,66.931313,0.000666,10.420,-3.429,-3.326,0.000000
58.379795,-10.411,62.998993,0.000652,10.420,-3.429,-3.326,0.000000
58.581886,-10.255,58.343689,0.000641,10.420,-3.429,-3.326,0.000000
58.784672,-10.126,53.943344,0.000631,10.420,-3.429,-3.326,0.000000
58.988163,-9.966,48.512482,0.000620,10.420,-3.429,-3.326,0.000000
59.192356,-10.013,43.988247,0.000623,10.420,-3.429,-3.326,0.000000
59.397259,-9.818,38.926838,0.000609,10.420,-3.429,-3.326,0.000000
59.602867,-9.752,34.904285,0.000605,10.420,-3.429,-3.326,0.000000
59.809193,-9.620,30.919363,0.000596,10.420,-3.429,-3.326,0.000000
60.016228,-9.641,26.835037,0.000597,10.420,-3.429,-3.326,0.000000
60.223953,-9.625,24.472078,0.000596,10.420,-3.429,-3.326,0.000000
60.432423,-9.535,22.354239,0.000590,10.420,-3.429,-3.326,0.000000
60.641617,-9.515,19.537752,0.000589,10.420,-3.429,-3.326,0.000000
60.851536,-9.491,16.558289,0.000587,10.420,-3.429,-3.326,0.000000
61.062180,-9.369,14.623913,0.000579,10.420,-3.429,-3.326,0.000000
61.273556,-9.361,10.430473,0.000578,10.420,-3.429,-3.326,0.000000
61.485661,-9.362,7.718904,0.000578,10.420,-3.429,-3.326,0.000000
61.698502,-9.206,5.552435,0.000568,10.420,-3.429,-3.326,0.000000
61.912075,-8.935,0.770835,0.000551,10.420,-3.429,-3.326,0.000000
62.126392,-8.986,-2.780771,0.000554,10.420,-3.429,-3.326,0.000000
62.341450,-8.921,-7.385741,0.000550,10.420,-3.429,-3.326,0.000000
62.557251,-8.894,-11.047120,0.000548,10.420,-3.429,-3.326,0.000000
62.773800,-8.775,-15.485843,0.000540,10.420,-3.429,-3.326,0.000000
62.991070,-8.851,-22.090782,0.000545,10.420,-3.429,-3.326,0.000000
63.209152,-8.774,-25.566074,0.000540,10.413,-3.380,-3.278,0.000000
63.427925,-8.728,-30.766600,0.000538,10.406,-3.329,-3.227,0.000000
63.647522,-8.903,-38.629211,0.000548,10.400,-3.278,-3.176,0.000000
63.867813,-9.058,-42.853477,0.000558,10.393,-3.226,-3.125,0.000000
64.088898,-9.159,-48.750671,0.000565,10.386,-3.175,-3.073,0.000000
64.310753,-9.347,-55.045616,0.000577,10.379,-3.123,-3.022,0.000000
64.533371,-9.674,-60.397705,0.000599,10.373,-3.071,-2.970,0.000000
64.756760,-9.970,-66.015182,0.000620,10.366,-3.019,-2.918,0.000000
64.980919,-10.321,-72.317116,0.000646,10.359,-2.967,-2.866,0.000000
65.205864,-11.055,-78.579376,0.000703,10.352,-2.915,-2.813,0.000000
65.431580,-11.707,-82.153618,0.000757,10.345,-2.862,-2.761,0.000000
65.658081,-12.108,-85.246628,0.000793,10.338,-2.810,-2.708,0.000000
65.885361,-12.793,-91.265785,0.000858,10.331,-2.757,-2.655,0.000000
66.113434,-13.451,-93.015709,0.000925,10.324,-2.704,-2.602,0.000000
66.342262,-13.788,-100.516144,0.000962,10.317,-2.650,-2.549,0.000000
66.571945,-14.280,-103.850067,0.001018,10.310,-2.597,-2.495,0.000000
66.802353,-15.060,-109.009232,0.001113,10.303,-2.543,-2.442,0.000000
67.033600,-15.408,-112.741173,0.001159,10.296,-2.489,-2.388,0.000000
67.265648,-15.781,-114.653961,0.001209,10.289,-2.435,-2.334,0.000000
67.498489,-16.257,-116.595078,0.001277,10.282,-2.381,-2.280,0.000000
67.732147,-17.098,-121.424103,0.001407,10.275,-2.327,-2.226,0.000000
67.966606,-18.050,-126.987488,0.001571,10.268,-2.272,-2.171,0.000000
68.201881,-18.825,-130.984314,0.001717,10.260,-2.217,-2.116,0.000000
68.437973,-19.775,-128.768188,0.001915,10.253,-2.162,-2.061,0.000000
68.674881,-20.427,-132.270630,0.002065,10.246,-2.107,-2.006,0.000000
68.912605,-21.294,-137.573944,0.002282,10.239,-2.052,-1.951,0.000000
69.151154,-23.016,-140.370773,0.002782,10.231,-1.996,-1.895,0.000000
69.390495,-23.728,-139.823639,0.003020,10.224,-1.940,-1.840,0.000000
69.630730,-23.872,-146.610458,0.003070,10.217,-1.884,-1.784,0.000000
69.871735,-24.130,-152.117157,0.003163,10.209,-1.828,-1.728,0.000000
70.113640,-24.175,-138.086868,0.003179,10.202,-1.772,-1.672,0.000000
70.356308,-23.783,-112.782715,0.003038,10.194,-1.716,-1.615,0.000000
70.599854,-23.764,-142.852844,0.003032,10.187,-1.659,-1.558,0.000000
70.844246,-23.872,-109.547264,0.003070,10.179,-1.602,-1.502,0.000000
71.089478,-24.172,-90.488075,0.003178,10.172,-1.545,-1.445,0.000000
71.335564,-24.639,-46.088688,0.003353,10.164,-1.487,-1.387,0.000000
71.582504,-25.175,-38.877811,0.003566,10.157,-1.430,-1.330,0.000000
71.830292,-25.881,-45.739399,0.003867,10.149,-1.372,-1.272,0.000000
72.078941,-26.602,-54.838543,0.004201,10.142,-1.314,-1.214,0.000000
72.328453,-26.373,-30.556963,0.004091,10.134,-1.256,-1.156,0.000000
72.578827,-27.100,32.371227,0.004448,10.126,-1.198,-1.098,0.000000
72.830063,-28.123,-5.433702,0.005003,10.119,-1.139,-1.040,0.000000
73.082176,-29.112,-15.788630,0.005605,10.111,-1.081,-0.981,0.000000
73.335159,-28.819,-6.594578,0.005418,10.103,-1.022,-0.922,0.000000
73.588982,-28.757,-9.803128,0.005379,10.095,-0.963,-0.863,0.000000
73.843719,-28.350,3.944794,0.005132,10.088,-0.903,-0.804,0.000000
74.099335,-27.187,2.695167,0.004488,10.080,-0.844,-0.744,0.000000
74.355843,-26.312,-12.950994,0.004057,10.072,-0.784,-0.685,0.000000
74.613228,-26.450,-28.093195,0.004121,10.064,-0.724,-0.625,0.000000
74.871513,-25.952,-27.181223,0.003892,10.056,-0.664,-0.565,0.000000
75.130692,-25.593,-27.034979,0.003734,10.048,-0.604,-0.504,0.000000
75.390762,-25.301,-22.011696,0.003611,10.040,-0.543,-0.444,0.000000
75.651733,-25.023,-23.125774,0.003497,10.032,-0.482,-0.383,0.000000
75.913612,-24.217,-16.838240,0.003187,10.024,-0.421,-0.322,0.000000
76.176399,-23.885,-20.876093,0.003067,10.016,-0.360,-0.261,0.000000
76.440094,-24.159,-28.578695,0.003166,10.008,-0.299,-0.200,0.000000
76.704697,-24.648,-32.251297,0.003348,10.000,-0.237,-0.138,0.000000
76.970184,-24.828,-31.280247,0.003418,9.992,-0.175,-0.076,0.000000
77.236664,-24.512,-38.068348,0.003295,9.984,-0.113,-0.015,0.000000
77.503990,-24.007,-36.694271,0.003109,9.976,-0.051,0.048,0.000000
77.772278,-24.397,-37.196636,0.003251,9.967,0.011,0.110,0.000000
78.041496,-24.406,-35.608318,0.003254,9.959,0.074,0.173,0.000000
78.311646,-24.312,-44.502037,0.003218,9.951,0.137,0.236,0.000000
78.582733,-24.028,-49.257313,0.003114,9.943,0.200,0.299,0.000000
78.854752,-23.690,-46.086491,0.002995,9.934,0.264,0.362,0.000000
79.127716,-23.448,-47.634407,0.002912,9.926,0.327,0.425,0.000000
79.401627,-23.513,-47.650600,0.002933,9.918,0.391,0.489,0.000000
79.676483,-23.543,-53.830803,0.002943,9.909,0.455,0.553,0.000000
79.952293,-24.149,-61.906307,0.003155,9.901,0.519,0.617,0.000000
80.229057,-24.001,-62.318794,0.003101,9.892,0.584,0.682,0.000000
80.506744,-24.349,-65.790642,0.003227,9.884,0.648,0.746,0.000000
80.785469,-24.743,-60.792061,0.003376,9.875,0.713,0.811,0.000000
81.065079,-24.925,-61.870556,0.003447,9.867,0.778,0.876,0.000000
81.345734,-25.071,-63.753883,0.003505,9.858,0.844,0.941,0.000000
81.627281,-25.288,-59.118076,0.003593,9.850,0.909,1.007,0.000000
81.909843,-25.115,-66.158310,0.003522,9.841,0.975,1.073,0.000000
82.193382,-25.674,-59.304649,0.003756,9.832,1.041,1.139,0.000000
82.477905,-25.476,-56.220371,0.003672,9.823,1.107,1.205,0.000000
82.763412,-24.696,-61.168480,0.003356,9.815,1.174,1.271,0.000000
83.049904,-24.625,-67.949028,0.003329,9.806,1.240,1.338,0.000000
83.337395,-24.953,-75.590851,0.003457,9.797,1.307,1.405,0.000000
83.625877,-25.744,-76.682800,0.003786,9.788,1.375,1.472,0.000000
83.915352,-25.836,-79.758461,0.003826,9.779,1.442,1.539,0.000000
84.205795,-25.591,-91.488159,0.003719,9.771,1.510,1.607,0.000000
84.497330,-26.033,-87.101593,0.003913,9.762,1.577,1.675,0.000000
84.789780,-25.651,-95.883804,0.003744,9.753,1.646,1.743,0.000000
85.083336,-25.947,-109.323212,0.003873,9.744,1.714,1.811,0.000000
85.377815,-26.549,-119.191154,0.004150,9.735,1.783,1.879,0.000000
85.673363,-26.601,-111.744896,0.004174,9.726,1.851,1.948,0.000000
85.969933,-26.795,-103.752167,0.004269,9.717,1.920,2.017,0.000000
86.267525,-27.018,-97.060295,0.004379,9.708,1.990,2.086,0.000000
86.566154,-28.145,-110.389816,0.004986,9.698,2.059,2.156,0.000000
86.865814,-28.895,-114.224052,0.005436,9.689,2.129,2.226,0.000000
87.166504,-28.890,-112.245102,0.005433,9.680,2.199,2.296,0.000000
87.468246,-28.407,-114.594673,0.005139,9.671,2.269,2.366,0.000000
87.771027,-28.710,-108.355331,0.005321,9.662,2.340,2.436,0.000000
88.074852,-28.240,-81.398384,0.005041,9.652,2.411,2.507,0.000000
88.379738,-27.634,-25.061138,0.004702,9.643,2.482,2.578,0.000000
88.685677,-27.042,8.023579,0.004392,9.634,2.553,2.649,0.000000
88.992668,-25.569,-3.656569,0.003706,9.624,2.624,2.720,0.000000
89.300682,-25.370,-8.250974,0.003623,9.615,2.696,2.792,0.000000
89.609810,-25.751,-18.223776,0.003785,9.605,2.768,2.864,0.000000
89.920006,-25.395,-8.913736,0.003633,9.596,2.840,2.936,0.000000
90.231270,-25.994,8.468798,0.003894,9.586,2.913,3.008,0.000000
90.543617,-26.330,15.965547,0.004048,9.577,2.985,3.081,0.000000
90.857048,-26.817,4.269998,0.004282,9.567,3.058,3.154,0.000000
91.171562,-27.150,-20.880903,0.004450,9.557,3.132,3.227,0.000000
91.487160,-27.881,-34.029396,0.004842,9.548,3.205,3.301,0.000000
91.803856,-29.022,-55.499611,0.005522,9.538,3.279,3.374,0.000000
92.121643,-28.936,-78.576157,0.005468,9.528,3.353,3.448,0.000000
92.440536,-27.549,-97.450432,0.004661,9.519,3.427,3.522,0.000000
92.760529,-28.139,-97.926109,0.004989,9.509,3.502,3.597,0.000000
93.081627,-27.720,-89.828629,0.004754,9.499,3.576,3.672,0.000000
93.403793,-27.454,-85.357651,0.004610,9.489,3.651,3.747,0.000000
93.727173,-27.332,-95.752312,0.004546,9.479,3.727,3.822,0.000000
94.051575,-27.809,-94.159271,0.004803,9.469,3.802,3.897,0.000000
94.377190,-27.860,-99.252045,0.004832,9.459,3.878,3.973,0.000000
94.703842,-28.095,-91.616203,0.004966,9.449,3.954,4.049,0.000000
95.031670,-28.483,-74.619942,0.005193,9.439,4.031,4.125,0.000000
95.360634,-29.142,-67.893272,0.005603,9.429,4.107,4.202,0.000000
95.690735,-28.831,-84.469025,0.005407,9.419,4.184,4.279,0.000000
96.021980,-28.327,-118.797424,0.005103,9.409,4.261,4.356,0.000000
96.354370,-28.514,-133.000366,0.005215,9.399,4.339,4.433,0.000000
96.687912,-28.691,-140.094040,0.005322,9.389,4.416,4.511,0.000000
97.022606,-28.296,-153.753662,0.005086,9.378,4.494,4.588,0.000000
97.358459,-27.948,-146.355804,0.004885,9.368,4.572,4.667,0.000000
97.695435,-28.097,-139.711243,0.004970,9.358,4.651,4.745,0.000000
98.033661,-28.102,-147.668259,0.004973,9.347,4.730,4.824,0.000000
98.372971,-28.177,-155.846893,0.005016,9.337,4.809,4.903,0.000000
98.713547,-28.021,-159.173401,0.004928,9.327,4.888,4.982,0.000000
99.055214,-28.450,-154.560699,0.005178,9.316,4.968,5.061,0.000000
99.398102,-28.545,-156.206787,0.005236,9.306,5.047,5.141,0.000000
99.742180,-28.643,-173.136368,0.005296,9.295,5.127,5.221,0.000000
100.087448,-28.534,-170.882004,0.005231,9.285,5.208,5.301,0.000000
100.433914,-28.297,-173.918274,0.005091,9.274,5.289,5.382,0.000000
100.781578,-27.761,178.295853,0.004787,9.263,5.370,5.463,0.000000
101.130447,-28.343,168.883301,0.005120,9.253,5.451,5.544,0.000000
101.480522,-28.268,154.610596,0.005076,9.242,5.532,5.625,0.000000
101.831802,-28.079,156.197220,0.004969,9.231,5.614,5.707,0.000000
102.184258,-28.097,154.153290,0.004979,9.220,5.696,5.789,0.000000
102.538033,-27.703,154.867218,0.004759,9.210,5.779,5.871,0.000000
102.892975,-27.613,163.640610,0.004712,9.199,5.861,5.954,0.000000
103.249153,-27.580,167.883453,0.004694,9.188,5.944,6.037,0.000000
103.606514,-27.815,156.541885,0.004823,9.177,6.027,6.120,0.000000
103.965157,-27.078,146.915497,0.004430,9.166,6.111,6.203,0.000000
104.325050,-26.896,144.306091,0.004338,9.155,6.195,6.287,0.000000
104.686180,-26.486,142.993210,0.004139,9.144,6.279,6.371,0.000000
105.048561,-26.568,146.291565,0.004178,9.133,6.363,6.455,0.000000
105.412201,-27.155,140.837280,0.004470,9.122,6.448,6.540,0.000000
105.777100,-27.273,129.747482,0.004531,9.111,6.533,6.625,0.000000
106.143257,-26.518,116.211357,0.004155,9.099,6.618,6.710,0.000000
106.510689,-25.969,115.319855,0.003901,9.088,6.704,6.796,0.000000
106.879387,-25.839,110.087570,0.003844,9.077,6.789,6.881,0.000000
107.249359,-26.227,108.537033,0.004020,9.065,6.876,6.967,0.000000
107.620613,-26.212,108.140854,0.004014,9.054,6.962,7.054,0.000000
107.993156,-26.040,105.199890,0.003936,9.043,7.049,7.141,0.000000
108.366936,-26.104,101.327103,0.003966,9.031,7.136,7.227,0.000000
108.742065,-26.319,96.906105,0.004066,9.020,7.223,7.315,0.000000
109.118484,-26.083,98.767838,0.003957,9.008,7.311,7.402,0.000000
109.496208,-26.117,97.142059,0.003974,8.997,7.399,7.490,0.000000
109.875244,-26.538,91.756531,0.004172,8.985,7.487,7.578,0.000000
110.255592,-26.766,93.027382,0.004283,8.973,7.576,7.667,0.000000
110.637253,-27.057,92.932632,0.004430,8.962,7.665,7.756,0.000000
111.020241,-26.984,92.540939,0.004392,8.950,7.754,7.845,0.000000
111.404549,-27.204,92.937355,0.004505,8.938,7.843,7.934,0.000000
111.790184,-27.024,91.534920,0.004413,8.927,7.933,8.024,0.000000
112.177162,-26.152,90.153145,0.003991,8.915,8.023,8.114,0.000000
112.565475,-25.770,85.675819,0.003820,8.903,8.114,8.204,0.000000
112.955132,-25.762,83.413521,0.003816,8.891,8.204,8.295,0.000000
113.346085,-25.231,77.775002,0.003590,8.879,8.295,8.386,0.000000
113.738503,-24.789,77.529533,0.003413,8.867,8.387,8.477,0.000000
114.132164,-24.078,71.088455,0.003145,8.855,8.478,8.569,0.000000
114.527306,-23.791,69.978111,0.003043,8.843,8.570,8.661,0.000000
114.923698,-23.296,66.811958,0.002875,8.831,8.663,8.753,0.000000
115.321518,-23.021,62.977554,0.002786,8.818,8.755,8.845,0.000000
115.720718,-22.941,60.983875,0.002761,8.806,8.848,8.938,0.000000
116.121300,-22.901,60.105465,0.002749,8.794,8.942,9.031,0.000000
116.523270,-22.422,56.296452,0.002602,8.782,9.035,9.125,0.000000
116.926628,-22.389,54.529602,0.002592,8.769,9.129,9.219,0.000000
117.331383,-22.388,49.539703,0.002592,8.757,9.223,9.313,0.000000
117.737541,-22.487,49.111694,0.002623,8.745,9.318,9.407,0.000000
118.145103,-22.400,41.443718,0.002597,8.732,9.413,9.502,0.000000
118.554016,-22.958,36.136063,0.002770,8.720,9.508,9.597,0.000000
118.964462,-22.922,30.570700,0.002758,8.707,9.604,9.693,0.000000
119.376213,-23.010,24.074242,0.002786,8.694,9.700,9.789,0.000000
119.789505,-22.838,18.599298,0.002732,8.682,9.796,9.885,0.000000
120.204117,-23.254,15.790938,0.002866,8.669,9.892,9.981,0.000000
120.620216,-23.502,11.604487,0.002949,8.656,9.989,10.078,0.000000
121.037758,-23.708,6.910995,0.003019,8.644,10.087,10.175,0.000000
121.456741,-24.118,1.351548,0.003166,8.631,10.184,10.273,0.000000
121.877174,-24.613,-0.724394,0.003352,8.618,10.282,10.370,0.000000
122.299072,-24.480,-7.669565,0.003302,8.605,10.380,10.469,0.000000
122.722420,-24.727,-10.853647,0.003398,8.592,10.479,10.567,0.000000
123.147240,-25.509,-10.662642,0.003718,8.579,10.578,10.666,0.000000
123.573532,-26.148,-11.426556,0.004003,8.566,10.677,10.765,0.000000
124.001297,-26.760,-10.200477,0.004296,8.553,10.777,10.865,0.000000
124.430542,-27.629,-8.763483,0.004747,8.540,10.877,10.964,0.000000
124.861267,-28.021,-13.296252,0.004967,8.527,10.977,11.065,0.000000
125.293488,-27.907,-5.342764,0.004902,8.522,11.024,11.112,0.000000
125.727150,-27.745,-5.289504,0.004811,8.520,11.047,11.135,0.000000
126.162369,-27.029,0.268967,0.004431,8.519,11.070,11.157,0.000000
126.599091,-27.316,6.133889,0.004580,8.518,11.092,11.180,0.000000
127.037331,-27.271,5.864042,0.004556,8.517,11.115,11.203,0.000000
127.477089,-27.501,3.677451,0.004678,8.516,11.138,11.226,0.000000
127.918365,-27.040,2.607532,0.004436,8.514,11.161,11.249,0.000000
128.361160,-26.929,6.664258,0.004380,8.513,11.184,11.272,0.000000
128.805511,-27.029,5.302564,0.004431,8.512,11.207,11.295,0.000000
129.251373,-27.371,4.228326,0.004609,8.511,11.230,11.318,0.000000
129.698792,-27.690,3.687999,0.004781,8.510,11.254,11.341,0.000000
130.147766,-28.592,2.882781,0.005304,8.508,11.277,11.365,0.000000
130.598282,-28.230,-2.352173,0.005088,8.507,11.300,11.388,0.000000
131.050369,-28.827,-4.020630,0.005450,8.506,11.324,11.411,0.000000
131.503952,-29.179,-7.999490,0.005675,8.505,11.347,11.435,0.000000
131.959229,-29.083,-15.040105,0.005612,8.504,11.371,11.459,0.000000
132.415955,-29.101,-24.339155,0.005624,8.502,11.395,11.483,0.000000
132.874329,-29.036,-28.151119,0.005583,8.501,11.419,11.506,0.000000
133.334290,-29.255,-29.478811,0.005725,8.500,11.443,11.530,0.000000
133.795853,-29.144,-35.728325,0.005652,8.499,11.467,11.554,0.000000
134.259003,-29.589,-32.470600,0.005949,8.497,11.491,11.578,0.000000
134.723755,-29.569,-40.090889,0.005936,8.496,11.515,11.603,0.000000
135.190109,-29.184,-42.953846,0.005678,8.495,11.539,11.627,0.000000
135.658081,-29.064,-42.241501,0.005601,8.494,11.564,11.651,0.000000
136.127686,-29.893,-39.152458,0.006161,8.492,11.588,11.676,0.000000
136.598907,-29.563,-33.621880,0.005932,8.491,11.612,11.700,0.000000
137.071762,-29.509,-20.810394,0.005897,8.490,11.637,11.725,0.000000
137.546249,-29.782,50.474117,0.006086,8.489,11.662,11.749,0.000000
138.022385,-29.859,-39.201801,0.006141,8.487,11.687,11.774,0.000000
138.500092,-30.182,154.843750,0.006375,8.486,11.711,11.799,0.000000
138.979599,-30.400,140.543625,0.006539,8.485,11.736,11.824,0.000000
139.460617,-30.030,125.584686,0.006266,8.483,11.761,11.849,0.000000
139.943375,-29.513,136.865860,0.005905,8.482,11.786,11.874,0.000000
140.427811,-28.896,134.143204,0.005500,8.481,11.812,11.899,0.000000
140.913925,-28.651,139.018753,0.005347,8.480,11.837,11.924,0.000000
141.401703,-28.497,135.979080,0.005253,8.478,11.862,11.950,0.000000
141.891190,-27.696,130.527679,0.004790,8.477,11.888,11.975,0.000000
142.382355,-27.056,127.225693,0.004450,8.476,11.913,12.001,0.000000
142.875229,-25.568,125.903130,0.003749,8.474,11.939,12.026,0.000000
143.369812,-24.452,124.089638,0.003297,8.473,11.965,12.052,0.000000
143.866104,-23.486,118.152664,0.002950,8.472,11.990,12.078,0.000000
144.364120,-22.973,110.860054,0.002781,8.470,12.016,12.104,0.000000
144.863785,-22.231,102.745911,0.002553,8.469,12.042,12.130,0.000000
145.365311,-21.104,96.926254,0.002243,8.468,12.068,12.156,0.000000
145.868439,-20.288,89.133980,0.002042,8.466,12.095,12.182,0.000000
146.373383,-19.620,82.176476,0.001891,8.465,12.121,12.208,0.000000
146.880066,-18.982,75.697693,0.001757,8.464,12.147,12.235,0.000000
147.388504,-18.900,68.624069,0.001741,8.462,12.174,12.261,0.000000
147.898712,-18.563,62.135777,0.001675,8.461,12.200,12.288,0.000000
148.410675,-18.085,57.763790,0.001585,8.459,12.227,12.314,0.000000
148.924423,-17.788,51.499702,0.001532,8.458,12.254,12.341,0.000000
149.439941,-17.641,44.881119,0.001507,8.457,12.280,12.368,0.000000
149.957245,-17.696,40.236038,0.001517,8.455,12.307,12.395,0.000000
150.476334,-17.610,35.096706,0.001502,8.454,12.334,12.422,0.000000
150.997238,-17.743,30.346987,0.001525,8.452,12.361,12.449,0.000000
151.519852,-18.005,25.466486,0.001573,8.451,12.389,12.476,0.000000
152.044434,-17.966,21.142561,0.001566,8.450,12.416,12.503,0.000000
152.570679,-18.212,15.247121,0.001611,8.448,12.443,12.531,0.000000
153.098892,-18.506,12.689179,0.001667,8.447,12.471,12.558,0.000000
153.628784,-18.851,12.122472,0.001735,8.445,12.498,12.586,0.000000
154.160660,-19.334,11.870152,0.001835,8.444,12.526,12.613,0.000000
154.694229,-19.708,11.304314,0.001916,8.443,12.554,12.641,0.000000
155.229797,-19.904,11.936355,0.001961,8.441,12.582,12.669,0.000000
155.767075,-19.977,12.501605,0.001978,8.440,12.609,12.697,0.000000
156.306274,-19.783,12.417006,0.001935,8.438,12.638,12.725,0.000000
156.847351,-19.766,13.432363,0.001932,8.437,12.666,12.753,0.000000
157.390305,-19.492,13.246950,0.001872,8.435,12.694,12.781,0.000000
157.935120,-18.784,13.235595,0.001726,8.434,12.722,12.809,0.000000
158.481750,-17.966,13.064566,0.001571,8.432,12.751,12.838,0.000000
159.030441,-17.170,10.074697,0.001434,8.431,12.779,12.866,0.000000
159.580856,-16.242,7.496854,0.001289,8.429,12.808,12.895,0.000000
160.133347,-15.500,2.799245,0.001183,8.428,12.837,12.924,0.000000
160.687592,-15.090,-1.750575,0.001129,8.426,12.865,12.953,0.000000
161.243912,-14.563,-7.011316,0.001063,8.425,12.894,12.982,0.000000
161.801987,-14.296,-12.892074,0.001031,8.423,12.923,13.011,0.000000
162.362167,-14.047,-18.245705,0.001002,8.422,12.953,13.040,0.000000
162.924133,-14.021,-23.551344,0.001000,8.420,12.982,13.069,0.000000
163.488113,-14.068,-28.828569,0.001005,8.419,13.011,13.098,0.000000
164.054047,-14.202,-33.664940,0.001021,8.417,13.041,13.128,0.000000
164.621933,-14.387,-39.300884,0.001044,8.416,13.070,13.157,0.000000
165.191788,-14.465,-43.878635,0.001053,8.414,13.100,13.187,0.000000
165.763535,-14.715,-49.029095,0.001084,8.413,13.129,13.217,0.000000
166.337433,-14.991,-53.108990,0.001119,8.411,13.159,13.246,0.000000
166.913147,-15.197,-57.450169,0.001146,8.410,13.189,13.276,0.000000
167.491013,-15.433,-62.861179,0.001178,8.408,13.219,13.306,0.000000
168.070801,-15.632,-67.695671,0.001206,8.407,13.249,13.337,0.000000
168.652603,-15.933,-72.505623,0.001248,8.405,13.280,13.367,0.000000
169.236328,-16.271,-76.256691,0.001298,8.404,13.310,13.397,0.000000
169.822250,-16.577,-79.403732,0.001345,8.402,13.341,13.428,0.000000
170.410019,-17.026,-82.993019,0.001416,8.400,13.371,13.458,0.000000
170.999924,-17.377,-84.225716,0.001475,8.399,13.402,13.489,0.000000
171.591858,-17.840,-86.773430,0.001556,8.397,13.433,13.520,0.000000
172.185837,-18.174,-89.665520,0.001618,8.396,13.463,13.551,0.000000
172.781876,-18.488,-92.649467,0.001678,8.394,13.494,13.581,0.000000
173.379990,-18.730,-94.799225,0.001726,8.392,13.526,13.613,0.000000
173.980164,-19.048,-96.324242,0.001791,8.391,13.557,13.644,0.000000
174.582336,-19.509,-100.085037,0.001889,8.389,13.588,13.675,0.000000
175.186752,-19.865,-102.457748,0.001969,8.388,13.620,13.707,0.000000
175.793182,-19.995,-104.887146,0.001999,8.386,13.651,13.738,0.000000
176.401703,-20.106,-107.747124,0.002025,8.384,13.683,13.770,0.000000
177.012253,-20.388,-109.550034,0.002092,8.383,13.715,13.801,0.000000
177.625092,-20.535,-112.409431,0.002128,8.381,13.746,13.833,0.000000
178.239883,-20.857,-114.166954,0.002209,8.379,13.778,13.865,0.000000
178.856964,-21.232,-117.074020,0.002307,8.378,13.810,13.897,0.000000
179.476013,-21.348,-120.340248,0.002338,8.376,13.843,13.930,0.000000
180.097290,-21.304,-123.759079,0.002327,8.374,13.875,13.962,0.000000
180.720718,-21.479,-125.145164,0.002374,8.373,13.907,13.994,0.000000
181.346298,-21.758,-129.385132,0.002451,8.371,13.940,14.027,0.000000
181.974045,-21.865,-131.520126,0.002482,8.369,13.973,14.059,0.000000
182.603882,-21.771,-133.416519,0.002455,8.368,14.005,14.092,0.000000
183.236084,-21.934,-136.463730,0.002502,8.366,14.038,14.125,0.000000
183.870377,-22.238,-139.494202,0.002591,8.364,14.071,14.158,0.000000
184.506866,-22.091,-141.564270,0.002548,8.363,14.104,14.191,0.000000
185.145462,-22.171,-143.439407,0.002572,8.361,14.138,14.224,0.000000
185.786453,-22.365,-146.172150,0.002630,8.359,14.171,14.258,0.000000
186.429489,-22.342,-150.444687,0.002624,8.357,14.204,14.291,0.000000
187.074921,-22.385,-153.214706,0.002637,8.356,14.238,14.325,0.000000
187.722412,-22.161,-157.407806,0.002571,8.354,14.272,14.358,0.000000
188.372238,-21.955,-162.206436,0.002511,8.352,14.305,14.392,0.000000
189.024307,-21.736,-165.504013,0.002448,8.350,14.339,14.426,0.000000
189.678650,-21.266,-169.101303,0.002319,8.349,14.373,14.460,0.000000
190.335236,-20.934,-172.882065,0.002232,8.347,14.408,14.494,0.000000
190.994110,-20.576,-175.561142,0.002142,8.345,14.442,14.529,0.000000
191.655258,-20.333,-178.731079,0.002083,8.343,14.476,14.563,0.000000
192.318695,-19.999,177.544083,0.002004,8.342,14.511,14.597,0.000000
192.984421,-19.776,175.048889,0.001954,8.340,14.545,14.632,0.000000
193.652374,-19.499,171.945923,0.001893,8.338,14.580,14.667,0.000000
194.322815,-19.240,167.194366,0.001838,8.336,14.615,14.702,0.000000
194.995392,-18.984,162.730057,0.001785,8.334,14.650,14.737,0.000000
195.670486,-18.785,156.778976,0.001744,8.333,14.685,14.772,0.000000
196.347733,-18.706,152.499771,0.001729,8.331,14.720,14.807,0.000000
197.027405,-18.388,146.252060,0.001667,8.329,14.756,14.842,0.000000
197.709442,-18.132,141.344330,0.001619,8.327,14.791,14.878,0.000000
198.393829,-17.761,136.634033,0.001551,8.325,14.827,14.913,0.000000
199.080597,-17.457,130.430969,0.001497,8.323,14.862,14.949,0.000000
199.769745,-17.209,125.663361,0.001455,8.322,14.898,14.985,0.000000
200.461258,-17.114,119.688911,0.001440,8.320,14.934,15.021,0.000000
201.155182,-16.895,114.360909,0.001404,8.318,14.970,15.057,0.000000
201.851501,-16.711,109.799332,0.001374,8.316,15.007,15.093,0.000000
202.550232,-16.552,104.607681,0.001349,8.314,15.043,15.129,0.000000
203.251389,-16.402,98.376129,0.001326,8.312,15.079,15.166,0.000000
203.954865,-16.300,92.464592,0.001311,8.310,15.116,15.202,0.000000
204.660980,-16.434,86.799973,0.001331,8.308,15.153,15.239,0.000000
205.369339,-16.402,82.074905,0.001326,8.306,15.189,15.276,0.000000
206.080246,-16.433,77.680313,0.001331,8.305,15.226,15.313,0.000000
206.793625,-16.459,72.868927,0.001335,8.303,15.264,15.350,0.000000
207.509567,-16.578,67.240822,0.001354,8.301,15.301,15.387,0.000000
208.227783,-16.675,63.104519,0.001369,8.299,15.338,15.425,0.000000
208.948685,-17.059,59.706345,0.001431,8.297,15.376,15.462,0.000000
209.671890,-17.303,56.612793,0.001472,8.295,15.413,15.500,0.000000
210.397690,-17.764,53.443245,0.001553,8.293,15.451,15.537,0.000000
211.126007,-18.189,50.809475,0.001631,8.291,15.489,15.575,0.000000
211.856842,-18.685,49.560940,0.001727,8.289,15.527,15.613,0.000000
212.590210,-19.045,47.569996,0.001800,8.287,15.565,15.651,0.000000
213.326019,-19.436,47.224617,0.001883,8.285,15.603,15.690,0.000000
214.064575,-19.725,47.681221,0.001947,8.283,15.642,15.728,0.000000
214.805481,-19.879,47.690517,0.001981,8.281,15.680,15.767,0.000000
215.549057,-19.817,47.060291,0.001967,8.279,15.719,15.805,0.000000
216.295197,-19.545,47.233002,0.001907,8.277,15.758,15.844,0.000000
217.044037,-19.096,45.875309,0.001811,8.275,15.797,15.883,0.000000
217.795258,-18.799,46.510689,0.001750,8.273,15.836,15.922,0.000000
218.549286,-18.492,44.832298,0.001689,8.271,15.875,15.961,0.000000
219.305710,-18.136,42.281807,0.001621,8.269,15.914,16.001,0.000000
220.064865,-17.890,39.139950,0.001576,8.267,15.954,16.040,0.000000
220.826645,-17.781,35.069244,0.001556,8.265,15.993,16.080,0.000000
221.591064,-17.586,31.870495,0.001522,8.263,16.033,16.120,0.000000
222.358124,-17.731,26.936340,0.001548,8.261,16.073,16.159,0.000000
223.127731,-17.769,22.985289,0.001555,8.259,16.113,16.199,0.000000
223.900223,-18.003,17.907068,0.001597,8.257,16.153,16.240,0.000000
224.675171,-18.044,14.086072,0.001605,8.255,16.194,16.280,0.000000
225.453018,-18.465,9.621655,0.001685,8.253,16.234,16.320,0.000000
226.233337,-18.848,8.597541,0.001762,8.250,16.275,16.361,0.000000
227.016586,-19.483,5.881108,0.001896,8.248,16.315,16.402,0.000000
227.802322,-19.695,5.855177,0.001943,8.246,16.356,16.443,0.000000
228.590988,-20.094,5.613272,0.002035,8.244,16.397,16.484,0.000000
229.382187,-20.218,5.492873,0.002064,8.242,16.438,16.525,0.000000
230.176208,-20.586,4.255728,0.002154,8.240,16.480,16.566,0.000000
230.972992,-20.609,5.233292,0.002160,8.238,16.521,16.607,0.000000
231.772537,-20.839,4.855898,0.002218,8.236,16.563,16.649,0.000000
232.574844,-20.734,4.854785,0.002192,8.233,16.605,16.691,0.000000
233.379822,-20.648,3.018993,0.002171,8.231,16.646,16.733,0.000000
234.187805,-20.571,2.458143,0.002152,8.229,16.688,16.775,0.000000
234.998352,-20.752,1.751896,0.002198,8.227,16.731,16.817,0.000000
235.811935,-20.823,-0.122294,0.002216,8.225,16.773,16.859,0.000000
236.628113,-21.036,-1.124979,0.002271,8.223,16.815,16.901,0.000000
237.447342,-21.043,-2.878989,0.002274,8.220,16.858,16.944,0.000000
238.269180,-21.305,-4.334262,0.002344,8.218,16.901,16.987,0.000000
239.094101,-21.192,-4.370637,0.002314,8.216,16.944,17.030,0.000000
239.921631,-21.441,-5.064147,0.002381,8.214,16.987,17.073,0.000000
240.752151,-21.525,-4.226794,0.002405,8.211,17.030,17.116,0.000000
241.585541,-21.571,-4.512866,0.002418,8.209,17.073,17.159,0.000000
242.421814,-21.754,-5.907621,0.002470,8.207,17.117,17.203,0.000000
243.260986,-21.828,-6.161969,0.002491,8.205,17.160,17.246,0.000000
244.102951,-21.919,-5.132194,0.002518,8.202,17.204,17.290,0.000000
244.948059,-22.100,-4.771900,0.002571,8.200,17.248,17.334,0.000000
245.795975,-22.122,-4.822598,0.002577,8.198,17.292,17.378,0.000000
246.646820,-22.210,-4.290523,0.002603,8.196,17.336,17.422,0.000000
247.500626,-22.160,-3.598439,0.002588,8.193,17.381,17.467,0.000000
248.357376,-22.115,-3.539542,0.002575,8.191,17.425,17.511,0.000000
249.216980,-22.081,-3.609420,0.002566,8.189,17.470,17.556,0.000000
250.079788,-21.580,-2.691703,0.002422,8.187,17.508,17.594,0.000000
250.945343,-21.443,-3.543180,0.002385,8.186,17.481,17.566,0.000000
251.814026,-21.312,-2.653255,0.002349,8.186,17.453,17.539,0.000000
252.685715,-21.099,-1.591888,0.002293,8.186,17.426,17.511,0.000000
253.560410,-21.161,-1.565450,0.002310,8.186,17.398,17.483,0.000000
254.438141,-20.972,-4.189892,0.002260,8.186,17.370,17.455,0.000000
255.318909,-20.777,-6.898088,0.002210,8.186,17.342,17.426,0.000000
256.202728,-20.549,-9.448006,0.002154,8.186,17.314,17.398,0.000000
257.089600,-20.724,-10.885577,0.002198,8.185,17.286,17.370,0.000000
257.979553,-21.039,-13.469266,0.002279,8.185,17.258,17.341,0.000000
258.872559,-21.280,-14.900619,0.002344,8.185,17.229,17.313,0.000000
259.768677,-21.387,-16.373955,0.002373,8.185,17.201,17.284,0.000000
260.667786,-21.643,-20.256220,0.002445,8.185,17.172,17.255,0.000000
261.570251,-21.647,-21.503906,0.002446,8.185,17.144,17.226,0.000000
262.475555,-21.543,-22.887072,0.002418,8.184,17.115,17.197,0.000000
263.384277,-21.754,-22.433178,0.002477,8.184,17.086,17.168,0.000000
264.295898,-21.818,-20.938637,0.002496,8.184,17.057,17.139,0.000000
265.210785,-21.776,-21.427816,0.002485,8.184,17.028,17.110,0.000000
266.128845,-21.466,-21.526983,0.002398,8.184,16.999,17.080,0.000000
267.050201,-21.287,-23.702156,0.002349,8.184,16.970,17.051,0.000000
267.974518,-21.086,-24.393406,0.002296,8.183,16.940,17.021,0.000000
268.902130,-20.768,-25.347979,0.002214,8.183,16.911,16.991,0.000000
269.832977,-20.814,-27.037102,0.002226,8.183,16.881,16.961,0.000000
270.767029,-20.978,-28.880098,0.002269,8.183,16.852,16.932,0.000000
271.704315,-20.810,-31.348568,0.002226,8.183,16.822,16.902,0.000000
272.644714,-20.680,-34.581310,0.002193,8.183,16.792,16.871,0.000000
273.588654,-20.712,-37.035271,0.002202,8.182,16.762,16.841,0.000000
274.535583,-20.731,-40.568455,0.002207,8.182,16.732,16.811,0.000000
275.486053,-20.818,-44.013550,0.002229,8.182,16.702,16.780,0.000000
276.439545,-20.963,-48.370880,0.002267,8.182,16.671,16.750,0.000000
277.396454,-20.984,-53.100719,0.002273,8.182,16.641,16.719,0.000000
278.356689,-21.207,-57.363571,0.002333,8.181,16.611,16.688,0.000000
279.320404,-21.270,-62.334671,0.002350,8.181,16.580,16.658,0.000000
280.287170,-21.577,-68.006020,0.002434,8.181,16.549,16.627,0.000000
281.257416,-21.610,-74.173485,0.002444,8.181,16.518,16.596,0.000000
282.231018,-21.952,-79.965340,0.002542,8.181,16.488,16.564,0.000000
283.207977,-22.399,-85.864014,0.002676,8.181,16.457,16.533,0.000000
284.188354,-22.710,-93.029182,0.002774,8.180,16.425,16.502,0.000000
285.171967,-23.320,-101.531555,0.002975,8.180,16.394,16.470,0.000000
286.159271,-23.831,-110.443970,0.003156,8.180,16.363,16.439,0.000000
287.149689,-24.237,-120.325661,0.003306,8.180,16.331,16.407,0.000000
288.143829,-24.894,-132.484909,0.003566,8.180,16.300,16.375,0.000000
289.141144,-25.240,-146.160370,0.003711,8.180,16.268,16.343,0.000000
290.142029,-25.719,-161.709610,0.003922,8.179,16.236,16.311,0.000000
291.146393,-25.921,-179.620789,0.004014,8.179,16.204,16.279,0.000000
292.154358,-26.223,161.770035,0.004156,8.179,16.172,16.247,0.000000
293.165558,-26.108,143.397934,0.004101,8.179,16.140,16.214,0.000000
294.180389,-26.124,124.032494,0.004109,8.179,16.108,16.182,0.000000
295.198730,-25.903,105.283508,0.004006,8.178,16.076,16.149,0.000000
296.220581,-25.655,92.195076,0.003893,8.178,16.043,16.116,0.000000
297.246002,-25.454,79.707146,0.003804,8.178,16.011,16.083,0.000000
298.274933,-25.034,69.390572,0.003625,8.178,15.978,16.050,0.000000
299.307465,-24.584,59.860500,0.003441,8.178,15.945,16.017,0.000000
300.343414,-24.085,52.171291,0.003249,8.178,15.912,15.984,0.000000
301.383209,-23.586,46.989552,0.003068,8.177,15.879,15.951,0.000000
302.426361,-23.184,40.916294,0.002929,8.177,15.846,15.917,0.000000
303.473389,-22.569,35.273373,0.002729,8.177,15.813,15.884,0.000000
304.523743,-22.173,31.454586,0.002607,8.177,15.780,15.850,0.000000
305.578033,-21.757,25.689260,0.002485,8.177,15.746,15.817,0.000000
306.635681,-21.276,21.455124,0.002351,8.176,15.713,15.783,0.000000
307.697266,-20.925,18.046793,0.002257,8.176,15.679,15.749,0.000000
308.762268,-20.686,13.109676,0.002196,8.176,15.645,15.715,0.000000
309.831085,-20.514,8.649337,0.002152,8.176,15.611,15.680,0.000000
310.903595,-20.241,4.457932,0.002086,8.176,15.577,15.646,0.000000
311.979828,-20.053,1.251412,0.002040,8.175,15.543,15.611,0.000000
313.059784,-19.983,-2.273597,0.002024,8.175,15.509,15.577,0.000000
314.143311,-19.898,-6.932508,0.002004,8.175,15.474,15.542,0.000000
315.230927,-19.965,-10.514249,0.002019,8.175,15.440,15.507,0.000000
316.322113,-20.000,-14.344606,0.002027,8.175,15.405,15.472,0.000000
317.417114,-19.821,-17.710016,0.001985,8.174,15.370,15.437,0.000000
318.515747,-19.650,-21.279732,0.001946,8.174,15.335,15.402,0.000000
319.618469,-19.408,-24.664526,0.001892,8.174,15.300,15.367,0.000000
320.724701,-19.287,-29.290718,0.001866,8.174,15.265,15.331,0.000000
321.835083,-19.135,-33.101994,0.001834,8.174,15.230,15.296,0.000000
322.949005,-19.063,-37.077576,0.001818,8.173,15.195,15.260,0.000000
324.066925,-19.048,-41.940609,0.001815,8.173,15.159,15.224,0.000000
325.188721,-18.945,-47.174854,0.001794,8.173,15.124,15.188,0.000000
326.314392,-19.071,-52.283314,0.001820,8.173,15.088,15.152,0.000000
327.443970,-19.185,-56.588886,0.001844,8.173,15.052,15.116,0.000000
328.577301,-19.546,-61.804024,0.001922,8.172,15.016,15.080,0.000000
329.714874,-19.914,-64.577454,0.002005,8.172,14.980,15.043,0.000000
330.856232,-20.251,-67.889404,0.002084,8.172,14.944,15.007,0.000000
332.001526,-20.648,-69.499214,0.002181,8.172,14.907,14.970,0.000000
333.150635,-20.826,-71.349571,0.002226,8.172,14.871,14.933,0.000000
334.304016,-20.893,-74.130211,0.002242,8.171,14.834,14.896,0.000000
335.461090,-21.029,-76.798950,0.002278,8.171,14.797,14.859,0.000000
336.622498,-21.107,-80.696068,0.002298,8.171,14.761,14.822,0.000000
337.787598,-21.201,-84.697044,0.002323,8.171,14.724,14.785,0.000000
338.956879,-21.122,-89.253891,0.002302,8.171,14.686,14.747,0.000000
340.130219,-21.398,-94.588486,0.002377,8.170,14.649,14.710,0.000000
341.307617,-21.617,-100.625809,0.002437,8.170,14.612,14.672,0.000000
342.489105,-22.015,-107.769562,0.002551,8.170,14.574,14.634,0.000000
343.674652,-22.443,-113.624977,0.002680,8.170,14.537,14.596,0.000000
344.864319,-23.045,-118.308014,0.002872,8.169,14.499,14.558,0.000000
346.058105,-23.889,-120.490883,0.003164,8.169,14.461,14.520,0.000000
347.256042,-24.757,-123.198074,0.003496,8.169,14.423,14.482,0.000000
348.457947,-25.825,-128.455322,0.003953,8.169,14.385,14.443,0.000000
349.664337,-26.783,-131.953934,0.004413,8.169,14.346,14.404,0.000000
350.874573,-27.821,-129.875015,0.004973,8.168,14.308,14.366,0.000000
352.089325,-28.712,-127.175468,0.005509,8.168,14.269,14.327,0.000000
353.307953,-29.390,-123.527786,0.005957,8.168,14.231,14.288,0.000000
354.530975,-30.493,-117.079956,0.006763,8.168,14.192,14.249,0.000000
355.758240,-30.613,-108.665207,0.006858,8.168,14.153,14.209,0.000000
356.989716,-30.719,-103.276054,0.006942,8.167,14.114,14.170,0.000000
358.225494,-30.398,-96.047394,0.006690,8.167,14.075,14.130,0.000000
359.465515,-29.777,-89.461349,0.006229,8.167,14.035,14.090,0.000000
360.709869,-29.301,-85.869644,0.005897,8.167,13.996,14.051,0.000000
361.958496,-28.789,-87.423798,0.005559,8.166,13.956,14.011,0.000000
363.211456,-28.318,-90.817375,0.005266,8.166,13.916,13.970,0.000000
364.468750,-27.804,-91.098747,0.004963,8.166,13.876,13.930,0.000000
365.730408,-27.158,-94.119896,0.004607,8.166,13.836,13.890,0.000000
366.996246,-26.490,-95.331390,0.004266,8.165,13.796,13.849,0.000000
368.266815,-25.986,-96.479668,0.004026,8.165,13.756,13.809,0.000000
369.541443,-25.435,-97.291626,0.003778,8.165,13.715,13.768,0.000000
370.820648,-24.760,-100.295113,0.003496,8.165,13.675,13.727,0.000000
372.104309,-24.278,-102.573166,0.003307,8.165,13.634,13.686,0.000000
373.392395,-23.782,-104.511269,0.003123,8.164,13.593,13.644,0.000000
374.684937,-23.230,-106.672356,0.002931,8.164,13.552,13.603,0.000000
375.982117,-22.628,-109.425240,0.002735,8.164,13.511,13.561,0.000000
377.283447,-22.135,-114.152458,0.002584,8.164,13.469,13.520,0.000000
378.589447,-21.688,-119.741173,0.002454,8.163,13.428,13.478,0.000000
379.899994,-21.250,-125.619827,0.002334,8.163,13.386,13.436,0.000000
381.215057,-20.925,-132.624329,0.002248,8.163,13.345,13.394,0.000000
382.534668,-20.551,-138.875504,0.002153,8.163,13.303,13.352,0.000000
383.858673,-20.252,-145.171478,0.002080,8.162,13.261,13.309,0.000000
385.187622,-20.075,-151.430557,0.002038,8.162,13.219,13.267,0.000000
386.520813,-19.952,-156.915482,0.002010,8.162,13.176,13.224,0.000000
387.859009,-20.059,-162.519638,0.002035,8.162,13.134,13.181,0.000000
389.201416,-20.039,-167.336243,0.002030,8.161,13.091,13.138,0.000000
390.548889,-20.068,-172.481400,0.002037,8.161,13.048,13.095,0.000000
391.900635,-20.128,-177.407104,0.002051,8.161,13.005,13.052,0.000000
393.257416,-20.223,179.731583,0.002073,8.161,12.962,13.008,0.000000
394.618530,-20.230,177.307098,0.002075,8.160,12.919,12.964,0.000000
395.984558,-20.193,175.304230,0.002067,8.160,12.876,12.921,0.000000
397.355316,-20.064,172.617447,0.002037,8.160,12.832,12.877,0.000000
398.730804,-19.834,169.609406,0.001984,8.160,12.789,12.833,0.000000
400.111053,-19.499,166.875061,0.001909,8.159,12.745,12.789,0.000000
401.495880,-19.126,163.127853,0.001829,8.159,12.701,12.744,0.000000
402.885895,-18.779,160.527832,0.001758,8.159,12.657,12.700,0.000000
404.280365,-18.476,157.007828,0.001698,8.159,12.612,12.655,0.000000
405.679993,-18.127,152.908386,0.001631,8.158,12.568,12.610,0.000000
407.084106,-17.820,148.577377,0.001574,8.158,12.523,12.565,0.000000
408.493500,-17.509,143.864334,0.001519,8.158,12.479,12.520,0.000000
409.907349,-17.263,138.378021,0.001476,8.158,12.434,12.475,0.000000
411.326477,-17.131,133.642380,0.001454,8.157,12.389,12.429,0.000000
412.750122,-17.151,129.266006,0.001457,8.157,12.343,12.384,0.000000
414.178925,-17.180,124.376244,0.001463,8.157,12.298,12.338,0.000000
415.612640,-17.252,119.015663,0.001475,8.157,12.252,12.292,0.000000
417.051331,-17.372,114.953407,0.001496,8.156,12.207,12.246,0.000000
418.494995,-17.423,112.639687,0.001505,8.156,12.161,12.200,0.000000
419.943481,-17.484,109.748329,0.001516,8.156,12.115,12.153,0.000000
421.397369,-17.533,107.440407,0.001525,8.156,12.069,12.107,0.000000
422.855865,-17.567,105.566902,0.001531,8.155,12.023,12.060,0.000000
424.319855,-17.439,103.960213,0.001508,8.155,11.976,12.013,0.000000
425.788666,-17.236,102.887627,0.001473,8.155,11.929,11.966,0.000000
427.262604,-16.916,101.519066,0.001420,8.155,11.883,11.919,0.000000
428.741394,-16.648,99.483788,0.001377,8.154,11.836,11.871,0.000000
430.225739,-16.414,96.227364,0.001340,8.154,11.788,11.824,0.000000
431.714813,-16.280,93.030785,0.001320,8.154,11.741,11.776,0.000000
433.209259,-16.111,89.588127,0.001295,8.154,11.694,11.728,0.000000
434.708862,-15.986,86.029892,0.001276,8.153,11.646,11.680,0.000000
436.213654,-15.934,82.351624,0.001269,8.153,11.598,11.632,0.000000
437.723663,-16.052,78.297318,0.001287,8.153,11.550,11.584,0.000000
439.238892,-16.133,75.076309,0.001299,8.152,11.502,11.535,0.000000
440.759369,-16.317,72.269112,0.001327,8.152,11.454,11.487,0.000000
442.285095,-16.376,70.137405,0.001336,8.152,11.406,11.438,0.000000
443.816132,-16.432,68.261002,0.001345,8.152,11.357,11.389,0.000000
445.352448,-16.419,66.489288,0.001343,8.151,11.308,11.339,0.000000
446.894073,-16.325,64.809792,0.001328,8.151,11.259,11.290,0.000000
448.440857,-16.184,63.017887,0.001307,8.151,11.210,11.240,0.000000
449.993408,-15.950,60.987984,0.001272,8.150,11.161,11.191,0.000000
451.550873,-15.746,58.997574,0.001243,8.150,11.111,11.141,0.000000
453.114197,-15.501,55.680073,0.001208,8.150,11.062,11.091,0.000000
454.682495,-15.279,53.267921,0.001178,8.150,11.012,11.041,0.000000
456.256409,-15.117,50.558094,0.001156,8.149,10.962,10.990,0.000000
457.835815,-14.984,48.101677,0.001138,8.149,10.912,10.940,0.000000
459.420654,-14.778,45.217720,0.001112,8.149,10.862,10.889,0.000000
461.010986,-14.583,42.742500,0.001087,8.148,10.811,10.838,0.000000
462.606842,-14.307,40.330959,0.001053,8.148,10.760,10.787,0.000000
464.208221,-13.997,37.617523,0.001016,8.148,10.710,10.735,0.000000
465.815125,-13.708,34.580833,0.000982,8.148,10.658,10.684,0.000000
467.427582,-13.355,31.140800,0.000943,8.147,10.607,10.632,0.000000
469.045410,-13.025,26.167419,0.000908,8.147,10.556,10.580,0.000000
470.669312,-12.691,20.495903,0.000873,8.147,10.504,10.528,0.000000
472.298340,-12.481,14.023757,0.000852,8.146,10.453,10.476,0.000000
473.933502,-12.443,7.611423,0.000849,8.146,10.401,10.424,0.000000
475.573853,-12.554,0.890015,0.000859,8.146,10.349,10.371,0.000000
477.220093,-12.690,-5.556943,0.000873,8.146,10.296,10.319,0.000000
478.872040,-12.914,-11.588077,0.000895,8.145,10.244,10.266,0.000000
480.529724,-13.214,-17.079233,0.000927,8.145,10.191,10.213,0.000000
482.193146,-13.543,-21.871592,0.000962,8.145,10.138,10.159,0.000000
483.862305,-13.920,-25.867046,0.001005,8.144,10.085,10.106,0.000000
485.537262,-14.329,-29.662436,0.001053,8.144,10.032,10.052,0.000000
487.217987,-14.624,-33.690025,0.001089,8.144,9.979,9.998,0.000000
488.904541,-14.826,-37.657494,0.001115,8.143,9.925,9.944,0.000000
490.596710,-15.111,-41.834251,0.001152,8.143,9.872,9.890,0.000000
492.295197,-15.451,-46.486443,0.001197,8.143,9.818,9.836,0.000000
493.999115,-15.864,-51.646278,0.001255,8.143,9.764,9.781,0.000000
495.709381,-16.295,-56.304974,0.001319,8.142,9.709,9.726,0.000000
497.425110,-16.871,-60.715675,0.001409,8.142,9.655,9.671,0.000000
499.147003,-17.364,-64.931114,0.001492,8.142,9.600,9.616,0.000000
500.874847,-18.055,-68.030090,0.001615,8.141,9.557,9.573,0.000000
502.608917,-18.817,-71.960045,0.001762,8.141,9.527,9.542,0.000000
504.348541,-19.744,-75.020561,0.001960,8.141,9.495,9.511,0.000000
506.094391,-20.499,-77.228699,0.002138,8.141,9.464,9.480,0.000000
507.846283,-21.344,-77.147446,0.002356,8.141,9.433,9.449,0.000000
509.604279,-21.988,-77.923439,0.002537,8.141,9.402,9.418,0.000000
511.368317,-22.681,-77.731789,0.002746,8.141,9.370,9.386,0.000000
513.138489,-23.131,-79.003487,0.002891,8.141,9.339,9.355,0.000000
514.914795,-23.526,-80.285362,0.003025,8.141,9.307,9.323,0.000000
516.696960,-24.041,-81.352036,0.003209,8.141,9.275,9.291,0.000000
518.485840,-24.450,-81.394699,0.003362,8.141,9.243,9.259,0.000000
520.280334,-24.715,-81.724068,0.003465,8.141,9.211,9.227,0.000000
522.081360,-24.986,-82.394760,0.003574,8.141,9.179,9.195,0.000000
523.888611,-25.141,-83.839310,0.003638,8.141,9.147,9.163,0.000000
525.702393,-25.186,-85.229187,0.003656,8.141,9.115,9.131,0.000000
527.521912,-25.460,-87.162956,0.003773,8.141,9.082,9.098,0.000000
529.348206,-25.540,-88.710968,0.003807,8.140,9.049,9.065,0.000000
531.180359,-25.451,-91.674599,0.003768,8.140,9.017,9.033,0.000000
533.019104,-25.304,-94.604057,0.003704,8.140,8.984,9.000,0.000000
534.864258,-25.058,-99.033440,0.003599,8.140,8.951,8.967,0.000000
536.715698,-24.960,-106.198769,0.003557,8.140,8.918,8.934,0.000000
538.573608,-25.062,-115.864281,0.003598,8.140,8.885,8.901,0.000000
540.437683,-25.196,-125.851128,0.003653,8.140,8.852,8.868,0.000000
542.308777,-25.609,-136.822388,0.003830,8.140,8.818,8.834,0.000000
544.185730,-26.363,-148.578400,0.004175,8.140,8.785,8.801,0.000000
546.069763,-27.276,-161.259338,0.004637,8.140,8.751,8.767,0.000000
547.959778,-28.245,-172.367096,0.005183,8.140,8.717,8.734,0.000000
549.856873,-29.452,-176.932419,0.005956,8.140,8.684,8.700,0.000000
551.760010,-30.714,179.497879,0.006885,8.140,8.650,8.666,0.000000
553.670288,-31.727,178.662476,0.007736,8.140,8.616,8.632,0.000000
555.586609,-32.498,177.933029,0.008453,8.140,8.581,8.597,0.000000
557.509827,-32.830,178.239548,0.008781,8.140,8.547,8.563,0.000000
559.439697,-32.646,177.088074,0.008597,8.139,8.513,8.529,0.000000
561.376282,-31.618,175.308334,0.007637,8.139,8.478,8.494,0.000000
563.319519,-30.204,171.121765,0.006490,8.139,8.443,8.460,0.000000
565.269287,-28.844,162.557510,0.005549,8.139,8.409,8.425,0.000000
567.226318,-27.437,151.346710,0.004719,8.139,8.374,8.390,0.000000
569.189514,-25.946,138.072601,0.003975,8.139,8.339,8.355,0.000000
571.160156,-24.817,122.614243,0.003490,8.139,8.304,8.320,0.000000
573.136963,-23.905,107.548126,0.003142,8.139,8.268,8.284,0.000000
575.121216,-23.073,92.659630,0.002856,8.139,8.233,8.249,0.000000
577.111816,-22.442,77.316864,0.002655,8.139,8.197,8.214,0.000000
579.109863,-22.104,62.224815,0.002554,8.139,8.162,8.178,0.000000
581.114197,-21.841,47.728165,0.002478,8.139,8.126,8.142,0.000000
583.125793,-21.704,33.211372,0.002439,8.139,8.090,8.106,0.000000
585.144348,-21.921,19.020370,0.002501,8.139,8.054,8.070,0.000000
587.169922,-22.487,5.354688,0.002669,8.139,8.018,8.034,0.000000
589.202454,-23.230,-7.617878,0.002907,8.139,7.982,7.998,0.000000
591.241760,-24.199,-16.877638,0.003251,8.138,7.945,7.961,0.000000
593.288696,-25.254,-21.272818,0.003671,8.138,7.909,7.925,0.000000
595.342468,-26.363,-22.837088,0.004170,8.138,7.872,7.888,0.000000
597.403320,-27.368,-24.106525,0.004682,8.138,7.835,7.852,0.000000
599.471008,-28.524,-23.937597,0.005349,8.138,7.798,7.815,0.000000
601.546448,-29.660,-26.523062,0.006096,8.138,7.761,7.778,0.000000
603.628479,-30.549,-26.467997,0.006753,8.138,7.724,7.741,0.000000
605.718262,-30.944,-29.009653,0.007067,8.138,7.687,7.703,0.000000
607.814758,-30.896,-31.085554,0.007028,8.138,7.650,7.666,0.000000
609.918762,-31.040,-41.091732,0.007145,8.138,7.612,7.628,0.000000
612.030090,-30.813,-45.607433,0.006961,8.138,7.574,7.591,0.000000
614.148682,-30.279,-55.099541,0.006548,8.138,7.537,7.553,0.000000
616.274658,-29.483,122.983261,0.005975,8.138,7.499,7.515,0.000000
618.407654,-28.633,112.866150,0.005419,8.138,7.461,7.477,0.000000
620.548645,-27.279,102.081711,0.004638,8.138,7.422,7.439,0.000000
622.696716,-26.164,92.128502,0.004080,8.137,7.384,7.400,0.000000
624.852295,-24.889,78.583908,0.003524,8.137,7.346,7.362,0.000000
627.015259,-23.729,65.502609,0.003083,8.137,7.307,7.323,0.000000
629.185730,-22.886,53.336712,0.002798,8.137,7.268,7.285,0.000000
631.363464,-22.318,40.748585,0.002621,8.137,7.229,7.246,0.000000
633.549316,-22.096,29.817327,0.002555,8.137,7.191,7.207,0.000000
635.742126,-22.039,20.310192,0.002538,8.137,7.151,7.168,0.000000
637.942810,-22.089,12.891696,0.002553,8.137,7.112,7.128,0.000000
640.151123,-22.297,6.466419,0.002614,8.137,7.073,7.089,0.000000
642.367065,-22.643,3.082638,0.002721,8.137,7.033,7.050,0.000000
644.590698,-22.939,-0.603772,0.002815,8.137,6.994,7.010,0.000000
646.822327,-23.081,-4.151601,0.002861,8.137,6.954,6.970,0.000000
649.061096,-23.284,-7.437788,0.002929,8.137,6.914,6.930,0.000000
651.307861,-23.509,-10.957802,0.003006,8.137,6.874,6.890,0.000000
653.562439,-23.667,-13.905582,0.003061,8.136,6.833,6.850,0.000000
655.824829,-23.673,-16.746933,0.003063,8.136,6.793,6.810,0.000000
658.095032,-23.455,-21.087801,0.002987,8.136,6.753,6.769,0.000000
660.372803,-23.415,-26.941967,0.002974,8.136,6.712,6.728,0.000000
662.659058,-23.639,-33.709892,0.003051,8.136,6.671,6.688,0.000000
664.952637,-23.952,-40.092236,0.003163,8.136,6.630,6.647,0.000000
667.254761,-24.420,-46.195072,0.003338,8.136,6.589,6.606,0.000000
669.564209,-24.987,-51.933533,0.003564,8.136,6.548,6.564,0.000000
671.882019,-25.790,-56.917091,0.003908,8.136,6.507,6.523,0.000000
674.207764,-26.650,-57.918964,0.004314,8.136,6.465,6.482,0.000000
676.541992,-27.820,-56.401791,0.004936,8.136,6.423,6.440,0.000000
678.883545,-28.918,-55.227108,0.005600,8.136,6.382,6.398,0.000000
681.233582,-29.719,-55.190014,0.006139,8.136,6.340,6.356,0.000000
683.591797,-30.671,-59.674816,0.006849,8.135,6.298,6.314,0.000000
685.958130,-31.432,-65.556786,0.007475,8.135,6.256,6.272,0.000000
688.332642,-31.718,-69.489433,0.007724,8.135,6.213,6.230,0.000000
690.715027,-30.868,-66.171524,0.007003,8.135,6.171,6.187,0.000000
693.106384,-29.545,-40.329964,0.006013,8.135,6.128,6.145,0.000000
695.505310,-28.511,27.112057,0.005337,8.135,6.085,6.102,0.000000
697.913208,-27.514,61.682247,0.004757,8.135,6.042,6.059,0.000000
700.328796,-26.557,64.475433,0.004260,8.135,5.999,6.016,0.000000
702.753052,-25.750,59.786781,0.003881,8.135,5.956,5.972,0.000000
705.185730,-25.040,50.823502,0.003576,8.135,5.912,5.929,0.000000
707.627136,-24.612,39.698925,0.003404,8.135,5.869,5.886,0.000000
710.076355,-24.456,28.669250,0.003343,8.135,5.825,5.842,0.000000
712.534363,-24.437,19.756954,0.003335,8.135,5.781,5.798,0.000000
715.000854,-24.517,13.765555,0.003365,8.134,5.737,5.754,0.000000
717.475891,-24.498,9.845645,0.003357,8.134,5.693,5.710,0.000000
719.959534,-24.603,7.474763,0.003397,8.134,5.649,5.666,0.000000
722.451416,-24.560,5.394223,0.003380,8.134,5.604,5.621,0.000000
724.952637,-24.282,4.625613,0.003273,8.134,5.560,5.576,0.000000
727.461792,-23.588,3.161340,0.003021,8.134,5.515,5.532,0.000000
729.980347,-23.045,0.850635,0.002837,8.134,5.470,5.487,0.000000
732.506897,-22.499,-3.640344,0.002664,8.134,5.425,5.442,0.000000
735.042908,-22.264,-8.121374,0.002593,8.134,5.380,5.397,0.000000
737.586975,-22.243,-13.639882,0.002586,8.134,5.334,5.351,0.000000
740.140564,-22.337,-18.404953,0.002613,8.134,5.289,5.306,0.000000
742.702332,-22.498,-22.077274,0.002662,8.134,5.243,5.260,0.000000
745.273254,-22.634,-24.514681,0.002704,8.133,5.197,5.214,0.000000
747.853088,-23.051,-27.060499,0.002836,8.133,5.151,5.168,0.000000
750.441895,-23.360,-27.992682,0.002938,8.133,5.105,5.122,0.000000
753.039612,-23.475,-28.348812,0.002977,8.133,5.059,5.076,0.000000
755.646362,-23.517,-28.774811,0.002991,8.133,5.012,5.029,0.000000
758.262146,-23.361,-30.102036,0.002937,8.133,4.966,4.982,0.000000
760.886597,-23.220,-33.020142,0.002889,8.133,4.919,4.936,0.000000
763.520813,-23.092,-37.502419,0.002847,8.133,4.872,4.889,0.000000
766.163818,-23.242,-44.117344,0.002896,8.133,4.825,4.841,0.000000
768.816040,-23.626,-51.781269,0.003026,8.133,4.777,4.794,0.000000
771.476990,-24.357,-59.843666,0.003291,8.133,4.730,4.747,0.000000
774.147888,-25.447,-61.622112,0.003731,8.132,4.682,4.699,0.000000
776.827332,-26.333,-56.494644,0.004132,8.132,4.634,4.651,0.000000
779.516785,-26.888,-49.615276,0.004405,8.132,4.586,4.603,0.000000
782.214844,-27.135,-43.619446,0.004532,8.132,4.538,4.555,0.000000
784.922546,-27.256,-36.979271,0.004596,8.132,4.490,4.507,0.000000
787.639648,-27.276,-28.762344,0.004606,8.132,4.441,4.458,0.000000
790.366150,-26.753,-21.173525,0.004337,8.132,4.393,4.410,0.000000
793.102112,-25.899,-16.301870,0.003931,8.132,4.344,4.361,0.000000
795.847107,-24.813,-17.763775,0.003469,8.132,4.295,4.312,0.000000
798.602417,-24.103,-23.841686,0.003196,8.132,4.246,4.263,0.000000
801.366882,-23.739,-30.115368,0.003065,8.132,4.197,4.213,0.000000
804.140930,-23.590,-34.548622,0.003013,8.132,4.147,4.164,0.000000
806.924133,-23.420,-38.663433,0.002955,8.131,4.097,4.114,0.000000
809.717773,-23.145,-43.219978,0.002863,8.131,4.048,4.065,0.000000
812.520325,-22.914,-48.329624,0.002787,8.131,3.998,4.015,0.000000
815.333374,-22.868,-53.432152,0.002773,8.131,3.947,3.964,0.000000
818.155334,-22.941,-59.324596,0.002796,8.131,3.897,3.914,0.000000
820.987488,-22.973,-65.005257,0.002807,8.131,3.847,3.864,0.000000
823.829407,-23.247,-71.276520,0.002897,8.131,3.796,3.813,0.000000
826.681213,-23.602,-77.561806,0.003017,8.131,3.745,3.762,0.000000
829.542847,-24.307,-81.972969,0.003273,8.131,3.694,3.711,0.000000
832.414429,-24.976,-84.041557,0.003534,8.131,3.643,3.660,0.000000
835.295898,-25.567,-85.595032,0.003783,8.130,3.591,3.608,0.000000
838.187378,-26.259,-87.636002,0.004097,8.130,3.540,3.557,0.000000
841.088867,-26.703,-89.490150,0.004312,8.130,3.488,3.505,0.000000
844.000000,-27.298,-91.220764,0.004618,8.130,3.436,3.453,0.000000
846.921997,-27.845,-93.829926,0.004918,8.130,3.384,3.401,0.000000
849.853333,-28.439,-96.001358,0.005266,8.130,3.332,3.349,0.000000
852.795593,-28.896,-95.837196,0.005551,8.130,3.279,3.296,0.000000
855.747253,-29.143,-94.198875,0.005711,8.130,3.226,3.244,0.000000
858.709534,-29.194,-94.246521,0.005744,8.130,3.174,3.191,0.000000
861.682068,-29.409,-94.936272,0.005888,8.130,3.121,3.138,0.000000
864.664856,-29.424,-93.624710,0.005898,8.130,3.067,3.084,0.000000
867.657959,-29.402,-94.447807,0.005884,8.129,3.014,3.031,0.000000
870.661499,-28.886,-96.072281,0.005546,8.129,2.960,2.977,0.000000
873.675354,-28.247,-99.542381,0.005154,8.129,2.907,2.924,0.000000
876.699707,-27.612,-107.101791,0.004791,8.129,2.853,2.870,0.000000
879.734497,-27.078,-120.486076,0.004506,8.129,2.798,2.816,0.000000
882.779419,-26.912,-136.261368,0.004422,8.129,2.744,2.761,0.000000
885.835632,-26.836,-154.384201,0.004384,8.129,2.690,2.707,0.000000
888.901672,-26.945,-175.706100,0.004439,8.129,2.635,2.652,0.000000
891.979126,-27.390,161.918030,0.004672,8.129,2.580,2.597,0.000000
895.066406,-28.150,139.388229,0.005099,8.129,2.525,2.542,0.000000
898.164734,-29.094,114.400215,0.005685,8.128,2.470,2.487,0.000000
901.273865,-29.871,89.293976,0.006217,8.128,2.414,2.431,0.000000
904.393738,-30.676,67.343552,0.006821,8.128,2.359,2.376,0.000000
907.524414,-31.585,48.957150,0.007574,8.128,2.303,2.320,0.000000
910.665894,-32.515,31.900690,0.008429,8.128,2.247,2.264,0.000000
913.818298,-32.529,16.220749,0.008443,8.128,2.190,2.208,0.000000
916.981567,-32.400,-0.043409,0.008319,8.128,2.134,2.151,0.000000
920.155823,-32.281,-15.056539,0.008205,8.128,2.077,2.095,0.000000
923.341003,-31.879,-32.242970,0.007834,8.128,2.021,2.038,0.000000
926.537292,-31.471,-52.616814,0.007475,8.128,1.963,1.981,0.000000
929.744141,-30.894,-71.593422,0.006996,8.127,1.906,1.924,0.000000
932.963013,-30.101,-89.380470,0.006386,8.127,1.849,1.866,0.000000
936.192139,-29.394,-118.471870,0.005888,8.127,1.791,1.809,0.000000
939.432861,-29.060,-149.543655,0.005667,8.127,1.733,1.751,0.000000
942.684814,-28.660,-179.716080,0.005413,8.127,1.675,1.693,0.000000
945.948486,-28.458,152.145386,0.005289,8.127,1.617,1.635,0.000000
949.222534,-28.323,126.857864,0.005208,8.127,1.559,1.576,0.000000
952.508850,-28.604,103.737724,0.005380,8.127,1.500,1.518,0.000000
955.805603,-29.270,92.828575,0.005808,8.127,1.441,1.459,0.000000
959.114258,-29.803,87.397812,0.006176,8.126,1.382,1.400,0.000000
962.434326,-29.979,85.005661,0.006302,8.126,1.323,1.341,0.000000
965.765930,-29.600,84.343941,0.006033,8.126,1.264,1.281,0.000000
969.109009,-28.819,85.303452,0.005514,8.126,1.204,1.221,0.000000
972.463257,-27.648,86.821022,0.004819,8.126,1.144,1.162,0.000000
975.830017,-25.982,88.107880,0.003978,8.126,1.084,1.102,0.000000
979.207458,-24.481,88.133385,0.003346,8.126,1.024,1.041,0.000000
982.597595,-23.411,80.500633,0.002959,8.126,0.963,0.981,0.000000
985.998474,-22.774,67.708076,0.002749,8.126,0.903,0.920,0.000000
989.412109,-22.468,55.226383,0.002654,8.125,0.842,0.859,0.000000
992.836609,-22.210,47.412228,0.002577,8.125,0.781,0.798,0.000000
996.273926,-21.869,40.724545,0.002477,8.125,0.719,0.737,0.000000
999.722168,-21.428,33.548695,0.002355,8.125,0.658,0.675,0.000000
1003.182800,-21.159,26.567192,0.002283,8.125,0.625,0.643,0.000000
1006.655457,-21.118,19.665035,0.002272,8.125,0.595,0.613,0.000000
1010.140076,-21.256,14.107265,0.002309,8.125,0.565,0.583,0.000000
1013.636780,-21.311,10.001677,0.002323,8.125,0.535,0.553,0.000000
1017.145142,-21.217,5.431265,0.002298,8.125,0.505,0.523,0.000000
1020.666565,-21.120,-1.664991,0.002273,8.125,0.475,0.493,0.000000
1024.199219,-21.264,-8.232722,0.002312,8.125,0.444,0.463,0.000000
1027.745117,-21.696,-13.280882,0.002430,8.125,0.413,0.432,0.000000
1031.302246,-22.259,-17.220160,0.002593,8.125,0.383,0.402,0.000000
1034.872803,-22.755,-19.571239,0.002746,8.125,0.352,0.371,0.000000
1038.454590,-22.934,-20.740082,0.002804,8.125,0.321,0.341,0.000000
1042.049805,-22.670,-22.021166,0.002720,8.125,0.290,0.310,0.000000
1045.656494,-22.226,-26.631924,0.002584,8.125,0.259,0.279,0.000000
1049.276123,-21.953,-33.351227,0.002504,8.125,0.228,0.248,0.000000
1052.908325,-21.937,-42.118038,0.002500,8.125,0.196,0.217,0.000000
1056.553101,-22.370,-53.232742,0.002627,8.125,0.165,0.185,0.000000
1060.210571,-23.102,-63.521015,0.002858,8.125,0.133,0.154,0.000000
1063.880005,-24.164,-66.337791,0.003230,8.124,0.102,0.122,0.000000
1067.563354,-25.252,-63.827507,0.003661,8.124,0.070,0.091,0.000000
1071.258301,-26.126,-59.643688,0.004049,8.124,0.038,0.059,0.000000
1074.967041,-26.993,-53.557991,0.004474,8.124,0.006,0.027,0.000000
1078.688232,-27.613,-45.228512,0.004805,8.124,-0.026,-0.005,0.000000
1082.422241,-27.440,-37.074631,0.004710,8.124,-0.058,-0.037,0.000000
1086.168579,-26.318,-32.391712,0.004139,8.124,-0.091,-0.069,0.000000
1089.929077,-24.877,-31.764732,0.003506,8.124,-0.123,-0.101,0.000000
1093.701416,-23.628,-37.705692,0.003037,8.124,-0.156,-0.133,0.000000
1097.487427,-22.839,-53.819698,0.002773,8.124,-0.188,-0.166,0.000000
1101.286499,-22.488,-73.927597,0.002663,8.124,-0.221,-0.199,0.000000
1105.098755,-22.552,-98.566689,0.002683,8.124,-0.254,-0.231,0.000000
1108.924194,-22.788,-126.966438,0.002757,8.124,-0.287,-0.264,0.000000
1112.762817,-23.256,-160.522980,0.002910,8.124,-0.320,-0.297,0.000000
1116.614746,-24.020,159.725586,0.003177,8.124,-0.353,-0.330,0.000000
1120.480103,-24.833,122.373207,0.003489,8.124,-0.387,-0.363,0.000000
1124.358765,-25.743,90.777687,0.003874,8.124,-0.420,-0.397,0.000000
1128.250854,-26.487,63.835224,0.004221,8.124,-0.454,-0.430,0.000000
1132.156372,-27.248,39.966576,0.004607,8.124,-0.487,-0.463,0.000000
1136.075562,-27.950,20.851852,0.004995,8.124,-0.521,-0.497,0.000000
1140.007568,-28.685,6.275770,0.005436,8.124,-0.555,-0.531,0.000000
1143.953857,-29.543,-4.638766,0.005999,8.124,-0.589,-0.565,0.000000
1147.913818,-30.171,-4.952517,0.006448,8.124,-0.623,-0.599,0.000000
1151.887451,-30.446,-1.048622,0.006654,8.124,-0.658,-0.633,0.000000
1155.874878,-30.660,6.282282,0.006819,8.124,-0.692,-0.667,0.000000
1159.876099,-30.636,16.638184,0.006799,8.124,-0.727,-0.701,0.000000
1163.891113,-30.465,26.065403,0.006666,8.123,-0.761,-0.736,0.000000
1167.920044,-29.772,33.333397,0.006153,8.123,-0.796,-0.770,0.000000
1171.962891,-28.562,35.463753,0.005353,8.123,-0.831,-0.805,0.000000
1176.019775,-27.356,33.663624,0.004659,8.123,-0.866,-0.840,0.000000
1180.090698,-26.404,25.847824,0.004176,8.123,-0.901,-0.875,0.000000
1184.175781,-25.794,16.812813,0.003892,8.123,-0.936,-0.910,0.000000
1188.274902,-25.306,9.786042,0.003680,8.123,-0.972,-0.945,0.000000
1192.388306,-25.057,3.944514,0.003576,8.123,-1.007,-0.980,0.000000
1196.515259,-24.874,-1.367500,0.003501,8.123,-1.043,-1.016,0.000000
1200.657227,-24.826,-6.683732,0.003481,8.123,-1.078,-1.051,0.000000
1204.813965,-24.903,-10.583957,0.003512,8.123,-1.114,-1.087,0.000000
1208.984009,-24.686,-12.806477,0.003424,8.123,-1.150,-1.123,0.000000
1213.169067,-24.353,-16.243240,0.003295,8.123,-1.186,-1.159,0.000000
1217.368530,-24.215,-20.835135,0.003242,8.123,-1.223,-1.195,0.000000
1221.582642,-24.379,-25.361481,0.003303,8.123,-1.259,-1.231,0.000000
1225.811279,-24.559,-28.659979,0.003373,8.123,-1.296,-1.267,0.000000
1230.054565,-24.715,-30.338966,0.003434,8.123,-1.332,-1.303,0.000000
1234.311890,-24.291,-30.786556,0.003270,8.123,-1.369,-1.340,0.000000
1238.585205,-23.822,-35.466934,0.003099,8.123,-1.406,-1.377,0.000000
1242.872803,-23.798,-42.938778,0.003090,8.123,-1.443,-1.413,0.000000
1247.175049,-24.305,-49.788433,0.003276,8.123,-1.480,-1.450,0.000000
1251.492310,-24.875,-54.576931,0.003498,8.123,-1.517,-1.487,0.000000
1255.823975,-25.312,-58.080864,0.003677,8.123,-1.554,-1.524,0.000000
1260.171753,-25.706,-62.776451,0.003847,8.123,-1.592,-1.562,0.000000
1264.533325,-26.092,-66.908905,0.004022,8.122,-1.630,-1.599,0.000000
1268.911255,-26.667,-71.532669,0.004296,8.122,-1.667,-1.637,0.000000
1273.303101,-27.730,-76.002052,0.004854,8.122,-1.705,-1.674,0.000000
1277.710815,-28.942,-76.790894,0.005580,8.122,-1.743,-1.712,0.000000
1282.133789,-29.885,-75.356529,0.006219,8.122,-1.781,-1.750,0.000000
1286.572021,-30.469,-75.962784,0.006651,8.122,-1.820,-1.788,0.000000
1291.025024,-30.805,-77.227875,0.006912,8.122,-1.858,-1.827,0.000000
1295.494751,-31.146,-81.306091,0.007187,8.122,-1.897,-1.865,0.000000
1299.979248,-31.493,-88.482178,0.007479,8.122,-1.935,-1.903,0.000000
1304.479248,-32.135,-92.813774,0.008052,8.122,-1.974,-1.942,0.000000
1308.994873,-32.943,-86.524078,0.008835,8.122,-2.013,-1.981,0.000000
1313.525513,-33.281,-82.251122,0.009185,8.122,-2.052,-2.020,0.000000
1318.072998,-33.470,-97.168159,0.009387,8.122,-2.092,-2.059,0.000000
1322.635010,-33.380,-132.962738,0.009290,8.122,-2.131,-2.098,0.000000
1327.214111,-32.971,147.355927,0.008863,8.122,-2.170,-2.137,0.000000
1331.807739,-32.726,96.924973,0.008616,8.122,-2.210,-2.176,0.000000
1336.417969,-31.663,72.453636,0.007624,8.122,-2.250,-2.216,0.000000
1341.044189,-30.122,55.320961,0.006385,8.122,-2.290,-2.256,0.000000
1345.686401,-28.754,46.318241,0.005453,8.122,-2.330,-2.296,0.000000
1350.344604,-28.096,36.994114,0.005054,8.122,-2.370,-2.335,0.000000
1355.018921,-27.963,37.213173,0.004977,8.122,-2.410,-2.376,0.000000
1359.709595,-27.671,30.191837,0.004811,8.122,-2.451,-2.416,0.000000
1364.416382,-27.156,21.837553,0.004534,8.122,-2.491,-2.456,0.000000
1369.139404,-26.405,14.256259,0.004157,8.121,-2.532,-2.497,0.000000
1373.878174,-25.903,5.117078,0.003923,8.121,-2.573,-2.537,0.000000
1378.634644,-26.022,-3.856638,0.003977,8.121,-2.614,-2.578,0.000000
1383.406372,-26.448,-10.329431,0.004176,8.121,-2.655,-2.619,0.000000
1388.195801,-26.706,-12.328313,0.004301,8.121,-2.697,-2.660,0.000000
1393.000610,-26.356,-13.698897,0.004130,8.121,-2.738,-2.701,0.000000
1397.822632,-26.216,-21.539543,0.004064,8.121,-2.780,-2.743,0.000000
1402.661377,-26.410,-28.417221,0.004155,8.121,-2.821,-2.784,0.000000
1407.516846,-26.929,-34.240944,0.004410,8.121,-2.863,-2.826,0.000000
1412.389771,-27.433,-39.847221,0.004672,8.121,-2.905,-2.868,0.000000
1417.278198,-28.078,-47.700993,0.005032,8.121,-2.948,-2.910,0.000000
1422.184326,-28.837,-50.922237,0.005490,8.121,-2.990,-2.952,0.000000
1427.107300,-29.177,-43.098743,0.005708,8.121,-3.032,-2.994,0.000000
1432.047485,-29.072,-32.236801,0.005639,8.121,-3.075,-3.036,0.000000
1437.004639,-28.895,-24.125092,0.005524,8.121,-3.118,-3.079,0.000000
1441.979004,-28.727,-15.536127,0.005418,8.121,-3.161,-3.122,0.000000
1446.969849,-28.369,-7.727298,0.005200,8.121,-3.204,-3.165,0.000000
1451.979492,-27.948,-0.857535,0.004953,8.121,-3.247,-3.207,0.000000
1457.005005,-27.511,3.940453,0.004710,8.121,-3.290,-3.251,0.000000
1462.048584,-26.813,1.080068,0.004347,8.121,-3.334,-3.294,0.000000
1467.109619,-26.172,-9.845534,0.004038,8.120,-3.378,-3.337,0.000000
1472.188110,-25.890,-18.595284,0.003909,8.120,-3.421,-3.381,0.000000
1477.285034,-25.613,-26.134981,0.003786,8.120,-3.465,-3.425,0.000000
1482.398071,-25.494,-35.589931,0.003735,8.120,-3.509,-3.468,0.000000
1487.529541,-25.717,-45.941254,0.003832,8.120,-3.554,-3.513,0.000000
1492.678833,-26.376,-57.544456,0.004134,8.120,-3.598,-3.557,0.000000
1497.845947,-27.423,-64.662735,0.004663,8.120,-3.643,-3.601,0.000000
1503.030884,-28.359,-64.521408,0.005194,8.120,-3.687,-3.646,0.000000
1508.233765,-29.088,-58.491821,0.005648,8.120,-3.732,-3.690,0.000000
1513.453979,-29.563,-46.833542,0.005964,8.120,-3.777,-3.735,0.000000
1518.693726,-29.663,-32.363026,0.006032,8.120,-3.823,-3.780,0.000000
1523.950195,-29.291,-19.458271,0.005778,8.120,-3.868,-3.825,0.000000
1529.226196,-28.977,-13.497552,0.005572,8.120,-3.913,-3.870,0.000000
1534.519775,-29.002,-8.060648,0.005587,8.120,-3.959,-3.916,0.000000
1539.831055,-28.310,-6.752463,0.005159,8.120,-4.005,-3.961,0.000000
1545.161987,-27.381,-13.945604,0.004635,8.120,-4.051,-4.007,0.000000
1550.510010,-26.745,-24.744612,0.004308,8.120,-4.097,-4.053,0.000000
1555.877319,-26.695,-37.734409,0.004283,8.120,-4.143,-4.099,0.000000
1561.263184,-27.072,-51.841675,0.004473,8.120,-4.190,-4.145,0.000000
1566.667725,-28.249,-58.547546,0.005122,8.119,-4.237,-4.192,0.000000
1572.090820,-29.498,-53.721195,0.005914,8.119,-4.283,-4.238,0.000000
1577.532837,-29.632,-43.452194,0.006007,8.119,-4.330,-4.285,0.000000
1582.992920,-29.229,-40.760151,0.005735,8.119,-4.377,-4.332,0.000000
1588.473389,-29.308,-43.173439,0.005787,8.119,-4.425,-4.379,0.000000
1593.971313,-29.886,-41.600060,0.006185,8.119,-4.472,-4.426,0.000000
1599.489746,-30.133,-36.021904,0.006363,8.119,-4.520,-4.473,0.000000
1605.026611,-30.069,-31.274837,0.006317,8.119,-4.568,-4.521,0.000000
1610.581787,-29.442,-31.318598,0.005877,8.119,-4.615,-4.568,0.000000
1616.157837,-28.833,-43.293064,0.005479,8.119,-4.664,-4.616,0.000000
1621.751587,-28.627,-54.914379,0.005350,8.119,-4.712,-4.664,0.000000
1627.366211,-28.773,-55.412903,0.005441,8.119,-4.760,-4.712,0.000000
1632.998779,-28.497,-45.792213,0.005271,8.119,-4.809,-4.761,0.000000
1638.651611,-27.806,-37.820950,0.004868,8.119,-4.858,-4.809,0.000000
1644.323975,-27.736,-36.553043,0.004829,8.119,-4.907,-4.858,0.000000
1650.015991,-27.806,-25.947943,0.004868,8.119,-4.956,-4.907,0.000000
1655.726929,-26.890,-13.931140,0.004380,8.119,-5.005,-4.956,0.000000
1661.459229,-25.547,-9.166878,0.003753,8.119,-5.054,-5.005,0.000000
1667.209717,-24.279,-13.960137,0.003243,8.118,-5.104,-5.054,0.000000
1672.981812,-23.293,-30.023407,0.002895,8.118,-5.154,-5.104,0.000000
1678.772949,-23.028,-46.995941,0.002808,8.118,-5.204,-5.153,0.000000
1684.583496,-23.041,-61.850662,0.002812,8.118,-5.254,-5.203,0.000000
1690.415649,-22.708,-75.812202,0.002707,8.118,-5.304,-5.253,0.000000
1696.266357,-22.022,-92.885429,0.002501,8.118,-5.355,-5.303,0.000000
1702.139038,-21.712,-111.946220,0.002413,8.118,-5.405,-5.354,0.000000
1708.030396,-22.190,-131.275650,0.002550,8.118,-5.456,-5.404,0.000000
1713.942871,-23.070,-151.584900,0.002822,8.118,-5.507,-5.455,0.000000
1719.875977,-24.255,-171.284164,0.003234,8.118,-5.558,-5.506,0.000000
1725.829468,-25.051,168.449722,0.003545,8.118,-5.610,-5.557,0.000000
1731.802856,-25.612,146.307526,0.003781,8.118,-5.661,-5.608,0.000000
1737.798462,-26.464,127.670334,0.004171,8.118,-5.713,-5.660,0.000000
1743.814087,-27.701,114.515686,0.004809,8.118,-5.765,-5.711,0.000000
1749.850464,-29.185,101.639534,0.005706,8.118,-5.817,-5.763,0.000000
1755.907837,-30.409,92.626152,0.006569,8.118,-5.869,-5.815,0.000000
1761.985229,-31.310,86.371170,0.007287,8.118,-5.922,-5.867,0.000000
1768.085449,-31.338,87.240433,0.007310,8.117,-5.974,-5.920,0.000000
1774.204956,-30.545,82.837990,0.006672,8.117,-6.027,-5.972,0.000000
1780.347412,-29.939,77.526268,0.006222,8.117,-6.080,-6.025,0.000000
1786.509521,-29.402,71.661568,0.005850,8.117,-6.133,-6.078,0.000000
1792.693726,-29.529,64.166954,0.005936,8.117,-6.187,-6.131,0.000000
1798.899292,-29.469,67.779099,0.005895,8.117,-6.240,-6.184,0.000000
1805.126465,-27.864,69.662445,0.004900,8.117,-6.294,-6.237,0.000000
1811.375122,-26.259,67.563858,0.004074,8.117,-6.348,-6.291,0.000000
1817.645386,-24.792,58.907295,0.003441,8.117,-6.402,-6.345,0.000000
1823.937378,-24.058,47.406532,0.003162,8.117,-6.456,-6.399,0.000000
1830.251099,-23.659,38.410641,0.003020,8.117,-6.511,-6.453,0.000000
1836.586792,-23.349,30.994120,0.002914,8.117,-6.566,-6.507,0.000000
1842.943481,-22.866,26.247595,0.002756,8.117,-6.620,-6.562,0.000000
1849.323853,-22.545,12.836757,0.002656,8.117,-6.675,-6.617,0.000000
1855.724609,-22.956,2.582486,0.002785,8.117,-6.731,-6.672,0.000000
1862.149292,-23.498,-4.390063,0.002965,8.117,-6.786,-6.727,0.000000
1868.594482,-23.901,-13.314030,0.003106,8.116,-6.842,-6.782,0.000000
1875.062866,-24.693,-20.286674,0.003404,8.116,-6.898,-6.838,0.000000
1881.553589,-25.311,-28.784616,0.003655,8.116,-6.954,-6.893,0.000000
1888.066772,-26.496,-32.886467,0.004190,8.116,-7.010,-6.949,0.000000
1894.603516,-27.190,-32.767632,0.004540,8.116,-7.066,-7.005,0.000000
1901.161011,-27.821,-32.521606,0.004882,8.116,-7.123,-7.061,0.000000
1907.742065,-27.573,-29.831257,0.004745,8.116,-7.179,-7.118,0.000000
1914.345947,-27.272,-33.171963,0.004583,8.116,-7.236,-7.175,0.000000
1920.972656,-27.053,-37.000790,0.004469,8.116,-7.294,-7.231,0.000000
1927.622314,-26.919,-41.411057,0.004400,8.116,-7.351,-7.288,0.000000
1934.295044,-26.386,-46.325665,0.004138,8.116,-7.409,-7.346,0.000000
1940.989868,-25.110,-51.922638,0.003573,8.116,-7.466,-7.403,0.000000
1947.709717,-24.268,-66.810005,0.003243,8.116,-7.524,-7.461,0.000000
1954.451050,-23.840,-77.434654,0.003087,8.116,-7.583,-7.519,0.000000
1961.216675,-23.871,-95.848267,0.003098,8.116,-7.641,-7.577,0.000000
1968.005615,-24.216,-160.596451,0.003224,8.116,-7.699,-7.635,0.000000
1974.818115,-24.734,142.525879,0.003422,8.115,-7.758,-7.693,0.000000
1981.655151,-25.473,117.659691,0.003726,8.115,-7.817,-7.752,0.000000
1988.513916,-25.424,105.157951,0.003705,8.115,-7.876,-7.811,0.000000
1995.397339,-25.719,90.666435,0.003834,8.115,-7.936,-7.870,0.000000
2002.304688,-25.450,77.029518,0.003717,8.115,-7.983,-7.917,0.000000
2009.235840,-24.534,63.037407,0.003346,8.115,-8.007,-7.940,0.000000
2016.191040,-23.893,50.794216,0.003108,8.115,-8.031,-7.963,0.000000
2023.170288,-23.630,34.572235,0.003016,8.115,-8.055,-7.987,0.000000
2030.172852,-23.850,20.306351,0.003094,8.115,-8.079,-8.010,0.000000
2037.201416,-23.941,8.890713,0.003127,8.115,-8.103,-8.033,0.000000
2044.252441,-24.169,4.846362,0.003210,8.115,-8.128,-8.057,0.000000
2051.329834,-24.000,-2.090129,0.003148,8.115,-8.152,-8.081,0.000000
2058.430908,-24.313,-14.668534,0.003263,8.115,-8.176,-8.104,0.000000
2065.555420,-25.961,-21.334183,0.003945,8.115,-8.201,-8.128,0.000000
2072.706543,-27.336,-19.542423,0.004622,8.115,-8.225,-8.152,0.000000
2079.880371,-27.836,-17.154913,0.004896,8.115,-8.250,-8.176,0.000000
2087.080078,-27.801,-16.312765,0.004876,8.115,-8.275,-8.200,0.000000
2094.304932,-27.334,-17.071548,0.004621,8.115,-8.300,-8.224,0.000000
2101.554443,-26.594,-25.670784,0.004244,8.115,-8.325,-8.248,0.000000
2108.829346,-27.277,-38.133244,0.004591,8.115,-8.350,-8.272,0.000000
2116.129150,-28.822,-44.909325,0.005484,8.115,-8.375,-8.296,0.000000
2123.453369,-29.138,-50.890682,0.005687,8.115,-8.400,-8.321,0.000000
2130.804932,-29.360,-58.095093,0.005835,8.115,-8.425,-8.345,0.000000
2138.180176,-29.484,-54.302258,0.005920,8.115,-8.451,-8.370,0.000000
2145.582520,-29.586,-50.094761,0.005991,8.115,-8.476,-8.395,0.000000
2153.009766,-30.445,-50.624393,0.006615,8.115,-8.502,-8.419,0.000000
2160.461670,-31.454,-35.211823,0.007431,8.115,-8.527,-8.444,0.000000
2167.941406,-32.365,-17.776049,0.008255,8.115,-8.553,-8.469,0.000000
2175.445068,-32.452,-16.252436,0.008339,8.115,-8.579,-8.494,0.000000
2182.976562,-32.549,-6.523014,0.008433,8.115,-8.605,-8.519,0.000000
2190.532227,-32.437,7.802376,0.008325,8.115,-8.631,-8.544,0.000000
2198.114990,-32.448,12.197956,0.008336,8.115,-8.657,-8.570,0.000000
2205.723877,-32.378,30.332178,0.008269,8.115,-8.683,-8.595,0.000000
2213.359375,-31.002,53.146587,0.007057,8.115,-8.709,-8.620,0.000000
2221.020020,-29.175,57.537560,0.005719,8.115,-8.735,-8.646,0.000000
2228.709473,-27.940,59.348228,0.004961,8.115,-8.762,-8.672,0.000000
2236.423340,-27.218,57.973415,0.004565,8.115,-8.788,-8.697,0.000000
2244.166016,-26.445,46.259571,0.004176,8.115,-8.815,-8.723,0.000000
2251.934570,-26.441,38.101856,0.004174,8.115,-8.842,-8.749,0.000000
2259.728760,-25.839,35.256763,0.003895,8.115,-8.869,-8.775,0.000000
2267.552002,-24.998,29.786655,0.003536,8.115,-8.895,-8.801,0.000000
2275.400391,-24.328,22.837238,0.003273,8.115,-8.922,-8.827,0.000000
2283.278076,-23.540,15.257048,0.002989,8.115,-8.949,-8.853,0.000000
2291.180908,-22.992,8.519950,0.002807,8.115,-8.977,-8.880,0.000000
2299.112061,-22.571,1.356522,0.002675,8.115,-9.004,-8.906,0.000000
2307.070557,-22.342,-5.075330,0.002605,8.115,-9.031,-8.933,0.000000
2315.056885,-22.194,-3.286480,0.002562,8.115,-9.059,-8.959,0.000000
2323.069580,-21.788,-7.428419,0.002445,8.115,-9.086,-8.986,0.000000
2331.112305,-21.346,-15.870577,0.002324,8.115,-9.114,-9.013,0.000000
2339.181641,-20.711,-28.216530,0.002161,8.115,-9.142,-9.040,0.000000
2347.279053,-20.783,-43.908550,0.002179,8.115,-9.170,-9.067,0.000000
2355.404297,-21.292,-59.602829,0.002310,8.115,-9.197,-9.094,0.000000
2363.556885,-22.147,-74.316353,0.002549,8.115,-9.225,-9.121,0.000000
2371.739746,-22.782,-82.370285,0.002742,8.115,-9.254,-9.148,0.000000
2379.948486,-23.134,-84.532227,0.002856,8.115,-9.282,-9.176,0.000000
2388.188232,-23.517,-78.633362,0.002985,8.115,-9.310,-9.203,0.000000
2396.454102,-24.754,-82.537331,0.003441,8.115,-9.339,-9.231,0.000000
2404.749512,-26.507,-90.471367,0.004211,8.115,-9.367,-9.258,0.000000
2413.073975,-29.001,-87.025970,0.005611,8.115,-9.396,-9.286,0.000000
2421.427002,-30.791,-83.397888,0.006896,8.115,-9.424,-9.314,0.000000
2429.809082,-32.085,-80.461510,0.008004,8.114,-9.453,-9.342,0.000000
2438.220215,-31.811,-87.261627,0.007755,8.114,-9.482,-9.370,0.000000
2446.660400,-31.905,-56.102512,0.007838,8.114,-9.511,-9.398,0.000000
2455.129883,-31.376,-47.835461,0.007374,8.114,-9.540,-9.426,0.000000
2463.628418,-30.024,-21.021788,0.006310,8.114,-9.570,-9.454,0.000000
2472.155518,-29.099,-5.628813,0.005672,8.114,-9.599,-9.483,0.000000
2480.714355,-28.511,1.315603,0.005300,8.114,-9.628,-9.511,0.000000
2489.300293,-27.823,3.460045,0.004895,8.114,-9.658,-9.540,0.000000
2497.918701,-27.311,-2.962984,0.004614,8.114,-9.687,-9.569,0.000000
2506.564209,-26.752,-12.469644,0.004326,8.114,-9.717,-9.597,0.000000
2515.240967,-26.680,-32.495914,0.004291,8.114,-9.747,-9.626,0.000000
2523.947754,-26.300,-41.387634,0.004107,8.114,-9.777,-9.655,0.000000
2532.684814,-26.719,-40.695015,0.004310,8.114,-9.807,-9.685,0.000000
2541.453125,-27.353,-34.724922,0.004636,8.114,-9.837,-9.714,0.000000
2550.249512,-27.472,-24.942301,0.004700,8.114,-9.867,-9.743,0.000000
2559.077393,-27.950,-30.421316,0.004966,8.114,-9.898,-9.772,0.000000
2567.936035,-28.423,-17.851803,0.005243,8.114,-9.928,-9.802,0.000000
2576.825195,-28.583,-18.356478,0.005340,8.114,-9.959,-9.832,0.000000
2585.745117,-28.654,-6.211158,0.005383,8.114,-9.989,-9.861,0.000000
2594.696045,-28.736,7.473616,0.005433,8.114,-10.020,-9.891,0.000000
2603.676514,-28.696,6.873992,0.005407,8.114,-10.051,-9.921,0.000000
2612.690918,-28.601,0.246035,0.005347,8.114,-10.082,-9.951,0.000000
2621.733643,-29.043,-5.692823,0.005625,8.114,-10.113,-9.981,0.000000
2630.809082,-29.516,20.481985,0.005939,8.114,-10.144,-10.011,0.000000
2639.916016,-29.080,31.856302,0.005648,8.114,-10.176,-10.042,0.000000
2649.054443,-29.521,47.752445,0.005941,8.114,-10.207,-10.072,0.000000
2658.225586,-29.407,44.805672,0.005862,8.114,-10.239,-10.103,0.000000
2667.426025,-29.430,39.092880,0.005877,8.114,-10.270,-10.133,0.000000
2676.659668,-28.836,33.397655,0.005488,8.114,-10.302,-10.164,0.000000
2685.925293,-28.960,33.148216,0.005565,8.114,-10.334,-10.195,0.000000
2695.222900,-28.005,39.542885,0.004985,8.114,-10.366,-10.226,0.000000
2704.552734,-26.513,36.147980,0.004198,8.114,-10.398,-10.257,0.000000
2713.914795,-25.200,31.722956,0.003608,8.114,-10.430,-10.288,0.000000
2723.308105,-24.081,27.509785,0.003171,8.114,-10.462,-10.320,0.000000
2732.736572,-23.691,20.087759,0.003031,8.114,-10.495,-10.351,0.000000
2742.194824,-22.641,11.977629,0.002686,8.114,-10.527,-10.383,0.000000
2751.688477,-22.365,1.232485,0.002601,8.114,-10.560,-10.414,0.000000
2761.212646,-22.164,-5.520600,0.002541,8.114,-10.593,-10.446,0.000000
2770.770752,-21.943,-17.221802,0.002477,8.114,-10.626,-10.478,0.000000
2780.363525,-22.203,-27.577112,0.002552,8.114,-10.659,-10.510,0.000000
2789.986816,-23.018,-36.958317,0.002802,8.114,-10.692,-10.542,0.000000
2799.644531,-23.809,-35.845909,0.003069,8.114,-10.725,-10.574,0.000000
2809.335938,-23.301,-38.984928,0.002894,8.114,-10.758,-10.606,0.000000
2819.060791,-23.513,-47.501011,0.002965,8.114,-10.792,-10.639,0.000000
2828.819336,-24.432,-53.796345,0.003295,8.114,-10.825,-10.671,0.000000
2838.611572,-24.733,-56.667206,0.003409,8.114,-10.859,-10.704,0.000000
2848.436279,-25.509,-62.869045,0.003727,8.114,-10.893,-10.737,0.000000
2858.297852,-26.150,-60.180584,0.004011,8.114,-10.926,-10.770,0.000000
2868.190918,-26.425,-59.139008,0.004139,8.114,-10.960,-10.802,0.000000
2878.120850,-26.172,-62.612762,0.004018,8.114,-10.995,-10.836,0.000000
2888.083740,-27.446,-66.736053,0.004650,8.114,-11.029,-10.869,0.000000
2898.079834,-27.850,-63.188599,0.004869,8.114,-11.063,-10.902,0.000000
2908.113281,-27.304,-62.162903,0.004570,8.114,-11.098,-10.936,0.000000
2918.178711,-27.087,-69.791954,0.004455,8.114,-11.132,-10.969,0.000000
2928.281738,-27.372,-75.060822,0.004601,8.114,-11.167,-11.003,0.000000
2938.416748,-27.522,-77.564362,0.004679,8.114,-11.202,-11.036,0.000000
2948.588379,-27.394,-79.013161,0.004609,8.114,-11.237,-11.070,0.000000
2958.795410,-26.825,-87.744133,0.004315,8.114,-11.272,-11.104,0.000000
2969.037598,-25.954,-95.312691,0.003902,8.114,-11.307,-11.139,0.000000
2979.313965,-25.846,-112.963463,0.003853,8.114,-11.343,-11.173,0.000000
2989.629883,-26.449,-129.047256,0.004128,8.114,-11.378,-11.207,0.000000
2999.974609,-26.468,-142.268707,0.004136,8.114,-11.414,-11.242,0.000000
3010.360840,-26.422,-163.066849,0.004112,8.114,-11.449,-11.276,0.000000
3020.782959,-26.160,166.951126,0.003987,8.114,-11.485,-11.311,0.000000
3031.238281,-25.741,146.712799,0.003797,8.114,-11.521,-11.346,0.000000
3041.732666,-25.603,125.648773,0.003735,8.113,-11.557,-11.381,0.000000
3052.260498,-25.645,105.802086,0.003750,8.113,-11.593,-11.416,0.000000
3062.827881,-26.526,89.257622,0.004147,8.113,-11.630,-11.451,0.000000
3073.428711,-26.433,74.290649,0.004100,8.113,-11.666,-11.486,0.000000
3084.066162,-26.903,60.211887,0.004326,8.113,-11.703,-11.522,0.000000
3094.743652,-26.459,52.408478,0.004108,8.113,-11.739,-11.557,0.000000
3105.457764,-25.661,40.557434,0.003746,8.113,-11.776,-11.593,0.000000
3116.206299,-25.176,27.873167,0.003540,8.113,-11.813,-11.629,0.000000
3126.991943,-25.473,16.012009,0.003662,8.113,-11.850,-11.665,0.000000
3137.817871,-25.840,7.671446,0.003818,8.113,-11.887,-11.701,0.000000
3148.681152,-26.159,4.893675,0.003958,8.113,-11.925,-11.737,0.000000
3159.579346,-25.833,-2.604897,0.003809,8.113,-11.962,-11.773,0.000000
3170.515137,-25.980,-11.414317,0.003871,8.113,-12.000,-11.810,0.000000
3181.491699,-26.550,-21.460466,0.004130,8.113,-12.038,-11.846,0.000000
3192.503174,-27.078,-19.365025,0.004385,8.113,-12.076,-11.883,0.000000
3203.555908,-26.566,-21.045048,0.004131,8.113,-12.114,-11.920,0.000000
3214.644043,-26.769,-22.645126,0.004225,8.113,-12.152,-11.957,0.000000
3225.773438,-26.223,-25.475037,0.003964,8.113,-12.190,-11.994,0.000000
3236.938232,-26.216,-30.693130,0.003958,8.113,-12.228,-12.031,0.000000
3248.141602,-26.347,-34.159199,0.004015,8.113,-12.267,-12.069,0.000000
3259.386963,-26.578,-36.779945,0.004121,8.113,-12.305,-12.106,0.000000
3270.671387,-26.634,-37.090027,0.004145,8.113,-12.344,-12.144,0.000000
3281.991699,-26.689,-38.182163,0.004168,8.113,-12.383,-12.181,0.000000
3293.351074,-27.352,-43.522503,0.004495,8.113,-12.422,-12.219,0.000000
3304.752930,-28.312,-45.835766,0.005017,8.113,-12.461,-12.257,0.000000
3316.194336,-29.156,-44.958042,0.005524,8.113,-12.501,-12.295,0.000000
3327.672119,-29.439,-37.932087,0.005703,8.113,-12.540,-12.334,0.000000
3339.189697,-28.552,-40.107929,0.005145,8.113,-12.580,-12.372,0.000000
3350.750244,-28.663,-40.633991,0.005206,8.113,-12.620,-12.410,0.000000
3362.347656,-27.704,-39.983223,0.004658,8.113,-12.659,-12.449,0.000000
3373.985107,-26.258,-45.840740,0.003940,8.113,-12.699,-12.488,0.000000
3385.666260,-25.140,-57.497627,0.003461,8.113,-12.740,-12.527,0.000000
3397.387695,-24.741,-65.045906,0.003303,8.113,-12.780,-12.566,0.000000
3409.146484,-24.454,-74.554474,0.003193,8.113,-12.820,-12.605,0.000000
3420.946045,-24.877,-87.867455,0.003349,8.113,-12.861,-12.644,0.000000
3432.789795,-25.244,-118.202118,0.003491,8.113,-12.902,-12.684,0.000000
3444.674316,-25.394,-157.055588,0.003549,8.113,-12.943,-12.723,0.000000
3456.596924,-25.684,147.658615,0.003666,8.113,-12.983,-12.763,0.000000
3468.560547,-26.470,115.255867,0.004010,8.113,-13.025,-12.803,0.000000
3480.569092,-28.445,86.497040,0.005029,8.113,-13.066,-12.843,0.000000
3492.615723,-29.069,65.012871,0.005399,8.113,-13.107,-12.883,0.000000
3504.707520,-29.237,43.584812,0.005500,8.113,-13.149,-12.923,0.000000
3516.837891,-28.658,31.358580,0.005141,8.113,-13.191,-12.964,0.000000
3529.013428,-28.396,18.023495,0.004984,8.113,-13.232,-13.004,0.000000
3541.228027,-28.460,1.357025,0.005016,8.113,-13.274,-13.045,0.000000
3553.484619,-28.697,-9.794279,0.005151,8.113,-13.317,-13.086,0.000000
3565.787109,-29.420,-17.802814,0.005593,8.113,-13.359,-13.127,0.000000
3578.132080,-29.360,-21.631140,0.005550,8.113,-13.401,-13.168,0.000000
3590.516602,-29.443,-32.613007,0.005598,8.113,-13.444,-13.209,0.000000
3602.943848,-29.880,-46.403164,0.005882,8.113,-13.487,-13.251,0.000000
3615.417480,-30.571,-47.997814,0.006363,8.113,-13.530,-13.292,0.000000
3627.934570,-31.283,-56.231487,0.006900,8.113,-13.573,-13.334,0.000000
3640.491211,-31.870,-58.789944,0.007375,8.113,-13.616,-13.376,0.000000
3653.091553,-31.371,-45.187698,0.006956,8.113,-13.659,-13.418,0.000000
3665.739014,-29.282,65.238014,0.005464,8.112,-13.703,-13.460,0.000000
3678.426514,-27.544,57.492821,0.004468,8.112,-13.746,-13.502,0.000000
3691.161621,-26.436,58.553318,0.003929,8.112,-13.790,-13.545,0.000000
3703.937256,-25.828,55.256939,0.003659,8.112,-13.834,-13.587,0.000000
3716.760498,-25.137,32.386833,0.003377,8.112,-13.878,-13.630,0.000000
3729.628418,-24.551,22.998785,0.003154,8.112,-13.922,-13.673,0.000000
3742.533447,-23.700,6.304869,0.002857,8.112,-13.967,-13.716,0.000000
3755.490479,-23.067,-7.130306,0.002654,8.112,-14.011,-13.759,0.000000
3768.492432,-23.675,-17.542158,0.002844,8.112,-14.056,-13.802,0.000000
3781.535645,-24.152,-34.597946,0.003002,8.112,-14.101,-13.846,0.000000
3794.624023,-25.089,-47.114700,0.003341,8.112,-14.146,-13.890,0.000000
3807.761475,-25.955,-46.016735,0.003688,8.112,-14.191,-13.933,0.000000
3820.940674,-26.944,-58.352585,0.004129,8.112,-14.236,-13.977,0.000000
3834.169189,-27.557,-49.395660,0.004427,8.112,-14.282,-14.021,0.000000
3847.439697,-28.089,-37.380402,0.004703,8.112,-14.327,-14.066,0.000000
3860.760010,-29.178,-17.300680,0.005326,8.112,-14.373,-14.110,0.000000
3874.126221,-29.143,-6.321929,0.005300,8.112,-14.419,-14.154,0.000000
3887.531494,-29.046,2.840170,0.005237,8.112,-14.465,-14.199,0.000000
3900.990479,-28.255,-1.135671,0.004777,8.112,-14.511,-14.244,0.000000
3914.496094,-27.425,-16.704969,0.004338,8.112,-14.558,-14.289,0.000000
3928.048340,-26.673,-23.591545,0.003975,8.112,-14.604,-14.334,0.000000
3941.640137,-26.680,-38.867458,0.003974,8.112,-14.651,-14.379,0.000000
3955.286377,-26.895,-57.591526,0.004071,8.112,-14.698,-14.425,0.000000
3968.979980,-27.247,-65.820938,0.004235,8.112,-14.745,-14.471,0.000000
3982.717285,-27.788,-85.064285,0.004504,8.112,-14.792,-14.516,0.000000
3996.501953,-28.448,-107.099586,0.004855,8.112,-14.840,-14.562,0.000000
4010.338135,-29.796,-131.231094,0.005665,8.112,-14.859,-14.581,0.000000
4024.218506,-30.970,-178.126816,0.006479,8.112,-14.869,-14.590,0.000000
4038.150879,-31.268,127.473442,0.006700,8.112,-14.879,-14.599,0.000000
4052.127441,-30.827,88.685936,0.006363,8.112,-14.889,-14.608,0.000000
4066.156250,-30.246,71.890610,0.005946,8.112,-14.899,-14.617,0.000000
4080.233643,-29.178,57.445358,0.005252,8.112,-14.909,-14.627,0.000000
4094.352051,-27.138,48.460011,0.004149,8.112,-14.919,-14.636,0.000000
4108.526855,-25.794,31.359739,0.003550,8.112,-14.930,-14.645,0.000000
4122.750977,-24.999,15.119860,0.003236,8.112,-14.940,-14.655,0.000000
4137.020508,-24.928,8.892641,0.003207,8.112,-14.950,-14.664,0.000000
4151.339355,-24.752,-5.245114,0.003139,8.112,-14.960,-14.674,0.000000
4165.711914,-24.493,-22.885530,0.003044,8.112,-14.971,-14.683,0.000000
4180.133789,-24.958,-40.240330,0.003209,8.112,-14.981,-14.692,0.000000
4194.601562,-25.543,-56.028191,0.003429,8.112,-14.991,-14.702,0.000000
4209.120117,-27.014,-67.069725,0.004059,8.112,-15.002,-14.712,0.000000
4223.692383,-28.743,-75.574219,0.004949,8.112,-15.012,-14.721,0.000000
4238.314941,-30.206,-84.882652,0.005851,8.112,-15.023,-14.731,0.000000
4252.980469,-30.464,-68.758926,0.006022,8.112,-15.033,-14.740,0.000000
4267.704590,-30.732,-67.941010,0.006206,8.112,-15.044,-14.750,0.000000
4282.479980,-31.450,-54.067120,0.006735,8.112,-15.054,-14.760,0.000000
4297.306152,-31.363,-44.043476,0.006662,8.112,-15.065,-14.770,0.000000
4312.175781,-31.097,-36.246094,0.006455,8.112,-15.076,-14.779,0.000000
4327.104980,-30.787,-39.768768,0.006224,8.112,-15.086,-14.789,0.000000
4342.085449,-30.479,-42.909653,0.006002,8.112,-15.097,-14.799,0.000000
4357.114258,-30.553,-49.403549,0.006047,8.112,-15.108,-14.809,0.000000
4372.194824,-30.943,-54.775383,0.006319,8.112,-15.119,-14.819,0.000000
4387.331543,-30.754,-75.385391,0.006177,8.112,-15.130,-14.829,0.000000
4402.520996,-31.522,-87.433929,0.006740,8.112,-15.141,-14.839,0.000000
4417.758789,-32.559,-115.995148,0.007588,8.112,-15.152,-14.849,0.000000
4433.049316,-32.540,161.149948,0.007563,8.112,-15.162,-14.859,0.000000
4448.396973,-31.597,122.775078,0.006778,8.112,-15.174,-14.869,0.000000
4463.797852,-30.104,101.904457,0.005701,8.112,-15.185,-14.879,0.000000
4479.243164,-28.536,79.222694,0.004755,8.112,-15.196,-14.889,0.000000
4494.750977,-28.333,63.017071,0.004640,8.112,-15.207,-14.900,0.000000
4510.312012,-28.235,57.082695,0.004583,8.112,-15.218,-14.910,0.000000
4525.922852,-27.558,45.173920,0.004235,8.112,-15.229,-14.920,0.000000
4541.587891,-26.780,40.395706,0.003868,8.112,-15.240,-14.930,0.000000
4557.311035,-26.508,25.747808,0.003745,8.112,-15.252,-14.941,0.000000
4573.088867,-26.281,16.163467,0.003645,8.112,-15.263,-14.951,0.000000
4588.916992,-26.173,5.303162,0.003595,8.112,-15.274,-14.962,0.000000
4604.799805,-26.690,-2.378286,0.003811,8.112,-15.286,-14.972,0.000000
4620.742188,-26.207,-8.690576,0.003601,8.112,-15.297,-14.982,0.000000
4636.739746,-25.782,-20.921627,0.003424,8.112,-15.309,-14.993,0.000000
4652.788086,-25.732,-22.575172,0.003401,8.112,-15.320,-15.004,0.000000
4668.892090,-25.779,-37.645809,0.003415,8.112,-15.332,-15.014,0.000000
4685.056152,-26.352,-43.829830,0.003643,8.112,-15.343,-15.025,0.000000
4701.276367,-26.717,-44.962677,0.003795,8.112,-15.355,-15.035,0.000000
4717.543457,-27.202,-58.109245,0.004008,8.112,-15.367,-15.046,0.000000
4733.875977,-27.458,-86.581757,0.004123,8.112,-15.378,-15.057,0.000000
4750.265137,-27.945,-105.050400,0.004356,8.112,-15.390,-15.068,0.000000
4766.706543,-28.387,7.813596,0.004578,8.112,-15.402,-15.079,0.000000
4783.209473,-28.726,-34.244274,0.004754,8.112,-15.414,-15.089,0.000000
4799.764648,-29.530,16.520012,0.005209,8.112,-15.426,-15.100,0.000000
4816.381836,-30.175,18.605314,0.005603,8.112,-15.438,-15.111,0.000000
4833.052246,-30.370,31.056335,0.005724,8.112,-15.449,-15.122,0.000000
4849.779785,-30.158,93.499115,0.005580,8.112,-15.461,-15.133,0.000000
4866.570312,-29.372,82.139488,0.005090,8.112,-15.474,-15.144,0.000000
4883.418945,-28.352,66.133942,0.004521,8.112,-15.486,-15.155,0.000000
4900.316406,-27.869,59.179817,0.004271,8.112,-15.498,-15.166,0.000000
4917.281738,-27.878,62.113056,0.004269,8.112,-15.510,-15.178,0.000000
4934.305664,-27.178,51.243275,0.003933,8.112,-15.522,-15.189,0.000000
4951.388672,-26.465,46.283989,0.003618,8.112,-15.534,-15.200,0.000000
4968.521484,-25.461,37.697659,0.003219,8.112,-15.547,-15.211,0.000000
4985.723145,-25.063,22.577869,0.003070,8.112,-15.559,-15.223,0.000000
5002.984375,-25.637,10.418506,0.003276,8.112,-15.571,-15.234,0.000000
5020.300293,-26.434,5.681102,0.003585,8.112,-15.584,-15.245,0.000000
5037.681152,-26.519,1.532380,0.003615,8.111,-15.596,-15.257,0.000000
5055.117188,-26.443,-3.185074,0.003577,8.111,-15.609,-15.268,0.000000
5072.618164,-26.566,-10.837505,0.003623,8.111,-15.621,-15.280,0.000000
5090.175293,-27.295,-16.400099,0.003934,8.111,-15.634,-15.291,0.000000
5107.792969,-27.085,-20.408670,0.003834,8.111,-15.647,-15.303,0.000000
5125.477051,-26.681,-28.596601,0.003655,8.111,-15.659,-15.315,0.000000
5143.221680,-26.970,-28.190386,0.003773,8.111,-15.672,-15.326,0.000000
5161.018066,-27.142,-41.313740,0.003843,8.111,-15.685,-15.338,0.000000
5178.886230,-28.587,-55.443363,0.004532,8.111,-15.698,-15.350,0.000000
5196.815918,-28.437,-59.835030,0.004449,8.111,-15.710,-15.362,0.000000
5214.802734,-27.499,-49.817101,0.003988,8.111,-15.723,-15.373,0.000000
5232.856934,-27.566,-59.011253,0.004013,8.111,-15.736,-15.385,0.000000
5250.968750,-28.199,-100.324295,0.004310,8.111,-15.749,-15.397,0.000000
5269.147949,-29.966,142.210098,0.005274,8.111,-15.762,-15.409,0.000000
5287.385254,-30.349,30.340996,0.005504,8.111,-15.775,-15.421,0.000000
5305.685547,-29.885,30.900606,0.005209,8.111,-15.789,-15.433,0.000000
5324.054199,-28.843,24.935944,0.004613,8.111,-15.802,-15.445,0.000000
5342.486816,-27.763,23.770561,0.004067,8.111,-15.815,-15.458,0.000000
5360.978027,-28.166,16.810347,0.004254,8.111,-15.828,-15.470,0.000000
5379.532715,-27.913,21.311928,0.004125,8.111,-15.842,-15.482,0.000000
5398.157227,-27.442,21.650000,0.003902,8.111,-15.855,-15.494,0.000000
5416.846191,-26.975,10.444222,0.003692,8.111,-15.868,-15.506,0.000000
5435.594727,-26.153,-0.591038,0.003353,8.111,-15.882,-15.519,0.000000
5454.408203,-26.103,-12.801213,0.003329,8.111,-15.895,-15.531,0.000000
5473.291992,-26.403,-3.116963,0.003440,8.111,-15.909,-15.544,0.000000
5492.235352,-27.368,-15.571565,0.003839,8.111,-15.922,-15.556,0.000000
5511.250000,-28.335,-15.514229,0.004285,8.111,-15.936,-15.569,0.000000
5530.325195,-28.537,-14.960500,0.004380,8.111,-15.950,-15.581,0.000000
5549.472168,-28.180,-20.711527,0.004198,8.111,-15.963,-15.594,0.000000
5568.679199,-28.594,-22.698406,0.004396,8.111,-15.977,-15.606,0.000000
5587.953613,-28.797,-29.276672,0.004494,8.111,-15.991,-15.619,0.000000
5607.299316,-29.406,-30.763123,0.004814,8.111,-16.005,-15.632,0.000000
5626.712402,-29.554,-38.645309,0.004890,8.111,-16.019,-15.645,0.000000
5646.181641,-29.392,-46.582893,0.004792,8.111,-16.033,-15.657,0.000000
5665.729492,-28.906,-61.905869,0.004524,8.111,-16.047,-15.670,0.000000
5685.344727,-29.078,-82.066849,0.004608,8.111,-16.061,-15.683,0.000000
5705.027832,-30.200,-101.561607,0.005234,8.111,-16.075,-15.696,0.000000
5724.773926,-29.729,-122.468002,0.004950,8.111,-16.089,-15.709,0.000000
5744.587891,-29.407,-153.188278,0.004763,8.111,-16.103,-15.722,0.000000
5764.476562,-28.047,173.557892,0.004067,8.111,-16.118,-15.735,0.000000
5784.428223,-26.593,140.875595,0.003435,8.111,-16.132,-15.748,0.000000
5804.448730,-25.832,119.474197,0.003143,8.111,-16.146,-15.762,0.000000
5824.544434,-25.662,93.783195,0.003078,8.111,-16.161,-15.775,0.000000
5844.709473,-24.947,69.700310,0.002831,8.111,-16.175,-15.788,0.000000
5864.938965,-25.052,48.588421,0.002861,8.111,-16.190,-15.801,0.000000
5885.238281,-24.747,34.482479,0.002759,8.111,-16.204,-15.815,0.000000
5905.613281,-24.606,19.813070,0.002711,8.111,-16.219,-15.828,0.000000
5926.059082,-25.695,12.006698,0.003070,8.111,-16.234,-15.842,0.000000
5946.570312,-26.155,4.292863,0.003232,8.111,-16.248,-15.855,0.000000
5967.151855,-27.191,-2.000544,0.003638,8.111,-16.263,-15.869,0.000000
5987.811035,-27.016,-2.583658,0.003561,8.111,-16.278,-15.882,0.000000
6008.535645,-27.278,-11.522325,0.003665,8.111,-16.293,-15.896,0.000000
6029.337402,-27.570,-11.984070,0.003786,8.111,-16.308,-15.910,0.000000
6050.206055,-27.180,-21.006807,0.003616,8.111,-16.323,-15.923,0.000000
6071.152344,-27.754,-29.075035,0.003858,8.111,-16.338,-15.937,0.000000
6092.165527,-27.375,-40.527969,0.003689,8.111,-16.353,-15.951,0.000000
6113.251465,-27.513,-47.665073,0.003743,8.111,-16.368,-15.965,0.000000
6134.416016,-27.958,-32.655174,0.003935,8.111,-16.383,-15.979,0.000000
6155.653809,-28.143,-32.180073,0.004015,8.111,-16.398,-15.993,0.000000
6176.959473,-29.403,-15.276275,0.004637,8.111,-16.414,-16.007,0.000000
6198.338867,-28.968,5.035474,0.004405,8.111,-16.429,-16.021,0.000000
6219.797852,-29.569,5.168477,0.004714,8.111,-16.444,-16.035,0.000000
6241.331543,-30.567,14.024268,0.005282,8.111,-16.460,-16.049,0.000000
6262.933594,-30.761,14.387960,0.005395,8.111,-16.475,-16.063,0.000000
6284.610352,-32.178,11.428874,0.006343,8.111,-16.491,-16.078,0.000000
6306.368652,-32.739,0.832905,0.006758,8.111,-16.507,-16.092,0.000000
6328.195801,-32.063,6.045020,0.006245,8.111,-16.522,-16.106,0.000000
6350.104492,-30.496,10.238096,0.005208,8.111,-16.538,-16.121,0.000000
6372.083008,-29.837,9.483440,0.004822,8.111,-16.554,-16.135,0.000000
6394.143555,-28.872,13.774344,0.004309,8.111,-16.570,-16.150,0.000000
6416.274902,-28.028,10.822307,0.003906,8.111,-16.585,-16.164,0.000000
6438.482422,-27.277,6.979427,0.003577,8.111,-16.601,-16.179,0.000000
6460.772949,-26.868,3.683478,0.003409,8.111,-16.617,-16.194,0.000000
6483.140625,-26.487,-6.731779,0.003260,8.111,-16.633,-16.208,0.000000
6505.580078,-26.793,-8.387384,0.003373,8.111,-16.649,-16.223,0.000000
6528.096680,-26.983,-20.031675,0.003444,8.111,-16.666,-16.238,0.000000
6550.697266,-27.281,-35.304291,0.003561,8.111,-16.682,-16.253,0.000000
6573.370605,-27.895,-44.944775,0.003817,8.111,-16.698,-16.268,0.000000
6596.127930,-28.803,-38.407028,0.004234,8.111,-16.714,-16.283,0.000000
6618.958008,-29.821,-37.854370,0.004755,8.111,-16.731,-16.298,0.000000
6641.873535,-30.402,-25.351772,0.005077,8.111,-16.747,-16.313,0.000000
6664.861816,-30.616,-5.237851,0.005198,8.111,-16.764,-16.328,0.000000
6687.930176,-30.106,-2.121223,0.004895,8.111,-16.780,-16.343,0.000000
6711.084473,-30.629,-11.660540,0.005193,8.111,-16.797,-16.358,0.000000
6734.318848,-31.330,16.695784,0.005623,8.111,-16.814,-16.374,0.000000
6757.633301,-31.674,19.440128,0.005843,8.111,-16.830,-16.389,0.000000
6781.016113,-30.473,8.651987,0.005083,8.111,-16.847,-16.404,0.000000
6804.492676,-30.101,2.978557,0.004865,8.111,-16.864,-16.420,0.000000
6828.050293,-29.236,-12.282067,0.004399,8.111,-16.881,-16.435,0.000000
6851.683105,-29.171,-27.717379,0.004362,8.111,-16.898,-16.451,0.000000
6875.397949,-29.242,-20.887043,0.004393,8.111,-16.915,-16.466,0.000000
6899.201172,-29.230,5.294463,0.004383,8.111,-16.932,-16.482,0.000000
6923.080078,-28.510,4.913546,0.004030,8.111,-16.949,-16.498,0.000000
6947.048828,-28.726,-5.081474,0.004127,8.111,-16.966,-16.514,0.000000
6971.093262,-28.927,-18.140432,0.004219,8.111,-16.983,-16.529,0.000000
6995.228027,-29.512,-20.704489,0.004508,8.111,-17.001,-16.545,0.000000
7019.446289,-29.695,-27.159704,0.004600,8.111,-17.018,-16.561,0.000000
7043.734863,-30.008,-14.764692,0.004764,8.111,-17.036,-16.577,0.000000
7068.120605,-30.544,-20.864750,0.005062,8.111,-17.053,-16.593,0.000000
7092.591309,-30.620,-44.344837,0.005101,8.111,-17.071,-16.609,0.000000
7117.139648,-31.209,-67.508614,0.005454,8.111,-17.088,-16.626,0.000000
7141.772949,-30.436,-128.029831,0.004984,8.111,-17.106,-16.642,0.000000
7166.498535,-29.480,159.668030,0.004460,8.111,-17.124,-16.658,0.000000
7191.309570,-29.340,107.328346,0.004384,8.111,-17.141,-16.674,0.000000
7216.199707,-28.860,87.060280,0.004144,8.111,-17.159,-16.691,0.000000
7241.176270,-27.710,62.777039,0.003627,8.111,-17.177,-16.707,0.000000
7266.245605,-27.051,42.489258,0.003359,8.111,-17.195,-16.724,0.000000
7291.402344,-27.226,40.281487,0.003424,8.111,-17.213,-16.740,0.000000
7316.631836,-27.334,35.262806,0.003464,8.111,-17.231,-16.757,0.000000
7341.962402,-27.412,27.982904,0.003492,8.111,-17.250,-16.774,0.000000
7367.381348,-27.726,25.641401,0.003617,8.111,-17.268,-16.790,0.000000
7392.887695,-26.342,20.686274,0.003082,8.111,-17.286,-16.807,0.000000
7418.468262,-26.041,3.620640,0.002974,8.110,-17.304,-16.824,0.000000
7444.151855,-26.124,-13.028879,0.002999,8.110,-17.323,-16.841,0.000000
7469.924316,-26.736,-23.737955,0.003215,8.110,-17.341,-16.858,0.000000
7495.778809,-27.031,-29.013779,0.003323,8.110,-17.360,-16.875,0.000000
7521.722656,-27.121,-19.147438,0.003354,8.110,-17.379,-16.892,0.000000
7547.763672,-27.462,-56.050598,0.003485,8.110,-17.397,-16.909,0.000000
7573.887207,-27.372,-84.943214,0.003445,8.110,-17.416,-16.926,0.000000
7600.108887,-28.485,-89.835373,0.003912,8.110,-17.435,-16.943,0.000000
7626.414062,-29.540,-83.183449,0.004413,8.110,-17.454,-16.961,0.000000
7652.817383,-29.206,23.440008,0.004242,8.110,-17.473,-16.978,0.000000
7679.312012,-28.743,14.950793,0.004018,8.110,-17.492,-16.996,0.000000
7705.883789,-28.791,18.267090,0.004036,8.110,-17.511,-17.013,0.000000
7732.562500,-28.273,4.265402,0.003798,8.110,-17.530,-17.031,0.000000
7759.333008,-27.999,5.016690,0.003677,8.110,-17.549,-17.048,0.000000
7786.189453,-28.110,8.650107,0.003721,8.110,-17.568,-17.066,0.000000
7813.138672,-28.313,-1.506875,0.003805,8.110,-17.588,-17.084,0.000000
7840.188477,-27.667,-13.857329,0.003530,8.110,-17.607,-17.102,0.000000
7867.331543,-28.082,-31.597166,0.003699,8.110,-17.626,-17.119,0.000000
7894.561523,-29.111,-44.777588,0.004161,8.110,-17.646,-17.137,0.000000
7921.885742,-29.069,-55.669674,0.004137,8.110,-17.666,-17.155,0.000000
7949.312012,-29.146,-81.813316,0.004170,8.110,-17.685,-17.173,0.000000
7976.833496,-28.477,-110.557335,0.003857,8.110,-17.705,-17.191,0.000000
8004.442383,-26.842,-145.572113,0.003192,8.110,-17.722,-17.207,0.000000
8032.146973,-25.911,-152.273178,0.002864,8.110,-17.724,-17.209,0.000000
8059.955078,-25.990,164.430176,0.002888,8.110,-17.726,-17.210,0.000000
8087.859375,-26.005,91.170845,0.002890,8.110,-17.728,-17.212,0.000000
8115.844727,-25.662,51.091396,0.002775,8.110,-17.730,-17.214,0.000000
8143.942383,-25.443,32.035992,0.002703,8.110,-17.731,-17.215,0.000000
8172.137695,-25.362,24.562340,0.002674,8.110,-17.733,-17.217,0.000000
8200.422852,-24.937,5.033221,0.002544,8.110,-17.735,-17.219,0.000000
8228.805664,-25.641,-13.793193,0.002755,8.110,-17.737,-17.220,0.000000
8257.293945,-26.730,-30.821301,0.003119,8.110,-17.739,-17.222,0.000000
8285.881836,-27.176,-43.872334,0.003280,8.110,-17.741,-17.224,0.000000
8314.560547,-28.161,-55.415081,0.003669,8.110,-17.743,-17.226,0.000000
8343.337891,-28.496,-51.736683,0.003809,8.110,-17.745,-17.227,0.000000
8372.223633,-28.960,-44.192116,0.004014,8.110,-17.747,-17.229,0.000000
8401.208984,-28.908,-14.012127,0.003986,8.110,-17.749,-17.231,0.000000
8430.278320,-29.579,-6.383960,0.004302,8.110,-17.751,-17.232,0.000000
8459.464844,-29.869,3.531528,0.004444,8.110,-17.753,-17.234,0.000000
8488.752930,-30.192,20.831659,0.004607,8.110,-17.755,-17.236,0.000000
8518.141602,-30.236,12.212653,0.004625,8.110,-17.757,-17.238,0.000000
8547.616211,-30.272,6.532798,0.004638,8.110,-17.759,-17.239,0.000000
8577.208008,-30.237,-1.196514,0.004613,8.110,-17.761,-17.241,0.000000
8606.903320,-30.835,-7.019326,0.004935,8.110,-17.763,-17.243,0.000000
8636.693359,-31.032,-1.565607,0.005041,8.110,-17.765,-17.245,0.000000
8666.594727,-31.288,-10.881093,0.005185,8.110,-17.767,-17.247,0.000000
8696.590820,-31.783,-0.201914,0.005481,8.110,-17.769,-17.248,0.000000
8726.699219,-30.511,-5.005107,0.004728,8.110,-17.771,-17.250,0.000000
8756.903320,-30.987,-12.205044,0.004988,8.110,-17.773,-17.252,0.000000
8787.211914,-30.843,-14.660401,0.004899,8.110,-17.775,-17.254,0.000000
8817.634766,-30.751,-32.272816,0.004840,8.110,-17.777,-17.256,0.000000
8848.162109,-30.723,-33.470924,0.004818,8.110,-17.779,-17.257,0.000000
8878.778320,-30.440,-29.835051,0.004657,8.110,-17.781,-17.259,0.000000
8909.517578,-30.761,-27.119656,0.004826,8.110,-17.783,-17.261,0.000000
8940.363281,-31.221,-31.116573,0.005080,8.110,-17.785,-17.263,0.000000
8971.306641,-32.006,-27.136312,0.005552,8.110,-17.787,-17.265,0.000000
9002.366211,-32.814,42.364304,0.006085,8.110,-17.789,-17.267,0.000000
9033.524414,-32.383,87.162712,0.005781,8.110,-17.792,-17.268,0.000000
9064.799805,-30.986,73.491486,0.004915,8.110,-17.794,-17.270,0.000000
9096.173828,-30.707,52.983677,0.004752,8.110,-17.796,-17.272,0.000000
9127.657227,-30.553,35.290432,0.004661,8.110,-17.798,-17.274,0.000000
9159.257812,-29.867,36.347477,0.004300,8.110,-17.800,-17.276,0.000000
9190.967773,-28.513,35.181606,0.003674,8.110,-17.802,-17.278,0.000000
9222.770508,-27.418,21.035801,0.003234,8.110,-17.804,-17.280,0.000000
9254.701172,-26.369,13.829466,0.002862,8.110,-17.807,-17.282,0.000000
9286.741211,-25.645,-4.119733,0.002628,8.110,-17.809,-17.284,0.000000
9318.892578,-26.279,-22.036989,0.002823,8.110,-17.811,-17.286,0.000000
9351.137695,-26.103,-35.802708,0.002762,8.110,-17.813,-17.287,0.000000
9383.512695,-25.675,-52.924854,0.002625,8.110,-17.815,-17.289,0.000000
9415.999023,-25.514,-68.482353,0.002572,8.110,-17.817,-17.291,0.000000
9448.588867,-25.631,-84.458885,0.002603,8.110,-17.820,-17.293,0.000000
9481.300781,-25.519,-85.254166,0.002565,8.110,-17.822,-17.295,0.000000
9514.117188,-26.246,-111.986465,0.002784,8.110,-17.824,-17.297,0.000000
9547.055664,-27.357,-114.297447,0.003158,8.110,-17.826,-17.299,0.000000
9580.099609,-27.908,-24.666573,0.003360,8.110,-17.829,-17.301,0.000000
9613.257812,-28.277,50.445946,0.003500,8.110,-17.831,-17.303,0.000000
9646.540039,-29.279,38.408009,0.003922,8.110,-17.833,-17.305,0.000000
9679.936523,-28.568,16.500164,0.003608,8.110,-17.835,-17.307,0.000000
9713.431641,-28.744,-7.707236,0.003676,8.110,-17.838,-17.309,0.000000
9747.060547,-30.631,-29.155632,0.004561,8.110,-17.840,-17.311,0.000000
9780.805664,-31.336,-14.212245,0.004939,8.110,-17.842,-17.313,0.000000
9814.658203,-31.433,-3.814227,0.004987,8.110,-17.844,-17.315,0.000000
9848.637695,-30.655,-3.280669,0.004553,8.110,-17.847,-17.317,0.000000
9882.724609,-29.957,24.764847,0.004195,8.110,-17.849,-17.319,0.000000
9916.939453,-29.860,46.066975,0.004142,8.110,-17.851,-17.321,0.000000
9951.263672,-29.762,65.662407,0.004089,8.110,-17.854,-17.323,0.000000
9985.706055,-29.511,60.038822,0.003966,8.110,-17.856,-17.325,0.000000
10020.278320,-28.447,45.008636,0.003504,8.110,-17.858,-17.327,0.000000
10054.968750,-28.220,27.604609,0.003410,8.110,-17.861,-17.330,0.000000
10089.770508,-27.497,9.300841,0.003134,8.110,-17.863,-17.332,0.000000
10124.692383,-27.192,-9.305470,0.003022,8.110,-17.865,-17.334,0.000000
10159.745117,-27.335,-21.046509,0.003068,8.110,-17.868,-17.336,0.000000
10194.918945,-27.664,-38.060143,0.003183,8.110,-17.870,-17.338,0.000000
10230.205078,-27.473,-55.344707,0.003110,8.110,-17.873,-17.340,0.000000
10265.613281,-27.683,-56.676495,0.003183,8.110,-17.875,-17.342,0.000000
10301.154297,-28.684,-43.817276,0.003569,8.110,-17.877,-17.344,0.000000
10336.807617,-28.633,-29.706884,0.003545,8.110,-17.880,-17.346,0.000000
10372.594727,-28.903,-35.577736,0.003654,8.110,-17.882,-17.349,0.000000
10408.496094,-29.832,30.833206,0.004063,8.110,-17.885,-17.351,0.000000
10444.531250,-28.875,36.635948,0.003636,8.110,-17.887,-17.353,0.000000
10480.680664,-28.189,13.002222,0.003357,8.109,-17.890,-17.355,0.000000
10516.956055,-28.093,0.994851,0.003319,8.109,-17.892,-17.357,0.000000
10553.367188,-28.682,-17.840885,0.003551,8.109,-17.894,-17.359,0.000000
10589.903320,-29.244,-33.952183,0.003787,8.109,-17.897,-17.362,0.000000
10626.546875,-30.131,-47.614510,0.004192,8.109,-17.899,-17.364,0.000000
10663.336914,-29.671,-12.577946,0.003975,8.109,-17.902,-17.366,0.000000
10700.253906,-29.296,3.997712,0.003805,8.109,-17.904,-17.368,0.000000
10737.299805,-29.621,-27.537861,0.003950,8.109,-17.907,-17.370,0.000000
10774.462891,-30.676,-43.631931,0.004460,8.109,-17.909,-17.373,0.000000
10811.754883,-30.277,-64.153038,0.004260,8.109,-17.912,-17.375,0.000000
10849.185547,-30.735,-10.091816,0.004490,8.109,-17.914,-17.377,0.000000
10886.736328,-30.592,0.330894,0.004417,8.109,-17.917,-17.379,0.000000
10924.427734,-30.570,-3.002864,0.004406,8.109,-17.920,-17.382,0.000000
10962.238281,-30.759,-18.698120,0.004503,8.109,-17.922,-17.384,0.000000
11000.190430,-30.993,-13.084113,0.004629,8.109,-17.925,-17.386,0.000000
11038.263672,-30.701,44.046471,0.004478,8.109,-17.927,-17.388,0.000000
11076.468750,-29.513,52.250782,0.003909,8.109,-17.930,-17.391,0.000000
11114.816406,-29.258,44.403664,0.003798,8.109,-17.932,-17.393,0.000000
11153.296875,-29.254,14.471148,0.003799,8.109,-17.935,-17.395,0.000000
11191.900391,-29.085,-5.476343,0.003728,8.109,-17.938,-17.398,0.000000
11230.636719,-28.716,3.017011,0.003576,8.109,-17.940,-17.400,0.000000
11269.518555,-28.852,9.951598,0.003636,8.109,-17.943,-17.402,0.000000
11308.523438,-29.103,-6.361952,0.003746,8.109,-17.946,-17.405,0.000000
11347.674805,-29.468,-13.504749,0.003912,8.109,-17.948,-17.407,0.000000
11386.951172,-30.949,-24.452835,0.004643,8.109,-17.951,-17.409,0.000000
11426.373047,-31.952,-16.454941,0.005217,8.109,-17.953,-17.412,0.000000
11465.921875,-32.230,5.346682,0.005392,8.109,-17.956,-17.414,0.000000
11505.606445,-31.230,9.495111,0.004812,8.109,-17.959,-17.416,0.000000
11545.440430,-31.196,5.020646,0.004799,8.109,-17.962,-17.419,0.000000
11585.412109,-31.057,-2.754447,0.004730,8.109,-17.964,-17.421,0.000000
11625.521484,-31.204,18.094049,0.004817,8.109,-17.967,-17.423,0.000000
11665.748047,-31.331,5.322232,0.004895,8.109,-17.970,-17.426,0.000000
11706.135742,-30.941,19.449263,0.004686,8.109,-17.972,-17.428,0.000000
11746.664062,-30.826,19.353430,0.004631,8.109,-17.975,-17.431,0.000000
11787.320312,-31.132,20.614147,0.004806,8.109,-17.978,-17.433,0.000000
11828.118164,-32.010,30.401873,0.005327,8.109,-17.981,-17.436,0.000000
11869.068359,-31.251,28.887779,0.004891,8.109,-17.983,-17.438,0.000000
11910.148438,-30.797,21.992470,0.004650,8.109,-17.986,-17.440,0.000000
11951.382812,-30.616,5.951660,0.004563,8.109,-17.989,-17.443,0.000000
11992.748047,-30.512,-11.219791,0.004517,8.109,-17.992,-17.445,0.000000
12034.268555,-30.551,-20.061796,0.004546,8.109,-17.995,-17.448,0.000000
12075.931641,-29.967,-12.217638,0.004260,8.109,-17.997,-17.450,0.000000
12117.716797,-29.284,-4.538760,0.003945,8.109,-18.000,-17.453,0.000000
12159.669922,-29.556,-8.625745,0.004079,8.109,-18.003,-17.455,0.000000
12201.767578,-30.142,10.936085,0.004373,8.109,-18.006,-17.458,0.000000
12243.999023,-30.429,41.596081,0.004529,8.109,-18.009,-17.460,0.000000
12286.377930,-29.349,44.060638,0.004008,8.109,-18.012,-17.463,0.000000
12328.914062,-28.752,35.949417,0.003750,8.109,-18.015,-17.466,0.000000
12371.597656,-27.861,23.589443,0.003392,8.109,-18.017,-17.468,0.000000
12414.417969,-27.660,8.697779,0.003322,8.109,-18.020,-17.471,0.000000
12457.385742,-27.514,-0.557041,0.003273,8.109,-18.023,-17.473,0.000000
12500.514648,-27.393,13.660566,0.003235,8.109,-18.026,-17.476,0.000000
12543.780273,-27.122,15.366790,0.003143,8.109,-18.029,-17.478,0.000000
12587.196289,-27.303,-2.423802,0.003217,8.109,-18.032,-17.481,0.000000
12630.774414,-27.980,-1.423187,0.003485,8.109,-18.035,-17.484,0.000000
12674.502930,-28.679,11.586723,0.003786,8.109,-18.038,-17.486,0.000000
12718.383789,-29.583,35.698887,0.004210,8.109,-18.041,-17.489,0.000000
12762.391602,-30.396,34.112850,0.004633,8.109,-18.044,-17.491,0.000000
12806.576172,-30.517,20.054667,0.004709,8.109,-18.047,-17.494,0.000000
12850.914062,-31.666,2.180088,0.005387,8.109,-18.050,-17.497,0.000000
12895.392578,-32.420,-11.027950,0.005889,8.109,-18.053,-17.499,0.000000
12940.025391,-33.515,4.585702,0.006694,8.109,-18.056,-17.502,0.000000
12984.825195,-32.952,11.004861,0.006287,8.109,-18.059,-17.505,0.000000
13029.767578,-32.879,7.554428,0.006247,8.109,-18.062,-17.507,0.000000
13074.876953,-32.736,13.218669,0.006158,8.109,-18.065,-17.510,0.000000
13120.131836,-32.858,26.304756,0.006258,8.109,-18.068,-17.513,0.000000
13165.554688,-33.001,28.878073,0.006375,8.109,-18.071,-17.516,0.000000
13211.134766,-33.306,35.359833,0.006617,8.109,-18.074,-17.518,0.000000
13256.847656,-32.667,38.169106,0.006160,8.109,-18.077,-17.521,0.000000
13302.744141,-31.611,31.211960,0.005466,8.109,-18.080,-17.524,0.000000
13348.799805,-30.593,16.349245,0.004871,8.109,-18.084,-17.527,0.000000
13395.001953,-29.898,8.581558,0.004506,8.109,-18.087,-17.529,0.000000
13441.363281,-29.382,-11.386078,0.004255,8.109,-18.090,-17.532,0.000000
13487.899414,-29.181,-18.463686,0.004167,8.109,-18.093,-17.535,0.000000
13534.595703,-29.819,6.499806,0.004493,8.109,-18.096,-17.538,0.000000
13581.440430,-29.503,21.673445,0.004341,8.109,-18.099,-17.540,0.000000
13628.447266,-29.276,31.668356,0.004236,8.109,-18.102,-17.543,0.000000
13675.630859,-28.928,13.721467,0.004078,8.109,-18.106,-17.546,0.000000
13722.976562,-29.990,21.223577,0.004617,8.109,-18.109,-17.549,0.000000
13770.473633,-30.302,36.095356,0.004795,8.108,-18.112,-17.552,0.000000
13818.135742,-30.748,35.009296,0.005057,8.108,-18.115,-17.555,0.000000
13865.975586,-30.926,20.439449,0.005171,8.108,-18.119,-17.557,0.000000
13913.980469,-31.178,5.255393,0.005332,8.108,-18.122,-17.560,0.000000
13962.125977,-31.028,-10.439083,0.005249,8.108,-18.125,-17.563,0.000000
14010.463867,-31.019,-19.769802,0.005253,8.108,-18.128,-17.566,0.000000
14058.969727,-31.897,-25.840015,0.005822,8.108,-18.132,-17.569,0.000000
14107.628906,-31.217,-8.811331,0.005393,8.108,-18.135,-17.572,0.000000
14156.458008,-31.112,-9.397354,0.005337,8.108,-18.138,-17.575,0.000000
14205.468750,-31.510,-0.988327,0.005595,8.108,-18.142,-17.578,0.000000
14254.635742,-31.565,8.016988,0.005638,8.108,-18.145,-17.581,0.000000
14303.986328,-31.609,12.822865,0.005675,8.108,-18.148,-17.584,0.000000
14353.495117,-31.540,9.050292,0.005638,8.108,-18.152,-17.587,0.000000
14403.188477,-31.734,-4.687815,0.005773,8.108,-18.155,-17.590,0.000000
14453.052734,-31.688,2.800998,0.005750,8.108,-18.158,-17.593,0.000000
14503.063477,-31.504,11.861963,0.005637,8.108,-18.162,-17.596,0.000000
14553.274414,-30.804,5.165069,0.005208,8.108,-18.165,-17.599,0.000000
14603.659180,-31.065,-2.575265,0.005374,8.108,-18.168,-17.602,0.000000
14654.218750,-30.327,-11.568815,0.004943,8.108,-18.172,-17.605,0.000000
14704.924805,-30.237,-12.870717,0.004899,8.108,-18.175,-17.608,0.000000
14755.834961,-30.159,17.995813,0.004862,8.108,-18.179,-17.611,0.000000
14806.920898,-29.900,35.988354,0.004726,8.108,-18.182,-17.614,0.000000
14858.168945,-29.951,14.831221,0.004760,8.108,-18.186,-17.617,0.000000
14909.609375,-30.277,3.448928,0.004949,8.108,-18.189,-17.620,0.000000
14961.213867,-31.559,2.210679,0.005744,8.108,-18.193,-17.623,0.000000
15013.010742,-30.772,22.416679,0.005254,8.108,-18.196,-17.626,0.000000
15064.973633,-30.212,23.255829,0.004933,8.108,-18.200,-17.629,0.000000
15117.115234,-30.376,12.959641,0.005033,8.108,-18.203,-17.632,0.000000
15169.452148,-30.549,-0.826768,0.005141,8.108,-18.207,-17.635,0.000000
15221.969727,-31.257,-8.200509,0.005585,8.108,-18.210,-17.638,0.000000
15274.640625,-31.532,9.964311,0.005771,8.108,-18.214,-17.642,0.000000
15327.523438,-30.852,29.607252,0.005344,8.108,-18.217,-17.645,0.000000
15380.588867,-29.053,28.599306,0.004349,8.108,-18.221,-17.648,0.000000
15433.823242,-28.342,2.973935,0.004012,8.108,-18.225,-17.651,0.000000
15487.241211,-28.663,-9.773693,0.004168,8.108,-18.228,-17.654,0.000000
15540.859375,-29.008,30.130035,0.004343,8.108,-18.232,-17.658,0.000000
15594.664062,-28.985,62.681145,0.004337,8.108,-18.235,-17.661,0.000000
15648.638672,-27.963,56.271511,0.003861,8.108,-18.239,-17.664,0.000000
15702.800781,-27.203,37.299625,0.003542,8.108,-18.243,-17.667,0.000000
15757.166016,-27.109,28.763954,0.003509,8.108,-18.246,-17.670,0.000000
15811.718750,-27.370,18.398418,0.003621,8.108,-18.250,-17.674,0.000000
15866.429688,-27.995,22.524326,0.003897,8.108,-18.254,-17.677,0.000000
15921.361328,-28.715,23.395266,0.004239,8.108,-18.258,-17.680,0.000000
15976.482422,-28.438,14.939563,0.004110,8.108,-18.261,-17.684,0.000000
16031.793945,-28.454,5.205527,0.004123,8.108,-18.265,-17.687,0.000000
16087.267578,-28.717,-9.787060,0.004255,8.108,-18.269,-17.690,0.000000
16142.962891,-29.909,-7.881172,0.004887,8.108,-18.273,-17.694,0.000000
16198.851562,-30.563,-2.940943,0.005275,8.108,-18.276,-17.697,0.000000
16254.917969,-30.083,-0.642871,0.004998,8.108,-18.280,-17.700,0.000000
16311.194336,-30.157,5.606506,0.005049,8.108,-18.284,-17.704,0.000000
16367.649414,-30.207,17.145761,0.005086,8.108,-18.288,-17.707,0.000000
16424.316406,-29.706,18.685263,0.004808,8.108,-18.292,-17.710,0.000000
16481.162109,-28.460,18.085415,0.004172,8.108,-18.295,-17.714,0.000000
16538.205078,-27.363,14.737429,0.003683,8.108,-18.299,-17.717,0.000000
16595.462891,-26.899,9.365331,0.003496,8.108,-18.303,-17.721,0.000000
16652.917969,-26.310,-6.592711,0.003272,8.108,-18.307,-17.724,0.000000
16710.539062,-26.322,-18.322128,0.003281,8.108,-18.311,-17.727,0.000000
16768.392578,-25.877,-20.092733,0.003121,8.108,-18.315,-17.731,0.000000
16826.447266,-24.553,-17.887753,0.002684,8.108,-18.319,-17.734,0.000000
16884.685547,-24.052,-30.917965,0.002537,8.108,-18.323,-17.738,0.000000
16943.142578,-24.500,-36.838638,0.002675,8.108,-18.327,-17.741,0.000000
17001.785156,-24.451,-27.791784,0.002664,8.108,-18.331,-17.745,0.000000
17060.646484,-24.118,-8.454921,0.002567,8.107,-18.335,-17.748,0.000000
17119.695312,-23.781,-8.664544,0.002473,8.107,-18.339,-17.752,0.000000
17178.949219,-23.063,21.157017,0.002280,8.107,-18.343,-17.756,0.000000
17238.423828,-22.126,10.912003,0.002049,8.107,-18.347,-17.759,0.000000
17298.105469,-22.361,-4.693651,0.002108,8.107,-18.351,-17.763,0.000000
17357.976562,-22.295,-9.019400,0.002095,8.107,-18.355,-17.766,0.000000
17418.054688,-21.758,-15.621965,0.001972,8.107,-18.359,-17.770,0.000000
17478.357422,-21.756,-17.911245,0.001975,8.107,-18.363,-17.773,0.000000
17538.869141,-21.409,-13.433123,0.001900,8.107,-18.367,-17.777,0.000000
17599.556641,-21.413,12.261247,0.001903,8.107,-18.371,-17.781,0.000000
17660.488281,-20.980,16.036615,0.001813,8.107,-18.375,-17.784,0.000000
17721.630859,-19.790,7.999643,0.001583,8.107,-18.379,-17.788,0.000000
17782.968750,-19.394,-0.414839,0.001515,8.107,-18.384,-17.792,0.000000
17844.535156,-19.443,-0.350912,0.001526,8.107,-18.388,-17.795,0.000000
17906.296875,-18.901,4.080554,0.001435,8.107,-18.392,-17.799,0.000000
17968.291016,-18.260,7.114706,0.001335,8.107,-18.396,-17.803,0.000000
18030.480469,-17.995,-3.983071,0.001297,8.107,-18.400,-17.806,0.000000
18092.886719,-17.042,0.046922,0.001164,8.107,-18.404,-17.810,0.000000
18155.525391,-15.610,-14.056685,0.000988,8.107,-18.409,-17.814,0.000000
18218.382812,-15.746,-10.657603,0.001005,8.107,-18.413,-17.818,0.000000
18281.421875,-14.864,-4.497355,0.000909,8.107,-18.417,-17.821,0.000000
18344.712891,-14.477,-6.329782,0.000870,8.107,-18.422,-17.825,0.000000
18408.224609,-14.534,7.917999,0.000877,8.107,-18.426,-17.829,0.000000
18471.955078,-12.974,16.453753,0.000733,8.107,-18.430,-17.833,0.000000
18535.888672,-11.785,12.745624,0.000640,8.107,-18.434,-17.837,0.000000
18600.044922,-10.741,0.785253,0.000619,8.107,-18.439,-17.840,0.000000
18664.439453,-10.921,0.555420,0.000603,8.107,-18.443,-17.844,0.000000
18729.041016,-9.731,-10.540984,0.000507,8.107,-18.448,-17.848,0.000000
18793.880859,-9.474,-24.587114,0.000648,8.107,-18.452,-17.852,0.000000
18858.929688,-7.347,-4.246644,0.000609,8.107,-18.456,-17.856,0.000000
18924.220703,-5.473,-8.697824,0.000480,8.107,-18.461,-17.860,0.000000
18989.720703,-4.827,-22.099451,0.000467,8.107,-18.465,-17.864,0.000000
19055.447266,-4.765,-28.871796,0.000685,8.107,-18.470,-17.868,0.000000
19121.417969,-4.241,-31.194723,0.000592,8.107,-18.474,-17.872,0.000000
19187.619141,-3.576,-32.471085,0.000463,8.107,-18.479,-17.876,0.000000
19254.029297,-2.914,-36.746677,0.000663,8.107,-18.483,-17.880,0.000000
19320.669922,-2.175,-9.071256,0.000754,8.107,-18.488,-17.884,0.000000
19387.560547,-1.584,-24.188356,0.000677,8.107,-18.492,-17.888,0.000000
19454.664062,-3.595,-42.512932,0.000603,8.107,-18.497,-17.892,0.000000
19522.017578,-5.121,-54.133560,0.002516,8.107,-18.501,-17.896,0.000000
19589.585938,-201.557,0.000000,0.000000,8.107,-18.506,-17.900,0.000000
19657.406250,-201.553,0.000000,0.000000,8.107,-18.510,-17.904,0.000000
19725.443359,-201.548,0.000000,0.000000,8.107,-18.515,-17.908,0.000000
19793.716797,-201.544,0.000000,0.000000,8.107,-18.520,-17.912,0.000000
19862.244141,-201.539,0.000000,0.000000,8.107,-18.524,-17.916,0.000000
19931.009766,-201.535,0.000000,0.000000,8.107,-18.529,-17.920,0.000000
19999.974609,-201.530,0.000000,0.000000,8.107,-18.534,-17.924,0.000000
