frequency_hz,spl_db,phase_deg,thd_percent,rt60_ms,c50_db,c80_db,group_delay_ms
20.000000,-33.985,-11.296234,0.010018,9.494,12.180,12.850,0.000000
20.069233,-33.568,-11.692221,0.009548,9.494,12.180,12.850,0.000000
20.138704,-32.790,-11.468558,0.008731,9.494,12.180,12.850,0.000000
20.208418,-34.083,-24.197178,0.010131,9.494,12.180,12.850,0.000000
20.278366,-34.419,-28.001333,0.010532,9.494,12.180,12.850,0.000000
20.348562,-35.144,-54.392986,0.011448,9.494,12.180,12.850,0.000000
20.419001,-35.616,-65.287773,0.012088,9.494,12.180,12.850,0.000000
20.489683,-35.358,-31.333174,0.011734,9.494,12.180,12.850,0.000000
20.560612,-34.559,-43.866302,0.010705,9.494,12.180,12.850,0.000000
20.631784,-34.834,-59.473530,0.011050,9.494,12.180,12.850,0.000000
20.703203,-34.918,-95.462898,0.011160,9.494,12.180,12.850,0.000000
20.774866,-35.283,-78.655899,0.011642,9.494,12.180,12.850,0.000000
20.846781,-35.570,-58.225060,0.012035,9.494,12.180,12.850,0.000000
20.918943,-37.138,-80.620522,0.014419,9.494,12.180,12.850,0.000000
20.991358,-37.067,-65.415108,0.014302,9.494,12.180,12.850,0.000000
21.064020,-36.187,-78.948914,0.012924,9.494,12.180,12.850,0.000000
21.136936,-35.690,-80.876274,0.012205,9.494,12.180,12.850,0.000000
21.210104,-34.837,-101.720657,0.011063,9.494,12.180,12.850,0.000000
21.283520,-34.579,-122.257484,0.010740,9.494,12.180,12.850,0.000000
21.357197,-34.525,-127.883560,0.010673,9.494,12.180,12.850,0.000000
21.431126,-34.687,-120.082031,0.010875,9.494,12.180,12.850,0.000000
21.505312,-35.484,-117.536240,0.011922,9.494,12.180,12.850,0.000000
21.579756,-35.992,-69.543442,0.012641,9.494,12.180,12.850,0.000000
21.654457,-36.335,-92.713188,0.013153,9.494,12.180,12.850,0.000000
21.729416,-36.622,-113.175232,0.013598,9.494,12.180,12.850,0.000000
21.804630,-36.767,-122.714050,0.013829,9.494,12.180,12.850,0.000000
21.880110,-37.086,-146.498871,0.014349,9.494,12.180,12.850,0.000000
21.955851,-36.450,-174.912308,0.013336,9.494,12.180,12.850,0.000000
22.031853,-37.515,-56.515423,0.015076,9.494,12.180,12.850,0.000000
22.108118,-38.056,-81.431503,0.016045,9.494,12.180,12.850,0.000000
22.184649,-37.930,-71.313622,0.015813,9.494,12.180,12.850,0.000000
22.261442,-38.751,-51.817299,0.017381,9.494,12.180,12.850,0.000000
22.338503,-37.710,-51.421043,0.015419,9.494,12.180,12.850,0.000000
22.415825,-37.976,-135.773483,0.015898,9.494,12.180,12.850,0.000000
22.493420,-37.782,32.743340,0.015549,9.494,12.180,12.850,0.000000
22.571283,-38.419,21.677357,0.016735,9.494,12.180,12.850,0.000000
22.649418,-38.418,21.677357,0.016735,9.494,12.180,12.850,0.000000
22.727821,-39.948,-44.850128,0.019963,9.494,12.180,12.850,0.000000
22.806496,-42.393,-45.449600,0.026455,9.494,12.180,12.850,0.000000
22.885437,-41.811,127.303551,0.024745,9.494,12.180,12.850,0.000000
22.964659,-42.360,100.748421,0.026364,9.494,12.180,12.850,0.000000
23.044153,-40.361,99.237473,0.020948,9.494,12.180,12.850,0.000000
23.123922,-40.363,162.841843,0.020956,9.494,12.180,12.850,0.000000
23.203970,-41.108,116.254242,0.022836,9.494,12.180,12.850,0.000000
23.284292,-41.038,17.974575,0.022657,9.494,12.180,12.850,0.000000
23.364893,-41.535,-21.541729,0.023998,9.494,12.180,12.850,0.000000
23.445774,-41.546,67.296654,0.024033,9.494,12.180,12.850,0.000000
23.526928,-41.709,36.666866,0.024490,9.494,12.180,12.850,0.000000
23.608370,-41.636,14.411044,0.024284,9.494,12.180,12.850,0.000000
23.690092,-42.586,10.443259,0.027093,9.494,12.180,12.850,0.000000
23.772099,-42.349,-2.938637,0.026362,9.494,12.180,12.850,0.000000
23.854389,-42.729,-15.232059,0.027540,9.494,12.180,12.850,0.000000
23.936964,-43.883,-33.347549,0.031453,9.494,12.180,12.850,0.000000
24.019825,-43.618,-33.634087,0.030509,9.494,12.180,12.850,0.000000
24.102966,-43.207,-10.828409,0.029098,9.494,12.180,12.850,0.000000
24.186401,-43.175,-15.881934,0.028996,9.494,12.180,12.850,0.000000
24.270124,-42.826,-28.578543,0.027860,9.494,12.180,12.850,0.000000
24.354139,-42.954,-56.214890,0.028282,9.494,12.180,12.850,0.000000
24.438444,-42.533,-68.014503,0.026948,9.494,12.180,12.850,0.000000
24.523041,-42.055,-68.290604,0.025509,9.494,12.180,12.850,0.000000
24.607929,-42.220,-52.633965,0.026004,9.494,12.180,12.850,0.000000
24.693108,-41.802,-75.506775,0.024786,9.494,12.180,12.850,0.000000
24.778585,-41.884,-75.713112,0.025025,9.494,12.180,12.850,0.000000
24.864359,-42.114,-73.738708,0.025700,9.494,12.180,12.850,0.000000
24.950430,-42.696,-75.757713,0.027486,9.494,12.180,12.850,0.000000
25.036798,-42.857,-59.634399,0.028006,9.494,12.180,12.850,0.000000
25.123466,-42.104,-13.930130,0.025684,9.494,12.180,12.850,0.000000
25.210434,-42.095,-16.121256,0.025662,9.494,12.180,12.850,0.000000
25.297697,-41.879,-18.334929,0.025033,9.494,12.180,12.850,0.000000
25.385267,-41.822,-24.013153,0.024867,9.494,12.180,12.850,0.000000
25.473143,-41.884,-54.337757,0.025045,9.494,12.180,12.850,0.000000
25.561321,-42.927,-55.008194,0.028241,9.494,12.180,12.850,0.000000
25.649803,-43.133,-61.833172,0.028919,9.494,12.180,12.850,0.000000
25.738594,-43.933,-45.984882,0.031709,9.494,12.180,12.850,0.000000
25.827690,-44.499,-45.635662,0.033844,9.494,12.180,12.850,0.000000
25.917089,-44.270,-48.076756,0.032970,9.494,12.180,12.850,0.000000
26.006805,-43.683,-46.072777,0.030822,9.494,12.180,12.850,0.000000
26.096830,-43.666,-65.617729,0.030765,9.494,12.180,12.850,0.000000
26.187168,-43.434,-56.588196,0.029962,9.494,12.180,12.850,0.000000
26.277819,-43.622,-50.058601,0.030622,9.494,12.180,12.850,0.000000
26.368782,-43.382,-67.613655,0.029792,9.494,12.180,12.850,0.000000
26.460054,-43.650,-74.270927,0.030731,9.494,12.180,12.850,0.000000
26.551649,-43.542,-52.814583,0.030356,9.494,12.180,12.850,0.000000
26.643560,-43.156,-55.177990,0.029042,9.494,12.180,12.850,0.000000
26.735790,-42.503,-74.471939,0.026943,9.494,12.180,12.850,0.000000
26.828339,-41.491,-63.011616,0.023984,9.494,12.180,12.850,0.000000
26.921207,-41.840,-78.588440,0.024971,9.494,12.180,12.850,0.000000
27.014399,-42.242,-88.326302,0.026160,9.494,12.180,12.850,0.000000
27.107912,-42.401,-84.032982,0.026643,9.494,12.180,12.850,0.000000
27.201744,-42.348,-94.373077,0.026481,9.494,12.180,12.850,0.000000
27.295906,-42.051,-97.943893,0.025590,9.494,12.180,12.850,0.000000
27.390394,-42.391,-98.782761,0.026613,9.494,12.180,12.850,0.000000
27.485209,-42.076,-89.776581,0.025666,9.494,12.180,12.850,0.000000
27.580351,-40.869,-99.237617,0.022335,9.494,12.180,12.850,0.000000
27.675825,-41.161,-111.042374,0.023102,9.494,12.180,12.850,0.000000
27.771622,-41.288,-114.736549,0.023446,9.494,12.180,12.850,0.000000
27.867756,-41.135,-114.478920,0.023039,9.494,12.180,12.850,0.000000
27.964224,-40.549,-118.393829,0.021539,9.494,12.180,12.850,0.000000
28.061024,-40.492,-121.296280,0.021403,9.494,12.180,12.850,0.000000
28.158161,-39.738,-124.108932,0.019627,9.494,12.180,12.850,0.000000
28.255634,-39.467,-129.315170,0.019027,9.494,12.180,12.850,0.000000
28.353443,-39.887,-130.353867,0.019973,9.494,12.180,12.850,0.000000
28.451593,-38.806,-137.541687,0.017638,9.494,12.180,12.850,0.000000
28.550081,-39.344,-136.969986,0.018769,9.494,12.180,12.850,0.000000
28.648903,-38.775,-134.029739,0.017582,9.494,12.180,12.850,0.000000
28.748075,-37.966,-137.770920,0.016022,9.494,12.180,12.850,0.000000
28.847589,-38.023,-138.920746,0.016131,9.494,12.180,12.850,0.000000
28.947449,-37.998,-136.917419,0.016085,9.494,12.180,12.850,0.000000
29.047655,-36.976,-142.990814,0.014300,9.494,12.180,12.850,0.000000
29.148207,-36.937,-146.496521,0.014236,9.494,12.180,12.850,0.000000
29.249100,-36.482,-149.700912,0.013508,9.494,12.180,12.850,0.000000
29.350348,-36.288,-154.642410,0.013211,9.494,12.180,12.850,0.000000
29.451948,-35.817,-161.479218,0.012514,9.494,12.180,12.850,0.000000
29.553900,-35.931,-161.023117,0.012679,9.494,12.180,12.850,0.000000
29.656204,-35.973,-160.375595,0.012742,9.494,12.180,12.850,0.000000
29.758862,-35.442,-155.223495,0.011989,9.494,12.180,12.850,0.000000
29.861876,-34.367,-162.892242,0.010595,9.494,12.180,12.850,0.000000
29.965246,-33.355,-177.187927,0.009431,9.494,12.180,12.850,0.000000
30.068968,-34.134,-172.776016,0.010317,9.494,12.180,12.850,0.000000
30.173054,-32.978,-167.379105,0.009033,9.494,12.180,12.850,0.000000
30.277502,-32.281,-172.270248,0.008338,9.494,12.180,12.850,0.000000
30.382311,-30.863,-174.912231,0.007083,9.494,12.180,12.850,0.000000
30.487482,-30.528,-178.321899,0.006816,9.494,12.180,12.850,0.000000
30.593019,-30.772,173.104523,0.007012,9.494,12.180,12.850,0.000000
30.698914,-29.929,172.789963,0.006365,9.494,12.180,12.850,0.000000
30.805182,-29.156,165.049133,0.005824,9.494,12.180,12.850,0.000000
30.911816,-28.685,153.148056,0.005517,9.494,12.180,12.850,0.000000
31.018822,-28.491,147.846756,0.005396,9.494,12.180,12.850,0.000000
31.126196,-27.699,144.759384,0.004926,9.494,12.180,12.850,0.000000
31.233944,-27.623,140.747452,0.004883,9.494,12.180,12.850,0.000000
31.342064,-27.061,136.227921,0.004577,9.494,12.180,12.850,0.000000
31.450558,-26.719,130.634598,0.004400,9.494,12.180,12.850,0.000000
31.559420,-25.851,126.243881,0.003982,9.494,12.180,12.850,0.000000
31.668667,-25.645,128.401154,0.003889,9.494,12.180,12.850,0.000000
31.778292,-24.248,123.369141,0.003311,9.494,12.180,12.850,0.000000
31.888296,-23.527,115.841988,0.003048,9.494,12.180,12.850,0.000000
31.998680,-22.978,107.705406,0.002862,9.494,12.180,12.850,0.000000
32.109447,-22.714,87.976479,0.002776,9.494,12.180,12.850,0.000000
32.220600,-22.640,134.008224,0.002753,9.494,12.180,12.850,0.000000
32.332127,-21.725,123.130699,0.002479,9.494,12.180,12.850,0.000000
32.444046,-21.508,103.873367,0.002418,9.494,12.180,12.850,0.000000
32.556355,-21.649,85.472664,0.002458,9.494,12.180,12.850,0.000000
32.669052,-22.243,116.103607,0.002632,9.494,12.180,12.850,0.000000
32.782143,-21.881,125.785690,0.002525,9.494,12.180,12.850,0.000000
32.895622,-21.988,106.266220,0.002557,9.494,12.180,12.850,0.000000
33.009491,-22.487,95.793808,0.002708,9.494,12.180,12.850,0.000000
33.123760,-23.550,89.618744,0.003062,9.494,12.180,12.850,0.000000
33.238411,-23.641,100.349594,0.003095,9.494,12.180,12.850,0.000000
33.353470,-23.257,88.268158,0.002961,9.494,12.180,12.850,0.000000
33.468929,-23.828,81.789726,0.003162,9.494,12.180,12.850,0.000000
33.584785,-24.112,78.985176,0.003267,9.494,12.180,12.850,0.000000
33.701042,-24.195,80.205368,0.003298,9.494,12.180,12.850,0.000000
33.817696,-23.778,72.202888,0.003144,9.494,12.180,12.850,0.000000
33.934757,-24.055,64.991066,0.003245,9.494,12.180,12.850,0.000000
34.052227,-24.173,62.916676,0.003290,9.494,12.180,12.850,0.000000
34.170105,-24.181,61.826221,0.003294,9.494,12.180,12.850,0.000000
34.288387,-23.454,59.609238,0.003030,9.494,12.180,12.850,0.000000
34.407082,-23.485,52.605160,0.003041,9.494,12.180,12.850,0.000000
34.526184,-23.710,49.944508,0.003122,9.494,12.180,12.850,0.000000
34.645702,-23.590,48.266994,0.003079,9.494,12.180,12.850,0.000000
34.765621,-23.474,44.075047,0.003039,9.494,12.180,12.850,0.000000
34.885967,-23.280,41.789394,0.002972,9.494,12.180,12.850,0.000000
35.006729,-23.407,38.436798,0.003016,9.494,12.180,12.850,0.000000
35.127911,-23.130,36.868950,0.002922,9.494,12.180,12.850,0.000000
35.249508,-23.033,33.298473,0.002890,9.494,12.180,12.850,0.000000
35.371529,-22.951,31.260836,0.002864,9.494,12.180,12.850,0.000000
35.493965,-22.899,28.151667,0.002847,9.494,12.180,12.850,0.000000
35.616829,-22.852,26.117781,0.002832,9.494,12.180,12.850,0.000000
35.740120,-22.748,24.520287,0.002798,9.494,12.180,12.850,0.000000
35.863842,-22.596,21.839800,0.002750,9.494,12.180,12.850,0.000000
35.987988,-22.416,20.731453,0.002693,9.494,12.180,12.850,0.000000
36.112564,-22.136,18.514275,0.002608,9.494,12.180,12.850,0.000000
36.237572,-21.706,16.116148,0.002482,9.494,12.180,12.850,0.000000
36.363010,-21.655,13.491591,0.002468,9.494,12.180,12.850,0.000000
36.488888,-21.480,11.662169,0.002419,9.494,12.180,12.850,0.000000
36.615189,-21.242,10.042307,0.002353,9.494,12.180,12.850,0.000000
36.741936,-20.780,7.823325,0.002232,9.494,12.180,12.850,0.000000
36.869122,-20.528,6.055625,0.002169,9.494,12.180,12.850,0.000000
36.996750,-20.099,2.531991,0.002064,9.494,12.180,12.850,0.000000
37.124817,-19.868,-0.539707,0.002011,9.494,12.180,12.850,0.000000
37.253323,-19.591,-3.749277,0.001948,9.494,12.180,12.850,0.000000
37.382278,-19.330,-6.735150,0.001890,9.494,12.180,12.850,0.000000
37.511681,-19.131,-8.642967,0.001848,9.494,12.180,12.850,0.000000
37.641533,-18.661,-12.561481,0.001751,9.494,12.180,12.850,0.000000
37.771832,-18.446,-14.594896,0.001708,9.494,12.180,12.850,0.000000
37.902584,-18.002,-20.034029,0.001624,9.494,12.180,12.850,0.000000
38.033791,-17.869,-22.539135,0.001599,9.494,12.180,12.850,0.000000
38.165447,-17.710,-24.974659,0.001570,9.494,12.180,12.850,0.000000
38.297562,-17.429,-29.599506,0.001520,9.494,12.180,12.850,0.000000
38.430122,-17.208,-32.066597,0.001482,9.494,12.180,12.850,0.000000
38.563152,-16.882,-37.600693,0.001428,9.494,12.180,12.850,0.000000
38.696644,-16.720,-40.101120,0.001401,9.494,12.180,12.850,0.000000
38.830597,-16.514,-45.595169,0.001368,9.494,12.180,12.850,0.000000
38.965015,-16.357,-47.892372,0.001344,9.494,12.180,12.850,0.000000
39.099895,-16.169,-51.955471,0.001315,9.494,12.180,12.850,0.000000
39.235237,-16.001,-56.050346,0.001290,9.494,12.180,12.850,0.000000
39.371052,-15.886,-60.104473,0.001273,9.494,12.180,12.850,0.000000
39.507339,-15.723,-63.821251,0.001250,9.494,12.180,12.850,0.000000
39.644100,-15.565,-68.112511,0.001228,9.494,12.180,12.850,0.000000
39.781334,-15.550,-72.324280,0.001226,9.494,12.180,12.850,0.000000
39.919041,-15.474,-76.114067,0.001215,9.494,12.180,12.850,0.000000
40.057224,-15.386,-80.139175,0.001203,9.494,12.180,12.850,0.000000
40.195889,-15.308,-84.810341,0.001193,9.494,12.180,12.850,0.000000
40.335030,-15.253,-89.579353,0.001185,9.494,12.180,12.850,0.000000
40.474644,-15.334,-93.801521,0.001197,9.494,12.180,12.850,0.000000
40.614754,-15.421,-99.455460,0.001209,9.494,12.180,12.850,0.000000
40.755344,-15.440,-102.175179,0.001212,9.494,12.180,12.850,0.000000
40.896423,-15.495,-108.423882,0.001220,9.494,12.180,12.850,0.000000
41.037983,-15.590,-111.428848,0.001233,9.494,12.180,12.850,0.000000
41.180042,-15.760,-117.290344,0.001258,9.494,12.180,12.850,0.000000
41.322590,-15.912,-120.287750,0.001280,9.494,12.180,12.850,0.000000
41.465633,-16.261,-125.666504,0.001332,9.494,12.180,12.850,0.000000
41.609173,-16.523,-128.825851,0.001373,9.494,12.180,12.850,0.000000
41.753204,-16.732,-132.289124,0.001406,9.494,12.180,12.850,0.000000
41.897739,-17.216,-136.311432,0.001487,9.494,12.180,12.850,0.000000
42.042774,-17.441,-138.006165,0.001526,9.494,12.180,12.850,0.000000
42.188309,-17.947,-140.574051,0.001618,9.494,12.180,12.850,0.000000
42.334339,-18.366,-141.574219,0.001698,9.494,12.180,12.850,0.000000
42.480885,-18.663,-142.705246,0.001758,9.494,12.180,12.850,0.000000
42.627937,-18.947,-142.619492,0.001817,9.494,12.180,12.850,0.000000
42.775497,-19.135,-142.560944,0.001857,9.494,12.180,12.850,0.000000
42.923573,-19.282,-142.851944,0.001889,9.494,12.180,12.850,0.000000
43.072155,-19.268,-142.910202,0.001886,9.494,12.180,12.850,0.000000
43.221245,-19.316,-142.462265,0.001897,9.494,12.180,12.850,0.000000
43.370861,-19.069,-143.115601,0.001844,9.494,12.180,12.850,0.000000
43.520992,-18.807,-144.336472,0.001789,9.494,12.180,12.850,0.000000
43.671646,-18.645,-145.093231,0.001757,9.494,12.180,12.850,0.000000
43.822823,-18.346,-146.742783,0.001697,9.494,12.180,12.850,0.000000
43.974518,-18.056,-149.125320,0.001642,9.494,12.180,12.850,0.000000
44.126743,-17.794,-151.119476,0.001593,9.494,12.180,12.850,0.000000
44.279491,-17.584,-153.859207,0.001555,9.494,12.180,12.850,0.000000
44.432770,-17.361,-156.539734,0.001516,9.494,12.180,12.850,0.000000
44.586567,-17.090,-160.453537,0.001469,9.494,12.180,12.850,0.000000
44.740910,-17.072,-161.960571,0.001466,9.494,12.180,12.850,0.000000
44.895786,-16.827,-165.319489,0.001425,9.494,12.180,12.850,0.000000
45.051197,-16.652,-169.214066,0.001397,9.494,12.180,12.850,0.000000
45.207138,-16.603,-171.242386,0.001389,9.494,12.180,12.850,0.000000
45.363636,-16.452,-174.857651,0.001366,9.494,12.180,12.850,0.000000
45.520660,-16.405,-178.888687,0.001359,9.494,12.180,12.850,0.000000
45.678234,-16.392,178.123474,0.001357,9.494,12.180,12.850,0.000000
45.836353,-16.341,175.766556,0.001349,9.494,12.180,12.850,0.000000
45.995022,-16.327,172.090286,0.001347,9.494,12.180,12.850,0.000000
46.154240,-16.216,169.636551,0.001330,9.494,12.180,12.850,0.000000
46.314007,-16.178,165.390533,0.001325,9.494,12.180,12.850,0.000000
46.474327,-16.178,162.116592,0.001325,9.494,12.180,12.850,0.000000
46.635193,-16.090,159.710892,0.001312,9.494,12.180,12.850,0.000000
46.796627,-16.032,156.694046,0.001303,9.494,12.180,12.850,0.000000
46.958618,-15.996,153.053986,0.001298,9.494,12.180,12.850,0.000000
47.121170,-15.990,149.101196,0.001297,9.494,12.180,12.850,0.000000
47.284286,-16.021,146.530228,0.001302,9.494,12.180,12.850,0.000000
47.447968,-15.971,143.660416,0.001294,9.494,12.180,12.850,0.000000
47.612202,-15.988,139.434616,0.001297,9.494,12.180,12.850,0.000000
47.777020,-16.105,135.544876,0.001315,9.494,12.180,12.850,0.000000
47.942402,-16.175,131.542511,0.001325,9.494,12.180,12.850,0.000000
48.108360,-16.257,128.907532,0.001338,9.494,12.180,12.850,0.000000
48.274895,-16.379,125.510750,0.001357,9.494,12.180,12.850,0.000000
48.442005,-16.577,121.643539,0.001389,9.494,12.180,12.850,0.000000
48.609692,-16.832,118.206078,0.001430,9.494,12.180,12.850,0.000000
48.777958,-17.003,114.683647,0.001459,9.494,12.180,12.850,0.000000
48.946812,-17.241,112.231682,0.001500,9.494,12.180,12.850,0.000000
49.116234,-17.509,109.073761,0.001547,9.494,12.180,12.850,0.000000
49.286255,-17.797,105.960739,0.001599,9.494,12.180,12.850,0.000000
49.456863,-18.052,103.211739,0.001647,9.494,12.180,12.850,0.000000
49.628067,-18.261,100.963379,0.001688,9.494,12.180,12.850,0.000000
49.799858,-18.492,98.433464,0.001733,9.494,12.180,12.850,0.000000
49.972248,-18.735,95.831383,0.001783,9.494,12.180,12.850,0.000000
50.145218,-18.861,93.908775,0.001809,9.494,12.180,12.850,0.000000
50.318802,-19.044,91.329971,0.001848,9.494,12.180,12.850,0.000000
50.492989,-19.258,88.465378,0.001894,9.494,12.180,12.850,0.000000
50.667774,-19.494,85.750969,0.001946,9.494,12.180,12.850,0.000000
50.843166,-19.778,83.142410,0.002011,9.494,12.180,12.850,0.000000
51.019169,-20.011,80.563820,0.002066,9.494,12.180,12.850,0.000000
51.195774,-20.255,77.995155,0.002125,9.494,12.180,12.850,0.000000
51.372997,-20.556,74.882492,0.002200,9.494,12.180,12.850,0.000000
51.550816,-20.829,72.859207,0.002270,9.494,12.180,12.850,0.000000
51.729267,-21.229,69.965645,0.002377,9.494,12.180,12.850,0.000000
51.908333,-21.631,67.890549,0.002490,9.494,12.180,12.850,0.000000
52.088020,-22.070,66.189583,0.002619,9.494,12.180,12.850,0.000000
52.268330,-22.466,64.008080,0.002742,9.494,12.180,12.850,0.000000
52.449261,-22.944,62.337883,0.002898,9.494,12.180,12.850,0.000000
52.630810,-23.477,61.395874,0.003082,9.494,12.180,12.850,0.000000
52.812996,-23.918,60.884079,0.003243,9.494,12.180,12.850,0.000000
52.995815,-24.409,60.473324,0.003432,9.494,12.180,12.850,0.000000
53.179264,-24.871,60.495029,0.003620,9.494,12.180,12.850,0.000000
53.363350,-25.329,61.443089,0.003817,9.494,12.180,12.850,0.000000
53.548077,-25.657,62.565536,0.003964,9.494,12.180,12.850,0.000000
53.733437,-25.957,63.041374,0.004105,9.494,12.180,12.850,0.000000
53.919441,-26.342,64.197083,0.004291,9.494,12.180,12.850,0.000000
54.106079,-26.613,66.065887,0.004427,9.494,12.180,12.850,0.000000
54.293373,-26.738,67.835655,0.004492,9.494,12.180,12.850,0.000000
54.481316,-26.810,68.982040,0.004529,9.494,12.180,12.850,0.000000
54.669895,-26.924,70.604980,0.004589,9.494,12.180,12.850,0.000000
54.859169,-26.910,72.860291,0.004582,9.494,12.180,12.850,0.000000
55.049042,-26.614,74.723953,0.004428,9.494,12.180,12.850,0.000000
55.239601,-26.456,75.583916,0.004348,9.494,12.180,12.850,0.000000
55.430820,-26.365,76.651657,0.004304,9.494,12.180,12.850,0.000000
55.622700,-26.159,78.120819,0.004203,9.494,12.180,12.850,0.000000
55.815247,-25.863,79.456932,0.004063,9.494,12.180,12.850,0.000000
56.008457,-25.596,79.371544,0.003941,9.494,12.180,12.850,0.000000
56.202335,-25.386,79.761810,0.003847,9.494,12.180,12.850,0.000000
56.396889,-25.043,80.078972,0.003699,9.494,12.180,12.850,0.000000
56.592110,-24.583,78.906754,0.003509,9.494,12.180,12.850,0.000000
56.788010,-24.351,77.919357,0.003417,9.494,12.180,12.850,0.000000
56.984589,-24.095,77.641617,0.003318,9.494,12.180,12.850,0.000000
57.181820,-23.655,76.604080,0.003155,9.494,12.180,12.850,0.000000
57.379791,-23.324,74.828026,0.003038,9.494,12.180,12.850,0.000000
57.578388,-22.932,72.732956,0.002904,9.494,12.180,12.850,0.000000
57.777702,-22.603,70.072624,0.002797,9.494,12.180,12.850,0.000000
57.977707,-22.245,67.866760,0.002684,9.494,12.180,12.850,0.000000
58.178406,-21.975,65.041527,0.002602,9.494,12.180,12.850,0.000000
58.379795,-21.808,62.034828,0.002552,9.494,12.180,12.850,0.000000
58.581886,-21.513,58.834579,0.002467,9.494,12.180,12.850,0.000000
58.784672,-21.274,56.421947,0.002400,9.494,12.180,12.850,0.000000
58.988163,-21.025,52.358826,0.002332,9.494,12.180,12.850,0.000000
59.192356,-20.888,49.519318,0.002296,9.494,12.180,12.850,0.000000
59.397259,-20.663,46.432472,0.002237,9.494,12.180,12.850,0.000000
59.602867,-20.544,43.934429,0.002207,9.494,12.180,12.850,0.000000
59.809193,-20.391,41.147964,0.002169,9.494,12.180,12.850,0.000000
60.016228,-20.292,37.908752,0.002145,9.494,12.180,12.850,0.000000
60.223953,-20.138,35.635429,0.002108,9.494,12.180,12.850,0.000000
60.432423,-20.083,33.072239,0.002095,9.494,12.180,12.850,0.000000
60.641617,-20.000,30.010715,0.002075,9.494,12.180,12.850,0.000000
60.851536,-19.989,27.078691,0.002073,9.494,12.180,12.850,0.000000
61.062180,-19.884,24.617533,0.002049,9.494,12.180,12.850,0.000000
61.273556,-19.723,20.864460,0.002012,9.494,12.180,12.850,0.000000
61.485661,-19.683,17.885843,0.002004,9.494,12.180,12.850,0.000000
61.698502,-19.566,14.702800,0.001977,9.494,12.180,12.850,0.000000
61.912075,-19.298,10.706657,0.001918,9.494,12.180,12.850,0.000000
62.126392,-19.202,7.141159,0.001897,9.494,12.180,12.850,0.000000
62.341450,-19.049,2.824877,0.001865,9.494,12.180,12.850,0.000000
62.557251,-18.861,-1.679758,0.001825,9.494,12.180,12.850,0.000000
62.773800,-18.689,-5.637263,0.001790,9.494,12.180,12.850,0.000000
62.991070,-18.566,-12.222166,0.001765,9.494,12.180,12.850,0.000000
63.209152,-18.482,-16.365076,0.001748,9.492,12.223,12.892,0.000000
63.427925,-18.406,-21.436203,0.001733,9.490,12.267,12.936,0.000000
63.647522,-18.468,-29.198601,0.001746,9.488,12.311,12.980,0.000000
63.867813,-18.599,-33.961906,0.001773,9.486,12.355,13.025,0.000000
64.088898,-18.677,-40.466125,0.001790,9.484,12.400,13.069,0.000000
64.310753,-18.844,-46.893185,0.001825,9.482,12.445,13.113,0.000000
64.533371,-19.231,-53.072037,0.001909,9.480,12.489,13.158,0.000000
64.756760,-19.574,-58.798000,0.001987,9.478,12.534,13.203,0.000000
64.980919,-19.896,-65.011673,0.002062,9.476,12.580,13.248,0.000000
65.205864,-20.387,-71.237099,0.002182,9.474,12.625,13.293,0.000000
65.431580,-20.898,-76.446320,0.002315,9.472,12.670,13.338,0.000000
65.658081,-21.302,-80.185837,0.002426,9.470,12.716,13.384,0.000000
65.885361,-21.942,-86.398689,0.002612,9.467,12.762,13.430,0.000000
66.113434,-22.473,-90.880440,0.002777,9.465,12.808,13.475,0.000000
66.342262,-22.954,-95.549820,0.002936,9.463,12.854,13.521,0.000000
66.571945,-23.416,-99.288223,0.003097,9.461,12.900,13.567,0.000000
66.802353,-24.208,-104.971535,0.003394,9.459,12.947,13.614,0.000000
67.033600,-24.641,-108.155556,0.003570,9.457,12.993,13.660,0.000000
67.265648,-25.405,-113.964203,0.003900,9.455,13.040,13.707,0.000000
67.498489,-25.789,-114.088806,0.004078,9.453,13.087,13.753,0.000000
67.732147,-26.545,-117.280388,0.004451,9.450,13.134,13.800,0.000000
67.966606,-27.114,-124.698547,0.004756,9.448,13.181,13.847,0.000000
68.201881,-27.917,-127.108253,0.005218,9.446,13.229,13.895,0.000000
68.437973,-28.793,-129.832687,0.005774,9.444,13.276,13.942,0.000000
68.674881,-29.509,-132.912537,0.006272,9.442,13.324,13.990,0.000000
68.912605,-30.033,-136.819550,0.006664,9.439,13.372,14.037,0.000000
69.151154,-31.442,-142.398773,0.007841,9.437,13.420,14.085,0.000000
69.390495,-32.139,-138.546265,0.008499,9.435,13.468,14.133,0.000000
69.630730,-32.774,-148.489838,0.009146,9.433,13.517,14.182,0.000000
69.871735,-33.964,-162.284393,0.010493,9.431,13.565,14.230,0.000000
70.113640,-34.900,-161.307419,0.011691,9.428,13.614,14.279,0.000000
70.356308,-35.299,-154.020325,0.012244,9.426,13.663,14.327,0.000000
70.599854,-35.377,-166.168381,0.012358,9.424,13.712,14.376,0.000000
70.844246,-36.335,-171.593292,0.013804,9.421,13.761,14.425,0.000000
71.089478,-36.843,-170.335281,0.014641,9.419,13.811,14.474,0.000000
71.335564,-36.970,-177.501709,0.014862,9.417,13.860,14.524,0.000000
71.582504,-37.321,175.031342,0.015479,9.415,13.910,14.573,0.000000
71.830292,-38.117,174.057846,0.016971,9.412,13.960,14.623,0.000000
72.078941,-38.245,-168.390762,0.017228,9.410,14.010,14.673,0.000000
72.328453,-37.733,176.924530,0.016249,9.408,14.060,14.723,0.000000
72.578827,-37.990,153.996155,0.016743,9.405,14.111,14.774,0.000000
72.830063,-39.256,170.080795,0.019378,9.403,14.161,14.824,0.000000
73.082176,-39.082,163.057343,0.018998,9.401,14.212,14.875,0.000000
73.335159,-38.945,141.555618,0.018708,9.398,14.263,14.925,0.000000
73.588982,-38.611,104.939835,0.018009,9.396,14.314,14.976,0.000000
73.843719,-38.735,122.917175,0.018273,9.394,14.366,15.028,0.000000
74.099335,-37.986,103.833183,0.016770,9.391,14.417,15.079,0.000000
74.355843,-37.298,73.915848,0.015499,9.389,14.469,15.130,0.000000
74.613228,-37.763,45.360847,0.016356,9.387,14.521,15.182,0.000000
74.871513,-37.657,65.654724,0.016161,9.384,14.573,15.234,0.000000
75.130692,-37.235,58.441029,0.015397,9.382,14.625,15.286,0.000000
75.390762,-37.685,35.266590,0.016218,9.379,14.678,15.338,0.000000
75.651733,-37.806,31.439396,0.016448,9.377,14.730,15.391,0.000000
75.913612,-37.660,40.163780,0.016177,9.374,14.783,15.443,0.000000
76.176399,-37.739,26.975033,0.016328,9.372,14.836,15.496,0.000000
76.440094,-37.977,23.581610,0.016784,9.370,14.889,15.549,0.000000
76.704697,-38.379,23.010056,0.017583,9.367,14.942,15.602,0.000000
76.970184,-38.026,28.092588,0.016884,9.365,14.996,15.655,0.000000
77.236664,-38.380,17.352417,0.017590,9.362,15.050,15.709,0.000000
77.503990,-38.223,24.757898,0.017278,9.360,15.103,15.762,0.000000
77.772278,-38.009,20.629757,0.016860,9.357,15.158,15.816,0.000000
78.041496,-38.327,13.837561,0.017491,9.355,15.212,15.870,0.000000
78.311646,-38.786,8.755374,0.018444,9.352,15.266,15.925,0.000000
78.582733,-38.551,8.931185,0.017955,9.350,15.321,15.979,0.000000
78.854752,-38.910,7.206414,0.018717,9.347,15.376,16.034,0.000000
79.127716,-39.099,2.745009,0.019132,9.345,15.431,16.088,0.000000
79.401627,-39.744,0.013339,0.020609,9.342,15.486,16.143,0.000000
79.676483,-39.575,2.128642,0.020217,9.340,15.541,16.199,0.000000
79.952293,-39.993,-3.682903,0.021216,9.337,15.597,16.254,0.000000
80.229057,-40.132,-0.330810,0.021560,9.334,15.653,16.310,0.000000
80.506744,-39.969,-0.339906,0.021158,9.332,15.709,16.365,0.000000
80.785469,-40.181,-2.043240,0.021681,9.329,15.765,16.421,0.000000
81.065079,-40.185,-3.407274,0.021692,9.327,15.821,16.477,0.000000
81.345734,-40.463,-6.204524,0.022395,9.324,15.878,16.534,0.000000
81.627281,-40.712,-1.821099,0.023049,9.321,15.934,16.590,0.000000
81.909843,-40.598,-1.529528,0.022747,9.319,15.991,16.647,0.000000
82.193382,-40.922,-4.906068,0.023611,9.316,16.049,16.704,0.000000
82.477905,-41.686,-1.792076,0.025781,9.314,16.106,16.761,0.000000
82.763412,-41.885,-0.550811,0.026380,9.311,16.163,16.818,0.000000
83.049904,-41.845,-2.097664,0.026258,9.308,16.221,16.876,0.000000
83.337395,-41.997,0.371424,0.026724,9.306,16.279,16.934,0.000000
83.625877,-42.209,3.447111,0.027384,9.303,16.337,16.992,0.000000
83.915352,-42.186,5.678514,0.027312,9.300,16.396,17.050,0.000000
84.205795,-42.340,1.386029,0.027798,9.298,16.454,17.108,0.000000
84.497330,-42.513,5.101821,0.028358,9.295,16.513,17.167,0.000000
84.789780,-42.584,7.742292,0.028592,9.292,16.572,17.225,0.000000
85.083336,-41.979,6.283275,0.026667,9.289,16.631,17.284,0.000000
85.377815,-41.577,8.186626,0.025461,9.287,16.690,17.343,0.000000
85.673363,-41.353,9.766866,0.024812,9.284,16.750,17.403,0.000000
85.969933,-40.580,10.038388,0.022696,9.281,16.810,17.462,0.000000
86.267525,-40.121,10.552036,0.021525,9.278,16.870,17.522,0.000000
86.566154,-39.294,9.865285,0.019566,9.276,16.930,17.582,0.000000
86.865814,-38.842,11.625765,0.018571,9.273,16.990,17.642,0.000000
87.166504,-38.125,9.438677,0.017097,9.270,17.051,17.703,0.000000
87.468246,-37.642,8.218607,0.016168,9.267,17.112,17.763,0.000000
87.771027,-37.295,8.469095,0.015535,9.264,17.173,17.824,0.000000
88.074852,-36.633,2.835289,0.014394,9.262,17.234,17.885,0.000000
88.379738,-36.028,-0.497351,0.013426,9.259,17.295,17.946,0.000000
88.685677,-34.550,2.262836,0.011325,9.256,17.357,18.008,0.000000
88.992668,-33.778,-2.670325,0.010361,9.253,17.419,18.069,0.000000
89.300682,-33.555,-6.701279,0.010098,9.250,17.481,18.131,0.000000
89.609810,-33.533,-12.713118,0.010074,9.247,17.543,18.193,0.000000
89.920006,-33.471,-17.940075,0.010001,9.245,17.606,18.255,0.000000
90.231270,-33.405,-22.194118,0.009924,9.242,17.669,18.318,0.000000
90.543617,-33.365,-29.588049,0.009877,9.239,17.731,18.381,0.000000
90.857048,-33.480,-34.175003,0.010006,9.236,17.795,18.444,0.000000
91.171562,-33.747,-37.539009,0.010318,9.233,17.858,18.507,0.000000
91.487160,-34.891,-45.036797,0.011767,9.230,17.922,18.570,0.000000
91.803856,-35.500,-49.601700,0.012619,9.227,17.985,18.634,0.000000
92.121643,-35.773,-51.257324,0.013022,9.224,18.049,18.697,0.000000
92.440536,-35.630,-55.540058,0.012810,9.221,18.114,18.761,0.000000
92.760529,-35.725,-58.056973,0.012951,9.218,18.178,18.826,0.000000
93.081627,-35.816,-61.751835,0.013086,9.215,18.243,18.890,0.000000
93.403793,-36.017,-62.490879,0.013393,9.212,18.308,18.955,0.000000
93.727173,-36.320,-66.516983,0.013869,9.209,18.373,19.020,0.000000
94.051575,-36.895,-71.003937,0.014817,9.206,18.438,19.085,0.000000
94.377190,-37.461,-72.471786,0.015812,9.203,18.504,19.150,0.000000
94.703842,-37.613,-74.608665,0.016088,9.200,18.570,19.216,0.000000
95.031670,-37.939,-79.882492,0.016700,9.197,18.636,19.282,0.000000
95.360634,-38.146,-81.313530,0.017101,9.194,18.702,19.348,0.000000
95.690735,-38.405,-82.557312,0.017615,9.191,18.769,19.414,0.000000
96.021980,-38.499,-86.061615,0.017803,9.188,18.836,19.481,0.000000
96.354370,-38.538,-89.718956,0.017882,9.185,18.903,19.547,0.000000
96.687912,-38.156,-90.670486,0.017109,9.182,18.970,19.614,0.000000
97.022606,-37.655,-93.783951,0.016147,9.179,19.037,19.681,0.000000
97.358459,-37.607,-98.806473,0.016056,9.176,19.105,19.749,0.000000
97.695435,-37.738,-103.817963,0.016296,9.172,19.173,19.817,0.000000
98.033661,-37.688,-107.182312,0.016200,9.169,19.241,19.884,0.000000
98.372971,-37.708,-113.446648,0.016234,9.166,19.309,19.953,0.000000
98.713547,-37.540,-115.506897,0.015923,9.163,19.378,20.021,0.000000
99.055214,-37.544,-120.545090,0.015930,9.160,19.447,20.090,0.000000
99.398102,-37.584,-129.067413,0.016004,9.157,19.516,20.158,0.000000
99.742180,-37.698,-135.628281,0.016215,9.153,19.585,20.228,0.000000
100.087448,-37.755,-141.845657,0.016322,9.150,19.655,20.297,0.000000
100.433914,-37.810,-148.790543,0.016425,9.147,19.725,20.366,0.000000
100.781578,-37.791,-156.031982,0.016391,9.144,19.795,20.436,0.000000
101.130447,-37.949,-163.942413,0.016689,9.141,19.865,20.506,0.000000
101.480522,-38.056,-171.965088,0.016892,9.137,19.936,20.577,0.000000
101.831802,-38.159,177.849899,0.017091,9.134,20.006,20.647,0.000000
102.184258,-38.184,168.113724,0.017136,9.131,20.077,20.718,0.000000
102.538033,-38.542,162.516190,0.017854,9.127,20.149,20.789,0.000000
102.892975,-38.750,156.227615,0.018284,9.124,20.220,20.860,0.000000
103.249153,-38.967,149.309982,0.018743,9.121,20.292,20.932,0.000000
103.606514,-39.220,143.352768,0.019295,9.118,20.364,21.003,0.000000
103.965157,-39.284,140.679764,0.019434,9.114,20.436,21.075,0.000000
104.325050,-39.194,135.050385,0.019230,9.111,20.509,21.148,0.000000
104.686180,-39.184,129.059464,0.019203,9.108,20.582,21.220,0.000000
105.048561,-39.449,125.787010,0.019795,9.104,20.655,21.293,0.000000
105.412201,-39.271,122.144318,0.019391,9.101,20.728,21.366,0.000000
105.777100,-39.073,119.231644,0.018952,9.097,20.802,21.439,0.000000
106.143257,-38.865,117.373543,0.018498,9.094,20.875,21.513,0.000000
106.510689,-38.724,112.670143,0.018198,9.091,20.949,21.587,0.000000
106.879387,-38.435,108.864540,0.017600,9.087,21.024,21.661,0.000000
107.249359,-38.329,106.486526,0.017384,9.084,21.098,21.735,0.000000
107.620613,-38.195,103.524681,0.017114,9.080,21.173,21.809,0.000000
107.993156,-38.225,100.807159,0.017170,9.077,21.248,21.884,0.000000
108.366936,-37.915,100.553711,0.016566,9.073,21.324,21.959,0.000000
108.742065,-37.925,99.354073,0.016583,9.070,21.399,22.035,0.000000
109.118484,-37.770,97.685547,0.016286,9.066,21.475,22.110,0.000000
109.496208,-37.560,93.964287,0.015893,9.063,21.551,22.186,0.000000
109.875244,-37.348,91.971107,0.015509,9.059,21.628,22.262,0.000000
110.255592,-36.957,91.122612,0.014822,9.056,21.704,22.338,0.000000
110.637253,-36.643,87.551018,0.014293,9.052,21.781,22.415,0.000000
111.020241,-36.336,86.013359,0.013792,9.049,21.858,22.492,0.000000
111.404549,-35.948,83.998741,0.013185,9.045,21.936,22.569,0.000000
111.790184,-35.647,81.390266,0.012731,9.042,22.013,22.647,0.000000
112.177162,-35.076,77.768829,0.011917,9.038,22.091,22.724,0.000000
112.565475,-34.732,75.367874,0.011451,9.034,22.170,22.802,0.000000
112.955132,-34.296,73.510437,0.010887,9.031,22.248,22.880,0.000000
113.346085,-33.961,71.337555,0.010472,9.027,22.327,22.959,0.000000
113.738503,-33.628,68.752167,0.010077,9.024,22.406,23.038,0.000000
114.132164,-33.240,66.820168,0.009634,9.020,22.485,23.117,0.000000
114.527306,-32.784,63.743763,0.009140,9.016,22.565,23.196,0.000000
114.923698,-32.362,60.494911,0.008706,9.013,22.645,23.276,0.000000
115.321518,-32.171,57.083683,0.008514,9.009,22.725,23.356,0.000000
115.720718,-31.863,54.889248,0.008216,9.005,22.806,23.436,0.000000
116.121300,-31.576,51.281826,0.007948,9.001,22.886,23.516,0.000000
116.523270,-31.379,46.824902,0.007769,8.998,22.967,23.597,0.000000
116.926628,-31.236,43.297050,0.007641,8.994,23.049,23.678,0.000000
117.331383,-31.153,39.767597,0.007567,8.990,23.130,23.759,0.000000
117.737541,-31.097,36.344212,0.007517,8.986,23.212,23.841,0.000000
118.145103,-31.135,33.575199,0.007548,8.983,23.294,23.923,0.000000
118.554016,-31.156,31.055639,0.007565,8.979,23.377,24.005,0.000000
118.964462,-31.171,28.217279,0.007577,8.975,23.459,24.087,0.000000
119.376213,-31.337,24.512449,0.007722,8.971,23.542,24.170,0.000000
119.789505,-31.387,22.132586,0.007765,8.967,23.626,24.253,0.000000
120.204117,-31.482,19.227964,0.007849,8.964,23.709,24.336,0.000000
120.620216,-31.504,16.963821,0.007867,8.960,23.793,24.419,0.000000
121.037758,-31.567,13.950822,0.007923,8.956,23.877,24.503,0.000000
121.456741,-31.512,11.681896,0.007873,8.952,23.962,24.587,0.000000
121.877174,-31.592,8.228679,0.007946,8.948,24.046,24.672,0.000000
122.299072,-31.581,5.479899,0.007936,8.944,24.131,24.757,0.000000
122.722420,-31.679,3.077318,0.008026,8.940,24.217,24.842,0.000000
123.147240,-31.686,1.012869,0.008032,8.936,24.302,24.927,0.000000
123.573532,-31.741,-1.601257,0.008083,8.932,24.388,25.012,0.000000
124.001297,-31.703,-3.466399,0.008048,8.928,24.474,25.098,0.000000
124.430542,-31.700,-5.515902,0.008044,8.924,24.561,25.185,0.000000
124.861267,-31.813,-7.575791,0.008148,8.920,24.648,25.271,0.000000
125.293488,-31.887,-9.707779,0.008216,8.919,24.668,25.290,0.000000
125.727150,-31.894,-11.723531,0.008222,8.918,24.658,25.278,0.000000
126.162369,-31.837,-12.971755,0.008167,8.918,24.647,25.265,0.000000
126.599091,-31.781,-14.495238,0.008112,8.918,24.636,25.253,0.000000
127.037331,-31.709,-16.605488,0.008044,8.917,24.625,25.240,0.000000
127.477089,-31.517,-19.011446,0.007868,8.917,24.615,25.227,0.000000
127.918365,-31.457,-21.215616,0.007814,8.916,24.604,25.214,0.000000
128.361160,-31.354,-23.216909,0.007722,8.916,24.593,25.202,0.000000
128.805511,-31.199,-26.284401,0.007585,8.916,24.582,25.189,0.000000
129.251373,-30.951,-28.631416,0.007372,8.915,24.571,25.176,0.000000
129.698792,-30.846,-31.585417,0.007283,8.915,24.560,25.163,0.000000
130.147766,-30.806,-35.203968,0.007251,8.914,24.549,25.150,0.000000
130.598282,-30.723,-38.987438,0.007183,8.914,24.538,25.137,0.000000
131.050369,-30.755,-42.046215,0.007211,8.913,24.527,25.124,0.000000
131.503952,-30.743,-45.681206,0.007202,8.913,24.515,25.111,0.000000
131.959229,-30.702,-50.015842,0.007169,8.913,24.504,25.097,0.000000
132.415955,-30.825,-54.324081,0.007273,8.912,24.493,25.084,0.000000
132.874329,-30.886,-57.984528,0.007325,8.912,24.482,25.071,0.000000
133.334290,-31.078,-62.147202,0.007489,8.911,24.470,25.058,0.000000
133.795853,-31.199,-65.758453,0.007594,8.911,24.459,25.044,0.000000
134.259003,-31.266,-69.772865,0.007653,8.910,24.447,25.031,0.000000
134.723755,-31.297,-74.057053,0.007680,8.910,24.436,25.017,0.000000
135.190109,-31.357,-79.256050,0.007733,8.910,24.424,25.004,0.000000
135.658081,-31.550,-83.502663,0.007907,8.909,24.413,24.990,0.000000
136.127686,-31.559,-87.488091,0.007915,8.909,24.401,24.977,0.000000
136.598907,-31.583,-91.833374,0.007938,8.908,24.390,24.963,0.000000
137.071762,-31.695,-97.108337,0.008043,8.908,24.378,24.949,0.000000
137.546249,-31.750,-103.083580,0.008096,8.907,24.366,24.936,0.000000
138.022385,-31.831,-108.871391,0.008173,8.907,24.355,24.922,0.000000
138.500092,-31.883,-115.044182,0.008223,8.907,24.343,24.908,0.000000
138.979599,-31.938,-120.277306,0.008277,8.906,24.331,24.894,0.000000
139.460617,-31.867,-125.671104,0.008210,8.906,24.319,24.880,0.000000
139.943375,-31.791,-131.099854,0.008139,8.905,24.307,24.866,0.000000
140.427811,-31.645,-136.843506,0.008004,8.905,24.295,24.852,0.000000
140.913925,-31.444,-143.719391,0.007821,8.904,24.283,24.838,0.000000
141.401703,-31.109,-149.913132,0.007525,8.904,24.271,24.824,0.000000
141.891190,-30.853,-156.563965,0.007306,8.903,24.259,24.810,0.000000
142.382355,-30.637,-163.089676,0.007126,8.903,24.247,24.796,0.000000
142.875229,-30.247,-170.813080,0.006815,8.902,24.235,24.781,0.000000
143.369812,-29.905,-178.640915,0.006553,8.902,24.223,24.767,0.000000
143.866104,-29.583,172.671936,0.006315,8.902,24.211,24.753,0.000000
144.364120,-29.273,163.595383,0.006095,8.901,24.198,24.738,0.000000
144.863785,-29.017,154.281952,0.005919,8.901,24.186,24.724,0.000000
145.365311,-28.827,145.425781,0.005792,8.900,24.174,24.709,0.000000
145.868439,-28.718,136.618301,0.005720,8.900,24.161,24.695,0.000000
146.373383,-28.681,127.819855,0.005697,8.899,24.149,24.680,0.000000
146.880066,-28.583,119.110970,0.005634,8.899,24.136,24.666,0.000000
147.388504,-28.540,110.469917,0.005607,8.898,24.124,24.651,0.000000
147.898712,-28.623,103.225395,0.005662,8.898,24.111,24.636,0.000000
148.410675,-28.666,96.320457,0.005691,8.897,24.098,24.621,0.000000
148.924423,-28.794,88.937477,0.005777,8.897,24.086,24.606,0.000000
149.439941,-29.020,82.583847,0.005930,8.896,24.073,24.591,0.000000
149.957245,-29.088,76.852341,0.005978,8.896,24.060,24.577,0.000000
150.476334,-29.200,71.436798,0.006057,8.895,24.048,24.561,0.000000
150.997238,-29.293,66.678505,0.006123,8.895,24.035,24.546,0.000000
151.519852,-29.477,61.884991,0.006254,8.894,24.022,24.531,0.000000
152.044434,-29.651,58.316628,0.006382,8.894,24.009,24.516,0.000000
152.570679,-29.834,53.498062,0.006520,8.893,23.996,24.501,0.000000
153.098892,-29.953,49.637463,0.006610,8.893,23.983,24.486,0.000000
153.628784,-30.103,45.952351,0.006725,8.892,23.970,24.470,0.000000
154.160660,-30.181,42.695671,0.006786,8.892,23.957,24.455,0.000000
154.694229,-30.442,40.045467,0.006992,8.891,23.943,24.439,0.000000
155.229797,-30.377,37.987518,0.006941,8.891,23.930,24.424,0.000000
155.767075,-30.373,36.146122,0.006937,8.890,23.917,24.408,0.000000
156.306274,-30.374,33.985210,0.006938,8.890,23.904,24.393,0.000000
156.847351,-30.367,32.658669,0.006932,8.889,23.890,24.377,0.000000
157.390305,-30.042,31.940533,0.006678,8.889,23.877,24.361,0.000000
157.935120,-29.698,31.837456,0.006419,8.888,23.864,24.346,0.000000
158.481750,-29.185,30.547228,0.006051,8.888,23.850,24.330,0.000000
159.030441,-28.490,27.967718,0.005585,8.887,23.837,24.314,0.000000
159.580856,-27.840,24.278679,0.005183,8.887,23.823,24.298,0.000000
160.133347,-27.383,19.350832,0.004917,8.886,23.809,24.282,0.000000
160.687592,-26.985,14.592337,0.004697,8.886,23.796,24.266,0.000000
161.243912,-26.572,9.247481,0.004478,8.885,23.782,24.250,0.000000
161.801987,-26.287,1.896808,0.004334,8.885,23.768,24.234,0.000000
162.362167,-26.112,-5.579397,0.004247,8.884,23.754,24.217,0.000000
162.924133,-26.091,-12.034884,0.004237,8.884,23.741,24.201,0.000000
163.488113,-26.110,-18.318100,0.004247,8.883,23.727,24.185,0.000000
164.054047,-26.241,-24.642588,0.004311,8.883,23.713,24.168,0.000000
164.621933,-26.442,-31.301710,0.004412,8.882,23.699,24.152,0.000000
165.191788,-26.543,-36.707344,0.004463,8.882,23.685,24.136,0.000000
165.763535,-26.898,-42.037712,0.004650,8.881,23.671,24.119,0.000000
166.337433,-27.216,-47.739010,0.004823,8.881,23.656,24.102,0.000000
166.913147,-27.491,-53.223957,0.004978,8.880,23.642,24.086,0.000000
167.491013,-27.979,-59.478306,0.005266,8.879,23.628,24.069,0.000000
168.070801,-28.368,-63.362385,0.005506,8.879,23.614,24.052,0.000000
168.652603,-28.985,-67.101349,0.005911,8.878,23.599,24.035,0.000000
169.236328,-29.542,-70.700958,0.006301,8.878,23.585,24.018,0.000000
169.822250,-30.068,-72.628311,0.006693,8.877,23.570,24.002,0.000000
170.410019,-30.607,-75.170738,0.007121,8.877,23.556,23.985,0.000000
170.999924,-31.081,-76.783562,0.007518,8.876,23.541,23.967,0.000000
171.591858,-31.597,-78.156746,0.007977,8.876,23.527,23.950,0.000000
172.185837,-32.077,-79.670715,0.008429,8.875,23.512,23.933,0.000000
172.781876,-32.305,-81.697533,0.008653,8.874,23.497,23.916,0.000000
173.379990,-32.385,-82.711113,0.008730,8.874,23.483,23.899,0.000000
173.980164,-32.364,-84.417084,0.008708,8.873,23.468,23.881,0.000000
174.582336,-32.466,-86.722824,0.008809,8.873,23.453,23.864,0.000000
175.186752,-32.666,-89.062759,0.009013,8.872,23.438,23.846,0.000000
175.793182,-32.678,-90.031990,0.009024,8.872,23.423,23.829,0.000000
176.401703,-32.575,-92.799576,0.008916,8.871,23.408,23.811,0.000000
177.012253,-32.546,-93.953354,0.008884,8.871,23.393,23.793,0.000000
177.625092,-32.303,-96.931870,0.008638,8.870,23.378,23.776,0.000000
178.239883,-32.198,-99.612495,0.008533,8.869,23.363,23.758,0.000000
178.856964,-32.411,-102.669304,0.008744,8.869,23.348,23.740,0.000000
179.476013,-32.555,-105.877846,0.008887,8.868,23.332,23.722,0.000000
180.097290,-32.508,-110.597054,0.008838,8.868,23.317,23.704,0.000000
180.720718,-32.373,-113.613174,0.008701,8.867,23.302,23.686,0.000000
181.346298,-32.431,-119.865791,0.008757,8.866,23.286,23.668,0.000000
181.974045,-32.352,-125.529343,0.008677,8.866,23.271,23.650,0.000000
182.603882,-32.413,-128.571609,0.008736,8.865,23.255,23.632,0.000000
183.236084,-32.406,-132.428452,0.008727,8.865,23.240,23.613,0.000000
183.870377,-32.372,-137.406128,0.008692,8.864,23.224,23.595,0.000000
184.506866,-32.486,-140.900391,0.008803,8.864,23.208,23.576,0.000000
185.145462,-32.434,-144.487152,0.008748,8.863,23.193,23.558,0.000000
185.786453,-32.291,-148.069290,0.008602,8.862,23.177,23.539,0.000000
186.429489,-32.214,-151.261932,0.008524,8.862,23.161,23.521,0.000000
187.074921,-32.091,-152.896164,0.008401,8.861,23.145,23.502,0.000000
187.722412,-31.872,-156.020416,0.008188,8.861,23.129,23.483,0.000000
188.372238,-31.772,-158.884644,0.008092,8.860,23.113,23.465,0.000000
189.024307,-31.577,-161.463913,0.007910,8.859,23.097,23.446,0.000000
189.678650,-31.321,-164.475708,0.007678,8.859,23.081,23.427,0.000000
190.335236,-30.891,-168.400726,0.007304,8.858,23.065,23.408,0.000000
190.994110,-30.627,-172.131454,0.007083,8.857,23.048,23.389,0.000000
191.655258,-30.428,-175.603302,0.006920,8.857,23.032,23.370,0.000000
192.318695,-29.991,179.790817,0.006578,8.856,23.016,23.350,0.000000
192.984421,-29.649,175.037262,0.006322,8.856,22.999,23.331,0.000000
193.652374,-29.461,170.905594,0.006185,8.855,22.983,23.312,0.000000
194.322815,-29.082,166.335129,0.005919,8.854,22.966,23.292,0.000000
194.995392,-28.839,162.000412,0.005753,8.854,22.950,23.273,0.000000
195.670486,-28.496,157.246429,0.005528,8.853,22.933,23.253,0.000000
196.347733,-28.421,152.840042,0.005479,8.852,22.916,23.234,0.000000
197.027405,-28.189,147.955795,0.005333,8.852,22.900,23.214,0.000000
197.709442,-28.018,143.284393,0.005227,8.851,22.883,23.194,0.000000
198.393829,-27.803,138.805618,0.005098,8.851,22.866,23.175,0.000000
199.080597,-27.575,134.660522,0.004964,8.850,22.849,23.155,0.000000
199.769745,-27.336,129.850296,0.004827,8.849,22.832,23.135,0.000000
200.461258,-27.124,124.452515,0.004709,8.849,22.815,23.115,0.000000
201.155182,-26.888,119.664345,0.004581,8.848,22.798,23.095,0.000000
201.851501,-26.776,115.495422,0.004521,8.847,22.781,23.074,0.000000
202.550232,-26.608,110.826393,0.004432,8.847,22.763,23.054,0.000000
203.251389,-26.524,106.162849,0.004387,8.846,22.746,23.034,0.000000
203.954865,-26.451,101.352997,0.004348,8.845,22.729,23.014,0.000000
204.660980,-26.459,96.948601,0.004350,8.845,22.711,22.993,0.000000
205.369339,-26.500,92.272224,0.004368,8.844,22.694,22.973,0.000000
206.080246,-26.621,88.078873,0.004427,8.843,22.676,22.952,0.000000
206.793625,-26.775,84.081413,0.004505,8.843,22.659,22.931,0.000000
207.509567,-26.955,79.833534,0.004598,8.842,22.641,22.911,0.000000
208.227783,-27.037,77.386757,0.004640,8.841,22.623,22.890,0.000000
208.948685,-27.278,74.117615,0.004768,8.841,22.606,22.869,0.000000
209.671890,-27.436,71.300125,0.004855,8.840,22.588,22.848,0.000000
210.397690,-27.679,68.600342,0.004990,8.839,22.570,22.827,0.000000
211.126007,-27.850,66.991875,0.005088,8.839,22.552,22.806,0.000000
211.856842,-28.115,65.701523,0.005243,8.838,22.534,22.785,0.000000
212.590210,-28.186,64.372429,0.005283,8.837,22.516,22.764,0.000000
213.326019,-28.332,63.557674,0.005370,8.837,22.498,22.742,0.000000
214.064575,-28.308,63.215252,0.005352,8.836,22.479,22.721,0.000000
214.805481,-28.360,61.885361,0.005381,8.835,22.461,22.699,0.000000
215.549057,-28.263,61.505222,0.005319,8.835,22.443,22.678,0.000000
216.295197,-28.088,60.660053,0.005210,8.834,22.424,22.656,0.000000
217.044037,-27.844,59.272186,0.005064,8.833,22.406,22.635,0.000000
217.795258,-27.689,57.266033,0.004973,8.832,22.387,22.613,0.000000
218.549286,-27.467,54.931782,0.004846,8.832,22.369,22.591,0.000000
219.305710,-27.180,52.338242,0.004687,8.831,22.350,22.569,0.000000
220.064865,-26.990,49.090115,0.004584,8.830,22.332,22.547,0.000000
220.826645,-26.939,44.783314,0.004556,8.830,22.313,22.525,0.000000
221.591064,-26.824,41.250401,0.004494,8.829,22.294,22.503,0.000000
222.358124,-26.904,36.928043,0.004534,8.828,22.275,22.481,0.000000
223.127731,-27.010,33.042614,0.004588,8.827,22.256,22.459,0.000000
223.900223,-27.177,29.512999,0.004676,8.827,22.237,22.436,0.000000
224.675171,-27.306,26.247623,0.004744,8.826,22.218,22.414,0.000000
225.453018,-27.683,22.557907,0.004953,8.825,22.199,22.391,0.000000
226.233337,-28.002,20.210747,0.005136,8.825,22.179,22.369,0.000000
227.016586,-28.369,17.549234,0.005356,8.824,22.160,22.346,0.000000
227.802322,-28.738,15.698249,0.005587,8.823,22.141,22.323,0.000000
228.590988,-29.151,13.947618,0.005857,8.822,22.121,22.300,0.000000
229.382187,-29.458,13.048497,0.006065,8.822,22.102,22.278,0.000000
230.176208,-29.812,11.980847,0.006315,8.821,22.082,22.255,0.000000
230.972992,-30.159,11.576150,0.006570,8.820,22.063,22.232,0.000000
231.772537,-30.429,11.317601,0.006775,8.819,22.043,22.208,0.000000
232.574844,-30.598,10.518771,0.006906,8.819,22.023,22.185,0.000000
233.379822,-30.834,10.319596,0.007094,8.818,22.003,22.162,0.000000
234.187805,-31.089,10.400914,0.007303,8.817,21.983,22.138,0.000000
234.998352,-31.296,10.391470,0.007476,8.816,21.963,22.115,0.000000
235.811935,-31.477,10.191721,0.007631,8.816,21.943,22.091,0.000000
236.628113,-31.631,10.660503,0.007765,8.815,21.923,22.068,0.000000
237.447342,-31.808,10.136909,0.007922,8.814,21.903,22.044,0.000000
238.269180,-32.043,10.001704,0.008137,8.813,21.883,22.020,0.000000
239.094101,-32.303,10.129641,0.008381,8.813,21.862,21.996,0.000000
239.921631,-32.448,10.862245,0.008519,8.812,21.842,21.973,0.000000
240.752151,-32.650,11.303949,0.008716,8.811,21.821,21.948,0.000000
241.585541,-32.720,12.938753,0.008784,8.810,21.801,21.924,0.000000
242.421814,-32.863,13.370964,0.008927,8.809,21.780,21.900,0.000000
243.260986,-32.897,15.273148,0.008960,8.809,21.760,21.876,0.000000
244.102951,-32.834,15.919153,0.008893,8.808,21.739,21.851,0.000000
244.948059,-32.529,16.122869,0.008586,8.807,21.718,21.827,0.000000
245.795975,-32.531,17.266743,0.008586,8.806,21.697,21.802,0.000000
246.646820,-32.038,17.513941,0.008110,8.806,21.676,21.778,0.000000
247.500626,-31.841,18.608885,0.007928,8.805,21.655,21.753,0.000000
248.357376,-31.431,18.374428,0.007560,8.804,21.634,21.728,0.000000
249.216980,-31.060,17.013346,0.007242,8.803,21.613,21.703,0.000000
250.079788,-30.737,15.371449,0.006975,8.802,21.591,21.678,0.000000
250.945343,-30.544,13.018842,0.006820,8.802,21.560,21.647,0.000000
251.814026,-30.480,10.250971,0.006767,8.802,21.529,21.616,0.000000
252.685715,-30.342,8.012814,0.006658,8.802,21.498,21.585,0.000000
253.560410,-30.327,5.295976,0.006644,8.802,21.468,21.554,0.000000
254.438141,-30.391,2.538091,0.006692,8.801,21.437,21.523,0.000000
255.318909,-30.401,-0.719820,0.006698,8.801,21.405,21.491,0.000000
256.202728,-30.566,-3.934355,0.006825,8.801,21.374,21.460,0.000000
257.089600,-30.660,-7.141197,0.006899,8.801,21.343,21.428,0.000000
257.979553,-30.927,-10.392393,0.007113,8.801,21.311,21.397,0.000000
258.872559,-31.163,-12.686184,0.007307,8.800,21.280,21.365,0.000000
259.768677,-31.357,-14.829047,0.007471,8.800,21.248,21.333,0.000000
260.667786,-31.580,-17.810097,0.007663,8.800,21.216,21.301,0.000000
261.570251,-31.930,-18.880093,0.007975,8.800,21.185,21.269,0.000000
262.475555,-32.227,-21.249254,0.008250,8.799,21.153,21.237,0.000000
263.384277,-32.771,-22.690788,0.008780,8.799,21.120,21.204,0.000000
264.295898,-33.292,-22.448118,0.009320,8.799,21.088,21.172,0.000000
265.210785,-33.714,-22.749783,0.009780,8.799,21.056,21.139,0.000000
266.128845,-34.129,-20.857864,0.010255,8.799,21.023,21.107,0.000000
267.050201,-34.493,-19.740122,0.010692,8.798,20.991,21.074,0.000000
267.974518,-34.729,-17.469313,0.010985,8.798,20.958,21.041,0.000000
268.902130,-34.938,-15.628129,0.011251,8.798,20.925,21.008,0.000000
269.832977,-35.020,-13.766505,0.011355,8.798,20.893,20.975,0.000000
270.767029,-34.956,-12.241858,0.011271,8.798,20.860,20.942,0.000000
271.704315,-34.730,-11.476663,0.010979,8.797,20.826,20.908,0.000000
272.644714,-34.519,-12.088471,0.010714,8.797,20.793,20.875,0.000000
273.588654,-34.419,-13.274000,0.010589,8.797,20.760,20.841,0.000000
274.535583,-34.294,-16.214647,0.010436,8.797,20.726,20.807,0.000000
275.486053,-34.140,-19.128931,0.010251,8.796,20.693,20.774,0.000000
276.439545,-34.082,-23.013226,0.010181,8.796,20.659,20.740,0.000000
277.396454,-34.270,-26.992716,0.010402,8.796,20.625,20.706,0.000000
278.356689,-34.383,-31.390038,0.010537,8.796,20.591,20.671,0.000000
279.320404,-34.735,-36.626114,0.010970,8.796,20.557,20.637,0.000000
280.287170,-35.146,-41.896332,0.011500,8.795,20.523,20.603,0.000000
281.257416,-35.639,-46.505543,0.012170,8.795,20.489,20.568,0.000000
282.231018,-36.351,-50.655586,0.013207,8.795,20.455,20.533,0.000000
283.207977,-37.343,-56.528179,0.014802,8.795,20.420,20.499,0.000000
284.188354,-38.545,-63.114750,0.016995,8.794,20.385,20.464,0.000000
285.171967,-39.930,-72.091797,0.019930,8.794,20.351,20.429,0.000000
286.159271,-41.146,-80.255470,0.022922,8.794,20.316,20.394,0.000000
287.149689,-42.312,-96.493225,0.026210,8.794,20.281,20.358,0.000000
288.143829,-42.939,-119.105042,0.028168,8.793,20.246,20.323,0.000000
289.141144,-43.071,-168.945938,0.028594,8.793,20.210,20.287,0.000000
290.142029,-42.198,143.678833,0.025856,8.793,20.175,20.252,0.000000
291.146393,-41.121,119.997444,0.022835,8.793,20.140,20.216,0.000000
292.154358,-39.635,104.868721,0.019243,8.793,20.104,20.180,0.000000
293.165558,-38.059,94.870407,0.016050,8.792,20.068,20.144,0.000000
294.180389,-36.549,84.559296,0.013489,8.792,20.032,20.108,0.000000
295.198730,-35.375,74.281471,0.011784,8.792,19.996,20.072,0.000000
296.220581,-34.555,64.537094,0.010722,8.792,19.960,20.035,0.000000
297.246002,-33.758,57.636757,0.009782,8.791,19.924,19.999,0.000000
298.274933,-33.283,50.503853,0.009261,8.791,19.888,19.962,0.000000
299.307465,-32.932,45.493702,0.008894,8.791,19.851,19.926,0.000000
300.343414,-32.741,40.091328,0.008699,8.791,19.815,19.889,0.000000
301.383209,-32.551,36.143200,0.008509,8.790,19.778,19.852,0.000000
302.426361,-32.343,32.634399,0.008306,8.790,19.741,19.814,0.000000
303.473389,-32.086,29.287876,0.008063,8.790,19.704,19.777,0.000000
304.523743,-31.869,26.788504,0.007862,8.790,19.667,19.740,0.000000
305.578033,-31.555,23.502953,0.007582,8.789,19.630,19.702,0.000000
306.635681,-31.206,19.900997,0.007284,8.789,19.592,19.665,0.000000
307.697266,-30.941,15.840659,0.007065,8.789,19.555,19.627,0.000000
308.762268,-30.703,11.403250,0.006874,8.789,19.517,19.589,0.000000
309.831085,-30.569,6.597612,0.006768,8.788,19.479,19.551,0.000000
310.903595,-30.501,1.289861,0.006716,8.788,19.442,19.513,0.000000
311.979828,-30.459,-3.927538,0.006683,8.788,19.404,19.474,0.000000
313.059784,-30.593,-9.036937,0.006786,8.788,19.365,19.436,0.000000
314.143311,-30.761,-13.619268,0.006918,8.787,19.327,19.397,0.000000
315.230927,-31.042,-17.445454,0.007144,8.787,19.289,19.359,0.000000
316.322113,-31.376,-20.517298,0.007423,8.787,19.250,19.320,0.000000
317.417114,-31.781,-22.526432,0.007776,8.787,19.211,19.281,0.000000
318.515747,-31.999,-24.354326,0.007972,8.786,19.173,19.242,0.000000
319.618469,-32.222,-26.431311,0.008178,8.786,19.134,19.202,0.000000
320.724701,-32.349,-28.771109,0.008297,8.786,19.095,19.163,0.000000
321.835083,-32.537,-30.932528,0.008477,8.786,19.055,19.124,0.000000
322.949005,-32.795,-34.099865,0.008731,8.785,19.016,19.084,0.000000
324.066925,-33.014,-36.890167,0.008952,8.785,18.976,19.044,0.000000
325.188721,-33.303,-39.986454,0.009254,8.785,18.937,19.004,0.000000
326.314392,-33.783,-44.109360,0.009778,8.785,18.897,18.964,0.000000
327.443970,-34.204,-45.942219,0.010262,8.784,18.857,18.924,0.000000
328.577301,-34.781,-47.070671,0.010967,8.784,18.817,18.884,0.000000
329.714874,-35.338,-47.802208,0.011693,8.784,18.777,18.843,0.000000
330.856232,-35.932,-46.433163,0.012521,8.784,18.737,18.802,0.000000
332.001526,-36.379,-44.438141,0.013181,8.783,18.696,18.762,0.000000
333.150635,-36.497,-43.109684,0.013362,8.783,18.656,18.721,0.000000
334.304016,-36.544,-42.254063,0.013435,8.783,18.615,18.680,0.000000
335.461090,-36.426,-41.490513,0.013253,8.782,18.574,18.638,0.000000
336.622498,-36.216,-41.311821,0.012933,8.782,18.533,18.597,0.000000
337.787598,-35.897,-43.514587,0.012465,8.782,18.492,18.556,0.000000
338.956879,-35.550,-46.743294,0.011976,8.782,18.450,18.514,0.000000
340.130219,-35.469,-50.671196,0.011862,8.781,18.409,18.472,0.000000
341.307617,-35.423,-54.982506,0.011797,8.781,18.367,18.430,0.000000
342.489105,-35.534,-59.992729,0.011947,8.781,18.326,18.388,0.000000
343.674652,-35.851,-64.402557,0.012389,8.781,18.284,18.346,0.000000
344.864319,-36.139,-65.766777,0.012804,8.780,18.242,18.304,0.000000
346.058105,-36.128,-67.503517,0.012786,8.780,18.199,18.261,0.000000
347.256042,-36.295,-71.488762,0.013031,8.780,18.157,18.219,0.000000
348.457947,-36.806,-75.090752,0.013819,8.779,18.115,18.176,0.000000
349.664337,-37.401,-77.653236,0.014796,8.779,18.072,18.133,0.000000
350.874573,-37.890,-76.100563,0.015651,8.779,18.029,18.090,0.000000
352.089325,-38.050,-75.224869,0.015935,8.779,17.986,18.047,0.000000
353.307953,-37.868,-76.498894,0.015601,8.778,17.943,18.003,0.000000
354.530975,-37.993,-79.868988,0.015820,8.778,17.900,17.960,0.000000
355.758240,-38.562,-82.403587,0.016887,8.778,17.857,17.916,0.000000
356.989716,-38.948,-85.957016,0.017649,8.777,17.813,17.872,0.000000
358.225494,-39.222,-90.476433,0.018208,8.777,17.770,17.828,0.000000
359.465515,-39.619,-95.998016,0.019054,8.777,17.726,17.784,0.000000
360.709869,-39.773,-100.080879,0.019391,8.777,17.682,17.740,0.000000
361.958496,-40.298,-107.972412,0.020595,8.776,17.638,17.695,0.000000
363.211456,-41.405,-113.172485,0.023390,8.776,17.593,17.651,0.000000
364.468750,-42.112,-114.717682,0.025371,8.776,17.549,17.606,0.000000
365.730408,-42.367,-113.605949,0.026121,8.775,17.504,17.561,0.000000
366.996246,-42.359,-108.937370,0.026091,8.775,17.460,17.516,0.000000
368.266815,-41.992,-102.630486,0.025005,8.775,17.415,17.471,0.000000
369.541443,-40.770,-96.615974,0.021718,8.775,17.370,17.425,0.000000
370.820648,-39.481,-96.086571,0.018715,8.774,17.325,17.380,0.000000
372.104309,-38.323,-96.237183,0.016373,8.774,17.279,17.334,0.000000
373.392395,-37.244,-96.002342,0.014455,8.774,17.234,17.288,0.000000
374.684937,-36.146,-97.342957,0.012735,8.773,17.188,17.242,0.000000
375.982117,-35.126,-101.696564,0.011320,8.773,17.142,17.196,0.000000
377.283447,-34.208,-110.853645,0.010183,8.773,17.096,17.150,0.000000
378.589447,-33.451,-121.281898,0.009331,8.772,17.050,17.103,0.000000
379.899994,-32.902,-131.719879,0.008758,8.772,17.004,17.057,0.000000
381.215057,-32.561,-139.583374,0.008420,8.772,16.957,17.010,0.000000
382.534668,-32.264,-148.073868,0.008135,8.771,16.911,16.963,0.000000
383.858673,-32.056,-155.896774,0.007941,8.771,16.864,16.916,0.000000
385.187622,-31.945,-163.907730,0.007839,8.771,16.817,16.868,0.000000
386.520813,-31.985,-171.909683,0.007872,8.771,16.770,16.821,0.000000
387.859009,-32.034,-178.094849,0.007914,8.770,16.723,16.773,0.000000
389.201416,-32.198,176.587540,0.008062,8.770,16.675,16.725,0.000000
390.548889,-32.387,172.402405,0.008236,8.770,16.628,16.677,0.000000
391.900635,-32.621,167.997162,0.008459,8.769,16.580,16.629,0.000000
393.257416,-32.782,164.715118,0.008614,8.769,16.532,16.581,0.000000
394.618530,-32.899,162.575317,0.008729,8.769,16.484,16.533,0.000000
395.984558,-32.839,160.765533,0.008667,8.768,16.436,16.484,0.000000
397.355316,-32.617,159.441101,0.008447,8.768,16.387,16.435,0.000000
398.730804,-32.288,158.221649,0.008131,8.768,16.338,16.386,0.000000
400.111053,-31.899,156.973465,0.007774,8.767,16.290,16.337,0.000000
401.495880,-31.400,155.129776,0.007339,8.767,16.241,16.288,0.000000
402.885895,-30.913,153.266525,0.006937,8.767,16.192,16.238,0.000000
404.280365,-30.415,151.040039,0.006550,8.766,16.142,16.189,0.000000
405.679993,-29.968,148.576660,0.006220,8.766,16.093,16.139,0.000000
407.084106,-29.551,145.534317,0.005928,8.766,16.043,16.089,0.000000
408.493500,-29.197,141.968475,0.005690,8.765,15.994,16.039,0.000000
409.907349,-28.861,137.906479,0.005473,8.765,15.944,15.988,0.000000
411.326477,-28.553,134.207596,0.005281,8.765,15.893,15.938,0.000000
412.750122,-28.346,130.249115,0.005156,8.764,15.843,15.887,0.000000
414.178925,-28.121,126.339958,0.005023,8.764,15.793,15.836,0.000000
415.612640,-27.936,122.761124,0.004917,8.764,15.742,15.785,0.000000
417.051331,-27.760,119.431892,0.004817,8.763,15.691,15.734,0.000000
418.494995,-27.611,116.344688,0.004734,8.763,15.640,15.683,0.000000
419.943481,-27.474,113.314934,0.004660,8.763,15.589,15.631,0.000000
421.397369,-27.336,110.737747,0.004585,8.762,15.538,15.579,0.000000
422.855865,-27.168,107.862045,0.004497,8.762,15.486,15.527,0.000000
424.319855,-27.083,105.277138,0.004452,8.762,15.434,15.475,0.000000
425.788666,-26.980,102.688332,0.004399,8.761,15.382,15.423,0.000000
427.262604,-26.870,100.503082,0.004343,8.761,15.330,15.370,0.000000
428.741394,-26.716,98.199333,0.004266,8.761,15.278,15.318,0.000000
430.225739,-26.601,96.193954,0.004209,8.760,15.226,15.265,0.000000
431.714813,-26.430,93.825485,0.004126,8.760,15.173,15.212,0.000000
433.209259,-26.262,91.671417,0.004047,8.760,15.120,15.159,0.000000
434.708862,-26.059,89.721603,0.003954,8.759,15.067,15.105,0.000000
436.213654,-25.824,87.724571,0.003848,8.759,15.014,15.052,0.000000
437.723663,-25.537,85.452721,0.003723,8.759,14.961,14.998,0.000000
439.238892,-25.238,82.949600,0.003597,8.758,14.907,14.944,0.000000
440.759369,-24.967,80.104622,0.003486,8.758,14.854,14.890,0.000000
442.285095,-24.703,77.315773,0.003382,8.758,14.800,14.836,0.000000
443.816132,-24.435,74.314713,0.003279,8.757,14.746,14.781,0.000000
445.352448,-24.176,71.224785,0.003183,8.757,14.691,14.726,0.000000
446.894073,-23.904,67.750771,0.003085,8.756,14.637,14.672,0.000000
448.440857,-23.675,64.523186,0.003004,8.756,14.582,14.617,0.000000
449.993408,-23.480,60.526184,0.002938,8.756,14.527,14.561,0.000000
451.550873,-23.365,56.695339,0.002899,8.755,14.472,14.506,0.000000
453.114197,-23.345,52.757755,0.002893,8.755,14.417,14.450,0.000000
454.682495,-23.327,48.938656,0.002887,8.755,14.362,14.394,0.000000
456.256409,-23.388,45.974957,0.002908,8.754,14.306,14.338,0.000000
457.835815,-23.425,43.096413,0.002921,8.754,14.250,14.282,0.000000
459.420654,-23.364,40.680946,0.002901,8.754,14.194,14.226,0.000000
461.010986,-23.219,38.584698,0.002853,8.753,14.138,14.169,0.000000
462.606842,-22.970,36.385376,0.002773,8.753,14.082,14.112,0.000000
464.208221,-22.647,33.937897,0.002672,8.752,14.025,14.055,0.000000
465.815125,-22.230,31.184105,0.002547,8.752,13.968,13.998,0.000000
467.427582,-21.735,27.494749,0.002406,8.752,13.911,13.941,0.000000
469.045410,-21.336,22.404844,0.002298,8.751,13.854,13.883,0.000000
470.669312,-21.023,15.966712,0.002216,8.751,13.797,13.825,0.000000
472.298340,-20.897,8.828381,0.002185,8.751,13.739,13.767,0.000000
473.933502,-20.913,0.860280,0.002189,8.750,13.681,13.709,0.000000
475.573853,-21.148,-7.037261,0.002249,8.750,13.624,13.651,0.000000
477.220093,-21.549,-13.466034,0.002356,8.749,13.565,13.592,0.000000
478.872040,-22.078,-19.072035,0.002504,8.749,13.507,13.533,0.000000
480.529724,-22.720,-23.834747,0.002697,8.749,13.448,13.474,0.000000
482.193146,-23.391,-27.460131,0.002914,8.748,13.390,13.415,0.000000
483.862305,-23.995,-30.507206,0.003124,8.748,13.331,13.356,0.000000
485.537262,-24.525,-32.726757,0.003321,8.747,13.271,13.296,0.000000
487.217987,-24.971,-34.613617,0.003497,8.747,13.212,13.236,0.000000
488.904541,-25.372,-36.289497,0.003663,8.747,13.153,13.176,0.000000
490.596710,-25.606,-38.398933,0.003763,8.746,13.093,13.116,0.000000
492.295197,-25.766,-40.820827,0.003834,8.746,13.033,13.055,0.000000
493.999115,-25.902,-43.456268,0.003895,8.746,12.973,12.995,0.000000
495.709381,-26.010,-46.646118,0.003944,8.745,12.912,12.934,0.000000
497.425110,-26.179,-50.133823,0.004023,8.745,12.851,12.873,0.000000
499.147003,-26.379,-53.577469,0.004117,8.744,12.791,12.811,0.000000
500.874847,-26.592,-57.310154,0.004220,8.744,12.745,12.766,0.000000
502.608917,-26.804,-61.401730,0.004325,8.744,12.714,12.735,0.000000
504.348541,-27.005,-65.443039,0.004427,8.744,12.684,12.704,0.000000
506.094391,-27.295,-70.582588,0.004578,8.744,12.653,12.673,0.000000
507.846283,-27.623,-76.230774,0.004755,8.744,12.622,12.642,0.000000
509.604279,-28.059,-82.126709,0.005000,8.743,12.591,12.611,0.000000
511.368317,-28.538,-88.264160,0.005284,8.743,12.560,12.580,0.000000
513.138489,-29.057,-94.361595,0.005609,8.743,12.529,12.549,0.000000
514.914795,-29.711,-100.258072,0.006048,8.743,12.497,12.518,0.000000
516.696960,-30.417,-106.427277,0.006560,8.743,12.466,12.486,0.000000
518.485840,-31.269,-113.293694,0.007235,8.743,12.434,12.455,0.000000
520.280334,-32.142,-119.656471,0.008001,8.743,12.402,12.423,0.000000
522.081360,-33.169,-127.124863,0.009006,8.743,12.371,12.391,0.000000
523.888611,-34.231,-134.452911,0.010180,8.742,12.339,12.359,0.000000
525.702393,-35.250,-143.522690,0.011449,8.742,12.307,12.327,0.000000
527.521912,-36.375,-154.896988,0.013035,8.742,12.275,12.295,0.000000
529.348206,-37.410,-168.688889,0.014687,8.742,12.242,12.263,0.000000
531.180359,-38.302,175.341705,0.016279,8.742,12.210,12.230,0.000000
533.019104,-38.876,156.260223,0.017390,8.742,12.178,12.198,0.000000
534.864258,-39.266,131.245209,0.018191,8.742,12.145,12.165,0.000000
536.715698,-39.353,95.808304,0.018372,8.742,12.112,12.132,0.000000
538.573608,-39.238,54.800228,0.018131,8.741,12.080,12.100,0.000000
540.437683,-39.147,21.572025,0.017943,8.741,12.047,12.067,0.000000
542.308777,-39.186,-7.042015,0.018022,8.741,12.014,12.034,0.000000
544.185730,-39.284,-30.618296,0.018229,8.741,11.980,12.001,0.000000
546.069763,-39.435,-52.679455,0.018547,8.741,11.947,11.967,0.000000
547.959778,-39.557,-75.670357,0.018810,8.741,11.914,11.934,0.000000
549.856873,-39.568,-104.702385,0.018834,8.741,11.880,11.900,0.000000
551.760010,-39.363,-151.599426,0.018394,8.741,11.847,11.867,0.000000
553.670288,-38.974,161.060593,0.017589,8.740,11.813,11.833,0.000000
555.586609,-38.314,128.908737,0.016301,8.740,11.779,11.799,0.000000
557.509827,-37.319,105.740677,0.014536,8.740,11.745,11.765,0.000000
559.439697,-36.156,91.790283,0.012716,8.740,11.711,11.731,0.000000
561.376282,-34.832,76.500481,0.010917,8.740,11.677,11.697,0.000000
563.319519,-33.588,62.041084,0.009460,8.740,11.643,11.662,0.000000
565.269287,-32.534,48.776535,0.008380,8.740,11.608,11.628,0.000000
567.226318,-31.653,36.972710,0.007571,8.740,11.574,11.593,0.000000
569.189514,-30.970,25.210962,0.006999,8.739,11.539,11.559,0.000000
571.160156,-30.489,13.334644,0.006621,8.739,11.504,11.524,0.000000
573.136963,-30.185,2.035600,0.006393,8.739,11.469,11.489,0.000000
575.121216,-30.074,-8.579993,0.006310,8.739,11.434,11.454,0.000000
577.111816,-30.104,-18.790064,0.006331,8.739,11.399,11.419,0.000000
579.109863,-30.265,-27.095291,0.006448,8.739,11.364,11.384,0.000000
581.114197,-30.492,-35.640072,0.006618,8.739,11.329,11.348,0.000000
583.125793,-30.741,-43.281128,0.006809,8.738,11.293,11.313,0.000000
585.144348,-31.083,-51.104553,0.007081,8.738,11.257,11.277,0.000000
587.169922,-31.405,-59.223568,0.007347,8.738,11.222,11.241,0.000000
589.202454,-31.791,-67.587029,0.007680,8.738,11.186,11.205,0.000000
591.241760,-32.285,-76.473389,0.008128,8.738,11.150,11.169,0.000000
593.288696,-32.931,-86.548485,0.008754,8.738,11.114,11.133,0.000000
595.342468,-33.807,-96.549629,0.009681,8.738,11.077,11.097,0.000000
597.403320,-34.905,-105.333305,0.010984,8.737,11.041,11.060,0.000000
599.471008,-36.327,-111.627739,0.012935,8.737,11.004,11.024,0.000000
601.546448,-38.048,-113.628952,0.015767,8.737,10.968,10.987,0.000000
603.628479,-39.873,-109.446709,0.019451,8.737,10.931,10.950,0.000000
605.718262,-41.394,-102.706741,0.023170,8.737,10.894,10.913,0.000000
607.814758,-42.170,-95.068909,0.025330,8.737,10.857,10.876,0.000000
609.918762,-42.053,-88.806107,0.024986,8.737,10.820,10.839,0.000000
612.030090,-41.255,-85.908424,0.022790,8.736,10.783,10.802,0.000000
614.148682,-40.234,-87.788559,0.020260,8.736,10.745,10.765,0.000000
616.274658,-39.208,-91.132393,0.017998,8.736,10.708,10.727,0.000000
618.407654,-38.232,-98.826065,0.016083,8.736,10.670,10.689,0.000000
620.548645,-37.486,-119.522141,0.014757,8.736,10.632,10.652,0.000000
622.696716,-37.049,-142.199448,0.014030,8.736,10.594,10.614,0.000000
624.852295,-37.241,-164.675125,0.014342,8.736,10.556,10.575,0.000000
627.015259,-38.031,-178.212738,0.015706,8.735,10.518,10.537,0.000000
629.185730,-38.541,175.163818,0.016656,8.735,10.480,10.499,0.000000
631.363464,-38.337,167.168274,0.016270,8.735,10.441,10.460,0.000000
633.549316,-37.708,159.495071,0.015133,8.735,10.403,10.422,0.000000
635.742126,-36.622,150.923141,0.013354,8.735,10.364,10.383,0.000000
637.942810,-35.615,143.071960,0.011893,8.735,10.325,10.344,0.000000
640.151123,-34.686,136.788788,0.010686,8.735,10.286,10.305,0.000000
642.367065,-33.508,131.801987,0.009330,8.734,10.247,10.266,0.000000
644.590698,-32.116,126.047188,0.007946,8.734,10.208,10.227,0.000000
646.822327,-30.800,112.783104,0.006828,8.734,10.169,10.187,0.000000
649.061096,-29.643,99.859146,0.005976,8.734,10.129,10.148,0.000000
651.307861,-28.745,87.199806,0.005387,8.734,10.089,10.108,0.000000
653.562439,-28.087,75.369408,0.004994,8.734,10.050,10.068,0.000000
655.824829,-27.607,64.008003,0.004725,8.734,10.010,10.028,0.000000
658.095032,-27.225,52.276302,0.004523,8.733,9.970,9.988,0.000000
660.372803,-26.974,40.230938,0.004394,8.733,9.929,9.948,0.000000
662.659058,-26.943,27.460667,0.004379,8.733,9.889,9.908,0.000000
664.952637,-27.145,15.740991,0.004483,8.733,9.848,9.867,0.000000
667.254761,-27.610,4.740064,0.004731,8.733,9.808,9.826,0.000000
669.564209,-28.228,-4.871219,0.005081,8.733,9.767,9.786,0.000000
671.882019,-29.009,-13.070497,0.005559,8.732,9.726,9.745,0.000000
674.207764,-29.893,-20.088600,0.006155,8.732,9.685,9.704,0.000000
676.541992,-30.843,-26.144115,0.006865,8.732,9.644,9.662,0.000000
678.883545,-31.837,-31.545900,0.007698,8.732,9.603,9.621,0.000000
681.233582,-32.871,-36.288696,0.008672,8.732,9.561,9.579,0.000000
683.591797,-33.757,-41.395798,0.009602,8.732,9.519,9.538,0.000000
685.958130,-34.668,-47.043278,0.010665,8.731,9.478,9.496,0.000000
688.332642,-35.631,-53.698124,0.011917,8.731,9.436,9.454,0.000000
690.715027,-36.789,-63.000065,0.013619,8.731,9.394,9.412,0.000000
693.106384,-38.107,-74.335289,0.015852,8.731,9.351,9.370,0.000000
695.505310,-39.178,-86.611061,0.017937,8.731,9.309,9.327,0.000000
697.913208,-39.592,-103.807320,0.018816,8.731,9.267,9.285,0.000000
700.328796,-39.490,-132.045944,0.018598,8.730,9.224,9.242,0.000000
702.753052,-38.961,-172.940414,0.017503,8.730,9.181,9.199,0.000000
705.185730,-37.883,149.451462,0.015463,8.730,9.138,9.156,0.000000
707.627136,-36.414,125.698212,0.013059,8.730,9.095,9.113,0.000000
710.076355,-34.897,108.795746,0.010968,8.730,9.052,9.070,0.000000
712.534363,-33.354,93.775711,0.009185,8.730,9.008,9.027,0.000000
715.000854,-32.094,79.299255,0.007946,8.729,8.965,8.983,0.000000
717.475891,-31.170,66.327148,0.007145,8.729,8.921,8.939,0.000000
719.959534,-30.527,54.532467,0.006637,8.729,8.877,8.895,0.000000
722.451416,-30.110,44.465809,0.006329,8.729,8.833,8.851,0.000000
724.952637,-29.918,35.094578,0.006192,8.729,8.789,8.807,0.000000
727.461792,-29.993,27.412954,0.006248,8.729,8.745,8.763,0.000000
729.980347,-30.227,22.085035,0.006421,8.728,8.700,8.718,0.000000
732.506897,-30.378,19.320843,0.006535,8.728,8.656,8.674,0.000000
735.042908,-30.409,17.690449,0.006561,8.728,8.611,8.629,0.000000
737.586975,-30.248,16.405382,0.006442,8.728,8.566,8.584,0.000000
740.140564,-29.835,15.216483,0.006144,8.728,8.521,8.539,0.000000
742.702332,-29.273,13.155043,0.005760,8.728,8.476,8.494,0.000000
745.273254,-28.726,10.770037,0.005409,8.727,8.431,8.448,0.000000
747.853088,-28.112,7.102321,0.005041,8.727,8.385,8.403,0.000000
750.441895,-27.603,1.259164,0.004755,8.727,8.339,8.357,0.000000
753.039612,-27.331,-6.384449,0.004609,8.727,8.293,8.311,0.000000
755.646362,-27.346,-15.070981,0.004617,8.727,8.247,8.265,0.000000
758.262146,-27.597,-22.885832,0.004752,8.727,8.201,8.219,0.000000
760.886597,-28.032,-29.165873,0.004996,8.726,8.155,8.172,0.000000
763.520813,-28.682,-34.270973,0.005384,8.726,8.108,8.126,0.000000
766.163818,-29.416,-36.944427,0.005859,8.726,8.062,8.079,0.000000
768.816040,-30.129,-38.194695,0.006360,8.726,8.015,8.032,0.000000
771.476990,-30.563,-38.449570,0.006687,8.726,7.968,7.985,0.000000
774.147888,-30.683,-39.098633,0.006781,8.725,7.921,7.938,0.000000
776.827332,-30.616,-40.535183,0.006730,8.725,7.873,7.891,0.000000
779.516785,-30.477,-43.659462,0.006625,8.725,7.826,7.843,0.000000
782.214844,-30.453,-48.496380,0.006607,8.725,7.778,7.796,0.000000
784.922546,-30.559,-54.228252,0.006690,8.725,7.731,7.748,0.000000
787.639648,-30.866,-60.640938,0.006931,8.725,7.683,7.700,0.000000
790.366150,-31.260,-66.545761,0.007253,8.724,7.634,7.652,0.000000
793.102112,-31.763,-71.768112,0.007685,8.724,7.586,7.603,0.000000
795.847107,-32.456,-78.435570,0.008324,8.724,7.538,7.555,0.000000
798.602417,-33.359,-86.300934,0.009236,8.724,7.489,7.506,0.000000
801.366882,-34.397,-96.067978,0.010409,8.724,7.440,7.457,0.000000
804.140930,-35.385,-106.607193,0.011662,8.723,7.391,7.408,0.000000
806.924133,-36.203,-114.729057,0.012814,8.723,7.342,7.359,0.000000
809.717773,-36.612,-119.311104,0.013432,8.723,7.293,7.310,0.000000
812.520325,-36.880,-139.978302,0.013852,8.723,7.243,7.260,0.000000
815.333374,-37.216,93.782677,0.014399,8.723,7.194,7.210,0.000000
818.155334,-37.621,76.886612,0.015087,8.722,7.144,7.161,0.000000
820.987488,-37.596,66.940041,0.015043,8.722,7.094,7.111,0.000000
823.829407,-36.955,56.508575,0.013972,8.722,7.044,7.060,0.000000
826.681213,-35.901,44.911385,0.012374,8.722,6.993,7.010,0.000000
829.542847,-34.676,34.280334,0.010745,8.722,6.943,6.959,0.000000
832.414429,-33.465,26.161631,0.009345,8.721,6.892,6.909,0.000000
835.295898,-32.413,18.891912,0.008278,8.721,6.841,6.858,0.000000
838.187378,-31.420,11.273732,0.007382,8.721,6.790,6.807,0.000000
841.088867,-30.621,1.608978,0.006732,8.721,6.739,6.756,0.000000
844.000000,-30.252,-9.008757,0.006451,8.721,6.688,6.704,0.000000
846.921997,-30.253,-19.830044,0.006452,8.720,6.636,6.652,0.000000
849.853333,-30.509,-27.529215,0.006645,8.720,6.584,6.601,0.000000
852.795593,-30.885,-32.540390,0.006938,8.720,6.532,6.549,0.000000
855.747253,-31.147,-36.363026,0.007152,8.720,6.480,6.497,0.000000
858.709534,-31.305,-40.479092,0.007282,8.720,6.428,6.444,0.000000
861.682068,-31.567,-45.042027,0.007505,8.719,6.375,6.392,0.000000
864.664856,-32.062,-48.898693,0.007945,8.719,6.323,6.339,0.000000
867.657959,-32.540,-49.861588,0.008393,8.719,6.270,6.286,0.000000
870.661499,-32.631,-49.475761,0.008480,8.719,6.217,6.233,0.000000
873.675354,-32.291,-50.743584,0.008154,8.719,6.164,6.180,0.000000
876.699707,-31.965,-55.401657,0.007852,8.718,6.110,6.126,0.000000
879.734497,-31.892,-61.564423,0.007784,8.718,6.057,6.073,0.000000
882.779419,-32.019,-68.089523,0.007898,8.718,6.003,6.019,0.000000
885.835632,-32.389,-74.985725,0.008241,8.718,5.949,5.965,0.000000
888.901672,-32.959,-82.032074,0.008800,8.718,5.895,5.911,0.000000
891.979126,-33.451,-90.986298,0.009313,8.717,5.841,5.856,0.000000
895.066406,-34.358,-97.327599,0.010338,8.717,5.786,5.802,0.000000
898.164734,-35.484,-95.195770,0.011769,8.717,5.731,5.747,0.000000
901.273865,-36.536,-90.705757,0.013283,8.717,5.677,5.692,0.000000
904.393738,-37.068,-84.987778,0.014123,8.717,5.621,5.637,0.000000
907.524414,-37.244,-81.739487,0.014410,8.716,5.566,5.582,0.000000
910.665894,-37.161,-81.568832,0.014271,8.716,5.511,5.526,0.000000
913.818298,-37.031,-84.260628,0.014056,8.716,5.455,5.471,0.000000
916.981567,-37.051,-86.615463,0.014087,8.716,5.399,5.415,0.000000
920.155823,-37.012,-80.911278,0.014020,8.716,5.343,5.359,0.000000
923.341003,-36.846,-78.253014,0.013753,8.715,5.287,5.302,0.000000
926.537292,-36.836,-75.721481,0.013736,8.715,5.231,5.246,0.000000
929.744141,-36.778,48.366817,0.013644,8.715,5.174,5.189,0.000000
932.963013,-36.837,57.209877,0.013737,8.715,5.117,5.132,0.000000
936.192139,-36.763,46.866039,0.013620,8.714,5.060,5.075,0.000000
939.432861,-36.069,32.029041,0.012574,8.714,5.003,5.018,0.000000
942.684814,-34.944,14.982341,0.011047,8.714,4.945,4.961,0.000000
945.948486,-33.810,-4.663275,0.009695,8.714,4.888,4.903,0.000000
949.222534,-33.008,-25.846647,0.008840,8.714,4.830,4.845,0.000000
952.508850,-32.678,-48.573307,0.008510,8.713,4.772,4.787,0.000000
955.805603,-32.735,-71.041801,0.008566,8.713,4.714,4.729,0.000000
959.114258,-33.339,-92.824623,0.009183,8.713,4.655,4.671,0.000000
962.434326,-34.414,-106.111229,0.010393,8.713,4.597,4.612,0.000000
965.765930,-35.849,-109.489494,0.012260,8.712,4.538,4.553,0.000000
969.109009,-37.599,-107.211388,0.014996,8.712,4.479,4.494,0.000000
972.463257,-39.158,-94.899803,0.017945,8.712,4.420,4.435,0.000000
975.830017,-40.306,-74.893623,0.020479,8.712,4.360,4.375,0.000000
979.207458,-40.859,-58.842701,0.021826,8.711,4.301,4.316,0.000000
982.597595,-40.815,-51.631794,0.021716,8.711,4.241,4.256,0.000000
985.998474,-40.367,-50.080681,0.020625,8.711,4.181,4.196,0.000000
989.412109,-39.639,-59.077625,0.018966,8.711,4.121,4.135,0.000000
992.836609,-39.295,-74.028076,0.018230,8.711,4.060,4.075,0.000000
996.273926,-38.971,-87.631699,0.017562,8.710,3.999,4.014,0.000000
999.722168,-38.630,-101.980545,0.016885,8.710,3.939,3.953,0.000000
1003.182800,-38.379,-116.827927,0.016406,8.710,3.909,3.924,0.000000
1006.655457,-38.249,-132.585785,0.016161,8.710,3.883,3.897,0.000000
1010.140076,-38.246,-149.675842,0.016157,8.710,3.856,3.871,0.000000
1013.636780,-38.252,-170.070709,0.016167,8.710,3.829,3.844,0.000000
1017.145142,-38.255,165.159332,0.016173,8.710,3.802,3.817,0.000000
1020.666565,-38.164,129.128281,0.016007,8.710,3.775,3.790,0.000000
1024.199219,-38.264,91.049454,0.016195,8.710,3.748,3.763,0.000000
1027.745117,-38.857,66.320267,0.017344,8.710,3.721,3.736,0.000000
1031.302246,-39.863,58.510941,0.019476,8.710,3.694,3.709,0.000000
1034.872803,-40.680,58.209969,0.021400,8.710,3.666,3.682,0.000000
1038.454590,-41.189,55.559231,0.022697,8.710,3.639,3.654,0.000000
1042.049805,-41.386,53.801517,0.023223,8.710,3.611,3.627,0.000000
1045.656494,-41.580,56.191204,0.023751,8.710,3.584,3.599,0.000000
1049.276123,-41.245,63.811470,0.022856,8.710,3.556,3.572,0.000000
1052.908325,-40.520,68.082481,0.021028,8.710,3.528,3.544,0.000000
1056.553101,-40.013,68.059158,0.019839,8.710,3.500,3.516,0.000000
1060.210571,-39.996,66.463165,0.019805,8.710,3.472,3.488,0.000000
1063.880005,-39.946,61.067173,0.019694,8.710,3.444,3.460,0.000000
1067.563354,-39.636,58.311939,0.019007,8.710,3.416,3.432,0.000000
1071.258301,-39.009,55.469055,0.017686,8.710,3.388,3.404,0.000000
1074.967041,-38.567,52.447327,0.016811,8.710,3.359,3.375,0.000000
1078.688232,-38.463,51.777832,0.016614,8.710,3.331,3.347,0.000000
1082.422241,-37.946,55.063576,0.015656,8.710,3.302,3.318,0.000000
1086.168579,-36.655,60.267372,0.013497,8.710,3.273,3.290,0.000000
1089.929077,-34.522,63.957588,0.010560,8.710,3.245,3.261,0.000000
1093.701416,-32.417,58.690731,0.008288,8.709,3.216,3.232,0.000000
1097.487427,-30.887,49.202541,0.006951,8.709,3.187,3.203,0.000000
1101.286499,-29.940,38.823257,0.006234,8.709,3.158,3.174,0.000000
1105.098755,-29.226,28.758442,0.005743,8.709,3.128,3.145,0.000000
1108.924194,-28.611,16.782381,0.005352,8.709,3.099,3.116,0.000000
1112.762817,-28.235,-0.131702,0.005126,8.709,3.070,3.086,0.000000
1116.614746,-28.305,-17.808933,0.005168,8.709,3.040,3.057,0.000000
1120.480103,-28.863,-35.127762,0.005512,8.709,3.011,3.027,0.000000
1124.358765,-29.954,-51.368889,0.006251,8.709,2.981,2.998,0.000000
1128.250854,-31.539,-67.255028,0.007503,8.709,2.951,2.968,0.000000
1132.156372,-33.308,-75.526840,0.009199,8.709,2.921,2.938,0.000000
1136.075562,-34.989,-76.843964,0.011166,8.709,2.891,2.908,0.000000
1140.007568,-36.560,-69.949005,0.013383,8.709,2.861,2.878,0.000000
1143.953857,-37.668,-39.418556,0.015209,8.709,2.831,2.848,0.000000
1147.913818,-37.898,10.210227,0.015622,8.709,2.800,2.818,0.000000
1151.887451,-37.215,23.664904,0.014446,8.709,2.770,2.787,0.000000
1155.874878,-36.361,23.471525,0.013097,8.709,2.739,2.757,0.000000
1159.876099,-35.585,18.386864,0.011983,8.709,2.709,2.726,0.000000
1163.891113,-34.885,7.307534,0.011058,8.709,2.678,2.695,0.000000
1167.920044,-34.572,-6.284872,0.010669,8.709,2.647,2.665,0.000000
1171.962891,-34.563,-16.911121,0.010661,8.709,2.616,2.634,0.000000
1176.019775,-34.640,-24.400532,0.010758,8.709,2.585,2.603,0.000000
1180.090698,-35.023,-32.481628,0.011244,8.709,2.554,2.572,0.000000
1184.175781,-36.004,-40.978386,0.012590,8.709,2.523,2.540,0.000000
1188.274902,-37.408,-49.581078,0.014802,8.709,2.491,2.509,0.000000
1192.388306,-38.803,-53.214951,0.017384,8.709,2.460,2.478,0.000000
1196.515259,-39.510,-48.583370,0.018863,8.709,2.428,2.446,0.000000
1200.657227,-39.377,-34.680538,0.018584,8.709,2.396,2.414,0.000000
1204.813965,-38.475,-13.863344,0.016755,8.709,2.364,2.383,0.000000
1208.984009,-37.458,-0.595806,0.014910,8.709,2.332,2.351,0.000000
1213.169067,-36.664,9.197142,0.013612,8.709,2.300,2.319,0.000000
1217.368530,-35.894,17.304098,0.012461,8.709,2.268,2.287,0.000000
1221.582642,-34.942,21.791283,0.011172,8.709,2.236,2.255,0.000000
1225.811279,-33.687,17.661959,0.009671,8.709,2.204,2.222,0.000000
1230.054565,-32.660,4.373165,0.008594,8.709,2.171,2.190,0.000000
1234.311890,-32.111,-9.184438,0.008069,8.709,2.138,2.157,0.000000
1238.585205,-32.216,-22.785475,0.008168,8.709,2.106,2.125,0.000000
1242.872803,-32.959,-29.540174,0.008899,8.709,2.073,2.092,0.000000
1247.175049,-33.449,-30.558258,0.009417,8.709,2.040,2.059,0.000000
1251.492310,-33.621,-32.517021,0.009607,8.709,2.007,2.026,0.000000
1255.823975,-33.660,-35.594162,0.009652,8.708,1.974,1.993,0.000000
1260.171753,-33.767,-39.269150,0.009773,8.708,1.940,1.960,0.000000
1264.533325,-33.946,-42.132072,0.009978,8.708,1.907,1.926,0.000000
1268.911255,-33.961,-44.448040,0.009997,8.708,1.873,1.893,0.000000
1273.303101,-33.655,-45.700954,0.009653,8.708,1.840,1.859,0.000000
1277.710815,-32.824,-48.489933,0.008774,8.708,1.806,1.825,0.000000
1282.133789,-32.533,-62.739113,0.008487,8.708,1.772,1.792,0.000000
1286.572021,-32.755,-75.747894,0.008708,8.708,1.738,1.758,0.000000
1291.025024,-33.023,-88.563545,0.008982,8.708,1.704,1.724,0.000000
1295.494751,-33.568,-103.146133,0.009565,8.708,1.670,1.690,0.000000
1299.979248,-34.421,-117.028976,0.010555,8.708,1.635,1.655,0.000000
1304.479248,-35.381,-129.751328,0.011790,8.708,1.601,1.621,0.000000
1308.994873,-36.521,-143.997131,0.013445,8.708,1.566,1.586,0.000000
1313.525513,-37.840,-158.985275,0.015651,8.708,1.532,1.552,0.000000
1318.072998,-38.840,-174.759644,0.017560,8.708,1.497,1.517,0.000000
1322.635010,-39.355,167.098694,0.018634,8.708,1.462,1.482,0.000000
1327.214111,-40.259,148.883163,0.020677,8.708,1.427,1.447,0.000000
1331.807739,-41.496,139.437469,0.023842,8.708,1.391,1.412,0.000000
1336.417969,-41.719,119.595406,0.024460,8.708,1.356,1.377,0.000000
1341.044189,-41.606,96.736977,0.024147,8.708,1.321,1.341,0.000000
1345.686401,-41.841,78.865555,0.024813,8.708,1.285,1.306,0.000000
1350.344604,-42.418,70.061417,0.026522,8.708,1.249,1.270,0.000000
1355.018921,-42.056,68.949760,0.025443,8.708,1.214,1.235,0.000000
1359.709595,-40.579,68.903351,0.021469,8.708,1.178,1.199,0.000000
1364.416382,-39.028,70.193756,0.017961,8.708,1.142,1.163,0.000000
1369.139404,-37.703,66.723068,0.015422,8.708,1.105,1.127,0.000000
1373.878174,-37.229,52.215874,0.014604,8.708,1.069,1.090,0.000000
1378.634644,-37.519,40.086178,0.015097,8.708,1.033,1.054,0.000000
1383.406372,-37.730,41.184536,0.015464,8.708,0.996,1.018,0.000000
1388.195801,-37.298,42.995258,0.014711,8.708,0.959,0.981,0.000000
1393.000610,-36.622,38.699181,0.013608,8.708,0.923,0.944,0.000000
1397.822632,-36.443,34.141926,0.013328,8.708,0.886,0.907,0.000000
1402.661377,-36.403,32.508717,0.013265,8.708,0.849,0.870,0.000000
1407.516846,-36.363,32.719658,0.013204,8.708,0.811,0.833,0.000000
1412.389771,-35.907,36.067989,0.012527,8.708,0.774,0.796,0.000000
1417.278198,-34.896,39.050892,0.011152,8.708,0.737,0.759,0.000000
1422.184326,-33.841,34.973888,0.009876,8.707,0.699,0.721,0.000000
1427.107300,-32.906,26.256039,0.008868,8.707,0.661,0.684,0.000000
1432.047485,-32.337,16.870564,0.008306,8.707,0.623,0.646,0.000000
1437.004639,-32.276,7.913234,0.008247,8.707,0.585,0.608,0.000000
1441.979004,-32.470,1.180289,0.008434,8.707,0.547,0.570,0.000000
1446.969849,-32.467,-3.504579,0.008431,8.707,0.509,0.532,0.000000
1451.979492,-32.248,-10.449130,0.008221,8.707,0.471,0.493,0.000000
1457.005005,-32.524,-19.813192,0.008487,8.707,0.432,0.455,0.000000
1462.048584,-33.251,-27.561291,0.009227,8.707,0.394,0.416,0.000000
1467.109619,-34.191,-28.139906,0.010283,8.707,0.355,0.378,0.000000
1472.188110,-34.878,-26.925545,0.011128,8.707,0.316,0.339,0.000000
1477.285034,-35.316,-25.033482,0.011701,8.707,0.277,0.300,0.000000
1482.398071,-35.387,-23.199593,0.011795,8.707,0.238,0.261,0.000000
1487.529541,-35.434,-23.312618,0.011857,8.707,0.198,0.222,0.000000
1492.678833,-35.573,-22.323284,0.012046,8.707,0.159,0.182,0.000000
1497.845947,-35.398,-19.347656,0.011803,8.707,0.119,0.143,0.000000
1503.030884,-34.577,-17.103931,0.010737,8.707,0.080,0.103,0.000000
1508.233765,-33.519,-20.510925,0.009505,8.707,0.040,0.063,0.000000
1513.453979,-32.924,-29.918539,0.008877,8.707,-0.000,0.024,0.000000
1518.693726,-32.827,-39.907242,0.008778,8.707,-0.040,-0.016,0.000000
1523.950195,-33.259,-48.729584,0.009226,8.707,-0.081,-0.057,0.000000
1529.226196,-33.553,-52.284470,0.009543,8.707,-0.121,-0.097,0.000000
1534.519775,-33.417,-57.812973,0.009395,8.707,-0.162,-0.137,0.000000
1539.831055,-33.236,-67.216133,0.009200,8.707,-0.202,-0.178,0.000000
1545.161987,-33.344,-79.584251,0.009314,8.707,-0.243,-0.219,0.000000
1550.510010,-34.027,-93.690384,0.010074,8.707,-0.284,-0.260,0.000000
1555.877319,-35.209,-108.765335,0.011541,8.707,-0.325,-0.301,0.000000
1561.263184,-36.396,-122.199066,0.013228,8.707,-0.367,-0.342,0.000000
1566.667725,-36.640,-136.144485,0.013604,8.707,-0.408,-0.383,0.000000
1572.090820,-36.422,-157.826141,0.013265,8.707,-0.449,-0.425,0.000000
1577.532837,-36.761,-176.693924,0.013790,8.707,-0.491,-0.466,0.000000
1582.992920,-37.660,164.881058,0.015294,8.706,-0.533,-0.508,0.000000
1588.473389,-38.325,147.591293,0.016510,8.706,-0.575,-0.550,0.000000
1593.971313,-37.727,131.842178,0.015412,8.706,-0.617,-0.592,0.000000
1599.489746,-36.194,115.711914,0.012919,8.706,-0.659,-0.634,0.000000
1605.026611,-35.122,95.080109,0.011418,8.706,-0.702,-0.676,0.000000
1610.581787,-34.322,75.912788,0.010414,8.706,-0.744,-0.719,0.000000
1616.157837,-33.783,58.062309,0.009788,8.706,-0.787,-0.761,0.000000
1621.751587,-33.675,42.268616,0.009666,8.706,-0.830,-0.804,0.000000
1627.366211,-33.638,31.479572,0.009626,8.706,-0.873,-0.847,0.000000
1632.998779,-32.986,21.808889,0.008930,8.706,-0.916,-0.890,0.000000
1638.651611,-32.551,10.232412,0.008493,8.706,-0.959,-0.933,0.000000
1644.323975,-32.606,-1.303766,0.008548,8.706,-1.003,-0.977,0.000000
1650.015991,-32.897,-12.435429,0.008839,8.706,-1.047,-1.020,0.000000
1655.726929,-33.289,-22.386314,0.009247,8.706,-1.090,-1.064,0.000000
1661.459229,-33.775,-31.379503,0.009779,8.706,-1.134,-1.108,0.000000
1667.209717,-34.119,-40.801285,0.010174,8.706,-1.178,-1.152,0.000000
1672.981812,-34.250,-50.036724,0.010329,8.706,-1.222,-1.196,0.000000
1678.772949,-34.933,-63.350952,0.011174,8.706,-1.267,-1.240,0.000000
1684.583496,-36.458,-76.912987,0.013318,8.706,-1.311,-1.284,0.000000
1690.415649,-38.192,-85.381416,0.016261,8.706,-1.356,-1.329,0.000000
1696.266357,-39.253,-79.312553,0.018378,8.706,-1.401,-1.374,0.000000
1702.139038,-39.674,-67.285019,0.019292,8.706,-1.446,-1.419,0.000000
1708.030396,-40.070,-66.347351,0.020197,8.706,-1.491,-1.464,0.000000
1713.942871,-40.806,-76.284935,0.021986,8.706,-1.536,-1.509,0.000000
1719.875977,-41.273,-96.052910,0.023204,8.706,-1.582,-1.554,0.000000
1725.829468,-41.839,-129.194092,0.024771,8.706,-1.627,-1.600,0.000000
1731.802856,-41.842,105.474709,0.024786,8.706,-1.673,-1.645,0.000000
1737.798462,-41.140,32.629986,0.022864,8.706,-1.719,-1.691,0.000000
1743.814087,-41.406,8.996210,0.023580,8.706,-1.765,-1.737,0.000000
1749.850464,-42.048,37.539711,0.025391,8.705,-1.811,-1.783,0.000000
1755.907837,-41.235,87.275200,0.023126,8.705,-1.858,-1.830,0.000000
1761.985229,-39.161,79.288704,0.018217,8.705,-1.904,-1.876,0.000000
1768.085449,-36.952,65.674484,0.014129,8.705,-1.951,-1.923,0.000000
1774.204956,-35.917,47.345325,0.012545,8.705,-1.998,-1.970,0.000000
1780.347412,-35.505,28.919508,0.011965,8.705,-2.045,-2.016,0.000000
1786.509521,-35.241,11.448284,0.011610,8.705,-2.092,-2.064,0.000000
1792.693726,-34.823,-4.418621,0.011065,8.705,-2.140,-2.111,0.000000
1798.899292,-34.045,-19.291241,0.010119,8.705,-2.187,-2.158,0.000000
1805.126465,-33.388,-26.683126,0.009384,8.705,-2.235,-2.206,0.000000
1811.375122,-33.238,-26.389925,0.009224,8.705,-2.283,-2.254,0.000000
1817.645386,-33.711,-18.728909,0.009743,8.705,-2.331,-2.302,0.000000
1823.937378,-33.993,24.445370,0.010066,8.705,-2.379,-2.350,0.000000
1830.251099,-33.432,50.018154,0.009438,8.705,-2.427,-2.398,0.000000
1836.586792,-32.942,54.993568,0.008922,8.705,-2.476,-2.446,0.000000
1842.943481,-32.525,49.283039,0.008505,8.705,-2.525,-2.495,0.000000
1849.323853,-32.343,34.513329,0.008330,8.705,-2.574,-2.544,0.000000
1855.724609,-32.522,16.363768,0.008505,8.705,-2.623,-2.593,0.000000
1862.149292,-33.064,7.538858,0.009055,8.705,-2.672,-2.642,0.000000
1868.594482,-33.341,10.925001,0.009349,8.705,-2.721,-2.691,0.000000
1875.062866,-33.418,11.374773,0.009434,8.705,-2.771,-2.740,0.000000
1881.553589,-33.917,11.185746,0.009993,8.705,-2.820,-2.790,0.000000
1888.066772,-34.218,13.894864,0.010348,8.705,-2.870,-2.840,0.000000
1894.603516,-34.475,17.060907,0.010660,8.705,-2.920,-2.890,0.000000
1901.161011,-34.592,22.157513,0.010807,8.705,-2.971,-2.940,0.000000
1907.742065,-34.765,24.200382,0.011026,8.705,-3.021,-2.990,0.000000
1914.345947,-35.175,21.468597,0.011560,8.704,-3.072,-3.041,0.000000
1920.972656,-34.635,11.277369,0.010866,8.704,-3.122,-3.091,0.000000
1927.622314,-34.544,-1.134941,0.010755,8.704,-3.173,-3.142,0.000000
1934.295044,-34.548,-13.556494,0.010762,8.704,-3.225,-3.193,0.000000
1940.989868,-35.102,-28.711390,0.011472,8.704,-3.276,-3.244,0.000000
1947.709717,-36.141,-36.957836,0.012932,8.704,-3.327,-3.296,0.000000
1954.451050,-37.098,-32.971226,0.014441,8.704,-3.379,-3.347,0.000000
1961.216675,-37.977,-35.221478,0.015982,8.704,-3.431,-3.399,0.000000
1968.005615,-38.294,-38.391762,0.016578,8.704,-3.483,-3.451,0.000000
1974.818115,-38.966,-39.208344,0.017915,8.704,-3.535,-3.503,0.000000
1981.655151,-39.765,25.693502,0.019644,8.704,-3.587,-3.555,0.000000
1988.513916,-39.200,58.454006,0.018413,8.704,-3.640,-3.608,0.000000
1995.397339,-38.660,48.707901,0.017309,8.704,-3.693,-3.660,0.000000
2002.304688,-38.324,32.843922,0.016658,8.704,-3.733,-3.700,0.000000
2009.235840,-37.840,21.181931,0.015760,8.704,-3.746,-3.714,0.000000
2016.191040,-37.375,17.048878,0.014944,8.704,-3.760,-3.728,0.000000
2023.170288,-37.312,12.646525,0.014841,8.704,-3.774,-3.741,0.000000
2030.172852,-37.555,8.098028,0.015268,8.704,-3.788,-3.755,0.000000
2037.201416,-37.964,-8.749501,0.016006,8.704,-3.802,-3.769,0.000000
2044.252441,-39.405,-13.815139,0.018899,8.704,-3.816,-3.783,0.000000
2051.329834,-40.660,-4.621072,0.021839,8.704,-3.831,-3.797,0.000000
2058.430908,-40.923,5.520830,0.022515,8.704,-3.845,-3.811,0.000000
2065.555420,-41.396,13.474859,0.023780,8.704,-3.859,-3.825,0.000000
2072.706543,-41.518,42.397411,0.024120,8.704,-3.873,-3.840,0.000000
2079.880371,-41.042,57.470512,0.022837,8.704,-3.888,-3.854,0.000000
2087.080078,-39.856,53.196594,0.019931,8.704,-3.902,-3.868,0.000000
2094.304932,-38.901,55.875736,0.017860,8.704,-3.916,-3.882,0.000000
2101.554443,-38.087,47.476280,0.016269,8.704,-3.931,-3.897,0.000000
2108.829346,-38.328,39.594040,0.016732,8.704,-3.945,-3.911,0.000000
2116.129150,-38.355,43.502327,0.016791,8.704,-3.960,-3.926,0.000000
2123.453369,-37.864,46.229244,0.015873,8.704,-3.975,-3.940,0.000000
2130.804932,-37.689,44.026672,0.015560,8.704,-3.989,-3.955,0.000000
2138.180176,-36.576,43.286453,0.013692,8.704,-4.004,-3.969,0.000000
2145.582520,-35.521,39.954269,0.012128,8.704,-4.019,-3.984,0.000000
2153.009766,-35.023,34.355640,0.011453,8.704,-4.034,-3.999,0.000000
2160.461670,-34.823,30.707823,0.011195,8.704,-4.049,-4.013,0.000000
2167.941406,-34.748,29.022181,0.011100,8.704,-4.064,-4.028,0.000000
2175.445068,-34.677,26.261255,0.011012,8.704,-4.079,-4.043,0.000000
2182.976562,-34.377,24.814146,0.010640,8.704,-4.094,-4.058,0.000000
2190.532227,-33.279,18.740017,0.009378,8.704,-4.109,-4.073,0.000000
2198.114990,-33.187,5.929402,0.009281,8.704,-4.124,-4.088,0.000000
2205.723877,-33.897,-4.707436,0.010073,8.704,-4.139,-4.103,0.000000
2213.359375,-35.087,-11.621713,0.011554,8.704,-4.154,-4.118,0.000000
2221.020020,-35.980,-14.749031,0.012807,8.704,-4.170,-4.133,0.000000
2228.709473,-36.680,-14.348072,0.013886,8.704,-4.185,-4.149,0.000000
2236.423340,-36.757,-11.357418,0.014013,8.704,-4.200,-4.164,0.000000
2244.166016,-36.805,-11.333680,0.014095,8.704,-4.216,-4.179,0.000000
2251.934570,-38.151,-20.640224,0.016464,8.704,-4.231,-4.195,0.000000
2259.728760,-39.629,-13.952012,0.019526,8.704,-4.247,-4.210,0.000000
2267.552002,-39.072,16.330927,0.018318,8.704,-4.263,-4.226,0.000000
2275.400391,-37.105,40.777721,0.014612,8.703,-4.278,-4.241,0.000000
2283.278076,-35.044,48.792519,0.011528,8.703,-4.294,-4.257,0.000000
2291.180908,-33.011,48.704567,0.009124,8.703,-4.310,-4.272,0.000000
2299.112061,-31.675,35.249748,0.007824,8.703,-4.326,-4.288,0.000000
2307.070557,-31.421,14.796253,0.007601,8.703,-4.342,-4.304,0.000000
2315.056885,-31.465,22.093925,0.007641,8.703,-4.358,-4.320,0.000000
2323.069580,-31.290,33.707127,0.007489,8.703,-4.374,-4.336,0.000000
2331.112305,-31.291,31.572184,0.007492,8.703,-4.390,-4.352,0.000000
2339.181641,-31.211,23.929825,0.007424,8.703,-4.406,-4.368,0.000000
2347.279053,-31.554,18.592245,0.007724,8.703,-4.422,-4.384,0.000000
2355.404297,-32.093,18.563063,0.008220,8.703,-4.438,-4.400,0.000000
2363.556885,-32.358,23.331192,0.008477,8.703,-4.455,-4.416,0.000000
2371.739746,-32.014,25.090328,0.008149,8.703,-4.471,-4.432,0.000000
2379.948486,-31.425,19.202620,0.007615,8.703,-4.487,-4.448,0.000000
2388.188232,-31.349,0.938306,0.007551,8.703,-4.504,-4.465,0.000000
2396.454102,-31.599,-10.986938,0.007773,8.703,-4.520,-4.481,0.000000
2404.749512,-32.087,-20.717104,0.008223,8.703,-4.537,-4.498,0.000000
2413.073975,-32.583,-35.028999,0.008707,8.703,-4.553,-4.514,0.000000
2421.427002,-33.492,-40.795498,0.009670,8.703,-4.570,-4.531,0.000000
2429.809082,-34.556,-37.198666,0.010933,8.703,-4.587,-4.547,0.000000
2438.220215,-36.183,-32.840511,0.013186,8.703,-4.604,-4.564,0.000000
2446.660400,-37.264,-11.184052,0.014937,8.703,-4.621,-4.581,0.000000
2455.129883,-37.432,9.914383,0.015234,8.703,-4.638,-4.597,0.000000
2463.628418,-36.605,13.468701,0.013856,8.703,-4.655,-4.614,0.000000
2472.155518,-36.602,10.679809,0.013857,8.703,-4.672,-4.631,0.000000
2480.714355,-37.547,18.470076,0.015453,8.703,-4.689,-4.648,0.000000
2489.300293,-37.577,12.329210,0.015512,8.703,-4.706,-4.665,0.000000
2497.918701,-37.531,3.119107,0.015436,8.703,-4.723,-4.682,0.000000
2506.564209,-38.030,3.050522,0.016352,8.703,-4.740,-4.699,0.000000
2515.240967,-37.474,2.515264,0.015342,8.703,-4.758,-4.717,0.000000
2523.947754,-37.831,0.774291,0.015988,8.703,-4.775,-4.734,0.000000
2532.684814,-38.280,-3.587768,0.016839,8.703,-4.793,-4.751,0.000000
2541.453125,-39.106,4.472234,0.018522,8.703,-4.810,-4.768,0.000000
2550.249512,-38.966,7.903491,0.018229,8.703,-4.828,-4.786,0.000000
2559.077393,-39.128,13.815300,0.018575,8.703,-4.845,-4.803,0.000000
2567.936035,-38.302,21.252432,0.016893,8.703,-4.863,-4.821,0.000000
2576.825195,-37.306,28.550238,0.015065,8.703,-4.881,-4.839,0.000000
2585.745117,-36.834,20.750071,0.014271,8.703,-4.899,-4.856,0.000000
2594.696045,-36.919,18.835489,0.014414,8.703,-4.916,-4.874,0.000000
2603.676514,-36.889,25.707294,0.014367,8.703,-4.934,-4.892,0.000000
2612.690918,-36.053,24.631420,0.013051,8.703,-4.952,-4.910,0.000000
2621.733643,-35.573,27.151260,0.012351,8.703,-4.971,-4.928,0.000000
2630.809082,-34.667,27.097530,0.011132,8.703,-4.989,-4.946,0.000000
2639.916016,-34.836,20.985601,0.011355,8.703,-5.007,-4.964,0.000000
2649.054443,-34.651,21.546387,0.011119,8.703,-5.025,-4.982,0.000000
2658.225586,-33.958,22.777422,0.010270,8.703,-5.043,-5.000,0.000000
2667.426025,-32.711,22.657742,0.008900,8.703,-5.062,-5.018,0.000000
2676.659668,-31.466,17.052959,0.007714,8.703,-5.080,-5.036,0.000000
2685.925293,-30.867,11.380558,0.007201,8.703,-5.099,-5.055,0.000000
2695.222900,-30.156,3.303486,0.006637,8.703,-5.117,-5.073,0.000000
2704.552734,-30.279,-6.496149,0.006733,8.703,-5.136,-5.092,0.000000
2713.914795,-29.859,-9.598094,0.006416,8.703,-5.155,-5.110,0.000000
2723.308105,-29.219,-22.491310,0.005961,8.703,-5.174,-5.129,0.000000
2732.736572,-29.508,-38.048027,0.006164,8.703,-5.192,-5.148,0.000000
2742.194824,-30.586,-49.776031,0.006979,8.703,-5.211,-5.166,0.000000
2751.688477,-31.843,-50.914333,0.008068,8.703,-5.230,-5.185,0.000000
2761.212646,-32.938,-52.847332,0.009154,8.703,-5.249,-5.204,0.000000
2770.770752,-34.172,-56.379822,0.010553,8.703,-5.268,-5.223,0.000000
2780.363525,-35.345,-57.904976,0.012080,8.703,-5.288,-5.242,0.000000
2789.986816,-35.972,-54.411400,0.012987,8.703,-5.307,-5.261,0.000000
2799.644531,-37.871,-46.183037,0.016162,8.703,-5.326,-5.280,0.000000
2809.335938,-39.078,-26.618822,0.018578,8.703,-5.345,-5.299,0.000000
2819.060791,-37.616,-14.571033,0.015705,8.703,-5.365,-5.319,0.000000
2828.819336,-36.636,-18.708261,0.014034,8.703,-5.384,-5.338,0.000000
2838.611572,-36.381,-23.476849,0.013632,8.703,-5.404,-5.357,0.000000
2848.436279,-36.452,-25.689692,0.013749,8.703,-5.424,-5.377,0.000000
2858.297852,-36.266,-28.062962,0.013462,8.703,-5.443,-5.396,0.000000
2868.190918,-35.837,-27.162737,0.012818,8.703,-5.463,-5.416,0.000000
2878.120850,-35.645,-23.372549,0.012541,8.703,-5.483,-5.436,0.000000
2888.083740,-35.203,-22.299524,0.011921,8.702,-5.503,-5.455,0.000000
2898.079834,-35.435,-25.281071,0.012245,8.702,-5.523,-5.475,0.000000
2908.113281,-35.530,-24.368664,0.012382,8.702,-5.543,-5.495,0.000000
2918.178711,-35.450,-25.224096,0.012270,8.702,-5.563,-5.515,0.000000
2928.281738,-35.693,-26.123320,0.012621,8.702,-5.583,-5.535,0.000000
2938.416748,-35.952,-23.709162,0.013005,8.702,-5.603,-5.555,0.000000
2948.588379,-36.447,-28.639450,0.013772,8.702,-5.624,-5.575,0.000000
2958.795410,-36.504,-30.615698,0.013867,8.702,-5.644,-5.596,0.000000
2969.037598,-36.359,-30.065105,0.013643,8.702,-5.665,-5.616,0.000000
2979.313965,-36.676,-32.518120,0.014155,8.702,-5.685,-5.636,0.000000
2989.629883,-37.267,-34.716373,0.015157,8.702,-5.706,-5.657,0.000000
2999.974609,-38.194,-35.274235,0.016870,8.702,-5.726,-5.677,0.000000
3010.360840,-38.038,-1.499736,0.016575,8.702,-5.747,-5.698,0.000000
3020.782959,-37.294,17.724930,0.015220,8.702,-5.768,-5.718,0.000000
3031.238281,-36.016,21.697195,0.013142,8.702,-5.789,-5.739,0.000000
3041.732666,-35.158,10.332730,0.011911,8.702,-5.810,-5.760,0.000000
3052.260498,-35.010,2.224050,0.011713,8.702,-5.831,-5.781,0.000000
3062.827881,-34.571,-0.922608,0.011139,8.702,-5.852,-5.802,0.000000
3073.428711,-34.641,-7.678540,0.011233,8.702,-5.873,-5.823,0.000000
3084.066162,-34.786,-1.524991,0.011427,8.702,-5.895,-5.844,0.000000
3094.743652,-34.635,-8.391459,0.011234,8.702,-5.916,-5.865,0.000000
3105.457764,-34.757,-11.742537,0.011396,8.702,-5.937,-5.886,0.000000
3116.206299,-34.301,-18.430212,0.010816,8.702,-5.959,-5.907,0.000000
3126.991943,-35.064,-24.453619,0.011815,8.702,-5.980,-5.929,0.000000
3137.817871,-35.593,-28.290974,0.012561,8.702,-6.002,-5.950,0.000000
3148.681152,-36.157,-28.000826,0.013407,8.702,-6.024,-5.972,0.000000
3159.579346,-36.661,-26.581553,0.014213,8.702,-6.045,-5.993,0.000000
3170.515137,-36.224,-26.603527,0.013521,8.702,-6.067,-6.015,0.000000
3181.491699,-36.167,-36.303688,0.013436,8.702,-6.089,-6.037,0.000000
3192.503174,-36.810,-40.092712,0.014475,8.702,-6.111,-6.059,0.000000
3203.555908,-38.109,-38.050179,0.016815,8.702,-6.133,-6.081,0.000000
3214.644043,-38.378,-35.920345,0.017351,8.702,-6.156,-6.103,0.000000
3225.773438,-38.911,-34.815506,0.018455,8.702,-6.178,-6.125,0.000000
3236.938232,-38.730,-31.078581,0.018081,8.702,-6.200,-6.147,0.000000
3248.141602,-39.032,-26.633575,0.018726,8.702,-6.222,-6.169,0.000000
3259.386963,-39.177,-28.293394,0.019047,8.702,-6.245,-6.191,0.000000
3270.671387,-40.135,-19.979670,0.021276,8.702,-6.267,-6.214,0.000000
3281.991699,-39.373,-10.583688,0.019495,8.702,-6.290,-6.236,0.000000
3293.351074,-38.259,-11.734335,0.017155,8.702,-6.313,-6.259,0.000000
3304.752930,-37.942,-16.206219,0.016546,8.702,-6.336,-6.281,0.000000
3316.194336,-37.859,-11.432006,0.016394,8.702,-6.358,-6.304,0.000000
3327.672119,-37.819,-15.684610,0.016325,8.702,-6.381,-6.327,0.000000
3339.189697,-37.634,-20.497778,0.015986,8.702,-6.404,-6.349,0.000000
3350.750244,-38.018,-20.374918,0.016714,8.702,-6.428,-6.372,0.000000
3362.347656,-37.255,-20.771441,0.015315,8.702,-6.451,-6.395,0.000000
3373.985107,-37.422,-34.327370,0.015618,8.702,-6.474,-6.418,0.000000
3385.666260,-37.366,-32.098614,0.015523,8.702,-6.497,-6.441,0.000000
3397.387695,-37.082,-23.950785,0.015027,8.702,-6.521,-6.465,0.000000
3409.146484,-36.190,-20.448931,0.013565,8.702,-6.544,-6.488,0.000000
3420.946045,-35.949,-26.812172,0.013200,8.702,-6.568,-6.511,0.000000
3432.789795,-36.162,-30.019646,0.013532,8.702,-6.591,-6.535,0.000000
3444.674316,-36.272,-28.476618,0.013709,8.702,-6.615,-6.558,0.000000
3456.596924,-36.519,-31.173227,0.014109,8.702,-6.639,-6.582,0.000000
3468.560547,-36.639,-24.961597,0.014307,8.702,-6.663,-6.606,0.000000
3480.569092,-36.828,-28.851355,0.014624,8.702,-6.687,-6.630,0.000000
3492.615723,-38.041,-31.488533,0.016820,8.702,-6.711,-6.653,0.000000
3504.707520,-39.470,-30.789314,0.019830,8.701,-6.735,-6.677,0.000000
3516.837891,-40.782,-25.488485,0.023068,8.701,-6.759,-6.701,0.000000
3529.013428,-40.693,-12.821465,0.022837,8.701,-6.784,-6.726,0.000000
3541.228027,-39.993,-4.701284,0.021071,8.701,-6.808,-6.750,0.000000
3553.484619,-39.342,1.340526,0.019550,8.701,-6.833,-6.774,0.000000
3565.787109,-38.180,8.452630,0.017101,8.701,-6.857,-6.798,0.000000
3578.132080,-37.069,7.292200,0.015049,8.701,-6.882,-6.823,0.000000
3590.516602,-35.780,4.195985,0.012973,8.701,-6.907,-6.847,0.000000
3602.943848,-34.975,-1.367465,0.011825,8.701,-6.932,-6.872,0.000000
3615.417480,-34.059,-5.468870,0.010641,8.701,-6.956,-6.897,0.000000
3627.934570,-33.487,-18.273226,0.009962,8.701,-6.981,-6.922,0.000000
3640.491211,-33.341,-29.771393,0.009797,8.701,-7.007,-6.946,0.000000
3653.091553,-33.396,-40.142082,0.009859,8.701,-7.032,-6.971,0.000000
3665.739014,-33.626,-52.438362,0.010124,8.701,-7.057,-6.996,0.000000
3678.426514,-34.120,-64.783882,0.010715,8.701,-7.082,-7.022,0.000000
3691.161621,-34.931,-77.801521,0.011765,8.701,-7.108,-7.047,0.000000
3703.937256,-35.396,-92.087822,0.012412,8.701,-7.133,-7.072,0.000000
3716.760498,-35.372,-106.923950,0.012377,8.701,-7.159,-7.098,0.000000
3729.628418,-35.861,-114.542053,0.013094,8.701,-7.185,-7.123,0.000000
3742.533447,-37.112,-128.496521,0.015123,8.701,-7.211,-7.149,0.000000
3755.490479,-37.020,-162.270294,0.014963,8.701,-7.236,-7.174,0.000000
3768.492432,-36.772,154.995758,0.014542,8.701,-7.262,-7.200,0.000000
3781.535645,-35.844,125.007416,0.013069,8.701,-7.288,-7.226,0.000000
3794.624023,-34.967,100.466263,0.011813,8.701,-7.315,-7.252,0.000000
3807.761475,-33.939,82.156654,0.010492,8.701,-7.341,-7.278,0.000000
3820.940674,-33.265,64.762459,0.009708,8.701,-7.367,-7.304,0.000000
3834.169189,-32.509,53.717876,0.008896,8.701,-7.394,-7.330,0.000000
3847.439697,-31.260,46.764748,0.007704,8.701,-7.420,-7.357,0.000000
3860.760010,-30.564,28.971542,0.007110,8.701,-7.447,-7.383,0.000000
3874.126221,-30.291,10.700184,0.006888,8.701,-7.474,-7.409,0.000000
3887.531494,-30.635,-4.839240,0.007165,8.701,-7.500,-7.436,0.000000
3900.990479,-30.878,-19.549475,0.007367,8.701,-7.527,-7.463,0.000000
3914.496094,-31.856,-31.399727,0.008243,8.701,-7.554,-7.489,0.000000
3928.048340,-32.760,-33.298897,0.009146,8.701,-7.581,-7.516,0.000000
3941.640137,-33.478,-39.076962,0.009933,8.701,-7.608,-7.543,0.000000
3955.286377,-34.785,-45.263008,0.011543,8.701,-7.636,-7.570,0.000000
3968.979980,-35.910,-50.910275,0.013138,8.701,-7.663,-7.597,0.000000
3982.717285,-37.513,-54.470715,0.015795,8.701,-7.691,-7.625,0.000000
3996.501953,-38.439,-48.577099,0.017567,8.701,-7.718,-7.652,0.000000
4010.338135,-39.298,-35.767662,0.019386,8.701,-7.727,-7.661,0.000000
4024.218506,-39.339,-18.184494,0.019470,8.701,-7.730,-7.664,0.000000
4038.150879,-38.492,-16.474609,0.017656,8.701,-7.734,-7.667,0.000000
4052.127441,-38.251,-14.964845,0.017167,8.701,-7.737,-7.670,0.000000
4066.156250,-38.334,-18.350824,0.017326,8.701,-7.740,-7.673,0.000000
4080.233643,-38.581,-13.180591,0.017820,8.701,-7.743,-7.676,0.000000
4094.352051,-38.796,-11.270787,0.018260,8.701,-7.746,-7.680,0.000000
4108.526855,-38.392,-15.718017,0.017424,8.701,-7.749,-7.683,0.000000
4122.750977,-38.024,-23.295740,0.016695,8.701,-7.752,-7.686,0.000000
4137.020508,-37.435,-35.448372,0.015595,8.701,-7.756,-7.689,0.000000
4151.339355,-38.208,-50.703114,0.017041,8.701,-7.759,-7.692,0.000000
4165.711914,-39.273,-65.363365,0.019257,8.701,-7.762,-7.695,0.000000
4180.133789,-39.973,-78.202087,0.020867,8.701,-7.765,-7.698,0.000000
4194.601562,-39.156,-84.849335,0.018985,8.701,-7.768,-7.702,0.000000
4209.120117,-38.382,-39.321621,0.017362,8.701,-7.772,-7.705,0.000000
4223.692383,-38.217,23.668671,0.017029,8.701,-7.775,-7.708,0.000000
4238.314941,-38.060,72.014793,0.016719,8.701,-7.778,-7.711,0.000000
4252.980469,-37.674,73.904625,0.015986,8.701,-7.781,-7.714,0.000000
4267.704590,-36.779,54.694504,0.014416,8.701,-7.785,-7.718,0.000000
4282.479980,-36.181,43.040867,0.013453,8.701,-7.788,-7.721,0.000000
4297.306152,-35.278,31.547632,0.012119,8.701,-7.791,-7.724,0.000000
4312.175781,-35.164,19.071230,0.011958,8.701,-7.795,-7.727,0.000000
4327.104980,-35.315,12.499610,0.012163,8.701,-7.798,-7.731,0.000000
4342.085449,-34.540,5.590111,0.011121,8.701,-7.801,-7.734,0.000000
4357.114258,-33.761,-4.789307,0.010163,8.701,-7.805,-7.737,0.000000
4372.194824,-33.311,-19.533361,0.009645,8.701,-7.808,-7.741,0.000000
4387.331543,-33.838,-33.755863,0.010243,8.701,-7.811,-7.744,0.000000
4402.520996,-34.079,-47.445034,0.010526,8.701,-7.815,-7.747,0.000000
4417.758789,-34.152,-66.847580,0.010609,8.701,-7.818,-7.751,0.000000
4433.049316,-34.203,-85.599419,0.010666,8.701,-7.822,-7.754,0.000000
4448.396973,-33.865,-100.613503,0.010254,8.701,-7.825,-7.757,0.000000
4463.797852,-34.642,-116.744537,0.011208,8.700,-7.828,-7.761,0.000000
4479.243164,-34.872,-156.555527,0.011506,8.700,-7.832,-7.764,0.000000
4494.750977,-35.751,146.978912,0.012727,8.700,-7.835,-7.767,0.000000
4510.312012,-35.557,92.076263,0.012441,8.700,-7.839,-7.771,0.000000
4525.922852,-35.319,69.701904,0.012100,8.700,-7.842,-7.774,0.000000
4541.587891,-35.598,54.238705,0.012491,8.700,-7.846,-7.778,0.000000
4557.311035,-36.172,38.181343,0.013339,8.700,-7.849,-7.781,0.000000
4573.088867,-37.079,26.567656,0.014800,8.700,-7.853,-7.785,0.000000
4588.916992,-37.377,28.213770,0.015309,8.700,-7.856,-7.788,0.000000
4604.799805,-37.234,20.216713,0.015051,8.700,-7.860,-7.792,0.000000
4620.742188,-37.381,9.597168,0.015300,8.700,-7.863,-7.795,0.000000
4636.739746,-38.201,3.868608,0.016806,8.700,-7.867,-7.799,0.000000
4652.788086,-39.398,2.602770,0.019280,8.700,-7.870,-7.802,0.000000
4668.892090,-39.937,9.293106,0.020503,8.700,-7.874,-7.806,0.000000
4685.056152,-39.629,23.860518,0.019779,8.700,-7.878,-7.809,0.000000
4701.276367,-38.361,39.830025,0.017085,8.700,-7.881,-7.813,0.000000
4717.543457,-36.066,37.281105,0.013110,8.700,-7.885,-7.816,0.000000
4733.875977,-35.643,27.243176,0.012481,8.700,-7.889,-7.820,0.000000
4750.265137,-35.716,28.781473,0.012579,8.700,-7.892,-7.824,0.000000
4766.706543,-35.452,26.918087,0.012196,8.700,-7.896,-7.827,0.000000
4783.209473,-34.858,17.865627,0.011384,8.700,-7.899,-7.831,0.000000
4799.764648,-34.211,5.006148,0.010562,8.700,-7.903,-7.834,0.000000
4816.381836,-34.285,3.385799,0.010647,8.700,-7.907,-7.838,0.000000
4833.052246,-34.330,-1.012552,0.010697,8.700,-7.911,-7.842,0.000000
4849.779785,-35.065,-17.263973,0.011636,8.700,-7.914,-7.845,0.000000
4866.570312,-36.606,-10.518731,0.013887,8.700,-7.918,-7.849,0.000000
4883.418945,-36.949,-16.625158,0.014439,8.700,-7.922,-7.853,0.000000
4900.316406,-37.574,-22.721296,0.015510,8.700,-7.926,-7.856,0.000000
4917.281738,-37.530,-38.696194,0.015427,8.700,-7.929,-7.860,0.000000
4934.305664,-37.238,11.155539,0.014911,8.700,-7.933,-7.864,0.000000
4951.388672,-37.249,28.379900,0.014924,8.700,-7.937,-7.868,0.000000
4968.521484,-36.569,63.447624,0.013796,8.700,-7.941,-7.871,0.000000
4985.723145,-35.501,82.291733,0.012195,8.700,-7.945,-7.875,0.000000
5002.984375,-34.412,64.933815,0.010755,8.700,-7.948,-7.879,0.000000
5020.300293,-33.413,66.449356,0.009583,8.700,-7.952,-7.883,0.000000
5037.681152,-32.398,60.554482,0.008524,8.700,-7.956,-7.887,0.000000
5055.117188,-31.621,54.483635,0.007792,8.700,-7.960,-7.890,0.000000
5072.618164,-31.296,37.383148,0.007502,8.700,-7.964,-7.894,0.000000
5090.175293,-30.553,21.251913,0.006885,8.700,-7.968,-7.898,0.000000
5107.792969,-30.358,4.116460,0.006730,8.700,-7.972,-7.902,0.000000
5125.477051,-31.146,-15.052102,0.007366,8.700,-7.976,-7.906,0.000000
5143.221680,-31.467,-24.275917,0.007641,8.700,-7.980,-7.910,0.000000
5161.018066,-32.233,-23.522554,0.008342,8.700,-7.984,-7.914,0.000000
5178.886230,-33.079,-25.185812,0.009193,8.700,-7.988,-7.918,0.000000
5196.815918,-34.038,-39.727104,0.010263,8.700,-7.992,-7.922,0.000000
5214.802734,-35.032,-35.003033,0.011504,8.700,-7.996,-7.926,0.000000
5232.856934,-37.077,-43.528492,0.014552,8.700,-8.000,-7.929,0.000000
5250.968750,-37.667,20.901537,0.015571,8.700,-8.004,-7.933,0.000000
5269.147949,-37.813,38.851215,0.015832,8.700,-8.008,-7.937,0.000000
5287.385254,-38.729,40.741501,0.017591,8.700,-8.012,-7.941,0.000000
5305.685547,-37.915,34.781925,0.016013,8.700,-8.016,-7.945,0.000000
5324.054199,-37.545,33.507633,0.015344,8.700,-8.020,-7.949,0.000000
5342.486816,-37.098,36.911030,0.014572,8.700,-8.024,-7.954,0.000000
5360.978027,-37.065,27.397335,0.014514,8.700,-8.028,-7.958,0.000000
5379.532715,-36.476,44.995892,0.013563,8.700,-8.032,-7.962,0.000000
5398.157227,-35.870,34.585384,0.012648,8.700,-8.036,-7.966,0.000000
5416.846191,-36.227,34.999336,0.013180,8.700,-8.041,-7.970,0.000000
5435.594727,-35.412,38.026661,0.011999,8.700,-8.045,-7.974,0.000000
5454.408203,-34.600,27.778425,0.010928,8.700,-8.049,-7.978,0.000000
5473.291992,-34.910,27.377338,0.011325,8.700,-8.053,-7.982,0.000000
5492.235352,-34.012,19.900969,0.010212,8.700,-8.057,-7.986,0.000000
5511.250000,-34.102,17.230192,0.010317,8.700,-8.062,-7.991,0.000000
5530.325195,-33.791,4.129881,0.009952,8.700,-8.066,-7.995,0.000000
5549.472168,-33.836,-9.821978,0.010002,8.700,-8.070,-7.999,0.000000
5568.679199,-33.895,-23.835138,0.010068,8.700,-8.074,-8.003,0.000000
5587.953613,-34.034,-35.677963,0.010228,8.700,-8.079,-8.007,0.000000
5607.299316,-34.246,-52.942444,0.010480,8.700,-8.083,-8.012,0.000000
5626.712402,-34.505,-67.371643,0.010796,8.700,-8.087,-8.016,0.000000
5646.181641,-34.251,-90.156418,0.010486,8.700,-8.092,-8.020,0.000000
5665.729492,-33.780,-107.215652,0.009932,8.700,-8.096,-8.024,0.000000
5685.344727,-33.234,-162.057297,0.009327,8.700,-8.100,-8.029,0.000000
5705.027832,-33.014,98.932228,0.009093,8.700,-8.105,-8.033,0.000000
5724.773926,-33.102,72.826782,0.009186,8.700,-8.109,-8.037,0.000000
5744.587891,-32.451,62.821629,0.008523,8.700,-8.114,-8.042,0.000000
5764.476562,-32.930,51.657127,0.009006,8.700,-8.118,-8.046,0.000000
5784.428223,-33.261,33.377960,0.009356,8.700,-8.122,-8.051,0.000000
5804.448730,-33.644,24.867056,0.009777,8.700,-8.127,-8.055,0.000000
5824.544434,-34.026,12.383174,0.010217,8.700,-8.131,-8.059,0.000000
5844.709473,-34.886,-0.067366,0.011280,8.700,-8.136,-8.064,0.000000
5864.938965,-35.229,-12.633495,0.011734,8.700,-8.140,-8.068,0.000000
5885.238281,-35.652,-24.088123,0.012321,8.700,-8.145,-8.073,0.000000
5905.613281,-35.991,-34.517826,0.012811,8.700,-8.149,-8.077,0.000000
5926.059082,-36.181,-25.782333,0.013094,8.700,-8.154,-8.082,0.000000
5946.570312,-35.705,-10.696250,0.012395,8.700,-8.159,-8.086,0.000000
5967.151855,-35.711,10.593841,0.012404,8.700,-8.163,-8.091,0.000000
5987.811035,-36.442,37.432995,0.013493,8.700,-8.168,-8.095,0.000000
6008.535645,-36.952,49.836605,0.014310,8.700,-8.172,-8.100,0.000000
6029.337402,-37.270,70.986038,0.014843,8.700,-8.177,-8.104,0.000000
6050.206055,-37.129,62.023380,0.014605,8.700,-8.182,-8.109,0.000000
6071.152344,-37.290,49.421906,0.014877,8.700,-8.186,-8.113,0.000000
6092.165527,-37.245,41.177677,0.014800,8.700,-8.191,-8.118,0.000000
6113.251465,-37.950,32.277966,0.016053,8.700,-8.196,-8.123,0.000000
6134.416016,-38.349,35.053951,0.016806,8.700,-8.200,-8.127,0.000000
6155.653809,-37.669,39.814789,0.015541,8.700,-8.205,-8.132,0.000000
6176.959473,-36.260,39.740925,0.013212,8.700,-8.210,-8.137,0.000000
6198.338867,-35.269,32.271313,0.011786,8.700,-8.215,-8.141,0.000000
6219.797852,-35.008,27.007954,0.011435,8.700,-8.219,-8.146,0.000000
6241.331543,-34.496,21.411573,0.010777,8.700,-8.224,-8.151,0.000000
6262.933594,-33.724,10.899938,0.009859,8.700,-8.229,-8.156,0.000000
6284.610352,-33.408,-0.433020,0.009506,8.700,-8.234,-8.160,0.000000
6306.368652,-32.847,-15.383565,0.008909,8.700,-8.239,-8.165,0.000000
6328.195801,-32.845,-19.659843,0.008906,8.700,-8.243,-8.170,0.000000
6350.104492,-33.937,-31.288965,0.010098,8.700,-8.248,-8.175,0.000000
6372.083008,-35.147,-42.120548,0.011604,8.700,-8.253,-8.180,0.000000
6394.143555,-35.871,-43.512230,0.012612,8.700,-8.258,-8.184,0.000000
6416.274902,-36.476,-7.634646,0.013518,8.700,-8.263,-8.189,0.000000
6438.482422,-37.823,92.668831,0.015784,8.700,-8.268,-8.194,0.000000
6460.772949,-38.284,86.327835,0.016640,8.700,-8.273,-8.199,0.000000
6483.140625,-39.078,72.935127,0.018227,8.700,-8.278,-8.204,0.000000
6505.580078,-39.851,57.528435,0.019915,8.700,-8.283,-8.209,0.000000
6528.096680,-38.922,54.487118,0.017890,8.700,-8.288,-8.214,0.000000
6550.697266,-38.802,47.185154,0.017639,8.700,-8.293,-8.219,0.000000
6573.370605,-38.759,38.614159,0.017544,8.700,-8.298,-8.224,0.000000
6596.127930,-38.610,26.312805,0.017241,8.700,-8.303,-8.229,0.000000
6618.958008,-38.657,17.935780,0.017328,8.700,-8.308,-8.234,0.000000
6641.873535,-39.389,3.019912,0.018846,8.700,-8.313,-8.239,0.000000
6664.861816,-40.049,2.156792,0.020326,8.700,-8.318,-8.244,0.000000
6687.930176,-40.256,11.355974,0.020809,8.700,-8.324,-8.249,0.000000
6711.084473,-40.515,20.985474,0.021430,8.700,-8.329,-8.254,0.000000
6734.318848,-39.281,47.467422,0.018586,8.700,-8.334,-8.259,0.000000
6757.633301,-37.363,42.512173,0.014899,8.700,-8.339,-8.264,0.000000
6781.016113,-36.857,33.030010,0.014051,8.700,-8.344,-8.269,0.000000
6804.492676,-36.914,34.966717,0.014138,8.700,-8.350,-8.274,0.000000
6828.050293,-36.729,32.797131,0.013836,8.700,-8.355,-8.280,0.000000
6851.683105,-36.545,42.887753,0.013541,8.700,-8.360,-8.285,0.000000
6875.397949,-36.476,37.398315,0.013429,8.700,-8.365,-8.290,0.000000
6899.201172,-36.146,31.717813,0.012925,8.700,-8.371,-8.295,0.000000
6923.080078,-37.010,20.219709,0.014270,8.700,-8.376,-8.300,0.000000
6947.048828,-38.222,22.939329,0.016397,8.699,-8.381,-8.306,0.000000
6971.093262,-38.877,32.690903,0.017672,8.699,-8.387,-8.311,0.000000
6995.228027,-38.006,39.174454,0.015979,8.699,-8.392,-8.316,0.000000
7019.446289,-37.098,35.397873,0.014385,8.699,-8.397,-8.322,0.000000
7043.734863,-36.605,26.150480,0.013584,8.699,-8.403,-8.327,0.000000
7068.120605,-36.443,8.437119,0.013327,8.699,-8.408,-8.332,0.000000
7092.591309,-36.349,-9.718844,0.013177,8.699,-8.414,-8.338,0.000000
7117.139648,-36.331,-13.984663,0.013143,8.699,-8.419,-8.343,0.000000
7141.772949,-35.806,-15.815439,0.012365,8.699,-8.425,-8.348,0.000000
7166.498535,-35.625,-28.451454,0.012104,8.699,-8.430,-8.354,0.000000
7191.309570,-35.682,-28.611736,0.012177,8.699,-8.436,-8.359,0.000000
7216.199707,-36.637,-45.756519,0.013586,8.699,-8.441,-8.365,0.000000
7241.176270,-36.918,78.756119,0.014025,8.699,-8.447,-8.370,0.000000
7266.245605,-37.077,66.788315,0.014279,8.699,-8.452,-8.376,0.000000
7291.402344,-37.385,61.346054,0.014789,8.699,-8.458,-8.381,0.000000
7316.631836,-37.455,43.469830,0.014904,8.699,-8.464,-8.387,0.000000
7341.962402,-37.622,42.536343,0.015188,8.699,-8.469,-8.392,0.000000
7367.381348,-37.248,46.755455,0.014543,8.699,-8.475,-8.398,0.000000
7392.887695,-36.370,36.142277,0.013141,8.699,-8.481,-8.404,0.000000
7418.468262,-35.976,33.309643,0.012553,8.699,-8.486,-8.409,0.000000
7444.151855,-35.740,18.154512,0.012210,8.699,-8.492,-8.415,0.000000
7469.924316,-35.194,7.274379,0.011460,8.699,-8.498,-8.420,0.000000
7495.778809,-35.267,-3.803660,0.011550,8.699,-8.503,-8.426,0.000000
7521.722656,-34.701,-21.208210,0.010817,8.699,-8.509,-8.432,0.000000
7547.763672,-34.503,-26.554577,0.010566,8.699,-8.515,-8.438,0.000000
7573.887207,-33.906,-35.455780,0.009860,8.699,-8.521,-8.443,0.000000
7600.108887,-34.044,-29.031912,0.010013,8.699,-8.527,-8.449,0.000000
7626.414062,-34.050,-13.162846,0.010015,8.699,-8.533,-8.455,0.000000
7652.817383,-33.996,20.697950,0.009947,8.699,-8.538,-8.461,0.000000
7679.312012,-33.871,30.307236,0.009800,8.699,-8.544,-8.466,0.000000
7705.883789,-33.387,25.783520,0.009264,8.699,-8.550,-8.472,0.000000
7732.562500,-33.321,22.460970,0.009190,8.699,-8.556,-8.478,0.000000
7759.333008,-33.601,12.236316,0.009485,8.699,-8.562,-8.484,0.000000
7786.189453,-34.768,-1.923880,0.010844,8.699,-8.568,-8.490,0.000000
7813.138672,-36.321,-33.096798,0.012960,8.699,-8.574,-8.496,0.000000
7840.188477,-35.955,-72.144020,0.012419,8.699,-8.580,-8.502,0.000000
7867.331543,-35.905,-92.242218,0.012342,8.699,-8.586,-8.508,0.000000
7894.561523,-36.767,-138.059433,0.013622,8.699,-8.592,-8.514,0.000000
7921.885742,-37.336,145.133469,0.014536,8.699,-8.598,-8.520,0.000000
7949.312012,-38.033,108.383667,0.015742,8.699,-8.604,-8.526,0.000000
7976.833496,-38.575,79.608727,0.016745,8.699,-8.611,-8.532,0.000000
8004.442383,-38.276,67.833832,0.016166,8.699,-8.616,-8.537,0.000000
8032.146973,-37.836,64.863266,0.015357,8.699,-8.616,-8.537,0.000000
8059.955078,-37.950,53.116806,0.015549,8.699,-8.617,-8.538,0.000000
8087.859375,-38.772,45.510948,0.017081,8.699,-8.617,-8.538,0.000000
8115.844727,-39.041,41.026176,0.017607,8.699,-8.617,-8.539,0.000000
8143.942383,-38.818,32.536114,0.017146,8.699,-8.618,-8.539,0.000000
8172.137695,-39.291,30.940477,0.018090,8.699,-8.618,-8.539,0.000000
8200.422852,-39.043,27.695442,0.017566,8.699,-8.619,-8.540,0.000000
8228.805664,-38.826,15.544379,0.017118,8.699,-8.619,-8.540,0.000000
8257.293945,-39.203,9.534006,0.017861,8.699,-8.620,-8.541,0.000000
8285.881836,-40.171,-5.441353,0.019949,8.699,-8.620,-8.541,0.000000
8314.560547,-40.362,-4.431546,0.020376,8.699,-8.620,-8.541,0.000000
8343.337891,-40.074,64.053703,0.019691,8.699,-8.621,-8.542,0.000000
8372.223633,-38.699,104.339828,0.016791,8.699,-8.621,-8.542,0.000000
8401.208984,-38.053,103.520485,0.015571,8.699,-8.622,-8.543,0.000000
8430.278320,-37.401,104.302376,0.014430,8.699,-8.622,-8.543,0.000000
8459.464844,-37.135,93.760757,0.013981,8.699,-8.623,-8.544,0.000000
8488.752930,-36.580,77.846718,0.013102,8.699,-8.623,-8.544,0.000000
8518.141602,-35.974,67.460381,0.012205,8.699,-8.624,-8.545,0.000000
8547.616211,-35.935,48.495144,0.012136,8.699,-8.624,-8.545,0.000000
8577.208008,-36.240,32.255844,0.012555,8.699,-8.624,-8.545,0.000000
8606.903320,-37.623,16.708204,0.014704,8.699,-8.625,-8.546,0.000000
8636.693359,-37.892,13.952985,0.015148,8.699,-8.625,-8.546,0.000000
8666.594727,-38.892,9.818826,0.016975,8.699,-8.626,-8.547,0.000000
8696.590820,-39.205,9.236344,0.017576,8.699,-8.626,-8.547,0.000000
8726.699219,-38.650,21.999855,0.016466,8.699,-8.627,-8.548,0.000000
8756.903320,-38.323,23.345121,0.015832,8.699,-8.627,-8.548,0.000000
8787.211914,-38.634,21.028244,0.016385,8.699,-8.628,-8.549,0.000000
8817.634766,-38.510,54.539577,0.016128,8.699,-8.628,-8.549,0.000000
8848.162109,-38.294,59.897167,0.015707,8.699,-8.629,-8.549,0.000000
8878.778320,-37.188,62.794651,0.013808,8.699,-8.629,-8.550,0.000000
8909.517578,-36.022,49.207722,0.012054,8.699,-8.629,-8.550,0.000000
8940.363281,-35.535,34.046848,0.011375,8.699,-8.630,-8.551,0.000000
8971.306641,-35.937,17.677214,0.011892,8.699,-8.630,-8.551,0.000000
9002.366211,-36.537,26.017988,0.012718,8.699,-8.631,-8.552,0.000000
9033.524414,-36.944,67.041748,0.013303,8.699,-8.631,-8.552,0.000000
9064.799805,-36.985,65.978271,0.013342,8.699,-8.632,-8.553,0.000000
9096.173828,-37.120,82.216637,0.013524,8.699,-8.632,-8.553,0.000000
9127.657227,-37.274,77.350494,0.013738,8.699,-8.633,-8.554,0.000000
9159.257812,-38.618,82.493843,0.016001,8.699,-8.633,-8.554,0.000000
9190.967773,-40.109,86.275002,0.018956,8.699,-8.634,-8.555,0.000000
9222.770508,-40.703,75.783302,0.020253,8.699,-8.634,-8.555,0.000000
9254.701172,-40.340,67.111511,0.019381,8.699,-8.635,-8.555,0.000000
9286.741211,-40.682,60.662910,0.020112,8.699,-8.635,-8.556,0.000000
9318.892578,-39.593,56.770737,0.017703,8.699,-8.636,-8.556,0.000000
9351.137695,-39.057,42.722881,0.016605,8.699,-8.636,-8.557,0.000000
9383.512695,-39.040,38.897274,0.016534,8.699,-8.637,-8.557,0.000000
9415.999023,-39.121,27.192616,0.016647,8.699,-8.637,-8.558,0.000000
9448.588867,-38.936,17.202257,0.016257,8.699,-8.638,-8.558,0.000000
9481.300781,-37.979,13.797595,0.014527,8.699,-8.638,-8.559,0.000000
9514.117188,-37.322,31.672598,0.013436,8.699,-8.639,-8.559,0.000000
9547.055664,-36.102,81.170624,0.011646,8.699,-8.639,-8.560,0.000000
9580.099609,-35.245,61.435127,0.010524,8.699,-8.640,-8.560,0.000000
9613.257812,-35.331,72.708359,0.010599,8.699,-8.640,-8.561,0.000000
9646.540039,-35.322,48.955692,0.010560,8.699,-8.641,-8.561,0.000000
9679.936523,-35.612,57.035877,0.010888,8.699,-8.641,-8.562,0.000000
9713.431641,-35.836,60.103733,0.011141,8.699,-8.642,-8.562,0.000000
9747.060547,-35.961,59.991543,0.011272,8.699,-8.642,-8.563,0.000000
9780.805664,-36.392,46.584595,0.011812,8.699,-8.643,-8.563,0.000000
9814.658203,-37.237,33.031979,0.012983,8.699,-8.643,-8.564,0.000000
9848.637695,-38.383,20.000305,0.014773,8.699,-8.644,-8.564,0.000000
9882.724609,-38.588,14.241527,0.015085,8.699,-8.644,-8.565,0.000000
9916.939453,-38.835,33.035313,0.015478,8.699,-8.645,-8.565,0.000000
9951.263672,-38.828,51.754887,0.015423,8.699,-8.645,-8.566,0.000000
9985.706055,-38.490,74.359238,0.014792,8.699,-8.646,-8.566,0.000000
10020.278320,-37.925,66.087029,0.013822,8.699,-8.646,-8.567,0.000000
10054.968750,-37.532,64.091621,0.013172,8.699,-8.647,-8.567,0.000000
10089.770508,-37.094,61.347588,0.012488,8.699,-8.647,-8.568,0.000000
10124.692383,-36.183,61.658924,0.011212,8.699,-8.648,-8.568,0.000000
10159.745117,-36.286,76.731781,0.011312,8.699,-8.648,-8.569,0.000000
10194.918945,-36.128,76.441254,0.011075,8.699,-8.649,-8.569,0.000000
10230.205078,-35.874,89.506149,0.010725,8.699,-8.649,-8.570,0.000000
10265.613281,-35.759,71.508430,0.010555,8.699,-8.650,-8.570,0.000000
10301.154297,-35.949,73.532997,0.010758,8.699,-8.651,-8.571,0.000000
10336.807617,-36.246,74.539909,0.011102,8.699,-8.651,-8.572,0.000000
10372.594727,-36.507,80.672226,0.011410,8.699,-8.652,-8.572,0.000000
10408.496094,-37.721,91.309784,0.013084,8.699,-8.652,-8.573,0.000000
10444.531250,-38.751,92.783417,0.014692,8.699,-8.653,-8.573,0.000000
10480.680664,-38.839,80.863808,0.014798,8.699,-8.653,-8.574,0.000000
10516.956055,-38.375,64.227249,0.013988,8.699,-8.654,-8.574,0.000000
10553.367188,-38.420,50.411846,0.014020,8.699,-8.654,-8.575,0.000000
10589.903320,-38.519,46.346901,0.014139,8.699,-8.655,-8.575,0.000000
10626.546875,-38.779,57.623642,0.014527,8.699,-8.655,-8.576,0.000000
10663.336914,-39.864,86.826065,0.016410,8.699,-8.656,-8.576,0.000000
10700.253906,-39.649,95.078659,0.015962,8.699,-8.657,-8.577,0.000000
10737.299805,-39.315,92.255592,0.015317,8.699,-8.657,-8.578,0.000000
10774.462891,-38.795,81.325340,0.014387,8.699,-8.658,-8.578,0.000000
10811.754883,-38.738,72.541489,0.014254,8.699,-8.658,-8.579,0.000000
10849.185547,-38.996,74.577614,0.014643,8.699,-8.659,-8.579,0.000000
10886.736328,-39.092,80.352203,0.014766,8.699,-8.659,-8.580,0.000000
10924.427734,-39.375,81.907196,0.015212,8.699,-8.660,-8.580,0.000000
10962.238281,-39.089,87.102783,0.014678,8.699,-8.661,-8.581,0.000000
11000.190430,-38.982,81.316422,0.014462,8.699,-8.661,-8.581,0.000000
11038.263672,-38.845,73.081825,0.014199,8.699,-8.662,-8.582,0.000000
11076.468750,-39.773,69.079559,0.015760,8.699,-8.662,-8.583,0.000000
11114.816406,-40.168,84.562477,0.016450,8.699,-8.663,-8.583,0.000000
11153.296875,-40.488,84.712822,0.017024,8.698,-8.663,-8.584,0.000000
11191.900391,-40.596,73.812431,0.017191,8.698,-8.664,-8.584,0.000000
11230.636719,-40.672,67.879021,0.017298,8.698,-8.665,-8.585,0.000000
11269.518555,-40.370,57.456341,0.016663,8.698,-8.665,-8.585,0.000000
11308.523438,-40.559,48.874428,0.016985,8.698,-8.666,-8.586,0.000000
11347.674805,-41.318,46.390099,0.018489,8.698,-8.666,-8.587,0.000000
11386.951172,-40.929,62.027596,0.017635,8.698,-8.667,-8.587,0.000000
11426.373047,-39.905,71.689659,0.015633,8.698,-8.668,-8.588,0.000000
11465.921875,-39.955,76.758041,0.015683,8.698,-8.668,-8.588,0.000000
11505.606445,-39.948,89.565811,0.015630,8.698,-8.669,-8.589,0.000000
11545.440430,-39.799,87.178825,0.015327,8.698,-8.669,-8.590,0.000000
11585.412109,-39.216,71.396156,0.014298,8.698,-8.670,-8.590,0.000000
11625.521484,-38.438,80.658699,0.013042,8.698,-8.671,-8.591,0.000000
11665.748047,-38.175,90.537453,0.012623,8.698,-8.671,-8.591,0.000000
11706.135742,-37.723,80.824455,0.011953,8.698,-8.672,-8.592,0.000000
11746.664062,-38.431,72.156708,0.012937,8.698,-8.672,-8.593,0.000000
11787.320312,-39.057,74.880928,0.013868,8.698,-8.673,-8.593,0.000000
11828.118164,-39.240,90.232147,0.014127,8.698,-8.674,-8.594,0.000000
11869.068359,-38.882,98.004684,0.013522,8.698,-8.674,-8.594,0.000000
11910.148438,-39.414,119.216988,0.014339,8.698,-8.675,-8.595,0.000000
11951.382812,-39.584,108.209343,0.014585,8.698,-8.675,-8.596,0.000000
11992.748047,-40.040,82.530708,0.015332,8.698,-8.676,-8.596,0.000000
12034.268555,-40.528,64.933044,0.016174,8.698,-8.677,-8.597,0.000000
12075.931641,-40.585,87.546555,0.016239,8.698,-8.677,-8.597,0.000000
12117.716797,-41.081,111.786491,0.017150,8.698,-8.678,-8.598,0.000000
12159.669922,-40.189,109.661308,0.015437,8.698,-8.679,-8.599,0.000000
12201.767578,-40.196,99.599907,0.015409,8.698,-8.679,-8.599,0.000000
12243.999023,-40.347,94.511292,0.015638,8.698,-8.680,-8.600,0.000000
12286.377930,-41.038,75.936806,0.016890,8.698,-8.681,-8.601,0.000000
12328.914062,-41.779,109.918381,0.018343,8.698,-8.681,-8.601,0.000000
12371.597656,-40.920,113.159081,0.016569,8.698,-8.682,-8.602,0.000000
12414.417969,-40.925,90.279785,0.016529,8.698,-8.682,-8.602,0.000000
12457.385742,-40.322,76.228249,0.015376,8.698,-8.683,-8.603,0.000000
12500.514648,-40.624,75.754822,0.015873,8.698,-8.684,-8.604,0.000000
12543.780273,-41.017,74.324913,0.016559,8.698,-8.684,-8.604,0.000000
12587.196289,-40.321,94.601181,0.015238,8.698,-8.685,-8.605,0.000000
12630.774414,-38.979,110.984703,0.013017,8.698,-8.686,-8.606,0.000000
12674.502930,-37.835,92.026451,0.011377,8.698,-8.686,-8.606,0.000000
12718.383789,-37.800,59.303780,0.011296,8.698,-8.687,-8.607,0.000000
12762.391602,-37.921,64.759933,0.011418,8.698,-8.688,-8.608,0.000000
12806.576172,-38.029,134.583496,0.011525,8.698,-8.688,-8.608,0.000000
12850.914062,-38.625,117.867218,0.012305,8.698,-8.689,-8.609,0.000000
12895.392578,-38.109,122.316391,0.011559,8.698,-8.690,-8.610,0.000000
12940.025391,-37.782,90.333214,0.011092,8.698,-8.690,-8.610,0.000000
12984.825195,-38.488,98.267693,0.011989,8.698,-8.691,-8.611,0.000000
13029.767578,-38.720,135.563690,0.012269,8.698,-8.692,-8.612,0.000000
13074.876953,-38.571,134.950562,0.012017,8.698,-8.692,-8.612,0.000000
13120.131836,-38.744,118.012894,0.012214,8.698,-8.693,-8.613,0.000000
13165.554688,-39.170,98.656860,0.012782,8.698,-8.694,-8.614,0.000000
13211.134766,-39.224,82.189499,0.012814,8.698,-8.695,-8.614,0.000000
13256.847656,-38.904,78.124985,0.012303,8.698,-8.695,-8.615,0.000000
13302.744141,-39.177,115.592056,0.012648,8.698,-8.696,-8.616,0.000000
13348.799805,-39.132,108.365295,0.012537,8.698,-8.697,-8.616,0.000000
13395.001953,-39.067,97.583572,0.012396,8.698,-8.697,-8.617,0.000000
13441.363281,-39.249,89.856445,0.012610,8.698,-8.698,-8.618,0.000000
13487.899414,-39.009,80.873482,0.012219,8.698,-8.699,-8.618,0.000000
13534.595703,-38.903,103.549454,0.012022,8.698,-8.699,-8.619,0.000000
13581.440430,-38.446,128.703720,0.011358,8.698,-8.700,-8.620,0.000000
13628.447266,-38.549,115.300896,0.011443,8.698,-8.701,-8.621,0.000000
13675.630859,-38.795,102.707626,0.011722,8.698,-8.702,-8.621,0.000000
13722.976562,-38.338,94.115356,0.011073,8.698,-8.702,-8.622,0.000000
13770.473633,-38.482,70.561211,0.011210,8.698,-8.703,-8.623,0.000000
13818.135742,-39.373,96.432846,0.012367,8.698,-8.704,-8.623,0.000000
13865.975586,-39.670,118.739395,0.012739,8.698,-8.704,-8.624,0.000000
13913.980469,-40.198,110.818321,0.013478,8.698,-8.705,-8.625,0.000000
13962.125977,-40.033,88.254471,0.013166,8.698,-8.706,-8.625,0.000000
14010.463867,-40.807,93.036613,0.014329,8.698,-8.707,-8.626,0.000000
14058.969727,-40.423,126.540939,0.013647,8.698,-8.707,-8.627,0.000000
14107.628906,-40.988,115.102936,0.014499,8.698,-8.708,-8.628,0.000000
14156.458008,-41.567,116.187553,0.015429,8.698,-8.709,-8.628,0.000000
14205.468750,-41.740,120.984543,0.015666,8.698,-8.710,-8.629,0.000000
14254.635742,-41.984,129.728943,0.016038,8.698,-8.710,-8.630,0.000000
14303.986328,-40.992,132.467865,0.014241,8.698,-8.711,-8.631,0.000000
14353.495117,-40.427,140.202927,0.013281,8.698,-8.712,-8.631,0.000000
14403.188477,-40.420,120.662300,0.013209,8.698,-8.713,-8.632,0.000000
14453.052734,-40.299,111.650848,0.012965,8.698,-8.713,-8.633,0.000000
14503.063477,-40.522,119.706100,0.013240,8.698,-8.714,-8.634,0.000000
14553.274414,-41.000,121.057343,0.013922,8.698,-8.715,-8.634,0.000000
14603.659180,-41.137,124.892509,0.014076,8.698,-8.716,-8.635,0.000000
14654.218750,-40.874,115.220413,0.013590,8.698,-8.716,-8.636,0.000000
14704.924805,-41.254,116.124840,0.014130,8.698,-8.717,-8.637,0.000000
14755.834961,-42.054,119.367874,0.015418,8.698,-8.718,-8.637,0.000000
14806.920898,-41.401,131.030182,0.014232,8.698,-8.719,-8.638,0.000000
14858.168945,-41.671,126.166504,0.014610,8.698,-8.719,-8.639,0.000000
14909.609375,-41.567,121.977631,0.014364,8.698,-8.720,-8.640,0.000000
14961.213867,-41.672,118.893272,0.014465,8.698,-8.721,-8.640,0.000000
15013.010742,-42.010,121.476524,0.014965,8.698,-8.722,-8.641,0.000000
15064.973633,-41.614,117.756905,0.014227,8.698,-8.723,-8.642,0.000000
15117.115234,-41.017,116.139633,0.013215,8.698,-8.723,-8.643,0.000000
15169.452148,-41.040,105.025215,0.013184,8.698,-8.724,-8.643,0.000000
15221.969727,-41.442,97.657417,0.013743,8.698,-8.725,-8.644,0.000000
15274.640625,-40.335,114.006317,0.012040,8.698,-8.726,-8.645,0.000000
15327.523438,-39.684,110.192635,0.011118,8.698,-8.727,-8.646,0.000000
15380.588867,-40.006,110.594963,0.011482,8.698,-8.727,-8.647,0.000000
15433.823242,-39.775,127.701309,0.011127,8.698,-8.728,-8.647,0.000000
15487.241211,-39.497,123.619102,0.010724,8.698,-8.729,-8.648,0.000000
15540.859375,-39.950,131.941437,0.011243,8.698,-8.730,-8.649,0.000000
15594.664062,-39.205,122.995407,0.010270,8.698,-8.731,-8.650,0.000000
15648.638672,-38.709,120.872650,0.009654,8.698,-8.731,-8.651,0.000000
15702.800781,-37.986,122.024208,0.008840,8.698,-8.732,-8.651,0.000000
15757.166016,-37.767,114.478661,0.008579,8.698,-8.733,-8.652,0.000000
15811.718750,-37.435,110.818863,0.008217,8.698,-8.734,-8.653,0.000000
15866.429688,-37.518,114.386246,0.008255,8.698,-8.735,-8.654,0.000000
15921.361328,-37.474,123.541985,0.008175,8.698,-8.736,-8.655,0.000000
15976.482422,-37.362,115.997337,0.008031,8.698,-8.736,-8.655,0.000000
16031.793945,-38.005,129.849411,0.008607,8.698,-8.737,-8.656,0.000000
16087.267578,-38.403,146.255844,0.008967,8.698,-8.738,-8.657,0.000000
16142.962891,-38.476,128.416061,0.008999,8.698,-8.739,-8.658,0.000000
16198.851562,-39.631,134.288254,0.010230,8.698,-8.740,-8.659,0.000000
16254.917969,-38.228,141.362366,0.008661,8.698,-8.741,-8.660,0.000000
16311.194336,-37.103,124.807068,0.007572,8.698,-8.741,-8.660,0.000000
16367.649414,-36.935,114.379578,0.007392,8.698,-8.742,-8.661,0.000000
16424.316406,-37.302,126.522942,0.007674,8.698,-8.743,-8.662,0.000000
16481.162109,-36.586,123.869110,0.007033,8.698,-8.744,-8.663,0.000000
16538.205078,-36.649,108.403603,0.007050,8.698,-8.745,-8.664,0.000000
16595.462891,-36.416,94.858376,0.006830,8.698,-8.746,-8.665,0.000000
16652.917969,-34.820,117.329048,0.005656,8.698,-8.747,-8.665,0.000000
16710.539062,-35.054,94.154861,0.005783,8.697,-8.747,-8.666,0.000000
16768.392578,-36.088,97.139069,0.006483,8.697,-8.748,-8.667,0.000000
16826.447266,-36.038,110.297440,0.006415,8.697,-8.749,-8.668,0.000000
16884.685547,-35.094,117.108391,0.005726,8.697,-8.750,-8.669,0.000000
16943.142578,-33.457,107.917191,0.004720,8.697,-8.751,-8.670,0.000000
17001.785156,-32.777,103.614609,0.004343,8.697,-8.752,-8.671,0.000000
17060.646484,-32.072,122.150269,0.003985,8.697,-8.753,-8.672,0.000000
17119.695312,-32.846,107.718147,0.004336,8.697,-8.754,-8.672,0.000000
17178.949219,-33.086,122.771683,0.004436,8.697,-8.755,-8.673,0.000000
17238.423828,-32.880,120.533714,0.004311,8.697,-8.755,-8.674,0.000000
17298.105469,-33.060,142.805771,0.004380,8.697,-8.756,-8.675,0.000000
17357.976562,-32.213,134.899063,0.003954,8.697,-8.757,-8.676,0.000000
17418.054688,-32.311,127.544044,0.003980,8.697,-8.758,-8.677,0.000000
17478.357422,-32.084,130.232803,0.003858,8.697,-8.759,-8.678,0.000000
17538.869141,-31.378,125.419495,0.003539,8.697,-8.760,-8.679,0.000000
17599.556641,-31.082,132.901978,0.003403,8.697,-8.761,-8.680,0.000000
17660.488281,-30.430,124.084625,0.003142,8.697,-8.762,-8.680,0.000000
17721.630859,-30.390,124.407021,0.003111,8.697,-8.763,-8.681,0.000000
17782.968750,-29.641,124.666107,0.002840,8.697,-8.764,-8.682,0.000000
17844.535156,-28.812,123.374626,0.002569,8.697,-8.765,-8.683,0.000000
17906.296875,-28.480,119.750877,0.002461,8.697,-8.766,-8.684,0.000000
17968.291016,-28.762,127.794403,0.002530,8.697,-8.766,-8.685,0.000000
18030.480469,-28.175,141.448212,0.002353,8.697,-8.767,-8.686,0.000000
18092.886719,-27.339,133.894791,0.002127,8.697,-8.768,-8.687,0.000000
18155.525391,-25.938,127.679329,0.001801,8.697,-8.769,-8.688,0.000000
18218.382812,-24.890,134.697052,0.001589,8.697,-8.770,-8.689,0.000000
18281.421875,-24.232,146.747925,0.001466,8.697,-8.771,-8.690,0.000000
18344.712891,-24.309,137.888840,0.001472,8.697,-8.772,-8.691,0.000000
18408.224609,-23.220,145.778595,0.001293,8.697,-8.773,-8.692,0.000000
18471.955078,-22.723,145.034958,0.001215,8.697,-8.774,-8.693,0.000000
18535.888672,-22.157,136.134323,0.001133,8.697,-8.775,-8.693,0.000000
18600.044922,-21.795,140.931427,0.001082,8.697,-8.776,-8.694,0.000000
18664.439453,-20.364,140.035416,0.000913,8.697,-8.777,-8.695,0.000000
18729.041016,-18.966,141.498047,0.000774,8.697,-8.778,-8.696,0.000000
18793.880859,-17.621,144.214188,0.000660,8.697,-8.779,-8.697,0.000000
18858.929688,-15.752,140.659760,0.000530,8.697,-8.780,-8.698,0.000000
18924.220703,-15.240,125.438210,0.000508,8.697,-8.781,-8.699,0.000000
18989.720703,-13.640,120.253929,0.000417,8.697,-8.782,-8.700,0.000000
19055.447266,-12.461,119.242737,0.000481,8.697,-8.783,-8.701,0.000000
19121.417969,-11.556,123.283966,0.000339,8.697,-8.784,-8.702,0.000000
19187.619141,-11.150,105.137001,0.000500,8.697,-8.785,-8.703,0.000000
19254.029297,-10.791,130.146912,0.000347,8.697,-8.786,-8.704,0.000000
19320.669922,-10.128,103.636742,0.000406,8.697,-8.787,-8.705,0.000000
19387.560547,-10.249,65.474686,0.000429,8.697,-8.788,-8.706,0.000000
19454.664062,-8.897,-5.313661,0.000721,8.697,-8.789,-8.707,0.000000
19522.017578,-7.437,-88.649078,0.000626,8.697,-8.790,-8.708,0.000000
19589.585938,-207.703,0.000000,0.000000,8.697,-8.791,-8.709,0.000000
19657.406250,-207.738,0.000000,0.000000,8.697,-8.792,-8.710,0.000000
19725.443359,-207.772,0.000000,0.000000,8.697,-8.793,-8.711,0.000000
19793.716797,-207.806,0.000000,0.000000,8.697,-8.794,-8.712,0.000000
19862.244141,-207.841,0.000000,0.000000,8.697,-8.795,-8.713,0.000000
19931.009766,-207.875,0.000000,0.000000,8.697,-8.796,-8.714,0.000000
19999.974609,-207.910,0.000000,0.000000,8.697,-8.797,-8.715,0.000000
