frequency_hz,spl_db,phase_deg,thd_percent,rt60_ms,c50_db,c80_db,group_delay_ms
20.000000,-19.744,-116.397049,0.001944,11.066,-1.566,-1.532,0.000000
20.069233,-19.395,123.048759,0.001868,11.066,-1.566,-1.532,0.000000
20.138704,-18.938,-152.853531,0.001772,11.066,-1.566,-1.532,0.000000
20.208418,-20.307,161.601410,0.002075,11.066,-1.566,-1.532,0.000000
20.278366,-19.640,77.049377,0.001922,11.066,-1.566,-1.532,0.000000
20.348562,-19.515,86.472260,0.001895,11.066,-1.566,-1.532,0.000000
20.419001,-19.779,169.940674,0.001954,11.066,-1.566,-1.532,0.000000
20.489683,-19.377,177.318451,0.001866,11.066,-1.566,-1.532,0.000000
20.560612,-19.605,108.621147,0.001915,11.066,-1.566,-1.532,0.000000
20.631784,-19.742,139.500046,0.001946,11.066,-1.566,-1.532,0.000000
20.703203,-20.005,147.331802,0.002006,11.066,-1.566,-1.532,0.000000
20.774866,-19.807,169.859940,0.001961,11.066,-1.566,-1.532,0.000000
20.846781,-20.461,131.136765,0.002114,11.066,-1.566,-1.532,0.000000
20.918943,-21.234,97.688759,0.002311,11.066,-1.566,-1.532,0.000000
20.991358,-21.648,111.517128,0.002424,11.066,-1.566,-1.532,0.000000
21.064020,-22.212,-155.782959,0.002587,11.066,-1.566,-1.532,0.000000
21.136936,-22.142,-176.696136,0.002567,11.066,-1.566,-1.532,0.000000
21.210104,-21.877,83.065590,0.002490,11.066,-1.566,-1.532,0.000000
21.283520,-22.537,124.182411,0.002687,11.066,-1.566,-1.532,0.000000
21.357197,-23.394,82.254662,0.002966,11.066,-1.566,-1.532,0.000000
21.431126,-23.774,39.539116,0.003099,11.066,-1.566,-1.532,0.000000
21.505312,-23.825,-5.591302,0.003117,11.066,-1.566,-1.532,0.000000
21.579756,-24.813,37.239872,0.003493,11.066,-1.566,-1.532,0.000000
21.654457,-24.172,-155.359161,0.003244,11.066,-1.566,-1.532,0.000000
21.729416,-24.273,68.083511,0.003282,11.066,-1.566,-1.532,0.000000
21.804630,-24.550,97.634346,0.003389,11.066,-1.566,-1.532,0.000000
21.880110,-24.864,59.026413,0.003513,11.066,-1.566,-1.532,0.000000
21.955851,-25.535,20.004597,0.003796,11.066,-1.566,-1.532,0.000000
22.031853,-26.940,37.757332,0.004463,11.066,-1.566,-1.532,0.000000
22.108118,-26.164,83.603523,0.004083,11.066,-1.566,-1.532,0.000000
22.184649,-26.300,162.085388,0.004148,11.066,-1.566,-1.532,0.000000
22.261442,-26.506,-134.498032,0.004248,11.066,-1.566,-1.532,0.000000
22.338503,-26.729,168.075836,0.004359,11.066,-1.566,-1.532,0.000000
22.415825,-26.692,110.315201,0.004342,11.066,-1.566,-1.532,0.000000
22.493420,-26.835,-129.091797,0.004414,11.066,-1.566,-1.532,0.000000
22.571283,-27.002,-108.790939,0.004501,11.066,-1.566,-1.532,0.000000
22.649418,-27.001,-108.790939,0.004501,11.066,-1.566,-1.532,0.000000
22.727821,-26.998,-154.438904,0.004500,11.066,-1.566,-1.532,0.000000
22.806496,-26.806,167.880325,0.004402,11.066,-1.566,-1.532,0.000000
22.885437,-26.877,-81.356003,0.004439,11.066,-1.566,-1.532,0.000000
22.964659,-27.022,-8.238688,0.004514,11.066,-1.566,-1.532,0.000000
23.044153,-26.770,-6.155913,0.004386,11.066,-1.566,-1.532,0.000000
23.123922,-26.980,14.871871,0.004494,11.066,-1.566,-1.532,0.000000
23.203970,-27.934,-46.653160,0.005017,11.066,-1.566,-1.532,0.000000
23.284292,-27.799,-56.670895,0.004940,11.066,-1.566,-1.532,0.000000
23.364893,-27.987,-47.039333,0.005049,11.066,-1.566,-1.532,0.000000
23.445774,-27.679,-3.264457,0.004875,11.066,-1.566,-1.532,0.000000
23.526928,-29.408,-34.943459,0.005949,11.066,-1.566,-1.532,0.000000
23.608370,-29.486,-40.424282,0.006003,11.066,-1.566,-1.532,0.000000
23.690092,-28.880,-55.034645,0.005598,11.066,-1.566,-1.532,0.000000
23.772099,-29.251,-70.405296,0.005842,11.066,-1.566,-1.532,0.000000
23.854389,-28.703,-83.901154,0.005485,11.066,-1.566,-1.532,0.000000
23.936964,-28.843,-104.539017,0.005574,11.066,-1.566,-1.532,0.000000
24.019825,-28.723,-105.414879,0.005498,11.066,-1.566,-1.532,0.000000
24.102966,-28.180,-78.969795,0.005165,11.066,-1.566,-1.532,0.000000
24.186401,-27.953,-102.193848,0.005032,11.066,-1.566,-1.532,0.000000
24.270124,-27.906,-92.343689,0.005006,11.066,-1.566,-1.532,0.000000
24.354139,-27.313,-119.705063,0.004677,11.066,-1.566,-1.532,0.000000
24.438444,-28.086,-135.065292,0.005113,11.066,-1.566,-1.532,0.000000
24.523041,-28.279,-146.768036,0.005229,11.066,-1.566,-1.532,0.000000
24.607929,-28.318,-134.922424,0.005253,11.066,-1.566,-1.532,0.000000
24.693108,-27.750,-143.643051,0.004921,11.066,-1.566,-1.532,0.000000
24.778585,-28.903,-178.397644,0.005621,11.066,-1.566,-1.532,0.000000
24.864359,-29.215,106.515404,0.005828,11.066,-1.566,-1.532,0.000000
24.950430,-30.082,71.296997,0.006441,11.066,-1.566,-1.532,0.000000
25.036798,-30.059,-160.200836,0.006425,11.066,-1.566,-1.532,0.000000
25.123466,-30.383,-146.202728,0.006670,11.066,-1.566,-1.532,0.000000
25.210434,-29.878,-134.988449,0.006294,11.066,-1.566,-1.532,0.000000
25.297697,-30.120,90.533104,0.006473,11.066,-1.566,-1.532,0.000000
25.385267,-29.962,86.211723,0.006357,11.066,-1.566,-1.532,0.000000
25.473143,-30.514,81.428932,0.006776,11.066,-1.566,-1.532,0.000000
25.561321,-31.370,-21.849754,0.007479,11.066,-1.566,-1.532,0.000000
25.649803,-30.599,-103.163689,0.006845,11.066,-1.566,-1.532,0.000000
25.738594,-30.906,-132.239655,0.007092,11.066,-1.566,-1.532,0.000000
25.827690,-30.441,-112.704834,0.006723,11.066,-1.566,-1.532,0.000000
25.917089,-30.845,-112.684349,0.007045,11.066,-1.566,-1.532,0.000000
26.006805,-30.702,-118.682541,0.006931,11.066,-1.566,-1.532,0.000000
26.096830,-30.797,-127.866325,0.007009,11.066,-1.566,-1.532,0.000000
26.187168,-31.486,-122.699455,0.007589,11.066,-1.566,-1.532,0.000000
26.277819,-30.933,-122.873322,0.007122,11.066,-1.566,-1.532,0.000000
26.368782,-30.558,-137.503296,0.006822,11.066,-1.566,-1.532,0.000000
26.460054,-30.085,-145.976425,0.006461,11.066,-1.566,-1.532,0.000000
26.551649,-30.148,-142.401016,0.006508,11.066,-1.566,-1.532,0.000000
26.643560,-30.248,-145.073456,0.006583,11.066,-1.566,-1.532,0.000000
26.735790,-29.987,-144.629318,0.006388,11.066,-1.566,-1.532,0.000000
26.828339,-29.704,-147.635681,0.006184,11.066,-1.566,-1.532,0.000000
26.921207,-29.397,-161.428375,0.005969,11.066,-1.566,-1.532,0.000000
27.014399,-29.943,-171.149719,0.006356,11.066,-1.566,-1.532,0.000000
27.107912,-29.881,-174.239868,0.006312,11.066,-1.566,-1.532,0.000000
27.201744,-30.023,175.944931,0.006418,11.066,-1.566,-1.532,0.000000
27.295906,-29.792,178.574982,0.006250,11.066,-1.566,-1.532,0.000000
27.390394,-30.350,174.636444,0.006666,11.066,-1.566,-1.532,0.000000
27.485209,-30.661,179.618515,0.006910,11.066,-1.566,-1.532,0.000000
27.580351,-29.966,171.757355,0.006380,11.066,-1.566,-1.532,0.000000
27.675825,-30.268,161.190521,0.006607,11.066,-1.566,-1.532,0.000000
27.771622,-30.137,157.216980,0.006509,11.066,-1.566,-1.532,0.000000
27.867756,-30.125,156.462906,0.006501,11.066,-1.566,-1.532,0.000000
27.964224,-29.216,154.987686,0.005856,11.066,-1.566,-1.532,0.000000
28.061024,-29.046,153.841721,0.005743,11.066,-1.566,-1.532,0.000000
28.158161,-28.565,152.257477,0.005435,11.066,-1.566,-1.532,0.000000
28.255634,-28.512,148.131241,0.005402,11.066,-1.566,-1.532,0.000000
28.353443,-28.742,143.720123,0.005549,11.066,-1.566,-1.532,0.000000
28.451593,-27.912,141.944031,0.005044,11.066,-1.566,-1.532,0.000000
28.550081,-27.840,143.155960,0.005003,11.066,-1.566,-1.532,0.000000
28.648903,-27.289,144.786789,0.004696,11.066,-1.566,-1.532,0.000000
28.748075,-26.771,142.713318,0.004426,11.066,-1.566,-1.532,0.000000
28.847589,-26.922,140.289307,0.004504,11.066,-1.566,-1.532,0.000000
28.947449,-26.570,146.360565,0.004325,11.066,-1.566,-1.532,0.000000
29.047655,-25.835,137.432251,0.003975,11.066,-1.566,-1.532,0.000000
29.148207,-25.655,141.356430,0.003893,11.066,-1.566,-1.532,0.000000
29.249100,-25.280,137.337143,0.003728,11.066,-1.566,-1.532,0.000000
29.350348,-25.109,130.997559,0.003656,11.066,-1.566,-1.532,0.000000
29.451948,-24.594,131.257355,0.003445,11.066,-1.566,-1.532,0.000000
29.553900,-24.831,128.799362,0.003541,11.066,-1.566,-1.532,0.000000
29.656204,-25.041,128.236938,0.003628,11.066,-1.566,-1.532,0.000000
29.758862,-24.495,132.820023,0.003407,11.066,-1.566,-1.532,0.000000
29.861876,-23.423,127.448730,0.003012,11.066,-1.566,-1.532,0.000000
29.965246,-22.586,113.272064,0.002736,11.066,-1.566,-1.532,0.000000
30.068968,-23.413,117.718834,0.003009,11.066,-1.566,-1.532,0.000000
30.173054,-22.485,120.922394,0.002705,11.066,-1.566,-1.532,0.000000
30.277502,-21.574,117.456879,0.002436,11.066,-1.566,-1.532,0.000000
30.382311,-20.229,114.152374,0.002087,11.066,-1.566,-1.532,0.000000
30.487482,-19.780,108.918167,0.001982,11.066,-1.566,-1.532,0.000000
30.593019,-20.297,103.214691,0.002104,11.066,-1.566,-1.532,0.000000
30.698914,-19.391,107.061287,0.001896,11.066,-1.566,-1.532,0.000000
30.805182,-18.464,100.490723,0.001705,11.066,-1.566,-1.532,0.000000
30.911816,-17.960,87.724983,0.001609,11.066,-1.566,-1.532,0.000000
31.018822,-17.873,83.815468,0.001593,11.066,-1.566,-1.532,0.000000
31.126196,-16.946,81.572571,0.001432,11.066,-1.566,-1.532,0.000000
31.233944,-16.802,78.770576,0.001409,11.066,-1.566,-1.532,0.000000
31.342064,-16.277,74.538559,0.001326,11.066,-1.566,-1.532,0.000000
31.450558,-15.839,70.042747,0.001261,11.066,-1.566,-1.532,0.000000
31.559420,-15.015,65.805641,0.001147,11.066,-1.566,-1.532,0.000000
31.668667,-14.805,68.683571,0.001120,11.066,-1.566,-1.532,0.000000
31.778292,-13.250,61.175579,0.000937,11.066,-1.566,-1.532,0.000000
31.888296,-12.543,53.607365,0.000864,11.066,-1.566,-1.532,0.000000
31.998680,-11.975,46.202347,0.000809,11.066,-1.566,-1.532,0.000000
32.109447,-11.689,26.680344,0.000783,11.066,-1.566,-1.532,0.000000
32.220600,-11.564,69.655495,0.000772,11.066,-1.566,-1.532,0.000000
32.332127,-10.659,58.213768,0.000696,11.066,-1.566,-1.532,0.000000
32.444046,-10.458,39.602840,0.000680,11.066,-1.566,-1.532,0.000000
32.556355,-10.587,21.484125,0.000690,11.066,-1.566,-1.532,0.000000
32.669052,-11.172,53.635796,0.000738,11.066,-1.566,-1.532,0.000000
32.782143,-10.765,63.721584,0.000704,11.066,-1.566,-1.532,0.000000
32.895622,-10.878,44.837578,0.000714,11.066,-1.566,-1.532,0.000000
33.009491,-11.381,35.040554,0.000756,11.066,-1.566,-1.532,0.000000
33.123760,-12.398,30.274221,0.000850,11.066,-1.566,-1.532,0.000000
33.238411,-12.537,40.781258,0.000864,11.066,-1.566,-1.532,0.000000
33.353470,-12.217,29.100330,0.000833,11.066,-1.566,-1.532,0.000000
33.468929,-12.781,22.746885,0.000889,11.066,-1.566,-1.532,0.000000
33.584785,-13.031,19.686180,0.000915,11.066,-1.566,-1.532,0.000000
33.701042,-13.141,21.178547,0.000927,11.066,-1.566,-1.532,0.000000
33.817696,-12.751,13.216544,0.000886,11.066,-1.566,-1.532,0.000000
33.934757,-13.074,6.112851,0.000920,11.066,-1.566,-1.532,0.000000
34.052227,-13.204,4.066674,0.000934,11.066,-1.566,-1.532,0.000000
34.170105,-13.249,3.076742,0.000939,11.066,-1.566,-1.532,0.000000
34.288387,-12.542,0.750636,0.000866,11.066,-1.566,-1.532,0.000000
34.407082,-12.570,-6.071710,0.000869,11.066,-1.566,-1.532,0.000000
34.526184,-12.798,-8.733919,0.000892,11.066,-1.566,-1.532,0.000000
34.645702,-12.657,-10.150141,0.000878,11.066,-1.566,-1.532,0.000000
34.765621,-12.610,-14.282841,0.000873,11.066,-1.566,-1.532,0.000000
34.885967,-12.453,-16.352203,0.000857,11.066,-1.566,-1.532,0.000000
35.006729,-12.563,-19.420656,0.000869,11.066,-1.566,-1.532,0.000000
35.127911,-12.226,-20.694866,0.000836,11.066,-1.566,-1.532,0.000000
35.249508,-12.148,-24.303122,0.000828,11.066,-1.566,-1.532,0.000000
35.371529,-12.073,-26.420738,0.000821,11.066,-1.566,-1.532,0.000000
35.493965,-12.130,-28.989540,0.000827,11.066,-1.566,-1.532,0.000000
35.616829,-12.019,-30.429882,0.000817,11.066,-1.566,-1.532,0.000000
35.740120,-11.881,-31.806049,0.000804,11.066,-1.566,-1.532,0.000000
35.863842,-11.707,-34.468384,0.000788,11.066,-1.566,-1.532,0.000000
35.987988,-11.510,-35.158939,0.000770,11.066,-1.566,-1.532,0.000000
36.112564,-11.181,-37.593197,0.000742,11.066,-1.566,-1.532,0.000000
36.237572,-10.844,-40.009651,0.000714,11.066,-1.566,-1.532,0.000000
36.363010,-10.778,-42.368977,0.000708,11.066,-1.566,-1.532,0.000000
36.488888,-10.585,-44.173595,0.000693,11.066,-1.566,-1.532,0.000000
36.615189,-10.346,-45.934395,0.000674,11.066,-1.566,-1.532,0.000000
36.741936,-9.947,-47.771664,0.000644,11.066,-1.566,-1.532,0.000000
36.869122,-9.705,-49.744442,0.000626,11.066,-1.566,-1.532,0.000000
36.996750,-9.306,-53.138401,0.000598,11.066,-1.566,-1.532,0.000000
37.124817,-9.101,-55.961456,0.000584,11.066,-1.566,-1.532,0.000000
37.253323,-8.791,-59.009045,0.000564,11.066,-1.566,-1.532,0.000000
37.382278,-8.611,-61.782719,0.000552,11.066,-1.566,-1.532,0.000000
37.511681,-8.368,-63.632328,0.000537,11.066,-1.566,-1.532,0.000000
37.641533,-8.007,-67.340973,0.000515,11.066,-1.566,-1.532,0.000000
37.771832,-7.781,-69.007057,0.000502,11.066,-1.566,-1.532,0.000000
37.902584,-7.319,-73.963135,0.000476,11.066,-1.566,-1.532,0.000000
38.033791,-7.172,-76.360794,0.000468,11.066,-1.566,-1.532,0.000000
38.165447,-7.029,-78.712494,0.000461,11.066,-1.566,-1.532,0.000000
38.297562,-6.768,-83.125954,0.000447,11.066,-1.566,-1.532,0.000000
38.430122,-6.569,-85.211342,0.000437,11.066,-1.566,-1.532,0.000000
38.563152,-6.206,-90.349541,0.000419,11.066,-1.566,-1.532,0.000000
38.696644,-6.072,-92.828064,0.000413,11.066,-1.566,-1.532,0.000000
38.830597,-5.864,-97.807793,0.000403,11.066,-1.566,-1.532,0.000000
38.965015,-5.694,-100.075493,0.000396,11.066,-1.566,-1.532,0.000000
39.099895,-5.529,-103.928482,0.000388,11.066,-1.566,-1.532,0.000000
39.235237,-5.363,-107.853760,0.000381,11.066,-1.566,-1.532,0.000000
39.371052,-5.262,-111.774719,0.000377,11.066,-1.566,-1.532,0.000000
39.507339,-5.141,-115.285652,0.000371,11.066,-1.566,-1.532,0.000000
39.644100,-4.987,-119.238060,0.000365,11.066,-1.566,-1.532,0.000000
39.781334,-4.983,-123.342743,0.000365,11.066,-1.566,-1.532,0.000000
39.919041,-4.917,-126.863739,0.000362,11.066,-1.566,-1.532,0.000000
40.057224,-4.821,-130.637939,0.000358,11.066,-1.566,-1.532,0.000000
40.195889,-4.756,-135.178513,0.000356,11.066,-1.566,-1.532,0.000000
40.335030,-4.713,-139.690674,0.000354,11.066,-1.566,-1.532,0.000000
40.474644,-4.779,-143.712036,0.000357,11.066,-1.566,-1.532,0.000000
40.614754,-4.832,-149.267944,0.000359,11.066,-1.566,-1.532,0.000000
40.755344,-4.854,-151.969193,0.000360,11.066,-1.566,-1.532,0.000000
40.896423,-4.914,-158.167114,0.000362,11.066,-1.566,-1.532,0.000000
41.037983,-4.998,-161.151535,0.000366,11.066,-1.566,-1.532,0.000000
41.180042,-5.159,-166.925110,0.000373,11.066,-1.566,-1.532,0.000000
41.322590,-5.302,-169.962402,0.000379,11.066,-1.566,-1.532,0.000000
41.465633,-5.647,-175.235123,0.000394,11.066,-1.566,-1.532,0.000000
41.609173,-5.917,-178.446213,0.000407,11.066,-1.566,-1.532,0.000000
41.753204,-6.129,178.186249,0.000417,11.066,-1.566,-1.532,0.000000
41.897739,-6.626,174.304688,0.000441,11.066,-1.566,-1.532,0.000000
42.042774,-6.872,172.840576,0.000454,11.066,-1.566,-1.532,0.000000
42.188309,-7.351,170.556961,0.000480,11.066,-1.566,-1.532,0.000000
42.334339,-7.746,169.624557,0.000502,11.066,-1.566,-1.532,0.000000
42.480885,-8.068,168.459641,0.000521,11.066,-1.566,-1.532,0.000000
42.627937,-8.398,168.723816,0.000542,11.066,-1.566,-1.532,0.000000
42.775497,-8.610,169.342560,0.000555,11.066,-1.566,-1.532,0.000000
42.923573,-8.774,169.402359,0.000566,11.066,-1.566,-1.532,0.000000
43.072155,-8.766,169.677719,0.000565,11.066,-1.566,-1.532,0.000000
43.221245,-8.789,170.285889,0.000567,11.066,-1.566,-1.532,0.000000
43.370861,-8.571,169.804626,0.000553,11.066,-1.566,-1.532,0.000000
43.520992,-8.339,168.882767,0.000539,11.066,-1.566,-1.532,0.000000
43.671646,-8.161,168.280136,0.000528,11.066,-1.566,-1.532,0.000000
43.822823,-7.873,166.914658,0.000511,11.066,-1.566,-1.532,0.000000
43.974518,-7.562,164.788422,0.000493,11.066,-1.566,-1.532,0.000000
44.126743,-7.232,162.973068,0.000475,11.066,-1.566,-1.532,0.000000
44.279491,-7.048,160.259277,0.000465,11.066,-1.566,-1.532,0.000000
44.432770,-6.792,157.640686,0.000451,11.066,-1.566,-1.532,0.000000
44.586567,-6.526,153.932205,0.000438,11.066,-1.566,-1.532,0.000000
44.740910,-6.476,152.504517,0.000435,11.066,-1.566,-1.532,0.000000
44.895786,-6.214,149.285248,0.000422,11.066,-1.566,-1.532,0.000000
45.051197,-6.056,145.436646,0.000415,11.066,-1.566,-1.532,0.000000
45.207138,-5.991,143.662323,0.000412,11.066,-1.566,-1.532,0.000000
45.363636,-5.859,140.230652,0.000406,11.066,-1.566,-1.532,0.000000
45.520660,-5.799,136.642792,0.000403,11.066,-1.566,-1.532,0.000000
45.678234,-5.745,134.040909,0.000401,11.066,-1.566,-1.532,0.000000
45.836353,-5.675,131.666000,0.000397,11.066,-1.566,-1.532,0.000000
45.995022,-5.638,128.313904,0.000396,11.066,-1.566,-1.532,0.000000
46.154240,-5.533,125.772278,0.000391,11.066,-1.566,-1.532,0.000000
46.314007,-5.516,121.696960,0.000390,11.066,-1.566,-1.532,0.000000
46.474327,-5.531,118.715103,0.000391,11.066,-1.566,-1.532,0.000000
46.635193,-5.426,116.416611,0.000386,11.066,-1.566,-1.532,0.000000
46.796627,-5.383,113.596848,0.000384,11.066,-1.566,-1.532,0.000000
46.958618,-5.335,109.907463,0.000382,11.066,-1.566,-1.532,0.000000
47.121170,-5.341,105.946472,0.000383,11.066,-1.566,-1.532,0.000000
47.284286,-5.381,103.490875,0.000384,11.066,-1.566,-1.532,0.000000
47.447968,-5.350,100.544800,0.000383,11.066,-1.566,-1.532,0.000000
47.612202,-5.376,96.356934,0.000384,11.066,-1.566,-1.532,0.000000
47.777020,-5.505,92.594017,0.000390,11.066,-1.566,-1.532,0.000000
47.942402,-5.554,88.659760,0.000392,11.066,-1.566,-1.532,0.000000
48.108360,-5.624,86.010674,0.000396,11.066,-1.566,-1.532,0.000000
48.274895,-5.728,82.659843,0.000400,11.066,-1.566,-1.532,0.000000
48.442005,-5.921,78.753822,0.000409,11.066,-1.566,-1.532,0.000000
48.609692,-6.153,75.428986,0.000421,11.066,-1.566,-1.532,0.000000
48.777958,-6.313,72.063026,0.000429,11.066,-1.566,-1.532,0.000000
48.946812,-6.513,69.685303,0.000439,11.066,-1.566,-1.532,0.000000
49.116234,-6.789,66.589775,0.000453,11.066,-1.566,-1.532,0.000000
49.286255,-7.046,63.852848,0.000466,11.066,-1.566,-1.532,0.000000
49.456863,-7.266,61.157547,0.000479,11.066,-1.566,-1.532,0.000000
49.628067,-7.476,59.053753,0.000490,11.066,-1.566,-1.532,0.000000
49.799858,-7.724,56.593193,0.000505,11.066,-1.566,-1.532,0.000000
49.972248,-7.989,54.149811,0.000520,11.066,-1.566,-1.532,0.000000
50.145218,-8.110,52.250687,0.000528,11.066,-1.566,-1.532,0.000000
50.318802,-8.334,49.733273,0.000542,11.066,-1.566,-1.532,0.000000
50.492989,-8.574,46.834339,0.000557,11.066,-1.566,-1.532,0.000000
50.667774,-8.787,44.276299,0.000571,11.066,-1.566,-1.532,0.000000
50.843166,-9.070,41.170521,0.000590,11.066,-1.566,-1.532,0.000000
51.019169,-9.340,38.465508,0.000608,11.066,-1.566,-1.532,0.000000
51.195774,-9.611,35.811375,0.000627,11.066,-1.566,-1.532,0.000000
51.372997,-9.897,32.945442,0.000648,11.066,-1.566,-1.532,0.000000
51.550816,-10.141,30.826448,0.000667,11.066,-1.566,-1.532,0.000000
51.729267,-10.519,27.783392,0.000697,11.066,-1.566,-1.532,0.000000
51.908333,-10.927,25.890495,0.000730,11.066,-1.566,-1.532,0.000000
52.088020,-11.357,24.216198,0.000767,11.066,-1.566,-1.532,0.000000
52.268330,-11.730,22.144753,0.000801,11.066,-1.566,-1.532,0.000000
52.449261,-12.182,20.545164,0.000844,11.066,-1.566,-1.532,0.000000
52.630810,-12.635,19.690842,0.000890,11.066,-1.566,-1.532,0.000000
52.812996,-13.118,18.910028,0.000941,11.066,-1.566,-1.532,0.000000
52.995815,-13.560,18.221746,0.000990,11.066,-1.566,-1.532,0.000000
53.179264,-14.127,18.364958,0.001057,11.066,-1.566,-1.532,0.000000
53.363350,-14.570,19.595404,0.001112,11.066,-1.566,-1.532,0.000000
53.548077,-14.893,20.128014,0.001155,11.066,-1.566,-1.532,0.000000
53.733437,-15.202,20.555639,0.001197,11.066,-1.566,-1.532,0.000000
53.919441,-15.637,21.072392,0.001258,11.066,-1.566,-1.532,0.000000
54.106079,-15.958,22.156141,0.001306,11.066,-1.566,-1.532,0.000000
54.293373,-16.121,23.610260,0.001331,11.066,-1.566,-1.532,0.000000
54.481316,-16.248,24.796736,0.001351,11.066,-1.566,-1.532,0.000000
54.669895,-16.339,25.278162,0.001365,11.066,-1.566,-1.532,0.000000
54.859169,-16.446,26.946291,0.001382,11.066,-1.566,-1.532,0.000000
55.049042,-16.266,28.569834,0.001354,11.066,-1.566,-1.532,0.000000
55.239601,-16.205,29.765451,0.001345,11.066,-1.566,-1.532,0.000000
55.430820,-16.054,30.266224,0.001322,11.066,-1.566,-1.532,0.000000
55.622700,-15.953,31.776434,0.001307,11.066,-1.566,-1.532,0.000000
55.815247,-15.715,33.189987,0.001272,11.066,-1.566,-1.532,0.000000
56.008457,-15.483,33.266224,0.001239,11.066,-1.566,-1.532,0.000000
56.202335,-15.360,34.394268,0.001222,11.066,-1.566,-1.532,0.000000
56.396889,-15.010,35.496201,0.001173,11.066,-1.566,-1.532,0.000000
56.592110,-14.524,34.775555,0.001110,11.066,-1.566,-1.532,0.000000
56.788010,-14.344,33.519886,0.001087,11.066,-1.566,-1.532,0.000000
56.984589,-14.174,33.653793,0.001066,11.066,-1.566,-1.532,0.000000
57.181820,-13.843,32.764965,0.001026,11.066,-1.566,-1.532,0.000000
57.379791,-13.560,31.584953,0.000993,11.066,-1.566,-1.532,0.000000
57.578388,-13.256,30.073017,0.000959,11.066,-1.566,-1.532,0.000000
57.777702,-13.005,28.004028,0.000932,11.066,-1.566,-1.532,0.000000
57.977707,-12.735,25.812189,0.000903,11.066,-1.566,-1.532,0.000000
58.178406,-12.561,23.526617,0.000886,11.066,-1.566,-1.532,0.000000
58.379795,-12.422,21.487659,0.000872,11.066,-1.566,-1.532,0.000000
58.581886,-12.163,19.081778,0.000846,11.066,-1.566,-1.532,0.000000
58.784672,-11.934,17.320349,0.000824,11.066,-1.566,-1.532,0.000000
58.988163,-11.680,13.835381,0.000801,11.066,-1.566,-1.532,0.000000
59.192356,-11.567,11.471413,0.000790,11.066,-1.566,-1.532,0.000000
59.397259,-11.335,9.102097,0.000770,11.066,-1.566,-1.532,0.000000
59.602867,-11.232,7.280017,0.000761,11.066,-1.566,-1.532,0.000000
59.809193,-11.064,4.971950,0.000746,11.066,-1.566,-1.532,0.000000
60.016228,-10.939,2.061479,0.000736,11.066,-1.566,-1.532,0.000000
60.223953,-10.810,-0.101644,0.000725,11.066,-1.566,-1.532,0.000000
60.432423,-10.772,-2.522762,0.000722,11.066,-1.566,-1.532,0.000000
60.641617,-10.673,-5.083430,0.000714,11.066,-1.566,-1.532,0.000000
60.851536,-10.603,-7.886979,0.000708,11.066,-1.566,-1.532,0.000000
61.062180,-10.462,-10.327216,0.000697,11.066,-1.566,-1.532,0.000000
61.273556,-10.254,-14.079364,0.000681,11.066,-1.566,-1.532,0.000000
61.485661,-10.173,-16.902555,0.000675,11.066,-1.566,-1.532,0.000000
61.698502,-10.048,-19.962473,0.000665,11.066,-1.566,-1.532,0.000000
61.912075,-9.756,-23.832466,0.000643,11.066,-1.566,-1.532,0.000000
62.126392,-9.630,-27.262012,0.000634,11.066,-1.566,-1.532,0.000000
62.341450,-9.428,-31.321245,0.000620,11.066,-1.566,-1.532,0.000000
62.557251,-9.188,-35.738190,0.000603,11.066,-1.566,-1.532,0.000000
62.773800,-9.014,-39.569298,0.000591,11.066,-1.566,-1.532,0.000000
62.991070,-8.876,-45.745804,0.000582,11.066,-1.566,-1.532,0.000000
63.209152,-8.776,-49.868553,0.000575,11.062,-1.516,-1.482,0.000000
63.427925,-8.665,-54.585880,0.000568,11.058,-1.464,-1.430,0.000000
63.647522,-8.682,-62.151981,0.000569,11.054,-1.412,-1.377,0.000000
63.867813,-8.798,-66.838913,0.000577,11.050,-1.359,-1.325,0.000000
64.088898,-8.849,-72.929085,0.000580,11.046,-1.307,-1.272,0.000000
64.310753,-8.977,-79.142349,0.000589,11.042,-1.254,-1.219,0.000000
64.533371,-9.321,-85.262352,0.000613,11.038,-1.201,-1.166,0.000000
64.756760,-9.639,-90.748299,0.000636,11.034,-1.147,-1.113,0.000000
64.980919,-9.951,-96.854286,0.000659,11.030,-1.094,-1.060,0.000000
65.205864,-10.398,-103.140961,0.000694,11.026,-1.040,-1.006,0.000000
65.431580,-10.920,-108.729424,0.000737,11.022,-0.987,-0.952,0.000000
65.658081,-11.331,-112.197235,0.000773,11.018,-0.933,-0.898,0.000000
65.885361,-11.934,-118.325745,0.000829,11.014,-0.878,-0.844,0.000000
66.113434,-12.435,-122.711449,0.000878,11.010,-0.824,-0.790,0.000000
66.342262,-12.916,-127.562469,0.000929,11.006,-0.770,-0.735,0.000000
66.571945,-13.394,-131.416046,0.000981,11.002,-0.715,-0.681,0.000000
66.802353,-14.216,-137.294479,0.001079,10.998,-0.660,-0.626,0.000000
67.033600,-14.661,-140.298355,0.001136,10.993,-0.605,-0.571,0.000000
67.265648,-15.366,-145.835434,0.001232,10.989,-0.549,-0.515,0.000000
67.498489,-15.793,-146.285889,0.001294,10.985,-0.494,-0.460,0.000000
67.732147,-16.462,-149.572784,0.001398,10.981,-0.438,-0.404,0.000000
67.966606,-17.048,-156.321747,0.001496,10.977,-0.382,-0.348,0.000000
68.201881,-17.829,-158.078461,0.001637,10.972,-0.326,-0.292,0.000000
68.437973,-18.707,-161.235626,0.001811,10.968,-0.270,-0.236,0.000000
68.674881,-19.430,-163.477783,0.001969,10.964,-0.213,-0.180,0.000000
68.912605,-19.878,-166.467102,0.002074,10.960,-0.157,-0.123,0.000000
69.151154,-21.080,-169.124741,0.002382,10.955,-0.100,-0.066,0.000000
69.390495,-21.878,-167.372238,0.002611,10.951,-0.043,-0.009,0.000000
69.630730,-22.335,-174.788162,0.002753,10.947,0.014,0.048,0.000000
69.871735,-23.459,175.678635,0.003134,10.942,0.072,0.106,0.000000
70.113640,-24.327,174.607147,0.003464,10.938,0.130,0.163,0.000000
70.356308,-24.634,176.087875,0.003589,10.934,0.187,0.221,0.000000
70.599854,-24.590,167.065521,0.003571,10.929,0.245,0.279,0.000000
70.844246,-25.464,163.699966,0.003950,10.925,0.304,0.337,0.000000
71.089478,-26.217,163.261002,0.004308,10.920,0.362,0.396,0.000000
71.335564,-26.356,156.715942,0.004379,10.916,0.421,0.454,0.000000
71.582504,-26.714,148.800171,0.004563,10.911,0.480,0.513,0.000000
71.830292,-27.442,148.070206,0.004964,10.907,0.539,0.572,0.000000
72.078941,-27.507,154.340637,0.005002,10.902,0.598,0.631,0.000000
72.328453,-26.636,144.805908,0.004525,10.898,0.657,0.691,0.000000
72.578827,-26.963,127.749672,0.004700,10.893,0.717,0.750,0.000000
72.830063,-28.139,132.888580,0.005382,10.889,0.777,0.810,0.000000
73.082176,-27.809,127.143074,0.005183,10.884,0.837,0.870,0.000000
73.335159,-27.429,115.386192,0.004961,10.880,0.897,0.931,0.000000
73.588982,-27.669,104.648949,0.005101,10.875,0.958,0.991,0.000000
73.843719,-27.409,113.570747,0.004952,10.871,1.019,1.052,0.000000
74.099335,-27.082,101.686020,0.004770,10.866,1.080,1.113,0.000000
74.355843,-26.909,83.003334,0.004676,10.861,1.141,1.174,0.000000
74.613228,-28.096,91.756973,0.005362,10.857,1.202,1.235,0.000000
74.871513,-27.869,102.752281,0.005224,10.852,1.264,1.297,0.000000
75.130692,-27.683,92.702110,0.005113,10.847,1.325,1.358,0.000000
75.390762,-28.581,70.498497,0.005670,10.843,1.387,1.420,0.000000
75.651733,-28.965,68.615509,0.005926,10.838,1.450,1.483,0.000000
75.913612,-28.551,60.711163,0.005650,10.833,1.512,1.545,0.000000
76.176399,-29.269,42.725121,0.006137,10.829,1.575,1.608,0.000000
76.440094,-29.624,40.731895,0.006393,10.824,1.638,1.670,0.000000
76.704697,-29.801,41.516205,0.006527,10.819,1.701,1.733,0.000000
76.970184,-29.337,32.153286,0.006188,10.814,1.764,1.797,0.000000
77.236664,-30.010,22.646515,0.006688,10.809,1.828,1.860,0.000000
77.503990,-29.510,30.426105,0.006315,10.805,1.891,1.924,0.000000
77.772278,-29.275,24.404356,0.006147,10.800,1.955,1.988,0.000000
78.041496,-29.348,20.158422,0.006200,10.795,2.019,2.052,0.000000
78.311646,-29.729,19.209761,0.006479,10.790,2.084,2.116,0.000000
78.582733,-29.375,21.599022,0.006220,10.785,2.148,2.181,0.000000
78.854752,-29.434,18.848265,0.006262,10.780,2.213,2.246,0.000000
79.127716,-29.472,16.650646,0.006290,10.775,2.278,2.311,0.000000
79.401627,-29.730,15.549710,0.006480,10.770,2.344,2.376,0.000000
79.676483,-29.525,18.388760,0.006328,10.765,2.409,2.441,0.000000
79.952293,-30.084,14.922833,0.006749,10.761,2.475,2.507,0.000000
80.229057,-30.034,14.900378,0.006710,10.756,2.541,2.573,0.000000
80.506744,-30.024,11.711590,0.006702,10.751,2.607,2.639,0.000000
80.785469,-30.088,9.533134,0.006752,10.746,2.674,2.706,0.000000
81.065079,-29.867,7.760642,0.006583,10.740,2.740,2.772,0.000000
81.345734,-30.094,4.248746,0.006756,10.735,2.807,2.839,0.000000
81.627281,-30.150,8.698585,0.006801,10.730,2.874,2.906,0.000000
81.909843,-29.614,9.265532,0.006393,10.725,2.942,2.973,0.000000
82.193382,-29.824,5.689877,0.006550,10.720,3.009,3.041,0.000000
82.477905,-29.977,4.676674,0.006666,10.715,3.077,3.109,0.000000
82.763412,-29.644,3.796819,0.006415,10.710,3.145,3.177,0.000000
83.049904,-29.526,3.252529,0.006329,10.705,3.213,3.245,0.000000
83.337395,-29.512,3.659166,0.006319,10.699,3.282,3.314,0.000000
83.625877,-29.373,4.897519,0.006218,10.694,3.351,3.382,0.000000
83.915352,-29.166,4.430686,0.006072,10.689,3.420,3.451,0.000000
84.205795,-29.119,0.601662,0.006039,10.684,3.489,3.520,0.000000
84.497330,-29.202,1.831935,0.006097,10.679,3.558,3.590,0.000000
84.789780,-28.843,1.970038,0.005850,10.673,3.628,3.660,0.000000
85.083336,-28.230,2.124796,0.005452,10.668,3.698,3.730,0.000000
85.377815,-27.965,3.666753,0.005288,10.663,3.768,3.800,0.000000
85.673363,-27.609,3.678803,0.005075,10.657,3.839,3.870,0.000000
85.969933,-27.077,2.028273,0.004774,10.652,3.909,3.941,0.000000
86.267525,-26.737,1.276928,0.004591,10.647,3.980,4.012,0.000000
86.566154,-26.162,0.971961,0.004297,10.641,4.052,4.083,0.000000
86.865814,-25.815,-0.148392,0.004128,10.636,4.123,4.154,0.000000
87.166504,-25.419,-2.807050,0.003945,10.630,4.195,4.226,0.000000
87.468246,-25.069,-4.610829,0.003788,10.625,4.267,4.298,0.000000
87.771027,-24.772,-5.842053,0.003661,10.620,4.339,4.370,0.000000
88.074852,-24.356,-11.875023,0.003489,10.614,4.411,4.442,0.000000
88.379738,-23.941,-15.233549,0.003326,10.609,4.484,4.515,0.000000
88.685677,-22.653,-12.645585,0.002867,10.603,4.557,4.588,0.000000
88.992668,-22.061,-17.433580,0.002678,10.598,4.630,4.661,0.000000
89.300682,-21.995,-21.526560,0.002657,10.592,4.703,4.734,0.000000
89.609810,-21.993,-27.645370,0.002656,10.586,4.777,4.808,0.000000
89.920006,-21.863,-33.325497,0.002616,10.581,4.851,4.882,0.000000
90.231270,-21.894,-38.180557,0.002626,10.575,4.925,4.956,0.000000
90.543617,-22.053,-45.912189,0.002674,10.570,5.000,5.030,0.000000
90.857048,-22.178,-49.462460,0.002713,10.564,5.074,5.105,0.000000
91.171562,-22.530,-53.243477,0.002825,10.558,5.149,5.180,0.000000
91.487160,-23.777,-59.591187,0.003261,10.553,5.225,5.255,0.000000
91.803856,-24.483,-64.021599,0.003537,10.547,5.300,5.331,0.000000
92.121643,-24.625,-66.545982,0.003596,10.541,5.376,5.406,0.000000
92.440536,-24.812,-69.602074,0.003674,10.535,5.452,5.482,0.000000
92.760529,-25.255,-71.360992,0.003866,10.530,5.528,5.559,0.000000
93.081627,-25.638,-74.353500,0.004041,10.524,5.605,5.635,0.000000
93.403793,-25.847,-74.943367,0.004139,10.518,5.682,5.712,0.000000
93.727173,-26.139,-77.968521,0.004280,10.512,5.759,5.789,0.000000
94.051575,-26.574,-79.947159,0.004500,10.506,5.836,5.866,0.000000
94.377190,-27.014,-81.902771,0.004733,10.500,5.914,5.944,0.000000
94.703842,-27.292,-82.713097,0.004886,10.495,5.991,6.022,0.000000
95.031670,-27.691,-84.636787,0.005115,10.489,6.070,6.100,0.000000
95.360634,-27.851,-85.898979,0.005209,10.483,6.148,6.178,0.000000
95.690735,-27.670,-88.140266,0.005101,10.477,6.227,6.257,0.000000
96.021980,-27.701,-90.881187,0.005118,10.471,6.306,6.336,0.000000
96.354370,-27.818,-93.532661,0.005187,10.465,6.385,6.415,0.000000
96.687912,-27.775,-95.618538,0.005160,10.459,6.464,6.494,0.000000
97.022606,-27.518,-99.944160,0.005009,10.453,6.544,6.574,0.000000
97.358459,-27.671,-103.350273,0.005097,10.447,6.624,6.654,0.000000
97.695435,-27.651,-107.773399,0.005084,10.441,6.705,6.734,0.000000
98.033661,-27.614,-112.752670,0.005062,10.435,6.785,6.815,0.000000
98.372971,-27.973,-119.863663,0.005275,10.428,6.866,6.896,0.000000
98.713547,-27.860,-121.621269,0.005207,10.422,6.947,6.977,0.000000
99.055214,-27.853,-127.173996,0.005202,10.416,7.029,7.058,0.000000
99.398102,-27.992,-136.235046,0.005286,10.410,7.110,7.140,0.000000
99.742180,-28.236,-144.391418,0.005436,10.404,7.192,7.222,0.000000
100.087448,-28.554,-153.202759,0.005639,10.398,7.275,7.304,0.000000
100.433914,-28.432,-162.845520,0.005561,10.391,7.357,7.387,0.000000
100.781578,-28.540,-172.773758,0.005630,10.385,7.440,7.470,0.000000
101.130447,-28.834,178.562012,0.005823,10.379,7.523,7.553,0.000000
101.480522,-28.912,169.525757,0.005874,10.372,7.607,7.636,0.000000
101.831802,-29.377,157.489136,0.006197,10.366,7.691,7.720,0.000000
102.184258,-29.465,146.269135,0.006258,10.360,7.775,7.804,0.000000
102.538033,-29.779,141.788681,0.006488,10.353,7.859,7.888,0.000000
102.892975,-29.834,134.098587,0.006528,10.347,7.944,7.973,0.000000
103.249153,-29.865,125.175323,0.006550,10.341,8.028,8.057,0.000000
103.606514,-30.307,117.722626,0.006891,10.334,8.114,8.143,0.000000
103.965157,-30.148,111.305962,0.006764,10.328,8.199,8.228,0.000000
104.325050,-29.895,106.089233,0.006570,10.321,8.285,8.314,0.000000
104.686180,-29.809,99.341797,0.006504,10.315,8.371,8.400,0.000000
105.048561,-29.851,96.184456,0.006534,10.308,8.457,8.486,0.000000
105.412201,-29.785,92.400864,0.006483,10.302,8.544,8.573,0.000000
105.777100,-29.757,87.182579,0.006462,10.295,8.631,8.660,0.000000
106.143257,-29.683,85.572617,0.006407,10.288,8.718,8.747,0.000000
106.510689,-29.510,82.687965,0.006281,10.282,8.806,8.834,0.000000
106.879387,-29.219,78.766624,0.006074,10.275,8.894,8.922,0.000000
107.249359,-29.265,77.425056,0.006107,10.268,8.982,9.010,0.000000
107.620613,-29.110,72.490921,0.005998,10.262,9.071,9.099,0.000000
107.993156,-28.916,70.914200,0.005866,10.255,9.159,9.188,0.000000
108.366936,-28.581,70.264282,0.005643,10.248,9.248,9.277,0.000000
108.742065,-28.247,68.946861,0.005429,10.242,9.338,9.366,0.000000
109.118484,-27.765,66.564972,0.005135,10.235,9.428,9.456,0.000000
109.496208,-27.486,63.203579,0.004972,10.228,9.518,9.546,0.000000
109.875244,-27.299,61.031078,0.004865,10.221,9.608,9.636,0.000000
110.255592,-26.972,60.379341,0.004685,10.214,9.699,9.727,0.000000
110.637253,-26.539,57.300320,0.004456,10.207,9.790,9.818,0.000000
111.020241,-26.137,56.150352,0.004254,10.200,9.881,9.909,0.000000
111.404549,-25.716,53.887798,0.004052,10.194,9.973,10.000,0.000000
111.790184,-25.321,51.019085,0.003871,10.187,10.065,10.092,0.000000
112.177162,-24.923,49.999897,0.003697,10.180,10.157,10.184,0.000000
112.565475,-24.570,48.955544,0.003549,10.173,10.249,10.277,0.000000
112.955132,-23.974,46.335342,0.003313,10.166,10.342,10.370,0.000000
113.346085,-23.469,44.603642,0.003126,10.159,10.435,10.463,0.000000
113.738503,-23.073,42.607235,0.002987,10.151,10.529,10.556,0.000000
114.132164,-22.733,40.508568,0.002872,10.144,10.623,10.650,0.000000
114.527306,-22.298,37.885685,0.002732,10.137,10.717,10.744,0.000000
114.923698,-21.981,34.993004,0.002634,10.130,10.812,10.839,0.000000
115.321518,-21.821,32.169693,0.002586,10.123,10.906,10.934,0.000000
115.720718,-21.554,29.092363,0.002507,10.116,11.002,11.029,0.000000
116.121300,-21.295,25.467335,0.002433,10.108,11.097,11.124,0.000000
116.523270,-21.143,22.044687,0.002391,10.101,11.193,11.220,0.000000
116.926628,-21.021,19.089123,0.002357,10.094,11.289,11.316,0.000000
117.331383,-20.950,15.128612,0.002338,10.087,11.385,11.412,0.000000
117.737541,-20.824,12.357884,0.002303,10.079,11.482,11.509,0.000000
118.145103,-20.810,8.851181,0.002299,10.072,11.579,11.606,0.000000
118.554016,-20.784,6.252481,0.002292,10.065,11.677,11.704,0.000000
118.964462,-20.776,3.252941,0.002290,10.057,11.775,11.801,0.000000
119.376213,-20.796,0.200005,0.002295,10.050,11.873,11.900,0.000000
119.789505,-20.797,-2.037124,0.002296,10.042,11.971,11.998,0.000000
120.204117,-20.712,-4.250103,0.002273,10.035,12.070,12.097,0.000000
120.620216,-20.624,-6.131393,0.002250,10.027,12.169,12.196,0.000000
121.037758,-20.566,-8.055183,0.002235,10.020,12.269,12.295,0.000000
121.456741,-20.424,-9.762662,0.002199,10.012,12.369,12.395,0.000000
121.877174,-20.352,-11.660309,0.002181,10.005,12.469,12.495,0.000000
122.299072,-20.304,-13.800555,0.002169,9.997,12.570,12.596,0.000000
122.722420,-20.178,-15.799149,0.002138,9.989,12.671,12.697,0.000000
123.147240,-20.055,-17.755278,0.002108,9.982,12.772,12.798,0.000000
123.573532,-19.962,-20.110834,0.002085,9.974,12.873,12.900,0.000000
124.001297,-19.815,-21.992786,0.002050,9.966,12.975,13.001,0.000000
124.430542,-19.732,-23.819847,0.002031,9.959,13.078,13.104,0.000000
124.861267,-19.679,-26.293381,0.002018,9.951,13.180,13.206,0.000000
125.293488,-19.728,-28.506950,0.002030,9.946,13.236,13.262,0.000000
125.727150,-19.600,-30.937441,0.002000,9.942,13.270,13.296,0.000000
126.162369,-19.431,-33.149036,0.001961,9.938,13.304,13.330,0.000000
126.599091,-19.340,-34.515697,0.001941,9.934,13.337,13.364,0.000000
127.037331,-19.273,-37.059624,0.001926,9.930,13.371,13.398,0.000000
127.477089,-19.139,-39.493076,0.001897,9.926,13.405,13.432,0.000000
127.918365,-19.044,-42.146027,0.001876,9.922,13.439,13.466,0.000000
128.361160,-18.887,-44.462059,0.001842,9.918,13.474,13.501,0.000000
128.805511,-18.728,-47.411789,0.001809,9.914,13.508,13.535,0.000000
129.251373,-18.532,-50.321808,0.001769,9.910,13.543,13.570,0.000000
129.698792,-18.521,-52.989540,0.001766,9.906,13.577,13.605,0.000000
130.147766,-18.377,-55.924950,0.001737,9.902,13.612,13.640,0.000000
130.598282,-18.255,-59.192059,0.001713,9.898,13.647,13.675,0.000000
131.050369,-18.176,-61.966705,0.001698,9.894,13.682,13.710,0.000000
131.503952,-18.136,-65.390366,0.001690,9.890,13.717,13.745,0.000000
131.959229,-18.130,-69.003197,0.001689,9.886,13.752,13.781,0.000000
132.415955,-18.169,-72.380768,0.001696,9.882,13.788,13.816,0.000000
132.874329,-18.175,-75.370979,0.001697,9.877,13.823,13.852,0.000000
133.334290,-18.153,-79.058777,0.001693,9.873,13.859,13.887,0.000000
133.795853,-18.258,-82.470947,0.001714,9.869,13.895,13.923,0.000000
134.259003,-18.356,-86.036491,0.001733,9.865,13.930,13.959,0.000000
134.723755,-18.353,-89.294594,0.001732,9.861,13.966,13.995,0.000000
135.190109,-18.406,-93.472939,0.001743,9.857,14.003,14.032,0.000000
135.658081,-18.439,-97.002251,0.001750,9.852,14.039,14.068,0.000000
136.127686,-18.427,-99.985596,0.001747,9.848,14.075,14.105,0.000000
136.598907,-18.431,-103.749847,0.001748,9.844,14.112,14.141,0.000000
137.071762,-18.442,-107.964752,0.001750,9.840,14.148,14.178,0.000000
137.546249,-18.417,-111.985588,0.001745,9.835,14.185,14.215,0.000000
138.022385,-18.404,-116.076454,0.001743,9.831,14.222,14.252,0.000000
138.500092,-18.474,-120.598114,0.001757,9.827,14.259,14.289,0.000000
138.979599,-18.475,-124.816574,0.001757,9.822,14.296,14.326,0.000000
139.460617,-18.400,-129.192093,0.001742,9.818,14.333,14.364,0.000000
139.943375,-18.335,-133.639191,0.001729,9.814,14.371,14.401,0.000000
140.427811,-18.255,-138.648773,0.001713,9.809,14.408,14.439,0.000000
140.913925,-18.185,-144.030151,0.001699,9.805,14.446,14.477,0.000000
141.401703,-18.062,-149.217697,0.001675,9.801,14.483,14.515,0.000000
141.891190,-18.049,-155.357773,0.001673,9.796,14.521,14.553,0.000000
142.382355,-17.928,-161.208633,0.001650,9.792,14.559,14.591,0.000000
142.875229,-17.819,-168.276352,0.001629,9.787,14.598,14.629,0.000000
143.369812,-17.779,-175.372787,0.001622,9.783,14.636,14.668,0.000000
143.866104,-17.772,176.981964,0.001620,9.778,14.674,14.706,0.000000
144.364120,-17.749,169.011765,0.001616,9.774,14.713,14.745,0.000000
144.863785,-17.780,160.672775,0.001622,9.769,14.752,14.784,0.000000
145.365311,-17.860,152.377457,0.001637,9.765,14.790,14.823,0.000000
145.868439,-18.073,144.501221,0.001678,9.760,14.829,14.862,0.000000
146.373383,-18.306,136.349945,0.001723,9.756,14.868,14.901,0.000000
146.880066,-18.525,128.166351,0.001767,9.751,14.908,14.941,0.000000
147.388504,-18.786,119.899246,0.001821,9.747,14.947,14.980,0.000000
147.898712,-19.170,112.695946,0.001903,9.742,14.987,15.020,0.000000
148.410675,-19.457,105.793747,0.001967,9.737,15.026,15.060,0.000000
148.924423,-20.003,98.220192,0.002095,9.733,15.066,15.100,0.000000
149.439941,-20.553,91.339424,0.002232,9.728,15.106,15.140,0.000000
149.957245,-20.943,85.597496,0.002334,9.723,15.146,15.180,0.000000
150.476334,-21.256,79.271233,0.002420,9.719,15.186,15.220,0.000000
150.997238,-21.547,74.498047,0.002503,9.714,15.226,15.261,0.000000
151.519852,-21.809,69.911957,0.002579,9.709,15.267,15.301,0.000000
152.044434,-22.028,66.134087,0.002645,9.705,15.308,15.342,0.000000
152.570679,-22.298,60.132793,0.002729,9.700,15.348,15.383,0.000000
153.098892,-22.418,54.993637,0.002767,9.695,15.389,15.424,0.000000
153.628784,-22.501,50.844151,0.002793,9.690,15.430,15.465,0.000000
154.160660,-22.502,46.544151,0.002793,9.686,15.471,15.507,0.000000
154.694229,-22.670,43.119915,0.002848,9.681,15.513,15.548,0.000000
155.229797,-22.724,39.967445,0.002866,9.676,15.554,15.590,0.000000
155.767075,-22.737,36.342815,0.002870,9.671,15.596,15.632,0.000000
156.306274,-22.779,32.346523,0.002884,9.666,15.638,15.674,0.000000
156.847351,-22.891,29.380112,0.002921,9.661,15.679,15.716,0.000000
157.390305,-22.622,28.385906,0.002832,9.656,15.721,15.758,0.000000
157.935120,-22.349,27.466114,0.002745,9.652,15.764,15.800,0.000000
158.481750,-21.947,24.867546,0.002620,9.647,15.806,15.843,0.000000
159.030441,-21.420,21.710421,0.002466,9.642,15.848,15.885,0.000000
159.580856,-20.891,16.868633,0.002321,9.637,15.891,15.928,0.000000
160.133347,-20.494,11.520911,0.002217,9.632,15.934,15.971,0.000000
160.687592,-20.145,6.420791,0.002130,9.627,15.977,16.014,0.000000
161.243912,-19.773,0.963407,0.002041,9.622,16.020,16.058,0.000000
161.801987,-19.498,-6.663359,0.001978,9.617,16.063,16.101,0.000000
162.362167,-19.276,-15.143424,0.001928,9.612,16.106,16.145,0.000000
162.924133,-19.275,-22.207712,0.001928,9.607,16.150,16.188,0.000000
163.488113,-19.344,-29.163664,0.001944,9.602,16.194,16.232,0.000000
164.054047,-19.466,-36.581440,0.001972,9.596,16.237,16.276,0.000000
164.621933,-19.727,-44.048443,0.002032,9.591,16.281,16.320,0.000000
165.191788,-19.797,-49.644432,0.002048,9.586,16.326,16.365,0.000000
165.763535,-20.204,-56.476875,0.002147,9.581,16.370,16.409,0.000000
166.337433,-20.614,-63.206169,0.002250,9.576,16.414,16.454,0.000000
166.913147,-20.916,-69.648209,0.002330,9.571,16.459,16.498,0.000000
167.491013,-21.551,-77.173439,0.002507,9.565,16.504,16.543,0.000000
168.070801,-22.067,-81.510017,0.002660,9.560,16.548,16.588,0.000000
168.652603,-22.896,-86.897499,0.002926,9.555,16.593,16.634,0.000000
169.236328,-23.723,-89.659821,0.003219,9.550,16.639,16.679,0.000000
169.822250,-24.447,-91.442635,0.003498,9.544,16.684,16.725,0.000000
170.410019,-25.247,-93.655472,0.003836,9.539,16.730,16.770,0.000000
170.999924,-25.981,-95.141487,0.004174,9.534,16.775,16.816,0.000000
171.591858,-26.719,-96.537941,0.004544,9.528,16.821,16.862,0.000000
172.185837,-27.429,-95.521561,0.004932,9.523,16.867,16.908,0.000000
172.781876,-27.600,-95.336876,0.005031,9.518,16.913,16.955,0.000000
173.379990,-27.561,-94.827713,0.005010,9.512,16.960,17.001,0.000000
173.980164,-27.206,-96.150818,0.004810,9.507,17.006,17.048,0.000000
174.582336,-27.019,-97.692825,0.004708,9.502,17.053,17.095,0.000000
175.186752,-27.041,-99.881828,0.004721,9.496,17.099,17.142,0.000000
175.793182,-26.774,-99.498848,0.004578,9.491,17.146,17.189,0.000000
176.401703,-26.565,-100.982101,0.004470,9.485,17.193,17.236,0.000000
177.012253,-26.371,-101.072311,0.004371,9.480,17.241,17.284,0.000000
177.625092,-25.833,-105.268326,0.004109,9.474,17.288,17.331,0.000000
178.239883,-25.682,-107.894875,0.004038,9.469,17.336,17.379,0.000000
178.856964,-25.876,-110.757324,0.004129,9.463,17.384,17.427,0.000000
179.476013,-25.945,-114.887718,0.004162,9.457,17.432,17.475,0.000000
180.097290,-25.623,-120.537926,0.004010,9.452,17.480,17.524,0.000000
180.720718,-25.536,-124.330490,0.003969,9.446,17.528,17.572,0.000000
181.346298,-25.294,-132.496323,0.003859,9.441,17.576,17.621,0.000000
181.974045,-24.934,-139.265686,0.003702,9.435,17.625,17.669,0.000000
182.603882,-24.925,-143.932907,0.003698,9.429,17.674,17.718,0.000000
183.236084,-24.757,-148.359940,0.003626,9.424,17.723,17.768,0.000000
183.870377,-24.512,-154.319092,0.003525,9.418,17.772,17.817,0.000000
184.506866,-24.603,-158.063126,0.003561,9.412,17.821,17.866,0.000000
185.145462,-24.515,-160.932739,0.003525,9.406,17.870,17.916,0.000000
185.786453,-24.283,-164.660690,0.003431,9.401,17.920,17.966,0.000000
186.429489,-24.069,-167.694336,0.003347,9.395,17.970,18.016,0.000000
187.074921,-24.058,-168.552658,0.003342,9.389,18.020,18.066,0.000000
187.722412,-23.817,-170.912003,0.003250,9.383,18.070,18.116,0.000000
188.372238,-23.797,-174.379135,0.003242,9.377,18.120,18.167,0.000000
189.024307,-23.546,-177.260345,0.003149,9.371,18.171,18.218,0.000000
189.678650,-23.255,179.677643,0.003045,9.365,18.221,18.269,0.000000
190.335236,-22.742,175.838348,0.002870,9.360,18.272,18.320,0.000000
190.994110,-22.492,172.443100,0.002788,9.354,18.323,18.371,0.000000
191.655258,-22.287,168.586807,0.002723,9.348,18.375,18.422,0.000000
192.318695,-21.793,163.873474,0.002571,9.342,18.426,18.474,0.000000
192.984421,-21.438,159.603073,0.002468,9.336,18.477,18.526,0.000000
193.652374,-21.175,155.015457,0.002393,9.330,18.529,18.578,0.000000
194.322815,-20.876,150.828949,0.002312,9.324,18.581,18.630,0.000000
194.995392,-20.621,146.708023,0.002244,9.318,18.633,18.682,0.000000
195.670486,-20.252,142.105377,0.002150,9.311,18.685,18.734,0.000000
196.347733,-20.176,137.772278,0.002130,9.305,18.738,18.787,0.000000
197.027405,-19.879,133.413696,0.002058,9.299,18.790,18.840,0.000000
197.709442,-19.759,128.844757,0.002029,9.293,18.843,18.893,0.000000
198.393829,-19.540,125.088577,0.001978,9.287,18.896,18.946,0.000000
199.080597,-19.340,121.136726,0.001932,9.281,18.949,19.000,0.000000
199.769745,-19.096,117.340736,0.001878,9.274,19.003,19.053,0.000000
200.461258,-18.857,112.072937,0.001826,9.268,19.056,19.107,0.000000
201.155182,-18.610,108.046272,0.001775,9.262,19.110,19.161,0.000000
201.851501,-18.534,104.501083,0.001758,9.256,19.164,19.215,0.000000
202.550232,-18.381,100.451866,0.001727,9.249,19.218,19.269,0.000000
203.251389,-18.333,96.244057,0.001716,9.243,19.272,19.324,0.000000
203.954865,-18.198,92.117729,0.001689,9.237,19.327,19.379,0.000000
204.660980,-18.245,88.097755,0.001697,9.230,19.382,19.434,0.000000
205.369339,-18.305,84.250427,0.001708,9.224,19.436,19.489,0.000000
206.080246,-18.398,80.555420,0.001726,9.218,19.491,19.544,0.000000
206.793625,-18.589,77.615623,0.001763,9.211,19.547,19.599,0.000000
207.509567,-18.693,73.892204,0.001784,9.205,19.602,19.655,0.000000
208.227783,-18.802,72.167953,0.001805,9.198,19.658,19.711,0.000000
208.948685,-18.968,69.186356,0.001839,9.192,19.714,19.767,0.000000
209.671890,-19.066,67.268394,0.001859,9.185,19.770,19.823,0.000000
210.397690,-19.273,64.551094,0.001903,9.179,19.826,19.880,0.000000
211.126007,-19.309,63.380806,0.001910,9.172,19.882,19.936,0.000000
211.856842,-19.463,62.196865,0.001942,9.166,19.939,19.993,0.000000
212.590210,-19.427,60.712990,0.001933,9.159,19.995,20.050,0.000000
213.326019,-19.497,59.488461,0.001947,9.152,20.052,20.107,0.000000
214.064575,-19.468,58.771099,0.001940,9.146,20.110,20.165,0.000000
214.805481,-19.388,57.059040,0.001921,9.139,20.167,20.222,0.000000
215.549057,-19.289,55.946850,0.001897,9.132,20.225,20.280,0.000000
216.295197,-19.080,54.821507,0.001851,9.126,20.282,20.338,0.000000
217.044037,-18.896,53.298927,0.001811,9.119,20.340,20.396,0.000000
217.795258,-18.769,50.797188,0.001784,9.112,20.399,20.455,0.000000
218.549286,-18.580,48.121376,0.001745,9.105,20.457,20.513,0.000000
219.305710,-18.365,45.691975,0.001701,9.098,20.515,20.572,0.000000
220.064865,-18.208,42.084377,0.001670,9.092,20.574,20.631,0.000000
220.826645,-18.142,37.948151,0.001657,9.085,20.633,20.691,0.000000
221.591064,-18.068,34.982460,0.001642,9.078,20.692,20.750,0.000000
222.358124,-18.097,31.263729,0.001646,9.071,20.752,20.810,0.000000
223.127731,-18.214,27.448805,0.001668,9.064,20.811,20.869,0.000000
223.900223,-18.385,24.008242,0.001700,9.057,20.871,20.930,0.000000
224.675171,-18.541,20.664198,0.001730,9.050,20.931,20.990,0.000000
225.453018,-18.891,16.685253,0.001800,9.043,20.991,21.050,0.000000
226.233337,-19.215,14.219860,0.001868,9.036,21.052,21.111,0.000000
227.016586,-19.537,11.443118,0.001937,9.029,21.112,21.172,0.000000
227.802322,-19.953,8.987117,0.002031,9.022,21.173,21.233,0.000000
228.590988,-20.389,6.179502,0.002135,9.015,21.234,21.294,0.000000
229.382187,-20.807,4.456021,0.002239,9.008,21.296,21.356,0.000000
230.176208,-21.225,2.676301,0.002348,9.000,21.357,21.418,0.000000
230.972992,-21.589,3.429832,0.002447,8.993,21.419,21.479,0.000000
231.772537,-21.897,3.027500,0.002534,8.986,21.481,21.542,0.000000
232.574844,-22.170,2.036580,0.002614,8.979,21.543,21.604,0.000000
233.379822,-22.599,1.884725,0.002746,8.972,21.605,21.667,0.000000
234.187805,-23.067,2.452731,0.002897,8.964,21.668,21.729,0.000000
234.998352,-23.341,3.049939,0.002988,8.957,21.731,21.792,0.000000
235.811935,-23.557,3.435653,0.003063,8.950,21.794,21.856,0.000000
236.628113,-23.767,4.911643,0.003136,8.942,21.857,21.919,0.000000
237.447342,-23.923,4.643704,0.003192,8.935,21.920,21.983,0.000000
238.269180,-24.235,4.472533,0.003308,8.927,21.984,22.047,0.000000
239.094101,-24.460,5.310743,0.003394,8.920,22.048,22.111,0.000000
239.921631,-24.556,6.962817,0.003430,8.913,22.112,22.175,0.000000
240.752151,-24.703,8.065483,0.003487,8.905,22.176,22.240,0.000000
241.585541,-24.687,10.968321,0.003480,8.898,22.241,22.305,0.000000
242.421814,-24.761,12.497364,0.003508,8.890,22.305,22.370,0.000000
243.260986,-24.877,14.864463,0.003555,8.882,22.370,22.435,0.000000
244.102951,-24.761,16.138245,0.003507,8.875,22.435,22.500,0.000000
244.948059,-24.259,17.493525,0.003309,8.867,22.501,22.566,0.000000
245.795975,-24.204,18.959492,0.003288,8.860,22.567,22.632,0.000000
246.646820,-23.613,19.916348,0.003071,8.852,22.632,22.698,0.000000
247.500626,-23.372,21.320148,0.002987,8.844,22.699,22.765,0.000000
248.357376,-22.870,21.356926,0.002818,8.837,22.765,22.831,0.000000
249.216980,-22.444,19.405706,0.002682,8.829,22.831,22.898,0.000000
250.079788,-22.088,17.664013,0.002574,8.822,22.890,22.957,0.000000
250.945343,-21.838,15.565189,0.002500,8.821,22.864,22.931,0.000000
251.814026,-21.792,12.156440,0.002486,8.820,22.838,22.905,0.000000
252.685715,-21.743,10.101995,0.002471,8.820,22.812,22.879,0.000000
253.560410,-21.713,6.657984,0.002462,8.819,22.786,22.852,0.000000
254.438141,-21.785,3.370192,0.002482,8.818,22.760,22.826,0.000000
255.318909,-21.841,0.449622,0.002497,8.818,22.734,22.800,0.000000
256.202728,-22.012,-3.493111,0.002547,8.817,22.707,22.773,0.000000
257.089600,-22.123,-6.862813,0.002579,8.816,22.681,22.747,0.000000
257.979553,-22.324,-10.232639,0.002639,8.816,22.655,22.720,0.000000
258.872559,-22.609,-12.460930,0.002726,8.815,22.628,22.693,0.000000
259.768677,-22.807,-14.527767,0.002789,8.814,22.601,22.667,0.000000
260.667786,-23.120,-17.049480,0.002891,8.814,22.575,22.640,0.000000
261.570251,-23.563,-17.541712,0.003041,8.813,22.548,22.613,0.000000
262.475555,-23.917,-20.196779,0.003167,8.812,22.521,22.586,0.000000
263.384277,-24.553,-21.738703,0.003407,8.812,22.494,22.558,0.000000
264.295898,-25.218,-21.221050,0.003678,8.811,22.467,22.531,0.000000
265.210785,-25.821,-20.093382,0.003941,8.810,22.439,22.504,0.000000
266.128845,-26.406,-16.788231,0.004215,8.810,22.412,22.476,0.000000
267.050201,-26.864,-14.815245,0.004443,8.809,22.385,22.449,0.000000
267.974518,-27.287,-11.157692,0.004665,8.808,22.357,22.421,0.000000
268.902130,-27.430,-7.914047,0.004743,8.807,22.330,22.393,0.000000
269.832977,-27.645,-5.864097,0.004861,8.807,22.302,22.365,0.000000
270.767029,-27.511,-2.624721,0.004787,8.806,22.274,22.337,0.000000
271.704315,-27.225,0.284579,0.004632,8.805,22.246,22.309,0.000000
272.644714,-26.953,0.572922,0.004489,8.805,22.218,22.281,0.000000
273.588654,-26.770,-0.684309,0.004394,8.804,22.190,22.253,0.000000
274.535583,-26.590,-2.692174,0.004304,8.803,22.162,22.225,0.000000
275.486053,-26.452,-5.180894,0.004235,8.802,22.134,22.196,0.000000
276.439545,-26.422,-9.071689,0.004220,8.802,22.105,22.168,0.000000
277.396454,-26.642,-11.852901,0.004327,8.801,22.077,22.139,0.000000
278.356689,-26.791,-15.600479,0.004401,8.800,22.048,22.110,0.000000
279.320404,-27.204,-19.588898,0.004615,8.799,22.020,22.081,0.000000
280.287170,-27.878,-23.930099,0.004987,8.799,21.991,22.052,0.000000
281.257416,-28.591,-25.648722,0.005412,8.798,21.962,22.023,0.000000
282.231018,-29.567,-26.869732,0.006055,8.797,21.933,21.994,0.000000
283.207977,-30.846,-28.517187,0.007014,8.797,21.904,21.965,0.000000
284.188354,-32.105,-24.539547,0.008106,8.796,21.875,21.936,0.000000
285.171967,-33.221,-13.203300,0.009216,8.795,21.845,21.906,0.000000
286.159271,-33.777,4.858472,0.009823,8.794,21.816,21.877,0.000000
287.149689,-33.971,35.324123,0.010040,8.794,21.787,21.847,0.000000
288.143829,-33.352,61.555950,0.009346,8.793,21.757,21.817,0.000000
289.141144,-32.212,74.732246,0.008195,8.792,21.727,21.787,0.000000
290.142029,-30.649,83.117378,0.006842,8.791,21.697,21.757,0.000000
291.146393,-28.915,86.181824,0.005603,8.791,21.668,21.727,0.000000
292.154358,-27.219,81.578941,0.004607,8.790,21.638,21.697,0.000000
293.165558,-25.742,77.091888,0.003886,8.789,21.608,21.667,0.000000
294.180389,-24.516,72.074120,0.003374,8.788,21.577,21.637,0.000000
295.198730,-23.504,66.537476,0.003003,8.787,21.547,21.606,0.000000
296.220581,-22.755,59.573437,0.002754,8.787,21.517,21.576,0.000000
297.246002,-22.198,54.326622,0.002582,8.786,21.486,21.545,0.000000
298.274933,-21.822,48.138992,0.002473,8.785,21.455,21.514,0.000000
299.307465,-21.561,43.296951,0.002399,8.784,21.425,21.483,0.000000
300.343414,-21.477,38.283405,0.002375,8.784,21.394,21.452,0.000000
301.383209,-21.483,34.164478,0.002377,8.783,21.363,21.421,0.000000
302.426361,-21.417,30.733881,0.002358,8.782,21.332,21.390,0.000000
303.473389,-21.408,27.762779,0.002355,8.781,21.301,21.358,0.000000
304.523743,-21.368,25.236580,0.002344,8.780,21.270,21.327,0.000000
305.578033,-21.175,22.580557,0.002292,8.780,21.238,21.295,0.000000
306.635681,-20.996,19.488602,0.002245,8.779,21.207,21.264,0.000000
307.697266,-20.838,16.124594,0.002204,8.778,21.175,21.232,0.000000
308.762268,-20.721,12.538423,0.002175,8.777,21.143,21.200,0.000000
309.831085,-20.672,8.620566,0.002162,8.776,21.112,21.168,0.000000
310.903595,-20.710,4.273877,0.002171,8.776,21.080,21.136,0.000000
311.979828,-20.726,0.169037,0.002175,8.775,21.048,21.104,0.000000
313.059784,-20.892,-3.922172,0.002216,8.774,21.015,21.072,0.000000
314.143311,-21.127,-7.795330,0.002276,8.773,20.983,21.039,0.000000
315.230927,-21.480,-10.767306,0.002370,8.772,20.951,21.007,0.000000
316.322113,-21.899,-12.816312,0.002486,8.771,20.918,20.974,0.000000
317.417114,-22.270,-14.098614,0.002594,8.771,20.886,20.941,0.000000
318.515747,-22.572,-14.504350,0.002684,8.770,20.853,20.908,0.000000
319.618469,-22.748,-15.354374,0.002738,8.769,20.820,20.875,0.000000
320.724701,-22.877,-16.710123,0.002779,8.768,20.787,20.842,0.000000
321.835083,-23.076,-18.185316,0.002842,8.767,20.754,20.809,0.000000
322.949005,-23.337,-20.152929,0.002929,8.766,20.721,20.776,0.000000
324.066925,-23.577,-21.306379,0.003010,8.766,20.688,20.742,0.000000
325.188721,-23.770,-22.834011,0.003077,8.765,20.655,20.709,0.000000
326.314392,-24.075,-24.336458,0.003187,8.764,20.621,20.675,0.000000
327.443970,-24.415,-24.991743,0.003313,8.763,20.587,20.641,0.000000
328.577301,-24.808,-25.111082,0.003466,8.762,20.554,20.607,0.000000
329.714874,-25.178,-25.190786,0.003617,8.761,20.520,20.573,0.000000
330.856232,-25.522,-24.120129,0.003762,8.760,20.486,20.539,0.000000
332.001526,-25.615,-22.085989,0.003802,8.760,20.452,20.505,0.000000
333.150635,-25.472,-20.593962,0.003739,8.759,20.418,20.470,0.000000
334.304016,-25.395,-19.878250,0.003706,8.758,20.383,20.436,0.000000
335.461090,-25.239,-19.721239,0.003639,8.757,20.349,20.401,0.000000
336.622498,-24.848,-20.794998,0.003478,8.756,20.314,20.366,0.000000
337.787598,-24.541,-23.014111,0.003357,8.755,20.280,20.331,0.000000
338.956879,-24.238,-25.559479,0.003241,8.754,20.245,20.296,0.000000
340.130219,-24.053,-27.817810,0.003172,8.753,20.210,20.261,0.000000
341.307617,-23.919,-31.645613,0.003123,8.752,20.175,20.226,0.000000
342.489105,-23.878,-36.308876,0.003108,8.752,20.140,20.191,0.000000
343.674652,-23.991,-40.275448,0.003148,8.751,20.104,20.155,0.000000
344.864319,-24.065,-42.336113,0.003175,8.750,20.069,20.120,0.000000
346.058105,-23.868,-44.908276,0.003104,8.749,20.033,20.084,0.000000
347.256042,-23.945,-49.600014,0.003132,8.748,19.998,20.048,0.000000
348.457947,-24.343,-53.861217,0.003279,8.747,19.962,20.012,0.000000
349.664337,-24.750,-58.181679,0.003436,8.746,19.926,19.976,0.000000
350.874573,-25.304,-59.614124,0.003662,8.745,19.890,19.940,0.000000
352.089325,-25.560,-60.776943,0.003771,8.744,19.854,19.903,0.000000
353.307953,-25.730,-63.943333,0.003845,8.743,19.818,19.867,0.000000
354.530975,-26.015,-69.573616,0.003973,8.742,19.781,19.830,0.000000
355.758240,-26.877,-74.429024,0.004386,8.741,19.745,19.794,0.000000
356.989716,-27.646,-79.944702,0.004791,8.741,19.708,19.757,0.000000
358.225494,-28.233,-85.997948,0.005125,8.740,19.671,19.720,0.000000
359.465515,-28.984,-93.633781,0.005588,8.739,19.634,19.683,0.000000
360.709869,-29.763,-101.512642,0.006112,8.738,19.597,19.645,0.000000
361.958496,-30.703,-113.789040,0.006810,8.737,19.560,19.608,0.000000
363.211456,-32.474,-120.471382,0.008351,8.736,19.523,19.571,0.000000
364.468750,-34.202,-120.651451,0.010189,8.735,19.486,19.533,0.000000
365.730408,-34.797,-117.493607,0.010912,8.734,19.448,19.495,0.000000
366.996246,-35.129,-109.669426,0.011337,8.733,19.410,19.457,0.000000
368.266815,-35.406,-95.545128,0.011704,8.732,19.373,19.419,0.000000
369.541443,-34.478,-84.291840,0.010518,8.731,19.335,19.381,0.000000
370.820648,-33.624,-78.695320,0.009533,8.730,19.297,19.343,0.000000
372.104309,-32.524,-75.854477,0.008399,8.729,19.258,19.304,0.000000
373.392395,-31.719,-75.031624,0.007656,8.728,19.220,19.266,0.000000
374.684937,-30.506,-78.494797,0.006658,8.727,19.182,19.227,0.000000
375.982117,-29.518,-87.288490,0.005942,8.726,19.143,19.188,0.000000
377.283447,-28.898,-101.454453,0.005532,8.725,19.104,19.149,0.000000
378.589447,-28.268,-115.219841,0.005146,8.724,19.065,19.110,0.000000
379.899994,-27.937,-128.847031,0.004953,8.723,19.026,19.071,0.000000
381.215057,-27.593,-140.466370,0.004761,8.722,18.987,19.032,0.000000
382.534668,-27.386,-153.220215,0.004649,8.721,18.948,18.992,0.000000
383.858673,-27.270,-165.303329,0.004587,8.720,18.909,18.953,0.000000
385.187622,-27.234,-177.034714,0.004568,8.719,18.869,18.913,0.000000
386.520813,-27.216,171.024887,0.004559,8.718,18.829,18.873,0.000000
387.859009,-27.387,160.643585,0.004649,8.717,18.790,18.833,0.000000
389.201416,-27.585,150.918488,0.004756,8.716,18.750,18.793,0.000000
390.548889,-27.986,142.310562,0.004981,8.715,18.709,18.752,0.000000
391.900635,-28.515,133.525894,0.005294,8.714,18.669,18.712,0.000000
393.257416,-29.022,128.359299,0.005612,8.713,18.629,18.671,0.000000
394.618530,-29.383,124.739586,0.005850,8.712,18.588,18.630,0.000000
395.984558,-29.606,122.081825,0.006003,8.711,18.548,18.590,0.000000
397.355316,-29.997,121.003532,0.006279,8.710,18.507,18.549,0.000000
398.730804,-30.252,120.989929,0.006466,8.709,18.466,18.507,0.000000
400.111053,-30.337,121.796837,0.006529,8.708,18.425,18.466,0.000000
401.495880,-30.035,124.488541,0.006307,8.707,18.384,18.425,0.000000
402.885895,-29.668,127.005913,0.006045,8.706,18.342,18.383,0.000000
404.280365,-29.242,128.931000,0.005756,8.705,18.301,18.341,0.000000
405.679993,-28.678,129.451828,0.005394,8.704,18.259,18.299,0.000000
407.084106,-28.106,129.432190,0.005050,8.703,18.217,18.257,0.000000
408.493500,-27.465,128.571167,0.004691,8.701,18.175,18.215,0.000000
409.907349,-26.670,126.493782,0.004281,8.700,18.133,18.173,0.000000
411.326477,-26.004,125.114090,0.003965,8.699,18.091,18.130,0.000000
412.750122,-25.406,121.973068,0.003701,8.698,18.049,18.088,0.000000
414.178925,-24.767,117.903328,0.003438,8.697,18.006,18.045,0.000000
415.612640,-24.144,115.363319,0.003201,8.696,17.964,18.002,0.000000
417.051331,-23.718,112.233002,0.003047,8.695,17.921,17.959,0.000000
418.494995,-23.372,108.361061,0.002928,8.694,17.878,17.916,0.000000
419.943481,-23.060,104.559669,0.002825,8.693,17.835,17.872,0.000000
421.397369,-22.897,101.693642,0.002773,8.692,17.791,17.829,0.000000
422.855865,-22.696,98.786621,0.002709,8.691,17.748,17.785,0.000000
424.319855,-22.618,95.340248,0.002685,8.689,17.705,17.742,0.000000
425.788666,-22.642,92.320793,0.002692,8.688,17.661,17.698,0.000000
427.262604,-22.612,90.637077,0.002683,8.687,17.617,17.653,0.000000
428.741394,-22.520,89.231071,0.002655,8.686,17.573,17.609,0.000000
430.225739,-22.450,89.065269,0.002634,8.685,17.529,17.565,0.000000
431.714813,-22.207,88.790993,0.002561,8.684,17.484,17.520,0.000000
433.209259,-21.818,88.362900,0.002449,8.683,17.440,17.475,0.000000
434.708862,-21.434,87.730217,0.002343,8.682,17.395,17.431,0.000000
436.213654,-20.946,87.180618,0.002215,8.680,17.351,17.386,0.000000
437.723663,-20.391,86.644493,0.002078,8.679,17.306,17.340,0.000000
439.238892,-19.802,84.884506,0.001941,8.678,17.261,17.295,0.000000
440.759369,-19.223,82.476875,0.001816,8.677,17.215,17.249,0.000000
442.285095,-18.796,79.503532,0.001729,8.676,17.170,17.204,0.000000
443.816132,-18.288,76.110924,0.001631,8.675,17.124,17.158,0.000000
445.352448,-17.888,72.643486,0.001557,8.673,17.079,17.112,0.000000
446.894073,-17.477,68.685341,0.001485,8.672,17.033,17.066,0.000000
448.440857,-17.177,65.027855,0.001434,8.671,16.987,17.020,0.000000
449.993408,-16.877,60.506985,0.001385,8.670,16.940,16.973,0.000000
451.550873,-16.720,55.950321,0.001360,8.669,16.894,16.926,0.000000
453.114197,-16.706,51.282921,0.001358,8.668,16.848,16.880,0.000000
454.682495,-16.698,47.184372,0.001356,8.666,16.801,16.833,0.000000
456.256409,-16.792,44.415977,0.001371,8.665,16.754,16.786,0.000000
457.835815,-16.854,41.593861,0.001380,8.664,16.707,16.738,0.000000
459.420654,-16.793,40.057129,0.001370,8.663,16.660,16.691,0.000000
461.010986,-16.541,38.437607,0.001331,8.662,16.613,16.643,0.000000
462.606842,-16.186,36.667969,0.001278,8.660,16.565,16.596,0.000000
464.208221,-15.765,34.669312,0.001217,8.659,16.517,16.548,0.000000
465.815125,-15.203,32.302147,0.001141,8.658,16.470,16.500,0.000000
467.427582,-14.537,28.830137,0.001056,8.657,16.422,16.451,0.000000
469.045410,-14.024,23.523535,0.000996,8.655,16.374,16.403,0.000000
470.669312,-13.602,16.572874,0.000949,8.654,16.325,16.354,0.000000
472.298340,-13.429,8.529288,0.000930,8.653,16.277,16.305,0.000000
473.933502,-13.374,-0.347982,0.000924,8.652,16.228,16.257,0.000000
475.573853,-13.579,-8.873065,0.000946,8.651,16.179,16.207,0.000000
477.220093,-13.980,-16.086449,0.000991,8.649,16.130,16.158,0.000000
478.872040,-14.520,-22.395765,0.001054,8.648,16.081,16.109,0.000000
480.529724,-15.178,-27.773230,0.001137,8.647,16.032,16.059,0.000000
482.193146,-15.886,-32.115009,0.001233,8.646,15.982,16.009,0.000000
483.862305,-16.489,-36.130249,0.001321,8.644,15.933,15.959,0.000000
485.537262,-17.018,-39.142113,0.001404,8.643,15.883,15.909,0.000000
487.217987,-17.581,-42.051937,0.001498,8.642,15.833,15.859,0.000000
488.904541,-18.189,-44.784649,0.001606,8.640,15.783,15.808,0.000000
490.596710,-18.703,-47.626339,0.001704,8.639,15.732,15.758,0.000000
492.295197,-19.126,-50.123737,0.001788,8.638,15.682,15.707,0.000000
493.999115,-19.543,-52.077873,0.001876,8.637,15.631,15.656,0.000000
495.709381,-19.905,-53.903770,0.001956,8.635,15.580,15.605,0.000000
497.425110,-20.354,-55.730881,0.002059,8.634,15.529,15.553,0.000000
499.147003,-20.735,-57.488857,0.002151,8.633,15.478,15.502,0.000000
500.874847,-21.071,-59.261139,0.002235,8.632,15.437,15.461,0.000000
502.608917,-21.202,-61.510353,0.002269,8.632,15.406,15.430,0.000000
504.348541,-21.219,-63.972134,0.002273,8.632,15.375,15.399,0.000000
506.094391,-21.305,-68.191460,0.002295,8.632,15.344,15.368,0.000000
507.846283,-21.412,-73.848068,0.002323,8.631,15.313,15.336,0.000000
509.604279,-21.683,-80.862343,0.002397,8.631,15.281,15.305,0.000000
511.368317,-22.018,-88.615227,0.002491,8.631,15.250,15.274,0.000000
513.138489,-22.432,-96.618034,0.002612,8.631,15.218,15.242,0.000000
514.914795,-23.042,-105.339188,0.002801,8.631,15.187,15.210,0.000000
516.696960,-23.712,-114.093605,0.003025,8.631,15.155,15.179,0.000000
518.485840,-24.516,-123.613029,0.003318,8.630,15.123,15.147,0.000000
520.280334,-25.291,-133.384155,0.003627,8.630,15.091,15.115,0.000000
522.081360,-26.083,-144.537918,0.003974,8.630,15.059,15.083,0.000000
523.888611,-26.735,-156.692795,0.004284,8.630,15.027,15.050,0.000000
525.702393,-27.106,-170.036087,0.004470,8.630,14.994,15.018,0.000000
527.521912,-27.269,174.636551,0.004555,8.630,14.962,14.986,0.000000
529.348206,-27.100,157.428970,0.004467,8.630,14.929,14.953,0.000000
531.180359,-26.744,139.133896,0.004288,8.629,14.897,14.920,0.000000
533.019104,-26.282,119.924507,0.004065,8.629,14.864,14.888,0.000000
534.864258,-25.870,100.261986,0.003876,8.629,14.831,14.855,0.000000
536.715698,-25.365,81.749191,0.003657,8.629,14.798,14.822,0.000000
538.573608,-25.087,63.076111,0.003541,8.629,14.765,14.789,0.000000
540.437683,-25.167,45.338062,0.003573,8.629,14.732,14.755,0.000000
542.308777,-25.534,28.553844,0.003727,8.629,14.698,14.722,0.000000
544.185730,-26.336,16.212400,0.004086,8.628,14.665,14.688,0.000000
546.069763,-27.235,13.413102,0.004532,8.628,14.631,14.655,0.000000
547.959778,-28.002,14.601439,0.004950,8.628,14.598,14.621,0.000000
549.856873,-28.388,17.988222,0.005175,8.628,14.564,14.587,0.000000
551.760010,-28.322,22.348732,0.005136,8.628,14.530,14.553,0.000000
553.670288,-27.931,27.651894,0.004910,8.628,14.496,14.519,0.000000
555.586609,-27.049,33.870079,0.004436,8.627,14.462,14.485,0.000000
557.509827,-25.692,38.696991,0.003794,8.627,14.427,14.451,0.000000
559.439697,-24.372,41.171989,0.003259,8.627,14.393,14.416,0.000000
561.376282,-22.915,38.930134,0.002756,8.627,14.359,14.382,0.000000
563.319519,-21.763,31.516005,0.002414,8.627,14.324,14.347,0.000000
565.269287,-20.857,22.037546,0.002175,8.627,14.289,14.312,0.000000
567.226318,-20.246,12.924814,0.002027,8.627,14.254,14.278,0.000000
569.189514,-19.857,3.818567,0.001938,8.626,14.219,14.243,0.000000
571.160156,-19.576,-5.133846,0.001876,8.626,14.184,14.207,0.000000
573.136963,-19.476,-13.481322,0.001854,8.626,14.149,14.172,0.000000
575.121216,-19.481,-21.251495,0.001855,8.626,14.114,14.137,0.000000
577.111816,-19.612,-28.985765,0.001883,8.626,14.078,14.101,0.000000
579.109863,-19.850,-36.334518,0.001935,8.626,14.043,14.066,0.000000
581.114197,-20.121,-43.173286,0.001996,8.625,14.007,14.030,0.000000
583.125793,-20.522,-49.457344,0.002090,8.625,13.971,13.994,0.000000
585.144348,-20.953,-55.873802,0.002196,8.625,13.935,13.958,0.000000
587.169922,-21.367,-61.722401,0.002304,8.625,13.899,13.922,0.000000
589.202454,-21.845,-67.908882,0.002434,8.625,13.863,13.886,0.000000
591.241760,-22.468,-74.241882,0.002615,8.625,13.826,13.849,0.000000
593.288696,-23.283,-79.912102,0.002872,8.624,13.790,13.813,0.000000
595.342468,-24.242,-84.067207,0.003207,8.624,13.753,13.776,0.000000
597.403320,-25.200,-85.111008,0.003581,8.624,13.717,13.739,0.000000
599.471008,-26.202,-85.656944,0.004018,8.624,13.680,13.703,0.000000
601.546448,-27.140,-86.261200,0.004476,8.624,13.643,13.666,0.000000
603.628479,-28.063,-85.023941,0.004977,8.624,13.606,13.628,0.000000
605.718262,-28.875,-82.750191,0.005463,8.623,13.568,13.591,0.000000
607.814758,-29.203,-80.589554,0.005673,8.623,13.531,13.554,0.000000
609.918762,-28.798,-79.823723,0.005414,8.623,13.494,13.516,0.000000
612.030090,-28.208,-81.081612,0.005058,8.623,13.456,13.479,0.000000
614.148682,-27.735,-85.849762,0.004789,8.623,13.418,13.441,0.000000
616.274658,-27.609,-93.106369,0.004720,8.623,13.380,13.403,0.000000
618.407654,-27.682,-100.195915,0.004760,8.622,13.342,13.365,0.000000
620.548645,-27.861,-107.302750,0.004859,8.622,13.304,13.327,0.000000
622.696716,-28.182,-113.685753,0.005042,8.622,13.266,13.288,0.000000
624.852295,-28.392,-118.802422,0.005166,8.622,13.227,13.250,0.000000
627.015259,-28.449,-123.287460,0.005199,8.622,13.189,13.211,0.000000
629.185730,-28.150,-128.146667,0.005022,8.621,13.150,13.173,0.000000
631.363464,-27.449,-133.518036,0.004632,8.621,13.111,13.134,0.000000
633.549316,-26.443,-140.028976,0.004125,8.621,13.072,13.095,0.000000
635.742126,-25.300,-147.429123,0.003615,8.621,13.033,13.056,0.000000
637.942810,-24.165,-157.422729,0.003172,8.621,12.994,13.016,0.000000
640.151123,-23.235,-170.419266,0.002850,8.621,12.955,12.977,0.000000
642.367065,-22.262,173.323257,0.002548,8.620,12.915,12.938,0.000000
644.590698,-21.457,157.052399,0.002322,8.620,12.876,12.898,0.000000
646.822327,-20.782,142.036179,0.002148,8.620,12.836,12.858,0.000000
649.061096,-20.191,127.583664,0.002007,8.620,12.796,12.818,0.000000
651.307861,-19.772,113.479927,0.001913,8.620,12.756,12.778,0.000000
653.562439,-19.504,100.051865,0.001854,8.619,12.716,12.738,0.000000
655.824829,-19.368,87.142227,0.001826,8.619,12.675,12.698,0.000000
658.095032,-19.370,74.466042,0.001826,8.619,12.635,12.657,0.000000
660.372803,-19.550,63.074921,0.001864,8.619,12.594,12.617,0.000000
662.659058,-19.922,52.879082,0.001946,8.619,12.554,12.576,0.000000
664.952637,-20.348,45.371834,0.002044,8.619,12.513,12.535,0.000000
667.254761,-20.891,39.513260,0.002176,8.618,12.472,12.494,0.000000
669.564209,-21.444,34.954586,0.002319,8.618,12.431,12.453,0.000000
671.882019,-21.911,31.692768,0.002447,8.618,12.389,12.411,0.000000
674.207764,-22.263,29.650393,0.002548,8.618,12.348,12.370,0.000000
676.541992,-22.393,27.678398,0.002586,8.618,12.306,12.328,0.000000
678.883545,-22.246,25.833122,0.002543,8.617,12.265,12.286,0.000000
681.233582,-21.916,22.756124,0.002448,8.617,12.223,12.245,0.000000
683.591797,-21.557,18.107578,0.002349,8.617,12.181,12.202,0.000000
685.958130,-21.417,11.971704,0.002311,8.617,12.138,12.160,0.000000
688.332642,-21.379,5.002142,0.002302,8.617,12.096,12.118,0.000000
690.715027,-21.570,-3.699849,0.002353,8.616,12.054,12.075,0.000000
693.106384,-22.072,-12.923388,0.002494,8.616,12.011,12.033,0.000000
695.505310,-22.896,-22.346172,0.002743,8.616,11.968,11.990,0.000000
697.913208,-24.083,-25.592644,0.003145,8.616,11.925,11.947,0.000000
700.328796,-25.417,-21.784449,0.003667,8.616,11.882,11.904,0.000000
702.753052,-26.542,-13.709491,0.004175,8.615,11.839,11.861,0.000000
705.185730,-27.396,-1.790520,0.004607,8.615,11.796,11.817,0.000000
707.627136,-27.760,13.209148,0.004805,8.615,11.752,11.774,0.000000
710.076355,-27.797,28.205603,0.004826,8.615,11.709,11.730,0.000000
712.534363,-27.139,39.081566,0.004475,8.615,11.665,11.686,0.000000
715.000854,-25.987,44.395840,0.003920,8.614,11.621,11.642,0.000000
717.475891,-24.661,45.263149,0.003366,8.614,11.577,11.598,0.000000
719.959534,-23.554,38.153320,0.002963,8.614,11.533,11.554,0.000000
722.451416,-22.986,30.817585,0.002776,8.614,11.488,11.509,0.000000
724.952637,-22.700,23.621708,0.002687,8.614,11.444,11.465,0.000000
727.461792,-22.810,17.929920,0.002722,8.613,11.399,11.420,0.000000
729.980347,-23.132,14.743009,0.002825,8.613,11.354,11.375,0.000000
732.506897,-23.509,15.564432,0.002951,8.613,11.309,11.330,0.000000
735.042908,-23.576,17.692730,0.002974,8.613,11.264,11.285,0.000000
737.586975,-23.348,20.248203,0.002898,8.613,11.218,11.240,0.000000
740.140564,-22.741,22.547600,0.002702,8.612,11.173,11.194,0.000000
742.702332,-21.871,24.113075,0.002445,8.612,11.127,11.148,0.000000
745.273254,-21.008,25.099615,0.002214,8.612,11.081,11.103,0.000000
747.853088,-20.078,25.408379,0.001990,8.612,11.035,11.057,0.000000
750.441895,-19.190,23.520563,0.001797,8.612,10.989,11.010,0.000000
753.039612,-18.480,18.268106,0.001656,8.611,10.943,10.964,0.000000
755.646362,-18.012,11.778484,0.001570,8.611,10.897,10.918,0.000000
758.262146,-17.681,6.021701,0.001511,8.611,10.850,10.871,0.000000
760.886597,-17.474,0.562444,0.001476,8.611,10.803,10.824,0.000000
763.520813,-17.357,-4.454220,0.001457,8.610,10.756,10.777,0.000000
766.163818,-17.289,-9.030477,0.001446,8.610,10.709,10.730,0.000000
768.816040,-17.242,-13.238391,0.001439,8.610,10.662,10.683,0.000000
771.476990,-17.146,-17.039471,0.001424,8.610,10.614,10.635,0.000000
774.147888,-16.971,-21.044058,0.001395,8.610,10.567,10.588,0.000000
776.827332,-16.730,-26.282026,0.001357,8.609,10.519,10.540,0.000000
779.516785,-16.560,-32.560726,0.001331,8.609,10.471,10.492,0.000000
782.214844,-16.587,-39.681133,0.001336,8.609,10.423,10.444,0.000000
784.922546,-16.808,-47.162254,0.001370,8.609,10.375,10.395,0.000000
787.639648,-17.200,-54.148510,0.001434,8.609,10.326,10.347,0.000000
790.366150,-17.699,-60.276611,0.001519,8.608,10.278,10.298,0.000000
793.102112,-18.250,-65.132317,0.001619,8.608,10.229,10.250,0.000000
795.847107,-18.850,-70.446404,0.001735,8.608,10.180,10.201,0.000000
798.602417,-19.507,-76.120636,0.001871,8.608,10.131,10.152,0.000000
801.366882,-20.409,-83.773361,0.002077,8.607,10.082,10.102,0.000000
804.140930,-21.608,-93.449883,0.002384,8.607,10.032,10.053,0.000000
806.924133,-22.905,-99.003769,0.002769,8.607,9.983,10.003,0.000000
809.717773,-23.680,-92.944283,0.003028,8.607,9.933,9.953,0.000000
812.520325,-23.912,-79.910469,0.003110,8.606,9.883,9.903,0.000000
815.333374,-23.935,-65.914474,0.003119,8.606,9.833,9.853,0.000000
818.155334,-24.090,-54.827835,0.003176,8.606,9.783,9.803,0.000000
820.987488,-24.474,-43.534962,0.003320,8.606,9.732,9.752,0.000000
823.829407,-24.811,-29.897146,0.003452,8.606,9.681,9.702,0.000000
826.681213,-24.656,-20.254919,0.003391,8.605,9.631,9.651,0.000000
829.542847,-23.842,-22.798950,0.003088,8.605,9.580,9.600,0.000000
832.414429,-23.141,-31.438698,0.002848,8.605,9.528,9.549,0.000000
835.295898,-22.838,-37.489902,0.002751,8.605,9.477,9.497,0.000000
838.187378,-22.604,-41.472004,0.002678,8.604,9.426,9.446,0.000000
841.088867,-22.358,-44.542721,0.002603,8.604,9.374,9.394,0.000000
844.000000,-22.085,-47.636337,0.002522,8.604,9.322,9.342,0.000000
846.921997,-21.817,-52.126915,0.002446,8.604,9.270,9.290,0.000000
849.853333,-21.730,-58.383041,0.002421,8.603,9.218,9.238,0.000000
852.795593,-21.838,-63.851177,0.002451,8.603,9.165,9.185,0.000000
855.747253,-22.050,-67.715538,0.002512,8.603,9.113,9.132,0.000000
858.709534,-22.199,-71.185760,0.002556,8.603,9.060,9.080,0.000000
861.682068,-22.408,-75.644707,0.002618,8.602,9.007,9.027,0.000000
864.664856,-22.910,-80.718376,0.002773,8.602,8.954,8.973,0.000000
867.657959,-23.720,-83.473557,0.003045,8.602,8.900,8.920,0.000000
870.661499,-24.446,-81.534859,0.003310,8.602,8.847,8.867,0.000000
873.675354,-24.568,-78.037628,0.003357,8.601,8.793,8.813,0.000000
876.699707,-24.039,-76.314552,0.003158,8.601,8.739,8.759,0.000000
879.734497,-23.404,-77.719780,0.002936,8.601,8.685,8.705,0.000000
882.779419,-22.822,-81.447624,0.002745,8.601,8.631,8.650,0.000000
885.835632,-22.542,-85.627167,0.002658,8.601,8.576,8.596,0.000000
888.901672,-22.308,-89.598648,0.002588,8.600,8.522,8.541,0.000000
891.979126,-21.948,-95.013535,0.002483,8.600,8.467,8.486,0.000000
895.066406,-21.800,-105.130722,0.002441,8.600,8.412,8.431,0.000000
898.164734,-22.120,-115.983276,0.002532,8.599,8.357,8.376,0.000000
901.273865,-22.737,-122.205688,0.002719,8.599,8.301,8.321,0.000000
904.393738,-23.480,-125.323586,0.002962,8.599,8.246,8.265,0.000000
907.524414,-24.122,-128.014130,0.003189,8.599,8.190,8.209,0.000000
910.665894,-24.446,-131.221512,0.003310,8.598,8.134,8.153,0.000000
913.818298,-24.470,-135.511810,0.003319,8.598,8.078,8.097,0.000000
916.981567,-24.360,-140.581711,0.003277,8.598,8.021,8.041,0.000000
920.155823,-24.103,-145.641296,0.003182,8.598,7.965,7.984,0.000000
923.341003,-23.519,-153.822311,0.002975,8.597,7.908,7.927,0.000000
926.537292,-22.922,-168.528397,0.002777,8.597,7.851,7.870,0.000000
929.744141,-22.557,171.522385,0.002662,8.597,7.794,7.813,0.000000
932.963013,-22.622,149.425140,0.002682,8.597,7.737,7.756,0.000000
936.192139,-23.051,126.217834,0.002817,8.596,7.679,7.698,0.000000
939.432861,-23.577,104.098694,0.002993,8.596,7.621,7.640,0.000000
942.684814,-24.003,85.012314,0.003143,8.596,7.563,7.582,0.000000
945.948486,-24.188,71.339088,0.003210,8.596,7.505,7.524,0.000000
949.222534,-24.051,68.596359,0.003159,8.595,7.447,7.466,0.000000
952.508850,-23.759,132.002228,0.003055,8.595,7.388,7.407,0.000000
955.805603,-23.376,174.092560,0.002923,8.595,7.330,7.348,0.000000
959.114258,-23.116,166.784409,0.002837,8.595,7.271,7.289,0.000000
962.434326,-22.937,153.872299,0.002779,8.594,7.211,7.230,0.000000
965.765930,-22.780,140.241180,0.002729,8.594,7.152,7.171,0.000000
969.109009,-22.515,125.492889,0.002647,8.594,7.093,7.111,0.000000
972.463257,-22.134,110.040794,0.002534,8.593,7.033,7.051,0.000000
975.830017,-21.803,95.179306,0.002439,8.593,6.973,6.991,0.000000
979.207458,-21.683,80.751884,0.002405,8.593,6.913,6.931,0.000000
982.597595,-21.753,68.322563,0.002425,8.593,6.852,6.870,0.000000
985.998474,-21.863,56.897739,0.002456,8.592,6.792,6.810,0.000000
989.412109,-21.857,46.630970,0.002454,8.592,6.731,6.749,0.000000
992.836609,-21.696,36.447247,0.002409,8.592,6.670,6.688,0.000000
996.273926,-21.675,24.738121,0.002403,8.591,6.608,6.627,0.000000
999.722168,-22.094,13.174864,0.002522,8.591,6.547,6.565,0.000000
1003.182800,-23.046,4.437414,0.002814,8.591,6.516,6.534,0.000000
1006.655457,-24.138,2.049566,0.003191,8.591,6.487,6.505,0.000000
1010.140076,-24.952,2.359830,0.003505,8.591,6.458,6.476,0.000000
1013.636780,-25.266,3.844580,0.003634,8.591,6.429,6.448,0.000000
1017.145142,-25.295,4.100316,0.003646,8.591,6.400,6.419,0.000000
1020.666565,-25.190,4.295518,0.003603,8.591,6.371,6.390,0.000000
1024.199219,-24.964,4.541047,0.003511,8.591,6.342,6.361,0.000000
1027.745117,-24.457,4.382083,0.003312,8.591,6.313,6.331,0.000000
1031.302246,-23.691,3.006204,0.003033,8.590,6.283,6.302,0.000000
1034.872803,-23.015,-2.924356,0.002807,8.590,6.254,6.273,0.000000
1038.454590,-22.769,-13.059998,0.002729,8.590,6.224,6.243,0.000000
1042.049805,-23.007,-23.387897,0.002805,8.590,6.195,6.213,0.000000
1045.656494,-23.532,-29.943094,0.002980,8.590,6.165,6.184,0.000000
1049.276123,-24.025,-34.895069,0.003155,8.590,6.135,6.154,0.000000
1052.908325,-24.642,-40.965698,0.003388,8.590,6.105,6.124,0.000000
1056.553101,-25.571,-45.383247,0.003771,8.590,6.075,6.094,0.000000
1060.210571,-26.775,-49.299290,0.004332,8.590,6.044,6.064,0.000000
1063.880005,-28.272,-51.289711,0.005148,8.590,6.014,6.033,0.000000
1067.563354,-29.749,-48.061638,0.006103,8.590,5.984,6.003,0.000000
1071.258301,-30.475,-40.987911,0.006636,8.590,5.953,5.972,0.000000
1074.967041,-30.886,-36.178017,0.006959,8.589,5.923,5.942,0.000000
1078.688232,-31.589,-30.664646,0.007547,8.589,5.892,5.911,0.000000
1082.422241,-31.755,-20.702505,0.007694,8.589,5.861,5.880,0.000000
1086.168579,-30.838,-10.347680,0.006925,8.589,5.830,5.850,0.000000
1089.929077,-29.636,-2.975748,0.006031,8.589,5.799,5.818,0.000000
1093.701416,-28.197,1.613749,0.005110,8.589,5.768,5.787,0.000000
1097.487427,-26.789,1.096391,0.004347,8.589,5.736,5.756,0.000000
1101.286499,-25.890,-3.792992,0.003920,8.589,5.705,5.725,0.000000
1105.098755,-25.302,-8.217683,0.003664,8.589,5.674,5.693,0.000000
1108.924194,-24.480,-13.664854,0.003334,8.589,5.642,5.662,0.000000
1112.762817,-23.907,-25.571194,0.003122,8.589,5.610,5.630,0.000000
1116.614746,-23.743,-37.828754,0.003063,8.589,5.578,5.598,0.000000
1120.480103,-24.068,-50.508991,0.003181,8.588,5.546,5.567,0.000000
1124.358765,-24.818,-61.811771,0.003468,8.588,5.514,5.535,0.000000
1128.250854,-25.711,-71.959229,0.003845,8.588,5.482,5.502,0.000000
1132.156372,-26.598,-82.898476,0.004259,8.588,5.450,5.470,0.000000
1136.075562,-27.503,-97.285660,0.004727,8.588,5.418,5.438,0.000000
1140.007568,-28.703,-111.225243,0.005429,8.588,5.385,5.406,0.000000
1143.953857,-30.135,-120.889854,0.006404,8.588,5.353,5.373,0.000000
1147.913818,-31.672,-130.601410,0.007646,8.588,5.320,5.340,0.000000
1151.887451,-32.954,-151.880615,0.008865,8.588,5.287,5.308,0.000000
1155.874878,-33.321,55.191467,0.009250,8.588,5.254,5.275,0.000000
1159.876099,-33.026,49.456085,0.008945,8.588,5.221,5.242,0.000000
1163.891113,-32.593,44.483418,0.008513,8.587,5.188,5.209,0.000000
1167.920044,-31.817,34.315048,0.007788,8.587,5.154,5.175,0.000000
1171.962891,-31.083,22.148468,0.007158,8.587,5.121,5.142,0.000000
1176.019775,-30.528,13.907903,0.006716,8.587,5.088,5.109,0.000000
1180.090698,-30.047,7.305249,0.006356,8.587,5.054,5.075,0.000000
1184.175781,-29.794,-0.139798,0.006174,8.587,5.020,5.041,0.000000
1188.274902,-29.930,-10.121096,0.006272,8.587,4.986,5.008,0.000000
1192.388306,-30.707,-11.854624,0.006860,8.587,4.952,4.974,0.000000
1196.515259,-31.288,-8.240362,0.007337,8.587,4.918,4.940,0.000000
1200.657227,-31.581,0.134889,0.007591,8.587,4.884,4.905,0.000000
1204.813965,-30.838,12.663596,0.006972,8.587,4.850,4.871,0.000000
1208.984009,-29.485,21.707979,0.005968,8.586,4.815,4.837,0.000000
1213.169067,-28.252,25.866522,0.005180,8.586,4.781,4.802,0.000000
1217.368530,-27.512,29.861654,0.004758,8.586,4.746,4.768,0.000000
1221.582642,-26.651,35.861012,0.004311,8.586,4.711,4.733,0.000000
1225.811279,-25.212,35.379868,0.003654,8.586,4.676,4.698,0.000000
1230.054565,-23.742,28.281116,0.003085,8.586,4.641,4.663,0.000000
1234.311890,-22.267,17.970350,0.002604,8.586,4.606,4.628,0.000000
1238.585205,-21.534,4.693267,0.002394,8.586,4.571,4.593,0.000000
1242.872803,-21.521,-8.000604,0.002390,8.586,4.535,4.557,0.000000
1247.175049,-21.972,-17.754385,0.002518,8.586,4.500,4.522,0.000000
1251.492310,-22.320,-23.039902,0.002622,8.585,4.464,4.486,0.000000
1255.823975,-22.523,-28.686449,0.002684,8.585,4.428,4.450,0.000000
1260.171753,-22.880,-33.988911,0.002797,8.585,4.392,4.415,0.000000
1264.533325,-23.442,-38.261841,0.002985,8.585,4.356,4.379,0.000000
1268.911255,-24.370,-40.982307,0.003322,8.585,4.320,4.343,0.000000
1273.303101,-25.258,-41.383350,0.003680,8.585,4.284,4.306,0.000000
1277.710815,-25.712,-40.815208,0.003878,8.585,4.247,4.270,0.000000
1282.133789,-25.691,-40.395679,0.003869,8.585,4.211,4.234,0.000000
1286.572021,-25.635,-42.848289,0.003845,8.585,4.174,4.197,0.000000
1291.025024,-25.757,-43.916252,0.003900,8.585,4.137,4.160,0.000000
1295.494751,-25.519,-44.332596,0.003795,8.584,4.100,4.123,0.000000
1299.979248,-24.869,-46.996567,0.003522,8.584,4.063,4.086,0.000000
1304.479248,-24.328,-52.757721,0.003310,8.584,4.026,4.049,0.000000
1308.994873,-24.023,-60.143478,0.003197,8.584,3.989,4.012,0.000000
1313.525513,-24.060,-69.339989,0.003211,8.584,3.951,3.975,0.000000
1318.072998,-24.604,-78.693901,0.003419,8.584,3.914,3.937,0.000000
1322.635010,-25.088,-80.718796,0.003616,8.584,3.876,3.900,0.000000
1327.214111,-25.123,-86.679047,0.003631,8.584,3.838,3.862,0.000000
1331.807739,-25.357,-97.139435,0.003730,8.584,3.800,3.824,0.000000
1336.417969,-26.022,-109.565987,0.004028,8.584,3.762,3.786,0.000000
1341.044189,-27.369,-123.182594,0.004704,8.583,3.724,3.748,0.000000
1345.686401,-29.251,-133.606766,0.005842,8.583,3.686,3.709,0.000000
1350.344604,-30.849,-140.439560,0.007022,8.583,3.647,3.671,0.000000
1355.018921,-31.107,-146.997849,0.007234,8.583,3.609,3.632,0.000000
1359.709595,-30.403,-163.920532,0.006671,8.583,3.570,3.594,0.000000
1364.416382,-30.323,173.796494,0.006610,8.583,3.531,3.555,0.000000
1369.139404,-30.449,149.808304,0.006706,8.583,3.492,3.516,0.000000
1373.878174,-30.774,125.708778,0.006962,8.583,3.453,3.477,0.000000
1378.634644,-30.920,114.415443,0.007080,8.583,3.413,3.438,0.000000
1383.406372,-30.443,125.282417,0.006702,8.582,3.374,3.398,0.000000
1388.195801,-29.416,117.992378,0.005954,8.582,3.334,3.359,0.000000
1393.000610,-28.219,96.830917,0.005188,8.582,3.295,3.319,0.000000
1397.822632,-27.379,78.526627,0.004710,8.582,3.255,3.280,0.000000
1402.661377,-26.901,69.469345,0.004457,8.582,3.215,3.240,0.000000
1407.516846,-26.225,67.737823,0.004123,8.582,3.175,3.200,0.000000
1412.389771,-25.467,67.507133,0.003778,8.582,3.134,3.159,0.000000
1417.278198,-25.160,64.485573,0.003646,8.582,3.094,3.119,0.000000
1422.184326,-25.374,55.152809,0.003736,8.582,3.054,3.079,0.000000
1427.107300,-25.321,46.964149,0.003713,8.581,3.013,3.038,0.000000
1432.047485,-25.505,34.858833,0.003792,8.581,2.972,2.997,0.000000
1437.004639,-26.283,27.928682,0.004147,8.581,2.931,2.956,0.000000
1441.979004,-26.567,25.717028,0.004284,8.581,2.890,2.915,0.000000
1446.969849,-26.416,21.550270,0.004210,8.581,2.849,2.874,0.000000
1451.979492,-26.776,15.517342,0.004389,8.581,2.807,2.833,0.000000
1457.005005,-27.507,14.074524,0.004774,8.581,2.766,2.791,0.000000
1462.048584,-27.411,20.891918,0.004721,8.581,2.724,2.750,0.000000
1467.109619,-26.977,13.943676,0.004491,8.581,2.682,2.708,0.000000
1472.188110,-27.438,6.104017,0.004736,8.580,2.640,2.666,0.000000
1477.285034,-28.097,4.350840,0.005108,8.580,2.598,2.624,0.000000
1482.398071,-27.850,8.410362,0.004964,8.580,2.556,2.582,0.000000
1487.529541,-27.377,13.574535,0.004700,8.580,2.514,2.540,0.000000
1492.678833,-26.670,21.285465,0.004332,8.580,2.471,2.497,0.000000
1497.845947,-25.570,28.077702,0.003816,8.580,2.428,2.455,0.000000
1503.030884,-24.432,26.905680,0.003347,8.580,2.385,2.412,0.000000
1508.233765,-23.887,24.561947,0.003143,8.580,2.342,2.369,0.000000
1513.453979,-23.356,27.754675,0.002956,8.580,2.299,2.326,0.000000
1518.693726,-22.398,29.630756,0.002647,8.579,2.256,2.283,0.000000
1523.950195,-21.528,20.050455,0.002394,8.579,2.213,2.239,0.000000
1529.226196,-21.142,10.496040,0.002290,8.579,2.169,2.196,0.000000
1534.519775,-21.017,2.816238,0.002257,8.579,2.125,2.152,0.000000
1539.831055,-20.876,-4.676361,0.002220,8.579,2.081,2.108,0.000000
1545.161987,-21.057,-12.273714,0.002267,8.579,2.037,2.065,0.000000
1550.510010,-21.490,-16.989491,0.002383,8.579,1.993,2.020,0.000000
1555.877319,-21.485,-19.539242,0.002381,8.579,1.949,1.976,0.000000
1561.263184,-21.258,-24.725084,0.002320,8.578,1.904,1.932,0.000000
1566.667725,-21.233,-31.963713,0.002313,8.578,1.860,1.887,0.000000
1572.090820,-21.507,-39.456013,0.002387,8.578,1.815,1.842,0.000000
1577.532837,-21.944,-47.510555,0.002510,8.578,1.770,1.798,0.000000
1582.992920,-22.840,-54.630619,0.002782,8.578,1.725,1.753,0.000000
1588.473389,-23.684,-55.798882,0.003066,8.578,1.679,1.707,0.000000
1593.971313,-23.742,-57.146164,0.003086,8.578,1.634,1.662,0.000000
1599.489746,-23.785,-64.896156,0.003101,8.578,1.588,1.617,0.000000
1605.026611,-24.832,-74.845848,0.003497,8.577,1.543,1.571,0.000000
1610.581787,-26.405,-74.556091,0.004191,8.577,1.497,1.525,0.000000
1616.157837,-27.377,-71.177071,0.004687,8.577,1.451,1.479,0.000000
1621.751587,-27.903,-69.882545,0.004979,8.577,1.405,1.433,0.000000
1627.366211,-27.766,-69.321266,0.004902,8.577,1.358,1.387,0.000000
1632.998779,-27.035,-75.350128,0.004506,8.577,1.312,1.340,0.000000
1638.651611,-27.040,-87.583282,0.004509,8.577,1.265,1.294,0.000000
1644.323975,-27.761,-97.899414,0.004899,8.577,1.218,1.247,0.000000
1650.015991,-28.436,-85.629799,0.005295,8.576,1.171,1.200,0.000000
1655.726929,-28.121,-88.181656,0.005107,8.576,1.124,1.153,0.000000
1661.459229,-27.910,-120.168198,0.004985,8.576,1.076,1.106,0.000000
1667.209717,-27.956,-155.474365,0.005012,8.576,1.029,1.058,0.000000
1672.981812,-28.319,146.482559,0.005227,8.576,0.981,1.010,0.000000
1678.772949,-28.642,86.940186,0.005427,8.576,0.933,0.963,0.000000
1684.583496,-28.653,47.894997,0.005434,8.576,0.885,0.915,0.000000
1690.415649,-28.057,14.263162,0.005075,8.576,0.837,0.867,0.000000
1696.266357,-27.275,-18.187645,0.004637,8.575,0.789,0.818,0.000000
1702.139038,-26.975,-2.138648,0.004480,8.575,0.740,0.770,0.000000
1708.030396,-27.127,47.517483,0.004559,8.575,0.692,0.721,0.000000
1713.942871,-27.240,46.542091,0.004619,8.575,0.643,0.673,0.000000
1719.875977,-27.260,68.524330,0.004629,8.575,0.594,0.624,0.000000
1725.829468,-27.276,87.701065,0.004638,8.575,0.545,0.575,0.000000
1731.802856,-27.422,97.923744,0.004717,8.575,0.495,0.525,0.000000
1737.798462,-27.181,97.199135,0.004589,8.574,0.446,0.476,0.000000
1743.814087,-26.552,85.508430,0.004269,8.574,0.396,0.426,0.000000
1749.850464,-25.789,70.286797,0.003911,8.574,0.346,0.377,0.000000
1755.907837,-24.794,56.673054,0.003488,8.574,0.296,0.327,0.000000
1761.985229,-23.842,43.742065,0.003126,8.574,0.246,0.277,0.000000
1768.085449,-23.300,30.975574,0.002938,8.574,0.195,0.226,0.000000
1774.204956,-22.980,18.670319,0.002832,8.574,0.145,0.176,0.000000
1780.347412,-22.676,5.891436,0.002735,8.573,0.094,0.125,0.000000
1786.509521,-22.801,-7.842629,0.002775,8.573,0.043,0.074,0.000000
1792.693726,-23.340,-20.038740,0.002953,8.573,-0.008,0.023,0.000000
1798.899292,-24.180,-31.540655,0.003254,8.573,-0.059,-0.028,0.000000
1805.126465,-25.183,-35.112965,0.003653,8.573,-0.111,-0.079,0.000000
1811.375122,-26.181,-36.853035,0.004098,8.573,-0.162,-0.131,0.000000
1817.645386,-27.032,-39.933716,0.004521,8.573,-0.214,-0.182,0.000000
1823.937378,-27.901,-44.902790,0.004997,8.572,-0.266,-0.234,0.000000
1830.251099,-28.868,-46.910732,0.005587,8.572,-0.318,-0.286,0.000000
1836.586792,-29.236,-49.219822,0.005830,8.572,-0.371,-0.339,0.000000
1842.943481,-29.592,-56.758156,0.006075,8.572,-0.423,-0.391,0.000000
1849.323853,-30.063,-62.968914,0.006414,8.572,-0.476,-0.444,0.000000
1855.724609,-29.416,-74.886444,0.005955,8.572,-0.529,-0.496,0.000000
1862.149292,-29.199,-85.797722,0.005809,8.572,-0.582,-0.549,0.000000
1868.594482,-29.651,-88.828972,0.006120,8.571,-0.635,-0.603,0.000000
1875.062866,-29.476,-61.284916,0.005999,8.571,-0.689,-0.656,0.000000
1881.553589,-29.138,-15.914351,0.005772,8.571,-0.742,-0.709,0.000000
1888.066772,-29.571,-24.839827,0.006067,8.571,-0.796,-0.763,0.000000
1894.603516,-30.433,25.266876,0.006701,8.571,-0.850,-0.817,0.000000
1901.161011,-30.747,58.596771,0.006950,8.571,-0.904,-0.871,0.000000
1907.742065,-31.114,62.548882,0.007251,8.571,-0.959,-0.925,0.000000
1914.345947,-31.329,58.307655,0.007433,8.570,-1.013,-0.980,0.000000
1920.972656,-30.976,76.623878,0.007139,8.570,-1.068,-1.035,0.000000
1927.622314,-29.820,84.228775,0.006250,8.570,-1.123,-1.089,0.000000
1934.295044,-29.346,86.241112,0.005919,8.570,-1.178,-1.144,0.000000
1940.989868,-29.198,81.237633,0.005821,8.570,-1.233,-1.200,0.000000
1947.709717,-29.057,76.904655,0.005729,8.570,-1.289,-1.255,0.000000
1954.451050,-28.144,72.027313,0.005159,8.570,-1.345,-1.311,0.000000
1961.216675,-26.964,65.868248,0.004505,8.569,-1.400,-1.366,0.000000
1968.005615,-26.267,57.339520,0.004159,8.569,-1.457,-1.422,0.000000
1974.818115,-25.859,50.072914,0.003970,8.569,-1.513,-1.479,0.000000
1981.655151,-25.917,46.966248,0.003998,8.569,-1.569,-1.535,0.000000
1988.513916,-25.259,47.676277,0.003707,8.569,-1.626,-1.591,0.000000
1995.397339,-24.038,48.830856,0.003221,8.569,-1.683,-1.648,0.000000
2002.304688,-22.566,44.755650,0.002720,8.568,-1.727,-1.692,0.000000
2009.235840,-21.941,33.716042,0.002531,8.568,-1.746,-1.711,0.000000
2016.191040,-21.573,24.136442,0.002427,8.568,-1.765,-1.729,0.000000
2023.170288,-21.250,14.718325,0.002338,8.567,-1.783,-1.748,0.000000
2030.172852,-21.298,4.993994,0.002352,8.567,-1.802,-1.767,0.000000
2037.201416,-21.184,-6.925943,0.002322,8.567,-1.821,-1.786,0.000000
2044.252441,-21.855,-21.564865,0.002509,8.566,-1.840,-1.804,0.000000
2051.329834,-22.884,-23.123013,0.002826,8.566,-1.859,-1.823,0.000000
2058.430908,-24.353,-23.130690,0.003348,8.566,-1.879,-1.842,0.000000
2065.555420,-25.301,-17.376934,0.003735,8.565,-1.898,-1.861,0.000000
2072.706543,-25.654,-15.316204,0.003891,8.565,-1.917,-1.881,0.000000
2079.880371,-26.622,-13.575470,0.004352,8.565,-1.936,-1.900,0.000000
2087.080078,-26.584,-8.443633,0.004333,8.564,-1.956,-1.919,0.000000
2094.304932,-27.015,-9.481088,0.004555,8.564,-1.975,-1.938,0.000000
2101.554443,-27.185,-0.635268,0.004645,8.564,-1.995,-1.958,0.000000
2108.829346,-26.197,-3.876829,0.004146,8.563,-2.015,-1.977,0.000000
2116.129150,-25.702,-10.396303,0.003917,8.563,-2.034,-1.997,0.000000
2123.453369,-25.455,-16.945534,0.003808,8.563,-2.054,-2.016,0.000000
2130.804932,-25.152,-23.513306,0.003679,8.562,-2.074,-2.036,0.000000
2138.180176,-24.399,-31.840733,0.003375,8.562,-2.094,-2.056,0.000000
2145.582520,-24.196,-44.038532,0.003298,8.562,-2.114,-2.075,0.000000
2153.009766,-24.370,-53.381134,0.003366,8.561,-2.134,-2.095,0.000000
2160.461670,-24.267,-72.106819,0.003327,8.561,-2.154,-2.115,0.000000
2167.941406,-24.310,-97.902397,0.003345,8.561,-2.174,-2.135,0.000000
2175.445068,-24.198,-124.912582,0.003303,8.560,-2.194,-2.155,0.000000
2182.976562,-24.005,-168.180984,0.003231,8.560,-2.215,-2.175,0.000000
2190.532227,-24.431,151.552795,0.003394,8.559,-2.235,-2.195,0.000000
2198.114990,-25.556,113.331772,0.003864,8.559,-2.255,-2.216,0.000000
2205.723877,-26.146,86.301941,0.004137,8.559,-2.276,-2.236,0.000000
2213.359375,-26.651,63.104725,0.004385,8.558,-2.297,-2.256,0.000000
2221.020020,-26.785,44.138660,0.004453,8.558,-2.317,-2.277,0.000000
2228.709473,-27.445,36.003250,0.004806,8.558,-2.338,-2.298,0.000000
2236.423340,-28.503,26.548584,0.005431,8.557,-2.359,-2.318,0.000000
2244.166016,-29.726,26.666801,0.006254,8.557,-2.380,-2.339,0.000000
2251.934570,-29.365,37.629028,0.006001,8.557,-2.401,-2.360,0.000000
2259.728760,-27.419,43.128212,0.004799,8.556,-2.422,-2.380,0.000000
2267.552002,-26.154,44.739597,0.004150,8.556,-2.443,-2.401,0.000000
2275.400391,-24.875,48.191319,0.003583,8.555,-2.464,-2.422,0.000000
2283.278076,-23.589,49.417114,0.003090,8.555,-2.485,-2.443,0.000000
2291.180908,-22.664,45.670734,0.002779,8.555,-2.507,-2.464,0.000000
2299.112061,-22.233,41.781464,0.002645,8.554,-2.528,-2.486,0.000000
2307.070557,-21.423,35.649235,0.002409,8.554,-2.549,-2.507,0.000000
2315.056885,-21.172,22.926439,0.002341,8.554,-2.571,-2.528,0.000000
2323.069580,-21.495,11.698628,0.002430,8.553,-2.593,-2.550,0.000000
2331.112305,-22.167,5.097841,0.002626,8.553,-2.614,-2.571,0.000000
2339.181641,-22.728,2.384447,0.002802,8.552,-2.636,-2.593,0.000000
2347.279053,-23.277,-0.570206,0.002986,8.552,-2.658,-2.614,0.000000
2355.404297,-23.669,-0.276968,0.003125,8.552,-2.680,-2.636,0.000000
2363.556885,-23.346,-1.137099,0.003012,8.551,-2.702,-2.658,0.000000
2371.739746,-23.126,-3.206240,0.002938,8.551,-2.724,-2.680,0.000000
2379.948486,-22.795,-6.852469,0.002829,8.551,-2.746,-2.702,0.000000
2388.188232,-22.701,-9.685154,0.002800,8.550,-2.768,-2.724,0.000000
2396.454102,-22.375,-13.909373,0.002697,8.550,-2.791,-2.746,0.000000
2404.749512,-22.165,-20.387251,0.002633,8.549,-2.813,-2.768,0.000000
2413.073975,-22.025,-26.903048,0.002591,8.549,-2.835,-2.790,0.000000
2421.427002,-21.706,-36.726921,0.002498,8.549,-2.858,-2.813,0.000000
2429.809082,-22.037,-48.793640,0.002596,8.548,-2.881,-2.835,0.000000
2438.220215,-23.041,-59.100559,0.002914,8.548,-2.903,-2.858,0.000000
2446.660400,-24.358,-62.487850,0.003392,8.547,-2.926,-2.880,0.000000
2455.129883,-25.147,-57.573875,0.003716,8.547,-2.949,-2.903,0.000000
2463.628418,-26.200,-51.878269,0.004196,8.547,-2.972,-2.925,0.000000
2472.155518,-26.171,-39.505436,0.004184,8.546,-2.995,-2.948,0.000000
2480.714355,-26.071,-40.768333,0.004138,8.546,-3.018,-2.971,0.000000
2489.300293,-26.917,-47.700645,0.004562,8.545,-3.041,-2.994,0.000000
2497.918701,-27.807,-39.040897,0.005056,8.545,-3.064,-3.017,0.000000
2506.564209,-27.467,-5.657185,0.004863,8.545,-3.088,-3.040,0.000000
2515.240967,-26.941,1.860470,0.004579,8.544,-3.111,-3.063,0.000000
2523.947754,-26.392,-15.960526,0.004298,8.544,-3.135,-3.087,0.000000
2532.684814,-25.587,-21.285254,0.003919,8.543,-3.158,-3.110,0.000000
2541.453125,-25.201,-12.093431,0.003749,8.543,-3.182,-3.133,0.000000
2550.249512,-25.289,53.626728,0.003788,8.542,-3.206,-3.157,0.000000
2559.077393,-24.687,62.744110,0.003535,8.542,-3.229,-3.181,0.000000
2567.936035,-23.690,47.932568,0.003152,8.542,-3.253,-3.204,0.000000
2576.825195,-22.612,31.138296,0.002785,8.541,-3.277,-3.228,0.000000
2585.745117,-21.868,21.311020,0.002557,8.541,-3.301,-3.252,0.000000
2594.696045,-21.796,16.699303,0.002536,8.540,-3.326,-3.276,0.000000
2603.676514,-22.075,12.437398,0.002619,8.540,-3.350,-3.300,0.000000
2612.690918,-22.447,3.475785,0.002734,8.539,-3.374,-3.324,0.000000
2621.733643,-22.980,-5.260617,0.002908,8.539,-3.398,-3.348,0.000000
2630.809082,-23.406,-8.797983,0.003055,8.539,-3.423,-3.372,0.000000
2639.916016,-23.796,-11.928373,0.003196,8.538,-3.448,-3.397,0.000000
2649.054443,-24.085,-14.509982,0.003306,8.538,-3.472,-3.421,0.000000
2658.225586,-23.838,-16.953747,0.003214,8.537,-3.497,-3.446,0.000000
2667.426025,-23.697,-20.359653,0.003164,8.537,-3.522,-3.470,0.000000
2676.659668,-23.665,-26.584330,0.003153,8.536,-3.547,-3.495,0.000000
2685.925293,-23.687,-35.542091,0.003162,8.536,-3.572,-3.520,0.000000
2695.222900,-24.084,-47.234890,0.003310,8.536,-3.597,-3.544,0.000000
2704.552734,-24.106,-48.090839,0.003319,8.535,-3.622,-3.569,0.000000
2713.914795,-24.396,-51.965351,0.003433,8.535,-3.647,-3.594,0.000000
2723.308105,-25.446,-56.657581,0.003874,8.534,-3.673,-3.620,0.000000
2732.736572,-26.356,-50.781261,0.004303,8.534,-3.698,-3.645,0.000000
2742.194824,-27.387,-38.860275,0.004846,8.533,-3.723,-3.670,0.000000
2751.688477,-27.244,-27.278591,0.004768,8.533,-3.749,-3.695,0.000000
2761.212646,-26.957,-21.627399,0.004615,8.532,-3.775,-3.721,0.000000
2770.770752,-27.163,-13.766524,0.004727,8.532,-3.801,-3.746,0.000000
2780.363525,-26.856,-13.642957,0.004565,8.532,-3.826,-3.772,0.000000
2789.986816,-26.656,-14.900231,0.004463,8.531,-3.852,-3.798,0.000000
2799.644531,-25.979,-13.241789,0.004129,8.531,-3.878,-3.824,0.000000
2809.335938,-25.525,-19.840286,0.003920,8.530,-3.905,-3.849,0.000000
2819.060791,-24.902,-26.073109,0.003649,8.530,-3.931,-3.875,0.000000
2828.819336,-25.082,-29.340542,0.003727,8.529,-3.957,-3.902,0.000000
2838.611572,-25.070,-23.794834,0.003722,8.529,-3.984,-3.928,0.000000
2848.436279,-24.378,-24.399078,0.003437,8.528,-4.010,-3.954,0.000000
2858.297852,-23.981,-38.437740,0.003285,8.528,-4.037,-3.980,0.000000
2868.190918,-24.683,-40.348644,0.003562,8.527,-4.063,-4.007,0.000000
2878.120850,-25.327,-44.052406,0.003837,8.527,-4.090,-4.033,0.000000
2888.083740,-25.668,-46.018856,0.003992,8.526,-4.117,-4.060,0.000000
2898.079834,-26.894,-48.387051,0.004598,8.526,-4.144,-4.087,0.000000
2908.113281,-27.233,-47.084949,0.004783,8.526,-4.171,-4.114,0.000000
2918.178711,-27.490,-56.881920,0.004928,8.525,-4.198,-4.140,0.000000
2928.281738,-28.748,-53.978008,0.005698,8.525,-4.226,-4.167,0.000000
2938.416748,-30.002,-34.384605,0.006586,8.524,-4.253,-4.194,0.000000
2948.588379,-29.700,-27.892122,0.006363,8.524,-4.280,-4.222,0.000000
2958.795410,-29.951,-29.331762,0.006552,8.523,-4.308,-4.249,0.000000
2969.037598,-29.938,-23.179974,0.006544,8.523,-4.336,-4.276,0.000000
2979.313965,-30.605,-26.310091,0.007069,8.522,-4.363,-4.304,0.000000
2989.629883,-31.189,0.485384,0.007563,8.522,-4.391,-4.331,0.000000
2999.974609,-30.512,8.566692,0.006998,8.521,-4.419,-4.359,0.000000
3010.360840,-30.162,4.646944,0.006725,8.521,-4.447,-4.387,0.000000
3020.782959,-29.712,4.710357,0.006387,8.520,-4.475,-4.415,0.000000
3031.238281,-29.488,10.243490,0.006227,8.520,-4.503,-4.443,0.000000
3041.732666,-28.165,21.930803,0.005349,8.519,-4.532,-4.471,0.000000
3052.260498,-26.266,25.299841,0.004300,8.519,-4.560,-4.499,0.000000
3062.827881,-24.634,26.861696,0.003565,8.518,-4.589,-4.527,0.000000
3073.428711,-23.469,15.713546,0.003118,8.518,-4.617,-4.555,0.000000
3084.066162,-23.518,3.617707,0.003137,8.517,-4.646,-4.584,0.000000
3094.743652,-23.323,4.360087,0.003068,8.517,-4.675,-4.612,0.000000
3105.457764,-22.730,-1.641766,0.002867,8.516,-4.704,-4.641,0.000000
3116.206299,-22.457,-8.643915,0.002779,8.516,-4.733,-4.670,0.000000
3126.991943,-22.050,-14.718806,0.002653,8.515,-4.762,-4.699,0.000000
3137.817871,-22.078,-22.009336,0.002662,8.515,-4.791,-4.727,0.000000
3148.681152,-22.120,-26.601448,0.002676,8.514,-4.820,-4.757,0.000000
3159.579346,-21.857,-31.362108,0.002597,8.514,-4.850,-4.786,0.000000
3170.515137,-21.349,-34.494774,0.002450,8.513,-4.879,-4.815,0.000000
3181.491699,-21.077,-45.737446,0.002376,8.513,-4.909,-4.844,0.000000
3192.503174,-20.960,-58.990894,0.002345,8.512,-4.938,-4.874,0.000000
3203.555908,-21.249,-71.243744,0.002425,8.512,-4.968,-4.903,0.000000
3214.644043,-21.913,-81.782684,0.002619,8.511,-4.998,-4.933,0.000000
3225.773438,-23.128,-87.560257,0.003013,8.510,-5.028,-4.963,0.000000
3236.938232,-24.304,-91.977356,0.003451,8.510,-5.058,-4.992,0.000000
3248.141602,-25.922,-99.007050,0.004159,8.509,-5.089,-5.022,0.000000
3259.386963,-27.790,-106.105400,0.005158,8.509,-5.119,-5.052,0.000000
3270.671387,-28.465,-110.282227,0.005577,8.508,-5.149,-5.083,0.000000
3281.991699,-29.142,-97.130074,0.006031,8.508,-5.180,-5.113,0.000000
3293.351074,-30.634,-60.425877,0.007164,8.507,-5.211,-5.143,0.000000
3304.752930,-29.942,-34.277546,0.006618,8.507,-5.241,-5.174,0.000000
3316.194336,-29.154,-30.628382,0.006046,8.506,-5.272,-5.204,0.000000
3327.672119,-29.222,-7.942534,0.006095,8.506,-5.303,-5.235,0.000000
3339.189697,-28.616,25.152740,0.005687,8.505,-5.334,-5.266,0.000000
3350.750244,-27.090,29.074512,0.004772,8.505,-5.365,-5.297,0.000000
3362.347656,-26.616,15.411274,0.004520,8.504,-5.397,-5.328,0.000000
3373.985107,-26.351,2.762420,0.004386,8.503,-5.428,-5.359,0.000000
3385.666260,-25.734,-2.777054,0.004086,8.503,-5.460,-5.390,0.000000
3397.387695,-25.184,-16.365587,0.003837,8.502,-5.491,-5.421,0.000000
3409.146484,-25.312,-26.818283,0.003895,8.502,-5.523,-5.453,0.000000
3420.946045,-24.956,-26.162506,0.003740,8.501,-5.555,-5.484,0.000000
3432.789795,-24.527,-40.588211,0.003561,8.501,-5.587,-5.516,0.000000
3444.674316,-25.499,-50.053333,0.003984,8.500,-5.619,-5.548,0.000000
3456.596924,-25.935,-53.241489,0.004190,8.500,-5.651,-5.580,0.000000
3468.560547,-25.603,-63.943851,0.004034,8.499,-5.683,-5.612,0.000000
3480.569092,-25.368,-76.151283,0.003927,8.498,-5.716,-5.644,0.000000
3492.615723,-25.501,-76.954124,0.003988,8.498,-5.748,-5.676,0.000000
3504.707520,-25.480,-48.127224,0.003980,8.497,-5.781,-5.708,0.000000
3516.837891,-25.389,-18.005522,0.003939,8.497,-5.814,-5.741,0.000000
3529.013428,-25.744,-3.171066,0.004104,8.496,-5.846,-5.773,0.000000
3541.228027,-25.867,24.146217,0.004163,8.496,-5.879,-5.806,0.000000
3553.484619,-25.598,24.242142,0.004037,8.495,-5.912,-5.839,0.000000
3565.787109,-26.328,27.427746,0.004391,8.494,-5.946,-5.871,0.000000
3578.132080,-27.395,19.547974,0.004966,8.494,-5.979,-5.904,0.000000
3590.516602,-27.714,13.041845,0.005153,8.493,-6.012,-5.938,0.000000
3602.943848,-26.728,5.164857,0.004601,8.493,-6.046,-5.971,0.000000
3615.417480,-26.083,-1.031033,0.004272,8.492,-6.080,-6.004,0.000000
3627.934570,-25.895,-7.991588,0.004181,8.491,-6.113,-6.038,0.000000
3640.491211,-25.170,-17.337975,0.003847,8.491,-6.147,-6.071,0.000000
3653.091553,-25.696,-26.296659,0.004088,8.490,-6.181,-6.105,0.000000
3665.739014,-25.939,-24.170612,0.004205,8.490,-6.215,-6.139,0.000000
3678.426514,-25.641,-25.099596,0.004064,8.489,-6.250,-6.172,0.000000
3691.161621,-25.041,-37.614651,0.003793,8.488,-6.284,-6.207,0.000000
3703.937256,-25.628,-52.904388,0.004059,8.488,-6.318,-6.241,0.000000
3716.760498,-26.200,-64.632751,0.004335,8.487,-6.353,-6.275,0.000000
3729.628418,-26.977,-66.832535,0.004741,8.487,-6.388,-6.309,0.000000
3742.533447,-27.934,-67.114174,0.005293,8.486,-6.423,-6.344,0.000000
3755.490479,-28.321,-26.232567,0.005535,8.485,-6.457,-6.378,0.000000
3768.492432,-27.890,-21.464470,0.005267,8.485,-6.493,-6.413,0.000000
3781.535645,-28.441,-3.147101,0.005612,8.484,-6.528,-6.448,0.000000
3794.624023,-29.654,33.636726,0.006452,8.484,-6.563,-6.483,0.000000
3807.761475,-30.016,48.363232,0.006726,8.483,-6.598,-6.518,0.000000
3820.940674,-30.392,44.703236,0.007022,8.482,-6.634,-6.553,0.000000
3834.169189,-30.037,38.807652,0.006739,8.482,-6.670,-6.589,0.000000
3847.439697,-28.412,32.607162,0.005588,8.481,-6.706,-6.624,0.000000
3860.760010,-27.065,24.931881,0.004785,8.480,-6.741,-6.660,0.000000
3874.126221,-26.575,17.652954,0.004522,8.480,-6.778,-6.696,0.000000
3887.531494,-25.772,15.029319,0.004122,8.479,-6.814,-6.731,0.000000
3900.990479,-24.443,10.544411,0.003536,8.479,-6.850,-6.767,0.000000
3914.496094,-23.247,-0.788671,0.003081,8.478,-6.886,-6.803,0.000000
3928.048340,-22.799,-12.680367,0.002925,8.477,-6.923,-6.840,0.000000
3941.640137,-22.334,-22.373985,0.002773,8.477,-6.960,-6.876,0.000000
3955.286377,-21.995,-36.052090,0.002666,8.476,-6.997,-6.913,0.000000
3968.979980,-21.952,-50.854389,0.002652,8.475,-7.033,-6.949,0.000000
3982.717285,-22.047,-63.832481,0.002681,8.475,-7.071,-6.986,0.000000
3996.501953,-22.564,-74.627609,0.002845,8.474,-7.108,-7.023,0.000000
4010.338135,-23.332,-98.554626,0.003107,8.474,-7.121,-7.036,0.000000
4024.218506,-24.593,-124.453247,0.003592,8.474,-7.127,-7.041,0.000000
4038.150879,-25.624,-152.841965,0.004044,8.474,-7.132,-7.047,0.000000
4052.127441,-25.513,177.708969,0.003992,8.474,-7.138,-7.052,0.000000
4066.156250,-26.088,149.782440,0.004265,8.474,-7.143,-7.058,0.000000
4080.233643,-26.919,118.692284,0.004691,8.474,-7.149,-7.063,0.000000
4094.352051,-27.773,81.848976,0.005174,8.474,-7.155,-7.069,0.000000
4108.526855,-27.458,63.207451,0.004988,8.474,-7.160,-7.074,0.000000
4122.750977,-27.032,48.438553,0.004748,8.474,-7.166,-7.080,0.000000
4137.020508,-25.986,33.316101,0.004208,8.474,-7.171,-7.085,0.000000
4151.339355,-25.000,18.046318,0.003755,8.474,-7.177,-7.091,0.000000
4165.711914,-24.480,2.485154,0.003536,8.474,-7.183,-7.096,0.000000
4180.133789,-24.731,-12.188188,0.003638,8.474,-7.188,-7.102,0.000000
4194.601562,-24.925,-24.891972,0.003719,8.473,-7.194,-7.108,0.000000
4209.120117,-24.775,-40.805313,0.003654,8.473,-7.200,-7.113,0.000000
4223.692383,-24.973,-61.906986,0.003737,8.473,-7.206,-7.119,0.000000
4238.314941,-24.358,-90.791199,0.003480,8.473,-7.212,-7.125,0.000000
4252.980469,-23.904,-109.085953,0.003302,8.473,-7.217,-7.130,0.000000
4267.704590,-24.142,-122.731094,0.003392,8.473,-7.223,-7.136,0.000000
4282.479980,-24.683,137.179581,0.003608,8.473,-7.229,-7.142,0.000000
4297.306152,-24.667,59.569447,0.003599,8.473,-7.235,-7.147,0.000000
4312.175781,-24.477,51.811794,0.003520,8.473,-7.241,-7.153,0.000000
4327.104980,-24.178,41.520016,0.003399,8.473,-7.247,-7.159,0.000000
4342.085449,-23.574,22.409016,0.003169,8.473,-7.253,-7.165,0.000000
4357.114258,-23.803,9.483796,0.003252,8.473,-7.259,-7.171,0.000000
4372.194824,-24.176,-2.691880,0.003393,8.473,-7.264,-7.176,0.000000
4387.331543,-24.425,-15.225522,0.003490,8.473,-7.270,-7.182,0.000000
4402.520996,-24.603,-27.235683,0.003560,8.473,-7.277,-7.188,0.000000
4417.758789,-24.959,-41.204117,0.003707,8.473,-7.283,-7.194,0.000000
4433.049316,-25.750,-48.759769,0.004058,8.473,-7.289,-7.200,0.000000
4448.396973,-26.133,-65.550583,0.004239,8.473,-7.295,-7.206,0.000000
4463.797852,-27.556,-77.851379,0.004991,8.473,-7.301,-7.212,0.000000
4479.243164,-27.750,-102.269386,0.005101,8.473,-7.307,-7.218,0.000000
4494.750977,-27.915,-128.207214,0.005197,8.473,-7.313,-7.224,0.000000
4510.312012,-28.810,-155.288681,0.005758,8.473,-7.319,-7.230,0.000000
4525.922852,-29.608,127.174637,0.006309,8.473,-7.325,-7.236,0.000000
4541.587891,-29.477,91.218071,0.006211,8.473,-7.332,-7.242,0.000000
4557.311035,-29.122,61.718563,0.005959,8.473,-7.338,-7.248,0.000000
4573.088867,-29.179,66.960648,0.005995,8.473,-7.344,-7.254,0.000000
4588.916992,-27.869,54.547306,0.005153,8.473,-7.350,-7.261,0.000000
4604.799805,-27.392,41.445213,0.004875,8.473,-7.357,-7.267,0.000000
4620.742188,-27.109,33.704803,0.004717,8.473,-7.363,-7.273,0.000000
4636.739746,-27.371,31.419792,0.004858,8.473,-7.369,-7.279,0.000000
4652.788086,-26.709,35.615299,0.004500,8.473,-7.376,-7.285,0.000000
4668.892090,-26.390,25.912462,0.004335,8.473,-7.382,-7.292,0.000000
4685.056152,-25.672,25.518660,0.003990,8.473,-7.388,-7.298,0.000000
4701.276367,-24.507,16.711586,0.003488,8.473,-7.395,-7.304,0.000000
4717.543457,-25.023,6.648520,0.003700,8.473,-7.401,-7.310,0.000000
4733.875977,-24.872,1.198711,0.003635,8.473,-7.408,-7.317,0.000000
4750.265137,-24.736,-12.343645,0.003577,8.473,-7.414,-7.323,0.000000
4766.706543,-25.016,-10.925701,0.003693,8.472,-7.421,-7.330,0.000000
4783.209473,-25.222,-14.206895,0.003780,8.472,-7.427,-7.336,0.000000
4799.764648,-25.482,-20.186579,0.003893,8.472,-7.434,-7.342,0.000000
4816.381836,-26.049,-32.114273,0.004154,8.472,-7.440,-7.349,0.000000
4833.052246,-27.302,-18.644123,0.004796,8.472,-7.447,-7.355,0.000000
4849.779785,-27.702,14.643698,0.005019,8.472,-7.454,-7.362,0.000000
4866.570312,-27.694,20.597225,0.005012,8.472,-7.460,-7.368,0.000000
4883.418945,-27.967,47.817184,0.005169,8.472,-7.467,-7.375,0.000000
4900.316406,-27.650,39.738979,0.004982,8.472,-7.474,-7.381,0.000000
4917.281738,-26.725,29.630814,0.004477,8.472,-7.480,-7.388,0.000000
4934.305664,-26.893,25.665321,0.004563,8.472,-7.487,-7.395,0.000000
4951.388672,-27.301,22.343681,0.004781,8.472,-7.494,-7.401,0.000000
4968.521484,-27.303,18.698221,0.004780,8.472,-7.501,-7.408,0.000000
4985.723145,-26.832,15.481869,0.004526,8.472,-7.507,-7.415,0.000000
5002.984375,-26.935,7.659093,0.004579,8.472,-7.514,-7.421,0.000000
5020.300293,-26.897,1.071182,0.004557,8.472,-7.521,-7.428,0.000000
5037.681152,-27.550,2.853646,0.004911,8.472,-7.528,-7.435,0.000000
5055.117188,-27.693,2.410609,0.004992,8.472,-7.535,-7.441,0.000000
5072.618164,-27.871,6.269033,0.005093,8.472,-7.542,-7.448,0.000000
5090.175293,-27.210,11.446143,0.004718,8.472,-7.549,-7.455,0.000000
5107.792969,-25.867,4.510016,0.004041,8.472,-7.556,-7.462,0.000000
5125.477051,-25.923,-5.764491,0.004066,8.472,-7.563,-7.469,0.000000
5143.221680,-25.887,-12.757062,0.004047,8.472,-7.570,-7.476,0.000000
5161.018066,-25.885,-20.882938,0.004045,8.472,-7.577,-7.483,0.000000
5178.886230,-25.566,-29.824791,0.003898,8.472,-7.584,-7.489,0.000000
5196.815918,-25.876,-29.490072,0.004038,8.472,-7.591,-7.496,0.000000
5214.802734,-26.354,-26.590977,0.004265,8.472,-7.598,-7.503,0.000000
5232.856934,-26.911,-34.238338,0.004546,8.472,-7.605,-7.510,0.000000
5250.968750,-28.360,-41.144970,0.005370,8.472,-7.612,-7.517,0.000000
5269.147949,-28.319,-20.221083,0.005345,8.472,-7.620,-7.525,0.000000
5287.385254,-28.037,-2.073152,0.005174,8.472,-7.627,-7.532,0.000000
5305.685547,-28.736,25.403139,0.005608,8.472,-7.634,-7.539,0.000000
5324.054199,-29.159,36.860912,0.005888,8.472,-7.641,-7.546,0.000000
5342.486816,-29.612,35.117653,0.006204,8.472,-7.649,-7.553,0.000000
5360.978027,-28.600,45.046894,0.005521,8.471,-7.656,-7.560,0.000000
5379.532715,-26.374,46.898308,0.004272,8.471,-7.663,-7.567,0.000000
5398.157227,-24.873,42.730755,0.003594,8.471,-7.671,-7.575,0.000000
5416.846191,-23.779,27.421246,0.003168,8.471,-7.678,-7.582,0.000000
5435.594727,-24.210,18.597792,0.003329,8.471,-7.685,-7.589,0.000000
5454.408203,-23.626,14.568851,0.003111,8.471,-7.693,-7.596,0.000000
5473.291992,-23.444,1.769753,0.003046,8.471,-7.700,-7.604,0.000000
5492.235352,-23.227,-11.741649,0.002971,8.471,-7.708,-7.611,0.000000
5511.250000,-23.336,-25.145931,0.003009,8.471,-7.715,-7.618,0.000000
5530.325195,-24.432,-33.660522,0.003414,8.471,-7.723,-7.626,0.000000
5549.472168,-25.695,-42.977131,0.003949,8.471,-7.730,-7.633,0.000000
5568.679199,-27.482,-49.925987,0.004853,8.471,-7.738,-7.641,0.000000
5587.953613,-28.699,-48.675068,0.005583,8.471,-7.746,-7.648,0.000000
5607.299316,-29.557,-45.722919,0.006164,8.471,-7.753,-7.656,0.000000
5626.712402,-28.370,-1.629212,0.005377,8.471,-7.761,-7.663,0.000000
5646.181641,-28.088,31.391184,0.005205,8.471,-7.769,-7.671,0.000000
5665.729492,-28.414,37.582214,0.005404,8.471,-7.777,-7.678,0.000000
5685.344727,-27.500,42.076824,0.004864,8.471,-7.784,-7.686,0.000000
5705.027832,-26.146,42.183304,0.004162,8.471,-7.792,-7.694,0.000000
5724.773926,-25.326,33.865170,0.003787,8.471,-7.800,-7.701,0.000000
5744.587891,-24.588,20.652962,0.003479,8.471,-7.808,-7.709,0.000000
5764.476562,-24.298,6.878495,0.003365,8.471,-7.816,-7.717,0.000000
5784.428223,-24.178,6.573332,0.003319,8.471,-7.823,-7.724,0.000000
5804.448730,-23.751,0.913053,0.003161,8.471,-7.831,-7.732,0.000000
5824.544434,-23.978,-9.438455,0.003245,8.471,-7.839,-7.740,0.000000
5844.709473,-24.061,-19.596977,0.003277,8.471,-7.847,-7.748,0.000000
5864.938965,-24.996,-23.172571,0.003650,8.471,-7.855,-7.756,0.000000
5885.238281,-25.808,-27.362997,0.004008,8.471,-7.863,-7.764,0.000000
5905.613281,-26.769,-26.678631,0.004477,8.471,-7.871,-7.772,0.000000
5926.059082,-27.392,-20.891565,0.004810,8.471,-7.880,-7.779,0.000000
5946.570312,-28.488,-20.095829,0.005456,8.470,-7.888,-7.787,0.000000
5967.151855,-30.091,-19.869419,0.006563,8.470,-7.896,-7.795,0.000000
5987.811035,-30.897,-14.729743,0.007201,8.470,-7.904,-7.803,0.000000
6008.535645,-31.307,-20.020481,0.007548,8.470,-7.912,-7.811,0.000000
6029.337402,-30.845,-21.240005,0.007158,8.470,-7.920,-7.820,0.000000
6050.206055,-29.874,-10.260849,0.006401,8.470,-7.929,-7.828,0.000000
6071.152344,-29.775,1.904063,0.006328,8.470,-7.937,-7.836,0.000000
6092.165527,-28.912,18.598660,0.005729,8.470,-7.945,-7.844,0.000000
6113.251465,-27.623,10.038870,0.004939,8.470,-7.954,-7.852,0.000000
6134.416016,-27.305,3.974449,0.004762,8.470,-7.962,-7.860,0.000000
6155.653809,-27.280,19.267466,0.004748,8.470,-7.970,-7.869,0.000000
6176.959473,-26.561,33.453716,0.004370,8.470,-7.979,-7.877,0.000000
6198.338867,-25.702,34.900734,0.003958,8.470,-7.987,-7.885,0.000000
6219.797852,-24.817,23.845943,0.003574,8.470,-7.996,-7.893,0.000000
6241.331543,-23.936,18.298805,0.003229,8.470,-8.004,-7.902,0.000000
6262.933594,-23.450,2.082390,0.003052,8.470,-8.013,-7.910,0.000000
6284.610352,-23.214,-10.280446,0.002970,8.470,-8.021,-7.919,0.000000
6306.368652,-23.226,10.438450,0.002974,8.470,-8.030,-7.927,0.000000
6328.195801,-23.139,6.971540,0.002944,8.470,-8.039,-7.935,0.000000
6350.104492,-23.518,-3.633902,0.003074,8.470,-8.047,-7.944,0.000000
6372.083008,-23.596,-14.731316,0.003102,8.470,-8.056,-7.953,0.000000
6394.143555,-25.066,-28.984903,0.003673,8.470,-8.065,-7.961,0.000000
6416.274902,-26.813,-33.169056,0.004490,8.470,-8.074,-7.970,0.000000
6438.482422,-28.196,-10.598825,0.005265,8.470,-8.082,-7.978,0.000000
6460.772949,-28.462,33.562195,0.005427,8.470,-8.091,-7.987,0.000000
6483.140625,-28.416,14.245156,0.005396,8.470,-8.100,-7.996,0.000000
6505.580078,-28.277,-5.143523,0.005309,8.470,-8.109,-8.004,0.000000
6528.096680,-27.862,-17.411732,0.005059,8.469,-8.118,-8.013,0.000000
6550.697266,-28.375,-39.222527,0.005365,8.469,-8.127,-8.022,0.000000
6573.370605,-28.144,-20.743933,0.005222,8.469,-8.136,-8.031,0.000000
6596.127930,-27.324,2.583316,0.004750,8.469,-8.145,-8.039,0.000000
6618.958008,-26.824,17.513075,0.004483,8.469,-8.154,-8.048,0.000000
6641.873535,-26.564,9.076970,0.004349,8.469,-8.163,-8.057,0.000000
6664.861816,-27.041,18.252668,0.004593,8.469,-8.172,-8.066,0.000000
6687.930176,-26.489,16.607719,0.004309,8.469,-8.181,-8.075,0.000000
6711.084473,-26.776,15.199584,0.004452,8.469,-8.190,-8.084,0.000000
6734.318848,-26.734,11.409373,0.004429,8.469,-8.199,-8.093,0.000000
6757.633301,-26.861,11.204836,0.004493,8.469,-8.209,-8.102,0.000000
6781.016113,-27.054,-11.335852,0.004593,8.469,-8.218,-8.111,0.000000
6804.492676,-27.064,-5.844520,0.004596,8.469,-8.227,-8.120,0.000000
6828.050293,-27.501,-28.765093,0.004831,8.469,-8.237,-8.129,0.000000
6851.683105,-26.647,-30.713413,0.004378,8.469,-8.246,-8.139,0.000000
6875.397949,-26.933,30.167906,0.004523,8.469,-8.255,-8.148,0.000000
6899.201172,-26.613,60.352901,0.004358,8.469,-8.265,-8.157,0.000000
6923.080078,-26.468,51.698112,0.004284,8.469,-8.274,-8.166,0.000000
6947.048828,-26.046,37.385712,0.004079,8.469,-8.284,-8.176,0.000000
6971.093262,-25.739,35.107758,0.003935,8.469,-8.293,-8.185,0.000000
6995.228027,-25.915,21.055485,0.004013,8.469,-8.303,-8.194,0.000000
7019.446289,-25.742,13.376226,0.003932,8.469,-8.312,-8.204,0.000000
7043.734863,-26.574,1.342925,0.004325,8.469,-8.322,-8.213,0.000000
7068.120605,-27.522,-2.577228,0.004821,8.469,-8.332,-8.223,0.000000
7092.591309,-28.159,-16.104666,0.005185,8.468,-8.341,-8.232,0.000000
7117.139648,-29.035,-17.846592,0.005733,8.468,-8.351,-8.242,0.000000
7141.772949,-29.355,-12.341026,0.005945,8.468,-8.361,-8.251,0.000000
7166.498535,-28.776,0.148984,0.005559,8.468,-8.371,-8.261,0.000000
7191.309570,-28.999,21.063536,0.005700,8.468,-8.380,-8.270,0.000000
7216.199707,-28.493,31.070702,0.005375,8.468,-8.390,-8.280,0.000000
7241.176270,-28.422,31.670019,0.005329,8.468,-8.400,-8.290,0.000000
7266.245605,-28.704,24.585194,0.005502,8.468,-8.410,-8.299,0.000000
7291.402344,-28.964,37.844322,0.005666,8.468,-8.420,-8.309,0.000000
7316.631836,-28.079,26.283236,0.005114,8.468,-8.430,-8.319,0.000000
7341.962402,-28.188,15.744056,0.005176,8.468,-8.440,-8.329,0.000000
7367.381348,-28.054,15.539988,0.005094,8.468,-8.450,-8.339,0.000000
7392.887695,-27.975,12.745570,0.005045,8.468,-8.460,-8.349,0.000000
7418.468262,-27.986,19.163477,0.005049,8.468,-8.470,-8.359,0.000000
7444.151855,-26.914,24.095795,0.004461,8.468,-8.480,-8.369,0.000000
7469.924316,-26.109,14.704659,0.004064,8.468,-8.491,-8.379,0.000000
7495.778809,-25.768,12.367904,0.003905,8.468,-8.501,-8.389,0.000000
7521.722656,-25.421,-3.508209,0.003750,8.468,-8.511,-8.399,0.000000
7547.763672,-25.568,19.502729,0.003812,8.468,-8.521,-8.409,0.000000
7573.887207,-26.043,12.510167,0.004025,8.468,-8.532,-8.419,0.000000
7600.108887,-26.899,1.837688,0.004438,8.468,-8.542,-8.429,0.000000
7626.414062,-26.958,-4.374138,0.004466,8.468,-8.553,-8.439,0.000000
7652.817383,-28.057,-16.855637,0.005065,8.468,-8.563,-8.450,0.000000
7679.312012,-29.007,4.082880,0.005646,8.467,-8.574,-8.460,0.000000
7705.883789,-29.211,25.722208,0.005776,8.467,-8.584,-8.470,0.000000
7732.562500,-29.108,62.834869,0.005704,8.467,-8.595,-8.480,0.000000
7759.333008,-27.301,46.729675,0.004630,8.467,-8.605,-8.491,0.000000
7786.189453,-26.535,32.634098,0.004237,8.467,-8.616,-8.501,0.000000
7813.138672,-26.413,24.101564,0.004176,8.467,-8.627,-8.512,0.000000
7840.188477,-26.157,17.778355,0.004052,8.467,-8.637,-8.522,0.000000
7867.331543,-25.638,17.084349,0.003815,8.467,-8.648,-8.533,0.000000
7894.561523,-25.815,13.254729,0.003892,8.467,-8.659,-8.543,0.000000
7921.885742,-25.655,19.891056,0.003819,8.467,-8.670,-8.554,0.000000
7949.312012,-25.691,11.720290,0.003832,8.467,-8.680,-8.565,0.000000
7976.833496,-27.096,0.873255,0.004502,8.467,-8.691,-8.575,0.000000
8004.442383,-28.412,4.836737,0.005235,8.467,-8.701,-8.584,0.000000
8032.146973,-28.557,6.187866,0.005319,8.467,-8.701,-8.585,0.000000
8059.955078,-28.906,7.523396,0.005534,8.467,-8.702,-8.586,0.000000
8087.859375,-29.275,11.457054,0.005770,8.467,-8.703,-8.587,0.000000
8115.844727,-28.887,18.549118,0.005514,8.467,-8.704,-8.588,0.000000
8143.942383,-28.273,17.725962,0.005134,8.467,-8.705,-8.589,0.000000
8172.137695,-27.812,15.988480,0.004864,8.467,-8.706,-8.589,0.000000
8200.422852,-27.021,15.141974,0.004437,8.467,-8.707,-8.590,0.000000
8228.805664,-26.049,7.982963,0.003963,8.467,-8.708,-8.591,0.000000
8257.293945,-26.422,5.595302,0.004134,8.467,-8.708,-8.592,0.000000
8285.881836,-26.589,8.847129,0.004211,8.467,-8.709,-8.593,0.000000
8314.560547,-26.518,13.134815,0.004173,8.467,-8.710,-8.594,0.000000
8343.337891,-27.176,0.836352,0.004496,8.467,-8.711,-8.595,0.000000
8372.223633,-27.619,-3.000928,0.004727,8.467,-8.712,-8.595,0.000000
8401.208984,-27.517,31.325552,0.004667,8.467,-8.713,-8.596,0.000000
8430.278320,-26.891,84.043259,0.004338,8.467,-8.714,-8.597,0.000000
8459.464844,-26.939,75.697830,0.004357,8.467,-8.715,-8.598,0.000000
8488.752930,-26.624,57.250225,0.004198,8.467,-8.716,-8.599,0.000000
8518.141602,-26.127,48.992367,0.003960,8.467,-8.716,-8.600,0.000000
8547.616211,-26.074,44.465843,0.003930,8.467,-8.717,-8.601,0.000000
8577.208008,-25.877,36.927643,0.003837,8.467,-8.718,-8.602,0.000000
8606.903320,-25.318,24.213486,0.003593,8.467,-8.719,-8.602,0.000000
8636.693359,-24.941,7.450088,0.003435,8.467,-8.720,-8.603,0.000000
8666.594727,-25.226,-6.121236,0.003545,8.467,-8.721,-8.604,0.000000
8696.590820,-26.617,-2.707350,0.004155,8.467,-8.722,-8.605,0.000000
8726.699219,-26.319,7.121258,0.004009,8.467,-8.723,-8.606,0.000000
8756.903320,-26.630,13.696104,0.004149,8.467,-8.724,-8.607,0.000000
8787.211914,-26.048,29.022505,0.003874,8.467,-8.725,-8.608,0.000000
8817.634766,-25.433,35.058083,0.003603,8.467,-8.726,-8.609,0.000000
8848.162109,-25.514,36.986584,0.003631,8.467,-8.727,-8.610,0.000000
8878.778320,-25.894,46.127293,0.003788,8.467,-8.728,-8.611,0.000000
8909.517578,-26.961,51.135490,0.004276,8.467,-8.729,-8.612,0.000000
8940.363281,-27.398,37.067776,0.004489,8.467,-8.729,-8.612,0.000000
8971.306641,-27.400,35.241322,0.004483,8.467,-8.730,-8.613,0.000000
9002.366211,-27.000,27.505167,0.004274,8.467,-8.731,-8.614,0.000000
9033.524414,-26.622,17.103830,0.004085,8.467,-8.732,-8.615,0.000000
9064.799805,-26.843,3.265026,0.004183,8.467,-8.733,-8.616,0.000000
9096.173828,-27.522,2.576933,0.004515,8.467,-8.734,-8.617,0.000000
9127.657227,-28.148,-4.674687,0.004843,8.467,-8.735,-8.618,0.000000
9159.257812,-27.829,16.923574,0.004658,8.467,-8.736,-8.619,0.000000
9190.967773,-27.788,25.584297,0.004626,8.467,-8.737,-8.620,0.000000
9222.770508,-26.827,37.257973,0.004132,8.467,-8.738,-8.621,0.000000
9254.701172,-26.231,35.334499,0.003849,8.467,-8.739,-8.622,0.000000
9286.741211,-25.524,27.229263,0.003541,8.467,-8.740,-8.623,0.000000
9318.892578,-25.521,33.183144,0.003531,8.467,-8.741,-8.624,0.000000
9351.137695,-25.725,13.695839,0.003607,8.467,-8.742,-8.625,0.000000
9383.512695,-25.432,10.260906,0.003479,8.467,-8.743,-8.626,0.000000
9415.999023,-25.304,31.969927,0.003420,8.467,-8.744,-8.627,0.000000
9448.588867,-25.357,52.787395,0.003432,8.467,-8.745,-8.628,0.000000
9481.300781,-25.669,32.472084,0.003550,8.467,-8.746,-8.629,0.000000
9514.117188,-27.000,21.636509,0.004127,8.467,-8.747,-8.630,0.000000
9547.055664,-28.159,76.612038,0.004705,8.467,-8.748,-8.631,0.000000
9580.099609,-29.000,74.313072,0.005170,8.467,-8.749,-8.632,0.000000
9613.257812,-28.382,67.680222,0.004803,8.467,-8.750,-8.633,0.000000
9646.540039,-28.546,59.933521,0.004882,8.467,-8.751,-8.634,0.000000
9679.936523,-28.422,48.392700,0.004800,8.466,-8.752,-8.635,0.000000
9713.431641,-27.523,37.574188,0.004317,8.466,-8.753,-8.636,0.000000
9747.060547,-27.591,26.624025,0.004340,8.466,-8.754,-8.637,0.000000
9780.805664,-27.615,18.679510,0.004340,8.466,-8.755,-8.638,0.000000
9814.658203,-27.938,9.941099,0.004492,8.466,-8.756,-8.639,0.000000
9848.637695,-28.643,-1.998187,0.004858,8.466,-8.757,-8.640,0.000000
9882.724609,-28.903,-7.058413,0.004993,8.466,-8.759,-8.641,0.000000
9916.939453,-28.938,7.107727,0.004999,8.466,-8.760,-8.642,0.000000
9951.263672,-28.831,5.531651,0.004924,8.466,-8.761,-8.643,0.000000
9985.706055,-28.722,3.523378,0.004849,8.466,-8.762,-8.644,0.000000
10020.278320,-29.680,6.332881,0.005399,8.466,-8.763,-8.645,0.000000
10054.968750,-30.076,9.278569,0.005634,8.466,-8.764,-8.646,0.000000
10089.770508,-29.882,21.072149,0.005494,8.466,-8.765,-8.647,0.000000
10124.692383,-29.605,24.811962,0.005306,8.466,-8.766,-8.648,0.000000
10159.745117,-29.349,19.516865,0.005137,8.466,-8.767,-8.649,0.000000
10194.918945,-29.259,15.520056,0.005069,8.466,-8.768,-8.650,0.000000
10230.205078,-30.253,14.528705,0.005666,8.466,-8.769,-8.651,0.000000
10265.613281,-31.115,22.610336,0.006241,8.466,-8.770,-8.652,0.000000
10301.154297,-31.150,39.126011,0.006249,8.466,-8.771,-8.653,0.000000
10336.807617,-30.065,42.028824,0.005500,8.466,-8.773,-8.654,0.000000
10372.594727,-29.789,31.205379,0.005313,8.466,-8.774,-8.655,0.000000
10408.496094,-29.677,24.474480,0.005230,8.466,-8.775,-8.657,0.000000
10444.531250,-29.081,39.083466,0.004870,8.466,-8.776,-8.658,0.000000
10480.680664,-29.094,43.217812,0.004864,8.466,-8.777,-8.659,0.000000
10516.956055,-28.703,36.883080,0.004637,8.466,-8.778,-8.660,0.000000
10553.367188,-28.218,21.180296,0.004373,8.466,-8.779,-8.661,0.000000
10589.903320,-28.294,-2.035202,0.004400,8.466,-8.780,-8.662,0.000000
10626.546875,-28.648,-18.005558,0.004570,8.466,-8.781,-8.663,0.000000
10663.336914,-28.552,12.112373,0.004507,8.466,-8.783,-8.664,0.000000
10700.253906,-28.625,56.587051,0.004533,8.466,-8.784,-8.665,0.000000
10737.299805,-28.506,50.463840,0.004459,8.466,-8.785,-8.666,0.000000
10774.462891,-28.812,44.766319,0.004606,8.466,-8.786,-8.668,0.000000
10811.754883,-28.686,35.688736,0.004528,8.466,-8.787,-8.669,0.000000
10849.185547,-29.184,35.183186,0.004781,8.466,-8.788,-8.670,0.000000
10886.736328,-28.468,57.019405,0.004391,8.466,-8.790,-8.671,0.000000
10924.427734,-27.907,49.908791,0.004105,8.466,-8.791,-8.672,0.000000
10962.238281,-27.909,31.318043,0.004095,8.466,-8.792,-8.673,0.000000
11000.190430,-27.951,26.269840,0.004103,8.466,-8.793,-8.674,0.000000
11038.263672,-27.894,29.763678,0.004066,8.466,-8.794,-8.675,0.000000
11076.468750,-27.700,14.752005,0.003966,8.466,-8.795,-8.677,0.000000
11114.816406,-28.347,15.171666,0.004262,8.466,-8.797,-8.678,0.000000
11153.296875,-28.481,14.301043,0.004317,8.466,-8.798,-8.679,0.000000
11191.900391,-28.741,14.854956,0.004437,8.466,-8.799,-8.680,0.000000
11230.636719,-29.862,18.966661,0.005035,8.466,-8.800,-8.681,0.000000
11269.518555,-30.772,28.671890,0.005578,8.466,-8.801,-8.682,0.000000
11308.523438,-30.823,34.613464,0.005597,8.466,-8.803,-8.684,0.000000
11347.674805,-30.728,20.915071,0.005523,8.466,-8.804,-8.685,0.000000
11386.951172,-32.057,14.693463,0.006420,8.466,-8.805,-8.686,0.000000
11426.373047,-32.318,14.066236,0.006600,8.466,-8.806,-8.687,0.000000
11465.921875,-32.134,24.655046,0.006446,8.466,-8.807,-8.688,0.000000
11505.606445,-32.415,26.127382,0.006642,8.466,-8.809,-8.690,0.000000
11545.440430,-31.575,39.009140,0.006016,8.466,-8.810,-8.691,0.000000
11585.412109,-30.563,39.713017,0.005341,8.466,-8.811,-8.692,0.000000
11625.521484,-29.848,30.597532,0.004907,8.466,-8.812,-8.693,0.000000
11665.748047,-29.462,15.220092,0.004682,8.466,-8.814,-8.694,0.000000
11706.135742,-29.621,39.386509,0.004758,8.466,-8.815,-8.696,0.000000
11746.664062,-28.929,62.335091,0.004383,8.466,-8.816,-8.697,0.000000
11787.320312,-28.781,60.530609,0.004298,8.466,-8.817,-8.698,0.000000
11828.118164,-28.221,49.002750,0.004019,8.466,-8.819,-8.699,0.000000
11869.068359,-28.719,54.505466,0.004245,8.466,-8.820,-8.700,0.000000
11910.148438,-28.825,64.337975,0.004286,8.466,-8.821,-8.702,0.000000
11951.382812,-29.380,78.580139,0.004557,8.466,-8.822,-8.703,0.000000
11992.748047,-29.973,84.798805,0.004866,8.466,-8.824,-8.704,0.000000
12034.268555,-29.631,73.825966,0.004666,8.466,-8.825,-8.705,0.000000
12075.931641,-28.858,54.269424,0.004258,8.466,-8.826,-8.707,0.000000
12117.716797,-29.458,50.436573,0.004551,8.466,-8.827,-8.708,0.000000
12159.669922,-29.844,34.828709,0.004745,8.466,-8.829,-8.709,0.000000
12201.767578,-29.431,37.773781,0.004513,8.466,-8.830,-8.710,0.000000
12243.999023,-29.728,31.895266,0.004659,8.466,-8.831,-8.712,0.000000
12286.377930,-29.394,47.449070,0.004471,8.466,-8.833,-8.713,0.000000
12328.914062,-27.748,44.511967,0.003689,8.466,-8.834,-8.714,0.000000
12371.597656,-26.823,21.415354,0.003308,8.466,-8.835,-8.716,0.000000
12414.417969,-27.775,-12.692627,0.003681,8.466,-8.837,-8.717,0.000000
12457.385742,-27.550,15.431810,0.003577,8.466,-8.838,-8.718,0.000000
12500.514648,-27.458,79.654984,0.003529,8.466,-8.839,-8.719,0.000000
12543.780273,-27.732,62.944370,0.003632,8.466,-8.841,-8.721,0.000000
12587.196289,-27.314,49.002583,0.003452,8.466,-8.842,-8.722,0.000000
12630.774414,-27.757,15.992514,0.003622,8.466,-8.843,-8.723,0.000000
12674.502930,-28.745,3.820026,0.004046,8.466,-8.845,-8.725,0.000000
12718.383789,-29.704,43.994442,0.004504,8.466,-8.846,-8.726,0.000000
12762.391602,-29.607,60.150536,0.004440,8.466,-8.847,-8.727,0.000000
12806.576172,-29.656,55.136364,0.004452,8.466,-8.849,-8.729,0.000000
12850.914062,-29.296,44.196915,0.004258,8.466,-8.850,-8.730,0.000000
12895.392578,-28.453,29.685251,0.003852,8.466,-8.851,-8.731,0.000000
12940.025391,-28.449,14.054349,0.003837,8.466,-8.853,-8.733,0.000000
12984.825195,-28.001,58.064243,0.003631,8.466,-8.854,-8.734,0.000000
13029.767578,-27.630,55.489811,0.003468,8.466,-8.856,-8.735,0.000000
13074.876953,-28.193,46.552559,0.003687,8.466,-8.857,-8.737,0.000000
13120.131836,-28.375,36.146652,0.003752,8.466,-8.858,-8.738,0.000000
13165.554688,-28.497,32.947174,0.003792,8.466,-8.860,-8.739,0.000000
13211.134766,-28.755,16.333998,0.003892,8.466,-8.861,-8.741,0.000000
13256.847656,-29.358,55.835415,0.004157,8.466,-8.863,-8.742,0.000000
13302.744141,-29.565,64.984390,0.004241,8.466,-8.864,-8.743,0.000000
13348.799805,-30.038,53.845776,0.004462,8.466,-8.865,-8.745,0.000000
13395.001953,-30.736,43.340836,0.004817,8.466,-8.867,-8.746,0.000000
13441.363281,-31.363,49.775364,0.005157,8.465,-8.868,-8.748,0.000000
13487.899414,-31.791,52.725063,0.005397,8.465,-8.870,-8.749,0.000000
13534.595703,-31.551,62.511127,0.005228,8.465,-8.871,-8.750,0.000000
13581.440430,-31.446,62.710178,0.005143,8.465,-8.873,-8.752,0.000000
13628.447266,-31.202,52.424164,0.004980,8.465,-8.874,-8.753,0.000000
13675.630859,-32.106,50.861294,0.005502,8.465,-8.876,-8.755,0.000000
13722.976562,-31.914,48.768425,0.005359,8.465,-8.877,-8.756,0.000000
13770.473633,-32.527,58.500450,0.005726,8.465,-8.878,-8.758,0.000000
13818.135742,-31.352,68.625748,0.004979,8.465,-8.880,-8.759,0.000000
13865.975586,-30.491,61.070934,0.004489,8.465,-8.881,-8.760,0.000000
13913.980469,-30.455,48.424412,0.004451,8.465,-8.883,-8.762,0.000000
13962.125977,-31.151,47.023087,0.004801,8.465,-8.884,-8.763,0.000000
14010.463867,-31.974,45.317261,0.005255,8.465,-8.886,-8.765,0.000000
14058.969727,-31.285,50.599899,0.004832,8.465,-8.887,-8.766,0.000000
14107.628906,-30.666,51.587288,0.004479,8.465,-8.889,-8.768,0.000000
14156.458008,-30.292,38.374413,0.004271,8.465,-8.890,-8.769,0.000000
14205.468750,-30.789,20.290113,0.004501,8.465,-8.892,-8.771,0.000000
14254.635742,-31.523,19.344402,0.004874,8.465,-8.893,-8.772,0.000000
14303.986328,-32.162,30.374241,0.005221,8.465,-8.895,-8.774,0.000000
14353.495117,-32.252,42.175266,0.005250,8.465,-8.896,-8.775,0.000000
14403.188477,-31.990,55.141918,0.005070,8.465,-8.898,-8.777,0.000000
14453.052734,-32.207,48.216198,0.005173,8.465,-8.900,-8.778,0.000000
14503.063477,-33.218,48.313625,0.005784,8.465,-8.901,-8.780,0.000000
14553.274414,-33.756,55.058464,0.006123,8.465,-8.903,-8.781,0.000000
14603.659180,-33.350,66.549614,0.005816,8.465,-8.904,-8.783,0.000000
14654.218750,-32.710,61.339558,0.005377,8.465,-8.906,-8.784,0.000000
14704.924805,-31.615,54.289036,0.004717,8.465,-8.907,-8.786,0.000000
14755.834961,-31.374,45.776245,0.004566,8.465,-8.909,-8.787,0.000000
14806.920898,-31.299,34.212666,0.004505,8.465,-8.910,-8.789,0.000000
14858.168945,-31.172,59.596432,0.004418,8.465,-8.912,-8.790,0.000000
14909.609375,-30.428,64.417389,0.004035,8.465,-8.914,-8.792,0.000000
14961.213867,-30.478,48.394203,0.004038,8.465,-8.915,-8.793,0.000000
15013.010742,-30.838,45.450043,0.004188,8.465,-8.917,-8.795,0.000000
15064.973633,-31.074,55.090412,0.004281,8.465,-8.918,-8.796,0.000000
15117.115234,-31.071,62.751541,0.004259,8.465,-8.920,-8.798,0.000000
15169.452148,-31.466,60.396896,0.004434,8.465,-8.922,-8.800,0.000000
15221.969727,-31.483,62.275333,0.004421,8.465,-8.923,-8.801,0.000000
15274.640625,-31.717,51.761517,0.004519,8.465,-8.925,-8.803,0.000000
15327.523438,-31.454,53.898056,0.004363,8.465,-8.927,-8.804,0.000000
15380.588867,-31.773,61.052704,0.004504,8.465,-8.928,-8.806,0.000000
15433.823242,-31.016,63.206993,0.004107,8.465,-8.930,-8.807,0.000000
15487.241211,-30.552,50.095329,0.003874,8.465,-8.931,-8.809,0.000000
15540.859375,-31.114,33.710526,0.004112,8.465,-8.933,-8.811,0.000000
15594.664062,-31.316,58.112362,0.004188,8.465,-8.935,-8.812,0.000000
15648.638672,-30.254,89.924431,0.003688,8.465,-8.936,-8.814,0.000000
15702.800781,-29.430,86.853920,0.003337,8.465,-8.938,-8.816,0.000000
15757.166016,-28.611,67.132309,0.003022,8.465,-8.940,-8.817,0.000000
15811.718750,-28.424,60.995060,0.002943,8.465,-8.941,-8.819,0.000000
15866.429688,-28.651,66.677742,0.003005,8.465,-8.943,-8.820,0.000000
15921.361328,-27.734,65.979889,0.002691,8.465,-8.945,-8.822,0.000000
15976.482422,-27.199,63.210178,0.002518,8.465,-8.947,-8.824,0.000000
16031.793945,-26.797,63.978954,0.002392,8.465,-8.948,-8.825,0.000000
16087.267578,-26.563,68.933762,0.002317,8.465,-8.950,-8.827,0.000000
16142.962891,-26.191,70.990067,0.002208,8.465,-8.952,-8.829,0.000000
16198.851562,-25.975,69.199722,0.002143,8.465,-8.953,-8.830,0.000000
16254.917969,-25.752,69.675980,0.002079,8.465,-8.955,-8.832,0.000000
16311.194336,-25.328,70.138771,0.001970,8.465,-8.957,-8.834,0.000000
16367.649414,-25.612,62.694511,0.002025,8.465,-8.959,-8.836,0.000000
16424.316406,-26.143,79.592674,0.002142,8.465,-8.960,-8.837,0.000000
16481.162109,-26.549,66.514793,0.002233,8.465,-8.962,-8.839,0.000000
16538.205078,-26.800,58.477749,0.002287,8.465,-8.964,-8.841,0.000000
16595.462891,-27.550,62.521690,0.002481,8.465,-8.966,-8.842,0.000000
16652.917969,-27.318,63.120411,0.002404,8.465,-8.967,-8.844,0.000000
16710.539062,-27.999,66.357819,0.002588,8.465,-8.969,-8.846,0.000000
16768.392578,-28.413,58.298943,0.002701,8.465,-8.971,-8.848,0.000000
16826.447266,-28.336,71.678650,0.002664,8.465,-8.973,-8.849,0.000000
16884.685547,-26.786,78.636551,0.002218,8.465,-8.975,-8.851,0.000000
16943.142578,-25.606,80.999199,0.001927,8.465,-8.976,-8.853,0.000000
17001.785156,-24.962,70.359924,0.001780,8.465,-8.978,-8.855,0.000000
17060.646484,-25.081,56.181179,0.001796,8.465,-8.980,-8.856,0.000000
17119.695312,-25.602,47.565899,0.001898,8.465,-8.982,-8.858,0.000000
17178.949219,-24.608,58.645821,0.001684,8.465,-8.984,-8.860,0.000000
17238.423828,-24.522,73.817650,0.001659,8.464,-8.985,-8.862,0.000000
17298.105469,-24.374,53.053322,0.001623,8.464,-8.987,-8.863,0.000000
17357.976562,-24.739,48.479012,0.001684,8.464,-8.989,-8.865,0.000000
17418.054688,-25.043,49.824642,0.001736,8.464,-8.991,-8.867,0.000000
17478.357422,-24.938,55.277534,0.001706,8.464,-8.993,-8.869,0.000000
17538.869141,-24.570,54.477131,0.001628,8.464,-8.995,-8.871,0.000000
17599.556641,-23.757,53.612026,0.001475,8.464,-8.997,-8.873,0.000000
17660.488281,-22.151,58.946526,0.001220,8.464,-8.998,-8.874,0.000000
17721.630859,-20.158,56.178375,0.000966,8.464,-9.000,-8.876,0.000000
17782.968750,-19.575,44.253971,0.000898,8.464,-9.002,-8.878,0.000000
17844.535156,-19.354,49.056301,0.000872,8.464,-9.004,-8.880,0.000000
17906.296875,-18.929,52.256062,0.000826,8.464,-9.006,-8.882,0.000000
17968.291016,-17.891,64.347977,0.000730,8.464,-9.008,-8.884,0.000000
18030.480469,-17.415,62.638275,0.000687,8.464,-9.010,-8.885,0.000000
18092.886719,-17.355,78.748627,0.000679,8.464,-9.012,-8.887,0.000000
18155.525391,-17.093,73.599998,0.000656,8.464,-9.014,-8.889,0.000000
18218.382812,-16.015,70.525063,0.000577,8.464,-9.016,-8.891,0.000000
18281.421875,-16.119,72.308167,0.000581,8.464,-9.018,-8.893,0.000000
18344.712891,-15.811,68.519226,0.000558,8.464,-9.020,-8.895,0.000000
18408.224609,-15.285,74.145752,0.000523,8.464,-9.022,-8.897,0.000000
18471.955078,-13.863,70.702286,0.000442,8.464,-9.023,-8.899,0.000000
18535.888672,-11.839,67.570068,0.000349,8.464,-9.025,-8.901,0.000000
18600.044922,-10.541,68.354141,0.000363,8.464,-9.027,-8.903,0.000000
18664.439453,-9.363,74.392197,0.000259,8.464,-9.029,-8.905,0.000000
18729.041016,-8.664,58.394836,0.000372,8.464,-9.031,-8.906,0.000000
18793.880859,-8.333,65.265045,0.000313,8.464,-9.033,-8.908,0.000000
18858.929688,-7.807,88.056831,0.000467,8.464,-9.035,-8.910,0.000000
18924.220703,-5.708,81.207474,0.000230,8.464,-9.037,-8.912,0.000000
18989.720703,-5.060,58.746891,0.000355,8.464,-9.039,-8.914,0.000000
19055.447266,-5.231,59.629700,0.000309,8.464,-9.041,-8.916,0.000000
19121.417969,-5.009,75.078789,0.000351,8.464,-9.044,-8.918,0.000000
19187.619141,-4.784,60.012169,0.000407,8.464,-9.046,-8.920,0.000000
19254.029297,-4.827,57.628742,0.000464,8.464,-9.048,-8.922,0.000000
19320.669922,-4.276,71.317413,0.000357,8.464,-9.050,-8.924,0.000000
19387.560547,-2.712,71.604378,0.000742,8.464,-9.052,-8.926,0.000000
19454.664062,-2.542,41.539230,0.001019,8.464,-9.054,-8.928,0.000000
19522.017578,-5.428,44.344433,0.001943,8.464,-9.056,-8.930,0.000000
19589.585938,-207.612,0.000000,0.000000,8.464,-9.058,-8.932,0.000000
19657.406250,-207.645,0.000000,0.000000,8.464,-9.060,-8.934,0.000000
19725.443359,-207.678,0.000000,0.000000,8.464,-9.062,-8.936,0.000000
19793.716797,-207.711,0.000000,0.000000,8.464,-9.064,-8.938,0.000000
19862.244141,-207.744,0.000000,0.000000,8.464,-9.066,-8.940,0.000000
19931.009766,-207.777,0.000000,0.000000,8.464,-9.069,-8.943,0.000000
19999.974609,-207.810,0.000000,0.000000,8.464,-9.071,-8.945,0.000000
