frequency_hz,spl_db,phase_deg,thd_percent,rt60_ms,c50_db,c80_db,group_delay_ms
20.000000,-23.085,19.996490,0.002856,10.856,-3.826,-3.781,0.000000
20.069233,-26.301,-39.361626,0.004136,10.856,-3.826,-3.781,0.000000
20.138704,-25.498,-94.700935,0.003772,10.856,-3.826,-3.781,0.000000
20.208418,-25.173,-143.818710,0.003634,10.856,-3.826,-3.781,0.000000
20.278366,-22.917,30.173843,0.002803,10.856,-3.826,-3.781,0.000000
20.348562,-22.941,-94.462631,0.002812,10.856,-3.826,-3.781,0.000000
20.419001,-22.911,-130.040375,0.002802,10.856,-3.826,-3.781,0.000000
20.489683,-22.271,-144.133545,0.002604,10.856,-3.826,-3.781,0.000000
20.560612,-22.257,163.390015,0.002599,10.856,-3.826,-3.781,0.000000
20.631784,-22.097,160.117493,0.002552,10.856,-3.826,-3.781,0.000000
20.703203,-22.999,155.304230,0.002831,10.856,-3.826,-3.781,0.000000
20.774866,-22.586,-161.369446,0.002700,10.856,-3.826,-3.781,0.000000
20.846781,-22.144,-144.981918,0.002566,10.856,-3.826,-3.781,0.000000
20.918943,-22.318,103.216225,0.002618,10.856,-3.826,-3.781,0.000000
20.991358,-22.615,158.171799,0.002709,10.856,-3.826,-3.781,0.000000
21.064020,-23.880,-144.140579,0.003135,10.856,-3.826,-3.781,0.000000
21.136936,-24.198,-174.650391,0.003252,10.856,-3.826,-3.781,0.000000
21.210104,-22.782,-174.686249,0.002763,10.856,-3.826,-3.781,0.000000
21.283520,-23.306,-161.165604,0.002936,10.856,-3.826,-3.781,0.000000
21.357197,-23.656,-132.217697,0.003057,10.856,-3.826,-3.781,0.000000
21.431126,-23.092,-132.790817,0.002865,10.856,-3.826,-3.781,0.000000
21.505312,-22.692,-99.573944,0.002736,10.856,-3.826,-3.781,0.000000
21.579756,-22.493,-103.896187,0.002674,10.856,-3.826,-3.781,0.000000
21.654457,-22.826,-121.984482,0.002779,10.856,-3.826,-3.781,0.000000
21.729416,-22.667,-137.874771,0.002728,10.856,-3.826,-3.781,0.000000
21.804630,-22.916,-114.750610,0.002808,10.856,-3.826,-3.781,0.000000
21.880110,-23.102,-80.810791,0.002868,10.856,-3.826,-3.781,0.000000
21.955851,-23.849,-33.529308,0.003126,10.856,-3.826,-3.781,0.000000
22.031853,-26.596,-66.736382,0.004290,10.856,-3.826,-3.781,0.000000
22.108118,-26.531,-73.249146,0.004259,10.856,-3.826,-3.781,0.000000
22.184649,-26.014,-83.427399,0.004013,10.856,-3.826,-3.781,0.000000
22.261442,-26.276,-76.737915,0.004137,10.856,-3.826,-3.781,0.000000
22.338503,-26.465,177.523514,0.004229,10.856,-3.826,-3.781,0.000000
22.415825,-26.330,-25.492390,0.004164,10.856,-3.826,-3.781,0.000000
22.493420,-27.996,-82.306770,0.005045,10.856,-3.826,-3.781,0.000000
22.571283,-28.090,-95.436867,0.005101,10.856,-3.826,-3.781,0.000000
22.649418,-28.089,-95.436867,0.005101,10.856,-3.826,-3.781,0.000000
22.727821,-28.101,-154.305222,0.005109,10.856,-3.826,-3.781,0.000000
22.806496,-28.240,-146.664749,0.005192,10.856,-3.826,-3.781,0.000000
22.885437,-27.240,-178.822159,0.004629,10.856,-3.826,-3.781,0.000000
22.964659,-28.400,124.940796,0.005291,10.856,-3.826,-3.781,0.000000
23.044153,-28.527,-165.340759,0.005369,10.856,-3.826,-3.781,0.000000
23.123922,-28.752,-151.179001,0.005511,10.856,-3.826,-3.781,0.000000
23.203970,-28.694,-77.912712,0.005476,10.856,-3.826,-3.781,0.000000
23.284292,-30.019,-67.699051,0.006379,10.856,-3.826,-3.781,0.000000
23.364893,-29.341,-44.261974,0.005901,10.856,-3.826,-3.781,0.000000
23.445774,-29.339,-20.469738,0.005901,10.856,-3.826,-3.781,0.000000
23.526928,-29.554,-43.168213,0.006049,10.856,-3.826,-3.781,0.000000
23.608370,-30.015,-27.331833,0.006380,10.856,-3.826,-3.781,0.000000
23.690092,-31.076,-47.788853,0.007208,10.856,-3.826,-3.781,0.000000
23.772099,-31.299,-56.846745,0.007396,10.856,-3.826,-3.781,0.000000
23.854389,-31.812,-68.996010,0.007846,10.856,-3.826,-3.781,0.000000
23.936964,-32.111,-80.938210,0.008120,10.856,-3.826,-3.781,0.000000
24.019825,-31.881,-80.069084,0.007908,10.856,-3.826,-3.781,0.000000
24.102966,-32.705,-87.367371,0.008695,10.856,-3.826,-3.781,0.000000
24.186401,-31.861,-101.634377,0.007892,10.856,-3.826,-3.781,0.000000
24.270124,-32.065,-113.457794,0.008081,10.856,-3.826,-3.781,0.000000
24.354139,-32.332,-128.820206,0.008334,10.856,-3.826,-3.781,0.000000
24.438444,-32.073,-137.112732,0.008091,10.856,-3.826,-3.781,0.000000
24.523041,-31.509,-133.464600,0.007584,10.856,-3.826,-3.781,0.000000
24.607929,-31.231,-126.262115,0.007347,10.856,-3.826,-3.781,0.000000
24.693108,-31.077,-141.934387,0.007218,10.856,-3.826,-3.781,0.000000
24.778585,-30.495,-130.452560,0.006752,10.856,-3.826,-3.781,0.000000
24.864359,-30.455,-142.859100,0.006722,10.856,-3.826,-3.781,0.000000
24.950430,-30.996,-134.236557,0.007155,10.856,-3.826,-3.781,0.000000
25.036798,-30.863,-137.242004,0.007048,10.856,-3.826,-3.781,0.000000
25.123466,-31.095,-120.505379,0.007239,10.856,-3.826,-3.781,0.000000
25.210434,-31.903,-124.060547,0.007947,10.856,-3.826,-3.781,0.000000
25.297697,-31.502,-143.248047,0.007589,10.856,-3.826,-3.781,0.000000
25.385267,-31.711,-140.536087,0.007776,10.856,-3.826,-3.781,0.000000
25.473143,-32.517,-137.995071,0.008533,10.856,-3.826,-3.781,0.000000
25.561321,-33.386,-112.223320,0.009433,10.856,-3.826,-3.781,0.000000
25.649803,-33.377,-94.230003,0.009424,10.856,-3.826,-3.781,0.000000
25.738594,-34.208,-112.701454,0.010373,10.856,-3.826,-3.781,0.000000
25.827690,-34.452,-93.049698,0.010670,10.856,-3.826,-3.781,0.000000
25.917089,-34.506,-86.542877,0.010738,10.856,-3.826,-3.781,0.000000
26.006805,-33.524,-91.209412,0.009592,10.856,-3.826,-3.781,0.000000
26.096830,-33.626,-108.228058,0.009707,10.856,-3.826,-3.781,0.000000
26.187168,-33.646,-103.667389,0.009731,10.856,-3.826,-3.781,0.000000
26.277819,-33.588,-99.930473,0.009668,10.856,-3.826,-3.781,0.000000
26.368782,-33.642,-114.786324,0.009729,10.856,-3.826,-3.781,0.000000
26.460054,-33.280,-125.944138,0.009333,10.856,-3.826,-3.781,0.000000
26.551649,-32.562,-122.677589,0.008593,10.856,-3.826,-3.781,0.000000
26.643560,-32.359,-132.917282,0.008394,10.856,-3.826,-3.781,0.000000
26.735790,-31.990,-135.069504,0.008045,10.856,-3.826,-3.781,0.000000
26.828339,-31.471,-138.889282,0.007579,10.856,-3.826,-3.781,0.000000
26.921207,-30.620,-152.893204,0.006871,10.856,-3.826,-3.781,0.000000
27.014399,-30.954,-162.597290,0.007141,10.856,-3.826,-3.781,0.000000
27.107912,-31.301,-162.409500,0.007433,10.856,-3.826,-3.781,0.000000
27.201744,-31.126,-171.075226,0.007287,10.856,-3.826,-3.781,0.000000
27.295906,-30.966,-176.689743,0.007155,10.856,-3.826,-3.781,0.000000
27.390394,-31.487,177.009903,0.007598,10.856,-3.826,-3.781,0.000000
27.485209,-31.342,-175.505173,0.007473,10.856,-3.826,-3.781,0.000000
27.580351,-30.746,177.683838,0.006979,10.856,-3.826,-3.781,0.000000
27.675825,-31.489,169.194458,0.007604,10.856,-3.826,-3.781,0.000000
27.771622,-31.690,167.673630,0.007783,10.856,-3.826,-3.781,0.000000
27.867756,-32.323,164.638428,0.008373,10.856,-3.826,-3.781,0.000000
27.964224,-31.698,163.061523,0.007793,10.856,-3.826,-3.781,0.000000
28.061024,-31.122,160.752762,0.007294,10.856,-3.826,-3.781,0.000000
28.158161,-30.524,157.609421,0.006809,10.856,-3.826,-3.781,0.000000
28.255634,-29.960,153.806229,0.006383,10.856,-3.826,-3.781,0.000000
28.353443,-29.774,154.648911,0.006249,10.856,-3.826,-3.781,0.000000
28.451593,-29.137,146.877487,0.005808,10.856,-3.826,-3.781,0.000000
28.550081,-29.391,149.834259,0.005981,10.856,-3.826,-3.781,0.000000
28.648903,-28.828,150.286621,0.005607,10.856,-3.826,-3.781,0.000000
28.748075,-28.240,144.444611,0.005241,10.856,-3.826,-3.781,0.000000
28.847589,-28.317,144.471054,0.005289,10.856,-3.826,-3.781,0.000000
28.947449,-27.925,146.681107,0.005056,10.856,-3.826,-3.781,0.000000
29.047655,-26.930,138.444870,0.004509,10.856,-3.826,-3.781,0.000000
29.148207,-27.091,140.946548,0.004593,10.856,-3.826,-3.781,0.000000
29.249100,-26.354,136.704514,0.004219,10.856,-3.826,-3.781,0.000000
29.350348,-26.252,132.547974,0.004170,10.856,-3.826,-3.781,0.000000
29.451948,-25.623,133.968384,0.003879,10.856,-3.826,-3.781,0.000000
29.553900,-25.670,126.079216,0.003900,10.856,-3.826,-3.781,0.000000
29.656204,-25.948,131.117340,0.004027,10.856,-3.826,-3.781,0.000000
29.758862,-25.180,135.305054,0.003687,10.856,-3.826,-3.781,0.000000
29.861876,-23.983,127.975227,0.003213,10.856,-3.826,-3.781,0.000000
29.965246,-23.266,113.225090,0.002959,10.856,-3.826,-3.781,0.000000
30.068968,-23.978,121.364273,0.003212,10.856,-3.826,-3.781,0.000000
30.173054,-22.784,126.881470,0.002800,10.856,-3.826,-3.781,0.000000
30.277502,-21.752,120.823952,0.002487,10.856,-3.826,-3.781,0.000000
30.382311,-20.456,116.795372,0.002142,10.856,-3.826,-3.781,0.000000
30.487482,-19.944,112.224709,0.002020,10.856,-3.826,-3.781,0.000000
30.593019,-20.276,115.945290,0.002099,10.856,-3.826,-3.781,0.000000
30.698914,-19.348,110.166779,0.001887,10.856,-3.826,-3.781,0.000000
30.805182,-18.591,103.649757,0.001730,10.856,-3.826,-3.781,0.000000
30.911816,-18.014,92.329216,0.001619,10.856,-3.826,-3.781,0.000000
31.018822,-17.904,88.346909,0.001599,10.856,-3.826,-3.781,0.000000
31.126196,-16.985,80.474403,0.001438,10.856,-3.826,-3.781,0.000000
31.233944,-17.055,77.070488,0.001450,10.856,-3.826,-3.781,0.000000
31.342064,-16.510,74.412125,0.001362,10.856,-3.826,-3.781,0.000000
31.450558,-16.049,69.271729,0.001292,10.856,-3.826,-3.781,0.000000
31.559420,-15.314,65.536545,0.001188,10.856,-3.826,-3.781,0.000000
31.668667,-15.120,67.718552,0.001162,10.856,-3.826,-3.781,0.000000
31.778292,-13.739,61.448368,0.000991,10.856,-3.826,-3.781,0.000000
31.888296,-12.984,53.804470,0.000909,10.856,-3.826,-3.781,0.000000
31.998680,-12.457,45.600407,0.000855,10.856,-3.826,-3.781,0.000000
32.109447,-12.240,25.484999,0.000834,10.856,-3.826,-3.781,0.000000
32.220600,-12.091,68.411835,0.000820,10.856,-3.826,-3.781,0.000000
32.332127,-11.107,58.266541,0.000732,10.856,-3.826,-3.781,0.000000
32.444046,-10.977,38.889805,0.000722,10.856,-3.826,-3.781,0.000000
32.556355,-11.137,22.387648,0.000735,10.856,-3.826,-3.781,0.000000
32.669052,-11.810,53.352676,0.000794,10.856,-3.826,-3.781,0.000000
32.782143,-11.401,64.246468,0.000758,10.856,-3.826,-3.781,0.000000
32.895622,-11.444,45.302620,0.000762,10.856,-3.826,-3.781,0.000000
33.009491,-11.960,35.479794,0.000808,10.856,-3.826,-3.781,0.000000
33.123760,-13.014,29.607065,0.000913,10.856,-3.826,-3.781,0.000000
33.238411,-13.038,40.667625,0.000915,10.856,-3.826,-3.781,0.000000
33.353470,-12.773,29.034897,0.000888,10.856,-3.826,-3.781,0.000000
33.468929,-13.372,23.271259,0.000951,10.856,-3.826,-3.781,0.000000
33.584785,-13.598,19.947964,0.000976,10.856,-3.826,-3.781,0.000000
33.701042,-13.758,20.711855,0.000995,10.856,-3.826,-3.781,0.000000
33.817696,-13.226,12.456685,0.000936,10.856,-3.826,-3.781,0.000000
33.934757,-13.643,5.358711,0.000982,10.856,-3.826,-3.781,0.000000
34.052227,-13.796,3.723475,0.001000,10.856,-3.826,-3.781,0.000000
34.170105,-13.837,2.841594,0.001005,10.856,-3.826,-3.781,0.000000
34.288387,-13.126,1.370870,0.000926,10.856,-3.826,-3.781,0.000000
34.407082,-13.220,-5.538157,0.000936,10.856,-3.826,-3.781,0.000000
34.526184,-13.458,-7.817232,0.000962,10.856,-3.826,-3.781,0.000000
34.645702,-13.339,-9.586668,0.000949,10.856,-3.826,-3.781,0.000000
34.765621,-13.304,-13.323984,0.000946,10.856,-3.826,-3.781,0.000000
34.885967,-13.157,-15.131583,0.000930,10.856,-3.826,-3.781,0.000000
35.006729,-13.329,-17.959593,0.000949,10.856,-3.826,-3.781,0.000000
35.127911,-12.920,-18.720490,0.000905,10.856,-3.826,-3.781,0.000000
35.249508,-12.871,-22.235323,0.000900,10.856,-3.826,-3.781,0.000000
35.371529,-12.815,-24.329519,0.000895,10.856,-3.826,-3.781,0.000000
35.493965,-12.758,-26.192989,0.000889,10.856,-3.826,-3.781,0.000000
35.616829,-12.650,-28.245052,0.000878,10.856,-3.826,-3.781,0.000000
35.740120,-12.521,-29.559244,0.000865,10.856,-3.826,-3.781,0.000000
35.863842,-12.344,-31.999475,0.000848,10.856,-3.826,-3.781,0.000000
35.987988,-12.174,-32.958302,0.000832,10.856,-3.826,-3.781,0.000000
36.112564,-11.814,-34.912479,0.000798,10.856,-3.826,-3.781,0.000000
36.237572,-11.383,-37.702358,0.000759,10.856,-3.826,-3.781,0.000000
36.363010,-11.350,-39.953018,0.000757,10.856,-3.826,-3.781,0.000000
36.488888,-11.096,-41.593399,0.000735,10.856,-3.826,-3.781,0.000000
36.615189,-10.827,-43.378269,0.000713,10.856,-3.826,-3.781,0.000000
36.741936,-10.396,-45.473076,0.000678,10.856,-3.826,-3.781,0.000000
36.869122,-10.108,-47.087563,0.000656,10.856,-3.826,-3.781,0.000000
36.996750,-9.703,-50.533043,0.000626,10.856,-3.826,-3.781,0.000000
37.124817,-9.465,-53.571617,0.000609,10.856,-3.826,-3.781,0.000000
37.253323,-9.181,-56.833206,0.000590,10.856,-3.826,-3.781,0.000000
37.382278,-8.931,-59.511673,0.000573,10.856,-3.826,-3.781,0.000000
37.511681,-8.723,-61.223080,0.000559,10.856,-3.826,-3.781,0.000000
37.641533,-8.285,-65.430687,0.000532,10.856,-3.826,-3.781,0.000000
37.771832,-8.111,-67.209343,0.000522,10.856,-3.826,-3.781,0.000000
37.902584,-7.675,-72.409836,0.000496,10.856,-3.826,-3.781,0.000000
38.033791,-7.553,-74.820007,0.000489,10.856,-3.826,-3.781,0.000000
38.165447,-7.458,-77.016777,0.000484,10.856,-3.826,-3.781,0.000000
38.297562,-7.173,-81.165680,0.000469,10.856,-3.826,-3.781,0.000000
38.430122,-6.970,-83.496521,0.000458,10.856,-3.826,-3.781,0.000000
38.563152,-6.629,-88.788979,0.000440,10.856,-3.826,-3.781,0.000000
38.696644,-6.494,-91.217339,0.000434,10.856,-3.826,-3.781,0.000000
38.830597,-6.304,-96.291466,0.000424,10.856,-3.826,-3.781,0.000000
38.965015,-6.136,-98.684486,0.000416,10.856,-3.826,-3.781,0.000000
39.099895,-5.979,-102.496964,0.000409,10.856,-3.826,-3.781,0.000000
39.235237,-5.829,-106.347954,0.000402,10.856,-3.826,-3.781,0.000000
39.371052,-5.711,-110.324142,0.000396,10.856,-3.826,-3.781,0.000000
39.507339,-5.547,-113.951553,0.000389,10.856,-3.826,-3.781,0.000000
39.644100,-5.402,-118.085495,0.000383,10.856,-3.826,-3.781,0.000000
39.781334,-5.373,-122.111664,0.000382,10.856,-3.826,-3.781,0.000000
39.919041,-5.292,-125.780785,0.000378,10.856,-3.826,-3.781,0.000000
40.057224,-5.182,-129.579041,0.000373,10.856,-3.826,-3.781,0.000000
40.195889,-5.118,-134.245850,0.000371,10.856,-3.826,-3.781,0.000000
40.335030,-5.050,-138.733521,0.000368,10.856,-3.826,-3.781,0.000000
40.474644,-5.104,-142.819458,0.000370,10.856,-3.826,-3.781,0.000000
40.614754,-5.168,-148.422272,0.000373,10.856,-3.826,-3.781,0.000000
40.755344,-5.199,-151.065689,0.000374,10.856,-3.826,-3.781,0.000000
40.896423,-5.234,-157.218430,0.000376,10.856,-3.826,-3.781,0.000000
41.037983,-5.333,-160.194412,0.000380,10.856,-3.826,-3.781,0.000000
41.180042,-5.533,-165.939636,0.000389,10.856,-3.826,-3.781,0.000000
41.322590,-5.679,-168.716980,0.000396,10.856,-3.826,-3.781,0.000000
41.465633,-6.031,-173.971970,0.000412,10.856,-3.826,-3.781,0.000000
41.609173,-6.326,-176.995956,0.000426,10.856,-3.826,-3.781,0.000000
41.753204,-6.565,179.765167,0.000438,10.856,-3.826,-3.781,0.000000
41.897739,-7.052,176.107422,0.000464,10.856,-3.826,-3.781,0.000000
42.042774,-7.305,174.460587,0.000477,10.856,-3.826,-3.781,0.000000
42.188309,-7.863,172.161224,0.000509,10.856,-3.826,-3.781,0.000000
42.334339,-8.283,171.638382,0.000534,10.856,-3.826,-3.781,0.000000
42.480885,-8.609,170.801804,0.000555,10.856,-3.826,-3.781,0.000000
42.627937,-8.908,171.050690,0.000575,10.856,-3.826,-3.781,0.000000
42.775497,-9.125,171.250229,0.000589,10.856,-3.826,-3.781,0.000000
42.923573,-9.292,171.195633,0.000601,10.856,-3.826,-3.781,0.000000
43.072155,-9.279,171.197830,0.000600,10.856,-3.826,-3.781,0.000000
43.221245,-9.361,171.529465,0.000606,10.856,-3.826,-3.781,0.000000
43.370861,-9.182,171.025314,0.000593,10.856,-3.826,-3.781,0.000000
43.520992,-8.920,170.181702,0.000576,10.856,-3.826,-3.781,0.000000
43.671646,-8.722,169.225388,0.000563,10.856,-3.826,-3.781,0.000000
43.822823,-8.469,167.472687,0.000547,10.856,-3.826,-3.781,0.000000
43.974518,-8.211,165.204315,0.000531,10.856,-3.826,-3.781,0.000000
44.126743,-7.954,163.276627,0.000516,10.856,-3.826,-3.781,0.000000
44.279491,-7.757,160.655670,0.000504,10.856,-3.826,-3.781,0.000000
44.432770,-7.549,157.916916,0.000492,10.856,-3.826,-3.781,0.000000
44.586567,-7.293,154.334076,0.000478,10.856,-3.826,-3.781,0.000000
44.740910,-7.279,152.986755,0.000477,10.856,-3.826,-3.781,0.000000
44.895786,-7.034,149.838852,0.000464,10.856,-3.826,-3.781,0.000000
45.051197,-6.920,146.046265,0.000458,10.856,-3.826,-3.781,0.000000
45.207138,-6.866,144.380707,0.000456,10.856,-3.826,-3.781,0.000000
45.363636,-6.762,141.036789,0.000450,10.856,-3.826,-3.781,0.000000
45.520660,-6.756,137.385513,0.000450,10.856,-3.826,-3.781,0.000000
45.678234,-6.773,134.936325,0.000451,10.856,-3.826,-3.781,0.000000
45.836353,-6.747,132.852112,0.000450,10.856,-3.826,-3.781,0.000000
45.995022,-6.747,129.402100,0.000450,10.856,-3.826,-3.781,0.000000
46.154240,-6.678,127.082535,0.000446,10.856,-3.826,-3.781,0.000000
46.314007,-6.689,123.102249,0.000447,10.856,-3.826,-3.781,0.000000
46.474327,-6.736,120.162468,0.000449,10.856,-3.826,-3.781,0.000000
46.635193,-6.685,117.818466,0.000446,10.856,-3.826,-3.781,0.000000
46.796627,-6.616,115.344284,0.000443,10.856,-3.826,-3.781,0.000000
46.958618,-6.557,111.569778,0.000440,10.856,-3.826,-3.781,0.000000
47.121170,-6.565,107.661156,0.000440,10.856,-3.826,-3.781,0.000000
47.284286,-6.639,105.185699,0.000444,10.856,-3.826,-3.781,0.000000
47.447968,-6.613,102.534470,0.000443,10.856,-3.826,-3.781,0.000000
47.612202,-6.625,98.698326,0.000444,10.856,-3.826,-3.781,0.000000
47.777020,-6.743,95.049973,0.000450,10.856,-3.826,-3.781,0.000000
47.942402,-6.842,91.194763,0.000455,10.856,-3.826,-3.781,0.000000
48.108360,-6.929,88.800224,0.000460,10.856,-3.826,-3.781,0.000000
48.274895,-7.056,85.475937,0.000467,10.856,-3.826,-3.781,0.000000
48.442005,-7.307,82.058838,0.000480,10.856,-3.826,-3.781,0.000000
48.609692,-7.580,79.158340,0.000496,10.856,-3.826,-3.781,0.000000
48.777958,-7.746,76.156204,0.000505,10.856,-3.826,-3.781,0.000000
48.946812,-8.014,73.894608,0.000521,10.856,-3.826,-3.781,0.000000
49.116234,-8.338,71.017372,0.000541,10.856,-3.826,-3.781,0.000000
49.286255,-8.657,68.986267,0.000562,10.856,-3.826,-3.781,0.000000
49.456863,-8.937,66.820015,0.000580,10.856,-3.826,-3.781,0.000000
49.628067,-9.157,64.947052,0.000595,10.856,-3.826,-3.781,0.000000
49.799858,-9.416,63.143280,0.000613,10.856,-3.826,-3.781,0.000000
49.972248,-9.679,61.044189,0.000632,10.856,-3.826,-3.781,0.000000
50.145218,-9.801,59.228134,0.000641,10.856,-3.826,-3.781,0.000000
50.318802,-10.010,56.927155,0.000657,10.856,-3.826,-3.781,0.000000
50.492989,-10.259,54.339691,0.000676,10.856,-3.826,-3.781,0.000000
50.667774,-10.451,52.176979,0.000691,10.856,-3.826,-3.781,0.000000
50.843166,-10.649,49.285595,0.000707,10.856,-3.826,-3.781,0.000000
51.019169,-10.947,46.909096,0.000732,10.856,-3.826,-3.781,0.000000
51.195774,-11.160,44.455120,0.000750,10.856,-3.826,-3.781,0.000000
51.372997,-11.466,41.430870,0.000777,10.856,-3.826,-3.781,0.000000
51.550816,-11.779,39.659325,0.000805,10.856,-3.826,-3.781,0.000000
51.729267,-12.207,37.151520,0.000846,10.856,-3.826,-3.781,0.000000
51.908333,-12.626,35.759949,0.000888,10.856,-3.826,-3.781,0.000000
52.088020,-13.048,34.338955,0.000932,10.856,-3.826,-3.781,0.000000
52.268330,-13.438,32.369041,0.000975,10.856,-3.826,-3.781,0.000000
52.449261,-13.960,30.933460,0.001036,10.856,-3.826,-3.781,0.000000
52.630810,-14.469,30.447308,0.001099,10.856,-3.826,-3.781,0.000000
52.812996,-14.948,30.909046,0.001161,10.856,-3.826,-3.781,0.000000
52.995815,-15.391,31.243135,0.001222,10.856,-3.826,-3.781,0.000000
53.179264,-15.790,32.534885,0.001280,10.856,-3.826,-3.781,0.000000
53.363350,-16.107,34.272957,0.001328,10.856,-3.826,-3.781,0.000000
53.548077,-16.352,35.950264,0.001366,10.856,-3.826,-3.781,0.000000
53.733437,-16.673,37.065975,0.001418,10.856,-3.826,-3.781,0.000000
53.919441,-17.080,38.938820,0.001486,10.856,-3.826,-3.781,0.000000
54.106079,-17.247,42.148991,0.001515,10.856,-3.826,-3.781,0.000000
54.293373,-17.355,44.214935,0.001534,10.856,-3.826,-3.781,0.000000
54.481316,-17.368,46.456253,0.001537,10.856,-3.826,-3.781,0.000000
54.669895,-17.388,48.784870,0.001541,10.856,-3.826,-3.781,0.000000
54.859169,-17.213,51.089317,0.001510,10.856,-3.826,-3.781,0.000000
55.049042,-16.826,52.779518,0.001445,10.856,-3.826,-3.781,0.000000
55.239601,-16.619,54.587070,0.001411,10.856,-3.826,-3.781,0.000000
55.430820,-16.365,56.297810,0.001370,10.856,-3.826,-3.781,0.000000
55.622700,-16.001,57.979412,0.001314,10.856,-3.826,-3.781,0.000000
55.815247,-15.513,59.071907,0.001243,10.856,-3.826,-3.781,0.000000
56.008457,-15.160,59.399620,0.001193,10.856,-3.826,-3.781,0.000000
56.202335,-14.742,59.955524,0.001138,10.856,-3.826,-3.781,0.000000
56.396889,-14.210,59.784973,0.001070,10.856,-3.826,-3.781,0.000000
56.592110,-13.588,58.184704,0.000996,10.856,-3.826,-3.781,0.000000
56.788010,-13.254,56.675488,0.000959,10.856,-3.826,-3.781,0.000000
56.984589,-12.868,56.194603,0.000917,10.856,-3.826,-3.781,0.000000
57.181820,-12.315,54.468712,0.000861,10.856,-3.826,-3.781,0.000000
57.379791,-11.899,51.990520,0.000820,10.856,-3.826,-3.781,0.000000
57.578388,-11.445,49.313187,0.000779,10.856,-3.826,-3.781,0.000000
57.777702,-11.071,46.356369,0.000746,10.856,-3.826,-3.781,0.000000
57.977707,-10.679,43.479607,0.000713,10.856,-3.826,-3.781,0.000000
58.178406,-10.430,40.230122,0.000693,10.856,-3.826,-3.781,0.000000
58.379795,-10.263,37.145756,0.000680,10.856,-3.826,-3.781,0.000000
58.581886,-10.038,33.637600,0.000663,10.856,-3.826,-3.781,0.000000
58.784672,-9.800,30.737759,0.000645,10.856,-3.826,-3.781,0.000000
58.988163,-9.624,25.979763,0.000632,10.856,-3.826,-3.781,0.000000
59.192356,-9.551,23.013212,0.000627,10.856,-3.826,-3.781,0.000000
59.397259,-9.376,19.299797,0.000614,10.856,-3.826,-3.781,0.000000
59.602867,-9.288,16.489874,0.000608,10.856,-3.826,-3.781,0.000000
59.809193,-9.178,13.237753,0.000601,10.856,-3.826,-3.781,0.000000
60.016228,-9.135,9.551431,0.000598,10.856,-3.826,-3.781,0.000000
60.223953,-9.019,6.946081,0.000590,10.856,-3.826,-3.781,0.000000
60.432423,-8.971,4.026948,0.000587,10.856,-3.826,-3.781,0.000000
60.641617,-8.942,0.706707,0.000585,10.856,-3.826,-3.781,0.000000
60.851536,-8.918,-2.191690,0.000583,10.856,-3.826,-3.781,0.000000
61.062180,-8.828,-4.949558,0.000578,10.856,-3.826,-3.781,0.000000
61.273556,-8.714,-8.623042,0.000570,10.856,-3.826,-3.781,0.000000
61.485661,-8.678,-11.537592,0.000568,10.856,-3.826,-3.781,0.000000
61.698502,-8.597,-14.800355,0.000563,10.856,-3.826,-3.781,0.000000
61.912075,-8.394,-18.984226,0.000550,10.856,-3.826,-3.781,0.000000
62.126392,-8.345,-22.485018,0.000547,10.856,-3.826,-3.781,0.000000
62.341450,-8.252,-26.823097,0.000541,10.856,-3.826,-3.781,0.000000
62.557251,-8.104,-31.336452,0.000532,10.856,-3.826,-3.781,0.000000
62.773800,-7.976,-35.431747,0.000524,10.856,-3.826,-3.781,0.000000
62.991070,-7.917,-41.862003,0.000521,10.856,-3.826,-3.781,0.000000
63.209152,-7.852,-45.968655,0.000517,10.854,-3.776,-3.731,0.000000
63.427925,-7.824,-50.854477,0.000515,10.852,-3.724,-3.679,0.000000
63.647522,-7.944,-58.459755,0.000523,10.851,-3.672,-3.627,0.000000
63.867813,-8.122,-62.987911,0.000534,10.849,-3.619,-3.575,0.000000
64.088898,-8.272,-69.281975,0.000543,10.847,-3.567,-3.522,0.000000
64.310753,-8.514,-75.625862,0.000558,10.845,-3.514,-3.469,0.000000
64.533371,-8.944,-81.447212,0.000587,10.843,-3.461,-3.416,0.000000
64.756760,-9.354,-86.898888,0.000615,10.842,-3.407,-3.363,0.000000
64.980919,-9.720,-92.761917,0.000642,10.840,-3.354,-3.310,0.000000
65.205864,-10.268,-98.756599,0.000684,10.838,-3.300,-3.256,0.000000
65.431580,-10.852,-103.859924,0.000732,10.836,-3.247,-3.202,0.000000
65.658081,-11.306,-107.234184,0.000771,10.834,-3.193,-3.148,0.000000
65.885361,-12.008,-113.122231,0.000836,10.833,-3.138,-3.094,0.000000
66.113434,-12.583,-117.355850,0.000893,10.831,-3.084,-3.040,0.000000
66.342262,-13.076,-121.644539,0.000946,10.829,-3.030,-2.986,0.000000
66.571945,-13.549,-125.034546,0.000999,10.827,-2.975,-2.931,0.000000
66.802353,-14.448,-130.595932,0.001108,10.825,-2.920,-2.876,0.000000
67.033600,-15.000,-134.005707,0.001181,10.823,-2.865,-2.821,0.000000
67.265648,-15.916,-139.552277,0.001312,10.821,-2.809,-2.766,0.000000
67.498489,-16.396,-139.010269,0.001387,10.819,-2.754,-2.710,0.000000
67.732147,-17.150,-141.511932,0.001513,10.818,-2.698,-2.655,0.000000
67.966606,-17.822,-149.380402,0.001635,10.816,-2.642,-2.599,0.000000
68.201881,-18.733,-151.866043,0.001816,10.814,-2.586,-2.543,0.000000
68.437973,-19.653,-152.144867,0.002020,10.812,-2.530,-2.487,0.000000
68.674881,-20.556,-153.829346,0.002242,10.810,-2.474,-2.430,0.000000
68.912605,-21.306,-157.646942,0.002444,10.808,-2.417,-2.374,0.000000
69.151154,-22.784,-161.229080,0.002898,10.806,-2.360,-2.317,0.000000
69.390495,-23.231,-154.412796,0.003051,10.804,-2.303,-2.260,0.000000
69.630730,-23.677,-165.584976,0.003213,10.802,-2.246,-2.203,0.000000
69.871735,-24.832,179.745972,0.003670,10.800,-2.188,-2.146,0.000000
70.113640,-25.421,-171.193146,0.003928,10.798,-2.131,-2.088,0.000000
70.356308,-25.469,-154.665833,0.003951,10.796,-2.073,-2.030,0.000000
70.599854,-25.321,-171.561508,0.003885,10.794,-2.015,-1.972,0.000000
70.844246,-26.070,-164.392624,0.004235,10.792,-1.957,-1.914,0.000000
71.089478,-26.150,-154.145004,0.004275,10.790,-1.898,-1.856,0.000000
71.335564,-26.573,-148.219101,0.004490,10.788,-1.840,-1.797,0.000000
71.582504,-26.989,-126.388466,0.004711,10.786,-1.781,-1.738,0.000000
71.830292,-27.746,-46.530037,0.005141,10.784,-1.722,-1.679,0.000000
72.078941,-28.285,-100.300369,0.005470,10.782,-1.662,-1.620,0.000000
72.328453,-28.253,-69.937416,0.005451,10.780,-1.603,-1.561,0.000000
72.578827,-28.557,0.722745,0.005647,10.778,-1.543,-1.501,0.000000
72.830063,-29.794,-36.038021,0.006512,10.776,-1.483,-1.441,0.000000
73.082176,-29.809,-23.249968,0.006524,10.774,-1.423,-1.381,0.000000
73.335159,-29.558,-11.382417,0.006339,10.772,-1.363,-1.321,0.000000
73.588982,-28.333,-20.633434,0.005507,10.770,-1.303,-1.261,0.000000
73.843719,-28.581,-26.304260,0.005667,10.768,-1.242,-1.200,0.000000
74.099335,-28.069,-9.950064,0.005344,10.766,-1.181,-1.139,0.000000
74.355843,-27.113,-8.201529,0.004788,10.764,-1.120,-1.078,0.000000
74.613228,-27.198,-30.154171,0.004835,10.762,-1.059,-1.017,0.000000
74.871513,-27.293,-32.004482,0.004888,10.760,-0.997,-0.955,0.000000
75.130692,-26.839,-33.358997,0.004640,10.758,-0.935,-0.894,0.000000
75.390762,-26.736,-33.238441,0.004585,10.756,-0.873,-0.832,0.000000
75.651733,-26.732,-40.117767,0.004583,10.754,-0.811,-0.770,0.000000
75.913612,-26.462,-35.589642,0.004443,10.751,-0.749,-0.707,0.000000
76.176399,-26.110,-38.543602,0.004266,10.749,-0.686,-0.645,0.000000
76.440094,-26.306,-43.360310,0.004364,10.747,-0.623,-0.582,0.000000
76.704697,-26.448,-44.279411,0.004436,10.745,-0.560,-0.519,0.000000
76.970184,-26.112,-40.854759,0.004269,10.743,-0.497,-0.456,0.000000
77.236664,-25.640,-47.943439,0.004044,10.741,-0.433,-0.392,0.000000
77.503990,-25.863,-42.688988,0.004150,10.739,-0.370,-0.329,0.000000
77.772278,-25.585,-45.032310,0.004019,10.736,-0.306,-0.265,0.000000
78.041496,-25.501,-46.631775,0.003981,10.734,-0.242,-0.201,0.000000
78.311646,-25.813,-51.685898,0.004128,10.732,-0.177,-0.137,0.000000
78.582733,-25.821,-49.886143,0.004131,10.730,-0.113,-0.072,0.000000
78.854752,-25.853,-50.201916,0.004146,10.728,-0.048,-0.007,0.000000
79.127716,-25.898,-55.039249,0.004168,10.725,0.017,0.058,0.000000
79.401627,-26.318,-58.950916,0.004375,10.723,0.083,0.123,0.000000
79.676483,-26.487,-57.609940,0.004460,10.721,0.148,0.188,0.000000
79.952293,-26.619,-63.881050,0.004529,10.719,0.214,0.254,0.000000
80.229057,-27.033,-66.539406,0.004750,10.717,0.280,0.320,0.000000
80.506744,-27.111,-67.240715,0.004793,10.714,0.346,0.386,0.000000
80.785469,-27.447,-67.738373,0.004982,10.712,0.412,0.452,0.000000
81.065079,-27.311,-71.626755,0.004904,10.710,0.479,0.519,0.000000
81.345734,-27.465,-74.397263,0.004992,10.708,0.546,0.586,0.000000
81.627281,-27.894,-72.902084,0.005245,10.705,0.613,0.653,0.000000
81.909843,-27.845,-73.069595,0.005215,10.703,0.680,0.720,0.000000
82.193382,-28.208,-74.919144,0.005438,10.701,0.748,0.787,0.000000
82.477905,-28.386,-76.015991,0.005550,10.698,0.816,0.855,0.000000
82.763412,-28.630,-75.358482,0.005709,10.696,0.884,0.923,0.000000
83.049904,-28.611,-78.555817,0.005696,10.694,0.952,0.991,0.000000
83.337395,-28.890,-80.781487,0.005882,10.691,1.021,1.060,0.000000
83.625877,-29.511,-81.513664,0.006318,10.689,1.089,1.128,0.000000
83.915352,-29.571,-84.793022,0.006362,10.687,1.158,1.197,0.000000
84.205795,-29.852,-89.362717,0.006571,10.684,1.227,1.266,0.000000
84.497330,-30.448,-91.818192,0.007038,10.682,1.297,1.336,0.000000
84.789780,-30.793,-94.283516,0.007323,10.680,1.367,1.405,0.000000
85.083336,-31.402,-92.586708,0.007855,10.677,1.437,1.475,0.000000
85.377815,-31.729,-93.508720,0.008156,10.675,1.507,1.545,0.000000
85.673363,-32.119,-91.409851,0.008530,10.673,1.577,1.616,0.000000
85.969933,-32.357,-89.366302,0.008767,10.670,1.648,1.686,0.000000
86.267525,-32.946,-86.701729,0.009383,10.668,1.719,1.757,0.000000
86.566154,-33.471,-81.472420,0.009968,10.665,1.790,1.828,0.000000
86.865814,-33.733,-78.134750,0.010273,10.663,1.861,1.899,0.000000
87.166504,-33.418,-72.784279,0.009906,10.660,1.933,1.971,0.000000
87.468246,-33.538,-66.816277,0.010044,10.658,2.005,2.043,0.000000
87.771027,-33.590,-65.759483,0.010104,10.656,2.077,2.115,0.000000
88.074852,-32.827,-61.613384,0.009255,10.653,2.149,2.187,0.000000
88.379738,-32.116,-60.985168,0.008528,10.651,2.222,2.260,0.000000
88.685677,-29.556,-56.391876,0.006351,10.648,2.295,2.333,0.000000
88.992668,-27.953,-54.616001,0.005281,10.646,2.368,2.406,0.000000
89.300682,-27.654,-55.627411,0.005102,10.643,2.442,2.479,0.000000
89.609810,-27.391,-56.840996,0.004950,10.641,2.515,2.553,0.000000
89.920006,-27.140,-59.910278,0.004809,10.638,2.589,2.626,0.000000
90.231270,-26.882,-63.095863,0.004667,10.636,2.663,2.701,0.000000
90.543617,-26.563,-67.292213,0.004498,10.633,2.738,2.775,0.000000
90.857048,-26.413,-70.913742,0.004420,10.631,2.812,2.849,0.000000
91.171562,-26.544,-74.065559,0.004486,10.628,2.887,2.924,0.000000
91.487160,-27.849,-80.166702,0.005213,10.626,2.963,2.999,0.000000
91.803856,-28.511,-85.293961,0.005625,10.623,3.038,3.075,0.000000
92.121643,-28.343,-89.023254,0.005516,10.620,3.114,3.150,0.000000
92.440536,-28.409,-93.537636,0.005559,10.618,3.190,3.226,0.000000
92.760529,-28.429,-96.520233,0.005571,10.615,3.266,3.303,0.000000
93.081627,-28.550,-101.663246,0.005650,10.613,3.343,3.379,0.000000
93.403793,-28.790,-104.193962,0.005808,10.610,3.419,3.456,0.000000
93.727173,-29.048,-109.379150,0.005983,10.607,3.496,3.533,0.000000
94.051575,-29.459,-113.050247,0.006273,10.605,3.574,3.610,0.000000
94.377190,-29.726,-114.720619,0.006467,10.602,3.651,3.687,0.000000
94.703842,-29.829,-117.777229,0.006544,10.599,3.729,3.765,0.000000
95.031670,-30.142,-119.545174,0.006782,10.597,3.807,3.843,0.000000
95.360634,-30.133,-120.569412,0.006774,10.594,3.886,3.921,0.000000
95.690735,-30.056,-122.229935,0.006714,10.592,3.964,4.000,0.000000
96.021980,-30.068,-126.043533,0.006722,10.589,4.043,4.079,0.000000
96.354370,-29.865,-127.352921,0.006566,10.586,4.123,4.158,0.000000
96.687912,-29.612,-127.708801,0.006377,10.583,4.202,4.237,0.000000
97.022606,-29.196,-130.043716,0.006079,10.581,4.282,4.317,0.000000
97.358459,-29.207,-134.167999,0.006086,10.578,4.362,4.397,0.000000
97.695435,-29.007,-137.163315,0.005948,10.575,4.442,4.477,0.000000
98.033661,-28.602,-141.557755,0.005677,10.573,4.523,4.558,0.000000
98.372971,-28.457,-147.077286,0.005583,10.570,4.604,4.638,0.000000
98.713547,-28.423,-149.338898,0.005561,10.567,4.685,4.719,0.000000
99.055214,-28.201,-154.460648,0.005420,10.564,4.766,4.801,0.000000
99.398102,-28.058,-163.034607,0.005330,10.562,4.848,4.882,0.000000
99.742180,-28.162,-169.096832,0.005393,10.559,4.930,4.964,0.000000
100.087448,-28.170,-175.489594,0.005398,10.556,5.012,5.047,0.000000
100.433914,-28.091,179.723282,0.005348,10.553,5.095,5.129,0.000000
100.781578,-28.246,173.355957,0.005443,10.550,5.178,5.212,0.000000
101.130447,-28.370,168.817947,0.005520,10.548,5.261,5.295,0.000000
101.480522,-28.564,161.380325,0.005644,10.545,5.344,5.378,0.000000
101.831802,-28.520,153.591339,0.005614,10.542,5.428,5.462,0.000000
102.184258,-28.655,148.361191,0.005702,10.539,5.512,5.546,0.000000
102.538033,-28.798,145.593979,0.005795,10.536,5.596,5.630,0.000000
102.892975,-28.773,140.380844,0.005777,10.533,5.681,5.714,0.000000
103.249153,-28.910,135.424271,0.005868,10.530,5.766,5.799,0.000000
103.606514,-29.038,130.684113,0.005956,10.528,5.851,5.884,0.000000
103.965157,-28.955,125.867668,0.005899,10.525,5.936,5.969,0.000000
104.325050,-29.039,121.778374,0.005957,10.522,6.022,6.055,0.000000
104.686180,-28.955,119.801239,0.005899,10.519,6.108,6.141,0.000000
105.048561,-29.155,118.245377,0.006037,10.516,6.194,6.227,0.000000
105.412201,-29.000,115.098709,0.005930,10.513,6.281,6.314,0.000000
105.777100,-28.823,111.205551,0.005810,10.510,6.368,6.401,0.000000
106.143257,-28.648,110.536293,0.005692,10.507,6.455,6.488,0.000000
106.510689,-28.431,107.267601,0.005551,10.504,6.543,6.575,0.000000
106.879387,-28.506,103.566444,0.005598,10.501,6.631,6.663,0.000000
107.249359,-28.318,103.601692,0.005477,10.498,6.719,6.751,0.000000
107.620613,-28.239,100.807007,0.005427,10.495,6.807,6.840,0.000000
107.993156,-28.092,98.718300,0.005335,10.492,6.896,6.928,0.000000
108.366936,-27.701,96.483040,0.005099,10.489,6.985,7.017,0.000000
108.742065,-27.594,94.353455,0.005036,10.486,7.075,7.107,0.000000
109.118484,-27.544,93.338028,0.005006,10.483,7.164,7.196,0.000000
109.496208,-27.357,90.410545,0.004899,10.480,7.254,7.286,0.000000
109.875244,-27.388,88.930412,0.004915,10.477,7.345,7.376,0.000000
110.255592,-27.034,89.176109,0.004718,10.474,7.435,7.467,0.000000
110.637253,-27.015,85.841370,0.004707,10.471,7.526,7.558,0.000000
111.020241,-26.603,84.026085,0.004488,10.468,7.618,7.649,0.000000
111.404549,-26.388,81.686546,0.004378,10.464,7.709,7.740,0.000000
111.790184,-26.171,79.864304,0.004269,10.461,7.801,7.832,0.000000
112.177162,-25.874,78.070686,0.004125,10.458,7.893,7.924,0.000000
112.565475,-25.619,75.017670,0.004005,10.455,7.986,8.017,0.000000
112.955132,-25.279,72.599075,0.003850,10.452,8.079,8.109,0.000000
113.346085,-24.871,69.894249,0.003673,10.449,8.172,8.202,0.000000
113.738503,-24.479,66.734230,0.003512,10.446,8.265,8.296,0.000000
114.132164,-24.081,63.717033,0.003354,10.442,8.359,8.389,0.000000
114.527306,-23.786,60.613850,0.003242,10.439,8.453,8.484,0.000000
114.923698,-23.494,56.988495,0.003135,10.436,8.548,8.578,0.000000
115.321518,-23.344,53.392494,0.003081,10.433,8.643,8.673,0.000000
115.720718,-23.083,50.031059,0.002990,10.430,8.738,8.768,0.000000
116.121300,-22.815,45.909996,0.002899,10.426,8.833,8.863,0.000000
116.523270,-22.726,41.394886,0.002870,10.423,8.929,8.959,0.000000
116.926628,-22.600,37.142368,0.002828,10.420,9.025,9.055,0.000000
117.331383,-22.634,32.562614,0.002839,10.417,9.121,9.151,0.000000
117.737541,-22.545,28.574045,0.002811,10.413,9.218,9.248,0.000000
118.145103,-22.570,25.390366,0.002819,10.410,9.315,9.345,0.000000
118.554016,-22.720,22.408073,0.002868,10.407,9.413,9.442,0.000000
118.964462,-22.770,18.322210,0.002884,10.403,9.511,9.540,0.000000
119.376213,-22.880,13.970301,0.002920,10.400,9.609,9.638,0.000000
119.789505,-22.972,10.872132,0.002950,10.397,9.707,9.736,0.000000
120.204117,-23.008,7.015306,0.002962,10.393,9.806,9.835,0.000000
120.620216,-23.097,4.166829,0.002992,10.390,9.905,9.934,0.000000
121.037758,-23.397,0.457188,0.003097,10.387,10.005,10.033,0.000000
121.456741,-23.601,-2.570735,0.003170,10.383,10.105,10.133,0.000000
121.877174,-23.861,-6.707132,0.003266,10.380,10.205,10.233,0.000000
122.299072,-24.107,-10.708619,0.003360,10.376,10.305,10.333,0.000000
122.722420,-24.454,-13.514512,0.003497,10.373,10.406,10.434,0.000000
123.147240,-24.919,-14.873672,0.003690,10.369,10.507,10.535,0.000000
123.573532,-25.440,-17.399216,0.003918,10.366,10.609,10.637,0.000000
124.001297,-25.894,-19.307426,0.004128,10.363,10.711,10.739,0.000000
124.430542,-26.347,-20.035406,0.004349,10.359,10.813,10.841,0.000000
124.861267,-26.996,-20.646723,0.004686,10.356,10.916,10.943,0.000000
125.293488,-27.387,-19.131050,0.004902,10.352,10.974,11.001,0.000000
125.727150,-27.806,-18.466496,0.005144,10.349,11.010,11.037,0.000000
126.162369,-28.057,-16.802914,0.005295,10.345,11.046,11.074,0.000000
126.599091,-28.048,-16.111786,0.005290,10.341,11.083,11.111,0.000000
127.037331,-28.071,-15.551714,0.005304,10.338,11.119,11.148,0.000000
127.477089,-27.985,-15.070073,0.005252,10.334,11.156,11.185,0.000000
127.918365,-27.729,-14.977515,0.005099,10.331,11.193,11.222,0.000000
128.361160,-27.355,-15.437924,0.004884,10.327,11.230,11.259,0.000000
128.805511,-27.098,-16.873568,0.004742,10.324,11.267,11.296,0.000000
129.251373,-26.930,-19.351160,0.004651,10.320,11.304,11.334,0.000000
129.698792,-26.834,-21.083071,0.004600,10.316,11.342,11.372,0.000000
130.147766,-26.899,-25.075327,0.004634,10.313,11.379,11.409,0.000000
130.598282,-26.964,-29.060839,0.004669,10.309,11.417,11.447,0.000000
131.050369,-26.941,-32.638920,0.004657,10.305,11.455,11.485,0.000000
131.503952,-27.185,-36.763256,0.004789,10.302,11.492,11.524,0.000000
131.959229,-27.578,-41.924175,0.005011,10.298,11.530,11.562,0.000000
132.415955,-28.059,-47.593426,0.005296,10.294,11.569,11.600,0.000000
132.874329,-28.207,-52.460960,0.005387,10.290,11.607,11.639,0.000000
133.334290,-28.731,-58.877510,0.005722,10.287,11.645,11.678,0.000000
133.795853,-29.071,-64.347374,0.005951,10.283,11.684,11.716,0.000000
134.259003,-29.312,-70.844063,0.006119,10.279,11.723,11.755,0.000000
134.723755,-29.566,-77.723503,0.006300,10.275,11.761,11.794,0.000000
135.190109,-30.212,-86.359673,0.006787,10.272,11.800,11.834,0.000000
135.658081,-30.787,-92.777489,0.007251,10.268,11.840,11.873,0.000000
136.127686,-31.020,-98.714653,0.007448,10.264,11.879,11.913,0.000000
136.598907,-31.435,-106.777237,0.007812,10.260,11.918,11.952,0.000000
137.071762,-32.051,-117.995010,0.008387,10.256,11.958,11.992,0.000000
137.546249,-32.225,-129.769302,0.008556,10.252,11.997,12.032,0.000000
138.022385,-32.529,-142.689285,0.008861,10.248,12.037,12.072,0.000000
138.500092,-32.982,-154.456451,0.009335,10.245,12.077,12.112,0.000000
138.979599,-32.993,-163.827972,0.009347,10.241,12.117,12.152,0.000000
139.460617,-32.322,-173.989319,0.008653,10.237,12.157,12.193,0.000000
139.943375,-31.653,175.476654,0.008011,10.233,12.198,12.234,0.000000
140.427811,-30.874,165.920929,0.007324,10.229,12.238,12.274,0.000000
140.913925,-29.893,158.495163,0.006541,10.225,12.279,12.315,0.000000
141.401703,-28.654,152.589767,0.005672,10.221,12.320,12.356,0.000000
141.891190,-27.556,145.853622,0.004999,10.217,12.360,12.397,0.000000
142.382355,-26.399,140.622269,0.004375,10.213,12.401,12.439,0.000000
142.875229,-25.110,133.734665,0.003772,10.209,12.443,12.480,0.000000
143.369812,-23.956,126.783646,0.003302,10.205,12.484,12.522,0.000000
143.866104,-22.893,119.968857,0.002922,10.201,12.525,12.564,0.000000
144.364120,-21.810,113.581100,0.002579,10.197,12.567,12.606,0.000000
144.863785,-20.877,107.136444,0.002317,10.193,12.609,12.648,0.000000
145.365311,-20.083,100.001816,0.002114,10.189,12.651,12.690,0.000000
145.868439,-19.549,92.903526,0.001988,10.185,12.693,12.732,0.000000
146.373383,-19.045,85.722145,0.001876,10.180,12.735,12.775,0.000000
146.880066,-18.537,78.503464,0.001770,10.176,12.777,12.817,0.000000
147.388504,-18.198,71.275192,0.001702,10.172,12.820,12.860,0.000000
147.898712,-17.976,64.964706,0.001659,10.168,12.862,12.903,0.000000
148.410675,-17.713,59.179379,0.001609,10.164,12.905,12.946,0.000000
148.924423,-17.601,52.659546,0.001589,10.160,12.948,12.989,0.000000
149.439941,-17.557,46.420628,0.001581,10.155,12.991,13.033,0.000000
149.957245,-17.471,41.445404,0.001565,10.151,13.034,13.076,0.000000
150.476334,-17.419,36.088932,0.001556,10.147,13.078,13.120,0.000000
150.997238,-17.421,31.858925,0.001556,10.143,13.121,13.164,0.000000
151.519852,-17.515,27.509094,0.001573,10.139,13.165,13.208,0.000000
152.044434,-17.640,23.901674,0.001596,10.134,13.209,13.252,0.000000
152.570679,-17.864,19.021477,0.001638,10.130,13.253,13.296,0.000000
153.098892,-18.080,15.109363,0.001679,10.126,13.297,13.340,0.000000
153.628784,-18.360,12.581778,0.001734,10.121,13.341,13.385,0.000000
154.160660,-18.568,11.180682,0.001776,10.117,13.386,13.430,0.000000
154.694229,-18.830,10.229884,0.001830,10.113,13.430,13.475,0.000000
155.229797,-18.920,9.950382,0.001849,10.108,13.475,13.520,0.000000
155.767075,-18.955,9.363049,0.001857,10.104,13.520,13.565,0.000000
156.306274,-18.974,8.770185,0.001861,10.100,13.565,13.610,0.000000
156.847351,-18.854,9.762876,0.001836,10.095,13.610,13.656,0.000000
157.390305,-18.432,10.633555,0.001749,10.091,13.656,13.702,0.000000
157.935120,-17.947,11.670622,0.001654,10.086,13.701,13.747,0.000000
158.481750,-17.279,11.293109,0.001532,10.082,13.747,13.793,0.000000
159.030441,-16.491,8.855394,0.001399,10.077,13.793,13.840,0.000000
159.580856,-15.712,5.389313,0.001280,10.073,13.839,13.886,0.000000
160.133347,-15.142,1.217754,0.001198,10.068,13.885,13.932,0.000000
160.687592,-14.715,-3.103481,0.001141,10.064,13.931,13.979,0.000000
161.243912,-14.293,-8.067953,0.001087,10.059,13.978,14.026,0.000000
161.801987,-14.047,-14.743449,0.001057,10.055,14.024,14.073,0.000000
162.362167,-13.832,-21.570129,0.001031,10.050,14.071,14.120,0.000000
162.924133,-13.759,-27.374929,0.001022,10.046,14.118,14.167,0.000000
163.488113,-13.760,-33.035107,0.001022,10.041,14.165,14.215,0.000000
164.054047,-13.861,-38.313984,0.001034,10.037,14.212,14.262,0.000000
164.621933,-14.069,-43.937691,0.001059,10.032,14.260,14.310,0.000000
165.191788,-14.130,-48.722443,0.001067,10.027,14.307,14.358,0.000000
165.763535,-14.376,-53.463345,0.001097,10.023,14.355,14.406,0.000000
166.337433,-14.521,-58.645313,0.001116,10.018,14.403,14.454,0.000000
166.913147,-14.717,-63.800270,0.001141,10.013,14.451,14.503,0.000000
167.491013,-15.089,-69.088715,0.001191,10.009,14.500,14.551,0.000000
168.070801,-15.375,-73.128738,0.001231,10.004,14.548,14.600,0.000000
168.652603,-15.787,-76.954453,0.001291,9.999,14.597,14.649,0.000000
169.236328,-16.202,-80.966347,0.001355,9.994,14.645,14.698,0.000000
169.822250,-16.575,-83.806053,0.001414,9.990,14.694,14.748,0.000000
170.410019,-17.012,-86.978699,0.001488,9.985,14.743,14.797,0.000000
170.999924,-17.450,-89.686752,0.001565,9.980,14.793,14.847,0.000000
171.591858,-17.899,-92.477234,0.001648,9.975,14.842,14.896,0.000000
172.185837,-18.248,-94.170776,0.001716,9.970,14.892,14.946,0.000000
172.781876,-18.514,-96.774071,0.001769,9.965,14.942,14.997,0.000000
173.379990,-18.777,-99.307701,0.001823,9.961,14.992,15.047,0.000000
173.980164,-19.032,-101.609390,0.001878,9.956,15.042,15.097,0.000000
174.582336,-19.224,-104.323753,0.001920,9.951,15.092,15.148,0.000000
175.186752,-19.560,-107.153969,0.001995,9.946,15.143,15.199,0.000000
175.793182,-19.671,-108.752083,0.002021,9.941,15.193,15.250,0.000000
176.401703,-19.804,-110.991585,0.002053,9.936,15.244,15.301,0.000000
177.012253,-19.950,-112.499245,0.002088,9.931,15.295,15.353,0.000000
177.625092,-19.948,-115.957466,0.002088,9.926,15.346,15.404,0.000000
178.239883,-20.124,-117.970749,0.002131,9.921,15.398,15.456,0.000000
178.856964,-20.376,-120.256416,0.002194,9.916,15.449,15.508,0.000000
179.476013,-20.636,-123.002052,0.002261,9.911,15.501,15.560,0.000000
180.097290,-20.753,-126.521996,0.002291,9.906,15.553,15.612,0.000000
180.720718,-20.862,-128.280960,0.002320,9.901,15.605,15.665,0.000000
181.346298,-21.086,-133.578110,0.002380,9.896,15.657,15.717,0.000000
181.974045,-21.196,-137.454819,0.002410,9.891,15.710,15.770,0.000000
182.603882,-21.287,-140.475388,0.002435,9.885,15.762,15.823,0.000000
183.236084,-21.377,-143.264252,0.002460,9.880,15.815,15.876,0.000000
183.870377,-21.536,-147.726807,0.002505,9.875,15.868,15.930,0.000000
184.506866,-21.672,-150.252625,0.002545,9.870,15.921,15.983,0.000000
185.145462,-21.697,-153.147095,0.002552,9.865,15.975,16.037,0.000000
185.786453,-21.658,-155.914902,0.002541,9.860,16.028,16.091,0.000000
186.429489,-21.523,-159.022949,0.002501,9.854,16.082,16.145,0.000000
187.074921,-21.395,-159.833496,0.002465,9.849,16.136,16.199,0.000000
187.722412,-21.132,-161.958191,0.002391,9.844,16.190,16.254,0.000000
188.372238,-21.011,-164.137756,0.002358,9.838,16.244,16.308,0.000000
189.024307,-20.792,-166.725159,0.002298,9.833,16.299,16.363,0.000000
189.678650,-20.498,-169.278778,0.002221,9.828,16.354,16.418,0.000000
190.335236,-20.079,-173.437149,0.002116,9.823,16.408,16.474,0.000000
190.994110,-19.931,-176.719086,0.002079,9.817,16.463,16.529,0.000000
191.655258,-19.699,-179.687775,0.002024,9.812,16.519,16.585,0.000000
192.318695,-19.344,175.288010,0.001942,9.806,16.574,16.640,0.000000
192.984421,-19.064,170.421173,0.001880,9.801,16.630,16.696,0.000000
193.652374,-18.863,166.459778,0.001836,9.795,16.686,16.753,0.000000
194.322815,-18.484,161.667618,0.001757,9.790,16.742,16.809,0.000000
194.995392,-18.221,156.960831,0.001704,9.785,16.798,16.866,0.000000
195.670486,-17.863,151.460297,0.001635,9.779,16.854,16.922,0.000000
196.347733,-17.773,147.197281,0.001617,9.774,16.911,16.979,0.000000
197.027405,-17.440,142.121292,0.001556,9.768,16.968,17.037,0.000000
197.709442,-17.304,137.794861,0.001531,9.762,17.025,17.094,0.000000
198.393829,-17.062,133.231476,0.001489,9.757,17.082,17.152,0.000000
199.080597,-16.723,128.252670,0.001431,9.751,17.139,17.209,0.000000
199.769745,-16.515,123.138321,0.001397,9.746,17.197,17.267,0.000000
200.461258,-16.312,117.780434,0.001364,9.740,17.255,17.326,0.000000
201.155182,-16.122,112.506020,0.001334,9.734,17.313,17.384,0.000000
201.851501,-15.965,107.880241,0.001310,9.729,17.371,17.442,0.000000
202.550232,-15.807,102.537285,0.001285,9.723,17.429,17.501,0.000000
203.251389,-15.692,96.992813,0.001268,9.717,17.488,17.560,0.000000
203.954865,-15.627,91.243126,0.001258,9.712,17.546,17.619,0.000000
204.660980,-15.648,86.252808,0.001260,9.706,17.605,17.679,0.000000
205.369339,-15.675,81.063911,0.001263,9.700,17.665,17.738,0.000000
206.080246,-15.770,76.411400,0.001277,9.694,17.724,17.798,0.000000
206.793625,-15.902,71.830650,0.001295,9.688,17.784,17.858,0.000000
207.509567,-16.122,66.933838,0.001328,9.683,17.843,17.919,0.000000
208.227783,-16.275,63.402458,0.001350,9.677,17.903,17.979,0.000000
208.948685,-16.560,59.426987,0.001395,9.671,17.964,18.040,0.000000
209.671890,-16.809,56.101303,0.001434,9.665,18.024,18.100,0.000000
210.397690,-17.155,52.570889,0.001491,9.659,18.085,18.162,0.000000
211.126007,-17.444,50.250778,0.001541,9.653,18.146,18.223,0.000000
211.856842,-17.857,48.910046,0.001615,9.647,18.207,18.284,0.000000
212.590210,-18.102,47.728973,0.001660,9.641,18.268,18.346,0.000000
213.326019,-18.436,46.954796,0.001724,9.635,18.330,18.408,0.000000
214.064575,-18.523,46.761108,0.001741,9.629,18.391,18.470,0.000000
214.805481,-18.689,46.208084,0.001774,9.623,18.453,18.532,0.000000
215.549057,-18.633,46.625820,0.001761,9.617,18.515,18.595,0.000000
216.295197,-18.470,46.464962,0.001727,9.611,18.578,18.658,0.000000
217.044037,-18.265,46.127674,0.001686,9.605,18.640,18.721,0.000000
217.795258,-18.063,45.056870,0.001646,9.599,18.703,18.784,0.000000
218.549286,-17.767,43.291210,0.001590,9.593,18.766,18.847,0.000000
219.305710,-17.362,41.000969,0.001516,9.587,18.829,18.911,0.000000
220.064865,-17.098,38.013062,0.001470,9.580,18.893,18.975,0.000000
220.826645,-16.988,33.888966,0.001451,9.574,18.956,19.039,0.000000
221.591064,-16.789,30.404909,0.001417,9.568,19.020,19.103,0.000000
222.358124,-16.802,25.847588,0.001418,9.562,19.084,19.168,0.000000
223.127731,-16.865,21.872538,0.001428,9.555,19.149,19.233,0.000000
223.900223,-17.080,17.985962,0.001463,9.549,19.213,19.298,0.000000
224.675171,-17.210,14.629587,0.001484,9.543,19.278,19.363,0.000000
225.453018,-17.660,10.974820,0.001562,9.537,19.343,19.428,0.000000
226.233337,-17.986,8.720834,0.001621,9.530,19.408,19.494,0.000000
227.016586,-18.364,6.895895,0.001692,9.524,19.473,19.560,0.000000
227.802322,-18.720,6.061354,0.001762,9.517,19.539,19.626,0.000000
228.590988,-19.016,4.788580,0.001822,9.511,19.605,19.692,0.000000
229.382187,-19.268,4.972097,0.001875,9.505,19.671,19.759,0.000000
230.176208,-19.497,4.266280,0.001924,9.498,19.738,19.826,0.000000
230.972992,-19.615,3.826932,0.001949,9.492,19.804,19.893,0.000000
231.772537,-19.730,3.502984,0.001975,9.485,19.871,19.960,0.000000
232.574844,-19.753,3.108795,0.001979,9.479,19.938,20.028,0.000000
233.379822,-19.828,2.318765,0.001995,9.472,20.005,20.095,0.000000
234.187805,-19.915,1.506562,0.002014,9.465,20.073,20.163,0.000000
234.998352,-20.008,0.532893,0.002034,9.459,20.140,20.231,0.000000
235.811935,-20.121,-0.856249,0.002060,9.452,20.208,20.300,0.000000
236.628113,-20.245,-1.904938,0.002088,9.446,20.277,20.369,0.000000
237.447342,-20.406,-3.107434,0.002127,9.439,20.345,20.437,0.000000
238.269180,-20.619,-3.878094,0.002179,9.432,20.414,20.507,0.000000
239.094101,-20.733,-3.832469,0.002207,9.425,20.483,20.576,0.000000
239.921631,-20.883,-4.802366,0.002245,9.419,20.552,20.646,0.000000
240.752151,-21.126,-4.657652,0.002307,9.412,20.621,20.716,0.000000
241.585541,-21.252,-4.231089,0.002341,9.405,20.691,20.786,0.000000
242.421814,-21.488,-4.106988,0.002404,9.398,20.761,20.856,0.000000
243.260986,-21.603,-2.804830,0.002435,9.392,20.831,20.927,0.000000
244.102951,-21.648,-1.754707,0.002447,9.385,20.901,20.997,0.000000
244.948059,-21.686,-2.173073,0.002457,9.378,20.972,21.069,0.000000
245.795975,-21.695,-0.779108,0.002459,9.371,21.043,21.140,0.000000
246.646820,-21.640,-1.130083,0.002442,9.364,21.114,21.212,0.000000
247.500626,-21.464,-0.042030,0.002392,9.357,21.185,21.283,0.000000
248.357376,-21.220,-0.219148,0.002325,9.350,21.257,21.355,0.000000
249.216980,-20.982,-1.277261,0.002262,9.343,21.329,21.428,0.000000
250.079788,-20.751,-1.968138,0.002202,9.337,21.392,21.491,0.000000
250.945343,-20.606,-2.998696,0.002166,9.336,21.368,21.467,0.000000
251.814026,-20.473,-4.160398,0.002132,9.335,21.343,21.442,0.000000
252.685715,-20.294,-5.706795,0.002088,9.334,21.319,21.418,0.000000
253.560410,-20.219,-7.509825,0.002070,9.334,21.294,21.393,0.000000
254.438141,-20.164,-9.405111,0.002057,9.333,21.270,21.368,0.000000
255.318909,-20.058,-11.596025,0.002031,9.332,21.245,21.343,0.000000
256.202728,-20.122,-13.790610,0.002046,9.331,21.220,21.318,0.000000
257.089600,-20.196,-15.789392,0.002063,9.331,21.195,21.293,0.000000
257.979553,-20.249,-18.200104,0.002076,9.330,21.171,21.268,0.000000
258.872559,-20.395,-20.370541,0.002110,9.329,21.146,21.243,0.000000
259.768677,-20.479,-22.437262,0.002130,9.328,21.120,21.218,0.000000
260.667786,-20.613,-24.375051,0.002164,9.328,21.095,21.192,0.000000
261.570251,-20.669,-25.603210,0.002178,9.327,21.070,21.167,0.000000
262.475555,-20.878,-26.984303,0.002231,9.326,21.045,21.141,0.000000
263.384277,-21.130,-27.295696,0.002296,9.325,21.019,21.115,0.000000
264.295898,-21.213,-27.450628,0.002318,9.325,20.994,21.090,0.000000
265.210785,-21.300,-28.024012,0.002342,9.324,20.968,21.064,0.000000
266.128845,-21.328,-28.393391,0.002349,9.323,20.942,21.038,0.000000
267.050201,-21.404,-28.808878,0.002369,9.322,20.917,21.012,0.000000
267.974518,-21.347,-29.163210,0.002353,9.321,20.891,20.986,0.000000
268.902130,-21.290,-29.502886,0.002338,9.321,20.865,20.959,0.000000
269.832977,-21.312,-30.419174,0.002343,9.320,20.839,20.933,0.000000
270.767029,-21.233,-32.311188,0.002322,9.319,20.812,20.907,0.000000
271.704315,-21.137,-34.240692,0.002296,9.318,20.786,20.880,0.000000
272.644714,-21.100,-36.430336,0.002285,9.317,20.760,20.854,0.000000
273.588654,-21.069,-38.802757,0.002277,9.317,20.733,20.827,0.000000
274.535583,-21.008,-41.572113,0.002261,9.316,20.707,20.800,0.000000
275.486053,-20.946,-44.676018,0.002244,9.315,20.680,20.773,0.000000
276.439545,-20.983,-48.356396,0.002253,9.314,20.654,20.746,0.000000
277.396454,-21.069,-52.577839,0.002275,9.313,20.627,20.719,0.000000
278.356689,-21.094,-56.844440,0.002282,9.313,20.600,20.692,0.000000
279.320404,-21.221,-61.712124,0.002315,9.312,20.573,20.665,0.000000
280.287170,-21.413,-66.770943,0.002367,9.311,20.546,20.638,0.000000
281.257416,-21.731,-71.968575,0.002455,9.310,20.519,20.610,0.000000
282.231018,-22.122,-78.106995,0.002568,9.309,20.491,20.583,0.000000
283.207977,-22.652,-84.944260,0.002730,9.308,20.464,20.555,0.000000
284.188354,-23.242,-91.908119,0.002922,9.308,20.437,20.527,0.000000
285.171967,-23.912,-99.829475,0.003156,9.307,20.409,20.500,0.000000
286.159271,-24.650,-108.581360,0.003435,9.306,20.381,20.472,0.000000
287.149689,-25.527,-119.297813,0.003799,9.305,20.354,20.444,0.000000
288.143829,-26.425,-131.985336,0.004213,9.304,20.326,20.416,0.000000
289.141144,-27.297,-145.530090,0.004657,9.303,20.298,20.387,0.000000
290.142029,-27.863,-162.286819,0.004970,9.303,20.270,20.359,0.000000
291.146393,-28.268,176.982315,0.005206,9.302,20.242,20.331,0.000000
292.154358,-28.437,153.963882,0.005307,9.301,20.214,20.302,0.000000
293.165558,-28.275,130.872803,0.005208,9.300,20.185,20.274,0.000000
294.180389,-27.854,110.156075,0.004961,9.299,20.157,20.245,0.000000
295.198730,-27.454,91.656006,0.004737,9.298,20.128,20.216,0.000000
296.220581,-27.025,76.899185,0.004508,9.297,20.100,20.187,0.000000
297.246002,-26.344,64.823029,0.004167,9.297,20.071,20.158,0.000000
298.274933,-25.739,54.598286,0.003886,9.296,20.042,20.129,0.000000
299.307465,-25.079,46.599812,0.003601,9.295,20.013,20.100,0.000000
300.343414,-24.610,40.043079,0.003411,9.294,19.984,20.071,0.000000
301.383209,-24.169,34.792469,0.003242,9.293,19.955,20.042,0.000000
302.426361,-23.706,30.139048,0.003073,9.292,19.926,20.012,0.000000
303.473389,-23.185,25.919846,0.002893,9.291,19.897,19.982,0.000000
304.523743,-22.640,22.236319,0.002717,9.290,19.867,19.953,0.000000
305.578033,-22.098,18.564058,0.002552,9.290,19.838,19.923,0.000000
306.635681,-21.639,14.049925,0.002420,9.289,19.808,19.893,0.000000
307.697266,-21.314,9.926363,0.002331,9.288,19.778,19.863,0.000000
308.762268,-20.955,5.173188,0.002236,9.287,19.749,19.833,0.000000
309.831085,-20.671,0.237362,0.002164,9.286,19.719,19.803,0.000000
310.903595,-20.376,-5.217595,0.002092,9.285,19.689,19.772,0.000000
311.979828,-20.204,-10.573722,0.002050,9.284,19.658,19.742,0.000000
313.059784,-20.120,-15.771584,0.002030,9.283,19.628,19.712,0.000000
314.143311,-20.068,-20.728624,0.002017,9.282,19.598,19.681,0.000000
315.230927,-20.168,-24.983976,0.002040,9.281,19.567,19.650,0.000000
316.322113,-20.238,-28.115417,0.002056,9.280,19.537,19.619,0.000000
317.417114,-20.317,-31.237207,0.002074,9.279,19.506,19.588,0.000000
318.515747,-20.347,-34.009239,0.002080,9.279,19.475,19.557,0.000000
319.618469,-20.424,-37.058872,0.002098,9.278,19.445,19.526,0.000000
320.724701,-20.346,-40.309689,0.002079,9.277,19.414,19.495,0.000000
321.835083,-20.316,-43.520256,0.002071,9.276,19.382,19.464,0.000000
322.949005,-20.298,-46.974140,0.002067,9.275,19.351,19.432,0.000000
324.066925,-20.291,-50.931736,0.002064,9.274,19.320,19.400,0.000000
325.188721,-20.276,-55.278107,0.002061,9.273,19.289,19.369,0.000000
326.314392,-20.406,-60.025047,0.002091,9.272,19.257,19.337,0.000000
327.443970,-20.630,-64.127533,0.002145,9.271,19.225,19.305,0.000000
328.577301,-20.944,-68.042389,0.002224,9.270,19.194,19.273,0.000000
329.714874,-21.329,-70.797546,0.002325,9.269,19.162,19.241,0.000000
330.856232,-21.755,-72.868050,0.002441,9.268,19.130,19.209,0.000000
332.001526,-22.055,-74.191063,0.002526,9.267,19.098,19.176,0.000000
333.150635,-22.229,-75.084274,0.002577,9.266,19.066,19.144,0.000000
334.304016,-22.339,-77.312881,0.002609,9.265,19.033,19.111,0.000000
335.461090,-22.396,-79.673935,0.002626,9.264,19.001,19.078,0.000000
336.622498,-22.419,-82.639557,0.002633,9.263,18.968,19.046,0.000000
337.787598,-22.363,-86.060257,0.002615,9.262,18.936,19.013,0.000000
338.956879,-22.206,-90.685600,0.002568,9.261,18.903,18.980,0.000000
340.130219,-22.313,-95.934418,0.002599,9.260,18.870,18.946,0.000000
341.307617,-22.604,-101.763641,0.002688,9.259,18.837,18.913,0.000000
342.489105,-22.907,-108.144188,0.002782,9.258,18.804,18.880,0.000000
343.674652,-23.459,-115.023575,0.002965,9.257,18.771,18.846,0.000000
344.864319,-24.116,-119.638123,0.003198,9.256,18.738,18.813,0.000000
346.058105,-24.838,-122.585594,0.003475,9.255,18.704,18.779,0.000000
347.256042,-25.551,-126.501793,0.003772,9.254,18.671,18.745,0.000000
348.457947,-26.597,-129.397766,0.004255,9.253,18.637,18.711,0.000000
349.664337,-27.733,-129.990906,0.004849,9.252,18.603,18.677,0.000000
350.874573,-28.598,-126.082855,0.005357,9.251,18.569,18.643,0.000000
352.089325,-29.179,-122.197182,0.005727,9.250,18.535,18.609,0.000000
353.307953,-29.837,-119.027161,0.006176,9.249,18.501,18.574,0.000000
354.530975,-30.403,-112.814651,0.006591,9.248,18.467,18.540,0.000000
355.758240,-30.494,-107.109818,0.006659,9.247,18.433,18.505,0.000000
356.989716,-30.688,-104.466370,0.006809,9.246,18.398,18.470,0.000000
358.225494,-30.436,-101.233910,0.006613,9.245,18.364,18.435,0.000000
359.465515,-30.211,-98.637001,0.006442,9.244,18.329,18.400,0.000000
360.709869,-29.973,-99.130768,0.006268,9.243,18.294,18.365,0.000000
361.958496,-29.848,-100.006569,0.006177,9.242,18.259,18.330,0.000000
363.211456,-29.764,-100.146400,0.006116,9.241,18.224,18.294,0.000000
364.468750,-29.406,-100.854416,0.005868,9.240,18.189,18.259,0.000000
365.730408,-28.920,-102.372993,0.005548,9.238,18.153,18.223,0.000000
366.996246,-28.419,-101.501968,0.005236,9.237,18.118,18.187,0.000000
368.266815,-27.770,-100.259323,0.004859,9.236,18.082,18.151,0.000000
369.541443,-26.719,-99.782387,0.004305,9.235,18.047,18.115,0.000000
370.820648,-25.494,-100.691772,0.003739,9.234,18.011,18.079,0.000000
372.104309,-24.423,-103.212845,0.003305,9.233,17.975,18.043,0.000000
373.392395,-23.625,-105.860535,0.003015,9.232,17.939,18.006,0.000000
374.684937,-22.748,-108.856354,0.002725,9.231,17.903,17.970,0.000000
375.982117,-21.906,-112.864761,0.002474,9.230,17.866,17.933,0.000000
377.283447,-21.157,-119.236183,0.002269,9.229,17.830,17.897,0.000000
378.589447,-20.498,-126.150040,0.002103,9.228,17.793,17.860,0.000000
379.899994,-19.973,-133.330566,0.001980,9.226,17.757,17.823,0.000000
381.215057,-19.597,-139.495010,0.001896,9.225,17.720,17.785,0.000000
382.534668,-19.291,-145.752548,0.001831,9.224,17.683,17.748,0.000000
383.858673,-19.074,-152.207779,0.001785,9.223,17.646,17.711,0.000000
385.187622,-18.928,-158.701859,0.001756,9.222,17.609,17.673,0.000000
386.520813,-18.866,-164.725510,0.001743,9.221,17.571,17.635,0.000000
387.859009,-18.860,-170.229416,0.001741,9.220,17.534,17.598,0.000000
389.201416,-18.828,-175.076630,0.001735,9.219,17.496,17.560,0.000000
390.548889,-18.819,-179.505997,0.001732,9.217,17.458,17.522,0.000000
391.900635,-18.830,176.433762,0.001734,9.216,17.421,17.483,0.000000
393.257416,-18.885,172.969971,0.001745,9.215,17.383,17.445,0.000000
394.618530,-18.871,170.450989,0.001742,9.214,17.344,17.407,0.000000
395.984558,-18.690,168.065628,0.001706,9.213,17.306,17.368,0.000000
397.355316,-18.379,165.676712,0.001646,9.212,17.268,17.329,0.000000
398.730804,-18.057,163.074341,0.001586,9.210,17.229,17.290,0.000000
400.111053,-17.736,160.267502,0.001529,9.209,17.191,17.251,0.000000
401.495880,-17.413,156.737946,0.001473,9.208,17.152,17.212,0.000000
402.885895,-17.106,153.396591,0.001422,9.207,17.113,17.173,0.000000
404.280365,-16.756,149.908844,0.001365,9.206,17.074,17.134,0.000000
405.679993,-16.406,146.051559,0.001311,9.205,17.035,17.094,0.000000
407.084106,-16.128,141.520645,0.001270,9.203,16.995,17.054,0.000000
408.493500,-15.918,136.873856,0.001239,9.202,16.956,17.014,0.000000
409.907349,-15.772,132.039139,0.001218,9.201,16.916,16.975,0.000000
411.326477,-15.647,127.518425,0.001201,9.200,16.877,16.934,0.000000
412.750122,-15.616,123.469337,0.001196,9.199,16.837,16.894,0.000000
414.178925,-15.662,119.216469,0.001202,9.197,16.797,16.854,0.000000
415.612640,-15.738,115.542755,0.001213,9.196,16.757,16.813,0.000000
417.051331,-15.866,111.881393,0.001230,9.195,16.716,16.773,0.000000
418.494995,-15.941,109.654099,0.001241,9.194,16.676,16.732,0.000000
419.943481,-16.003,107.367035,0.001250,9.192,16.635,16.691,0.000000
421.397369,-16.024,105.362213,0.001253,9.191,16.595,16.650,0.000000
422.855865,-16.002,103.422775,0.001249,9.190,16.554,16.609,0.000000
424.319855,-15.865,101.820549,0.001229,9.189,16.513,16.567,0.000000
425.788666,-15.661,100.338600,0.001201,9.187,16.472,16.526,0.000000
427.262604,-15.383,98.592155,0.001163,9.186,16.430,16.484,0.000000
428.741394,-15.088,96.131363,0.001124,9.185,16.389,16.442,0.000000
430.225739,-14.819,93.400391,0.001089,9.184,16.347,16.400,0.000000
431.714813,-14.619,90.188148,0.001064,9.182,16.306,16.358,0.000000
433.209259,-14.427,87.112686,0.001041,9.181,16.264,16.316,0.000000
434.708862,-14.280,83.843773,0.001023,9.180,16.222,16.274,0.000000
436.213654,-14.220,80.572052,0.001016,9.179,16.180,16.231,0.000000
437.723663,-14.180,77.173050,0.001011,9.177,16.137,16.188,0.000000
439.238892,-14.174,74.105225,0.001010,9.176,16.095,16.146,0.000000
440.759369,-14.210,71.348701,0.001014,9.175,16.052,16.103,0.000000
442.285095,-14.184,68.895592,0.001011,9.173,16.010,16.059,0.000000
443.816132,-14.137,66.572510,0.001005,9.172,15.967,16.016,0.000000
445.352448,-14.021,64.496590,0.000992,9.171,15.924,15.973,0.000000
446.894073,-13.876,62.189724,0.000975,9.170,15.881,15.929,0.000000
448.440857,-13.649,59.808830,0.000950,9.168,15.837,15.886,0.000000
449.993408,-13.434,56.929676,0.000927,9.167,15.794,15.842,0.000000
451.550873,-13.243,54.041367,0.000906,9.166,15.750,15.798,0.000000
453.114197,-13.104,50.896339,0.000892,9.164,15.706,15.753,0.000000
454.682495,-12.987,47.702168,0.000880,9.163,15.663,15.709,0.000000
456.256409,-12.913,44.703430,0.000872,9.162,15.618,15.665,0.000000
457.835815,-12.852,41.759663,0.000866,9.160,15.574,15.620,0.000000
459.420654,-12.753,39.023262,0.000856,9.159,15.530,15.575,0.000000
461.010986,-12.614,36.478439,0.000842,9.158,15.485,15.530,0.000000
462.606842,-12.394,33.844139,0.000821,9.156,15.441,15.485,0.000000
464.208221,-12.106,31.099838,0.000794,9.155,15.396,15.440,0.000000
465.815125,-11.795,27.857038,0.000766,9.153,15.351,15.395,0.000000
467.427582,-11.408,23.991343,0.000732,9.152,15.306,15.349,0.000000
469.045410,-11.073,19.230808,0.000705,9.151,15.260,15.303,0.000000
470.669312,-10.763,13.343530,0.000680,9.149,15.215,15.257,0.000000
472.298340,-10.606,6.920028,0.000667,9.148,15.169,15.211,0.000000
473.933502,-10.606,0.006228,0.000667,9.147,15.124,15.165,0.000000
475.573853,-10.773,-6.965478,0.000680,9.145,15.078,15.119,0.000000
477.220093,-11.042,-13.022744,0.000702,9.144,15.031,15.072,0.000000
478.872040,-11.404,-18.524076,0.000731,9.142,14.985,15.026,0.000000
480.529724,-11.839,-23.364511,0.000769,9.141,14.939,14.979,0.000000
482.193146,-12.304,-27.205530,0.000811,9.140,14.892,14.932,0.000000
483.862305,-12.768,-30.630047,0.000856,9.138,14.845,14.884,0.000000
485.537262,-13.204,-33.526382,0.000900,9.137,14.799,14.837,0.000000
487.217987,-13.534,-36.326981,0.000935,9.135,14.752,14.790,0.000000
488.904541,-13.761,-39.143597,0.000959,9.134,14.704,14.742,0.000000
490.596710,-13.968,-42.318375,0.000982,9.132,14.657,14.694,0.000000
492.295197,-14.167,-46.136158,0.001005,9.131,14.609,14.646,0.000000
493.999115,-14.354,-50.219028,0.001026,9.130,14.562,14.598,0.000000
495.709381,-14.617,-54.872318,0.001058,9.128,14.514,14.550,0.000000
497.425110,-14.937,-59.301876,0.001097,9.127,14.466,14.501,0.000000
499.147003,-15.296,-63.553398,0.001144,9.125,14.417,14.453,0.000000
500.874847,-15.753,-67.881523,0.001206,9.124,14.378,14.413,0.000000
502.608917,-16.254,-72.187592,0.001277,9.124,14.347,14.382,0.000000
504.348541,-16.778,-76.084473,0.001356,9.124,14.317,14.351,0.000000
506.094391,-17.360,-79.359886,0.001451,9.124,14.286,14.320,0.000000
507.846283,-17.974,-82.358658,0.001557,9.124,14.254,14.289,0.000000
509.604279,-18.554,-85.130424,0.001664,9.124,14.223,14.258,0.000000
511.368317,-19.153,-87.726738,0.001783,9.123,14.192,14.227,0.000000
513.138489,-19.673,-90.438622,0.001893,9.123,14.161,14.195,0.000000
514.914795,-20.176,-93.377342,0.002006,9.123,14.129,14.164,0.000000
516.696960,-20.706,-96.437500,0.002132,9.123,14.098,14.132,0.000000
518.485840,-21.340,-99.165970,0.002294,9.123,14.066,14.100,0.000000
520.280334,-21.998,-101.593727,0.002474,9.123,14.034,14.069,0.000000
522.081360,-22.594,-103.280853,0.002650,9.122,14.002,14.037,0.000000
523.888611,-23.210,-105.000450,0.002846,9.122,13.970,14.005,0.000000
525.702393,-23.695,-106.764519,0.003010,9.122,13.938,13.972,0.000000
527.521912,-24.311,-108.238785,0.003232,9.122,13.906,13.940,0.000000
529.348206,-24.974,-109.887085,0.003488,9.122,13.873,13.908,0.000000
531.180359,-25.549,-110.313148,0.003728,9.121,13.841,13.875,0.000000
533.019104,-25.971,-110.647049,0.003914,9.121,13.808,13.843,0.000000
534.864258,-26.165,-111.681549,0.004002,9.121,13.775,13.810,0.000000
536.715698,-26.253,-114.781410,0.004043,9.121,13.743,13.777,0.000000
538.573608,-26.267,-119.065941,0.004049,9.121,13.710,13.744,0.000000
540.437683,-26.438,-124.056175,0.004130,9.121,13.677,13.711,0.000000
542.308777,-26.685,-130.818924,0.004249,9.120,13.643,13.678,0.000000
544.185730,-26.822,-138.026077,0.004316,9.120,13.610,13.645,0.000000
546.069763,-27.072,-146.121155,0.004443,9.120,13.577,13.611,0.000000
547.959778,-27.356,-155.938721,0.004592,9.120,13.543,13.578,0.000000
549.856873,-27.810,-165.266357,0.004839,9.120,13.510,13.544,0.000000
551.760010,-28.344,-174.158829,0.005147,9.120,13.476,13.510,0.000000
553.670288,-28.831,177.540817,0.005444,9.119,13.442,13.476,0.000000
555.586609,-29.038,168.895035,0.005577,9.119,13.408,13.442,0.000000
557.509827,-28.954,159.817734,0.005524,9.119,13.374,13.408,0.000000
559.439697,-28.800,150.386627,0.005428,9.119,13.340,13.374,0.000000
561.376282,-28.275,140.478516,0.005110,9.119,13.305,13.340,0.000000
563.319519,-27.673,130.225189,0.004769,9.118,13.271,13.305,0.000000
565.269287,-26.847,119.209984,0.004337,9.118,13.236,13.271,0.000000
567.226318,-26.055,107.323059,0.003960,9.118,13.202,13.236,0.000000
569.189514,-25.310,94.565865,0.003635,9.118,13.167,13.201,0.000000
571.160156,-24.722,81.580902,0.003397,9.118,13.132,13.166,0.000000
573.136963,-24.269,69.219788,0.003225,9.117,13.097,13.131,0.000000
575.121216,-23.877,57.602413,0.003082,9.117,13.062,13.096,0.000000
577.111816,-23.558,46.159271,0.002971,9.117,13.026,13.061,0.000000
579.109863,-23.235,34.937454,0.002863,9.117,12.991,13.025,0.000000
581.114197,-22.989,24.080545,0.002783,9.117,12.955,12.990,0.000000
583.125793,-22.986,12.938835,0.002782,9.117,12.920,12.954,0.000000
585.144348,-23.137,0.822741,0.002831,9.116,12.884,12.918,0.000000
587.169922,-23.481,-11.316649,0.002946,9.116,12.848,12.882,0.000000
589.202454,-24.067,-24.277630,0.003152,9.116,12.812,12.846,0.000000
591.241760,-24.939,-36.283012,0.003486,9.116,12.776,12.810,0.000000
593.288696,-26.112,-43.527466,0.003990,9.116,12.740,12.774,0.000000
595.342468,-27.504,-42.524265,0.004684,9.115,12.703,12.737,0.000000
597.403320,-28.983,-38.214214,0.005555,9.115,12.667,12.701,0.000000
599.471008,-30.503,-31.456835,0.006616,9.115,12.630,12.664,0.000000
601.546448,-31.923,-20.697758,0.007790,9.115,12.593,12.627,0.000000
603.628479,-33.032,-9.519525,0.008849,9.115,12.556,12.590,0.000000
605.718262,-33.680,-1.930604,0.009533,9.114,12.519,12.553,0.000000
607.814758,-33.962,2.236251,0.009846,9.114,12.482,12.516,0.000000
609.918762,-33.948,2.430744,0.009829,9.114,12.445,12.479,0.000000
612.030090,-33.675,-1.669305,0.009524,9.114,12.407,12.441,0.000000
614.148682,-33.179,1.971021,0.008994,9.114,12.370,12.404,0.000000
616.274658,-32.348,14.550817,0.008174,9.113,12.332,12.366,0.000000
618.407654,-31.053,38.567223,0.007042,9.113,12.294,12.328,0.000000
620.548645,-29.583,62.852032,0.005945,9.113,12.256,12.290,0.000000
622.696716,-27.935,77.929459,0.004918,9.113,12.218,12.252,0.000000
624.852295,-26.231,83.455818,0.004042,9.113,12.180,12.214,0.000000
627.015259,-24.703,82.934700,0.003390,9.112,12.142,12.175,0.000000
629.185730,-23.551,72.302956,0.002968,9.112,12.103,12.137,0.000000
631.363464,-22.743,59.487907,0.002704,9.112,12.064,12.098,0.000000
633.549316,-22.197,49.673370,0.002539,9.112,12.026,12.059,0.000000
635.742126,-21.719,41.663040,0.002402,9.111,11.987,12.020,0.000000
637.942810,-21.310,34.887062,0.002291,9.111,11.948,11.981,0.000000
640.151123,-21.007,28.947519,0.002212,9.111,11.909,11.942,0.000000
642.367065,-20.805,23.989479,0.002161,9.111,11.869,11.903,0.000000
644.590698,-20.593,20.022213,0.002109,9.111,11.830,11.863,0.000000
646.822327,-20.207,17.395550,0.002017,9.110,11.790,11.824,0.000000
649.061096,-19.709,14.489597,0.001904,9.110,11.751,11.784,0.000000
651.307861,-19.098,10.164827,0.001774,9.110,11.711,11.744,0.000000
653.562439,-18.570,5.087002,0.001669,9.110,11.671,11.704,0.000000
655.824829,-18.097,-0.623164,0.001581,9.110,11.631,11.664,0.000000
658.095032,-17.644,-6.970227,0.001500,9.109,11.591,11.624,0.000000
660.372803,-17.268,-13.862918,0.001436,9.109,11.550,11.584,0.000000
662.659058,-17.002,-21.811926,0.001393,9.109,11.510,11.543,0.000000
664.952637,-16.898,-29.959753,0.001376,9.109,11.469,11.502,0.000000
667.254761,-16.923,-39.068321,0.001380,9.108,11.428,11.461,0.000000
669.564209,-17.061,-48.183270,0.001402,9.108,11.387,11.420,0.000000
671.882019,-17.378,-57.713371,0.001453,9.108,11.346,11.379,0.000000
674.207764,-17.861,-66.253769,0.001536,9.108,11.305,11.338,0.000000
676.541992,-18.471,-73.794991,0.001648,9.108,11.263,11.297,0.000000
678.883545,-19.127,-80.569984,0.001777,9.107,11.222,11.255,0.000000
681.233582,-19.772,-87.050171,0.001913,9.107,11.180,11.213,0.000000
683.591797,-20.245,-93.930984,0.002020,9.107,11.138,11.172,0.000000
685.958130,-20.609,-102.181358,0.002106,9.107,11.096,11.130,0.000000
688.332642,-20.899,-111.971191,0.002178,9.106,11.054,11.088,0.000000
690.715027,-21.162,-124.296570,0.002245,9.106,11.012,11.045,0.000000
693.106384,-21.495,-139.323639,0.002332,9.106,10.970,11.003,0.000000
695.505310,-21.828,-158.020325,0.002423,9.106,10.927,10.960,0.000000
697.913208,-22.198,178.907303,0.002529,9.106,10.885,10.918,0.000000
700.328796,-22.730,152.182861,0.002689,9.105,10.842,10.875,0.000000
702.753052,-23.424,127.321114,0.002912,9.105,10.799,10.832,0.000000
705.185730,-24.223,107.473007,0.003193,9.105,10.756,10.789,0.000000
707.627136,-24.929,92.049393,0.003463,9.105,10.712,10.745,0.000000
710.076355,-25.285,79.284599,0.003608,9.104,10.669,10.702,0.000000
712.534363,-25.263,67.950783,0.003599,9.104,10.625,10.658,0.000000
715.000854,-24.879,58.865063,0.003443,9.104,10.582,10.614,0.000000
717.475891,-24.285,51.231750,0.003216,9.104,10.538,10.571,0.000000
719.959534,-23.598,44.809925,0.002972,9.103,10.494,10.527,0.000000
722.451416,-22.837,38.747398,0.002723,9.103,10.449,10.482,0.000000
724.952637,-22.004,31.801311,0.002474,9.103,10.405,10.438,0.000000
727.461792,-21.251,24.324730,0.002269,9.103,10.361,10.393,0.000000
729.980347,-20.605,16.311939,0.002107,9.103,10.316,10.349,0.000000
732.506897,-20.026,8.803118,0.001971,9.102,10.271,10.304,0.000000
735.042908,-19.661,0.590500,0.001891,9.102,10.226,10.259,0.000000
737.586975,-19.436,-7.440521,0.001842,9.102,10.181,10.214,0.000000
740.140564,-19.332,-15.002490,0.001821,9.102,10.136,10.169,0.000000
742.702332,-19.304,-22.524771,0.001815,9.101,10.090,10.123,0.000000
745.273254,-19.364,-29.573624,0.001828,9.101,10.045,10.077,0.000000
747.853088,-19.490,-36.367699,0.001855,9.101,9.999,10.032,0.000000
750.441895,-19.652,-42.714115,0.001891,9.101,9.953,9.986,0.000000
753.039612,-19.865,-49.176353,0.001938,9.100,9.907,9.940,0.000000
755.646362,-20.120,-55.949783,0.001996,9.100,9.861,9.893,0.000000
758.262146,-20.390,-62.761303,0.002059,9.100,9.814,9.847,0.000000
760.886597,-20.712,-70.304482,0.002137,9.100,9.768,9.800,0.000000
763.520813,-21.181,-78.951134,0.002256,9.099,9.721,9.754,0.000000
766.163818,-21.846,-88.596336,0.002436,9.099,9.674,9.707,0.000000
768.816040,-22.771,-98.894722,0.002711,9.099,9.627,9.660,0.000000
771.476990,-24.075,-107.644936,0.003150,9.099,9.580,9.613,0.000000
774.147888,-25.593,-105.738144,0.003752,9.098,9.533,9.565,0.000000
776.827332,-27.087,-100.087387,0.004457,9.098,9.485,9.518,0.000000
779.516785,-28.427,-92.310455,0.005202,9.098,9.438,9.470,0.000000
782.214844,-29.457,-84.048019,0.005857,9.098,9.390,9.422,0.000000
784.922546,-30.201,-76.459656,0.006383,9.097,9.342,9.374,0.000000
787.639648,-30.815,-69.476646,0.006852,9.097,9.294,9.326,0.000000
790.366150,-30.815,-62.980686,0.006854,9.097,9.245,9.278,0.000000
793.102112,-30.200,-59.382347,0.006387,9.096,9.197,9.229,0.000000
795.847107,-29.592,-66.864243,0.005958,9.096,9.148,9.180,0.000000
798.602417,-29.557,-78.325851,0.005935,9.096,9.099,9.131,0.000000
801.366882,-30.180,-86.148285,0.006379,9.096,9.050,9.082,0.000000
804.140930,-30.934,-87.242348,0.006961,9.095,9.001,9.033,0.000000
806.924133,-31.505,-88.341530,0.007435,9.095,8.952,8.984,0.000000
809.717773,-31.489,-93.285561,0.007423,9.095,8.902,8.934,0.000000
812.520325,-31.454,-103.098267,0.007394,9.095,8.852,8.885,0.000000
815.333374,-31.581,-116.827019,0.007505,9.094,8.803,8.835,0.000000
818.155334,-31.576,-131.949310,0.007502,9.094,8.753,8.785,0.000000
820.987488,-31.242,-149.261246,0.007220,9.094,8.702,8.734,0.000000
823.829407,-30.449,172.101288,0.006591,9.094,8.652,8.684,0.000000
826.681213,-29.565,135.502502,0.005954,9.093,8.601,8.633,0.000000
829.542847,-28.588,115.435249,0.005322,9.093,8.551,8.583,0.000000
832.414429,-27.776,97.917435,0.004848,9.093,8.500,8.532,0.000000
835.295898,-26.947,80.766418,0.004407,9.092,8.449,8.481,0.000000
838.187378,-26.067,64.612747,0.003983,9.092,8.397,8.429,0.000000
841.088867,-25.276,48.577862,0.003637,9.092,8.346,8.378,0.000000
844.000000,-24.762,33.933136,0.003429,9.092,8.294,8.326,0.000000
846.921997,-24.542,20.206110,0.003343,9.091,8.243,8.274,0.000000
849.853333,-24.485,9.640305,0.003322,9.091,8.191,8.222,0.000000
852.795593,-24.438,2.522166,0.003305,9.091,8.138,8.170,0.000000
855.747253,-24.187,-3.901747,0.003211,9.091,8.086,8.118,0.000000
858.709534,-23.865,-10.890841,0.003095,9.090,8.034,8.065,0.000000
861.682068,-23.717,-18.083996,0.003043,9.090,7.981,8.012,0.000000
864.664856,-23.680,-24.957083,0.003031,9.090,7.928,7.960,0.000000
867.657959,-23.551,-31.532942,0.002986,9.089,7.875,7.906,0.000000
870.661499,-23.355,-39.357765,0.002919,9.089,7.822,7.853,0.000000
873.675354,-23.243,-50.772324,0.002882,9.089,7.768,7.800,0.000000
876.699707,-23.476,-66.948273,0.002960,9.089,7.715,7.746,0.000000
879.734497,-24.272,-84.986626,0.003244,9.088,7.661,7.692,0.000000
882.779419,-25.656,-99.781303,0.003805,9.088,7.607,7.638,0.000000
885.835632,-27.031,-108.609756,0.004457,9.088,7.553,7.584,0.000000
888.901672,-28.146,-120.674255,0.005068,9.087,7.498,7.530,0.000000
891.979126,-29.216,-148.588394,0.005732,9.087,7.444,7.475,0.000000
895.066406,-30.217,50.620499,0.006432,9.087,7.389,7.420,0.000000
898.164734,-30.944,41.482548,0.006994,9.086,7.334,7.365,0.000000
901.273865,-30.864,32.892921,0.006930,9.086,7.279,7.310,0.000000
904.393738,-30.075,22.732151,0.006328,9.086,7.224,7.255,0.000000
907.524414,-28.851,12.689420,0.005497,9.086,7.168,7.199,0.000000
910.665894,-27.653,3.176835,0.004788,9.085,7.112,7.144,0.000000
913.818298,-26.759,-6.035532,0.004320,9.085,7.056,7.088,0.000000
916.981567,-26.082,-14.038266,0.003996,9.085,7.000,7.031,0.000000
920.155823,-25.550,-21.031523,0.003759,9.084,6.944,6.975,0.000000
923.341003,-24.960,-28.848526,0.003512,9.084,6.888,6.919,0.000000
926.537292,-24.423,-38.545895,0.003301,9.084,6.831,6.862,0.000000
929.744141,-24.126,-50.949280,0.003189,9.083,6.774,6.805,0.000000
932.963013,-24.190,-65.895332,0.003213,9.083,6.717,6.748,0.000000
936.192139,-24.644,-81.715637,0.003384,9.083,6.660,6.691,0.000000
939.432861,-25.213,-92.995560,0.003613,9.083,6.602,6.633,0.000000
942.684814,-25.611,-94.128769,0.003782,9.082,6.545,6.576,0.000000
945.948486,-25.711,-81.401192,0.003825,9.082,6.487,6.518,0.000000
949.222534,-25.633,-64.306694,0.003791,9.082,6.429,6.460,0.000000
952.508850,-25.648,-60.796234,0.003797,9.081,6.370,6.401,0.000000
955.805603,-25.645,-64.277176,0.003796,9.081,6.312,6.343,0.000000
959.114258,-25.470,-68.584862,0.003720,9.081,6.253,6.284,0.000000
962.434326,-25.028,-67.274841,0.003535,9.080,6.194,6.225,0.000000
965.765930,-24.473,-77.909424,0.003317,9.080,6.135,6.166,0.000000
969.109009,-24.101,-115.891731,0.003178,9.080,6.076,6.107,0.000000
972.463257,-23.900,177.262192,0.003105,9.079,6.017,6.047,0.000000
975.830017,-23.873,130.313980,0.003095,9.079,5.957,5.988,0.000000
979.207458,-23.920,100.947121,0.003112,9.079,5.897,5.928,0.000000
982.597595,-24.266,77.419960,0.003239,9.078,5.837,5.868,0.000000
985.998474,-25.081,54.256233,0.003557,9.078,5.777,5.807,0.000000
989.412109,-25.934,51.913181,0.003924,9.078,5.716,5.747,0.000000
992.836609,-26.154,47.853546,0.004025,9.077,5.655,5.686,0.000000
996.273926,-25.820,42.351189,0.003873,9.077,5.594,5.625,0.000000
999.722168,-25.112,36.924000,0.003570,9.077,5.533,5.564,0.000000
1003.182800,-24.303,31.111271,0.003252,9.077,5.503,5.534,0.000000
1006.655457,-23.630,25.876461,0.003010,9.077,5.476,5.506,0.000000
1010.140076,-23.100,23.180487,0.002832,9.076,5.448,5.479,0.000000
1013.636780,-22.504,21.916412,0.002644,9.076,5.420,5.451,0.000000
1017.145142,-22.045,10.557806,0.002508,9.076,5.393,5.424,0.000000
1020.666565,-22.111,-4.330682,0.002527,9.076,5.365,5.396,0.000000
1024.199219,-22.505,-11.185285,0.002644,9.076,5.337,5.368,0.000000
1027.745117,-23.046,-15.887426,0.002814,9.076,5.309,5.340,0.000000
1031.302246,-23.773,-20.188751,0.003060,9.076,5.281,5.312,0.000000
1034.872803,-24.500,-23.368393,0.003327,9.076,5.252,5.284,0.000000
1038.454590,-25.247,-25.091761,0.003626,9.075,5.224,5.256,0.000000
1042.049805,-25.654,-24.435392,0.003800,9.075,5.196,5.228,0.000000
1045.656494,-25.472,-23.651089,0.003722,9.075,5.167,5.199,0.000000
1049.276123,-25.066,-25.614748,0.003553,9.075,5.139,5.171,0.000000
1052.908325,-24.789,-33.917507,0.003442,9.075,5.110,5.142,0.000000
1056.553101,-25.136,-45.966213,0.003583,9.075,5.081,5.113,0.000000
1060.210571,-26.091,-53.489445,0.004000,9.075,5.052,5.084,0.000000
1063.880005,-27.063,-49.528454,0.004474,9.074,5.023,5.056,0.000000
1067.563354,-27.769,-43.390583,0.004854,9.074,4.994,5.026,0.000000
1071.258301,-28.292,-37.424019,0.005156,9.074,4.965,4.997,0.000000
1074.967041,-28.915,-30.722801,0.005540,9.074,4.935,4.968,0.000000
1078.688232,-29.270,-20.568113,0.005772,9.074,4.906,4.939,0.000000
1082.422241,-28.774,-12.059509,0.005453,9.074,4.876,4.909,0.000000
1086.168579,-27.805,-8.008792,0.004878,9.074,4.847,4.880,0.000000
1089.929077,-26.512,-9.111076,0.004204,9.074,4.817,4.850,0.000000
1093.701416,-25.633,-23.766340,0.003800,9.073,4.787,4.821,0.000000
1097.487427,-25.579,-38.659309,0.003777,9.073,4.757,4.791,0.000000
1101.286499,-25.885,-46.212486,0.003913,9.073,4.727,4.761,0.000000
1105.098755,-26.016,-42.985245,0.003973,9.073,4.697,4.731,0.000000
1108.924194,-26.034,-29.443787,0.003982,9.073,4.667,4.701,0.000000
1112.762817,-26.026,0.759986,0.003979,9.073,4.636,4.670,0.000000
1116.614746,-25.999,30.995815,0.003968,9.073,4.606,4.640,0.000000
1120.480103,-25.808,40.535618,0.003883,9.072,4.575,4.610,0.000000
1124.358765,-25.508,36.897640,0.003753,9.072,4.545,4.579,0.000000
1128.250854,-25.057,26.469357,0.003564,9.072,4.514,4.548,0.000000
1132.156372,-24.640,9.797020,0.003398,9.072,4.483,4.518,0.000000
1136.075562,-24.566,-6.271762,0.003370,9.072,4.452,4.487,0.000000
1140.007568,-24.851,-17.844755,0.003484,9.072,4.421,4.456,0.000000
1143.953857,-25.416,-24.138779,0.003719,9.072,4.389,4.425,0.000000
1147.913818,-26.160,-25.920853,0.004052,9.071,4.358,4.393,0.000000
1151.887451,-26.909,-26.687420,0.004418,9.071,4.327,4.362,0.000000
1155.874878,-27.636,-26.259050,0.004804,9.071,4.295,4.331,0.000000
1159.876099,-27.992,-25.644426,0.005006,9.071,4.264,4.299,0.000000
1163.891113,-28.459,-24.931887,0.005284,9.071,4.232,4.268,0.000000
1167.920044,-28.696,-20.833120,0.005431,9.071,4.200,4.236,0.000000
1171.962891,-28.274,-16.981478,0.005175,9.071,4.168,4.204,0.000000
1176.019775,-27.671,-16.009102,0.004830,9.070,4.136,4.172,0.000000
1180.090698,-27.164,-18.452106,0.004558,9.070,4.104,4.140,0.000000
1184.175781,-27.015,-20.226303,0.004481,9.070,4.071,4.108,0.000000
1188.274902,-26.818,-20.798243,0.004382,9.070,4.039,4.075,0.000000
1192.388306,-26.769,-20.467783,0.004359,9.070,4.006,4.043,0.000000
1196.515259,-26.404,-17.741322,0.004182,9.070,3.974,4.011,0.000000
1200.657227,-25.411,-16.569977,0.003731,9.070,3.941,3.978,0.000000
1204.813965,-24.499,-19.666443,0.003360,9.069,3.908,3.945,0.000000
1208.984009,-23.740,-23.679382,0.003080,9.069,3.875,3.912,0.000000
1213.169067,-23.116,-28.795708,0.002868,9.069,3.842,3.879,0.000000
1217.368530,-22.783,-35.588955,0.002761,9.069,3.809,3.846,0.000000
1221.582642,-22.748,-42.507027,0.002751,9.069,3.775,3.813,0.000000
1225.811279,-22.695,-49.013279,0.002734,9.069,3.742,3.780,0.000000
1230.054565,-22.778,-56.742908,0.002761,9.069,3.708,3.746,0.000000
1234.311890,-23.134,-63.311207,0.002877,9.068,3.675,3.713,0.000000
1238.585205,-23.614,-69.262482,0.003041,9.068,3.641,3.679,0.000000
1242.872803,-24.065,-75.680763,0.003204,9.068,3.607,3.645,0.000000
1247.175049,-24.655,-83.415070,0.003429,9.068,3.573,3.611,0.000000
1251.492310,-25.405,-91.617645,0.003739,9.068,3.539,3.577,0.000000
1255.823975,-26.104,-102.082314,0.004054,9.068,3.504,3.543,0.000000
1260.171753,-27.068,-115.320427,0.004530,9.067,3.470,3.509,0.000000
1264.533325,-28.221,-130.230255,0.005174,9.067,3.436,3.475,0.000000
1268.911255,-28.810,-149.975983,0.005538,9.067,3.401,3.440,0.000000
1273.303101,-29.040,-174.398163,0.005688,9.067,3.366,3.406,0.000000
1277.710815,-28.950,158.222183,0.005630,9.067,3.331,3.371,0.000000
1282.133789,-28.552,126.095695,0.005379,9.067,3.296,3.336,0.000000
1286.572021,-27.998,87.261513,0.005047,9.067,3.261,3.301,0.000000
1291.025024,-27.222,51.605808,0.004617,9.066,3.226,3.266,0.000000
1295.494751,-26.142,25.800550,0.004078,9.066,3.191,3.231,0.000000
1299.979248,-25.336,5.418369,0.003717,9.066,3.155,3.195,0.000000
1304.479248,-24.772,-12.565890,0.003484,9.066,3.120,3.160,0.000000
1308.994873,-24.522,-28.967165,0.003386,9.066,3.084,3.124,0.000000
1313.525513,-24.712,-44.312775,0.003461,9.066,3.048,3.089,0.000000
1318.072998,-25.383,-58.716980,0.003740,9.065,3.012,3.053,0.000000
1322.635010,-26.332,-72.684235,0.004172,9.065,2.976,3.017,0.000000
1327.214111,-27.442,-85.053162,0.004741,9.065,2.940,2.981,0.000000
1331.807739,-28.823,-95.588791,0.005560,9.065,2.903,2.945,0.000000
1336.417969,-29.867,-100.229286,0.006271,9.065,2.867,2.908,0.000000
1341.044189,-29.886,-96.942513,0.006285,9.065,2.830,2.872,0.000000
1345.686401,-29.361,-64.593544,0.005917,9.064,2.794,2.835,0.000000
1350.344604,-28.720,-21.363770,0.005496,9.064,2.757,2.799,0.000000
1355.018921,-28.109,-7.426056,0.005123,9.064,2.720,2.762,0.000000
1359.709595,-27.147,-8.257358,0.004585,9.064,2.683,2.725,0.000000
1364.416382,-26.061,-17.040619,0.004046,9.064,2.645,2.688,0.000000
1369.139404,-25.221,-32.666729,0.003674,9.064,2.608,2.650,0.000000
1373.878174,-24.994,-53.264900,0.003579,9.063,2.570,2.613,0.000000
1378.634644,-25.479,-73.323921,0.003784,9.063,2.533,2.576,0.000000
1383.406372,-26.478,-92.271271,0.004245,9.063,2.495,2.538,0.000000
1388.195801,-27.896,-99.553612,0.004999,9.063,2.457,2.500,0.000000
1393.000610,-29.154,-101.724968,0.005777,9.063,2.419,2.462,0.000000
1397.822632,-30.661,-114.459465,0.006872,9.063,2.381,2.424,0.000000
1402.661377,-32.654,-134.701050,0.008644,9.062,2.343,2.386,0.000000
1407.516846,-34.124,-154.633606,0.010239,9.062,2.304,2.348,0.000000
1412.389771,-34.906,-145.139877,0.011203,9.062,2.266,2.310,0.000000
1417.278198,-35.148,-24.124435,0.011520,9.062,2.227,2.271,0.000000
1422.184326,-35.035,-20.676666,0.011370,9.062,2.188,2.233,0.000000
1427.107300,-34.981,-42.900387,0.011301,9.061,2.149,2.194,0.000000
1432.047485,-34.705,-57.675667,0.010946,9.061,2.110,2.155,0.000000
1437.004639,-34.201,45.573708,0.010329,9.061,2.071,2.116,0.000000
1441.979004,-33.485,39.573181,0.009511,9.061,2.032,2.077,0.000000
1446.969849,-32.767,28.579256,0.008754,9.061,1.992,2.037,0.000000
1451.979492,-32.439,30.426815,0.008429,9.061,1.953,1.998,0.000000
1457.005005,-31.851,39.795155,0.007875,9.060,1.913,1.958,0.000000
1462.048584,-31.142,45.388062,0.007256,9.060,1.873,1.918,0.000000
1467.109619,-30.389,42.496468,0.006653,9.060,1.833,1.879,0.000000
1472.188110,-30.089,32.235237,0.006427,9.060,1.793,1.839,0.000000
1477.285034,-30.097,21.801231,0.006433,9.060,1.752,1.798,0.000000
1482.398071,-30.503,14.331444,0.006740,9.060,1.712,1.758,0.000000
1487.529541,-31.222,14.150431,0.007322,9.059,1.671,1.718,0.000000
1492.678833,-31.363,19.105700,0.007442,9.059,1.631,1.677,0.000000
1497.845947,-30.232,24.541550,0.006533,9.059,1.590,1.636,0.000000
1503.030884,-28.821,26.903200,0.005554,9.059,1.549,1.596,0.000000
1508.233765,-28.005,28.102179,0.005055,9.059,1.508,1.555,0.000000
1513.453979,-27.143,30.799675,0.004577,9.058,1.466,1.513,0.000000
1518.693726,-25.920,31.972517,0.003975,9.058,1.425,1.472,0.000000
1523.950195,-24.715,30.882177,0.003459,9.058,1.383,1.431,0.000000
1529.226196,-24.035,23.758991,0.003198,9.058,1.341,1.389,0.000000
1534.519775,-23.565,16.108402,0.003029,9.058,1.300,1.347,0.000000
1539.831055,-23.054,8.674733,0.002856,9.057,1.258,1.306,0.000000
1545.161987,-22.662,1.998387,0.002730,9.057,1.215,1.264,0.000000
1550.510010,-22.167,-3.860874,0.002579,9.057,1.173,1.221,0.000000
1555.877319,-21.463,-11.116900,0.002378,9.057,1.131,1.179,0.000000
1561.263184,-21.025,-21.312706,0.002261,9.057,1.088,1.137,0.000000
1566.667725,-21.122,-31.959249,0.002286,9.056,1.045,1.094,0.000000
1572.090820,-21.271,-41.210369,0.002326,9.056,1.002,1.051,0.000000
1577.532837,-21.202,-53.115288,0.002307,9.056,0.959,1.009,0.000000
1582.992920,-21.628,-67.382034,0.002424,9.056,0.916,0.966,0.000000
1588.473389,-22.451,-82.012741,0.002664,9.056,0.873,0.922,0.000000
1593.971313,-23.698,-96.876480,0.003076,9.056,0.829,0.879,0.000000
1599.489746,-25.489,-110.001312,0.003780,9.055,0.786,0.836,0.000000
1605.026611,-27.845,-119.496002,0.004958,9.055,0.742,0.792,0.000000
1610.581787,-29.808,-134.560074,0.006215,9.055,0.698,0.748,0.000000
1616.157837,-30.470,-147.601425,0.006707,9.055,0.654,0.704,0.000000
1621.751587,-30.554,-156.632156,0.006772,9.055,0.609,0.660,0.000000
1627.366211,-30.278,-159.144272,0.006560,9.054,0.565,0.616,0.000000
1632.998779,-29.937,-111.895958,0.006308,9.054,0.520,0.572,0.000000
1638.651611,-29.849,-99.227554,0.006244,9.054,0.476,0.527,0.000000
1644.323975,-29.697,-129.432098,0.006136,9.054,0.431,0.482,0.000000
1650.015991,-28.977,95.467369,0.005648,9.054,0.386,0.438,0.000000
1655.726929,-28.361,48.386532,0.005261,9.053,0.341,0.393,0.000000
1661.459229,-28.106,29.891830,0.005109,9.053,0.295,0.347,0.000000
1667.209717,-27.963,24.545261,0.005026,9.053,0.250,0.302,0.000000
1672.981812,-28.119,28.205555,0.005117,9.053,0.204,0.257,0.000000
1678.772949,-28.166,33.041454,0.005145,9.052,0.158,0.211,0.000000
1684.583496,-27.949,25.002798,0.005018,9.052,0.112,0.165,0.000000
1690.415649,-27.816,9.471388,0.004941,9.052,0.066,0.119,0.000000
1696.266357,-27.837,0.140295,0.004953,9.052,0.020,0.073,0.000000
1702.139038,-27.577,1.391332,0.004807,9.052,-0.027,0.027,0.000000
1708.030396,-26.796,0.566435,0.004394,9.051,-0.073,-0.020,0.000000
1713.942871,-26.250,-1.183491,0.004126,9.051,-0.120,-0.066,0.000000
1719.875977,-25.409,-2.575087,0.003745,9.051,-0.167,-0.113,0.000000
1725.829468,-25.149,-9.075199,0.003635,9.051,-0.214,-0.160,0.000000
1731.802856,-25.405,-9.701828,0.003744,9.051,-0.261,-0.207,0.000000
1737.798462,-25.534,2.595342,0.003801,9.050,-0.309,-0.254,0.000000
1743.814087,-25.138,8.481541,0.003632,9.050,-0.356,-0.301,0.000000
1749.850464,-24.540,-0.608307,0.003391,9.050,-0.404,-0.349,0.000000
1755.907837,-24.455,-10.326570,0.003358,9.050,-0.452,-0.397,0.000000
1761.985229,-24.749,-18.045946,0.003475,9.050,-0.500,-0.445,0.000000
1768.085449,-25.263,-21.692471,0.003687,9.049,-0.548,-0.493,0.000000
1774.204956,-25.060,-23.864658,0.003603,9.049,-0.597,-0.541,0.000000
1780.347412,-24.523,-26.187265,0.003387,9.049,-0.645,-0.589,0.000000
1786.509521,-23.585,-31.469049,0.003041,9.049,-0.694,-0.638,0.000000
1792.693726,-22.674,-42.771248,0.002739,9.048,-0.743,-0.687,0.000000
1798.899292,-22.062,-56.286377,0.002553,9.048,-0.792,-0.735,0.000000
1805.126465,-21.930,-70.238182,0.002515,9.048,-0.841,-0.785,0.000000
1811.375122,-22.057,-85.990379,0.002552,9.048,-0.891,-0.834,0.000000
1817.645386,-22.257,-108.325279,0.002612,9.048,-0.940,-0.883,0.000000
1823.937378,-22.842,-134.100967,0.002795,9.047,-0.990,-0.933,0.000000
1830.251099,-23.757,-162.749329,0.003105,9.047,-1.040,-0.983,0.000000
1836.586792,-24.893,165.685349,0.003540,9.047,-1.090,-1.032,0.000000
1842.943481,-26.097,139.129166,0.004067,9.047,-1.140,-1.083,0.000000
1849.323853,-28.082,115.589256,0.005112,9.046,-1.191,-1.133,0.000000
1855.724609,-30.261,90.786423,0.006571,9.046,-1.242,-1.183,0.000000
1862.149292,-32.297,69.296120,0.008308,9.046,-1.292,-1.234,0.000000
1868.594482,-33.517,64.171722,0.009562,9.046,-1.343,-1.285,0.000000
1875.062866,-34.404,54.315662,0.010592,9.045,-1.395,-1.336,0.000000
1881.553589,-34.913,41.248337,0.011234,9.045,-1.446,-1.387,0.000000
1888.066772,-34.015,44.090519,0.010132,9.045,-1.497,-1.438,0.000000
1894.603516,-32.786,48.160099,0.008797,9.045,-1.549,-1.490,0.000000
1901.161011,-31.558,66.749664,0.007640,9.045,-1.601,-1.541,0.000000
1907.742065,-30.057,75.233902,0.006429,9.044,-1.653,-1.593,0.000000
1914.345947,-29.393,84.527756,0.005959,9.044,-1.705,-1.645,0.000000
1920.972656,-27.785,82.650101,0.004953,9.044,-1.758,-1.697,0.000000
1927.622314,-25.669,78.833679,0.003883,9.044,-1.810,-1.750,0.000000
1934.295044,-23.652,78.163666,0.003080,9.043,-1.863,-1.802,0.000000
1940.989868,-21.723,67.912521,0.002467,9.043,-1.916,-1.855,0.000000
1947.709717,-20.814,51.562607,0.002223,9.043,-1.969,-1.908,0.000000
1954.451050,-20.910,34.542889,0.002248,9.043,-2.023,-1.961,0.000000
1961.216675,-21.206,24.302076,0.002326,9.042,-2.076,-2.014,0.000000
1968.005615,-21.070,12.802623,0.002290,9.042,-2.130,-2.068,0.000000
1974.818115,-21.248,2.566472,0.002338,9.042,-2.184,-2.122,0.000000
1981.655151,-21.767,-4.899268,0.002482,9.042,-2.238,-2.175,0.000000
1988.513916,-22.648,-10.984834,0.002748,9.041,-2.292,-2.229,0.000000
1995.397339,-24.066,-15.072118,0.003235,9.041,-2.347,-2.284,0.000000
2002.304688,-25.510,-13.791252,0.003821,9.041,-2.388,-2.325,0.000000
2009.235840,-25.473,-9.905803,0.003806,9.041,-2.404,-2.340,0.000000
2016.191040,-24.567,-12.418010,0.003429,9.041,-2.419,-2.356,0.000000
2023.170288,-24.295,-17.621483,0.003324,9.041,-2.435,-2.371,0.000000
2030.172852,-23.809,-22.572329,0.003144,9.041,-2.451,-2.387,0.000000
2037.201416,-23.715,-32.343067,0.003111,9.041,-2.467,-2.402,0.000000
2044.252441,-23.946,-39.435081,0.003196,9.041,-2.483,-2.418,0.000000
2051.329834,-24.008,-47.263935,0.003220,9.041,-2.499,-2.434,0.000000
2058.430908,-24.259,-56.984940,0.003316,9.041,-2.515,-2.449,0.000000
2065.555420,-24.848,-67.635765,0.003550,9.041,-2.531,-2.465,0.000000
2072.706543,-25.675,-77.485428,0.003906,9.041,-2.547,-2.481,0.000000
2079.880371,-26.517,-89.855270,0.004304,9.041,-2.563,-2.497,0.000000
2087.080078,-27.544,-97.924973,0.004845,9.041,-2.579,-2.513,0.000000
2094.304932,-28.867,-95.254822,0.005644,9.041,-2.595,-2.529,0.000000
2101.554443,-29.278,-89.429123,0.005918,9.041,-2.612,-2.545,0.000000
2108.829346,-29.628,-101.017410,0.006163,9.041,-2.628,-2.561,0.000000
2116.129150,-29.575,-123.998306,0.006126,9.041,-2.644,-2.577,0.000000
2123.453369,-28.545,-161.330826,0.005442,9.041,-2.661,-2.593,0.000000
2130.804932,-27.245,138.756226,0.004687,9.041,-2.678,-2.610,0.000000
2138.180176,-26.421,87.140358,0.004264,9.041,-2.694,-2.626,0.000000
2145.582520,-25.579,50.383419,0.003871,9.040,-2.711,-2.643,0.000000
2153.009766,-24.895,33.347992,0.003580,9.040,-2.728,-2.659,0.000000
2160.461670,-24.477,30.445930,0.003412,9.040,-2.744,-2.675,0.000000
2167.941406,-24.185,30.770185,0.003301,9.040,-2.761,-2.692,0.000000
2175.445068,-24.299,18.143463,0.003345,9.040,-2.778,-2.709,0.000000
2182.976562,-24.973,3.018440,0.003616,9.040,-2.795,-2.725,0.000000
2190.532227,-26.028,-11.220880,0.004084,9.040,-2.812,-2.742,0.000000
2198.114990,-27.140,-25.336914,0.004642,9.040,-2.829,-2.759,0.000000
2205.723877,-27.780,-25.586611,0.004998,9.040,-2.846,-2.776,0.000000
2213.359375,-27.865,-21.398010,0.005048,9.040,-2.863,-2.793,0.000000
2221.020020,-27.662,-20.163517,0.004933,9.040,-2.881,-2.810,0.000000
2228.709473,-27.756,-22.085756,0.004987,9.040,-2.898,-2.827,0.000000
2236.423340,-27.725,-23.463013,0.004970,9.040,-2.915,-2.844,0.000000
2244.166016,-27.589,-28.237034,0.004894,9.040,-2.933,-2.861,0.000000
2251.934570,-27.715,-38.381367,0.004966,9.040,-2.950,-2.878,0.000000
2259.728760,-27.635,-18.372023,0.004921,9.040,-2.968,-2.895,0.000000
2267.552002,-27.852,-7.019460,0.005047,9.040,-2.985,-2.913,0.000000
2275.400391,-28.645,-16.528954,0.005530,9.040,-3.003,-2.930,0.000000
2283.278076,-29.926,-27.982311,0.006410,9.040,-3.021,-2.948,0.000000
2291.180908,-30.573,-12.168032,0.006909,9.040,-3.039,-2.965,0.000000
2299.112061,-31.173,35.137779,0.007405,9.040,-3.056,-2.983,0.000000
2307.070557,-31.529,63.788788,0.007717,9.040,-3.074,-3.000,0.000000
2315.056885,-30.767,64.471527,0.007072,9.040,-3.092,-3.018,0.000000
2323.069580,-29.745,57.594841,0.006289,9.040,-3.110,-3.036,0.000000
2331.112305,-28.152,54.566864,0.005237,9.040,-3.129,-3.054,0.000000
2339.181641,-26.730,54.333641,0.004447,9.040,-3.147,-3.072,0.000000
2347.279053,-25.138,55.226585,0.003703,9.040,-3.165,-3.089,0.000000
2355.404297,-23.561,44.101402,0.003089,9.040,-3.183,-3.107,0.000000
2363.556885,-22.416,33.322395,0.002708,9.040,-3.202,-3.126,0.000000
2371.739746,-22.001,19.466728,0.002582,9.040,-3.220,-3.144,0.000000
2379.948486,-21.778,3.348653,0.002517,9.040,-3.239,-3.162,0.000000
2388.188232,-22.153,-11.005411,0.002628,9.040,-3.257,-3.180,0.000000
2396.454102,-22.785,-20.079988,0.002827,9.040,-3.276,-3.198,0.000000
2404.749512,-23.629,-25.979561,0.003116,9.040,-3.294,-3.217,0.000000
2413.073975,-24.476,-27.039206,0.003436,9.040,-3.313,-3.235,0.000000
2421.427002,-24.803,-29.259228,0.003568,9.040,-3.332,-3.254,0.000000
2429.809082,-25.687,-34.560242,0.003952,9.039,-3.351,-3.272,0.000000
2438.220215,-25.980,-36.738926,0.004088,9.039,-3.370,-3.291,0.000000
2446.660400,-26.416,-43.640373,0.004299,9.039,-3.389,-3.310,0.000000
2455.129883,-26.965,-40.471786,0.004581,9.039,-3.408,-3.328,0.000000
2463.628418,-26.901,-49.530861,0.004549,9.039,-3.427,-3.347,0.000000
2472.155518,-27.022,-64.556671,0.004614,9.039,-3.446,-3.366,0.000000
2480.714355,-27.059,-63.914173,0.004636,9.039,-3.465,-3.385,0.000000
2489.300293,-28.392,-65.491226,0.005406,9.039,-3.485,-3.404,0.000000
2497.918701,-30.083,-52.044113,0.006571,9.039,-3.504,-3.423,0.000000
2506.564209,-31.254,-10.857354,0.007521,9.039,-3.524,-3.442,0.000000
2515.240967,-32.364,20.582182,0.008548,9.039,-3.543,-3.462,0.000000
2523.947754,-30.981,22.163801,0.007291,9.039,-3.563,-3.481,0.000000
2532.684814,-31.086,27.035152,0.007381,9.039,-3.582,-3.500,0.000000
2541.453125,-31.162,31.265532,0.007447,9.039,-3.602,-3.520,0.000000
2550.249512,-30.960,26.471308,0.007277,9.039,-3.622,-3.539,0.000000
2559.077393,-30.582,24.571199,0.006969,9.039,-3.642,-3.559,0.000000
2567.936035,-29.994,24.599346,0.006513,9.039,-3.662,-3.578,0.000000
2576.825195,-29.030,26.251097,0.005830,9.039,-3.682,-3.598,0.000000
2585.745117,-27.542,24.506145,0.004913,9.039,-3.702,-3.618,0.000000
2594.696045,-27.016,20.051123,0.004625,9.039,-3.722,-3.638,0.000000
2603.676514,-26.077,20.155062,0.004152,9.039,-3.742,-3.658,0.000000
2612.690918,-25.324,9.507020,0.003808,9.039,-3.763,-3.678,0.000000
2621.733643,-25.648,4.332843,0.003953,9.039,-3.783,-3.698,0.000000
2630.809082,-25.567,6.341412,0.003918,9.039,-3.803,-3.718,0.000000
2639.916016,-25.262,1.037682,0.003784,9.039,-3.824,-3.738,0.000000
2649.054443,-25.171,-2.872183,0.003746,9.039,-3.844,-3.758,0.000000
2658.225586,-25.466,-9.620721,0.003877,9.039,-3.865,-3.778,0.000000
2667.426025,-25.796,-12.378962,0.004029,9.039,-3.886,-3.799,0.000000
2676.659668,-26.387,-15.377323,0.004314,9.039,-3.907,-3.819,0.000000
2685.925293,-26.688,-11.191986,0.004467,9.039,-3.927,-3.840,0.000000
2695.222900,-25.881,-11.124582,0.004071,9.039,-3.948,-3.860,0.000000
2704.552734,-25.607,-22.673866,0.003945,9.039,-3.969,-3.881,0.000000
2713.914795,-25.655,-19.413448,0.003968,9.038,-3.990,-3.902,0.000000
2723.308105,-25.081,-21.299568,0.003715,9.038,-4.012,-3.923,0.000000
2732.736572,-25.236,-27.675388,0.003782,9.038,-4.033,-3.944,0.000000
2742.194824,-25.647,-34.276413,0.003966,9.038,-4.054,-3.965,0.000000
2751.688477,-26.144,-31.367062,0.004201,9.038,-4.076,-3.986,0.000000
2761.212646,-26.382,-37.648766,0.004318,9.038,-4.097,-4.007,0.000000
2770.770752,-27.290,-29.675333,0.004794,9.038,-4.118,-4.028,0.000000
2780.363525,-27.868,-19.060450,0.005125,9.038,-4.140,-4.049,0.000000
2789.986816,-28.274,-23.926411,0.005372,9.038,-4.162,-4.070,0.000000
2799.644531,-29.417,-21.815895,0.006128,9.038,-4.183,-4.092,0.000000
2809.335938,-29.524,-12.249662,0.006205,9.038,-4.205,-4.113,0.000000
2819.060791,-28.227,-2.346250,0.005346,9.038,-4.227,-4.135,0.000000
2828.819336,-26.462,0.682375,0.004365,9.038,-4.249,-4.157,0.000000
2838.611572,-25.295,0.880655,0.003817,9.038,-4.271,-4.178,0.000000
2848.436279,-24.146,-3.533526,0.003346,9.038,-4.293,-4.200,0.000000
2858.297852,-23.433,-10.576597,0.003083,9.038,-4.316,-4.222,0.000000
2868.190918,-22.976,-12.724973,0.002926,9.038,-4.338,-4.244,0.000000
2878.120850,-22.120,-23.380939,0.002652,9.038,-4.360,-4.266,0.000000
2888.083740,-21.834,-37.228912,0.002567,9.038,-4.383,-4.288,0.000000
2898.079834,-22.225,-51.894020,0.002686,9.038,-4.405,-4.310,0.000000
2908.113281,-23.160,-63.508568,0.002993,9.038,-4.428,-4.332,0.000000
2918.178711,-24.196,-69.837265,0.003373,9.038,-4.450,-4.355,0.000000
2928.281738,-25.069,-75.411758,0.003731,9.038,-4.473,-4.377,0.000000
2938.416748,-25.612,-81.216057,0.003973,9.038,-4.496,-4.399,0.000000
2948.588379,-25.284,-93.041916,0.003827,9.038,-4.519,-4.422,0.000000
2958.795410,-26.013,-104.409416,0.004164,9.038,-4.542,-4.445,0.000000
2969.037598,-26.693,-116.505455,0.004504,9.038,-4.565,-4.467,0.000000
2979.313965,-26.881,-126.484665,0.004604,9.038,-4.588,-4.490,0.000000
2989.629883,-25.832,23.420630,0.004082,9.038,-4.611,-4.513,0.000000
2999.974609,-24.426,46.817783,0.003473,9.037,-4.635,-4.536,0.000000
3010.360840,-23.311,41.627544,0.003056,9.037,-4.658,-4.559,0.000000
3020.782959,-23.054,41.156063,0.002968,9.037,-4.681,-4.582,0.000000
3031.238281,-23.701,27.829937,0.003198,9.037,-4.705,-4.605,0.000000
3041.732666,-23.993,9.439716,0.003309,9.037,-4.729,-4.628,0.000000
3052.260498,-23.812,-2.506589,0.003242,9.037,-4.752,-4.652,0.000000
3062.827881,-23.087,-12.837107,0.002983,9.037,-4.776,-4.675,0.000000
3073.428711,-22.761,-26.017725,0.002874,9.037,-4.800,-4.699,0.000000
3084.066162,-23.016,-37.029602,0.002961,9.037,-4.824,-4.722,0.000000
3094.743652,-23.593,-44.294003,0.003165,9.037,-4.848,-4.746,0.000000
3105.457764,-23.833,-46.202118,0.003255,9.037,-4.872,-4.770,0.000000
3116.206299,-22.942,-51.746677,0.002939,9.037,-4.896,-4.793,0.000000
3126.991943,-22.347,-63.658958,0.002745,9.037,-4.921,-4.817,0.000000
3137.817871,-21.736,-77.227654,0.002559,9.037,-4.945,-4.841,0.000000
3148.681152,-21.572,-93.145554,0.002513,9.037,-4.969,-4.865,0.000000
3159.579346,-21.677,-108.019264,0.002544,9.037,-4.994,-4.889,0.000000
3170.515137,-21.639,-123.192207,0.002534,9.037,-5.019,-4.914,0.000000
3181.491699,-22.125,-142.825211,0.002682,9.037,-5.043,-4.938,0.000000
3192.503174,-22.633,-165.466309,0.002845,9.037,-5.068,-4.962,0.000000
3203.555908,-22.660,174.002060,0.002855,9.037,-5.093,-4.987,0.000000
3214.644043,-22.580,152.775238,0.002830,9.037,-5.118,-5.011,0.000000
3225.773438,-22.435,132.902817,0.002785,9.037,-5.143,-5.036,0.000000
3236.938232,-22.117,113.145210,0.002686,9.037,-5.168,-5.061,0.000000
3248.141602,-22.320,93.410263,0.002750,9.037,-5.193,-5.086,0.000000
3259.386963,-23.171,73.302345,0.003034,9.037,-5.219,-5.111,0.000000
3270.671387,-23.189,59.476452,0.003041,9.037,-5.244,-5.136,0.000000
3281.991699,-22.463,40.419510,0.002799,9.036,-5.270,-5.161,0.000000
3293.351074,-22.731,22.706268,0.002887,9.036,-5.295,-5.186,0.000000
3304.752930,-23.359,13.224916,0.003105,9.036,-5.321,-5.211,0.000000
3316.194336,-23.698,1.135922,0.003230,9.036,-5.347,-5.237,0.000000
3327.672119,-24.797,-11.472426,0.003666,9.036,-5.372,-5.262,0.000000
3339.189697,-26.213,-20.503103,0.004317,9.036,-5.398,-5.287,0.000000
3350.750244,-26.950,-21.051670,0.004701,9.036,-5.424,-5.313,0.000000
3362.347656,-27.384,-25.121077,0.004944,9.036,-5.450,-5.339,0.000000
3373.985107,-28.424,-21.743683,0.005574,9.036,-5.477,-5.365,0.000000
3385.666260,-28.282,-11.368510,0.005486,9.036,-5.503,-5.390,0.000000
3397.387695,-27.910,-9.138947,0.005258,9.036,-5.529,-5.416,0.000000
3409.146484,-28.500,-6.631276,0.005629,9.036,-5.556,-5.442,0.000000
3420.946045,-28.675,5.664187,0.005746,9.036,-5.582,-5.469,0.000000
3432.789795,-27.427,14.704973,0.004978,9.036,-5.609,-5.495,0.000000
3444.674316,-25.845,14.393193,0.004151,9.036,-5.636,-5.521,0.000000
3456.596924,-24.386,11.194452,0.003510,9.036,-5.663,-5.548,0.000000
3468.560547,-23.522,-0.095250,0.003179,9.036,-5.690,-5.574,0.000000
3480.569092,-22.787,-10.521232,0.002922,9.036,-5.717,-5.601,0.000000
3492.615723,-21.704,-18.617653,0.002580,9.036,-5.744,-5.627,0.000000
3504.707520,-21.074,-31.061178,0.002401,9.036,-5.771,-5.654,0.000000
3516.837891,-20.830,-41.917126,0.002335,9.036,-5.798,-5.681,0.000000
3529.013428,-20.275,-57.550404,0.002191,9.036,-5.826,-5.708,0.000000
3541.228027,-19.899,-74.375023,0.002099,9.036,-5.853,-5.735,0.000000
3553.484619,-20.188,-93.051933,0.002170,9.036,-5.881,-5.762,0.000000
3565.787109,-20.316,-113.289581,0.002203,9.035,-5.909,-5.790,0.000000
3578.132080,-20.433,-135.448105,0.002233,9.035,-5.936,-5.817,0.000000
3590.516602,-20.738,-157.569885,0.002313,9.035,-5.964,-5.844,0.000000
3602.943848,-21.136,178.907944,0.002422,9.035,-5.992,-5.872,0.000000
3615.417480,-20.761,154.848709,0.002320,9.035,-6.020,-5.900,0.000000
3627.934570,-21.237,130.591934,0.002451,9.035,-6.048,-5.927,0.000000
3640.491211,-21.702,106.023773,0.002586,9.035,-6.077,-5.955,0.000000
3653.091553,-22.007,80.241249,0.002678,9.035,-6.105,-5.983,0.000000
3665.739014,-22.480,59.896748,0.002828,9.035,-6.134,-6.011,0.000000
3678.426514,-22.893,42.896297,0.002966,9.035,-6.162,-6.039,0.000000
3691.161621,-23.759,31.423340,0.003277,9.035,-6.191,-6.067,0.000000
3703.937256,-24.178,23.712803,0.003439,9.035,-6.220,-6.096,0.000000
3716.760498,-24.306,14.223678,0.003490,9.035,-6.248,-6.124,0.000000
3729.628418,-24.621,5.642930,0.003619,9.035,-6.277,-6.153,0.000000
3742.533447,-25.193,-2.419781,0.003865,9.035,-6.306,-6.181,0.000000
3755.490479,-25.873,-7.204853,0.004180,9.035,-6.336,-6.210,0.000000
3768.492432,-25.734,-10.037371,0.004114,9.035,-6.365,-6.239,0.000000
3781.535645,-25.776,-17.642578,0.004133,9.035,-6.394,-6.268,0.000000
3794.624023,-26.072,-21.745468,0.004277,9.035,-6.424,-6.297,0.000000
3807.761475,-26.421,-25.169056,0.004451,9.035,-6.453,-6.326,0.000000
3820.940674,-27.545,-24.040230,0.005065,9.035,-6.483,-6.355,0.000000
3834.169189,-27.690,-17.688196,0.005149,9.035,-6.513,-6.384,0.000000
3847.439697,-27.179,-17.066721,0.004855,9.034,-6.543,-6.414,0.000000
3860.760010,-26.650,-17.222725,0.004567,9.034,-6.573,-6.443,0.000000
3874.126221,-26.072,-22.965624,0.004272,9.034,-6.603,-6.473,0.000000
3887.531494,-26.283,-29.237806,0.004376,9.034,-6.633,-6.503,0.000000
3900.990479,-26.322,-26.537510,0.004395,9.034,-6.663,-6.532,0.000000
3914.496094,-26.322,-30.889822,0.004395,9.034,-6.694,-6.562,0.000000
3928.048340,-25.569,-39.422646,0.004029,9.034,-6.724,-6.592,0.000000
3941.640137,-25.851,-50.892021,0.004161,9.034,-6.755,-6.622,0.000000
3955.286377,-26.669,-59.999470,0.004572,9.034,-6.786,-6.653,0.000000
3968.979980,-27.888,-64.099655,0.005259,9.034,-6.816,-6.683,0.000000
3982.717285,-28.268,-70.148003,0.005494,9.034,-6.847,-6.713,0.000000
3996.501953,-29.044,-77.157509,0.006006,9.034,-6.878,-6.744,0.000000
4010.338135,-29.195,-85.589073,0.006110,9.034,-6.889,-6.755,0.000000
4024.218506,-29.133,-101.307587,0.006066,9.034,-6.893,-6.758,0.000000
4038.150879,-30.336,-115.293465,0.006966,9.034,-6.897,-6.762,0.000000
4052.127441,-30.983,-108.805756,0.007503,9.034,-6.901,-6.766,0.000000
4066.156250,-31.353,-139.609726,0.007828,9.034,-6.904,-6.770,0.000000
4080.233643,-31.485,167.865143,0.007945,9.034,-6.908,-6.773,0.000000
4094.352051,-31.007,131.750580,0.007517,9.034,-6.912,-6.777,0.000000
4108.526855,-29.481,96.932976,0.006303,9.034,-6.916,-6.781,0.000000
4122.750977,-29.101,76.075401,0.006032,9.034,-6.920,-6.785,0.000000
4137.020508,-28.245,56.288830,0.005464,9.034,-6.924,-6.789,0.000000
4151.339355,-27.999,37.808666,0.005309,9.034,-6.928,-6.792,0.000000
4165.711914,-27.627,29.380255,0.005085,9.034,-6.932,-6.796,0.000000
4180.133789,-26.951,20.598755,0.004701,9.034,-6.936,-6.800,0.000000
4194.601562,-26.829,14.229557,0.004634,9.034,-6.940,-6.804,0.000000
4209.120117,-25.874,5.224399,0.004149,9.034,-6.944,-6.808,0.000000
4223.692383,-26.492,-3.559362,0.004453,9.034,-6.948,-6.812,0.000000
4238.314941,-26.485,-10.762178,0.004447,9.034,-6.952,-6.816,0.000000
4252.980469,-26.552,-15.191348,0.004479,9.034,-6.956,-6.820,0.000000
4267.704590,-26.391,-23.959276,0.004395,9.034,-6.960,-6.824,0.000000
4282.479980,-26.838,-34.253490,0.004625,9.034,-6.964,-6.828,0.000000
4297.306152,-26.981,-28.755430,0.004700,9.034,-6.968,-6.832,0.000000
4312.175781,-25.968,-21.777407,0.004182,9.034,-6.972,-6.836,0.000000
4327.104980,-25.920,-39.664379,0.004157,9.034,-6.977,-6.840,0.000000
4342.085449,-26.289,-56.740559,0.004336,9.034,-6.981,-6.844,0.000000
4357.114258,-27.059,-65.613464,0.004736,9.034,-6.985,-6.848,0.000000
4372.194824,-27.222,-67.493080,0.004823,9.034,-6.989,-6.852,0.000000
4387.331543,-27.743,-86.405754,0.005119,9.034,-6.993,-6.856,0.000000
4402.520996,-27.724,-102.186546,0.005105,9.033,-6.997,-6.860,0.000000
4417.758789,-27.516,-123.977615,0.004982,9.033,-7.002,-6.864,0.000000
4433.049316,-26.801,-156.802200,0.004586,9.033,-7.006,-6.868,0.000000
4448.396973,-26.994,174.199783,0.004686,9.033,-7.010,-6.872,0.000000
4463.797852,-26.952,128.302399,0.004661,9.033,-7.014,-6.876,0.000000
4479.243164,-26.892,100.248726,0.004626,9.033,-7.019,-6.880,0.000000
4494.750977,-26.533,105.365372,0.004435,9.033,-7.023,-6.884,0.000000
4510.312012,-26.462,95.564636,0.004396,9.033,-7.027,-6.889,0.000000
4525.922852,-25.579,81.726479,0.003969,9.033,-7.031,-6.893,0.000000
4541.587891,-24.493,68.627846,0.003499,9.033,-7.036,-6.897,0.000000
4557.311035,-24.090,55.611713,0.003339,9.033,-7.040,-6.901,0.000000
4573.088867,-24.082,47.114815,0.003334,9.033,-7.044,-6.905,0.000000
4588.916992,-23.322,38.135441,0.003053,9.033,-7.049,-6.910,0.000000
4604.799805,-23.286,32.864285,0.003039,9.033,-7.053,-6.914,0.000000
4620.742188,-22.616,25.299498,0.002812,9.033,-7.058,-6.918,0.000000
4636.739746,-21.641,10.878100,0.002512,9.033,-7.062,-6.923,0.000000
4652.788086,-21.547,-5.178380,0.002483,9.033,-7.066,-6.927,0.000000
4668.892090,-21.462,-21.127708,0.002458,9.033,-7.071,-6.931,0.000000
4685.056152,-21.909,-36.354286,0.002586,9.033,-7.075,-6.936,0.000000
4701.276367,-22.854,-57.547722,0.002882,9.033,-7.080,-6.940,0.000000
4717.543457,-23.610,-76.505280,0.003143,9.033,-7.084,-6.944,0.000000
4733.875977,-23.348,-89.339920,0.003048,9.033,-7.089,-6.949,0.000000
4750.265137,-22.652,-77.924927,0.002812,9.033,-7.093,-6.953,0.000000
4766.706543,-23.405,-75.397469,0.003065,9.033,-7.098,-6.957,0.000000
4783.209473,-23.943,-74.629341,0.003259,9.033,-7.102,-6.962,0.000000
4799.764648,-25.125,-53.654896,0.003732,9.033,-7.107,-6.966,0.000000
4816.381836,-26.178,-18.316828,0.004211,9.033,-7.112,-6.971,0.000000
4833.052246,-25.980,-21.537270,0.004114,9.033,-7.116,-6.975,0.000000
4849.779785,-26.417,-17.940107,0.004324,9.033,-7.121,-6.980,0.000000
4866.570312,-26.689,-37.292168,0.004459,9.033,-7.125,-6.984,0.000000
4883.418945,-27.752,-42.238850,0.005037,9.033,-7.130,-6.989,0.000000
4900.316406,-28.484,-34.779713,0.005478,9.033,-7.135,-6.993,0.000000
4917.281738,-28.625,21.665421,0.005566,9.033,-7.139,-6.998,0.000000
4934.305664,-27.340,56.078220,0.004798,9.033,-7.144,-7.002,0.000000
4951.388672,-25.535,56.686085,0.003897,9.033,-7.149,-7.007,0.000000
4968.521484,-25.445,59.689194,0.003855,9.033,-7.154,-7.012,0.000000
4985.723145,-24.371,50.554409,0.003406,9.033,-7.158,-7.016,0.000000
5002.984375,-23.836,44.559193,0.003201,9.033,-7.163,-7.021,0.000000
5020.300293,-23.796,28.202639,0.003185,9.033,-7.168,-7.025,0.000000
5037.681152,-23.568,11.996556,0.003102,9.033,-7.173,-7.030,0.000000
5055.117188,-23.915,-1.828962,0.003227,9.033,-7.178,-7.035,0.000000
5072.618164,-24.327,-15.519384,0.003383,9.033,-7.182,-7.039,0.000000
5090.175293,-25.672,-20.728125,0.003948,9.033,-7.187,-7.044,0.000000
5107.792969,-25.635,-21.157351,0.003930,9.033,-7.192,-7.049,0.000000
5125.477051,-26.302,-35.547817,0.004242,9.033,-7.197,-7.054,0.000000
5143.221680,-27.507,-35.028301,0.004872,9.033,-7.202,-7.058,0.000000
5161.018066,-28.115,-36.550694,0.005223,9.033,-7.207,-7.063,0.000000
5178.886230,-28.453,-38.497955,0.005428,9.033,-7.212,-7.068,0.000000
5196.815918,-28.560,-44.913166,0.005494,9.033,-7.217,-7.073,0.000000
5214.802734,-28.697,-54.601238,0.005579,9.033,-7.222,-7.078,0.000000
5232.856934,-28.912,-56.846882,0.005717,9.033,-7.227,-7.082,0.000000
5250.968750,-29.383,-80.861259,0.006034,9.033,-7.232,-7.087,0.000000
5269.147949,-29.822,-66.147400,0.006346,9.033,-7.237,-7.092,0.000000
5287.385254,-29.622,-106.349541,0.006201,9.033,-7.242,-7.097,0.000000
5305.685547,-28.367,144.265350,0.005365,9.033,-7.247,-7.102,0.000000
5324.054199,-28.111,120.456123,0.005208,9.032,-7.252,-7.107,0.000000
5342.486816,-27.538,99.425293,0.004875,9.032,-7.257,-7.112,0.000000
5360.978027,-27.033,79.290901,0.004599,9.032,-7.262,-7.117,0.000000
5379.532715,-25.959,58.303314,0.004064,9.032,-7.267,-7.122,0.000000
5398.157227,-25.025,39.800842,0.003650,9.032,-7.272,-7.127,0.000000
5416.846191,-25.148,28.101816,0.003702,9.032,-7.277,-7.132,0.000000
5435.594727,-24.758,18.783411,0.003539,9.032,-7.283,-7.137,0.000000
5454.408203,-25.116,5.866819,0.003688,9.032,-7.288,-7.142,0.000000
5473.291992,-25.886,1.993081,0.004030,9.032,-7.293,-7.147,0.000000
5492.235352,-25.915,-6.476098,0.004044,9.032,-7.298,-7.152,0.000000
5511.250000,-26.323,-15.866826,0.004237,9.032,-7.303,-7.157,0.000000
5530.325195,-26.890,-27.479481,0.004522,9.032,-7.309,-7.162,0.000000
5549.472168,-28.478,-28.879078,0.005428,9.032,-7.314,-7.167,0.000000
5568.679199,-29.284,-32.594543,0.005955,9.032,-7.319,-7.172,0.000000
5587.953613,-30.160,-26.116489,0.006586,9.032,-7.325,-7.178,0.000000
5607.299316,-29.341,-18.091377,0.005993,9.032,-7.330,-7.183,0.000000
5626.712402,-29.380,-28.438274,0.006020,9.032,-7.335,-7.188,0.000000
5646.181641,-29.373,-14.255972,0.006016,9.032,-7.341,-7.193,0.000000
5665.729492,-29.419,3.021656,0.006049,9.032,-7.346,-7.199,0.000000
5685.344727,-30.149,18.152285,0.006581,9.032,-7.352,-7.204,0.000000
5705.027832,-29.619,13.576767,0.006192,9.032,-7.357,-7.209,0.000000
5724.773926,-29.468,21.558725,0.006086,9.032,-7.362,-7.214,0.000000
5744.587891,-29.086,16.065533,0.005825,9.032,-7.368,-7.220,0.000000
5764.476562,-29.210,9.901988,0.005909,9.032,-7.373,-7.225,0.000000
5784.428223,-29.492,9.726775,0.006105,9.032,-7.379,-7.230,0.000000
5804.448730,-29.696,10.304973,0.006249,9.032,-7.384,-7.236,0.000000
5824.544434,-29.863,11.343423,0.006370,9.032,-7.390,-7.241,0.000000
5844.709473,-29.221,17.747807,0.005917,9.032,-7.396,-7.247,0.000000
5864.938965,-28.613,12.257279,0.005517,9.032,-7.401,-7.252,0.000000
5885.238281,-26.888,6.703395,0.004523,9.032,-7.407,-7.257,0.000000
5905.613281,-26.294,-5.900482,0.004224,9.032,-7.412,-7.263,0.000000
5926.059082,-26.514,-26.047205,0.004332,9.032,-7.418,-7.268,0.000000
5946.570312,-26.915,-33.984100,0.004537,9.032,-7.424,-7.274,0.000000
5967.151855,-26.632,-18.633711,0.004392,9.032,-7.429,-7.279,0.000000
5987.811035,-27.006,-18.119074,0.004585,9.032,-7.435,-7.285,0.000000
6008.535645,-27.279,12.867119,0.004731,9.032,-7.441,-7.290,0.000000
6029.337402,-27.747,72.899643,0.004992,9.032,-7.447,-7.296,0.000000
6050.206055,-28.073,94.996460,0.005183,9.032,-7.452,-7.302,0.000000
6071.152344,-28.807,79.143082,0.005639,9.032,-7.458,-7.307,0.000000
6092.165527,-28.156,64.190094,0.005230,9.032,-7.464,-7.313,0.000000
6113.251465,-27.646,49.572376,0.004932,9.032,-7.470,-7.319,0.000000
6134.416016,-27.273,34.645966,0.004723,9.032,-7.476,-7.324,0.000000
6155.653809,-27.263,22.582161,0.004717,9.032,-7.481,-7.330,0.000000
6176.959473,-27.674,10.806154,0.004945,9.032,-7.487,-7.336,0.000000
6198.338867,-27.879,3.483763,0.005062,9.032,-7.493,-7.341,0.000000
6219.797852,-28.312,0.254022,0.005320,9.032,-7.499,-7.347,0.000000
6241.331543,-28.747,-0.391754,0.005592,9.031,-7.505,-7.353,0.000000
6262.933594,-28.907,-1.399981,0.005695,9.031,-7.511,-7.359,0.000000
6284.610352,-28.763,-2.752762,0.005601,9.031,-7.517,-7.364,0.000000
6306.368652,-28.547,-8.526285,0.005462,9.031,-7.523,-7.370,0.000000
6328.195801,-28.844,-12.957076,0.005651,9.031,-7.529,-7.376,0.000000
6350.104492,-29.165,-15.379882,0.005863,9.031,-7.535,-7.382,0.000000
6372.083008,-29.043,-18.972282,0.005780,9.031,-7.541,-7.388,0.000000
6394.143555,-28.332,-24.133045,0.005325,9.031,-7.547,-7.394,0.000000
6416.274902,-27.933,-39.391361,0.005085,9.031,-7.553,-7.400,0.000000
6438.482422,-28.018,-48.033222,0.005134,9.031,-7.559,-7.406,0.000000
6460.772949,-28.552,-46.674252,0.005458,9.031,-7.566,-7.412,0.000000
6483.140625,-29.185,-26.960796,0.005868,9.031,-7.572,-7.418,0.000000
6505.580078,-29.304,7.401300,0.005948,9.031,-7.578,-7.424,0.000000
6528.096680,-28.654,25.144590,0.005517,9.031,-7.584,-7.430,0.000000
6550.697266,-27.903,32.152912,0.005058,9.031,-7.590,-7.436,0.000000
6573.370605,-27.416,32.210735,0.004780,9.031,-7.597,-7.442,0.000000
6596.127930,-28.305,31.618402,0.005294,9.031,-7.603,-7.448,0.000000
6618.958008,-29.177,15.245718,0.005852,9.031,-7.609,-7.454,0.000000
6641.873535,-29.867,9.806925,0.006333,9.031,-7.616,-7.460,0.000000
6664.861816,-30.547,8.743554,0.006846,9.031,-7.622,-7.466,0.000000
6687.930176,-30.297,12.130008,0.006649,9.031,-7.628,-7.473,0.000000
6711.084473,-30.471,10.221150,0.006782,9.031,-7.635,-7.479,0.000000
6734.318848,-30.211,7.308914,0.006579,9.031,-7.641,-7.485,0.000000
6757.633301,-31.827,8.122633,0.007922,9.031,-7.648,-7.491,0.000000
6781.016113,-31.101,15.220101,0.007283,9.031,-7.654,-7.498,0.000000
6804.492676,-30.384,14.986638,0.006703,9.031,-7.661,-7.504,0.000000
6828.050293,-29.640,6.174615,0.006149,9.031,-7.667,-7.510,0.000000
6851.683105,-28.486,-1.291687,0.005382,9.031,-7.674,-7.517,0.000000
6875.397949,-27.916,1.693836,0.005037,9.031,-7.680,-7.523,0.000000
6899.201172,-27.803,0.096303,0.004969,9.031,-7.687,-7.529,0.000000
6923.080078,-28.021,-2.080518,0.005093,9.031,-7.693,-7.536,0.000000
6947.048828,-28.169,6.817128,0.005178,9.031,-7.700,-7.542,0.000000
6971.093262,-27.807,0.717561,0.004964,9.031,-7.707,-7.549,0.000000
6995.228027,-28.337,9.805771,0.005273,9.031,-7.713,-7.555,0.000000
7019.446289,-27.990,-0.064163,0.005064,9.031,-7.720,-7.562,0.000000
7043.734863,-28.395,13.343227,0.005303,9.031,-7.727,-7.568,0.000000
7068.120605,-29.021,14.547516,0.005696,9.031,-7.733,-7.575,0.000000
7092.591309,-29.611,15.730246,0.006094,9.031,-7.740,-7.581,0.000000
7117.139648,-29.360,30.208580,0.005919,9.031,-7.747,-7.588,0.000000
7141.772949,-29.093,36.303192,0.005738,9.031,-7.754,-7.594,0.000000
7166.498535,-29.664,39.342819,0.006125,9.030,-7.760,-7.601,0.000000
7191.309570,-29.759,43.072987,0.006191,9.030,-7.767,-7.608,0.000000
7216.199707,-29.937,49.278492,0.006317,9.030,-7.774,-7.614,0.000000
7241.176270,-29.537,37.888851,0.006031,9.030,-7.781,-7.621,0.000000
7266.245605,-30.009,32.596874,0.006364,9.030,-7.788,-7.628,0.000000
7291.402344,-29.968,30.947643,0.006330,9.030,-7.795,-7.635,0.000000
7316.631836,-29.283,19.922428,0.005848,9.030,-7.802,-7.641,0.000000
7341.962402,-30.231,18.833239,0.006519,9.030,-7.809,-7.648,0.000000
7367.381348,-30.261,28.210880,0.006538,9.030,-7.816,-7.655,0.000000
7392.887695,-29.874,32.059254,0.006250,9.030,-7.823,-7.662,0.000000
7418.468262,-29.849,19.539412,0.006228,9.030,-7.830,-7.669,0.000000
7444.151855,-31.073,18.048683,0.007168,9.030,-7.837,-7.675,0.000000
7469.924316,-30.959,33.771496,0.007070,9.030,-7.844,-7.682,0.000000
7495.778809,-30.857,30.249479,0.006984,9.030,-7.851,-7.689,0.000000
7521.722656,-31.188,39.075859,0.007252,9.030,-7.859,-7.696,0.000000
7547.763672,-30.346,34.653103,0.006578,9.030,-7.866,-7.703,0.000000
7573.887207,-29.460,22.918474,0.005937,9.030,-7.873,-7.710,0.000000
7600.108887,-29.477,12.827410,0.005946,9.030,-7.880,-7.717,0.000000
7626.414062,-29.738,10.368053,0.006124,9.030,-7.887,-7.724,0.000000
7652.817383,-29.423,10.732759,0.005903,9.030,-7.895,-7.731,0.000000
7679.312012,-28.766,-2.053256,0.005470,9.030,-7.902,-7.739,0.000000
7705.883789,-28.948,-8.690791,0.005583,9.030,-7.909,-7.746,0.000000
7732.562500,-29.237,-9.013057,0.005769,9.030,-7.917,-7.753,0.000000
7759.333008,-30.254,-14.592562,0.006482,9.030,-7.924,-7.760,0.000000
7786.189453,-31.119,3.412804,0.007157,9.030,-7.932,-7.767,0.000000
7813.138672,-30.916,28.636152,0.006988,9.030,-7.939,-7.774,0.000000
7840.188477,-30.233,26.498703,0.006457,9.030,-7.946,-7.782,0.000000
7867.331543,-30.576,26.483011,0.006713,9.030,-7.954,-7.789,0.000000
7894.561523,-31.148,44.152878,0.007166,9.030,-7.961,-7.796,0.000000
7921.885742,-31.624,42.572853,0.007566,9.030,-7.969,-7.804,0.000000
7949.312012,-31.615,40.957966,0.007554,9.030,-7.977,-7.811,0.000000
7976.833496,-30.756,52.469864,0.006839,9.030,-7.984,-7.818,0.000000
8004.442383,-30.049,48.623749,0.006301,9.030,-7.991,-7.825,0.000000
8032.146973,-28.100,41.392765,0.005033,9.030,-7.991,-7.825,0.000000
8059.955078,-27.922,31.561241,0.004927,9.030,-7.992,-7.826,0.000000
8087.859375,-27.911,30.311666,0.004919,9.030,-7.992,-7.826,0.000000
8115.844727,-27.484,24.863651,0.004680,9.030,-7.993,-7.827,0.000000
8143.942383,-27.222,24.149319,0.004538,9.030,-7.993,-7.827,0.000000
8172.137695,-27.289,9.081656,0.004569,9.030,-7.994,-7.828,0.000000
8200.422852,-27.348,-8.936905,0.004596,9.030,-7.995,-7.828,0.000000
8228.805664,-27.498,-19.704691,0.004673,9.030,-7.995,-7.829,0.000000
8257.293945,-29.072,-35.971775,0.005596,9.030,-7.996,-7.829,0.000000
8285.881836,-30.116,-49.548203,0.006305,9.030,-7.996,-7.830,0.000000
8314.560547,-30.612,-3.319302,0.006670,9.030,-7.997,-7.831,0.000000
8343.337891,-30.542,127.795540,0.006610,9.030,-7.997,-7.831,0.000000
8372.223633,-29.728,84.175888,0.006012,9.030,-7.998,-7.832,0.000000
8401.208984,-28.386,90.691330,0.005146,9.030,-7.999,-7.832,0.000000
8430.278320,-27.939,80.428352,0.004883,9.029,-7.999,-7.833,0.000000
8459.464844,-27.347,63.073708,0.004556,9.029,-8.000,-7.833,0.000000
8488.752930,-27.420,55.892776,0.004590,9.029,-8.000,-7.834,0.000000
8518.141602,-27.459,49.408485,0.004606,9.029,-8.001,-7.834,0.000000
8547.616211,-27.798,42.470612,0.004783,9.029,-8.001,-7.835,0.000000
8577.208008,-27.445,37.311096,0.004587,9.029,-8.002,-7.836,0.000000
8606.903320,-28.236,26.572454,0.005018,9.029,-8.003,-7.836,0.000000
8636.693359,-28.690,12.077450,0.005281,9.029,-8.003,-7.837,0.000000
8666.594727,-30.044,10.119854,0.006165,9.029,-8.004,-7.837,0.000000
8696.590820,-30.968,-1.912977,0.006849,9.029,-8.004,-7.838,0.000000
8726.699219,-31.397,-3.577345,0.007185,9.029,-8.005,-7.838,0.000000
8756.903320,-31.775,12.988565,0.007493,9.029,-8.006,-7.839,0.000000
8787.211914,-31.260,27.383924,0.007051,9.029,-8.006,-7.840,0.000000
8817.634766,-31.425,30.379663,0.007175,9.029,-8.007,-7.840,0.000000
8848.162109,-31.291,35.195683,0.007054,9.029,-8.007,-7.841,0.000000
8878.778320,-31.101,35.524776,0.006891,9.029,-8.008,-7.841,0.000000
8909.517578,-30.488,34.446857,0.006411,9.029,-8.009,-7.842,0.000000
8940.363281,-30.165,28.440477,0.006166,9.029,-8.009,-7.842,0.000000
8971.306641,-29.990,27.853037,0.006033,9.029,-8.010,-7.843,0.000000
9002.366211,-30.138,17.367502,0.006126,9.029,-8.010,-7.844,0.000000
9033.524414,-29.812,1.515089,0.005890,9.029,-8.011,-7.844,0.000000
9064.799805,-28.776,10.690042,0.005219,9.029,-8.012,-7.845,0.000000
9096.173828,-27.879,25.545092,0.004699,9.029,-8.012,-7.845,0.000000
9127.657227,-27.862,5.781022,0.004681,9.029,-8.013,-7.846,0.000000
9159.257812,-28.260,19.902552,0.004891,9.029,-8.013,-7.847,0.000000
9190.967773,-28.369,31.991814,0.004943,9.029,-8.014,-7.847,0.000000
9222.770508,-28.367,55.037754,0.004931,9.029,-8.015,-7.848,0.000000
9254.701172,-28.235,53.775387,0.004847,9.029,-8.015,-7.848,0.000000
9286.741211,-28.271,40.393848,0.004856,9.029,-8.016,-7.849,0.000000
9318.892578,-29.372,32.565525,0.005501,9.029,-8.017,-7.850,0.000000
9351.137695,-30.374,24.027031,0.006160,9.029,-8.017,-7.850,0.000000
9383.512695,-31.537,19.880680,0.007028,9.029,-8.018,-7.851,0.000000
9415.999023,-31.525,16.960135,0.007002,9.029,-8.018,-7.852,0.000000
9448.588867,-31.755,22.394505,0.007175,9.029,-8.019,-7.852,0.000000
9481.300781,-30.991,32.100189,0.006555,9.029,-8.020,-7.853,0.000000
9514.117188,-31.424,28.581415,0.006875,9.029,-8.020,-7.853,0.000000
9547.055664,-31.849,42.529072,0.007203,9.029,-8.021,-7.854,0.000000
9580.099609,-30.918,48.957474,0.006455,9.029,-8.022,-7.855,0.000000
9613.257812,-30.530,45.290867,0.006157,9.029,-8.022,-7.855,0.000000
9646.540039,-30.361,43.172474,0.006023,9.029,-8.023,-7.856,0.000000
9679.936523,-30.263,44.450928,0.005940,9.029,-8.024,-7.857,0.000000
9713.431641,-29.487,37.609241,0.005418,9.029,-8.024,-7.857,0.000000
9747.060547,-28.878,24.622358,0.005038,9.029,-8.025,-7.858,0.000000
9780.805664,-28.495,14.796165,0.004808,9.029,-8.026,-7.858,0.000000
9814.658203,-28.149,-3.210048,0.004608,9.029,-8.026,-7.859,0.000000
9848.637695,-27.501,-19.111975,0.004265,9.029,-8.027,-7.860,0.000000
9882.724609,-26.892,-28.082844,0.003965,9.029,-8.028,-7.860,0.000000
9916.939453,-26.574,-16.303474,0.003812,9.029,-8.028,-7.861,0.000000
9951.263672,-26.158,5.343395,0.003624,9.029,-8.029,-7.862,0.000000
9985.706055,-26.269,-6.147292,0.003660,9.029,-8.030,-7.862,0.000000
10020.278320,-26.800,10.268766,0.003880,9.029,-8.030,-7.863,0.000000
10054.968750,-27.119,22.533766,0.004014,9.029,-8.031,-7.864,0.000000
10089.770508,-27.343,65.703758,0.004108,9.029,-8.032,-7.864,0.000000
10124.692383,-27.679,74.058800,0.004258,9.029,-8.032,-7.865,0.000000
10159.745117,-27.403,55.674873,0.004114,9.029,-8.033,-7.866,0.000000
10194.918945,-28.282,38.101536,0.004539,9.029,-8.034,-7.866,0.000000
10230.205078,-29.089,34.409729,0.004967,9.029,-8.035,-7.867,0.000000
10265.613281,-30.007,53.163696,0.005506,9.029,-8.035,-7.868,0.000000
10301.154297,-29.483,64.349564,0.005169,9.029,-8.036,-7.868,0.000000
10336.807617,-29.871,72.638428,0.005391,9.029,-8.037,-7.869,0.000000
10372.594727,-29.776,63.009468,0.005318,9.029,-8.037,-7.870,0.000000
10408.496094,-29.393,49.042130,0.005074,9.029,-8.038,-7.870,0.000000
10444.531250,-29.843,34.917976,0.005329,9.029,-8.039,-7.871,0.000000
10480.680664,-30.254,29.981487,0.005572,9.029,-8.039,-7.872,0.000000
10516.956055,-29.994,26.947498,0.005394,9.029,-8.040,-7.873,0.000000
10553.367188,-29.669,22.027212,0.005183,9.029,-8.041,-7.873,0.000000
10589.903320,-30.045,22.639246,0.005398,9.029,-8.042,-7.874,0.000000
10626.546875,-29.656,14.425267,0.005148,9.029,-8.042,-7.875,0.000000
10663.336914,-29.674,-12.323387,0.005145,9.029,-8.043,-7.875,0.000000
10700.253906,-30.072,-31.352518,0.005372,9.029,-8.044,-7.876,0.000000
10737.299805,-30.614,155.119492,0.005703,9.029,-8.044,-7.877,0.000000
10774.462891,-30.034,122.612045,0.005320,9.029,-8.045,-7.877,0.000000
10811.754883,-30.148,87.788055,0.005376,9.029,-8.046,-7.878,0.000000
10849.185547,-29.994,68.373161,0.005267,9.029,-8.047,-7.879,0.000000
10886.736328,-29.776,44.663883,0.005122,9.029,-8.047,-7.880,0.000000
10924.427734,-30.158,75.099884,0.005337,9.029,-8.048,-7.880,0.000000
10962.238281,-30.489,69.288826,0.005529,9.029,-8.049,-7.881,0.000000
11000.190430,-30.122,66.573730,0.005288,9.029,-8.050,-7.882,0.000000
11038.263672,-29.402,57.172176,0.004855,9.029,-8.050,-7.882,0.000000
11076.468750,-29.350,33.476063,0.004815,9.029,-8.051,-7.883,0.000000
11114.816406,-29.729,41.870193,0.005017,9.029,-8.052,-7.884,0.000000
11153.296875,-29.542,90.210251,0.004899,9.029,-8.053,-7.885,0.000000
11191.900391,-29.776,92.952370,0.005020,9.029,-8.053,-7.885,0.000000
11230.636719,-28.925,79.826561,0.004541,9.029,-8.054,-7.886,0.000000
11269.518555,-28.480,70.662811,0.004303,9.029,-8.055,-7.887,0.000000
11308.523438,-28.792,53.029373,0.004449,9.029,-8.056,-7.888,0.000000
11347.674805,-29.202,39.700447,0.004652,9.029,-8.057,-7.888,0.000000
11386.951172,-29.818,30.334980,0.004981,9.029,-8.057,-7.889,0.000000
11426.373047,-30.051,39.916939,0.005103,9.029,-8.058,-7.890,0.000000
11465.921875,-30.261,20.226093,0.005214,9.029,-8.059,-7.891,0.000000
11505.606445,-30.938,7.368936,0.005623,9.029,-8.060,-7.891,0.000000
11545.440430,-30.663,-4.930318,0.005434,9.029,-8.060,-7.892,0.000000
11585.412109,-31.430,-3.621264,0.005922,9.029,-8.061,-7.893,0.000000
11625.521484,-31.476,23.351524,0.005939,9.029,-8.062,-7.894,0.000000
11665.748047,-31.447,41.684547,0.005905,9.029,-8.063,-7.894,0.000000
11706.135742,-32.009,58.183109,0.006285,9.029,-8.064,-7.895,0.000000
11746.664062,-32.418,44.257835,0.006572,9.029,-8.064,-7.896,0.000000
11787.320312,-31.747,80.468758,0.006068,9.029,-8.065,-7.897,0.000000
11828.118164,-30.913,84.063850,0.005500,9.029,-8.066,-7.897,0.000000
11869.068359,-30.522,77.032265,0.005245,9.029,-8.067,-7.898,0.000000
11910.148438,-30.566,69.999214,0.005259,9.029,-8.068,-7.899,0.000000
11951.382812,-30.609,57.844360,0.005272,9.029,-8.068,-7.900,0.000000
11992.748047,-30.508,47.542492,0.005199,9.029,-8.069,-7.901,0.000000
12034.268555,-30.371,56.495953,0.005105,9.029,-8.070,-7.901,0.000000
12075.931641,-30.179,64.505630,0.004981,9.029,-8.071,-7.902,0.000000
12117.716797,-30.985,60.101952,0.005451,9.029,-8.072,-7.903,0.000000
12159.669922,-31.510,56.090668,0.005775,9.029,-8.072,-7.904,0.000000
12201.767578,-32.376,55.975220,0.006364,9.029,-8.073,-7.905,0.000000
12243.999023,-32.571,59.964554,0.006493,9.029,-8.074,-7.905,0.000000
12286.377930,-33.258,68.616158,0.007008,9.029,-8.075,-7.906,0.000000
12328.914062,-32.882,80.198311,0.006694,9.029,-8.076,-7.907,0.000000
12371.597656,-32.064,72.084503,0.006075,9.029,-8.077,-7.908,0.000000
12414.417969,-31.793,65.820732,0.005873,9.029,-8.078,-7.909,0.000000
12457.385742,-31.598,74.677765,0.005727,9.029,-8.078,-7.909,0.000000
12500.514648,-31.036,81.609367,0.005353,9.029,-8.079,-7.910,0.000000
12543.780273,-30.559,87.726807,0.005053,9.029,-8.080,-7.911,0.000000
12587.196289,-30.606,75.396454,0.005066,9.029,-8.081,-7.912,0.000000
12630.774414,-30.887,80.562889,0.005216,9.029,-8.082,-7.913,0.000000
12674.502930,-30.712,89.860611,0.005096,9.029,-8.083,-7.914,0.000000
12718.383789,-30.621,98.911247,0.005026,9.029,-8.083,-7.914,0.000000
12762.391602,-30.614,94.169975,0.005006,9.029,-8.084,-7.915,0.000000
12806.576172,-30.051,79.536484,0.004676,9.029,-8.085,-7.916,0.000000
12850.914062,-30.011,76.840523,0.004639,9.029,-8.086,-7.917,0.000000
12895.392578,-30.039,77.574211,0.004639,9.029,-8.087,-7.918,0.000000
12940.025391,-30.117,70.201500,0.004665,9.029,-8.088,-7.919,0.000000
12984.825195,-29.865,77.733604,0.004516,9.029,-8.089,-7.920,0.000000
13029.767578,-29.949,69.145332,0.004545,9.029,-8.090,-7.920,0.000000
13074.876953,-30.269,57.730000,0.004699,9.029,-8.091,-7.921,0.000000
13120.131836,-30.564,80.475716,0.004844,9.029,-8.091,-7.922,0.000000
13165.554688,-30.548,96.953720,0.004819,9.029,-8.092,-7.923,0.000000
13211.134766,-30.403,75.725822,0.004722,9.029,-8.093,-7.924,0.000000
13256.847656,-30.985,62.263363,0.005030,9.029,-8.094,-7.925,0.000000
13302.744141,-31.499,46.838066,0.005317,9.029,-8.095,-7.926,0.000000
13348.799805,-31.592,52.397911,0.005354,9.029,-8.096,-7.926,0.000000
13395.001953,-30.676,82.924210,0.004800,9.029,-8.097,-7.927,0.000000
13441.363281,-30.870,73.467506,0.004889,9.029,-8.098,-7.928,0.000000
13487.899414,-31.630,72.441605,0.005316,9.029,-8.099,-7.929,0.000000
13534.595703,-31.748,64.444740,0.005367,9.029,-8.100,-7.930,0.000000
13581.440430,-32.938,75.120819,0.006130,9.029,-8.100,-7.931,0.000000
13628.447266,-33.002,85.705238,0.006150,9.029,-8.101,-7.932,0.000000
13675.630859,-33.387,97.609245,0.006403,9.029,-8.102,-7.933,0.000000
13722.976562,-32.815,97.621361,0.005970,9.029,-8.103,-7.934,0.000000
13770.473633,-32.737,91.915428,0.005892,9.029,-8.104,-7.935,0.000000
13818.135742,-32.309,89.250053,0.005585,9.029,-8.105,-7.935,0.000000
13865.975586,-32.228,83.082726,0.005509,9.029,-8.106,-7.936,0.000000
13913.980469,-32.665,72.430748,0.005767,9.029,-8.107,-7.937,0.000000
13962.125977,-33.104,73.233978,0.006039,9.029,-8.108,-7.938,0.000000
14010.463867,-32.740,74.997437,0.005766,9.029,-8.109,-7.939,0.000000
14058.969727,-30.975,76.874268,0.004684,9.029,-8.110,-7.940,0.000000
14107.628906,-30.669,61.130623,0.004502,9.029,-8.111,-7.941,0.000000
14156.458008,-31.357,47.843075,0.004851,9.029,-8.112,-7.942,0.000000
14205.468750,-32.360,57.101845,0.005419,9.029,-8.113,-7.943,0.000000
14254.635742,-31.491,66.105064,0.004879,9.029,-8.114,-7.944,0.000000
14303.986328,-30.476,61.638096,0.004320,9.029,-8.115,-7.945,0.000000
14353.495117,-29.470,57.140282,0.003829,9.029,-8.116,-7.946,0.000000
14403.188477,-28.507,77.306068,0.003411,9.029,-8.117,-7.947,0.000000
14453.052734,-29.066,71.911621,0.003620,9.029,-8.118,-7.948,0.000000
14503.063477,-29.403,77.993698,0.003745,9.029,-8.119,-7.948,0.000000
14553.274414,-29.564,86.834297,0.003797,9.029,-8.120,-7.949,0.000000
14603.659180,-29.298,74.064575,0.003664,9.029,-8.121,-7.950,0.000000
14654.218750,-29.039,71.210968,0.003540,9.029,-8.122,-7.951,0.000000
14704.924805,-29.200,68.473648,0.003589,9.029,-8.123,-7.952,0.000000
14755.834961,-29.993,69.012894,0.003913,9.029,-8.124,-7.953,0.000000
14806.920898,-30.969,65.417610,0.004357,9.029,-8.125,-7.954,0.000000
14858.168945,-32.267,63.297554,0.005035,9.029,-8.126,-7.955,0.000000
14909.609375,-32.398,66.842232,0.005087,9.029,-8.127,-7.956,0.000000
14961.213867,-32.387,71.829216,0.005056,9.029,-8.128,-7.957,0.000000
15013.010742,-32.193,80.374634,0.004921,9.029,-8.129,-7.958,0.000000
15064.973633,-31.897,83.005219,0.004733,9.029,-8.130,-7.959,0.000000
15117.115234,-32.643,74.853699,0.005132,9.029,-8.131,-7.960,0.000000
15169.452148,-33.322,95.270744,0.005522,9.028,-8.132,-7.961,0.000000
15221.969727,-33.174,95.787018,0.005402,9.028,-8.133,-7.962,0.000000
15274.640625,-32.256,92.872200,0.004837,9.028,-8.134,-7.963,0.000000
15327.523438,-32.289,86.006233,0.004831,9.028,-8.135,-7.964,0.000000
15380.588867,-32.254,82.721031,0.004787,9.028,-8.136,-7.965,0.000000
15433.823242,-32.518,76.335526,0.004911,9.028,-8.137,-7.966,0.000000
15487.241211,-33.009,66.063408,0.005170,9.028,-8.138,-7.967,0.000000
15540.859375,-33.288,75.409302,0.005312,9.028,-8.139,-7.968,0.000000
15594.664062,-32.777,79.609032,0.004985,9.028,-8.140,-7.969,0.000000
15648.638672,-32.656,70.886620,0.004893,9.028,-8.141,-7.970,0.000000
15702.800781,-32.511,77.102615,0.004789,9.028,-8.142,-7.971,0.000000
15757.166016,-31.676,82.742775,0.004329,9.028,-8.143,-7.972,0.000000
15811.718750,-31.643,79.216705,0.004291,9.028,-8.144,-7.973,0.000000
15866.429688,-31.206,85.973389,0.004061,9.028,-8.145,-7.974,0.000000
15921.361328,-31.464,82.386070,0.004163,9.028,-8.147,-7.975,0.000000
15976.482422,-30.250,82.596451,0.003602,9.028,-8.148,-7.977,0.000000
16031.793945,-28.942,77.225082,0.003083,9.028,-8.149,-7.978,0.000000
16087.267578,-28.319,71.386902,0.002855,9.028,-8.150,-7.979,0.000000
16142.962891,-28.096,72.786789,0.002769,9.028,-8.151,-7.980,0.000000
16198.851562,-27.483,79.200775,0.002568,9.028,-8.152,-7.981,0.000000
16254.917969,-27.282,78.523232,0.002496,9.028,-8.153,-7.982,0.000000
16311.194336,-27.316,86.332115,0.002494,9.028,-8.154,-7.983,0.000000
16367.649414,-26.388,106.791542,0.002231,9.028,-8.155,-7.984,0.000000
16424.316406,-25.638,87.924858,0.002036,9.028,-8.156,-7.985,0.000000
16481.162109,-26.457,82.821449,0.002227,9.028,-8.158,-7.986,0.000000
16538.205078,-26.951,106.365898,0.002346,9.028,-8.159,-7.987,0.000000
16595.462891,-27.085,91.653999,0.002371,9.028,-8.160,-7.988,0.000000
16652.917969,-26.435,71.045486,0.002189,9.028,-8.161,-7.989,0.000000
16710.539062,-26.923,65.303497,0.002304,9.028,-8.162,-7.991,0.000000
16768.392578,-26.389,83.082970,0.002156,9.028,-8.163,-7.992,0.000000
16826.447266,-26.276,72.421570,0.002118,9.028,-8.164,-7.993,0.000000
16884.685547,-26.833,80.166763,0.002246,9.028,-8.166,-7.994,0.000000
16943.142578,-26.683,92.294693,0.002197,9.028,-8.167,-7.995,0.000000
17001.785156,-25.889,83.731544,0.001995,9.028,-8.168,-7.996,0.000000
17060.646484,-25.643,84.550491,0.001930,9.028,-8.169,-7.997,0.000000
17119.695312,-25.349,93.211700,0.001857,9.028,-8.170,-7.998,0.000000
17178.949219,-24.789,90.658844,0.001732,9.028,-8.171,-7.999,0.000000
17238.423828,-24.571,75.775986,0.001681,9.028,-8.172,-8.001,0.000000
17298.105469,-24.306,77.102219,0.001623,9.028,-8.174,-8.002,0.000000
17357.976562,-24.390,62.899578,0.001631,9.028,-8.175,-8.003,0.000000
17418.054688,-24.438,65.624321,0.001632,9.028,-8.176,-8.004,0.000000
17478.357422,-24.471,70.350960,0.001630,9.028,-8.177,-8.005,0.000000
17538.869141,-23.906,85.916924,0.001520,9.028,-8.178,-8.006,0.000000
17599.556641,-23.415,81.136864,0.001430,9.028,-8.180,-8.007,0.000000
17660.488281,-22.911,81.729431,0.001343,9.028,-8.181,-8.009,0.000000
17721.630859,-21.612,82.154831,0.001151,9.028,-8.182,-8.010,0.000000
17782.968750,-21.912,69.815971,0.001185,9.028,-8.183,-8.011,0.000000
17844.535156,-21.968,72.574936,0.001187,9.028,-8.184,-8.012,0.000000
17906.296875,-21.622,80.833008,0.001135,9.028,-8.186,-8.013,0.000000
17968.291016,-20.267,72.716637,0.000967,9.028,-8.187,-8.014,0.000000
18030.480469,-19.504,72.895088,0.000881,9.028,-8.188,-8.016,0.000000
18092.886719,-17.985,72.742340,0.000736,9.028,-8.189,-8.017,0.000000
18155.525391,-17.377,67.026161,0.000689,9.028,-8.191,-8.018,0.000000
18218.382812,-17.761,56.507809,0.000711,9.028,-8.192,-8.019,0.000000
18281.421875,-16.494,73.144058,0.000611,9.028,-8.193,-8.020,0.000000
18344.712891,-14.207,86.344795,0.000477,9.028,-8.194,-8.022,0.000000
18408.224609,-12.492,71.938354,0.000382,9.028,-8.196,-8.023,0.000000
18471.955078,-12.577,62.221062,0.000384,9.028,-8.197,-8.024,0.000000
18535.888672,-12.292,71.632217,0.000391,9.028,-8.198,-8.025,0.000000
18600.044922,-12.241,46.826378,0.000391,9.028,-8.199,-8.027,0.000000
18664.439453,-11.969,72.671494,0.000389,9.028,-8.201,-8.028,0.000000
18729.041016,-10.006,114.122902,0.000309,9.028,-8.202,-8.029,0.000000
18793.880859,-9.233,109.125038,0.000377,9.028,-8.203,-8.030,0.000000
18858.929688,-7.147,92.762123,0.000217,9.028,-8.204,-8.031,0.000000
18924.220703,-6.842,93.302841,0.000212,9.028,-8.206,-8.033,0.000000
18989.720703,-5.606,90.274231,0.000380,9.028,-8.207,-8.034,0.000000
19055.447266,-4.026,76.630127,0.000260,9.028,-8.208,-8.035,0.000000
19121.417969,-3.372,84.587303,0.000323,9.028,-8.210,-8.036,0.000000
19187.619141,-2.426,74.509354,0.000238,9.028,-8.211,-8.038,0.000000
19254.029297,-1.932,58.470337,0.000244,9.028,-8.212,-8.039,0.000000
19320.669922,-1.110,48.004784,0.000172,9.028,-8.213,-8.040,0.000000
19387.560547,-1.034,25.629551,0.000515,9.028,-8.215,-8.042,0.000000
19454.664062,-1.072,31.420362,0.000461,9.028,-8.216,-8.043,0.000000
19522.017578,2.311,-7.255342,0.000403,9.028,-8.217,-8.044,0.000000
19589.585938,-207.572,0.000000,0.000000,9.028,-8.219,-8.045,0.000000
19657.406250,-207.605,0.000000,0.000000,9.028,-8.220,-8.047,0.000000
19725.443359,-207.638,0.000000,0.000000,9.028,-8.221,-8.048,0.000000
19793.716797,-207.671,0.000000,0.000000,9.028,-8.223,-8.049,0.000000
19862.244141,-207.704,0.000000,0.000000,9.028,-8.224,-8.051,0.000000
19931.009766,-207.737,0.000000,0.000000,9.028,-8.225,-8.052,0.000000
19999.974609,-207.770,0.000000,0.000000,9.028,-8.227,-8.053,0.000000
