frequency_hz,spl_db,phase_deg,thd_percent,rt60_ms,c50_db,c80_db,group_delay_ms
20.000000,-38.110,39.075237,0.016107,10.355,11.613,11.983,0.000000
20.069233,-37.909,14.082419,0.015739,10.355,11.613,11.983,0.000000
20.138704,-37.562,43.557701,0.015123,10.355,11.613,11.983,0.000000
20.208418,-36.797,72.143715,0.013848,10.355,11.613,11.983,0.000000
20.278366,-35.771,77.791016,0.012305,10.355,11.613,11.983,0.000000
20.348562,-33.883,57.473595,0.009901,10.355,11.613,11.983,0.000000
20.419001,-34.204,79.963066,0.010274,10.355,11.613,11.983,0.000000
20.489683,-34.801,12.445661,0.011005,10.355,11.613,11.983,0.000000
20.560612,-34.325,-70.958305,0.010420,10.355,11.613,11.983,0.000000
20.631784,-34.907,-59.939686,0.011143,10.355,11.613,11.983,0.000000
20.703203,-35.409,-115.668854,0.011810,10.355,11.613,11.983,0.000000
20.774866,-35.611,145.916229,0.012090,10.355,11.613,11.983,0.000000
20.846781,-35.435,50.589119,0.011850,10.355,11.613,11.983,0.000000
20.918943,-35.465,-17.093496,0.011893,10.355,11.613,11.983,0.000000
20.991358,-35.944,-75.807518,0.012567,10.355,11.613,11.983,0.000000
21.064020,-36.709,-120.409378,0.013723,10.355,11.613,11.983,0.000000
21.136936,-38.792,-162.134125,0.017444,10.355,11.613,11.983,0.000000
21.210104,-39.587,-35.206947,0.019115,10.355,11.613,11.983,0.000000
21.283520,-39.869,44.225506,0.019746,10.355,11.613,11.983,0.000000
21.357197,-38.492,1.218250,0.016852,10.355,11.613,11.983,0.000000
21.431126,-37.392,-156.827286,0.014848,10.355,11.613,11.983,0.000000
21.505312,-37.279,-28.986515,0.014659,10.355,11.613,11.983,0.000000
21.579756,-37.401,-20.799955,0.014869,10.355,11.613,11.983,0.000000
21.654457,-37.463,-13.716326,0.014977,10.355,11.613,11.983,0.000000
21.729416,-37.358,-94.753548,0.014800,10.355,11.613,11.983,0.000000
21.804630,-37.244,57.722054,0.014610,10.355,11.613,11.983,0.000000
21.880110,-37.660,42.371567,0.015329,10.355,11.613,11.983,0.000000
21.955851,-37.744,1.649383,0.015479,10.355,11.613,11.983,0.000000
22.031853,-37.830,66.148994,0.015633,10.355,11.613,11.983,0.000000
22.108118,-39.010,101.645432,0.017907,10.355,11.613,11.983,0.000000
22.184649,-38.991,138.292786,0.017869,10.355,11.613,11.983,0.000000
22.261442,-39.977,99.867393,0.020017,10.355,11.613,11.983,0.000000
22.338503,-40.532,119.105247,0.021337,10.355,11.613,11.983,0.000000
22.415825,-39.760,118.343887,0.019523,10.355,11.613,11.983,0.000000
22.493420,-40.310,103.342308,0.020802,10.355,11.613,11.983,0.000000
22.571283,-40.632,136.341614,0.021591,10.355,11.613,11.983,0.000000
22.649418,-40.631,136.341614,0.021591,10.355,11.613,11.983,0.000000
22.727821,-39.954,134.389999,0.019977,10.355,11.613,11.983,0.000000
22.806496,-40.332,110.450218,0.020867,10.355,11.613,11.983,0.000000
22.885437,-39.696,86.413277,0.019397,10.355,11.613,11.983,0.000000
22.964659,-39.770,62.656265,0.019567,10.355,11.613,11.983,0.000000
23.044153,-40.778,-66.372169,0.021978,10.355,11.613,11.983,0.000000
23.123922,-41.170,-142.469681,0.022996,10.355,11.613,11.983,0.000000
23.203970,-41.254,-138.060913,0.023223,10.355,11.613,11.983,0.000000
23.284292,-42.014,163.762177,0.025353,10.355,11.613,11.983,0.000000
23.364893,-42.165,-149.913757,0.025801,10.355,11.613,11.983,0.000000
23.445774,-42.333,19.229948,0.026311,10.355,11.613,11.983,0.000000
23.526928,-43.972,12.439134,0.031780,10.355,11.613,11.983,0.000000
23.608370,-43.172,-31.061495,0.028981,10.355,11.613,11.983,0.000000
23.690092,-42.730,-176.598816,0.027543,10.355,11.613,11.983,0.000000
23.772099,-43.029,-74.320015,0.028509,10.355,11.613,11.983,0.000000
23.854389,-43.606,106.369629,0.030466,10.355,11.613,11.983,0.000000
23.936964,-42.890,61.323299,0.028056,10.355,11.613,11.983,0.000000
24.019825,-42.728,39.207798,0.027539,10.355,11.613,11.983,0.000000
24.102966,-42.383,12.522752,0.026465,10.355,11.613,11.983,0.000000
24.186401,-42.761,-9.245320,0.027648,10.355,11.613,11.983,0.000000
24.270124,-42.566,-18.589836,0.027040,10.355,11.613,11.983,0.000000
24.354139,-42.277,-49.648544,0.026160,10.355,11.613,11.983,0.000000
24.438444,-43.151,-66.931274,0.028935,10.355,11.613,11.983,0.000000
24.523041,-44.857,-66.218292,0.035220,10.355,11.613,11.983,0.000000
24.607929,-44.442,-83.488586,0.033586,10.355,11.613,11.983,0.000000
24.693108,-44.428,-117.899445,0.033534,10.355,11.613,11.983,0.000000
24.778585,-44.362,-116.395157,0.033287,10.355,11.613,11.983,0.000000
24.864359,-45.101,-143.384033,0.036248,10.355,11.613,11.983,0.000000
24.950430,-45.466,-127.768394,0.037810,10.355,11.613,11.983,0.000000
25.036798,-46.367,-166.994522,0.041953,10.355,11.613,11.983,0.000000
25.123466,-46.246,-164.875244,0.041377,10.355,11.613,11.983,0.000000
25.210434,-46.546,174.977463,0.042838,10.355,11.613,11.983,0.000000
25.297697,-47.683,152.112610,0.048828,10.355,11.613,11.983,0.000000
25.385267,-47.664,131.791382,0.048724,10.355,11.613,11.983,0.000000
25.473143,-48.479,130.547455,0.053513,10.355,11.613,11.983,0.000000
25.561321,-47.378,104.246536,0.047142,10.355,11.613,11.983,0.000000
25.649803,-46.967,119.185753,0.044966,10.355,11.613,11.983,0.000000
25.738594,-46.602,141.418747,0.043116,10.355,11.613,11.983,0.000000
25.827690,-45.697,135.978806,0.038851,10.355,11.613,11.983,0.000000
25.917089,-45.578,117.445953,0.038327,10.355,11.613,11.983,0.000000
26.006805,-46.081,84.270935,0.040620,10.355,11.613,11.983,0.000000
26.096830,-45.326,92.349068,0.037244,10.355,11.613,11.983,0.000000
26.187168,-44.680,65.435394,0.034581,10.355,11.613,11.983,0.000000
26.277819,-44.821,73.233643,0.035154,10.355,11.613,11.983,0.000000
26.368782,-44.531,60.237946,0.034005,10.355,11.613,11.983,0.000000
26.460054,-45.005,22.572424,0.035920,10.355,11.613,11.983,0.000000
26.551649,-46.476,8.477962,0.042557,10.355,11.613,11.983,0.000000
26.643560,-47.531,19.637234,0.048060,10.355,11.613,11.983,0.000000
26.735790,-48.106,19.549356,0.051356,10.355,11.613,11.983,0.000000
26.828339,-48.749,11.230727,0.055316,10.355,11.613,11.983,0.000000
26.921207,-48.637,22.760910,0.054613,10.355,11.613,11.983,0.000000
27.014399,-48.138,2.854937,0.051572,10.355,11.613,11.983,0.000000
27.107912,-48.373,2.255077,0.052988,10.355,11.613,11.983,0.000000
27.201744,-47.854,3.138351,0.049916,10.355,11.613,11.983,0.000000
27.295906,-46.528,-10.403564,0.042847,10.355,11.613,11.983,0.000000
27.390394,-46.735,-23.773350,0.043880,10.355,11.613,11.983,0.000000
27.485209,-46.103,-20.666073,0.040804,10.355,11.613,11.983,0.000000
27.580351,-45.612,-16.736073,0.038557,10.355,11.613,11.983,0.000000
27.675825,-44.789,-44.973705,0.035078,10.355,11.613,11.983,0.000000
27.771622,-44.742,-32.603477,0.034892,10.355,11.613,11.983,0.000000
27.867756,-43.839,-44.635265,0.031455,10.355,11.613,11.983,0.000000
27.964224,-43.423,-40.793617,0.029986,10.355,11.613,11.983,0.000000
28.061024,-43.762,-4.747219,0.031187,10.355,11.613,11.983,0.000000
28.158161,-44.883,-23.149300,0.035486,10.355,11.613,11.983,0.000000
28.255634,-45.748,-36.965565,0.039209,10.355,11.613,11.983,0.000000
28.353443,-45.656,-29.556471,0.038803,10.355,11.613,11.983,0.000000
28.451593,-45.710,-36.442719,0.039052,10.355,11.613,11.983,0.000000
28.550081,-45.545,-47.265072,0.038324,10.355,11.613,11.983,0.000000
28.648903,-45.612,-17.451044,0.038628,10.355,11.613,11.983,0.000000
28.748075,-44.317,-25.346876,0.033287,10.355,11.613,11.983,0.000000
28.847589,-44.611,-39.072517,0.034438,10.355,11.613,11.983,0.000000
28.947449,-44.541,-46.091835,0.034163,10.355,11.613,11.983,0.000000
29.047655,-44.184,-46.643841,0.032789,10.355,11.613,11.983,0.000000
29.148207,-43.055,-49.049519,0.028792,10.355,11.613,11.983,0.000000
29.249100,-43.039,-43.178566,0.028740,10.355,11.613,11.983,0.000000
29.350348,-41.477,-29.468758,0.024009,10.355,11.613,11.983,0.000000
29.451948,-39.283,-25.377283,0.018651,10.355,11.613,11.983,0.000000
29.553900,-38.861,-31.193207,0.017766,10.355,11.613,11.983,0.000000
29.656204,-38.630,-47.400898,0.017300,10.355,11.613,11.983,0.000000
29.758862,-38.401,-53.499535,0.016853,10.355,11.613,11.983,0.000000
29.861876,-38.003,-56.426609,0.016101,10.355,11.613,11.983,0.000000
29.965246,-37.119,-60.343616,0.014545,10.355,11.613,11.983,0.000000
30.068968,-36.439,-72.641121,0.013454,10.355,11.613,11.983,0.000000
30.173054,-35.917,-73.794167,0.012671,10.355,11.613,11.983,0.000000
30.277502,-35.606,-77.260521,0.012226,10.355,11.613,11.983,0.000000
30.382311,-34.809,-92.969193,0.011156,10.355,11.613,11.983,0.000000
30.487482,-34.911,-101.273338,0.011290,10.355,11.613,11.983,0.000000
30.593019,-34.220,-98.350250,0.010429,10.355,11.613,11.983,0.000000
30.698914,-33.680,-105.369194,0.009802,10.355,11.613,11.983,0.000000
30.805182,-33.406,-117.314857,0.009499,10.355,11.613,11.983,0.000000
30.911816,-33.254,-122.367386,0.009336,10.355,11.613,11.983,0.000000
31.018822,-33.170,-122.614685,0.009247,10.355,11.613,11.983,0.000000
31.126196,-32.797,-131.999695,0.008858,10.355,11.613,11.983,0.000000
31.233944,-31.503,-131.433960,0.007632,10.355,11.613,11.983,0.000000
31.342064,-31.624,-142.461884,0.007740,10.355,11.613,11.983,0.000000
31.450558,-31.436,-142.903168,0.007574,10.355,11.613,11.983,0.000000
31.559420,-30.975,-145.115143,0.007182,10.355,11.613,11.983,0.000000
31.668667,-30.307,-142.584152,0.006651,10.355,11.613,11.983,0.000000
31.778292,-30.576,-151.752045,0.006861,10.355,11.613,11.983,0.000000
31.888296,-30.098,-147.761246,0.006495,10.355,11.613,11.983,0.000000
31.998680,-29.491,-150.470886,0.006057,10.355,11.613,11.983,0.000000
32.109447,-28.890,-156.031006,0.005653,10.355,11.613,11.983,0.000000
32.220600,-28.151,-159.902283,0.005193,10.355,11.613,11.983,0.000000
32.332127,-28.118,-163.491013,0.005174,10.355,11.613,11.983,0.000000
32.444046,-27.118,-164.325699,0.004612,10.355,11.613,11.983,0.000000
32.556355,-26.708,-170.325485,0.004400,10.355,11.613,11.983,0.000000
32.669052,-26.598,-176.458038,0.004346,10.355,11.613,11.983,0.000000
32.782143,-26.691,-179.355011,0.004393,10.355,11.613,11.983,0.000000
32.895622,-26.094,178.006821,0.004102,10.355,11.613,11.983,0.000000
33.009491,-25.672,173.467514,0.003908,10.355,11.613,11.983,0.000000
33.123760,-25.546,166.999924,0.003853,10.355,11.613,11.983,0.000000
33.238411,-25.322,164.147263,0.003755,10.355,11.613,11.983,0.000000
33.353470,-25.162,159.280167,0.003687,10.355,11.613,11.983,0.000000
33.468929,-24.913,155.386566,0.003582,10.355,11.613,11.983,0.000000
33.584785,-24.751,150.577103,0.003516,10.355,11.613,11.983,0.000000
33.701042,-24.615,147.094757,0.003462,10.355,11.613,11.983,0.000000
33.817696,-24.313,144.925461,0.003343,10.355,11.613,11.983,0.000000
33.934757,-23.742,138.382095,0.003131,10.355,11.613,11.983,0.000000
34.052227,-23.480,134.006210,0.003038,10.355,11.613,11.983,0.000000
34.170105,-23.503,129.244598,0.003046,10.355,11.613,11.983,0.000000
34.288387,-23.190,123.970772,0.002939,10.355,11.613,11.983,0.000000
34.407082,-23.069,117.381432,0.002899,10.355,11.613,11.983,0.000000
34.526184,-22.888,113.686890,0.002840,10.355,11.613,11.983,0.000000
34.645702,-22.807,111.014069,0.002814,10.355,11.613,11.983,0.000000
34.765621,-22.634,103.285072,0.002759,10.355,11.613,11.983,0.000000
34.885967,-22.621,99.610725,0.002755,10.355,11.613,11.983,0.000000
35.006729,-22.424,96.781403,0.002694,10.355,11.613,11.983,0.000000
35.127911,-22.430,90.170670,0.002696,10.355,11.613,11.983,0.000000
35.249508,-22.306,86.685539,0.002658,10.355,11.613,11.983,0.000000
35.371529,-22.363,83.170944,0.002676,10.355,11.613,11.983,0.000000
35.493965,-22.400,77.453682,0.002688,10.355,11.613,11.983,0.000000
35.616829,-22.289,75.216599,0.002655,10.355,11.613,11.983,0.000000
35.740120,-22.276,70.678169,0.002651,10.355,11.613,11.983,0.000000
35.863842,-22.503,66.596741,0.002721,10.355,11.613,11.983,0.000000
35.987988,-22.384,63.479889,0.002684,10.355,11.613,11.983,0.000000
36.112564,-22.478,59.386463,0.002713,10.355,11.613,11.983,0.000000
36.237572,-22.471,56.403290,0.002711,10.355,11.613,11.983,0.000000
36.363010,-22.441,53.554592,0.002701,10.355,11.613,11.983,0.000000
36.488888,-22.602,49.728886,0.002752,10.355,11.613,11.983,0.000000
36.615189,-22.479,46.604439,0.002714,10.355,11.613,11.983,0.000000
36.741936,-22.515,41.949944,0.002725,10.355,11.613,11.983,0.000000
36.869122,-22.531,39.491398,0.002731,10.355,11.613,11.983,0.000000
36.996750,-22.683,35.338314,0.002780,10.355,11.613,11.983,0.000000
37.124817,-22.776,32.654884,0.002810,10.355,11.613,11.983,0.000000
37.253323,-22.925,29.459455,0.002859,10.355,11.613,11.983,0.000000
37.382278,-22.797,27.405107,0.002818,10.355,11.613,11.983,0.000000
37.511681,-22.867,24.132977,0.002841,10.355,11.613,11.983,0.000000
37.641533,-22.970,20.776194,0.002876,10.355,11.613,11.983,0.000000
37.771832,-22.952,18.428528,0.002870,10.355,11.613,11.983,0.000000
37.902584,-23.114,14.385085,0.002925,10.355,11.613,11.983,0.000000
38.033791,-23.128,13.041030,0.002930,10.355,11.613,11.983,0.000000
38.165447,-23.069,11.183404,0.002910,10.355,11.613,11.983,0.000000
38.297562,-22.969,7.922287,0.002877,10.355,11.613,11.983,0.000000
38.430122,-22.861,5.907066,0.002842,10.355,11.613,11.983,0.000000
38.563152,-22.776,1.198427,0.002814,10.355,11.613,11.983,0.000000
38.696644,-22.806,-1.223474,0.002824,10.355,11.613,11.983,0.000000
38.830597,-22.725,-4.939840,0.002798,10.355,11.613,11.983,0.000000
38.965015,-22.737,-7.000643,0.002801,10.355,11.613,11.983,0.000000
39.099895,-22.683,-10.053599,0.002784,10.355,11.613,11.983,0.000000
39.235237,-22.642,-12.515256,0.002772,10.355,11.613,11.983,0.000000
39.371052,-22.616,-16.064447,0.002764,10.355,11.613,11.983,0.000000
39.507339,-22.679,-18.981562,0.002784,10.355,11.613,11.983,0.000000
39.644100,-22.812,-21.161730,0.002828,10.355,11.613,11.983,0.000000
39.781334,-22.902,-23.010900,0.002858,10.355,11.613,11.983,0.000000
39.919041,-22.917,-25.323837,0.002863,10.355,11.613,11.983,0.000000
40.057224,-22.939,-27.441029,0.002871,10.355,11.613,11.983,0.000000
40.195889,-22.985,-29.196114,0.002886,10.355,11.613,11.983,0.000000
40.335030,-23.119,-29.746706,0.002932,10.355,11.613,11.983,0.000000
40.474644,-22.924,-32.093330,0.002867,10.355,11.613,11.983,0.000000
40.614754,-22.986,-34.464596,0.002889,10.355,11.613,11.983,0.000000
40.755344,-23.009,-35.727058,0.002897,10.355,11.613,11.983,0.000000
40.896423,-22.968,-37.826862,0.002883,10.355,11.613,11.983,0.000000
41.037983,-22.969,-39.110512,0.002884,10.355,11.613,11.983,0.000000
41.180042,-23.031,-41.554356,0.002905,10.355,11.613,11.983,0.000000
41.322590,-23.077,-43.024708,0.002920,10.355,11.613,11.983,0.000000
41.465633,-23.014,-45.131081,0.002899,10.355,11.613,11.983,0.000000
41.609173,-23.050,-46.484325,0.002911,10.355,11.613,11.983,0.000000
41.753204,-23.193,-49.414474,0.002959,10.355,11.613,11.983,0.000000
41.897739,-23.077,-50.960606,0.002920,10.355,11.613,11.983,0.000000
42.042774,-23.071,-52.201630,0.002919,10.355,11.613,11.983,0.000000
42.188309,-23.000,-54.681568,0.002895,10.355,11.613,11.983,0.000000
42.334339,-22.892,-56.081684,0.002860,10.355,11.613,11.983,0.000000
42.480885,-22.800,-57.941860,0.002830,10.355,11.613,11.983,0.000000
42.627937,-22.793,-59.963245,0.002828,10.355,11.613,11.983,0.000000
42.775497,-22.749,-62.303448,0.002815,10.355,11.613,11.983,0.000000
42.923573,-22.642,-63.933697,0.002781,10.355,11.613,11.983,0.000000
43.072155,-22.602,-66.544952,0.002768,10.355,11.613,11.983,0.000000
43.221245,-22.585,-68.135338,0.002763,10.355,11.613,11.983,0.000000
43.370861,-22.674,-69.861870,0.002792,10.355,11.613,11.983,0.000000
43.520992,-22.608,-71.476768,0.002772,10.355,11.613,11.983,0.000000
43.671646,-22.540,-73.543495,0.002750,10.355,11.613,11.983,0.000000
43.822823,-22.476,-75.782913,0.002731,10.355,11.613,11.983,0.000000
43.974518,-22.498,-77.903152,0.002738,10.355,11.613,11.983,0.000000
44.126743,-22.517,-79.991470,0.002744,10.355,11.613,11.983,0.000000
44.279491,-22.386,-82.419952,0.002703,10.355,11.613,11.983,0.000000
44.432770,-22.460,-84.953690,0.002726,10.355,11.613,11.983,0.000000
44.586567,-22.423,-87.567474,0.002715,10.355,11.613,11.983,0.000000
44.740910,-22.410,-88.564178,0.002710,10.355,11.613,11.983,0.000000
44.895786,-22.306,-91.628395,0.002678,10.355,11.613,11.983,0.000000
45.051197,-22.215,-94.425652,0.002651,10.355,11.613,11.983,0.000000
45.207138,-22.309,-95.794746,0.002680,10.355,11.613,11.983,0.000000
45.363636,-22.235,-97.467010,0.002658,10.355,11.613,11.983,0.000000
45.520660,-22.119,-100.071190,0.002623,10.355,11.613,11.983,0.000000
45.678234,-22.206,-101.811104,0.002650,10.355,11.613,11.983,0.000000
45.836353,-22.085,-103.084160,0.002614,10.355,11.613,11.983,0.000000
45.995022,-22.130,-105.059258,0.002628,10.355,11.613,11.983,0.000000
46.154240,-22.039,-105.915031,0.002601,10.355,11.613,11.983,0.000000
46.314007,-21.939,-107.935539,0.002571,10.355,11.613,11.983,0.000000
46.474327,-21.751,-109.738037,0.002517,10.355,11.613,11.983,0.000000
46.635193,-21.724,-111.369156,0.002509,10.355,11.613,11.983,0.000000
46.796627,-21.536,-112.395187,0.002456,10.355,11.613,11.983,0.000000
46.958618,-21.438,-114.671280,0.002429,10.355,11.613,11.983,0.000000
47.121170,-21.301,-116.054581,0.002391,10.355,11.613,11.983,0.000000
47.284286,-21.218,-117.693298,0.002368,10.355,11.613,11.983,0.000000
47.447968,-21.187,-119.603371,0.002360,10.355,11.613,11.983,0.000000
47.612202,-20.993,-121.602821,0.002308,10.355,11.613,11.983,0.000000
47.777020,-20.982,-124.749275,0.002305,10.355,11.613,11.983,0.000000
47.942402,-20.962,-126.839523,0.002300,10.355,11.613,11.983,0.000000
48.108360,-20.983,-128.839996,0.002305,10.355,11.613,11.983,0.000000
48.274895,-20.919,-130.645676,0.002288,10.355,11.613,11.983,0.000000
48.442005,-20.988,-132.450729,0.002307,10.355,11.613,11.983,0.000000
48.609692,-20.938,-135.265915,0.002294,10.355,11.613,11.983,0.000000
48.777958,-21.025,-138.004181,0.002318,10.355,11.613,11.983,0.000000
48.946812,-21.140,-139.719315,0.002349,10.355,11.613,11.983,0.000000
49.116234,-21.013,-142.135086,0.002315,10.355,11.613,11.983,0.000000
49.286255,-21.127,-144.727844,0.002347,10.355,11.613,11.983,0.000000
49.456863,-21.133,-147.321884,0.002348,10.355,11.613,11.983,0.000000
49.628067,-21.182,-149.299408,0.002362,10.355,11.613,11.983,0.000000
49.799858,-21.195,-151.451294,0.002366,10.355,11.613,11.983,0.000000
49.972248,-21.168,-154.044159,0.002359,10.355,11.613,11.983,0.000000
50.145218,-21.197,-155.250931,0.002367,10.355,11.613,11.983,0.000000
50.318802,-21.209,-156.926422,0.002371,10.355,11.613,11.983,0.000000
50.492989,-21.139,-158.977448,0.002352,10.355,11.613,11.983,0.000000
50.667774,-21.135,-161.661026,0.002351,10.355,11.613,11.983,0.000000
50.843166,-21.241,-163.134857,0.002380,10.355,11.613,11.983,0.000000
51.019169,-21.284,-164.819397,0.002392,10.355,11.613,11.983,0.000000
51.195774,-21.360,-166.942413,0.002413,10.355,11.613,11.983,0.000000
51.372997,-21.374,-168.291809,0.002417,10.355,11.613,11.983,0.000000
51.550816,-21.428,-169.191452,0.002432,10.355,11.613,11.983,0.000000
51.729267,-21.471,-171.068359,0.002444,10.355,11.613,11.983,0.000000
51.908333,-21.534,-171.930038,0.002462,10.355,11.613,11.983,0.000000
52.088020,-21.489,-173.428680,0.002450,10.355,11.613,11.983,0.000000
52.268330,-21.451,-174.750809,0.002440,10.355,11.613,11.983,0.000000
52.449261,-21.410,-175.740021,0.002429,10.355,11.613,11.983,0.000000
52.630810,-21.338,-176.928284,0.002409,10.355,11.613,11.983,0.000000
52.812996,-21.245,-178.394562,0.002384,10.355,11.613,11.983,0.000000
52.995815,-21.157,179.728683,0.002360,10.355,11.613,11.983,0.000000
53.179264,-21.153,178.340179,0.002360,10.355,11.613,11.983,0.000000
53.363350,-21.127,176.540207,0.002353,10.355,11.613,11.983,0.000000
53.548077,-21.047,175.078186,0.002332,10.355,11.613,11.983,0.000000
53.733437,-21.008,172.721283,0.002322,10.355,11.613,11.983,0.000000
53.919441,-21.001,171.019211,0.002320,10.355,11.613,11.983,0.000000
54.106079,-20.972,169.279663,0.002313,10.355,11.613,11.983,0.000000
54.293373,-20.918,167.513550,0.002298,10.355,11.613,11.983,0.000000
54.481316,-20.857,165.379440,0.002282,10.355,11.613,11.983,0.000000
54.669895,-20.872,163.334702,0.002286,10.355,11.613,11.983,0.000000
54.859169,-20.792,161.927139,0.002265,10.355,11.613,11.983,0.000000
55.049042,-20.743,159.178589,0.002252,10.355,11.613,11.983,0.000000
55.239601,-20.687,156.998123,0.002238,10.355,11.613,11.983,0.000000
55.430820,-20.671,155.030945,0.002234,10.355,11.613,11.983,0.000000
55.622700,-20.625,152.971146,0.002223,10.355,11.613,11.983,0.000000
55.815247,-20.624,150.831940,0.002223,10.355,11.613,11.983,0.000000
56.008457,-20.599,148.639297,0.002217,10.355,11.613,11.983,0.000000
56.202335,-20.609,146.095169,0.002220,10.355,11.613,11.983,0.000000
56.396889,-20.565,144.110809,0.002209,10.355,11.613,11.983,0.000000
56.592110,-20.589,141.237228,0.002215,10.355,11.613,11.983,0.000000
56.788010,-20.610,139.064362,0.002221,10.355,11.613,11.983,0.000000
56.984589,-20.701,136.769379,0.002245,10.355,11.613,11.983,0.000000
57.181820,-20.803,135.068909,0.002272,10.355,11.613,11.983,0.000000
57.379791,-20.868,133.405853,0.002290,10.355,11.613,11.983,0.000000
57.578388,-21.102,131.506348,0.002352,10.355,11.613,11.983,0.000000
57.777702,-21.256,130.328171,0.002395,10.355,11.613,11.983,0.000000
57.977707,-21.369,129.310303,0.002426,10.355,11.613,11.983,0.000000
58.178406,-21.567,128.446533,0.002482,10.355,11.613,11.983,0.000000
58.379795,-21.686,128.350113,0.002517,10.355,11.613,11.983,0.000000
58.581886,-21.826,128.010925,0.002558,10.355,11.613,11.983,0.000000
58.784672,-21.904,128.142044,0.002581,10.355,11.613,11.983,0.000000
58.988163,-21.897,127.839592,0.002578,10.355,11.613,11.983,0.000000
59.192356,-21.965,128.255768,0.002599,10.355,11.613,11.983,0.000000
59.397259,-21.851,127.780243,0.002566,10.355,11.613,11.983,0.000000
59.602867,-21.774,127.660263,0.002543,10.355,11.613,11.983,0.000000
59.809193,-21.691,127.748756,0.002519,10.355,11.613,11.983,0.000000
60.016228,-21.403,127.623024,0.002438,10.355,11.613,11.983,0.000000
60.223953,-21.262,126.746216,0.002399,10.355,11.613,11.983,0.000000
60.432423,-21.110,126.384781,0.002358,10.355,11.613,11.983,0.000000
60.641617,-20.828,125.586617,0.002283,10.355,11.613,11.983,0.000000
60.851536,-20.588,124.554741,0.002221,10.355,11.613,11.983,0.000000
61.062180,-20.386,123.095222,0.002171,10.355,11.613,11.983,0.000000
61.273556,-20.201,121.565331,0.002126,10.355,11.613,11.983,0.000000
61.485661,-19.946,120.428040,0.002065,10.355,11.613,11.983,0.000000
61.698502,-19.680,117.840324,0.002004,10.355,11.613,11.983,0.000000
61.912075,-19.384,115.338509,0.001937,10.355,11.613,11.983,0.000000
62.126392,-19.226,113.385635,0.001903,10.355,11.613,11.983,0.000000
62.341450,-18.961,110.389877,0.001846,10.355,11.613,11.983,0.000000
62.557251,-18.746,106.938889,0.001801,10.355,11.613,11.983,0.000000
62.773800,-18.565,104.131706,0.001764,10.355,11.613,11.983,0.000000
62.991070,-18.347,99.493011,0.001721,10.355,11.613,11.983,0.000000
63.209152,-18.200,96.363388,0.001692,10.353,11.652,12.025,0.000000
63.427925,-18.145,92.932716,0.001682,10.351,11.694,12.070,0.000000
63.647522,-18.110,88.000275,0.001675,10.349,11.736,12.114,0.000000
63.867813,-18.174,84.473007,0.001688,10.346,11.778,12.159,0.000000
64.088898,-18.357,80.280502,0.001725,10.344,11.820,12.204,0.000000
64.310753,-18.545,76.483269,0.001763,10.342,11.862,12.249,0.000000
64.533371,-18.800,73.586639,0.001816,10.340,11.904,12.294,0.000000
64.756760,-19.155,70.748886,0.001893,10.338,11.947,12.339,0.000000
64.980919,-19.338,69.682541,0.001934,10.336,11.990,12.385,0.000000
65.205864,-19.611,67.098366,0.001996,10.334,12.032,12.431,0.000000
65.431580,-19.964,64.890976,0.002079,10.332,12.075,12.476,0.000000
65.658081,-20.102,63.139660,0.002113,10.330,12.119,12.522,0.000000
65.885361,-20.261,61.034252,0.002152,10.327,12.162,12.569,0.000000
66.113434,-20.161,59.947552,0.002128,10.325,12.205,12.615,0.000000
66.342262,-19.852,58.035336,0.002054,10.323,12.249,12.661,0.000000
66.571945,-19.864,55.917515,0.002057,10.321,12.293,12.708,0.000000
66.802353,-19.936,53.898853,0.002076,10.319,12.336,12.755,0.000000
67.033600,-19.985,51.454468,0.002088,10.317,12.380,12.802,0.000000
67.265648,-20.165,49.604744,0.002133,10.314,12.425,12.849,0.000000
67.498489,-20.226,48.579506,0.002149,10.312,12.469,12.896,0.000000
67.732147,-20.298,47.590508,0.002169,10.310,12.513,12.943,0.000000
67.966606,-20.409,45.547218,0.002198,10.308,12.558,12.991,0.000000
68.201881,-20.789,43.942677,0.002297,10.306,12.603,13.039,0.000000
68.437973,-21.012,42.638927,0.002357,10.303,12.648,13.087,0.000000
68.674881,-21.324,42.024040,0.002444,10.301,12.693,13.135,0.000000
68.912605,-21.348,41.072067,0.002452,10.299,12.738,13.183,0.000000
69.151154,-21.390,39.212784,0.002465,10.297,12.784,13.232,0.000000
69.390495,-21.560,38.321877,0.002514,10.294,12.829,13.280,0.000000
69.630730,-21.498,37.372581,0.002497,10.292,12.875,13.329,0.000000
69.871735,-21.583,34.901062,0.002522,10.290,12.921,13.378,0.000000
70.113640,-21.645,34.350460,0.002542,10.287,12.967,13.427,0.000000
70.356308,-21.709,33.145851,0.002561,10.285,13.013,13.476,0.000000
70.599854,-21.969,31.639696,0.002640,10.283,13.059,13.526,0.000000
70.844246,-22.199,30.147570,0.002712,10.281,13.106,13.575,0.000000
71.089478,-22.325,28.579073,0.002752,10.278,13.153,13.625,0.000000
71.335564,-22.559,26.513607,0.002828,10.276,13.200,13.675,0.000000
71.582504,-22.571,23.836857,0.002833,10.274,13.247,13.725,0.000000
71.830292,-22.829,22.229721,0.002920,10.271,13.294,13.775,0.000000
72.078941,-22.810,20.013588,0.002914,10.269,13.341,13.826,0.000000
72.328453,-22.879,17.723633,0.002939,10.267,13.389,13.877,0.000000
72.578827,-22.895,14.481703,0.002945,10.264,13.436,13.927,0.000000
72.830063,-23.007,10.152582,0.002984,10.262,13.484,13.978,0.000000
73.082176,-23.091,8.417723,0.003014,10.259,13.532,14.030,0.000000
73.335159,-23.198,4.845416,0.003053,10.257,13.580,14.081,0.000000
73.588982,-23.264,1.490745,0.003077,10.255,13.629,14.133,0.000000
73.843719,-23.434,-1.733676,0.003139,10.252,13.677,14.184,0.000000
74.099335,-23.664,-5.133310,0.003224,10.250,13.726,14.236,0.000000
74.355843,-24.146,-8.296494,0.003409,10.247,13.775,14.288,0.000000
74.613228,-24.477,-10.481325,0.003543,10.245,13.824,14.341,0.000000
74.871513,-24.836,-13.252779,0.003693,10.243,13.873,14.393,0.000000
75.130692,-25.197,-14.285734,0.003851,10.240,13.922,14.446,0.000000
75.390762,-25.582,-15.414263,0.004026,10.238,13.972,14.498,0.000000
75.651733,-26.263,-15.887981,0.004355,10.235,14.021,14.551,0.000000
75.913612,-27.076,-16.610126,0.004783,10.233,14.071,14.605,0.000000
76.176399,-27.764,-17.812138,0.005178,10.230,14.121,14.658,0.000000
76.440094,-28.192,-19.518330,0.005440,10.228,14.171,14.711,0.000000
76.704697,-28.516,-17.657284,0.005648,10.225,14.222,14.765,0.000000
76.970184,-28.925,-18.378319,0.005921,10.223,14.272,14.819,0.000000
77.236664,-29.676,-18.669401,0.006457,10.220,14.323,14.873,0.000000
77.503990,-30.149,-17.811596,0.006820,10.218,14.374,14.927,0.000000
77.772278,-30.627,-16.940674,0.007207,10.215,14.425,14.982,0.000000
78.041496,-30.900,-16.723051,0.007439,10.213,14.476,15.037,0.000000
78.311646,-31.036,-15.685518,0.007557,10.210,14.528,15.091,0.000000
78.582733,-31.281,-12.873162,0.007775,10.207,14.579,15.146,0.000000
78.854752,-31.594,-12.698974,0.008062,10.205,14.631,15.202,0.000000
79.127716,-31.793,-10.550563,0.008249,10.202,14.683,15.257,0.000000
79.401627,-32.383,-10.161780,0.008831,10.200,14.735,15.313,0.000000
79.676483,-32.678,-7.423564,0.009138,10.197,14.788,15.368,0.000000
79.952293,-32.644,-7.318586,0.009104,10.195,14.840,15.424,0.000000
80.229057,-32.622,-4.723295,0.009081,10.192,14.893,15.481,0.000000
80.506744,-32.656,-2.288729,0.009116,10.189,14.946,15.537,0.000000
80.785469,-32.889,0.929931,0.009364,10.187,14.999,15.594,0.000000
81.065079,-33.106,3.154139,0.009601,10.184,15.052,15.650,0.000000
81.345734,-33.449,6.102998,0.009988,10.181,15.105,15.707,0.000000
81.627281,-33.741,7.330897,0.010330,10.179,15.159,15.765,0.000000
81.909843,-33.802,9.470549,0.010402,10.176,15.213,15.822,0.000000
82.193382,-34.088,10.579946,0.010751,10.173,15.267,15.879,0.000000
82.477905,-34.321,14.500180,0.011043,10.171,15.321,15.937,0.000000
82.763412,-34.433,15.591618,0.011186,10.168,15.375,15.995,0.000000
83.049904,-34.681,14.344548,0.011511,10.165,15.430,16.053,0.000000
83.337395,-34.698,16.016945,0.011533,10.163,15.485,16.112,0.000000
83.625877,-34.445,15.871850,0.011202,10.160,15.540,16.170,0.000000
83.915352,-34.329,16.630312,0.011053,10.157,15.595,16.229,0.000000
84.205795,-34.260,19.510721,0.010965,10.154,15.650,16.288,0.000000
84.497330,-34.314,19.932259,0.011033,10.152,15.706,16.347,0.000000
84.789780,-34.090,21.860304,0.010753,10.149,15.761,16.407,0.000000
85.083336,-33.936,21.296169,0.010565,10.146,15.817,16.466,0.000000
85.377815,-34.028,23.004200,0.010677,10.143,15.873,16.526,0.000000
85.673363,-33.809,26.582972,0.010411,10.141,15.929,16.586,0.000000
85.969933,-33.560,25.278513,0.010115,10.138,15.986,16.646,0.000000
86.267525,-33.682,25.731409,0.010256,10.135,16.043,16.707,0.000000
86.566154,-33.401,28.206337,0.009929,10.132,16.099,16.767,0.000000
86.865814,-32.936,27.356783,0.009409,10.129,16.156,16.828,0.000000
87.166504,-32.672,29.100096,0.009126,10.126,16.214,16.889,0.000000
87.468246,-32.307,29.163076,0.008748,10.124,16.271,16.950,0.000000
87.771027,-31.927,29.832594,0.008373,10.121,16.329,17.012,0.000000
88.074852,-31.181,29.717728,0.007684,10.118,16.387,17.074,0.000000
88.379738,-30.975,29.809340,0.007504,10.115,16.445,17.135,0.000000
88.685677,-30.643,28.316868,0.007222,10.112,16.503,17.198,0.000000
88.992668,-30.396,29.508848,0.007020,10.109,16.561,17.260,0.000000
89.300682,-30.228,26.606276,0.006886,10.106,16.620,17.322,0.000000
89.609810,-29.974,24.320398,0.006687,10.103,16.679,17.385,0.000000
89.920006,-29.720,23.056759,0.006494,10.100,16.738,17.448,0.000000
90.231270,-29.539,21.265179,0.006359,10.097,16.797,17.511,0.000000
90.543617,-29.612,20.463287,0.006411,10.095,16.857,17.575,0.000000
90.857048,-29.787,17.658951,0.006541,10.092,16.916,17.638,0.000000
91.171562,-29.715,15.362216,0.006486,10.089,16.976,17.702,0.000000
91.487160,-29.748,15.676700,0.006509,10.086,17.036,17.766,0.000000
91.803856,-29.590,13.712219,0.006391,10.083,17.097,17.831,0.000000
92.121643,-29.591,13.984955,0.006391,10.080,17.157,17.895,0.000000
92.440536,-29.841,13.592980,0.006578,10.077,17.218,17.960,0.000000
92.760529,-30.000,14.090917,0.006699,10.074,17.279,18.025,0.000000
93.081627,-30.023,14.896574,0.006717,10.071,17.340,18.090,0.000000
93.403793,-30.091,15.878103,0.006770,10.068,17.401,18.155,0.000000
93.727173,-30.058,17.743256,0.006744,10.064,17.463,18.221,0.000000
94.051575,-29.862,18.374929,0.006594,10.061,17.525,18.287,0.000000
94.377190,-29.725,19.506258,0.006489,10.058,17.587,18.353,0.000000
94.703842,-29.417,19.692183,0.006262,10.055,17.649,18.419,0.000000
95.031670,-29.017,20.260136,0.005979,10.052,17.711,18.486,0.000000
95.360634,-28.667,20.861473,0.005742,10.049,17.774,18.553,0.000000
95.690735,-28.317,19.381384,0.005515,10.046,17.837,18.620,0.000000
96.021980,-27.971,18.827679,0.005298,10.043,17.900,18.687,0.000000
96.354370,-27.704,16.863289,0.005137,10.040,17.963,18.755,0.000000
96.687912,-27.473,15.212420,0.005001,10.037,18.027,18.822,0.000000
97.022606,-27.212,13.610718,0.004852,10.033,18.090,18.890,0.000000
97.358459,-26.951,12.199423,0.004708,10.030,18.154,18.958,0.000000
97.695435,-26.648,10.647752,0.004546,10.027,18.218,19.027,0.000000
98.033661,-26.407,8.541375,0.004421,10.024,18.283,19.095,0.000000
98.372971,-26.172,6.515453,0.004302,10.021,18.347,19.164,0.000000
98.713547,-26.010,4.652224,0.004222,10.017,18.412,19.234,0.000000
99.055214,-25.757,1.731849,0.004101,10.014,18.477,19.303,0.000000
99.398102,-25.420,-0.532746,0.003945,10.011,18.543,19.373,0.000000
99.742180,-25.160,-2.968900,0.003829,10.008,18.608,19.442,0.000000
100.087448,-24.856,-5.363140,0.003697,10.004,18.674,19.512,0.000000
100.433914,-24.740,-8.299167,0.003648,10.001,18.740,19.583,0.000000
100.781578,-24.613,-11.685864,0.003595,9.998,18.806,19.653,0.000000
101.130447,-24.499,-14.817929,0.003548,9.995,18.872,19.724,0.000000
101.480522,-24.362,-18.602594,0.003491,9.991,18.939,19.795,0.000000
101.831802,-24.219,-22.739712,0.003434,9.988,19.006,19.867,0.000000
102.184258,-24.292,-26.873917,0.003462,9.985,19.073,19.938,0.000000
102.538033,-24.403,-30.311132,0.003506,9.981,19.140,20.010,0.000000
102.892975,-24.573,-35.091805,0.003574,9.978,19.208,20.082,0.000000
103.249153,-24.797,-39.908268,0.003667,9.975,19.276,20.154,0.000000
103.606514,-24.987,-43.887760,0.003748,9.971,19.344,20.227,0.000000
103.965157,-25.261,-47.876495,0.003867,9.968,19.412,20.300,0.000000
104.325050,-25.622,-51.102184,0.004031,9.964,19.481,20.373,0.000000
104.686180,-26.095,-54.048805,0.004255,9.961,19.549,20.446,0.000000
105.048561,-26.484,-55.996006,0.004450,9.958,19.618,20.520,0.000000
105.412201,-26.765,-58.343250,0.004595,9.954,19.688,20.594,0.000000
105.777100,-27.199,-60.492771,0.004830,9.951,19.757,20.668,0.000000
106.143257,-27.708,-61.365005,0.005120,9.947,19.827,20.742,0.000000
106.510689,-28.261,-62.161865,0.005456,9.944,19.897,20.817,0.000000
106.879387,-28.750,-63.421829,0.005771,9.940,19.967,20.891,0.000000
107.249359,-29.188,-63.571503,0.006069,9.937,20.037,20.967,0.000000
107.620613,-29.653,-64.472260,0.006401,9.933,20.108,21.042,0.000000
107.993156,-30.011,-65.700821,0.006670,9.930,20.179,21.118,0.000000
108.366936,-30.397,-67.409531,0.006971,9.926,20.250,21.193,0.000000
108.742065,-30.934,-67.946281,0.007414,9.923,20.322,21.270,0.000000
109.118484,-31.179,-69.782913,0.007625,9.919,20.393,21.346,0.000000
109.496208,-31.429,-71.284065,0.007847,9.916,20.465,21.423,0.000000
109.875244,-31.705,-72.548019,0.008099,9.912,20.537,21.500,0.000000
110.255592,-32.117,-73.114365,0.008491,9.908,20.610,21.577,0.000000
110.637253,-32.562,-73.558731,0.008935,9.905,20.682,21.654,0.000000
111.020241,-32.860,-73.975075,0.009243,9.901,20.755,21.732,0.000000
111.404549,-33.452,-73.045425,0.009892,9.898,20.829,21.810,0.000000
111.790184,-33.965,-71.403328,0.010490,9.894,20.902,21.888,0.000000
112.177162,-34.552,-69.573486,0.011220,9.890,20.976,21.967,0.000000
112.565475,-35.167,-64.748207,0.012039,9.887,21.050,22.046,0.000000
112.955132,-35.779,-59.728416,0.012913,9.883,21.124,22.125,0.000000
113.346085,-35.834,-55.433094,0.012992,9.879,21.198,22.204,0.000000
113.738503,-35.876,-50.543072,0.013053,9.876,21.273,22.284,0.000000
114.132164,-35.909,-45.235016,0.013100,9.872,21.348,22.364,0.000000
114.527306,-35.595,-38.042011,0.012634,9.868,21.423,22.444,0.000000
114.923698,-35.059,-34.686897,0.011876,9.864,21.499,22.525,0.000000
115.321518,-34.253,-32.578663,0.010822,9.861,21.574,22.605,0.000000
115.720718,-33.308,-30.790089,0.009704,9.857,21.650,22.686,0.000000
116.121300,-32.478,-31.072172,0.008818,9.853,21.727,22.768,0.000000
116.523270,-31.687,-32.916225,0.008049,9.849,21.803,22.849,0.000000
116.926628,-31.089,-33.759644,0.007512,9.845,21.880,22.931,0.000000
117.331383,-30.435,-36.949944,0.006966,9.842,21.957,23.013,0.000000
117.737541,-30.060,-40.485485,0.006671,9.838,22.034,23.096,0.000000
118.145103,-29.691,-45.149849,0.006392,9.834,22.112,23.179,0.000000
118.554016,-29.323,-48.980141,0.006126,9.830,22.190,23.262,0.000000
118.964462,-29.373,-52.950104,0.006160,9.826,22.268,23.345,0.000000
119.376213,-29.229,-57.114994,0.006058,9.822,22.346,23.429,0.000000
119.789505,-29.287,-61.137043,0.006097,9.818,22.425,23.513,0.000000
120.204117,-29.294,-64.803596,0.006101,9.814,22.504,23.597,0.000000
120.620216,-29.335,-68.298332,0.006129,9.811,22.583,23.681,0.000000
121.037758,-29.518,-73.259857,0.006258,9.807,22.663,23.766,0.000000
121.456741,-29.619,-76.725533,0.006331,9.803,22.742,23.851,0.000000
121.877174,-29.727,-80.788277,0.006410,9.799,22.822,23.936,0.000000
122.299072,-29.917,-84.120720,0.006552,9.795,22.903,24.022,0.000000
122.722420,-29.962,-88.659439,0.006586,9.791,22.983,24.108,0.000000
123.147240,-30.216,-92.629379,0.006782,9.787,23.064,24.194,0.000000
123.573532,-30.366,-96.469147,0.006900,9.783,23.145,24.281,0.000000
124.001297,-30.786,-100.475174,0.007241,9.779,23.227,24.368,0.000000
124.430542,-31.091,-103.307678,0.007499,9.775,23.309,24.455,0.000000
124.861267,-31.337,-106.747772,0.007713,9.770,23.391,24.542,0.000000
125.293488,-31.855,-109.792892,0.008187,9.769,23.410,24.561,0.000000
125.727150,-32.381,-112.432503,0.008696,9.768,23.401,24.548,0.000000
126.162369,-33.055,-115.426712,0.009396,9.767,23.391,24.535,0.000000
126.599091,-33.754,-118.109627,0.010181,9.767,23.381,24.522,0.000000
127.037331,-34.405,-121.438087,0.010972,9.766,23.371,24.509,0.000000
127.477089,-35.289,-123.555931,0.012148,9.765,23.361,24.495,0.000000
127.918365,-36.185,-124.165527,0.013467,9.764,23.351,24.482,0.000000
128.361160,-37.084,-127.288925,0.014936,9.764,23.342,24.468,0.000000
128.805511,-38.037,-126.361366,0.016668,9.763,23.332,24.455,0.000000
129.251373,-39.172,-124.614021,0.018995,9.762,23.322,24.441,0.000000
129.698792,-39.998,-125.308113,0.020889,9.762,23.311,24.428,0.000000
130.147766,-40.620,-122.454620,0.022444,9.761,23.301,24.414,0.000000
130.598282,-41.473,-119.951294,0.024764,9.760,23.291,24.400,0.000000
131.050369,-41.703,-113.088333,0.025430,9.759,23.281,24.387,0.000000
131.503952,-42.097,-110.112846,0.026615,9.759,23.271,24.373,0.000000
131.959229,-42.370,-101.926048,0.027470,9.758,23.261,24.359,0.000000
132.415955,-42.593,-94.355644,0.028188,9.757,23.250,24.345,0.000000
132.874329,-42.343,-87.153885,0.027394,9.757,23.240,24.331,0.000000
133.334290,-42.453,-84.624023,0.027745,9.756,23.230,24.317,0.000000
133.795853,-42.699,-79.920685,0.028542,9.755,23.219,24.303,0.000000
134.259003,-42.358,-77.572121,0.027444,9.754,23.209,24.289,0.000000
134.723755,-41.748,-73.685654,0.025581,9.754,23.199,24.275,0.000000
135.190109,-41.722,-69.723579,0.025505,9.753,23.188,24.261,0.000000
135.658081,-41.313,-67.401672,0.024334,9.752,23.178,24.247,0.000000
136.127686,-40.928,-69.578987,0.023278,9.751,23.167,24.233,0.000000
136.598907,-40.366,-69.557686,0.021823,9.751,23.156,24.218,0.000000
137.071762,-40.080,-68.627625,0.021120,9.750,23.146,24.204,0.000000
137.546249,-39.053,-69.687294,0.018767,9.749,23.135,24.190,0.000000
138.022385,-38.391,-69.672211,0.017393,9.748,23.124,24.175,0.000000
138.500092,-38.104,-70.144966,0.016830,9.748,23.114,24.161,0.000000
138.979599,-37.164,-72.528999,0.015107,9.747,23.103,24.146,0.000000
139.460617,-36.762,-73.089981,0.014425,9.746,23.092,24.132,0.000000
139.943375,-35.995,-76.600235,0.013207,9.745,23.081,24.117,0.000000
140.427811,-35.475,-75.796272,0.012438,9.744,23.070,24.102,0.000000
140.913925,-34.769,-78.360680,0.011468,9.744,23.059,24.087,0.000000
141.401703,-34.178,-79.702301,0.010713,9.743,23.048,24.073,0.000000
141.891190,-33.642,-83.268188,0.010072,9.742,23.037,24.058,0.000000
142.382355,-32.820,-86.296692,0.009163,9.741,23.026,24.043,0.000000
142.875229,-32.278,-93.276901,0.008610,9.740,23.015,24.028,0.000000
143.369812,-31.622,-96.307388,0.007985,9.740,23.004,24.013,0.000000
143.866104,-30.983,-102.245491,0.007420,9.739,22.993,23.998,0.000000
144.364120,-30.543,-108.275421,0.007054,9.738,22.982,23.983,0.000000
144.863785,-29.950,-116.674782,0.006590,9.737,22.971,23.968,0.000000
145.365311,-29.556,-124.835075,0.006299,9.736,22.959,23.952,0.000000
145.868439,-29.218,-133.720291,0.006060,9.736,22.948,23.937,0.000000
146.373383,-28.862,-142.439713,0.005817,9.735,22.937,23.922,0.000000
146.880066,-28.662,-151.269653,0.005686,9.734,22.925,23.906,0.000000
147.388504,-28.393,-159.261978,0.005513,9.733,22.914,23.891,0.000000
147.898712,-28.422,-169.225235,0.005533,9.732,22.902,23.875,0.000000
148.410675,-28.464,-177.036102,0.005560,9.732,22.891,23.860,0.000000
148.924423,-28.408,173.603500,0.005526,9.731,22.879,23.844,0.000000
149.439941,-28.588,166.517685,0.005642,9.730,22.868,23.829,0.000000
149.957245,-28.726,159.121277,0.005733,9.729,22.856,23.813,0.000000
150.476334,-28.897,151.513016,0.005849,9.728,22.845,23.797,0.000000
150.997238,-29.114,145.535477,0.005997,9.727,22.833,23.781,0.000000
151.519852,-29.428,137.184387,0.006220,9.727,22.821,23.766,0.000000
152.044434,-29.820,131.511368,0.006508,9.726,22.809,23.750,0.000000
152.570679,-29.967,124.177734,0.006620,9.725,22.797,23.734,0.000000
153.098892,-30.289,117.743576,0.006870,9.724,22.786,23.718,0.000000
153.628784,-30.512,111.433159,0.007049,9.723,22.774,23.702,0.000000
154.160660,-30.817,104.380943,0.007301,9.722,22.762,23.685,0.000000
154.694229,-31.016,97.394585,0.007470,9.721,22.750,23.669,0.000000
155.229797,-31.538,90.998169,0.007933,9.721,22.738,23.653,0.000000
155.767075,-31.748,86.203903,0.008127,9.720,22.726,23.637,0.000000
156.306274,-32.003,80.794220,0.008369,9.719,22.713,23.620,0.000000
156.847351,-32.262,75.937729,0.008623,9.718,22.701,23.604,0.000000
157.390305,-32.573,70.204086,0.008936,9.717,22.689,23.587,0.000000
157.935120,-32.757,65.138298,0.009128,9.716,22.677,23.571,0.000000
158.481750,-33.051,60.366482,0.009442,9.715,22.665,23.554,0.000000
159.030441,-33.174,57.256435,0.009577,9.715,22.652,23.538,0.000000
159.580856,-33.380,52.445889,0.009807,9.714,22.640,23.521,0.000000
160.133347,-33.320,50.023823,0.009739,9.713,22.627,23.504,0.000000
160.687592,-33.326,46.042992,0.009746,9.712,22.615,23.487,0.000000
161.243912,-33.210,41.979820,0.009617,9.711,22.603,23.470,0.000000
161.801987,-32.759,35.762535,0.009130,9.710,22.590,23.453,0.000000
162.362167,-32.392,30.326469,0.008753,9.709,22.577,23.436,0.000000
162.924133,-31.924,23.353556,0.008293,9.708,22.565,23.419,0.000000
163.488113,-31.507,13.939425,0.007905,9.707,22.552,23.402,0.000000
164.054047,-31.195,3.521911,0.007626,9.706,22.539,23.385,0.000000
164.621933,-30.942,-10.723490,0.007407,9.706,22.527,23.368,0.000000
165.191788,-30.836,-25.062555,0.007317,9.705,22.514,23.351,0.000000
165.763535,-30.864,-40.174892,0.007340,9.704,22.501,23.333,0.000000
166.337433,-31.116,-57.101433,0.007557,9.703,22.488,23.316,0.000000
166.913147,-31.446,-72.472313,0.007849,9.702,22.475,23.298,0.000000
167.491013,-31.698,-89.551384,0.008081,9.701,22.462,23.281,0.000000
168.070801,-32.109,-103.890709,0.008471,9.700,22.449,23.263,0.000000
168.652603,-32.124,-117.388863,0.008483,9.699,22.436,23.246,0.000000
169.236328,-32.373,-131.997711,0.008729,9.698,22.423,23.228,0.000000
169.822250,-32.420,-143.253342,0.008775,9.697,22.410,23.210,0.000000
170.410019,-32.223,-154.709930,0.008577,9.696,22.397,23.192,0.000000
170.999924,-32.036,-164.651825,0.008392,9.695,22.383,23.174,0.000000
171.591858,-31.637,-177.074142,0.008014,9.694,22.370,23.156,0.000000
172.185837,-31.322,173.961807,0.007727,9.693,22.357,23.138,0.000000
172.781876,-30.835,163.072266,0.007305,9.692,22.343,23.120,0.000000
173.379990,-30.561,154.901550,0.007077,9.691,22.330,23.102,0.000000
173.980164,-30.238,145.740891,0.006818,9.691,22.316,23.084,0.000000
174.582336,-29.960,138.971344,0.006602,9.690,22.303,23.066,0.000000
175.186752,-29.685,131.385559,0.006395,9.689,22.289,23.047,0.000000
175.793182,-29.337,126.597786,0.006142,9.688,22.276,23.029,0.000000
176.401703,-29.095,121.189728,0.005973,9.687,22.262,23.010,0.000000
177.012253,-28.632,115.159096,0.005662,9.686,22.248,22.992,0.000000
177.625092,-28.187,108.983192,0.005378,9.685,22.234,22.973,0.000000
178.239883,-27.723,103.996078,0.005097,9.684,22.221,22.955,0.000000
178.856964,-27.478,97.229942,0.004954,9.683,22.207,22.936,0.000000
179.476013,-27.140,92.376823,0.004765,9.682,22.193,22.917,0.000000
180.097290,-26.952,85.361511,0.004662,9.681,22.179,22.898,0.000000
180.720718,-26.593,78.073090,0.004473,9.680,22.165,22.879,0.000000
181.346298,-26.361,70.204445,0.004354,9.679,22.151,22.860,0.000000
181.974045,-26.370,62.118561,0.004357,9.678,22.137,22.841,0.000000
182.603882,-26.464,55.446365,0.004404,9.677,22.122,22.822,0.000000
183.236084,-26.568,48.681774,0.004457,9.676,22.108,22.803,0.000000
183.870377,-26.931,42.693283,0.004646,9.675,22.094,22.784,0.000000
184.506866,-27.244,35.851772,0.004815,9.674,22.080,22.764,0.000000
185.145462,-27.518,29.239578,0.004967,9.673,22.065,22.745,0.000000
185.786453,-27.977,23.996944,0.005235,9.672,22.051,22.726,0.000000
186.429489,-28.445,18.790379,0.005523,9.671,22.037,22.706,0.000000
187.074921,-28.936,13.548914,0.005842,9.669,22.022,22.686,0.000000
187.722412,-29.376,10.169266,0.006144,9.668,22.007,22.667,0.000000
188.372238,-29.796,5.896853,0.006446,9.667,21.993,22.647,0.000000
189.024307,-30.366,0.540644,0.006881,9.666,21.978,22.627,0.000000
189.678650,-30.932,-1.415130,0.007341,9.665,21.963,22.607,0.000000
190.335236,-31.309,-3.867938,0.007664,9.664,21.949,22.588,0.000000
190.994110,-31.989,-7.722223,0.008285,9.663,21.934,22.568,0.000000
191.655258,-32.393,-10.794783,0.008677,9.662,21.919,22.547,0.000000
192.318695,-32.784,-14.299911,0.009073,9.661,21.904,22.527,0.000000
192.984421,-33.488,-16.432142,0.009836,9.660,21.889,22.507,0.000000
193.652374,-33.973,-16.669519,0.010397,9.659,21.874,22.487,0.000000
194.322815,-34.455,-23.557690,0.010986,9.658,21.859,22.467,0.000000
194.995392,-35.254,-28.282011,0.012040,9.657,21.844,22.446,0.000000
195.670486,-35.775,-31.710443,0.012780,9.656,21.829,22.426,0.000000
196.347733,-36.524,-35.826935,0.013926,9.655,21.814,22.405,0.000000
197.027405,-37.048,-38.334591,0.014787,9.653,21.798,22.384,0.000000
197.709442,-37.813,-41.476719,0.016143,9.652,21.783,22.364,0.000000
198.393829,-38.282,-42.734516,0.017034,9.651,21.768,22.343,0.000000
199.080597,-38.769,-54.203869,0.018010,9.650,21.752,22.322,0.000000
199.769745,-39.304,-58.627316,0.019148,9.649,21.737,22.301,0.000000
200.461258,-39.822,-64.702553,0.020316,9.648,21.721,22.280,0.000000
201.155182,-39.851,-71.124619,0.020378,9.647,21.706,22.259,0.000000
201.851501,-40.153,-81.455589,0.021089,9.646,21.690,22.238,0.000000
202.550232,-39.452,-91.815247,0.019445,9.645,21.674,22.217,0.000000
203.251389,-38.730,-103.261940,0.017884,9.643,21.658,22.196,0.000000
203.954865,-38.201,-116.521118,0.016819,9.642,21.643,22.174,0.000000
204.660980,-37.996,-130.775162,0.016420,9.641,21.627,22.153,0.000000
205.369339,-37.675,-138.425583,0.015814,9.640,21.611,22.131,0.000000
206.080246,-37.348,-150.706970,0.015223,9.639,21.595,22.110,0.000000
206.793625,-36.040,-160.417618,0.013090,9.638,21.579,22.088,0.000000
207.509567,-35.338,-170.685593,0.012069,9.637,21.563,22.066,0.000000
208.227783,-34.720,-178.503983,0.011237,9.635,21.547,22.045,0.000000
208.948685,-34.067,173.526489,0.010419,9.634,21.530,22.023,0.000000
209.671890,-33.500,166.850235,0.009757,9.633,21.514,22.001,0.000000
210.397690,-32.825,162.237946,0.009024,9.632,21.498,21.979,0.000000
211.126007,-32.123,155.468140,0.008321,9.631,21.481,21.957,0.000000
211.856842,-31.244,149.114990,0.007516,9.630,21.465,21.934,0.000000
212.590210,-30.747,143.189560,0.007095,9.628,21.449,21.912,0.000000
213.326019,-30.205,138.551666,0.006662,9.627,21.432,21.890,0.000000
214.064575,-29.530,134.676407,0.006160,9.626,21.415,21.867,0.000000
214.805481,-28.828,126.539764,0.005679,9.625,21.399,21.845,0.000000
215.549057,-28.341,121.196930,0.005367,9.624,21.382,21.822,0.000000
216.295197,-27.898,114.487694,0.005098,9.623,21.365,21.800,0.000000
217.044037,-27.345,108.248154,0.004782,9.621,21.348,21.777,0.000000
217.795258,-27.018,101.654434,0.004603,9.620,21.332,21.754,0.000000
218.549286,-26.721,95.308456,0.004447,9.619,21.315,21.731,0.000000
219.305710,-26.456,88.136040,0.004312,9.618,21.298,21.708,0.000000
220.064865,-26.287,81.533447,0.004228,9.616,21.281,21.685,0.000000
220.826645,-26.355,74.777718,0.004259,9.615,21.263,21.662,0.000000
221.591064,-26.495,68.820641,0.004327,9.614,21.246,21.639,0.000000
222.358124,-26.590,63.162865,0.004373,9.613,21.229,21.616,0.000000
223.127731,-26.796,57.304119,0.004476,9.612,21.212,21.592,0.000000
223.900223,-27.169,52.275364,0.004671,9.610,21.194,21.569,0.000000
224.675171,-27.434,47.771217,0.004814,9.609,21.177,21.545,0.000000
225.453018,-27.833,43.061596,0.005039,9.608,21.160,21.522,0.000000
226.233337,-28.334,39.225266,0.005336,9.607,21.142,21.498,0.000000
227.016586,-28.773,35.939865,0.005611,9.605,21.124,21.474,0.000000
227.802322,-29.247,33.122322,0.005923,9.604,21.107,21.450,0.000000
228.590988,-29.844,31.318314,0.006342,9.603,21.089,21.427,0.000000
229.382187,-30.356,29.467993,0.006726,9.601,21.071,21.403,0.000000
230.176208,-30.871,28.459845,0.007134,9.600,21.053,21.378,0.000000
230.972992,-31.401,28.056778,0.007580,9.599,21.035,21.354,0.000000
231.772537,-31.943,27.988846,0.008066,9.598,21.017,21.330,0.000000
232.574844,-32.346,28.314362,0.008445,9.596,20.999,21.306,0.000000
233.379822,-32.645,29.797873,0.008739,9.595,20.981,21.281,0.000000
234.187805,-32.944,30.653942,0.009041,9.594,20.963,21.257,0.000000
234.998352,-32.998,30.979847,0.009095,9.592,20.945,21.232,0.000000
235.811935,-33.003,31.197472,0.009096,9.591,20.927,21.207,0.000000
236.628113,-32.887,30.855030,0.008973,9.590,20.908,21.183,0.000000
237.447342,-32.858,30.004955,0.008940,9.589,20.890,21.158,0.000000
238.269180,-32.849,28.809822,0.008927,9.587,20.871,21.133,0.000000
239.094101,-32.661,27.986887,0.008733,9.586,20.853,21.108,0.000000
239.921631,-32.630,24.658779,0.008700,9.585,20.834,21.083,0.000000
240.752151,-32.707,21.483654,0.008774,9.583,20.816,21.057,0.000000
241.585541,-32.963,17.261683,0.009033,9.582,20.797,21.032,0.000000
242.421814,-33.188,15.166127,0.009267,9.581,20.778,21.007,0.000000
243.260986,-33.462,10.275637,0.009562,9.579,20.759,20.981,0.000000
244.102951,-33.950,4.643592,0.010113,9.578,20.740,20.956,0.000000
244.948059,-34.271,-0.558693,0.010492,9.576,20.721,20.930,0.000000
245.795975,-34.859,-3.256377,0.011224,9.575,20.702,20.904,0.000000
246.646820,-35.351,-7.498114,0.011877,9.574,20.683,20.879,0.000000
247.500626,-35.828,-11.693398,0.012545,9.572,20.664,20.853,0.000000
248.357376,-36.640,-13.103776,0.013772,9.571,20.645,20.827,0.000000
249.216980,-36.903,-11.710232,0.014191,9.570,20.625,20.801,0.000000
250.079788,-37.697,-18.078159,0.015543,9.568,20.605,20.774,0.000000
250.945343,-38.339,-20.480257,0.016730,9.568,20.575,20.743,0.000000
251.814026,-38.836,-13.882803,0.017710,9.568,20.545,20.713,0.000000
252.685715,-39.517,-45.308804,0.019146,9.568,20.514,20.682,0.000000
253.560410,-39.660,-145.055527,0.019458,9.567,20.484,20.651,0.000000
254.438141,-39.709,165.394196,0.019563,9.567,20.453,20.620,0.000000
255.318909,-39.354,157.744675,0.018776,9.567,20.423,20.588,0.000000
256.202728,-38.398,162.218246,0.016816,9.567,20.392,20.557,0.000000
257.089600,-37.804,156.391632,0.015702,9.567,20.361,20.526,0.000000
257.979553,-36.522,149.904068,0.013545,9.566,20.330,20.494,0.000000
258.872559,-35.173,148.969345,0.011595,9.566,20.299,20.462,0.000000
259.768677,-34.178,142.690109,0.010338,9.566,20.268,20.431,0.000000
260.667786,-32.843,135.035339,0.008862,9.566,20.236,20.399,0.000000
261.570251,-31.953,129.557693,0.007997,9.565,20.205,20.367,0.000000
262.475555,-31.204,123.980270,0.007333,9.565,20.173,20.335,0.000000
263.384277,-30.404,118.245117,0.006686,9.565,20.142,20.303,0.000000
264.295898,-29.822,112.677940,0.006251,9.565,20.110,20.270,0.000000
265.210785,-29.253,107.685883,0.005852,9.564,20.078,20.238,0.000000
266.128845,-28.879,101.748741,0.005603,9.564,20.046,20.205,0.000000
267.050201,-28.528,96.188362,0.005381,9.564,20.014,20.173,0.000000
267.974518,-28.319,90.960732,0.005252,9.564,19.982,20.140,0.000000
268.902130,-28.216,86.330215,0.005189,9.563,19.949,20.107,0.000000
269.832977,-28.163,81.824608,0.005157,9.563,19.917,20.074,0.000000
270.767029,-28.187,77.691620,0.005170,9.563,19.884,20.041,0.000000
271.704315,-28.328,74.393982,0.005254,9.563,19.852,20.008,0.000000
272.644714,-28.436,71.627541,0.005319,9.562,19.819,19.974,0.000000
273.588654,-28.596,69.743011,0.005417,9.562,19.786,19.941,0.000000
274.535583,-28.641,68.101334,0.005444,9.562,19.753,19.907,0.000000
275.486053,-28.660,67.103928,0.005455,9.562,19.720,19.874,0.000000
276.439545,-28.594,65.659462,0.005412,9.561,19.687,19.840,0.000000
277.396454,-28.557,64.295761,0.005388,9.561,19.653,19.806,0.000000
278.356689,-28.461,62.880463,0.005328,9.561,19.620,19.772,0.000000
279.320404,-28.304,61.415344,0.005232,9.561,19.586,19.738,0.000000
280.287170,-28.180,58.915653,0.005157,9.560,19.553,19.704,0.000000
281.257416,-28.002,56.275337,0.005051,9.560,19.519,19.669,0.000000
282.231018,-27.931,53.340199,0.005010,9.560,19.485,19.635,0.000000
283.207977,-27.929,50.101974,0.005008,9.560,19.451,19.600,0.000000
284.188354,-27.979,46.433159,0.005035,9.559,19.417,19.565,0.000000
285.171967,-28.100,42.721313,0.005105,9.559,19.383,19.530,0.000000
286.159271,-28.387,38.517422,0.005276,9.559,19.348,19.496,0.000000
287.149689,-28.644,33.794586,0.005434,9.559,19.314,19.460,0.000000
288.143829,-29.085,29.070093,0.005715,9.558,19.279,19.425,0.000000
289.141144,-29.638,25.194557,0.006090,9.558,19.244,19.390,0.000000
290.142029,-30.486,21.879103,0.006713,9.558,19.209,19.354,0.000000
291.146393,-31.464,21.344467,0.007513,9.558,19.174,19.319,0.000000
292.154358,-32.660,22.352201,0.008620,9.557,19.139,19.283,0.000000
293.165558,-33.740,26.560438,0.009762,9.557,19.104,19.247,0.000000
294.180389,-34.710,31.556051,0.010915,9.557,19.069,19.211,0.000000
295.198730,-35.179,38.365089,0.011520,9.557,19.033,19.175,0.000000
296.220581,-35.800,45.518032,0.012375,9.556,18.998,19.139,0.000000
297.246002,-35.943,53.479080,0.012580,9.556,18.962,19.103,0.000000
298.274933,-35.541,60.632797,0.012011,9.556,18.926,19.066,0.000000
299.307465,-34.926,66.539711,0.011188,9.556,18.890,19.030,0.000000
300.343414,-34.065,69.735130,0.010131,9.555,18.854,18.993,0.000000
301.383209,-33.275,71.399010,0.009249,9.555,18.818,18.956,0.000000
302.426361,-32.643,72.810127,0.008598,9.555,18.782,18.919,0.000000
303.473389,-32.174,73.912285,0.008145,9.554,18.745,18.882,0.000000
304.523743,-31.595,74.112633,0.007618,9.554,18.708,18.845,0.000000
305.578033,-31.012,73.612404,0.007123,9.554,18.672,18.807,0.000000
306.635681,-30.544,73.736679,0.006749,9.554,18.635,18.770,0.000000
307.697266,-30.090,73.725403,0.006405,9.553,18.598,18.732,0.000000
308.762268,-29.525,73.551888,0.006002,9.553,18.561,18.695,0.000000
309.831085,-29.020,72.539749,0.005663,9.553,18.524,18.657,0.000000
310.903595,-28.548,70.957382,0.005363,9.553,18.486,18.619,0.000000
311.979828,-28.116,69.130814,0.005103,9.552,18.449,18.581,0.000000
313.059784,-27.704,66.904671,0.004866,9.552,18.411,18.542,0.000000
314.143311,-27.348,64.634270,0.004670,9.552,18.373,18.504,0.000000
315.230927,-27.044,61.942741,0.004509,9.551,18.335,18.465,0.000000
316.322113,-26.748,58.528713,0.004357,9.551,18.297,18.427,0.000000
317.417114,-26.563,54.505657,0.004264,9.551,18.259,18.388,0.000000
318.515747,-26.456,50.925014,0.004211,9.551,18.221,18.349,0.000000
319.618469,-26.395,47.888306,0.004181,9.550,18.183,18.310,0.000000
320.724701,-26.394,44.242134,0.004180,9.550,18.144,18.271,0.000000
321.835083,-26.458,40.595913,0.004210,9.550,18.105,18.231,0.000000
322.949005,-26.627,37.072720,0.004292,9.549,18.067,18.192,0.000000
324.066925,-26.856,33.871075,0.004406,9.549,18.028,18.152,0.000000
325.188721,-27.055,30.759418,0.004507,9.549,17.989,18.113,0.000000
326.314392,-27.362,28.146955,0.004669,9.549,17.949,18.073,0.000000
327.443970,-27.612,26.044529,0.004804,9.548,17.910,18.033,0.000000
328.577301,-27.908,23.654449,0.004971,9.548,17.871,17.992,0.000000
329.714874,-28.172,21.747250,0.005124,9.548,17.831,17.952,0.000000
330.856232,-28.441,19.448071,0.005285,9.547,17.791,17.912,0.000000
332.001526,-28.768,16.136642,0.005488,9.547,17.751,17.871,0.000000
333.150635,-29.215,13.118203,0.005778,9.547,17.711,17.830,0.000000
334.304016,-29.902,10.344034,0.006254,9.546,17.671,17.790,0.000000
335.461090,-30.661,9.465598,0.006824,9.546,17.631,17.749,0.000000
336.622498,-31.614,9.085774,0.007615,9.546,17.590,17.707,0.000000
337.787598,-32.646,11.749907,0.008573,9.546,17.550,17.666,0.000000
338.956879,-33.522,17.173483,0.009482,9.545,17.509,17.625,0.000000
340.130219,-34.283,23.717743,0.010348,9.545,17.468,17.583,0.000000
341.307617,-34.807,31.811888,0.010990,9.545,17.427,17.541,0.000000
342.489105,-34.823,40.510956,0.011008,9.544,17.386,17.500,0.000000
343.674652,-34.308,48.328400,0.010373,9.544,17.345,17.457,0.000000
344.864319,-33.466,54.405109,0.009412,9.544,17.303,17.415,0.000000
346.058105,-32.514,59.072151,0.008434,9.543,17.262,17.373,0.000000
347.256042,-31.405,61.989868,0.007422,9.543,17.220,17.331,0.000000
348.457947,-30.648,61.104523,0.006801,9.543,17.178,17.288,0.000000
349.664337,-30.079,59.593407,0.006369,9.542,17.136,17.245,0.000000
350.874573,-29.566,57.696205,0.006003,9.542,17.094,17.202,0.000000
352.089325,-29.111,56.207653,0.005694,9.542,17.051,17.159,0.000000
353.307953,-28.713,54.462658,0.005437,9.541,17.009,17.116,0.000000
354.530975,-28.339,52.863976,0.005206,9.541,16.966,17.073,0.000000
355.758240,-27.972,51.004971,0.004989,9.541,16.924,17.029,0.000000
356.989716,-27.668,49.220425,0.004816,9.541,16.881,16.986,0.000000
358.225494,-27.375,47.411961,0.004654,9.540,16.838,16.942,0.000000
359.465515,-27.015,45.553699,0.004464,9.540,16.794,16.898,0.000000
360.709869,-26.607,42.864925,0.004259,9.540,16.751,16.854,0.000000
361.958496,-26.235,39.709263,0.004080,9.539,16.708,16.810,0.000000
363.211456,-25.934,35.810085,0.003940,9.539,16.664,16.765,0.000000
364.468750,-25.767,31.133549,0.003864,9.539,16.620,16.721,0.000000
365.730408,-25.682,26.210091,0.003826,9.538,16.576,16.676,0.000000
366.996246,-25.780,21.702566,0.003869,9.538,16.532,16.631,0.000000
368.266815,-25.929,17.249241,0.003935,9.538,16.488,16.586,0.000000
369.541443,-26.092,12.849850,0.004008,9.537,16.443,16.541,0.000000
370.820648,-26.336,8.263783,0.004121,9.537,16.399,16.496,0.000000
372.104309,-26.742,4.151556,0.004316,9.537,16.354,16.450,0.000000
373.392395,-27.267,1.036744,0.004584,9.536,16.309,16.404,0.000000
374.684937,-27.812,-1.514651,0.004879,9.536,16.264,16.359,0.000000
375.982117,-28.307,-2.545563,0.005163,9.536,16.219,16.313,0.000000
377.283447,-28.751,-3.807632,0.005432,9.535,16.174,16.267,0.000000
378.589447,-29.084,-4.398047,0.005644,9.535,16.128,16.220,0.000000
379.899994,-29.458,-5.490677,0.005891,9.535,16.083,16.174,0.000000
381.215057,-29.868,-6.014223,0.006175,9.534,16.037,16.127,0.000000
382.534668,-30.170,-6.844616,0.006393,9.534,15.991,16.081,0.000000
383.858673,-30.459,-7.400904,0.006608,9.534,15.945,16.034,0.000000
385.187622,-30.756,-8.294558,0.006836,9.533,15.898,15.987,0.000000
386.520813,-31.113,-9.200731,0.007120,9.533,15.852,15.939,0.000000
387.859009,-31.442,-10.351583,0.007393,9.532,15.805,15.892,0.000000
389.201416,-31.824,-11.216403,0.007723,9.532,15.759,15.844,0.000000
390.548889,-32.199,-12.481035,0.008060,9.532,15.712,15.797,0.000000
391.900635,-32.761,-13.564522,0.008596,9.531,15.665,15.749,0.000000
393.257416,-33.303,-14.526222,0.009146,9.531,15.617,15.701,0.000000
394.618530,-33.888,-14.889029,0.009781,9.531,15.570,15.652,0.000000
395.984558,-34.522,-14.218781,0.010520,9.530,15.522,15.604,0.000000
397.355316,-35.141,-13.742021,0.011295,9.530,15.475,15.555,0.000000
398.730804,-35.693,-13.392426,0.012034,9.530,15.427,15.507,0.000000
400.111053,-36.231,-11.243850,0.012802,9.529,15.379,15.458,0.000000
401.495880,-36.709,-8.855010,0.013523,9.529,15.330,15.409,0.000000
402.885895,-37.007,-5.492915,0.013992,9.529,15.282,15.359,0.000000
404.280365,-37.349,-1.914616,0.014552,9.528,15.233,15.310,0.000000
405.679993,-37.528,0.967642,0.014853,9.528,15.185,15.260,0.000000
407.084106,-37.678,2.714507,0.015108,9.527,15.136,15.211,0.000000
408.493500,-37.746,5.664938,0.015224,9.527,15.087,15.161,0.000000
409.907349,-37.851,9.353453,0.015408,9.527,15.037,15.111,0.000000
411.326477,-38.125,11.160379,0.015898,9.526,14.988,15.060,0.000000
412.750122,-38.216,13.813385,0.016062,9.526,14.938,15.010,0.000000
414.178925,-38.435,15.057384,0.016470,9.526,14.888,14.959,0.000000
415.612640,-38.511,16.123373,0.016611,9.525,14.839,14.908,0.000000
417.051331,-38.558,18.223112,0.016699,9.525,14.788,14.857,0.000000
418.494995,-38.795,19.366266,0.017157,9.525,14.738,14.806,0.000000
419.943481,-38.890,20.906290,0.017344,9.524,14.688,14.755,0.000000
421.397369,-38.854,22.613979,0.017269,9.524,14.637,14.703,0.000000
422.855865,-39.019,24.472216,0.017598,9.523,14.586,14.652,0.000000
424.319855,-39.273,26.836725,0.018116,9.523,14.535,14.600,0.000000
425.788666,-39.638,30.050127,0.018890,9.523,14.484,14.548,0.000000
427.262604,-39.759,33.296623,0.019152,9.522,14.433,14.496,0.000000
428.741394,-39.801,38.196987,0.019243,9.522,14.381,14.443,0.000000
430.225739,-39.412,43.410282,0.018395,9.521,14.329,14.391,0.000000
431.714813,-38.859,49.101784,0.017258,9.521,14.278,14.338,0.000000
433.209259,-38.324,53.486027,0.016227,9.521,14.226,14.285,0.000000
434.708862,-37.594,56.565586,0.014919,9.520,14.173,14.232,0.000000
436.213654,-36.781,59.508896,0.013585,9.520,14.121,14.178,0.000000
437.723663,-36.055,59.135715,0.012496,9.520,14.068,14.125,0.000000
439.238892,-35.459,60.157715,0.011668,9.519,14.015,14.071,0.000000
440.759369,-34.956,59.981808,0.011011,9.519,13.963,14.017,0.000000
442.285095,-34.690,58.198967,0.010679,9.518,13.909,13.963,0.000000
443.816132,-34.485,55.876263,0.010430,9.518,13.856,13.909,0.000000
445.352448,-34.504,53.416580,0.010453,9.518,13.803,13.855,0.000000
446.894073,-34.763,52.789265,0.010770,9.517,13.749,13.800,0.000000
448.440857,-35.118,54.853668,0.011219,9.517,13.695,13.745,0.000000
449.993408,-35.249,59.180489,0.011389,9.516,13.641,13.690,0.000000
451.550873,-34.893,63.198242,0.010932,9.516,13.587,13.635,0.000000
453.114197,-34.272,66.701401,0.010178,9.516,13.532,13.580,0.000000
454.682495,-33.525,70.028969,0.009341,9.515,13.477,13.524,0.000000
456.256409,-32.696,73.088112,0.008492,9.515,13.423,13.468,0.000000
457.835815,-31.820,76.005074,0.007678,9.514,13.368,13.412,0.000000
459.420654,-30.801,78.597801,0.006830,9.514,13.312,13.356,0.000000
461.010986,-29.693,78.758781,0.006013,9.513,13.257,13.300,0.000000
462.606842,-28.521,75.316055,0.005255,9.513,13.201,13.243,0.000000
464.208221,-27.560,71.401024,0.004705,9.513,13.146,13.186,0.000000
465.815125,-26.772,66.893822,0.004297,9.512,13.090,13.130,0.000000
467.427582,-26.099,62.200359,0.003976,9.512,13.033,13.072,0.000000
469.045410,-25.582,56.945644,0.003747,9.511,12.977,13.015,0.000000
470.669312,-25.129,51.429092,0.003556,9.511,12.921,12.958,0.000000
472.298340,-24.737,45.832668,0.003399,9.511,12.864,12.900,0.000000
473.933502,-24.457,39.642220,0.003292,9.510,12.807,12.842,0.000000
475.573853,-24.261,33.195290,0.003219,9.510,12.750,12.784,0.000000
477.220093,-24.187,27.434813,0.003192,9.509,12.692,12.725,0.000000
478.872040,-24.221,21.823383,0.003205,9.509,12.635,12.667,0.000000
480.529724,-24.351,16.195425,0.003254,9.508,12.577,12.608,0.000000
482.193146,-24.536,10.901458,0.003324,9.508,12.519,12.549,0.000000
483.862305,-24.821,6.050682,0.003436,9.508,12.461,12.490,0.000000
485.537262,-25.215,1.431313,0.003596,9.507,12.403,12.431,0.000000
487.217987,-25.671,-2.123238,0.003790,9.507,12.344,12.371,0.000000
488.904541,-26.118,-4.742144,0.003991,9.506,12.285,12.311,0.000000
490.596710,-26.575,-6.525113,0.004208,9.506,12.226,12.251,0.000000
492.295197,-27.027,-8.193436,0.004433,9.505,12.167,12.191,0.000000
493.999115,-27.429,-9.284527,0.004644,9.505,12.108,12.131,0.000000
495.709381,-27.800,-9.828861,0.004848,9.504,12.048,12.070,0.000000
497.425110,-27.991,-9.719591,0.004956,9.504,11.988,12.009,0.000000
499.147003,-28.040,-8.972812,0.004985,9.504,11.929,11.948,0.000000
500.874847,-27.882,-8.385020,0.004896,9.503,11.884,11.903,0.000000
502.608917,-27.615,-8.998623,0.004748,9.503,11.853,11.873,0.000000
504.348541,-27.339,-9.976812,0.004601,9.503,11.823,11.842,0.000000
506.094391,-26.956,-12.032536,0.004403,9.503,11.792,11.812,0.000000
507.846283,-26.544,-14.244663,0.004200,9.503,11.762,11.781,0.000000
509.604279,-26.098,-17.232740,0.003990,9.503,11.731,11.751,0.000000
511.368317,-25.731,-21.217924,0.003825,9.503,11.700,11.720,0.000000
513.138489,-25.381,-26.474905,0.003674,9.503,11.669,11.689,0.000000
514.914795,-25.091,-32.834545,0.003553,9.503,11.638,11.658,0.000000
516.696960,-24.903,-39.754555,0.003477,9.502,11.607,11.627,0.000000
518.485840,-24.737,-47.556751,0.003411,9.502,11.576,11.595,0.000000
520.280334,-24.692,-55.866409,0.003393,9.502,11.545,11.564,0.000000
522.081360,-24.795,-64.631699,0.003435,9.502,11.513,11.533,0.000000
523.888611,-25.026,-74.275719,0.003528,9.502,11.482,11.501,0.000000
525.702393,-25.339,-84.087242,0.003658,9.502,11.450,11.470,0.000000
527.521912,-25.807,-94.597336,0.003861,9.502,11.418,11.438,0.000000
529.348206,-26.392,-105.462631,0.004131,9.502,11.386,11.406,0.000000
531.180359,-27.104,-116.155014,0.004484,9.502,11.354,11.374,0.000000
533.019104,-27.916,-126.723480,0.004924,9.502,11.322,11.342,0.000000
534.864258,-28.858,-137.514618,0.005488,9.501,11.290,11.310,0.000000
536.715698,-29.868,-148.144791,0.006165,9.501,11.258,11.277,0.000000
538.573608,-30.811,-159.436584,0.006872,9.501,11.225,11.245,0.000000
540.437683,-31.727,-170.765594,0.007636,9.501,11.193,11.212,0.000000
542.308777,-32.397,177.329544,0.008248,9.501,11.160,11.180,0.000000
544.185730,-33.010,164.797363,0.008852,9.501,11.127,11.147,0.000000
546.069763,-33.416,151.449051,0.009275,9.501,11.094,11.114,0.000000
547.959778,-33.687,138.429443,0.009569,9.501,11.061,11.081,0.000000
549.856873,-33.856,125.818954,0.009757,9.501,11.028,11.048,0.000000
551.760010,-33.960,113.988243,0.009875,9.501,10.995,11.015,0.000000
553.670288,-33.930,103.301720,0.009841,9.500,10.962,10.981,0.000000
555.586609,-33.853,92.642525,0.009754,9.500,10.928,10.948,0.000000
557.509827,-33.805,82.383232,0.009701,9.500,10.895,10.914,0.000000
559.439697,-33.939,73.808426,0.009851,9.500,10.861,10.880,0.000000
561.376282,-34.075,66.738503,0.010007,9.500,10.827,10.847,0.000000
563.319519,-34.278,61.683346,0.010243,9.500,10.793,10.813,0.000000
565.269287,-34.407,58.337143,0.010396,9.500,10.759,10.779,0.000000
567.226318,-34.461,55.330719,0.010461,9.500,10.725,10.745,0.000000
569.189514,-34.586,52.541317,0.010613,9.500,10.691,10.710,0.000000
571.160156,-34.751,51.390598,0.010815,9.500,10.656,10.676,0.000000
573.136963,-34.782,51.784714,0.010852,9.499,10.622,10.641,0.000000
575.121216,-34.565,53.441097,0.010583,9.499,10.587,10.607,0.000000
577.111816,-34.125,55.449356,0.010058,9.499,10.552,10.572,0.000000
579.109863,-33.500,55.849457,0.009358,9.499,10.518,10.537,0.000000
581.114197,-32.818,55.547829,0.008650,9.499,10.483,10.502,0.000000
583.125793,-32.119,54.258087,0.007980,9.499,10.448,10.467,0.000000
585.144348,-31.441,52.431328,0.007380,9.499,10.412,10.432,0.000000
587.169922,-30.871,50.370239,0.006909,9.499,10.377,10.396,0.000000
589.202454,-30.409,47.409531,0.006550,9.499,10.341,10.361,0.000000
591.241760,-30.104,44.165112,0.006324,9.498,10.306,10.325,0.000000
593.288696,-29.823,40.983391,0.006121,9.498,10.270,10.290,0.000000
595.342468,-29.552,38.230961,0.005932,9.498,10.234,10.254,0.000000
597.403320,-29.229,36.025566,0.005714,9.498,10.198,10.218,0.000000
599.471008,-28.942,34.079002,0.005528,9.498,10.162,10.182,0.000000
601.546448,-28.600,32.733074,0.005314,9.498,10.126,10.145,0.000000
603.628479,-28.120,31.400949,0.005027,9.498,10.090,10.109,0.000000
605.718262,-27.523,29.534706,0.004692,9.498,10.053,10.073,0.000000
607.814758,-26.898,26.762495,0.004365,9.498,10.016,10.036,0.000000
609.918762,-26.325,22.693281,0.004086,9.497,9.980,9.999,0.000000
612.030090,-25.951,17.281918,0.003913,9.497,9.943,9.962,0.000000
614.148682,-25.806,11.627061,0.003848,9.497,9.906,9.925,0.000000
616.274658,-25.782,6.197111,0.003837,9.497,9.869,9.888,0.000000
618.407654,-25.802,1.405907,0.003845,9.497,9.832,9.851,0.000000
620.548645,-25.875,-3.190336,0.003877,9.497,9.794,9.814,0.000000
622.696716,-26.021,-7.337474,0.003942,9.497,9.757,9.776,0.000000
624.852295,-26.320,-11.478506,0.004079,9.497,9.719,9.738,0.000000
627.015259,-26.693,-14.565990,0.004258,9.497,9.681,9.701,0.000000
629.185730,-26.993,-16.197687,0.004407,9.496,9.643,9.663,0.000000
631.363464,-27.115,-17.241247,0.004470,9.496,9.605,9.625,0.000000
633.549316,-27.027,-18.928411,0.004425,9.496,9.567,9.587,0.000000
635.742126,-26.918,-21.790083,0.004370,9.496,9.529,9.548,0.000000
637.942810,-26.880,-25.202963,0.004351,9.496,9.490,9.510,0.000000
640.151123,-26.945,-29.030741,0.004383,9.496,9.452,9.471,0.000000
642.367065,-27.093,-33.061855,0.004458,9.496,9.413,9.433,0.000000
644.590698,-27.213,-37.033550,0.004519,9.496,9.374,9.394,0.000000
646.822327,-27.366,-41.739437,0.004598,9.495,9.335,9.355,0.000000
649.061096,-27.637,-47.278397,0.004743,9.495,9.296,9.316,0.000000
651.307861,-28.131,-53.103218,0.005020,9.495,9.257,9.277,0.000000
653.562439,-28.861,-59.129761,0.005459,9.495,9.218,9.237,0.000000
655.824829,-29.838,-64.930305,0.006109,9.495,9.178,9.198,0.000000
658.095032,-31.117,-68.366821,0.007080,9.495,9.139,9.158,0.000000
660.372803,-32.469,-66.239891,0.008273,9.495,9.099,9.118,0.000000
662.659058,-33.773,-61.386791,0.009614,9.495,9.059,9.078,0.000000
664.952637,-34.926,-55.726475,0.010982,9.495,9.019,9.038,0.000000
667.254761,-36.124,-48.275948,0.012608,9.494,8.979,8.998,0.000000
669.564209,-37.227,-38.158478,0.014318,9.494,8.938,8.958,0.000000
671.882019,-37.570,-25.227243,0.014895,9.494,8.898,8.917,0.000000
674.207764,-36.859,-13.316197,0.013724,9.494,8.857,8.877,0.000000
676.541992,-35.509,-4.315047,0.011748,9.494,8.817,8.836,0.000000
678.883545,-33.865,0.313372,0.009722,9.494,8.776,8.795,0.000000
681.233582,-32.585,0.751048,0.008390,9.494,8.735,8.754,0.000000
683.591797,-31.618,-0.107683,0.007506,9.494,8.693,8.713,0.000000
685.958130,-30.633,-1.379209,0.006702,9.493,8.652,8.672,0.000000
688.332642,-29.660,-5.654207,0.005993,9.493,8.611,8.630,0.000000
690.715027,-28.848,-12.960303,0.005459,9.493,8.569,8.589,0.000000
693.106384,-28.352,-21.568296,0.005157,9.493,8.527,8.547,0.000000
695.505310,-28.198,-30.945951,0.005067,9.493,8.485,8.505,0.000000
697.913208,-28.356,-41.053730,0.005161,9.493,8.443,8.463,0.000000
700.328796,-28.962,-52.157883,0.005534,9.493,8.401,8.421,0.000000
702.753052,-29.908,-58.067482,0.006172,9.492,8.359,8.378,0.000000
705.185730,-30.859,-56.102161,0.006888,9.492,8.316,8.336,0.000000
707.627136,-31.748,-53.269722,0.007632,9.492,8.274,8.293,0.000000
710.076355,-32.647,-49.735817,0.008465,9.492,8.231,8.251,0.000000
712.534363,-33.589,-45.416840,0.009436,9.492,8.188,8.208,0.000000
715.000854,-34.284,-40.117573,0.010224,9.492,8.145,8.165,0.000000
717.475891,-34.877,-34.370251,0.010949,9.492,8.102,8.121,0.000000
719.959534,-34.875,-28.220976,0.010950,9.492,8.059,8.078,0.000000
722.451416,-34.267,-23.392340,0.010213,9.491,8.015,8.035,0.000000
724.952637,-33.569,-26.454739,0.009427,9.491,7.971,7.991,0.000000
727.461792,-33.289,-31.971073,0.009131,9.491,7.928,7.947,0.000000
729.980347,-33.420,-37.260750,0.009274,9.491,7.884,7.903,0.000000
732.506897,-33.787,-41.216675,0.009677,9.491,7.839,7.859,0.000000
735.042908,-34.294,-42.933960,0.010263,9.491,7.795,7.815,0.000000
737.586975,-34.933,-43.538872,0.011048,9.491,7.751,7.770,0.000000
740.140564,-35.675,-41.638916,0.012035,9.490,7.706,7.726,0.000000
742.702332,-36.214,-38.389160,0.012807,9.490,7.661,7.681,0.000000
745.273254,-36.623,-34.589577,0.013427,9.490,7.617,7.636,0.000000
747.853088,-36.964,-29.802246,0.013967,9.490,7.572,7.591,0.000000
750.441895,-37.022,-23.876099,0.014063,9.490,7.526,7.546,0.000000
753.039612,-36.681,-18.089066,0.013523,9.490,7.481,7.501,0.000000
755.646362,-36.035,-13.366040,0.012553,9.490,7.435,7.455,0.000000
758.262146,-35.220,-10.008555,0.011430,9.490,7.390,7.409,0.000000
760.886597,-34.207,-8.676980,0.010171,9.489,7.344,7.364,0.000000
763.520813,-33.345,-10.884897,0.009210,9.489,7.298,7.318,0.000000
766.163818,-32.787,-15.451626,0.008638,9.489,7.252,7.271,0.000000
768.816040,-32.577,-20.546120,0.008431,9.489,7.206,7.225,0.000000
771.476990,-32.602,-25.731531,0.008457,9.489,7.159,7.179,0.000000
774.147888,-32.775,-29.230377,0.008628,9.489,7.112,7.132,0.000000
776.827332,-33.018,-32.182613,0.008874,9.489,7.066,7.085,0.000000
779.516785,-33.349,-34.278881,0.009221,9.488,7.019,7.038,0.000000
782.214844,-33.661,-35.575882,0.009559,9.488,6.972,6.991,0.000000
784.922546,-33.926,-37.159435,0.009858,9.488,6.924,6.944,0.000000
787.639648,-34.220,-38.618782,0.010198,9.488,6.877,6.896,0.000000
790.366150,-34.470,-40.035400,0.010496,9.488,6.829,6.849,0.000000
793.102112,-34.731,-41.834503,0.010817,9.488,6.782,6.801,0.000000
795.847107,-35.043,-43.452782,0.011211,9.488,6.734,6.753,0.000000
798.602417,-35.445,-42.939640,0.011742,9.487,6.686,6.705,0.000000
801.366882,-35.714,-41.695705,0.012112,9.487,6.637,6.657,0.000000
804.140930,-35.907,-41.039669,0.012385,9.487,6.589,6.608,0.000000
806.924133,-36.198,-40.269997,0.012807,9.487,6.540,6.560,0.000000
809.717773,-36.541,-38.645229,0.013322,9.487,6.491,6.511,0.000000
812.520325,-36.680,-37.058064,0.013537,9.487,6.443,6.462,0.000000
815.333374,-36.643,-36.271297,0.013479,9.486,6.393,6.413,0.000000
818.155334,-36.448,-36.803368,0.013181,9.486,6.344,6.364,0.000000
820.987488,-36.375,-41.123550,0.013071,9.486,6.295,6.314,0.000000
823.829407,-36.649,-48.768612,0.013489,9.486,6.245,6.265,0.000000
826.681213,-37.555,-54.583092,0.014970,9.486,6.195,6.215,0.000000
829.542847,-38.719,-54.665726,0.017115,9.486,6.145,6.165,0.000000
832.414429,-39.933,-49.919121,0.019678,9.486,6.095,6.115,0.000000
835.295898,-40.817,-39.085720,0.021782,9.485,6.045,6.064,0.000000
838.187378,-41.397,-19.880465,0.023284,9.485,5.994,6.014,0.000000
841.088867,-41.350,5.421723,0.023153,9.485,5.944,5.963,0.000000
844.000000,-40.414,23.547880,0.020784,9.485,5.893,5.912,0.000000
846.921997,-38.857,32.506783,0.017374,9.485,5.842,5.861,0.000000
849.853333,-37.220,35.568905,0.014388,9.485,5.791,5.810,0.000000
852.795593,-35.751,32.220848,0.012150,9.484,5.739,5.759,0.000000
855.747253,-34.718,25.776392,0.010788,9.484,5.688,5.707,0.000000
858.709534,-34.113,19.253714,0.010062,9.484,5.636,5.656,0.000000
861.682068,-33.592,13.780390,0.009476,9.484,5.584,5.604,0.000000
864.664856,-33.081,8.624430,0.008934,9.484,5.532,5.552,0.000000
867.657959,-32.662,3.252030,0.008512,9.484,5.480,5.499,0.000000
870.661499,-32.456,-1.762816,0.008312,9.484,5.427,5.447,0.000000
873.675354,-32.428,-6.404617,0.008283,9.483,5.375,5.394,0.000000
876.699707,-32.532,-11.133072,0.008381,9.483,5.322,5.342,0.000000
879.734497,-32.807,-15.483647,0.008649,9.483,5.269,5.289,0.000000
882.779419,-33.259,-18.953630,0.009110,9.483,5.216,5.235,0.000000
885.835632,-33.789,-18.193420,0.009682,9.483,5.163,5.182,0.000000
888.901672,-34.137,-15.050822,0.010078,9.483,5.109,5.129,0.000000
891.979126,-34.226,-11.152949,0.010182,9.482,5.055,5.075,0.000000
895.066406,-33.783,-6.815172,0.009676,9.482,5.001,5.021,0.000000
898.164734,-33.051,-3.484843,0.008893,9.482,4.947,4.967,0.000000
901.273865,-32.309,-0.912279,0.008165,9.482,4.893,4.913,0.000000
904.393738,-31.461,1.235081,0.007406,9.482,4.839,4.858,0.000000
907.524414,-30.484,2.869297,0.006617,9.482,4.784,4.803,0.000000
910.665894,-29.492,0.380069,0.005902,9.481,4.729,4.749,0.000000
913.818298,-28.705,-7.705132,0.005389,9.481,4.674,4.694,0.000000
916.981567,-28.276,-17.438293,0.005129,9.481,4.619,4.638,0.000000
920.155823,-28.224,-26.080904,0.005098,9.481,4.563,4.583,0.000000
923.341003,-28.394,-33.557598,0.005197,9.481,4.508,4.527,0.000000
926.537292,-28.595,-40.069084,0.005319,9.481,4.452,4.472,0.000000
929.744141,-28.782,-46.569225,0.005434,9.480,4.396,4.416,0.000000
932.963013,-29.096,-54.742107,0.005634,9.480,4.340,4.359,0.000000
936.192139,-29.684,-63.840149,0.006029,9.480,4.283,4.303,0.000000
939.432861,-30.665,-73.148918,0.006749,9.480,4.227,4.246,0.000000
942.684814,-31.891,-78.819214,0.007773,9.480,4.170,4.190,0.000000
945.948486,-33.319,-80.518471,0.009162,9.480,4.113,4.133,0.000000
949.222534,-34.631,-76.803490,0.010655,9.479,4.056,4.075,0.000000
952.508850,-35.731,-68.664658,0.012094,9.479,3.998,4.018,0.000000
955.805603,-36.488,-55.597820,0.013195,9.479,3.941,3.961,0.000000
959.114258,-36.834,-38.583218,0.013732,9.479,3.883,3.903,0.000000
962.434326,-36.604,-23.243488,0.013372,9.479,3.825,3.845,0.000000
965.765930,-35.722,-13.771586,0.012082,9.478,3.767,3.787,0.000000
969.109009,-34.367,-8.747834,0.010337,9.478,3.709,3.728,0.000000
972.463257,-32.992,-9.321000,0.008823,9.478,3.650,3.670,0.000000
975.830017,-32.065,-18.650976,0.007931,9.478,3.591,3.611,0.000000
979.207458,-31.900,-32.526157,0.007781,9.478,3.532,3.552,0.000000
982.597595,-32.466,-42.600864,0.008305,9.478,3.473,3.493,0.000000
985.998474,-33.243,-43.992371,0.009082,9.477,3.414,3.433,0.000000
989.412109,-33.881,-42.577599,0.009774,9.477,3.354,3.374,0.000000
992.836609,-34.341,-41.058376,0.010305,9.477,3.294,3.314,0.000000
996.273926,-34.848,-40.133099,0.010926,9.477,3.234,3.254,0.000000
999.722168,-35.666,-37.745796,0.012004,9.477,3.174,3.194,0.000000
1003.182800,-36.432,-32.061859,0.013110,9.477,3.147,3.166,0.000000
1006.655457,-36.444,-24.938700,0.013129,9.477,3.122,3.142,0.000000
1010.140076,-35.569,-19.413794,0.011871,9.476,3.097,3.117,0.000000
1013.636780,-34.505,-20.364649,0.010502,9.476,3.072,3.092,0.000000
1017.145142,-33.681,-25.526278,0.009552,9.476,3.047,3.067,0.000000
1020.666565,-33.308,-33.216042,0.009153,9.476,3.022,3.042,0.000000
1024.199219,-33.560,-42.211365,0.009423,9.476,2.997,3.017,0.000000
1027.745117,-34.289,-50.196487,0.010250,9.476,2.971,2.992,0.000000
1031.302246,-34.936,-45.656044,0.011044,9.476,2.946,2.966,0.000000
1034.872803,-35.227,-40.671738,0.011424,9.476,2.920,2.941,0.000000
1038.454590,-35.476,-36.084751,0.011758,9.476,2.895,2.915,0.000000
1042.049805,-35.658,-31.362925,0.012008,9.476,2.869,2.890,0.000000
1045.656494,-35.780,-26.840338,0.012181,9.476,2.843,2.864,0.000000
1049.276123,-35.754,-23.236704,0.012146,9.476,2.817,2.838,0.000000
1052.908325,-35.793,-20.305866,0.012203,9.476,2.792,2.812,0.000000
1056.553101,-35.579,-16.722166,0.011908,9.476,2.765,2.787,0.000000
1060.210571,-35.091,-22.485611,0.011260,9.476,2.739,2.760,0.000000
1063.880005,-35.348,-30.783020,0.011600,9.476,2.713,2.734,0.000000
1067.563354,-36.021,-30.856113,0.012536,9.475,2.687,2.708,0.000000
1071.258301,-36.281,-27.297747,0.012919,9.475,2.660,2.682,0.000000
1074.967041,-36.312,-24.471867,0.012967,9.475,2.634,2.655,0.000000
1078.688232,-36.655,-19.910725,0.013492,9.475,2.607,2.629,0.000000
1082.422241,-36.446,-12.567224,0.013174,9.475,2.581,2.602,0.000000
1086.168579,-35.486,-7.005752,0.011797,9.475,2.554,2.576,0.000000
1089.929077,-34.513,-3.790943,0.010548,9.475,2.527,2.549,0.000000
1093.701416,-33.373,-1.115273,0.009253,9.475,2.500,2.522,0.000000
1097.487427,-32.101,-3.018104,0.007994,9.475,2.473,2.495,0.000000
1101.286499,-31.247,-11.986386,0.007247,9.475,2.446,2.468,0.000000
1105.098755,-30.814,-19.867226,0.006895,9.475,2.419,2.441,0.000000
1108.924194,-30.430,-27.011541,0.006599,9.475,2.392,2.414,0.000000
1112.762817,-30.209,-35.468575,0.006434,9.475,2.364,2.387,0.000000
1116.614746,-30.257,-43.863712,0.006471,9.475,2.337,2.359,0.000000
1120.480103,-30.435,-52.267899,0.006606,9.475,2.309,2.332,0.000000
1124.358765,-30.916,-61.067234,0.006983,9.475,2.281,2.304,0.000000
1128.250854,-31.797,-68.877220,0.007730,9.474,2.254,2.276,0.000000
1132.156372,-32.847,-69.655838,0.008724,9.474,2.226,2.249,0.000000
1136.075562,-33.487,-68.338966,0.009393,9.474,2.198,2.221,0.000000
1140.007568,-33.803,-68.543800,0.009743,9.474,2.170,2.193,0.000000
1143.953857,-34.006,-70.011551,0.009976,9.474,2.141,2.165,0.000000
1147.913818,-34.191,-72.511787,0.010195,9.474,2.113,2.136,0.000000
1151.887451,-34.369,-76.097404,0.010410,9.474,2.085,2.108,0.000000
1155.874878,-34.524,-79.923027,0.010600,9.474,2.056,2.080,0.000000
1159.876099,-34.402,-84.187180,0.010457,9.474,2.028,2.051,0.000000
1163.891113,-34.235,-95.337677,0.010261,9.474,1.999,2.023,0.000000
1167.920044,-34.718,-112.034592,0.010851,9.474,1.970,1.994,0.000000
1171.962891,-35.976,-117.055313,0.012543,9.474,1.941,1.965,0.000000
1176.019775,-37.463,-114.928352,0.014889,9.474,1.912,1.936,0.000000
1180.090698,-38.921,-109.938110,0.017613,9.474,1.883,1.907,0.000000
1184.175781,-40.198,-106.320755,0.020407,9.474,1.854,1.878,0.000000
1188.274902,-40.931,-108.415550,0.022206,9.473,1.825,1.849,0.000000
1192.388306,-41.279,-119.504982,0.023119,9.473,1.796,1.820,0.000000
1196.515259,-41.435,-130.569290,0.023543,9.473,1.766,1.791,0.000000
1200.657227,-40.975,-128.360550,0.022337,9.473,1.736,1.761,0.000000
1204.813965,-40.278,-142.112686,0.020621,9.473,1.707,1.731,0.000000
1208.984009,-39.876,158.121902,0.019696,9.473,1.677,1.702,0.000000
1213.169067,-39.148,134.374588,0.018118,9.473,1.647,1.672,0.000000
1217.368530,-38.075,118.077614,0.016018,9.473,1.617,1.642,0.000000
1221.582642,-37.182,101.931801,0.014458,9.473,1.587,1.612,0.000000
1225.811279,-36.937,85.098740,0.014058,9.473,1.557,1.582,0.000000
1230.054565,-37.122,74.032524,0.014364,9.473,1.527,1.552,0.000000
1234.311890,-36.829,69.677261,0.013891,9.473,1.496,1.522,0.000000
1238.585205,-35.765,68.012421,0.012290,9.473,1.466,1.491,0.000000
1242.872803,-34.121,64.137939,0.010173,9.473,1.435,1.461,0.000000
1247.175049,-32.736,55.688480,0.008675,9.472,1.404,1.430,0.000000
1251.492310,-31.880,48.344376,0.007863,9.472,1.373,1.399,0.000000
1255.823975,-31.156,42.838997,0.007235,9.472,1.343,1.368,0.000000
1260.171753,-30.348,38.969975,0.006594,9.472,1.311,1.338,0.000000
1264.533325,-29.572,32.322357,0.006031,9.472,1.280,1.306,0.000000
1268.911255,-29.130,20.200325,0.005733,9.472,1.249,1.275,0.000000
1273.303101,-29.118,8.831051,0.005726,9.472,1.218,1.244,0.000000
1277.710815,-29.404,0.140665,0.005919,9.472,1.186,1.213,0.000000
1282.133789,-29.922,-6.460649,0.006283,9.472,1.155,1.181,0.000000
1286.572021,-30.430,-10.049387,0.006663,9.472,1.123,1.150,0.000000
1291.025024,-30.735,-13.126785,0.006902,9.472,1.091,1.118,0.000000
1295.494751,-31.029,-16.869032,0.007141,9.472,1.059,1.086,0.000000
1299.979248,-31.440,-20.872793,0.007488,9.472,1.027,1.054,0.000000
1304.479248,-31.958,-22.913908,0.007949,9.471,0.995,1.022,0.000000
1308.994873,-32.144,-23.107531,0.008123,9.471,0.963,0.990,0.000000
1313.525513,-32.119,-24.226360,0.008099,9.471,0.930,0.958,0.000000
1318.072998,-32.039,-26.625128,0.008025,9.471,0.898,0.925,0.000000
1322.635010,-31.871,-31.180819,0.007872,9.471,0.865,0.893,0.000000
1327.214111,-32.098,-38.259144,0.008080,9.471,0.833,0.860,0.000000
1331.807739,-32.872,-44.412193,0.008833,9.471,0.800,0.828,0.000000
1336.417969,-33.830,-46.161072,0.009863,9.471,0.767,0.795,0.000000
1341.044189,-34.193,-45.638699,0.010285,9.471,0.734,0.762,0.000000
1345.686401,-34.233,-47.946762,0.010334,9.471,0.701,0.729,0.000000
1350.344604,-34.405,-53.766670,0.010543,9.471,0.668,0.696,0.000000
1355.018921,-34.906,-62.336597,0.011171,9.471,0.634,0.663,0.000000
1359.709595,-35.857,-72.314072,0.012466,9.471,0.601,0.629,0.000000
1364.416382,-36.843,-73.132416,0.013966,9.470,0.567,0.596,0.000000
1369.139404,-37.031,-58.031876,0.014273,9.470,0.533,0.562,0.000000
1373.878174,-36.533,-36.102707,0.013479,9.470,0.500,0.528,0.000000
1378.634644,-35.997,-21.745592,0.012670,9.470,0.466,0.494,0.000000
1383.406372,-35.886,-16.323912,0.012506,9.470,0.431,0.461,0.000000
1388.195801,-36.212,-5.350764,0.012983,9.470,0.397,0.426,0.000000
1393.000610,-36.335,3.289345,0.013165,9.470,0.363,0.392,0.000000
1397.822632,-36.177,0.186552,0.012926,9.470,0.329,0.358,0.000000
1402.661377,-36.232,-13.487086,0.013006,9.470,0.294,0.324,0.000000
1407.516846,-36.870,-21.394106,0.013996,9.470,0.259,0.289,0.000000
1412.389771,-37.454,-20.312536,0.014970,9.470,0.224,0.254,0.000000
1417.278198,-37.650,-17.209743,0.015311,9.470,0.190,0.219,0.000000
1422.184326,-37.492,-13.312134,0.015037,9.470,0.155,0.185,0.000000
1427.107300,-36.952,-11.429420,0.014130,9.469,0.119,0.150,0.000000
1432.047485,-36.876,-13.895436,0.014006,9.469,0.084,0.114,0.000000
1437.004639,-37.260,-12.319262,0.014639,9.469,0.049,0.079,0.000000
1441.979004,-37.370,-4.470996,0.014826,9.469,0.013,0.044,0.000000
1446.969849,-36.618,1.877533,0.013597,9.469,-0.022,0.008,0.000000
1451.979492,-35.735,-4.509245,0.012282,9.469,-0.058,-0.027,0.000000
1457.005005,-35.672,-12.357642,0.012194,9.469,-0.094,-0.063,0.000000
1462.048584,-36.236,-18.090038,0.013012,9.469,-0.130,-0.099,0.000000
1467.109619,-37.055,-17.053892,0.014299,9.469,-0.166,-0.135,0.000000
1472.188110,-37.311,-11.961379,0.014724,9.469,-0.203,-0.171,0.000000
1477.285034,-36.752,-8.092311,0.013805,9.469,-0.239,-0.208,0.000000
1482.398071,-35.979,-8.447062,0.012627,9.468,-0.275,-0.244,0.000000
1487.529541,-35.746,-12.843494,0.012291,9.468,-0.312,-0.280,0.000000
1492.678833,-35.835,-13.731738,0.012416,9.468,-0.349,-0.317,0.000000
1497.845947,-35.493,-12.700215,0.011933,9.468,-0.386,-0.354,0.000000
1503.030884,-34.763,-12.135803,0.010970,9.468,-0.423,-0.391,0.000000
1508.233765,-33.759,-16.875368,0.009772,9.468,-0.460,-0.428,0.000000
1513.453979,-33.482,-28.552063,0.009465,9.468,-0.497,-0.465,0.000000
1518.693726,-33.985,-40.588680,0.010030,9.468,-0.535,-0.502,0.000000
1523.950195,-34.918,-48.462383,0.011166,9.468,-0.572,-0.540,0.000000
1529.226196,-35.853,-47.788219,0.012437,9.468,-0.610,-0.577,0.000000
1534.519775,-36.623,-46.980335,0.013589,9.468,-0.648,-0.615,0.000000
1539.831055,-37.647,-42.886242,0.015289,9.468,-0.686,-0.653,0.000000
1545.161987,-38.705,-39.916466,0.017266,9.467,-0.724,-0.691,0.000000
1550.510010,-40.810,-42.375095,0.021997,9.467,-0.762,-0.729,0.000000
1555.877319,-42.952,-24.797743,0.028146,9.467,-0.800,-0.767,0.000000
1561.263184,-42.156,2.893162,0.025676,9.467,-0.839,-0.805,0.000000
1566.667725,-41.105,15.595573,0.022747,9.467,-0.877,-0.844,0.000000
1572.090820,-40.105,24.254196,0.020268,9.467,-0.916,-0.882,0.000000
1577.532837,-38.602,29.544748,0.017046,9.467,-0.955,-0.921,0.000000
1582.992920,-37.097,27.521482,0.014335,9.467,-0.994,-0.960,0.000000
1588.473389,-36.245,25.569723,0.012994,9.467,-1.033,-0.999,0.000000
1593.971313,-35.438,28.148218,0.011842,9.467,-1.072,-1.038,0.000000
1599.489746,-34.436,21.791267,0.010552,9.467,-1.112,-1.077,0.000000
1605.026611,-33.896,12.199927,0.009916,9.466,-1.151,-1.117,0.000000
1610.581787,-33.509,6.157323,0.009484,9.466,-1.191,-1.156,0.000000
1616.157837,-32.853,-1.147738,0.008794,9.466,-1.231,-1.196,0.000000
1621.751587,-32.549,-12.304864,0.008492,9.466,-1.271,-1.236,0.000000
1627.366211,-32.771,-23.831718,0.008711,9.466,-1.311,-1.276,0.000000
1632.998779,-33.261,-35.834446,0.009217,9.466,-1.351,-1.316,0.000000
1638.651611,-34.056,-46.839745,0.010100,9.466,-1.391,-1.356,0.000000
1644.323975,-34.829,-44.681110,0.011040,9.466,-1.432,-1.396,0.000000
1650.015991,-35.572,-43.293407,0.012027,9.466,-1.472,-1.437,0.000000
1655.726929,-36.737,-45.886131,0.013752,9.466,-1.513,-1.477,0.000000
1661.459229,-38.385,-43.427067,0.016626,9.465,-1.554,-1.518,0.000000
1667.209717,-40.107,-26.793966,0.020272,9.465,-1.595,-1.559,0.000000
1672.981812,-40.838,5.235755,0.022052,9.465,-1.636,-1.600,0.000000
1678.772949,-40.257,25.274727,0.020624,9.465,-1.678,-1.641,0.000000
1684.583496,-38.896,25.389771,0.017632,9.465,-1.719,-1.683,0.000000
1690.415649,-37.325,13.497921,0.014717,9.465,-1.761,-1.724,0.000000
1696.266357,-36.966,4.466250,0.014123,9.465,-1.803,-1.766,0.000000
1702.139038,-37.034,0.830189,0.014237,9.465,-1.845,-1.808,0.000000
1708.030396,-37.031,0.317729,0.014233,9.465,-1.887,-1.850,0.000000
1713.942871,-36.621,6.503748,0.013580,9.465,-1.929,-1.892,0.000000
1719.875977,-36.156,6.098835,0.012874,9.464,-1.971,-1.934,0.000000
1725.829468,-35.610,3.422201,0.012092,9.464,-2.014,-1.976,0.000000
1731.802856,-35.798,-1.909377,0.012358,9.464,-2.056,-2.019,0.000000
1737.798462,-36.511,-0.005306,0.013419,9.464,-2.099,-2.061,0.000000
1743.814087,-36.845,8.613884,0.013948,9.464,-2.142,-2.104,0.000000
1749.850464,-36.376,16.687229,0.013217,9.464,-2.185,-2.147,0.000000
1755.907837,-35.822,21.805094,0.012402,9.464,-2.229,-2.190,0.000000
1761.985229,-35.177,12.934752,0.011516,9.464,-2.272,-2.234,0.000000
1768.085449,-35.568,6.224032,0.012048,9.464,-2.315,-2.277,0.000000
1774.204956,-36.128,6.201648,0.012853,9.464,-2.359,-2.320,0.000000
1780.347412,-36.234,9.646772,0.013014,9.463,-2.403,-2.364,0.000000
1786.509521,-35.571,13.053672,0.012059,9.463,-2.447,-2.408,0.000000
1792.693726,-34.676,13.512931,0.010880,9.463,-2.491,-2.452,0.000000
1798.899292,-33.855,12.007387,0.009901,9.463,-2.536,-2.496,0.000000
1805.126465,-33.020,10.234495,0.008994,9.463,-2.580,-2.541,0.000000
1811.375122,-32.333,7.140379,0.008312,9.463,-2.625,-2.585,0.000000
1817.645386,-31.492,4.003578,0.007546,9.463,-2.669,-2.630,0.000000
1823.937378,-30.883,-5.931015,0.007037,9.463,-2.714,-2.674,0.000000
1830.251099,-30.854,-16.708334,0.007014,9.463,-2.759,-2.719,0.000000
1836.586792,-30.946,-25.751688,0.007090,9.463,-2.805,-2.764,0.000000
1842.943481,-31.022,-35.023918,0.007154,9.462,-2.850,-2.810,0.000000
1849.323853,-31.119,-46.280361,0.007236,9.462,-2.896,-2.855,0.000000
1855.724609,-31.657,-59.516243,0.007699,9.462,-2.941,-2.901,0.000000
1862.149292,-32.663,-74.309494,0.008646,9.462,-2.987,-2.946,0.000000
1868.594482,-34.030,-89.100754,0.010121,9.462,-3.033,-2.992,0.000000
1875.062866,-35.388,-105.799240,0.011836,9.462,-3.079,-3.038,0.000000
1881.553589,-36.042,-114.395935,0.012763,9.462,-3.126,-3.084,0.000000
1888.066772,-37.009,-128.655640,0.014270,9.462,-3.172,-3.131,0.000000
1894.603516,-37.971,121.055573,0.015943,9.462,-3.219,-3.177,0.000000
1901.161011,-39.379,74.992523,0.018751,9.461,-3.266,-3.224,0.000000
1907.742065,-41.308,54.652916,0.023420,9.461,-3.313,-3.271,0.000000
1914.345947,-41.834,54.305164,0.024884,9.461,-3.360,-3.318,0.000000
1920.972656,-40.537,47.663784,0.021437,9.461,-3.407,-3.365,0.000000
1927.622314,-39.005,35.497528,0.017975,9.461,-3.455,-3.412,0.000000
1934.295044,-38.561,26.035854,0.017081,9.461,-3.502,-3.460,0.000000
1940.989868,-37.709,23.765724,0.015488,9.461,-3.550,-3.507,0.000000
1947.709717,-36.997,12.047612,0.014271,9.461,-3.598,-3.555,0.000000
1954.451050,-37.182,2.906902,0.014581,9.461,-3.646,-3.603,0.000000
1961.216675,-37.261,-0.161613,0.014717,9.460,-3.695,-3.651,0.000000
1968.005615,-36.880,3.847409,0.014087,9.460,-3.743,-3.700,0.000000
1974.818115,-37.096,1.481669,0.014445,9.460,-3.792,-3.748,0.000000
1981.655151,-37.877,5.412573,0.015807,9.460,-3.841,-3.797,0.000000
1988.513916,-38.149,12.587213,0.016315,9.460,-3.890,-3.846,0.000000
1995.397339,-39.002,23.558830,0.018004,9.460,-3.939,-3.895,0.000000
2002.304688,-39.329,45.338009,0.018702,9.460,-3.975,-3.931,0.000000
2009.235840,-38.386,58.553917,0.016783,9.460,-3.986,-3.942,0.000000
2016.191040,-37.189,61.332424,0.014627,9.460,-3.997,-3.953,0.000000
2023.170288,-35.870,53.427402,0.012571,9.460,-4.009,-3.964,0.000000
2030.172852,-34.732,47.620705,0.011031,9.460,-4.020,-3.975,0.000000
2037.201416,-33.713,40.907055,0.009811,9.460,-4.031,-3.986,0.000000
2044.252441,-33.418,32.443253,0.009485,9.460,-4.042,-3.997,0.000000
2051.329834,-33.457,29.194721,0.009530,9.460,-4.053,-4.008,0.000000
2058.430908,-33.114,25.829634,0.009163,9.460,-4.065,-4.019,0.000000
2065.555420,-32.813,21.680674,0.008852,9.460,-4.076,-4.031,0.000000
2072.706543,-32.434,16.575447,0.008476,9.460,-4.087,-4.042,0.000000
2079.880371,-32.514,9.645801,0.008556,9.460,-4.099,-4.053,0.000000
2087.080078,-32.846,5.384666,0.008892,9.460,-4.110,-4.065,0.000000
2094.304932,-33.291,1.647834,0.009362,9.460,-4.122,-4.076,0.000000
2101.554443,-33.853,0.424712,0.009992,9.459,-4.133,-4.087,0.000000
2108.829346,-33.670,4.988868,0.009788,9.459,-4.145,-4.099,0.000000
2116.129150,-33.220,-0.052330,0.009296,9.459,-4.157,-4.110,0.000000
2123.453369,-33.394,-7.499827,0.009488,9.459,-4.168,-4.122,0.000000
2130.804932,-34.109,-12.815253,0.010305,9.459,-4.180,-4.134,0.000000
2138.180176,-35.086,-17.451096,0.011534,9.459,-4.192,-4.145,0.000000
2145.582520,-35.715,-12.523999,0.012402,9.459,-4.204,-4.157,0.000000
2153.009766,-36.024,-6.780020,0.012853,9.459,-4.215,-4.169,0.000000
2160.461670,-35.309,-3.510240,0.011839,9.459,-4.227,-4.180,0.000000
2167.941406,-34.974,-11.040804,0.011393,9.459,-4.239,-4.192,0.000000
2175.445068,-35.612,-10.977910,0.012264,9.459,-4.251,-4.204,0.000000
2182.976562,-35.991,-9.482501,0.012812,9.459,-4.263,-4.216,0.000000
2190.532227,-36.182,-7.563401,0.013101,9.459,-4.275,-4.228,0.000000
2198.114990,-36.003,-2.794014,0.012834,9.459,-4.287,-4.240,0.000000
2205.723877,-35.334,-10.193138,0.011886,9.459,-4.299,-4.252,0.000000
2213.359375,-35.287,-22.513182,0.011824,9.459,-4.312,-4.264,0.000000
2221.020020,-36.116,-29.435829,0.013010,9.459,-4.324,-4.276,0.000000
2228.709473,-36.565,-15.627906,0.013703,9.459,-4.336,-4.288,0.000000
2236.423340,-36.023,-7.764627,0.012878,9.459,-4.348,-4.300,0.000000
2244.166016,-36.492,-3.327994,0.013597,9.459,-4.361,-4.312,0.000000
2251.934570,-36.441,8.347617,0.013522,9.459,-4.373,-4.325,0.000000
2259.728760,-36.220,16.308903,0.013187,9.459,-4.386,-4.337,0.000000
2267.552002,-36.170,24.196218,0.013116,9.459,-4.398,-4.349,0.000000
2275.400391,-36.432,30.762506,0.013523,9.459,-4.411,-4.362,0.000000
2283.278076,-35.859,29.572950,0.012662,9.459,-4.423,-4.374,0.000000
2291.180908,-35.900,19.728949,0.012724,9.459,-4.436,-4.387,0.000000
2299.112061,-36.332,17.914564,0.013375,9.459,-4.448,-4.399,0.000000
2307.070557,-36.201,21.985189,0.013177,9.459,-4.461,-4.412,0.000000
2315.056885,-35.471,22.518610,0.012117,9.459,-4.474,-4.424,0.000000
2323.069580,-34.359,21.243811,0.010663,9.459,-4.487,-4.437,0.000000
2331.112305,-34.012,17.814034,0.010248,9.459,-4.499,-4.450,0.000000
2339.181641,-33.949,19.674870,0.010175,9.459,-4.512,-4.462,0.000000
2347.279053,-33.364,18.903597,0.009514,9.459,-4.525,-4.475,0.000000
2355.404297,-32.540,20.829334,0.008655,9.459,-4.538,-4.488,0.000000
2363.556885,-31.225,18.067280,0.007440,9.459,-4.551,-4.501,0.000000
2371.739746,-30.151,10.193805,0.006575,9.459,-4.564,-4.514,0.000000
2379.948486,-29.644,-1.857782,0.006204,9.459,-4.577,-4.527,0.000000
2388.188232,-30.062,-14.063869,0.006511,9.459,-4.590,-4.540,0.000000
2396.454102,-30.709,-20.163206,0.007015,9.459,-4.603,-4.553,0.000000
2404.749512,-30.893,-24.425987,0.007167,9.459,-4.617,-4.566,0.000000
2413.073975,-31.247,-31.363373,0.007466,9.459,-4.630,-4.579,0.000000
2421.427002,-31.772,-39.459118,0.007933,9.459,-4.643,-4.592,0.000000
2429.809082,-33.284,-45.058426,0.009442,9.459,-4.657,-4.605,0.000000
2438.220215,-34.612,-46.576504,0.011005,9.459,-4.670,-4.618,0.000000
2446.660400,-36.124,-48.477020,0.013101,9.459,-4.684,-4.632,0.000000
2455.129883,-37.168,-52.091614,0.014779,9.459,-4.697,-4.645,0.000000
2463.628418,-37.599,-42.989109,0.015535,9.459,-4.711,-4.658,0.000000
2472.155518,-37.610,-34.708641,0.015561,9.459,-4.724,-4.672,0.000000
2480.714355,-37.567,-28.395432,0.015490,9.459,-4.738,-4.685,0.000000
2489.300293,-37.645,-24.807541,0.015635,9.458,-4.751,-4.699,0.000000
2497.918701,-37.629,-22.311161,0.015611,9.458,-4.765,-4.713,0.000000
2506.564209,-37.938,-33.497063,0.016180,9.458,-4.779,-4.726,0.000000
2515.240967,-37.714,-17.485493,0.015770,9.458,-4.793,-4.740,0.000000
2523.947754,-37.050,17.018129,0.014613,9.458,-4.807,-4.754,0.000000
2532.684814,-35.721,13.411685,0.012542,9.458,-4.821,-4.767,0.000000
2541.453125,-34.515,8.456008,0.010918,9.458,-4.835,-4.781,0.000000
2550.249512,-34.108,2.778922,0.010420,9.458,-4.849,-4.795,0.000000
2559.077393,-34.288,6.686402,0.010640,9.458,-4.863,-4.809,0.000000
2567.936035,-33.663,20.660591,0.009902,9.458,-4.877,-4.823,0.000000
2576.825195,-32.525,26.516695,0.008688,9.458,-4.891,-4.837,0.000000
2585.745117,-31.668,15.372859,0.007873,9.458,-4.905,-4.851,0.000000
2594.696045,-31.439,2.110696,0.007669,9.458,-4.919,-4.865,0.000000
2603.676514,-31.315,-10.662941,0.007563,9.458,-4.934,-4.879,0.000000
2612.690918,-32.198,-22.878391,0.008373,9.458,-4.948,-4.894,0.000000
2621.733643,-32.878,-26.791737,0.009057,9.458,-4.963,-4.908,0.000000
2630.809082,-32.971,-30.178492,0.009158,9.458,-4.977,-4.922,0.000000
2639.916016,-33.646,-43.204258,0.009901,9.458,-4.992,-4.937,0.000000
2649.054443,-34.763,-42.617794,0.011263,9.458,-5.006,-4.951,0.000000
2658.225586,-35.639,-44.140247,0.012463,9.458,-5.021,-4.965,0.000000
2667.426025,-37.222,-45.249062,0.014960,9.458,-5.035,-4.980,0.000000
2676.659668,-38.929,-47.563854,0.018214,9.458,-5.050,-4.994,0.000000
2685.925293,-40.349,-32.784466,0.021456,9.458,-5.065,-5.009,0.000000
2695.222900,-40.024,-15.107336,0.020671,9.458,-5.080,-5.024,0.000000
2704.552734,-39.473,0.588678,0.019403,9.458,-5.095,-5.038,0.000000
2713.914795,-38.461,13.268589,0.017272,9.458,-5.110,-5.053,0.000000
2723.308105,-37.557,8.366255,0.015567,9.458,-5.124,-5.068,0.000000
2732.736572,-37.662,9.266830,0.015760,9.458,-5.140,-5.083,0.000000
2742.194824,-37.103,16.621561,0.014781,9.458,-5.155,-5.098,0.000000
2751.688477,-35.949,19.457785,0.012943,9.458,-5.170,-5.113,0.000000
2761.212646,-34.759,14.528440,0.011288,9.458,-5.185,-5.128,0.000000
2770.770752,-33.906,2.385157,0.010234,9.458,-5.200,-5.143,0.000000
2780.363525,-34.039,-9.170651,0.010394,9.458,-5.215,-5.158,0.000000
2789.986816,-34.501,-16.250002,0.010963,9.458,-5.231,-5.173,0.000000
2799.644531,-35.017,-25.631548,0.011637,9.458,-5.246,-5.188,0.000000
2809.335938,-35.368,-32.091648,0.012119,9.458,-5.262,-5.204,0.000000
2819.060791,-34.857,-27.695660,0.011430,9.458,-5.277,-5.219,0.000000
2828.819336,-34.487,-23.821390,0.010958,9.458,-5.293,-5.234,0.000000
2838.611572,-33.701,-20.228161,0.010013,9.458,-5.308,-5.250,0.000000
2848.436279,-33.019,-21.607702,0.009260,9.458,-5.324,-5.265,0.000000
2858.297852,-32.859,-26.051907,0.009095,9.458,-5.340,-5.281,0.000000
2868.190918,-32.640,-13.601470,0.008871,9.458,-5.355,-5.297,0.000000
2878.120850,-31.930,-7.530441,0.008177,9.457,-5.371,-5.312,0.000000
2888.083740,-31.094,-11.796042,0.007428,9.457,-5.387,-5.328,0.000000
2898.079834,-31.178,-27.749023,0.007501,9.457,-5.403,-5.344,0.000000
2908.113281,-31.715,-43.562977,0.007981,9.457,-5.419,-5.359,0.000000
2918.178711,-32.678,-52.762276,0.008918,9.457,-5.435,-5.375,0.000000
2928.281738,-33.396,-62.695827,0.009688,9.457,-5.451,-5.391,0.000000
2938.416748,-33.854,-71.327530,0.010214,9.457,-5.467,-5.407,0.000000
2948.588379,-33.304,-79.563332,0.009591,9.457,-5.484,-5.423,0.000000
2958.795410,-34.192,-86.026138,0.010628,9.457,-5.500,-5.439,0.000000
2969.037598,-35.606,-104.744514,0.012510,9.457,-5.516,-5.456,0.000000
2979.313965,-36.252,-145.265884,0.013481,9.457,-5.533,-5.472,0.000000
2989.629883,-35.995,152.509415,0.013092,9.457,-5.549,-5.488,0.000000
2999.974609,-35.081,114.493622,0.011789,9.457,-5.565,-5.504,0.000000
3010.360840,-35.003,99.613159,0.011687,9.457,-5.582,-5.521,0.000000
3020.782959,-35.303,81.399315,0.012102,9.457,-5.599,-5.537,0.000000
3031.238281,-35.347,66.620491,0.012168,9.457,-5.615,-5.554,0.000000
3041.732666,-34.779,59.426895,0.011401,9.457,-5.632,-5.570,0.000000
3052.260498,-33.711,48.412136,0.010086,9.457,-5.649,-5.587,0.000000
3062.827881,-32.797,36.402283,0.009081,9.457,-5.666,-5.604,0.000000
3073.428711,-32.472,22.258230,0.008751,9.457,-5.683,-5.620,0.000000
3084.066162,-32.869,13.305302,0.009164,9.457,-5.699,-5.637,0.000000
3094.743652,-32.992,5.151409,0.009297,9.457,-5.717,-5.654,0.000000
3105.457764,-33.155,-4.920137,0.009477,9.457,-5.734,-5.671,0.000000
3116.206299,-33.750,-8.746637,0.010152,9.457,-5.751,-5.688,0.000000
3126.991943,-34.288,-11.767600,0.010804,9.457,-5.768,-5.705,0.000000
3137.817871,-35.383,-13.606752,0.012260,9.457,-5.785,-5.722,0.000000
3148.681152,-35.538,-12.063247,0.012485,9.457,-5.802,-5.739,0.000000
3159.579346,-36.835,-12.426783,0.014502,9.457,-5.820,-5.756,0.000000
3170.515137,-36.592,-5.762451,0.014106,9.457,-5.837,-5.773,0.000000
3181.491699,-37.107,-4.380869,0.014973,9.457,-5.855,-5.791,0.000000
3192.503174,-37.171,2.665932,0.015089,9.457,-5.872,-5.808,0.000000
3203.555908,-36.089,1.965165,0.013326,9.457,-5.890,-5.825,0.000000
3214.644043,-36.324,-0.778085,0.013697,9.457,-5.908,-5.843,0.000000
3225.773438,-35.664,1.075511,0.012698,9.457,-5.925,-5.860,0.000000
3236.938232,-35.934,-2.856446,0.013104,9.457,-5.943,-5.878,0.000000
3248.141602,-36.131,3.703661,0.013409,9.457,-5.961,-5.896,0.000000
3259.386963,-35.763,2.578761,0.012857,9.457,-5.979,-5.913,0.000000
3270.671387,-35.460,4.226974,0.012421,9.456,-5.997,-5.931,0.000000
3281.991699,-35.027,0.639885,0.011821,9.456,-6.015,-5.949,0.000000
3293.351074,-35.316,1.513375,0.012226,9.456,-6.033,-5.967,0.000000
3304.752930,-34.618,3.866479,0.011285,9.456,-6.051,-5.985,0.000000
3316.194336,-34.227,-5.192470,0.010792,9.456,-6.069,-6.003,0.000000
3327.672119,-34.275,-9.787921,0.010855,9.456,-6.088,-6.021,0.000000
3339.189697,-34.691,-14.760550,0.011392,9.456,-6.106,-6.039,0.000000
3350.750244,-34.682,-18.919266,0.011384,9.456,-6.125,-6.058,0.000000
3362.347656,-35.359,-28.350452,0.012311,9.456,-6.143,-6.076,0.000000
3373.985107,-36.391,-26.162565,0.013869,9.456,-6.162,-6.094,0.000000
3385.666260,-36.270,-23.576498,0.013682,9.456,-6.180,-6.113,0.000000
3397.387695,-36.573,-33.973980,0.014172,9.456,-6.199,-6.131,0.000000
3409.146484,-37.433,-29.001060,0.015652,9.456,-6.218,-6.150,0.000000
3420.946045,-37.409,-6.285047,0.015615,9.456,-6.236,-6.168,0.000000
3432.789795,-36.884,10.397981,0.014705,9.456,-6.255,-6.187,0.000000
3444.674316,-36.219,15.391808,0.013626,9.456,-6.274,-6.206,0.000000
3456.596924,-35.924,20.599375,0.013175,9.456,-6.293,-6.225,0.000000
3468.560547,-35.136,21.060230,0.012033,9.456,-6.312,-6.243,0.000000
3480.569092,-35.057,15.046583,0.011927,9.456,-6.331,-6.262,0.000000
3492.615723,-35.558,23.979357,0.012637,9.456,-6.351,-6.281,0.000000
3504.707520,-35.218,17.066771,0.012155,9.456,-6.370,-6.300,0.000000
3516.837891,-35.604,8.445760,0.012709,9.456,-6.389,-6.320,0.000000
3529.013428,-35.597,7.948610,0.012700,9.456,-6.409,-6.339,0.000000
3541.228027,-35.232,3.298196,0.012180,9.456,-6.428,-6.358,0.000000
3553.484619,-35.630,0.581198,0.012751,9.456,-6.448,-6.377,0.000000
3565.787109,-35.718,-0.767360,0.012881,9.456,-6.467,-6.397,0.000000
3578.132080,-35.775,1.828789,0.012966,9.456,-6.487,-6.416,0.000000
3590.516602,-34.961,-2.021404,0.011806,9.456,-6.507,-6.436,0.000000
3602.943848,-34.894,-7.187370,0.011715,9.456,-6.527,-6.455,0.000000
3615.417480,-34.912,-12.627045,0.011739,9.456,-6.546,-6.475,0.000000
3627.934570,-35.202,-18.803328,0.012138,9.456,-6.566,-6.495,0.000000
3640.491211,-36.130,-23.388830,0.013506,9.456,-6.586,-6.515,0.000000
3653.091553,-36.851,-20.090830,0.014674,9.456,-6.606,-6.534,0.000000
3665.739014,-37.263,-22.697811,0.015388,9.455,-6.627,-6.554,0.000000
3678.426514,-38.148,-25.168068,0.017039,9.455,-6.647,-6.574,0.000000
3691.161621,-39.326,-19.146378,0.019513,9.455,-6.667,-6.594,0.000000
3703.937256,-38.566,-5.001882,0.017879,9.455,-6.688,-6.615,0.000000
3716.760498,-37.327,6.326518,0.015501,9.455,-6.708,-6.635,0.000000
3729.628418,-36.330,6.556251,0.013820,9.455,-6.728,-6.655,0.000000
3742.533447,-36.199,10.428203,0.013614,9.455,-6.749,-6.675,0.000000
3755.490479,-35.513,12.470117,0.012580,9.455,-6.770,-6.696,0.000000
3768.492432,-34.865,11.669067,0.011675,9.455,-6.790,-6.716,0.000000
3781.535645,-34.455,12.182651,0.011138,9.455,-6.811,-6.737,0.000000
3794.624023,-34.327,5.190340,0.010974,9.455,-6.832,-6.758,0.000000
3807.761475,-34.097,0.847994,0.010685,9.455,-6.853,-6.778,0.000000
3820.940674,-34.931,-5.586213,0.011760,9.455,-6.874,-6.799,0.000000
3834.169189,-35.544,-4.238461,0.012618,9.455,-6.895,-6.820,0.000000
3847.439697,-35.311,-5.344553,0.012282,9.455,-6.916,-6.841,0.000000
3860.760010,-35.347,-8.835833,0.012330,9.455,-6.937,-6.862,0.000000
3874.126221,-36.126,-10.003124,0.013486,9.455,-6.959,-6.883,0.000000
3887.531494,-35.666,-7.638405,0.012788,9.455,-6.980,-6.904,0.000000
3900.990479,-35.201,-8.789238,0.012119,9.455,-7.002,-6.925,0.000000
3914.496094,-35.506,-18.426985,0.012550,9.455,-7.023,-6.947,0.000000
3928.048340,-36.218,-20.351934,0.013620,9.455,-7.045,-6.968,0.000000
3941.640137,-36.795,-22.080549,0.014552,9.455,-7.066,-6.989,0.000000
3955.286377,-36.784,-22.773849,0.014532,9.455,-7.088,-7.011,0.000000
3968.979980,-36.579,-30.885973,0.014189,9.455,-7.110,-7.033,0.000000
3982.717285,-36.570,-25.922489,0.014171,9.455,-7.132,-7.054,0.000000
3996.501953,-36.463,-32.648876,0.013993,9.455,-7.154,-7.076,0.000000
4010.338135,-37.502,-39.737980,0.015764,9.455,-7.161,-7.083,0.000000
4024.218506,-38.169,-43.781639,0.017017,9.455,-7.163,-7.085,0.000000
4038.150879,-37.788,-58.558819,0.016281,9.455,-7.165,-7.087,0.000000
4052.127441,-37.160,-50.622440,0.015140,9.455,-7.168,-7.090,0.000000
4066.156250,-36.524,-36.964924,0.014066,9.455,-7.170,-7.092,0.000000
4080.233643,-35.923,54.473927,0.013121,9.455,-7.172,-7.094,0.000000
4094.352051,-35.727,28.310440,0.012825,9.455,-7.174,-7.096,0.000000
4108.526855,-36.017,48.740810,0.013256,9.455,-7.176,-7.098,0.000000
4122.750977,-34.914,55.066250,0.011670,9.455,-7.179,-7.100,0.000000
4137.020508,-33.556,53.785164,0.009978,9.455,-7.181,-7.103,0.000000
4151.339355,-33.219,45.358738,0.009595,9.455,-7.183,-7.105,0.000000
4165.711914,-33.107,30.997965,0.009468,9.455,-7.185,-7.107,0.000000
4180.133789,-33.182,17.802559,0.009548,9.455,-7.187,-7.109,0.000000
4194.601562,-33.950,12.004164,0.010426,9.455,-7.190,-7.111,0.000000
4209.120117,-34.287,10.225498,0.010835,9.455,-7.192,-7.114,0.000000
4223.692383,-34.051,4.842993,0.010541,9.455,-7.194,-7.116,0.000000
4238.314941,-34.570,-1.960567,0.011186,9.454,-7.197,-7.118,0.000000
4252.980469,-35.716,-5.681833,0.012760,9.454,-7.199,-7.120,0.000000
4267.704590,-36.334,-5.628318,0.013697,9.454,-7.201,-7.123,0.000000
4282.479980,-36.508,-6.256930,0.013967,9.454,-7.203,-7.125,0.000000
4297.306152,-37.089,-11.601738,0.014930,9.454,-7.206,-7.127,0.000000
4312.175781,-37.434,-9.544915,0.015529,9.454,-7.208,-7.129,0.000000
4327.104980,-37.788,-14.267815,0.016169,9.454,-7.210,-7.132,0.000000
4342.085449,-38.405,-10.667627,0.017353,9.454,-7.213,-7.134,0.000000
4357.114258,-38.736,-7.646791,0.018021,9.454,-7.215,-7.136,0.000000
4372.194824,-39.313,-7.034475,0.019248,9.454,-7.217,-7.139,0.000000
4387.331543,-39.705,5.814901,0.020127,9.454,-7.220,-7.141,0.000000
4402.520996,-39.380,16.747089,0.019379,9.454,-7.222,-7.143,0.000000
4417.758789,-39.583,26.314442,0.019825,9.454,-7.224,-7.145,0.000000
4433.049316,-38.690,41.219391,0.017879,9.454,-7.227,-7.148,0.000000
4448.396973,-37.298,45.481342,0.015224,9.454,-7.229,-7.150,0.000000
4463.797852,-36.205,34.795544,0.013418,9.454,-7.232,-7.153,0.000000
4479.243164,-35.870,29.875256,0.012906,9.454,-7.234,-7.155,0.000000
4494.750977,-35.860,27.145742,0.012887,9.454,-7.236,-7.157,0.000000
4510.312012,-35.678,14.609304,0.012616,9.454,-7.239,-7.160,0.000000
4525.922852,-36.151,14.275979,0.013317,9.454,-7.241,-7.162,0.000000
4541.587891,-36.124,23.722115,0.013271,9.454,-7.244,-7.164,0.000000
4557.311035,-35.509,21.984522,0.012360,9.454,-7.246,-7.167,0.000000
4573.088867,-36.709,13.346696,0.014184,9.454,-7.249,-7.169,0.000000
4588.916992,-37.830,12.891364,0.016129,9.454,-7.251,-7.172,0.000000
4604.799805,-38.290,19.064665,0.016997,9.454,-7.254,-7.174,0.000000
4620.742188,-38.298,31.725439,0.017005,9.454,-7.256,-7.177,0.000000
4636.739746,-38.236,37.001896,0.016875,9.454,-7.259,-7.179,0.000000
4652.788086,-37.622,28.987616,0.015715,9.454,-7.261,-7.181,0.000000
4668.892090,-38.147,24.458715,0.016686,9.454,-7.264,-7.184,0.000000
4685.056152,-39.124,25.426664,0.018662,9.454,-7.266,-7.186,0.000000
4701.276367,-39.273,37.362438,0.018976,9.454,-7.269,-7.189,0.000000
4717.543457,-38.978,39.328918,0.018333,9.454,-7.271,-7.191,0.000000
4733.875977,-38.922,47.454628,0.018206,9.454,-7.274,-7.194,0.000000
4750.265137,-38.071,51.748230,0.016498,9.454,-7.276,-7.196,0.000000
4766.706543,-36.926,57.158627,0.014452,9.454,-7.279,-7.199,0.000000
4783.209473,-36.094,56.175034,0.013126,9.454,-7.281,-7.201,0.000000
4799.764648,-34.767,56.688824,0.011260,9.454,-7.284,-7.204,0.000000
4816.381836,-33.262,50.365360,0.009463,9.454,-7.287,-7.207,0.000000
4833.052246,-32.145,40.162472,0.008318,9.454,-7.289,-7.209,0.000000
4849.779785,-32.281,31.620775,0.008444,9.454,-7.292,-7.212,0.000000
4866.570312,-32.340,19.437176,0.008498,9.454,-7.294,-7.214,0.000000
4883.418945,-32.709,2.325073,0.008861,9.454,-7.297,-7.217,0.000000
4900.316406,-33.163,-1.420876,0.009334,9.454,-7.300,-7.219,0.000000
4917.281738,-33.158,0.994730,0.009325,9.454,-7.302,-7.222,0.000000
4934.305664,-33.552,-0.619914,0.009754,9.454,-7.305,-7.225,0.000000
4951.388672,-34.344,-4.865133,0.010682,9.454,-7.308,-7.227,0.000000
4968.521484,-36.048,2.836138,0.012993,9.454,-7.310,-7.230,0.000000
4985.723145,-36.862,25.034628,0.014264,9.454,-7.313,-7.232,0.000000
5002.984375,-36.644,32.083229,0.013906,9.454,-7.316,-7.235,0.000000
5020.300293,-36.407,40.417294,0.013527,9.454,-7.318,-7.238,0.000000
5037.681152,-36.232,34.713531,0.013253,9.454,-7.321,-7.240,0.000000
5055.117188,-37.406,31.084558,0.015165,9.454,-7.324,-7.243,0.000000
5072.618164,-38.257,36.093895,0.016721,9.454,-7.326,-7.246,0.000000
5090.175293,-38.006,41.286427,0.016239,9.454,-7.329,-7.248,0.000000
5107.792969,-37.740,43.183159,0.015744,9.454,-7.332,-7.251,0.000000
5125.477051,-36.902,49.334656,0.014290,9.454,-7.335,-7.254,0.000000
5143.221680,-35.737,52.490211,0.012494,9.454,-7.337,-7.257,0.000000
5161.018066,-34.583,50.214699,0.010934,9.454,-7.340,-7.259,0.000000
5178.886230,-33.850,45.514904,0.010047,9.454,-7.343,-7.262,0.000000
5196.815918,-33.530,43.532486,0.009680,9.454,-7.346,-7.265,0.000000
5214.802734,-33.093,37.033234,0.009202,9.454,-7.349,-7.268,0.000000
5232.856934,-32.872,27.723185,0.008967,9.454,-7.351,-7.270,0.000000
5250.968750,-33.281,25.030664,0.009398,9.454,-7.354,-7.273,0.000000
5269.147949,-33.232,20.472363,0.009344,9.454,-7.357,-7.276,0.000000
5287.385254,-33.866,12.207825,0.010049,9.454,-7.360,-7.279,0.000000
5305.685547,-34.787,11.641012,0.011172,9.454,-7.363,-7.281,0.000000
5324.054199,-35.341,11.623436,0.011905,9.454,-7.366,-7.284,0.000000
5342.486816,-35.567,11.144100,0.012217,9.454,-7.368,-7.287,0.000000
5360.978027,-35.683,7.025280,0.012379,9.454,-7.371,-7.290,0.000000
5379.532715,-36.973,7.813349,0.014361,9.454,-7.374,-7.293,0.000000
5398.157227,-37.123,14.690202,0.014611,9.454,-7.377,-7.296,0.000000
5416.846191,-37.051,20.663176,0.014491,9.454,-7.380,-7.298,0.000000
5435.594727,-36.645,25.208784,0.013829,9.454,-7.383,-7.301,0.000000
5454.408203,-35.782,23.644140,0.012521,9.454,-7.386,-7.304,0.000000
5473.291992,-35.602,21.108307,0.012264,9.454,-7.389,-7.307,0.000000
5492.235352,-35.404,23.214386,0.011987,9.454,-7.392,-7.310,0.000000
5511.250000,-34.401,20.621271,0.010678,9.454,-7.395,-7.313,0.000000
5530.325195,-33.421,16.007675,0.009537,9.454,-7.398,-7.316,0.000000
5549.472168,-33.816,5.986910,0.009979,9.454,-7.401,-7.319,0.000000
5568.679199,-33.905,-1.075153,0.010080,9.454,-7.404,-7.322,0.000000
5587.953613,-34.641,-13.827558,0.010969,9.454,-7.407,-7.325,0.000000
5607.299316,-35.635,-13.947746,0.012298,9.454,-7.410,-7.328,0.000000
5626.712402,-36.384,-12.100185,0.013404,9.454,-7.413,-7.331,0.000000
5646.181641,-36.741,9.374928,0.013966,9.454,-7.416,-7.334,0.000000
5665.729492,-37.120,30.716549,0.014589,9.454,-7.419,-7.337,0.000000
5685.344727,-38.120,41.526188,0.016370,9.454,-7.422,-7.340,0.000000
5705.027832,-38.383,43.887405,0.016873,9.454,-7.425,-7.343,0.000000
5724.773926,-38.183,45.302330,0.016488,9.454,-7.428,-7.346,0.000000
5744.587891,-38.836,52.711723,0.017776,9.454,-7.431,-7.349,0.000000
5764.476562,-38.290,51.141399,0.016693,9.454,-7.434,-7.352,0.000000
5784.428223,-37.519,52.795498,0.015275,9.454,-7.437,-7.355,0.000000
5804.448730,-36.890,39.650124,0.014208,9.454,-7.440,-7.358,0.000000
5824.544434,-37.867,33.556664,0.015900,9.454,-7.443,-7.361,0.000000
5844.709473,-38.662,43.135769,0.017424,9.454,-7.447,-7.364,0.000000
5864.938965,-38.471,51.864902,0.017044,9.454,-7.450,-7.367,0.000000
5885.238281,-37.934,52.021542,0.016023,9.454,-7.453,-7.370,0.000000
5905.613281,-36.854,54.123409,0.014149,9.454,-7.456,-7.373,0.000000
5926.059082,-35.472,45.436005,0.012068,9.454,-7.459,-7.376,0.000000
5946.570312,-35.656,37.945992,0.012326,9.454,-7.462,-7.380,0.000000
5967.151855,-35.516,33.348751,0.012129,9.454,-7.466,-7.383,0.000000
5987.811035,-35.308,34.817787,0.011842,9.454,-7.469,-7.386,0.000000
6008.535645,-34.943,28.932840,0.011354,9.454,-7.472,-7.389,0.000000
6029.337402,-35.053,15.704522,0.011500,9.454,-7.475,-7.392,0.000000
6050.206055,-35.634,8.866388,0.012294,9.454,-7.479,-7.395,0.000000
6071.152344,-36.402,5.208196,0.013431,9.453,-7.482,-7.399,0.000000
6092.165527,-38.120,11.034421,0.016368,9.453,-7.485,-7.402,0.000000
6113.251465,-39.129,45.321255,0.018385,9.453,-7.488,-7.405,0.000000
6134.416016,-40.198,86.437347,0.020794,9.453,-7.492,-7.408,0.000000
6155.653809,-39.299,97.108711,0.018749,9.453,-7.495,-7.412,0.000000
6176.959473,-37.652,95.284363,0.015509,9.453,-7.498,-7.415,0.000000
6198.338867,-35.883,96.921791,0.012649,9.453,-7.502,-7.418,0.000000
6219.797852,-34.670,84.644203,0.010998,9.453,-7.505,-7.421,0.000000
6241.331543,-34.145,72.993683,0.010351,9.453,-7.508,-7.425,0.000000
6262.933594,-33.936,59.624012,0.010103,9.453,-7.512,-7.428,0.000000
6284.610352,-33.898,45.429138,0.010057,9.453,-7.515,-7.431,0.000000
6306.368652,-33.834,41.851318,0.009981,9.453,-7.518,-7.435,0.000000
6328.195801,-34.270,37.592419,0.010494,9.453,-7.522,-7.438,0.000000
6350.104492,-34.801,35.265568,0.011154,9.453,-7.525,-7.441,0.000000
6372.083008,-35.597,34.257656,0.012222,9.453,-7.529,-7.445,0.000000
6394.143555,-36.154,33.730610,0.013029,9.453,-7.532,-7.448,0.000000
6416.274902,-36.056,34.505310,0.012881,9.453,-7.536,-7.452,0.000000
6438.482422,-36.078,29.609877,0.012910,9.453,-7.539,-7.455,0.000000
6460.772949,-35.753,34.969280,0.012434,9.453,-7.542,-7.458,0.000000
6483.140625,-34.854,41.067894,0.011207,9.453,-7.546,-7.462,0.000000
6505.580078,-34.558,35.652981,0.010828,9.453,-7.549,-7.465,0.000000
6528.096680,-35.161,27.584578,0.011602,9.453,-7.553,-7.469,0.000000
6550.697266,-35.418,29.433067,0.011947,9.453,-7.556,-7.472,0.000000
6573.370605,-36.267,27.320927,0.013168,9.453,-7.560,-7.476,0.000000
6596.127930,-36.563,38.858128,0.013620,9.453,-7.564,-7.479,0.000000
6618.958008,-36.209,48.186966,0.013072,9.453,-7.567,-7.483,0.000000
6641.873535,-35.663,48.330009,0.012272,9.453,-7.571,-7.486,0.000000
6664.861816,-36.322,37.996414,0.013234,9.453,-7.574,-7.490,0.000000
6687.930176,-36.800,34.100292,0.013977,9.453,-7.578,-7.493,0.000000
6711.084473,-36.516,33.090172,0.013524,9.453,-7.581,-7.497,0.000000
6734.318848,-36.731,31.593800,0.013859,9.453,-7.585,-7.500,0.000000
6757.633301,-37.558,33.965805,0.015237,9.453,-7.589,-7.504,0.000000
6781.016113,-37.585,37.417866,0.015279,9.453,-7.592,-7.507,0.000000
6804.492676,-38.078,43.544483,0.016166,9.453,-7.596,-7.511,0.000000
6828.050293,-38.437,49.321911,0.016842,9.453,-7.600,-7.515,0.000000
6851.683105,-37.758,61.484226,0.015570,9.453,-7.603,-7.518,0.000000
6875.397949,-36.698,66.516151,0.013777,9.453,-7.607,-7.522,0.000000
6899.201172,-35.894,65.847969,0.012554,9.453,-7.611,-7.525,0.000000
6923.080078,-35.201,52.524864,0.011587,9.453,-7.614,-7.529,0.000000
6947.048828,-34.924,49.541515,0.011217,9.453,-7.618,-7.533,0.000000
6971.093262,-34.401,33.799877,0.010556,9.453,-7.622,-7.537,0.000000
6995.228027,-34.709,24.690641,0.010932,9.453,-7.626,-7.540,0.000000
7019.446289,-35.647,19.734873,0.012173,9.453,-7.629,-7.544,0.000000
7043.734863,-36.160,10.625018,0.012907,9.453,-7.633,-7.548,0.000000
7068.120605,-37.099,9.531826,0.014372,9.453,-7.637,-7.551,0.000000
7092.591309,-38.908,7.236470,0.017690,9.453,-7.641,-7.555,0.000000
7117.139648,-40.357,17.942562,0.020891,9.453,-7.645,-7.559,0.000000
7141.772949,-40.471,36.796886,0.021155,9.453,-7.648,-7.563,0.000000
7166.498535,-41.429,53.508575,0.023610,9.453,-7.652,-7.566,0.000000
7191.309570,-40.084,65.864662,0.020214,9.453,-7.656,-7.570,0.000000
7216.199707,-38.940,62.008854,0.017710,9.453,-7.660,-7.574,0.000000
7241.176270,-38.148,61.899857,0.016159,9.453,-7.664,-7.578,0.000000
7266.245605,-37.167,55.270107,0.014427,9.453,-7.668,-7.582,0.000000
7291.402344,-36.962,49.456978,0.014087,9.453,-7.672,-7.586,0.000000
7316.631836,-36.667,40.111282,0.013611,9.453,-7.676,-7.589,0.000000
7341.962402,-36.664,29.516893,0.013603,9.453,-7.680,-7.593,0.000000
7367.381348,-36.364,18.482374,0.013135,9.453,-7.684,-7.597,0.000000
7392.887695,-36.709,14.638029,0.013663,9.453,-7.688,-7.601,0.000000
7418.468262,-37.191,16.516777,0.014437,9.453,-7.692,-7.605,0.000000
7444.151855,-37.612,9.662991,0.015145,9.453,-7.696,-7.609,0.000000
7469.924316,-38.022,15.555088,0.015870,9.453,-7.700,-7.613,0.000000
7495.778809,-38.691,32.927151,0.017132,9.453,-7.704,-7.617,0.000000
7521.722656,-39.162,46.953857,0.018076,9.453,-7.708,-7.621,0.000000
7547.763672,-39.442,74.465332,0.018660,9.453,-7.712,-7.625,0.000000
7573.887207,-39.432,100.297035,0.018628,9.453,-7.716,-7.629,0.000000
7600.108887,-38.997,84.644203,0.017709,9.453,-7.720,-7.633,0.000000
7626.414062,-38.820,79.565651,0.017344,9.453,-7.724,-7.637,0.000000
7652.817383,-37.826,76.169678,0.015460,9.453,-7.728,-7.641,0.000000
7679.312012,-38.204,77.382935,0.016140,9.453,-7.732,-7.645,0.000000
7705.883789,-37.278,80.358612,0.014500,9.453,-7.736,-7.649,0.000000
7732.562500,-36.861,77.283981,0.013813,9.453,-7.740,-7.653,0.000000
7759.333008,-36.264,64.274277,0.012888,9.453,-7.745,-7.657,0.000000
7786.189453,-36.456,52.837784,0.013170,9.453,-7.749,-7.661,0.000000
7813.138672,-37.279,56.824268,0.014471,9.453,-7.753,-7.665,0.000000
7840.188477,-36.748,64.000839,0.013607,9.453,-7.757,-7.670,0.000000
7867.331543,-37.088,78.499016,0.014142,9.453,-7.761,-7.674,0.000000
7894.561523,-36.185,89.499680,0.012740,9.452,-7.766,-7.678,0.000000
7921.885742,-35.473,79.013634,0.011730,9.452,-7.770,-7.682,0.000000
7949.312012,-35.089,79.050056,0.011216,9.452,-7.774,-7.686,0.000000
7976.833496,-34.683,77.659225,0.010697,9.452,-7.778,-7.691,0.000000
8004.442383,-34.379,69.742889,0.010321,9.452,-7.782,-7.694,0.000000
8032.146973,-34.052,58.595978,0.009933,9.452,-7.782,-7.694,0.000000
8059.955078,-34.389,55.098076,0.010320,9.452,-7.783,-7.695,0.000000
8087.859375,-34.703,46.437767,0.010692,9.452,-7.783,-7.695,0.000000
8115.844727,-35.375,43.191730,0.011544,9.452,-7.783,-7.695,0.000000
8143.942383,-36.162,37.527882,0.012629,9.452,-7.784,-7.696,0.000000
8172.137695,-37.507,33.791401,0.014732,9.452,-7.784,-7.696,0.000000
8200.422852,-38.559,40.497688,0.016614,9.452,-7.784,-7.696,0.000000
8228.805664,-39.355,56.854046,0.018193,9.452,-7.784,-7.696,0.000000
8257.293945,-39.710,73.501633,0.018934,9.452,-7.785,-7.697,0.000000
8285.881836,-38.742,68.733734,0.016923,9.452,-7.785,-7.697,0.000000
8314.560547,-38.879,68.948776,0.017177,9.452,-7.785,-7.697,0.000000
8343.337891,-38.400,64.571976,0.016239,9.452,-7.786,-7.698,0.000000
8372.223633,-38.800,66.678627,0.016987,9.452,-7.786,-7.698,0.000000
8401.208984,-38.044,68.569229,0.015555,9.452,-7.786,-7.698,0.000000
8430.278320,-37.660,58.041759,0.014866,9.452,-7.787,-7.699,0.000000
8459.464844,-37.299,67.506004,0.014247,9.452,-7.787,-7.699,0.000000
8488.752930,-36.897,60.456535,0.013589,9.452,-7.787,-7.699,0.000000
8518.141602,-37.289,57.959972,0.014201,9.452,-7.788,-7.699,0.000000
8547.616211,-37.211,62.131279,0.014056,9.452,-7.788,-7.700,0.000000
8577.208008,-37.051,57.663410,0.013783,9.452,-7.788,-7.700,0.000000
8606.903320,-36.654,58.902626,0.013151,9.452,-7.789,-7.700,0.000000
8636.693359,-35.836,47.308331,0.011955,9.452,-7.789,-7.701,0.000000
8666.594727,-36.011,45.249516,0.012184,9.452,-7.789,-7.701,0.000000
8696.590820,-36.073,32.968285,0.012256,9.452,-7.789,-7.701,0.000000
8726.699219,-35.990,17.692368,0.012122,9.452,-7.790,-7.702,0.000000
8756.903320,-35.295,45.227451,0.011173,9.452,-7.790,-7.702,0.000000
8787.211914,-35.634,38.551338,0.011599,9.452,-7.790,-7.702,0.000000
8817.634766,-35.896,48.736542,0.011936,9.453,-7.791,-7.703,0.000000
8848.162109,-35.946,71.674431,0.011987,9.453,-7.791,-7.703,0.000000
8878.778320,-37.149,101.398552,0.013745,9.453,-7.791,-7.703,0.000000
8909.517578,-37.370,97.027687,0.014077,9.453,-7.792,-7.703,0.000000
8940.363281,-37.276,83.524940,0.013900,9.453,-7.792,-7.704,0.000000
8971.306641,-37.656,83.271378,0.014495,9.453,-7.792,-7.704,0.000000
9002.366211,-38.583,76.252769,0.016096,9.453,-7.793,-7.704,0.000000
9033.524414,-38.216,75.447647,0.015402,9.453,-7.793,-7.705,0.000000
9064.799805,-38.295,67.329880,0.015512,9.453,-7.793,-7.705,0.000000
9096.173828,-38.706,69.295891,0.016234,9.453,-7.794,-7.705,0.000000
9127.657227,-38.575,65.928230,0.015957,9.453,-7.794,-7.706,0.000000
9159.257812,-39.357,71.275322,0.017423,9.453,-7.794,-7.706,0.000000
9190.967773,-39.678,84.062057,0.018038,9.453,-7.795,-7.706,0.000000
9222.770508,-39.168,86.069572,0.016971,9.453,-7.795,-7.707,0.000000
9254.701172,-39.429,84.685745,0.017450,9.453,-7.795,-7.707,0.000000
9286.741211,-39.904,81.602516,0.018390,9.453,-7.796,-7.707,0.000000
9318.892578,-40.459,86.843094,0.019558,9.453,-7.796,-7.708,0.000000
9351.137695,-39.841,85.641006,0.018174,9.453,-7.796,-7.708,0.000000
9383.512695,-39.798,86.915627,0.018039,9.453,-7.797,-7.708,0.000000
9415.999023,-39.576,79.901375,0.017544,9.453,-7.797,-7.709,0.000000
9448.588867,-39.379,84.579628,0.017108,9.453,-7.797,-7.709,0.000000
9481.300781,-39.961,87.452988,0.018250,9.453,-7.798,-7.709,0.000000
9514.117188,-39.348,93.651772,0.016966,9.453,-7.798,-7.710,0.000000
9547.055664,-38.770,90.581100,0.015834,9.453,-7.798,-7.710,0.000000
9580.099609,-38.449,90.264595,0.015219,9.453,-7.799,-7.710,0.000000
9613.257812,-38.641,90.845528,0.015516,9.453,-7.799,-7.711,0.000000
9646.540039,-38.989,87.296577,0.016105,9.453,-7.800,-7.711,0.000000
9679.936523,-39.059,89.942436,0.016192,9.453,-7.800,-7.711,0.000000
9713.431641,-38.705,82.164001,0.015502,9.453,-7.800,-7.712,0.000000
9747.060547,-38.671,75.377792,0.015399,9.453,-7.801,-7.712,0.000000
9780.805664,-38.850,62.595753,0.015676,9.453,-7.801,-7.712,0.000000
9814.658203,-40.145,63.116425,0.018146,9.453,-7.801,-7.713,0.000000
9848.637695,-40.795,66.948196,0.019503,9.453,-7.802,-7.713,0.000000
9882.724609,-40.871,83.757645,0.019620,9.453,-7.802,-7.714,0.000000
9916.939453,-40.520,90.653107,0.018792,9.453,-7.802,-7.714,0.000000
9951.263672,-40.309,96.994911,0.018289,9.453,-7.803,-7.714,0.000000
9985.706055,-39.571,105.571083,0.016752,9.453,-7.803,-7.715,0.000000
10020.278320,-38.958,113.390717,0.015568,9.453,-7.804,-7.715,0.000000
10054.968750,-37.754,115.597298,0.013514,9.453,-7.804,-7.715,0.000000
10089.770508,-37.146,103.028000,0.012563,9.453,-7.804,-7.716,0.000000
10124.692383,-36.486,94.100769,0.011610,9.453,-7.805,-7.716,0.000000
10159.745117,-36.570,85.269493,0.011688,9.453,-7.805,-7.716,0.000000
10194.918945,-37.115,88.282822,0.012408,9.453,-7.805,-7.717,0.000000
10230.205078,-37.281,88.873611,0.012610,9.453,-7.806,-7.717,0.000000
10265.613281,-37.642,81.465240,0.013109,9.453,-7.806,-7.718,0.000000
10301.154297,-37.980,85.676193,0.013592,9.453,-7.807,-7.718,0.000000
10336.807617,-38.810,94.100662,0.014915,9.453,-7.807,-7.718,0.000000
10372.594727,-38.682,105.065826,0.014655,9.453,-7.807,-7.719,0.000000
10408.496094,-38.988,109.484085,0.015139,9.453,-7.808,-7.719,0.000000
10444.531250,-39.055,106.221954,0.015214,9.453,-7.808,-7.719,0.000000
10480.680664,-39.010,100.560410,0.015093,9.453,-7.808,-7.720,0.000000
10516.956055,-38.536,94.498497,0.014251,9.453,-7.809,-7.720,0.000000
10553.367188,-38.525,89.987747,0.014191,9.453,-7.809,-7.720,0.000000
10589.903320,-39.364,86.629097,0.015585,9.453,-7.810,-7.721,0.000000
10626.546875,-39.622,88.313400,0.016007,9.453,-7.810,-7.721,0.000000
10663.336914,-40.027,89.202309,0.016721,9.453,-7.810,-7.722,0.000000
10700.253906,-39.416,87.910858,0.015541,9.453,-7.811,-7.722,0.000000
10737.299805,-38.812,82.932137,0.014455,9.453,-7.811,-7.722,0.000000
10774.462891,-38.720,94.877693,0.014264,9.453,-7.812,-7.723,0.000000
10811.754883,-38.793,99.806450,0.014345,9.453,-7.812,-7.723,0.000000
10849.185547,-38.990,108.453140,0.014634,9.453,-7.812,-7.724,0.000000
10886.736328,-38.578,113.342308,0.013916,9.453,-7.813,-7.724,0.000000
10924.427734,-38.143,108.287575,0.013201,9.453,-7.813,-7.724,0.000000
10962.238281,-38.204,101.737541,0.013257,9.453,-7.814,-7.725,0.000000
11000.190430,-39.545,103.232971,0.015430,9.453,-7.814,-7.725,0.000000
11038.263672,-39.948,111.849640,0.016122,9.453,-7.814,-7.726,0.000000
11076.468750,-39.827,104.696739,0.015857,9.453,-7.815,-7.726,0.000000
11114.816406,-39.488,97.245682,0.015211,9.453,-7.815,-7.726,0.000000
11153.296875,-38.772,91.002899,0.013971,9.453,-7.816,-7.727,0.000000
11191.900391,-38.392,79.084343,0.013338,9.453,-7.816,-7.727,0.000000
11230.636719,-38.305,78.476204,0.013172,9.453,-7.816,-7.727,0.000000
11269.518555,-37.992,86.356537,0.012673,9.453,-7.817,-7.728,0.000000
11308.523438,-37.927,91.887840,0.012546,9.453,-7.817,-7.728,0.000000
11347.674805,-38.031,91.804672,0.012665,9.453,-7.818,-7.729,0.000000
11386.951172,-38.333,102.218971,0.013079,9.453,-7.818,-7.729,0.000000
11426.373047,-37.951,101.593765,0.012484,9.453,-7.818,-7.730,0.000000
11465.921875,-38.932,110.228462,0.013940,9.453,-7.819,-7.730,0.000000
11505.606445,-39.449,121.865532,0.014757,9.453,-7.819,-7.730,0.000000
11545.440430,-38.995,116.508301,0.013973,9.453,-7.820,-7.731,0.000000
11585.412109,-38.996,106.144043,0.013941,9.453,-7.820,-7.731,0.000000
11625.521484,-38.940,101.831474,0.013817,9.453,-7.821,-7.732,0.000000
11665.748047,-38.960,93.177895,0.013816,9.453,-7.821,-7.732,0.000000
11706.135742,-39.120,84.315056,0.014039,9.453,-7.821,-7.732,0.000000
11746.664062,-40.127,82.810684,0.015727,9.453,-7.822,-7.733,0.000000
11787.320312,-39.530,81.250778,0.014644,9.453,-7.822,-7.733,0.000000
11828.118164,-39.690,81.964272,0.014879,9.453,-7.823,-7.734,0.000000
11869.068359,-40.680,76.453918,0.016632,9.453,-7.823,-7.734,0.000000
11910.148438,-41.437,78.291489,0.018100,9.453,-7.824,-7.735,0.000000
11951.382812,-41.345,97.404976,0.017863,9.453,-7.824,-7.735,0.000000
11992.748047,-40.803,116.190422,0.016739,9.453,-7.824,-7.735,0.000000
12034.268555,-39.754,125.178116,0.014797,9.453,-7.825,-7.736,0.000000
12075.931641,-38.278,119.264763,0.012452,9.453,-7.825,-7.736,0.000000
12117.716797,-38.500,110.869530,0.012741,9.453,-7.826,-7.737,0.000000
12159.669922,-38.058,100.968216,0.012077,9.453,-7.826,-7.737,0.000000
12201.767578,-37.604,93.730797,0.011433,9.453,-7.827,-7.738,0.000000
12243.999023,-37.745,93.941544,0.011591,9.453,-7.827,-7.738,0.000000
12286.377930,-38.010,93.349869,0.011919,9.453,-7.828,-7.738,0.000000
12328.914062,-38.404,91.495850,0.012437,9.453,-7.828,-7.739,0.000000
12371.597656,-39.515,97.721802,0.014093,9.453,-7.828,-7.739,0.000000
12414.417969,-40.726,128.808563,0.016155,9.453,-7.829,-7.740,0.000000
12457.385742,-41.366,156.285492,0.017340,9.453,-7.829,-7.740,0.000000
12500.514648,-41.312,159.683960,0.017181,9.453,-7.830,-7.741,0.000000
12543.780273,-41.565,161.296738,0.017638,9.453,-7.830,-7.741,0.000000
12587.196289,-40.499,146.624527,0.015555,9.453,-7.831,-7.742,0.000000
12630.774414,-39.825,131.878693,0.014349,9.453,-7.831,-7.742,0.000000
12674.502930,-40.198,122.776077,0.014933,9.453,-7.832,-7.742,0.000000
12718.383789,-40.185,130.664032,0.014864,9.453,-7.832,-7.743,0.000000
12762.391602,-40.060,122.288200,0.014607,9.453,-7.833,-7.743,0.000000
12806.576172,-40.132,117.489075,0.014683,9.453,-7.833,-7.744,0.000000
12850.914062,-40.389,120.635178,0.015077,9.453,-7.834,-7.744,0.000000
12895.392578,-40.498,113.568268,0.015220,9.453,-7.834,-7.745,0.000000
12940.025391,-41.427,121.152267,0.016877,9.453,-7.835,-7.745,0.000000
12984.825195,-42.056,132.589569,0.018080,9.453,-7.835,-7.746,0.000000
13029.767578,-42.049,135.892136,0.017999,9.453,-7.835,-7.746,0.000000
13074.876953,-41.077,130.998459,0.016036,9.453,-7.836,-7.747,0.000000
13120.131836,-40.543,125.700455,0.015024,9.453,-7.836,-7.747,0.000000
13165.554688,-40.138,116.985298,0.014289,9.453,-7.837,-7.748,0.000000
13211.134766,-40.176,115.581017,0.014297,9.453,-7.837,-7.748,0.000000
13256.847656,-40.546,112.402649,0.014865,9.453,-7.838,-7.748,0.000000
13302.744141,-39.838,101.279709,0.013649,9.453,-7.838,-7.749,0.000000
13348.799805,-40.333,100.363441,0.014395,9.453,-7.839,-7.749,0.000000
13395.001953,-40.120,115.080910,0.013993,9.453,-7.839,-7.750,0.000000
13441.363281,-39.927,111.946442,0.013633,9.453,-7.840,-7.750,0.000000
13487.899414,-40.327,125.600739,0.014222,9.453,-7.840,-7.751,0.000000
13534.595703,-39.902,136.611130,0.013487,9.453,-7.841,-7.751,0.000000
13581.440430,-39.764,124.616920,0.013217,9.453,-7.841,-7.752,0.000000
13628.447266,-39.759,126.493515,0.013153,9.453,-7.842,-7.752,0.000000
13675.630859,-40.362,135.899887,0.014038,9.453,-7.842,-7.753,0.000000
13722.976562,-40.494,129.218231,0.014192,9.453,-7.843,-7.753,0.000000
13770.473633,-40.768,119.942993,0.014584,9.453,-7.843,-7.754,0.000000
13818.135742,-41.933,113.792564,0.016604,9.453,-7.844,-7.754,0.000000
13865.975586,-41.783,114.964607,0.016249,9.453,-7.844,-7.755,0.000000
13913.980469,-42.758,108.372505,0.018098,9.453,-7.845,-7.755,0.000000
13962.125977,-44.002,118.815674,0.020792,9.453,-7.845,-7.756,0.000000
14010.463867,-43.816,133.770752,0.020260,9.453,-7.846,-7.756,0.000000
14058.969727,-43.690,132.262192,0.019878,9.453,-7.846,-7.757,0.000000
14107.628906,-43.376,132.773270,0.019087,9.453,-7.847,-7.757,0.000000
14156.458008,-42.661,131.088333,0.017500,9.453,-7.847,-7.758,0.000000
14205.468750,-42.295,130.617493,0.016699,9.453,-7.848,-7.758,0.000000
14254.635742,-42.852,124.721207,0.017724,9.453,-7.848,-7.759,0.000000
14303.986328,-42.674,130.880112,0.017284,9.453,-7.849,-7.759,0.000000
14353.495117,-42.428,128.742859,0.016723,9.453,-7.850,-7.760,0.000000
14403.188477,-43.026,128.169785,0.017832,9.453,-7.850,-7.760,0.000000
14453.052734,-42.081,132.308075,0.015918,9.453,-7.851,-7.761,0.000000
14503.063477,-42.234,124.484535,0.016124,9.453,-7.851,-7.761,0.000000
14553.274414,-42.637,134.619125,0.016809,9.453,-7.852,-7.762,0.000000
14603.659180,-42.649,143.674927,0.016753,9.453,-7.852,-7.762,0.000000
14654.218750,-42.344,148.830795,0.016096,9.453,-7.853,-7.763,0.000000
14704.924805,-41.628,143.894073,0.014751,9.453,-7.853,-7.763,0.000000
14755.834961,-41.439,139.803284,0.014363,9.453,-7.854,-7.764,0.000000
14806.920898,-41.416,136.444839,0.014256,9.453,-7.854,-7.764,0.000000
14858.168945,-41.701,131.629089,0.014659,9.453,-7.855,-7.765,0.000000
14909.609375,-42.120,128.861725,0.015308,9.453,-7.855,-7.766,0.000000
14961.213867,-42.070,126.028923,0.015144,9.453,-7.856,-7.766,0.000000
15013.010742,-42.544,131.182037,0.015915,9.453,-7.857,-7.767,0.000000
15064.973633,-42.259,134.262207,0.015323,9.453,-7.857,-7.767,0.000000
15117.115234,-42.100,129.270813,0.014971,9.453,-7.858,-7.768,0.000000
15169.452148,-41.934,137.286102,0.014614,9.453,-7.858,-7.768,0.000000
15221.969727,-41.852,133.993027,0.014408,9.453,-7.859,-7.769,0.000000
15274.640625,-42.247,131.052185,0.015005,9.453,-7.859,-7.769,0.000000
15327.523438,-42.354,139.821548,0.015119,9.453,-7.860,-7.770,0.000000
15380.588867,-41.988,142.208893,0.014426,9.453,-7.860,-7.770,0.000000
15433.823242,-41.874,141.118881,0.014167,9.453,-7.861,-7.771,0.000000
15487.241211,-42.350,136.181107,0.014894,9.453,-7.862,-7.772,0.000000
15540.859375,-42.614,143.746857,0.015280,9.453,-7.862,-7.772,0.000000
15594.664062,-41.616,142.336472,0.013556,9.453,-7.863,-7.773,0.000000
15648.638672,-42.048,144.450943,0.014179,9.453,-7.863,-7.773,0.000000
15702.800781,-41.609,140.395798,0.013416,9.453,-7.864,-7.774,0.000000
15757.166016,-41.580,139.671265,0.013307,9.453,-7.864,-7.774,0.000000
15811.718750,-41.549,147.481445,0.013195,9.453,-7.865,-7.775,0.000000
15866.429688,-40.882,151.338013,0.012160,9.453,-7.866,-7.775,0.000000
15921.361328,-39.646,143.357162,0.010497,9.453,-7.866,-7.776,0.000000
15976.482422,-39.164,134.875000,0.009883,9.453,-7.867,-7.777,0.000000
16031.793945,-38.459,137.638916,0.009069,9.453,-7.867,-7.777,0.000000
16087.267578,-38.471,144.951843,0.009038,9.453,-7.868,-7.778,0.000000
16142.962891,-38.086,150.198135,0.008604,9.453,-7.869,-7.778,0.000000
16198.851562,-37.718,141.001663,0.008207,9.453,-7.869,-7.779,0.000000
16254.917969,-37.621,129.289902,0.008077,9.453,-7.870,-7.779,0.000000
16311.194336,-37.775,126.235115,0.008182,9.453,-7.870,-7.780,0.000000
16367.649414,-38.937,135.152908,0.009308,9.453,-7.871,-7.781,0.000000
16424.316406,-38.859,159.600464,0.009181,9.453,-7.872,-7.781,0.000000
16481.162109,-39.958,154.287857,0.010369,9.453,-7.872,-7.782,0.000000
16538.205078,-39.376,160.949692,0.009650,9.453,-7.873,-7.782,0.000000
16595.462891,-38.221,159.120834,0.008408,9.453,-7.873,-7.783,0.000000
16652.917969,-38.280,170.127823,0.008424,9.453,-7.874,-7.784,0.000000
16710.539062,-38.047,173.215240,0.008162,9.453,-7.875,-7.784,0.000000
16768.392578,-37.580,162.424225,0.007698,9.453,-7.875,-7.785,0.000000
16826.447266,-37.467,160.778793,0.007561,9.453,-7.876,-7.785,0.000000
16884.685547,-37.194,162.232834,0.007293,9.453,-7.876,-7.786,0.000000
16943.142578,-36.458,161.418839,0.006668,9.453,-7.877,-7.787,0.000000
17001.785156,-36.968,155.495819,0.007037,9.453,-7.878,-7.787,0.000000
17060.646484,-36.923,159.867111,0.006967,9.453,-7.878,-7.788,0.000000
17119.695312,-37.150,162.604034,0.007117,9.453,-7.879,-7.788,0.000000
17178.949219,-36.366,168.250565,0.006471,9.453,-7.880,-7.789,0.000000
17238.423828,-35.221,170.518036,0.005645,9.453,-7.880,-7.790,0.000000
17298.105469,-34.520,162.759888,0.005182,9.453,-7.881,-7.790,0.000000
17357.976562,-34.380,150.481445,0.005075,9.453,-7.881,-7.791,0.000000
17418.054688,-34.257,154.920593,0.004979,9.453,-7.882,-7.792,0.000000
17478.357422,-33.528,160.046371,0.004556,9.453,-7.883,-7.792,0.000000
17538.869141,-33.484,154.900955,0.004510,9.453,-7.883,-7.793,0.000000
17599.556641,-33.054,163.320801,0.004271,9.453,-7.884,-7.793,0.000000
17660.488281,-32.176,160.745193,0.003841,9.453,-7.885,-7.794,0.000000
17721.630859,-31.607,155.580399,0.003580,9.453,-7.885,-7.795,0.000000
17782.968750,-31.678,158.786072,0.003591,9.453,-7.886,-7.795,0.000000
17844.535156,-30.818,161.352646,0.003236,9.453,-7.887,-7.796,0.000000
17906.296875,-29.987,165.448227,0.002927,9.453,-7.887,-7.797,0.000000
17968.291016,-28.959,157.327194,0.002588,9.453,-7.888,-7.797,0.000000
18030.480469,-28.441,149.958237,0.002426,9.453,-7.889,-7.798,0.000000
18092.886719,-27.620,148.934204,0.002197,9.453,-7.889,-7.798,0.000000
18155.525391,-27.047,157.103012,0.002047,9.453,-7.890,-7.799,0.000000
18218.382812,-26.093,158.607468,0.001825,9.453,-7.891,-7.800,0.000000
18281.421875,-25.612,157.582047,0.001718,9.453,-7.891,-7.800,0.000000
18344.712891,-24.709,166.802536,0.001542,9.453,-7.892,-7.801,0.000000
18408.224609,-24.317,152.314804,0.001467,9.453,-7.893,-7.802,0.000000
18471.955078,-24.717,150.204132,0.001529,9.453,-7.893,-7.802,0.000000
18535.888672,-23.983,160.021622,0.001398,9.453,-7.894,-7.803,0.000000
18600.044922,-23.377,166.115738,0.001298,9.453,-7.895,-7.804,0.000000
18664.439453,-21.427,160.397293,0.001032,9.453,-7.895,-7.804,0.000000
18729.041016,-21.050,153.343857,0.000984,9.453,-7.896,-7.805,0.000000
18793.880859,-20.607,153.703888,0.000946,9.453,-7.897,-7.806,0.000000
18858.929688,-19.917,154.981079,0.000856,9.453,-7.897,-7.806,0.000000
18924.220703,-16.773,160.184631,0.000593,9.453,-7.898,-7.807,0.000000
18989.720703,-15.107,158.433868,0.000487,9.453,-7.899,-7.808,0.000000
19055.447266,-14.438,156.539703,0.000478,9.453,-7.899,-7.808,0.000000
19121.417969,-13.642,155.697693,0.000517,9.453,-7.900,-7.809,0.000000
19187.619141,-13.433,139.305984,0.000398,9.453,-7.901,-7.810,0.000000
19254.029297,-12.760,138.719330,0.000420,9.453,-7.902,-7.811,0.000000
19320.669922,-11.787,126.803589,0.000446,9.453,-7.902,-7.811,0.000000
19387.560547,-9.940,-155.738892,0.000427,9.453,-7.903,-7.812,0.000000
19454.664062,-10.238,23.164906,0.000537,9.453,-7.904,-7.813,0.000000
19522.017578,-14.934,-76.417992,0.002537,9.453,-7.904,-7.813,0.000000
19589.585938,-207.703,0.000000,0.000000,9.453,-7.905,-7.814,0.000000
19657.406250,-207.738,0.000000,0.000000,9.453,-7.906,-7.815,0.000000
19725.443359,-207.772,0.000000,0.000000,9.453,-7.907,-7.815,0.000000
19793.716797,-207.806,0.000000,0.000000,9.453,-7.907,-7.816,0.000000
19862.244141,-207.841,0.000000,0.000000,9.453,-7.908,-7.817,0.000000
19931.009766,-207.875,0.000000,0.000000,9.453,-7.909,-7.818,0.000000
19999.974609,-207.910,0.000000,0.000000,9.453,-7.910,-7.818,0.000000
