frequency_hz,spl_db,phase_deg,thd_percent,rt60_ms,c50_db,c80_db,group_delay_ms
20.000000,-5.822,90.510742,0.000391,12.128,-7.176,-7.020,0.000000
20.069233,-6.525,69.674850,0.000424,12.128,-7.176,-7.020,0.000000
20.138704,-7.318,79.335854,0.000464,12.128,-7.176,-7.020,0.000000
20.208418,-6.702,79.925957,0.000432,12.128,-7.176,-7.020,0.000000
20.278366,-6.980,72.396797,0.000446,12.128,-7.176,-7.020,0.000000
20.348562,-7.746,53.227627,0.000488,12.128,-7.176,-7.020,0.000000
20.419001,-7.630,67.326157,0.000481,12.128,-7.176,-7.020,0.000000
20.489683,-8.328,72.024132,0.000521,12.128,-7.176,-7.020,0.000000
20.560612,-9.614,99.406372,0.000604,12.128,-7.176,-7.020,0.000000
20.631784,-9.259,90.302139,0.000580,12.128,-7.176,-7.020,0.000000
20.703203,-9.064,66.583656,0.000567,12.128,-7.176,-7.020,0.000000
20.774866,-8.644,21.811129,0.000540,12.128,-7.176,-7.020,0.000000
20.846781,-9.635,80.720520,0.000606,12.128,-7.176,-7.020,0.000000
20.918943,-8.915,45.874222,0.000558,12.128,-7.176,-7.020,0.000000
20.991358,-9.793,42.364983,0.000617,12.128,-7.176,-7.020,0.000000
21.064020,-8.887,16.948179,0.000556,12.128,-7.176,-7.020,0.000000
21.136936,-9.880,18.880985,0.000623,12.128,-7.176,-7.020,0.000000
21.210104,-10.054,7.169416,0.000636,12.128,-7.176,-7.020,0.000000
21.283520,-9.469,14.082212,0.000594,12.128,-7.176,-7.020,0.000000
21.357197,-9.335,-1.434703,0.000585,12.128,-7.176,-7.020,0.000000
21.431126,-9.242,-44.700871,0.000579,12.128,-7.176,-7.020,0.000000
21.505312,-10.093,-79.018768,0.000638,12.128,-7.176,-7.020,0.000000
21.579756,-11.553,101.422165,0.000755,12.128,-7.176,-7.020,0.000000
21.654457,-12.138,91.947731,0.000808,12.128,-7.176,-7.020,0.000000
21.729416,-12.221,-107.969063,0.000816,12.128,-7.176,-7.020,0.000000
21.804630,-10.953,-119.274841,0.000705,12.128,-7.176,-7.020,0.000000
21.880110,-11.200,-162.981995,0.000725,12.128,-7.176,-7.020,0.000000
21.955851,-11.621,147.503265,0.000761,12.128,-7.176,-7.020,0.000000
22.031853,-12.704,16.852776,0.000862,12.128,-7.176,-7.020,0.000000
22.108118,-13.444,84.750557,0.000939,12.128,-7.176,-7.020,0.000000
22.184649,-13.441,168.167511,0.000938,12.128,-7.176,-7.020,0.000000
22.261442,-13.978,-65.964333,0.000998,12.128,-7.176,-7.020,0.000000
22.338503,-13.141,-105.723007,0.000906,12.128,-7.176,-7.020,0.000000
22.415825,-13.147,-87.064247,0.000907,12.128,-7.176,-7.020,0.000000
22.493420,-13.743,-34.538578,0.000971,12.128,-7.176,-7.020,0.000000
22.571283,-15.164,-108.331520,0.001143,12.128,-7.176,-7.020,0.000000
22.649418,-15.164,-108.331520,0.001143,12.128,-7.176,-7.020,0.000000
22.727821,-15.811,-155.455444,0.001232,12.128,-7.176,-7.020,0.000000
22.806496,-15.959,-138.421906,0.001253,12.128,-7.176,-7.020,0.000000
22.885437,-15.341,179.258209,0.001167,12.128,-7.176,-7.020,0.000000
22.964659,-15.312,-172.729996,0.001163,12.128,-7.176,-7.020,0.000000
23.044153,-15.761,140.015594,0.001225,12.128,-7.176,-7.020,0.000000
23.123922,-16.427,107.341202,0.001322,12.128,-7.176,-7.020,0.000000
23.203970,-17.214,144.217484,0.001448,12.128,-7.176,-7.020,0.000000
23.284292,-17.328,113.109406,0.001467,12.128,-7.176,-7.020,0.000000
23.364893,-17.039,132.345261,0.001419,12.128,-7.176,-7.020,0.000000
23.445774,-17.428,109.596024,0.001484,12.128,-7.176,-7.020,0.000000
23.526928,-17.459,92.286087,0.001489,12.128,-7.176,-7.020,0.000000
23.608370,-17.244,101.111481,0.001453,12.128,-7.176,-7.020,0.000000
23.690092,-17.503,99.748192,0.001497,12.128,-7.176,-7.020,0.000000
23.772099,-18.122,89.249214,0.001607,12.128,-7.176,-7.020,0.000000
23.854389,-18.991,72.602448,0.001777,12.128,-7.176,-7.020,0.000000
23.936964,-19.263,52.502666,0.001833,12.128,-7.176,-7.020,0.000000
24.019825,-19.272,55.728756,0.001835,12.128,-7.176,-7.020,0.000000
24.102966,-20.566,43.909920,0.002130,12.128,-7.176,-7.020,0.000000
24.186401,-21.087,27.037170,0.002261,12.128,-7.176,-7.020,0.000000
24.270124,-20.786,18.648045,0.002183,12.128,-7.176,-7.020,0.000000
24.354139,-22.409,9.625873,0.002632,12.128,-7.176,-7.020,0.000000
24.438444,-22.721,-7.315979,0.002727,12.128,-7.176,-7.020,0.000000
24.523041,-24.004,-19.284229,0.003161,12.128,-7.176,-7.020,0.000000
24.607929,-23.094,-19.542761,0.002846,12.128,-7.176,-7.020,0.000000
24.693108,-22.705,-18.073177,0.002721,12.128,-7.176,-7.020,0.000000
24.778585,-23.311,-16.290157,0.002918,12.128,-7.176,-7.020,0.000000
24.864359,-23.076,-14.765398,0.002840,12.128,-7.176,-7.020,0.000000
24.950430,-22.724,-30.182695,0.002727,12.128,-7.176,-7.020,0.000000
25.036798,-22.594,-62.108749,0.002687,12.128,-7.176,-7.020,0.000000
25.123466,-22.896,-88.151787,0.002782,12.128,-7.176,-7.020,0.000000
25.210434,-21.856,-142.603256,0.002468,12.128,-7.176,-7.020,0.000000
25.297697,-21.114,-76.923309,0.002266,12.128,-7.176,-7.020,0.000000
25.385267,-21.863,88.328369,0.002470,12.128,-7.176,-7.020,0.000000
25.473143,-23.294,87.362450,0.002912,12.128,-7.176,-7.020,0.000000
25.561321,-22.947,29.677362,0.002798,12.128,-7.176,-7.020,0.000000
25.649803,-22.761,65.929863,0.002739,12.128,-7.176,-7.020,0.000000
25.738594,-22.282,105.736839,0.002592,12.128,-7.176,-7.020,0.000000
25.827690,-22.747,12.632855,0.002734,12.128,-7.176,-7.020,0.000000
25.917089,-22.310,17.083303,0.002600,12.128,-7.176,-7.020,0.000000
26.006805,-22.132,41.056461,0.002547,12.128,-7.176,-7.020,0.000000
26.096830,-21.939,-20.462547,0.002490,12.128,-7.176,-7.020,0.000000
26.187168,-22.523,-23.417095,0.002663,12.128,-7.176,-7.020,0.000000
26.277819,-23.786,-16.596928,0.003079,12.128,-7.176,-7.020,0.000000
26.368782,-23.252,-82.499901,0.002895,12.128,-7.176,-7.020,0.000000
26.460054,-22.772,-54.425606,0.002739,12.128,-7.176,-7.020,0.000000
26.551649,-23.256,-75.074707,0.002896,12.128,-7.176,-7.020,0.000000
26.643560,-23.320,-96.655945,0.002918,12.128,-7.176,-7.020,0.000000
26.735790,-23.934,-106.335060,0.003131,12.128,-7.176,-7.020,0.000000
26.828339,-23.594,-138.423752,0.003011,12.128,-7.176,-7.020,0.000000
26.921207,-23.124,-169.070984,0.002853,12.128,-7.176,-7.020,0.000000
27.014399,-23.828,-136.057892,0.003093,12.128,-7.176,-7.020,0.000000
27.107912,-24.363,-122.981812,0.003290,12.128,-7.176,-7.020,0.000000
27.201744,-24.110,-151.079514,0.003195,12.128,-7.176,-7.020,0.000000
27.295906,-23.410,-122.020790,0.002948,12.128,-7.176,-7.020,0.000000
27.390394,-23.595,-115.646629,0.003012,12.128,-7.176,-7.020,0.000000
27.485209,-23.108,172.403290,0.002847,12.128,-7.176,-7.020,0.000000
27.580351,-22.146,-114.661232,0.002549,12.128,-7.176,-7.020,0.000000
27.675825,-22.021,136.211990,0.002512,12.128,-7.176,-7.020,0.000000
27.771622,-22.155,143.626953,0.002552,12.128,-7.176,-7.020,0.000000
27.867756,-23.135,-29.769354,0.002856,12.128,-7.176,-7.020,0.000000
27.964224,-23.324,-45.911205,0.002919,12.128,-7.176,-7.020,0.000000
28.061024,-23.447,78.263336,0.002961,12.128,-7.176,-7.020,0.000000
28.158161,-23.460,-44.369884,0.002965,12.128,-7.176,-7.020,0.000000
28.255634,-23.685,6.461527,0.003043,12.128,-7.176,-7.020,0.000000
28.353443,-24.085,-141.163132,0.003186,12.128,-7.176,-7.020,0.000000
28.451593,-24.965,-139.459503,0.003525,12.128,-7.176,-7.020,0.000000
28.550081,-27.193,139.584763,0.004555,12.128,-7.176,-7.020,0.000000
28.648903,-27.301,-18.066851,0.004611,12.128,-7.176,-7.020,0.000000
28.748075,-26.813,-2.986236,0.004358,12.128,-7.176,-7.020,0.000000
28.847589,-25.915,-37.251911,0.003929,12.128,-7.176,-7.020,0.000000
28.947449,-24.917,-41.077618,0.003503,12.128,-7.176,-7.020,0.000000
29.047655,-24.393,-83.774902,0.003297,12.128,-7.176,-7.020,0.000000
29.148207,-25.770,-148.510254,0.003864,12.128,-7.176,-7.020,0.000000
29.249100,-26.658,-98.570259,0.004280,12.128,-7.176,-7.020,0.000000
29.350348,-27.191,-94.123711,0.004551,12.128,-7.176,-7.020,0.000000
29.451948,-24.911,-57.621052,0.003500,12.128,-7.176,-7.020,0.000000
29.553900,-24.162,-91.569519,0.003211,12.128,-7.176,-7.020,0.000000
29.656204,-24.515,-107.213638,0.003344,12.128,-7.176,-7.020,0.000000
29.758862,-24.282,-118.996178,0.003256,12.128,-7.176,-7.020,0.000000
29.861876,-24.261,-127.218628,0.003248,12.128,-7.176,-7.020,0.000000
29.965246,-23.847,-140.278305,0.003096,12.128,-7.176,-7.020,0.000000
30.068968,-23.864,-145.176315,0.003103,12.128,-7.176,-7.020,0.000000
30.173054,-23.560,-143.805893,0.002996,12.128,-7.176,-7.020,0.000000
30.277502,-23.127,-145.676758,0.002850,12.128,-7.176,-7.020,0.000000
30.382311,-21.823,-157.083008,0.002453,12.128,-7.176,-7.020,0.000000
30.487482,-22.573,-171.026566,0.002673,12.128,-7.176,-7.020,0.000000
30.593019,-23.263,-158.076248,0.002894,12.128,-7.176,-7.020,0.000000
30.698914,-22.792,-159.044540,0.002741,12.128,-7.176,-7.020,0.000000
30.805182,-22.932,-168.188904,0.002785,12.128,-7.176,-7.020,0.000000
30.911816,-22.920,-176.789902,0.002780,12.128,-7.176,-7.020,0.000000
31.018822,-22.603,-170.873657,0.002680,12.128,-7.176,-7.020,0.000000
31.126196,-23.140,-175.025925,0.002851,12.128,-7.176,-7.020,0.000000
31.233944,-21.477,-172.243881,0.002354,12.128,-7.176,-7.020,0.000000
31.342064,-21.794,-163.948853,0.002442,12.128,-7.176,-7.020,0.000000
31.450558,-22.604,-162.848648,0.002680,12.128,-7.176,-7.020,0.000000
31.559420,-22.352,-158.293274,0.002604,12.128,-7.176,-7.020,0.000000
31.668667,-21.353,-167.076935,0.002321,12.128,-7.176,-7.020,0.000000
31.778292,-20.986,177.519836,0.002225,12.128,-7.176,-7.020,0.000000
31.888296,-20.979,-178.241425,0.002223,12.128,-7.176,-7.020,0.000000
31.998680,-20.519,-176.167389,0.002109,12.128,-7.176,-7.020,0.000000
32.109447,-20.460,176.763901,0.002094,12.128,-7.176,-7.020,0.000000
32.220600,-19.803,175.290497,0.001942,12.128,-7.176,-7.020,0.000000
32.332127,-20.627,171.561783,0.002135,12.128,-7.176,-7.020,0.000000
32.444046,-19.640,172.771423,0.001906,12.128,-7.176,-7.020,0.000000
32.556355,-18.788,168.872208,0.001727,12.128,-7.176,-7.020,0.000000
32.669052,-18.287,161.126526,0.001631,12.128,-7.176,-7.020,0.000000
32.782143,-18.779,161.192123,0.001726,12.128,-7.176,-7.020,0.000000
32.895622,-18.088,162.385651,0.001594,12.128,-7.176,-7.020,0.000000
33.009491,-16.963,158.647430,0.001400,12.128,-7.176,-7.020,0.000000
33.123760,-16.272,150.949615,0.001293,12.128,-7.176,-7.020,0.000000
33.238411,-16.097,148.255310,0.001267,12.128,-7.176,-7.020,0.000000
33.353470,-15.793,143.839417,0.001223,12.128,-7.176,-7.020,0.000000
33.468929,-15.559,142.068741,0.001191,12.128,-7.176,-7.020,0.000000
33.584785,-14.939,136.145096,0.001109,12.128,-7.176,-7.020,0.000000
33.701042,-14.603,130.275208,0.001066,12.128,-7.176,-7.020,0.000000
33.817696,-14.591,126.835587,0.001065,12.128,-7.176,-7.020,0.000000
33.934757,-14.172,118.027054,0.001014,12.128,-7.176,-7.020,0.000000
34.052227,-14.207,110.909637,0.001018,12.128,-7.176,-7.020,0.000000
34.170105,-14.691,106.514084,0.001077,12.128,-7.176,-7.020,0.000000
34.288387,-15.031,100.867744,0.001120,12.128,-7.176,-7.020,0.000000
34.407082,-15.219,97.953728,0.001144,12.128,-7.176,-7.020,0.000000
34.526184,-14.702,95.376617,0.001078,12.128,-7.176,-7.020,0.000000
34.645702,-14.635,90.577713,0.001070,12.128,-7.176,-7.020,0.000000
34.765621,-14.845,81.487816,0.001096,12.128,-7.176,-7.020,0.000000
34.885967,-15.424,77.073196,0.001171,12.128,-7.176,-7.020,0.000000
35.006729,-15.139,76.412201,0.001134,12.128,-7.176,-7.020,0.000000
35.127911,-14.979,69.913025,0.001113,12.128,-7.176,-7.020,0.000000
35.249508,-14.850,68.726547,0.001097,12.128,-7.176,-7.020,0.000000
35.371529,-14.465,63.551731,0.001049,12.128,-7.176,-7.020,0.000000
35.493965,-14.116,56.636269,0.001008,12.128,-7.176,-7.020,0.000000
35.616829,-13.940,51.747456,0.000988,12.128,-7.176,-7.020,0.000000
35.740120,-14.364,46.114269,0.001037,12.128,-7.176,-7.020,0.000000
35.863842,-14.674,45.915115,0.001074,12.128,-7.176,-7.020,0.000000
35.987988,-14.303,43.352036,0.001029,12.128,-7.176,-7.020,0.000000
36.112564,-13.919,41.313927,0.000984,12.128,-7.176,-7.020,0.000000
36.237572,-13.778,35.925339,0.000968,12.128,-7.176,-7.020,0.000000
36.363010,-13.625,33.703876,0.000951,12.128,-7.176,-7.020,0.000000
36.488888,-13.577,28.209427,0.000946,12.128,-7.176,-7.020,0.000000
36.615189,-13.747,24.306688,0.000965,12.128,-7.176,-7.020,0.000000
36.741936,-13.885,22.433598,0.000980,12.128,-7.176,-7.020,0.000000
36.869122,-13.595,19.903444,0.000948,12.128,-7.176,-7.020,0.000000
36.996750,-13.658,17.192011,0.000955,12.128,-7.176,-7.020,0.000000
37.124817,-13.423,13.737139,0.000929,12.128,-7.176,-7.020,0.000000
37.253323,-13.637,9.769255,0.000953,12.128,-7.176,-7.020,0.000000
37.382278,-13.568,6.402991,0.000945,12.128,-7.176,-7.020,0.000000
37.511681,-13.691,5.321648,0.000958,12.128,-7.176,-7.020,0.000000
37.641533,-13.639,2.198563,0.000953,12.128,-7.176,-7.020,0.000000
37.771832,-13.703,-0.235411,0.000960,12.128,-7.176,-7.020,0.000000
37.902584,-13.685,-4.451624,0.000958,12.128,-7.176,-7.020,0.000000
38.033791,-13.578,-5.655683,0.000946,12.128,-7.176,-7.020,0.000000
38.165447,-13.518,-7.066378,0.000940,12.128,-7.176,-7.020,0.000000
38.297562,-13.206,-10.517571,0.000906,12.128,-7.176,-7.020,0.000000
38.430122,-13.018,-13.399673,0.000887,12.128,-7.176,-7.020,0.000000
38.563152,-12.988,-19.346983,0.000884,12.128,-7.176,-7.020,0.000000
38.696644,-12.776,-19.442703,0.000862,12.128,-7.176,-7.020,0.000000
38.830597,-12.738,-27.203506,0.000858,12.128,-7.176,-7.020,0.000000
38.965015,-12.808,-29.289684,0.000865,12.128,-7.176,-7.020,0.000000
39.099895,-12.943,-31.272013,0.000878,12.128,-7.176,-7.020,0.000000
39.235237,-12.793,-33.431381,0.000863,12.128,-7.176,-7.020,0.000000
39.371052,-12.811,-37.363377,0.000865,12.128,-7.176,-7.020,0.000000
39.507339,-12.912,-41.093807,0.000875,12.128,-7.176,-7.020,0.000000
39.644100,-13.188,-42.444347,0.000904,12.128,-7.176,-7.020,0.000000
39.781334,-13.488,-44.142494,0.000935,12.128,-7.176,-7.020,0.000000
39.919041,-13.541,-44.426109,0.000941,12.128,-7.176,-7.020,0.000000
40.057224,-13.626,-45.654198,0.000950,12.128,-7.176,-7.020,0.000000
40.195889,-13.652,-48.603790,0.000953,12.128,-7.176,-7.020,0.000000
40.335030,-13.817,-47.313919,0.000971,12.128,-7.176,-7.020,0.000000
40.474644,-13.784,-48.946171,0.000968,12.128,-7.176,-7.020,0.000000
40.614754,-13.889,-51.412441,0.000979,12.128,-7.176,-7.020,0.000000
40.755344,-13.911,-53.834190,0.000982,12.128,-7.176,-7.020,0.000000
40.896423,-14.069,-55.455364,0.001000,12.128,-7.176,-7.020,0.000000
41.037983,-14.197,-57.913898,0.001015,12.128,-7.176,-7.020,0.000000
41.180042,-14.356,-58.778961,0.001034,12.128,-7.176,-7.020,0.000000
41.322590,-14.252,-60.293407,0.001021,12.128,-7.176,-7.020,0.000000
41.465633,-14.067,-61.058506,0.001000,12.128,-7.176,-7.020,0.000000
41.609173,-13.953,-63.493183,0.000987,12.128,-7.176,-7.020,0.000000
41.753204,-13.871,-67.696075,0.000977,12.128,-7.176,-7.020,0.000000
41.897739,-13.684,-71.184372,0.000957,12.128,-7.176,-7.020,0.000000
42.042774,-13.415,-73.551140,0.000927,12.128,-7.176,-7.020,0.000000
42.188309,-13.273,-77.517143,0.000912,12.128,-7.176,-7.020,0.000000
42.334339,-13.149,-79.458382,0.000899,12.128,-7.176,-7.020,0.000000
42.480885,-12.996,-81.632545,0.000883,12.128,-7.176,-7.020,0.000000
42.627937,-12.716,-83.564407,0.000855,12.128,-7.176,-7.020,0.000000
42.775497,-12.567,-87.077850,0.000840,12.128,-7.176,-7.020,0.000000
42.923573,-12.525,-89.329865,0.000836,12.128,-7.176,-7.020,0.000000
43.072155,-12.731,-89.926376,0.000856,12.128,-7.176,-7.020,0.000000
43.221245,-12.597,-89.517700,0.000843,12.128,-7.176,-7.020,0.000000
43.370861,-12.492,-91.713188,0.000833,12.128,-7.176,-7.020,0.000000
43.520992,-12.555,-92.037277,0.000839,12.128,-7.176,-7.020,0.000000
43.671646,-12.192,-93.790703,0.000805,12.128,-7.176,-7.020,0.000000
43.822823,-12.147,-95.618591,0.000800,12.128,-7.176,-7.020,0.000000
43.974518,-12.175,-98.050659,0.000803,12.128,-7.176,-7.020,0.000000
44.126743,-12.345,-100.113594,0.000819,12.128,-7.176,-7.020,0.000000
44.279491,-12.108,-101.664307,0.000797,12.128,-7.176,-7.020,0.000000
44.432770,-12.072,-103.516464,0.000794,12.128,-7.176,-7.020,0.000000
44.586567,-12.006,-106.213593,0.000788,12.128,-7.176,-7.020,0.000000
44.740910,-12.001,-108.327896,0.000787,12.128,-7.176,-7.020,0.000000
44.895786,-12.153,-110.818367,0.000801,12.128,-7.176,-7.020,0.000000
45.051197,-12.162,-112.692886,0.000802,12.128,-7.176,-7.020,0.000000
45.207138,-12.241,-114.457764,0.000809,12.128,-7.176,-7.020,0.000000
45.363636,-12.276,-114.700340,0.000812,12.128,-7.176,-7.020,0.000000
45.520660,-11.943,-115.931587,0.000781,12.128,-7.176,-7.020,0.000000
45.678234,-11.974,-118.632812,0.000784,12.128,-7.176,-7.020,0.000000
45.836353,-11.891,-119.649269,0.000776,12.128,-7.176,-7.020,0.000000
45.995022,-11.852,-122.858421,0.000773,12.128,-7.176,-7.020,0.000000
46.154240,-11.951,-123.292664,0.000782,12.128,-7.176,-7.020,0.000000
46.314007,-11.714,-122.726799,0.000761,12.128,-7.176,-7.020,0.000000
46.474327,-11.356,-124.921387,0.000730,12.128,-7.176,-7.020,0.000000
46.635193,-11.221,-127.105743,0.000719,12.128,-7.176,-7.020,0.000000
46.796627,-11.118,-129.416809,0.000710,12.128,-7.176,-7.020,0.000000
46.958618,-11.387,-132.687149,0.000733,12.128,-7.176,-7.020,0.000000
47.121170,-11.318,-134.177460,0.000727,12.128,-7.176,-7.020,0.000000
47.284286,-11.409,-135.704742,0.000735,12.128,-7.176,-7.020,0.000000
47.447968,-11.411,-138.221085,0.000735,12.128,-7.176,-7.020,0.000000
47.612202,-11.349,-140.787842,0.000729,12.128,-7.176,-7.020,0.000000
47.777020,-11.488,-143.537399,0.000741,12.128,-7.176,-7.020,0.000000
47.942402,-11.477,-145.814835,0.000740,12.128,-7.176,-7.020,0.000000
48.108360,-11.641,-147.961609,0.000754,12.128,-7.176,-7.020,0.000000
48.274895,-11.644,-148.357315,0.000755,12.128,-7.176,-7.020,0.000000
48.442005,-11.683,-149.624100,0.000758,12.128,-7.176,-7.020,0.000000
48.609692,-11.720,-150.604950,0.000761,12.128,-7.176,-7.020,0.000000
48.777958,-11.611,-151.580399,0.000752,12.128,-7.176,-7.020,0.000000
48.946812,-11.588,-153.137787,0.000750,12.128,-7.176,-7.020,0.000000
49.116234,-11.296,-153.800995,0.000725,12.128,-7.176,-7.020,0.000000
49.286255,-11.121,-157.214737,0.000710,12.128,-7.176,-7.020,0.000000
49.456863,-11.116,-160.472794,0.000710,12.128,-7.176,-7.020,0.000000
49.628067,-11.115,-162.036682,0.000710,12.128,-7.176,-7.020,0.000000
49.799858,-11.013,-164.980225,0.000701,12.128,-7.176,-7.020,0.000000
49.972248,-10.892,-166.984619,0.000692,12.128,-7.176,-7.020,0.000000
50.145218,-10.819,-170.188370,0.000686,12.128,-7.176,-7.020,0.000000
50.318802,-10.985,-172.912445,0.000699,12.128,-7.176,-7.020,0.000000
50.492989,-11.051,-175.309158,0.000704,12.128,-7.176,-7.020,0.000000
50.667774,-11.013,-178.013092,0.000701,12.128,-7.176,-7.020,0.000000
50.843166,-11.299,-178.885880,0.000724,12.128,-7.176,-7.020,0.000000
51.019169,-11.059,179.988205,0.000705,12.128,-7.176,-7.020,0.000000
51.195774,-11.207,177.837494,0.000717,12.128,-7.176,-7.020,0.000000
51.372997,-11.129,176.151825,0.000710,12.128,-7.176,-7.020,0.000000
51.550816,-10.911,173.719254,0.000693,12.128,-7.176,-7.020,0.000000
51.729267,-11.088,171.813278,0.000707,12.128,-7.176,-7.020,0.000000
51.908333,-10.932,170.168945,0.000694,12.128,-7.176,-7.020,0.000000
52.088020,-10.748,167.979599,0.000680,12.128,-7.176,-7.020,0.000000
52.268330,-10.681,165.002502,0.000675,12.128,-7.176,-7.020,0.000000
52.449261,-10.467,164.276917,0.000658,12.128,-7.176,-7.020,0.000000
52.630810,-10.356,161.532990,0.000650,12.128,-7.176,-7.020,0.000000
52.812996,-10.299,160.510590,0.000646,12.128,-7.176,-7.020,0.000000
52.995815,-10.136,157.842331,0.000634,12.128,-7.176,-7.020,0.000000
53.179264,-10.178,155.589386,0.000636,12.128,-7.176,-7.020,0.000000
53.363350,-10.188,154.971085,0.000637,12.128,-7.176,-7.020,0.000000
53.548077,-10.131,153.337280,0.000633,12.128,-7.176,-7.020,0.000000
53.733437,-10.116,151.166931,0.000632,12.128,-7.176,-7.020,0.000000
53.919441,-10.229,151.229202,0.000640,12.128,-7.176,-7.020,0.000000
54.106079,-10.045,150.335297,0.000626,12.128,-7.176,-7.020,0.000000
54.293373,-10.019,149.771622,0.000624,12.128,-7.176,-7.020,0.000000
54.481316,-9.966,147.910324,0.000621,12.128,-7.176,-7.020,0.000000
54.669895,-10.099,146.306229,0.000630,12.128,-7.176,-7.020,0.000000
54.859169,-10.052,145.594193,0.000627,12.128,-7.176,-7.020,0.000000
55.049042,-10.029,143.117355,0.000625,12.128,-7.176,-7.020,0.000000
55.239601,-10.016,140.880753,0.000624,12.128,-7.176,-7.020,0.000000
55.430820,-9.873,138.086975,0.000614,12.128,-7.176,-7.020,0.000000
55.622700,-9.745,134.697006,0.000605,12.128,-7.176,-7.020,0.000000
55.815247,-9.882,130.219193,0.000615,12.128,-7.176,-7.020,0.000000
56.008457,-9.988,127.596169,0.000622,12.128,-7.176,-7.020,0.000000
56.202335,-9.925,123.763596,0.000618,12.128,-7.176,-7.020,0.000000
56.396889,-9.863,120.727684,0.000613,12.128,-7.176,-7.020,0.000000
56.592110,-9.800,116.472778,0.000609,12.128,-7.176,-7.020,0.000000
56.788010,-9.866,113.629555,0.000613,12.128,-7.176,-7.020,0.000000
56.984589,-9.922,110.917236,0.000617,12.128,-7.176,-7.020,0.000000
57.181820,-9.987,108.435280,0.000622,12.128,-7.176,-7.020,0.000000
57.379791,-9.976,106.400810,0.000621,12.128,-7.176,-7.020,0.000000
57.578388,-10.328,102.679230,0.000646,12.128,-7.176,-7.020,0.000000
57.777702,-10.374,101.286453,0.000650,12.128,-7.176,-7.020,0.000000
57.977707,-10.603,98.084106,0.000667,12.128,-7.176,-7.020,0.000000
58.178406,-10.848,96.208237,0.000686,12.128,-7.176,-7.020,0.000000
58.379795,-11.196,94.314346,0.000714,12.128,-7.176,-7.020,0.000000
58.581886,-11.815,93.040169,0.000767,12.128,-7.176,-7.020,0.000000
58.784672,-12.113,92.040909,0.000794,12.128,-7.176,-7.020,0.000000
58.988163,-12.589,90.842987,0.000838,12.128,-7.176,-7.020,0.000000
59.192356,-13.103,91.294777,0.000890,12.128,-7.176,-7.020,0.000000
59.397259,-13.207,92.690842,0.000900,12.128,-7.176,-7.020,0.000000
59.602867,-13.230,92.028694,0.000903,12.128,-7.176,-7.020,0.000000
59.809193,-13.551,92.606804,0.000937,12.128,-7.176,-7.020,0.000000
60.016228,-13.566,94.503799,0.000938,12.128,-7.176,-7.020,0.000000
60.223953,-13.417,96.331207,0.000922,12.128,-7.176,-7.020,0.000000
60.432423,-13.135,98.092781,0.000893,12.128,-7.176,-7.020,0.000000
60.641617,-12.745,98.863380,0.000854,12.128,-7.176,-7.020,0.000000
60.851536,-12.530,99.872490,0.000833,12.128,-7.176,-7.020,0.000000
61.062180,-12.266,100.362625,0.000808,12.128,-7.176,-7.020,0.000000
61.273556,-12.130,100.150078,0.000795,12.128,-7.176,-7.020,0.000000
61.485661,-11.850,99.738831,0.000770,12.128,-7.176,-7.020,0.000000
61.698502,-11.719,99.174629,0.000759,12.128,-7.176,-7.020,0.000000
61.912075,-11.320,97.896225,0.000725,12.128,-7.176,-7.020,0.000000
62.126392,-11.008,96.110222,0.000699,12.128,-7.176,-7.020,0.000000
62.341450,-10.693,93.536827,0.000674,12.128,-7.176,-7.020,0.000000
62.557251,-10.402,90.388161,0.000652,12.128,-7.176,-7.020,0.000000
62.773800,-10.081,87.507881,0.000628,12.128,-7.176,-7.020,0.000000
62.991070,-9.801,82.468231,0.000608,12.128,-7.176,-7.020,0.000000
63.209152,-9.559,79.937912,0.000592,12.116,-7.128,-6.972,0.000000
63.427925,-9.366,77.056808,0.000579,12.104,-7.078,-6.922,0.000000
63.647522,-9.140,72.720184,0.000564,12.092,-7.027,-6.872,0.000000
63.867813,-9.118,69.538872,0.000562,12.080,-6.977,-6.822,0.000000
64.088898,-9.192,65.288101,0.000567,12.068,-6.926,-6.771,0.000000
64.310753,-9.428,61.733528,0.000583,12.056,-6.876,-6.720,0.000000
64.533371,-9.612,58.477547,0.000595,12.044,-6.825,-6.670,0.000000
64.756760,-9.982,55.786598,0.000621,12.032,-6.773,-6.618,0.000000
64.980919,-10.247,53.854267,0.000640,12.019,-6.722,-6.567,0.000000
65.205864,-10.349,51.338741,0.000648,12.007,-6.671,-6.516,0.000000
65.431580,-10.614,48.475471,0.000668,11.995,-6.619,-6.464,0.000000
65.658081,-10.577,45.742130,0.000665,11.983,-6.567,-6.412,0.000000
65.885361,-10.864,42.561153,0.000687,11.970,-6.515,-6.360,0.000000
66.113434,-10.736,42.087872,0.000677,11.958,-6.463,-6.308,0.000000
66.342262,-10.505,40.816967,0.000659,11.945,-6.410,-6.256,0.000000
66.571945,-10.451,39.466076,0.000655,11.933,-6.358,-6.203,0.000000
66.802353,-10.552,38.090084,0.000662,11.920,-6.305,-6.151,0.000000
67.033600,-10.564,36.207661,0.000663,11.907,-6.252,-6.098,0.000000
67.265648,-10.633,33.677219,0.000669,11.895,-6.199,-6.045,0.000000
67.498489,-10.718,32.039169,0.000675,11.882,-6.146,-5.991,0.000000
67.732147,-11.000,30.683058,0.000697,11.869,-6.092,-5.938,0.000000
67.966606,-11.112,29.051563,0.000706,11.857,-6.039,-5.884,0.000000
68.201881,-11.411,26.383610,0.000731,11.844,-5.985,-5.830,0.000000
68.437973,-11.637,23.989264,0.000751,11.831,-5.931,-5.776,0.000000
68.674881,-11.999,22.276024,0.000783,11.818,-5.876,-5.722,0.000000
68.912605,-12.018,21.216122,0.000784,11.805,-5.822,-5.668,0.000000
69.151154,-12.122,18.296133,0.000794,11.792,-5.767,-5.613,0.000000
69.390495,-12.314,17.976805,0.000811,11.779,-5.713,-5.559,0.000000
69.630730,-12.402,18.279192,0.000820,11.766,-5.658,-5.504,0.000000
69.871735,-12.464,16.637756,0.000826,11.753,-5.602,-5.449,0.000000
70.113640,-12.502,16.320770,0.000829,11.739,-5.547,-5.393,0.000000
70.356308,-12.628,15.572307,0.000841,11.726,-5.491,-5.338,0.000000
70.599854,-12.866,14.469254,0.000865,11.713,-5.436,-5.282,0.000000
70.844246,-13.096,12.421575,0.000888,11.699,-5.380,-5.226,0.000000
71.089478,-13.161,11.003016,0.000895,11.686,-5.324,-5.170,0.000000
71.335564,-13.426,8.996904,0.000922,11.673,-5.267,-5.114,0.000000
71.582504,-13.525,5.348395,0.000933,11.659,-5.211,-5.057,0.000000
71.830292,-13.587,3.288680,0.000939,11.646,-5.154,-5.001,0.000000
72.078941,-13.679,0.789042,0.000949,11.632,-5.097,-4.944,0.000000
72.328453,-13.535,-0.995419,0.000933,11.619,-5.040,-4.887,0.000000
72.578827,-13.416,-4.293096,0.000920,11.605,-4.983,-4.829,0.000000
72.830063,-13.540,-7.617187,0.000933,11.591,-4.925,-4.772,0.000000
73.082176,-13.562,-8.142749,0.000936,11.577,-4.867,-4.714,0.000000
73.335159,-13.759,-11.307921,0.000957,11.564,-4.809,-4.656,0.000000
73.588982,-13.867,-12.625149,0.000969,11.550,-4.751,-4.598,0.000000
73.843719,-13.912,-14.656704,0.000974,11.536,-4.693,-4.540,0.000000
74.099335,-14.240,-18.529991,0.001011,11.522,-4.634,-4.482,0.000000
74.355843,-14.486,-21.388271,0.001040,11.508,-4.576,-4.423,0.000000
74.613228,-15.015,-26.073118,0.001105,11.494,-4.517,-4.364,0.000000
74.871513,-15.470,-29.081442,0.001164,11.480,-4.458,-4.305,0.000000
75.130692,-15.535,-30.711861,0.001173,11.466,-4.398,-4.246,0.000000
75.390762,-15.881,-32.566624,0.001221,11.451,-4.339,-4.186,0.000000
75.651733,-16.190,-34.729660,0.001265,11.437,-4.279,-4.127,0.000000
75.913612,-16.737,-36.506554,0.001347,11.423,-4.219,-4.067,0.000000
76.176399,-17.150,-37.104023,0.001413,11.409,-4.159,-4.007,0.000000
76.440094,-17.337,-38.676476,0.001443,11.394,-4.098,-3.946,0.000000
76.704697,-17.490,-36.703773,0.001469,11.380,-4.038,-3.886,0.000000
76.970184,-17.810,-35.607796,0.001524,11.365,-3.977,-3.825,0.000000
77.236664,-18.273,-34.752598,0.001607,11.351,-3.916,-3.764,0.000000
77.503990,-18.852,-31.305183,0.001717,11.336,-3.855,-3.703,0.000000
77.772278,-19.289,-32.217945,0.001805,11.321,-3.793,-3.642,0.000000
78.041496,-19.460,-34.254559,0.001841,11.307,-3.732,-3.580,0.000000
78.311646,-19.751,-31.923641,0.001904,11.292,-3.670,-3.518,0.000000
78.582733,-19.997,-30.816620,0.001958,11.277,-3.608,-3.456,0.000000
78.854752,-20.180,-29.563379,0.001999,11.262,-3.546,-3.394,0.000000
79.127716,-19.979,-28.268684,0.001953,11.247,-3.483,-3.332,0.000000
79.401627,-20.017,-28.979418,0.001961,11.233,-3.420,-3.269,0.000000
79.676483,-20.345,-29.390886,0.002036,11.218,-3.357,-3.206,0.000000
79.952293,-20.261,-33.863258,0.002017,11.202,-3.294,-3.143,0.000000
80.229057,-20.250,-30.365273,0.002014,11.187,-3.231,-3.080,0.000000
80.506744,-20.237,-24.679262,0.002010,11.172,-3.167,-3.016,0.000000
80.785469,-19.856,-25.771814,0.001924,11.157,-3.104,-2.952,0.000000
81.065079,-20.163,-23.270967,0.001993,11.142,-3.040,-2.889,0.000000
81.345734,-20.385,-22.899330,0.002044,11.126,-2.975,-2.824,0.000000
81.627281,-21.276,-22.652933,0.002264,11.111,-2.911,-2.760,0.000000
81.909843,-21.840,-18.552748,0.002416,11.096,-2.846,-2.695,0.000000
82.193382,-21.774,-15.064464,0.002397,11.080,-2.781,-2.630,0.000000
82.477905,-21.817,-12.379849,0.002409,11.065,-2.716,-2.565,0.000000
82.763412,-21.353,-13.791352,0.002284,11.049,-2.651,-2.500,0.000000
83.049904,-21.332,-19.439316,0.002278,11.033,-2.585,-2.435,0.000000
83.337395,-21.459,-18.726465,0.002312,11.018,-2.519,-2.369,0.000000
83.625877,-21.158,-22.319220,0.002233,11.002,-2.453,-2.303,0.000000
83.915352,-21.271,-23.620644,0.002262,10.986,-2.387,-2.237,0.000000
84.205795,-21.194,-27.599436,0.002242,10.970,-2.320,-2.170,0.000000
84.497330,-20.848,-31.779812,0.002154,10.954,-2.254,-2.104,0.000000
84.789780,-20.984,-37.651390,0.002188,10.938,-2.187,-2.037,0.000000
85.083336,-21.158,-41.093433,0.002232,10.922,-2.120,-1.970,0.000000
85.377815,-21.751,-41.083145,0.002389,10.906,-2.052,-1.902,0.000000
85.673363,-21.832,-38.244259,0.002411,10.890,-1.984,-1.835,0.000000
85.969933,-22.127,-40.374496,0.002494,10.874,-1.917,-1.767,0.000000
86.267525,-22.301,-39.756172,0.002544,10.858,-1.848,-1.699,0.000000
86.566154,-21.806,-41.184265,0.002404,10.842,-1.780,-1.630,0.000000
86.865814,-21.630,-39.695316,0.002355,10.825,-1.711,-1.562,0.000000
87.166504,-21.632,-38.249657,0.002356,10.809,-1.643,-1.493,0.000000
87.468246,-21.781,-36.771046,0.002396,10.792,-1.573,-1.424,0.000000
87.771027,-22.121,-36.279457,0.002492,10.776,-1.504,-1.355,0.000000
88.074852,-22.603,-33.889011,0.002634,10.759,-1.435,-1.285,0.000000
88.379738,-23.140,-31.036875,0.002802,10.743,-1.365,-1.216,0.000000
88.685677,-22.516,-29.629177,0.002608,10.726,-1.295,-1.146,0.000000
88.992668,-23.161,-30.709431,0.002809,10.709,-1.224,-1.075,0.000000
89.300682,-23.927,-28.454628,0.003068,10.692,-1.154,-1.005,0.000000
89.609810,-24.316,-24.458862,0.003209,10.675,-1.083,-0.934,0.000000
89.920006,-25.015,-16.937689,0.003478,10.659,-1.012,-0.863,0.000000
90.231270,-24.916,-13.860816,0.003439,10.642,-0.941,-0.792,0.000000
90.543617,-24.688,-11.443617,0.003351,10.624,-0.869,-0.721,0.000000
90.857048,-24.357,-18.946016,0.003226,10.607,-0.798,-0.649,0.000000
91.171562,-24.643,-28.955740,0.003334,10.590,-0.726,-0.577,0.000000
91.487160,-25.225,-27.177841,0.003566,10.573,-0.653,-0.505,0.000000
91.803856,-25.175,-25.691757,0.003546,10.556,-0.581,-0.432,0.000000
92.121643,-25.230,-25.248413,0.003569,10.538,-0.508,-0.360,0.000000
92.440536,-25.057,-28.464331,0.003498,10.521,-0.435,-0.287,0.000000
92.760529,-25.007,-28.828140,0.003478,10.504,-0.362,-0.214,0.000000
93.081627,-25.271,-25.837349,0.003586,10.486,-0.288,-0.140,0.000000
93.403793,-25.233,-24.035355,0.003570,10.468,-0.215,-0.067,0.000000
93.727173,-25.005,-15.312969,0.003478,10.451,-0.140,0.007,0.000000
94.051575,-24.756,-12.876760,0.003379,10.433,-0.066,0.082,0.000000
94.377190,-25.189,-12.078347,0.003553,10.415,0.008,0.156,0.000000
94.703842,-24.876,-8.769343,0.003427,10.397,0.083,0.231,0.000000
95.031670,-24.309,-5.469142,0.003211,10.380,0.158,0.306,0.000000
95.360634,-23.910,-1.710767,0.003068,10.362,0.234,0.381,0.000000
95.690735,-23.093,-6.367109,0.002793,10.344,0.309,0.457,0.000000
96.021980,-22.877,-10.390091,0.002725,10.326,0.385,0.532,0.000000
96.354370,-22.758,-14.856221,0.002688,10.307,0.461,0.608,0.000000
96.687912,-22.672,-20.823999,0.002662,10.289,0.537,0.685,0.000000
97.022606,-22.083,-19.672596,0.002487,10.271,0.614,0.761,0.000000
97.358459,-21.605,-22.943750,0.002354,10.253,0.691,0.838,0.000000
97.695435,-21.217,-22.018841,0.002251,10.234,0.768,0.915,0.000000
98.033661,-21.066,-25.481678,0.002212,10.216,0.846,0.992,0.000000
98.372971,-21.121,-26.084904,0.002226,10.197,0.923,1.070,0.000000
98.713547,-21.145,-25.646574,0.002233,10.179,1.001,1.148,0.000000
99.055214,-20.600,-24.404161,0.002097,10.160,1.079,1.226,0.000000
99.398102,-20.595,-22.063961,0.002096,10.141,1.158,1.304,0.000000
99.742180,-20.459,-20.335594,0.002064,10.123,1.237,1.383,0.000000
100.087448,-20.287,-22.163177,0.002024,10.104,1.316,1.462,0.000000
100.433914,-20.070,-22.792088,0.001974,10.085,1.395,1.541,0.000000
100.781578,-20.180,-26.380516,0.002000,10.066,1.475,1.621,0.000000
101.130447,-19.808,-27.869982,0.001916,10.047,1.555,1.701,0.000000
101.480522,-19.605,-31.996584,0.001873,10.028,1.635,1.781,0.000000
101.831802,-19.355,-35.096416,0.001820,10.008,1.715,1.861,0.000000
102.184258,-19.195,-38.213528,0.001787,9.989,1.796,1.942,0.000000
102.538033,-18.893,-40.765942,0.001726,9.970,1.877,2.023,0.000000
102.892975,-18.596,-44.377945,0.001668,9.951,1.958,2.104,0.000000
103.249153,-18.733,-49.141506,0.001695,9.931,2.040,2.185,0.000000
103.606514,-18.976,-52.378780,0.001743,9.912,2.121,2.267,0.000000
103.965157,-18.502,-55.773491,0.001651,9.892,2.204,2.349,0.000000
104.325050,-18.829,-59.503178,0.001714,9.872,2.286,2.431,0.000000
104.686180,-18.843,-62.932178,0.001717,9.853,2.369,2.514,0.000000
105.048561,-19.159,-65.471016,0.001780,9.833,2.452,2.597,0.000000
105.412201,-19.542,-65.980362,0.001861,9.813,2.535,2.680,0.000000
105.777100,-19.950,-69.100365,0.001950,9.793,2.618,2.763,0.000000
106.143257,-20.172,-70.322952,0.002001,9.773,2.702,2.847,0.000000
106.510689,-20.234,-70.546547,0.002016,9.753,2.786,2.931,0.000000
106.879387,-20.282,-72.342445,0.002027,9.733,2.871,3.015,0.000000
107.249359,-20.690,-73.970718,0.002125,9.713,2.956,3.100,0.000000
107.620613,-20.622,-76.519432,0.002109,9.693,3.041,3.185,0.000000
107.993156,-21.439,-76.093086,0.002317,9.672,3.126,3.270,0.000000
108.366936,-21.641,-75.715546,0.002372,9.652,3.211,3.356,0.000000
108.742065,-21.933,-79.324112,0.002454,9.631,3.297,3.441,0.000000
109.118484,-22.030,-80.574608,0.002482,9.611,3.384,3.528,0.000000
109.496208,-22.321,-81.798836,0.002567,9.590,3.470,3.614,0.000000
109.875244,-22.150,-84.886467,0.002517,9.570,3.557,3.701,0.000000
110.255592,-22.401,-87.888138,0.002591,9.549,3.644,3.788,0.000000
110.637253,-22.649,-92.703682,0.002667,9.528,3.731,3.875,0.000000
111.020241,-22.686,-96.655365,0.002678,9.507,3.819,3.963,0.000000
111.404549,-22.511,-102.939713,0.002625,9.486,3.907,4.050,0.000000
111.790184,-22.153,-108.193192,0.002519,9.465,3.995,4.139,0.000000
112.177162,-22.156,-111.716034,0.002519,9.444,4.084,4.227,0.000000
112.565475,-22.072,-114.868797,0.002495,9.423,4.173,4.316,0.000000
112.955132,-21.888,-122.455643,0.002443,9.401,4.262,4.405,0.000000
113.346085,-22.605,-125.735336,0.002654,9.380,4.351,4.494,0.000000
113.738503,-23.247,-126.567825,0.002858,9.359,4.441,4.584,0.000000
114.132164,-23.708,-127.299789,0.003014,9.337,4.531,4.674,0.000000
114.527306,-24.545,-132.167465,0.003319,9.316,4.622,4.765,0.000000
114.923698,-25.270,-132.555664,0.003609,9.294,4.713,4.855,0.000000
115.321518,-26.219,-130.223389,0.004026,9.272,4.804,4.946,0.000000
115.720718,-26.559,-125.305199,0.004187,9.251,4.895,5.038,0.000000
116.121300,-27.631,-116.609657,0.004738,9.229,4.987,5.129,0.000000
116.523270,-28.082,-107.998047,0.004992,9.207,5.079,5.221,0.000000
116.926628,-28.445,-98.969902,0.005206,9.185,5.171,5.313,0.000000
117.331383,-28.337,-83.696411,0.005143,9.163,5.264,5.406,0.000000
117.737541,-27.692,-77.539833,0.004775,9.141,5.357,5.499,0.000000
118.145103,-27.907,-67.889458,0.004896,9.118,5.450,5.592,0.000000
118.554016,-27.156,-68.470169,0.004491,9.096,5.544,5.686,0.000000
118.964462,-27.014,-63.098438,0.004418,9.074,5.638,5.779,0.000000
119.376213,-26.549,-65.109833,0.004188,9.051,5.732,5.874,0.000000
119.789505,-26.884,-65.624565,0.004352,9.029,5.827,5.968,0.000000
120.204117,-27.073,-63.847931,0.004448,9.006,5.922,6.063,0.000000
120.620216,-27.110,-73.283852,0.004467,8.983,6.017,6.158,0.000000
121.037758,-27.348,-93.978027,0.004591,8.960,6.113,6.254,0.000000
121.456741,-27.182,-102.294739,0.004505,8.938,6.208,6.349,0.000000
121.877174,-27.103,-103.392029,0.004465,8.915,6.305,6.446,0.000000
122.299072,-27.464,-111.483986,0.004655,8.892,6.401,6.542,0.000000
122.722420,-27.651,-124.495026,0.004757,8.868,6.498,6.639,0.000000
123.147240,-27.814,-130.650726,0.004848,8.845,6.596,6.736,0.000000
123.573532,-27.393,-131.952118,0.004619,8.822,6.693,6.834,0.000000
124.001297,-27.278,-144.453720,0.004559,8.799,6.791,6.931,0.000000
124.430542,-27.096,-148.559143,0.004465,8.775,6.889,7.030,0.000000
124.861267,-26.693,-150.351990,0.004263,8.752,6.988,7.128,0.000000
125.293488,-26.757,-147.678055,0.004294,8.743,7.036,7.176,0.000000
125.727150,-26.385,-152.381195,0.004114,8.741,7.060,7.201,0.000000
126.162369,-26.389,-153.311844,0.004116,8.740,7.084,7.225,0.000000
126.599091,-26.767,-159.449036,0.004299,8.738,7.108,7.250,0.000000
127.037331,-26.711,-164.319580,0.004272,8.736,7.132,7.274,0.000000
127.477089,-26.655,-169.170319,0.004244,8.734,7.157,7.299,0.000000
127.918365,-26.586,-167.343353,0.004211,8.733,7.181,7.324,0.000000
128.361160,-27.513,-173.579819,0.004685,8.731,7.206,7.349,0.000000
128.805511,-27.735,175.237152,0.004806,8.729,7.230,7.374,0.000000
129.251373,-28.134,159.979797,0.005032,8.727,7.255,7.399,0.000000
129.698792,-28.200,145.223953,0.005070,8.726,7.280,7.424,0.000000
130.147766,-28.175,139.365952,0.005056,8.724,7.304,7.449,0.000000
130.598282,-27.965,146.028015,0.004935,8.722,7.329,7.474,0.000000
131.050369,-27.978,125.017426,0.004942,8.720,7.354,7.500,0.000000
131.503952,-28.321,103.008942,0.005141,8.719,7.379,7.525,0.000000
131.959229,-28.673,100.404587,0.005354,8.717,7.405,7.551,0.000000
132.415955,-27.913,100.340416,0.004906,8.715,7.430,7.576,0.000000
132.874329,-28.453,89.878151,0.005220,8.713,7.455,7.602,0.000000
133.334290,-28.658,57.462307,0.005345,8.711,7.481,7.628,0.000000
133.795853,-28.830,40.705051,0.005452,8.710,7.506,7.654,0.000000
134.259003,-29.227,35.910118,0.005706,8.708,7.532,7.680,0.000000
134.723755,-29.273,22.221289,0.005737,8.706,7.557,7.706,0.000000
135.190109,-29.591,40.544178,0.005951,8.704,7.583,7.732,0.000000
135.658081,-30.185,47.374249,0.006372,8.702,7.609,7.758,0.000000
136.127686,-29.716,47.265560,0.006037,8.700,7.635,7.785,0.000000
136.598907,-29.566,33.378792,0.005935,8.699,7.661,7.811,0.000000
137.071762,-29.625,54.117809,0.005976,8.697,7.687,7.838,0.000000
137.546249,-29.871,55.346748,0.006149,8.695,7.713,7.865,0.000000
138.022385,-29.573,47.263409,0.005943,8.693,7.740,7.891,0.000000
138.500092,-29.615,54.689812,0.005973,8.691,7.766,7.918,0.000000
138.979599,-30.143,43.982307,0.006348,8.689,7.793,7.945,0.000000
139.460617,-29.368,16.052973,0.005807,8.687,7.819,7.972,0.000000
139.943375,-28.849,9.524652,0.005470,8.685,7.846,7.999,0.000000
140.427811,-28.651,-1.809636,0.005347,8.683,7.873,8.026,0.000000
140.913925,-28.619,-15.219615,0.005327,8.682,7.900,8.054,0.000000
141.401703,-28.384,-21.504169,0.005185,8.680,7.927,8.081,0.000000
141.891190,-27.609,-30.390945,0.004742,8.678,7.954,8.109,0.000000
142.382355,-26.674,-39.252224,0.004258,8.676,7.981,8.136,0.000000
142.875229,-25.843,-48.529823,0.003870,8.674,8.008,8.164,0.000000
143.369812,-25.132,-56.722256,0.003566,8.672,8.035,8.192,0.000000
143.866104,-24.912,-68.444550,0.003476,8.670,8.063,8.219,0.000000
144.364120,-24.536,-75.268135,0.003329,8.668,8.090,8.247,0.000000
144.863785,-24.131,-83.490883,0.003177,8.666,8.118,8.276,0.000000
145.365311,-23.214,-93.333511,0.002859,8.664,8.146,8.304,0.000000
145.868439,-22.689,-106.761322,0.002691,8.662,8.174,8.332,0.000000
146.373383,-22.428,-116.281471,0.002612,8.660,8.202,8.360,0.000000
146.880066,-22.280,-128.473587,0.002569,8.658,8.230,8.389,0.000000
147.388504,-21.783,-140.536575,0.002426,8.656,8.258,8.417,0.000000
147.898712,-21.586,-150.059311,0.002372,8.654,8.286,8.446,0.000000
148.410675,-21.636,-161.043701,0.002386,8.652,8.314,8.475,0.000000
148.924423,-21.466,-174.783493,0.002340,8.650,8.343,8.504,0.000000
149.439941,-21.577,177.425415,0.002371,8.648,8.371,8.533,0.000000
149.957245,-21.738,168.021652,0.002416,8.646,8.400,8.562,0.000000
150.476334,-21.681,159.877884,0.002400,8.644,8.428,8.591,0.000000
150.997238,-21.489,153.626984,0.002348,8.642,8.457,8.620,0.000000
151.519852,-21.541,145.721954,0.002363,8.640,8.486,8.649,0.000000
152.044434,-21.704,139.464844,0.002408,8.638,8.515,8.679,0.000000
152.570679,-21.312,130.582123,0.002302,8.636,8.544,8.708,0.000000
153.098892,-20.997,124.146263,0.002221,8.634,8.573,8.738,0.000000
153.628784,-20.853,119.683449,0.002185,8.631,8.603,8.768,0.000000
154.160660,-20.822,111.939987,0.002178,8.629,8.632,8.798,0.000000
154.694229,-20.899,104.276611,0.002198,8.627,8.662,8.828,0.000000
155.229797,-20.811,98.827690,0.002177,8.625,8.691,8.858,0.000000
155.767075,-20.539,92.937508,0.002110,8.623,8.721,8.888,0.000000
156.306274,-20.630,89.238304,0.002133,8.621,8.751,8.918,0.000000
156.847351,-20.694,85.295792,0.002149,8.619,8.781,8.949,0.000000
157.390305,-20.743,81.066315,0.002162,8.617,8.811,8.979,0.000000
157.935120,-20.647,76.783920,0.002138,8.615,8.841,9.010,0.000000
158.481750,-20.696,71.880455,0.002151,8.612,8.871,9.040,0.000000
159.030441,-20.548,66.875298,0.002115,8.610,8.901,9.071,0.000000
159.580856,-20.322,63.647034,0.002061,8.608,8.932,9.102,0.000000
160.133347,-20.449,60.009121,0.002092,8.606,8.962,9.133,0.000000
160.687592,-20.470,57.052132,0.002098,8.604,8.993,9.164,0.000000
161.243912,-19.900,52.994446,0.001965,8.601,9.024,9.196,0.000000
161.801987,-19.304,47.687401,0.001835,8.599,9.055,9.227,0.000000
162.362167,-18.734,43.396210,0.001719,8.597,9.086,9.258,0.000000
162.924133,-18.153,38.293324,0.001609,8.595,9.117,9.290,0.000000
163.488113,-17.475,31.661997,0.001488,8.593,9.148,9.322,0.000000
164.054047,-16.952,22.772058,0.001402,8.590,9.179,9.353,0.000000
164.621933,-16.713,12.202312,0.001364,8.588,9.211,9.385,0.000000
165.191788,-16.462,1.655985,0.001325,8.586,9.242,9.417,0.000000
165.763535,-16.335,-9.221930,0.001306,8.584,9.274,9.449,0.000000
166.337433,-16.744,-19.726013,0.001369,8.581,9.305,9.482,0.000000
166.913147,-17.123,-30.292667,0.001431,8.579,9.337,9.514,0.000000
167.491013,-17.574,-41.279800,0.001507,8.577,9.369,9.546,0.000000
168.070801,-18.210,-51.374611,0.001622,8.575,9.401,9.579,0.000000
168.652603,-18.881,-59.164871,0.001753,8.572,9.434,9.612,0.000000
169.236328,-19.766,-68.436737,0.001941,8.570,9.466,9.644,0.000000
169.822250,-20.407,-75.848610,0.002090,8.568,9.498,9.677,0.000000
170.410019,-21.138,-85.969673,0.002274,8.565,9.531,9.710,0.000000
170.999924,-21.822,-93.528404,0.002461,8.563,9.563,9.744,0.000000
171.591858,-22.346,-107.696846,0.002614,8.561,9.596,9.777,0.000000
172.185837,-23.122,-117.826538,0.002859,8.558,9.629,9.810,0.000000
172.781876,-23.718,-131.690002,0.003064,8.556,9.662,9.844,0.000000
173.379990,-24.208,-142.381134,0.003243,8.554,9.695,9.877,0.000000
173.980164,-24.916,-155.770859,0.003519,8.551,9.728,9.911,0.000000
174.582336,-25.146,-163.560135,0.003615,8.549,9.761,9.945,0.000000
175.186752,-25.650,-176.433426,0.003832,8.547,9.795,9.979,0.000000
175.793182,-25.191,178.704849,0.003636,8.544,9.828,10.013,0.000000
176.401703,-25.303,171.005798,0.003684,8.542,9.862,10.047,0.000000
177.012253,-24.653,162.987854,0.003419,8.539,9.896,10.081,0.000000
177.625092,-23.898,154.217087,0.003135,8.537,9.930,10.116,0.000000
178.239883,-23.240,146.477203,0.002906,8.535,9.964,10.150,0.000000
178.856964,-22.736,136.392288,0.002743,8.532,9.998,10.185,0.000000
179.476013,-22.041,127.828629,0.002532,8.530,10.032,10.220,0.000000
180.097290,-21.701,118.507965,0.002435,8.527,10.066,10.254,0.000000
180.720718,-21.045,108.951218,0.002258,8.525,10.101,10.290,0.000000
181.346298,-21.019,96.130920,0.002252,8.522,10.135,10.325,0.000000
181.974045,-20.851,86.394485,0.002208,8.520,10.170,10.360,0.000000
182.603882,-20.968,78.089813,0.002238,8.517,10.205,10.395,0.000000
183.236084,-20.619,70.133675,0.002150,8.515,10.240,10.431,0.000000
183.870377,-20.667,63.014072,0.002162,8.512,10.275,10.466,0.000000
184.506866,-20.933,54.954906,0.002230,8.510,10.310,10.502,0.000000
185.145462,-21.019,46.905975,0.002252,8.507,10.345,10.538,0.000000
185.786453,-21.305,40.940693,0.002328,8.505,10.381,10.574,0.000000
186.429489,-21.686,37.717171,0.002433,8.502,10.416,10.610,0.000000
187.074921,-21.957,31.470612,0.002510,8.500,10.452,10.646,0.000000
187.722412,-22.143,28.780872,0.002565,8.497,10.488,10.683,0.000000
188.372238,-22.298,25.397800,0.002612,8.495,10.524,10.719,0.000000
189.024307,-23.293,20.026369,0.002929,8.492,10.560,10.756,0.000000
189.678650,-23.500,18.052002,0.002999,8.490,10.596,10.793,0.000000
190.335236,-23.573,13.409142,0.003025,8.487,10.632,10.830,0.000000
190.994110,-23.993,12.609708,0.003175,8.484,10.669,10.867,0.000000
191.655258,-24.008,8.764540,0.003180,8.482,10.705,10.904,0.000000
192.318695,-23.806,4.394233,0.003107,8.479,10.742,10.941,0.000000
192.984421,-24.146,3.709888,0.003231,8.476,10.779,10.978,0.000000
193.652374,-23.983,2.806654,0.003172,8.474,10.816,11.016,0.000000
194.322815,-24.198,-3.238360,0.003252,8.471,10.853,11.053,0.000000
194.995392,-24.417,-5.111376,0.003336,8.469,10.890,11.091,0.000000
195.670486,-24.911,-10.248051,0.003531,8.466,10.927,11.129,0.000000
196.347733,-25.054,-8.458195,0.003591,8.463,10.965,11.167,0.000000
197.027405,-25.077,-12.827796,0.003601,8.461,11.003,11.205,0.000000
197.709442,-25.537,-18.129990,0.003797,8.458,11.040,11.244,0.000000
198.393829,-25.983,-19.678734,0.003996,8.455,11.078,11.282,0.000000
199.080597,-26.749,-23.626862,0.004365,8.452,11.116,11.321,0.000000
199.769745,-27.378,-30.239269,0.004693,8.450,11.154,11.359,0.000000
200.461258,-27.398,-34.846375,0.004703,8.447,11.192,11.398,0.000000
201.155182,-27.337,-36.295589,0.004671,8.444,11.231,11.437,0.000000
201.851501,-27.259,-38.947430,0.004629,8.442,11.269,11.476,0.000000
202.550232,-27.316,-50.220409,0.004659,8.439,11.308,11.516,0.000000
203.251389,-27.056,-55.677563,0.004522,8.436,11.347,11.555,0.000000
203.954865,-26.927,-65.522179,0.004455,8.433,11.386,11.594,0.000000
204.660980,-26.638,-75.502380,0.004309,8.431,11.425,11.634,0.000000
205.369339,-26.078,-81.808540,0.004040,8.428,11.464,11.674,0.000000
206.080246,-25.821,-89.365662,0.003923,8.425,11.503,11.714,0.000000
206.793625,-25.398,-103.413849,0.003737,8.422,11.543,11.754,0.000000
207.509567,-25.100,-122.934090,0.003611,8.419,11.582,11.794,0.000000
208.227783,-25.032,-135.597839,0.003584,8.416,11.622,11.834,0.000000
208.948685,-24.472,-150.819672,0.003360,8.414,11.662,11.875,0.000000
209.671890,-24.241,-164.136963,0.003273,8.411,11.702,11.916,0.000000
210.397690,-23.460,-168.440659,0.002992,8.408,11.742,11.956,0.000000
211.126007,-23.078,-178.570877,0.002864,8.405,11.782,11.997,0.000000
211.856842,-22.501,174.176514,0.002680,8.402,11.823,12.038,0.000000
212.590210,-22.002,169.959137,0.002530,8.399,11.863,12.080,0.000000
213.326019,-21.416,163.530289,0.002365,8.396,11.904,12.121,0.000000
214.064575,-20.442,159.598373,0.002114,8.393,11.945,12.162,0.000000
214.805481,-19.600,151.298767,0.001919,8.391,11.986,12.204,0.000000
215.549057,-19.027,145.604034,0.001796,8.388,12.027,12.246,0.000000
216.295197,-18.392,138.447296,0.001670,8.385,12.068,12.288,0.000000
217.044037,-17.622,131.229507,0.001528,8.382,12.109,12.330,0.000000
217.795258,-17.075,125.262833,0.001435,8.379,12.151,12.372,0.000000
218.549286,-16.591,117.269958,0.001357,8.376,12.193,12.414,0.000000
219.305710,-16.067,109.574059,0.001277,8.373,12.234,12.457,0.000000
220.064865,-15.659,101.671249,0.001219,8.370,12.276,12.499,0.000000
220.826645,-15.455,95.028526,0.001191,8.367,12.318,12.542,0.000000
221.591064,-15.486,88.469604,0.001195,8.364,12.361,12.585,0.000000
222.358124,-15.289,82.386810,0.001168,8.361,12.403,12.628,0.000000
223.127731,-15.345,75.592880,0.001176,8.358,12.446,12.671,0.000000
223.900223,-15.456,70.077271,0.001192,8.355,12.488,12.715,0.000000
224.675171,-15.451,64.562828,0.001191,8.352,12.531,12.758,0.000000
225.453018,-15.652,60.102104,0.001219,8.349,12.574,12.802,0.000000
226.233337,-16.039,56.150944,0.001275,8.346,12.617,12.846,0.000000
227.016586,-16.322,52.418240,0.001317,8.342,12.661,12.890,0.000000
227.802322,-16.704,48.821671,0.001377,8.339,12.704,12.934,0.000000
228.590988,-16.933,46.439621,0.001414,8.336,12.748,12.978,0.000000
229.382187,-17.337,43.815403,0.001481,8.333,12.792,13.023,0.000000
230.176208,-17.557,42.185070,0.001520,8.330,12.835,13.067,0.000000
230.972992,-17.904,40.434536,0.001582,8.327,12.880,13.112,0.000000
231.772537,-18.303,39.717552,0.001656,8.324,12.924,13.157,0.000000
232.574844,-18.387,38.047050,0.001673,8.321,12.968,13.202,0.000000
233.379822,-18.526,37.232700,0.001700,8.317,13.013,13.247,0.000000
234.187805,-18.557,36.591751,0.001707,8.314,13.057,13.293,0.000000
234.998352,-18.721,36.290016,0.001739,8.311,13.102,13.338,0.000000
235.811935,-18.709,36.259224,0.001737,8.308,13.147,13.384,0.000000
236.628113,-18.426,36.030937,0.001682,8.305,13.192,13.430,0.000000
237.447342,-18.176,34.993820,0.001634,8.301,13.238,13.476,0.000000
238.269180,-17.958,32.673252,0.001594,8.298,13.283,13.522,0.000000
239.094101,-17.700,30.312099,0.001548,8.295,13.329,13.568,0.000000
239.921631,-17.544,28.048300,0.001521,8.292,13.374,13.615,0.000000
240.752151,-17.476,25.766266,0.001509,8.288,13.420,13.661,0.000000
241.585541,-17.513,23.291283,0.001516,8.285,13.466,13.708,0.000000
242.421814,-17.275,19.459911,0.001475,8.282,13.513,13.755,0.000000
243.260986,-17.195,16.055235,0.001461,8.279,13.559,13.802,0.000000
244.102951,-17.450,12.205745,0.001505,8.275,13.606,13.849,0.000000
244.948059,-17.535,8.025493,0.001520,8.272,13.652,13.897,0.000000
245.795975,-17.558,5.349916,0.001524,8.269,13.699,13.945,0.000000
246.646820,-17.765,1.142692,0.001561,8.265,13.746,13.992,0.000000
247.500626,-17.936,-1.949809,0.001592,8.262,13.793,14.040,0.000000
248.357376,-18.205,-3.329848,0.001642,8.258,13.841,14.088,0.000000
249.216980,-18.219,-6.166672,0.001645,8.255,13.888,14.137,0.000000
250.079788,-18.467,-9.171061,0.001692,8.252,13.929,14.178,0.000000
250.945343,-18.557,-11.934130,0.001711,8.252,13.903,14.151,0.000000
251.814026,-18.659,-15.272673,0.001731,8.252,13.876,14.124,0.000000
252.685715,-18.974,-18.928314,0.001795,8.252,13.850,14.096,0.000000
253.560410,-19.320,-22.387291,0.001869,8.251,13.823,14.069,0.000000
254.438141,-19.738,-25.325090,0.001961,8.251,13.796,14.042,0.000000
255.318909,-20.178,-29.913151,0.002063,8.251,13.770,14.014,0.000000
256.202728,-20.821,-37.963627,0.002222,8.251,13.743,13.986,0.000000
257.089600,-21.723,-40.776737,0.002466,8.251,13.716,13.958,0.000000
257.979553,-22.596,-42.816875,0.002727,8.251,13.689,13.930,0.000000
258.872559,-23.997,-48.703014,0.003205,8.251,13.661,13.902,0.000000
259.768677,-25.007,-49.757343,0.003600,8.251,13.634,13.874,0.000000
260.667786,-26.566,-50.134548,0.004309,8.250,13.607,13.846,0.000000
261.570251,-27.614,-45.821857,0.004862,8.250,13.579,13.818,0.000000
262.475555,-28.726,-43.771000,0.005528,8.250,13.552,13.789,0.000000
263.384277,-29.385,-32.469826,0.005965,8.250,13.524,13.761,0.000000
264.295898,-29.632,-17.509937,0.006138,8.250,13.496,13.732,0.000000
265.210785,-30.041,-2.799839,0.006434,8.250,13.468,13.704,0.000000
266.128845,-30.064,15.147687,0.006453,8.250,13.440,13.675,0.000000
267.050201,-29.810,24.859734,0.006268,8.249,13.412,13.646,0.000000
267.974518,-29.247,30.166988,0.005876,8.249,13.384,13.617,0.000000
268.902130,-28.835,31.246292,0.005604,8.249,13.356,13.588,0.000000
269.832977,-28.287,29.824549,0.005263,8.249,13.327,13.559,0.000000
270.767029,-27.714,30.383169,0.004927,8.249,13.299,13.529,0.000000
271.704315,-27.367,28.457306,0.004735,8.249,13.270,13.500,0.000000
272.644714,-27.242,26.339752,0.004668,8.249,13.242,13.470,0.000000
273.588654,-26.923,26.626587,0.004501,8.249,13.213,13.441,0.000000
274.535583,-26.818,27.519859,0.004447,8.248,13.184,13.411,0.000000
275.486053,-26.941,28.924410,0.004512,8.248,13.155,13.381,0.000000
276.439545,-26.635,32.296127,0.004356,8.248,13.126,13.351,0.000000
277.396454,-26.366,35.085743,0.004224,8.248,13.097,13.321,0.000000
278.356689,-25.721,37.670914,0.003923,8.248,13.068,13.291,0.000000
279.320404,-24.789,43.139957,0.003524,8.248,13.038,13.261,0.000000
280.287170,-23.951,45.304283,0.003200,8.248,13.009,13.231,0.000000
281.257416,-23.006,46.491489,0.002870,8.247,12.979,13.200,0.000000
282.231018,-22.224,44.269894,0.002623,8.247,12.950,13.170,0.000000
283.207977,-21.401,41.640179,0.002386,8.247,12.920,13.139,0.000000
284.188354,-20.691,38.452400,0.002198,8.247,12.890,13.108,0.000000
285.171967,-20.057,34.572475,0.002043,8.247,12.860,13.078,0.000000
286.159271,-19.516,30.407309,0.001920,8.247,12.830,13.047,0.000000
287.149689,-19.235,25.438892,0.001859,8.247,12.800,13.015,0.000000
288.143829,-19.084,19.392551,0.001827,8.246,12.770,12.984,0.000000
289.141144,-19.006,12.961123,0.001811,8.246,12.739,12.953,0.000000
290.142029,-18.911,6.731310,0.001791,8.246,12.709,12.922,0.000000
291.146393,-18.839,0.303714,0.001776,8.246,12.678,12.890,0.000000
292.154358,-19.062,-6.207434,0.001822,8.246,12.648,12.858,0.000000
293.165558,-19.298,-12.165022,0.001873,8.246,12.617,12.827,0.000000
294.180389,-19.584,-19.120796,0.001935,8.245,12.586,12.795,0.000000
295.198730,-19.980,-25.376066,0.002026,8.245,12.555,12.763,0.000000
296.220581,-20.313,-31.136749,0.002105,8.245,12.524,12.731,0.000000
297.246002,-20.734,-35.908390,0.002209,8.245,12.492,12.699,0.000000
298.274933,-21.090,-41.177040,0.002302,8.245,12.461,12.667,0.000000
299.307465,-21.720,-46.895241,0.002475,8.245,12.430,12.634,0.000000
300.343414,-22.322,-51.277431,0.002652,8.245,12.398,12.602,0.000000
301.383209,-22.627,-57.158009,0.002747,8.244,12.366,12.569,0.000000
302.426361,-23.000,-63.070290,0.002868,8.244,12.335,12.536,0.000000
303.473389,-23.598,-70.240593,0.003072,8.244,12.303,12.503,0.000000
304.523743,-24.294,-79.504745,0.003328,8.244,12.271,12.471,0.000000
305.578033,-24.783,-88.735298,0.003521,8.244,12.239,12.437,0.000000
306.635681,-25.496,-98.929100,0.003822,8.244,12.206,12.404,0.000000
307.697266,-26.145,-111.051819,0.004117,8.244,12.174,12.371,0.000000
308.762268,-26.629,-123.819374,0.004352,8.243,12.142,12.338,0.000000
309.831085,-27.534,-136.637817,0.004830,8.243,12.109,12.304,0.000000
310.903595,-28.180,-152.027420,0.005202,8.243,12.076,12.270,0.000000
311.979828,-28.872,-165.618408,0.005632,8.243,12.044,12.237,0.000000
313.059784,-29.371,175.543152,0.005964,8.243,12.011,12.203,0.000000
314.143311,-29.703,162.288071,0.006196,8.243,11.978,12.169,0.000000
315.230927,-29.773,148.246719,0.006245,8.242,11.945,12.135,0.000000
316.322113,-29.576,135.597168,0.006104,8.242,11.911,12.100,0.000000
317.417114,-29.234,125.818695,0.005867,8.242,11.878,12.066,0.000000
318.515747,-28.681,113.130211,0.005504,8.242,11.844,12.032,0.000000
319.618469,-28.039,103.673004,0.005111,8.242,11.811,11.997,0.000000
320.724701,-27.646,93.677094,0.004885,8.242,11.777,11.962,0.000000
321.835083,-27.408,84.020042,0.004753,8.241,11.743,11.928,0.000000
322.949005,-27.042,72.566437,0.004556,8.241,11.709,11.893,0.000000
324.066925,-27.327,61.316723,0.004708,8.241,11.675,11.858,0.000000
325.188721,-27.702,52.054535,0.004916,8.241,11.641,11.822,0.000000
326.314392,-28.103,42.148659,0.005148,8.241,11.607,11.787,0.000000
327.443970,-28.451,32.371693,0.005359,8.241,11.572,11.752,0.000000
328.577301,-29.122,21.844311,0.005788,8.240,11.538,11.716,0.000000
329.714874,-29.971,14.240129,0.006382,8.240,11.503,11.680,0.000000
330.856232,-30.607,11.023938,0.006865,8.240,11.469,11.645,0.000000
332.001526,-31.154,8.538934,0.007310,8.240,11.434,11.609,0.000000
333.150635,-31.796,2.307732,0.007869,8.240,11.399,11.573,0.000000
334.304016,-31.867,-12.890880,0.007932,8.240,11.364,11.536,0.000000
335.461090,-31.887,-25.830067,0.007950,8.239,11.328,11.500,0.000000
336.622498,-32.025,-57.443821,0.008077,8.239,11.293,11.464,0.000000
337.787598,-31.530,-133.657013,0.007630,8.239,11.257,11.427,0.000000
338.956879,-30.988,-164.853851,0.007169,8.239,11.222,11.390,0.000000
340.130219,-29.697,-174.889816,0.006178,8.239,11.186,11.354,0.000000
341.307617,-28.788,178.647217,0.005565,8.239,11.150,11.317,0.000000
342.489105,-27.910,173.098785,0.005030,8.238,11.114,11.280,0.000000
343.674652,-27.185,164.133057,0.004626,8.238,11.078,11.243,0.000000
344.864319,-26.372,154.315231,0.004212,8.238,11.042,11.205,0.000000
346.058105,-25.348,149.223282,0.003743,8.238,11.005,11.168,0.000000
347.256042,-24.507,144.590393,0.003397,8.238,10.969,11.130,0.000000
348.457947,-23.763,138.792175,0.003118,8.238,10.932,11.092,0.000000
349.664337,-23.214,135.076874,0.002926,8.237,10.896,11.055,0.000000
350.874573,-22.644,131.138321,0.002740,8.237,10.859,11.017,0.000000
352.089325,-21.972,127.719742,0.002536,8.237,10.822,10.979,0.000000
353.307953,-21.321,123.440613,0.002353,8.237,10.785,10.940,0.000000
354.530975,-20.652,119.961624,0.002178,8.237,10.747,10.902,0.000000
355.758240,-20.313,117.498497,0.002095,8.236,10.710,10.864,0.000000
356.989716,-20.080,112.927856,0.002040,8.236,10.672,10.825,0.000000
358.225494,-19.721,108.811714,0.001957,8.236,10.635,10.786,0.000000
359.465515,-19.341,103.243248,0.001873,8.236,10.597,10.747,0.000000
360.709869,-18.999,98.619469,0.001801,8.236,10.559,10.708,0.000000
361.958496,-18.587,94.999306,0.001717,8.236,10.521,10.669,0.000000
363.211456,-18.395,90.784325,0.001680,8.235,10.483,10.630,0.000000
364.468750,-18.418,86.941597,0.001684,8.235,10.445,10.590,0.000000
365.730408,-18.251,82.170151,0.001652,8.235,10.406,10.551,0.000000
366.996246,-18.023,78.508263,0.001610,8.235,10.368,10.511,0.000000
368.266815,-18.048,74.454605,0.001614,8.235,10.329,10.471,0.000000
369.541443,-18.019,70.047661,0.001609,8.234,10.290,10.431,0.000000
370.820648,-18.108,66.335335,0.001625,8.234,10.251,10.391,0.000000
372.104309,-18.352,62.621643,0.001672,8.234,10.212,10.351,0.000000
373.392395,-18.480,60.015251,0.001696,8.234,10.173,10.310,0.000000
374.684937,-18.620,57.601650,0.001724,8.234,10.133,10.270,0.000000
375.982117,-18.797,57.248756,0.001759,8.233,10.094,10.229,0.000000
377.283447,-19.003,55.910286,0.001802,8.233,10.054,10.188,0.000000
378.589447,-19.006,54.683254,0.001802,8.233,10.014,10.147,0.000000
379.899994,-19.130,54.319283,0.001828,8.233,9.975,10.106,0.000000
381.215057,-19.080,54.559391,0.001818,8.233,9.934,10.065,0.000000
382.534668,-19.150,55.037994,0.001832,8.232,9.894,10.024,0.000000
383.858673,-19.115,54.223671,0.001825,8.232,9.854,9.982,0.000000
385.187622,-19.187,53.362164,0.001840,8.232,9.813,9.940,0.000000
386.520813,-19.190,51.892704,0.001841,8.232,9.773,9.899,0.000000
387.859009,-19.082,50.158779,0.001818,8.232,9.732,9.857,0.000000
389.201416,-19.000,48.188271,0.001801,8.232,9.691,9.815,0.000000
390.548889,-19.074,46.431080,0.001817,8.231,9.650,9.772,0.000000
391.900635,-19.076,44.278862,0.001817,8.231,9.609,9.730,0.000000
393.257416,-19.196,42.342793,0.001842,8.231,9.568,9.687,0.000000
394.618530,-19.296,40.982571,0.001864,8.231,9.526,9.645,0.000000
395.984558,-19.282,39.448311,0.001861,8.231,9.485,9.602,0.000000
397.355316,-19.317,38.674622,0.001869,8.230,9.443,9.559,0.000000
398.730804,-19.380,37.431641,0.001883,8.230,9.401,9.516,0.000000
400.111053,-19.530,37.368237,0.001916,8.230,9.359,9.472,0.000000
401.495880,-19.609,36.022667,0.001934,8.230,9.317,9.429,0.000000
402.885895,-19.637,35.852261,0.001940,8.229,9.274,9.385,0.000000
404.280365,-19.619,35.186275,0.001936,8.229,9.232,9.342,0.000000
405.679993,-19.500,33.759441,0.001910,8.229,9.189,9.298,0.000000
407.084106,-19.519,33.301342,0.001914,8.229,9.146,9.254,0.000000
408.493500,-19.429,32.926952,0.001894,8.229,9.103,9.209,0.000000
409.907349,-19.419,31.946272,0.001892,8.228,9.060,9.165,0.000000
411.326477,-19.430,31.199001,0.001895,8.228,9.017,9.121,0.000000
412.750122,-19.296,30.150581,0.001866,8.228,8.974,9.076,0.000000
414.178925,-19.061,30.158997,0.001816,8.228,8.930,9.031,0.000000
415.612640,-19.023,29.841984,0.001809,8.228,8.887,8.986,0.000000
417.051331,-19.001,29.215866,0.001804,8.227,8.843,8.941,0.000000
418.494995,-18.858,28.630775,0.001775,8.227,8.799,8.896,0.000000
419.943481,-18.718,27.973120,0.001747,8.227,8.755,8.850,0.000000
421.397369,-18.491,26.973484,0.001702,8.227,8.710,8.805,0.000000
422.855865,-18.224,26.346313,0.001651,8.227,8.666,8.759,0.000000
424.319855,-18.052,24.743214,0.001619,8.226,8.621,8.713,0.000000
425.788666,-17.838,22.806345,0.001579,8.226,8.577,8.667,0.000000
427.262604,-17.635,19.670315,0.001543,8.226,8.532,8.621,0.000000
428.741394,-17.447,16.931404,0.001510,8.226,8.487,8.574,0.000000
430.225739,-17.376,14.654150,0.001497,8.225,8.441,8.528,0.000000
431.714813,-17.287,11.772113,0.001482,8.225,8.396,8.481,0.000000
433.209259,-17.284,8.841468,0.001482,8.225,8.351,8.434,0.000000
434.708862,-17.281,5.673143,0.001481,8.225,8.305,8.387,0.000000
436.213654,-17.341,3.031596,0.001492,8.225,8.259,8.340,0.000000
437.723663,-17.287,0.511135,0.001483,8.224,8.213,8.293,0.000000
439.238892,-17.482,-1.668176,0.001517,8.224,8.167,8.245,0.000000
440.759369,-17.574,-3.719836,0.001533,8.224,8.121,8.197,0.000000
442.285095,-17.578,-5.602778,0.001534,8.224,8.074,8.150,0.000000
443.816132,-17.648,-8.176345,0.001547,8.223,8.027,8.101,0.000000
445.352448,-17.543,-10.648114,0.001528,8.223,7.981,8.053,0.000000
446.894073,-17.447,-13.529334,0.001511,8.223,7.934,8.005,0.000000
448.440857,-17.280,-16.990723,0.001483,8.223,7.887,7.956,0.000000
449.993408,-17.153,-21.159304,0.001461,8.223,7.839,7.908,0.000000
451.550873,-17.046,-25.648891,0.001443,8.222,7.792,7.859,0.000000
453.114197,-16.938,-31.468746,0.001425,8.222,7.744,7.810,0.000000
454.682495,-16.852,-37.649113,0.001411,8.222,7.696,7.761,0.000000
456.256409,-16.909,-44.511417,0.001421,8.222,7.649,7.711,0.000000
457.835815,-17.021,-51.530655,0.001439,8.221,7.600,7.662,0.000000
459.420654,-17.310,-59.127266,0.001488,8.221,7.552,7.612,0.000000
461.010986,-17.627,-67.157524,0.001543,8.221,7.504,7.562,0.000000
462.606842,-18.129,-76.163506,0.001635,8.221,7.455,7.512,0.000000
464.208221,-18.810,-85.531006,0.001768,8.220,7.406,7.462,0.000000
465.815125,-19.514,-94.937050,0.001917,8.220,7.357,7.411,0.000000
467.427582,-20.671,-105.838501,0.002190,8.220,7.308,7.361,0.000000
469.045410,-21.896,-117.021149,0.002521,8.220,7.259,7.310,0.000000
470.669312,-23.169,-127.130104,0.002918,8.220,7.209,7.259,0.000000
472.298340,-24.508,-133.986664,0.003404,8.219,7.160,7.208,0.000000
473.933502,-26.124,-147.550949,0.004099,8.219,7.110,7.157,0.000000
475.573853,-27.970,-158.079697,0.005069,8.219,7.060,7.105,0.000000
477.220093,-29.523,-171.927124,0.006060,8.219,7.010,7.054,0.000000
478.872040,-31.403,174.379776,0.007524,8.218,6.960,7.002,0.000000
480.529724,-32.355,158.401077,0.008394,8.218,6.909,6.950,0.000000
482.193146,-32.371,135.326950,0.008408,8.218,6.858,6.898,0.000000
483.862305,-32.120,112.913055,0.008167,8.218,6.808,6.845,0.000000
485.537262,-31.896,97.678650,0.007958,8.217,6.757,6.793,0.000000
487.217987,-31.351,88.157974,0.007473,8.217,6.705,6.740,0.000000
488.904541,-30.984,76.930733,0.007162,8.217,6.654,6.687,0.000000
490.596710,-30.180,70.129501,0.006528,8.217,6.602,6.634,0.000000
492.295197,-29.414,67.963295,0.005976,8.216,6.551,6.581,0.000000
493.999115,-28.646,65.140808,0.005469,8.216,6.499,6.527,0.000000
495.709381,-27.973,58.655689,0.005061,8.216,6.447,6.474,0.000000
497.425110,-27.796,53.147724,0.004958,8.216,6.394,6.420,0.000000
499.147003,-27.386,47.649002,0.004728,8.215,6.342,6.366,0.000000
500.874847,-27.014,43.408947,0.004529,8.215,6.301,6.324,0.000000
502.608917,-27.165,38.327663,0.004608,8.215,6.270,6.294,0.000000
504.348541,-27.245,35.371601,0.004650,8.215,6.240,6.263,0.000000
506.094391,-27.685,33.745365,0.004890,8.215,6.210,6.233,0.000000
507.846283,-28.094,34.622234,0.005126,8.215,6.179,6.202,0.000000
509.604279,-28.335,38.821445,0.005268,8.215,6.148,6.172,0.000000
511.368317,-28.180,41.471897,0.005173,8.215,6.117,6.141,0.000000
513.138489,-27.965,45.661480,0.005045,8.215,6.087,6.110,0.000000
514.914795,-27.427,48.489552,0.004740,8.215,6.056,6.079,0.000000
516.696960,-26.503,51.840748,0.004260,8.215,6.024,6.048,0.000000
518.485840,-25.650,54.992271,0.003860,8.215,5.993,6.017,0.000000
520.280334,-24.755,54.785980,0.003481,8.215,5.962,5.985,0.000000
522.081360,-23.759,52.687099,0.003104,8.215,5.930,5.954,0.000000
523.888611,-22.891,49.193043,0.002808,8.215,5.899,5.922,0.000000
525.702393,-22.174,44.213390,0.002585,8.215,5.867,5.891,0.000000
527.521912,-21.566,39.269032,0.002410,8.215,5.835,5.859,0.000000
529.348206,-21.032,34.786831,0.002266,8.215,5.804,5.827,0.000000
531.180359,-20.862,29.282587,0.002222,8.215,5.772,5.795,0.000000
533.019104,-20.772,23.518188,0.002198,8.215,5.739,5.763,0.000000
534.864258,-20.721,17.657265,0.002184,8.215,5.707,5.731,0.000000
536.715698,-20.817,13.050509,0.002208,8.215,5.675,5.698,0.000000
538.573608,-21.003,7.293263,0.002255,8.215,5.642,5.666,0.000000
540.437683,-21.198,2.615630,0.002305,8.215,5.610,5.633,0.000000
542.308777,-21.720,-1.363237,0.002447,8.215,5.577,5.601,0.000000
544.185730,-22.202,-3.824373,0.002586,8.215,5.545,5.568,0.000000
546.069763,-22.654,-5.786189,0.002724,8.215,5.512,5.535,0.000000
547.959778,-23.043,-7.304541,0.002848,8.215,5.479,5.502,0.000000
549.856873,-23.417,-9.397798,0.002973,8.215,5.445,5.469,0.000000
551.760010,-23.769,-10.518247,0.003095,8.215,5.412,5.436,0.000000
553.670288,-24.050,-10.474899,0.003196,8.215,5.379,5.402,0.000000
555.586609,-24.414,-9.964889,0.003333,8.215,5.345,5.369,0.000000
557.509827,-24.757,-10.006310,0.003467,8.215,5.312,5.335,0.000000
559.439697,-24.972,-9.180771,0.003553,8.215,5.278,5.302,0.000000
561.376282,-25.120,-7.518927,0.003614,8.215,5.244,5.268,0.000000
563.319519,-25.327,-3.713439,0.003701,8.215,5.210,5.234,0.000000
565.269287,-25.155,0.115402,0.003629,8.215,5.176,5.200,0.000000
567.226318,-24.847,3.805164,0.003503,8.215,5.142,5.166,0.000000
569.189514,-24.270,5.794086,0.003277,8.214,5.108,5.132,0.000000
571.160156,-23.445,5.403397,0.002980,8.214,5.074,5.097,0.000000
573.136963,-22.754,3.841081,0.002752,8.214,5.039,5.063,0.000000
575.121216,-22.053,0.480550,0.002539,8.214,5.004,5.028,0.000000
577.111816,-21.575,-4.969673,0.002403,8.214,4.970,4.993,0.000000
579.109863,-21.241,-13.408720,0.002312,8.214,4.935,4.958,0.000000
581.114197,-21.336,-23.160307,0.002338,8.214,4.900,4.923,0.000000
583.125793,-21.675,-32.422817,0.002431,8.214,4.865,4.888,0.000000
585.144348,-22.372,-37.905666,0.002634,8.214,4.829,4.853,0.000000
587.169922,-23.080,-39.309948,0.002858,8.214,4.794,4.818,0.000000
589.202454,-24.149,-39.309414,0.003232,8.214,4.759,4.782,0.000000
591.241760,-24.970,-38.161491,0.003552,8.214,4.723,4.747,0.000000
593.288696,-26.004,-36.635685,0.004001,8.214,4.687,4.711,0.000000
595.342468,-26.952,-33.693718,0.004463,8.214,4.651,4.675,0.000000
597.403320,-27.685,-30.821077,0.004856,8.214,4.615,4.639,0.000000
599.471008,-28.166,-26.209932,0.005133,8.214,4.579,4.603,0.000000
601.546448,-28.640,-19.034422,0.005420,8.214,4.543,4.567,0.000000
603.628479,-28.874,-12.508301,0.005568,8.214,4.507,4.531,0.000000
605.718262,-28.985,-7.538305,0.005640,8.214,4.470,4.494,0.000000
607.814758,-29.154,-1.590106,0.005751,8.214,4.434,4.457,0.000000
609.918762,-29.418,7.419834,0.005928,8.214,4.397,4.421,0.000000
612.030090,-28.975,16.520723,0.005634,8.214,4.360,4.384,0.000000
614.148682,-28.365,23.523628,0.005253,8.214,4.323,4.347,0.000000
616.274658,-27.508,28.428995,0.004760,8.214,4.286,4.310,0.000000
618.407654,-26.446,31.281818,0.004213,8.214,4.249,4.273,0.000000
620.548645,-25.228,30.757254,0.003662,8.214,4.211,4.235,0.000000
622.696716,-24.145,29.123734,0.003234,8.214,4.174,4.198,0.000000
624.852295,-22.985,26.350584,0.002830,8.214,4.136,4.160,0.000000
627.015259,-22.023,23.078587,0.002533,8.214,4.098,4.122,0.000000
629.185730,-21.209,18.392439,0.002307,8.214,4.060,4.084,0.000000
631.363464,-20.521,14.276270,0.002131,8.214,4.022,4.046,0.000000
633.549316,-20.041,8.340773,0.002016,8.214,3.984,4.008,0.000000
635.742126,-19.650,3.010421,0.001928,8.214,3.946,3.970,0.000000
637.942810,-19.489,-2.932727,0.001892,8.214,3.908,3.932,0.000000
640.151123,-19.410,-8.599777,0.001875,8.214,3.869,3.893,0.000000
642.367065,-19.628,-14.367557,0.001923,8.214,3.830,3.854,0.000000
644.590698,-19.845,-18.447830,0.001972,8.214,3.792,3.816,0.000000
646.822327,-20.070,-21.665606,0.002023,8.214,3.753,3.777,0.000000
649.061096,-20.320,-24.388119,0.002082,8.214,3.713,3.738,0.000000
651.307861,-20.408,-27.261620,0.002104,8.214,3.674,3.698,0.000000
653.562439,-20.424,-31.283947,0.002107,8.214,3.635,3.659,0.000000
655.824829,-20.584,-35.147850,0.002147,8.214,3.595,3.619,0.000000
658.095032,-20.833,-40.315525,0.002209,8.214,3.556,3.580,0.000000
660.372803,-21.195,-45.257961,0.002303,8.214,3.516,3.540,0.000000
662.659058,-21.890,-47.894245,0.002495,8.214,3.476,3.500,0.000000
664.952637,-22.598,-46.916256,0.002707,8.214,3.436,3.460,0.000000
667.254761,-23.210,-45.288754,0.002904,8.213,3.396,3.420,0.000000
669.564209,-23.726,-42.877232,0.003082,8.213,3.356,3.380,0.000000
671.882019,-24.170,-38.466228,0.003243,8.213,3.315,3.339,0.000000
674.207764,-24.403,-34.277622,0.003331,8.213,3.274,3.299,0.000000
676.541992,-24.246,-29.488340,0.003270,8.213,3.234,3.258,0.000000
678.883545,-23.844,-25.428646,0.003122,8.213,3.193,3.217,0.000000
681.233582,-22.994,-23.132309,0.002831,8.213,3.152,3.176,0.000000
683.591797,-22.011,-23.979095,0.002527,8.213,3.111,3.135,0.000000
685.958130,-21.074,-28.159748,0.002268,8.213,3.069,3.094,0.000000
688.332642,-20.331,-34.041424,0.002082,8.213,3.028,3.052,0.000000
690.715027,-19.726,-41.279640,0.001942,8.213,2.986,3.011,0.000000
693.106384,-19.380,-50.054115,0.001866,8.213,2.944,2.969,0.000000
695.505310,-19.116,-59.352245,0.001809,8.213,2.903,2.927,0.000000
697.913208,-18.966,-70.303825,0.001778,8.213,2.861,2.885,0.000000
700.328796,-19.190,-83.791183,0.001824,8.213,2.818,2.843,0.000000
702.753052,-19.674,-99.554794,0.001928,8.213,2.776,2.800,0.000000
705.185730,-20.648,-113.856316,0.002157,8.213,2.734,2.758,0.000000
707.627136,-21.942,-121.021622,0.002503,8.213,2.691,2.715,0.000000
710.076355,-23.478,-127.109413,0.002987,8.213,2.648,2.673,0.000000
712.534363,-25.119,-127.992004,0.003607,8.213,2.605,2.630,0.000000
715.000854,-26.922,-111.060211,0.004438,8.213,2.562,2.587,0.000000
717.475891,-28.724,-45.513077,0.005461,8.213,2.519,2.543,0.000000
719.959534,-30.111,-22.071102,0.006405,8.213,2.476,2.500,0.000000
722.451416,-30.398,-25.576994,0.006619,8.213,2.432,2.457,0.000000
724.952637,-30.346,-35.148640,0.006578,8.213,2.388,2.413,0.000000
727.461792,-29.900,-47.094883,0.006248,8.213,2.345,2.369,0.000000
729.980347,-29.788,-57.798195,0.006167,8.213,2.301,2.325,0.000000
732.506897,-29.828,-70.219902,0.006194,8.213,2.257,2.281,0.000000
735.042908,-30.207,-76.834625,0.006470,8.213,2.212,2.237,0.000000
737.586975,-30.611,-78.491653,0.006776,8.213,2.168,2.192,0.000000
740.140564,-31.118,-78.440331,0.007183,8.213,2.123,2.148,0.000000
742.702332,-31.738,-83.757919,0.007713,8.213,2.079,2.103,0.000000
745.273254,-31.995,-92.298477,0.007943,8.213,2.034,2.058,0.000000
747.853088,-31.550,-109.063110,0.007545,8.213,1.989,2.013,0.000000
750.441895,-30.797,-132.653946,0.006917,8.213,1.943,1.968,0.000000
753.039612,-29.965,-151.424011,0.006284,8.213,1.898,1.923,0.000000
755.646362,-28.715,-177.302017,0.005441,8.213,1.853,1.877,0.000000
758.262146,-27.680,165.919708,0.004829,8.213,1.807,1.832,0.000000
760.886597,-26.570,149.993607,0.004249,8.213,1.761,1.786,0.000000
763.520813,-25.711,134.320602,0.003848,8.213,1.715,1.740,0.000000
766.163818,-24.823,119.273911,0.003474,8.212,1.669,1.694,0.000000
768.816040,-24.157,105.764923,0.003217,8.212,1.623,1.647,0.000000
771.476990,-23.431,93.536758,0.002959,8.212,1.576,1.601,0.000000
774.147888,-22.652,83.765587,0.002705,8.212,1.530,1.554,0.000000
776.827332,-21.911,73.988068,0.002484,8.212,1.483,1.508,0.000000
779.516785,-21.268,64.993385,0.002306,8.212,1.436,1.461,0.000000
782.214844,-20.797,56.119743,0.002185,8.212,1.389,1.414,0.000000
784.922546,-20.423,48.151875,0.002093,8.212,1.341,1.366,0.000000
787.639648,-20.236,39.585194,0.002048,8.212,1.294,1.319,0.000000
790.366150,-20.135,30.599232,0.002024,8.212,1.246,1.271,0.000000
793.102112,-20.352,23.196791,0.002075,8.212,1.199,1.223,0.000000
795.847107,-20.627,17.494463,0.002142,8.212,1.151,1.176,0.000000
798.602417,-21.045,13.021843,0.002248,8.212,1.103,1.127,0.000000
801.366882,-21.578,9.105354,0.002390,8.212,1.054,1.079,0.000000
804.140930,-22.138,6.395482,0.002549,8.212,1.006,1.031,0.000000
806.924133,-22.667,5.459030,0.002709,8.212,0.957,0.982,0.000000
809.717773,-23.056,6.505070,0.002834,8.212,0.909,0.933,0.000000
812.520325,-23.254,7.858094,0.002899,8.212,0.860,0.885,0.000000
815.333374,-23.178,9.312593,0.002874,8.212,0.811,0.835,0.000000
818.155334,-23.009,10.011052,0.002818,8.212,0.761,0.786,0.000000
820.987488,-22.767,10.664837,0.002741,8.212,0.712,0.737,0.000000
823.829407,-22.369,11.125574,0.002618,8.212,0.662,0.687,0.000000
826.681213,-21.955,10.272541,0.002496,8.212,0.612,0.637,0.000000
829.542847,-21.626,8.512599,0.002404,8.212,0.562,0.587,0.000000
832.414429,-21.395,5.863199,0.002340,8.212,0.512,0.537,0.000000
835.295898,-21.269,3.522293,0.002307,8.212,0.462,0.487,0.000000
838.187378,-21.199,1.664204,0.002288,8.212,0.411,0.437,0.000000
841.088867,-21.029,-0.039712,0.002244,8.212,0.361,0.386,0.000000
844.000000,-20.845,-2.198810,0.002197,8.212,0.310,0.335,0.000000
846.921997,-20.592,-4.196409,0.002134,8.212,0.259,0.284,0.000000
849.853333,-20.306,-6.054965,0.002065,8.212,0.208,0.233,0.000000
852.795593,-19.868,-8.606901,0.001963,8.212,0.156,0.182,0.000000
855.747253,-19.449,-11.880566,0.001871,8.212,0.105,0.130,0.000000
858.709534,-19.053,-15.899815,0.001787,8.212,0.053,0.078,0.000000
861.682068,-18.713,-21.103619,0.001719,8.212,0.001,0.027,0.000000
864.664856,-18.519,-27.809380,0.001681,8.211,-0.051,-0.026,0.000000
867.657959,-18.381,-34.960785,0.001654,8.211,-0.103,-0.078,0.000000
870.661499,-18.497,-43.009605,0.001677,8.211,-0.155,-0.130,0.000000
873.675354,-18.857,-51.315739,0.001748,8.211,-0.208,-0.183,0.000000
876.699707,-19.526,-58.634529,0.001889,8.211,-0.261,-0.236,0.000000
879.734497,-20.355,-63.923473,0.002078,8.211,-0.314,-0.289,0.000000
882.779419,-21.254,-68.371063,0.002305,8.211,-0.367,-0.342,0.000000
885.835632,-22.335,-72.009323,0.002611,8.211,-0.420,-0.395,0.000000
888.901672,-23.596,-72.020134,0.003019,8.211,-0.474,-0.449,0.000000
891.979126,-24.841,-68.757156,0.003484,8.211,-0.528,-0.502,0.000000
895.066406,-25.755,-63.758007,0.003871,8.211,-0.582,-0.556,0.000000
898.164734,-26.360,-59.330627,0.004150,8.211,-0.636,-0.610,0.000000
901.273865,-26.723,-57.250389,0.004327,8.211,-0.690,-0.665,0.000000
904.393738,-27.053,-55.683918,0.004494,8.211,-0.744,-0.719,0.000000
907.524414,-27.521,-54.070881,0.004743,8.211,-0.799,-0.774,0.000000
910.665894,-28.013,-49.816467,0.005020,8.211,-0.854,-0.828,0.000000
913.818298,-28.095,-46.310352,0.005067,8.211,-0.909,-0.883,0.000000
916.981567,-28.023,-42.570724,0.005025,8.211,-0.964,-0.939,0.000000
920.155823,-27.968,-41.053513,0.004994,8.211,-1.020,-0.994,0.000000
923.341003,-28.047,-38.758625,0.005040,8.211,-1.075,-1.050,0.000000
926.537292,-27.858,-35.068005,0.004931,8.211,-1.131,-1.105,0.000000
929.744141,-27.402,-32.455078,0.004679,8.211,-1.187,-1.161,0.000000
932.963013,-26.942,-33.232349,0.004439,8.211,-1.243,-1.218,0.000000
936.192139,-26.646,-36.870544,0.004291,8.211,-1.300,-1.274,0.000000
939.432861,-26.634,-39.410133,0.004286,8.211,-1.356,-1.331,0.000000
942.684814,-26.869,-44.611141,0.004404,8.211,-1.413,-1.387,0.000000
945.948486,-27.484,-49.661335,0.004728,8.211,-1.470,-1.444,0.000000
949.222534,-28.131,-48.802868,0.005094,8.211,-1.527,-1.501,0.000000
952.508850,-28.422,-41.580368,0.005268,8.211,-1.584,-1.559,0.000000
955.805603,-28.669,-30.512403,0.005420,8.211,-1.642,-1.616,0.000000
959.114258,-28.476,-14.037524,0.005300,8.211,-1.700,-1.674,0.000000
962.434326,-27.654,1.213264,0.004822,8.211,-1.758,-1.732,0.000000
965.765930,-26.599,8.934192,0.004271,8.210,-1.816,-1.790,0.000000
969.109009,-25.541,12.868554,0.003781,8.210,-1.874,-1.849,0.000000
972.463257,-24.560,13.074508,0.003377,8.210,-1.933,-1.907,0.000000
975.830017,-23.572,7.550744,0.003014,8.210,-1.992,-1.966,0.000000
979.207458,-22.874,-0.964401,0.002781,8.210,-2.051,-2.025,0.000000
982.597595,-22.443,-7.628088,0.002647,8.210,-2.110,-2.084,0.000000
985.998474,-22.054,-14.097734,0.002531,8.210,-2.169,-2.143,0.000000
989.412109,-21.893,-21.179104,0.002484,8.210,-2.229,-2.203,0.000000
992.836609,-21.917,-27.116617,0.002491,8.210,-2.289,-2.263,0.000000
996.273926,-22.006,-32.221836,0.002517,8.210,-2.349,-2.323,0.000000
999.722168,-22.073,-37.336040,0.002536,8.210,-2.409,-2.383,0.000000
1003.182800,-22.207,-42.476582,0.002576,8.210,-2.436,-2.410,0.000000
1006.655457,-22.416,-48.518314,0.002638,8.210,-2.461,-2.435,0.000000
1010.140076,-22.738,-55.156124,0.002738,8.210,-2.486,-2.460,0.000000
1013.636780,-23.234,-62.241875,0.002899,8.210,-2.511,-2.484,0.000000
1017.145142,-24.181,-69.938515,0.003233,8.210,-2.536,-2.509,0.000000
1020.666565,-25.251,-74.791687,0.003658,8.210,-2.561,-2.534,0.000000
1024.199219,-26.296,-74.362823,0.004126,8.210,-2.587,-2.559,0.000000
1027.745117,-27.311,-71.448471,0.004638,8.210,-2.612,-2.584,0.000000
1031.302246,-28.225,-65.731453,0.005154,8.210,-2.637,-2.610,0.000000
1034.872803,-29.200,-58.039490,0.005767,8.210,-2.663,-2.635,0.000000
1038.454590,-29.927,-47.156185,0.006271,8.210,-2.689,-2.660,0.000000
1042.049805,-30.220,-34.403210,0.006487,8.210,-2.714,-2.686,0.000000
1045.656494,-29.596,-23.243523,0.006037,8.210,-2.740,-2.711,0.000000
1049.276123,-27.758,-19.089054,0.004886,8.210,-2.766,-2.737,0.000000
1052.908325,-26.270,-21.832836,0.004117,8.210,-2.792,-2.763,0.000000
1056.553101,-25.256,-28.753408,0.003663,8.210,-2.818,-2.789,0.000000
1060.210571,-24.737,-40.132885,0.003450,8.210,-2.844,-2.815,0.000000
1063.880005,-24.742,-54.999702,0.003453,8.210,-2.870,-2.841,0.000000
1067.563354,-25.172,-68.490540,0.003628,8.210,-2.897,-2.867,0.000000
1071.258301,-25.794,-77.082359,0.003897,8.210,-2.923,-2.893,0.000000
1074.967041,-26.592,-97.318817,0.004272,8.210,-2.950,-2.919,0.000000
1078.688232,-27.805,-119.059883,0.004912,8.210,-2.976,-2.946,0.000000
1082.422241,-28.836,-142.835403,0.005531,8.210,-3.003,-2.972,0.000000
1086.168579,-29.380,-176.108521,0.005889,8.210,-3.030,-2.999,0.000000
1089.929077,-29.243,111.196732,0.005796,8.210,-3.057,-3.025,0.000000
1093.701416,-28.589,49.785213,0.005376,8.210,-3.084,-3.052,0.000000
1097.487427,-27.688,25.675869,0.004846,8.210,-3.111,-3.079,0.000000
1101.286499,-26.845,11.846810,0.004398,8.210,-3.138,-3.106,0.000000
1105.098755,-26.346,0.419773,0.004153,8.210,-3.165,-3.133,0.000000
1108.924194,-26.098,-11.858311,0.004036,8.210,-3.192,-3.160,0.000000
1112.762817,-26.319,-23.461912,0.004140,8.210,-3.220,-3.187,0.000000
1116.614746,-26.549,-25.054615,0.004251,8.210,-3.247,-3.214,0.000000
1120.480103,-26.525,-20.749166,0.004239,8.210,-3.275,-3.242,0.000000
1124.358765,-26.373,-12.523505,0.004166,8.210,-3.303,-3.269,0.000000
1128.250854,-26.204,-4.245473,0.004085,8.210,-3.331,-3.297,0.000000
1132.156372,-25.863,6.168968,0.003928,8.210,-3.359,-3.325,0.000000
1136.075562,-25.550,16.838312,0.003789,8.210,-3.387,-3.352,0.000000
1140.007568,-25.067,21.072666,0.003584,8.210,-3.415,-3.380,0.000000
1143.953857,-24.495,15.114614,0.003355,8.210,-3.443,-3.408,0.000000
1147.913818,-24.228,3.676641,0.003253,8.210,-3.471,-3.436,0.000000
1151.887451,-24.527,-5.738405,0.003366,8.210,-3.500,-3.465,0.000000
1155.874878,-25.058,-11.606651,0.003578,8.210,-3.528,-3.493,0.000000
1159.876099,-25.408,-14.109169,0.003724,8.210,-3.557,-3.521,0.000000
1163.891113,-25.603,-17.296299,0.003808,8.210,-3.585,-3.550,0.000000
1167.920044,-25.743,-20.230566,0.003870,8.210,-3.614,-3.578,0.000000
1171.962891,-26.056,-24.025715,0.004012,8.210,-3.643,-3.607,0.000000
1176.019775,-26.744,-26.014030,0.004342,8.210,-3.672,-3.636,0.000000
1180.090698,-27.349,-24.886185,0.004656,8.210,-3.701,-3.665,0.000000
1184.175781,-27.794,-23.230623,0.004900,8.210,-3.731,-3.694,0.000000
1188.274902,-28.067,-20.114002,0.005057,8.210,-3.760,-3.723,0.000000
1192.388306,-28.026,-16.287931,0.005033,8.210,-3.789,-3.752,0.000000
1196.515259,-27.746,-12.817347,0.004873,8.210,-3.819,-3.781,0.000000
1200.657227,-27.221,-10.123117,0.004586,8.210,-3.848,-3.810,0.000000
1204.813965,-26.517,-8.337715,0.004229,8.210,-3.878,-3.840,0.000000
1208.984009,-25.642,-8.379115,0.003822,8.210,-3.908,-3.869,0.000000
1213.169067,-24.917,-12.587858,0.003516,8.210,-3.938,-3.899,0.000000
1217.368530,-24.567,-18.391644,0.003376,8.210,-3.968,-3.929,0.000000
1221.582642,-24.536,-26.371597,0.003364,8.210,-3.998,-3.959,0.000000
1225.811279,-24.808,-33.153690,0.003471,8.210,-4.028,-3.989,0.000000
1230.054565,-25.224,-35.024101,0.003641,8.210,-4.059,-4.019,0.000000
1234.311890,-25.613,-38.109497,0.003808,8.210,-4.089,-4.049,0.000000
1238.585205,-26.210,-41.671841,0.004079,8.210,-4.120,-4.079,0.000000
1242.872803,-27.077,-41.704082,0.004507,8.210,-4.150,-4.110,0.000000
1247.175049,-27.443,-41.719975,0.004701,8.210,-4.181,-4.140,0.000000
1251.492310,-27.667,-44.356926,0.004823,8.210,-4.212,-4.171,0.000000
1255.823975,-27.735,-48.563545,0.004861,8.210,-4.243,-4.202,0.000000
1260.171753,-27.919,-54.614605,0.004964,8.210,-4.274,-4.232,0.000000
1264.533325,-28.340,-67.317963,0.005210,8.210,-4.305,-4.263,0.000000
1268.911255,-29.055,-81.529739,0.005655,8.210,-4.336,-4.294,0.000000
1273.303101,-29.438,-94.579231,0.005910,8.210,-4.368,-4.325,0.000000
1277.710815,-28.999,-119.594734,0.005617,8.210,-4.399,-4.357,0.000000
1282.133789,-28.686,118.871681,0.005417,8.210,-4.431,-4.388,0.000000
1286.572021,-28.566,79.590141,0.005342,8.210,-4.463,-4.420,0.000000
1291.025024,-28.445,60.900997,0.005267,8.210,-4.495,-4.451,0.000000
1295.494751,-28.056,49.302834,0.005036,8.210,-4.527,-4.483,0.000000
1299.979248,-27.518,44.517605,0.004732,8.210,-4.559,-4.515,0.000000
1304.479248,-26.448,38.878872,0.004183,8.210,-4.591,-4.546,0.000000
1308.994873,-25.477,31.063238,0.003740,8.210,-4.623,-4.579,0.000000
1313.525513,-24.978,23.937981,0.003531,8.209,-4.655,-4.611,0.000000
1318.072998,-24.675,19.048698,0.003410,8.209,-4.688,-4.643,0.000000
1322.635010,-24.397,15.588058,0.003303,8.209,-4.721,-4.675,0.000000
1327.214111,-24.016,14.266713,0.003161,8.209,-4.753,-4.708,0.000000
1331.807739,-23.138,11.957765,0.002857,8.209,-4.786,-4.740,0.000000
1336.417969,-22.230,6.346358,0.002574,8.209,-4.819,-4.773,0.000000
1341.044189,-21.577,-2.278635,0.002387,8.209,-4.852,-4.806,0.000000
1345.686401,-21.377,-11.627239,0.002332,8.209,-4.885,-4.839,0.000000
1350.344604,-21.427,-21.160145,0.002345,8.209,-4.919,-4.872,0.000000
1355.018921,-21.689,-31.383699,0.002417,8.209,-4.952,-4.905,0.000000
1359.709595,-22.142,-40.826614,0.002546,8.209,-4.986,-4.938,0.000000
1364.416382,-22.612,-50.689819,0.002687,8.209,-5.019,-4.971,0.000000
1369.139404,-23.623,-59.022366,0.003018,8.209,-5.053,-5.005,0.000000
1373.878174,-24.859,-61.725166,0.003479,8.209,-5.087,-5.039,0.000000
1378.634644,-26.414,-62.228531,0.004160,8.209,-5.121,-5.072,0.000000
1383.406372,-28.070,-59.088963,0.005033,8.209,-5.155,-5.106,0.000000
1388.195801,-29.678,-54.765610,0.006056,8.209,-5.189,-5.140,0.000000
1393.000610,-31.146,-48.764908,0.007169,8.209,-5.224,-5.174,0.000000
1397.822632,-32.026,-39.309269,0.007933,8.209,-5.258,-5.208,0.000000
1402.661377,-32.727,-27.493212,0.008598,8.209,-5.293,-5.243,0.000000
1407.516846,-32.984,-12.972747,0.008854,8.209,-5.328,-5.277,0.000000
1412.389771,-32.048,-3.579480,0.007949,8.209,-5.362,-5.312,0.000000
1417.278198,-31.098,5.262905,0.007124,8.209,-5.397,-5.346,0.000000
1422.184326,-29.813,10.058678,0.006143,8.209,-5.432,-5.381,0.000000
1427.107300,-28.299,12.697719,0.005159,8.209,-5.468,-5.416,0.000000
1432.047485,-26.822,12.938826,0.004352,8.209,-5.503,-5.451,0.000000
1437.004639,-25.631,10.237542,0.003794,8.209,-5.538,-5.486,0.000000
1441.979004,-24.606,3.665204,0.003371,8.209,-5.574,-5.521,0.000000
1446.969849,-23.946,-7.167033,0.003125,8.209,-5.610,-5.557,0.000000
1451.979492,-23.979,-21.572605,0.003137,8.209,-5.645,-5.592,0.000000
1457.005005,-24.567,-29.287245,0.003356,8.209,-5.681,-5.628,0.000000
1462.048584,-25.216,-31.641884,0.003617,8.209,-5.717,-5.664,0.000000
1467.109619,-26.181,-30.446012,0.004042,8.209,-5.754,-5.700,0.000000
1472.188110,-26.812,-23.919636,0.004346,8.209,-5.790,-5.736,0.000000
1477.285034,-26.913,-17.412439,0.004397,8.209,-5.826,-5.772,0.000000
1482.398071,-27.170,-13.943285,0.004529,8.209,-5.863,-5.808,0.000000
1487.529541,-27.542,-6.843113,0.004727,8.209,-5.900,-5.844,0.000000
1492.678833,-27.025,0.105542,0.004454,8.209,-5.936,-5.881,0.000000
1497.845947,-25.986,0.431098,0.003952,8.209,-5.973,-5.918,0.000000
1503.030884,-24.975,-5.294036,0.003518,8.209,-6.010,-5.954,0.000000
1508.233765,-24.225,-14.888236,0.003226,8.209,-6.048,-5.991,0.000000
1513.453979,-24.294,-28.018948,0.003252,8.209,-6.085,-6.028,0.000000
1518.693726,-24.992,-35.816628,0.003523,8.209,-6.122,-6.065,0.000000
1523.950195,-25.594,-41.496006,0.003775,8.209,-6.160,-6.103,0.000000
1529.226196,-25.988,-46.575706,0.003950,8.209,-6.198,-6.140,0.000000
1534.519775,-26.499,-54.941357,0.004188,8.209,-6.236,-6.178,0.000000
1539.831055,-27.611,-62.819290,0.004760,8.209,-6.274,-6.215,0.000000
1545.161987,-28.976,-70.348618,0.005569,8.209,-6.312,-6.253,0.000000
1550.510010,-30.232,-80.276466,0.006436,8.209,-6.350,-6.291,0.000000
1555.877319,-30.387,-87.086517,0.006552,8.209,-6.388,-6.329,0.000000
1561.263184,-29.071,-93.083870,0.005631,8.209,-6.427,-6.367,0.000000
1566.667725,-27.606,-88.131554,0.004757,8.209,-6.465,-6.405,0.000000
1572.090820,-26.449,-42.286705,0.004164,8.209,-6.504,-6.444,0.000000
1577.532837,-25.947,5.873443,0.003930,8.209,-6.543,-6.482,0.000000
1582.992920,-25.497,12.776856,0.003732,8.209,-6.582,-6.521,0.000000
1588.473389,-25.145,10.944159,0.003583,8.209,-6.621,-6.560,0.000000
1593.971313,-25.131,10.879155,0.003578,8.209,-6.661,-6.599,0.000000
1599.489746,-25.090,5.876279,0.003560,8.209,-6.700,-6.638,0.000000
1605.026611,-25.405,-3.687888,0.003692,8.209,-6.740,-6.677,0.000000
1610.581787,-26.475,-10.653705,0.004176,8.209,-6.779,-6.717,0.000000
1616.157837,-27.726,-10.374484,0.004823,8.209,-6.819,-6.756,0.000000
1621.751587,-28.114,-8.719959,0.005043,8.209,-6.859,-6.796,0.000000
1627.366211,-27.923,-7.588243,0.004934,8.209,-6.900,-6.836,0.000000
1632.998779,-27.641,-8.190331,0.004776,8.209,-6.940,-6.876,0.000000
1638.651611,-27.548,-10.204953,0.004726,8.209,-6.980,-6.916,0.000000
1644.323975,-27.422,-17.050638,0.004657,8.209,-7.021,-6.956,0.000000
1650.015991,-27.874,-21.901833,0.004906,8.209,-7.061,-6.996,0.000000
1655.726929,-28.169,-24.331699,0.005076,8.209,-7.102,-7.037,0.000000
1661.459229,-28.359,-29.116108,0.005188,8.209,-7.143,-7.078,0.000000
1667.209717,-29.322,-35.039444,0.005796,8.209,-7.184,-7.118,0.000000
1672.981812,-30.636,-32.463966,0.006742,8.209,-7.226,-7.159,0.000000
1678.772949,-31.389,-22.683403,0.007354,8.209,-7.267,-7.200,0.000000
1684.583496,-30.226,-8.151494,0.006432,8.209,-7.309,-7.242,0.000000
1690.415649,-28.416,-1.105638,0.005222,8.209,-7.350,-7.283,0.000000
1696.266357,-27.089,0.331399,0.004482,8.209,-7.392,-7.324,0.000000
1702.139038,-26.392,-1.960846,0.004137,8.209,-7.434,-7.366,0.000000
1708.030396,-25.955,-6.477127,0.003933,8.209,-7.476,-7.408,0.000000
1713.942871,-25.780,-10.790672,0.003855,8.209,-7.519,-7.450,0.000000
1719.875977,-25.613,-18.691462,0.003782,8.209,-7.561,-7.492,0.000000
1725.829468,-25.725,-29.060688,0.003831,8.209,-7.604,-7.534,0.000000
1731.802856,-26.675,-37.394428,0.004274,8.209,-7.646,-7.576,0.000000
1737.798462,-28.135,-37.033752,0.005055,8.209,-7.689,-7.619,0.000000
1743.814087,-29.905,-34.531807,0.006198,8.209,-7.732,-7.661,0.000000
1749.850464,-31.508,-26.512241,0.007455,8.209,-7.775,-7.704,0.000000
1755.907837,-32.214,-15.860628,0.008086,8.209,-7.819,-7.747,0.000000
1761.985229,-32.605,-5.187205,0.008458,8.209,-7.862,-7.790,0.000000
1768.085449,-32.738,1.123563,0.008588,8.209,-7.906,-7.834,0.000000
1774.204956,-32.693,4.511758,0.008544,8.209,-7.949,-7.877,0.000000
1780.347412,-32.367,8.464799,0.008230,8.209,-7.993,-7.920,0.000000
1786.509521,-32.461,3.124715,0.008319,8.209,-8.037,-7.964,0.000000
1792.693726,-32.706,8.629181,0.008557,8.209,-8.082,-8.008,0.000000
1798.899292,-31.826,16.259666,0.007732,8.209,-8.126,-8.052,0.000000
1805.126465,-31.391,17.355606,0.007355,8.209,-8.171,-8.096,0.000000
1811.375122,-31.537,23.374447,0.007480,8.209,-8.215,-8.140,0.000000
1817.645386,-30.598,31.753292,0.006714,8.208,-8.260,-8.185,0.000000
1823.937378,-29.327,36.245102,0.005799,8.208,-8.305,-8.230,0.000000
1830.251099,-28.294,38.361958,0.005149,8.208,-8.350,-8.274,0.000000
1836.586792,-27.078,40.420177,0.004476,8.208,-8.396,-8.319,0.000000
1842.943481,-25.881,35.033150,0.003900,8.208,-8.441,-8.364,0.000000
1849.323853,-25.160,25.409151,0.003589,8.208,-8.487,-8.410,0.000000
1855.724609,-24.740,18.463438,0.003420,8.208,-8.532,-8.455,0.000000
1862.149292,-24.682,10.851433,0.003398,8.208,-8.578,-8.500,0.000000
1868.594482,-24.785,4.914323,0.003439,8.208,-8.624,-8.546,0.000000
1875.062866,-25.240,-1.166788,0.003625,8.208,-8.671,-8.592,0.000000
1881.553589,-25.703,-3.550040,0.003824,8.208,-8.717,-8.638,0.000000
1888.066772,-26.207,-5.399464,0.004053,8.208,-8.764,-8.684,0.000000
1894.603516,-26.384,-5.955698,0.004137,8.208,-8.810,-8.731,0.000000
1901.161011,-26.737,-10.164149,0.004309,8.208,-8.857,-8.777,0.000000
1907.742065,-27.659,-11.370413,0.004791,8.208,-8.904,-8.824,0.000000
1914.345947,-27.986,-9.524035,0.004975,8.208,-8.952,-8.871,0.000000
1920.972656,-28.113,-14.840824,0.005049,8.208,-8.999,-8.918,0.000000
1927.622314,-28.343,-9.193239,0.005184,8.208,-9.046,-8.965,0.000000
1934.295044,-27.931,-9.221341,0.004944,8.208,-9.094,-9.012,0.000000
1940.989868,-28.092,-10.098618,0.005037,8.208,-9.142,-9.059,0.000000
1947.709717,-28.319,-12.559066,0.005170,8.208,-9.190,-9.107,0.000000
1954.451050,-29.411,-9.339922,0.005862,8.208,-9.238,-9.155,0.000000
1961.216675,-29.282,-2.235801,0.005776,8.208,-9.287,-9.203,0.000000
1968.005615,-28.691,0.572136,0.005396,8.208,-9.335,-9.251,0.000000
1974.818115,-28.098,1.482448,0.005040,8.208,-9.384,-9.299,0.000000
1981.655151,-27.938,-4.773463,0.004948,8.208,-9.433,-9.348,0.000000
1988.513916,-28.371,-6.530745,0.005202,8.208,-9.482,-9.396,0.000000
1995.397339,-27.675,-5.481079,0.004802,8.208,-9.531,-9.445,0.000000
2002.304688,-27.003,-10.502851,0.004445,8.208,-9.568,-9.481,0.000000
2009.235840,-26.261,-17.005684,0.004082,8.208,-9.579,-9.492,0.000000
2016.191040,-25.840,-29.396082,0.003889,8.208,-9.590,-9.503,0.000000
2023.170288,-25.641,-43.083012,0.003802,8.208,-9.601,-9.514,0.000000
2030.172852,-25.563,-54.206352,0.003769,8.208,-9.612,-9.525,0.000000
2037.201416,-24.915,-54.920967,0.003498,8.208,-9.623,-9.536,0.000000
2044.252441,-24.245,-51.667500,0.003238,8.208,-9.634,-9.547,0.000000
2051.329834,-24.184,-45.584187,0.003215,8.208,-9.646,-9.558,0.000000
2058.430908,-24.943,3.042430,0.003509,8.208,-9.657,-9.569,0.000000
2065.555420,-25.846,52.038486,0.003893,8.208,-9.668,-9.580,0.000000
2072.706543,-26.740,76.315620,0.004315,8.208,-9.680,-9.591,0.000000
2079.880371,-26.891,80.467781,0.004391,8.208,-9.691,-9.602,0.000000
2087.080078,-26.580,69.064079,0.004237,8.208,-9.703,-9.613,0.000000
2094.304932,-26.528,57.212612,0.004212,8.208,-9.714,-9.624,0.000000
2101.554443,-26.482,50.913803,0.004189,8.208,-9.726,-9.636,0.000000
2108.829346,-25.910,46.336113,0.003922,8.208,-9.737,-9.647,0.000000
2116.129150,-25.463,41.441746,0.003725,8.208,-9.749,-9.658,0.000000
2123.453369,-25.392,49.610764,0.003695,8.208,-9.761,-9.670,0.000000
2130.804932,-24.664,60.558250,0.003398,8.208,-9.772,-9.681,0.000000
2138.180176,-24.161,54.192204,0.003208,8.208,-9.784,-9.692,0.000000
2145.582520,-23.649,52.211010,0.003024,8.208,-9.796,-9.704,0.000000
2153.009766,-22.936,50.245487,0.002787,8.208,-9.808,-9.715,0.000000
2160.461670,-22.346,47.161900,0.002604,8.208,-9.820,-9.727,0.000000
2167.941406,-21.846,45.153011,0.002459,8.208,-9.831,-9.739,0.000000
2175.445068,-21.260,45.921894,0.002299,8.208,-9.843,-9.750,0.000000
2182.976562,-20.750,39.370121,0.002168,8.208,-9.855,-9.762,0.000000
2190.532227,-20.537,25.222296,0.002115,8.208,-9.867,-9.774,0.000000
2198.114990,-20.547,14.922085,0.002118,8.208,-9.879,-9.785,0.000000
2205.723877,-20.585,6.171160,0.002127,8.208,-9.892,-9.797,0.000000
2213.359375,-20.896,-2.154540,0.002205,8.208,-9.904,-9.809,0.000000
2221.020020,-21.298,-11.358881,0.002309,8.208,-9.916,-9.821,0.000000
2228.709473,-22.240,-21.247904,0.002574,8.208,-9.928,-9.833,0.000000
2236.423340,-23.736,-26.119061,0.003057,8.208,-9.940,-9.845,0.000000
2244.166016,-25.005,-21.465490,0.003538,8.208,-9.953,-9.857,0.000000
2251.934570,-25.274,-13.975339,0.003649,8.208,-9.965,-9.869,0.000000
2259.728760,-25.229,-10.332370,0.003631,8.208,-9.978,-9.881,0.000000
2267.552002,-25.240,-10.627487,0.003635,8.208,-9.990,-9.893,0.000000
2275.400391,-25.908,-10.229653,0.003926,8.208,-10.003,-9.905,0.000000
2283.278076,-26.667,-5.958125,0.004284,8.208,-10.015,-9.918,0.000000
2291.180908,-26.848,1.235303,0.004376,8.208,-10.028,-9.930,0.000000
2299.112061,-26.259,6.295941,0.004089,8.208,-10.040,-9.942,0.000000
2307.070557,-25.585,5.105062,0.003785,8.208,-10.053,-9.955,0.000000
2315.056885,-25.500,-0.619210,0.003749,8.208,-10.066,-9.967,0.000000
2323.069580,-25.731,-3.044854,0.003850,8.208,-10.078,-9.979,0.000000
2331.112305,-25.954,-3.977482,0.003951,8.208,-10.091,-9.992,0.000000
2339.181641,-26.324,-4.393930,0.004123,8.208,-10.104,-10.004,0.000000
2347.279053,-26.078,-1.473502,0.004008,8.208,-10.117,-10.017,0.000000
2355.404297,-25.426,-1.994545,0.003718,8.208,-10.130,-10.030,0.000000
2363.556885,-24.857,-6.279659,0.003482,8.208,-10.143,-10.042,0.000000
2371.739746,-25.212,-9.842691,0.003628,8.208,-10.156,-10.055,0.000000
2379.948486,-24.776,-7.192532,0.003450,8.208,-10.169,-10.068,0.000000
2388.188232,-24.072,-11.573454,0.003182,8.208,-10.182,-10.080,0.000000
2396.454102,-23.634,-18.235895,0.003025,8.208,-10.195,-10.093,0.000000
2404.749512,-23.530,-25.650005,0.002989,8.208,-10.209,-10.106,0.000000
2413.073975,-23.763,-34.805115,0.003070,8.208,-10.222,-10.119,0.000000
2421.427002,-24.399,-40.864128,0.003303,8.208,-10.235,-10.132,0.000000
2429.809082,-25.047,-45.915337,0.003559,8.208,-10.248,-10.145,0.000000
2438.220215,-25.530,-47.677391,0.003763,8.208,-10.262,-10.158,0.000000
2446.660400,-26.009,-60.201576,0.003976,8.208,-10.275,-10.171,0.000000
2455.129883,-27.687,-68.566925,0.004823,8.208,-10.289,-10.184,0.000000
2463.628418,-29.426,-64.378647,0.005891,8.208,-10.302,-10.198,0.000000
2472.155518,-30.415,-49.026405,0.006600,8.208,-10.316,-10.211,0.000000
2480.714355,-29.654,-32.686687,0.006045,8.208,-10.329,-10.224,0.000000
2489.300293,-29.537,-36.456490,0.005963,8.208,-10.343,-10.237,0.000000
2497.918701,-30.222,-37.590000,0.006451,8.208,-10.357,-10.251,0.000000
2506.564209,-30.806,-23.928450,0.006899,8.208,-10.371,-10.264,0.000000
2515.240967,-31.052,-10.230142,0.007098,8.208,-10.384,-10.278,0.000000
2523.947754,-31.257,-3.225926,0.007268,8.208,-10.398,-10.291,0.000000
2532.684814,-30.947,-1.220134,0.007013,8.208,-10.412,-10.305,0.000000
2541.453125,-29.786,4.085653,0.006135,8.208,-10.426,-10.318,0.000000
2550.249512,-29.210,13.608068,0.005742,8.208,-10.440,-10.332,0.000000
2559.077393,-28.738,26.248123,0.005438,8.208,-10.454,-10.346,0.000000
2567.936035,-27.713,30.959091,0.004832,8.208,-10.468,-10.359,0.000000
2576.825195,-26.841,29.063154,0.004369,8.208,-10.483,-10.373,0.000000
2585.745117,-26.276,25.923820,0.004093,8.208,-10.497,-10.387,0.000000
2594.696045,-25.259,23.850094,0.003641,8.208,-10.511,-10.401,0.000000
2603.676514,-24.720,10.986057,0.003421,8.208,-10.525,-10.415,0.000000
2612.690918,-24.754,1.098219,0.003434,8.208,-10.540,-10.429,0.000000
2621.733643,-25.119,-6.273543,0.003581,8.208,-10.554,-10.443,0.000000
2630.809082,-25.033,-14.191647,0.003545,8.208,-10.569,-10.457,0.000000
2639.916016,-25.133,-24.555353,0.003585,8.208,-10.583,-10.471,0.000000
2649.054443,-25.742,-31.731819,0.003845,8.208,-10.598,-10.485,0.000000
2658.225586,-26.409,-32.428402,0.004151,8.208,-10.612,-10.500,0.000000
2667.426025,-27.279,-28.833902,0.004587,8.208,-10.627,-10.514,0.000000
2676.659668,-28.235,-10.502295,0.005120,8.208,-10.642,-10.528,0.000000
2685.925293,-28.719,13.872265,0.005413,8.208,-10.656,-10.543,0.000000
2695.222900,-28.887,50.834179,0.005517,8.208,-10.671,-10.557,0.000000
2704.552734,-29.028,61.619732,0.005607,8.208,-10.686,-10.572,0.000000
2713.914795,-29.595,63.604939,0.005984,8.208,-10.701,-10.586,0.000000
2723.308105,-28.737,53.354038,0.005420,8.208,-10.716,-10.601,0.000000
2732.736572,-27.577,45.013916,0.004742,8.208,-10.731,-10.615,0.000000
2742.194824,-26.312,36.829239,0.004099,8.208,-10.746,-10.630,0.000000
2751.688477,-25.757,29.575527,0.003844,8.208,-10.761,-10.645,0.000000
2761.212646,-25.193,25.072363,0.003602,8.208,-10.776,-10.659,0.000000
2770.770752,-24.492,19.114246,0.003322,8.208,-10.791,-10.674,0.000000
2780.363525,-23.929,13.529116,0.003113,8.208,-10.807,-10.689,0.000000
2789.986816,-23.075,7.382947,0.002821,8.208,-10.822,-10.704,0.000000
2799.644531,-22.918,-0.773417,0.002770,8.208,-10.837,-10.719,0.000000
2809.335938,-22.720,-8.299097,0.002707,8.208,-10.853,-10.734,0.000000
2819.060791,-22.893,-18.423653,0.002760,8.208,-10.868,-10.749,0.000000
2828.819336,-23.361,-19.253008,0.002912,8.208,-10.884,-10.764,0.000000
2838.611572,-23.095,-24.877089,0.002823,8.208,-10.899,-10.780,0.000000
2848.436279,-23.148,-33.395630,0.002840,8.208,-10.915,-10.795,0.000000
2858.297852,-23.627,-43.517380,0.003000,8.208,-10.931,-10.810,0.000000
2868.190918,-24.624,-53.342705,0.003364,8.208,-10.947,-10.826,0.000000
2878.120850,-25.509,-63.108765,0.003723,8.208,-10.962,-10.841,0.000000
2888.083740,-26.221,-64.930634,0.004038,8.208,-10.978,-10.856,0.000000
2898.079834,-26.483,-55.269257,0.004160,8.208,-10.994,-10.872,0.000000
2908.113281,-25.772,-55.071922,0.003831,8.208,-11.010,-10.888,0.000000
2918.178711,-26.312,-73.101006,0.004075,8.208,-11.026,-10.903,0.000000
2928.281738,-26.731,-84.795914,0.004274,8.208,-11.042,-10.919,0.000000
2938.416748,-27.119,-103.962631,0.004467,8.208,-11.058,-10.935,0.000000
2948.588379,-27.076,-127.409004,0.004443,8.208,-11.075,-10.950,0.000000
2958.795410,-26.744,-164.827209,0.004275,8.208,-11.091,-10.966,0.000000
2969.037598,-26.131,170.593597,0.003982,8.208,-11.107,-10.982,0.000000
2979.313965,-26.483,-146.625687,0.004146,8.208,-11.123,-10.998,0.000000
2989.629883,-26.945,149.899155,0.004371,8.208,-11.140,-11.014,0.000000
2999.974609,-26.793,108.007294,0.004293,8.208,-11.156,-11.030,0.000000
3010.360840,-26.547,91.819054,0.004172,8.208,-11.173,-11.046,0.000000
3020.782959,-26.705,77.996155,0.004245,8.208,-11.190,-11.062,0.000000
3031.238281,-26.191,68.579315,0.003999,8.208,-11.206,-11.079,0.000000
3041.732666,-25.376,58.958130,0.003638,8.208,-11.223,-11.095,0.000000
3052.260498,-24.831,49.498085,0.003414,8.208,-11.240,-11.111,0.000000
3062.827881,-24.846,48.510635,0.003418,8.208,-11.256,-11.128,0.000000
3073.428711,-24.203,45.048931,0.003172,8.208,-11.273,-11.144,0.000000
3084.066162,-23.452,38.573433,0.002907,8.208,-11.290,-11.161,0.000000
3094.743652,-22.851,32.678501,0.002712,8.208,-11.307,-11.177,0.000000
3105.457764,-22.179,25.082211,0.002509,8.208,-11.324,-11.194,0.000000
3116.206299,-22.053,13.950578,0.002471,8.208,-11.341,-11.211,0.000000
3126.991943,-22.574,5.287557,0.002623,8.208,-11.359,-11.227,0.000000
3137.817871,-23.463,2.939868,0.002904,8.208,-11.376,-11.244,0.000000
3148.681152,-22.956,4.877261,0.002738,8.208,-11.393,-11.261,0.000000
3159.579346,-22.135,-2.280884,0.002489,8.208,-11.411,-11.278,0.000000
3170.515137,-22.389,-13.176758,0.002560,8.208,-11.428,-11.295,0.000000
3181.491699,-23.200,-20.026449,0.002809,8.208,-11.445,-11.312,0.000000
3192.503174,-23.863,-20.686823,0.003029,8.208,-11.463,-11.329,0.000000
3203.555908,-24.059,-21.554214,0.003095,8.208,-11.481,-11.346,0.000000
3214.644043,-24.149,-25.930428,0.003125,8.208,-11.498,-11.363,0.000000
3225.773438,-24.282,-32.093719,0.003170,8.208,-11.516,-11.381,0.000000
3236.938232,-25.009,-38.822937,0.003445,8.208,-11.534,-11.398,0.000000
3248.141602,-26.221,-42.805424,0.003958,8.208,-11.552,-11.415,0.000000
3259.386963,-28.036,-42.469414,0.004874,8.208,-11.569,-11.433,0.000000
3270.671387,-28.495,-42.581203,0.005135,8.208,-11.587,-11.450,0.000000
3281.991699,-28.752,-41.048344,0.005286,8.208,-11.605,-11.468,0.000000
3293.351074,-29.886,-38.675919,0.006019,8.208,-11.624,-11.486,0.000000
3304.752930,-29.744,-25.384771,0.005917,8.208,-11.642,-11.503,0.000000
3316.194336,-28.437,-20.428717,0.005085,8.208,-11.660,-11.521,0.000000
3327.672119,-28.028,-21.430923,0.004847,8.208,-11.678,-11.539,0.000000
3339.189697,-28.235,-3.534045,0.004960,8.208,-11.697,-11.557,0.000000
3350.750244,-27.895,19.663881,0.004765,8.208,-11.715,-11.575,0.000000
3362.347656,-27.297,25.492989,0.004444,8.208,-11.733,-11.593,0.000000
3373.985107,-26.889,21.646280,0.004237,8.208,-11.752,-11.611,0.000000
3385.666260,-26.565,20.031593,0.004078,8.208,-11.771,-11.629,0.000000
3397.387695,-26.598,12.916826,0.004090,8.208,-11.789,-11.647,0.000000
3409.146484,-26.905,15.219121,0.004234,8.208,-11.808,-11.665,0.000000
3420.946045,-26.727,17.323961,0.004144,8.208,-11.827,-11.684,0.000000
3432.789795,-25.840,5.952397,0.003739,8.208,-11.846,-11.702,0.000000
3444.674316,-25.521,-5.513168,0.003601,8.208,-11.865,-11.720,0.000000
3456.596924,-25.998,-15.432594,0.003801,8.208,-11.884,-11.739,0.000000
3468.560547,-26.331,-24.361465,0.003946,8.208,-11.903,-11.757,0.000000
3480.569092,-26.789,-32.172924,0.004156,8.208,-11.922,-11.776,0.000000
3492.615723,-27.453,-39.676067,0.004483,8.208,-11.941,-11.795,0.000000
3504.707520,-27.998,-37.896984,0.004769,8.208,-11.960,-11.814,0.000000
3516.837891,-28.889,-38.014927,0.005279,8.208,-11.979,-11.832,0.000000
3529.013428,-30.254,-33.732048,0.006173,8.208,-11.999,-11.851,0.000000
3541.228027,-31.110,-21.582092,0.006806,8.208,-12.018,-11.870,0.000000
3553.484619,-31.502,-4.963065,0.007114,8.208,-12.038,-11.889,0.000000
3565.787109,-31.613,9.158373,0.007199,8.208,-12.057,-11.908,0.000000
3578.132080,-30.670,19.648771,0.006453,8.208,-12.077,-11.928,0.000000
3590.516602,-30.113,21.529846,0.006047,8.208,-12.097,-11.947,0.000000
3602.943848,-29.599,16.503979,0.005695,8.208,-12.117,-11.966,0.000000
3615.417480,-29.054,18.393780,0.005343,8.208,-12.136,-11.985,0.000000
3627.934570,-27.563,16.008259,0.004496,8.208,-12.156,-12.005,0.000000
3640.491211,-27.532,11.207513,0.004476,8.208,-12.176,-12.024,0.000000
3653.091553,-26.907,7.013827,0.004161,8.208,-12.196,-12.044,0.000000
3665.739014,-26.722,-0.754006,0.004069,8.208,-12.217,-12.064,0.000000
3678.426514,-27.133,-7.655964,0.004262,8.207,-12.237,-12.083,0.000000
3691.161621,-27.402,-7.064678,0.004391,8.207,-12.257,-12.103,0.000000
3703.937256,-27.374,-15.911557,0.004372,8.207,-12.277,-12.123,0.000000
3716.760498,-27.810,-18.383814,0.004594,8.207,-12.298,-12.143,0.000000
3729.628418,-28.843,-16.514330,0.005169,8.207,-12.318,-12.163,0.000000
3742.533447,-29.477,-8.127822,0.005556,8.207,-12.339,-12.183,0.000000
3755.490479,-29.758,0.217192,0.005734,8.207,-12.360,-12.203,0.000000
3768.492432,-29.876,9.387186,0.005807,8.207,-12.380,-12.223,0.000000
3781.535645,-29.040,16.702211,0.005270,8.207,-12.401,-12.243,0.000000
3794.624023,-28.198,15.308766,0.004779,8.207,-12.422,-12.264,0.000000
3807.761475,-27.983,19.177853,0.004658,8.207,-12.443,-12.284,0.000000
3820.940674,-26.501,17.010048,0.003924,8.207,-12.464,-12.304,0.000000
3834.169189,-25.728,8.198175,0.003586,8.207,-12.485,-12.325,0.000000
3847.439697,-25.232,-0.369524,0.003385,8.207,-12.506,-12.346,0.000000
3860.760010,-25.376,-10.263258,0.003438,8.207,-12.527,-12.366,0.000000
3874.126221,-25.434,-16.767162,0.003458,8.207,-12.548,-12.387,0.000000
3887.531494,-25.626,-27.898212,0.003532,8.207,-12.570,-12.408,0.000000
3900.990479,-26.116,-40.293179,0.003734,8.207,-12.591,-12.429,0.000000
3914.496094,-26.888,-46.097561,0.004078,8.207,-12.613,-12.450,0.000000
3928.048340,-28.170,-54.640690,0.004722,8.207,-12.634,-12.471,0.000000
3941.640137,-30.077,-64.678398,0.005877,8.207,-12.656,-12.492,0.000000
3955.286377,-30.847,-73.068634,0.006416,8.207,-12.678,-12.513,0.000000
3968.979980,-30.385,-63.859200,0.006079,8.207,-12.699,-12.534,0.000000
3982.717285,-30.222,-62.151783,0.005960,8.207,-12.721,-12.556,0.000000
3996.501953,-30.865,-71.620384,0.006413,8.207,-12.743,-12.577,0.000000
4010.338135,-30.811,-68.244667,0.006367,8.207,-12.750,-12.584,0.000000
4024.218506,-30.045,26.670403,0.005825,8.207,-12.753,-12.586,0.000000
4038.150879,-29.752,67.537956,0.005627,8.207,-12.755,-12.588,0.000000
4052.127441,-28.912,66.410042,0.005104,8.207,-12.757,-12.590,0.000000
4066.156250,-28.694,51.031620,0.004973,8.207,-12.759,-12.592,0.000000
4080.233643,-29.268,42.647274,0.005307,8.207,-12.761,-12.594,0.000000
4094.352051,-29.454,47.364899,0.005416,8.207,-12.763,-12.596,0.000000
4108.526855,-29.457,50.106030,0.005412,8.207,-12.766,-12.599,0.000000
4122.750977,-28.676,47.421463,0.004942,8.207,-12.768,-12.601,0.000000
4137.020508,-27.291,42.203300,0.004209,8.207,-12.770,-12.603,0.000000
4151.339355,-26.252,34.826767,0.003731,8.207,-12.772,-12.605,0.000000
4165.711914,-26.683,28.595039,0.003917,8.207,-12.774,-12.607,0.000000
4180.133789,-26.349,27.895521,0.003766,8.207,-12.777,-12.609,0.000000
4194.601562,-25.777,21.357235,0.003523,8.207,-12.779,-12.611,0.000000
4209.120117,-26.016,10.454524,0.003618,8.207,-12.781,-12.613,0.000000
4223.692383,-26.374,6.891872,0.003767,8.207,-12.783,-12.616,0.000000
4238.314941,-26.615,1.113724,0.003870,8.207,-12.786,-12.618,0.000000
4252.980469,-28.065,-2.044107,0.004569,8.207,-12.788,-12.620,0.000000
4267.704590,-29.851,-1.075832,0.005607,8.207,-12.790,-12.622,0.000000
4282.479980,-30.302,5.377206,0.005901,8.207,-12.792,-12.624,0.000000
4297.306152,-30.623,2.480427,0.006118,8.207,-12.795,-12.627,0.000000
4312.175781,-32.244,10.487391,0.007366,8.207,-12.797,-12.629,0.000000
4327.104980,-32.794,23.951401,0.007842,8.207,-12.799,-12.631,0.000000
4342.085449,-32.083,37.484650,0.007219,8.207,-12.802,-12.633,0.000000
4357.114258,-30.695,46.090858,0.006147,8.207,-12.804,-12.635,0.000000
4372.194824,-28.901,52.026482,0.004995,8.207,-12.806,-12.638,0.000000
4387.331543,-27.438,54.256393,0.004216,8.207,-12.809,-12.640,0.000000
4402.520996,-25.729,52.296574,0.003460,8.207,-12.811,-12.642,0.000000
4417.758789,-24.737,45.113037,0.003083,8.207,-12.813,-12.644,0.000000
4433.049316,-24.088,39.393185,0.002858,8.207,-12.816,-12.647,0.000000
4448.396973,-23.573,29.412809,0.002691,8.207,-12.818,-12.649,0.000000
4463.797852,-23.021,16.484812,0.002523,8.207,-12.820,-12.651,0.000000
4479.243164,-23.309,0.791234,0.002605,8.207,-12.823,-12.654,0.000000
4494.750977,-24.127,-10.446806,0.002859,8.207,-12.825,-12.656,0.000000
4510.312012,-25.163,-14.899067,0.003218,8.207,-12.828,-12.658,0.000000
4525.922852,-25.951,-18.207026,0.003520,8.207,-12.830,-12.660,0.000000
4541.587891,-27.425,-28.386200,0.004167,8.207,-12.832,-12.663,0.000000
4557.311035,-28.414,-36.080917,0.004664,8.207,-12.835,-12.665,0.000000
4573.088867,-28.821,-28.870790,0.004882,8.207,-12.837,-12.667,0.000000
4588.916992,-29.283,-14.561249,0.005143,8.207,-12.840,-12.670,0.000000
4604.799805,-30.035,-0.588713,0.005601,8.207,-12.842,-12.672,0.000000
4620.742188,-29.099,39.908199,0.005023,8.207,-12.845,-12.675,0.000000
4636.739746,-28.325,44.924679,0.004589,8.207,-12.847,-12.677,0.000000
4652.788086,-28.273,51.818489,0.004556,8.207,-12.849,-12.679,0.000000
4668.892090,-28.093,64.206230,0.004457,8.207,-12.852,-12.682,0.000000
4685.056152,-27.196,59.966656,0.004015,8.207,-12.854,-12.684,0.000000
4701.276367,-26.845,49.881184,0.003851,8.207,-12.857,-12.686,0.000000
4717.543457,-26.268,45.683620,0.003600,8.207,-12.859,-12.689,0.000000
4733.875977,-25.796,45.920670,0.003405,8.207,-12.862,-12.691,0.000000
4750.265137,-25.180,36.767544,0.003168,8.207,-12.865,-12.694,0.000000
4766.706543,-24.740,30.050598,0.003008,8.207,-12.867,-12.696,0.000000
4783.209473,-24.566,21.510101,0.002945,8.207,-12.870,-12.699,0.000000
4799.764648,-24.293,14.939733,0.002850,8.207,-12.872,-12.701,0.000000
4816.381836,-24.157,3.866567,0.002803,8.207,-12.875,-12.704,0.000000
4833.052246,-24.806,-4.483323,0.003017,8.207,-12.877,-12.706,0.000000
4849.779785,-25.325,-9.083812,0.003198,8.207,-12.880,-12.708,0.000000
4866.570312,-25.635,-18.946884,0.003311,8.207,-12.882,-12.711,0.000000
4883.418945,-26.486,-32.896576,0.003647,8.207,-12.885,-12.713,0.000000
4900.316406,-28.009,-32.114117,0.004340,8.207,-12.888,-12.716,0.000000
4917.281738,-29.034,-20.366190,0.004877,8.207,-12.890,-12.718,0.000000
4934.305664,-29.984,-14.634439,0.005433,8.207,-12.893,-12.721,0.000000
4951.388672,-32.291,6.858722,0.007076,8.207,-12.896,-12.724,0.000000
4968.521484,-31.617,44.645691,0.006539,8.207,-12.898,-12.726,0.000000
4985.723145,-30.558,58.307533,0.005780,8.207,-12.901,-12.729,0.000000
5002.984375,-30.325,64.420937,0.005619,8.207,-12.903,-12.731,0.000000
5020.300293,-29.539,62.137783,0.005125,8.207,-12.906,-12.734,0.000000
5037.681152,-27.709,50.392689,0.004145,8.207,-12.909,-12.736,0.000000
5055.117188,-27.406,41.382275,0.003997,8.207,-12.912,-12.739,0.000000
5072.618164,-26.792,39.893330,0.003719,8.207,-12.914,-12.742,0.000000
5090.175293,-26.692,33.186581,0.003670,8.207,-12.917,-12.744,0.000000
5107.792969,-26.791,26.288490,0.003706,8.207,-12.920,-12.747,0.000000
5125.477051,-26.974,19.059227,0.003780,8.207,-12.922,-12.749,0.000000
5143.221680,-27.361,14.372895,0.003947,8.207,-12.925,-12.752,0.000000
5161.018066,-27.669,6.933606,0.004083,8.207,-12.928,-12.755,0.000000
5178.886230,-28.863,-3.564877,0.004679,8.207,-12.931,-12.757,0.000000
5196.815918,-30.219,5.593053,0.005462,8.207,-12.933,-12.760,0.000000
5214.802734,-30.691,6.245724,0.005759,8.207,-12.936,-12.763,0.000000
5232.856934,-31.092,12.233013,0.006023,8.207,-12.939,-12.765,0.000000
5250.968750,-30.396,19.742428,0.005550,8.207,-12.942,-12.768,0.000000
5269.147949,-30.254,32.845028,0.005452,8.207,-12.945,-12.771,0.000000
5287.385254,-29.277,42.129639,0.004864,8.207,-12.947,-12.773,0.000000
5305.685547,-29.146,53.985382,0.004784,8.207,-12.950,-12.776,0.000000
5324.054199,-28.627,64.570328,0.004500,8.207,-12.953,-12.779,0.000000
5342.486816,-26.986,59.471825,0.003719,8.207,-12.956,-12.782,0.000000
5360.978027,-25.593,51.932613,0.003163,8.207,-12.959,-12.784,0.000000
5379.532715,-25.125,45.938293,0.002993,8.207,-12.962,-12.787,0.000000
5398.157227,-25.022,31.405653,0.002953,8.207,-12.964,-12.790,0.000000
5416.846191,-25.284,22.587444,0.003039,8.207,-12.967,-12.793,0.000000
5435.594727,-25.790,12.070565,0.003216,8.207,-12.970,-12.795,0.000000
5454.408203,-26.328,6.628483,0.003416,8.207,-12.973,-12.798,0.000000
5473.291992,-26.884,5.582400,0.003636,8.207,-12.976,-12.801,0.000000
5492.235352,-27.550,6.662619,0.003920,8.207,-12.979,-12.804,0.000000
5511.250000,-28.372,9.121881,0.004303,8.207,-12.982,-12.807,0.000000
5530.325195,-29.247,15.698696,0.004753,8.207,-12.985,-12.809,0.000000
5549.472168,-29.749,23.774130,0.005029,8.207,-12.988,-12.812,0.000000
5568.679199,-28.838,36.276066,0.004522,8.207,-12.991,-12.815,0.000000
5587.953613,-28.260,43.446415,0.004225,8.207,-12.994,-12.818,0.000000
5607.299316,-27.359,45.288265,0.003803,8.207,-12.997,-12.821,0.000000
5626.712402,-26.280,35.978436,0.003354,8.207,-13.000,-12.824,0.000000
5646.181641,-26.015,23.450966,0.003248,8.207,-13.003,-12.827,0.000000
5665.729492,-26.255,15.299165,0.003334,8.207,-13.006,-12.830,0.000000
5685.344727,-26.384,13.646260,0.003379,8.207,-13.009,-12.832,0.000000
5705.027832,-26.272,9.431284,0.003330,8.207,-13.012,-12.835,0.000000
5724.773926,-26.879,-0.349196,0.003566,8.207,-13.015,-12.838,0.000000
5744.587891,-27.861,-1.314080,0.003986,8.207,-13.018,-12.841,0.000000
5764.476562,-28.357,-1.015929,0.004215,8.207,-13.021,-12.844,0.000000
5784.428223,-29.093,-5.422895,0.004581,8.207,-13.024,-12.847,0.000000
5804.448730,-30.140,-6.187820,0.005161,8.207,-13.027,-12.850,0.000000
5824.544434,-30.570,-1.876535,0.005416,8.207,-13.030,-12.853,0.000000
5844.709473,-30.660,0.562326,0.005464,8.207,-13.033,-12.856,0.000000
5864.938965,-30.958,1.205870,0.005647,8.207,-13.036,-12.859,0.000000
5885.238281,-30.830,1.903571,0.005557,8.207,-13.039,-12.862,0.000000
5905.613281,-30.784,-3.438668,0.005521,8.207,-13.043,-12.865,0.000000
5926.059082,-31.529,-6.019114,0.006009,8.207,-13.046,-12.868,0.000000
5946.570312,-32.107,0.418136,0.006414,8.207,-13.049,-12.871,0.000000
5967.151855,-31.821,-1.967380,0.006199,8.207,-13.052,-12.874,0.000000
5987.811035,-32.126,-10.223456,0.006413,8.207,-13.055,-12.877,0.000000
6008.535645,-32.307,-5.451716,0.006540,8.207,-13.058,-12.880,0.000000
6029.337402,-32.865,-5.342909,0.006965,8.207,-13.062,-12.883,0.000000
6050.206055,-31.255,17.324469,0.005780,8.207,-13.065,-12.887,0.000000
6071.152344,-30.392,45.947266,0.005227,8.207,-13.068,-12.890,0.000000
6092.165527,-28.844,40.157780,0.004368,8.207,-13.071,-12.893,0.000000
6113.251465,-28.419,23.863401,0.004155,8.207,-13.075,-12.896,0.000000
6134.416016,-28.378,23.398670,0.004130,8.207,-13.078,-12.899,0.000000
6155.653809,-27.662,23.887035,0.003799,8.207,-13.081,-12.902,0.000000
6176.959473,-27.417,6.482806,0.003689,8.207,-13.084,-12.905,0.000000
6198.338867,-27.088,-5.643289,0.003547,8.207,-13.088,-12.909,0.000000
6219.797852,-27.593,-16.324717,0.003755,8.207,-13.091,-12.912,0.000000
6241.331543,-28.254,-31.331306,0.004047,8.207,-13.094,-12.915,0.000000
6262.933594,-28.476,-43.087448,0.004147,8.207,-13.098,-12.918,0.000000
6284.610352,-29.191,-48.265881,0.004497,8.207,-13.101,-12.921,0.000000
6306.368652,-28.419,138.698486,0.004110,8.207,-13.104,-12.925,0.000000
6328.195801,-28.066,134.023163,0.003942,8.207,-13.108,-12.928,0.000000
6350.104492,-27.832,118.570129,0.003832,8.207,-13.111,-12.931,0.000000
6372.083008,-27.463,95.241661,0.003668,8.207,-13.115,-12.934,0.000000
6394.143555,-27.708,78.192337,0.003769,8.207,-13.118,-12.938,0.000000
6416.274902,-27.741,63.217152,0.003778,8.207,-13.121,-12.941,0.000000
6438.482422,-27.819,54.670101,0.003808,8.207,-13.125,-12.944,0.000000
6460.772949,-28.150,47.549694,0.003952,8.207,-13.128,-12.947,0.000000
6483.140625,-27.791,43.510445,0.003788,8.207,-13.132,-12.951,0.000000
6505.580078,-28.623,38.673302,0.004164,8.207,-13.135,-12.954,0.000000
6528.096680,-28.804,30.375471,0.004248,8.207,-13.139,-12.957,0.000000
6550.697266,-29.250,33.500763,0.004467,8.207,-13.142,-12.961,0.000000
6573.370605,-28.897,32.064835,0.004284,8.207,-13.146,-12.964,0.000000
6596.127930,-28.628,24.423252,0.004149,8.207,-13.149,-12.968,0.000000
6618.958008,-28.933,16.563456,0.004293,8.207,-13.153,-12.971,0.000000
6641.873535,-29.397,28.087757,0.004523,8.207,-13.156,-12.974,0.000000
6664.861816,-28.894,28.951025,0.004263,8.207,-13.160,-12.978,0.000000
6687.930176,-29.069,31.622225,0.004345,8.207,-13.163,-12.981,0.000000
6711.084473,-28.073,35.724026,0.003869,8.207,-13.167,-12.985,0.000000
6734.318848,-27.791,24.486885,0.003741,8.207,-13.170,-12.988,0.000000
6757.633301,-28.056,17.246992,0.003852,8.207,-13.174,-12.992,0.000000
6781.016113,-28.308,8.242935,0.003962,8.207,-13.178,-12.995,0.000000
6804.492676,-28.326,5.278202,0.003966,8.207,-13.181,-12.998,0.000000
6828.050293,-27.581,-9.932384,0.003636,8.207,-13.185,-13.002,0.000000
6851.683105,-28.021,-15.466978,0.003821,8.207,-13.188,-13.005,0.000000
6875.397949,-28.805,-30.747551,0.004178,8.207,-13.192,-13.009,0.000000
6899.201172,-29.250,-51.205177,0.004393,8.207,-13.196,-13.013,0.000000
6923.080078,-29.283,-17.395857,0.004405,8.207,-13.199,-13.016,0.000000
6947.048828,-29.409,91.229614,0.004465,8.207,-13.203,-13.020,0.000000
6971.093262,-28.957,94.676025,0.004234,8.207,-13.207,-13.023,0.000000
6995.228027,-28.500,94.722351,0.004013,8.207,-13.211,-13.027,0.000000
7019.446289,-28.414,83.402679,0.003969,8.207,-13.214,-13.030,0.000000
7043.734863,-28.243,72.997276,0.003888,8.207,-13.218,-13.034,0.000000
7068.120605,-28.080,63.757915,0.003811,8.207,-13.222,-13.038,0.000000
7092.591309,-28.623,51.337112,0.004053,8.207,-13.226,-13.041,0.000000
7117.139648,-29.646,51.179775,0.004555,8.207,-13.229,-13.045,0.000000
7141.772949,-29.907,53.550007,0.004689,8.207,-13.233,-13.049,0.000000
7166.498535,-30.204,53.606632,0.004848,8.207,-13.237,-13.052,0.000000
7191.309570,-30.137,47.037338,0.004805,8.207,-13.241,-13.056,0.000000
7216.199707,-31.013,52.398617,0.005310,8.207,-13.245,-13.060,0.000000
7241.176270,-32.155,55.627449,0.006049,8.207,-13.248,-13.063,0.000000
7266.245605,-32.270,55.023808,0.006125,8.207,-13.252,-13.067,0.000000
7291.402344,-31.559,53.745464,0.005639,8.207,-13.256,-13.071,0.000000
7316.631836,-31.634,48.859852,0.005683,8.207,-13.260,-13.074,0.000000
7341.962402,-31.551,54.943321,0.005623,8.207,-13.264,-13.078,0.000000
7367.381348,-31.263,58.380199,0.005435,8.207,-13.268,-13.082,0.000000
7392.887695,-30.604,62.115582,0.005034,8.207,-13.272,-13.086,0.000000
7418.468262,-29.634,62.181976,0.004498,8.207,-13.276,-13.090,0.000000
7444.151855,-28.778,56.859997,0.004072,8.207,-13.280,-13.093,0.000000
7469.924316,-28.385,53.809429,0.003888,8.207,-13.284,-13.097,0.000000
7495.778809,-28.284,45.933010,0.003839,8.207,-13.288,-13.101,0.000000
7521.722656,-28.130,46.083141,0.003767,8.207,-13.292,-13.105,0.000000
7547.763672,-28.234,35.425949,0.003809,8.207,-13.296,-13.109,0.000000
7573.887207,-27.768,22.887636,0.003606,8.207,-13.300,-13.113,0.000000
7600.108887,-28.389,17.619352,0.003869,8.207,-13.304,-13.116,0.000000
7626.414062,-29.251,8.747760,0.004268,8.207,-13.308,-13.120,0.000000
7652.817383,-30.916,12.668612,0.005165,8.207,-13.312,-13.124,0.000000
7679.312012,-31.154,25.606241,0.005303,8.207,-13.316,-13.128,0.000000
7705.883789,-31.262,35.232822,0.005364,8.207,-13.320,-13.132,0.000000
7732.562500,-30.966,32.751472,0.005179,8.207,-13.324,-13.136,0.000000
7759.333008,-31.080,43.563728,0.005242,8.207,-13.328,-13.140,0.000000
7786.189453,-30.964,79.160500,0.005168,8.207,-13.332,-13.144,0.000000
7813.138672,-31.477,80.655807,0.005478,8.207,-13.337,-13.148,0.000000
7840.188477,-30.559,85.095367,0.004924,8.207,-13.341,-13.152,0.000000
7867.331543,-29.621,76.317886,0.004416,8.207,-13.345,-13.156,0.000000
7894.561523,-28.835,65.571579,0.004031,8.207,-13.349,-13.160,0.000000
7921.885742,-28.654,54.441509,0.003944,8.207,-13.353,-13.164,0.000000
7949.312012,-28.538,52.823784,0.003888,8.207,-13.358,-13.168,0.000000
7976.833496,-28.577,44.979713,0.003902,8.207,-13.362,-13.172,0.000000
8004.442383,-28.895,34.977409,0.004043,8.207,-13.365,-13.176,0.000000
8032.146973,-29.311,27.330494,0.004237,8.207,-13.366,-13.176,0.000000
8059.955078,-29.522,17.899723,0.004337,8.207,-13.366,-13.176,0.000000
8087.859375,-30.337,6.525477,0.004758,8.207,-13.366,-13.177,0.000000
8115.844727,-31.351,-6.440921,0.005342,8.207,-13.367,-13.177,0.000000
8143.942383,-32.085,-5.547440,0.005806,8.207,-13.367,-13.177,0.000000
8172.137695,-32.740,1.489002,0.006254,8.207,-13.367,-13.177,0.000000
8200.422852,-33.045,42.041965,0.006470,8.207,-13.367,-13.178,0.000000
8228.805664,-32.073,76.888153,0.005778,8.207,-13.368,-13.178,0.000000
8257.293945,-31.000,80.194069,0.005100,8.207,-13.368,-13.178,0.000000
8285.881836,-31.261,84.005684,0.005249,8.207,-13.368,-13.179,0.000000
8314.560547,-30.753,94.813805,0.004945,8.207,-13.369,-13.179,0.000000
8343.337891,-29.807,84.012123,0.004430,8.207,-13.369,-13.179,0.000000
8372.223633,-29.685,76.518578,0.004364,8.207,-13.369,-13.179,0.000000
8401.208984,-28.960,59.876602,0.004010,8.207,-13.369,-13.180,0.000000
8430.278320,-29.160,46.892811,0.004099,8.207,-13.370,-13.180,0.000000
8459.464844,-29.036,42.801968,0.004037,8.207,-13.370,-13.180,0.000000
8488.752930,-29.637,30.422071,0.004322,8.207,-13.370,-13.181,0.000000
8518.141602,-29.881,33.365330,0.004440,8.207,-13.371,-13.181,0.000000
8547.616211,-29.898,24.244673,0.004443,8.207,-13.371,-13.181,0.000000
8577.208008,-30.614,20.899736,0.004818,8.207,-13.371,-13.181,0.000000
8606.903320,-30.711,16.410149,0.004865,8.207,-13.372,-13.182,0.000000
8636.693359,-31.970,17.125189,0.005616,8.207,-13.372,-13.182,0.000000
8666.594727,-31.863,20.110352,0.005540,8.207,-13.372,-13.182,0.000000
8696.590820,-32.021,26.605923,0.005634,8.207,-13.372,-13.183,0.000000
8726.699219,-32.761,31.584887,0.006126,8.207,-13.373,-13.183,0.000000
8756.903320,-32.320,32.817337,0.005814,8.207,-13.373,-13.183,0.000000
8787.211914,-32.104,34.283070,0.005664,8.207,-13.373,-13.183,0.000000
8817.634766,-32.193,51.914581,0.005715,8.207,-13.374,-13.184,0.000000
8848.162109,-32.651,57.765736,0.006016,8.207,-13.374,-13.184,0.000000
8878.778320,-32.333,71.470680,0.005791,8.207,-13.374,-13.184,0.000000
8909.517578,-31.557,83.904282,0.005289,8.207,-13.375,-13.185,0.000000
8940.363281,-30.790,75.885765,0.004835,8.207,-13.375,-13.185,0.000000
8971.306641,-30.621,79.501312,0.004734,8.207,-13.375,-13.185,0.000000
9002.366211,-30.446,82.445587,0.004633,8.207,-13.376,-13.185,0.000000
9033.524414,-31.145,77.434723,0.005013,8.207,-13.376,-13.186,0.000000
9064.799805,-31.709,64.446808,0.005341,8.207,-13.376,-13.186,0.000000
9096.173828,-31.799,62.822063,0.005388,8.207,-13.376,-13.186,0.000000
9127.657227,-31.887,62.588638,0.005435,8.207,-13.377,-13.187,0.000000
9159.257812,-31.780,59.447681,0.005360,8.207,-13.377,-13.187,0.000000
9190.967773,-33.007,52.000938,0.006164,8.207,-13.377,-13.187,0.000000
9222.770508,-32.900,66.879051,0.006079,8.207,-13.378,-13.188,0.000000
9254.701172,-32.254,68.165268,0.005634,8.207,-13.378,-13.188,0.000000
9286.741211,-31.535,64.081108,0.005178,8.207,-13.378,-13.188,0.000000
9318.892578,-31.836,59.152782,0.005353,8.207,-13.379,-13.189,0.000000
9351.137695,-31.522,48.060402,0.005154,8.207,-13.379,-13.189,0.000000
9383.512695,-31.197,53.031456,0.004956,8.207,-13.379,-13.189,0.000000
9415.999023,-31.273,40.787685,0.004992,8.207,-13.380,-13.189,0.000000
9448.588867,-32.024,49.614094,0.005433,8.207,-13.380,-13.190,0.000000
9481.300781,-31.987,46.127934,0.005401,8.207,-13.380,-13.190,0.000000
9514.117188,-32.600,51.227829,0.005785,8.207,-13.381,-13.190,0.000000
9547.055664,-32.513,55.300056,0.005718,8.207,-13.381,-13.191,0.000000
9580.099609,-32.619,62.154816,0.005779,8.207,-13.381,-13.191,0.000000
9613.257812,-32.485,64.042023,0.005682,8.207,-13.382,-13.191,0.000000
9646.540039,-32.989,61.096386,0.006012,8.207,-13.382,-13.192,0.000000
9679.936523,-32.707,57.701908,0.005811,8.207,-13.382,-13.192,0.000000
9713.431641,-32.144,70.241463,0.005438,8.207,-13.383,-13.192,0.000000
9747.060547,-32.009,77.020676,0.005346,8.207,-13.383,-13.193,0.000000
9780.805664,-31.472,72.044464,0.005017,8.207,-13.383,-13.193,0.000000
9814.658203,-32.829,68.687439,0.005857,8.207,-13.384,-13.193,0.000000
9848.637695,-32.712,82.450317,0.005769,8.207,-13.384,-13.194,0.000000
9882.724609,-32.363,85.680420,0.005533,8.207,-13.384,-13.194,0.000000
9916.939453,-31.646,88.322357,0.005087,8.207,-13.385,-13.194,0.000000
9951.263672,-31.118,80.066109,0.004780,8.207,-13.385,-13.195,0.000000
9985.706055,-31.304,74.509193,0.004876,8.207,-13.385,-13.195,0.000000
10020.278320,-31.438,79.600410,0.004945,8.207,-13.386,-13.195,0.000000
10054.968750,-30.486,88.316826,0.004426,8.207,-13.386,-13.196,0.000000
10089.770508,-30.163,94.113426,0.004259,8.207,-13.386,-13.196,0.000000
10124.692383,-29.308,84.308830,0.003855,8.207,-13.387,-13.196,0.000000
10159.745117,-29.153,69.315659,0.003783,8.207,-13.387,-13.197,0.000000
10194.918945,-29.350,57.220680,0.003865,8.207,-13.387,-13.197,0.000000
10230.205078,-29.248,91.907272,0.003815,8.207,-13.388,-13.197,0.000000
10265.613281,-29.468,98.576523,0.003909,8.207,-13.388,-13.198,0.000000
10301.154297,-28.992,84.090889,0.003698,8.207,-13.389,-13.198,0.000000
10336.807617,-29.466,70.930534,0.003902,8.207,-13.389,-13.198,0.000000
10372.594727,-29.842,68.702827,0.004071,8.207,-13.389,-13.199,0.000000
10408.496094,-29.906,58.308884,0.004097,8.207,-13.390,-13.199,0.000000
10444.531250,-30.496,58.380306,0.004382,8.207,-13.390,-13.199,0.000000
10480.680664,-30.103,59.058945,0.004185,8.207,-13.390,-13.200,0.000000
10516.956055,-30.079,49.093456,0.004172,8.207,-13.391,-13.200,0.000000
10553.367188,-30.439,34.100510,0.004346,8.207,-13.391,-13.200,0.000000
10589.903320,-30.741,17.892693,0.004499,8.207,-13.391,-13.201,0.000000
10626.546875,-30.483,11.990051,0.004366,8.207,-13.392,-13.201,0.000000
10663.336914,-30.547,10.854329,0.004397,8.207,-13.392,-13.201,0.000000
10700.253906,-31.233,30.767139,0.004756,8.207,-13.393,-13.202,0.000000
10737.299805,-30.811,109.946114,0.004530,8.207,-13.393,-13.202,0.000000
10774.462891,-30.644,145.791962,0.004444,8.207,-13.393,-13.203,0.000000
10811.754883,-30.605,127.681305,0.004424,8.207,-13.394,-13.203,0.000000
10849.185547,-30.347,117.906471,0.004294,8.207,-13.394,-13.203,0.000000
10886.736328,-30.546,109.693222,0.004394,8.207,-13.394,-13.204,0.000000
10924.427734,-31.008,102.604462,0.004634,8.207,-13.395,-13.204,0.000000
10962.238281,-31.014,100.015259,0.004637,8.207,-13.395,-13.204,0.000000
11000.190430,-30.852,91.952721,0.004554,8.207,-13.396,-13.205,0.000000
11038.263672,-31.694,86.835899,0.005021,8.207,-13.396,-13.205,0.000000
11076.468750,-31.459,81.830612,0.004890,8.207,-13.396,-13.205,0.000000
11114.816406,-31.781,86.228775,0.005078,8.207,-13.397,-13.206,0.000000
11153.296875,-31.673,80.716507,0.005019,8.207,-13.397,-13.206,0.000000
11191.900391,-31.928,86.882545,0.005172,8.207,-13.397,-13.207,0.000000
11230.636719,-32.125,78.251610,0.005295,8.207,-13.398,-13.207,0.000000
11269.518555,-31.466,76.101540,0.004913,8.207,-13.398,-13.207,0.000000
11308.523438,-31.941,76.325157,0.005194,8.207,-13.399,-13.208,0.000000
11347.674805,-31.724,73.341438,0.005071,8.207,-13.399,-13.208,0.000000
11386.951172,-31.800,66.726402,0.005121,8.207,-13.399,-13.208,0.000000
11426.373047,-31.244,62.670986,0.004809,8.207,-13.400,-13.209,0.000000
11465.921875,-31.789,56.229446,0.005125,8.207,-13.400,-13.209,0.000000
11505.606445,-31.373,47.481583,0.004891,8.207,-13.401,-13.210,0.000000
11545.440430,-31.357,52.576607,0.004889,8.207,-13.401,-13.210,0.000000
11585.412109,-31.755,49.188831,0.005126,8.207,-13.401,-13.210,0.000000
11625.521484,-32.034,62.415363,0.005300,8.207,-13.402,-13.211,0.000000
11665.748047,-31.769,76.755875,0.005148,8.207,-13.402,-13.211,0.000000
11706.135742,-30.957,77.013245,0.004695,8.207,-13.403,-13.211,0.000000
11746.664062,-31.673,73.785210,0.005106,8.207,-13.403,-13.212,0.000000
11787.320312,-32.187,145.167572,0.005426,8.207,-13.403,-13.212,0.000000
11828.118164,-32.272,146.209534,0.005490,8.207,-13.404,-13.213,0.000000
11869.068359,-32.690,131.689713,0.005772,8.207,-13.404,-13.213,0.000000
11910.148438,-32.279,123.146675,0.005515,8.207,-13.405,-13.213,0.000000
11951.382812,-31.814,115.483002,0.005237,8.207,-13.405,-13.214,0.000000
11992.748047,-31.978,103.455673,0.005347,8.207,-13.405,-13.214,0.000000
12034.268555,-32.919,99.008965,0.005971,8.207,-13.406,-13.215,0.000000
12075.931641,-33.511,105.405807,0.006405,8.207,-13.406,-13.215,0.000000
12117.716797,-32.913,99.855820,0.005992,8.207,-13.407,-13.215,0.000000
12159.669922,-33.007,90.019798,0.006069,8.207,-13.407,-13.216,0.000000
12201.767578,-33.177,88.896011,0.006202,8.207,-13.408,-13.216,0.000000
12243.999023,-33.082,88.268600,0.006147,8.207,-13.408,-13.217,0.000000
12286.377930,-31.819,86.285835,0.005326,8.207,-13.408,-13.217,0.000000
12328.914062,-31.709,77.977943,0.005270,8.207,-13.409,-13.217,0.000000
12371.597656,-31.703,71.450951,0.005279,8.207,-13.409,-13.218,0.000000
12414.417969,-31.256,71.948044,0.005025,8.207,-13.410,-13.218,0.000000
12457.385742,-31.135,57.118294,0.004967,8.207,-13.410,-13.219,0.000000
12500.514648,-31.594,54.130981,0.005248,8.207,-13.411,-13.219,0.000000
12543.780273,-30.950,72.368088,0.004884,8.207,-13.411,-13.220,0.000000
12587.196289,-30.879,73.037689,0.004855,8.207,-13.411,-13.220,0.000000
12630.774414,-31.511,58.838402,0.005233,8.207,-13.412,-13.220,0.000000
12674.502930,-32.458,78.232910,0.005849,8.207,-13.412,-13.221,0.000000
12718.383789,-32.527,90.316940,0.005909,8.207,-13.413,-13.221,0.000000
12762.391602,-32.562,83.272324,0.005946,8.207,-13.413,-13.222,0.000000
12806.576172,-33.484,135.169312,0.006626,8.207,-13.414,-13.222,0.000000
12850.914062,-32.812,131.113068,0.006147,8.207,-13.414,-13.222,0.000000
12895.392578,-32.735,117.034172,0.006107,8.207,-13.415,-13.223,0.000000
12940.025391,-32.292,118.398239,0.005815,8.207,-13.415,-13.223,0.000000
12984.825195,-31.735,111.595383,0.005465,8.207,-13.415,-13.224,0.000000
13029.767578,-31.300,105.977188,0.005209,8.207,-13.416,-13.224,0.000000
13074.876953,-31.373,98.544777,0.005263,8.207,-13.416,-13.225,0.000000
13120.131836,-31.446,121.328026,0.005319,8.207,-13.417,-13.225,0.000000
13165.554688,-30.781,124.734604,0.004937,8.207,-13.417,-13.226,0.000000
13211.134766,-30.413,110.466835,0.004742,8.207,-13.418,-13.226,0.000000
13256.847656,-30.764,92.608231,0.004948,8.207,-13.418,-13.226,0.000000
13302.744141,-31.156,90.666565,0.005187,8.207,-13.419,-13.227,0.000000
13348.799805,-31.693,83.794395,0.005529,8.207,-13.419,-13.227,0.000000
13395.001953,-31.713,78.872612,0.005554,8.207,-13.420,-13.228,0.000000
13441.363281,-31.834,113.047020,0.005643,8.207,-13.420,-13.228,0.000000
13487.899414,-31.439,112.081329,0.005403,8.207,-13.420,-13.229,0.000000
13534.595703,-31.204,91.816246,0.005270,8.207,-13.421,-13.229,0.000000
13581.440430,-31.284,75.559471,0.005328,8.207,-13.421,-13.230,0.000000
13628.447266,-31.531,74.659775,0.005493,8.207,-13.422,-13.230,0.000000
13675.630859,-31.300,62.805317,0.005358,8.207,-13.422,-13.230,0.000000
13722.976562,-32.125,64.592644,0.005903,8.207,-13.423,-13.231,0.000000
13770.473633,-32.549,152.467911,0.006211,8.207,-13.423,-13.231,0.000000
13818.135742,-31.977,133.459991,0.005826,8.207,-13.424,-13.232,0.000000
13865.975586,-31.781,122.680122,0.005706,8.207,-13.424,-13.232,0.000000
13913.980469,-32.536,128.986450,0.006234,8.207,-13.425,-13.233,0.000000
13962.125977,-32.557,129.471710,0.006260,8.207,-13.425,-13.233,0.000000
14010.463867,-32.721,117.500328,0.006390,8.207,-13.426,-13.234,0.000000
14058.969727,-33.203,120.468414,0.006767,8.207,-13.426,-13.234,0.000000
14107.628906,-32.471,109.471207,0.006231,8.207,-13.427,-13.235,0.000000
14156.458008,-32.553,97.603653,0.006300,8.207,-13.427,-13.235,0.000000
14205.468750,-33.280,83.709251,0.006860,8.207,-13.428,-13.236,0.000000
14254.635742,-34.148,91.522064,0.007591,8.207,-13.428,-13.236,0.000000
14303.986328,-34.258,106.698959,0.007698,8.207,-13.429,-13.236,0.000000
14353.495117,-34.094,116.547684,0.007565,8.207,-13.429,-13.237,0.000000
14403.188477,-33.410,123.923920,0.007001,8.207,-13.430,-13.237,0.000000
14453.052734,-32.875,121.527168,0.006593,8.207,-13.430,-13.238,0.000000
14503.063477,-32.740,106.412727,0.006499,8.207,-13.431,-13.238,0.000000
14553.274414,-32.694,101.442551,0.006474,8.207,-13.431,-13.239,0.000000
14603.659180,-33.047,99.571297,0.006752,8.207,-13.432,-13.239,0.000000
14654.218750,-33.281,83.773056,0.006946,8.207,-13.432,-13.240,0.000000
14704.924805,-33.053,74.685921,0.006775,8.207,-13.433,-13.240,0.000000
14755.834961,-33.213,78.327332,0.006911,8.207,-13.433,-13.241,0.000000
14806.920898,-33.834,71.048035,0.007433,8.207,-13.434,-13.241,0.000000
14858.168945,-34.671,64.341133,0.008196,8.207,-13.434,-13.242,0.000000
14909.609375,-35.366,80.104279,0.008892,8.207,-13.435,-13.242,0.000000
14961.213867,-34.880,121.007774,0.008419,8.207,-13.435,-13.243,0.000000
15013.010742,-34.025,129.588318,0.007640,8.207,-13.436,-13.243,0.000000
15064.973633,-33.607,129.701096,0.007291,8.207,-13.436,-13.244,0.000000
15117.115234,-33.748,128.586105,0.007421,8.207,-13.437,-13.244,0.000000
15169.452148,-34.129,112.865906,0.007764,8.207,-13.437,-13.245,0.000000
15221.969727,-34.263,114.469009,0.007895,8.207,-13.438,-13.245,0.000000
15274.640625,-34.114,122.339500,0.007769,8.207,-13.438,-13.246,0.000000
15327.523438,-34.129,117.926331,0.007792,8.207,-13.439,-13.246,0.000000
15380.588867,-34.311,114.868393,0.007967,8.207,-13.439,-13.247,0.000000
15433.823242,-34.186,118.956764,0.007862,8.207,-13.440,-13.247,0.000000
15487.241211,-34.113,125.632774,0.007806,8.207,-13.441,-13.248,0.000000
15540.859375,-33.932,118.935211,0.007655,8.207,-13.441,-13.248,0.000000
15594.664062,-34.124,126.974167,0.007837,8.207,-13.442,-13.249,0.000000
15648.638672,-32.924,131.319260,0.006835,8.207,-13.442,-13.249,0.000000
15702.800781,-32.692,121.492386,0.006664,8.207,-13.443,-13.250,0.000000
15757.166016,-32.702,116.054733,0.006681,8.207,-13.443,-13.250,0.000000
15811.718750,-32.637,114.738358,0.006640,8.207,-13.444,-13.251,0.000000
15866.429688,-33.267,105.278580,0.007150,8.207,-13.444,-13.251,0.000000
15921.361328,-33.519,108.760460,0.007369,8.207,-13.445,-13.252,0.000000
15976.482422,-33.320,109.898796,0.007211,8.207,-13.445,-13.253,0.000000
16031.793945,-32.977,108.779503,0.006940,8.207,-13.446,-13.253,0.000000
16087.267578,-32.907,113.154480,0.006893,8.207,-13.447,-13.254,0.000000
16142.962891,-32.643,113.360298,0.006694,8.207,-13.447,-13.254,0.000000
16198.851562,-32.337,118.834625,0.006470,8.207,-13.448,-13.255,0.000000
16254.917969,-31.193,146.489090,0.005679,8.207,-13.448,-13.255,0.000000
16311.194336,-30.038,145.068741,0.004980,8.207,-13.449,-13.256,0.000000
16367.649414,-29.717,138.720413,0.004807,8.207,-13.449,-13.256,0.000000
16424.316406,-29.383,155.761566,0.004633,8.207,-13.450,-13.257,0.000000
16481.162109,-28.629,158.435532,0.004254,8.207,-13.450,-13.257,0.000000
16538.205078,-28.102,151.935059,0.004009,8.207,-13.451,-13.258,0.000000
16595.462891,-28.082,153.624588,0.004006,8.207,-13.452,-13.258,0.000000
16652.917969,-26.761,152.287201,0.003446,8.207,-13.452,-13.259,0.000000
16710.539062,-26.117,134.655579,0.003205,8.207,-13.453,-13.260,0.000000
16768.392578,-25.444,121.208939,0.002970,8.207,-13.453,-13.260,0.000000
16826.447266,-24.924,124.774918,0.002801,8.207,-13.454,-13.261,0.000000
16884.685547,-24.405,133.280884,0.002642,8.207,-13.455,-13.261,0.000000
16943.142578,-23.956,132.593842,0.002512,8.207,-13.455,-13.262,0.000000
17001.785156,-23.876,123.063683,0.002493,8.207,-13.456,-13.262,0.000000
17060.646484,-23.940,111.177742,0.002515,8.207,-13.456,-13.263,0.000000
17119.695312,-23.831,88.206902,0.002487,8.207,-13.457,-13.264,0.000000
17178.949219,-23.865,175.555817,0.002500,8.207,-13.457,-13.264,0.000000
17238.423828,-23.662,-173.827118,0.002446,8.207,-13.458,-13.265,0.000000
17298.105469,-23.123,171.757523,0.002302,8.207,-13.459,-13.265,0.000000
17357.976562,-23.268,151.179596,0.002344,8.207,-13.459,-13.266,0.000000
17418.054688,-23.232,143.709686,0.002337,8.207,-13.460,-13.266,0.000000
17478.357422,-22.860,154.487656,0.002242,8.207,-13.460,-13.267,0.000000
17538.869141,-21.384,154.037445,0.001895,8.207,-13.461,-13.268,0.000000
17599.556641,-21.209,145.316101,0.001859,8.207,-13.462,-13.268,0.000000
17660.488281,-21.191,131.448380,0.001858,8.207,-13.462,-13.269,0.000000
17721.630859,-21.737,117.808266,0.001981,8.207,-13.463,-13.269,0.000000
17782.968750,-21.988,110.656044,0.002042,8.207,-13.464,-13.270,0.000000
17844.535156,-21.767,105.378441,0.001994,8.207,-13.464,-13.271,0.000000
17906.296875,-21.370,90.224510,0.001907,8.207,-13.465,-13.271,0.000000
17968.291016,-20.434,95.888847,0.001715,8.207,-13.465,-13.272,0.000000
18030.480469,-19.894,93.301125,0.001614,8.207,-13.466,-13.272,0.000000
18092.886719,-20.192,114.202644,0.001672,8.207,-13.467,-13.273,0.000000
18155.525391,-18.613,168.907394,0.001396,8.207,-13.467,-13.273,0.000000
18218.382812,-15.939,172.687851,0.001028,8.207,-13.468,-13.274,0.000000
18281.421875,-14.377,158.691299,0.000859,8.207,-13.469,-13.275,0.000000
18344.712891,-13.904,156.527023,0.000815,8.207,-13.469,-13.275,0.000000
18408.224609,-13.375,151.736221,0.000824,8.207,-13.470,-13.276,0.000000
18471.955078,-12.873,139.402832,0.000756,8.207,-13.470,-13.277,0.000000
18535.888672,-12.633,139.650925,0.000706,8.207,-13.471,-13.277,0.000000
18600.044922,-11.991,145.148666,0.000703,8.207,-13.472,-13.278,0.000000
18664.439453,-11.302,140.788956,0.000700,8.207,-13.472,-13.278,0.000000
18729.041016,-11.438,135.180817,0.000617,8.207,-13.473,-13.279,0.000000
18793.880859,-11.017,149.018005,0.000622,8.207,-13.474,-13.280,0.000000
18858.929688,-9.712,154.375031,0.000743,8.207,-13.474,-13.280,0.000000
18924.220703,-8.622,162.356644,0.000557,8.207,-13.475,-13.281,0.000000
18989.720703,-7.295,161.458084,0.000489,8.207,-13.476,-13.282,0.000000
19055.447266,-6.715,152.030975,0.000771,8.207,-13.476,-13.282,0.000000
19121.417969,-6.095,150.680710,0.000496,8.207,-13.477,-13.283,0.000000
19187.619141,-5.572,148.159836,0.000512,8.207,-13.478,-13.283,0.000000
19254.029297,-4.884,142.674194,0.000653,8.207,-13.478,-13.284,0.000000
19320.669922,-4.181,134.087173,0.001009,8.207,-13.479,-13.285,0.000000
19387.560547,-4.689,143.979416,0.000830,8.207,-13.480,-13.285,0.000000
19454.664062,-3.619,167.291275,0.001307,8.207,-13.480,-13.286,0.000000
19522.017578,-1.690,132.509995,0.001535,8.207,-13.481,-13.287,0.000000
19589.585938,-201.557,0.000000,0.000000,8.207,-13.482,-13.287,0.000000
19657.406250,-201.553,0.000000,0.000000,8.207,-13.482,-13.288,0.000000
19725.443359,-201.548,0.000000,0.000000,8.207,-13.483,-13.289,0.000000
19793.716797,-201.544,0.000000,0.000000,8.207,-13.484,-13.289,0.000000
19862.244141,-201.539,0.000000,0.000000,8.207,-13.484,-13.290,0.000000
19931.009766,-201.535,0.000000,0.000000,8.207,-13.485,-13.291,0.000000
19999.974609,-201.530,0.000000,0.000000,8.207,-13.486,-13.291,0.000000
