frequency_hz,spl_db,phase_deg,thd_percent,rt60_ms,c50_db,c80_db,group_delay_ms
20.000000,-14.557,-171.115891,0.001070,13.738,-1.459,-1.444,0.000000
20.069233,-15.726,158.824326,0.001224,13.738,-1.459,-1.444,0.000000
20.138704,-15.929,126.616989,0.001253,13.738,-1.459,-1.444,0.000000
20.208418,-16.750,94.362823,0.001378,13.738,-1.459,-1.444,0.000000
20.278366,-18.450,-162.443878,0.001676,13.738,-1.459,-1.444,0.000000
20.348562,-20.050,-130.136978,0.002016,13.738,-1.459,-1.444,0.000000
20.419001,-19.660,-85.523186,0.001927,13.738,-1.459,-1.444,0.000000
20.489683,-20.169,-168.855682,0.002044,13.738,-1.459,-1.444,0.000000
20.560612,-19.771,158.028824,0.001952,13.738,-1.459,-1.444,0.000000
20.631784,-21.265,-134.692749,0.002319,13.738,-1.459,-1.444,0.000000
20.703203,-22.220,-164.898148,0.002588,13.738,-1.459,-1.444,0.000000
20.774866,-24.248,-168.709778,0.003269,13.738,-1.459,-1.444,0.000000
20.846781,-24.075,-178.255829,0.003205,13.738,-1.459,-1.444,0.000000
20.918943,-25.323,-157.520523,0.003700,13.738,-1.459,-1.444,0.000000
20.991358,-25.749,-139.727417,0.003887,13.738,-1.459,-1.444,0.000000
21.064020,-24.812,179.506638,0.003490,13.738,-1.459,-1.444,0.000000
21.136936,-24.574,-164.591736,0.003396,13.738,-1.459,-1.444,0.000000
21.210104,-26.530,-161.136368,0.004255,13.738,-1.459,-1.444,0.000000
21.283520,-26.977,-139.290222,0.004480,13.738,-1.459,-1.444,0.000000
21.357197,-26.707,-160.567719,0.004344,13.738,-1.459,-1.444,0.000000
21.431126,-26.768,155.095840,0.004375,13.738,-1.459,-1.444,0.000000
21.505312,-25.472,-153.020905,0.003768,13.738,-1.459,-1.444,0.000000
21.579756,-25.848,36.131920,0.003935,13.738,-1.459,-1.444,0.000000
21.654457,-25.836,-11.785201,0.003929,13.738,-1.459,-1.444,0.000000
21.729416,-26.214,-59.795792,0.004104,13.738,-1.459,-1.444,0.000000
21.804630,-26.574,-2.760762,0.004278,13.738,-1.459,-1.444,0.000000
21.880110,-27.802,-24.201233,0.004928,13.738,-1.459,-1.444,0.000000
21.955851,-28.370,-35.166779,0.005261,13.738,-1.459,-1.444,0.000000
22.031853,-27.358,-22.424063,0.004683,13.738,-1.459,-1.444,0.000000
22.108118,-27.734,-24.232666,0.004892,13.738,-1.459,-1.444,0.000000
22.184649,-27.613,-12.250603,0.004825,13.738,-1.459,-1.444,0.000000
22.261442,-28.665,-16.465321,0.005447,13.738,-1.459,-1.444,0.000000
22.338503,-29.850,-15.598294,0.006244,13.738,-1.459,-1.444,0.000000
22.415825,-29.183,-36.776295,0.005784,13.738,-1.459,-1.444,0.000000
22.493420,-29.199,-28.893290,0.005795,13.738,-1.459,-1.444,0.000000
22.571283,-28.899,-32.989525,0.005599,13.738,-1.459,-1.444,0.000000
22.649418,-28.898,-32.989525,0.005599,13.738,-1.459,-1.444,0.000000
22.727821,-27.805,-48.991467,0.004938,13.738,-1.459,-1.444,0.000000
22.806496,-27.210,-58.623470,0.004612,13.738,-1.459,-1.444,0.000000
22.885437,-28.567,-41.823986,0.005392,13.738,-1.459,-1.444,0.000000
22.964659,-28.620,-77.416565,0.005426,13.738,-1.459,-1.444,0.000000
23.044153,-29.240,-90.481781,0.005829,13.738,-1.459,-1.444,0.000000
23.123922,-29.511,-79.997864,0.006014,13.738,-1.459,-1.444,0.000000
23.203970,-30.020,-89.473946,0.006378,13.738,-1.459,-1.444,0.000000
23.284292,-30.047,-106.243896,0.006400,13.738,-1.459,-1.444,0.000000
23.364893,-30.031,-149.582199,0.006389,13.738,-1.459,-1.444,0.000000
23.445774,-30.207,-174.362671,0.006522,13.738,-1.459,-1.444,0.000000
23.526928,-30.666,-159.794479,0.006876,13.738,-1.459,-1.444,0.000000
23.608370,-31.401,139.034210,0.007483,13.738,-1.459,-1.444,0.000000
23.690092,-31.274,-163.129593,0.007375,13.738,-1.459,-1.444,0.000000
23.772099,-31.360,-133.836243,0.007448,13.738,-1.459,-1.444,0.000000
23.854389,-32.570,-111.189392,0.008561,13.738,-1.459,-1.444,0.000000
23.936964,-32.907,-63.445320,0.008900,13.738,-1.459,-1.444,0.000000
24.019825,-32.945,-143.139603,0.008939,13.738,-1.459,-1.444,0.000000
24.102966,-32.934,-178.802780,0.008928,13.738,-1.459,-1.444,0.000000
24.186401,-33.541,-90.659485,0.009576,13.738,-1.459,-1.444,0.000000
24.270124,-33.409,-53.353901,0.009433,13.738,-1.459,-1.444,0.000000
24.354139,-34.919,-132.241409,0.011227,13.738,-1.459,-1.444,0.000000
24.438444,-34.683,-121.629555,0.010927,13.738,-1.459,-1.444,0.000000
24.523041,-35.077,-158.366364,0.011437,13.738,-1.459,-1.444,0.000000
24.607929,-33.933,-176.071259,0.010028,13.738,-1.459,-1.444,0.000000
24.693108,-34.575,159.327484,0.010798,13.738,-1.459,-1.444,0.000000
24.778585,-34.191,165.265076,0.010334,13.738,-1.459,-1.444,0.000000
24.864359,-33.485,160.745346,0.009528,13.738,-1.459,-1.444,0.000000
24.950430,-33.215,163.501465,0.009238,13.738,-1.459,-1.444,0.000000
25.036798,-32.807,170.116333,0.008816,13.738,-1.459,-1.444,0.000000
25.123466,-32.653,141.138535,0.008662,13.738,-1.459,-1.444,0.000000
25.210434,-32.049,135.914825,0.008082,13.738,-1.459,-1.444,0.000000
25.297697,-32.858,108.279541,0.008871,13.738,-1.459,-1.444,0.000000
25.385267,-32.042,82.770477,0.008077,13.738,-1.459,-1.444,0.000000
25.473143,-33.224,95.043823,0.009256,13.738,-1.459,-1.444,0.000000
25.561321,-32.788,47.968441,0.008805,13.738,-1.459,-1.444,0.000000
25.649803,-32.884,89.405540,0.008905,13.738,-1.459,-1.444,0.000000
25.738594,-33.258,121.114235,0.009298,13.738,-1.459,-1.444,0.000000
25.827690,-33.511,90.655823,0.009575,13.738,-1.459,-1.444,0.000000
25.917089,-33.702,58.229935,0.009789,13.738,-1.459,-1.444,0.000000
26.006805,-34.156,46.398701,0.010316,13.738,-1.459,-1.444,0.000000
26.096830,-34.734,51.692974,0.011027,13.738,-1.459,-1.444,0.000000
26.187168,-34.415,19.052177,0.010632,13.738,-1.459,-1.444,0.000000
26.277819,-34.467,28.284117,0.010698,13.738,-1.459,-1.444,0.000000
26.368782,-35.381,-10.534564,0.011887,13.738,-1.459,-1.444,0.000000
26.460054,-35.423,-18.961737,0.011945,13.738,-1.459,-1.444,0.000000
26.551649,-36.277,-7.131008,0.013180,13.738,-1.459,-1.444,0.000000
26.643560,-36.409,-6.625039,0.013380,13.738,-1.459,-1.444,0.000000
26.735790,-36.025,-21.441410,0.012803,13.738,-1.459,-1.444,0.000000
26.828339,-36.372,-40.882278,0.013323,13.738,-1.459,-1.444,0.000000
26.921207,-36.148,-52.849888,0.012985,13.738,-1.459,-1.444,0.000000
27.014399,-35.697,-81.324173,0.012329,13.738,-1.459,-1.444,0.000000
27.107912,-35.629,-79.803062,0.012234,13.738,-1.459,-1.444,0.000000
27.201744,-36.402,-76.385971,0.013375,13.738,-1.459,-1.444,0.000000
27.295906,-36.233,-63.064003,0.013120,13.738,-1.459,-1.444,0.000000
27.390394,-36.103,-73.273796,0.012928,13.738,-1.459,-1.444,0.000000
27.485209,-36.059,-75.683517,0.012864,13.738,-1.459,-1.444,0.000000
27.580351,-35.263,-90.809067,0.011740,13.738,-1.459,-1.444,0.000000
27.675825,-35.208,-103.103294,0.011667,13.738,-1.459,-1.444,0.000000
27.771622,-35.845,-127.164726,0.012557,13.738,-1.459,-1.444,0.000000
27.867756,-35.526,-142.995667,0.012107,13.738,-1.459,-1.444,0.000000
27.964224,-35.231,-124.370277,0.011704,13.738,-1.459,-1.444,0.000000
28.061024,-35.317,-78.692299,0.011822,13.738,-1.459,-1.444,0.000000
28.158161,-35.464,-101.179283,0.012026,13.738,-1.459,-1.444,0.000000
28.255634,-35.689,-114.144913,0.012344,13.738,-1.459,-1.444,0.000000
28.353443,-35.922,-112.293465,0.012682,13.738,-1.459,-1.444,0.000000
28.451593,-34.987,-111.620178,0.011389,13.738,-1.459,-1.444,0.000000
28.550081,-35.409,-104.041550,0.011959,13.738,-1.459,-1.444,0.000000
28.648903,-35.719,-74.835609,0.012396,13.738,-1.459,-1.444,0.000000
28.748075,-34.945,-72.106339,0.011341,13.738,-1.459,-1.444,0.000000
28.847589,-35.301,-85.871353,0.011818,13.738,-1.459,-1.444,0.000000
28.947449,-35.347,-89.875710,0.011882,13.738,-1.459,-1.444,0.000000
29.047655,-35.417,-103.773438,0.011978,13.738,-1.459,-1.444,0.000000
29.148207,-34.377,-102.601570,0.010626,13.738,-1.459,-1.444,0.000000
29.249100,-34.143,-100.260735,0.010344,13.738,-1.459,-1.444,0.000000
29.350348,-32.657,-90.214836,0.008718,13.738,-1.459,-1.444,0.000000
29.451948,-30.981,-89.209976,0.007187,13.738,-1.459,-1.444,0.000000
29.553900,-30.739,-107.303146,0.006990,13.738,-1.459,-1.444,0.000000
29.656204,-29.884,-118.997574,0.006335,13.738,-1.459,-1.444,0.000000
29.758862,-29.509,-124.081482,0.006069,13.738,-1.459,-1.444,0.000000
29.861876,-29.114,-128.110413,0.005800,13.738,-1.459,-1.444,0.000000
29.965246,-28.034,-131.462936,0.005123,13.738,-1.459,-1.444,0.000000
30.068968,-27.143,-135.588974,0.004624,13.738,-1.459,-1.444,0.000000
30.173054,-26.593,-135.666534,0.004341,13.738,-1.459,-1.444,0.000000
30.277502,-26.203,-139.181808,0.004151,13.738,-1.459,-1.444,0.000000
30.382311,-25.116,-152.964462,0.003663,13.738,-1.459,-1.444,0.000000
30.487482,-25.216,-160.068726,0.003707,13.738,-1.459,-1.444,0.000000
30.593019,-24.524,-158.729141,0.003423,13.738,-1.459,-1.444,0.000000
30.698914,-23.636,-163.201187,0.003091,13.738,-1.459,-1.444,0.000000
30.805182,-23.184,-172.428986,0.002935,13.738,-1.459,-1.444,0.000000
30.911816,-22.854,-177.933914,0.002826,13.738,-1.459,-1.444,0.000000
31.018822,-22.587,-178.227737,0.002741,13.738,-1.459,-1.444,0.000000
31.126196,-22.130,172.396194,0.002601,13.738,-1.459,-1.444,0.000000
31.233944,-20.870,171.620819,0.002250,13.738,-1.459,-1.444,0.000000
31.342064,-21.037,162.108948,0.002294,13.738,-1.459,-1.444,0.000000
31.450558,-20.812,161.506180,0.002236,13.738,-1.459,-1.444,0.000000
31.559420,-20.344,158.632812,0.002119,13.738,-1.459,-1.444,0.000000
31.668667,-19.537,153.317673,0.001931,13.738,-1.459,-1.444,0.000000
31.778292,-19.985,142.491486,0.002034,13.738,-1.459,-1.444,0.000000
31.888296,-19.653,146.947968,0.001958,13.738,-1.459,-1.444,0.000000
31.998680,-19.151,145.563904,0.001848,13.738,-1.459,-1.444,0.000000
32.109447,-18.541,140.130890,0.001723,13.738,-1.459,-1.444,0.000000
32.220600,-17.890,138.401825,0.001599,13.738,-1.459,-1.444,0.000000
32.332127,-17.833,134.415695,0.001589,13.738,-1.459,-1.444,0.000000
32.444046,-16.856,134.174408,0.001420,13.738,-1.459,-1.444,0.000000
32.556355,-16.434,128.961807,0.001353,13.738,-1.459,-1.444,0.000000
32.669052,-16.146,123.455528,0.001309,13.738,-1.459,-1.444,0.000000
32.782143,-16.266,120.080933,0.001327,13.738,-1.459,-1.444,0.000000
32.895622,-15.669,119.613625,0.001239,13.738,-1.459,-1.444,0.000000
33.009491,-15.112,115.014671,0.001162,13.738,-1.459,-1.444,0.000000
33.123760,-15.003,107.813393,0.001147,13.738,-1.459,-1.444,0.000000
33.238411,-14.787,105.322449,0.001119,13.738,-1.459,-1.444,0.000000
33.353470,-14.603,100.043938,0.001096,13.738,-1.459,-1.444,0.000000
33.468929,-14.373,96.635017,0.001067,13.738,-1.459,-1.444,0.000000
33.584785,-14.216,91.832733,0.001048,13.738,-1.459,-1.444,0.000000
33.701042,-14.134,88.436157,0.001039,13.738,-1.459,-1.444,0.000000
33.817696,-13.908,86.479446,0.001012,13.738,-1.459,-1.444,0.000000
33.934757,-13.334,80.947273,0.000948,13.738,-1.459,-1.444,0.000000
34.052227,-13.039,76.755867,0.000916,13.738,-1.459,-1.444,0.000000
34.170105,-13.111,72.512314,0.000924,13.738,-1.459,-1.444,0.000000
34.288387,-12.781,68.159668,0.000890,13.738,-1.459,-1.444,0.000000
34.407082,-12.659,62.032391,0.000878,13.738,-1.459,-1.444,0.000000
34.526184,-12.486,58.423893,0.000860,13.738,-1.459,-1.444,0.000000
34.645702,-12.369,56.136581,0.000849,13.738,-1.459,-1.444,0.000000
34.765621,-12.187,48.852879,0.000832,13.738,-1.459,-1.444,0.000000
34.885967,-12.161,45.445488,0.000829,13.738,-1.459,-1.444,0.000000
35.006729,-11.960,42.705315,0.000810,13.738,-1.459,-1.444,0.000000
35.127911,-11.929,36.418598,0.000808,13.738,-1.459,-1.444,0.000000
35.249508,-11.843,33.113632,0.000800,13.738,-1.459,-1.444,0.000000
35.371529,-11.908,29.386875,0.000806,13.738,-1.459,-1.444,0.000000
35.493965,-11.939,24.677280,0.000809,13.738,-1.459,-1.444,0.000000
35.616829,-11.737,22.285412,0.000790,13.738,-1.459,-1.444,0.000000
35.740120,-11.719,17.748369,0.000789,13.738,-1.459,-1.444,0.000000
35.863842,-11.934,13.482902,0.000809,13.738,-1.459,-1.444,0.000000
35.987988,-11.854,10.652944,0.000802,13.738,-1.459,-1.444,0.000000
36.112564,-11.905,6.757460,0.000806,13.738,-1.459,-1.444,0.000000
36.237572,-11.898,3.686501,0.000806,13.738,-1.459,-1.444,0.000000
36.363010,-11.819,1.164548,0.000799,13.738,-1.459,-1.444,0.000000
36.488888,-11.984,-3.167713,0.000814,13.738,-1.459,-1.444,0.000000
36.615189,-11.834,-6.506676,0.000800,13.738,-1.459,-1.444,0.000000
36.741936,-11.969,-10.922208,0.000813,13.738,-1.459,-1.444,0.000000
36.869122,-12.014,-13.091931,0.000817,13.738,-1.459,-1.444,0.000000
36.996750,-12.161,-16.540535,0.000831,13.738,-1.459,-1.444,0.000000
37.124817,-12.177,-19.318699,0.000832,13.738,-1.459,-1.444,0.000000
37.253323,-12.324,-22.637346,0.000847,13.738,-1.459,-1.444,0.000000
37.382278,-12.229,-24.665159,0.000838,13.738,-1.459,-1.444,0.000000
37.511681,-12.344,-27.735023,0.000849,13.738,-1.459,-1.444,0.000000
37.641533,-12.410,-30.344774,0.000855,13.738,-1.459,-1.444,0.000000
37.771832,-12.342,-32.290138,0.000849,13.738,-1.459,-1.444,0.000000
37.902584,-12.397,-35.946980,0.000854,13.738,-1.459,-1.444,0.000000
38.033791,-12.344,-37.299526,0.000849,13.738,-1.459,-1.444,0.000000
38.165447,-12.300,-39.486416,0.000845,13.738,-1.459,-1.444,0.000000
38.297562,-12.235,-42.518021,0.000839,13.738,-1.459,-1.444,0.000000
38.430122,-12.115,-44.788471,0.000828,13.738,-1.459,-1.444,0.000000
38.563152,-12.040,-49.263630,0.000821,13.738,-1.459,-1.444,0.000000
38.696644,-12.067,-51.537155,0.000824,13.738,-1.459,-1.444,0.000000
38.830597,-12.019,-55.131577,0.000819,13.738,-1.459,-1.444,0.000000
38.965015,-12.015,-56.732826,0.000819,13.738,-1.459,-1.444,0.000000
39.099895,-11.956,-59.682655,0.000813,13.738,-1.459,-1.444,0.000000
39.235237,-11.933,-62.249229,0.000811,13.738,-1.459,-1.444,0.000000
39.371052,-11.934,-64.974579,0.000812,13.738,-1.459,-1.444,0.000000
39.507339,-11.982,-67.326698,0.000816,13.738,-1.459,-1.444,0.000000
39.644100,-12.023,-69.312332,0.000820,13.738,-1.459,-1.444,0.000000
39.781334,-12.087,-71.266418,0.000826,13.738,-1.459,-1.444,0.000000
39.919041,-12.094,-72.868507,0.000827,13.738,-1.459,-1.444,0.000000
40.057224,-12.062,-74.965782,0.000824,13.738,-1.459,-1.444,0.000000
40.195889,-12.063,-76.734268,0.000825,13.738,-1.459,-1.444,0.000000
40.335030,-12.235,-77.443634,0.000841,13.738,-1.459,-1.444,0.000000
40.474644,-12.012,-79.574577,0.000820,13.738,-1.459,-1.444,0.000000
40.614754,-12.062,-82.512062,0.000825,13.738,-1.459,-1.444,0.000000
40.755344,-12.123,-83.948288,0.000831,13.738,-1.459,-1.444,0.000000
40.896423,-12.209,-85.957413,0.000839,13.738,-1.459,-1.444,0.000000
41.037983,-12.175,-86.977715,0.000836,13.738,-1.459,-1.444,0.000000
41.180042,-12.266,-89.437149,0.000845,13.738,-1.459,-1.444,0.000000
41.322590,-12.311,-90.746475,0.000849,13.738,-1.459,-1.444,0.000000
41.465633,-12.329,-93.011444,0.000851,13.738,-1.459,-1.444,0.000000
41.609173,-12.399,-94.345398,0.000858,13.738,-1.459,-1.444,0.000000
41.753204,-12.579,-97.165512,0.000876,13.738,-1.459,-1.444,0.000000
41.897739,-12.542,-98.297577,0.000872,13.738,-1.459,-1.444,0.000000
42.042774,-12.503,-99.163795,0.000868,13.738,-1.459,-1.444,0.000000
42.188309,-12.351,-101.547211,0.000854,13.738,-1.459,-1.444,0.000000
42.334339,-12.270,-103.020920,0.000846,13.738,-1.459,-1.444,0.000000
42.480885,-12.170,-104.897430,0.000836,13.738,-1.459,-1.444,0.000000
42.627937,-12.160,-106.869003,0.000835,13.738,-1.459,-1.444,0.000000
42.775497,-12.052,-109.114166,0.000825,13.738,-1.459,-1.444,0.000000
42.923573,-11.943,-111.026825,0.000815,13.738,-1.459,-1.444,0.000000
43.072155,-11.919,-113.211334,0.000813,13.738,-1.459,-1.444,0.000000
43.221245,-11.818,-114.685295,0.000804,13.738,-1.459,-1.444,0.000000
43.370861,-11.873,-116.446854,0.000809,13.738,-1.459,-1.444,0.000000
43.520992,-11.848,-118.358757,0.000807,13.738,-1.459,-1.444,0.000000
43.671646,-11.782,-119.733734,0.000801,13.738,-1.459,-1.444,0.000000
43.822823,-11.701,-122.182915,0.000794,13.738,-1.459,-1.444,0.000000
43.974518,-11.763,-124.044617,0.000799,13.738,-1.459,-1.444,0.000000
44.126743,-11.793,-126.144615,0.000802,13.738,-1.459,-1.444,0.000000
44.279491,-11.723,-128.272476,0.000796,13.738,-1.459,-1.444,0.000000
44.432770,-11.814,-130.635071,0.000804,13.738,-1.459,-1.444,0.000000
44.586567,-11.846,-132.836914,0.000808,13.738,-1.459,-1.444,0.000000
44.740910,-11.817,-133.743866,0.000805,13.738,-1.459,-1.444,0.000000
44.895786,-11.761,-136.515167,0.000800,13.738,-1.459,-1.444,0.000000
45.051197,-11.693,-139.228317,0.000794,13.738,-1.459,-1.444,0.000000
45.207138,-11.761,-140.564835,0.000800,13.738,-1.459,-1.444,0.000000
45.363636,-11.700,-142.274887,0.000795,13.738,-1.459,-1.444,0.000000
45.520660,-11.623,-144.607529,0.000788,13.738,-1.459,-1.444,0.000000
45.678234,-11.682,-146.186798,0.000793,13.738,-1.459,-1.444,0.000000
45.836353,-11.539,-147.272263,0.000781,13.738,-1.459,-1.444,0.000000
45.995022,-11.493,-149.238998,0.000777,13.738,-1.459,-1.444,0.000000
46.154240,-11.419,-150.358109,0.000770,13.738,-1.459,-1.444,0.000000
46.314007,-11.357,-152.281815,0.000764,13.738,-1.459,-1.444,0.000000
46.474327,-11.187,-153.709946,0.000750,13.738,-1.459,-1.444,0.000000
46.635193,-11.186,-155.337372,0.000750,13.738,-1.459,-1.444,0.000000
46.796627,-11.004,-156.172150,0.000734,13.738,-1.459,-1.444,0.000000
46.958618,-10.936,-157.986359,0.000728,13.738,-1.459,-1.444,0.000000
47.121170,-10.792,-159.402542,0.000716,13.738,-1.459,-1.444,0.000000
47.284286,-10.771,-161.112823,0.000715,13.738,-1.459,-1.444,0.000000
47.447968,-10.746,-162.769669,0.000713,13.738,-1.459,-1.444,0.000000
47.612202,-10.616,-164.347076,0.000702,13.738,-1.459,-1.444,0.000000
47.777020,-10.622,-167.030609,0.000703,13.738,-1.459,-1.444,0.000000
47.942402,-10.592,-168.859039,0.000701,13.738,-1.459,-1.444,0.000000
48.108360,-10.606,-170.589172,0.000702,13.738,-1.459,-1.444,0.000000
48.274895,-10.552,-172.192062,0.000698,13.738,-1.459,-1.444,0.000000
48.442005,-10.556,-173.573990,0.000698,13.738,-1.459,-1.444,0.000000
48.609692,-10.493,-176.432281,0.000693,13.738,-1.459,-1.444,0.000000
48.777958,-10.523,-178.711395,0.000696,13.738,-1.459,-1.444,0.000000
48.946812,-10.568,179.619980,0.000700,13.738,-1.459,-1.444,0.000000
49.116234,-10.378,177.597061,0.000685,13.738,-1.459,-1.444,0.000000
49.286255,-10.349,174.631622,0.000682,13.738,-1.459,-1.444,0.000000
49.456863,-10.296,172.011978,0.000678,13.738,-1.459,-1.444,0.000000
49.628067,-10.313,169.995605,0.000680,13.738,-1.459,-1.444,0.000000
49.799858,-10.261,168.188324,0.000676,13.738,-1.459,-1.444,0.000000
49.972248,-10.192,165.861053,0.000671,13.738,-1.459,-1.444,0.000000
50.145218,-10.166,164.712234,0.000669,13.738,-1.459,-1.444,0.000000
50.318802,-10.136,163.179337,0.000666,13.738,-1.459,-1.444,0.000000
50.492989,-10.092,161.373505,0.000663,13.738,-1.459,-1.444,0.000000
50.667774,-10.082,158.988403,0.000662,13.738,-1.459,-1.444,0.000000
50.843166,-10.263,158.022537,0.000676,13.738,-1.459,-1.444,0.000000
51.019169,-10.233,156.801239,0.000674,13.738,-1.459,-1.444,0.000000
51.195774,-10.314,154.930206,0.000680,13.738,-1.459,-1.444,0.000000
51.372997,-10.328,153.269272,0.000681,13.738,-1.459,-1.444,0.000000
51.550816,-10.367,152.306824,0.000684,13.738,-1.459,-1.444,0.000000
51.729267,-10.409,150.223236,0.000688,13.738,-1.459,-1.444,0.000000
51.908333,-10.463,149.275497,0.000692,13.738,-1.459,-1.444,0.000000
52.088020,-10.403,147.705765,0.000688,13.738,-1.459,-1.444,0.000000
52.268330,-10.372,146.012939,0.000685,13.738,-1.459,-1.444,0.000000
52.449261,-10.294,145.078552,0.000679,13.738,-1.459,-1.444,0.000000
52.630810,-10.222,143.806244,0.000674,13.738,-1.459,-1.444,0.000000
52.812996,-10.106,142.546448,0.000665,13.738,-1.459,-1.444,0.000000
52.995815,-10.007,140.361664,0.000658,13.738,-1.459,-1.444,0.000000
53.179264,-9.975,138.752274,0.000655,13.738,-1.459,-1.444,0.000000
53.363350,-9.940,137.044678,0.000653,13.738,-1.459,-1.444,0.000000
53.548077,-9.848,135.245651,0.000646,13.738,-1.459,-1.444,0.000000
53.733437,-9.820,132.610794,0.000644,13.738,-1.459,-1.444,0.000000
53.919441,-9.824,130.878540,0.000644,13.738,-1.459,-1.444,0.000000
54.106079,-9.769,129.224655,0.000641,13.738,-1.459,-1.444,0.000000
54.293373,-9.687,127.356384,0.000635,13.738,-1.459,-1.444,0.000000
54.481316,-9.612,125.208115,0.000629,13.738,-1.459,-1.444,0.000000
54.669895,-9.613,123.135002,0.000629,13.738,-1.459,-1.444,0.000000
54.859169,-9.519,121.482674,0.000623,13.738,-1.459,-1.444,0.000000
55.049042,-9.444,118.761154,0.000617,13.738,-1.459,-1.444,0.000000
55.239601,-9.376,116.754883,0.000613,13.738,-1.459,-1.444,0.000000
55.430820,-9.318,114.594322,0.000609,13.738,-1.459,-1.444,0.000000
55.622700,-9.237,112.420517,0.000603,13.738,-1.459,-1.444,0.000000
55.815247,-9.190,110.069580,0.000600,13.738,-1.459,-1.444,0.000000
56.008457,-9.159,107.643410,0.000598,13.738,-1.459,-1.444,0.000000
56.202335,-9.114,104.501564,0.000595,13.738,-1.459,-1.444,0.000000
56.396889,-9.085,101.796623,0.000593,13.738,-1.459,-1.444,0.000000
56.592110,-9.122,98.392761,0.000596,13.738,-1.459,-1.444,0.000000
56.788010,-9.141,95.774048,0.000597,13.738,-1.459,-1.444,0.000000
56.984589,-9.213,92.728828,0.000602,13.738,-1.459,-1.444,0.000000
57.181820,-9.374,90.309357,0.000613,13.738,-1.459,-1.444,0.000000
57.379791,-9.462,88.106842,0.000620,13.738,-1.459,-1.444,0.000000
57.578388,-9.761,84.963707,0.000641,13.738,-1.459,-1.444,0.000000
57.777702,-10.077,82.788368,0.000665,13.738,-1.459,-1.444,0.000000
57.977707,-10.339,81.201454,0.000685,13.738,-1.459,-1.444,0.000000
58.178406,-10.668,79.917847,0.000712,13.738,-1.459,-1.444,0.000000
58.379795,-10.979,79.346199,0.000738,13.738,-1.459,-1.444,0.000000
58.581886,-11.359,78.841629,0.000771,13.738,-1.459,-1.444,0.000000
58.784672,-11.665,78.964325,0.000799,13.738,-1.459,-1.444,0.000000
58.988163,-11.941,78.960854,0.000825,13.738,-1.459,-1.444,0.000000
59.192356,-12.271,79.760925,0.000857,13.738,-1.459,-1.444,0.000000
59.397259,-12.383,80.725037,0.000868,13.738,-1.459,-1.444,0.000000
59.602867,-12.462,81.679520,0.000877,13.738,-1.459,-1.444,0.000000
59.809193,-12.500,82.846245,0.000881,13.738,-1.459,-1.444,0.000000
60.016228,-12.327,84.275864,0.000863,13.738,-1.459,-1.444,0.000000
60.223953,-12.186,84.671204,0.000850,13.738,-1.459,-1.444,0.000000
60.432423,-12.035,85.376465,0.000835,13.738,-1.459,-1.444,0.000000
60.641617,-11.761,85.925095,0.000809,13.738,-1.459,-1.444,0.000000
60.851536,-11.481,86.096352,0.000784,13.738,-1.459,-1.444,0.000000
61.062180,-11.231,85.600655,0.000762,13.738,-1.459,-1.444,0.000000
61.273556,-10.986,84.951050,0.000741,13.738,-1.459,-1.444,0.000000
61.485661,-10.675,84.621750,0.000715,13.738,-1.459,-1.444,0.000000
61.698502,-10.342,82.857071,0.000688,13.738,-1.459,-1.444,0.000000
61.912075,-9.977,81.158607,0.000660,13.738,-1.459,-1.444,0.000000
62.126392,-9.768,79.603180,0.000644,13.738,-1.459,-1.444,0.000000
62.341450,-9.448,77.251625,0.000621,13.738,-1.459,-1.444,0.000000
62.557251,-9.144,74.301025,0.000600,13.738,-1.459,-1.444,0.000000
62.773800,-8.910,71.752464,0.000584,13.738,-1.459,-1.444,0.000000
62.991070,-8.606,67.540916,0.000564,13.738,-1.459,-1.444,0.000000
63.209152,-8.405,64.637817,0.000551,13.728,-1.409,-1.395,0.000000
63.427925,-8.282,61.281704,0.000543,13.717,-1.357,-1.342,0.000000
63.647522,-8.179,56.374378,0.000537,13.707,-1.305,-1.290,0.000000
63.867813,-8.166,52.921406,0.000536,13.696,-1.252,-1.238,0.000000
64.088898,-8.270,48.496159,0.000543,13.686,-1.200,-1.185,0.000000
64.310753,-8.399,44.593342,0.000551,13.675,-1.147,-1.132,0.000000
64.533371,-8.611,41.636112,0.000565,13.665,-1.094,-1.079,0.000000
64.756760,-8.924,38.876888,0.000586,13.654,-1.041,-1.026,0.000000
64.980919,-9.079,37.925888,0.000596,13.643,-0.988,-0.973,0.000000
65.205864,-9.302,35.266541,0.000612,13.632,-0.934,-0.919,0.000000
65.431580,-9.643,32.886559,0.000637,13.622,-0.881,-0.866,0.000000
65.658081,-9.756,31.168713,0.000645,13.611,-0.827,-0.812,0.000000
65.885361,-9.931,29.005966,0.000658,13.600,-0.773,-0.758,0.000000
66.113434,-9.807,28.129810,0.000649,13.589,-0.719,-0.703,0.000000
66.342262,-9.494,26.593248,0.000626,13.578,-0.664,-0.649,0.000000
66.571945,-9.465,24.527895,0.000624,13.567,-0.610,-0.594,0.000000
66.802353,-9.504,22.232517,0.000627,13.556,-0.555,-0.539,0.000000
67.033600,-9.522,19.656755,0.000629,13.545,-0.500,-0.484,0.000000
67.265648,-9.654,17.552362,0.000638,13.534,-0.445,-0.429,0.000000
67.498489,-9.708,16.436703,0.000642,13.523,-0.389,-0.374,0.000000
67.732147,-9.768,15.214926,0.000647,13.512,-0.334,-0.318,0.000000
67.966606,-9.903,13.171962,0.000657,13.500,-0.278,-0.262,0.000000
68.201881,-10.293,11.202040,0.000687,13.489,-0.222,-0.206,0.000000
68.437973,-10.501,9.636201,0.000704,13.478,-0.166,-0.150,0.000000
68.674881,-10.907,8.556444,0.000738,13.467,-0.110,-0.094,0.000000
68.912605,-10.980,7.373671,0.000744,13.455,-0.053,-0.037,0.000000
69.151154,-11.090,5.347265,0.000754,13.444,0.003,0.020,0.000000
69.390495,-11.361,4.288361,0.000778,13.432,0.060,0.077,0.000000
69.630730,-11.342,3.609652,0.000777,13.421,0.117,0.134,0.000000
69.871735,-11.440,1.216964,0.000785,13.409,0.175,0.191,0.000000
70.113640,-11.516,0.872472,0.000792,13.398,0.232,0.249,0.000000
70.356308,-11.584,0.019251,0.000799,13.386,0.290,0.307,0.000000
70.599854,-11.900,-1.422103,0.000829,13.375,0.348,0.365,0.000000
70.844246,-12.109,-2.838938,0.000849,13.363,0.406,0.423,0.000000
71.089478,-12.224,-3.900619,0.000860,13.351,0.464,0.481,0.000000
71.335564,-12.414,-5.750108,0.000880,13.339,0.523,0.540,0.000000
71.582504,-12.377,-7.964273,0.000876,13.328,0.581,0.599,0.000000
71.830292,-12.565,-9.628342,0.000895,13.316,0.640,0.657,0.000000
72.078941,-12.618,-11.416591,0.000901,13.304,0.699,0.717,0.000000
72.328453,-12.606,-13.646300,0.000900,13.292,0.759,0.776,0.000000
72.578827,-12.629,-16.884657,0.000902,13.280,0.818,0.836,0.000000
72.830063,-12.695,-20.623039,0.000909,13.268,0.878,0.895,0.000000
73.082176,-12.772,-22.378307,0.000918,13.256,0.938,0.955,0.000000
73.335159,-12.843,-25.183598,0.000925,13.244,0.998,1.016,0.000000
73.588982,-12.947,-27.932255,0.000937,13.232,1.058,1.076,0.000000
73.843719,-13.059,-30.996254,0.000949,13.219,1.119,1.137,0.000000
74.099335,-13.272,-34.203686,0.000973,13.207,1.180,1.198,0.000000
74.355843,-13.598,-36.963707,0.001010,13.195,1.241,1.259,0.000000
74.613228,-13.948,-39.139854,0.001052,13.183,1.302,1.320,0.000000
74.871513,-14.224,-41.570843,0.001086,13.170,1.363,1.381,0.000000
75.130692,-14.588,-42.485481,0.001132,13.158,1.425,1.443,0.000000
75.390762,-14.922,-43.268375,0.001177,13.146,1.487,1.505,0.000000
75.651733,-15.506,-44.533478,0.001258,13.133,1.549,1.567,0.000000
75.913612,-16.171,-45.628010,0.001359,13.121,1.611,1.629,0.000000
76.176399,-16.776,-46.842918,0.001457,13.108,1.673,1.692,0.000000
76.440094,-17.237,-48.944180,0.001536,13.095,1.736,1.755,0.000000
76.704697,-17.561,-47.861378,0.001595,13.083,1.799,1.818,0.000000
76.970184,-17.866,-49.247391,0.001652,13.070,1.862,1.881,0.000000
77.236664,-18.412,-50.026333,0.001759,13.057,1.925,1.944,0.000000
77.503990,-18.798,-49.608227,0.001840,13.044,1.989,2.008,0.000000
77.772278,-19.147,-49.822559,0.001915,13.032,2.053,2.072,0.000000
78.041496,-19.493,-49.432297,0.001994,13.019,2.117,2.136,0.000000
78.311646,-19.622,-48.294678,0.002024,13.006,2.181,2.200,0.000000
78.582733,-19.850,-46.546432,0.002077,12.993,2.245,2.265,0.000000
78.854752,-20.078,-47.172134,0.002133,12.980,2.310,2.329,0.000000
79.127716,-20.093,-45.442188,0.002136,12.967,2.375,2.394,0.000000
79.401627,-20.620,-45.368057,0.002270,12.954,2.440,2.460,0.000000
79.676483,-20.962,-42.714298,0.002361,12.941,2.505,2.525,0.000000
79.952293,-20.890,-43.320660,0.002342,12.927,2.571,2.591,0.000000
80.229057,-20.972,-41.349159,0.002364,12.914,2.637,2.657,0.000000
80.506744,-20.875,-39.679691,0.002338,12.901,2.703,2.723,0.000000
80.785469,-21.004,-37.793056,0.002373,12.888,2.769,2.789,0.000000
81.065079,-21.119,-36.455772,0.002404,12.874,2.835,2.856,0.000000
81.345734,-21.404,-33.612453,0.002485,12.861,2.902,2.922,0.000000
81.627281,-21.774,-32.533138,0.002592,12.847,2.969,2.989,0.000000
81.909843,-21.749,-31.030716,0.002585,12.834,3.036,3.057,0.000000
82.193382,-21.921,-31.316437,0.002637,12.820,3.104,3.124,0.000000
82.477905,-22.028,-28.669218,0.002669,12.807,3.171,3.192,0.000000
82.763412,-22.025,-28.874737,0.002669,12.793,3.239,3.260,0.000000
83.049904,-22.183,-31.054419,0.002718,12.779,3.307,3.328,0.000000
83.337395,-22.240,-31.922039,0.002735,12.766,3.376,3.396,0.000000
83.625877,-22.252,-33.033257,0.002739,12.752,3.444,3.465,0.000000
83.915352,-22.149,-33.844624,0.002707,12.738,3.513,3.534,0.000000
84.205795,-22.105,-34.662609,0.002693,12.724,3.582,3.603,0.000000
84.497330,-22.298,-35.247379,0.002754,12.710,3.651,3.673,0.000000
84.789780,-22.363,-35.241318,0.002775,12.696,3.721,3.742,0.000000
85.083336,-22.663,-36.553162,0.002872,12.682,3.791,3.812,0.000000
85.377815,-23.036,-36.894676,0.002998,12.668,3.861,3.882,0.000000
85.673363,-23.153,-35.138275,0.003039,12.654,3.931,3.953,0.000000
85.969933,-23.212,-36.350292,0.003059,12.640,4.001,4.023,0.000000
86.267525,-23.601,-36.837315,0.003200,12.625,4.072,4.094,0.000000
86.566154,-23.817,-35.515934,0.003280,12.611,4.143,4.165,0.000000
86.865814,-23.983,-35.076473,0.003344,12.597,4.214,4.236,0.000000
87.166504,-24.218,-33.916626,0.003435,12.583,4.286,4.308,0.000000
87.468246,-24.301,-32.640186,0.003468,12.568,4.358,4.380,0.000000
87.771027,-24.227,-31.100906,0.003439,12.554,4.430,4.452,0.000000
88.074852,-24.103,-28.531786,0.003390,12.539,4.502,4.524,0.000000
88.379738,-24.234,-28.317709,0.003442,12.524,4.574,4.597,0.000000
88.685677,-23.380,-30.240906,0.003119,12.510,4.647,4.670,0.000000
88.992668,-23.307,-28.807779,0.003093,12.495,4.720,4.743,0.000000
89.300682,-23.146,-29.143696,0.003036,12.480,4.793,4.816,0.000000
89.609810,-22.995,-28.392334,0.002984,12.466,4.867,4.889,0.000000
89.920006,-22.792,-26.815874,0.002915,12.451,4.940,4.963,0.000000
90.231270,-22.572,-26.737257,0.002841,12.436,5.014,5.037,0.000000
90.543617,-22.681,-26.872227,0.002877,12.421,5.089,5.112,0.000000
90.857048,-22.729,-28.934547,0.002892,12.406,5.163,5.186,0.000000
91.171562,-22.594,-27.418795,0.002847,12.391,5.238,5.261,0.000000
91.487160,-23.277,-24.859056,0.003079,12.376,5.313,5.336,0.000000
91.803856,-23.110,-24.279577,0.003020,12.361,5.388,5.412,0.000000
92.121643,-23.143,-23.366474,0.003032,12.346,5.464,5.487,0.000000
92.440536,-23.276,-23.954361,0.003078,12.330,5.540,5.563,0.000000
92.760529,-23.504,-23.772057,0.003160,12.315,5.616,5.639,0.000000
93.081627,-23.633,-21.869274,0.003208,12.300,5.692,5.716,0.000000
93.403793,-23.736,-20.921360,0.003246,12.284,5.769,5.793,0.000000
93.727173,-23.662,-18.769482,0.003218,12.269,5.845,5.870,0.000000
94.051575,-23.479,-17.807270,0.003151,12.253,5.922,5.947,0.000000
94.377190,-23.292,-15.257927,0.003084,12.238,6.000,6.024,0.000000
94.703842,-23.013,-13.895674,0.002986,12.222,6.078,6.102,0.000000
95.031670,-22.636,-12.835922,0.002858,12.206,6.155,6.180,0.000000
95.360634,-22.239,-11.482590,0.002730,12.191,6.234,6.258,0.000000
95.690735,-21.723,-11.905534,0.002572,12.175,6.312,6.337,0.000000
96.021980,-21.329,-12.000884,0.002458,12.159,6.391,6.416,0.000000
96.354370,-20.934,-12.421063,0.002348,12.143,6.470,6.495,0.000000
96.687912,-20.587,-13.029854,0.002256,12.127,6.549,6.574,0.000000
97.022606,-20.275,-14.085496,0.002176,12.111,6.629,6.654,0.000000
97.358459,-19.981,-15.243405,0.002104,12.095,6.709,6.734,0.000000
97.695435,-19.678,-16.028994,0.002032,12.079,6.789,6.814,0.000000
98.033661,-19.366,-17.191868,0.001960,12.063,6.869,6.895,0.000000
98.372971,-19.090,-18.437580,0.001899,12.047,6.950,6.975,0.000000
98.713547,-18.860,-19.723505,0.001849,12.030,7.031,7.056,0.000000
99.055214,-18.489,-22.010300,0.001772,12.014,7.112,7.138,0.000000
99.398102,-18.108,-23.846453,0.001695,11.998,7.193,7.219,0.000000
99.742180,-17.824,-25.842436,0.001640,11.981,7.275,7.301,0.000000
100.087448,-17.535,-27.596506,0.001586,11.965,7.357,7.383,0.000000
100.433914,-17.363,-30.417107,0.001555,11.948,7.440,7.466,0.000000
100.781578,-17.144,-33.750786,0.001516,11.932,7.522,7.549,0.000000
101.130447,-16.946,-36.600838,0.001482,11.915,7.605,7.632,0.000000
101.480522,-16.783,-40.148724,0.001454,11.898,7.688,7.715,0.000000
101.831802,-16.596,-43.661572,0.001423,11.881,7.772,7.799,0.000000
102.184258,-16.611,-47.518944,0.001425,11.864,7.856,7.883,0.000000
102.538033,-16.608,-51.160809,0.001424,11.848,7.940,7.967,0.000000
102.892975,-16.672,-55.601376,0.001434,11.831,8.024,8.051,0.000000
103.249153,-16.717,-60.368870,0.001442,11.814,8.109,8.136,0.000000
103.606514,-16.786,-64.244423,0.001453,11.796,8.194,8.221,0.000000
103.965157,-16.965,-68.163170,0.001483,11.779,8.279,8.306,0.000000
104.325050,-17.226,-71.795303,0.001529,11.762,8.365,8.392,0.000000
104.686180,-17.542,-74.942818,0.001585,11.745,8.450,8.478,0.000000
105.048561,-17.894,-77.070976,0.001651,11.728,8.537,8.564,0.000000
105.412201,-18.144,-79.415092,0.001699,11.710,8.623,8.651,0.000000
105.777100,-18.525,-82.038757,0.001775,11.693,8.710,8.738,0.000000
106.143257,-18.927,-83.594162,0.001859,11.675,8.797,8.825,0.000000
106.510689,-19.331,-84.900864,0.001947,11.658,8.884,8.912,0.000000
106.879387,-19.677,-86.542885,0.002026,11.640,8.972,9.000,0.000000
107.249359,-20.033,-87.102211,0.002110,11.622,9.060,9.088,0.000000
107.620613,-20.348,-88.247231,0.002188,11.605,9.148,9.177,0.000000
107.993156,-20.574,-89.759010,0.002245,11.587,9.237,9.265,0.000000
108.366936,-20.714,-91.814018,0.002281,11.569,9.325,9.354,0.000000
108.742065,-20.914,-92.880646,0.002334,11.551,9.415,9.443,0.000000
109.118484,-20.994,-94.465599,0.002355,11.533,9.504,9.533,0.000000
109.496208,-21.028,-96.727150,0.002364,11.515,9.594,9.623,0.000000
109.875244,-21.079,-99.085716,0.002377,11.497,9.684,9.713,0.000000
110.255592,-21.290,-101.316284,0.002435,11.479,9.774,9.804,0.000000
110.637253,-21.449,-103.419792,0.002480,11.460,9.865,9.895,0.000000
111.020241,-21.515,-105.448830,0.002499,11.442,9.956,9.986,0.000000
111.404549,-21.938,-107.606834,0.002623,11.424,10.047,10.077,0.000000
111.790184,-22.280,-110.291840,0.002728,11.405,10.139,10.169,0.000000
112.177162,-22.693,-113.755806,0.002860,11.387,10.231,10.261,0.000000
112.565475,-23.345,-115.879593,0.003082,11.368,10.323,10.354,0.000000
112.955132,-24.259,-119.825844,0.003424,11.350,10.416,10.446,0.000000
113.346085,-25.068,-120.852432,0.003758,11.331,10.509,10.539,0.000000
113.738503,-25.899,-123.929947,0.004135,11.312,10.602,10.633,0.000000
114.132164,-27.169,-124.847694,0.004786,11.293,10.696,10.726,0.000000
114.527306,-28.493,-123.055878,0.005574,11.274,10.790,10.820,0.000000
114.923698,-29.503,-120.422829,0.006262,11.255,10.884,10.915,0.000000
115.321518,-29.946,-114.587479,0.006589,11.236,10.979,11.010,0.000000
115.720718,-30.165,-106.281662,0.006757,11.217,11.073,11.105,0.000000
116.121300,-30.084,-98.144424,0.006694,11.198,11.169,11.200,0.000000
116.523270,-29.509,-89.745819,0.006266,11.179,11.264,11.296,0.000000
116.926628,-29.093,-82.837418,0.005973,11.160,11.360,11.392,0.000000
117.331383,-28.161,-75.620750,0.005365,11.140,11.456,11.488,0.000000
117.737541,-27.381,-72.801003,0.004904,11.121,11.553,11.585,0.000000
118.145103,-26.835,-72.575424,0.004605,11.101,11.650,11.682,0.000000
118.554016,-25.870,-72.146461,0.004121,11.082,11.747,11.779,0.000000
118.964462,-25.586,-75.593147,0.003988,11.062,11.845,11.877,0.000000
119.376213,-25.095,-79.078400,0.003768,11.043,11.942,11.975,0.000000
119.789505,-24.728,-82.860542,0.003612,11.023,12.041,12.073,0.000000
120.204117,-24.415,-87.292580,0.003483,11.003,12.139,12.172,0.000000
120.620216,-24.277,-90.803848,0.003428,10.983,12.238,12.271,0.000000
121.037758,-24.256,-95.640556,0.003419,10.963,12.337,12.370,0.000000
121.456741,-24.124,-99.702522,0.003367,10.943,12.437,12.470,0.000000
121.877174,-24.083,-104.226898,0.003351,10.923,12.537,12.570,0.000000
122.299072,-24.370,-108.180687,0.003464,10.903,12.637,12.670,0.000000
122.722420,-24.384,-113.715691,0.003469,10.883,12.738,12.771,0.000000
123.147240,-24.549,-118.851097,0.003536,10.862,12.839,12.872,0.000000
123.573532,-24.785,-123.236778,0.003633,10.842,12.940,12.974,0.000000
124.001297,-25.241,-128.427719,0.003829,10.821,13.042,13.076,0.000000
124.430542,-25.409,-132.415329,0.003904,10.801,13.144,13.178,0.000000
124.861267,-25.626,-138.631668,0.004002,10.780,13.246,13.280,0.000000
125.293488,-26.063,-145.052094,0.004209,10.770,13.303,13.337,0.000000
125.727150,-26.564,-150.231277,0.004459,10.764,13.338,13.373,0.000000
126.162369,-27.224,-156.575943,0.004811,10.759,13.374,13.409,0.000000
126.599091,-27.798,-160.900909,0.005140,10.753,13.409,13.445,0.000000
127.037331,-28.354,-167.017853,0.005479,10.747,13.445,13.481,0.000000
127.477089,-29.100,-174.452118,0.005971,10.741,13.481,13.517,0.000000
127.918365,-29.959,177.186722,0.006592,10.736,13.517,13.554,0.000000
128.361160,-30.896,172.716385,0.007342,10.730,13.553,13.590,0.000000
128.805511,-31.865,165.670883,0.008209,10.724,13.589,13.627,0.000000
129.251373,-32.853,159.363937,0.009198,10.718,13.625,13.663,0.000000
129.698792,-33.592,153.447754,0.010015,10.713,13.662,13.700,0.000000
130.147766,-34.223,146.014023,0.010769,10.707,13.698,13.737,0.000000
130.598282,-35.083,133.722473,0.011890,10.701,13.735,13.774,0.000000
131.050369,-36.003,116.936829,0.013218,10.695,13.772,13.812,0.000000
131.503952,-36.582,92.616196,0.014130,10.689,13.809,13.849,0.000000
131.959229,-37.329,55.813274,0.015398,10.683,13.846,13.887,0.000000
132.415955,-37.401,37.883869,0.015527,10.677,13.883,13.924,0.000000
132.874329,-37.284,22.626207,0.015318,10.671,13.921,13.962,0.000000
133.334290,-37.137,15.490027,0.015062,10.665,13.958,14.000,0.000000
133.795853,-36.978,7.700130,0.014788,10.659,13.996,14.038,0.000000
134.259003,-36.141,4.470757,0.013431,10.653,14.033,14.076,0.000000
134.723755,-35.623,-1.475143,0.012653,10.647,14.071,14.114,0.000000
135.190109,-35.540,-0.386637,0.012532,10.641,14.109,14.153,0.000000
135.658081,-34.935,-5.121704,0.011689,10.635,14.147,14.191,0.000000
136.127686,-34.572,-5.936110,0.011211,10.629,14.185,14.230,0.000000
136.598907,-34.137,-16.617271,0.010663,10.623,14.224,14.269,0.000000
137.071762,-33.965,-19.360991,0.010454,10.617,14.262,14.308,0.000000
137.546249,-33.512,-24.755135,0.009922,10.611,14.301,14.347,0.000000
138.022385,-32.882,-27.396322,0.009229,10.604,14.340,14.386,0.000000
138.500092,-32.549,-29.560034,0.008881,10.598,14.379,14.425,0.000000
138.979599,-31.546,-33.540775,0.007913,10.592,14.418,14.465,0.000000
139.460617,-30.874,-36.950665,0.007323,10.586,14.457,14.505,0.000000
139.943375,-30.225,-42.253868,0.006796,10.579,14.496,14.544,0.000000
140.427811,-29.388,-46.402523,0.006172,10.573,14.536,14.584,0.000000
140.913925,-28.404,-48.903877,0.005511,10.567,14.575,14.624,0.000000
141.401703,-27.618,-52.546127,0.005034,10.560,14.615,14.665,0.000000
141.891190,-26.926,-57.819939,0.004649,10.554,14.655,14.705,0.000000
142.382355,-25.942,-63.719219,0.004151,10.548,14.695,14.745,0.000000
142.875229,-25.289,-72.168076,0.003850,10.541,14.735,14.786,0.000000
143.369812,-24.382,-77.794029,0.003468,10.535,14.775,14.827,0.000000
143.866104,-23.707,-85.677834,0.003209,10.528,14.816,14.868,0.000000
144.364120,-23.177,-94.235916,0.003019,10.522,14.856,14.909,0.000000
144.863785,-22.595,-105.601219,0.002824,10.515,14.897,14.950,0.000000
145.365311,-22.072,-116.105995,0.002658,10.509,14.938,14.991,0.000000
145.868439,-21.746,-127.639290,0.002561,10.502,14.979,15.033,0.000000
146.373383,-21.264,-138.046829,0.002422,10.496,15.020,15.074,0.000000
146.880066,-20.999,-148.575241,0.002349,10.489,15.061,15.116,0.000000
147.388504,-20.635,-157.835480,0.002253,10.483,15.103,15.158,0.000000
147.898712,-20.631,-168.093979,0.002252,10.476,15.144,15.200,0.000000
148.410675,-20.555,-176.944138,0.002232,10.469,15.186,15.242,0.000000
148.924423,-20.384,172.608994,0.002189,10.463,15.228,15.284,0.000000
149.439941,-20.487,165.218506,0.002215,10.456,15.270,15.327,0.000000
149.957245,-20.435,158.138794,0.002202,10.449,15.312,15.369,0.000000
150.476334,-20.420,150.377350,0.002198,10.443,15.354,15.412,0.000000
150.997238,-20.581,144.478683,0.002239,10.436,15.396,15.455,0.000000
151.519852,-20.767,136.536636,0.002288,10.429,15.439,15.498,0.000000
152.044434,-20.942,131.165344,0.002334,10.422,15.482,15.541,0.000000
152.570679,-20.830,123.611717,0.002304,10.415,15.525,15.585,0.000000
153.098892,-20.917,117.509056,0.002327,10.408,15.568,15.628,0.000000
153.628784,-20.837,111.126770,0.002306,10.402,15.611,15.672,0.000000
154.160660,-20.878,104.255341,0.002317,10.395,15.654,15.716,0.000000
154.694229,-20.861,97.052658,0.002313,10.388,15.698,15.760,0.000000
155.229797,-20.959,91.172012,0.002339,10.381,15.741,15.804,0.000000
155.767075,-20.774,85.436592,0.002289,10.374,15.785,15.848,0.000000
156.306274,-20.800,80.293663,0.002296,10.367,15.829,15.892,0.000000
156.847351,-20.674,74.878685,0.002264,10.360,15.873,15.937,0.000000
157.390305,-20.691,69.499153,0.002268,10.353,15.917,15.982,0.000000
157.935120,-20.722,65.010254,0.002277,10.346,15.961,16.027,0.000000
158.481750,-20.728,60.981258,0.002279,10.339,16.006,16.072,0.000000
159.030441,-20.690,56.981525,0.002269,10.331,16.051,16.117,0.000000
159.580856,-20.699,53.308502,0.002272,10.324,16.096,16.162,0.000000
160.133347,-20.491,50.533325,0.002219,10.317,16.141,16.208,0.000000
160.687592,-20.306,47.498375,0.002172,10.310,16.186,16.253,0.000000
161.243912,-20.039,43.232620,0.002106,10.303,16.231,16.299,0.000000
161.801987,-19.639,38.236931,0.002011,10.295,16.276,16.345,0.000000
162.362167,-19.003,33.232830,0.001869,10.288,16.322,16.391,0.000000
162.924133,-18.378,26.736765,0.001739,10.281,16.368,16.438,0.000000
163.488113,-17.845,18.881660,0.001636,10.273,16.414,16.484,0.000000
164.054047,-17.369,10.298006,0.001549,10.266,16.460,16.531,0.000000
164.621933,-17.139,-1.826341,0.001508,10.259,16.506,16.578,0.000000
165.191788,-17.059,-13.177662,0.001494,10.251,16.552,16.624,0.000000
165.763535,-17.114,-25.072813,0.001504,10.244,16.599,16.672,0.000000
166.337433,-17.434,-37.403801,0.001560,10.236,16.646,16.719,0.000000
166.913147,-17.809,-48.661060,0.001629,10.229,16.693,16.766,0.000000
167.491013,-18.384,-61.856155,0.001741,10.221,16.740,16.814,0.000000
168.070801,-19.087,-72.095795,0.001888,10.214,16.787,16.862,0.000000
168.652603,-19.714,-82.620239,0.002029,10.206,16.834,16.910,0.000000
169.236328,-20.670,-94.489456,0.002266,10.199,16.882,16.958,0.000000
169.822250,-21.200,-104.114090,0.002409,10.191,16.930,17.006,0.000000
170.410019,-21.755,-114.914452,0.002568,10.183,16.977,17.054,0.000000
170.999924,-22.189,-125.250183,0.002700,10.176,17.025,17.103,0.000000
171.591858,-22.619,-138.834503,0.002838,10.168,17.074,17.152,0.000000
172.185837,-23.033,-149.652740,0.002976,10.160,17.122,17.201,0.000000
172.781876,-23.317,-162.553314,0.003075,10.153,17.171,17.250,0.000000
173.379990,-23.486,-173.145050,0.003136,10.145,17.219,17.299,0.000000
173.980164,-23.651,174.382446,0.003196,10.137,17.268,17.349,0.000000
174.582336,-23.594,165.164459,0.003175,10.129,17.317,17.398,0.000000
175.186752,-23.572,155.718826,0.003167,10.121,17.366,17.448,0.000000
175.793182,-23.220,148.837555,0.003041,10.114,17.416,17.498,0.000000
176.401703,-22.986,141.276291,0.002961,10.106,17.465,17.548,0.000000
177.012253,-22.454,133.528122,0.002786,10.098,17.515,17.598,0.000000
177.625092,-21.961,126.048058,0.002632,10.090,17.565,17.649,0.000000
178.239883,-21.217,120.163826,0.002417,10.082,17.615,17.699,0.000000
178.856964,-20.870,112.167290,0.002322,10.074,17.665,17.750,0.000000
179.476013,-20.160,107.248001,0.002141,10.066,17.716,17.801,0.000000
180.097290,-19.840,98.747147,0.002063,10.058,17.766,17.853,0.000000
180.720718,-19.330,90.276917,0.001945,10.050,17.817,17.904,0.000000
181.346298,-18.884,80.843422,0.001847,10.041,17.868,17.955,0.000000
181.974045,-18.745,72.315872,0.001818,10.033,17.919,18.007,0.000000
182.603882,-18.680,64.315765,0.001804,10.025,17.971,18.059,0.000000
183.236084,-18.580,56.599606,0.001783,10.017,18.022,18.111,0.000000
183.870377,-18.878,49.238663,0.001845,10.009,18.074,18.163,0.000000
184.506866,-19.064,42.092430,0.001885,10.000,18.125,18.216,0.000000
185.145462,-19.304,34.611336,0.001937,9.992,18.177,18.268,0.000000
185.786453,-19.688,28.993988,0.002025,9.984,18.230,18.321,0.000000
186.429489,-20.090,23.913431,0.002121,9.975,18.282,18.374,0.000000
187.074921,-20.581,18.000616,0.002244,9.967,18.335,18.427,0.000000
187.722412,-20.960,14.553429,0.002344,9.959,18.387,18.481,0.000000
188.372238,-21.379,10.343458,0.002460,9.950,18.440,18.534,0.000000
189.024307,-21.886,5.919645,0.002607,9.942,18.493,18.588,0.000000
189.678650,-22.186,3.917320,0.002698,9.933,18.547,18.642,0.000000
190.335236,-22.412,1.298977,0.002768,9.925,18.600,18.696,0.000000
190.994110,-22.954,-1.552919,0.002945,9.916,18.654,18.750,0.000000
191.655258,-23.246,-4.624930,0.003045,9.907,18.708,18.805,0.000000
192.318695,-23.510,-8.834926,0.003137,9.899,18.762,18.859,0.000000
192.984421,-24.046,-10.597042,0.003336,9.890,18.816,18.914,0.000000
193.652374,-24.202,-12.241035,0.003395,9.881,18.870,18.969,0.000000
194.322815,-24.611,-18.740313,0.003558,9.873,18.925,19.024,0.000000
194.995392,-25.264,-21.500162,0.003834,9.864,18.980,19.080,0.000000
195.670486,-25.644,-26.187574,0.004004,9.855,19.035,19.136,0.000000
196.347733,-26.204,-27.722067,0.004269,9.846,19.090,19.191,0.000000
197.027405,-26.460,-30.272470,0.004396,9.838,19.145,19.247,0.000000
197.709442,-27.032,-32.105419,0.004693,9.829,19.201,19.303,0.000000
198.393829,-27.245,-32.832146,0.004808,9.820,19.256,19.360,0.000000
199.080597,-27.709,-41.125134,0.005070,9.811,19.312,19.416,0.000000
199.769745,-28.044,-43.215946,0.005268,9.802,19.369,19.473,0.000000
200.461258,-28.407,-46.479275,0.005490,9.793,19.425,19.530,0.000000
201.155182,-28.412,-52.534569,0.005492,9.784,19.481,19.587,0.000000
201.851501,-28.691,-56.106236,0.005669,9.775,19.538,19.645,0.000000
202.550232,-28.441,-66.327492,0.005505,9.766,19.595,19.702,0.000000
203.251389,-28.027,-74.703117,0.005246,9.757,19.652,19.760,0.000000
203.954865,-27.636,-86.425636,0.005012,9.748,19.709,19.818,0.000000
204.660980,-27.787,-97.372093,0.005098,9.738,19.767,19.876,0.000000
205.369339,-27.401,-106.344864,0.004874,9.729,19.825,19.935,0.000000
206.080246,-27.284,-116.502289,0.004806,9.720,19.882,19.993,0.000000
206.793625,-26.090,-128.775177,0.004186,9.711,19.941,20.052,0.000000
207.509567,-25.774,-142.395676,0.004034,9.701,19.999,20.111,0.000000
208.227783,-25.334,-152.467621,0.003832,9.692,20.057,20.170,0.000000
208.948685,-24.590,-161.359024,0.003515,9.683,20.116,20.229,0.000000
209.671890,-24.055,-170.300781,0.003303,9.673,20.175,20.289,0.000000
210.397690,-23.344,-174.330887,0.003041,9.664,20.234,20.349,0.000000
211.126007,-22.664,176.788345,0.002810,9.654,20.293,20.409,0.000000
211.856842,-21.781,167.721176,0.002537,9.645,20.353,20.469,0.000000
212.590210,-21.270,160.594040,0.002391,9.635,20.413,20.529,0.000000
213.326019,-20.608,154.898163,0.002214,9.626,20.473,20.590,0.000000
214.064575,-19.713,150.089462,0.001997,9.616,20.533,20.651,0.000000
214.805481,-18.956,141.013931,0.001829,9.607,20.593,20.712,0.000000
215.549057,-18.317,134.951355,0.001698,9.597,20.654,20.773,0.000000
216.295197,-17.822,127.874527,0.001603,9.587,20.714,20.835,0.000000
217.044037,-17.109,120.677307,0.001476,9.577,20.775,20.896,0.000000
217.795258,-16.610,113.853317,0.001393,9.568,20.837,20.958,0.000000
218.549286,-16.198,107.021088,0.001327,9.558,20.898,21.020,0.000000
219.305710,-15.776,99.091866,0.001263,9.548,20.960,21.083,0.000000
220.064865,-15.473,91.952095,0.001219,9.538,21.021,21.145,0.000000
220.826645,-15.358,84.755920,0.001202,9.528,21.083,21.208,0.000000
221.591064,-15.371,78.335167,0.001204,9.518,21.146,21.271,0.000000
222.358124,-15.296,72.117638,0.001193,9.508,21.208,21.334,0.000000
223.127731,-15.351,65.503975,0.001199,9.498,21.271,21.398,0.000000
223.900223,-15.555,59.671101,0.001227,9.488,21.334,21.461,0.000000
224.675171,-15.742,54.104393,0.001253,9.478,21.397,21.525,0.000000
225.453018,-16.033,48.469624,0.001295,9.468,21.460,21.589,0.000000
226.233337,-16.452,44.084549,0.001359,9.458,21.524,21.653,0.000000
227.016586,-16.776,40.107254,0.001410,9.448,21.587,21.718,0.000000
227.802322,-17.270,36.933201,0.001491,9.438,21.651,21.783,0.000000
228.590988,-17.742,34.079308,0.001574,9.427,21.716,21.848,0.000000
229.382187,-18.153,31.954784,0.001649,9.417,21.780,21.913,0.000000
230.176208,-18.577,30.337667,0.001731,9.407,21.845,21.978,0.000000
230.972992,-18.947,29.728716,0.001805,9.396,21.910,22.044,0.000000
231.772537,-19.291,28.636589,0.001877,9.386,21.975,22.110,0.000000
232.574844,-19.505,28.206470,0.001923,9.376,22.040,22.176,0.000000
233.379822,-19.739,28.176287,0.001975,9.365,22.106,22.242,0.000000
234.187805,-19.837,27.886322,0.001996,9.355,22.172,22.309,0.000000
234.998352,-19.791,27.471960,0.001984,9.344,22.238,22.376,0.000000
235.811935,-19.692,27.185820,0.001961,9.334,22.304,22.443,0.000000
236.628113,-19.554,26.134457,0.001929,9.323,22.370,22.510,0.000000
237.447342,-19.492,24.813492,0.001914,9.312,22.437,22.577,0.000000
238.269180,-19.351,23.386393,0.001883,9.302,22.504,22.645,0.000000
239.094101,-19.134,21.791319,0.001836,9.291,22.571,22.713,0.000000
239.921631,-19.016,18.915134,0.001810,9.280,22.638,22.781,0.000000
240.752151,-18.978,15.962854,0.001802,9.269,22.706,22.850,0.000000
241.585541,-19.030,13.101090,0.001812,9.259,22.774,22.918,0.000000
242.421814,-19.004,10.092664,0.001806,9.248,22.842,22.987,0.000000
243.260986,-19.136,6.533774,0.001833,9.237,22.910,23.056,0.000000
244.102951,-19.326,2.360129,0.001873,9.226,22.979,23.126,0.000000
244.948059,-19.487,-1.833404,0.001907,9.215,23.048,23.195,0.000000
245.795975,-19.723,-5.335155,0.001959,9.204,23.117,23.265,0.000000
246.646820,-19.952,-9.531342,0.002011,9.193,23.186,23.335,0.000000
247.500626,-20.231,-12.675123,0.002076,9.182,23.256,23.406,0.000000
248.357376,-20.830,-14.259906,0.002223,9.171,23.325,23.476,0.000000
249.216980,-21.017,-16.324608,0.002271,9.159,23.395,23.547,0.000000
250.079788,-21.445,-20.673876,0.002386,9.149,23.457,23.609,0.000000
250.945343,-21.619,-23.294537,0.002434,9.148,23.433,23.584,0.000000
251.814026,-21.907,-26.080532,0.002515,9.146,23.408,23.559,0.000000
252.685715,-22.373,-31.998667,0.002653,9.145,23.384,23.534,0.000000
253.560410,-22.969,-36.958553,0.002841,9.143,23.359,23.509,0.000000
254.438141,-23.794,-42.684254,0.003124,9.142,23.334,23.484,0.000000
255.318909,-24.361,-51.171227,0.003334,9.140,23.309,23.459,0.000000
256.202728,-25.114,-65.257660,0.003635,9.139,23.284,23.433,0.000000
257.089600,-26.450,-77.034233,0.004239,9.137,23.259,23.408,0.000000
257.979553,-27.598,-92.531494,0.004837,9.136,23.234,23.382,0.000000
258.872559,-29.151,-111.768967,0.005783,9.134,23.209,23.357,0.000000
259.768677,-29.886,-129.714249,0.006293,9.133,23.184,23.331,0.000000
260.667786,-30.939,-152.897766,0.007103,9.131,23.158,23.305,0.000000
261.570251,-30.716,-175.254745,0.006924,9.130,23.133,23.279,0.000000
262.475555,-30.352,165.516083,0.006640,9.128,23.107,23.253,0.000000
263.384277,-29.704,147.966782,0.006162,9.127,23.082,23.227,0.000000
264.295898,-28.686,133.036545,0.005480,9.125,23.056,23.201,0.000000
265.210785,-27.401,119.619141,0.004727,9.123,23.030,23.175,0.000000
266.128845,-26.454,107.422646,0.004239,9.122,23.004,23.148,0.000000
267.050201,-25.673,97.417084,0.003873,9.120,22.978,23.122,0.000000
267.974518,-25.023,90.321182,0.003593,9.119,22.952,23.095,0.000000
268.902130,-24.593,82.353279,0.003419,9.117,22.926,23.069,0.000000
269.832977,-24.237,75.261688,0.003281,9.116,22.900,23.042,0.000000
270.767029,-24.091,70.461525,0.003226,9.114,22.873,23.015,0.000000
271.704315,-23.990,66.245789,0.003188,9.113,22.847,22.988,0.000000
272.644714,-24.015,63.167919,0.003197,9.111,22.821,22.961,0.000000
273.588654,-24.002,61.271004,0.003192,9.109,22.794,22.934,0.000000
274.535583,-23.997,60.557980,0.003189,9.108,22.767,22.907,0.000000
275.486053,-23.854,60.469341,0.003137,9.106,22.740,22.880,0.000000
276.439545,-23.500,60.961346,0.003011,9.105,22.713,22.852,0.000000
277.396454,-23.139,61.236622,0.002888,9.103,22.686,22.825,0.000000
278.356689,-22.658,61.008961,0.002732,9.101,22.659,22.797,0.000000
279.320404,-22.136,60.384033,0.002572,9.100,22.632,22.769,0.000000
280.287170,-21.571,58.673264,0.002410,9.098,22.605,22.742,0.000000
281.257416,-21.009,56.407307,0.002259,9.096,22.578,22.714,0.000000
282.231018,-20.511,52.519684,0.002133,9.095,22.550,22.686,0.000000
283.207977,-20.049,47.956722,0.002023,9.093,22.523,22.658,0.000000
284.188354,-19.718,42.960232,0.001947,9.091,22.495,22.630,0.000000
285.171967,-19.511,37.132374,0.001901,9.090,22.467,22.601,0.000000
286.159271,-19.376,31.214420,0.001872,9.088,22.439,22.573,0.000000
287.149689,-19.223,25.141352,0.001839,9.086,22.411,22.545,0.000000
288.143829,-19.229,18.555876,0.001840,9.085,22.383,22.516,0.000000
289.141144,-19.375,12.327538,0.001871,9.083,22.355,22.487,0.000000
290.142029,-19.614,5.358047,0.001922,9.081,22.327,22.459,0.000000
291.146393,-20.063,-1.567553,0.002024,9.080,22.299,22.430,0.000000
292.154358,-20.585,-8.258817,0.002149,9.078,22.270,22.401,0.000000
293.165558,-21.224,-14.377402,0.002313,9.076,22.242,22.372,0.000000
294.180389,-21.973,-20.143326,0.002520,9.075,22.213,22.343,0.000000
295.198730,-22.919,-25.117525,0.002810,9.073,22.184,22.313,0.000000
296.220581,-23.917,-31.715899,0.003152,9.071,22.156,22.284,0.000000
297.246002,-25.133,-37.701431,0.003625,9.069,22.127,22.255,0.000000
298.274933,-26.544,-45.251827,0.004263,9.068,22.098,22.225,0.000000
299.307465,-28.071,-53.401474,0.005082,9.066,22.068,22.195,0.000000
300.343414,-29.698,-60.179268,0.006128,9.064,22.039,22.166,0.000000
301.383209,-31.161,-71.111626,0.007251,9.062,22.010,22.136,0.000000
302.426361,-32.421,-88.293114,0.008381,9.061,21.980,22.106,0.000000
303.473389,-33.321,-112.305374,0.009295,9.059,21.951,22.076,0.000000
304.523743,-33.307,-142.534180,0.009278,9.057,21.921,22.046,0.000000
305.578033,-32.472,-172.762207,0.008426,9.055,21.892,22.015,0.000000
306.635681,-31.359,165.023956,0.007411,9.054,21.862,21.985,0.000000
307.697266,-30.014,148.810410,0.006347,9.052,21.832,21.954,0.000000
308.762268,-28.039,138.032288,0.005056,9.050,21.802,21.924,0.000000
309.831085,-26.490,128.346848,0.004229,9.048,21.772,21.893,0.000000
310.903595,-25.349,120.392151,0.003707,9.046,21.741,21.862,0.000000
311.979828,-24.369,111.874397,0.003311,9.044,21.711,21.831,0.000000
313.059784,-23.577,105.451180,0.003022,9.043,21.681,21.800,0.000000
314.143311,-22.858,100.522934,0.002781,9.041,21.650,21.769,0.000000
315.230927,-22.224,95.243721,0.002584,9.039,21.619,21.738,0.000000
316.322113,-21.589,90.347649,0.002401,9.037,21.589,21.707,0.000000
317.417114,-21.167,84.679924,0.002287,9.035,21.558,21.675,0.000000
318.515747,-20.863,79.216949,0.002207,9.033,21.527,21.644,0.000000
319.618469,-20.558,74.157707,0.002130,9.032,21.496,21.612,0.000000
320.724701,-20.370,68.745674,0.002084,9.030,21.464,21.580,0.000000
321.835083,-20.314,63.253384,0.002071,9.028,21.433,21.548,0.000000
322.949005,-20.348,58.049652,0.002078,9.026,21.402,21.516,0.000000
324.066925,-20.572,52.864220,0.002132,9.024,21.370,21.484,0.000000
325.188721,-20.819,48.649582,0.002193,9.022,21.338,21.452,0.000000
326.314392,-21.164,45.010536,0.002282,9.020,21.307,21.420,0.000000
327.443970,-21.560,42.240459,0.002388,9.018,21.275,21.387,0.000000
328.577301,-22.070,39.628944,0.002532,9.016,21.243,21.355,0.000000
329.714874,-22.506,37.557430,0.002662,9.015,21.211,21.322,0.000000
330.856232,-23.079,35.644173,0.002843,9.013,21.179,21.289,0.000000
332.001526,-23.632,33.287540,0.003029,9.011,21.146,21.256,0.000000
333.150635,-24.290,31.589071,0.003267,9.009,21.114,21.223,0.000000
334.304016,-25.264,32.155884,0.003654,9.007,21.081,21.190,0.000000
335.461090,-26.182,35.506527,0.004061,9.005,21.049,21.157,0.000000
336.622498,-27.194,40.862984,0.004562,9.003,21.016,21.124,0.000000
337.787598,-27.875,48.515076,0.004933,9.001,20.983,21.090,0.000000
338.956879,-28.187,57.738083,0.005113,8.999,20.950,21.057,0.000000
340.130219,-28.184,67.418114,0.005110,8.997,20.917,21.023,0.000000
341.307617,-27.818,77.637718,0.004898,8.995,20.884,20.989,0.000000
342.489105,-27.011,86.901093,0.004463,8.993,20.850,20.955,0.000000
343.674652,-25.728,94.124146,0.003850,8.991,20.817,20.921,0.000000
344.864319,-24.551,97.597755,0.003362,8.989,20.783,20.887,0.000000
346.058105,-23.419,99.218216,0.002951,8.987,20.750,20.853,0.000000
347.256042,-22.328,98.518265,0.002603,8.985,20.716,20.818,0.000000
348.457947,-21.538,96.575928,0.002376,8.983,20.682,20.784,0.000000
349.664337,-20.837,94.757851,0.002192,8.981,20.648,20.749,0.000000
350.874573,-20.123,92.502571,0.002019,8.979,20.614,20.714,0.000000
352.089325,-19.479,90.673370,0.001875,8.977,20.580,20.679,0.000000
353.307953,-18.858,88.063271,0.001745,8.975,20.545,20.644,0.000000
354.530975,-18.357,85.864334,0.001647,8.973,20.511,20.609,0.000000
355.758240,-17.818,83.403603,0.001548,8.971,20.476,20.574,0.000000
356.989716,-17.385,80.918434,0.001472,8.968,20.441,20.539,0.000000
358.225494,-16.941,78.421844,0.001398,8.966,20.407,20.503,0.000000
359.465515,-16.485,75.673012,0.001327,8.964,20.372,20.468,0.000000
360.709869,-16.097,72.597351,0.001268,8.962,20.336,20.432,0.000000
361.958496,-15.703,68.793274,0.001212,8.960,20.301,20.396,0.000000
363.211456,-15.386,64.758347,0.001168,8.958,20.266,20.360,0.000000
364.468750,-15.174,60.479916,0.001140,8.956,20.230,20.324,0.000000
365.730408,-15.039,55.985359,0.001122,8.954,20.195,20.288,0.000000
366.996246,-14.961,52.036884,0.001112,8.952,20.159,20.251,0.000000
368.266815,-14.946,48.209213,0.001110,8.949,20.123,20.215,0.000000
369.541443,-14.938,43.972828,0.001109,8.947,20.087,20.178,0.000000
370.820648,-15.035,39.671345,0.001121,8.945,20.051,20.141,0.000000
372.104309,-15.212,35.807861,0.001145,8.943,20.015,20.105,0.000000
373.392395,-15.466,32.983822,0.001178,8.941,19.979,20.068,0.000000
374.684937,-15.771,30.680988,0.001221,8.939,19.942,20.030,0.000000
375.982117,-16.002,29.223124,0.001254,8.936,19.906,19.993,0.000000
377.283447,-16.260,27.620728,0.001291,8.934,19.869,19.956,0.000000
378.589447,-16.392,26.159431,0.001311,8.932,19.832,19.918,0.000000
379.899994,-16.587,24.931429,0.001341,8.930,19.795,19.881,0.000000
381.215057,-16.744,24.249607,0.001365,8.928,19.758,19.843,0.000000
382.534668,-16.879,23.667471,0.001387,8.925,19.721,19.805,0.000000
383.858673,-16.923,22.794554,0.001394,8.923,19.684,19.767,0.000000
385.187622,-16.975,21.974266,0.001402,8.921,19.646,19.729,0.000000
386.520813,-17.024,20.737915,0.001410,8.919,19.608,19.690,0.000000
387.859009,-17.046,19.128689,0.001413,8.916,19.571,19.652,0.000000
389.201416,-17.094,17.757097,0.001421,8.914,19.533,19.613,0.000000
390.548889,-17.201,15.824803,0.001438,8.912,19.495,19.575,0.000000
391.900635,-17.357,14.039261,0.001464,8.909,19.457,19.536,0.000000
393.257416,-17.493,12.329686,0.001487,8.907,19.418,19.497,0.000000
394.618530,-17.686,11.299763,0.001520,8.905,19.380,19.458,0.000000
395.984558,-17.829,10.110346,0.001545,8.903,19.341,19.419,0.000000
397.355316,-18.018,9.071943,0.001579,8.900,19.303,19.379,0.000000
398.730804,-18.223,8.160235,0.001617,8.898,19.264,19.340,0.000000
400.111053,-18.418,7.671981,0.001654,8.896,19.225,19.300,0.000000
401.495880,-18.550,6.777792,0.001679,8.893,19.186,19.260,0.000000
402.885895,-18.604,6.484773,0.001689,8.891,19.147,19.220,0.000000
404.280365,-18.671,6.558273,0.001702,8.889,19.107,19.180,0.000000
405.679993,-18.673,5.888256,0.001702,8.886,19.068,19.140,0.000000
407.084106,-18.765,5.068968,0.001720,8.884,19.028,19.100,0.000000
408.493500,-18.790,4.479273,0.001725,8.881,18.989,19.059,0.000000
409.907349,-18.783,3.527910,0.001723,8.879,18.949,19.019,0.000000
411.326477,-18.846,3.147416,0.001735,8.877,18.909,18.978,0.000000
412.750122,-18.831,2.611559,0.001732,8.874,18.869,18.937,0.000000
414.178925,-18.871,2.227548,0.001740,8.872,18.828,18.896,0.000000
415.612640,-18.920,1.414955,0.001749,8.869,18.788,18.855,0.000000
417.051331,-18.910,0.632581,0.001747,8.867,18.747,18.814,0.000000
418.494995,-18.887,0.074595,0.001742,8.865,18.707,18.772,0.000000
419.943481,-18.893,-0.756224,0.001743,8.862,18.666,18.731,0.000000
421.397369,-18.737,-1.442005,0.001712,8.860,18.625,18.689,0.000000
422.855865,-18.604,-2.370273,0.001685,8.857,18.584,18.647,0.000000
424.319855,-18.461,-4.304735,0.001657,8.855,18.542,18.605,0.000000
425.788666,-18.353,-6.269358,0.001637,8.852,18.501,18.563,0.000000
427.262604,-18.226,-8.782069,0.001613,8.850,18.459,18.520,0.000000
428.741394,-18.184,-11.460908,0.001605,8.847,18.418,18.478,0.000000
430.225739,-18.175,-14.081516,0.001603,8.845,18.376,18.435,0.000000
431.714813,-18.175,-16.819414,0.001602,8.842,18.334,18.392,0.000000
433.209259,-18.222,-20.042948,0.001611,8.840,18.291,18.350,0.000000
434.708862,-18.372,-22.733154,0.001639,8.837,18.249,18.306,0.000000
436.213654,-18.542,-25.390659,0.001671,8.835,18.207,18.263,0.000000
437.723663,-18.650,-27.848148,0.001691,8.832,18.164,18.220,0.000000
439.238892,-18.841,-30.230440,0.001729,8.830,18.121,18.176,0.000000
440.759369,-18.978,-32.650543,0.001756,8.827,18.079,18.133,0.000000
442.285095,-19.087,-34.680019,0.001778,8.824,18.035,18.089,0.000000
443.816132,-19.166,-36.702229,0.001794,8.822,17.992,18.045,0.000000
445.352448,-19.075,-38.744404,0.001775,8.819,17.949,18.001,0.000000
446.894073,-18.917,-41.627148,0.001742,8.817,17.905,17.956,0.000000
448.440857,-18.708,-45.549404,0.001701,8.814,17.862,17.912,0.000000
449.993408,-18.497,-50.302448,0.001660,8.811,17.818,17.867,0.000000
451.550873,-18.367,-55.996124,0.001635,8.809,17.774,17.823,0.000000
453.114197,-18.233,-63.064213,0.001609,8.806,17.730,17.778,0.000000
454.682495,-18.208,-70.953751,0.001604,8.803,17.686,17.733,0.000000
456.256409,-18.269,-80.580200,0.001615,8.801,17.641,17.688,0.000000
457.835815,-18.504,-90.980156,0.001659,8.798,17.597,17.642,0.000000
459.420654,-18.869,-101.993370,0.001730,8.795,17.552,17.597,0.000000
461.010986,-19.224,-113.102142,0.001802,8.793,17.507,17.551,0.000000
462.606842,-19.634,-125.381012,0.001889,8.790,17.462,17.505,0.000000
464.208221,-20.085,-138.668991,0.001989,8.787,17.417,17.459,0.000000
465.815125,-20.547,-152.401733,0.002098,8.785,17.372,17.413,0.000000
467.427582,-21.085,-168.504456,0.002231,8.782,17.326,17.367,0.000000
469.045410,-21.616,174.683334,0.002372,8.779,17.281,17.320,0.000000
470.669312,-22.081,156.768677,0.002502,8.776,17.235,17.274,0.000000
472.298340,-22.496,140.091278,0.002624,8.774,17.189,17.227,0.000000
473.933502,-22.968,124.460220,0.002770,8.771,17.143,17.180,0.000000
475.573853,-23.472,110.765442,0.002935,8.768,17.097,17.133,0.000000
477.220093,-23.930,99.083817,0.003094,8.765,17.050,17.085,0.000000
478.872040,-24.324,88.393814,0.003238,8.763,17.003,17.038,0.000000
480.529724,-24.640,79.212883,0.003358,8.760,16.957,16.990,0.000000
482.193146,-24.822,72.008797,0.003429,8.757,16.910,16.943,0.000000
483.862305,-24.866,65.295425,0.003446,8.754,16.863,16.895,0.000000
485.537262,-24.934,59.931904,0.003473,8.751,16.815,16.847,0.000000
487.217987,-24.963,55.349758,0.003484,8.748,16.768,16.798,0.000000
488.904541,-24.956,51.277256,0.003481,8.746,16.720,16.750,0.000000
490.596710,-24.868,47.651833,0.003445,8.743,16.673,16.701,0.000000
492.295197,-24.865,44.384148,0.003443,8.740,16.625,16.653,0.000000
493.999115,-24.837,40.867695,0.003431,8.737,16.577,16.604,0.000000
495.709381,-24.870,38.095531,0.003444,8.734,16.529,16.554,0.000000
497.425110,-24.962,36.409695,0.003480,8.731,16.480,16.505,0.000000
499.147003,-25.070,34.584797,0.003524,8.728,16.432,16.456,0.000000
500.874847,-25.158,33.414124,0.003560,8.727,16.392,16.415,0.000000
502.608917,-25.223,32.984432,0.003587,8.727,16.361,16.384,0.000000
504.348541,-25.264,33.591759,0.003604,8.727,16.329,16.353,0.000000
506.094391,-25.175,35.206409,0.003567,8.727,16.298,16.322,0.000000
507.846283,-24.942,37.393673,0.003472,8.726,16.266,16.290,0.000000
509.604279,-24.393,39.410114,0.003260,8.726,16.235,16.258,0.000000
511.368317,-23.611,41.010754,0.002979,8.726,16.203,16.227,0.000000
513.138489,-22.747,41.368103,0.002697,8.726,16.171,16.195,0.000000
514.914795,-21.846,40.624367,0.002431,8.726,16.139,16.163,0.000000
516.696960,-20.992,38.302536,0.002204,8.726,16.107,16.131,0.000000
518.485840,-20.174,34.152157,0.002005,8.726,16.075,16.099,0.000000
520.280334,-19.472,28.915079,0.001850,8.726,16.043,16.066,0.000000
522.081360,-18.985,22.753372,0.001749,8.726,16.010,16.034,0.000000
523.888611,-18.604,16.012688,0.001675,8.726,15.978,16.001,0.000000
525.702393,-18.374,9.149631,0.001631,8.726,15.945,15.969,0.000000
527.521912,-18.265,1.894089,0.001611,8.725,15.913,15.936,0.000000
529.348206,-18.251,-5.510973,0.001609,8.725,15.880,15.903,0.000000
531.180359,-18.424,-12.577151,0.001641,8.725,15.847,15.870,0.000000
533.019104,-18.701,-19.659554,0.001695,8.725,15.814,15.837,0.000000
534.864258,-19.147,-26.378481,0.001784,8.725,15.780,15.804,0.000000
536.715698,-19.650,-32.213928,0.001890,8.725,15.747,15.771,0.000000
538.573608,-20.243,-37.599350,0.002024,8.725,15.714,15.737,0.000000
540.437683,-20.900,-42.403740,0.002183,8.725,15.680,15.704,0.000000
542.308777,-21.705,-47.025307,0.002395,8.725,15.647,15.670,0.000000
544.185730,-22.626,-49.683323,0.002663,8.725,15.613,15.636,0.000000
546.069763,-23.610,-52.085400,0.002983,8.724,15.579,15.602,0.000000
547.959778,-24.502,-52.891350,0.003306,8.724,15.545,15.568,0.000000
549.856873,-25.360,-53.338596,0.003650,8.724,15.511,15.534,0.000000
551.760010,-26.069,-53.910145,0.003961,8.724,15.477,15.500,0.000000
553.670288,-26.871,-53.777767,0.004345,8.724,15.442,15.466,0.000000
555.586609,-27.559,-53.868000,0.004704,8.724,15.408,15.431,0.000000
557.509827,-28.216,-53.778778,0.005074,8.724,15.373,15.397,0.000000
559.439697,-28.823,-55.158211,0.005442,8.724,15.338,15.362,0.000000
561.376282,-29.647,-57.423637,0.005985,8.724,15.304,15.327,0.000000
563.319519,-30.678,-58.014015,0.006740,8.724,15.269,15.292,0.000000
565.269287,-31.698,-52.420132,0.007582,8.723,15.234,15.257,0.000000
567.226318,-32.265,-45.447304,0.008094,8.723,15.198,15.222,0.000000
569.189514,-32.475,-39.469467,0.008293,8.723,15.163,15.186,0.000000
571.160156,-32.402,-36.613171,0.008224,8.723,15.128,15.151,0.000000
573.136963,-32.293,-37.427097,0.008123,8.723,15.092,15.115,0.000000
575.121216,-32.230,-40.712070,0.008064,8.723,15.056,15.080,0.000000
577.111816,-31.740,-45.236416,0.007621,8.723,15.021,15.044,0.000000
579.109863,-30.953,-51.960556,0.006961,8.723,14.985,15.008,0.000000
581.114197,-30.043,-69.173836,0.006269,8.723,14.949,14.972,0.000000
583.125793,-29.269,-99.185722,0.005734,8.722,14.912,14.936,0.000000
585.144348,-28.587,-135.940063,0.005302,8.722,14.876,14.899,0.000000
587.169922,-27.969,-172.481308,0.004939,8.722,14.840,14.863,0.000000
589.202454,-27.631,157.444122,0.004751,8.722,14.803,14.826,0.000000
591.241760,-27.167,136.025421,0.004505,8.722,14.766,14.790,0.000000
593.288696,-26.659,119.183899,0.004250,8.722,14.730,14.753,0.000000
595.342468,-26.124,106.088478,0.003996,8.722,14.693,14.716,0.000000
597.403320,-25.475,96.311691,0.003709,8.722,14.656,14.679,0.000000
599.471008,-24.795,89.116333,0.003429,8.722,14.618,14.642,0.000000
601.546448,-24.000,83.703606,0.003129,8.722,14.581,14.604,0.000000
603.628479,-23.169,79.926231,0.002843,8.721,14.544,14.567,0.000000
605.718262,-22.235,76.529953,0.002552,8.721,14.506,14.529,0.000000
607.814758,-21.300,73.251640,0.002291,8.721,14.468,14.491,0.000000
609.918762,-20.391,69.064247,0.002064,8.721,14.430,14.454,0.000000
612.030090,-19.606,63.785263,0.001885,8.721,14.393,14.416,0.000000
614.148682,-18.983,58.457306,0.001755,8.721,14.354,14.378,0.000000
616.274658,-18.440,52.443645,0.001648,8.721,14.316,14.339,0.000000
618.407654,-17.965,46.994236,0.001560,8.721,14.278,14.301,0.000000
620.548645,-17.530,41.648529,0.001484,8.721,14.239,14.262,0.000000
622.696716,-17.145,36.259502,0.001420,8.720,14.201,14.224,0.000000
624.852295,-16.815,30.721233,0.001367,8.720,14.162,14.185,0.000000
627.015259,-16.562,25.436323,0.001328,8.720,14.123,14.146,0.000000
629.185730,-16.436,20.262856,0.001308,8.720,14.084,14.107,0.000000
631.363464,-16.323,15.360083,0.001291,8.720,14.045,14.068,0.000000
633.549316,-16.232,10.693244,0.001277,8.720,14.005,14.028,0.000000
635.742126,-16.186,5.660916,0.001271,8.720,13.966,13.989,0.000000
637.942810,-16.197,0.683336,0.001272,8.720,13.926,13.949,0.000000
640.151123,-16.291,-3.952892,0.001286,8.719,13.887,13.910,0.000000
642.367065,-16.411,-8.431502,0.001303,8.719,13.847,13.870,0.000000
644.590698,-16.531,-12.459311,0.001321,8.719,13.807,13.830,0.000000
646.822327,-16.583,-16.283335,0.001329,8.719,13.767,13.790,0.000000
649.061096,-16.617,-20.744377,0.001334,8.719,13.726,13.749,0.000000
651.307861,-16.677,-25.949160,0.001343,8.719,13.686,13.709,0.000000
653.562439,-16.823,-32.034092,0.001365,8.719,13.646,13.668,0.000000
655.824829,-17.161,-38.908619,0.001419,8.719,13.605,13.628,0.000000
658.095032,-17.701,-45.750183,0.001510,8.719,13.564,13.587,0.000000
660.372803,-18.501,-51.485104,0.001655,8.718,13.523,13.546,0.000000
662.659058,-19.526,-53.746296,0.001862,8.718,13.482,13.505,0.000000
664.952637,-20.510,-53.491508,0.002085,8.718,13.441,13.463,0.000000
667.254761,-21.549,-52.644665,0.002350,8.718,13.399,13.422,0.000000
669.564209,-22.646,-51.187424,0.002666,8.718,13.358,13.381,0.000000
671.882019,-23.748,-47.617634,0.003026,8.718,13.316,13.339,0.000000
674.207764,-24.630,-42.432419,0.003349,8.718,13.274,13.297,0.000000
676.541992,-25.021,-36.224442,0.003502,8.718,13.232,13.255,0.000000
678.883545,-24.781,-30.373978,0.003406,8.717,13.190,13.213,0.000000
681.233582,-24.033,-26.735191,0.003125,8.717,13.148,13.171,0.000000
683.591797,-23.238,-26.677547,0.002851,8.717,13.105,13.128,0.000000
685.958130,-22.525,-28.575603,0.002626,8.717,13.063,13.086,0.000000
688.332642,-21.910,-31.778082,0.002447,8.717,13.020,13.043,0.000000
690.715027,-21.473,-37.468128,0.002326,8.717,12.977,13.000,0.000000
693.106384,-21.265,-45.368248,0.002271,8.717,12.934,12.957,0.000000
695.505310,-21.314,-56.289574,0.002284,8.717,12.891,12.914,0.000000
697.913208,-21.700,-69.889732,0.002388,8.716,12.848,12.870,0.000000
700.328796,-22.522,-83.044464,0.002625,8.716,12.804,12.827,0.000000
702.753052,-23.477,-86.433914,0.002930,8.716,12.761,12.783,0.000000
705.185730,-24.627,-82.439888,0.003345,8.716,12.717,12.740,0.000000
707.627136,-25.732,-65.902557,0.003799,8.716,12.673,12.696,0.000000
710.076355,-26.912,-28.794952,0.004351,8.716,12.629,12.652,0.000000
712.534363,-27.701,4.492563,0.004765,8.716,12.585,12.607,0.000000
715.000854,-28.016,14.296488,0.004941,8.716,12.540,12.563,0.000000
717.475891,-28.040,12.993653,0.004955,8.715,12.496,12.519,0.000000
719.959534,-27.827,5.078699,0.004836,8.715,12.451,12.474,0.000000
722.451416,-27.747,-4.903060,0.004792,8.715,12.406,12.429,0.000000
724.952637,-27.782,-7.414054,0.004812,8.715,12.361,12.384,0.000000
727.461792,-27.737,-7.424228,0.004788,8.715,12.316,12.339,0.000000
729.980347,-27.663,-6.923021,0.004748,8.715,12.271,12.294,0.000000
732.506897,-27.501,-6.289916,0.004661,8.715,12.226,12.248,0.000000
735.042908,-27.442,-5.975329,0.004631,8.714,12.180,12.202,0.000000
737.586975,-27.303,-4.957155,0.004558,8.714,12.134,12.157,0.000000
740.140564,-26.975,-4.219675,0.004390,8.714,12.088,12.111,0.000000
742.702332,-26.788,-4.917086,0.004297,8.714,12.042,12.065,0.000000
745.273254,-26.822,-7.975105,0.004314,8.714,11.996,12.018,0.000000
747.853088,-27.358,-9.895784,0.004590,8.714,11.950,11.972,0.000000
750.441895,-27.850,-6.415761,0.004858,8.714,11.903,11.925,0.000000
753.039612,-28.353,-2.312604,0.005149,8.713,11.856,11.879,0.000000
755.646362,-28.603,4.004939,0.005300,8.713,11.809,11.832,0.000000
758.262146,-28.661,11.808024,0.005336,8.713,11.762,11.785,0.000000
760.886597,-28.322,20.341198,0.005133,8.713,11.715,11.738,0.000000
763.520813,-27.615,28.697615,0.004733,8.713,11.668,11.690,0.000000
766.163818,-26.434,35.634529,0.004132,8.713,11.620,11.643,0.000000
768.816040,-25.048,40.161167,0.003523,8.713,11.573,11.595,0.000000
771.476990,-23.704,39.360348,0.003018,8.713,11.525,11.547,0.000000
774.147888,-22.536,35.944576,0.002639,8.712,11.477,11.499,0.000000
776.827332,-21.569,31.654306,0.002361,8.712,11.428,11.451,0.000000
779.516785,-20.903,25.996861,0.002188,8.712,11.380,11.402,0.000000
782.214844,-20.349,20.654888,0.002053,8.712,11.332,11.354,0.000000
784.922546,-19.917,15.137820,0.001953,8.712,11.283,11.305,0.000000
787.639648,-19.658,8.508592,0.001896,8.712,11.234,11.256,0.000000
790.366150,-19.705,1.051608,0.001907,8.712,11.185,11.207,0.000000
793.102112,-20.070,-5.302596,0.001990,8.711,11.136,11.158,0.000000
795.847107,-20.706,-8.243492,0.002142,8.711,11.086,11.109,0.000000
798.602417,-21.276,-7.149533,0.002288,8.711,11.037,11.059,0.000000
801.366882,-21.555,-5.074791,0.002363,8.711,10.987,11.009,0.000000
804.140930,-21.610,-3.652442,0.002379,8.711,10.937,10.959,0.000000
806.924133,-21.636,-2.477026,0.002387,8.711,10.887,10.909,0.000000
809.717773,-21.498,-0.225868,0.002350,8.710,10.837,10.859,0.000000
812.520325,-21.045,2.552818,0.002231,8.710,10.786,10.809,0.000000
815.333374,-20.344,4.526466,0.002058,8.710,10.736,10.758,0.000000
818.155334,-19.431,4.296308,0.001853,8.710,10.685,10.707,0.000000
820.987488,-18.655,-0.048013,0.001695,8.710,10.634,10.656,0.000000
823.829407,-18.122,-6.509637,0.001594,8.710,10.583,10.605,0.000000
826.681213,-17.868,-12.935554,0.001549,8.710,10.532,10.554,0.000000
829.542847,-17.779,-19.053621,0.001533,8.709,10.480,10.502,0.000000
832.414429,-17.853,-24.980774,0.001547,8.709,10.429,10.451,0.000000
835.295898,-18.103,-29.936487,0.001592,8.709,10.377,10.399,0.000000
838.187378,-18.385,-33.894131,0.001645,8.709,10.325,10.347,0.000000
841.088867,-18.678,-37.616180,0.001702,8.709,10.273,10.295,0.000000
844.000000,-19.044,-40.842068,0.001775,8.709,10.220,10.242,0.000000
846.921997,-19.463,-43.660748,0.001863,8.709,10.168,10.190,0.000000
849.853333,-19.848,-45.864380,0.001948,8.708,10.115,10.137,0.000000
852.795593,-20.169,-47.733795,0.002022,8.708,10.062,10.084,0.000000
855.747253,-20.405,-49.824215,0.002078,8.708,10.009,10.031,0.000000
858.709534,-20.703,-52.839489,0.002151,8.708,9.956,9.978,0.000000
861.682068,-21.153,-55.605141,0.002265,8.708,9.902,9.924,0.000000
864.664856,-21.750,-56.260277,0.002427,8.708,9.849,9.870,0.000000
867.657959,-22.224,-55.482136,0.002563,8.707,9.795,9.817,0.000000
870.661499,-22.580,-54.403934,0.002670,8.707,9.741,9.763,0.000000
873.675354,-22.815,-53.390659,0.002743,8.707,9.686,9.708,0.000000
876.699707,-22.959,-52.493546,0.002789,8.707,9.632,9.654,0.000000
879.734497,-23.015,-51.968876,0.002807,8.707,9.578,9.599,0.000000
882.779419,-23.006,-52.111435,0.002804,8.707,9.523,9.544,0.000000
885.835632,-23.073,-52.913525,0.002826,8.706,9.468,9.490,0.000000
888.901672,-23.125,-53.227726,0.002843,8.706,9.413,9.434,0.000000
891.979126,-23.138,-54.289284,0.002847,8.706,9.357,9.379,0.000000
895.066406,-23.140,-55.155437,0.002848,8.706,9.302,9.323,0.000000
898.164734,-23.119,-57.280773,0.002841,8.706,9.246,9.268,0.000000
901.273865,-23.329,-60.224464,0.002911,8.706,9.190,9.212,0.000000
904.393738,-23.792,-61.853210,0.003070,8.705,9.134,9.156,0.000000
907.524414,-24.178,-61.801697,0.003209,8.705,9.078,9.099,0.000000
910.665894,-24.248,-61.077019,0.003235,8.705,9.021,9.043,0.000000
913.818298,-24.064,-62.028625,0.003168,8.705,8.964,8.986,0.000000
916.981567,-23.864,-65.566071,0.003095,8.705,8.908,8.929,0.000000
920.155823,-23.946,-70.569000,0.003125,8.705,8.850,8.872,0.000000
923.341003,-24.359,-75.560387,0.003277,8.704,8.793,8.815,0.000000
926.537292,-24.840,-79.946579,0.003463,8.704,8.736,8.757,0.000000
929.744141,-25.147,-86.309113,0.003588,8.704,8.678,8.700,0.000000
932.963013,-25.702,-96.523392,0.003824,8.704,8.620,8.642,0.000000
936.192139,-26.768,-108.444481,0.004322,8.704,8.562,8.584,0.000000
939.432861,-27.937,-117.820068,0.004944,8.704,8.504,8.525,0.000000
942.684814,-29.120,-133.664703,0.005664,8.703,8.445,8.467,0.000000
945.948486,-29.906,-166.686981,0.006200,8.703,8.387,8.408,0.000000
949.222534,-29.643,138.352921,0.006014,8.703,8.328,8.349,0.000000
952.508850,-28.446,99.304901,0.005240,8.703,8.269,8.290,0.000000
955.805603,-27.349,76.106895,0.004619,8.703,8.209,8.231,0.000000
959.114258,-26.262,57.524479,0.004075,8.703,8.150,8.171,0.000000
962.434326,-24.906,39.699612,0.003486,8.702,8.090,8.111,0.000000
965.765930,-23.627,26.238281,0.003009,8.702,8.030,8.051,0.000000
969.109009,-22.632,11.127580,0.002683,8.702,7.970,7.991,0.000000
972.463257,-21.915,-2.989610,0.002470,8.702,7.910,7.931,0.000000
975.830017,-21.503,-15.317192,0.002356,8.702,7.849,7.870,0.000000
979.207458,-21.446,-26.175098,0.002341,8.702,7.788,7.810,0.000000
982.597595,-21.482,-35.438881,0.002350,8.701,7.727,7.749,0.000000
985.998474,-21.534,-45.032387,0.002364,8.701,7.666,7.687,0.000000
989.412109,-21.831,-55.797977,0.002447,8.701,7.605,7.626,0.000000
992.836609,-22.480,-67.341309,0.002636,8.701,7.543,7.564,0.000000
996.273926,-23.460,-78.002739,0.002951,8.701,7.481,7.503,0.000000
999.722168,-24.526,-85.922890,0.003337,8.700,7.419,7.441,0.000000
1003.182800,-25.772,-94.973778,0.003851,8.700,7.386,7.408,0.000000
1006.655457,-27.258,-107.743912,0.004570,8.700,7.356,7.377,0.000000
1010.140076,-28.653,-120.134392,0.005366,8.700,7.325,7.346,0.000000
1013.636780,-29.335,-130.775772,0.005805,8.700,7.294,7.316,0.000000
1017.145142,-29.457,-134.046295,0.005887,8.700,7.263,7.285,0.000000
1020.666565,-28.951,-37.146751,0.005554,8.700,7.232,7.254,0.000000
1024.199219,-28.020,0.522973,0.004989,8.700,7.201,7.223,0.000000
1027.745117,-27.191,4.533884,0.004535,8.700,7.170,7.191,0.000000
1031.302246,-26.622,7.525244,0.004248,8.700,7.138,7.160,0.000000
1034.872803,-26.145,1.817180,0.004020,8.700,7.107,7.129,0.000000
1038.454590,-26.013,-9.480685,0.003960,8.700,7.075,7.097,0.000000
1042.049805,-26.481,-14.915469,0.004180,8.700,7.044,7.066,0.000000
1045.656494,-26.940,-18.072186,0.004407,8.700,7.012,7.034,0.000000
1049.276123,-27.548,-20.871613,0.004728,8.699,6.980,7.002,0.000000
1052.908325,-28.313,-22.669817,0.005163,8.699,6.948,6.970,0.000000
1056.553101,-29.221,-19.825933,0.005734,8.699,6.916,6.938,0.000000
1060.210571,-29.579,-13.950019,0.005976,8.699,6.884,6.906,0.000000
1063.880005,-29.481,-7.487120,0.005910,8.699,6.851,6.874,0.000000
1067.563354,-29.014,-1.997522,0.005601,8.699,6.819,6.841,0.000000
1071.258301,-28.364,0.466442,0.005199,8.699,6.786,6.809,0.000000
1074.967041,-27.991,1.605692,0.004981,8.699,6.753,6.776,0.000000
1078.688232,-27.307,5.588533,0.004605,8.699,6.721,6.743,0.000000
1082.422241,-26.025,9.416751,0.003973,8.699,6.688,6.711,0.000000
1086.168579,-24.532,10.390133,0.003347,8.699,6.655,6.678,0.000000
1089.929077,-23.219,5.858479,0.002877,8.699,6.621,6.644,0.000000
1093.701416,-22.370,-1.296539,0.002610,8.699,6.588,6.611,0.000000
1097.487427,-21.867,-9.627332,0.002463,8.698,6.555,6.578,0.000000
1101.286499,-21.588,-18.029295,0.002386,8.698,6.521,6.545,0.000000
1105.098755,-21.503,-28.974098,0.002363,8.698,6.488,6.511,0.000000
1108.924194,-21.888,-40.238842,0.002471,8.698,6.454,6.477,0.000000
1112.762817,-22.789,-44.735336,0.002741,8.698,6.420,6.444,0.000000
1116.614746,-23.692,-44.043915,0.003042,8.698,6.386,6.410,0.000000
1120.480103,-24.346,-42.514900,0.003282,8.698,6.352,6.376,0.000000
1124.358765,-24.624,-41.090572,0.003389,8.698,6.318,6.342,0.000000
1128.250854,-24.636,-40.707935,0.003395,8.698,6.284,6.307,0.000000
1132.156372,-24.528,-41.090481,0.003355,8.698,6.249,6.273,0.000000
1136.075562,-24.347,-41.494202,0.003287,8.698,6.215,6.239,0.000000
1140.007568,-24.040,-43.319664,0.003173,8.698,6.180,6.204,0.000000
1143.953857,-23.730,-48.331390,0.003063,8.697,6.145,6.169,0.000000
1147.913818,-23.658,-58.641216,0.003038,8.697,6.110,6.134,0.000000
1151.887451,-23.951,-67.883133,0.003143,8.697,6.075,6.099,0.000000
1155.874878,-24.598,-75.936653,0.003386,8.697,6.040,6.064,0.000000
1159.876099,-25.287,-83.617729,0.003666,8.697,6.005,6.029,0.000000
1163.891113,-25.993,-92.742744,0.003978,8.697,5.969,5.994,0.000000
1167.920044,-26.682,-103.831871,0.004307,8.697,5.934,5.958,0.000000
1171.962891,-27.182,-116.119659,0.004564,8.697,5.898,5.923,0.000000
1176.019775,-27.263,-129.521469,0.004608,8.697,5.862,5.887,0.000000
1180.090698,-26.878,-145.912231,0.004410,8.697,5.827,5.851,0.000000
1184.175781,-26.546,-171.116760,0.004246,8.697,5.791,5.815,0.000000
1188.274902,-26.485,135.263260,0.004218,8.697,5.754,5.779,0.000000
1192.388306,-26.872,77.036026,0.004412,8.697,5.718,5.743,0.000000
1196.515259,-27.700,52.734760,0.004854,8.696,5.682,5.707,0.000000
1200.657227,-28.251,41.711002,0.005174,8.696,5.645,5.670,0.000000
1204.813965,-28.604,29.247976,0.005391,8.696,5.609,5.634,0.000000
1208.984009,-29.445,16.328360,0.005941,8.696,5.572,5.597,0.000000
1213.169067,-30.851,11.351672,0.006987,8.696,5.535,5.560,0.000000
1217.368530,-32.218,15.307117,0.008180,8.696,5.498,5.523,0.000000
1221.582642,-32.832,25.875813,0.008782,8.696,5.461,5.486,0.000000
1225.811279,-31.350,41.357433,0.007406,8.696,5.423,5.449,0.000000
1230.054565,-28.714,51.309326,0.005469,8.696,5.386,5.412,0.000000
1234.311890,-26.677,53.264523,0.004326,8.696,5.348,5.374,0.000000
1238.585205,-25.225,54.041508,0.003661,8.696,5.311,5.337,0.000000
1242.872803,-23.986,54.839779,0.003175,8.695,5.273,5.299,0.000000
1247.175049,-23.008,53.377949,0.002837,8.695,5.235,5.261,0.000000
1251.492310,-22.276,46.164688,0.002608,8.695,5.197,5.223,0.000000
1255.823975,-21.499,38.304043,0.002385,8.695,5.159,5.185,0.000000
1260.171753,-20.961,29.401266,0.002243,8.695,5.120,5.147,0.000000
1264.533325,-20.744,22.421282,0.002188,8.695,5.082,5.109,0.000000
1268.911255,-20.533,16.977081,0.002136,8.695,5.043,5.070,0.000000
1273.303101,-20.363,11.892853,0.002094,8.695,5.005,5.031,0.000000
1277.710815,-20.257,7.974715,0.002069,8.695,4.966,4.993,0.000000
1282.133789,-19.973,5.052691,0.002003,8.695,4.927,4.954,0.000000
1286.572021,-19.548,0.449222,0.001908,8.695,4.888,4.915,0.000000
1291.025024,-19.330,-6.453470,0.001861,8.694,4.848,4.876,0.000000
1295.494751,-19.356,-12.522133,0.001867,8.694,4.809,4.836,0.000000
1299.979248,-19.469,-18.163149,0.001892,8.694,4.770,4.797,0.000000
1304.479248,-19.645,-23.220753,0.001931,8.694,4.730,4.757,0.000000
1308.994873,-19.761,-27.737097,0.001957,8.694,4.690,4.717,0.000000
1313.525513,-19.806,-33.086674,0.001967,8.694,4.650,4.678,0.000000
1318.072998,-19.967,-39.572517,0.002005,8.694,4.610,4.638,0.000000
1322.635010,-20.309,-47.259647,0.002085,8.694,4.570,4.598,0.000000
1327.214111,-20.897,-55.896698,0.002232,8.694,4.529,4.557,0.000000
1331.807739,-21.785,-61.821949,0.002472,8.694,4.489,4.517,0.000000
1336.417969,-22.504,-59.545761,0.002686,8.694,4.448,4.476,0.000000
1341.044189,-23.042,-58.723907,0.002859,8.693,4.407,4.436,0.000000
1345.686401,-23.412,-60.778229,0.002983,8.693,4.367,4.395,0.000000
1350.344604,-23.976,-65.634590,0.003183,8.693,4.325,4.354,0.000000
1355.018921,-24.724,-72.314285,0.003469,8.693,4.284,4.313,0.000000
1359.709595,-25.639,-79.971649,0.003855,8.693,4.243,4.271,0.000000
1364.416382,-26.311,-87.382782,0.004165,8.693,4.201,4.230,0.000000
1369.139404,-26.074,-82.279839,0.004052,8.693,4.160,4.188,0.000000
1373.878174,-25.184,-86.740639,0.003658,8.693,4.118,4.147,0.000000
1378.634644,-24.755,-82.511925,0.003481,8.693,4.076,4.105,0.000000
1383.406372,-24.736,-55.794865,0.003474,8.693,4.034,4.063,0.000000
1388.195801,-24.857,-4.979856,0.003523,8.693,3.992,4.021,0.000000
1393.000610,-24.851,9.893064,0.003520,8.692,3.949,3.979,0.000000
1397.822632,-24.497,9.569587,0.003380,8.692,3.907,3.936,0.000000
1402.661377,-24.103,2.104905,0.003230,8.692,3.864,3.894,0.000000
1407.516846,-23.890,-10.632254,0.003151,8.692,3.821,3.851,0.000000
1412.389771,-24.099,-21.302809,0.003228,8.692,3.778,3.808,0.000000
1417.278198,-24.470,-28.946999,0.003369,8.692,3.735,3.765,0.000000
1422.184326,-24.672,-35.562057,0.003448,8.692,3.692,3.722,0.000000
1427.107300,-24.902,-42.746216,0.003541,8.692,3.649,3.679,0.000000
1432.047485,-25.321,-50.428738,0.003716,8.692,3.605,3.635,0.000000
1437.004639,-26.069,-58.003895,0.004050,8.692,3.561,3.591,0.000000
1441.979004,-26.997,-61.181293,0.004506,8.691,3.518,3.548,0.000000
1446.969849,-27.587,-62.455368,0.004822,8.691,3.474,3.504,0.000000
1451.979492,-28.124,-69.008583,0.005128,8.691,3.429,3.460,0.000000
1457.005005,-29.266,-79.106163,0.005848,8.691,3.385,3.416,0.000000
1462.048584,-30.775,-81.939148,0.006956,8.691,3.341,3.371,0.000000
1467.109619,-31.979,-71.994179,0.007990,8.691,3.296,3.327,0.000000
1472.188110,-32.390,-51.374115,0.008375,8.691,3.251,3.282,0.000000
1477.285034,-31.959,-31.954500,0.007971,8.691,3.206,3.237,0.000000
1482.398071,-30.996,-23.765924,0.007134,8.691,3.161,3.192,0.000000
1487.529541,-30.333,-26.390221,0.006610,8.690,3.116,3.147,0.000000
1492.678833,-30.077,-28.023809,0.006417,8.690,3.071,3.102,0.000000
1497.845947,-29.385,-29.630760,0.005926,8.690,3.025,3.056,0.000000
1503.030884,-28.648,-39.765858,0.005444,8.690,2.979,3.011,0.000000
1508.233765,-28.070,-57.965652,0.005093,8.690,2.933,2.965,0.000000
1513.453979,-27.436,-74.487526,0.004734,8.690,2.887,2.919,0.000000
1518.693726,-26.998,-106.367111,0.004500,8.690,2.841,2.873,0.000000
1523.950195,-26.612,115.904465,0.004304,8.690,2.795,2.827,0.000000
1529.226196,-26.489,92.164001,0.004243,8.690,2.748,2.780,0.000000
1534.519775,-26.308,84.034515,0.004154,8.690,2.702,2.734,0.000000
1539.831055,-26.010,71.143944,0.004013,8.689,2.655,2.687,0.000000
1545.161987,-25.987,56.490437,0.004003,8.689,2.608,2.640,0.000000
1550.510010,-26.075,47.045128,0.004044,8.689,2.561,2.593,0.000000
1555.877319,-26.201,41.046051,0.004103,8.689,2.513,2.546,0.000000
1561.263184,-25.975,36.461063,0.003998,8.689,2.466,2.498,0.000000
1566.667725,-25.858,31.858307,0.003944,8.689,2.418,2.451,0.000000
1572.090820,-25.841,29.805677,0.003936,8.689,2.370,2.403,0.000000
1577.532837,-25.382,27.124910,0.003734,8.689,2.322,2.355,0.000000
1582.992920,-25.267,22.419859,0.003684,8.689,2.274,2.307,0.000000
1588.473389,-25.395,20.963762,0.003739,8.688,2.226,2.259,0.000000
1593.971313,-25.082,19.731697,0.003607,8.688,2.177,2.211,0.000000
1599.489746,-24.720,15.698225,0.003459,8.688,2.129,2.162,0.000000
1605.026611,-24.614,10.094047,0.003418,8.688,2.080,2.113,0.000000
1610.581787,-25.003,5.099244,0.003574,8.688,2.031,2.065,0.000000
1616.157837,-25.406,3.157033,0.003744,8.688,1.982,2.016,0.000000
1621.751587,-25.661,2.603911,0.003855,8.688,1.933,1.966,0.000000
1627.366211,-25.961,2.363331,0.003991,8.688,1.883,1.917,0.000000
1632.998779,-25.942,3.499949,0.003982,8.688,1.833,1.867,0.000000
1638.651611,-25.802,3.141833,0.003919,8.687,1.784,1.818,0.000000
1644.323975,-25.666,2.573985,0.003858,8.687,1.733,1.768,0.000000
1650.015991,-25.698,1.019595,0.003872,8.687,1.683,1.718,0.000000
1655.726929,-25.794,1.911084,0.003915,8.687,1.633,1.667,0.000000
1661.459229,-25.596,3.541528,0.003827,8.687,1.582,1.617,0.000000
1667.209717,-25.304,3.466546,0.003700,8.687,1.532,1.566,0.000000
1672.981812,-24.870,3.764690,0.003520,8.687,1.481,1.516,0.000000
1678.772949,-23.934,2.780652,0.003160,8.687,1.430,1.465,0.000000
1684.583496,-23.169,-2.473888,0.002894,8.686,1.379,1.414,0.000000
1690.415649,-23.009,-10.253593,0.002841,8.686,1.327,1.362,0.000000
1696.266357,-23.211,-16.030497,0.002908,8.686,1.276,1.311,0.000000
1702.139038,-23.182,-21.020243,0.002898,8.686,1.224,1.259,0.000000
1708.030396,-23.068,-30.499571,0.002860,8.686,1.172,1.207,0.000000
1713.942871,-23.409,-43.342285,0.002975,8.686,1.120,1.155,0.000000
1719.875977,-23.926,-45.509113,0.003157,8.686,1.067,1.103,0.000000
1725.829468,-24.832,-42.047386,0.003504,8.686,1.015,1.051,0.000000
1731.802856,-25.967,-35.994068,0.003994,8.685,0.962,0.998,0.000000
1737.798462,-26.961,-26.804554,0.004479,8.685,0.909,0.946,0.000000
1743.814087,-27.795,-16.018677,0.004932,8.685,0.856,0.893,0.000000
1749.850464,-28.679,-1.590923,0.005461,8.685,0.803,0.840,0.000000
1755.907837,-29.505,18.705690,0.006007,8.685,0.750,0.786,0.000000
1761.985229,-29.310,27.575542,0.005875,8.685,0.696,0.733,0.000000
1768.085449,-28.096,25.310282,0.005109,8.685,0.642,0.679,0.000000
1774.204956,-26.597,22.551088,0.004300,8.685,0.588,0.625,0.000000
1780.347412,-25.339,20.946999,0.003721,8.684,0.534,0.571,0.000000
1786.509521,-24.255,19.072308,0.003285,8.684,0.480,0.517,0.000000
1792.693726,-23.577,16.532576,0.003039,8.684,0.425,0.463,0.000000
1798.899292,-23.052,11.797024,0.002861,8.684,0.371,0.408,0.000000
1805.126465,-22.456,2.872020,0.002672,8.684,0.316,0.353,0.000000
1811.375122,-22.240,-9.934535,0.002607,8.684,0.261,0.298,0.000000
1817.645386,-22.702,-24.300222,0.002749,8.684,0.205,0.243,0.000000
1823.937378,-23.749,-24.609123,0.003102,8.684,0.150,0.188,0.000000
1830.251099,-24.517,-22.144859,0.003389,8.683,0.094,0.132,0.000000
1836.586792,-24.781,-20.990072,0.003495,8.683,0.038,0.077,0.000000
1842.943481,-24.866,-22.983171,0.003530,8.683,-0.018,0.021,0.000000
1849.323853,-24.939,-28.774273,0.003560,8.683,-0.074,-0.035,0.000000
1855.724609,-25.630,-39.784435,0.003855,8.683,-0.130,-0.092,0.000000
1862.149292,-26.872,-38.539547,0.004449,8.683,-0.187,-0.148,0.000000
1868.594482,-27.487,-17.005379,0.004776,8.683,-0.244,-0.205,0.000000
1875.062866,-26.671,-0.102513,0.004348,8.683,-0.301,-0.262,0.000000
1881.553589,-25.918,-3.764356,0.003988,8.682,-0.358,-0.319,0.000000
1888.066772,-26.308,-11.311665,0.004172,8.682,-0.416,-0.376,0.000000
1894.603516,-27.655,1.221634,0.004873,8.682,-0.473,-0.434,0.000000
1901.161011,-27.600,24.685318,0.004843,8.682,-0.531,-0.491,0.000000
1907.742065,-26.557,32.670078,0.004297,8.682,-0.589,-0.549,0.000000
1914.345947,-25.061,27.315197,0.003619,8.682,-0.647,-0.607,0.000000
1920.972656,-24.001,16.599691,0.003204,8.682,-0.706,-0.666,0.000000
1927.622314,-23.636,2.831243,0.003073,8.681,-0.764,-0.724,0.000000
1934.295044,-24.141,-6.398546,0.003258,8.681,-0.823,-0.783,0.000000
1940.989868,-24.559,-8.663416,0.003420,8.681,-0.882,-0.842,0.000000
1947.709717,-24.117,-11.209620,0.003251,8.681,-0.941,-0.901,0.000000
1954.451050,-24.334,-22.228653,0.003333,8.681,-1.001,-0.960,0.000000
1961.216675,-25.377,-27.304546,0.003760,8.681,-1.060,-1.020,0.000000
1968.005615,-26.655,-26.038260,0.004356,8.681,-1.120,-1.079,0.000000
1974.818115,-27.433,-23.254402,0.004765,8.681,-1.180,-1.139,0.000000
1981.655151,-27.568,-19.351767,0.004840,8.680,-1.241,-1.200,0.000000
1988.513916,-27.184,-20.412058,0.004632,8.680,-1.301,-1.260,0.000000
1995.397339,-27.620,-24.714283,0.004871,8.680,-1.362,-1.320,0.000000
2002.304688,-28.321,-22.533415,0.005282,8.680,-1.411,-1.369,0.000000
2009.235840,-28.750,-19.089098,0.005550,8.680,-1.437,-1.395,0.000000
2016.191040,-29.015,-17.562241,0.005723,8.680,-1.463,-1.421,0.000000
2023.170288,-28.711,-11.398864,0.005527,8.680,-1.489,-1.447,0.000000
2030.172852,-27.962,-7.718244,0.005072,8.680,-1.516,-1.473,0.000000
2037.201416,-27.234,-8.074504,0.004665,8.680,-1.542,-1.499,0.000000
2044.252441,-27.211,-7.160142,0.004654,8.680,-1.569,-1.525,0.000000
2051.329834,-26.488,-4.731795,0.004284,8.680,-1.595,-1.551,0.000000
2058.430908,-26.210,-11.164950,0.004151,8.680,-1.622,-1.577,0.000000
2065.555420,-26.205,-11.062237,0.004150,8.680,-1.649,-1.604,0.000000
2072.706543,-25.772,-13.122581,0.003949,8.680,-1.676,-1.630,0.000000
2079.880371,-25.596,-26.026440,0.003871,8.680,-1.702,-1.657,0.000000
2087.080078,-26.416,-40.032509,0.004255,8.680,-1.730,-1.683,0.000000
2094.304932,-27.368,-39.167274,0.004749,8.680,-1.757,-1.710,0.000000
2101.554443,-27.930,-33.118614,0.005067,8.680,-1.784,-1.737,0.000000
2108.829346,-28.398,-24.604801,0.005348,8.680,-1.811,-1.764,0.000000
2116.129150,-27.931,-16.051699,0.005069,8.679,-1.839,-1.791,0.000000
2123.453369,-27.645,-23.941492,0.004906,8.679,-1.866,-1.818,0.000000
2130.804932,-28.349,-21.695259,0.005322,8.679,-1.894,-1.845,0.000000
2138.180176,-28.905,-16.930347,0.005675,8.679,-1.921,-1.872,0.000000
2145.582520,-28.916,3.640946,0.005685,8.679,-1.949,-1.900,0.000000
2153.009766,-28.643,1.309562,0.005510,8.679,-1.977,-1.927,0.000000
2160.461670,-28.659,-2.602821,0.005522,8.679,-2.005,-1.955,0.000000
2167.941406,-28.881,-9.454138,0.005668,8.679,-2.033,-1.983,0.000000
2175.445068,-30.431,-13.729439,0.006777,8.679,-2.061,-2.010,0.000000
2182.976562,-31.829,-1.620211,0.007962,8.679,-2.090,-2.038,0.000000
2190.532227,-30.694,8.364832,0.006988,8.679,-2.118,-2.066,0.000000
2198.114990,-29.888,9.635469,0.006370,8.679,-2.147,-2.094,0.000000
2205.723877,-29.677,7.485576,0.006218,8.679,-2.175,-2.122,0.000000
2213.359375,-30.054,4.735210,0.006495,8.679,-2.204,-2.151,0.000000
2221.020020,-30.512,6.252682,0.006848,8.679,-2.233,-2.179,0.000000
2228.709473,-31.168,10.498007,0.007387,8.679,-2.262,-2.207,0.000000
2236.423340,-31.243,19.930170,0.007452,8.679,-2.291,-2.236,0.000000
2244.166016,-30.379,26.889347,0.006747,8.679,-2.320,-2.265,0.000000
2251.934570,-29.642,23.949806,0.006200,8.679,-2.349,-2.293,0.000000
2259.728760,-30.433,25.027441,0.006792,8.679,-2.378,-2.322,0.000000
2267.552002,-30.225,35.010826,0.006633,8.679,-2.407,-2.351,0.000000
2275.400391,-28.507,41.989380,0.005443,8.679,-2.437,-2.380,0.000000
2283.278076,-26.583,43.261734,0.004363,8.679,-2.467,-2.409,0.000000
2291.180908,-25.344,41.995567,0.003784,8.679,-2.496,-2.439,0.000000
2299.112061,-24.453,39.583073,0.003416,8.679,-2.526,-2.468,0.000000
2307.070557,-23.515,32.972687,0.003067,8.679,-2.556,-2.497,0.000000
2315.056885,-23.334,27.482594,0.003005,8.679,-2.586,-2.527,0.000000
2323.069580,-22.864,27.945854,0.002848,8.679,-2.616,-2.557,0.000000
2331.112305,-21.887,21.764545,0.002546,8.679,-2.646,-2.586,0.000000
2339.181641,-21.647,10.804047,0.002477,8.678,-2.676,-2.616,0.000000
2347.279053,-21.943,2.064233,0.002563,8.678,-2.707,-2.646,0.000000
2355.404297,-22.453,-4.205465,0.002719,8.678,-2.737,-2.676,0.000000
2363.556885,-22.596,-8.198673,0.002765,8.678,-2.768,-2.707,0.000000
2371.739746,-23.006,-15.447241,0.002899,8.678,-2.799,-2.737,0.000000
2379.948486,-23.537,-17.348902,0.003082,8.678,-2.830,-2.767,0.000000
2388.188232,-23.432,-19.746523,0.003045,8.678,-2.861,-2.798,0.000000
2396.454102,-23.395,-26.858803,0.003033,8.678,-2.892,-2.828,0.000000
2404.749512,-24.010,-34.989315,0.003256,8.678,-2.923,-2.859,0.000000
2413.073975,-24.950,-37.531590,0.003629,8.678,-2.954,-2.890,0.000000
2421.427002,-25.616,-37.460487,0.003919,8.678,-2.985,-2.921,0.000000
2429.809082,-26.215,-39.792820,0.004199,8.678,-3.017,-2.952,0.000000
2438.220215,-27.214,-42.921303,0.004712,8.678,-3.049,-2.983,0.000000
2446.660400,-27.609,-46.940964,0.004932,8.678,-3.080,-3.014,0.000000
2455.129883,-28.875,-49.807743,0.005708,8.678,-3.112,-3.046,0.000000
2463.628418,-31.122,-45.535862,0.007396,8.678,-3.144,-3.077,0.000000
2472.155518,-33.178,-44.438507,0.009375,8.678,-3.176,-3.109,0.000000
2480.714355,-32.662,-40.913116,0.008836,8.678,-3.208,-3.140,0.000000
2489.300293,-31.103,-29.621565,0.007388,8.678,-3.240,-3.172,0.000000
2497.918701,-30.326,-15.792943,0.006757,8.678,-3.273,-3.204,0.000000
2506.564209,-30.049,5.765023,0.006547,8.678,-3.305,-3.236,0.000000
2515.240967,-29.609,22.383287,0.006225,8.678,-3.338,-3.268,0.000000
2523.947754,-29.272,32.341011,0.005988,8.678,-3.371,-3.300,0.000000
2532.684814,-27.910,41.581860,0.005120,8.678,-3.403,-3.333,0.000000
2541.453125,-26.629,47.331303,0.004419,8.678,-3.436,-3.365,0.000000
2550.249512,-25.786,41.042225,0.004011,8.678,-3.469,-3.398,0.000000
2559.077393,-25.439,31.879753,0.003855,8.678,-3.502,-3.430,0.000000
2567.936035,-25.436,28.472210,0.003854,8.677,-3.536,-3.463,0.000000
2576.825195,-25.242,27.716829,0.003769,8.677,-3.569,-3.496,0.000000
2585.745117,-24.791,27.405659,0.003579,8.677,-3.603,-3.529,0.000000
2594.696045,-23.699,27.340515,0.003157,8.677,-3.636,-3.562,0.000000
2603.676514,-22.859,18.469482,0.002866,8.677,-3.670,-3.595,0.000000
2612.690918,-22.432,11.133553,0.002730,8.677,-3.704,-3.629,0.000000
2621.733643,-22.401,3.999783,0.002720,8.677,-3.738,-3.662,0.000000
2630.809082,-22.579,-2.684333,0.002778,8.677,-3.772,-3.696,0.000000
2639.916016,-22.787,-5.596975,0.002846,8.677,-3.806,-3.730,0.000000
2649.054443,-22.389,-10.894739,0.002719,8.677,-3.840,-3.763,0.000000
2658.225586,-22.448,-22.339651,0.002739,8.677,-3.875,-3.797,0.000000
2667.426025,-23.154,-24.952591,0.002972,8.677,-3.909,-3.831,0.000000
2676.659668,-23.845,-25.911304,0.003219,8.677,-3.944,-3.866,0.000000
2685.925293,-24.381,-28.728394,0.003425,8.677,-3.979,-3.900,0.000000
2695.222900,-24.957,-31.390295,0.003660,8.677,-4.014,-3.934,0.000000
2704.552734,-25.449,-32.822239,0.003874,8.677,-4.049,-3.969,0.000000
2713.914795,-25.861,-36.548798,0.004063,8.677,-4.084,-4.003,0.000000
2723.308105,-26.917,-40.709438,0.004589,8.677,-4.119,-4.038,0.000000
2732.736572,-27.497,-28.541380,0.004907,8.677,-4.155,-4.073,0.000000
2742.194824,-26.019,-24.356619,0.004140,8.677,-4.190,-4.108,0.000000
2751.688477,-25.444,-33.077423,0.003875,8.677,-4.226,-4.143,0.000000
2761.212646,-26.114,-39.631329,0.004187,8.677,-4.262,-4.178,0.000000
2770.770752,-26.827,-37.088448,0.004546,8.677,-4.298,-4.214,0.000000
2780.363525,-26.305,-33.592800,0.004281,8.677,-4.334,-4.249,0.000000
2789.986816,-25.246,-35.413330,0.003791,8.676,-4.370,-4.285,0.000000
2799.644531,-24.272,-43.718479,0.003389,8.676,-4.406,-4.321,0.000000
2809.335938,-24.116,-56.560444,0.003329,8.676,-4.443,-4.357,0.000000
2819.060791,-24.809,-80.258743,0.003607,8.676,-4.479,-4.393,0.000000
2828.819336,-25.183,-95.845726,0.003767,8.676,-4.516,-4.429,0.000000
2838.611572,-24.955,-83.575172,0.003671,8.676,-4.552,-4.465,0.000000
2848.436279,-25.008,-12.464336,0.003695,8.676,-4.589,-4.501,0.000000
2858.297852,-25.395,65.513702,0.003864,8.676,-4.626,-4.538,0.000000
2868.190918,-26.166,79.055458,0.004225,8.676,-4.664,-4.574,0.000000
2878.120850,-27.475,69.463509,0.004913,8.676,-4.701,-4.611,0.000000
2888.083740,-27.131,56.635853,0.004724,8.676,-4.738,-4.648,0.000000
2898.079834,-26.036,43.454388,0.004166,8.676,-4.776,-4.685,0.000000
2908.113281,-25.976,31.433460,0.004139,8.676,-4.814,-4.722,0.000000
2918.178711,-26.366,22.800472,0.004330,8.676,-4.851,-4.760,0.000000
2928.281738,-26.192,20.673368,0.004246,8.676,-4.889,-4.797,0.000000
2938.416748,-25.703,14.358024,0.004015,8.676,-4.927,-4.834,0.000000
2948.588379,-25.029,5.974864,0.003716,8.676,-4.966,-4.872,0.000000
2958.795410,-24.826,-5.566307,0.003632,8.676,-5.004,-4.910,0.000000
2969.037598,-25.399,-17.166458,0.003881,8.676,-5.042,-4.948,0.000000
2979.313965,-26.663,-25.994970,0.004490,8.676,-5.081,-4.986,0.000000
2989.629883,-27.469,-27.209997,0.004928,8.676,-5.120,-5.024,0.000000
2999.974609,-27.067,-20.888697,0.004707,8.676,-5.159,-5.062,0.000000
3010.360840,-26.328,-22.845400,0.004325,8.676,-5.198,-5.101,0.000000
3020.782959,-26.257,-33.886688,0.004291,8.675,-5.237,-5.139,0.000000
3031.238281,-27.195,-49.068161,0.004782,8.675,-5.276,-5.178,0.000000
3041.732666,-27.627,-37.071030,0.005027,8.675,-5.315,-5.217,0.000000
3052.260498,-26.653,-2.366785,0.004496,8.675,-5.355,-5.256,0.000000
3062.827881,-25.932,18.329519,0.004139,8.675,-5.395,-5.295,0.000000
3073.428711,-25.162,16.809231,0.003789,8.675,-5.435,-5.334,0.000000
3084.066162,-25.310,3.476093,0.003856,8.675,-5.474,-5.374,0.000000
3094.743652,-25.600,0.396752,0.003988,8.675,-5.515,-5.413,0.000000
3105.457764,-25.801,1.819830,0.004083,8.675,-5.555,-5.453,0.000000
3116.206299,-25.377,1.023366,0.003890,8.675,-5.595,-5.493,0.000000
3126.991943,-25.723,-11.679225,0.004049,8.675,-5.636,-5.532,0.000000
3137.817871,-26.674,-24.423597,0.004519,8.675,-5.676,-5.573,0.000000
3148.681152,-27.224,-22.479532,0.004816,8.675,-5.717,-5.613,0.000000
3159.579346,-27.042,-14.638807,0.004719,8.675,-5.758,-5.653,0.000000
3170.515137,-26.869,-8.654825,0.004628,8.675,-5.799,-5.694,0.000000
3181.491699,-27.329,-2.358003,0.004882,8.675,-5.840,-5.734,0.000000
3192.503174,-27.563,18.067644,0.005018,8.675,-5.882,-5.775,0.000000
3203.555908,-27.309,30.976383,0.004876,8.675,-5.923,-5.816,0.000000
3214.644043,-26.402,32.835537,0.004395,8.675,-5.965,-5.857,0.000000
3225.773438,-25.550,29.807465,0.003986,8.675,-6.007,-5.898,0.000000
3236.938232,-25.102,16.604971,0.003787,8.675,-6.049,-5.939,0.000000
3248.141602,-25.532,6.176779,0.003980,8.674,-6.091,-5.981,0.000000
3259.386963,-25.780,1.938883,0.004097,8.674,-6.133,-6.022,0.000000
3270.671387,-26.098,1.026190,0.004252,8.674,-6.175,-6.064,0.000000
3281.991699,-25.746,-3.217167,0.004084,8.674,-6.218,-6.106,0.000000
3293.351074,-25.861,-10.255685,0.004140,8.674,-6.261,-6.148,0.000000
3304.752930,-26.442,-18.053820,0.004428,8.674,-6.303,-6.190,0.000000
3316.194336,-26.609,-11.207028,0.004515,8.674,-6.346,-6.233,0.000000
3327.672119,-26.493,-9.003994,0.004457,8.674,-6.390,-6.275,0.000000
3339.189697,-26.504,-7.908048,0.004464,8.674,-6.433,-6.318,0.000000
3350.750244,-26.723,-18.167902,0.004580,8.674,-6.476,-6.361,0.000000
3362.347656,-27.103,-16.905407,0.004786,8.674,-6.520,-6.404,0.000000
3373.985107,-27.190,-12.414521,0.004836,8.674,-6.564,-6.447,0.000000
3385.666260,-27.655,-3.254169,0.005104,8.674,-6.607,-6.490,0.000000
3397.387695,-27.556,17.723967,0.005048,8.674,-6.651,-6.533,0.000000
3409.146484,-26.896,6.938648,0.004680,8.674,-6.696,-6.577,0.000000
3420.946045,-27.722,6.469706,0.005149,8.674,-6.740,-6.620,0.000000
3432.789795,-27.706,16.550674,0.005141,8.674,-6.784,-6.664,0.000000
3444.674316,-27.528,23.570980,0.005038,8.674,-6.829,-6.708,0.000000
3456.596924,-26.984,27.719330,0.004734,8.674,-6.874,-6.752,0.000000
3468.560547,-26.740,24.880468,0.004605,8.673,-6.919,-6.797,0.000000
3480.569092,-25.752,25.232918,0.004111,8.673,-6.964,-6.841,0.000000
3492.615723,-24.642,20.425600,0.003619,8.673,-7.009,-6.886,0.000000
3504.707520,-24.359,16.536646,0.003504,8.673,-7.055,-6.931,0.000000
3516.837891,-23.423,15.118059,0.003147,8.673,-7.100,-6.975,0.000000
3529.013428,-23.018,3.559485,0.003005,8.673,-7.146,-7.021,0.000000
3541.228027,-23.424,-3.084606,0.003150,8.673,-7.192,-7.066,0.000000
3553.484619,-23.204,-9.298700,0.003071,8.673,-7.238,-7.111,0.000000
3565.787109,-23.220,-21.763723,0.003078,8.673,-7.284,-7.157,0.000000
3578.132080,-23.846,-21.295614,0.003308,8.673,-7.330,-7.202,0.000000
3590.516602,-24.499,-20.571001,0.003567,8.673,-7.377,-7.248,0.000000
3602.943848,-25.179,-23.467405,0.003858,8.673,-7.424,-7.294,0.000000
3615.417480,-26.156,-28.591900,0.004318,8.673,-7.470,-7.340,0.000000
3627.934570,-27.543,-14.633593,0.005066,8.673,-7.517,-7.387,0.000000
3640.491211,-27.305,-2.134412,0.004929,8.673,-7.565,-7.433,0.000000
3653.091553,-27.253,0.772297,0.004900,8.673,-7.612,-7.480,0.000000
3665.739014,-27.036,5.911964,0.004779,8.673,-7.659,-7.527,0.000000
3678.426514,-27.037,-4.407776,0.004780,8.673,-7.707,-7.574,0.000000
3691.161621,-27.251,-7.903078,0.004899,8.672,-7.755,-7.621,0.000000
3703.937256,-27.337,-10.831293,0.004948,8.672,-7.803,-7.668,0.000000
3716.760498,-27.486,-15.124908,0.005033,8.672,-7.851,-7.715,0.000000
3729.628418,-27.441,-24.618856,0.005007,8.672,-7.899,-7.763,0.000000
3742.533447,-27.804,-32.773190,0.005221,8.672,-7.948,-7.811,0.000000
3755.490479,-28.484,-31.291201,0.005646,8.672,-7.997,-7.859,0.000000
3768.492432,-29.625,-24.777296,0.006438,8.672,-8.045,-7.907,0.000000
3781.535645,-29.888,4.601059,0.006636,8.672,-8.094,-7.955,0.000000
3794.624023,-29.891,22.267410,0.006638,8.672,-8.144,-8.004,0.000000
3807.761475,-30.214,49.236389,0.006888,8.672,-8.193,-8.052,0.000000
3820.940674,-29.712,60.141762,0.006501,8.672,-8.242,-8.101,0.000000
3834.169189,-29.442,59.954716,0.006301,8.672,-8.292,-8.150,0.000000
3847.439697,-28.822,56.589500,0.005866,8.672,-8.342,-8.199,0.000000
3860.760010,-27.495,51.048820,0.005033,8.672,-8.392,-8.248,0.000000
3874.126221,-26.294,44.287960,0.004383,8.672,-8.442,-8.298,0.000000
3887.531494,-25.792,33.835930,0.004136,8.672,-8.493,-8.348,0.000000
3900.990479,-25.752,30.967545,0.004116,8.672,-8.543,-8.397,0.000000
3914.496094,-25.358,22.891272,0.003933,8.672,-8.594,-8.447,0.000000
3928.048340,-25.653,17.551310,0.004068,8.671,-8.645,-8.498,0.000000
3941.640137,-26.033,14.752338,0.004250,8.671,-8.696,-8.548,0.000000
3955.286377,-25.990,15.046973,0.004228,8.671,-8.747,-8.598,0.000000
3968.979980,-25.880,11.742800,0.004174,8.671,-8.798,-8.649,0.000000
3982.717285,-26.041,11.187762,0.004251,8.671,-8.850,-8.700,0.000000
3996.501953,-26.032,11.513195,0.004246,8.671,-8.902,-8.751,0.000000
4010.338135,-25.508,9.425879,0.003997,8.671,-8.924,-8.773,0.000000
4024.218506,-25.315,5.973280,0.003908,8.671,-8.937,-8.785,0.000000
4038.150879,-24.876,0.012232,0.003715,8.671,-8.950,-8.797,0.000000
4052.127441,-24.941,-6.938207,0.003742,8.671,-8.963,-8.809,0.000000
4066.156250,-25.197,-15.807872,0.003853,8.671,-8.975,-8.821,0.000000
4080.233643,-25.809,-21.622972,0.004133,8.671,-8.988,-8.834,0.000000
4094.352051,-26.057,-33.576878,0.004252,8.671,-9.001,-8.846,0.000000
4108.526855,-26.683,-34.210197,0.004567,8.671,-9.014,-8.858,0.000000
4122.750977,-27.386,-25.151192,0.004951,8.671,-9.027,-8.871,0.000000
4137.020508,-28.185,-12.454909,0.005426,8.671,-9.040,-8.883,0.000000
4151.339355,-29.363,14.440743,0.006212,8.671,-9.053,-8.895,0.000000
4165.711914,-29.755,40.818260,0.006496,8.671,-9.066,-8.908,0.000000
4180.133789,-28.505,54.176811,0.005622,8.671,-9.079,-8.921,0.000000
4194.601562,-27.868,58.218781,0.005222,8.671,-9.093,-8.933,0.000000
4209.120117,-27.691,60.017159,0.005114,8.671,-9.106,-8.946,0.000000
4223.692383,-26.737,52.827534,0.004580,8.671,-9.119,-8.958,0.000000
4238.314941,-25.611,47.052219,0.004021,8.671,-9.132,-8.971,0.000000
4252.980469,-24.956,41.120205,0.003727,8.671,-9.146,-8.984,0.000000
4267.704590,-24.457,36.320354,0.003518,8.671,-9.159,-8.997,0.000000
4282.479980,-24.015,28.829391,0.003342,8.670,-9.173,-9.010,0.000000
4297.306152,-24.107,20.877460,0.003376,8.670,-9.186,-9.022,0.000000
4312.175781,-24.028,18.070059,0.003345,8.670,-9.200,-9.035,0.000000
4327.104980,-23.875,9.724480,0.003285,8.670,-9.213,-9.048,0.000000
4342.085449,-24.387,-0.690497,0.003483,8.670,-9.227,-9.061,0.000000
4357.114258,-25.295,0.600816,0.003866,8.670,-9.241,-9.074,0.000000
4372.194824,-25.961,-2.276131,0.004172,8.670,-9.255,-9.088,0.000000
4387.331543,-26.612,-4.293241,0.004494,8.670,-9.268,-9.101,0.000000
4402.520996,-27.307,-0.802584,0.004866,8.670,-9.282,-9.114,0.000000
4417.758789,-27.006,3.897044,0.004698,8.670,-9.296,-9.127,0.000000
4433.049316,-26.722,4.193017,0.004544,8.670,-9.310,-9.141,0.000000
4448.396973,-27.088,1.342060,0.004738,8.670,-9.324,-9.154,0.000000
4463.797852,-27.670,8.022719,0.005062,8.670,-9.338,-9.167,0.000000
4479.243164,-27.252,7.503305,0.004821,8.670,-9.352,-9.181,0.000000
4494.750977,-27.806,4.206859,0.005135,8.670,-9.366,-9.194,0.000000
4510.312012,-27.949,11.584174,0.005217,8.670,-9.381,-9.208,0.000000
4525.922852,-27.600,12.474012,0.005008,8.670,-9.395,-9.221,0.000000
4541.587891,-28.176,10.845661,0.005348,8.670,-9.409,-9.235,0.000000
4557.311035,-28.389,9.717058,0.005477,8.670,-9.423,-9.249,0.000000
4573.088867,-29.351,9.450565,0.006115,8.670,-9.438,-9.262,0.000000
4588.916992,-29.324,15.883765,0.006093,8.670,-9.452,-9.276,0.000000
4604.799805,-29.294,10.528134,0.006068,8.670,-9.467,-9.290,0.000000
4620.742188,-29.702,11.251808,0.006357,8.670,-9.481,-9.304,0.000000
4636.739746,-29.250,15.990145,0.006031,8.670,-9.496,-9.318,0.000000
4652.788086,-28.941,11.252607,0.005818,8.670,-9.510,-9.332,0.000000
4668.892090,-29.369,10.376298,0.006108,8.670,-9.525,-9.346,0.000000
4685.056152,-29.831,13.891602,0.006439,8.670,-9.540,-9.360,0.000000
4701.276367,-29.960,20.792990,0.006532,8.670,-9.555,-9.374,0.000000
4717.543457,-29.594,20.779657,0.006259,8.669,-9.570,-9.388,0.000000
4733.875977,-29.923,22.215796,0.006497,8.669,-9.584,-9.402,0.000000
4750.265137,-29.777,28.853737,0.006386,8.669,-9.599,-9.416,0.000000
4766.706543,-29.278,26.788275,0.006026,8.669,-9.614,-9.431,0.000000
4783.209473,-29.920,29.380520,0.006485,8.669,-9.629,-9.445,0.000000
4799.764648,-28.960,36.100983,0.005803,8.669,-9.645,-9.459,0.000000
4816.381836,-28.279,31.229237,0.005363,8.669,-9.660,-9.474,0.000000
4833.052246,-27.829,30.219185,0.005090,8.669,-9.675,-9.488,0.000000
4849.779785,-27.429,28.659050,0.004858,8.669,-9.690,-9.503,0.000000
4866.570312,-27.284,25.502983,0.004775,8.669,-9.706,-9.518,0.000000
4883.418945,-26.570,23.189245,0.004396,8.669,-9.721,-9.532,0.000000
4900.316406,-26.742,16.004141,0.004482,8.669,-9.736,-9.547,0.000000
4917.281738,-26.826,9.273554,0.004525,8.669,-9.752,-9.562,0.000000
4934.305664,-26.845,9.636604,0.004533,8.669,-9.767,-9.576,0.000000
4951.388672,-27.065,8.112026,0.004648,8.669,-9.783,-9.591,0.000000
4968.521484,-27.132,3.528460,0.004682,8.669,-9.799,-9.606,0.000000
4985.723145,-27.278,-0.689627,0.004760,8.669,-9.814,-9.621,0.000000
5002.984375,-27.581,-5.096019,0.004927,8.669,-9.830,-9.636,0.000000
5020.300293,-27.720,0.163761,0.005005,8.669,-9.846,-9.651,0.000000
5037.681152,-28.467,2.916127,0.005452,8.669,-9.862,-9.666,0.000000
5055.117188,-29.072,19.564102,0.005844,8.669,-9.878,-9.682,0.000000
5072.618164,-28.695,26.740805,0.005593,8.669,-9.893,-9.697,0.000000
5090.175293,-29.226,32.963467,0.005944,8.669,-9.909,-9.712,0.000000
5107.792969,-29.224,44.978954,0.005940,8.669,-9.926,-9.727,0.000000
5125.477051,-28.602,58.620422,0.005528,8.669,-9.942,-9.743,0.000000
5143.221680,-28.142,60.696373,0.005241,8.669,-9.958,-9.758,0.000000
5161.018066,-26.709,50.601017,0.004442,8.668,-9.974,-9.774,0.000000
5178.886230,-25.879,46.242527,0.004036,8.668,-9.990,-9.789,0.000000
5196.815918,-25.408,40.772408,0.003822,8.668,-10.007,-9.805,0.000000
5214.802734,-24.825,30.872692,0.003572,8.668,-10.023,-9.820,0.000000
5232.856934,-24.439,20.410805,0.003416,8.668,-10.040,-9.836,0.000000
5250.968750,-24.673,8.754846,0.003508,8.668,-10.056,-9.852,0.000000
5269.147949,-24.890,2.864185,0.003597,8.668,-10.073,-9.868,0.000000
5287.385254,-25.588,-3.588483,0.003897,8.668,-10.089,-9.884,0.000000
5305.685547,-26.821,-14.272626,0.004491,8.668,-10.106,-9.899,0.000000
5324.054199,-28.013,-9.031732,0.005150,8.668,-10.123,-9.915,0.000000
5342.486816,-28.032,-13.093929,0.005160,8.668,-10.140,-9.931,0.000000
5360.978027,-28.927,-21.594316,0.005720,8.668,-10.157,-9.948,0.000000
5379.532715,-30.083,-15.483577,0.006534,8.668,-10.173,-9.964,0.000000
5398.157227,-30.131,-14.969703,0.006570,8.668,-10.190,-9.980,0.000000
5416.846191,-28.925,-8.859363,0.005718,8.668,-10.207,-9.996,0.000000
5435.594727,-28.443,11.277815,0.005410,8.668,-10.225,-10.012,0.000000
5454.408203,-27.774,29.867842,0.005009,8.668,-10.242,-10.029,0.000000
5473.291992,-27.699,19.904053,0.004966,8.668,-10.259,-10.045,0.000000
5492.235352,-28.102,26.349543,0.005201,8.668,-10.276,-10.062,0.000000
5511.250000,-27.785,41.189480,0.005014,8.668,-10.294,-10.078,0.000000
5530.325195,-27.131,34.789299,0.004649,8.668,-10.311,-10.095,0.000000
5549.472168,-26.638,37.545456,0.004392,8.668,-10.328,-10.111,0.000000
5568.679199,-26.798,22.815802,0.004473,8.668,-10.346,-10.128,0.000000
5587.953613,-27.011,6.765975,0.004583,8.668,-10.364,-10.145,0.000000
5607.299316,-28.065,-2.898490,0.005174,8.667,-10.381,-10.162,0.000000
5626.712402,-28.143,-10.548292,0.005221,8.667,-10.399,-10.179,0.000000
5646.181641,-27.944,-7.050369,0.005103,8.667,-10.417,-10.196,0.000000
5665.729492,-27.469,14.158648,0.004833,8.667,-10.435,-10.213,0.000000
5685.344727,-27.927,12.721140,0.005095,8.667,-10.452,-10.230,0.000000
5705.027832,-28.301,29.491993,0.005320,8.667,-10.470,-10.247,0.000000
5724.773926,-29.241,85.123016,0.005929,8.667,-10.488,-10.264,0.000000
5744.587891,-29.541,83.442337,0.006139,8.667,-10.506,-10.281,0.000000
5764.476562,-29.158,68.755081,0.005874,8.667,-10.525,-10.298,0.000000
5784.428223,-29.193,72.820122,0.005897,8.667,-10.543,-10.316,0.000000
5804.448730,-29.761,64.968178,0.006296,8.667,-10.561,-10.333,0.000000
5824.544434,-30.145,64.619301,0.006581,8.667,-10.579,-10.351,0.000000
5844.709473,-30.298,74.249611,0.006698,8.667,-10.598,-10.368,0.000000
5864.938965,-30.214,74.115204,0.006633,8.667,-10.616,-10.386,0.000000
5885.238281,-29.328,77.213722,0.005990,8.667,-10.635,-10.404,0.000000
5905.613281,-28.110,77.368515,0.005206,8.667,-10.653,-10.421,0.000000
5926.059082,-27.545,73.878120,0.004878,8.667,-10.672,-10.439,0.000000
5946.570312,-27.822,67.867950,0.005036,8.667,-10.691,-10.457,0.000000
5967.151855,-27.719,61.840324,0.004977,8.667,-10.710,-10.475,0.000000
5987.811035,-27.740,56.336700,0.004989,8.667,-10.728,-10.493,0.000000
6008.535645,-28.059,52.812477,0.005176,8.667,-10.747,-10.511,0.000000
6029.337402,-27.934,50.690128,0.005102,8.667,-10.766,-10.529,0.000000
6050.206055,-28.159,45.013378,0.005234,8.666,-10.785,-10.547,0.000000
6071.152344,-29.229,37.722694,0.005920,8.666,-10.804,-10.565,0.000000
6092.165527,-31.005,42.202515,0.007261,8.666,-10.824,-10.583,0.000000
6113.251465,-31.072,51.705887,0.007316,8.666,-10.843,-10.602,0.000000
6134.416016,-30.999,52.978260,0.007254,8.666,-10.862,-10.620,0.000000
6155.653809,-30.880,59.342110,0.007154,8.666,-10.881,-10.639,0.000000
6176.959473,-29.391,61.977921,0.006025,8.666,-10.901,-10.657,0.000000
6198.338867,-29.334,54.628651,0.005986,8.666,-10.920,-10.676,0.000000
6219.797852,-29.452,52.546341,0.006066,8.666,-10.940,-10.695,0.000000
6241.331543,-29.481,56.558548,0.006085,8.666,-10.960,-10.713,0.000000
6262.933594,-28.455,56.610535,0.005407,8.666,-10.979,-10.732,0.000000
6284.610352,-27.694,46.104301,0.004952,8.666,-10.999,-10.751,0.000000
6306.368652,-27.518,38.237785,0.004852,8.666,-11.019,-10.770,0.000000
6328.195801,-27.472,36.603481,0.004826,8.666,-11.039,-10.789,0.000000
6350.104492,-28.502,33.812859,0.005432,8.666,-11.059,-10.808,0.000000
6372.083008,-29.151,46.912872,0.005852,8.666,-11.079,-10.827,0.000000
6394.143555,-29.511,48.868210,0.006099,8.666,-11.099,-10.846,0.000000
6416.274902,-29.520,49.466164,0.006104,8.666,-11.119,-10.865,0.000000
6438.482422,-30.520,48.277592,0.006848,8.666,-11.139,-10.885,0.000000
6460.772949,-31.911,61.901772,0.008035,8.666,-11.160,-10.904,0.000000
6483.140625,-32.619,93.152908,0.008715,8.665,-11.180,-10.924,0.000000
6505.580078,-31.521,89.638382,0.007677,8.665,-11.201,-10.943,0.000000
6528.096680,-30.553,84.448433,0.006865,8.665,-11.221,-10.963,0.000000
6550.697266,-29.972,79.171730,0.006419,8.665,-11.242,-10.982,0.000000
6573.370605,-29.219,75.376541,0.005884,8.665,-11.263,-11.002,0.000000
6596.127930,-29.571,74.589157,0.006125,8.665,-11.283,-11.022,0.000000
6618.958008,-29.505,82.115944,0.006076,8.665,-11.304,-11.042,0.000000
6641.873535,-29.122,92.511742,0.005812,8.665,-11.325,-11.062,0.000000
6664.861816,-28.280,84.388985,0.005274,8.665,-11.346,-11.082,0.000000
6687.930176,-28.646,78.561745,0.005499,8.665,-11.367,-11.102,0.000000
6711.084473,-28.818,82.222763,0.005607,8.665,-11.388,-11.122,0.000000
6734.318848,-28.138,84.660309,0.005183,8.665,-11.409,-11.142,0.000000
6757.633301,-27.308,86.193878,0.004709,8.665,-11.431,-11.162,0.000000
6781.016113,-26.368,84.682922,0.004223,8.665,-11.452,-11.183,0.000000
6804.492676,-25.455,73.351875,0.003800,8.665,-11.473,-11.203,0.000000
6828.050293,-25.318,75.433670,0.003739,8.665,-11.495,-11.224,0.000000
6851.683105,-26.030,69.172485,0.004056,8.665,-11.516,-11.244,0.000000
6875.397949,-25.987,71.681808,0.004034,8.665,-11.538,-11.265,0.000000
6899.201172,-25.837,67.383743,0.003962,8.665,-11.560,-11.285,0.000000
6923.080078,-26.205,60.390568,0.004132,8.665,-11.582,-11.306,0.000000
6947.048828,-26.810,53.037296,0.004428,8.664,-11.603,-11.327,0.000000
6971.093262,-28.227,55.534756,0.005210,8.664,-11.625,-11.348,0.000000
6995.228027,-29.032,63.599037,0.005712,8.664,-11.647,-11.369,0.000000
7019.446289,-29.164,66.249672,0.005797,8.664,-11.669,-11.390,0.000000
7043.734863,-28.156,60.318954,0.005159,8.664,-11.692,-11.411,0.000000
7068.120605,-28.337,53.980618,0.005265,8.664,-11.714,-11.432,0.000000
7092.591309,-28.151,51.588840,0.005152,8.664,-11.736,-11.454,0.000000
7117.139648,-28.306,46.819115,0.005243,8.664,-11.759,-11.475,0.000000
7141.772949,-28.720,39.260746,0.005497,8.664,-11.781,-11.496,0.000000
7166.498535,-29.059,43.942997,0.005713,8.664,-11.804,-11.518,0.000000
7191.309570,-28.777,46.109402,0.005529,8.664,-11.826,-11.539,0.000000
7216.199707,-28.636,41.640682,0.005438,8.664,-11.849,-11.561,0.000000
7241.176270,-29.558,34.086048,0.006045,8.664,-11.872,-11.583,0.000000
7266.245605,-29.883,36.111244,0.006272,8.664,-11.895,-11.605,0.000000
7291.402344,-30.493,37.728954,0.006725,8.664,-11.918,-11.627,0.000000
7316.631836,-31.388,37.473015,0.007451,8.664,-11.941,-11.648,0.000000
7341.962402,-32.001,35.907787,0.007992,8.664,-11.964,-11.670,0.000000
7367.381348,-30.919,50.955158,0.007052,8.663,-11.987,-11.693,0.000000
7392.887695,-31.089,45.506413,0.007188,8.663,-12.010,-11.715,0.000000
7418.468262,-31.360,59.142555,0.007412,8.663,-12.033,-11.737,0.000000
7444.151855,-31.482,84.520561,0.007513,8.663,-12.057,-11.759,0.000000
7469.924316,-29.957,94.757263,0.006299,8.663,-12.080,-11.782,0.000000
7495.778809,-28.999,88.570984,0.005639,8.663,-12.104,-11.804,0.000000
7521.722656,-28.563,88.502350,0.005360,8.663,-12.128,-11.827,0.000000
7547.763672,-28.162,91.189003,0.005116,8.663,-12.151,-11.849,0.000000
7573.887207,-27.923,81.976227,0.004974,8.663,-12.175,-11.872,0.000000
7600.108887,-27.608,74.612938,0.004794,8.663,-12.199,-11.895,0.000000
7626.414062,-27.436,65.832375,0.004698,8.663,-12.223,-11.918,0.000000
7652.817383,-27.326,58.910244,0.004637,8.663,-12.247,-11.941,0.000000
7679.312012,-27.811,48.413933,0.004900,8.663,-12.271,-11.964,0.000000
7705.883789,-28.565,38.822712,0.005342,8.663,-12.296,-11.987,0.000000
7732.562500,-29.307,44.444889,0.005815,8.663,-12.320,-12.010,0.000000
7759.333008,-29.363,45.963070,0.005850,8.663,-12.344,-12.033,0.000000
7786.189453,-29.528,49.065048,0.005959,8.663,-12.369,-12.057,0.000000
7813.138672,-29.240,57.148754,0.005762,8.662,-12.393,-12.080,0.000000
7840.188477,-28.276,60.521137,0.005154,8.662,-12.418,-12.104,0.000000
7867.331543,-27.810,54.419590,0.004882,8.662,-12.443,-12.127,0.000000
7894.561523,-27.383,52.384872,0.004645,8.662,-12.468,-12.151,0.000000
7921.885742,-26.742,49.429859,0.004313,8.662,-12.493,-12.175,0.000000
7949.312012,-26.283,34.060989,0.004089,8.662,-12.518,-12.199,0.000000
7976.833496,-25.778,12.827776,0.003856,8.662,-12.543,-12.223,0.000000
8004.442383,-25.196,1.370212,0.003604,8.662,-12.564,-12.243,0.000000
8032.146973,-25.418,-5.014931,0.003695,8.662,-12.567,-12.245,0.000000
8059.955078,-25.975,-30.427526,0.003938,8.662,-12.569,-12.248,0.000000
8087.859375,-26.389,-70.979858,0.004128,8.662,-12.572,-12.250,0.000000
8115.844727,-26.778,171.636932,0.004315,8.662,-12.574,-12.252,0.000000
8143.942383,-27.337,157.266724,0.004599,8.662,-12.577,-12.255,0.000000
8172.137695,-27.052,138.585526,0.004446,8.662,-12.579,-12.257,0.000000
8200.422852,-27.322,125.481430,0.004583,8.662,-12.582,-12.260,0.000000
8228.805664,-27.640,106.154732,0.004749,8.662,-12.585,-12.262,0.000000
8257.293945,-28.488,93.700432,0.005232,8.662,-12.587,-12.264,0.000000
8285.881836,-28.870,86.298424,0.005462,8.662,-12.590,-12.267,0.000000
8314.560547,-29.391,80.612389,0.005795,8.661,-12.592,-12.269,0.000000
8343.337891,-29.609,78.752815,0.005936,8.661,-12.595,-12.271,0.000000
8372.223633,-30.113,72.329033,0.006284,8.661,-12.597,-12.274,0.000000
8401.208984,-31.069,67.278313,0.007008,8.661,-12.600,-12.276,0.000000
8430.278320,-32.777,68.360077,0.008523,8.661,-12.603,-12.279,0.000000
8459.464844,-32.772,73.791306,0.008509,8.661,-12.605,-12.281,0.000000
8488.752930,-32.542,80.322372,0.008278,8.661,-12.608,-12.284,0.000000
8518.141602,-31.444,76.244904,0.007287,8.661,-12.611,-12.286,0.000000
8547.616211,-31.147,65.390099,0.007034,8.661,-12.613,-12.289,0.000000
8577.208008,-31.433,57.467854,0.007260,8.661,-12.616,-12.291,0.000000
8606.903320,-31.743,49.623241,0.007515,8.661,-12.619,-12.293,0.000000
8636.693359,-31.633,38.658775,0.007412,8.661,-12.621,-12.296,0.000000
8666.594727,-31.816,32.627441,0.007560,8.661,-12.624,-12.298,0.000000
8696.590820,-31.910,26.763151,0.007633,8.661,-12.627,-12.301,0.000000
8726.699219,-31.585,26.730455,0.007342,8.661,-12.629,-12.303,0.000000
8756.903320,-32.147,55.290287,0.007821,8.661,-12.632,-12.306,0.000000
8787.211914,-32.427,124.350227,0.008065,8.661,-12.635,-12.309,0.000000
8817.634766,-31.607,133.726334,0.007327,8.661,-12.638,-12.311,0.000000
8848.162109,-31.310,126.448181,0.007070,8.660,-12.640,-12.314,0.000000
8878.778320,-31.665,131.785309,0.007353,8.660,-12.643,-12.316,0.000000
8909.517578,-31.257,119.050385,0.007004,8.660,-12.646,-12.319,0.000000
8940.363281,-30.968,114.742676,0.006764,8.660,-12.649,-12.321,0.000000
8971.306641,-31.307,100.648102,0.007021,8.660,-12.651,-12.324,0.000000
9002.366211,-31.847,97.485626,0.007458,8.660,-12.654,-12.327,0.000000
9033.524414,-32.419,101.588356,0.007953,8.660,-12.657,-12.329,0.000000
9064.799805,-32.095,100.917610,0.007649,8.660,-12.660,-12.332,0.000000
9096.173828,-31.979,107.497513,0.007534,8.660,-12.663,-12.334,0.000000
9127.657227,-31.144,104.162918,0.006831,8.660,-12.666,-12.337,0.000000
9159.257812,-31.241,96.411613,0.006893,8.660,-12.668,-12.340,0.000000
9190.967773,-30.822,88.400711,0.006555,8.660,-12.671,-12.342,0.000000
9222.770508,-31.118,93.731323,0.006768,8.660,-12.674,-12.345,0.000000
9254.701172,-30.777,97.157639,0.006494,8.660,-12.677,-12.348,0.000000
9286.741211,-30.615,87.587456,0.006361,8.660,-12.680,-12.350,0.000000
9318.892578,-30.983,82.906700,0.006623,8.660,-12.683,-12.353,0.000000
9351.137695,-31.329,81.182747,0.006876,8.660,-12.686,-12.356,0.000000
9383.512695,-32.245,89.936432,0.007625,8.659,-12.689,-12.358,0.000000
9415.999023,-32.784,106.474831,0.008095,8.659,-12.692,-12.361,0.000000
9448.588867,-32.850,111.407997,0.008138,8.659,-12.694,-12.364,0.000000
9481.300781,-33.496,116.705688,0.008747,8.659,-12.697,-12.366,0.000000
9514.117188,-33.357,118.000717,0.008588,8.659,-12.700,-12.369,0.000000
9547.055664,-32.892,127.323639,0.008122,8.659,-12.703,-12.372,0.000000
9580.099609,-32.757,117.870583,0.007977,8.659,-12.706,-12.375,0.000000
9613.257812,-32.624,113.337479,0.007835,8.659,-12.709,-12.378,0.000000
9646.540039,-32.165,119.030052,0.007413,8.659,-12.712,-12.380,0.000000
9679.936523,-31.849,117.092224,0.007130,8.659,-12.715,-12.383,0.000000
9713.431641,-31.719,121.254822,0.007006,8.659,-12.718,-12.386,0.000000
9747.060547,-30.516,122.633308,0.006084,8.659,-12.721,-12.389,0.000000
9780.805664,-29.794,109.835594,0.005584,8.659,-12.724,-12.391,0.000000
9814.658203,-30.275,104.324089,0.005885,8.659,-12.727,-12.394,0.000000
9848.637695,-30.937,102.133087,0.006334,8.659,-12.731,-12.397,0.000000
9882.724609,-30.871,109.548622,0.006269,8.659,-12.734,-12.400,0.000000
9916.939453,-30.647,109.888275,0.006093,8.658,-12.737,-12.403,0.000000
9951.263672,-30.393,107.450485,0.005901,8.658,-12.740,-12.406,0.000000
9985.706055,-30.402,98.113182,0.005890,8.658,-12.743,-12.409,0.000000
10020.278320,-31.058,90.415520,0.006335,8.658,-12.746,-12.411,0.000000
10054.968750,-32.646,89.556664,0.007585,8.658,-12.749,-12.414,0.000000
10089.770508,-32.216,101.697891,0.007199,8.658,-12.752,-12.417,0.000000
10124.692383,-31.529,98.816223,0.006633,8.658,-12.755,-12.420,0.000000
10159.745117,-31.047,98.662430,0.006258,8.658,-12.759,-12.423,0.000000
10194.918945,-31.831,89.788643,0.006830,8.658,-12.762,-12.426,0.000000
10230.205078,-32.232,81.634033,0.007133,8.658,-12.765,-12.429,0.000000
10265.613281,-33.158,86.008812,0.007913,8.658,-12.768,-12.432,0.000000
10301.154297,-32.543,104.424950,0.007352,8.658,-12.771,-12.435,0.000000
10336.807617,-32.311,118.028587,0.007139,8.658,-12.775,-12.438,0.000000
10372.594727,-31.965,114.853096,0.006841,8.658,-12.778,-12.441,0.000000
10408.496094,-32.557,119.385139,0.007304,8.658,-12.781,-12.444,0.000000
10444.531250,-32.192,116.548866,0.006984,8.657,-12.784,-12.447,0.000000
10480.680664,-32.155,120.791092,0.006935,8.657,-12.787,-12.450,0.000000
10516.956055,-31.938,114.245735,0.006747,8.657,-12.791,-12.453,0.000000
10553.367188,-32.165,117.121277,0.006908,8.657,-12.794,-12.456,0.000000
10589.903320,-32.489,112.726624,0.007152,8.657,-12.797,-12.459,0.000000
10626.546875,-32.170,113.485718,0.006876,8.657,-12.801,-12.462,0.000000
10663.336914,-31.810,108.588753,0.006580,8.657,-12.804,-12.465,0.000000
10700.253906,-31.457,98.679222,0.006302,8.657,-12.807,-12.468,0.000000
10737.299805,-32.658,93.909645,0.007217,8.657,-12.811,-12.471,0.000000
10774.462891,-33.049,91.056190,0.007528,8.657,-12.814,-12.474,0.000000
10811.754883,-33.393,100.803490,0.007810,8.657,-12.817,-12.478,0.000000
10849.185547,-32.917,99.240204,0.007374,8.657,-12.821,-12.481,0.000000
10886.736328,-33.127,93.472839,0.007534,8.657,-12.824,-12.484,0.000000
10924.427734,-33.576,87.952446,0.007911,8.657,-12.827,-12.487,0.000000
10962.238281,-33.527,98.725624,0.007845,8.656,-12.831,-12.490,0.000000
11000.190430,-33.755,111.038315,0.008033,8.656,-12.834,-12.493,0.000000
11038.263672,-33.652,121.476349,0.007920,8.656,-12.838,-12.496,0.000000
11076.468750,-32.704,130.797043,0.007084,8.656,-12.841,-12.500,0.000000
11114.816406,-32.161,116.240921,0.006639,8.656,-12.845,-12.503,0.000000
11153.296875,-32.262,112.427773,0.006700,8.656,-12.848,-12.506,0.000000
11191.900391,-31.733,113.760185,0.006289,8.656,-12.852,-12.509,0.000000
11230.636719,-31.580,121.607826,0.006164,8.656,-12.855,-12.513,0.000000
11269.518555,-31.295,108.710167,0.005950,8.656,-12.859,-12.516,0.000000
11308.523438,-31.929,103.876274,0.006384,8.656,-12.862,-12.519,0.000000
11347.674805,-31.653,104.494255,0.006168,8.656,-12.866,-12.522,0.000000
11386.951172,-31.748,110.416588,0.006220,8.656,-12.869,-12.526,0.000000
11426.373047,-31.858,141.091873,0.006283,8.656,-12.873,-12.529,0.000000
11465.921875,-30.671,147.825867,0.005466,8.656,-12.876,-12.532,0.000000
11505.606445,-30.909,142.987122,0.005604,8.655,-12.880,-12.536,0.000000
11545.440430,-30.324,121.774170,0.005227,8.655,-12.883,-12.539,0.000000
11585.412109,-30.533,134.930878,0.005341,8.655,-12.887,-12.542,0.000000
11625.521484,-30.761,145.535202,0.005470,8.655,-12.891,-12.546,0.000000
11665.748047,-30.239,140.368240,0.005139,8.655,-12.894,-12.549,0.000000
11706.135742,-30.744,128.271454,0.005433,8.655,-12.898,-12.552,0.000000
11746.664062,-31.154,123.836227,0.005681,8.655,-12.902,-12.556,0.000000
11787.320312,-31.818,118.708031,0.006119,8.655,-12.905,-12.559,0.000000
11828.118164,-32.771,127.316978,0.006812,8.655,-12.909,-12.562,0.000000
11869.068359,-33.184,146.860016,0.007126,8.655,-12.913,-12.566,0.000000
11910.148438,-33.700,142.858734,0.007544,8.655,-12.916,-12.569,0.000000
11951.382812,-33.385,134.059769,0.007258,8.655,-12.920,-12.573,0.000000
11992.748047,-33.899,126.242805,0.007682,8.655,-12.924,-12.576,0.000000
12034.268555,-34.037,122.694275,0.007786,8.654,-12.927,-12.580,0.000000
12075.931641,-33.645,117.022522,0.007423,8.654,-12.931,-12.583,0.000000
12117.716797,-33.241,120.953438,0.007067,8.654,-12.935,-12.587,0.000000
12159.669922,-33.014,125.614243,0.006868,8.654,-12.939,-12.590,0.000000
12201.767578,-32.592,116.792145,0.006525,8.654,-12.943,-12.594,0.000000
12243.999023,-32.545,120.245850,0.006473,8.654,-12.946,-12.597,0.000000
12286.377930,-32.823,122.589867,0.006666,8.654,-12.950,-12.601,0.000000
12328.914062,-32.804,153.083191,0.006633,8.654,-12.954,-12.604,0.000000
12371.597656,-32.303,170.499329,0.006245,8.654,-12.958,-12.608,0.000000
12414.417969,-31.068,165.001572,0.005402,8.654,-12.962,-12.611,0.000000
12457.385742,-31.288,140.460739,0.005525,8.654,-12.966,-12.615,0.000000
12500.514648,-31.458,142.634583,0.005619,8.654,-12.970,-12.619,0.000000
12543.780273,-31.725,154.474136,0.005779,8.654,-12.973,-12.622,0.000000
12587.196289,-32.259,156.731934,0.006128,8.653,-12.977,-12.626,0.000000
12630.774414,-32.544,166.412064,0.006313,8.653,-12.981,-12.629,0.000000
12674.502930,-32.551,165.461411,0.006297,8.653,-12.985,-12.633,0.000000
12718.383789,-32.458,163.405014,0.006210,8.653,-12.989,-12.637,0.000000
12762.391602,-33.316,159.735764,0.006833,8.653,-12.993,-12.640,0.000000
12806.576172,-33.177,165.941254,0.006702,8.653,-12.997,-12.644,0.000000
12850.914062,-33.584,-179.080444,0.007000,8.653,-13.001,-12.648,0.000000
12895.392578,-33.450,-179.072113,0.006871,8.653,-13.005,-12.652,0.000000
12940.025391,-33.277,-177.760422,0.006712,8.653,-13.009,-12.655,0.000000
12984.825195,-32.204,178.917114,0.005912,8.653,-13.013,-12.659,0.000000
13029.767578,-32.012,161.723709,0.005763,8.653,-13.017,-12.663,0.000000
13074.876953,-32.343,156.162216,0.005966,8.653,-13.021,-12.667,0.000000
13120.131836,-33.077,169.974442,0.006470,8.652,-13.025,-12.670,0.000000
13165.554688,-34.114,-171.158005,0.007265,8.652,-13.029,-12.674,0.000000
13211.134766,-34.190,170.485077,0.007303,8.652,-13.034,-12.678,0.000000
13256.847656,-34.961,153.337753,0.007951,8.652,-13.038,-12.682,0.000000
13302.744141,-35.051,145.142151,0.008003,8.652,-13.042,-12.686,0.000000
13348.799805,-36.106,137.083618,0.009003,8.652,-13.046,-12.689,0.000000
13395.001953,-36.984,166.081528,0.009922,8.652,-13.050,-12.693,0.000000
13441.363281,-36.734,-175.197525,0.009605,8.652,-13.054,-12.697,0.000000
13487.899414,-36.201,-178.226273,0.008998,8.652,-13.058,-12.701,0.000000
13534.595703,-36.372,-179.145782,0.009141,8.652,-13.063,-12.705,0.000000
13581.440430,-36.795,-165.610199,0.009558,8.652,-13.067,-12.709,0.000000
13628.447266,-35.845,-155.969543,0.008532,8.651,-13.071,-12.713,0.000000
13675.630859,-35.459,-162.598877,0.008127,8.651,-13.075,-12.717,0.000000
13722.976562,-35.010,-166.831482,0.007686,8.651,-13.080,-12.721,0.000000
13770.473633,-34.696,177.777176,0.007382,8.651,-13.084,-12.725,0.000000
13818.135742,-35.029,164.245468,0.007639,8.651,-13.088,-12.729,0.000000
13865.975586,-36.211,159.480347,0.008714,8.651,-13.093,-12.733,0.000000
13913.980469,-36.322,169.772491,0.008786,8.651,-13.097,-12.737,0.000000
13962.125977,-35.586,-176.454086,0.008037,8.651,-13.101,-12.741,0.000000
14010.463867,-35.049,173.949768,0.007522,8.651,-13.106,-12.745,0.000000
14058.969727,-35.318,170.773209,0.007724,8.651,-13.110,-12.749,0.000000
14107.628906,-35.067,165.377167,0.007469,8.651,-13.114,-12.753,0.000000
14156.458008,-34.762,158.567184,0.007179,8.650,-13.119,-12.757,0.000000
14205.468750,-34.660,-166.996094,0.007061,8.650,-13.123,-12.761,0.000000
14254.635742,-34.221,-152.469925,0.006681,8.650,-13.128,-12.765,0.000000
14303.986328,-33.570,-163.054550,0.006168,8.650,-13.132,-12.769,0.000000
14353.495117,-33.653,-171.782349,0.006198,8.650,-13.136,-12.773,0.000000
14403.188477,-34.239,-165.998947,0.006599,8.650,-13.141,-12.777,0.000000
14453.052734,-34.070,-156.983536,0.006440,8.650,-13.145,-12.782,0.000000
14503.063477,-33.473,-152.521698,0.005983,8.650,-13.150,-12.786,0.000000
14553.274414,-33.542,-154.909485,0.006002,8.650,-13.154,-12.790,0.000000
14603.659180,-33.691,-166.242874,0.006077,8.650,-13.159,-12.794,0.000000
14654.218750,-33.645,-175.064987,0.006016,8.650,-13.164,-12.798,0.000000
14704.924805,-34.220,172.575455,0.006397,8.649,-13.168,-12.803,0.000000
14755.834961,-34.037,170.226135,0.006233,8.649,-13.173,-12.807,0.000000
14806.920898,-33.781,158.487244,0.006023,8.649,-13.177,-12.811,0.000000
14858.168945,-33.826,161.113403,0.006024,8.649,-13.182,-12.815,0.000000
14909.609375,-34.281,158.327927,0.006319,8.649,-13.187,-12.820,0.000000
14961.213867,-34.629,157.634949,0.006546,8.649,-13.191,-12.824,0.000000
15013.010742,-35.104,174.483444,0.006880,8.649,-13.196,-12.828,0.000000
15064.973633,-34.489,-179.043304,0.006379,8.649,-13.201,-12.833,0.000000
15117.115234,-34.725,-168.560669,0.006523,8.649,-13.205,-12.837,0.000000
15169.452148,-34.233,-148.134003,0.006133,8.649,-13.210,-12.841,0.000000
15221.969727,-34.130,-141.424622,0.006031,8.648,-13.215,-12.846,0.000000
15274.640625,-33.591,-146.665466,0.005640,8.648,-13.219,-12.850,0.000000
15327.523438,-32.446,-155.840927,0.004919,8.648,-13.224,-12.855,0.000000
15380.588867,-31.823,-165.961304,0.004556,8.648,-13.229,-12.859,0.000000
15433.823242,-31.762,-175.051880,0.004501,8.648,-13.234,-12.863,0.000000
15487.241211,-31.892,-177.951675,0.004546,8.648,-13.239,-12.868,0.000000
15540.859375,-31.833,-174.035522,0.004493,8.648,-13.243,-12.872,0.000000
15594.664062,-31.790,-174.822357,0.004450,8.648,-13.248,-12.877,0.000000
15648.638672,-31.704,-171.876862,0.004385,8.648,-13.253,-12.881,0.000000
15702.800781,-31.490,165.434097,0.004258,8.648,-13.258,-12.886,0.000000
15757.166016,-32.657,144.564240,0.004846,8.647,-13.263,-12.890,0.000000
15811.718750,-33.000,-145.613861,0.005017,8.647,-13.268,-12.895,0.000000
15866.429688,-33.192,-146.310837,0.005104,8.647,-13.273,-12.900,0.000000
15921.361328,-32.975,-137.829834,0.004954,8.647,-13.278,-12.904,0.000000
15976.482422,-32.725,-132.608154,0.004790,8.647,-13.283,-12.909,0.000000
16031.793945,-32.753,-138.439590,0.004781,8.647,-13.288,-12.913,0.000000
16087.267578,-33.482,-134.450638,0.005173,8.647,-13.293,-12.918,0.000000
16142.962891,-33.066,-109.476753,0.004907,8.647,-13.298,-12.923,0.000000
16198.851562,-32.076,-124.339996,0.004357,8.647,-13.303,-12.927,0.000000
16254.917969,-32.542,-132.455505,0.004574,8.647,-13.308,-12.932,0.000000
16311.194336,-32.163,-111.927498,0.004358,8.646,-13.313,-12.937,0.000000
16367.649414,-31.359,-132.337006,0.003953,8.646,-13.318,-12.941,0.000000
16424.316406,-31.428,-138.655685,0.003966,8.646,-13.323,-12.946,0.000000
16481.162109,-30.851,-135.674179,0.003693,8.646,-13.328,-12.951,0.000000
16538.205078,-29.975,-141.079559,0.003323,8.646,-13.333,-12.956,0.000000
16595.462891,-30.329,-160.453949,0.003444,8.646,-13.339,-12.960,0.000000
16652.917969,-31.146,-172.292191,0.003765,8.646,-13.344,-12.965,0.000000
16710.539062,-30.824,-138.847000,0.003610,8.646,-13.349,-12.970,0.000000
16768.392578,-30.804,-143.071487,0.003584,8.646,-13.354,-12.975,0.000000
16826.447266,-30.417,-123.323189,0.003411,8.645,-13.359,-12.980,0.000000
16884.685547,-30.131,-112.203949,0.003284,8.645,-13.365,-12.985,0.000000
16943.142578,-30.197,-119.464043,0.003292,8.645,-13.370,-12.990,0.000000
17001.785156,-29.533,-109.224342,0.003035,8.645,-13.375,-12.994,0.000000
17060.646484,-28.075,-113.298004,0.002553,8.645,-13.380,-12.999,0.000000
17119.695312,-26.972,-121.636230,0.002238,8.645,-13.386,-13.004,0.000000
17178.949219,-26.874,-124.275848,0.002202,8.645,-13.391,-13.009,0.000000
17238.423828,-25.687,-129.595383,0.001912,8.645,-13.396,-13.014,0.000000
17298.105469,-25.276,-150.068878,0.001815,8.645,-13.402,-13.019,0.000000
17357.976562,-24.944,-145.783707,0.001738,8.644,-13.407,-13.024,0.000000
17418.054688,-24.320,-147.738754,0.001610,8.644,-13.413,-13.029,0.000000
17478.357422,-23.990,178.947586,0.001542,8.644,-13.418,-13.034,0.000000
17538.869141,-23.422,-170.412430,0.001438,8.644,-13.424,-13.039,0.000000
17599.556641,-22.250,-147.416489,0.001250,8.644,-13.429,-13.044,0.000000
17660.488281,-21.776,-139.273682,0.001178,8.644,-13.434,-13.049,0.000000
17721.630859,-21.065,-123.905380,0.001080,8.644,-13.440,-13.054,0.000000
17782.968750,-20.605,-107.716553,0.001020,8.644,-13.446,-13.060,0.000000
17844.535156,-20.589,-118.125465,0.001013,8.644,-13.451,-13.065,0.000000
17906.296875,-20.151,-133.909943,0.000959,8.643,-13.457,-13.070,0.000000
17968.291016,-20.154,-124.331306,0.000954,8.643,-13.462,-13.075,0.000000
18030.480469,-20.555,-135.374878,0.000995,8.643,-13.468,-13.080,0.000000
18092.886719,-21.322,-140.482391,0.001081,8.643,-13.473,-13.085,0.000000
18155.525391,-21.817,-132.337601,0.001139,8.643,-13.479,-13.091,0.000000
18218.382812,-21.560,-140.303787,0.001100,8.643,-13.485,-13.096,0.000000
18281.421875,-22.517,-146.546616,0.001223,8.643,-13.490,-13.101,0.000000
18344.712891,-22.862,-145.094437,0.001424,8.643,-13.496,-13.107,0.000000
18408.224609,-21.007,-144.296219,0.001018,8.642,-13.502,-13.112,0.000000
18471.955078,-17.662,-124.503532,0.000689,8.642,-13.508,-13.117,0.000000
18535.888672,-15.384,-125.294189,0.000578,8.642,-13.513,-13.122,0.000000
18600.044922,-14.871,-120.375183,0.000507,8.642,-13.519,-13.128,0.000000
18664.439453,-13.344,-109.984978,0.000413,8.642,-13.525,-13.133,0.000000
18729.041016,-12.778,-106.626999,0.000491,8.642,-13.531,-13.139,0.000000
18793.880859,-11.854,-103.804993,0.000353,8.642,-13.537,-13.144,0.000000
18858.929688,-10.904,-106.848557,0.000335,8.642,-13.542,-13.149,0.000000
18924.220703,-10.809,-112.523880,0.000512,8.641,-13.548,-13.155,0.000000
18989.720703,-10.945,-119.214928,0.000602,8.641,-13.554,-13.160,0.000000
19055.447266,-11.244,-118.517845,0.000546,8.641,-13.560,-13.166,0.000000
19121.417969,-11.034,-114.605011,0.000929,8.641,-13.566,-13.171,0.000000
19187.619141,-10.943,-118.305359,0.001000,8.641,-13.572,-13.177,0.000000
19254.029297,-11.008,-104.074158,0.001046,8.641,-13.578,-13.182,0.000000
19320.669922,-11.122,-112.215317,0.000725,8.641,-13.584,-13.188,0.000000
19387.560547,-10.877,-110.205360,0.001323,8.641,-13.590,-13.194,0.000000
19454.664062,-10.374,-86.236862,0.001650,8.640,-13.596,-13.199,0.000000
19522.017578,-8.672,-99.754463,0.001953,8.640,-13.602,-13.205,0.000000
19589.585938,-207.572,0.000000,0.000000,8.640,-13.608,-13.210,0.000000
19657.406250,-207.605,0.000000,0.000000,8.640,-13.614,-13.216,0.000000
19725.443359,-207.638,0.000000,0.000000,8.640,-13.621,-13.222,0.000000
19793.716797,-207.671,0.000000,0.000000,8.640,-13.627,-13.228,0.000000
19862.244141,-207.704,0.000000,0.000000,8.640,-13.633,-13.233,0.000000
19931.009766,-207.737,0.000000,0.000000,8.640,-13.639,-13.239,0.000000
19999.974609,-207.770,0.000000,0.000000,8.639,-13.645,-13.245,0.000000
