frequency_hz,spl_db,phase_deg,thd_percent,rt60_ms,c50_db,c80_db,group_delay_ms
20.000000,-18.871,-49.906254,0.001758,13.030,-21.833,-20.936,0.000000
20.069233,-18.618,29.878326,0.001708,13.030,-21.833,-20.936,0.000000
20.138704,-18.585,5.687355,0.001702,13.030,-21.833,-20.936,0.000000
20.208418,-18.392,-11.618481,0.001665,13.030,-21.833,-20.936,0.000000
20.278366,-18.330,-42.462444,0.001653,13.030,-21.833,-20.936,0.000000
20.348562,-18.494,-49.503513,0.001685,13.030,-21.833,-20.936,0.000000
20.419001,-18.604,-13.223742,0.001707,13.030,-21.833,-20.936,0.000000
20.489683,-19.653,-26.032526,0.001926,13.030,-21.833,-20.936,0.000000
20.560612,-20.403,2.400345,0.002100,13.030,-21.833,-20.936,0.000000
20.631784,-20.709,-40.481438,0.002175,13.030,-21.833,-20.936,0.000000
20.703203,-20.800,-23.855680,0.002198,13.030,-21.833,-20.936,0.000000
20.774866,-21.056,25.375603,0.002264,13.030,-21.833,-20.936,0.000000
20.846781,-21.447,-40.071648,0.002368,13.030,-21.833,-20.936,0.000000
20.918943,-21.928,-45.505608,0.002503,13.030,-21.833,-20.936,0.000000
20.991358,-22.770,42.775196,0.002758,13.030,-21.833,-20.936,0.000000
21.064020,-22.901,4.020866,0.002801,13.030,-21.833,-20.936,0.000000
21.136936,-23.266,10.082389,0.002921,13.030,-21.833,-20.936,0.000000
21.210104,-24.009,-39.543015,0.003183,13.030,-21.833,-20.936,0.000000
21.283520,-23.618,-156.288437,0.003043,13.030,-21.833,-20.936,0.000000
21.357197,-22.929,39.413486,0.002811,13.030,-21.833,-20.936,0.000000
21.431126,-23.590,155.843475,0.003034,13.030,-21.833,-20.936,0.000000
21.505312,-24.236,-86.093369,0.003268,13.030,-21.833,-20.936,0.000000
21.579756,-24.740,-88.516365,0.003464,13.030,-21.833,-20.936,0.000000
21.654457,-25.559,-114.429611,0.003806,13.030,-21.833,-20.936,0.000000
21.729416,-25.331,-136.603836,0.003708,13.030,-21.833,-20.936,0.000000
21.804630,-25.135,-116.290726,0.003625,13.030,-21.833,-20.936,0.000000
21.880110,-25.663,-119.691170,0.003852,13.030,-21.833,-20.936,0.000000
21.955851,-25.140,-141.682617,0.003627,13.030,-21.833,-20.936,0.000000
22.031853,-25.809,-126.857658,0.003918,13.030,-21.833,-20.936,0.000000
22.108118,-27.273,-132.799286,0.004638,13.030,-21.833,-20.936,0.000000
22.184649,-27.637,-127.664635,0.004838,13.030,-21.833,-20.936,0.000000
22.261442,-29.588,-156.432297,0.006058,13.030,-21.833,-20.936,0.000000
22.338503,-29.430,-176.457169,0.005949,13.030,-21.833,-20.936,0.000000
22.415825,-27.890,-171.733566,0.004984,13.030,-21.833,-20.936,0.000000
22.493420,-28.970,127.657562,0.005644,13.030,-21.833,-20.936,0.000000
22.571283,-28.021,98.105011,0.005061,13.030,-21.833,-20.936,0.000000
22.649418,-28.019,98.105011,0.005061,13.030,-21.833,-20.936,0.000000
22.727821,-27.893,109.109306,0.004988,13.030,-21.833,-20.936,0.000000
22.806496,-28.423,85.926445,0.005303,13.030,-21.833,-20.936,0.000000
22.885437,-28.245,63.577503,0.005196,13.030,-21.833,-20.936,0.000000
22.964659,-28.538,102.228584,0.005375,13.030,-21.833,-20.936,0.000000
23.044153,-28.679,48.779560,0.005464,13.030,-21.833,-20.936,0.000000
23.123922,-28.956,89.135918,0.005642,13.030,-21.833,-20.936,0.000000
23.203970,-29.485,91.662140,0.005998,13.030,-21.833,-20.936,0.000000
23.284292,-31.106,74.188499,0.007229,13.030,-21.833,-20.936,0.000000
23.364893,-30.937,79.031212,0.007092,13.030,-21.833,-20.936,0.000000
23.445774,-31.867,64.760368,0.007895,13.030,-21.833,-20.936,0.000000
23.526928,-32.139,53.688122,0.008147,13.030,-21.833,-20.936,0.000000
23.608370,-33.427,54.153862,0.009449,13.030,-21.833,-20.936,0.000000
23.690092,-33.045,34.753960,0.009043,13.030,-21.833,-20.936,0.000000
23.772099,-32.897,11.210555,0.008889,13.030,-21.833,-20.936,0.000000
23.854389,-32.725,-18.291044,0.008715,13.030,-21.833,-20.936,0.000000
23.936964,-32.949,-8.336314,0.008943,13.030,-21.833,-20.936,0.000000
24.019825,-32.909,-21.188818,0.008901,13.030,-21.833,-20.936,0.000000
24.102966,-33.174,-45.889927,0.009178,13.030,-21.833,-20.936,0.000000
24.186401,-33.116,-45.922363,0.009119,13.030,-21.833,-20.936,0.000000
24.270124,-33.730,-57.469524,0.009788,13.030,-21.833,-20.936,0.000000
24.354139,-34.058,-48.035061,0.010167,13.030,-21.833,-20.936,0.000000
24.438444,-33.162,-62.545788,0.009173,13.030,-21.833,-20.936,0.000000
24.523041,-32.724,-90.994949,0.008723,13.030,-21.833,-20.936,0.000000
24.607929,-32.517,-104.309105,0.008519,13.030,-21.833,-20.936,0.000000
24.693108,-32.672,-96.200119,0.008673,13.030,-21.833,-20.936,0.000000
24.778585,-32.706,141.925354,0.008710,13.030,-21.833,-20.936,0.000000
24.864359,-32.179,114.556549,0.008198,13.030,-21.833,-20.936,0.000000
24.950430,-32.427,18.480360,0.008437,13.030,-21.833,-20.936,0.000000
25.036798,-32.637,101.859497,0.008645,13.030,-21.833,-20.936,0.000000
25.123466,-32.427,46.508484,0.008440,13.030,-21.833,-20.936,0.000000
25.210434,-32.182,107.338303,0.008206,13.030,-21.833,-20.936,0.000000
25.297697,-32.621,107.514496,0.008633,13.030,-21.833,-20.936,0.000000
25.385267,-32.444,76.775192,0.008460,13.030,-21.833,-20.936,0.000000
25.473143,-32.843,74.331566,0.008859,13.030,-21.833,-20.936,0.000000
25.561321,-32.451,67.937187,0.008470,13.030,-21.833,-20.936,0.000000
25.649803,-32.438,69.572800,0.008459,13.030,-21.833,-20.936,0.000000
25.738594,-33.261,55.330482,0.009301,13.030,-21.833,-20.936,0.000000
25.827690,-33.086,59.701584,0.009117,13.030,-21.833,-20.936,0.000000
25.917089,-32.557,25.036545,0.008580,13.030,-21.833,-20.936,0.000000
26.006805,-32.894,25.805872,0.008921,13.030,-21.833,-20.936,0.000000
26.096830,-33.451,70.569893,0.009513,13.030,-21.833,-20.936,0.000000
26.187168,-33.144,36.017223,0.009184,13.030,-21.833,-20.936,0.000000
26.277819,-33.158,-0.380417,0.009201,13.030,-21.833,-20.936,0.000000
26.368782,-34.121,-14.817097,0.010282,13.030,-21.833,-20.936,0.000000
26.460054,-34.074,-20.900595,0.010227,13.030,-21.833,-20.936,0.000000
26.551649,-34.516,-21.889051,0.010760,13.030,-21.833,-20.936,0.000000
26.643560,-34.421,-21.552662,0.010644,13.030,-21.833,-20.936,0.000000
26.735790,-34.473,-21.681261,0.010707,13.030,-21.833,-20.936,0.000000
26.828339,-34.638,-50.270714,0.010913,13.030,-21.833,-20.936,0.000000
26.921207,-35.547,-35.909794,0.012117,13.030,-21.833,-20.936,0.000000
27.014399,-35.108,-70.827415,0.011520,13.030,-21.833,-20.936,0.000000
27.107912,-34.686,-63.214531,0.010976,13.030,-21.833,-20.936,0.000000
27.201744,-34.516,-61.983166,0.010765,13.030,-21.833,-20.936,0.000000
27.295906,-33.926,-55.440617,0.010060,13.030,-21.833,-20.936,0.000000
27.390394,-34.750,-81.779907,0.011062,13.030,-21.833,-20.936,0.000000
27.485209,-35.231,-83.274315,0.011695,13.030,-21.833,-20.936,0.000000
27.580351,-35.571,-73.227249,0.012163,13.030,-21.833,-20.936,0.000000
27.675825,-35.829,-97.897255,0.012532,13.030,-21.833,-20.936,0.000000
27.771622,-34.682,-114.311928,0.010984,13.030,-21.833,-20.936,0.000000
27.867756,-33.280,-131.980148,0.009348,13.030,-21.833,-20.936,0.000000
27.964224,-33.705,-101.178154,0.009818,13.030,-21.833,-20.936,0.000000
28.061024,-33.560,-86.310822,0.009658,13.030,-21.833,-20.936,0.000000
28.158161,-34.006,-89.285172,0.010168,13.030,-21.833,-20.936,0.000000
28.255634,-34.396,-94.823814,0.010637,13.030,-21.833,-20.936,0.000000
28.353443,-33.278,-93.015900,0.009354,13.030,-21.833,-20.936,0.000000
28.451593,-32.972,-95.681099,0.009031,13.030,-21.833,-20.936,0.000000
28.550081,-32.907,-109.411858,0.008966,13.030,-21.833,-20.936,0.000000
28.648903,-32.802,-86.254631,0.008860,13.030,-21.833,-20.936,0.000000
28.748075,-32.394,-89.743279,0.008455,13.030,-21.833,-20.936,0.000000
28.847589,-32.809,-101.234879,0.008870,13.030,-21.833,-20.936,0.000000
28.947449,-32.248,-112.978043,0.008316,13.030,-21.833,-20.936,0.000000
29.047655,-32.020,-115.668747,0.008101,13.030,-21.833,-20.936,0.000000
29.148207,-30.720,-122.735901,0.006974,13.030,-21.833,-20.936,0.000000
29.249100,-30.935,-121.543259,0.007150,13.030,-21.833,-20.936,0.000000
29.350348,-29.961,-114.974220,0.006391,13.030,-21.833,-20.936,0.000000
29.451948,-28.239,-106.629799,0.005242,13.030,-21.833,-20.936,0.000000
29.553900,-28.020,-106.335907,0.005111,13.030,-21.833,-20.936,0.000000
29.656204,-27.757,-118.335632,0.004959,13.030,-21.833,-20.936,0.000000
29.758862,-27.406,-122.730324,0.004764,13.030,-21.833,-20.936,0.000000
29.861876,-26.659,-125.161140,0.004372,13.030,-21.833,-20.936,0.000000
29.965246,-25.724,-128.704422,0.003926,13.030,-21.833,-20.936,0.000000
30.068968,-25.142,-136.975555,0.003673,13.030,-21.833,-20.936,0.000000
30.173054,-24.653,-136.964127,0.003472,13.030,-21.833,-20.936,0.000000
30.277502,-24.478,-140.400009,0.003403,13.030,-21.833,-20.936,0.000000
30.382311,-23.576,-155.107880,0.003068,13.030,-21.833,-20.936,0.000000
30.487482,-23.459,-162.084381,0.003028,13.030,-21.833,-20.936,0.000000
30.593019,-22.923,-165.580078,0.002847,13.030,-21.833,-20.936,0.000000
30.698914,-22.128,-173.840454,0.002598,13.030,-21.833,-20.936,0.000000
30.805182,-21.819,175.392731,0.002508,13.030,-21.833,-20.936,0.000000
30.911816,-21.882,168.670685,0.002527,13.030,-21.833,-20.936,0.000000
31.018822,-21.636,168.873718,0.002457,13.030,-21.833,-20.936,0.000000
31.126196,-21.239,158.977631,0.002347,13.030,-21.833,-20.936,0.000000
31.233944,-20.175,159.495285,0.002077,13.030,-21.833,-20.936,0.000000
31.342064,-20.094,148.516495,0.002058,13.030,-21.833,-20.936,0.000000
31.450558,-19.937,146.851608,0.002022,13.030,-21.833,-20.936,0.000000
31.559420,-19.772,144.442566,0.001984,13.030,-21.833,-20.936,0.000000
31.668667,-18.925,148.879883,0.001800,13.030,-21.833,-20.936,0.000000
31.778292,-19.310,139.834076,0.001882,13.030,-21.833,-20.936,0.000000
31.888296,-19.082,143.534775,0.001833,13.030,-21.833,-20.936,0.000000
31.998680,-18.502,142.533218,0.001715,13.030,-21.833,-20.936,0.000000
32.109447,-18.007,137.497681,0.001620,13.030,-21.833,-20.936,0.000000
32.220600,-17.308,135.097473,0.001495,13.030,-21.833,-20.936,0.000000
32.332127,-17.275,130.998871,0.001490,13.030,-21.833,-20.936,0.000000
32.444046,-16.347,131.857239,0.001339,13.030,-21.833,-20.936,0.000000
32.556355,-15.869,126.373619,0.001268,13.030,-21.833,-20.936,0.000000
32.669052,-15.610,119.926018,0.001230,13.030,-21.833,-20.936,0.000000
32.782143,-15.772,117.348656,0.001253,13.030,-21.833,-20.936,0.000000
32.895622,-15.257,115.473648,0.001181,13.030,-21.833,-20.936,0.000000
33.009491,-14.663,110.923386,0.001103,13.030,-21.833,-20.936,0.000000
33.123760,-14.616,104.052544,0.001097,13.030,-21.833,-20.936,0.000000
33.238411,-14.427,101.211670,0.001074,13.030,-21.833,-20.936,0.000000
33.353470,-14.237,96.372757,0.001051,13.030,-21.833,-20.936,0.000000
33.468929,-13.997,92.738693,0.001022,13.030,-21.833,-20.936,0.000000
33.584785,-13.832,87.772285,0.001003,13.030,-21.833,-20.936,0.000000
33.701042,-13.760,84.345383,0.000995,13.030,-21.833,-20.936,0.000000
33.817696,-13.550,82.526268,0.000971,13.030,-21.833,-20.936,0.000000
33.934757,-12.987,76.408722,0.000911,13.030,-21.833,-20.936,0.000000
34.052227,-12.642,72.583649,0.000875,13.030,-21.833,-20.936,0.000000
34.170105,-12.748,67.993210,0.000886,13.030,-21.833,-20.936,0.000000
34.288387,-12.372,63.562874,0.000849,13.030,-21.833,-20.936,0.000000
34.407082,-12.268,56.901119,0.000839,13.030,-21.833,-20.936,0.000000
34.526184,-12.168,53.166973,0.000829,13.030,-21.833,-20.936,0.000000
34.645702,-12.119,50.882938,0.000825,13.030,-21.833,-20.936,0.000000
34.765621,-11.987,44.106392,0.000813,13.030,-21.833,-20.936,0.000000
34.885967,-12.012,40.916153,0.000815,13.030,-21.833,-20.936,0.000000
35.006729,-11.756,38.464836,0.000791,13.030,-21.833,-20.936,0.000000
35.127911,-11.771,32.625404,0.000793,13.030,-21.833,-20.936,0.000000
35.249508,-11.657,29.250870,0.000783,13.030,-21.833,-20.936,0.000000
35.371529,-11.720,25.922834,0.000789,13.030,-21.833,-20.936,0.000000
35.493965,-11.719,21.286373,0.000789,13.030,-21.833,-20.936,0.000000
35.616829,-11.527,18.778900,0.000772,13.030,-21.833,-20.936,0.000000
35.740120,-11.518,14.358103,0.000771,13.030,-21.833,-20.936,0.000000
35.863842,-11.666,10.118613,0.000784,13.030,-21.833,-20.936,0.000000
35.987988,-11.630,7.100448,0.000781,13.030,-21.833,-20.936,0.000000
36.112564,-11.686,3.058324,0.000786,13.030,-21.833,-20.936,0.000000
36.237572,-11.718,-0.208255,0.000789,13.030,-21.833,-20.936,0.000000
36.363010,-11.681,-2.747535,0.000786,13.030,-21.833,-20.936,0.000000
36.488888,-11.873,-6.794047,0.000804,13.030,-21.833,-20.936,0.000000
36.615189,-11.763,-10.221191,0.000794,13.030,-21.833,-20.936,0.000000
36.741936,-11.948,-14.457077,0.000811,13.030,-21.833,-20.936,0.000000
36.869122,-11.993,-16.567167,0.000815,13.030,-21.833,-20.936,0.000000
36.996750,-12.174,-20.084421,0.000832,13.030,-21.833,-20.936,0.000000
37.124817,-12.252,-22.605738,0.000840,13.030,-21.833,-20.936,0.000000
37.253323,-12.371,-25.336119,0.000851,13.030,-21.833,-20.936,0.000000
37.382278,-12.221,-28.044294,0.000837,13.030,-21.833,-20.936,0.000000
37.511681,-12.366,-31.149225,0.000851,13.030,-21.833,-20.936,0.000000
37.641533,-12.460,-34.488880,0.000860,13.030,-21.833,-20.936,0.000000
37.771832,-12.483,-36.319080,0.000863,13.030,-21.833,-20.936,0.000000
37.902584,-12.533,-39.826256,0.000868,13.030,-21.833,-20.936,0.000000
38.033791,-12.485,-41.718678,0.000863,13.030,-21.833,-20.936,0.000000
38.165447,-12.500,-43.606060,0.000865,13.030,-21.833,-20.936,0.000000
38.297562,-12.422,-46.712410,0.000857,13.030,-21.833,-20.936,0.000000
38.430122,-12.342,-48.900986,0.000850,13.030,-21.833,-20.936,0.000000
38.563152,-12.371,-53.175224,0.000853,13.030,-21.833,-20.936,0.000000
38.696644,-12.370,-55.057919,0.000853,13.030,-21.833,-20.936,0.000000
38.830597,-12.272,-58.434711,0.000843,13.030,-21.833,-20.936,0.000000
38.965015,-12.230,-60.034172,0.000839,13.030,-21.833,-20.936,0.000000
39.099895,-12.156,-63.238617,0.000832,13.030,-21.833,-20.936,0.000000
39.235237,-12.168,-65.810692,0.000834,13.030,-21.833,-20.936,0.000000
39.371052,-12.237,-68.438820,0.000840,13.030,-21.833,-20.936,0.000000
39.507339,-12.240,-71.027809,0.000841,13.030,-21.833,-20.936,0.000000
39.644100,-12.354,-73.023590,0.000852,13.030,-21.833,-20.936,0.000000
39.781334,-12.462,-74.987633,0.000863,13.030,-21.833,-20.936,0.000000
39.919041,-12.483,-76.458534,0.000865,13.030,-21.833,-20.936,0.000000
40.057224,-12.505,-78.947685,0.000868,13.030,-21.833,-20.936,0.000000
40.195889,-12.623,-80.209633,0.000880,13.030,-21.833,-20.936,0.000000
40.335030,-12.779,-80.475380,0.000896,13.030,-21.833,-20.936,0.000000
40.474644,-12.616,-82.624550,0.000879,13.030,-21.833,-20.936,0.000000
40.614754,-12.653,-84.627861,0.000883,13.030,-21.833,-20.936,0.000000
40.755344,-12.659,-86.367294,0.000884,13.030,-21.833,-20.936,0.000000
40.896423,-12.731,-88.203827,0.000891,13.030,-21.833,-20.936,0.000000
41.037983,-12.707,-89.286728,0.000889,13.030,-21.833,-20.936,0.000000
41.180042,-12.779,-91.497391,0.000896,13.030,-21.833,-20.936,0.000000
41.322590,-12.774,-92.822792,0.000896,13.030,-21.833,-20.936,0.000000
41.465633,-12.697,-95.098701,0.000888,13.030,-21.833,-20.936,0.000000
41.609173,-12.714,-96.618996,0.000890,13.030,-21.833,-20.936,0.000000
41.753204,-12.924,-99.455315,0.000911,13.030,-21.833,-20.936,0.000000
41.897739,-12.796,-100.511200,0.000898,13.030,-21.833,-20.936,0.000000
42.042774,-12.762,-101.753326,0.000895,13.030,-21.833,-20.936,0.000000
42.188309,-12.678,-103.744247,0.000886,13.030,-21.833,-20.936,0.000000
42.334339,-12.545,-104.669846,0.000873,13.030,-21.833,-20.936,0.000000
42.480885,-12.431,-106.564423,0.000862,13.030,-21.833,-20.936,0.000000
42.627937,-12.430,-108.162079,0.000862,13.030,-21.833,-20.936,0.000000
42.775497,-12.398,-109.878433,0.000859,13.030,-21.833,-20.936,0.000000
42.923573,-12.335,-111.030777,0.000853,13.030,-21.833,-20.936,0.000000
43.072155,-12.232,-113.045830,0.000843,13.030,-21.833,-20.936,0.000000
43.221245,-12.150,-114.603523,0.000835,13.030,-21.833,-20.936,0.000000
43.370861,-12.268,-116.302551,0.000847,13.030,-21.833,-20.936,0.000000
43.520992,-12.241,-117.763657,0.000844,13.030,-21.833,-20.936,0.000000
43.671646,-12.175,-119.824844,0.000838,13.030,-21.833,-20.936,0.000000
43.822823,-12.171,-122.138535,0.000838,13.030,-21.833,-20.936,0.000000
43.974518,-12.208,-124.095390,0.000841,13.030,-21.833,-20.936,0.000000
44.126743,-12.204,-126.471291,0.000841,13.030,-21.833,-20.936,0.000000
44.279491,-12.174,-129.051620,0.000838,13.030,-21.833,-20.936,0.000000
44.432770,-12.353,-131.712570,0.000856,13.030,-21.833,-20.936,0.000000
44.586567,-12.399,-133.590286,0.000861,13.030,-21.833,-20.936,0.000000
44.740910,-12.321,-134.483551,0.000853,13.030,-21.833,-20.936,0.000000
44.895786,-12.288,-137.227905,0.000850,13.030,-21.833,-20.936,0.000000
45.051197,-12.151,-139.658569,0.000837,13.030,-21.833,-20.936,0.000000
45.207138,-12.176,-140.838318,0.000839,13.030,-21.833,-20.936,0.000000
45.363636,-12.084,-142.210495,0.000831,13.030,-21.833,-20.936,0.000000
45.520660,-11.951,-144.480835,0.000818,13.030,-21.833,-20.936,0.000000
45.678234,-11.976,-145.838486,0.000821,13.030,-21.833,-20.936,0.000000
45.836353,-11.789,-146.925278,0.000803,13.030,-21.833,-20.936,0.000000
45.995022,-11.780,-148.816345,0.000803,13.030,-21.833,-20.936,0.000000
46.154240,-11.728,-149.718445,0.000798,13.030,-21.833,-20.936,0.000000
46.314007,-11.641,-151.330292,0.000790,13.030,-21.833,-20.936,0.000000
46.474327,-11.525,-153.182587,0.000779,13.030,-21.833,-20.936,0.000000
46.635193,-11.523,-154.411255,0.000779,13.030,-21.833,-20.936,0.000000
46.796627,-11.310,-155.472046,0.000760,13.030,-21.833,-20.936,0.000000
46.958618,-11.251,-157.745407,0.000755,13.030,-21.833,-20.936,0.000000
47.121170,-11.116,-159.228821,0.000744,13.030,-21.833,-20.936,0.000000
47.284286,-11.089,-160.925980,0.000742,13.030,-21.833,-20.936,0.000000
47.447968,-11.069,-162.962357,0.000740,13.030,-21.833,-20.936,0.000000
47.612202,-10.926,-164.596909,0.000728,13.030,-21.833,-20.936,0.000000
47.777020,-10.894,-167.827606,0.000725,13.030,-21.833,-20.936,0.000000
47.942402,-10.903,-169.938217,0.000726,13.030,-21.833,-20.936,0.000000
48.108360,-10.917,-171.667908,0.000728,13.030,-21.833,-20.936,0.000000
48.274895,-10.896,-173.662674,0.000726,13.030,-21.833,-20.936,0.000000
48.442005,-10.990,-175.307709,0.000734,13.030,-21.833,-20.936,0.000000
48.609692,-10.978,-177.914352,0.000733,13.030,-21.833,-20.936,0.000000
48.777958,-11.098,179.983139,0.000743,13.030,-21.833,-20.936,0.000000
48.946812,-11.168,178.426987,0.000750,13.030,-21.833,-20.936,0.000000
49.116234,-11.039,175.905472,0.000739,13.030,-21.833,-20.936,0.000000
49.286255,-11.203,173.171707,0.000753,13.030,-21.833,-20.936,0.000000
49.456863,-11.206,170.717026,0.000753,13.030,-21.833,-20.936,0.000000
49.628067,-11.241,168.512711,0.000756,13.030,-21.833,-20.936,0.000000
49.799858,-11.287,166.309128,0.000761,13.030,-21.833,-20.936,0.000000
49.972248,-11.240,163.938736,0.000757,13.030,-21.833,-20.936,0.000000
50.145218,-11.288,162.621811,0.000761,13.030,-21.833,-20.936,0.000000
50.318802,-11.299,161.037415,0.000762,13.030,-21.833,-20.936,0.000000
50.492989,-11.265,159.161682,0.000759,13.030,-21.833,-20.936,0.000000
50.667774,-11.307,156.913406,0.000763,13.030,-21.833,-20.936,0.000000
50.843166,-11.469,156.312210,0.000777,13.030,-21.833,-20.936,0.000000
51.019169,-11.511,155.189087,0.000781,13.030,-21.833,-20.936,0.000000
51.195774,-11.644,153.525970,0.000793,13.030,-21.833,-20.936,0.000000
51.372997,-11.713,152.703995,0.000799,13.030,-21.833,-20.936,0.000000
51.550816,-11.759,152.149445,0.000804,13.030,-21.833,-20.936,0.000000
51.729267,-11.824,150.700714,0.000810,13.030,-21.833,-20.936,0.000000
51.908333,-11.901,150.138962,0.000817,13.030,-21.833,-20.936,0.000000
52.088020,-11.896,148.874268,0.000817,13.030,-21.833,-20.936,0.000000
52.268330,-11.858,147.832703,0.000813,13.030,-21.833,-20.936,0.000000
52.449261,-11.797,147.392502,0.000808,13.030,-21.833,-20.936,0.000000
52.630810,-11.714,146.232620,0.000800,13.030,-21.833,-20.936,0.000000
52.812996,-11.613,145.163025,0.000791,13.030,-21.833,-20.936,0.000000
52.995815,-11.505,143.306595,0.000781,13.030,-21.833,-20.936,0.000000
53.179264,-11.457,141.793076,0.000777,13.030,-21.833,-20.936,0.000000
53.363350,-11.483,139.968262,0.000780,13.030,-21.833,-20.936,0.000000
53.548077,-11.414,138.680420,0.000774,13.030,-21.833,-20.936,0.000000
53.733437,-11.425,136.492569,0.000775,13.030,-21.833,-20.936,0.000000
53.919441,-11.440,134.863800,0.000776,13.030,-21.833,-20.936,0.000000
54.106079,-11.447,133.527298,0.000777,13.030,-21.833,-20.936,0.000000
54.293373,-11.428,132.091125,0.000775,13.030,-21.833,-20.936,0.000000
54.481316,-11.397,130.135345,0.000773,13.030,-21.833,-20.936,0.000000
54.669895,-11.434,128.476913,0.000776,13.030,-21.833,-20.936,0.000000
54.859169,-11.351,127.259247,0.000769,13.030,-21.833,-20.936,0.000000
55.049042,-11.286,125.003029,0.000763,13.030,-21.833,-20.936,0.000000
55.239601,-11.238,123.043503,0.000759,13.030,-21.833,-20.936,0.000000
55.430820,-11.236,121.508560,0.000759,13.030,-21.833,-20.936,0.000000
55.622700,-11.159,119.951836,0.000753,13.030,-21.833,-20.936,0.000000
55.815247,-11.122,118.122513,0.000750,13.030,-21.833,-20.936,0.000000
56.008457,-11.104,115.863571,0.000748,13.030,-21.833,-20.936,0.000000
56.202335,-11.122,113.827248,0.000750,13.030,-21.833,-20.936,0.000000
56.396889,-11.116,112.103256,0.000749,13.030,-21.833,-20.936,0.000000
56.592110,-11.101,110.054710,0.000748,13.030,-21.833,-20.936,0.000000
56.788010,-11.078,108.464447,0.000746,13.030,-21.833,-20.936,0.000000
56.984589,-11.154,106.762238,0.000753,13.030,-21.833,-20.936,0.000000
57.181820,-11.188,105.684303,0.000756,13.030,-21.833,-20.936,0.000000
57.379791,-11.176,104.454597,0.000755,13.030,-21.833,-20.936,0.000000
57.578388,-11.334,103.251900,0.000769,13.030,-21.833,-20.936,0.000000
57.777702,-11.405,102.812752,0.000775,13.030,-21.833,-20.936,0.000000
57.977707,-11.424,102.022758,0.000777,13.030,-21.833,-20.936,0.000000
58.178406,-11.494,101.382904,0.000783,13.030,-21.833,-20.936,0.000000
58.379795,-11.543,100.856033,0.000788,13.030,-21.833,-20.936,0.000000
58.581886,-11.627,100.064857,0.000796,13.030,-21.833,-20.936,0.000000
58.784672,-11.640,100.040894,0.000797,13.030,-21.833,-20.936,0.000000
58.988163,-11.597,99.137032,0.000793,13.030,-21.833,-20.936,0.000000
59.192356,-11.630,98.894073,0.000796,13.030,-21.833,-20.936,0.000000
59.397259,-11.505,98.228333,0.000785,13.030,-21.833,-20.936,0.000000
59.602867,-11.398,97.696320,0.000775,13.030,-21.833,-20.936,0.000000
59.809193,-11.287,97.492783,0.000766,13.030,-21.833,-20.936,0.000000
60.016228,-11.030,96.615089,0.000744,13.030,-21.833,-20.936,0.000000
60.223953,-10.903,95.662384,0.000733,13.030,-21.833,-20.936,0.000000
60.432423,-10.746,94.977928,0.000720,13.030,-21.833,-20.936,0.000000
60.641617,-10.523,93.944679,0.000702,13.030,-21.833,-20.936,0.000000
60.851536,-10.310,92.742905,0.000685,13.030,-21.833,-20.936,0.000000
61.062180,-10.129,91.366943,0.000671,13.030,-21.833,-20.936,0.000000
61.273556,-9.937,89.510208,0.000656,13.030,-21.833,-20.936,0.000000
61.485661,-9.702,88.157379,0.000639,13.030,-21.833,-20.936,0.000000
61.698502,-9.454,85.441895,0.000621,13.030,-21.833,-20.936,0.000000
61.912075,-9.174,83.139717,0.000601,13.030,-21.833,-20.936,0.000000
62.126392,-9.005,81.174255,0.000590,13.030,-21.833,-20.936,0.000000
62.341450,-8.765,78.450905,0.000574,13.030,-21.833,-20.936,0.000000
62.557251,-8.552,75.276695,0.000560,13.030,-21.833,-20.936,0.000000
62.773800,-8.384,72.522278,0.000550,13.030,-21.833,-20.936,0.000000
62.991070,-8.222,68.037796,0.000539,13.030,-21.833,-20.936,0.000000
63.209152,-8.121,64.989052,0.000533,13.019,-21.792,-20.897,0.000000
63.427925,-8.100,61.739853,0.000532,13.009,-21.750,-20.856,0.000000
63.647522,-8.133,56.963654,0.000534,12.997,-21.707,-20.815,0.000000
63.867813,-8.231,53.645493,0.000540,12.986,-21.665,-20.774,0.000000
64.088898,-8.434,49.525864,0.000553,12.975,-21.622,-20.732,0.000000
64.310753,-8.660,45.929913,0.000568,12.964,-21.579,-20.691,0.000000
64.533371,-8.927,43.162968,0.000586,12.953,-21.536,-20.649,0.000000
64.756760,-9.313,40.729404,0.000613,12.942,-21.492,-20.607,0.000000
64.980919,-9.498,39.832409,0.000626,12.931,-21.449,-20.565,0.000000
65.205864,-9.780,37.477997,0.000647,12.919,-21.405,-20.523,0.000000
65.431580,-10.147,35.634808,0.000675,12.908,-21.362,-20.481,0.000000
65.658081,-10.313,34.018494,0.000688,12.897,-21.318,-20.438,0.000000
65.885361,-10.524,32.138256,0.000705,12.885,-21.274,-20.396,0.000000
66.113434,-10.453,31.113203,0.000699,12.874,-21.230,-20.353,0.000000
66.342262,-10.195,29.225855,0.000679,12.862,-21.185,-20.310,0.000000
66.571945,-10.240,27.263552,0.000682,12.851,-21.141,-20.267,0.000000
66.802353,-10.354,25.016525,0.000692,12.839,-21.096,-20.224,0.000000
67.033600,-10.428,22.455662,0.000698,12.827,-21.052,-20.181,0.000000
67.265648,-10.624,20.675579,0.000714,12.816,-21.007,-20.137,0.000000
67.498489,-10.696,19.611769,0.000720,12.804,-20.962,-20.093,0.000000
67.732147,-10.769,18.986080,0.000726,12.792,-20.916,-20.050,0.000000
67.966606,-10.864,17.591566,0.000734,12.781,-20.871,-20.006,0.000000
68.201881,-11.214,16.252357,0.000764,12.769,-20.825,-19.962,0.000000
68.437973,-11.415,15.220972,0.000782,12.757,-20.780,-19.917,0.000000
68.674881,-11.675,15.022560,0.000806,12.745,-20.734,-19.873,0.000000
68.912605,-11.684,14.375741,0.000807,12.733,-20.688,-19.828,0.000000
69.151154,-11.754,13.022336,0.000814,12.721,-20.642,-19.784,0.000000
69.390495,-11.844,12.450588,0.000823,12.709,-20.595,-19.739,0.000000
69.630730,-11.754,11.539145,0.000814,12.697,-20.549,-19.694,0.000000
69.871735,-11.807,8.926145,0.000819,12.685,-20.502,-19.649,0.000000
70.113640,-11.853,8.258636,0.000824,12.673,-20.455,-19.603,0.000000
70.356308,-11.919,7.092549,0.000830,12.661,-20.408,-19.558,0.000000
70.599854,-12.158,5.881074,0.000854,12.648,-20.361,-19.512,0.000000
70.844246,-12.393,4.741671,0.000877,12.636,-20.314,-19.467,0.000000
71.089478,-12.504,3.282722,0.000889,12.624,-20.266,-19.421,0.000000
71.335564,-12.673,1.547059,0.000906,12.611,-20.219,-19.374,0.000000
71.582504,-12.727,-1.030970,0.000912,12.599,-20.171,-19.328,0.000000
71.830292,-12.964,-2.475802,0.000937,12.587,-20.123,-19.282,0.000000
72.078941,-12.983,-4.621945,0.000940,12.574,-20.075,-19.235,0.000000
72.328453,-13.033,-7.227120,0.000945,12.562,-20.026,-19.188,0.000000
72.578827,-13.097,-11.008502,0.000952,12.549,-19.978,-19.142,0.000000
72.830063,-13.262,-15.465535,0.000971,12.536,-19.929,-19.094,0.000000
73.082176,-13.381,-17.718935,0.000984,12.524,-19.880,-19.047,0.000000
73.335159,-13.530,-21.287077,0.001002,12.511,-19.831,-19.000,0.000000
73.588982,-13.640,-24.978065,0.001014,12.498,-19.782,-18.952,0.000000
73.843719,-13.858,-28.413931,0.001040,12.485,-19.733,-18.905,0.000000
74.099335,-14.135,-31.569048,0.001074,12.473,-19.683,-18.857,0.000000
74.355843,-14.627,-34.415924,0.001137,12.460,-19.634,-18.809,0.000000
74.613228,-15.030,-36.441936,0.001191,12.447,-19.584,-18.760,0.000000
74.871513,-15.454,-38.786873,0.001251,12.434,-19.534,-18.712,0.000000
75.130692,-15.849,-39.370804,0.001309,12.421,-19.484,-18.663,0.000000
75.390762,-16.283,-40.098568,0.001376,12.408,-19.433,-18.615,0.000000
75.651733,-17.016,-40.429176,0.001497,12.395,-19.383,-18.566,0.000000
75.913612,-17.892,-40.648968,0.001656,12.381,-19.332,-18.517,0.000000
76.176399,-18.667,-41.786648,0.001811,12.368,-19.281,-18.467,0.000000
76.440094,-19.123,-43.862751,0.001908,12.355,-19.230,-18.418,0.000000
76.704697,-19.547,-42.023262,0.002004,12.342,-19.179,-18.368,0.000000
76.970184,-20.016,-42.490322,0.002116,12.328,-19.128,-18.319,0.000000
77.236664,-20.736,-42.483944,0.002299,12.315,-19.076,-18.269,0.000000
77.503990,-21.291,-40.656292,0.002451,12.302,-19.024,-18.219,0.000000
77.772278,-21.582,-39.443295,0.002535,12.288,-18.972,-18.168,0.000000
78.041496,-21.846,-38.697987,0.002614,12.275,-18.920,-18.118,0.000000
78.311646,-22.008,-35.830112,0.002663,12.261,-18.868,-18.067,0.000000
78.582733,-22.086,-32.600319,0.002687,12.247,-18.815,-18.017,0.000000
78.854752,-22.415,-32.073475,0.002791,12.234,-18.763,-17.966,0.000000
79.127716,-22.540,-29.184017,0.002832,12.220,-18.710,-17.914,0.000000
79.401627,-23.084,-29.164450,0.003015,12.206,-18.657,-17.863,0.000000
79.676483,-23.352,-25.403826,0.003109,12.192,-18.604,-17.812,0.000000
79.952293,-23.261,-25.346123,0.003077,12.179,-18.550,-17.760,0.000000
80.229057,-23.472,-22.234926,0.003152,12.165,-18.497,-17.708,0.000000
80.506744,-23.477,-19.562162,0.003154,12.151,-18.443,-17.656,0.000000
80.785469,-23.610,-16.028608,0.003203,12.137,-18.389,-17.604,0.000000
81.065079,-23.903,-12.281022,0.003313,12.123,-18.335,-17.551,0.000000
81.345734,-24.172,-7.578072,0.003417,12.109,-18.280,-17.499,0.000000
81.627281,-24.402,-4.729682,0.003509,12.095,-18.226,-17.446,0.000000
81.909843,-24.473,-1.361253,0.003537,12.080,-18.171,-17.393,0.000000
82.193382,-24.787,0.823402,0.003667,12.066,-18.116,-17.340,0.000000
82.477905,-24.876,5.646480,0.003705,12.052,-18.061,-17.287,0.000000
82.763412,-24.731,8.011047,0.003644,12.037,-18.006,-17.233,0.000000
83.049904,-24.862,7.861661,0.003700,12.023,-17.950,-17.180,0.000000
83.337395,-24.830,8.835323,0.003686,12.009,-17.895,-17.126,0.000000
83.625877,-24.495,9.655441,0.003546,11.994,-17.839,-17.072,0.000000
83.915352,-24.328,11.441839,0.003479,11.980,-17.783,-17.017,0.000000
84.205795,-24.025,14.954206,0.003360,11.965,-17.727,-16.963,0.000000
84.497330,-23.831,16.654253,0.003285,11.950,-17.670,-16.908,0.000000
84.789780,-23.391,17.724167,0.003123,11.936,-17.614,-16.854,0.000000
85.083336,-22.920,17.620975,0.002958,11.921,-17.557,-16.799,0.000000
85.377815,-22.727,19.205147,0.002893,11.906,-17.500,-16.743,0.000000
85.673363,-22.174,22.549276,0.002715,11.891,-17.443,-16.688,0.000000
85.969933,-21.868,20.481125,0.002621,11.876,-17.385,-16.632,0.000000
86.267525,-21.788,19.262157,0.002597,11.861,-17.327,-16.577,0.000000
86.566154,-21.354,19.303400,0.002470,11.846,-17.270,-16.521,0.000000
86.865814,-20.760,16.411537,0.002307,11.831,-17.212,-16.465,0.000000
87.166504,-20.519,16.705841,0.002244,11.816,-17.153,-16.408,0.000000
87.468246,-20.320,16.480936,0.002193,11.801,-17.095,-16.352,0.000000
87.771027,-20.025,15.603104,0.002120,11.786,-17.036,-16.295,0.000000
88.074852,-19.362,13.726004,0.001964,11.771,-16.978,-16.238,0.000000
88.379738,-19.288,12.946491,0.001947,11.755,-16.918,-16.181,0.000000
88.685677,-19.070,13.495545,0.001898,11.740,-16.859,-16.124,0.000000
88.992668,-18.818,14.665546,0.001843,11.725,-16.800,-16.066,0.000000
89.300682,-18.738,11.696500,0.001826,11.709,-16.740,-16.008,0.000000
89.609810,-18.603,9.098152,0.001798,11.694,-16.680,-15.950,0.000000
89.920006,-18.302,7.290853,0.001736,11.678,-16.620,-15.892,0.000000
90.231270,-18.104,5.021675,0.001697,11.662,-16.560,-15.834,0.000000
90.543617,-18.260,3.250586,0.001728,11.647,-16.500,-15.776,0.000000
90.857048,-18.626,0.219495,0.001802,11.631,-16.439,-15.717,0.000000
91.171562,-18.621,-2.269786,0.001801,11.615,-16.378,-15.658,0.000000
91.487160,-18.608,-4.412025,0.001799,11.599,-16.317,-15.599,0.000000
91.803856,-18.555,-6.889112,0.001788,11.583,-16.256,-15.539,0.000000
92.121643,-18.555,-7.048418,0.001788,11.567,-16.194,-15.480,0.000000
92.440536,-18.897,-7.569626,0.001859,11.551,-16.132,-15.420,0.000000
92.760529,-19.160,-6.891439,0.001917,11.535,-16.070,-15.360,0.000000
93.081627,-19.124,-5.761686,0.001909,11.519,-16.008,-15.300,0.000000
93.403793,-19.239,-4.719656,0.001934,11.503,-15.946,-15.240,0.000000
93.727173,-19.090,-2.405891,0.001901,11.487,-15.883,-15.179,0.000000
94.051575,-18.877,-2.239641,0.001855,11.471,-15.820,-15.118,0.000000
94.377190,-18.712,-0.941843,0.001820,11.454,-15.757,-15.057,0.000000
94.703842,-18.428,-0.463672,0.001761,11.438,-15.694,-14.996,0.000000
95.031670,-18.043,0.231732,0.001684,11.421,-15.631,-14.935,0.000000
95.360634,-17.685,0.907810,0.001616,11.405,-15.567,-14.873,0.000000
95.690735,-17.361,-0.806543,0.001557,11.388,-15.503,-14.811,0.000000
96.021980,-17.101,-1.504066,0.001510,11.372,-15.439,-14.749,0.000000
96.354370,-16.778,-3.216167,0.001455,11.355,-15.374,-14.687,0.000000
96.687912,-16.548,-5.069071,0.001417,11.338,-15.310,-14.624,0.000000
97.022606,-16.325,-6.486575,0.001381,11.321,-15.245,-14.562,0.000000
97.358459,-16.091,-8.081637,0.001344,11.304,-15.180,-14.499,0.000000
97.695435,-15.805,-9.694027,0.001300,11.288,-15.115,-14.436,0.000000
98.033661,-15.619,-11.864983,0.001272,11.271,-15.049,-14.372,0.000000
98.372971,-15.402,-14.021308,0.001241,11.254,-14.984,-14.309,0.000000
98.713547,-15.321,-15.740076,0.001229,11.236,-14.918,-14.245,0.000000
99.055214,-15.052,-18.489870,0.001192,11.219,-14.851,-14.181,0.000000
99.398102,-14.747,-20.599226,0.001150,11.202,-14.785,-14.117,0.000000
99.742180,-14.502,-22.873663,0.001118,11.185,-14.718,-14.052,0.000000
100.087448,-14.273,-25.278893,0.001089,11.167,-14.652,-13.987,0.000000
100.433914,-14.208,-28.212120,0.001081,11.150,-14.585,-13.922,0.000000
100.781578,-14.112,-31.568310,0.001069,11.133,-14.517,-13.857,0.000000
101.130447,-14.041,-34.766281,0.001061,11.115,-14.450,-13.792,0.000000
101.480522,-13.940,-38.590549,0.001048,11.097,-14.382,-13.726,0.000000
101.831802,-13.786,-42.950039,0.001029,11.080,-14.314,-13.661,0.000000
102.184258,-13.916,-47.400482,0.001045,11.062,-14.246,-13.594,0.000000
102.538033,-14.061,-50.493462,0.001062,11.044,-14.177,-13.528,0.000000
102.892975,-14.283,-54.942425,0.001089,11.027,-14.108,-13.462,0.000000
103.249153,-14.498,-59.625259,0.001117,11.009,-14.039,-13.395,0.000000
103.606514,-14.705,-63.209591,0.001143,10.991,-13.970,-13.328,0.000000
103.965157,-15.013,-66.849434,0.001184,10.973,-13.901,-13.261,0.000000
104.325050,-15.394,-70.484886,0.001237,10.955,-13.831,-13.193,0.000000
104.686180,-15.878,-73.513443,0.001308,10.936,-13.761,-13.126,0.000000
105.048561,-16.323,-75.097984,0.001377,10.918,-13.691,-13.058,0.000000
105.412201,-16.698,-76.705078,0.001437,10.900,-13.621,-12.990,0.000000
105.777100,-17.233,-78.570312,0.001528,10.882,-13.550,-12.921,0.000000
106.143257,-17.776,-79.133034,0.001627,10.863,-13.479,-12.853,0.000000
106.510689,-18.345,-79.348740,0.001737,10.845,-13.408,-12.784,0.000000
106.879387,-18.849,-80.348625,0.001841,10.826,-13.337,-12.715,0.000000
107.249359,-19.336,-80.209251,0.001947,10.808,-13.265,-12.645,0.000000
107.620613,-19.818,-80.159668,0.002058,10.789,-13.193,-12.576,0.000000
107.993156,-20.214,-80.605553,0.002154,10.770,-13.121,-12.506,0.000000
108.366936,-20.652,-81.297623,0.002265,10.752,-13.049,-12.436,0.000000
108.742065,-21.166,-80.767189,0.002403,10.733,-12.976,-12.366,0.000000
109.118484,-21.453,-81.221764,0.002483,10.714,-12.903,-12.295,0.000000
109.496208,-21.706,-81.675995,0.002556,10.695,-12.830,-12.224,0.000000
109.875244,-21.985,-82.075981,0.002639,10.676,-12.756,-12.153,0.000000
110.255592,-22.458,-80.865738,0.002786,10.657,-12.683,-12.082,0.000000
110.637253,-22.911,-79.731613,0.002935,10.638,-12.609,-12.011,0.000000
111.020241,-23.289,-78.068672,0.003064,10.618,-12.535,-11.939,0.000000
111.404549,-23.749,-74.738060,0.003231,10.599,-12.460,-11.867,0.000000
111.790184,-24.054,-71.369583,0.003346,10.580,-12.386,-11.795,0.000000
112.177162,-24.245,-67.019409,0.003419,10.560,-12.311,-11.722,0.000000
112.565475,-24.331,-62.855621,0.003453,10.541,-12.236,-11.649,0.000000
112.955132,-24.470,-57.503403,0.003508,10.521,-12.160,-11.576,0.000000
113.346085,-24.155,-53.693348,0.003383,10.502,-12.084,-11.503,0.000000
113.738503,-23.825,-50.650307,0.003257,10.482,-12.008,-11.430,0.000000
114.132164,-23.256,-47.371349,0.003050,10.462,-11.932,-11.356,0.000000
114.527306,-22.545,-44.073391,0.002810,10.442,-11.856,-11.282,0.000000
114.923698,-21.830,-42.856983,0.002589,10.422,-11.779,-11.208,0.000000
115.321518,-21.128,-43.573463,0.002387,10.402,-11.702,-11.133,0.000000
115.720718,-20.348,-44.765141,0.002182,10.382,-11.625,-11.058,0.000000
116.121300,-19.692,-45.890427,0.002023,10.362,-11.547,-10.983,0.000000
116.523270,-19.131,-48.937820,0.001897,10.342,-11.469,-10.908,0.000000
116.926628,-18.636,-50.693089,0.001791,10.322,-11.391,-10.832,0.000000
117.331383,-18.074,-54.471058,0.001679,10.301,-11.313,-10.756,0.000000
117.737541,-17.798,-57.905170,0.001626,10.281,-11.234,-10.680,0.000000
118.145103,-17.556,-62.534924,0.001581,10.261,-11.155,-10.604,0.000000
118.554016,-17.341,-67.086136,0.001542,10.240,-11.076,-10.527,0.000000
118.964462,-17.285,-70.879913,0.001532,10.219,-10.997,-10.450,0.000000
119.376213,-17.223,-74.939407,0.001521,10.199,-10.917,-10.373,0.000000
119.789505,-17.288,-79.284279,0.001533,10.178,-10.837,-10.296,0.000000
120.204117,-17.341,-83.204002,0.001542,10.157,-10.757,-10.218,0.000000
120.620216,-17.445,-86.768127,0.001561,10.136,-10.676,-10.140,0.000000
121.037758,-17.728,-90.440117,0.001612,10.115,-10.595,-10.062,0.000000
121.456741,-17.854,-93.281738,0.001636,10.094,-10.514,-9.983,0.000000
121.877174,-18.013,-96.903732,0.001666,10.073,-10.433,-9.905,0.000000
122.299072,-18.233,-99.914536,0.001709,10.052,-10.351,-9.826,0.000000
122.722420,-18.477,-103.711632,0.001757,10.031,-10.269,-9.746,0.000000
123.147240,-18.765,-107.104866,0.001817,10.009,-10.187,-9.667,0.000000
123.573532,-18.980,-109.998520,0.001862,9.988,-10.104,-9.587,0.000000
124.001297,-19.308,-113.886269,0.001934,9.966,-10.021,-9.507,0.000000
124.430542,-19.586,-116.719215,0.001997,9.945,-9.938,-9.426,0.000000
124.861267,-19.881,-120.387192,0.002066,9.923,-9.855,-9.346,0.000000
125.293488,-20.437,-123.144249,0.002202,9.914,-9.806,-9.298,0.000000
125.727150,-21.014,-126.504524,0.002354,9.910,-9.773,-9.266,0.000000
126.162369,-21.554,-128.199951,0.002505,9.906,-9.740,-9.234,0.000000
126.599091,-22.108,-130.636444,0.002670,9.903,-9.707,-9.202,0.000000
127.037331,-22.772,-134.187759,0.002881,9.899,-9.674,-9.170,0.000000
127.477089,-23.480,-136.902512,0.003126,9.895,-9.641,-9.138,0.000000
127.918365,-24.235,-137.734192,0.003410,9.891,-9.608,-9.105,0.000000
128.361160,-25.049,-137.897278,0.003745,9.888,-9.574,-9.073,0.000000
128.805511,-25.775,-138.174835,0.004072,9.884,-9.540,-9.040,0.000000
129.251373,-26.504,-138.043518,0.004428,9.880,-9.507,-9.007,0.000000
129.698792,-26.950,-138.017258,0.004661,9.876,-9.473,-8.974,0.000000
130.147766,-27.651,-136.567566,0.005053,9.872,-9.439,-8.941,0.000000
130.598282,-28.150,-135.000854,0.005352,9.868,-9.405,-8.908,0.000000
131.050369,-28.488,-130.149628,0.005565,9.865,-9.371,-8.875,0.000000
131.503952,-29.014,-126.164589,0.005912,9.861,-9.337,-8.842,0.000000
131.959229,-29.370,-121.769623,0.006159,9.857,-9.302,-8.808,0.000000
132.415955,-29.338,-120.000504,0.006136,9.853,-9.268,-8.775,0.000000
132.874329,-29.257,-114.623360,0.006080,9.849,-9.233,-8.741,0.000000
133.334290,-29.411,-112.594734,0.006188,9.845,-9.198,-8.707,0.000000
133.795853,-29.657,-108.334663,0.006366,9.841,-9.163,-8.673,0.000000
134.259003,-29.246,-109.446121,0.006072,9.837,-9.128,-8.639,0.000000
134.723755,-28.924,-106.188721,0.005851,9.833,-9.093,-8.605,0.000000
135.190109,-28.961,-104.330116,0.005876,9.829,-9.058,-8.571,0.000000
135.658081,-28.626,-103.511559,0.005654,9.825,-9.023,-8.537,0.000000
136.127686,-28.503,-104.520744,0.005574,9.821,-8.987,-8.502,0.000000
136.598907,-28.160,-102.971237,0.005358,9.817,-8.952,-8.467,0.000000
137.071762,-27.979,-101.488533,0.005248,9.813,-8.916,-8.433,0.000000
137.546249,-27.372,-101.272339,0.004894,9.809,-8.880,-8.398,0.000000
138.022385,-27.088,-100.857597,0.004736,9.805,-8.844,-8.363,0.000000
138.500092,-26.749,-100.156189,0.004555,9.801,-8.808,-8.328,0.000000
138.979599,-26.122,-101.572311,0.004238,9.797,-8.772,-8.293,0.000000
139.460617,-25.750,-101.300842,0.004060,9.793,-8.735,-8.257,0.000000
139.943375,-25.167,-103.310616,0.003796,9.789,-8.699,-8.222,0.000000
140.427811,-24.705,-103.382011,0.003600,9.785,-8.662,-8.186,0.000000
140.913925,-24.189,-105.114853,0.003392,9.780,-8.626,-8.150,0.000000
141.401703,-23.609,-107.040359,0.003173,9.776,-8.589,-8.115,0.000000
141.891190,-23.011,-110.532310,0.002962,9.772,-8.552,-8.079,0.000000
142.382355,-22.201,-113.446503,0.002698,9.768,-8.515,-8.043,0.000000
142.875229,-21.516,-119.697319,0.002494,9.764,-8.477,-8.006,0.000000
143.369812,-20.873,-123.829849,0.002316,9.759,-8.440,-7.970,0.000000
143.866104,-20.345,-129.337814,0.002179,9.755,-8.403,-7.934,0.000000
144.364120,-19.907,-135.116089,0.002072,9.751,-8.365,-7.897,0.000000
144.863785,-19.326,-142.989975,0.001938,9.747,-8.327,-7.860,0.000000
145.365311,-18.922,-150.567062,0.001850,9.742,-8.289,-7.823,0.000000
145.868439,-18.623,-158.738922,0.001787,9.738,-8.251,-7.786,0.000000
146.373383,-18.350,-166.673965,0.001732,9.734,-8.213,-7.749,0.000000
146.880066,-18.220,-174.904785,0.001706,9.729,-8.175,-7.712,0.000000
147.388504,-18.031,177.359360,0.001669,9.725,-8.136,-7.675,0.000000
147.898712,-17.991,168.299042,0.001662,9.721,-8.098,-7.637,0.000000
148.410675,-18.034,161.118286,0.001670,9.716,-8.059,-7.600,0.000000
148.924423,-18.037,152.004517,0.001671,9.712,-8.020,-7.562,0.000000
149.439941,-18.242,144.479980,0.001710,9.708,-7.981,-7.524,0.000000
149.957245,-18.371,137.154739,0.001736,9.703,-7.942,-7.486,0.000000
150.476334,-18.564,129.307419,0.001775,9.699,-7.903,-7.448,0.000000
150.997238,-18.824,122.650307,0.001829,9.694,-7.864,-7.410,0.000000
151.519852,-19.182,113.804298,0.001906,9.690,-7.824,-7.371,0.000000
152.044434,-19.660,108.110565,0.002014,9.685,-7.785,-7.333,0.000000
152.570679,-19.957,100.262718,0.002084,9.681,-7.745,-7.294,0.000000
153.098892,-20.475,93.508453,0.002212,9.676,-7.705,-7.255,0.000000
153.628784,-20.764,87.275345,0.002287,9.672,-7.665,-7.216,0.000000
154.160660,-21.176,80.074043,0.002398,9.667,-7.625,-7.177,0.000000
154.694229,-21.616,73.220421,0.002522,9.663,-7.584,-7.138,0.000000
155.229797,-22.277,66.512360,0.002722,9.658,-7.544,-7.099,0.000000
155.767075,-22.595,61.982403,0.002823,9.654,-7.503,-7.059,0.000000
156.306274,-23.139,57.053684,0.003006,9.649,-7.463,-7.020,0.000000
156.847351,-23.489,52.836597,0.003130,9.644,-7.422,-6.980,0.000000
157.390305,-23.957,47.277637,0.003303,9.640,-7.381,-6.940,0.000000
157.935120,-24.259,41.849270,0.003420,9.635,-7.340,-6.900,0.000000
158.481750,-24.736,36.701832,0.003613,9.630,-7.298,-6.860,0.000000
159.030441,-25.078,33.549496,0.003758,9.626,-7.257,-6.819,0.000000
159.580856,-25.434,28.710897,0.003915,9.621,-7.215,-6.779,0.000000
160.133347,-25.644,26.629782,0.004011,9.616,-7.174,-6.738,0.000000
160.687592,-25.840,21.785135,0.004103,9.612,-7.132,-6.698,0.000000
161.243912,-25.908,16.415003,0.004136,9.607,-7.090,-6.657,0.000000
161.801987,-25.836,9.573146,0.004103,9.602,-7.047,-6.616,0.000000
162.362167,-25.728,3.675196,0.004053,9.597,-7.005,-6.575,0.000000
162.924133,-25.362,-4.326376,0.003886,9.592,-6.963,-6.533,0.000000
163.488113,-24.857,-14.341168,0.003668,9.588,-6.920,-6.492,0.000000
164.054047,-24.606,-26.476782,0.003563,9.583,-6.877,-6.450,0.000000
164.621933,-24.138,-42.125736,0.003376,9.578,-6.834,-6.409,0.000000
165.191788,-23.697,-56.320274,0.003209,9.573,-6.791,-6.367,0.000000
165.763535,-23.493,-72.499138,0.003135,9.568,-6.748,-6.325,0.000000
166.337433,-23.444,-92.704865,0.003117,9.563,-6.705,-6.283,0.000000
166.913147,-23.349,-110.646721,0.003083,9.558,-6.661,-6.240,0.000000
167.491013,-23.255,-128.910187,0.003050,9.553,-6.618,-6.198,0.000000
168.070801,-23.388,-143.639114,0.003097,9.548,-6.574,-6.155,0.000000
168.652603,-23.048,-156.044449,0.002978,9.544,-6.530,-6.113,0.000000
169.236328,-22.790,-169.697632,0.002891,9.539,-6.486,-6.070,0.000000
169.822250,-22.553,-179.819687,0.002813,9.534,-6.442,-6.027,0.000000
170.410019,-22.169,170.842255,0.002691,9.528,-6.397,-5.983,0.000000
170.999924,-21.774,162.745529,0.002572,9.523,-6.353,-5.940,0.000000
171.591858,-21.123,151.453491,0.002386,9.518,-6.308,-5.897,0.000000
172.185837,-20.719,143.582870,0.002278,9.513,-6.263,-5.853,0.000000
172.781876,-20.089,133.919250,0.002119,9.508,-6.218,-5.809,0.000000
173.379990,-19.702,126.559418,0.002027,9.503,-6.173,-5.765,0.000000
173.980164,-19.232,118.069168,0.001921,9.498,-6.127,-5.721,0.000000
174.582336,-18.985,112.119194,0.001867,9.493,-6.082,-5.677,0.000000
175.186752,-18.731,105.674469,0.001814,9.488,-6.036,-5.633,0.000000
175.793182,-18.490,101.561043,0.001764,9.483,-5.990,-5.588,0.000000
176.401703,-18.248,96.801575,0.001716,9.477,-5.944,-5.543,0.000000
177.012253,-17.890,91.422813,0.001646,9.472,-5.898,-5.498,0.000000
177.625092,-17.527,85.605171,0.001579,9.467,-5.852,-5.453,0.000000
178.239883,-17.227,81.006599,0.001525,9.462,-5.806,-5.408,0.000000
178.856964,-16.997,74.536163,0.001486,9.456,-5.759,-5.363,0.000000
179.476013,-16.764,69.731926,0.001446,9.451,-5.712,-5.317,0.000000
180.097290,-16.600,62.617287,0.001419,9.446,-5.665,-5.272,0.000000
180.720718,-16.326,55.506481,0.001375,9.440,-5.618,-5.226,0.000000
181.346298,-16.092,48.343460,0.001338,9.435,-5.571,-5.180,0.000000
181.974045,-16.104,40.496601,0.001339,9.430,-5.523,-5.134,0.000000
182.603882,-16.178,34.086308,0.001351,9.424,-5.476,-5.088,0.000000
183.236084,-16.272,27.732098,0.001365,9.419,-5.428,-5.041,0.000000
183.870377,-16.586,21.880650,0.001415,9.414,-5.380,-4.995,0.000000
184.506866,-16.897,15.921486,0.001466,9.408,-5.332,-4.948,0.000000
185.145462,-17.149,9.776913,0.001509,9.403,-5.284,-4.901,0.000000
185.786453,-17.623,4.809491,0.001594,9.397,-5.235,-4.854,0.000000
186.429489,-18.054,-0.246760,0.001675,9.392,-5.187,-4.807,0.000000
187.074921,-18.594,-5.759651,0.001782,9.386,-5.138,-4.759,0.000000
187.722412,-19.110,-9.101796,0.001891,9.381,-5.089,-4.712,0.000000
188.372238,-19.587,-13.482622,0.001997,9.375,-5.040,-4.664,0.000000
189.024307,-20.178,-18.555174,0.002137,9.370,-4.991,-4.616,0.000000
189.678650,-20.764,-20.675585,0.002286,9.364,-4.941,-4.568,0.000000
190.335236,-21.257,-22.920403,0.002419,9.358,-4.892,-4.520,0.000000
190.994110,-21.914,-27.314867,0.002608,9.353,-4.842,-4.471,0.000000
191.655258,-22.380,-31.020496,0.002752,9.347,-4.792,-4.423,0.000000
192.318695,-22.841,-34.372780,0.002901,9.341,-4.742,-4.374,0.000000
192.984421,-23.600,-35.987591,0.003165,9.336,-4.692,-4.325,0.000000
193.652374,-24.115,-38.015942,0.003357,9.330,-4.641,-4.276,0.000000
194.322815,-24.447,-44.227047,0.003487,9.324,-4.590,-4.227,0.000000
194.995392,-25.247,-48.699570,0.003822,9.319,-4.540,-4.177,0.000000
195.670486,-25.776,-52.762436,0.004061,9.313,-4.489,-4.128,0.000000
196.347733,-26.613,-56.874542,0.004470,9.307,-4.437,-4.078,0.000000
197.027405,-27.146,-58.548088,0.004751,9.301,-4.386,-4.028,0.000000
197.709442,-28.059,-63.275051,0.005276,9.295,-4.335,-3.978,0.000000
198.393829,-28.573,-63.193851,0.005596,9.290,-4.283,-3.928,0.000000
199.080597,-29.019,-73.069214,0.005889,9.284,-4.231,-3.877,0.000000
199.769745,-29.596,-75.651207,0.006291,9.278,-4.179,-3.827,0.000000
200.461258,-30.269,-80.000870,0.006795,9.272,-4.127,-3.776,0.000000
201.155182,-30.539,-85.939606,0.007007,9.266,-4.074,-3.725,0.000000
201.851501,-30.945,-94.883148,0.007340,9.260,-4.022,-3.674,0.000000
202.550232,-30.539,-106.068092,0.007001,9.254,-3.969,-3.622,0.000000
203.251389,-29.630,-115.695114,0.006302,9.248,-3.916,-3.571,0.000000
203.954865,-29.074,-128.196518,0.005908,9.242,-3.863,-3.519,0.000000
204.660980,-28.980,-146.359940,0.005842,9.236,-3.809,-3.467,0.000000
205.369339,-28.814,-158.268097,0.005728,9.230,-3.756,-3.415,0.000000
206.080246,-28.628,-171.284866,0.005604,9.224,-3.702,-3.363,0.000000
206.793625,-27.412,178.325623,0.004869,9.218,-3.648,-3.310,0.000000
207.509567,-26.731,169.052750,0.004500,9.212,-3.594,-3.258,0.000000
208.227783,-26.355,158.304321,0.004307,9.206,-3.540,-3.205,0.000000
208.948685,-25.707,149.452805,0.003995,9.199,-3.485,-3.152,0.000000
209.671890,-25.351,143.398468,0.003833,9.193,-3.431,-3.099,0.000000
210.397690,-24.839,139.656891,0.003612,9.187,-3.376,-3.046,0.000000
211.126007,-24.016,133.199127,0.003283,9.181,-3.321,-2.992,0.000000
211.856842,-23.053,126.435516,0.002937,9.175,-3.266,-2.939,0.000000
212.590210,-22.613,121.241013,0.002790,9.168,-3.210,-2.885,0.000000
213.326019,-22.072,115.888527,0.002620,9.162,-3.155,-2.831,0.000000
214.064575,-21.433,112.582344,0.002432,9.156,-3.099,-2.776,0.000000
214.805481,-20.614,105.149055,0.002212,9.149,-3.043,-2.722,0.000000
215.549057,-20.124,99.896240,0.002089,9.143,-2.987,-2.667,0.000000
216.295197,-19.588,93.090508,0.001963,9.137,-2.930,-2.612,0.000000
217.044037,-19.052,87.272057,0.001844,9.130,-2.874,-2.557,0.000000
217.795258,-18.772,81.031631,0.001785,9.124,-2.817,-2.502,0.000000
218.549286,-18.507,74.681458,0.001730,9.117,-2.760,-2.447,0.000000
219.305710,-18.288,67.414299,0.001686,9.111,-2.703,-2.391,0.000000
220.064865,-18.168,61.020493,0.001662,9.104,-2.645,-2.335,0.000000
220.826645,-18.229,54.568893,0.001673,9.098,-2.588,-2.280,0.000000
221.591064,-18.417,48.531689,0.001709,9.091,-2.530,-2.223,0.000000
222.358124,-18.557,43.316837,0.001736,9.085,-2.472,-2.167,0.000000
223.127731,-18.863,37.620323,0.001797,9.078,-2.414,-2.110,0.000000
223.900223,-19.237,33.052261,0.001875,9.072,-2.356,-2.054,0.000000
224.675171,-19.572,28.684204,0.001948,9.065,-2.297,-1.997,0.000000
225.453018,-20.011,24.881439,0.002048,9.058,-2.238,-1.940,0.000000
226.233337,-20.533,21.291138,0.002174,9.052,-2.179,-1.882,0.000000
227.016586,-20.991,18.167828,0.002290,9.045,-2.120,-1.825,0.000000
227.802322,-21.498,15.393359,0.002426,9.038,-2.061,-1.767,0.000000
228.590988,-22.082,13.111461,0.002594,9.032,-2.001,-1.709,0.000000
229.382187,-22.644,10.747755,0.002766,9.025,-1.942,-1.651,0.000000
230.176208,-23.267,9.439367,0.002970,9.018,-1.882,-1.593,0.000000
230.972992,-23.978,10.054657,0.003221,9.011,-1.821,-1.534,0.000000
231.772537,-24.555,11.166902,0.003441,9.005,-1.761,-1.475,0.000000
232.574844,-24.991,11.670938,0.003617,8.998,-1.700,-1.416,0.000000
233.379822,-25.283,13.629114,0.003740,8.991,-1.639,-1.357,0.000000
234.187805,-25.628,14.676908,0.003890,8.984,-1.578,-1.298,0.000000
234.998352,-25.689,16.206726,0.003916,8.977,-1.517,-1.238,0.000000
235.811935,-25.823,17.755898,0.003976,8.970,-1.456,-1.179,0.000000
236.628113,-25.698,18.614573,0.003917,8.963,-1.394,-1.119,0.000000
237.447342,-25.518,19.098587,0.003835,8.956,-1.332,-1.058,0.000000
238.269180,-25.452,17.460423,0.003805,8.949,-1.270,-0.998,0.000000
239.094101,-25.126,16.539650,0.003664,8.942,-1.208,-0.937,0.000000
239.921631,-25.051,13.483477,0.003631,8.935,-1.145,-0.877,0.000000
240.752151,-25.147,9.838749,0.003670,8.928,-1.082,-0.816,0.000000
241.585541,-25.317,4.591953,0.003742,8.921,-1.019,-0.754,0.000000
242.421814,-25.454,3.352849,0.003800,8.914,-0.956,-0.693,0.000000
243.260986,-25.631,-3.009567,0.003877,8.906,-0.893,-0.631,0.000000
244.102951,-26.112,-11.357760,0.004097,8.899,-0.829,-0.569,0.000000
244.948059,-26.379,-18.480610,0.004224,8.892,-0.765,-0.507,0.000000
245.795975,-27.013,-24.286341,0.004544,8.885,-0.701,-0.445,0.000000
246.646820,-27.718,-29.770840,0.004927,8.878,-0.637,-0.383,0.000000
247.500626,-27.974,-37.100479,0.005073,8.870,-0.573,-0.320,0.000000
248.357376,-28.257,-49.023117,0.005240,8.863,-0.508,-0.257,0.000000
249.216980,-28.478,-50.597229,0.005373,8.856,-0.443,-0.194,0.000000
250.079788,-28.752,-77.405502,0.005544,8.849,-0.386,-0.138,0.000000
250.945343,-29.047,-107.248535,0.005733,8.849,-0.408,-0.161,0.000000
251.814026,-28.864,-175.058807,0.005612,8.848,-0.430,-0.184,0.000000
252.685715,-28.755,171.372604,0.005540,8.848,-0.453,-0.207,0.000000
253.560410,-28.134,159.111160,0.005156,8.848,-0.475,-0.230,0.000000
254.438141,-27.615,147.962418,0.004855,8.848,-0.498,-0.253,0.000000
255.318909,-27.072,142.968536,0.004561,8.847,-0.520,-0.276,0.000000
256.202728,-26.244,141.981613,0.004145,8.847,-0.543,-0.299,0.000000
257.089600,-25.408,140.748840,0.003764,8.847,-0.566,-0.322,0.000000
257.979553,-24.355,134.429749,0.003334,8.847,-0.589,-0.346,0.000000
258.872559,-23.204,133.791000,0.002919,8.846,-0.611,-0.369,0.000000
259.768677,-22.478,127.779724,0.002685,8.846,-0.634,-0.393,0.000000
260.667786,-21.524,122.818764,0.002405,8.846,-0.658,-0.416,0.000000
261.570251,-20.885,117.733429,0.002234,8.846,-0.681,-0.440,0.000000
262.475555,-20.306,112.937401,0.002090,8.845,-0.704,-0.464,0.000000
263.384277,-19.637,107.463013,0.001935,8.845,-0.727,-0.488,0.000000
264.295898,-19.182,102.008186,0.001835,8.845,-0.751,-0.511,0.000000
265.210785,-18.725,96.963196,0.001741,8.844,-0.774,-0.535,0.000000
266.128845,-18.427,91.641350,0.001682,8.844,-0.798,-0.560,0.000000
267.050201,-18.196,86.333641,0.001638,8.844,-0.821,-0.584,0.000000
267.974518,-18.051,81.340515,0.001611,8.844,-0.845,-0.608,0.000000
268.902130,-18.002,76.855591,0.001602,8.843,-0.869,-0.632,0.000000
269.832977,-18.007,72.789116,0.001603,8.843,-0.893,-0.657,0.000000
270.767029,-18.098,69.018784,0.001620,8.843,-0.917,-0.681,0.000000
271.704315,-18.219,65.661942,0.001642,8.843,-0.941,-0.706,0.000000
272.644714,-18.383,62.939518,0.001674,8.842,-0.965,-0.731,0.000000
273.588654,-18.565,61.076561,0.001709,8.842,-0.989,-0.755,0.000000
274.535583,-18.603,59.297882,0.001716,8.842,-1.014,-0.780,0.000000
275.486053,-18.633,58.086132,0.001722,8.841,-1.038,-0.805,0.000000
276.439545,-18.571,56.373127,0.001709,8.841,-1.062,-0.830,0.000000
277.396454,-18.573,54.807884,0.001709,8.841,-1.087,-0.855,0.000000
278.356689,-18.510,53.259834,0.001696,8.841,-1.112,-0.880,0.000000
279.320404,-18.390,51.519413,0.001673,8.840,-1.136,-0.906,0.000000
280.287170,-18.312,49.206181,0.001658,8.840,-1.161,-0.931,0.000000
281.257416,-18.188,46.591282,0.001634,8.840,-1.186,-0.957,0.000000
282.231018,-18.177,43.576073,0.001632,8.839,-1.211,-0.982,0.000000
283.207977,-18.239,40.061344,0.001643,8.839,-1.236,-1.008,0.000000
284.188354,-18.392,36.885475,0.001672,8.839,-1.261,-1.034,0.000000
285.171967,-18.620,33.425285,0.001716,8.839,-1.287,-1.059,0.000000
286.159271,-18.975,29.508226,0.001787,8.838,-1.312,-1.085,0.000000
287.149689,-19.393,25.595390,0.001874,8.838,-1.337,-1.111,0.000000
288.143829,-20.013,21.780916,0.002012,8.838,-1.363,-1.137,0.000000
289.141144,-20.709,19.725967,0.002179,8.837,-1.388,-1.163,0.000000
290.142029,-21.621,18.762690,0.002420,8.837,-1.414,-1.190,0.000000
291.146393,-22.587,21.181677,0.002704,8.837,-1.440,-1.216,0.000000
292.154358,-23.642,25.006882,0.003052,8.837,-1.466,-1.243,0.000000
293.165558,-24.373,30.357233,0.003319,8.836,-1.492,-1.269,0.000000
294.180389,-24.903,36.865971,0.003528,8.836,-1.518,-1.296,0.000000
295.198730,-24.803,43.569698,0.003487,8.836,-1.544,-1.322,0.000000
296.220581,-24.744,49.691608,0.003462,8.835,-1.570,-1.349,0.000000
297.246002,-24.194,54.851055,0.003250,8.835,-1.596,-1.376,0.000000
298.274933,-23.418,59.426434,0.002971,8.835,-1.623,-1.403,0.000000
299.307465,-22.632,62.079449,0.002714,8.835,-1.649,-1.430,0.000000
300.343414,-21.863,61.034859,0.002483,8.834,-1.676,-1.457,0.000000
301.383209,-21.256,59.967815,0.002315,8.834,-1.703,-1.485,0.000000
302.426361,-20.793,58.419899,0.002195,8.834,-1.729,-1.512,0.000000
303.473389,-20.516,57.042080,0.002126,8.833,-1.756,-1.540,0.000000
304.523743,-20.178,56.151070,0.002044,8.833,-1.783,-1.567,0.000000
305.578033,-19.828,55.156433,0.001963,8.833,-1.810,-1.595,0.000000
306.635681,-19.599,54.378479,0.001912,8.832,-1.837,-1.623,0.000000
307.697266,-19.400,53.753605,0.001868,8.832,-1.865,-1.650,0.000000
308.762268,-19.134,53.312466,0.001811,8.832,-1.892,-1.678,0.000000
309.831085,-18.803,52.201576,0.001743,8.831,-1.919,-1.706,0.000000
310.903595,-18.544,50.729725,0.001692,8.831,-1.947,-1.735,0.000000
311.979828,-18.243,48.837273,0.001634,8.831,-1.975,-1.763,0.000000
313.059784,-18.004,46.988003,0.001589,8.830,-2.002,-1.791,0.000000
314.143311,-17.868,44.780617,0.001564,8.830,-2.030,-1.820,0.000000
315.230927,-17.734,42.428871,0.001540,8.830,-2.058,-1.848,0.000000
316.322113,-17.554,39.601437,0.001507,8.830,-2.086,-1.877,0.000000
317.417114,-17.516,36.297256,0.001500,8.829,-2.114,-1.906,0.000000
318.515747,-17.444,33.279613,0.001487,8.829,-2.142,-1.934,0.000000
319.618469,-17.462,30.512545,0.001490,8.829,-2.171,-1.963,0.000000
320.724701,-17.456,27.430838,0.001489,8.828,-2.199,-1.992,0.000000
321.835083,-17.552,24.501680,0.001505,8.828,-2.228,-2.022,0.000000
322.949005,-17.676,21.754002,0.001526,8.828,-2.256,-2.051,0.000000
324.066925,-17.852,19.018803,0.001557,8.827,-2.285,-2.080,0.000000
325.188721,-17.985,16.305143,0.001581,8.827,-2.314,-2.110,0.000000
326.314392,-18.213,14.014419,0.001623,8.827,-2.343,-2.139,0.000000
327.443970,-18.396,11.955499,0.001657,8.826,-2.372,-2.169,0.000000
328.577301,-18.618,9.581409,0.001700,8.826,-2.401,-2.198,0.000000
329.714874,-18.893,7.422956,0.001754,8.826,-2.430,-2.228,0.000000
330.856232,-19.122,4.444099,0.001801,8.825,-2.459,-2.258,0.000000
332.001526,-19.458,0.636458,0.001871,8.825,-2.489,-2.288,0.000000
333.150635,-19.854,-3.108730,0.001958,8.825,-2.518,-2.318,0.000000
334.304016,-20.516,-7.608339,0.002113,8.824,-2.548,-2.349,0.000000
335.461090,-21.319,-10.900232,0.002317,8.824,-2.577,-2.379,0.000000
336.622498,-22.372,-13.055187,0.002615,8.824,-2.607,-2.410,0.000000
337.787598,-23.578,-10.589114,0.003005,8.823,-2.637,-2.440,0.000000
338.956879,-24.830,-4.732093,0.003470,8.823,-2.667,-2.471,0.000000
340.130219,-25.812,3.450663,0.003884,8.823,-2.697,-2.502,0.000000
341.307617,-26.686,13.518147,0.004295,8.822,-2.727,-2.533,0.000000
342.489105,-27.006,25.357143,0.004455,8.822,-2.758,-2.564,0.000000
343.674652,-26.830,35.716072,0.004366,8.822,-2.788,-2.595,0.000000
344.864319,-26.043,44.063290,0.003987,8.821,-2.819,-2.626,0.000000
346.058105,-24.978,50.588417,0.003527,8.821,-2.849,-2.657,0.000000
347.256042,-23.770,53.940483,0.003069,8.821,-2.880,-2.689,0.000000
348.457947,-22.886,52.778675,0.002772,8.820,-2.911,-2.720,0.000000
349.664337,-22.347,49.320240,0.002605,8.820,-2.942,-2.752,0.000000
350.874573,-21.926,46.636971,0.002482,8.819,-2.973,-2.784,0.000000
352.089325,-21.586,43.520809,0.002387,8.819,-3.004,-2.815,0.000000
353.307953,-21.288,41.474560,0.002306,8.819,-3.035,-2.847,0.000000
354.530975,-21.053,40.075817,0.002244,8.818,-3.067,-2.880,0.000000
355.758240,-20.838,37.987644,0.002188,8.818,-3.098,-2.912,0.000000
356.989716,-20.665,36.248852,0.002145,8.818,-3.130,-2.944,0.000000
358.225494,-20.497,34.924286,0.002103,8.817,-3.162,-2.977,0.000000
359.465515,-20.284,33.803974,0.002052,8.817,-3.193,-3.009,0.000000
360.709869,-19.963,31.868450,0.001978,8.817,-3.225,-3.042,0.000000
361.958496,-19.590,29.728712,0.001895,8.816,-3.257,-3.075,0.000000
363.211456,-19.355,26.340261,0.001844,8.816,-3.290,-3.107,0.000000
364.468750,-19.310,21.742567,0.001835,8.816,-3.322,-3.140,0.000000
365.730408,-19.381,17.136419,0.001850,8.815,-3.354,-3.173,0.000000
366.996246,-19.637,13.242386,0.001905,8.815,-3.387,-3.207,0.000000
368.266815,-19.968,9.778056,0.001979,8.814,-3.419,-3.240,0.000000
369.541443,-20.281,6.372701,0.002051,8.814,-3.452,-3.274,0.000000
370.820648,-20.708,2.448488,0.002155,8.814,-3.485,-3.307,0.000000
372.104309,-21.329,-0.106432,0.002315,8.813,-3.518,-3.341,0.000000
373.392395,-22.072,-1.503644,0.002521,8.813,-3.551,-3.375,0.000000
374.684937,-22.826,-1.657695,0.002750,8.813,-3.584,-3.408,0.000000
375.982117,-23.468,-0.359475,0.002961,8.812,-3.617,-3.443,0.000000
377.283447,-24.043,0.515074,0.003164,8.812,-3.651,-3.477,0.000000
378.589447,-24.463,2.019871,0.003320,8.811,-3.684,-3.511,0.000000
379.899994,-24.843,2.933179,0.003469,8.811,-3.718,-3.545,0.000000
381.215057,-25.348,4.435847,0.003677,8.811,-3.752,-3.580,0.000000
382.534668,-25.749,5.817008,0.003850,8.810,-3.786,-3.615,0.000000
383.858673,-26.029,7.402568,0.003976,8.810,-3.820,-3.649,0.000000
385.187622,-26.493,8.856397,0.004195,8.809,-3.854,-3.684,0.000000
386.520813,-26.917,11.026731,0.004404,8.809,-3.888,-3.719,0.000000
387.859009,-27.312,12.986718,0.004609,8.809,-3.922,-3.754,0.000000
389.201416,-27.763,15.875823,0.004855,8.808,-3.957,-3.789,0.000000
390.548889,-28.020,17.944918,0.005000,8.808,-3.991,-3.825,0.000000
391.900635,-28.346,21.611897,0.005192,8.808,-4.026,-3.860,0.000000
393.257416,-28.624,25.662174,0.005361,8.807,-4.061,-3.896,0.000000
394.618530,-28.969,30.996323,0.005578,8.807,-4.096,-3.932,0.000000
395.984558,-28.778,36.773888,0.005457,8.806,-4.131,-3.967,0.000000
397.355316,-28.697,41.685543,0.005406,8.806,-4.166,-4.003,0.000000
398.730804,-28.436,45.480217,0.005246,8.806,-4.201,-4.040,0.000000
400.111053,-28.154,48.765713,0.005078,8.805,-4.237,-4.076,0.000000
401.495880,-27.456,50.929478,0.004686,8.805,-4.272,-4.112,0.000000
402.885895,-27.064,53.861454,0.004480,8.804,-4.308,-4.149,0.000000
404.280365,-26.538,55.909065,0.004216,8.804,-4.344,-4.185,0.000000
405.679993,-25.853,57.377457,0.003896,8.803,-4.380,-4.222,0.000000
407.084106,-25.408,56.793911,0.003702,8.803,-4.416,-4.259,0.000000
408.493500,-25.016,56.549072,0.003539,8.803,-4.452,-4.296,0.000000
409.907349,-24.479,56.738792,0.003326,8.802,-4.488,-4.333,0.000000
411.326477,-24.273,57.649220,0.003249,8.802,-4.525,-4.370,0.000000
412.750122,-23.981,58.292999,0.003141,8.801,-4.561,-4.407,0.000000
414.178925,-23.907,58.562870,0.003115,8.801,-4.598,-4.445,0.000000
415.612640,-23.791,58.317806,0.003073,8.801,-4.635,-4.483,0.000000
417.051331,-23.610,58.527931,0.003010,8.800,-4.672,-4.520,0.000000
418.494995,-23.578,58.637333,0.002999,8.800,-4.709,-4.558,0.000000
419.943481,-23.493,58.936699,0.002969,8.799,-4.746,-4.596,0.000000
421.397369,-23.275,59.616863,0.002896,8.799,-4.783,-4.634,0.000000
422.855865,-22.999,60.385628,0.002805,8.798,-4.820,-4.673,0.000000
424.319855,-22.766,61.314915,0.002731,8.798,-4.858,-4.711,0.000000
425.788666,-22.479,62.424179,0.002642,8.798,-4.896,-4.750,0.000000
427.262604,-22.007,63.325584,0.002503,8.797,-4.934,-4.788,0.000000
428.741394,-21.508,64.171394,0.002363,8.797,-4.972,-4.827,0.000000
430.225739,-20.957,64.644356,0.002218,8.796,-5.010,-4.866,0.000000
431.714813,-20.309,64.978127,0.002058,8.796,-5.048,-4.905,0.000000
433.209259,-19.728,63.870178,0.001925,8.795,-5.086,-4.944,0.000000
434.708862,-19.193,61.813980,0.001810,8.795,-5.125,-4.984,0.000000
436.213654,-18.709,59.643147,0.001712,8.795,-5.163,-5.023,0.000000
437.723663,-18.293,56.891830,0.001632,8.794,-5.202,-5.063,0.000000
439.238892,-17.975,54.054245,0.001573,8.794,-5.241,-5.103,0.000000
440.759369,-17.705,51.048435,0.001525,8.793,-5.280,-5.143,0.000000
442.285095,-17.615,47.802361,0.001509,8.793,-5.319,-5.183,0.000000
443.816132,-17.536,44.420322,0.001495,8.792,-5.358,-5.223,0.000000
445.352448,-17.560,41.924835,0.001499,8.792,-5.398,-5.263,0.000000
446.894073,-17.713,39.995663,0.001526,8.791,-5.437,-5.304,0.000000
448.440857,-17.852,39.068199,0.001550,8.791,-5.477,-5.344,0.000000
449.993408,-17.900,39.026188,0.001558,8.791,-5.517,-5.385,0.000000
451.550873,-17.756,39.058128,0.001532,8.790,-5.557,-5.426,0.000000
453.114197,-17.496,39.165638,0.001487,8.790,-5.597,-5.467,0.000000
454.682495,-17.163,38.910339,0.001431,8.789,-5.637,-5.508,0.000000
456.256409,-16.827,38.493031,0.001376,8.789,-5.678,-5.549,0.000000
457.835815,-16.480,38.123199,0.001322,8.788,-5.718,-5.591,0.000000
459.420654,-16.122,37.737629,0.001269,8.788,-5.759,-5.632,0.000000
461.010986,-15.660,36.678982,0.001203,8.787,-5.800,-5.674,0.000000
462.606842,-15.164,34.345200,0.001136,8.787,-5.841,-5.716,0.000000
464.208221,-14.741,31.335480,0.001082,8.786,-5.882,-5.758,0.000000
465.815125,-14.387,28.243605,0.001038,8.786,-5.923,-5.800,0.000000
467.427582,-14.098,24.963839,0.001004,8.785,-5.965,-5.842,0.000000
469.045410,-13.827,21.526590,0.000974,8.785,-6.006,-5.885,0.000000
470.669312,-13.565,17.676912,0.000945,8.785,-6.048,-5.928,0.000000
472.298340,-13.331,13.702872,0.000920,8.784,-6.090,-5.970,0.000000
473.933502,-13.148,9.115079,0.000900,8.784,-6.132,-6.013,0.000000
475.573853,-13.028,4.196581,0.000888,8.783,-6.174,-6.056,0.000000
477.220093,-12.992,-0.376863,0.000884,8.783,-6.216,-6.099,0.000000
478.872040,-13.082,-5.095118,0.000893,8.782,-6.258,-6.143,0.000000
480.529724,-13.216,-9.979745,0.000907,8.782,-6.301,-6.186,0.000000
482.193146,-13.403,-14.814507,0.000926,8.781,-6.344,-6.230,0.000000
483.862305,-13.713,-19.230131,0.000960,8.781,-6.386,-6.274,0.000000
485.537262,-14.111,-23.226620,0.001005,8.780,-6.429,-6.318,0.000000
487.217987,-14.544,-26.310534,0.001056,8.780,-6.473,-6.362,0.000000
488.904541,-14.964,-28.565283,0.001108,8.779,-6.516,-6.406,0.000000
490.596710,-15.394,-30.170019,0.001164,8.779,-6.559,-6.450,0.000000
492.295197,-15.803,-31.514822,0.001220,8.778,-6.603,-6.495,0.000000
493.999115,-16.131,-32.485439,0.001267,8.778,-6.647,-6.540,0.000000
495.709381,-16.391,-33.133286,0.001305,8.777,-6.690,-6.585,0.000000
497.425110,-16.503,-33.400154,0.001322,8.777,-6.734,-6.630,0.000000
499.147003,-16.470,-33.370609,0.001316,8.776,-6.779,-6.675,0.000000
500.874847,-16.342,-33.776691,0.001297,8.776,-6.810,-6.707,0.000000
502.608917,-16.073,-35.333675,0.001257,8.776,-6.829,-6.725,0.000000
504.348541,-15.825,-37.511753,0.001222,8.776,-6.848,-6.744,0.000000
506.094391,-15.496,-40.589348,0.001176,8.776,-6.867,-6.762,0.000000
507.846283,-15.179,-43.956562,0.001134,8.776,-6.886,-6.781,0.000000
509.604279,-14.889,-48.312912,0.001096,8.776,-6.905,-6.800,0.000000
511.368317,-14.661,-53.528957,0.001068,8.776,-6.924,-6.819,0.000000
513.138489,-14.437,-59.913513,0.001040,8.776,-6.943,-6.837,0.000000
514.914795,-14.313,-67.359528,0.001025,8.776,-6.963,-6.856,0.000000
516.696960,-14.304,-75.230148,0.001024,8.776,-6.982,-6.875,0.000000
518.485840,-14.368,-83.827148,0.001032,8.776,-7.001,-6.894,0.000000
520.280334,-14.542,-92.950165,0.001052,8.776,-7.021,-6.914,0.000000
522.081360,-14.858,-102.809311,0.001091,8.776,-7.040,-6.933,0.000000
523.888611,-15.285,-113.487968,0.001146,8.776,-7.060,-6.952,0.000000
525.702393,-15.827,-124.502663,0.001220,8.776,-7.080,-6.971,0.000000
527.521912,-16.570,-136.616653,0.001329,8.776,-7.099,-6.991,0.000000
529.348206,-17.459,-149.435822,0.001472,8.776,-7.119,-7.010,0.000000
531.180359,-18.436,-162.264542,0.001647,8.776,-7.139,-7.030,0.000000
533.019104,-19.520,-175.350037,0.001866,8.776,-7.159,-7.049,0.000000
534.864258,-20.769,171.565506,0.002155,8.776,-7.179,-7.069,0.000000
536.715698,-22.046,158.933899,0.002495,8.776,-7.199,-7.089,0.000000
538.573608,-23.247,145.881912,0.002865,8.776,-7.219,-7.109,0.000000
540.437683,-24.299,133.282013,0.003233,8.776,-7.240,-7.129,0.000000
542.308777,-24.973,120.668236,0.003494,8.776,-7.260,-7.149,0.000000
544.185730,-25.276,108.976685,0.003617,8.776,-7.280,-7.169,0.000000
546.069763,-25.276,96.880661,0.003617,8.776,-7.301,-7.189,0.000000
547.959778,-24.981,85.687935,0.003496,8.776,-7.321,-7.209,0.000000
549.856873,-24.559,75.313835,0.003330,8.776,-7.342,-7.229,0.000000
551.760010,-23.947,65.108887,0.003104,8.776,-7.363,-7.249,0.000000
553.670288,-23.289,55.802696,0.002877,8.776,-7.383,-7.270,0.000000
555.586609,-22.604,46.121704,0.002659,8.776,-7.404,-7.290,0.000000
557.509827,-21.971,35.456726,0.002472,8.776,-7.425,-7.311,0.000000
559.439697,-21.611,24.926985,0.002372,8.776,-7.446,-7.331,0.000000
561.376282,-21.456,13.333034,0.002330,8.776,-7.467,-7.352,0.000000
563.319519,-21.668,1.568233,0.002388,8.776,-7.488,-7.373,0.000000
565.269287,-22.086,-8.929814,0.002505,8.776,-7.509,-7.394,0.000000
567.226318,-22.700,-17.453533,0.002689,8.776,-7.531,-7.414,0.000000
569.189514,-23.635,-23.621037,0.002994,8.776,-7.552,-7.435,0.000000
571.160156,-24.793,-25.963381,0.003421,8.776,-7.573,-7.456,0.000000
573.136963,-26.054,-25.486872,0.003955,8.776,-7.595,-7.477,0.000000
575.121216,-27.247,-22.181042,0.004536,8.776,-7.616,-7.499,0.000000
577.111816,-28.215,-17.637102,0.005070,8.776,-7.638,-7.520,0.000000
579.109863,-28.489,-11.990993,0.005232,8.776,-7.660,-7.541,0.000000
581.114197,-28.273,-6.729016,0.005102,8.776,-7.681,-7.563,0.000000
583.125793,-27.693,-2.941092,0.004772,8.776,-7.703,-7.584,0.000000
585.144348,-27.080,-0.984832,0.004447,8.775,-7.725,-7.606,0.000000
587.169922,-26.561,-2.171367,0.004189,8.775,-7.747,-7.627,0.000000
589.202454,-26.437,-4.864358,0.004129,8.775,-7.769,-7.649,0.000000
591.241760,-26.680,-7.460376,0.004247,8.775,-7.791,-7.671,0.000000
593.288696,-26.866,-6.571465,0.004338,8.775,-7.814,-7.692,0.000000
595.342468,-26.862,-4.047922,0.004336,8.775,-7.836,-7.714,0.000000
597.403320,-26.666,-1.838412,0.004239,8.775,-7.858,-7.736,0.000000
599.471008,-26.457,0.080984,0.004138,8.775,-7.881,-7.758,0.000000
601.546448,-26.121,3.033504,0.003980,8.775,-7.903,-7.781,0.000000
603.628479,-25.579,5.789592,0.003739,8.775,-7.926,-7.803,0.000000
605.718262,-24.717,8.721775,0.003385,8.775,-7.949,-7.825,0.000000
607.814758,-23.674,8.993384,0.003001,8.775,-7.971,-7.847,0.000000
609.918762,-22.818,5.129262,0.002719,8.775,-7.994,-7.870,0.000000
612.030090,-22.385,-2.386987,0.002587,8.775,-8.017,-7.892,0.000000
614.148682,-22.331,-9.519973,0.002571,8.775,-8.040,-7.915,0.000000
616.274658,-22.535,-16.183744,0.002632,8.775,-8.063,-7.938,0.000000
618.407654,-22.899,-20.892466,0.002745,8.775,-8.086,-7.960,0.000000
620.548645,-23.410,-24.286207,0.002911,8.775,-8.110,-7.983,0.000000
622.696716,-24.118,-26.428127,0.003158,8.775,-8.133,-8.006,0.000000
624.852295,-25.105,-26.499153,0.003538,8.775,-8.156,-8.029,0.000000
627.015259,-26.012,-23.243382,0.003927,8.775,-8.180,-8.052,0.000000
629.185730,-26.453,-18.028675,0.004131,8.775,-8.203,-8.075,0.000000
631.363464,-26.289,-13.369163,0.004053,8.775,-8.227,-8.099,0.000000
633.549316,-25.745,-10.603443,0.003806,8.775,-8.251,-8.122,0.000000
635.742126,-25.137,-10.493231,0.003548,8.775,-8.275,-8.145,0.000000
637.942810,-24.689,-11.703685,0.003369,8.775,-8.298,-8.169,0.000000
640.151123,-24.466,-13.508746,0.003283,8.775,-8.322,-8.192,0.000000
642.367065,-24.315,-16.061745,0.003227,8.775,-8.347,-8.216,0.000000
644.590698,-24.275,-19.486528,0.003212,8.775,-8.371,-8.240,0.000000
646.822327,-24.428,-24.688267,0.003269,8.775,-8.395,-8.264,0.000000
649.061096,-24.948,-29.177591,0.003471,8.775,-8.419,-8.287,0.000000
651.307861,-25.924,-31.225740,0.003883,8.775,-8.444,-8.311,0.000000
653.562439,-27.191,-29.513287,0.004494,8.775,-8.468,-8.335,0.000000
655.824829,-28.353,-22.399786,0.005136,8.775,-8.493,-8.360,0.000000
658.095032,-28.839,-13.670789,0.005432,8.775,-8.517,-8.384,0.000000
660.372803,-28.544,-4.922548,0.005251,8.775,-8.542,-8.408,0.000000
662.659058,-27.762,2.891549,0.004799,8.775,-8.567,-8.432,0.000000
664.952637,-26.993,8.446662,0.004392,8.775,-8.592,-8.457,0.000000
667.254761,-26.294,13.449770,0.004052,8.775,-8.617,-8.481,0.000000
669.564209,-25.459,18.504511,0.003681,8.775,-8.642,-8.506,0.000000
671.882019,-24.307,22.058079,0.003224,8.775,-8.667,-8.531,0.000000
674.207764,-23.130,20.018551,0.002815,8.775,-8.692,-8.556,0.000000
676.541992,-22.159,15.878333,0.002517,8.775,-8.718,-8.581,0.000000
678.883545,-21.453,10.771447,0.002321,8.775,-8.743,-8.606,0.000000
681.233582,-20.942,6.388506,0.002188,8.775,-8.769,-8.631,0.000000
683.591797,-20.475,3.023968,0.002074,8.775,-8.794,-8.656,0.000000
685.958130,-19.859,-0.517525,0.001932,8.775,-8.820,-8.681,0.000000
688.332642,-19.245,-5.749010,0.001800,8.775,-8.846,-8.706,0.000000
690.715027,-18.723,-13.312087,0.001696,8.775,-8.872,-8.732,0.000000
693.106384,-18.492,-22.353384,0.001651,8.775,-8.897,-8.757,0.000000
695.505310,-18.557,-32.746815,0.001664,8.775,-8.924,-8.783,0.000000
697.913208,-19.003,-44.493057,0.001752,8.775,-8.950,-8.809,0.000000
700.328796,-19.923,-54.627121,0.001948,8.775,-8.976,-8.834,0.000000
702.753052,-20.867,-51.331699,0.002172,8.775,-9.002,-8.860,0.000000
705.185730,-21.756,-47.728687,0.002407,8.775,-9.029,-8.886,0.000000
707.627136,-22.616,-43.709087,0.002658,8.775,-9.055,-8.912,0.000000
710.076355,-23.584,-38.295311,0.002971,8.775,-9.082,-8.938,0.000000
712.534363,-24.545,-31.294806,0.003320,8.775,-9.108,-8.965,0.000000
715.000854,-25.220,-23.131634,0.003589,8.775,-9.135,-8.991,0.000000
717.475891,-25.657,-16.217854,0.003775,8.775,-9.162,-9.017,0.000000
719.959534,-25.349,-10.977704,0.003644,8.775,-9.189,-9.044,0.000000
722.451416,-24.837,-16.653103,0.003436,8.775,-9.216,-9.070,0.000000
724.952637,-24.768,-21.054142,0.003409,8.775,-9.243,-9.097,0.000000
727.461792,-25.055,-23.374680,0.003524,8.775,-9.271,-9.124,0.000000
729.980347,-25.496,-24.110968,0.003708,8.775,-9.298,-9.151,0.000000
732.506897,-25.959,-22.903240,0.003912,8.775,-9.325,-9.178,0.000000
735.042908,-26.322,-20.637468,0.004080,8.775,-9.353,-9.205,0.000000
737.586975,-26.517,-16.992626,0.004173,8.775,-9.380,-9.232,0.000000
740.140564,-26.424,-12.689943,0.004129,8.775,-9.408,-9.259,0.000000
742.702332,-26.062,-9.339640,0.003961,8.775,-9.436,-9.286,0.000000
745.273254,-25.575,-7.775500,0.003746,8.775,-9.464,-9.314,0.000000
747.853088,-25.073,-6.493183,0.003536,8.775,-9.492,-9.341,0.000000
750.441895,-24.633,-6.221157,0.003362,8.774,-9.520,-9.369,0.000000
753.039612,-24.237,-6.197515,0.003213,8.774,-9.548,-9.397,0.000000
755.646362,-23.828,-7.281788,0.003066,8.774,-9.577,-9.424,0.000000
758.262146,-23.461,-9.973039,0.002940,8.774,-9.605,-9.452,0.000000
760.886597,-23.314,-13.900299,0.002892,8.774,-9.633,-9.480,0.000000
763.520813,-23.440,-17.836113,0.002935,8.774,-9.662,-9.508,0.000000
766.163818,-23.749,-19.646713,0.003043,8.774,-9.691,-9.537,0.000000
768.816040,-24.176,-19.929476,0.003197,8.774,-9.720,-9.565,0.000000
771.476990,-24.482,-18.383648,0.003313,8.774,-9.748,-9.593,0.000000
774.147888,-24.554,-15.965925,0.003341,8.774,-9.777,-9.622,0.000000
776.827332,-24.475,-13.990245,0.003311,8.774,-9.807,-9.650,0.000000
779.516785,-24.165,-11.666031,0.003196,8.774,-9.836,-9.679,0.000000
782.214844,-23.623,-9.741612,0.003003,8.774,-9.865,-9.708,0.000000
784.922546,-22.885,-9.038213,0.002759,8.774,-9.894,-9.737,0.000000
787.639648,-22.128,-10.348433,0.002529,8.774,-9.924,-9.766,0.000000
790.366150,-21.513,-14.515686,0.002356,8.774,-9.954,-9.795,0.000000
793.102112,-21.159,-21.809984,0.002263,8.774,-9.983,-9.824,0.000000
795.847107,-21.272,-32.442806,0.002293,8.774,-10.013,-9.853,0.000000
798.602417,-21.883,-43.569229,0.002460,8.774,-10.043,-9.883,0.000000
801.366882,-22.788,-42.531216,0.002731,8.774,-10.073,-9.912,0.000000
804.140930,-23.566,-39.053677,0.002987,8.774,-10.103,-9.942,0.000000
806.924133,-24.300,-34.778812,0.003251,8.774,-10.133,-9.971,0.000000
809.717773,-24.993,-28.317629,0.003522,8.774,-10.164,-10.001,0.000000
812.520325,-25.414,-20.401909,0.003698,8.774,-10.194,-10.031,0.000000
815.333374,-25.533,-11.555510,0.003749,8.774,-10.225,-10.061,0.000000
818.155334,-25.153,-3.527324,0.003589,8.774,-10.255,-10.091,0.000000
820.987488,-24.308,2.369906,0.003257,8.774,-10.286,-10.121,0.000000
823.829407,-23.278,1.461233,0.002893,8.774,-10.317,-10.152,0.000000
826.681213,-22.631,-3.994966,0.002686,8.774,-10.348,-10.182,0.000000
829.542847,-22.245,-8.698821,0.002569,8.774,-10.379,-10.213,0.000000
832.414429,-22.023,-13.368263,0.002504,8.774,-10.410,-10.243,0.000000
835.295898,-22.062,-17.173046,0.002516,8.774,-10.441,-10.274,0.000000
838.187378,-22.140,-19.513224,0.002538,8.774,-10.473,-10.305,0.000000
841.088867,-22.173,-21.359921,0.002548,8.774,-10.504,-10.336,0.000000
844.000000,-22.169,-23.303400,0.002547,8.774,-10.536,-10.367,0.000000
846.921997,-22.231,-25.763062,0.002565,8.774,-10.568,-10.398,0.000000
849.853333,-22.444,-27.721249,0.002629,8.774,-10.600,-10.429,0.000000
852.795593,-22.760,-28.773472,0.002726,8.774,-10.631,-10.461,0.000000
855.747253,-23.091,-28.949495,0.002832,8.774,-10.664,-10.492,0.000000
858.709534,-23.351,-28.127419,0.002918,8.774,-10.696,-10.524,0.000000
861.682068,-23.582,-25.763096,0.002997,8.774,-10.728,-10.556,0.000000
864.664856,-23.493,-22.981773,0.002966,8.774,-10.760,-10.587,0.000000
867.657959,-23.201,-20.261438,0.002868,8.774,-10.793,-10.619,0.000000
870.661499,-22.558,-17.896797,0.002663,8.774,-10.825,-10.651,0.000000
873.675354,-21.690,-16.516560,0.002410,8.774,-10.858,-10.684,0.000000
876.699707,-20.854,-17.703329,0.002189,8.774,-10.891,-10.716,0.000000
879.734497,-20.256,-20.043108,0.002043,8.774,-10.924,-10.748,0.000000
882.779419,-19.841,-24.277603,0.001948,8.774,-10.957,-10.781,0.000000
885.835632,-19.679,-30.627678,0.001912,8.774,-10.990,-10.813,0.000000
888.901672,-19.825,-36.209621,0.001944,8.774,-11.024,-10.846,0.000000
891.979126,-20.172,-38.449402,0.002024,8.774,-11.057,-10.879,0.000000
895.066406,-20.420,-39.259190,0.002082,8.774,-11.090,-10.912,0.000000
898.164734,-20.581,-39.833984,0.002121,8.774,-11.124,-10.945,0.000000
901.273865,-20.750,-40.111465,0.002163,8.774,-11.158,-10.978,0.000000
904.393738,-20.824,-39.392635,0.002181,8.774,-11.192,-11.011,0.000000
907.524414,-20.582,-37.605564,0.002121,8.774,-11.226,-11.045,0.000000
910.665894,-19.932,-36.261639,0.001968,8.774,-11.260,-11.078,0.000000
913.818298,-19.051,-37.081429,0.001779,8.774,-11.294,-11.112,0.000000
916.981567,-18.298,-42.554901,0.001631,8.773,-11.328,-11.146,0.000000
920.155823,-17.867,-50.107609,0.001552,8.773,-11.363,-11.179,0.000000
923.341003,-17.752,-58.196659,0.001532,8.773,-11.398,-11.213,0.000000
926.537292,-17.802,-66.057236,0.001540,8.773,-11.432,-11.247,0.000000
929.744141,-17.920,-74.488785,0.001561,8.773,-11.467,-11.282,0.000000
932.963013,-18.280,-84.345688,0.001627,8.773,-11.502,-11.316,0.000000
936.192139,-19.046,-94.472511,0.001777,8.773,-11.537,-11.350,0.000000
939.432861,-20.169,-101.680756,0.002021,8.773,-11.572,-11.385,0.000000
942.684814,-21.460,-107.159874,0.002345,8.773,-11.608,-11.420,0.000000
945.948486,-23.045,-112.182091,0.002814,8.773,-11.643,-11.455,0.000000
949.222534,-24.745,-110.320862,0.003422,8.773,-11.679,-11.489,0.000000
952.508850,-26.055,-102.331505,0.003979,8.773,-11.714,-11.524,0.000000
955.805603,-26.995,-88.998840,0.004434,8.773,-11.750,-11.560,0.000000
959.114258,-27.291,-72.838333,0.004588,8.773,-11.786,-11.595,0.000000
962.434326,-26.824,-58.591946,0.004347,8.773,-11.822,-11.630,0.000000
965.765930,-25.826,-49.549568,0.003875,8.773,-11.858,-11.666,0.000000
969.109009,-24.639,-45.082493,0.003381,8.773,-11.894,-11.702,0.000000
972.463257,-23.435,-43.584419,0.002943,8.773,-11.931,-11.737,0.000000
975.830017,-22.480,-53.742767,0.002636,8.773,-11.967,-11.773,0.000000
979.207458,-22.239,-69.217583,0.002564,8.773,-12.004,-11.809,0.000000
982.597595,-22.560,-83.250847,0.002661,8.773,-12.041,-11.845,0.000000
985.998474,-23.269,-93.513969,0.002887,8.773,-12.078,-11.882,0.000000
989.412109,-24.101,-102.891685,0.003177,8.773,-12.115,-11.918,0.000000
992.836609,-25.298,-112.762115,0.003647,8.773,-12.152,-11.955,0.000000
996.273926,-26.976,-123.401024,0.004424,8.773,-12.189,-11.991,0.000000
999.722168,-29.007,-129.073364,0.005590,8.773,-12.227,-12.028,0.000000
1003.182800,-30.606,-128.247131,0.006719,8.773,-12.234,-12.035,0.000000
1006.655457,-31.001,-104.752411,0.007032,8.773,-12.237,-12.038,0.000000
1010.140076,-30.089,-46.264805,0.006331,8.773,-12.241,-12.042,0.000000
1013.636780,-28.612,-25.498075,0.005341,8.773,-12.245,-12.046,0.000000
1017.145142,-27.309,-20.051086,0.004598,8.773,-12.249,-12.050,0.000000
1020.666565,-26.415,-21.170540,0.004148,8.773,-12.253,-12.054,0.000000
1024.199219,-25.710,-29.615211,0.003826,8.773,-12.257,-12.058,0.000000
1027.745117,-25.360,-50.097416,0.003675,8.773,-12.261,-12.061,0.000000
1031.302246,-25.680,-68.503105,0.003814,8.773,-12.266,-12.065,0.000000
1034.872803,-26.460,-78.719162,0.004173,8.773,-12.270,-12.069,0.000000
1038.454590,-27.781,-94.714836,0.004859,8.773,-12.274,-12.073,0.000000
1042.049805,-29.323,-103.039078,0.005804,8.773,-12.278,-12.077,0.000000
1045.656494,-31.366,-101.803993,0.007345,8.773,-12.282,-12.081,0.000000
1049.276123,-33.793,-97.741898,0.009714,8.773,-12.286,-12.085,0.000000
1052.908325,-35.289,71.883629,0.011541,8.773,-12.290,-12.089,0.000000
1056.553101,-35.231,58.730057,0.011466,8.773,-12.294,-12.093,0.000000
1060.210571,-33.993,44.638107,0.009945,8.773,-12.298,-12.097,0.000000
1063.880005,-32.178,45.003941,0.008071,8.773,-12.303,-12.101,0.000000
1067.563354,-30.228,43.798344,0.006449,8.773,-12.307,-12.105,0.000000
1071.258301,-28.519,35.940067,0.005298,8.773,-12.311,-12.109,0.000000
1074.967041,-27.313,31.526009,0.004612,8.773,-12.315,-12.113,0.000000
1078.688232,-26.409,28.468225,0.004157,8.773,-12.319,-12.117,0.000000
1082.422241,-25.587,20.197393,0.003782,8.773,-12.324,-12.121,0.000000
1086.168579,-25.139,12.030843,0.003593,8.773,-12.328,-12.125,0.000000
1089.929077,-24.884,6.578259,0.003489,8.773,-12.332,-12.129,0.000000
1093.701416,-24.404,2.613572,0.003302,8.773,-12.336,-12.134,0.000000
1097.487427,-24.118,-3.209067,0.003196,8.773,-12.341,-12.138,0.000000
1101.286499,-24.050,-7.968701,0.003172,8.773,-12.345,-12.142,0.000000
1105.098755,-23.889,-11.276857,0.003114,8.773,-12.349,-12.146,0.000000
1108.924194,-23.547,-15.552824,0.002994,8.773,-12.354,-12.150,0.000000
1112.762817,-23.421,-21.934423,0.002952,8.773,-12.358,-12.154,0.000000
1116.614746,-23.597,-28.163954,0.003012,8.773,-12.363,-12.159,0.000000
1120.480103,-23.931,-33.691032,0.003131,8.773,-12.367,-12.163,0.000000
1124.358765,-24.448,-37.066238,0.003324,8.773,-12.371,-12.167,0.000000
1128.250854,-25.130,-37.811916,0.003596,8.773,-12.376,-12.171,0.000000
1132.156372,-25.399,-36.763214,0.003710,8.773,-12.380,-12.176,0.000000
1136.075562,-25.511,-37.451408,0.003758,8.773,-12.385,-12.180,0.000000
1140.007568,-25.618,-37.557281,0.003806,8.773,-12.389,-12.184,0.000000
1143.953857,-25.464,-37.777618,0.003740,8.773,-12.394,-12.189,0.000000
1147.913818,-25.110,-39.214462,0.003592,8.773,-12.398,-12.193,0.000000
1151.887451,-24.863,-43.407017,0.003492,8.773,-12.403,-12.197,0.000000
1155.874878,-24.951,-50.295643,0.003529,8.773,-12.407,-12.202,0.000000
1159.876099,-25.250,-55.636784,0.003654,8.773,-12.412,-12.206,0.000000
1163.891113,-25.684,-59.637596,0.003843,8.773,-12.416,-12.210,0.000000
1167.920044,-26.391,-63.296978,0.004170,8.773,-12.421,-12.215,0.000000
1171.962891,-27.383,-68.427971,0.004675,8.773,-12.425,-12.219,0.000000
1176.019775,-28.929,-71.948776,0.005586,8.773,-12.430,-12.224,0.000000
1180.090698,-31.026,-71.637764,0.007113,8.773,-12.435,-12.228,0.000000
1184.175781,-33.152,-65.003624,0.009088,8.773,-12.439,-12.233,0.000000
1188.274902,-33.982,-48.614700,0.010001,8.773,-12.444,-12.237,0.000000
1192.388306,-33.812,-31.845390,0.009808,8.773,-12.449,-12.242,0.000000
1196.515259,-33.692,-16.506338,0.009676,8.773,-12.453,-12.246,0.000000
1200.657227,-32.937,4.106529,0.008874,8.773,-12.458,-12.251,0.000000
1204.813965,-31.024,21.957951,0.007122,8.773,-12.463,-12.255,0.000000
1208.984009,-28.738,30.850508,0.005476,8.773,-12.468,-12.260,0.000000
1213.169067,-26.424,33.818439,0.004197,8.773,-12.472,-12.264,0.000000
1217.368530,-24.319,29.421627,0.003295,8.773,-12.477,-12.269,0.000000
1221.582642,-22.850,19.906374,0.002783,8.773,-12.482,-12.273,0.000000
1225.811279,-21.991,10.581919,0.002521,8.773,-12.487,-12.278,0.000000
1230.054565,-21.459,-0.646378,0.002372,8.773,-12.492,-12.283,0.000000
1234.311890,-21.268,-15.169724,0.002321,8.773,-12.496,-12.287,0.000000
1238.585205,-21.471,-26.870617,0.002376,8.773,-12.501,-12.292,0.000000
1242.872803,-22.078,-34.249252,0.002549,8.773,-12.506,-12.297,0.000000
1247.175049,-22.736,-39.043560,0.002750,8.773,-12.511,-12.301,0.000000
1251.492310,-23.592,-43.664185,0.003035,8.773,-12.516,-12.306,0.000000
1255.823975,-24.735,-47.218578,0.003462,8.773,-12.521,-12.311,0.000000
1260.171753,-25.837,-48.273499,0.003931,8.773,-12.526,-12.316,0.000000
1264.533325,-26.636,-48.833767,0.004311,8.773,-12.531,-12.320,0.000000
1268.911255,-27.391,-50.314049,0.004703,8.773,-12.536,-12.325,0.000000
1273.303101,-28.093,-46.959965,0.005100,8.773,-12.541,-12.330,0.000000
1277.710815,-28.450,-42.511715,0.005315,8.773,-12.546,-12.335,0.000000
1282.133789,-28.868,-39.233238,0.005578,8.773,-12.551,-12.340,0.000000
1286.572021,-29.243,-33.644897,0.005825,8.773,-12.556,-12.345,0.000000
1291.025024,-28.948,-29.040365,0.005632,8.773,-12.561,-12.349,0.000000
1295.494751,-28.600,-27.880798,0.005411,8.773,-12.566,-12.354,0.000000
1299.979248,-28.961,-26.438507,0.005642,8.773,-12.571,-12.359,0.000000
1304.479248,-29.051,-19.777130,0.005701,8.773,-12.576,-12.364,0.000000
1308.994873,-28.376,-15.578435,0.005276,8.773,-12.581,-12.369,0.000000
1313.525513,-27.848,-17.803078,0.004966,8.773,-12.586,-12.374,0.000000
1318.072998,-27.284,-21.798231,0.004654,8.773,-12.592,-12.379,0.000000
1322.635010,-27.181,-30.475153,0.004601,8.773,-12.597,-12.384,0.000000
1327.214111,-28.009,-40.378876,0.005061,8.773,-12.602,-12.389,0.000000
1331.807739,-29.064,-40.975208,0.005716,8.773,-12.607,-12.394,0.000000
1336.417969,-29.071,-26.401587,0.005722,8.773,-12.613,-12.399,0.000000
1341.044189,-28.267,-15.038874,0.005216,8.773,-12.618,-12.404,0.000000
1345.686401,-27.487,-9.395538,0.004769,8.773,-12.623,-12.409,0.000000
1350.344604,-27.193,-6.073895,0.004610,8.773,-12.628,-12.414,0.000000
1355.018921,-27.293,1.124459,0.004663,8.773,-12.634,-12.419,0.000000
1359.709595,-27.102,11.222688,0.004562,8.773,-12.639,-12.425,0.000000
1364.416382,-26.365,19.305246,0.004191,8.773,-12.644,-12.430,0.000000
1369.139404,-25.272,15.728327,0.003695,8.773,-12.650,-12.435,0.000000
1373.878174,-24.422,6.653379,0.003351,8.773,-12.655,-12.440,0.000000
1378.634644,-23.780,-1.730844,0.003112,8.773,-12.661,-12.445,0.000000
1383.406372,-23.573,-10.178850,0.003039,8.773,-12.666,-12.451,0.000000
1388.195801,-23.649,-17.426807,0.003066,8.773,-12.671,-12.456,0.000000
1393.000610,-23.807,-25.717840,0.003122,8.773,-12.677,-12.461,0.000000
1397.822632,-24.365,-34.298603,0.003329,8.773,-12.682,-12.466,0.000000
1402.661377,-25.189,-35.151035,0.003660,8.773,-12.688,-12.472,0.000000
1407.516846,-25.752,-30.851305,0.003905,8.773,-12.693,-12.477,0.000000
1412.389771,-25.787,-25.566221,0.003920,8.773,-12.699,-12.482,0.000000
1417.278198,-25.702,-21.134230,0.003881,8.773,-12.704,-12.488,0.000000
1422.184326,-25.494,-16.250919,0.003788,8.773,-12.710,-12.493,0.000000
1427.107300,-24.983,-11.295027,0.003571,8.773,-12.716,-12.498,0.000000
1432.047485,-24.338,-7.980877,0.003315,8.773,-12.721,-12.504,0.000000
1437.004639,-23.849,-5.078765,0.003133,8.773,-12.727,-12.509,0.000000
1441.979004,-23.037,-5.997807,0.002853,8.773,-12.733,-12.515,0.000000
1446.969849,-22.247,-14.650322,0.002605,8.773,-12.738,-12.520,0.000000
1451.979492,-21.873,-24.071087,0.002496,8.773,-12.744,-12.526,0.000000
1457.005005,-21.835,-32.959103,0.002485,8.773,-12.750,-12.531,0.000000
1462.048584,-22.158,-42.415905,0.002579,8.773,-12.755,-12.537,0.000000
1467.109619,-22.962,-51.164486,0.002829,8.773,-12.761,-12.542,0.000000
1472.188110,-24.030,-52.430550,0.003199,8.773,-12.767,-12.548,0.000000
1477.285034,-24.671,-49.496128,0.003443,8.773,-12.773,-12.553,0.000000
1482.398071,-24.881,-48.483738,0.003527,8.773,-12.779,-12.559,0.000000
1487.529541,-25.201,-49.271606,0.003658,8.773,-12.784,-12.564,0.000000
1492.678833,-25.721,-50.087967,0.003884,8.773,-12.790,-12.570,0.000000
1497.845947,-26.293,-50.827549,0.004147,8.773,-12.796,-12.576,0.000000
1503.030884,-26.835,-50.861786,0.004414,8.773,-12.802,-12.581,0.000000
1508.233765,-27.089,-50.647125,0.004544,8.773,-12.808,-12.587,0.000000
1513.453979,-27.062,-53.845474,0.004529,8.773,-12.814,-12.593,0.000000
1518.693726,-27.347,-62.779076,0.004679,8.773,-12.820,-12.598,0.000000
1523.950195,-28.026,-70.236671,0.005059,8.773,-12.826,-12.604,0.000000
1529.226196,-28.815,-68.364304,0.005539,8.773,-12.832,-12.610,0.000000
1534.519775,-29.275,-60.476959,0.005839,8.773,-12.838,-12.616,0.000000
1539.831055,-29.327,-46.493954,0.005874,8.773,-12.844,-12.622,0.000000
1545.161987,-29.183,-34.063328,0.005776,8.773,-12.850,-12.627,0.000000
1550.510010,-29.234,-22.881689,0.005811,8.773,-12.856,-12.633,0.000000
1555.877319,-28.606,-11.246560,0.005405,8.773,-12.862,-12.639,0.000000
1561.263184,-27.487,-6.630805,0.004752,8.773,-12.868,-12.645,0.000000
1566.667725,-26.495,-12.088593,0.004239,8.773,-12.874,-12.651,0.000000
1572.090820,-26.183,-28.437632,0.004090,8.773,-12.881,-12.657,0.000000
1577.532837,-26.781,-37.909641,0.004381,8.773,-12.887,-12.663,0.000000
1582.992920,-27.357,-36.608711,0.004680,8.773,-12.893,-12.669,0.000000
1588.473389,-27.602,-36.772877,0.004813,8.773,-12.899,-12.675,0.000000
1593.971313,-27.528,-40.227291,0.004772,8.773,-12.905,-12.681,0.000000
1599.489746,-27.672,-50.240314,0.004851,8.773,-12.912,-12.687,0.000000
1605.026611,-28.509,-62.851780,0.005340,8.773,-12.918,-12.693,0.000000
1610.581787,-29.405,-76.143974,0.005920,8.773,-12.924,-12.699,0.000000
1616.157837,-29.577,-86.679420,0.006038,8.773,-12.931,-12.705,0.000000
1621.751587,-28.757,-74.645988,0.005494,8.773,-12.937,-12.711,0.000000
1627.366211,-28.102,-71.030533,0.005095,8.773,-12.943,-12.717,0.000000
1632.998779,-28.156,-162.091568,0.005127,8.773,-12.950,-12.724,0.000000
1638.651611,-27.770,108.369377,0.004904,8.773,-12.956,-12.730,0.000000
1644.323975,-26.827,88.157524,0.004399,8.773,-12.963,-12.736,0.000000
1650.015991,-25.891,75.550957,0.003950,8.773,-12.969,-12.742,0.000000
1655.726929,-25.204,61.727451,0.003650,8.773,-12.976,-12.748,0.000000
1661.459229,-24.962,46.861050,0.003550,8.773,-12.982,-12.755,0.000000
1667.209717,-24.794,36.878227,0.003483,8.773,-12.989,-12.761,0.000000
1672.981812,-24.536,31.135828,0.003382,8.773,-12.995,-12.767,0.000000
1678.772949,-23.853,24.985868,0.003127,8.773,-13.002,-12.774,0.000000
1684.583496,-23.396,18.037731,0.002967,8.773,-13.008,-12.780,0.000000
1690.415649,-23.146,11.976782,0.002883,8.773,-13.015,-12.786,0.000000
1696.266357,-23.087,6.498291,0.002864,8.773,-13.022,-12.793,0.000000
1702.139038,-23.034,3.029102,0.002846,8.773,-13.028,-12.799,0.000000
1708.030396,-22.645,-0.003158,0.002721,8.773,-13.035,-12.806,0.000000
1713.942871,-22.295,-7.910450,0.002614,8.773,-13.042,-12.812,0.000000
1719.875977,-22.356,-18.026117,0.002632,8.773,-13.049,-12.819,0.000000
1725.829468,-23.067,-25.481466,0.002857,8.773,-13.055,-12.825,0.000000
1731.802856,-23.832,-27.419369,0.003120,8.773,-13.062,-12.832,0.000000
1737.798462,-24.767,-29.235739,0.003475,8.773,-13.069,-12.838,0.000000
1743.814087,-25.770,-26.254740,0.003902,8.773,-13.076,-12.845,0.000000
1749.850464,-26.250,-20.893562,0.004124,8.773,-13.083,-12.851,0.000000
1755.907837,-26.239,-16.753416,0.004120,8.773,-13.090,-12.858,0.000000
1761.985229,-26.247,-12.887277,0.004124,8.773,-13.096,-12.865,0.000000
1768.085449,-25.655,-7.809893,0.003853,8.773,-13.103,-12.871,0.000000
1774.204956,-24.460,-5.624006,0.003358,8.773,-13.110,-12.878,0.000000
1780.347412,-23.801,-10.637444,0.003113,8.773,-13.117,-12.885,0.000000
1786.509521,-23.521,-14.823721,0.003015,8.773,-13.124,-12.891,0.000000
1792.693726,-23.118,-21.736658,0.002879,8.773,-13.131,-12.898,0.000000
1798.899292,-23.248,-32.004383,0.002923,8.773,-13.138,-12.905,0.000000
1805.126465,-23.646,-41.318977,0.003060,8.773,-13.146,-12.912,0.000000
1811.375122,-24.354,-51.181744,0.003321,8.773,-13.153,-12.919,0.000000
1817.645386,-25.430,-63.496716,0.003759,8.773,-13.160,-12.925,0.000000
1823.937378,-26.899,-66.531395,0.004453,8.773,-13.167,-12.932,0.000000
1830.251099,-27.878,-57.276711,0.004985,8.773,-13.174,-12.939,0.000000
1836.586792,-27.911,-37.224091,0.005005,8.773,-13.181,-12.946,0.000000
1842.943481,-27.531,-6.390451,0.004792,8.773,-13.189,-12.953,0.000000
1849.323853,-26.217,15.625623,0.004119,8.773,-13.196,-12.960,0.000000
1855.724609,-25.402,19.172819,0.003751,8.773,-13.203,-12.967,0.000000
1862.149292,-25.057,27.596769,0.003606,8.773,-13.210,-12.974,0.000000
1868.594482,-24.020,24.513260,0.003201,8.773,-13.218,-12.981,0.000000
1875.062866,-23.281,10.443257,0.002940,8.773,-13.225,-12.988,0.000000
1881.553589,-22.990,0.489365,0.002844,8.773,-13.232,-12.995,0.000000
1888.066772,-22.453,-8.651280,0.002674,8.773,-13.240,-13.003,0.000000
1894.603516,-22.392,-17.108219,0.002655,8.773,-13.247,-13.010,0.000000
1901.161011,-22.265,-24.462046,0.002617,8.773,-13.255,-13.017,0.000000
1907.742065,-22.124,-31.203026,0.002576,8.773,-13.262,-13.024,0.000000
1914.345947,-21.637,-41.545258,0.002436,8.773,-13.270,-13.031,0.000000
1920.972656,-21.811,-54.295319,0.002485,8.773,-13.277,-13.039,0.000000
1927.622314,-22.227,-52.537281,0.002608,8.773,-13.285,-13.046,0.000000
1934.295044,-22.367,-45.444122,0.002650,8.773,-13.292,-13.053,0.000000
1940.989868,-22.900,-48.035889,0.002819,8.773,-13.300,-13.060,0.000000
1947.709717,-23.586,-46.320854,0.003051,8.773,-13.308,-13.068,0.000000
1954.451050,-24.408,-47.733624,0.003356,8.773,-13.315,-13.075,0.000000
1961.216675,-25.876,-48.526875,0.003975,8.773,-13.323,-13.083,0.000000
1968.005615,-27.675,-42.614895,0.004891,8.773,-13.331,-13.090,0.000000
1974.818115,-29.336,-17.498562,0.005924,8.773,-13.339,-13.097,0.000000
1981.655151,-29.545,-14.054448,0.006071,8.773,-13.346,-13.105,0.000000
1988.513916,-29.152,-18.170317,0.005803,8.773,-13.354,-13.112,0.000000
1995.397339,-28.868,-18.309294,0.005618,8.773,-13.362,-13.120,0.000000
2002.304688,-27.958,-17.390131,0.005060,8.773,-13.367,-13.125,0.000000
2009.235840,-27.199,-20.962090,0.004637,8.773,-13.368,-13.126,0.000000
2016.191040,-26.782,-22.941879,0.004420,8.773,-13.368,-13.126,0.000000
2023.170288,-25.956,-25.257818,0.004020,8.773,-13.369,-13.127,0.000000
2030.172852,-25.233,-40.241642,0.003700,8.773,-13.370,-13.127,0.000000
2037.201416,-25.076,-60.962402,0.003634,8.773,-13.370,-13.128,0.000000
2044.252441,-25.156,-81.844124,0.003669,8.773,-13.371,-13.128,0.000000
2051.329834,-25.102,-98.064087,0.003648,8.773,-13.371,-13.129,0.000000
2058.430908,-25.485,-122.580078,0.003814,8.773,-13.372,-13.129,0.000000
2065.555420,-26.097,158.868500,0.004094,8.773,-13.372,-13.130,0.000000
2072.706543,-25.891,115.243546,0.003999,8.773,-13.373,-13.130,0.000000
2079.880371,-25.599,96.815819,0.003868,8.773,-13.373,-13.131,0.000000
2087.080078,-25.478,79.133842,0.003815,8.773,-13.374,-13.131,0.000000
2094.304932,-24.854,64.411713,0.003552,8.773,-13.375,-13.132,0.000000
2101.554443,-24.148,48.317390,0.003275,8.773,-13.375,-13.133,0.000000
2108.829346,-24.621,33.960358,0.003458,8.773,-13.376,-13.133,0.000000
2116.129150,-24.739,28.787231,0.003507,8.773,-13.376,-13.134,0.000000
2123.453369,-24.631,23.015961,0.003464,8.773,-13.377,-13.134,0.000000
2130.804932,-24.409,17.464701,0.003377,8.773,-13.377,-13.135,0.000000
2138.180176,-24.034,9.437862,0.003236,8.773,-13.378,-13.135,0.000000
2145.582520,-24.218,-0.308870,0.003306,8.773,-13.379,-13.136,0.000000
2153.009766,-24.908,-11.882611,0.003581,8.773,-13.379,-13.136,0.000000
2160.461670,-26.130,-6.208248,0.004123,8.773,-13.380,-13.137,0.000000
2167.941406,-26.396,5.686786,0.004252,8.773,-13.380,-13.138,0.000000
2175.445068,-25.912,7.309297,0.004024,8.773,-13.381,-13.138,0.000000
2182.976562,-25.425,8.394022,0.003805,8.773,-13.381,-13.139,0.000000
2190.532227,-25.166,1.543621,0.003694,8.773,-13.382,-13.139,0.000000
2198.114990,-26.196,1.240207,0.004160,8.773,-13.383,-13.140,0.000000
2205.723877,-26.567,10.559936,0.004342,8.773,-13.383,-13.140,0.000000
2213.359375,-25.729,17.975670,0.003943,8.773,-13.384,-13.141,0.000000
2221.020020,-24.919,10.405197,0.003593,8.773,-13.384,-13.141,0.000000
2228.709473,-25.095,7.049347,0.003667,8.773,-13.385,-13.142,0.000000
2236.423340,-24.544,5.309989,0.003443,8.773,-13.386,-13.143,0.000000
2244.166016,-24.409,1.031571,0.003391,8.773,-13.386,-13.143,0.000000
2251.934570,-24.529,1.405153,0.003439,8.773,-13.387,-13.144,0.000000
2259.728760,-23.525,2.736585,0.003065,8.773,-13.387,-13.144,0.000000
2267.552002,-22.383,-3.897959,0.002688,8.773,-13.388,-13.145,0.000000
2275.400391,-22.269,-14.500958,0.002654,8.773,-13.389,-13.146,0.000000
2283.278076,-23.004,-17.197796,0.002889,8.773,-13.389,-13.146,0.000000
2291.180908,-22.733,-6.859785,0.002801,8.773,-13.390,-13.147,0.000000
2299.112061,-21.988,-8.981184,0.002571,8.773,-13.390,-13.147,0.000000
2307.070557,-21.202,-13.705783,0.002349,8.773,-13.391,-13.148,0.000000
2315.056885,-20.666,-25.792549,0.002209,8.773,-13.392,-13.148,0.000000
2323.069580,-21.047,-38.774277,0.002308,8.773,-13.392,-13.149,0.000000
2331.112305,-21.595,-49.561386,0.002459,8.773,-13.393,-13.150,0.000000
2339.181641,-22.481,-57.547867,0.002724,8.773,-13.394,-13.150,0.000000
2347.279053,-22.832,-42.138294,0.002837,8.773,-13.394,-13.151,0.000000
2355.404297,-22.944,-44.455368,0.002875,8.773,-13.395,-13.152,0.000000
2363.556885,-23.550,-52.320541,0.003084,8.773,-13.396,-13.152,0.000000
2371.739746,-25.384,-62.504406,0.003810,8.773,-13.396,-13.153,0.000000
2379.948486,-27.593,-63.234211,0.004915,8.773,-13.397,-13.153,0.000000
2388.188232,-29.066,-62.888042,0.005826,8.773,-13.397,-13.154,0.000000
2396.454102,-30.412,-49.725422,0.006803,8.773,-13.398,-13.155,0.000000
2404.749512,-30.926,-30.551212,0.007219,8.773,-13.399,-13.155,0.000000
2413.073975,-29.584,-27.250679,0.006187,8.773,-13.399,-13.156,0.000000
2421.427002,-28.836,-35.432793,0.005677,8.773,-13.400,-13.156,0.000000
2429.809082,-29.409,-47.633091,0.006065,8.773,-13.401,-13.157,0.000000
2438.220215,-30.341,-34.183983,0.006753,8.773,-13.401,-13.158,0.000000
2446.660400,-30.228,-35.952030,0.006668,8.773,-13.402,-13.158,0.000000
2455.129883,-29.894,-0.557389,0.006419,8.773,-13.403,-13.159,0.000000
2463.628418,-29.397,9.506908,0.006063,8.773,-13.403,-13.160,0.000000
2472.155518,-28.726,41.921211,0.005615,8.773,-13.404,-13.160,0.000000
2480.714355,-27.273,65.079773,0.004751,8.773,-13.405,-13.161,0.000000
2489.300293,-25.815,66.110367,0.004019,8.773,-13.405,-13.162,0.000000
2497.918701,-24.740,55.469711,0.003552,8.773,-13.406,-13.162,0.000000
2506.564209,-23.804,37.981064,0.003190,8.773,-13.407,-13.163,0.000000
2515.240967,-23.722,41.420254,0.003161,8.773,-13.407,-13.163,0.000000
2523.947754,-22.973,30.366531,0.002900,8.773,-13.408,-13.164,0.000000
2532.684814,-22.233,18.344244,0.002663,8.773,-13.409,-13.165,0.000000
2541.453125,-21.530,5.854630,0.002457,8.773,-13.409,-13.165,0.000000
2550.249512,-21.505,-9.320252,0.002450,8.773,-13.410,-13.166,0.000000
2559.077393,-22.394,-22.883919,0.002715,8.773,-13.411,-13.167,0.000000
2567.936035,-23.683,-25.175165,0.003150,8.773,-13.411,-13.167,0.000000
2576.825195,-24.246,-17.487835,0.003361,8.773,-13.412,-13.168,0.000000
2585.745117,-23.980,-12.788322,0.003260,8.773,-13.413,-13.169,0.000000
2594.696045,-23.869,-17.230698,0.003220,8.773,-13.414,-13.169,0.000000
2603.676514,-23.821,-21.408295,0.003202,8.773,-13.414,-13.170,0.000000
2612.690918,-24.323,-25.220108,0.003394,8.773,-13.415,-13.171,0.000000
2621.733643,-24.520,-25.912827,0.003472,8.773,-13.416,-13.171,0.000000
2630.809082,-24.537,-26.178406,0.003480,8.773,-13.416,-13.172,0.000000
2639.916016,-23.894,-28.391909,0.003233,8.773,-13.417,-13.173,0.000000
2649.054443,-23.884,-39.811359,0.003230,8.773,-13.418,-13.173,0.000000
2658.225586,-24.153,-46.252842,0.003333,8.773,-13.419,-13.174,0.000000
2667.426025,-24.406,-54.057007,0.003433,8.773,-13.419,-13.175,0.000000
2676.659668,-24.947,-62.953156,0.003654,8.773,-13.420,-13.176,0.000000
2685.925293,-25.948,-72.630272,0.004102,8.773,-13.421,-13.176,0.000000
2695.222900,-27.348,-76.822159,0.004820,8.773,-13.421,-13.177,0.000000
2704.552734,-28.481,-82.526230,0.005492,8.773,-13.422,-13.178,0.000000
2713.914795,-29.359,-92.713058,0.006078,8.773,-13.423,-13.178,0.000000
2723.308105,-29.256,-102.726997,0.006007,8.773,-13.424,-13.179,0.000000
2732.736572,-28.772,-118.642197,0.005683,8.773,-13.424,-13.180,0.000000
2742.194824,-28.271,-134.686554,0.005365,8.773,-13.425,-13.180,0.000000
2751.688477,-28.361,-172.443329,0.005423,8.773,-13.426,-13.181,0.000000
2761.212646,-28.052,106.656998,0.005235,8.773,-13.427,-13.182,0.000000
2770.770752,-26.449,81.867622,0.004354,8.773,-13.427,-13.183,0.000000
2780.363525,-25.421,70.885742,0.003870,8.773,-13.428,-13.183,0.000000
2789.986816,-24.484,57.166916,0.003475,8.773,-13.429,-13.184,0.000000
2799.644531,-23.855,43.834888,0.003234,8.773,-13.430,-13.185,0.000000
2809.335938,-23.257,29.789398,0.003019,8.773,-13.430,-13.185,0.000000
2819.060791,-22.880,16.411701,0.002891,8.773,-13.431,-13.186,0.000000
2828.819336,-22.869,3.075407,0.002888,8.773,-13.432,-13.187,0.000000
2838.611572,-23.109,-3.678775,0.002970,8.773,-13.433,-13.188,0.000000
2848.436279,-23.548,-12.684353,0.003124,8.773,-13.433,-13.188,0.000000
2858.297852,-24.376,-17.102449,0.003437,8.773,-13.434,-13.189,0.000000
2868.190918,-24.662,-17.408081,0.003553,8.773,-13.435,-13.190,0.000000
2878.120850,-24.685,-21.564699,0.003563,8.773,-13.436,-13.191,0.000000
2888.083740,-25.246,-27.055592,0.003803,8.773,-13.436,-13.191,0.000000
2898.079834,-26.403,-29.975910,0.004346,8.773,-13.437,-13.192,0.000000
2908.113281,-27.020,-24.619324,0.004667,8.773,-13.438,-13.193,0.000000
2918.178711,-26.559,-18.493635,0.004427,8.773,-13.439,-13.194,0.000000
2928.281738,-25.807,-20.739807,0.004062,8.773,-13.440,-13.194,0.000000
2938.416748,-25.048,-23.639332,0.003723,8.773,-13.440,-13.195,0.000000
2948.588379,-25.018,-35.154415,0.003712,8.773,-13.441,-13.196,0.000000
2958.795410,-25.212,-40.080204,0.003797,8.773,-13.442,-13.197,0.000000
2969.037598,-25.270,-47.418495,0.003824,8.773,-13.443,-13.197,0.000000
2979.313965,-25.767,-53.163666,0.004050,8.773,-13.444,-13.198,0.000000
2989.629883,-25.724,-69.344215,0.004031,8.773,-13.444,-13.199,0.000000
2999.974609,-25.367,-78.235519,0.003870,8.773,-13.445,-13.200,0.000000
3010.360840,-26.219,-79.992004,0.004271,8.773,-13.446,-13.200,0.000000
3020.782959,-27.211,-97.838661,0.004789,8.773,-13.447,-13.201,0.000000
3031.238281,-27.439,-85.932434,0.004918,8.773,-13.448,-13.202,0.000000
3041.732666,-27.455,-36.954094,0.004929,8.773,-13.448,-13.203,0.000000
3052.260498,-27.604,22.706671,0.005016,8.773,-13.449,-13.204,0.000000
3062.827881,-27.402,13.903405,0.004903,8.773,-13.450,-13.204,0.000000
3073.428711,-27.154,12.252687,0.004766,8.773,-13.451,-13.205,0.000000
3084.066162,-27.880,5.480799,0.005183,8.773,-13.452,-13.206,0.000000
3094.743652,-27.705,11.690523,0.005082,8.773,-13.453,-13.207,0.000000
3105.457764,-27.185,9.072123,0.004788,8.773,-13.453,-13.208,0.000000
3116.206299,-27.696,5.142080,0.005080,8.773,-13.454,-13.208,0.000000
3126.991943,-27.725,9.267049,0.005099,8.773,-13.455,-13.209,0.000000
3137.817871,-28.191,14.724977,0.005382,8.773,-13.456,-13.210,0.000000
3148.681152,-27.266,29.215733,0.004839,8.773,-13.457,-13.211,0.000000
3159.579346,-26.322,33.215336,0.004343,8.773,-13.458,-13.212,0.000000
3170.515137,-25.540,33.746288,0.003970,8.773,-13.459,-13.212,0.000000
3181.491699,-24.744,22.765554,0.003624,8.773,-13.459,-13.213,0.000000
3192.503174,-24.380,17.698208,0.003476,8.773,-13.460,-13.214,0.000000
3203.555908,-23.817,14.067511,0.003259,8.773,-13.461,-13.215,0.000000
3214.644043,-23.636,3.593542,0.003193,8.773,-13.462,-13.216,0.000000
3225.773438,-23.355,-0.345709,0.003092,8.773,-13.463,-13.217,0.000000
3236.938232,-23.371,-10.931602,0.003099,8.773,-13.464,-13.217,0.000000
3248.141602,-24.238,-18.947247,0.003426,8.773,-13.465,-13.218,0.000000
3259.386963,-24.789,-18.177351,0.003651,8.773,-13.465,-13.219,0.000000
3270.671387,-24.999,-17.097326,0.003742,8.773,-13.466,-13.220,0.000000
3281.991699,-24.682,-18.937605,0.003609,8.773,-13.467,-13.221,0.000000
3293.351074,-24.755,-20.926332,0.003641,8.773,-13.468,-13.222,0.000000
3304.752930,-24.837,-24.426414,0.003677,8.773,-13.469,-13.222,0.000000
3316.194336,-24.848,-24.885679,0.003682,8.773,-13.470,-13.223,0.000000
3327.672119,-24.664,-28.438202,0.003607,8.773,-13.471,-13.224,0.000000
3339.189697,-24.494,-30.796631,0.003538,8.773,-13.472,-13.225,0.000000
3350.750244,-24.298,-41.954556,0.003460,8.773,-13.473,-13.226,0.000000
3362.347656,-24.441,-52.574551,0.003519,8.773,-13.473,-13.227,0.000000
3373.985107,-25.542,-66.941055,0.003996,8.773,-13.474,-13.228,0.000000
3385.666260,-26.436,-63.531853,0.004431,8.773,-13.475,-13.228,0.000000
3397.387695,-27.421,-58.297432,0.004964,8.773,-13.476,-13.229,0.000000
3409.146484,-27.762,-51.557598,0.005165,8.773,-13.477,-13.230,0.000000
3420.946045,-29.553,-65.638390,0.006350,8.773,-13.478,-13.231,0.000000
3432.789795,-30.066,-42.732307,0.006738,8.773,-13.479,-13.232,0.000000
3444.674316,-29.569,15.797245,0.006366,8.773,-13.480,-13.233,0.000000
3456.596924,-28.542,22.392952,0.005657,8.773,-13.481,-13.234,0.000000
3468.560547,-28.385,18.807417,0.005557,8.773,-13.482,-13.235,0.000000
3480.569092,-28.010,0.719965,0.005323,8.773,-13.483,-13.236,0.000000
3492.615723,-28.260,-0.527123,0.005480,8.773,-13.484,-13.236,0.000000
3504.707520,-27.833,5.930416,0.005218,8.773,-13.485,-13.237,0.000000
3516.837891,-27.702,15.548315,0.005141,8.773,-13.486,-13.238,0.000000
3529.013428,-27.304,13.138398,0.004911,8.773,-13.486,-13.239,0.000000
3541.228027,-27.614,2.243520,0.005091,8.773,-13.487,-13.240,0.000000
3553.484619,-28.295,9.541269,0.005506,8.773,-13.488,-13.241,0.000000
3565.787109,-27.446,23.618237,0.004995,8.773,-13.489,-13.242,0.000000
3578.132080,-26.213,32.177975,0.004335,8.773,-13.490,-13.243,0.000000
3590.516602,-24.328,30.267809,0.003489,8.773,-13.491,-13.244,0.000000
3602.943848,-23.741,19.014641,0.003262,8.773,-13.492,-13.245,0.000000
3615.417480,-23.257,14.791572,0.003086,8.773,-13.493,-13.246,0.000000
3627.934570,-23.051,5.197662,0.003014,8.773,-13.494,-13.247,0.000000
3640.491211,-22.502,0.777906,0.002830,8.773,-13.495,-13.248,0.000000
3653.091553,-21.867,-7.501351,0.002631,8.773,-13.496,-13.248,0.000000
3665.739014,-22.217,-24.396399,0.002739,8.773,-13.497,-13.249,0.000000
3678.426514,-23.262,-29.913033,0.003090,8.773,-13.498,-13.250,0.000000
3691.161621,-24.290,-27.927172,0.003479,8.773,-13.499,-13.251,0.000000
3703.937256,-24.719,-28.584860,0.003656,8.773,-13.500,-13.252,0.000000
3716.760498,-25.541,-32.302715,0.004018,8.773,-13.501,-13.253,0.000000
3729.628418,-25.763,-22.580326,0.004123,8.773,-13.502,-13.254,0.000000
3742.533447,-26.355,-20.003712,0.004414,8.773,-13.503,-13.255,0.000000
3755.490479,-27.176,-11.412839,0.004851,8.773,-13.504,-13.256,0.000000
3768.492432,-27.078,-4.882773,0.004797,8.773,-13.505,-13.257,0.000000
3781.535645,-26.252,-6.819963,0.004361,8.773,-13.506,-13.258,0.000000
3794.624023,-25.567,-21.115068,0.004031,8.773,-13.507,-13.259,0.000000
3807.761475,-25.775,-32.471870,0.004127,8.773,-13.508,-13.260,0.000000
3820.940674,-26.199,-32.898613,0.004333,8.773,-13.509,-13.261,0.000000
3834.169189,-26.501,-49.338669,0.004485,8.773,-13.510,-13.262,0.000000
3847.439697,-26.940,-73.969368,0.004717,8.773,-13.511,-13.263,0.000000
3860.760010,-27.219,-93.832863,0.004871,8.773,-13.512,-13.264,0.000000
3874.126221,-27.514,-155.204178,0.005038,8.773,-13.513,-13.265,0.000000
3887.531494,-27.549,115.357399,0.005057,8.773,-13.514,-13.266,0.000000
3900.990479,-28.692,96.912857,0.005768,8.773,-13.516,-13.267,0.000000
3914.496094,-28.988,79.565895,0.005966,8.773,-13.517,-13.268,0.000000
3928.048340,-28.227,63.534557,0.005465,8.773,-13.518,-13.269,0.000000
3941.640137,-27.366,51.723343,0.004948,8.773,-13.519,-13.270,0.000000
3955.286377,-26.649,42.741520,0.004556,8.773,-13.520,-13.271,0.000000
3968.979980,-26.272,34.160709,0.004362,8.773,-13.521,-13.272,0.000000
3982.717285,-26.126,28.277464,0.004288,8.773,-13.522,-13.273,0.000000
3996.501953,-25.815,25.841482,0.004137,8.773,-13.523,-13.274,0.000000
4010.338135,-24.975,24.075630,0.003754,8.773,-13.523,-13.274,0.000000
4024.218506,-24.865,16.406054,0.003707,8.773,-13.523,-13.275,0.000000
4038.150879,-24.683,10.449137,0.003629,8.773,-13.523,-13.275,0.000000
4052.127441,-24.754,7.812830,0.003658,8.773,-13.524,-13.275,0.000000
4066.156250,-24.543,2.571872,0.003570,8.773,-13.524,-13.275,0.000000
4080.233643,-24.945,-3.782859,0.003738,8.773,-13.524,-13.275,0.000000
4094.352051,-25.201,-4.414848,0.003848,8.773,-13.524,-13.275,0.000000
4108.526855,-25.448,-8.487807,0.003958,8.773,-13.524,-13.275,0.000000
4122.750977,-26.053,-11.052942,0.004242,8.773,-13.524,-13.275,0.000000
4137.020508,-26.262,-9.207913,0.004344,8.773,-13.524,-13.275,0.000000
4151.339355,-26.387,-13.083827,0.004405,8.773,-13.524,-13.275,0.000000
4165.711914,-26.086,-16.795355,0.004253,8.773,-13.524,-13.275,0.000000
4180.133789,-26.884,-21.488750,0.004661,8.773,-13.524,-13.275,0.000000
4194.601562,-27.188,-26.484823,0.004825,8.773,-13.524,-13.275,0.000000
4209.120117,-27.596,-30.553473,0.005056,8.773,-13.524,-13.276,0.000000
4223.692383,-28.284,-30.770449,0.005471,8.773,-13.524,-13.276,0.000000
4238.314941,-28.464,-29.043900,0.005583,8.773,-13.525,-13.276,0.000000
4252.980469,-27.421,-4.338907,0.004950,8.773,-13.525,-13.276,0.000000
4267.704590,-27.053,40.905098,0.004742,8.773,-13.525,-13.276,0.000000
4282.479980,-26.191,58.172005,0.004292,8.773,-13.525,-13.276,0.000000
4297.306152,-25.332,54.183014,0.003886,8.773,-13.525,-13.276,0.000000
4312.175781,-24.830,52.183884,0.003666,8.773,-13.525,-13.276,0.000000
4327.104980,-24.647,42.842739,0.003587,8.773,-13.525,-13.276,0.000000
4342.085449,-23.892,42.077549,0.003287,8.773,-13.525,-13.276,0.000000
4357.114258,-22.959,34.592121,0.002951,8.773,-13.525,-13.276,0.000000
4372.194824,-22.630,23.120255,0.002839,8.773,-13.525,-13.276,0.000000
4387.331543,-22.268,12.531060,0.002722,8.773,-13.525,-13.276,0.000000
4402.520996,-22.800,3.797700,0.002893,8.773,-13.525,-13.277,0.000000
4417.758789,-23.271,7.377834,0.003052,8.773,-13.526,-13.277,0.000000
4433.049316,-23.388,5.841062,0.003092,8.773,-13.526,-13.277,0.000000
4448.396973,-23.596,8.458838,0.003165,8.773,-13.526,-13.277,0.000000
4463.797852,-23.355,5.818822,0.003077,8.773,-13.526,-13.277,0.000000
4479.243164,-23.586,-4.192440,0.003159,8.773,-13.526,-13.277,0.000000
4494.750977,-24.420,-10.533651,0.003475,8.773,-13.526,-13.277,0.000000
4510.312012,-25.704,-14.906478,0.004027,8.773,-13.526,-13.277,0.000000
4525.922852,-26.325,3.927470,0.004323,8.773,-13.526,-13.277,0.000000
4541.587891,-25.520,1.041784,0.003938,8.773,-13.526,-13.277,0.000000
4557.311035,-25.941,1.066710,0.004131,8.773,-13.526,-13.277,0.000000
4573.088867,-25.543,7.296130,0.003945,8.773,-13.526,-13.277,0.000000
4588.916992,-25.132,0.598743,0.003760,8.773,-13.527,-13.278,0.000000
4604.799805,-25.950,-0.927766,0.004129,8.773,-13.527,-13.278,0.000000
4620.742188,-25.862,0.807528,0.004086,8.773,-13.527,-13.278,0.000000
4636.739746,-26.045,6.994443,0.004171,8.773,-13.527,-13.278,0.000000
4652.788086,-26.065,-0.089074,0.004178,8.773,-13.527,-13.278,0.000000
4668.892090,-25.956,0.189880,0.004124,8.773,-13.527,-13.278,0.000000
4685.056152,-25.757,-1.838074,0.004029,8.773,-13.527,-13.278,0.000000
4701.276367,-26.130,-6.871806,0.004204,8.773,-13.527,-13.278,0.000000
4717.543457,-26.141,-5.899667,0.004208,8.773,-13.527,-13.278,0.000000
4733.875977,-26.284,-9.965050,0.004277,8.773,-13.527,-13.278,0.000000
4750.265137,-26.489,-8.630795,0.004377,8.773,-13.527,-13.278,0.000000
4766.706543,-26.600,-9.508716,0.004432,8.773,-13.528,-13.278,0.000000
4783.209473,-27.094,-6.435172,0.004689,8.773,-13.528,-13.279,0.000000
4799.764648,-27.633,-6.736372,0.004987,8.773,-13.528,-13.279,0.000000
4816.381836,-28.610,-2.278748,0.005578,8.773,-13.528,-13.279,0.000000
4833.052246,-28.487,10.749308,0.005497,8.773,-13.528,-13.279,0.000000
4849.779785,-27.591,11.244560,0.004955,8.773,-13.528,-13.279,0.000000
4866.570312,-27.628,11.582329,0.004974,8.773,-13.528,-13.279,0.000000
4883.418945,-27.760,12.040849,0.005048,8.773,-13.528,-13.279,0.000000
4900.316406,-27.882,24.969730,0.005117,8.773,-13.528,-13.279,0.000000
4917.281738,-26.914,25.823389,0.004576,8.773,-13.528,-13.279,0.000000
4934.305664,-26.693,18.320620,0.004459,8.773,-13.528,-13.279,0.000000
4951.388672,-26.181,23.182861,0.004202,8.773,-13.529,-13.279,0.000000
4968.521484,-25.188,17.790916,0.003747,8.773,-13.529,-13.280,0.000000
4985.723145,-25.094,11.860838,0.003706,8.773,-13.529,-13.280,0.000000
5002.984375,-25.411,10.268841,0.003842,8.773,-13.529,-13.280,0.000000
5020.300293,-25.181,13.808558,0.003741,8.773,-13.529,-13.280,0.000000
5037.681152,-24.895,2.397542,0.003618,8.773,-13.529,-13.280,0.000000
5055.117188,-25.236,-8.031016,0.003761,8.773,-13.529,-13.280,0.000000
5072.618164,-25.675,-3.080844,0.003955,8.773,-13.529,-13.280,0.000000
5090.175293,-25.778,-5.353588,0.004001,8.773,-13.529,-13.280,0.000000
5107.792969,-26.762,-4.486878,0.004479,8.773,-13.529,-13.280,0.000000
5125.477051,-27.297,-7.758517,0.004762,8.773,-13.530,-13.280,0.000000
5143.221680,-28.247,-7.344667,0.005311,8.773,-13.530,-13.280,0.000000
5161.018066,-28.699,-2.063009,0.005592,8.773,-13.530,-13.281,0.000000
5178.886230,-28.987,7.578313,0.005779,8.773,-13.530,-13.281,0.000000
5196.815918,-28.654,11.742454,0.005560,8.773,-13.530,-13.281,0.000000
5214.802734,-28.238,10.948616,0.005298,8.773,-13.530,-13.281,0.000000
5232.856934,-28.228,8.424942,0.005290,8.773,-13.530,-13.281,0.000000
5250.968750,-28.483,6.720576,0.005447,8.773,-13.530,-13.281,0.000000
5269.147949,-29.158,10.721081,0.005888,8.773,-13.530,-13.281,0.000000
5287.385254,-28.984,17.657684,0.005771,8.773,-13.530,-13.281,0.000000
5305.685547,-27.444,22.923916,0.004833,8.773,-13.531,-13.281,0.000000
5324.054199,-25.885,16.282440,0.004039,8.773,-13.531,-13.281,0.000000
5342.486816,-25.845,9.030880,0.004020,8.773,-13.531,-13.282,0.000000
5360.978027,-25.434,16.689934,0.003834,8.773,-13.531,-13.282,0.000000
5379.532715,-24.808,16.461918,0.003567,8.773,-13.531,-13.282,0.000000
5398.157227,-23.976,13.298835,0.003241,8.773,-13.531,-13.282,0.000000
5416.846191,-24.088,6.369649,0.003282,8.773,-13.531,-13.282,0.000000
5435.594727,-23.620,-0.283339,0.003110,8.773,-13.531,-13.282,0.000000
5454.408203,-23.735,-9.937969,0.003151,8.773,-13.531,-13.282,0.000000
5473.291992,-24.804,-18.944786,0.003563,8.773,-13.531,-13.282,0.000000
5492.235352,-25.432,-16.477480,0.003830,8.773,-13.532,-13.282,0.000000
5511.250000,-25.755,-13.564196,0.003975,8.773,-13.532,-13.282,0.000000
5530.325195,-26.366,-19.924166,0.004266,8.773,-13.532,-13.283,0.000000
5549.472168,-26.706,-26.755308,0.004437,8.773,-13.532,-13.283,0.000000
5568.679199,-27.337,-32.181023,0.004772,8.773,-13.532,-13.283,0.000000
5587.953613,-28.216,-39.219418,0.005281,8.773,-13.532,-13.283,0.000000
5607.299316,-28.676,-40.901077,0.005570,8.773,-13.532,-13.283,0.000000
5626.712402,-28.960,-45.499954,0.005755,8.773,-13.532,-13.283,0.000000
5646.181641,-28.641,-40.445721,0.005548,8.773,-13.532,-13.283,0.000000
5665.729492,-28.320,-19.896685,0.005346,8.773,-13.533,-13.283,0.000000
5685.344727,-29.024,-22.453665,0.005798,8.773,-13.533,-13.283,0.000000
5705.027832,-29.781,5.336662,0.006326,8.773,-13.533,-13.283,0.000000
5724.773926,-29.189,47.493805,0.005908,8.773,-13.533,-13.284,0.000000
5744.587891,-29.061,54.400673,0.005822,8.773,-13.533,-13.284,0.000000
5764.476562,-28.790,57.166557,0.005644,8.773,-13.533,-13.284,0.000000
5784.428223,-28.624,53.417362,0.005538,8.773,-13.533,-13.284,0.000000
5804.448730,-28.354,47.104942,0.005370,8.773,-13.533,-13.284,0.000000
5824.544434,-27.192,38.581608,0.004698,8.773,-13.533,-13.284,0.000000
5844.709473,-27.206,33.917660,0.004707,8.773,-13.534,-13.284,0.000000
5864.938965,-26.892,26.406548,0.004540,8.773,-13.534,-13.284,0.000000
5885.238281,-27.562,15.733498,0.004905,8.773,-13.534,-13.284,0.000000
5905.613281,-27.521,6.279679,0.004882,8.773,-13.534,-13.285,0.000000
5926.059082,-28.061,-0.385071,0.005195,8.773,-13.534,-13.285,0.000000
5946.570312,-28.877,1.139055,0.005707,8.773,-13.534,-13.285,0.000000
5967.151855,-29.362,-0.119767,0.006034,8.773,-13.534,-13.285,0.000000
5987.811035,-31.054,-13.893009,0.007332,8.773,-13.534,-13.285,0.000000
6008.535645,-30.989,1.625291,0.007278,8.773,-13.534,-13.285,0.000000
6029.337402,-29.352,36.332344,0.006027,8.773,-13.535,-13.285,0.000000
6050.206055,-28.653,57.650894,0.005562,8.773,-13.535,-13.285,0.000000
6071.152344,-28.266,68.563141,0.005319,8.773,-13.535,-13.285,0.000000
6092.165527,-27.765,62.358799,0.005021,8.773,-13.535,-13.286,0.000000
6113.251465,-27.220,55.380596,0.004716,8.773,-13.535,-13.286,0.000000
6134.416016,-26.939,55.694340,0.004565,8.773,-13.535,-13.286,0.000000
6155.653809,-26.314,66.292152,0.004249,8.773,-13.535,-13.286,0.000000
6176.959473,-26.266,57.138611,0.004225,8.773,-13.535,-13.286,0.000000
6198.338867,-27.051,50.055996,0.004623,8.773,-13.536,-13.286,0.000000
6219.797852,-26.945,50.701344,0.004566,8.773,-13.536,-13.286,0.000000
6241.331543,-26.477,46.431633,0.004326,8.773,-13.536,-13.286,0.000000
6262.933594,-26.557,42.774036,0.004365,8.773,-13.536,-13.286,0.000000
6284.610352,-26.563,42.165028,0.004368,8.773,-13.536,-13.287,0.000000
6306.368652,-26.156,39.638660,0.004167,8.773,-13.536,-13.287,0.000000
6328.195801,-26.701,29.600929,0.004436,8.773,-13.536,-13.287,0.000000
6350.104492,-27.386,30.319784,0.004799,8.773,-13.536,-13.287,0.000000
6372.083008,-27.292,31.418648,0.004747,8.773,-13.536,-13.287,0.000000
6394.143555,-27.929,24.452127,0.005107,8.773,-13.537,-13.287,0.000000
6416.274902,-29.175,28.530760,0.005893,8.773,-13.537,-13.287,0.000000
6438.482422,-29.124,36.300926,0.005858,8.773,-13.537,-13.287,0.000000
6460.772949,-28.478,42.473385,0.005437,8.773,-13.537,-13.287,0.000000
6483.140625,-28.599,42.576336,0.005511,8.773,-13.537,-13.288,0.000000
6505.580078,-27.933,51.568939,0.005103,8.773,-13.537,-13.288,0.000000
6528.096680,-27.092,49.232182,0.004630,8.773,-13.537,-13.288,0.000000
6550.697266,-26.519,41.738850,0.004333,8.773,-13.537,-13.288,0.000000
6573.370605,-26.728,45.463078,0.004437,8.773,-13.538,-13.288,0.000000
6596.127930,-26.044,41.959454,0.004100,8.773,-13.538,-13.288,0.000000
6618.958008,-26.466,35.563152,0.004302,8.773,-13.538,-13.288,0.000000
6641.873535,-26.839,32.670773,0.004489,8.773,-13.538,-13.288,0.000000
6664.861816,-26.918,34.412617,0.004529,8.773,-13.538,-13.289,0.000000
6687.930176,-26.827,30.619101,0.004480,8.773,-13.538,-13.289,0.000000
6711.084473,-27.390,30.339222,0.004779,8.773,-13.538,-13.289,0.000000
6734.318848,-27.323,27.042252,0.004740,8.773,-13.538,-13.289,0.000000
6757.633301,-27.285,33.695847,0.004718,8.773,-13.539,-13.289,0.000000
6781.016113,-27.262,30.909521,0.004704,8.773,-13.539,-13.289,0.000000
6804.492676,-27.177,32.234947,0.004656,8.773,-13.539,-13.289,0.000000
6828.050293,-27.374,27.747536,0.004761,8.773,-13.539,-13.289,0.000000
6851.683105,-27.475,25.049025,0.004816,8.773,-13.539,-13.290,0.000000
6875.397949,-28.162,29.319426,0.005210,8.773,-13.539,-13.290,0.000000
6899.201172,-28.027,30.718040,0.005128,8.773,-13.539,-13.290,0.000000
6923.080078,-28.580,26.049757,0.005463,8.773,-13.540,-13.290,0.000000
6947.048828,-28.589,36.662987,0.005466,8.773,-13.540,-13.290,0.000000
6971.093262,-28.580,39.301765,0.005457,8.773,-13.540,-13.290,0.000000
6995.228027,-28.142,43.353477,0.005186,8.773,-13.540,-13.290,0.000000
7019.446289,-27.829,46.525932,0.005000,8.773,-13.540,-13.290,0.000000
7043.734863,-27.565,44.870808,0.004848,8.773,-13.540,-13.291,0.000000
7068.120605,-27.027,44.684914,0.004554,8.773,-13.540,-13.291,0.000000
7092.591309,-26.870,48.384098,0.004470,8.773,-13.540,-13.291,0.000000
7117.139648,-26.592,50.436409,0.004327,8.773,-13.541,-13.291,0.000000
7141.772949,-26.340,44.497478,0.004201,8.773,-13.541,-13.291,0.000000
7166.498535,-26.814,39.405399,0.004435,8.773,-13.541,-13.291,0.000000
7191.309570,-26.798,38.499786,0.004424,8.773,-13.541,-13.291,0.000000
7216.199707,-27.119,40.318008,0.004589,8.773,-13.541,-13.292,0.000000
7241.176270,-26.904,40.439774,0.004474,8.773,-13.541,-13.292,0.000000
7266.245605,-27.198,41.367195,0.004626,8.773,-13.541,-13.292,0.000000
7291.402344,-27.101,40.149418,0.004572,8.773,-13.542,-13.292,0.000000
7316.631836,-26.903,37.204597,0.004467,8.773,-13.542,-13.292,0.000000
7341.962402,-26.987,35.451229,0.004507,8.773,-13.542,-13.292,0.000000
7367.381348,-26.556,37.788715,0.004287,8.773,-13.542,-13.292,0.000000
7392.887695,-26.234,33.073105,0.004129,8.773,-13.542,-13.292,0.000000
7418.468262,-26.216,31.403198,0.004118,8.773,-13.542,-13.293,0.000000
7444.151855,-26.297,25.244703,0.004155,8.773,-13.542,-13.293,0.000000
7469.924316,-26.729,21.203787,0.004364,8.773,-13.543,-13.293,0.000000
7495.778809,-26.920,13.338444,0.004459,8.773,-13.543,-13.293,0.000000
7521.722656,-27.013,18.332148,0.004505,8.773,-13.543,-13.293,0.000000
7547.763672,-26.127,23.591497,0.004066,8.773,-13.543,-13.293,0.000000
7573.887207,-26.088,22.040119,0.004046,8.773,-13.543,-13.293,0.000000
7600.108887,-25.723,21.578579,0.003876,8.773,-13.543,-13.294,0.000000
7626.414062,-25.385,18.486879,0.003726,8.773,-13.543,-13.294,0.000000
7652.817383,-25.656,17.891417,0.003842,8.773,-13.544,-13.294,0.000000
7679.312012,-25.657,22.301924,0.003839,8.773,-13.544,-13.294,0.000000
7705.883789,-25.418,30.583258,0.003732,8.773,-13.544,-13.294,0.000000
7732.562500,-25.326,22.286568,0.003690,8.773,-13.544,-13.294,0.000000
7759.333008,-26.619,14.956450,0.004280,8.773,-13.544,-13.294,0.000000
7786.189453,-26.442,13.122652,0.004191,8.773,-13.544,-13.295,0.000000
7813.138672,-27.339,6.836389,0.004645,8.773,-13.545,-13.295,0.000000
7840.188477,-28.754,9.091662,0.005464,8.773,-13.545,-13.295,0.000000
7867.331543,-28.782,11.868195,0.005479,8.773,-13.545,-13.295,0.000000
7894.561523,-28.853,18.142872,0.005521,8.773,-13.545,-13.295,0.000000
7921.885742,-28.874,16.874374,0.005532,8.773,-13.545,-13.295,0.000000
7949.312012,-29.291,23.386850,0.005800,8.773,-13.545,-13.295,0.000000
7976.833496,-28.898,31.642656,0.005540,8.773,-13.545,-13.296,0.000000
8004.442383,-28.703,30.493317,0.005413,8.773,-13.546,-13.296,0.000000
8032.146973,-28.452,33.859570,0.005255,8.773,-13.546,-13.296,0.000000
8059.955078,-28.306,26.682789,0.005164,8.773,-13.546,-13.296,0.000000
8087.859375,-28.361,26.831993,0.005193,8.773,-13.546,-13.296,0.000000
8115.844727,-27.824,28.415062,0.004879,8.773,-13.546,-13.296,0.000000
8143.942383,-27.466,18.869188,0.004678,8.773,-13.546,-13.296,0.000000
8172.137695,-27.864,14.557596,0.004893,8.773,-13.546,-13.296,0.000000
8200.422852,-28.388,7.083096,0.005193,8.773,-13.546,-13.296,0.000000
8228.805664,-29.534,1.642066,0.005920,8.773,-13.546,-13.296,0.000000
8257.293945,-29.615,9.005907,0.005970,8.773,-13.546,-13.296,0.000000
8285.881836,-30.194,17.807211,0.006377,8.773,-13.546,-13.296,0.000000
8314.560547,-29.819,25.435997,0.006102,8.773,-13.546,-13.297,0.000000
8343.337891,-29.724,22.354801,0.006029,8.773,-13.547,-13.297,0.000000
8372.223633,-30.630,20.780619,0.006685,8.773,-13.547,-13.297,0.000000
8401.208984,-30.697,29.275845,0.006730,8.773,-13.547,-13.297,0.000000
8430.278320,-30.194,33.598919,0.006345,8.773,-13.547,-13.297,0.000000
8459.464844,-29.579,34.355553,0.005905,8.773,-13.547,-13.297,0.000000
8488.752930,-29.533,30.850758,0.005867,8.773,-13.547,-13.297,0.000000
8518.141602,-29.868,31.049620,0.006091,8.773,-13.547,-13.297,0.000000
8547.616211,-30.196,21.619993,0.006317,8.773,-13.547,-13.297,0.000000
8577.208008,-30.595,22.068920,0.006605,8.773,-13.547,-13.297,0.000000
8606.903320,-30.426,35.570351,0.006469,8.773,-13.547,-13.297,0.000000
8636.693359,-30.141,42.665230,0.006251,8.773,-13.547,-13.297,0.000000
8666.594727,-29.587,34.001896,0.005857,8.773,-13.547,-13.298,0.000000
8696.590820,-29.530,42.513664,0.005810,8.773,-13.548,-13.298,0.000000
8726.699219,-29.722,29.864475,0.005931,8.773,-13.548,-13.298,0.000000
8756.903320,-29.816,39.223289,0.005987,8.773,-13.548,-13.298,0.000000
8787.211914,-30.006,41.983200,0.006110,8.773,-13.548,-13.298,0.000000
8817.634766,-29.829,54.926498,0.005978,8.773,-13.548,-13.298,0.000000
8848.162109,-28.988,46.566933,0.005418,8.773,-13.548,-13.298,0.000000
8878.778320,-29.784,37.317734,0.005928,8.773,-13.548,-13.298,0.000000
8909.517578,-30.718,28.480076,0.006591,8.773,-13.548,-13.298,0.000000
8940.363281,-31.072,40.317307,0.006854,8.773,-13.548,-13.298,0.000000
8971.306641,-30.824,64.710342,0.006649,8.773,-13.548,-13.298,0.000000
9002.366211,-30.019,61.324520,0.006050,8.773,-13.548,-13.299,0.000000
9033.524414,-29.655,69.776947,0.005792,8.773,-13.548,-13.299,0.000000
9064.799805,-29.380,59.208698,0.005602,8.773,-13.549,-13.299,0.000000
9096.173828,-30.030,55.098160,0.006027,8.773,-13.549,-13.299,0.000000
9127.657227,-30.457,62.065292,0.006318,8.773,-13.549,-13.299,0.000000
9159.257812,-29.663,65.516769,0.005753,8.773,-13.549,-13.299,0.000000
9190.967773,-28.783,58.129658,0.005187,8.773,-13.549,-13.299,0.000000
9222.770508,-29.436,58.954018,0.005580,8.773,-13.549,-13.299,0.000000
9254.701172,-29.123,66.986595,0.005370,8.773,-13.549,-13.299,0.000000
9286.741211,-28.893,63.903244,0.005218,8.773,-13.549,-13.299,0.000000
9318.892578,-29.616,64.618980,0.005658,8.773,-13.549,-13.299,0.000000
9351.137695,-29.078,77.611038,0.005306,8.773,-13.549,-13.299,0.000000
9383.512695,-28.726,83.043976,0.005083,8.773,-13.549,-13.300,0.000000
9415.999023,-28.249,87.089844,0.004800,8.773,-13.550,-13.300,0.000000
9448.588867,-28.007,85.602997,0.004657,8.773,-13.550,-13.300,0.000000
9481.300781,-28.115,74.073311,0.004704,8.773,-13.550,-13.300,0.000000
9514.117188,-28.234,68.819405,0.004757,8.773,-13.550,-13.300,0.000000
9547.055664,-27.783,63.127254,0.004506,8.773,-13.550,-13.300,0.000000
9580.099609,-27.903,61.352097,0.004556,8.773,-13.550,-13.300,0.000000
9613.257812,-27.954,54.120995,0.004572,8.773,-13.550,-13.300,0.000000
9646.540039,-28.153,54.937664,0.004665,8.773,-13.550,-13.300,0.000000
9679.936523,-28.398,57.672771,0.004787,8.773,-13.550,-13.300,0.000000
9713.431641,-28.487,59.085941,0.004824,8.773,-13.550,-13.300,0.000000
9747.060547,-28.879,60.548725,0.005033,8.773,-13.551,-13.301,0.000000
9780.805664,-28.471,70.078682,0.004789,8.773,-13.551,-13.301,0.000000
9814.658203,-28.673,73.652809,0.004889,8.773,-13.551,-13.301,0.000000
9848.637695,-27.984,78.916451,0.004504,8.773,-13.551,-13.301,0.000000
9882.724609,-27.307,73.267426,0.004155,8.773,-13.551,-13.301,0.000000
9916.939453,-27.515,66.267265,0.004243,8.773,-13.551,-13.301,0.000000
9951.263672,-27.758,57.176163,0.004352,8.773,-13.551,-13.301,0.000000
9985.706055,-28.533,56.904079,0.004745,8.773,-13.551,-13.301,0.000000
10020.278320,-28.897,60.515808,0.004934,8.773,-13.551,-13.301,0.000000
10054.968750,-29.211,56.486839,0.005100,8.773,-13.551,-13.301,0.000000
10089.770508,-29.447,57.829468,0.005226,8.773,-13.551,-13.302,0.000000
10124.692383,-29.522,60.277390,0.005256,8.773,-13.552,-13.302,0.000000
10159.745117,-29.979,62.389343,0.005523,8.773,-13.552,-13.302,0.000000
10194.918945,-30.067,69.882149,0.005563,8.773,-13.552,-13.302,0.000000
10230.205078,-29.596,69.379234,0.005254,8.773,-13.552,-13.302,0.000000
10265.613281,-29.052,64.972588,0.004921,8.773,-13.552,-13.302,0.000000
10301.154297,-29.472,65.804222,0.005151,8.773,-13.552,-13.302,0.000000
10336.807617,-28.734,70.455040,0.004719,8.773,-13.552,-13.302,0.000000
10372.594727,-28.793,64.194382,0.004737,8.773,-13.552,-13.302,0.000000
10408.496094,-28.474,61.575745,0.004554,8.773,-13.552,-13.302,0.000000
10444.531250,-28.659,60.286823,0.004639,8.773,-13.552,-13.303,0.000000
10480.680664,-28.541,56.540821,0.004564,8.773,-13.553,-13.303,0.000000
10516.956055,-29.001,52.434906,0.004799,8.773,-13.553,-13.303,0.000000
10553.367188,-29.651,56.778225,0.005158,8.773,-13.553,-13.303,0.000000
10589.903320,-29.197,61.856682,0.004882,8.773,-13.553,-13.303,0.000000
10626.546875,-28.593,55.579033,0.004541,8.773,-13.553,-13.303,0.000000
10663.336914,-29.181,52.101166,0.004846,8.773,-13.553,-13.303,0.000000
10700.253906,-29.651,47.918179,0.005101,8.773,-13.553,-13.303,0.000000
10737.299805,-30.436,48.176872,0.005568,8.773,-13.553,-13.303,0.000000
10774.462891,-30.408,56.709770,0.005535,8.773,-13.553,-13.303,0.000000
10811.754883,-29.996,63.880989,0.005265,8.773,-13.554,-13.304,0.000000
10849.185547,-29.401,59.047314,0.004902,8.773,-13.554,-13.304,0.000000
10886.736328,-29.609,54.970802,0.005007,8.773,-13.554,-13.304,0.000000
10924.427734,-30.130,48.090889,0.005302,8.773,-13.554,-13.304,0.000000
10962.238281,-30.050,57.343052,0.005239,8.773,-13.554,-13.304,0.000000
11000.190430,-29.935,53.659164,0.005157,8.773,-13.554,-13.304,0.000000
11038.263672,-29.752,53.014942,0.005036,8.773,-13.554,-13.304,0.000000
11076.468750,-29.999,50.202518,0.005168,8.773,-13.554,-13.304,0.000000
11114.816406,-30.623,53.312401,0.005539,8.773,-13.554,-13.304,0.000000
11153.296875,-30.693,60.439789,0.005569,8.773,-13.554,-13.305,0.000000
11191.900391,-30.539,64.761574,0.005457,8.773,-13.555,-13.305,0.000000
11230.636719,-30.430,71.499023,0.005375,8.773,-13.555,-13.305,0.000000
11269.518555,-29.814,67.181152,0.004995,8.773,-13.555,-13.305,0.000000
11308.523438,-29.483,65.797981,0.004797,8.773,-13.555,-13.305,0.000000
11347.674805,-29.884,67.950912,0.005011,8.773,-13.555,-13.305,0.000000
11386.951172,-29.710,60.640022,0.004900,8.773,-13.555,-13.305,0.000000
11426.373047,-29.535,53.349033,0.004791,8.773,-13.555,-13.305,0.000000
11465.921875,-29.686,53.979984,0.004863,8.773,-13.555,-13.305,0.000000
11505.606445,-28.768,59.960972,0.004365,8.773,-13.555,-13.306,0.000000
11545.440430,-28.237,63.174152,0.004096,8.773,-13.556,-13.306,0.000000
11585.412109,-28.364,55.622673,0.004146,8.773,-13.556,-13.306,0.000000
11625.521484,-28.785,56.172150,0.004342,8.773,-13.556,-13.306,0.000000
11665.748047,-28.801,64.376923,0.004340,8.773,-13.556,-13.306,0.000000
11706.135742,-28.487,62.043507,0.004175,8.773,-13.556,-13.306,0.000000
11746.664062,-28.395,60.799824,0.004121,8.773,-13.556,-13.306,0.000000
11787.320312,-28.961,56.705357,0.004387,8.773,-13.556,-13.306,0.000000
11828.118164,-29.381,54.896137,0.004593,8.773,-13.556,-13.306,0.000000
11869.068359,-30.061,53.785820,0.004955,8.773,-13.557,-13.307,0.000000
11910.148438,-30.744,62.516426,0.005346,8.773,-13.557,-13.307,0.000000
11951.382812,-30.258,59.907772,0.005042,8.773,-13.557,-13.307,0.000000
11992.748047,-30.572,62.179379,0.005214,8.773,-13.557,-13.307,0.000000
12034.268555,-31.066,64.456200,0.005505,8.773,-13.557,-13.307,0.000000
12075.931641,-30.353,73.813652,0.005058,8.773,-13.557,-13.307,0.000000
12117.716797,-30.211,75.752960,0.004963,8.773,-13.557,-13.307,0.000000
12159.669922,-30.102,71.831818,0.004889,8.773,-13.557,-13.307,0.000000
12201.767578,-30.905,71.262856,0.005348,8.773,-13.557,-13.307,0.000000
12243.999023,-30.913,66.615295,0.005340,8.773,-13.558,-13.308,0.000000
12286.377930,-31.408,73.430740,0.005638,8.773,-13.558,-13.308,0.000000
12328.914062,-31.042,74.791084,0.005391,8.773,-13.558,-13.308,0.000000
12371.597656,-30.949,75.340706,0.005319,8.773,-13.558,-13.308,0.000000
12414.417969,-31.436,71.294922,0.005610,8.773,-13.558,-13.308,0.000000
12457.385742,-31.766,74.907516,0.005812,8.773,-13.558,-13.308,0.000000
12500.514648,-31.848,76.268196,0.005850,8.773,-13.558,-13.308,0.000000
12543.780273,-31.141,77.165367,0.005378,8.773,-13.558,-13.308,0.000000
12587.196289,-31.496,73.824509,0.005587,8.773,-13.559,-13.309,0.000000
12630.774414,-31.306,73.424042,0.005450,8.773,-13.559,-13.309,0.000000
12674.502930,-31.455,69.524498,0.005527,8.773,-13.559,-13.309,0.000000
12718.383789,-31.795,72.670639,0.005730,8.773,-13.559,-13.309,0.000000
12762.391602,-31.133,71.899605,0.005293,8.773,-13.559,-13.309,0.000000
12806.576172,-31.138,62.893185,0.005280,8.773,-13.559,-13.309,0.000000
12850.914062,-30.789,62.918861,0.005056,8.773,-13.559,-13.309,0.000000
12895.392578,-30.938,63.191399,0.005127,8.773,-13.559,-13.309,0.000000
12940.025391,-31.033,70.867256,0.005166,8.773,-13.560,-13.310,0.000000
12984.825195,-30.705,72.165627,0.004957,8.773,-13.560,-13.310,0.000000
13029.767578,-29.955,72.109978,0.004532,8.773,-13.560,-13.310,0.000000
13074.876953,-29.741,70.283989,0.004406,8.773,-13.560,-13.310,0.000000
13120.131836,-30.079,62.656704,0.004566,8.773,-13.560,-13.310,0.000000
13165.554688,-30.658,63.500965,0.004863,8.773,-13.560,-13.310,0.000000
13211.134766,-30.749,66.236244,0.004897,8.773,-13.560,-13.310,0.000000
13256.847656,-31.612,67.212761,0.005388,8.773,-13.560,-13.310,0.000000
13302.744141,-31.159,78.662720,0.005095,8.773,-13.561,-13.311,0.000000
13348.799805,-31.191,79.217606,0.005094,8.773,-13.561,-13.311,0.000000
13395.001953,-31.416,81.368279,0.005209,8.773,-13.561,-13.311,0.000000
13441.363281,-31.703,84.426743,0.005363,8.773,-13.561,-13.311,0.000000
13487.899414,-31.619,77.331039,0.005291,8.773,-13.561,-13.311,0.000000
13534.595703,-32.180,83.789787,0.005621,8.773,-13.561,-13.311,0.000000
13581.440430,-31.753,86.898003,0.005329,8.773,-13.561,-13.311,0.000000
13628.447266,-31.971,78.346664,0.005440,8.773,-13.562,-13.311,0.000000
13675.630859,-31.474,77.983795,0.005116,8.773,-13.562,-13.312,0.000000
13722.976562,-31.846,73.889786,0.005317,8.773,-13.562,-13.312,0.000000
13770.473633,-32.199,72.553802,0.005513,8.773,-13.562,-13.312,0.000000
13818.135742,-32.765,77.233353,0.005859,8.773,-13.562,-13.312,0.000000
13865.975586,-32.745,82.757149,0.005820,8.773,-13.562,-13.312,0.000000
13913.980469,-31.889,84.479004,0.005250,8.773,-13.562,-13.312,0.000000
13962.125977,-31.699,74.778999,0.005114,8.773,-13.562,-13.312,0.000000
14010.463867,-31.976,74.690361,0.005256,8.773,-13.563,-13.313,0.000000
14058.969727,-32.097,82.145844,0.005306,8.773,-13.563,-13.313,0.000000
14107.628906,-32.531,81.589149,0.005553,8.773,-13.563,-13.313,0.000000
14156.458008,-32.297,86.374847,0.005380,8.773,-13.563,-13.313,0.000000
14205.468750,-32.419,84.555946,0.005430,8.773,-13.563,-13.313,0.000000
14254.635742,-32.102,88.679588,0.005211,8.773,-13.563,-13.313,0.000000
14303.986328,-32.176,82.806145,0.005230,8.773,-13.563,-13.313,0.000000
14353.495117,-33.046,88.969604,0.005753,8.773,-13.564,-13.314,0.000000
14403.188477,-32.828,88.607559,0.005584,8.773,-13.564,-13.314,0.000000
14453.052734,-32.437,89.925415,0.005312,8.773,-13.564,-13.314,0.000000
14503.063477,-32.168,82.424423,0.005125,8.773,-13.564,-13.314,0.000000
14553.274414,-31.741,85.149673,0.004856,8.773,-13.564,-13.314,0.000000
14603.659180,-31.830,88.612999,0.004882,8.773,-13.564,-13.314,0.000000
14654.218750,-31.722,86.939461,0.004799,8.773,-13.564,-13.314,0.000000
14704.924805,-31.866,86.086075,0.004856,8.773,-13.565,-13.315,0.000000
14755.834961,-31.678,94.012650,0.004729,8.773,-13.565,-13.315,0.000000
14806.920898,-31.491,95.525322,0.004605,8.773,-13.565,-13.315,0.000000
14858.168945,-31.222,90.265511,0.004443,8.773,-13.565,-13.315,0.000000
14909.609375,-32.265,86.997856,0.004985,8.773,-13.565,-13.315,0.000000
14961.213867,-32.343,91.028862,0.005005,8.773,-13.565,-13.315,0.000000
15013.010742,-32.504,85.008438,0.005073,8.773,-13.565,-13.315,0.000000
15064.973633,-33.193,87.610023,0.005465,8.773,-13.566,-13.316,0.000000
15117.115234,-32.681,93.249420,0.005126,8.773,-13.566,-13.316,0.000000
15169.452148,-31.860,91.978798,0.004640,8.773,-13.566,-13.316,0.000000
15221.969727,-31.855,91.326355,0.004615,8.773,-13.566,-13.316,0.000000
15274.640625,-31.992,94.978439,0.004665,8.773,-13.566,-13.316,0.000000
15327.523438,-31.639,90.706551,0.004457,8.773,-13.566,-13.316,0.000000
15380.588867,-31.631,85.518402,0.004430,8.773,-13.566,-13.316,0.000000
15433.823242,-31.710,89.615662,0.004449,8.773,-13.567,-13.317,0.000000
15487.241211,-31.297,99.974625,0.004221,8.773,-13.567,-13.317,0.000000
15540.859375,-31.281,97.223557,0.004192,8.773,-13.567,-13.317,0.000000
15594.664062,-30.992,102.100952,0.004035,8.773,-13.567,-13.317,0.000000
15648.638672,-30.631,96.505768,0.003851,8.773,-13.567,-13.317,0.000000
15702.800781,-30.115,93.984955,0.003611,8.773,-13.567,-13.317,0.000000
15757.166016,-30.372,88.695160,0.003701,8.773,-13.568,-13.317,0.000000
15811.718750,-30.558,95.361000,0.003762,8.773,-13.568,-13.318,0.000000
15866.429688,-30.287,101.297340,0.003628,8.773,-13.568,-13.318,0.000000
15921.361328,-29.246,102.379921,0.003203,8.773,-13.568,-13.318,0.000000
15976.482422,-28.465,88.754951,0.002913,8.773,-13.568,-13.318,0.000000
16031.793945,-29.023,79.099457,0.003091,8.773,-13.568,-13.318,0.000000
16087.267578,-28.732,87.549332,0.002974,8.773,-13.568,-13.318,0.000000
16142.962891,-28.571,76.423721,0.002905,8.773,-13.569,-13.319,0.000000
16198.851562,-28.947,92.759605,0.003018,8.773,-13.569,-13.319,0.000000
16254.917969,-28.733,112.378136,0.002930,8.773,-13.569,-13.319,0.000000
16311.194336,-28.327,108.374855,0.002782,8.773,-13.569,-13.319,0.000000
16367.649414,-28.515,100.560341,0.002829,8.773,-13.569,-13.319,0.000000
16424.316406,-29.867,103.536087,0.003289,8.773,-13.569,-13.319,0.000000
16481.162109,-29.494,122.457619,0.003135,8.773,-13.570,-13.320,0.000000
16538.205078,-29.074,103.398468,0.002972,8.773,-13.570,-13.320,0.000000
16595.462891,-28.917,127.133652,0.002904,8.773,-13.570,-13.320,0.000000
16652.917969,-27.891,118.653030,0.002568,8.773,-13.570,-13.320,0.000000
16710.539062,-27.282,118.898376,0.002383,8.773,-13.570,-13.320,0.000000
16768.392578,-26.810,123.913292,0.002246,8.773,-13.570,-13.320,0.000000
16826.447266,-26.439,116.632294,0.002141,8.773,-13.571,-13.320,0.000000
16884.685547,-26.152,122.619263,0.002062,8.773,-13.571,-13.321,0.000000
16943.142578,-25.844,113.367088,0.001980,8.773,-13.571,-13.321,0.000000
17001.785156,-25.862,118.110275,0.001975,8.773,-13.571,-13.321,0.000000
17060.646484,-25.656,108.286316,0.001919,8.773,-13.571,-13.321,0.000000
17119.695312,-26.595,108.278419,0.002128,8.773,-13.571,-13.321,0.000000
17178.949219,-26.427,112.989525,0.002077,8.773,-13.572,-13.321,0.000000
17238.423828,-26.298,111.087799,0.002036,8.773,-13.572,-13.322,0.000000
17298.105469,-25.233,112.831558,0.001792,8.773,-13.572,-13.322,0.000000
17357.976562,-24.846,103.403336,0.001705,8.773,-13.572,-13.322,0.000000
17418.054688,-24.723,107.323708,0.001673,8.773,-13.572,-13.322,0.000000
17478.357422,-24.128,102.652489,0.001555,8.773,-13.572,-13.322,0.000000
17538.869141,-24.702,118.006577,0.001653,8.773,-13.573,-13.322,0.000000
17599.556641,-24.059,134.826843,0.001528,8.773,-13.573,-13.323,0.000000
17660.488281,-22.795,136.770157,0.001314,8.773,-13.573,-13.323,0.000000
17721.630859,-21.032,134.446121,0.001068,8.773,-13.573,-13.323,0.000000
17782.968750,-20.105,122.562881,0.000955,8.773,-13.573,-13.323,0.000000
17844.535156,-19.640,122.354584,0.000901,8.773,-13.573,-13.323,0.000000
17906.296875,-18.794,126.995285,0.000813,8.773,-13.574,-13.324,0.000000
17968.291016,-17.858,136.295090,0.000727,8.773,-13.574,-13.324,0.000000
18030.480469,-17.170,125.985397,0.000668,8.773,-13.574,-13.324,0.000000
18092.886719,-15.905,122.973930,0.000595,8.773,-13.574,-13.324,0.000000
18155.525391,-14.310,113.475266,0.000476,8.773,-13.574,-13.324,0.000000
18218.382812,-14.288,101.499283,0.000473,8.773,-13.575,-13.324,0.000000
18281.421875,-14.094,107.024506,0.000460,8.773,-13.575,-13.325,0.000000
18344.712891,-14.012,103.853676,0.000545,8.773,-13.575,-13.325,0.000000
18408.224609,-13.998,123.100533,0.000451,8.773,-13.575,-13.325,0.000000
18471.955078,-13.249,115.840645,0.000417,8.773,-13.575,-13.325,0.000000
18535.888672,-12.846,117.605240,0.000433,8.773,-13.575,-13.325,0.000000
18600.044922,-11.968,118.944489,0.000448,8.773,-13.576,-13.325,0.000000
18664.439453,-11.614,115.012680,0.000508,8.773,-13.576,-13.326,0.000000
18729.041016,-10.795,118.271263,0.000325,8.773,-13.576,-13.326,0.000000
18793.880859,-10.347,113.878159,0.000485,8.773,-13.576,-13.326,0.000000
18858.929688,-8.851,121.201088,0.000320,8.773,-13.576,-13.326,0.000000
18924.220703,-7.146,122.147392,0.000288,8.773,-13.577,-13.326,0.000000
18989.720703,-5.120,113.171928,0.000246,8.773,-13.577,-13.327,0.000000
19055.447266,-4.232,106.324883,0.000205,8.773,-13.577,-13.327,0.000000
19121.417969,-3.611,101.775879,0.000313,8.773,-13.577,-13.327,0.000000
19187.619141,-3.086,101.538910,0.000266,8.773,-13.577,-13.327,0.000000
19254.029297,-2.535,97.748985,0.000402,8.773,-13.577,-13.327,0.000000
19320.669922,-1.514,114.410988,0.000485,8.773,-13.578,-13.327,0.000000
19387.560547,-0.691,95.778877,0.000538,8.773,-13.578,-13.328,0.000000
19454.664062,1.081,91.768303,0.000722,8.773,-13.578,-13.328,0.000000
19522.017578,0.560,60.369637,0.001093,8.773,-13.578,-13.328,0.000000
19589.585938,-207.612,0.000000,0.000000,8.773,-13.578,-13.328,0.000000
19657.406250,-207.645,0.000000,0.000000,8.773,-13.579,-13.328,0.000000
19725.443359,-207.678,0.000000,0.000000,8.773,-13.579,-13.329,0.000000
19793.716797,-207.711,0.000000,0.000000,8.773,-13.579,-13.329,0.000000
19862.244141,-207.744,0.000000,0.000000,8.773,-13.579,-13.329,0.000000
19931.009766,-207.777,0.000000,0.000000,8.773,-13.579,-13.329,0.000000
19999.974609,-207.810,0.000000,0.000000,8.773,-13.580,-13.329,0.000000
