frequency_hz,spl_db,phase_deg,thd_percent,rt60_ms,c50_db,c80_db,group_delay_ms
20.000000,-74.773,-69.211372,0.000000,0.000,-9.595,-9.196,0.000000
20.069233,-74.728,-67.397934,0.000000,0.000,-9.595,-9.196,0.000000
20.138704,-74.728,-67.397934,0.000000,0.000,-9.595,-9.196,0.000000
20.208418,-74.728,-67.397934,0.000000,0.000,-9.595,-9.196,0.000000
20.278366,-75.538,-77.077927,0.000000,0.000,-9.595,-9.196,0.000000
20.348562,-75.538,-77.077927,0.000000,0.000,-9.595,-9.196,0.000000
20.419001,-72.441,-75.119408,0.000000,0.000,-9.595,-9.196,0.000000
20.489683,-71.384,-38.770287,0.000000,0.000,-9.595,-9.196,0.000000
20.560612,-71.384,-38.770287,0.000000,0.000,-9.595,-9.196,0.000000
20.631784,-67.391,-61.481609,0.000000,0.000,-9.595,-9.196,0.000000
20.703203,-67.391,-61.481609,0.000000,0.000,-9.595,-9.196,0.000000
20.774866,-67.688,-86.629295,0.000000,0.000,-9.595,-9.196,0.000000
20.846781,-67.193,-114.876694,0.000000,0.000,-9.595,-9.196,0.000000
20.918943,-67.193,-114.876694,0.000000,0.000,-9.595,-9.196,0.000000
20.991358,-68.165,-104.831711,0.000000,0.000,-9.595,-9.196,0.000000
21.064020,-67.266,127.023567,0.000000,0.000,-9.595,-9.196,0.000000
21.136936,-67.870,52.785858,0.000000,0.000,-9.595,-9.196,0.000000
21.210104,-66.582,62.160950,0.000000,0.000,-9.595,-9.196,0.000000
21.283520,-66.582,62.160950,0.000000,0.000,-9.595,-9.196,0.000000
21.357197,-67.091,35.924347,0.000000,0.000,-9.595,-9.196,0.000000
21.431126,-67.721,9.694352,0.000000,0.000,-9.595,-9.196,0.000000
21.505312,-68.578,-19.067623,0.000000,0.000,-9.595,-9.196,0.000000
21.579756,-72.064,-1.467608,0.000000,0.000,-9.595,-9.196,0.000000
21.654457,-72.064,-1.467608,0.000000,0.000,-9.595,-9.196,0.000000
21.729416,-72.920,70.550125,0.000000,0.000,-9.595,-9.196,0.000000
21.804630,-73.852,13.143798,0.000000,0.000,-9.595,-9.196,0.000000
21.880110,-74.594,56.357380,0.000000,0.000,-9.595,-9.196,0.000000
21.955851,-74.345,54.767918,0.000000,0.000,-9.595,-9.196,0.000000
22.031853,-74.962,64.814011,0.000000,0.000,-9.595,-9.196,0.000000
22.108118,-75.776,104.336861,0.000000,0.000,-9.595,-9.196,0.000000
22.184649,-75.776,104.336861,0.000000,0.000,-9.595,-9.196,0.000000
22.261442,-76.561,11.904778,0.000000,0.000,-9.595,-9.196,0.000000
22.338503,-78.669,113.519905,0.000000,0.000,-9.595,-9.196,0.000000
22.415825,-78.089,165.995926,0.000000,0.000,-9.595,-9.196,0.000000
22.493420,-78.888,128.606033,0.000000,0.000,-9.595,-9.196,0.000000
22.571283,-77.919,135.666199,0.000000,0.000,-9.595,-9.196,0.000000
22.649418,-77.919,135.666199,0.000000,0.000,-9.595,-9.196,0.000000
22.727821,-77.674,119.552711,0.000000,0.000,-9.595,-9.196,0.000000
22.806496,-76.858,121.158371,0.000000,0.000,-9.595,-9.196,0.000000
22.885437,-76.384,129.448120,0.000000,0.000,-9.595,-9.196,0.000000
22.964659,-76.720,113.412064,0.000000,0.000,-9.595,-9.196,0.000000
23.044153,-76.336,133.135910,0.000000,0.000,-9.595,-9.196,0.000000
23.123922,-76.855,150.525528,0.000000,0.000,-9.595,-9.196,0.000000
23.203970,-76.855,150.525528,0.000000,0.000,-9.595,-9.196,0.000000
23.284292,-75.725,149.023148,0.000000,0.000,-9.595,-9.196,0.000000
23.364893,-75.725,149.023148,0.000000,0.000,-9.595,-9.196,0.000000
23.445774,-75.738,138.777237,0.000000,0.000,-9.595,-9.196,0.000000
23.526928,-75.816,137.189209,0.000000,0.000,-9.595,-9.196,0.000000
23.608370,-76.170,134.758240,0.000000,0.000,-9.595,-9.196,0.000000
23.690092,-76.055,131.950089,0.000000,0.000,-9.595,-9.196,0.000000
23.772099,-76.055,131.950089,0.000000,0.000,-9.595,-9.196,0.000000
23.854389,-77.284,121.452713,0.000000,0.000,-9.595,-9.196,0.000000
23.936964,-77.284,121.452713,0.000000,0.000,-9.595,-9.196,0.000000
24.019825,-77.809,145.492599,0.000000,0.000,-9.595,-9.196,0.000000
24.102966,-77.809,145.492599,0.000000,0.000,-9.595,-9.196,0.000000
24.186401,-78.036,141.960632,0.000000,0.000,-9.595,-9.196,0.000000
24.270124,-78.036,141.960632,0.000000,0.000,-9.595,-9.196,0.000000
24.354139,-79.109,139.777054,0.000000,0.000,-9.595,-9.196,0.000000
24.438444,-79.620,141.855927,0.000000,0.000,-9.595,-9.196,0.000000
24.523041,-80.495,145.342041,0.000000,0.000,-9.595,-9.196,0.000000
24.607929,-81.191,127.899437,0.000000,0.000,-9.595,-9.196,0.000000
24.693108,-81.191,127.899437,0.000000,0.000,-9.595,-9.196,0.000000
24.778585,-82.047,155.848831,0.000000,0.000,-9.595,-9.196,0.000000
24.864359,-82.047,155.848831,0.000000,0.000,-9.595,-9.196,0.000000
24.950430,-81.265,-141.838669,0.000000,0.000,-9.595,-9.196,0.000000
25.036798,-81.265,-141.838669,0.000000,0.000,-9.595,-9.196,0.000000
25.123466,-81.833,-126.609154,0.000000,0.000,-9.595,-9.196,0.000000
25.210434,-81.833,-126.609154,0.000000,0.000,-9.595,-9.196,0.000000
25.297697,-80.277,-83.258186,0.000000,0.000,-9.595,-9.196,0.000000
25.385267,-80.277,-83.258186,0.000000,0.000,-9.595,-9.196,0.000000
25.473143,-77.945,-72.477158,0.000000,0.000,-9.595,-9.196,0.000000
25.561321,-77.945,-72.477158,0.000000,0.000,-9.595,-9.196,0.000000
25.649803,-75.112,-84.987228,0.000000,0.000,-9.595,-9.196,0.000000
25.738594,-75.112,-84.987228,0.000000,0.000,-9.595,-9.196,0.000000
25.827690,-73.187,-91.271072,0.000000,0.000,-9.595,-9.196,0.000000
25.917089,-73.187,-91.271072,0.000000,0.000,-9.595,-9.196,0.000000
26.006805,-72.733,-82.599205,0.000000,0.000,-9.595,-9.196,0.000000
26.096830,-72.110,-75.783752,0.000000,0.000,-9.595,-9.196,0.000000
26.187168,-70.376,-62.745510,0.000000,0.000,-9.595,-9.196,0.000000
26.277819,-69.187,-51.544598,0.000000,0.000,-9.595,-9.196,0.000000
26.368782,-69.121,-49.782139,0.000000,0.000,-9.595,-9.196,0.000000
26.460054,-68.424,-49.468822,0.000000,0.000,-9.595,-9.196,0.000000
26.551649,-69.314,-45.805504,0.000000,0.000,-9.595,-9.196,0.000000
26.643560,-68.940,-37.435780,0.000000,0.000,-9.595,-9.196,0.000000
26.735790,-69.811,-36.511513,0.000000,0.000,-9.595,-9.196,0.000000
26.828339,-69.905,-26.655668,0.000000,0.000,-9.595,-9.196,0.000000
26.921207,-70.732,-22.616127,0.000000,0.000,-9.595,-9.196,0.000000
27.014399,-71.189,-11.783412,0.000000,0.000,-9.595,-9.196,0.000000
27.107912,-71.801,-19.208899,0.000000,0.000,-9.595,-9.196,0.000000
27.201744,-72.055,-28.147013,0.000000,0.000,-9.595,-9.196,0.000000
27.295906,-73.039,-30.261992,0.000000,0.000,-9.595,-9.196,0.000000
27.390394,-76.210,-39.336300,0.000000,0.000,-9.595,-9.196,0.000000
27.485209,-76.961,-24.768108,0.000000,0.000,-9.595,-9.196,0.000000
27.580351,-79.611,-18.826645,0.000000,0.000,-9.595,-9.196,0.000000
27.675825,-80.679,-9.580382,0.000000,0.000,-9.595,-9.196,0.000000
27.771622,-81.134,-2.253250,0.000000,0.000,-9.595,-9.196,0.000000
27.867756,-80.546,19.527517,0.000000,0.000,-9.595,-9.196,0.000000
27.964224,-80.546,19.527517,0.000000,0.000,-9.595,-9.196,0.000000
28.061024,-76.793,99.917709,0.000000,0.000,-9.595,-9.196,0.000000
28.158161,-74.957,85.860443,0.000000,0.000,-9.595,-9.196,0.000000
28.255634,-74.683,95.292099,0.000000,0.000,-9.595,-9.196,0.000000
28.353443,-72.591,87.533485,0.000000,0.000,-9.595,-9.196,0.000000
28.451593,-71.588,73.385429,0.000000,0.000,-9.595,-9.196,0.000000
28.550081,-70.080,62.685856,0.000000,0.000,-9.595,-9.196,0.000000
28.648903,-69.002,66.804153,0.000000,0.000,-9.595,-9.196,0.000000
28.748075,-67.479,55.581459,0.000000,0.000,-9.595,-9.196,0.000000
28.847589,-66.199,65.300713,0.000000,0.000,-9.595,-9.196,0.000000
28.947449,-65.617,50.614777,0.000000,0.000,-9.595,-9.196,0.000000
29.047655,-64.654,38.574612,0.000000,0.000,-9.595,-9.196,0.000000
29.148207,-64.243,23.769228,0.000000,0.000,-9.595,-9.196,0.000000
29.249100,-63.330,-4.495426,0.000000,0.000,-9.595,-9.196,0.000000
29.350348,-63.330,-4.495426,0.000000,0.000,-9.595,-9.196,0.000000
29.451948,-63.055,-34.047657,0.000000,0.000,-9.595,-9.196,0.000000
29.553900,-62.718,-54.305740,0.000000,0.000,-9.595,-9.196,0.000000
29.656204,-63.288,-62.073971,0.000000,0.000,-9.595,-9.196,0.000000
29.758862,-63.138,-91.758705,0.000000,0.000,-9.595,-9.196,0.000000
29.861876,-64.163,-73.476128,0.000000,0.000,-9.595,-9.196,0.000000
29.965246,-65.534,-157.881439,0.000000,0.000,-9.595,-9.196,0.000000
30.068968,-65.534,-157.881439,0.000000,0.000,-9.595,-9.196,0.000000
30.173054,-66.795,142.806580,0.000000,0.000,-9.595,-9.196,0.000000
30.277502,-66.795,142.806580,0.000000,0.000,-9.595,-9.196,0.000000
30.382311,-68.322,134.122894,0.000000,0.000,-9.595,-9.196,0.000000
30.487482,-70.514,122.518272,0.000000,0.000,-9.595,-9.196,0.000000
30.593019,-70.405,114.714935,0.000000,0.000,-9.595,-9.196,0.000000
30.698914,-71.770,102.053444,0.000000,0.000,-9.595,-9.196,0.000000
30.805182,-71.770,102.053444,0.000000,0.000,-9.595,-9.196,0.000000
30.911816,-72.199,89.634750,0.000000,0.000,-9.595,-9.196,0.000000
31.018822,-72.199,89.634750,0.000000,0.000,-9.595,-9.196,0.000000
31.126196,-72.283,84.249466,0.000000,0.000,-9.595,-9.196,0.000000
31.233944,-72.853,84.639053,0.000000,0.000,-9.595,-9.196,0.000000
31.342064,-72.853,84.639053,0.000000,0.000,-9.595,-9.196,0.000000
31.450558,-74.077,88.741203,0.000000,0.000,-9.595,-9.196,0.000000
31.559420,-74.077,88.741203,0.000000,0.000,-9.595,-9.196,0.000000
31.668667,-73.925,59.306076,0.000000,0.000,-9.595,-9.196,0.000000
31.778292,-72.489,6.220714,0.000000,0.000,-9.595,-9.196,0.000000
31.888296,-72.489,6.220714,0.000000,0.000,-9.595,-9.196,0.000000
31.998680,-70.376,-62.684711,0.000000,0.000,-9.595,-9.196,0.000000
32.109447,-70.376,-62.684711,0.000000,0.000,-9.595,-9.196,0.000000
32.220600,-69.295,-91.858803,0.000000,0.000,-9.595,-9.196,0.000000
32.332127,-67.514,-101.071350,0.000000,0.000,-9.595,-9.196,0.000000
32.444046,-67.514,-101.071350,0.000000,0.000,-9.595,-9.196,0.000000
32.556355,-64.307,-91.799789,0.000000,0.000,-9.595,-9.196,0.000000
32.669052,-64.279,-97.113091,0.000000,0.000,-9.595,-9.196,0.000000
32.782143,-63.150,-93.872040,0.000000,0.000,-9.595,-9.196,0.000000
32.895622,-61.051,-99.302818,0.000000,0.000,-9.595,-9.196,0.000000
33.009491,-61.051,-99.302818,0.000000,0.000,-9.595,-9.196,0.000000
33.123760,-60.178,-90.124535,0.000000,0.000,-9.595,-9.196,0.000000
33.238411,-60.192,-78.568977,0.000000,0.000,-9.595,-9.196,0.000000
33.353470,-59.830,-70.925171,0.000000,0.000,-9.595,-9.196,0.000000
33.468929,-59.590,-60.479328,0.000000,0.000,-9.595,-9.196,0.000000
33.584785,-60.055,-71.329803,0.000000,0.000,-9.595,-9.196,0.000000
33.701042,-59.676,-68.356415,0.000000,0.000,-9.595,-9.196,0.000000
33.817696,-61.277,-74.071014,0.000000,0.000,-9.595,-9.196,0.000000
33.934757,-62.079,-70.683434,0.000000,0.000,-9.595,-9.196,0.000000
34.052227,-61.827,-57.322189,0.000000,0.000,-9.595,-9.196,0.000000
34.170105,-62.505,-58.734818,0.000000,0.000,-9.595,-9.196,0.000000
34.288387,-64.089,-68.359840,0.000000,0.000,-9.595,-9.196,0.000000
34.407082,-65.844,-80.086113,0.000000,0.000,-9.595,-9.196,0.000000
34.526184,-66.164,-84.905350,0.000000,0.000,-9.595,-9.196,0.000000
34.645702,-67.457,-91.706245,0.000000,0.000,-9.595,-9.196,0.000000
34.765621,-69.255,-102.928902,0.000000,0.000,-9.595,-9.196,0.000000
34.885967,-70.075,-107.210686,0.000000,0.000,-9.595,-9.196,0.000000
35.006729,-71.343,-105.750198,0.000000,0.000,-9.595,-9.196,0.000000
35.127911,-71.464,-86.726898,0.000000,0.000,-9.595,-9.196,0.000000
35.249508,-71.706,-92.240417,0.000000,0.000,-9.595,-9.196,0.000000
35.371529,-71.679,-99.860252,0.000000,0.000,-9.595,-9.196,0.000000
35.493965,-71.716,-121.069588,0.000000,0.000,-9.595,-9.196,0.000000
35.616829,-71.368,-134.652618,0.000000,0.000,-9.595,-9.196,0.000000
35.740120,-72.078,-158.828873,0.000000,0.000,-9.595,-9.196,0.000000
35.863842,-72.664,-169.754990,0.000000,0.000,-9.595,-9.196,0.000000
35.987988,-72.141,179.163589,0.000000,0.000,-9.595,-9.196,0.000000
36.112564,-72.651,155.826736,0.000000,0.000,-9.595,-9.196,0.000000
36.237572,-71.952,171.251862,0.000000,0.000,-9.595,-9.196,0.000000
36.363010,-71.997,-171.030792,0.000000,0.000,-9.595,-9.196,0.000000
36.488888,-70.117,-171.668243,0.000000,0.000,-9.595,-9.196,0.000000
36.615189,-69.714,176.020233,0.000000,0.000,-9.595,-9.196,0.000000
36.741936,-68.132,-176.880280,0.000000,0.000,-9.595,-9.196,0.000000
36.869122,-67.558,178.672668,0.000000,0.000,-9.595,-9.196,0.000000
36.996750,-67.340,-176.061600,0.000000,0.000,-9.595,-9.196,0.000000
37.124817,-67.897,178.617340,0.000000,0.000,-9.595,-9.196,0.000000
37.253323,-68.056,175.047058,0.000000,0.000,-9.595,-9.196,0.000000
37.382278,-67.927,-147.547302,0.000000,0.000,-9.595,-9.196,0.000000
37.511681,-67.927,-147.547302,0.000000,0.000,-9.595,-9.196,0.000000
37.641533,-67.900,-125.572517,0.000000,0.000,-9.595,-9.196,0.000000
37.771832,-67.728,-115.113068,0.000000,0.000,-9.595,-9.196,0.000000
37.902584,-68.945,-120.582245,0.000000,0.000,-9.595,-9.196,0.000000
38.033791,-68.945,-120.582245,0.000000,0.000,-9.595,-9.196,0.000000
38.165447,-70.222,-85.376366,0.000000,0.000,-9.595,-9.196,0.000000
38.297562,-70.558,-30.825195,0.000000,0.000,-9.595,-9.196,0.000000
38.430122,-70.558,-30.825195,0.000000,0.000,-9.595,-9.196,0.000000
38.563152,-67.982,-21.480650,0.000000,0.000,-9.595,-9.196,0.000000
38.696644,-64.863,-42.172672,0.000000,0.000,-9.595,-9.196,0.000000
38.830597,-62.678,-49.665943,0.000000,0.000,-9.595,-9.196,0.000000
38.965015,-62.678,-49.665943,0.000000,0.000,-9.595,-9.196,0.000000
39.099895,-60.673,-35.263844,0.000000,0.000,-9.595,-9.196,0.000000
39.235237,-59.581,-157.385162,0.000000,0.000,-9.595,-9.196,0.000000
39.371052,-59.631,132.472031,0.000000,0.000,-9.595,-9.196,0.000000
39.507339,-58.806,89.547829,0.000000,0.000,-9.595,-9.196,0.000000
39.644100,-59.140,106.660545,0.000000,0.000,-9.595,-9.196,0.000000
39.781334,-58.838,114.884422,0.000000,0.000,-9.595,-9.196,0.000000
39.919041,-59.314,97.474503,0.000000,0.000,-9.595,-9.196,0.000000
40.057224,-59.267,118.665825,0.000000,0.000,-9.595,-9.196,0.000000
40.195889,-60.799,130.273529,0.000000,0.000,-9.595,-9.196,0.000000
40.335030,-62.947,132.982819,0.000000,0.000,-9.595,-9.196,0.000000
40.474644,-63.320,133.312363,0.000000,0.000,-9.595,-9.196,0.000000
40.614754,-65.356,115.837311,0.000000,0.000,-9.595,-9.196,0.000000
40.755344,-67.035,103.549217,0.000000,0.000,-9.595,-9.196,0.000000
40.896423,-69.332,91.496819,0.000000,0.000,-9.595,-9.196,0.000000
41.037983,-69.828,83.808823,0.000000,0.000,-9.595,-9.196,0.000000
41.180042,-69.119,123.885117,0.000000,0.000,-9.595,-9.196,0.000000
41.322590,-70.455,165.248871,0.000000,0.000,-9.595,-9.196,0.000000
41.465633,-71.750,163.885208,0.000000,0.000,-9.595,-9.196,0.000000
41.609173,-72.040,164.769287,0.000000,0.000,-9.595,-9.196,0.000000
41.753204,-71.891,170.097397,0.000000,0.000,-9.595,-9.196,0.000000
41.897739,-70.367,-178.385895,0.000000,0.000,-9.595,-9.196,0.000000
42.042774,-70.881,-161.395538,0.000000,0.000,-9.595,-9.196,0.000000
42.188309,-71.078,-151.342255,0.000000,0.000,-9.595,-9.196,0.000000
42.334339,-70.960,-144.687347,0.000000,0.000,-9.595,-9.196,0.000000
42.480885,-70.042,-139.201248,0.000000,0.000,-9.595,-9.196,0.000000
42.627937,-68.959,-143.120239,0.000000,0.000,-9.595,-9.196,0.000000
42.775497,-68.616,-137.737259,0.000000,0.000,-9.595,-9.196,0.000000
42.923573,-68.302,-130.684158,0.000000,0.000,-9.595,-9.196,0.000000
43.072155,-68.464,-131.796906,0.000000,0.000,-9.595,-9.196,0.000000
43.221245,-68.414,-125.676018,0.000000,0.000,-9.595,-9.196,0.000000
43.370861,-67.479,-124.957275,0.000000,0.000,-9.595,-9.196,0.000000
43.520992,-66.837,-116.214188,0.000000,0.000,-9.595,-9.196,0.000000
43.671646,-66.554,-97.193436,0.000000,0.000,-9.595,-9.196,0.000000
43.822823,-66.926,-77.035622,0.000000,0.000,-9.595,-9.196,0.000000
43.974518,-65.536,-81.375137,0.000000,0.000,-9.595,-9.196,0.000000
44.126743,-64.103,-108.836456,0.000000,0.000,-9.595,-9.196,0.000000
44.279491,-63.449,-143.820419,0.000000,0.000,-9.595,-9.196,0.000000
44.432770,-62.502,-175.162750,0.000000,0.000,-9.595,-9.196,0.000000
44.586567,-61.902,160.683105,0.000000,0.000,-9.595,-9.196,0.000000
44.740910,-61.902,160.683105,0.000000,0.000,-9.595,-9.196,0.000000
44.895786,-61.349,-166.289932,0.000000,0.000,-9.595,-9.196,0.000000
45.051197,-61.401,-163.257446,0.000000,0.000,-9.595,-9.196,0.000000
45.207138,-61.527,-154.046112,0.000000,0.000,-9.595,-9.196,0.000000
45.363636,-60.572,-150.404724,0.000000,0.000,-9.595,-9.196,0.000000
45.520660,-60.614,-155.095596,0.000000,0.000,-9.595,-9.196,0.000000
45.678234,-60.788,-154.283386,0.000000,0.000,-9.595,-9.196,0.000000
45.836353,-61.213,-154.829636,0.000000,0.000,-9.595,-9.196,0.000000
45.995022,-61.215,-153.506805,0.000000,0.000,-9.595,-9.196,0.000000
46.154240,-61.256,-147.851868,0.000000,0.000,-9.595,-9.196,0.000000
46.314007,-58.096,-140.110641,0.000000,0.000,-9.595,-9.196,0.000000
46.474327,-54.674,-143.938477,0.000000,0.000,-9.595,-9.196,0.000000
46.635193,-53.913,-148.849792,0.000000,0.000,-9.595,-9.196,0.000000
46.796627,-54.014,-154.172821,0.000000,0.000,-9.595,-9.196,0.000000
46.958618,-53.539,-163.981384,0.000000,0.000,-9.595,-9.196,0.000000
47.121170,-53.447,-172.299423,0.000000,0.000,-9.595,-9.196,0.000000
47.284286,-52.940,-173.264236,0.000000,0.000,-9.595,-9.196,0.000000
47.447968,-52.776,177.068100,0.000000,0.000,-9.595,-9.196,0.000000
47.612202,-52.653,167.991714,0.000000,0.000,-9.595,-9.196,0.000000
47.777020,-52.495,156.203339,0.000000,0.000,-9.595,-9.196,0.000000
47.942402,-53.952,144.233826,0.000000,0.000,-9.595,-9.196,0.000000
48.108360,-54.479,145.423874,0.000000,0.000,-9.595,-9.196,0.000000
48.274895,-56.301,142.564011,0.000000,0.000,-9.595,-9.196,0.000000
48.442005,-54.084,139.508759,0.000000,0.000,-9.595,-9.196,0.000000
48.609692,-52.384,138.267136,0.000000,0.000,-9.595,-9.196,0.000000
48.777958,-52.355,137.984482,0.000000,0.000,-9.595,-9.196,0.000000
48.946812,-52.558,137.284225,0.000000,0.000,-9.595,-9.196,0.000000
49.116234,-52.652,138.917679,0.000000,0.000,-9.595,-9.196,0.000000
49.286255,-52.696,136.633240,0.000000,0.000,-9.595,-9.196,0.000000
49.456863,-52.908,136.046204,0.000000,0.000,-9.595,-9.196,0.000000
49.628067,-52.355,139.545532,0.000000,0.000,-9.595,-9.196,0.000000
49.799858,-52.192,135.701447,0.000000,0.000,-9.595,-9.196,0.000000
49.972248,-52.705,134.226624,0.000000,0.000,-9.595,-9.196,0.000000
50.145218,-52.878,132.223877,0.000000,0.000,-9.595,-9.196,0.000000
50.318802,-54.935,131.552460,0.000000,0.000,-9.595,-9.196,0.000000
50.492989,-57.375,126.556366,0.000000,0.000,-9.595,-9.196,0.000000
50.667774,-57.681,122.262245,0.000000,0.000,-9.595,-9.196,0.000000
50.843166,-57.018,121.195877,0.000000,0.000,-9.595,-9.196,0.000000
51.019169,-56.305,116.667114,0.000000,0.000,-9.595,-9.196,0.000000
51.195774,-55.895,114.555481,0.000000,0.000,-9.595,-9.196,0.000000
51.372997,-55.556,110.876678,0.000000,0.000,-9.595,-9.196,0.000000
51.550816,-55.710,107.618492,0.000000,0.000,-9.595,-9.196,0.000000
51.729267,-55.689,103.782921,0.000000,0.000,-9.595,-9.196,0.000000
51.908333,-56.005,99.875748,0.000000,0.000,-9.595,-9.196,0.000000
52.088020,-55.922,97.356049,0.000000,0.000,-9.595,-9.196,0.000000
52.268330,-55.761,92.939163,0.000000,0.000,-9.595,-9.196,0.000000
52.449261,-55.299,88.384819,0.000000,0.000,-9.595,-9.196,0.000000
52.630810,-54.962,80.645760,0.000000,0.000,-9.595,-9.196,0.000000
52.812996,-54.829,74.548630,0.000000,0.000,-9.595,-9.196,0.000000
52.995815,-54.273,69.303711,0.000000,0.000,-9.595,-9.196,0.000000
53.179264,-53.338,65.119148,0.000000,0.000,-9.595,-9.196,0.000000
53.363350,-52.328,59.730114,0.000000,0.000,-9.595,-9.196,0.000000
53.548077,-51.746,55.702538,0.000000,0.000,-9.595,-9.196,0.000000
53.733437,-50.909,52.537678,0.000000,0.000,-9.595,-9.196,0.000000
53.919441,-50.354,49.310001,0.000000,0.000,-9.595,-9.196,0.000000
54.106079,-49.767,46.756039,0.000000,0.000,-9.595,-9.196,0.000000
54.293373,-49.357,44.048931,0.000000,0.000,-9.595,-9.196,0.000000
54.481316,-48.978,41.777905,0.000000,0.000,-9.595,-9.196,0.000000
54.669895,-48.591,39.255173,0.000000,0.000,-9.595,-9.196,0.000000
54.859169,-48.352,35.543476,0.000000,0.000,-9.595,-9.196,0.000000
55.049042,-48.117,31.503481,0.000000,0.000,-9.595,-9.196,0.000000
55.239601,-48.075,29.671366,0.000000,0.000,-9.595,-9.196,0.000000
55.430820,-47.787,27.159428,0.000000,0.000,-9.595,-9.196,0.000000
55.622700,-47.705,24.030149,0.000000,0.000,-9.595,-9.196,0.000000
55.815247,-47.563,21.280907,0.000000,0.000,-9.595,-9.196,0.000000
56.008457,-47.448,18.269087,0.000000,0.000,-9.595,-9.196,0.000000
56.202335,-47.576,14.590079,0.000000,0.000,-9.595,-9.196,0.000000
56.396889,-47.582,15.309170,0.000000,0.000,-9.595,-9.196,0.000000
56.592110,-47.340,14.276425,0.000000,0.000,-9.595,-9.196,0.000000
56.788010,-47.811,17.532784,0.000000,0.000,-9.595,-9.196,0.000000
56.984589,-47.961,13.657947,0.000000,0.000,-9.595,-9.196,0.000000
57.181820,-47.829,8.508211,0.000000,0.000,-9.595,-9.196,0.000000
57.379791,-47.890,3.036400,0.000000,0.000,-9.595,-9.196,0.000000
57.578388,-47.940,-6.297849,0.000000,0.000,-9.595,-9.196,0.000000
57.777702,-48.178,-12.785749,0.000000,0.000,-9.595,-9.196,0.000000
57.977707,-48.320,-17.033783,0.000000,0.000,-9.595,-9.196,0.000000
58.178406,-48.213,-21.058294,0.000000,0.000,-9.595,-9.196,0.000000
58.379795,-48.282,-28.262260,0.000000,0.000,-9.595,-9.196,0.000000
58.581886,-48.575,-34.516640,0.000000,0.000,-9.595,-9.196,0.000000
58.784672,-48.216,-41.266140,0.000000,0.000,-9.595,-9.196,0.000000
58.988163,-48.214,-44.121643,0.000000,0.000,-9.595,-9.196,0.000000
59.192356,-48.694,-44.230434,0.000000,0.000,-9.595,-9.196,0.000000
59.397259,-45.974,-36.590179,0.000000,0.000,-9.595,-9.196,0.000000
59.602867,-46.196,-37.251392,0.000000,0.000,-9.595,-9.196,0.000000
59.809193,-46.227,-39.718319,0.000000,0.000,-9.595,-9.196,0.000000
60.016228,-46.209,-44.932156,0.000000,0.000,-9.595,-9.196,0.000000
60.223953,-46.464,-49.039684,0.000000,0.000,-9.595,-9.196,0.000000
60.432423,-46.681,-53.139168,0.000000,0.000,-9.595,-9.196,0.000000
60.641617,-47.365,-59.653580,0.000000,0.000,-9.595,-9.196,0.000000
60.851536,-47.549,-62.619659,0.000000,0.000,-9.595,-9.196,0.000000
61.062180,-47.789,-66.872810,0.000000,0.000,-9.595,-9.196,0.000000
61.273556,-48.019,-70.370361,0.000000,0.000,-9.595,-9.196,0.000000
61.485661,-48.546,-75.433266,0.000000,0.000,-9.595,-9.196,0.000000
61.698502,-52.934,-81.931038,0.000000,0.000,-9.595,-9.196,0.000000
61.912075,-53.651,-81.886864,0.000000,0.000,-9.595,-9.196,0.000000
62.126392,-54.218,-78.727425,0.000000,0.000,-9.595,-9.196,0.000000
62.341450,-54.362,-75.834328,0.000000,0.000,-9.595,-9.196,0.000000
62.557251,-54.548,-72.221634,0.000000,0.000,-9.595,-9.196,0.000000
62.773800,-54.146,-68.795853,0.000000,0.000,-9.595,-9.196,0.000000
62.991070,-53.410,-67.840126,0.000000,0.000,-9.595,-9.196,0.000000
63.209152,-53.517,-67.415863,0.000000,0.000,-9.601,-9.202,0.000000
63.427925,-53.322,-65.953690,0.000000,0.000,-9.607,-9.208,0.000000
63.647522,-53.115,-66.643127,0.000000,0.000,-9.613,-9.215,0.000000
63.867813,-53.102,-68.425713,0.000000,0.000,-9.619,-9.221,0.000000
64.088898,-53.664,-66.703514,0.000000,0.000,-9.625,-9.227,0.000000
64.310753,-53.017,-65.064423,0.000000,0.000,-9.631,-9.233,0.000000
64.533371,-52.956,-68.359337,0.000000,0.000,-9.637,-9.239,0.000000
64.756760,-53.512,-65.748444,0.000000,0.000,-9.643,-9.246,0.000000
64.980919,-53.624,-55.368568,0.000000,0.000,-9.649,-9.252,0.000000
65.205864,-55.195,-49.095623,0.000000,0.000,-9.655,-9.258,0.000000
65.431580,-55.205,-50.802807,0.000000,0.000,-9.661,-9.265,0.000000
65.658081,-55.185,-58.462349,0.000000,0.000,-9.667,-9.271,0.000000
65.885361,-56.093,-66.841064,0.000000,0.000,-9.673,-9.277,0.000000
66.113434,-56.248,-66.888138,0.000000,0.000,-9.679,-9.284,0.000000
66.342262,-55.957,-74.004814,0.000000,0.000,-9.685,-9.290,0.000000
66.571945,-56.574,-83.181877,0.000000,0.000,-9.692,-9.297,0.000000
66.802353,-56.866,-82.019676,0.000000,0.000,-9.698,-9.303,0.000000
67.033600,-56.495,-86.262421,0.000000,0.000,-9.704,-9.310,0.000000
67.265648,-57.296,-96.921295,0.000000,0.000,-9.710,-9.316,0.000000
67.498489,-56.945,-93.994781,0.000000,0.000,-9.717,-9.323,0.000000
67.732147,-57.317,-83.655823,0.000000,0.000,-9.723,-9.329,0.000000
67.966606,-57.375,-73.447067,0.000000,0.000,-9.729,-9.336,0.000000
68.201881,-55.611,-67.019104,0.000000,0.000,-9.736,-9.343,0.000000
68.437973,-55.640,-66.376907,0.000000,0.000,-9.742,-9.349,0.000000
68.674881,-55.548,-62.890594,0.000000,0.000,-9.748,-9.356,0.000000
68.912605,-55.268,-59.381138,0.000000,0.000,-9.755,-9.362,0.000000
69.151154,-55.590,-53.218349,0.000000,0.000,-9.761,-9.369,0.000000
69.390495,-55.353,-50.209984,0.000000,0.000,-9.768,-9.376,0.000000
69.630730,-55.533,-47.256950,0.000000,0.000,-9.774,-9.383,0.000000
69.871735,-55.524,-48.529022,0.000000,0.000,-9.781,-9.389,0.000000
70.113640,-55.452,-47.254799,0.000000,0.000,-9.787,-9.396,0.000000
70.356308,-55.815,-51.293030,0.000000,0.000,-9.794,-9.403,0.000000
70.599854,-56.642,-44.801487,0.000000,0.000,-9.800,-9.410,0.000000
70.844246,-56.978,-48.109447,0.000000,0.000,-9.807,-9.417,0.000000
71.089478,-57.736,-45.046646,0.000000,0.000,-9.813,-9.424,0.000000
71.335564,-57.616,-37.822865,0.000000,0.000,-9.820,-9.431,0.000000
71.582504,-56.165,-41.870468,0.000000,0.000,-9.827,-9.437,0.000000
71.830292,-56.088,-47.811531,0.000000,0.000,-9.833,-9.444,0.000000
72.078941,-55.123,-46.914871,0.000000,0.000,-9.840,-9.451,0.000000
72.328453,-53.869,-42.394764,0.000000,0.000,-9.847,-9.458,0.000000
72.578827,-53.748,-50.902134,0.000000,0.000,-9.853,-9.465,0.000000
72.830063,-53.542,-56.464310,0.000000,0.000,-9.860,-9.473,0.000000
73.082176,-53.406,-51.338615,0.000000,0.000,-9.867,-9.480,0.000000
73.335159,-53.433,-43.735149,0.000000,0.000,-9.874,-9.487,0.000000
73.588982,-53.147,-61.411781,0.000000,0.000,-9.881,-9.494,0.000000
73.843719,-53.429,-66.747879,0.000000,0.000,-9.888,-9.501,0.000000
74.099335,-54.093,-61.062653,0.000000,0.000,-9.894,-9.508,0.000000
74.355843,-54.786,-54.192158,0.000000,0.000,-9.901,-9.515,0.000000
74.613228,-54.596,-49.520340,0.000000,0.000,-9.908,-9.523,0.000000
74.871513,-55.723,-46.319992,0.000000,0.000,-9.915,-9.530,0.000000
75.130692,-56.192,-41.722000,0.000000,0.000,-9.922,-9.537,0.000000
75.390762,-56.007,-41.863712,0.000000,0.000,-9.929,-9.544,0.000000
75.651733,-55.402,-40.799229,0.000000,0.000,-9.936,-9.552,0.000000
75.913612,-55.461,-44.685394,0.000000,0.000,-9.943,-9.559,0.000000
76.176399,-55.493,-41.635700,0.000000,0.000,-9.950,-9.567,0.000000
76.440094,-55.232,-36.608250,0.000000,0.000,-9.958,-9.574,0.000000
76.704697,-55.393,-39.658791,0.000000,0.000,-9.965,-9.581,0.000000
76.970184,-54.862,-38.525398,0.000000,0.000,-9.972,-9.589,0.000000
77.236664,-54.619,-36.722057,0.000000,0.000,-9.979,-9.596,0.000000
77.503990,-54.166,-35.016502,0.000000,0.000,-9.986,-9.604,0.000000
77.772278,-53.270,-35.955025,0.000000,0.000,-9.993,-9.611,0.000000
78.041496,-50.473,-47.964424,0.000000,0.000,-10.001,-9.619,0.000000
78.311646,-50.411,-50.312160,0.000000,0.000,-10.008,-9.627,0.000000
78.582733,-48.608,-37.711906,0.000000,0.000,-10.015,-9.634,0.000000
78.854752,-47.412,-41.271729,0.000000,0.000,-10.023,-9.642,0.000000
79.127716,-46.086,-58.508194,0.000000,0.000,-10.030,-9.649,0.000000
79.401627,-44.673,-58.967319,0.000000,0.000,-10.037,-9.657,0.000000
79.676483,-41.526,-61.566360,0.000000,0.000,-10.045,-9.665,0.000000
79.952293,-39.608,-87.052551,0.000000,0.000,-10.052,-9.673,0.000000
80.229057,-37.782,-94.023567,0.000000,0.000,-10.060,-9.680,0.000000
80.506744,-35.945,-110.067177,0.000000,0.000,-10.067,-9.688,0.000000
80.785469,-35.775,-96.818665,0.000000,0.000,-10.075,-9.696,0.000000
81.065079,-35.336,-64.163727,0.000000,0.000,-10.082,-9.704,0.000000
81.345734,-35.114,-81.216293,0.000000,0.000,-10.090,-9.712,0.000000
81.627281,-35.232,-128.586578,0.000000,0.000,-10.097,-9.720,0.000000
81.909843,-35.379,-15.079103,0.000000,0.000,-10.105,-9.728,0.000000
82.193382,-35.244,-60.512447,0.000000,0.000,-10.113,-9.736,0.000000
82.477905,-35.382,-83.099945,0.000000,0.000,-10.120,-9.744,0.000000
82.763412,-35.957,-38.854893,0.000000,0.000,-10.128,-9.752,0.000000
83.049904,-37.187,-91.497032,0.000000,0.000,-10.136,-9.760,0.000000
83.337395,-38.103,-94.705368,0.000000,0.000,-10.143,-9.768,0.000000
83.625877,-38.743,-79.152168,0.000000,0.000,-10.151,-9.776,0.000000
83.915352,-39.039,-90.838631,0.000000,0.000,-10.159,-9.784,0.000000
84.205795,-39.952,-86.368599,0.000000,0.000,-10.167,-9.792,0.000000
84.497330,-40.342,-79.977234,0.000000,0.000,-10.175,-9.800,0.000000
84.789780,-40.215,-90.310257,0.000000,0.000,-10.183,-9.809,0.000000
85.083336,-41.246,-91.719688,0.000000,0.000,-10.190,-9.817,0.000000
85.377815,-41.288,-88.821838,0.000000,0.000,-10.198,-9.825,0.000000
85.673363,-42.466,-97.792130,0.000000,0.000,-10.206,-9.833,0.000000
85.969933,-42.558,-105.129906,0.000000,0.000,-10.214,-9.842,0.000000
86.267525,-42.305,-104.214081,0.000000,0.000,-10.222,-9.850,0.000000
86.566154,-42.576,-109.517479,0.000000,0.000,-10.230,-9.858,0.000000
86.865814,-42.522,-116.170204,0.000000,0.000,-10.239,-9.867,0.000000
87.166504,-42.412,-114.155106,0.000000,0.000,-10.247,-9.875,0.000000
87.468246,-42.809,-114.132820,0.000000,0.000,-10.255,-9.884,0.000000
87.771027,-43.495,-113.876717,0.000000,0.000,-10.263,-9.892,0.000000
88.074852,-45.561,-115.371613,0.000000,0.000,-10.271,-9.901,0.000000
88.379738,-45.661,-120.441177,0.000000,0.000,-10.279,-9.909,0.000000
88.685677,-46.098,-121.052498,0.000000,0.000,-10.288,-9.918,0.000000
88.992668,-45.840,-113.565414,0.000000,0.000,-10.296,-9.927,0.000000
89.300682,-45.123,-113.464516,0.000000,0.000,-10.304,-9.935,0.000000
89.609810,-45.095,-115.325813,0.000000,0.000,-10.312,-9.944,0.000000
89.920006,-45.249,-110.776085,0.000000,0.000,-10.321,-9.953,0.000000
90.231270,-44.750,-110.899803,0.000000,0.000,-10.329,-9.961,0.000000
90.543617,-44.854,-124.362343,0.000000,0.000,-10.338,-9.970,0.000000
90.857048,-43.645,-121.320000,0.000000,0.000,-10.346,-9.979,0.000000
91.171562,-43.164,-125.503609,0.000000,0.000,-10.355,-9.988,0.000000
91.487160,-43.854,-122.330276,0.000000,0.000,-10.363,-9.997,0.000000
91.803856,-43.086,-119.191528,0.000000,0.000,-10.372,-10.006,0.000000
92.121643,-43.165,-131.863480,0.000000,0.000,-10.380,-10.015,0.000000
92.440536,-43.790,-134.156250,0.000000,0.000,-10.389,-10.024,0.000000
92.760529,-43.331,-131.981354,0.000000,0.000,-10.397,-10.033,0.000000
93.081627,-43.650,-140.186752,0.000000,0.000,-10.406,-10.042,0.000000
93.403793,-43.910,-139.095932,0.000000,0.000,-10.415,-10.051,0.000000
93.727173,-44.240,-144.298035,0.000000,0.000,-10.423,-10.060,0.000000
94.051575,-45.538,-146.035034,0.000000,0.000,-10.432,-10.069,0.000000
94.377190,-45.683,-147.460388,0.000000,0.000,-10.441,-10.078,0.000000
94.703842,-46.464,-148.127869,0.000000,0.000,-10.450,-10.087,0.000000
95.031670,-48.299,-146.799255,0.000000,0.000,-10.459,-10.096,0.000000
95.360634,-48.461,-141.841064,0.000000,0.000,-10.467,-10.106,0.000000
95.690735,-49.284,-140.881927,0.000000,0.000,-10.476,-10.115,0.000000
96.021980,-49.403,-137.633484,0.000000,0.000,-10.485,-10.124,0.000000
96.354370,-49.545,-134.975494,0.000000,0.000,-10.494,-10.134,0.000000
96.687912,-50.065,-137.816818,0.000000,0.000,-10.503,-10.143,0.000000
97.022606,-50.824,-134.070236,0.000000,0.000,-10.512,-10.152,0.000000
97.358459,-50.766,-135.983322,0.000000,0.000,-10.521,-10.162,0.000000
97.695435,-51.413,-140.369736,0.000000,0.000,-10.530,-10.171,0.000000
98.033661,-51.531,-139.664261,0.000000,0.000,-10.539,-10.181,0.000000
98.372971,-51.481,-143.556000,0.000000,0.000,-10.549,-10.190,0.000000
98.713547,-51.692,-144.969879,0.000000,0.000,-10.558,-10.200,0.000000
99.055214,-51.317,-144.914780,0.000000,0.000,-10.567,-10.209,0.000000
99.398102,-50.789,-143.852890,0.000000,0.000,-10.576,-10.219,0.000000
99.742180,-49.352,-141.208282,0.000000,0.000,-10.586,-10.229,0.000000
100.087448,-48.012,-143.057602,0.000000,0.000,-10.595,-10.238,0.000000
100.433914,-47.781,-144.578476,0.000000,0.000,-10.604,-10.248,0.000000
100.781578,-47.441,-140.079346,0.000000,0.000,-10.614,-10.258,0.000000
101.130447,-47.112,-138.801132,0.000000,0.000,-10.623,-10.268,0.000000
101.480522,-46.723,-135.726624,0.000000,0.000,-10.632,-10.278,0.000000
101.831802,-45.845,-133.881241,0.000000,0.000,-10.642,-10.287,0.000000
102.184258,-42.036,-139.706833,0.000000,0.000,-10.651,-10.297,0.000000
102.538033,-42.329,-145.373352,0.000000,0.000,-10.661,-10.307,0.000000
102.892975,-42.830,-156.509399,0.000000,0.000,-10.670,-10.317,0.000000
103.249153,-43.394,-161.923264,0.000000,0.000,-10.680,-10.327,0.000000
103.606514,-43.432,-161.791733,0.000000,0.000,-10.690,-10.337,0.000000
103.965157,-43.427,-165.431198,0.000000,0.000,-10.699,-10.347,0.000000
104.325050,-43.418,-165.136322,0.000000,0.000,-10.709,-10.357,0.000000
104.686180,-43.460,-166.178680,0.000000,0.000,-10.719,-10.368,0.000000
105.048561,-43.721,-164.960968,0.000000,0.000,-10.729,-10.378,0.000000
105.412201,-47.718,-162.984589,0.000000,0.000,-10.738,-10.388,0.000000
105.777100,-49.357,-153.922684,0.000000,0.000,-10.748,-10.398,0.000000
106.143257,-49.219,-146.978439,0.000000,0.000,-10.758,-10.409,0.000000
106.510689,-48.787,-140.194305,0.000000,0.000,-10.768,-10.419,0.000000
106.879387,-48.647,-136.941788,0.000000,0.000,-10.778,-10.429,0.000000
107.249359,-48.346,-132.482193,0.000000,0.000,-10.788,-10.440,0.000000
107.620613,-48.209,-129.839905,0.000000,0.000,-10.798,-10.450,0.000000
107.993156,-48.200,-126.800316,0.000000,0.000,-10.808,-10.461,0.000000
108.366936,-47.369,-123.132370,0.000000,0.000,-10.818,-10.471,0.000000
108.742065,-46.964,-125.021797,0.000000,0.000,-10.828,-10.482,0.000000
109.118484,-46.539,-126.131348,0.000000,0.000,-10.838,-10.492,0.000000
109.496208,-46.281,-128.126816,0.000000,0.000,-10.848,-10.503,0.000000
109.875244,-46.109,-128.822113,0.000000,0.000,-10.859,-10.513,0.000000
110.255592,-45.740,-130.040100,0.000000,0.000,-10.869,-10.524,0.000000
110.637253,-45.344,-131.631363,0.000000,0.000,-10.879,-10.535,0.000000
111.020241,-44.428,-130.755615,0.000000,0.000,-10.889,-10.546,0.000000
111.404549,-42.667,-134.800140,0.000000,0.000,-10.900,-10.556,0.000000
111.790184,-42.165,-141.017517,0.000000,0.000,-10.910,-10.567,0.000000
112.177162,-42.187,-143.718811,0.000000,0.000,-10.921,-10.578,0.000000
112.565475,-42.134,-144.703033,0.000000,0.000,-10.931,-10.589,0.000000
112.955132,-42.017,-141.852692,0.000000,0.000,-10.942,-10.600,0.000000
113.346085,-42.257,-140.873077,0.000000,0.000,-10.952,-10.611,0.000000
113.738503,-42.226,-140.789139,0.000000,0.000,-10.963,-10.622,0.000000
114.132164,-41.897,-145.511398,0.000000,0.000,-10.973,-10.633,0.000000
114.527306,-41.990,-149.486755,0.000000,0.000,-10.984,-10.644,0.000000
114.923698,-42.656,-154.428238,0.000000,0.000,-10.995,-10.655,0.000000
115.321518,-42.963,-152.640167,0.000000,0.000,-11.005,-10.666,0.000000
115.720718,-42.071,-149.056595,0.000000,0.000,-11.016,-10.678,0.000000
116.121300,-40.833,-146.850677,0.000000,0.000,-11.027,-10.689,0.000000
116.523270,-38.572,-144.372711,0.000000,0.000,-11.038,-10.700,0.000000
116.926628,-37.624,-145.599991,0.000000,0.000,-11.049,-10.712,0.000000
117.331383,-37.178,-142.314804,0.000000,0.000,-11.060,-10.723,0.000000
117.737541,-37.236,-138.592072,0.000000,0.000,-11.070,-10.734,0.000000
118.145103,-37.286,-130.495239,0.000000,0.000,-11.081,-10.746,0.000000
118.554016,-37.241,-127.304779,0.000000,0.000,-11.092,-10.757,0.000000
118.964462,-36.322,-132.605026,0.000000,0.000,-11.104,-10.769,0.000000
119.376213,-34.435,-136.550949,0.000000,0.000,-11.115,-10.780,0.000000
119.789505,-32.081,-139.951752,0.000000,0.000,-11.126,-10.792,0.000000
120.204117,-29.071,-138.334625,0.000000,0.000,-11.137,-10.804,0.000000
120.620216,-27.954,-130.297852,0.000000,0.000,-11.148,-10.815,0.000000
121.037758,-27.330,-126.838188,0.000000,0.000,-11.159,-10.827,0.000000
121.456741,-26.965,-127.721184,0.000000,0.000,-11.171,-10.839,0.000000
121.877174,-26.257,-170.714279,0.000000,0.000,-11.182,-10.851,0.000000
122.299072,-25.828,158.740021,0.000000,0.000,-11.193,-10.863,0.000000
122.722420,-25.531,149.632324,0.000000,0.000,-11.205,-10.874,0.000000
123.147240,-25.561,146.353531,0.000000,0.000,-11.216,-10.886,0.000000
123.573532,-26.263,135.023026,0.000000,0.000,-11.228,-10.898,0.000000
124.001297,-27.421,140.818741,0.000000,0.000,-11.239,-10.910,0.000000
124.430542,-28.715,147.806885,0.000000,0.000,-11.251,-10.922,0.000000
124.861267,-29.688,162.412674,0.000000,0.000,-11.262,-10.935,0.000000
125.293488,-30.394,-179.681686,0.000000,0.000,-11.270,-10.942,0.000000
125.727150,-30.817,-170.505783,0.000000,0.001,-11.275,-10.947,0.000000
126.162369,-30.513,-163.994125,0.000000,0.001,-11.280,-10.952,0.000000
126.599091,-30.572,-151.477951,0.000000,0.002,-11.285,-10.957,0.000000
127.037331,-30.968,-153.328369,0.000000,0.002,-11.291,-10.963,0.000000
127.477089,-32.026,159.729752,0.000000,0.003,-11.296,-10.968,0.000000
127.918365,-32.903,159.754028,0.000000,0.003,-11.301,-10.973,0.000000
128.361160,-34.067,140.222717,0.000000,0.004,-11.307,-10.978,0.000000
128.805511,-34.707,96.097870,0.000000,0.004,-11.312,-10.984,0.000000
129.251373,-35.044,105.770523,0.000000,0.005,-11.317,-10.989,0.000000
129.698792,-34.766,123.113045,0.000000,0.005,-11.323,-10.994,0.000000
130.147766,-36.066,122.060776,0.000000,0.005,-11.328,-11.000,0.000000
130.598282,-39.347,132.708435,0.000000,0.006,-11.334,-11.005,0.000000
131.050369,-40.168,140.018585,0.000000,0.006,-11.339,-11.011,0.000000
131.503952,-40.789,144.703461,0.000000,0.007,-11.344,-11.016,0.000000
131.959229,-41.666,146.011230,0.000000,0.007,-11.350,-11.021,0.000000
132.415955,-41.070,134.269318,0.000000,0.008,-11.355,-11.027,0.000000
132.874329,-40.392,135.656891,0.000000,0.008,-11.361,-11.032,0.000000
133.334290,-40.375,139.232254,0.000000,0.009,-11.366,-11.038,0.000000
133.795853,-40.893,134.169891,0.000000,0.009,-11.372,-11.043,0.000000
134.259003,-40.795,138.542892,0.000000,0.010,-11.378,-11.049,0.000000
134.723755,-40.515,140.422348,0.000000,0.010,-11.383,-11.054,0.000000
135.190109,-40.906,137.775986,0.000000,0.011,-11.389,-11.060,0.000000
135.658081,-40.810,132.202835,0.000000,0.011,-11.394,-11.065,0.000000
136.127686,-40.878,127.877373,0.000000,0.012,-11.400,-11.071,0.000000
136.598907,-40.838,132.181625,0.000000,0.012,-11.406,-11.077,0.000000
137.071762,-41.427,129.182144,0.000000,0.013,-11.411,-11.082,0.000000
137.546249,-41.613,123.132271,0.000000,0.013,-11.417,-11.088,0.000000
138.022385,-41.670,120.200844,0.000000,0.014,-11.423,-11.094,0.000000
138.500092,-41.712,117.719383,0.000000,0.014,-11.429,-11.099,0.000000
138.979599,-42.014,118.281456,0.000000,0.015,-11.434,-11.105,0.000000
139.460617,-42.114,116.483406,0.000000,0.015,-11.440,-11.111,0.000000
139.943375,-42.652,112.914818,0.000000,0.016,-11.446,-11.117,0.000000
140.427811,-42.837,107.712677,0.000000,0.016,-11.452,-11.122,0.000000
140.913925,-42.892,105.178604,0.000000,0.017,-11.458,-11.128,0.000000
141.401703,-43.014,108.956543,0.000000,0.017,-11.464,-11.134,0.000000
141.891190,-42.393,113.819160,0.000000,0.018,-11.469,-11.140,0.000000
142.382355,-42.897,113.507614,0.000000,0.018,-11.475,-11.146,0.000000
142.875229,-43.119,114.774986,0.000000,0.019,-11.481,-11.151,0.000000
143.369812,-43.648,111.722374,0.000000,0.019,-11.487,-11.157,0.000000
143.866104,-42.778,114.071358,0.000000,0.020,-11.493,-11.163,0.000000
144.364120,-42.118,114.767204,0.000000,0.021,-11.499,-11.169,0.000000
144.863785,-42.737,115.130249,0.000000,0.021,-11.505,-11.175,0.000000
145.365311,-42.735,115.594635,0.000000,0.022,-11.511,-11.181,0.000000
145.868439,-42.104,113.992073,0.000000,0.022,-11.517,-11.187,0.000000
146.373383,-41.561,109.960716,0.000000,0.023,-11.523,-11.193,0.000000
146.880066,-41.383,104.464890,0.000000,0.023,-11.529,-11.199,0.000000
147.388504,-41.450,106.784554,0.000000,0.024,-11.536,-11.205,0.000000
147.898712,-41.014,107.578278,0.000000,0.024,-11.542,-11.211,0.000000
148.410675,-41.092,112.827118,0.000000,0.025,-11.548,-11.217,0.000000
148.924423,-41.721,113.327499,0.000000,0.025,-11.554,-11.224,0.000000
149.439941,-41.561,114.879761,0.000000,0.026,-11.560,-11.230,0.000000
149.957245,-41.562,121.757431,0.000000,0.026,-11.566,-11.236,0.000000
150.476334,-42.333,122.469223,0.000000,0.027,-11.573,-11.242,0.000000
150.997238,-43.407,119.671295,0.000000,0.028,-11.579,-11.248,0.000000
151.519852,-44.266,136.626663,0.000000,0.028,-11.585,-11.255,0.000000
152.044434,-44.383,130.625015,0.000000,0.029,-11.592,-11.261,0.000000
152.570679,-44.440,139.414902,0.000000,0.029,-11.598,-11.267,0.000000
153.098892,-44.719,123.693314,0.000000,0.030,-11.604,-11.273,0.000000
153.628784,-42.922,128.313461,0.000000,0.030,-11.611,-11.280,0.000000
154.160660,-41.748,139.932693,0.000000,0.031,-11.617,-11.286,0.000000
154.694229,-41.287,126.688828,0.000000,0.032,-11.623,-11.292,0.000000
155.229797,-40.388,138.246460,0.000000,0.032,-11.630,-11.299,0.000000
155.767075,-39.670,140.817932,0.000000,0.033,-11.636,-11.305,0.000000
156.306274,-38.880,134.176514,0.000000,0.033,-11.643,-11.312,0.000000
156.847351,-36.965,146.243820,0.000000,0.034,-11.649,-11.318,0.000000
157.390305,-33.622,128.949097,0.000000,0.034,-11.656,-11.324,0.000000
157.935120,-32.936,152.142288,0.000000,0.035,-11.662,-11.331,0.000000
158.481750,-32.569,151.981201,0.000000,0.036,-11.669,-11.337,0.000000
159.030441,-32.373,144.111603,0.000000,0.036,-11.676,-11.344,0.000000
159.580856,-32.113,151.110519,0.000000,0.037,-11.682,-11.351,0.000000
160.133347,-29.941,143.863739,0.000000,0.037,-11.689,-11.357,0.000000
160.687592,-28.392,128.935455,0.000000,0.038,-11.696,-11.364,0.000000
161.243912,-27.418,110.726639,0.000000,0.038,-11.702,-11.370,0.000000
161.801987,-25.973,126.546257,0.000000,0.039,-11.709,-11.377,0.000000
162.362167,-25.974,153.294601,0.000000,0.040,-11.716,-11.384,0.000000
162.924133,-25.564,35.646904,0.000000,0.040,-11.722,-11.390,0.000000
163.488113,-25.461,131.767456,0.000000,0.041,-11.729,-11.397,0.000000
164.054047,-25.480,1.421829,0.000000,0.041,-11.736,-11.404,0.000000
164.621933,-24.921,135.686707,0.000000,0.042,-11.743,-11.411,0.000000
165.191788,-25.195,-154.774139,0.000000,0.043,-11.750,-11.417,0.000000
165.763535,-25.821,-153.103363,0.000000,0.043,-11.757,-11.424,0.000000
166.337433,-24.508,156.830002,0.000000,0.044,-11.763,-11.431,0.000000
166.913147,-24.934,-156.315247,0.000000,0.044,-11.770,-11.438,0.000000
167.491013,-25.848,121.016235,0.000000,0.045,-11.777,-11.445,0.000000
168.070801,-26.032,147.925690,0.000000,0.046,-11.784,-11.452,0.000000
168.652603,-26.456,122.199715,0.000000,0.046,-11.791,-11.459,0.000000
169.236328,-26.429,111.157341,0.000000,0.047,-11.798,-11.466,0.000000
169.822250,-27.432,96.821754,0.000000,0.048,-11.805,-11.473,0.000000
170.410019,-28.819,102.004295,0.000000,0.048,-11.812,-11.480,0.000000
170.999924,-28.958,131.901810,0.000000,0.049,-11.820,-11.487,0.000000
171.591858,-32.875,116.805779,0.000000,0.049,-11.827,-11.494,0.000000
172.185837,-35.643,101.769798,0.000000,0.050,-11.834,-11.501,0.000000
172.781876,-36.406,108.763573,0.000000,0.051,-11.841,-11.508,0.000000
173.379990,-37.785,108.986160,0.000000,0.051,-11.848,-11.515,0.000000
173.980164,-37.626,104.666122,0.000000,0.052,-11.855,-11.522,0.000000
174.582336,-37.761,103.026100,0.000000,0.053,-11.863,-11.529,0.000000
175.186752,-37.916,99.845955,0.000000,0.053,-11.870,-11.537,0.000000
175.793182,-37.968,97.960548,0.000000,0.054,-11.877,-11.544,0.000000
176.401703,-40.018,92.433746,0.000000,0.055,-11.885,-11.551,0.000000
177.012253,-40.321,94.049904,0.000000,0.055,-11.892,-11.558,0.000000
177.625092,-40.055,98.227844,0.000000,0.056,-11.899,-11.566,0.000000
178.239883,-39.872,93.960243,0.000000,0.056,-11.907,-11.573,0.000000
178.856964,-40.698,93.490234,0.000000,0.057,-11.914,-11.580,0.000000
179.476013,-41.564,95.281654,0.000000,0.058,-11.922,-11.588,0.000000
180.097290,-42.310,100.480576,0.000000,0.058,-11.929,-11.595,0.000000
180.720718,-41.874,104.857071,0.000000,0.059,-11.937,-11.603,0.000000
181.346298,-41.976,101.112984,0.000000,0.060,-11.944,-11.610,0.000000
181.974045,-42.073,106.461174,0.000000,0.060,-11.952,-11.618,0.000000
182.603882,-41.592,110.511650,0.000000,0.061,-11.959,-11.625,0.000000
183.236084,-40.253,108.708702,0.000000,0.062,-11.967,-11.633,0.000000
183.870377,-40.817,110.290413,0.000000,0.062,-11.974,-11.640,0.000000
184.506866,-40.738,107.403145,0.000000,0.063,-11.982,-11.648,0.000000
185.145462,-40.858,108.880638,0.000000,0.064,-11.990,-11.655,0.000000
185.786453,-40.468,104.855301,0.000000,0.064,-11.997,-11.663,0.000000
186.429489,-40.960,107.000847,0.000000,0.065,-12.005,-11.671,0.000000
187.074921,-41.097,118.167122,0.000000,0.066,-12.013,-11.678,0.000000
187.722412,-41.492,116.647827,0.000000,0.067,-12.021,-11.686,0.000000
188.372238,-42.915,105.775696,0.000000,0.067,-12.029,-11.694,0.000000
189.024307,-44.746,102.418045,0.000000,0.068,-12.036,-11.702,0.000000
189.678650,-45.128,109.482445,0.000000,0.069,-12.044,-11.709,0.000000
190.335236,-45.183,113.713562,0.000000,0.069,-12.052,-11.717,0.000000
190.994110,-45.121,111.421967,0.000000,0.070,-12.060,-11.725,0.000000
191.655258,-45.703,109.796227,0.000000,0.071,-12.068,-11.733,0.000000
192.318695,-45.826,103.897079,0.000000,0.071,-12.076,-11.741,0.000000
192.984421,-45.243,107.060402,0.000000,0.072,-12.084,-11.749,0.000000
193.652374,-44.081,106.251030,0.000000,0.073,-12.092,-11.757,0.000000
194.322815,-42.584,117.532219,0.000000,0.074,-12.100,-11.765,0.000000
194.995392,-42.109,122.393661,0.000000,0.074,-12.108,-11.773,0.000000
195.670486,-40.679,121.619270,0.000000,0.075,-12.116,-11.781,0.000000
196.347733,-39.372,125.052605,0.000000,0.076,-12.125,-11.789,0.000000
197.027405,-38.596,130.268738,0.000000,0.076,-12.133,-11.797,0.000000
197.709442,-37.966,136.519409,0.000000,0.077,-12.141,-11.805,0.000000
198.393829,-37.933,134.037277,0.000000,0.078,-12.149,-11.813,0.000000
199.080597,-38.143,128.511078,0.000000,0.079,-12.157,-11.821,0.000000
199.769745,-38.670,123.266037,0.000000,0.079,-12.166,-11.830,0.000000
200.461258,-39.370,123.268425,0.000000,0.080,-12.174,-11.838,0.000000
201.155182,-39.672,121.327400,0.000000,0.081,-12.182,-11.846,0.000000
201.851501,-40.095,119.140488,0.000000,0.082,-12.191,-11.854,0.000000
202.550232,-41.491,108.490005,0.000000,0.082,-12.199,-11.863,0.000000
203.251389,-42.566,108.010483,0.000000,0.083,-12.208,-11.871,0.000000
203.954865,-42.765,112.173790,0.000000,0.084,-12.216,-11.880,0.000000
204.660980,-43.050,117.155434,0.000000,0.085,-12.225,-11.888,0.000000
205.369339,-42.537,115.403381,0.000000,0.085,-12.233,-11.896,0.000000
206.080246,-41.642,110.032959,0.000000,0.086,-12.242,-11.905,0.000000
206.793625,-40.687,110.268135,0.000000,0.087,-12.250,-11.913,0.000000
207.509567,-40.174,109.271782,0.000000,0.088,-12.259,-11.922,0.000000
208.227783,-40.022,106.458488,0.000000,0.088,-12.267,-11.930,0.000000
208.948685,-39.372,111.837906,0.000000,0.089,-12.276,-11.939,0.000000
209.671890,-36.879,109.190567,0.000000,0.090,-12.285,-11.948,0.000000
210.397690,-36.685,97.895187,0.000000,0.091,-12.294,-11.956,0.000000
211.126007,-36.752,84.058693,0.000000,0.091,-12.302,-11.965,0.000000
211.856842,-37.238,91.516663,0.000000,0.092,-12.311,-11.974,0.000000
212.590210,-36.621,103.574913,0.000000,0.093,-12.320,-11.982,0.000000
213.326019,-36.075,88.521194,0.000000,0.094,-12.329,-11.991,0.000000
214.064575,-35.887,82.518997,0.000000,0.094,-12.338,-12.000,0.000000
214.805481,-35.580,97.772606,0.000000,0.095,-12.347,-12.009,0.000000
215.549057,-35.206,103.343422,0.000000,0.096,-12.356,-12.018,0.000000
216.295197,-34.568,90.432762,0.000000,0.097,-12.364,-12.027,0.000000
217.044037,-32.746,83.789520,0.000000,0.098,-12.373,-12.036,0.000000
217.795258,-31.295,101.324158,0.000000,0.098,-12.383,-12.044,0.000000
218.549286,-30.378,91.431686,0.000000,0.099,-12.392,-12.053,0.000000
219.305710,-30.721,61.324760,0.000000,0.100,-12.401,-12.062,0.000000
220.064865,-30.274,57.928493,0.000000,0.101,-12.410,-12.072,0.000000
220.826645,-30.504,48.552532,0.000000,0.102,-12.419,-12.081,0.000000
221.591064,-30.726,9.748168,0.000000,0.102,-12.428,-12.090,0.000000
222.358124,-31.822,4.591783,0.000000,0.103,-12.437,-12.099,0.000000
223.127731,-32.838,176.237030,0.000000,0.104,-12.447,-12.108,0.000000
223.900223,-35.482,105.190468,0.000000,0.105,-12.456,-12.117,0.000000
224.675171,-36.458,73.258224,0.000000,0.106,-12.465,-12.126,0.000000
225.453018,-34.713,67.638885,0.000000,0.107,-12.475,-12.136,0.000000
226.233337,-35.058,89.003365,0.000000,0.107,-12.484,-12.145,0.000000
227.016586,-36.595,96.555061,0.000000,0.108,-12.493,-12.154,0.000000
227.802322,-36.569,94.273346,0.000000,0.109,-12.503,-12.164,0.000000
228.590988,-36.748,84.727753,0.000000,0.110,-12.512,-12.173,0.000000
229.382187,-36.724,67.910339,0.000000,0.111,-12.522,-12.183,0.000000
230.176208,-37.200,58.193401,0.000000,0.112,-12.531,-12.192,0.000000
230.972992,-37.610,55.303829,0.000000,0.112,-12.541,-12.202,0.000000
231.772537,-38.294,59.653629,0.000000,0.113,-12.551,-12.211,0.000000
232.574844,-43.568,58.612171,0.000000,0.114,-12.560,-12.221,0.000000
233.379822,-44.513,57.171879,0.000000,0.115,-12.570,-12.230,0.000000
234.187805,-44.500,70.430244,0.000000,0.116,-12.580,-12.240,0.000000
234.998352,-45.318,97.626816,0.000000,0.117,-12.589,-12.250,0.000000
235.811935,-44.335,107.289070,0.000000,0.118,-12.599,-12.259,0.000000
236.628113,-42.892,125.387604,0.000000,0.118,-12.609,-12.269,0.000000
237.447342,-42.092,135.318848,0.000000,0.119,-12.619,-12.279,0.000000
238.269180,-41.088,122.875725,0.000000,0.120,-12.629,-12.289,0.000000
239.094101,-40.217,116.831062,0.000000,0.121,-12.639,-12.298,0.000000
239.921631,-37.420,127.099762,0.000000,0.122,-12.649,-12.308,0.000000
240.752151,-36.644,142.378998,0.000000,0.123,-12.659,-12.318,0.000000
241.585541,-35.993,132.091904,0.000000,0.124,-12.669,-12.328,0.000000
242.421814,-35.352,101.737732,0.000000,0.125,-12.679,-12.338,0.000000
243.260986,-34.117,122.535500,0.000000,0.125,-12.689,-12.348,0.000000
244.102951,-29.651,121.693642,0.000000,0.126,-12.699,-12.358,0.000000
244.948059,-28.263,128.656250,0.000000,0.127,-12.709,-12.368,0.000000
245.795975,-27.645,145.764526,0.000000,0.128,-12.719,-12.378,0.000000
246.646820,-27.115,160.414429,0.000000,0.129,-12.730,-12.388,0.000000
247.500626,-27.512,160.486420,0.000000,0.130,-12.740,-12.399,0.000000
248.357376,-27.791,142.145889,0.000000,0.131,-12.750,-12.409,0.000000
249.216980,-27.562,152.522247,0.000000,0.132,-12.761,-12.419,0.000000
250.079788,-27.831,152.851135,0.000000,0.133,-12.770,-12.429,0.000000
250.945343,-28.580,145.037354,0.000000,0.133,-12.772,-12.430,0.000000
251.814026,-33.392,137.952103,0.000000,0.133,-12.773,-12.432,0.000000
252.685715,-35.528,127.252312,0.000000,0.133,-12.775,-12.434,0.000000
253.560410,-37.129,132.009430,0.000000,0.133,-12.776,-12.436,0.000000
254.438141,-41.482,131.300140,0.000000,0.132,-12.778,-12.437,0.000000
255.318909,-42.173,121.646790,0.000000,0.132,-12.780,-12.439,0.000000
256.202728,-42.291,127.916878,0.000000,0.132,-12.781,-12.441,0.000000
257.089600,-42.560,123.231232,0.000000,0.132,-12.783,-12.443,0.000000
257.979553,-42.587,131.909073,0.000000,0.132,-12.784,-12.445,0.000000
258.872559,-43.147,128.005844,0.000000,0.132,-12.786,-12.446,0.000000
259.768677,-42.869,128.803650,0.000000,0.132,-12.788,-12.448,0.000000
260.667786,-41.980,122.893051,0.000000,0.132,-12.789,-12.450,0.000000
261.570251,-41.057,122.120621,0.000000,0.132,-12.791,-12.452,0.000000
262.475555,-40.870,120.874718,0.000000,0.132,-12.793,-12.454,0.000000
263.384277,-40.490,122.755493,0.000000,0.132,-12.794,-12.456,0.000000
264.295898,-40.847,120.693909,0.000000,0.132,-12.796,-12.458,0.000000
265.210785,-40.774,115.618858,0.000000,0.132,-12.798,-12.459,0.000000
266.128845,-39.963,110.116295,0.000000,0.132,-12.799,-12.461,0.000000
267.050201,-39.517,107.509666,0.000000,0.132,-12.801,-12.463,0.000000
267.974518,-39.378,108.572891,0.000000,0.132,-12.803,-12.465,0.000000
268.902130,-40.053,107.369583,0.000000,0.132,-12.804,-12.467,0.000000
269.832977,-40.012,100.270874,0.000000,0.132,-12.806,-12.469,0.000000
270.767029,-40.022,99.912971,0.000000,0.132,-12.808,-12.471,0.000000
271.704315,-39.980,100.597687,0.000000,0.132,-12.809,-12.473,0.000000
272.644714,-40.070,97.683250,0.000000,0.132,-12.811,-12.475,0.000000
273.588654,-40.349,99.197205,0.000000,0.132,-12.813,-12.476,0.000000
274.535583,-40.779,100.588135,0.000000,0.132,-12.815,-12.478,0.000000
275.486053,-41.107,101.279205,0.000000,0.132,-12.816,-12.480,0.000000
276.439545,-41.022,97.475739,0.000000,0.132,-12.818,-12.482,0.000000
277.396454,-41.012,101.081268,0.000000,0.132,-12.820,-12.484,0.000000
278.356689,-40.614,97.951996,0.000000,0.132,-12.821,-12.486,0.000000
279.320404,-40.527,95.681923,0.000000,0.132,-12.823,-12.488,0.000000
280.287170,-40.136,91.769630,0.000000,0.132,-12.825,-12.490,0.000000
281.257416,-40.038,92.041031,0.000000,0.132,-12.827,-12.492,0.000000
282.231018,-40.111,90.588524,0.000000,0.132,-12.829,-12.494,0.000000
283.207977,-40.232,86.648750,0.000000,0.132,-12.830,-12.496,0.000000
284.188354,-39.822,83.782425,0.000000,0.132,-12.832,-12.498,0.000000
285.171967,-39.651,83.489021,0.000000,0.132,-12.834,-12.500,0.000000
286.159271,-39.553,82.314285,0.000000,0.132,-12.836,-12.502,0.000000
287.149689,-39.952,83.175049,0.000000,0.132,-12.837,-12.504,0.000000
288.143829,-40.190,83.912849,0.000000,0.132,-12.839,-12.506,0.000000
289.141144,-40.521,83.995628,0.000000,0.132,-12.841,-12.508,0.000000
290.142029,-40.549,81.854607,0.000000,0.131,-12.843,-12.510,0.000000
291.146393,-40.437,79.303299,0.000000,0.131,-12.845,-12.512,0.000000
292.154358,-40.991,81.172546,0.000000,0.131,-12.847,-12.514,0.000000
293.165558,-41.542,81.336273,0.000000,0.131,-12.848,-12.516,0.000000
294.180389,-40.618,83.065094,0.000000,0.131,-12.850,-12.518,0.000000
295.198730,-40.382,83.973335,0.000000,0.131,-12.852,-12.521,0.000000
296.220581,-40.259,81.202240,0.000000,0.131,-12.854,-12.523,0.000000
297.246002,-39.195,76.662148,0.000000,0.131,-12.856,-12.525,0.000000
298.274933,-39.095,76.064880,0.000000,0.131,-12.858,-12.527,0.000000
299.307465,-39.338,75.928352,0.000000,0.131,-12.860,-12.529,0.000000
300.343414,-39.130,79.499496,0.000000,0.131,-12.861,-12.531,0.000000
301.383209,-39.626,87.890343,0.000000,0.131,-12.863,-12.533,0.000000
302.426361,-39.991,85.947662,0.000000,0.131,-12.865,-12.535,0.000000
303.473389,-40.837,83.237434,0.000000,0.131,-12.867,-12.537,0.000000
304.523743,-40.954,83.627205,0.000000,0.131,-12.869,-12.540,0.000000
305.578033,-41.801,84.701942,0.000000,0.131,-12.871,-12.542,0.000000
306.635681,-43.218,88.385963,0.000000,0.131,-12.873,-12.544,0.000000
307.697266,-42.661,83.929893,0.000000,0.131,-12.875,-12.546,0.000000
308.762268,-41.386,85.141754,0.000000,0.131,-12.877,-12.548,0.000000
309.831085,-39.713,77.240166,0.000000,0.131,-12.879,-12.550,0.000000
310.903595,-38.355,70.747742,0.000000,0.131,-12.881,-12.553,0.000000
311.979828,-38.192,66.552864,0.000000,0.131,-12.883,-12.555,0.000000
313.059784,-38.419,67.262810,0.000000,0.131,-12.885,-12.557,0.000000
314.143311,-38.224,65.255753,0.000000,0.131,-12.887,-12.559,0.000000
315.230927,-38.354,56.225765,0.000000,0.131,-12.888,-12.561,0.000000
316.322113,-37.819,53.041973,0.000000,0.131,-12.890,-12.564,0.000000
317.417114,-38.551,55.017719,0.000000,0.131,-12.892,-12.566,0.000000
318.515747,-39.566,58.027149,0.000000,0.131,-12.894,-12.568,0.000000
319.618469,-39.855,68.228828,0.000000,0.131,-12.896,-12.570,0.000000
320.724701,-36.808,69.113060,0.000000,0.131,-12.898,-12.573,0.000000
321.835083,-34.824,55.389500,0.000000,0.131,-12.900,-12.575,0.000000
322.949005,-32.477,73.562172,0.000000,0.131,-12.903,-12.577,0.000000
324.066925,-32.041,85.548141,0.000000,0.131,-12.905,-12.579,0.000000
325.188721,-30.800,104.609467,0.000000,0.131,-12.907,-12.582,0.000000
326.314392,-29.273,118.314133,0.000000,0.130,-12.909,-12.584,0.000000
327.443970,-28.662,116.291756,0.000000,0.130,-12.911,-12.586,0.000000
328.577301,-26.510,144.390915,0.000000,0.130,-12.913,-12.589,0.000000
329.714874,-26.094,115.529587,0.000000,0.130,-12.915,-12.591,0.000000
330.856232,-26.495,128.697617,0.000000,0.130,-12.917,-12.593,0.000000
332.001526,-27.141,125.223213,0.000000,0.130,-12.919,-12.596,0.000000
333.150635,-27.422,105.764641,0.000000,0.130,-12.921,-12.598,0.000000
334.304016,-27.537,98.602272,0.000000,0.130,-12.923,-12.600,0.000000
335.461090,-28.480,86.629951,0.000000,0.130,-12.925,-12.603,0.000000
336.622498,-29.153,90.868034,0.000000,0.130,-12.927,-12.605,0.000000
337.787598,-30.238,93.577972,0.000000,0.130,-12.929,-12.607,0.000000
338.956879,-34.212,94.837418,0.000000,0.130,-12.932,-12.610,0.000000
340.130219,-35.060,88.031952,0.000000,0.130,-12.934,-12.612,0.000000
341.307617,-36.338,88.913277,0.000000,0.130,-12.936,-12.615,0.000000
342.489105,-37.258,80.810577,0.000000,0.130,-12.938,-12.617,0.000000
343.674652,-38.091,83.400230,0.000000,0.130,-12.940,-12.619,0.000000
344.864319,-39.532,80.473312,0.000000,0.130,-12.942,-12.622,0.000000
346.058105,-40.252,77.369476,0.000000,0.130,-12.944,-12.624,0.000000
347.256042,-40.970,78.305168,0.000000,0.130,-12.947,-12.627,0.000000
348.457947,-40.797,76.481461,0.000000,0.130,-12.949,-12.629,0.000000
349.664337,-40.510,75.826668,0.000000,0.130,-12.951,-12.632,0.000000
350.874573,-40.709,75.067482,0.000000,0.130,-12.953,-12.634,0.000000
352.089325,-41.225,78.835899,0.000000,0.130,-12.955,-12.637,0.000000
353.307953,-41.755,77.124931,0.000000,0.130,-12.958,-12.639,0.000000
354.530975,-42.489,74.742134,0.000000,0.130,-12.960,-12.642,0.000000
355.758240,-41.661,77.278175,0.000000,0.130,-12.962,-12.644,0.000000
356.989716,-41.504,72.304337,0.000000,0.130,-12.964,-12.647,0.000000
358.225494,-41.147,65.695351,0.000000,0.130,-12.967,-12.649,0.000000
359.465515,-38.667,55.362949,0.000000,0.130,-12.969,-12.652,0.000000
360.709869,-36.089,54.962196,0.000000,0.130,-12.971,-12.654,0.000000
361.958496,-34.968,46.772198,0.000000,0.129,-12.973,-12.657,0.000000
363.211456,-32.569,42.352654,0.000000,0.129,-12.976,-12.659,0.000000
364.468750,-31.576,52.927784,0.000000,0.129,-12.978,-12.662,0.000000
365.730408,-31.025,43.640247,0.000000,0.129,-12.980,-12.664,0.000000
366.996246,-29.992,38.824059,0.000000,0.129,-12.983,-12.667,0.000000
368.266815,-28.844,49.993851,0.000000,0.129,-12.985,-12.670,0.000000
369.541443,-26.524,58.035847,0.000000,0.129,-12.987,-12.672,0.000000
370.820648,-25.533,63.494293,0.000000,0.129,-12.989,-12.675,0.000000
372.104309,-25.803,90.334335,0.000000,0.129,-12.992,-12.677,0.000000
373.392395,-26.609,95.464958,0.000000,0.129,-12.994,-12.680,0.000000
374.684937,-26.419,142.368652,0.000000,0.129,-12.997,-12.683,0.000000
375.982117,-26.839,169.457169,0.000000,0.129,-12.999,-12.685,0.000000
377.283447,-27.189,111.960281,0.000000,0.129,-13.001,-12.688,0.000000
378.589447,-28.290,72.286034,0.000000,0.129,-13.004,-12.691,0.000000
379.899994,-28.911,86.225800,0.000000,0.129,-13.006,-12.693,0.000000
381.215057,-33.187,107.558594,0.000000,0.129,-13.008,-12.696,0.000000
382.534668,-35.364,97.155930,0.000000,0.129,-13.011,-12.699,0.000000
383.858673,-35.283,105.374176,0.000000,0.129,-13.013,-12.701,0.000000
385.187622,-35.365,94.779785,0.000000,0.129,-13.016,-12.704,0.000000
386.520813,-37.131,82.570427,0.000000,0.129,-13.018,-12.707,0.000000
387.859009,-35.686,75.929077,0.000000,0.129,-13.020,-12.710,0.000000
389.201416,-35.385,72.316818,0.000000,0.129,-13.023,-12.712,0.000000
390.548889,-35.375,78.638885,0.000000,0.129,-13.025,-12.715,0.000000
391.900635,-34.290,71.576248,0.000000,0.129,-13.028,-12.718,0.000000
393.257416,-34.273,72.345482,0.000000,0.129,-13.030,-12.721,0.000000
394.618530,-33.776,69.300903,0.000000,0.129,-13.033,-12.723,0.000000
395.984558,-33.115,67.095314,0.000000,0.129,-13.035,-12.726,0.000000
397.355316,-33.418,78.750854,0.000000,0.129,-13.038,-12.729,0.000000
398.730804,-33.395,80.984543,0.000000,0.128,-13.040,-12.732,0.000000
400.111053,-34.741,76.749077,0.000000,0.128,-13.043,-12.735,0.000000
401.495880,-34.924,69.245331,0.000000,0.128,-13.045,-12.737,0.000000
402.885895,-36.801,61.424927,0.000000,0.128,-13.048,-12.740,0.000000
404.280365,-37.088,55.156895,0.000000,0.128,-13.050,-12.743,0.000000
405.679993,-37.674,53.944893,0.000000,0.128,-13.053,-12.746,0.000000
407.084106,-41.139,51.923203,0.000000,0.128,-13.055,-12.749,0.000000
408.493500,-42.804,54.207420,0.000000,0.128,-13.058,-12.752,0.000000
409.907349,-43.341,50.361519,0.000000,0.128,-13.061,-12.755,0.000000
411.326477,-43.783,52.142025,0.000000,0.128,-13.063,-12.757,0.000000
412.750122,-43.552,59.876968,0.000000,0.128,-13.066,-12.760,0.000000
414.178925,-43.014,64.894196,0.000000,0.128,-13.068,-12.763,0.000000
415.612640,-43.863,59.827835,0.000000,0.128,-13.071,-12.766,0.000000
417.051331,-44.433,68.618118,0.000000,0.128,-13.073,-12.769,0.000000
418.494995,-44.322,73.872330,0.000000,0.128,-13.076,-12.772,0.000000
419.943481,-43.538,82.017654,0.000000,0.128,-13.079,-12.775,0.000000
421.397369,-42.625,80.220352,0.000000,0.128,-13.081,-12.778,0.000000
422.855865,-40.212,94.903526,0.000000,0.128,-13.084,-12.781,0.000000
424.319855,-39.883,100.173630,0.000000,0.128,-13.087,-12.784,0.000000
425.788666,-39.090,98.780014,0.000000,0.128,-13.089,-12.787,0.000000
427.262604,-37.117,80.809822,0.000000,0.128,-13.092,-12.790,0.000000
428.741394,-34.887,103.290245,0.000000,0.128,-13.095,-12.793,0.000000
430.225739,-32.693,114.264069,0.000000,0.128,-13.097,-12.796,0.000000
431.714813,-31.721,105.729317,0.000000,0.128,-13.100,-12.799,0.000000
433.209259,-28.735,141.254364,0.000000,0.128,-13.103,-12.802,0.000000
434.708862,-27.731,127.877785,0.000000,0.127,-13.106,-12.805,0.000000
436.213654,-24.903,66.398079,0.000000,0.127,-13.108,-12.808,0.000000
437.723663,-24.347,84.151390,0.000000,0.127,-13.111,-12.811,0.000000
439.238892,-24.154,179.725021,0.000000,0.127,-13.114,-12.814,0.000000
440.759369,-24.035,-173.623199,0.000000,0.127,-13.117,-12.817,0.000000
442.285095,-24.345,-170.998520,0.000000,0.127,-13.119,-12.821,0.000000
443.816132,-24.539,161.649139,0.000000,0.127,-13.122,-12.824,0.000000
445.352448,-25.835,-1.130946,0.000000,0.127,-13.125,-12.827,0.000000
446.894073,-26.641,29.106960,0.000000,0.127,-13.128,-12.830,0.000000
448.440857,-29.320,71.653976,0.000000,0.127,-13.131,-12.833,0.000000
449.993408,-31.542,95.615417,0.000000,0.127,-13.133,-12.836,0.000000
451.550873,-32.804,98.571358,0.000000,0.127,-13.136,-12.839,0.000000
453.114197,-34.722,89.835312,0.000000,0.127,-13.139,-12.843,0.000000
454.682495,-36.769,86.686134,0.000000,0.127,-13.142,-12.846,0.000000
456.256409,-37.989,101.250984,0.000000,0.127,-13.145,-12.849,0.000000
457.835815,-38.381,109.162018,0.000000,0.127,-13.148,-12.852,0.000000
459.420654,-40.069,117.826233,0.000000,0.127,-13.150,-12.856,0.000000
461.010986,-39.852,113.163254,0.000000,0.127,-13.153,-12.859,0.000000
462.606842,-39.795,108.100647,0.000000,0.127,-13.156,-12.862,0.000000
464.208221,-39.654,110.733788,0.000000,0.127,-13.159,-12.865,0.000000
465.815125,-39.198,110.775803,0.000000,0.127,-13.162,-12.869,0.000000
467.427582,-37.950,111.329521,0.000000,0.127,-13.165,-12.872,0.000000
469.045410,-35.860,110.321739,0.000000,0.127,-13.168,-12.875,0.000000
470.669312,-35.331,106.617584,0.000000,0.126,-13.171,-12.878,0.000000
472.298340,-34.757,102.740746,0.000000,0.126,-13.174,-12.882,0.000000
473.933502,-32.757,101.947937,0.000000,0.126,-13.177,-12.885,0.000000
475.573853,-30.533,103.760025,0.000000,0.126,-13.180,-12.888,0.000000
477.220093,-30.427,99.681465,0.000000,0.126,-13.183,-12.892,0.000000
478.872040,-28.530,102.441895,0.000000,0.126,-13.186,-12.895,0.000000
480.529724,-27.768,100.721741,0.000000,0.126,-13.189,-12.899,0.000000
482.193146,-27.305,107.775299,0.000000,0.126,-13.192,-12.902,0.000000
483.862305,-26.526,103.483902,0.000000,0.126,-13.195,-12.905,0.000000
485.537262,-25.168,110.360741,0.000000,0.126,-13.198,-12.909,0.000000
487.217987,-24.011,106.245483,0.000000,0.126,-13.201,-12.912,0.000000
488.904541,-22.652,104.442757,0.000000,0.126,-13.204,-12.916,0.000000
490.596710,-20.332,114.985001,0.000000,0.126,-13.207,-12.919,0.000000
492.295197,-17.919,114.473854,0.000000,0.126,-13.210,-12.923,0.000000
493.999115,-17.118,83.280701,0.000000,0.126,-13.213,-12.926,0.000000
495.709381,-16.908,78.734085,0.000000,0.126,-13.216,-12.930,0.000000
497.425110,-17.028,102.772614,0.000000,0.126,-13.220,-12.933,0.000000
499.147003,-16.985,78.293304,0.000000,0.126,-13.223,-12.937,0.000000
500.874847,-17.447,81.959114,0.000000,0.125,-13.222,-12.936,0.000000
502.608917,-18.036,66.119392,0.000000,0.125,-13.217,-12.932,0.000000
504.348541,-19.875,68.287346,0.000000,0.125,-13.213,-12.927,0.000000
506.094391,-23.770,67.904266,0.000000,0.124,-13.208,-12.923,0.000000
507.846283,-25.649,67.165802,0.000000,0.124,-13.203,-12.919,0.000000
509.604279,-29.470,63.905537,0.000000,0.123,-13.199,-12.914,0.000000
511.368317,-30.890,62.836830,0.000000,0.123,-13.194,-12.910,0.000000
513.138489,-32.823,64.377655,0.000000,0.122,-13.189,-12.905,0.000000
514.914795,-35.462,64.138504,0.000000,0.122,-13.185,-12.901,0.000000
516.696960,-36.391,65.518852,0.000000,0.121,-13.180,-12.896,0.000000
518.485840,-37.253,64.919746,0.000000,0.121,-13.175,-12.892,0.000000
520.280334,-37.247,69.490669,0.000000,0.121,-13.170,-12.887,0.000000
522.081360,-37.727,68.611824,0.000000,0.120,-13.166,-12.883,0.000000
523.888611,-37.958,70.871422,0.000000,0.120,-13.161,-12.878,0.000000
525.702393,-37.797,71.828758,0.000000,0.119,-13.156,-12.874,0.000000
527.521912,-37.730,73.602272,0.000000,0.119,-13.151,-12.869,0.000000
529.348206,-37.567,74.583336,0.000000,0.118,-13.146,-12.864,0.000000
531.180359,-37.395,74.925888,0.000000,0.118,-13.141,-12.860,0.000000
533.019104,-37.250,75.145355,0.000000,0.117,-13.137,-12.855,0.000000
534.864258,-37.262,75.401367,0.000000,0.117,-13.132,-12.851,0.000000
536.715698,-36.928,71.881561,0.000000,0.116,-13.127,-12.846,0.000000
538.573608,-36.439,74.029747,0.000000,0.116,-13.122,-12.841,0.000000
540.437683,-36.032,73.119476,0.000000,0.115,-13.117,-12.836,0.000000
542.308777,-35.898,72.859795,0.000000,0.115,-13.112,-12.832,0.000000
544.185730,-35.901,73.882607,0.000000,0.115,-13.107,-12.827,0.000000
546.069763,-35.928,72.418686,0.000000,0.114,-13.102,-12.822,0.000000
547.959778,-36.127,69.083199,0.000000,0.114,-13.097,-12.818,0.000000
549.856873,-36.381,67.762238,0.000000,0.113,-13.092,-12.813,0.000000
551.760010,-34.862,67.980415,0.000000,0.113,-13.087,-12.808,0.000000
553.670288,-33.441,70.717583,0.000000,0.112,-13.082,-12.803,0.000000
555.586609,-33.865,66.997208,0.000000,0.112,-13.077,-12.798,0.000000
557.509827,-34.070,64.846474,0.000000,0.111,-13.072,-12.793,0.000000
559.439697,-34.275,65.358299,0.000000,0.111,-13.066,-12.789,0.000000
561.376282,-34.437,67.362236,0.000000,0.110,-13.061,-12.784,0.000000
563.319519,-34.825,70.300034,0.000000,0.110,-13.056,-12.779,0.000000
565.269287,-34.175,75.482605,0.000000,0.109,-13.051,-12.774,0.000000
567.226318,-34.601,82.358070,0.000000,0.109,-13.046,-12.769,0.000000
569.189514,-36.029,85.036888,0.000000,0.108,-13.041,-12.764,0.000000
571.160156,-37.310,88.406670,0.000000,0.108,-13.035,-12.759,0.000000
573.136963,-36.552,92.851532,0.000000,0.107,-13.030,-12.754,0.000000
575.121216,-35.480,98.649773,0.000000,0.107,-13.025,-12.749,0.000000
577.111816,-34.528,101.400360,0.000000,0.106,-13.020,-12.744,0.000000
579.109863,-33.401,102.505806,0.000000,0.106,-13.014,-12.739,0.000000
581.114197,-32.988,109.173393,0.000000,0.105,-13.009,-12.734,0.000000
583.125793,-31.412,105.815437,0.000000,0.105,-13.004,-12.729,0.000000
585.144348,-30.709,103.622169,0.000000,0.104,-12.998,-12.724,0.000000
587.169922,-30.382,100.406380,0.000000,0.104,-12.993,-12.719,0.000000
589.202454,-30.006,97.223854,0.000000,0.103,-12.987,-12.714,0.000000
591.241760,-29.769,95.991737,0.000000,0.103,-12.982,-12.709,0.000000
593.288696,-29.824,91.807045,0.000000,0.102,-12.977,-12.703,0.000000
595.342468,-30.012,90.348083,0.000000,0.102,-12.971,-12.698,0.000000
597.403320,-29.757,86.505302,0.000000,0.101,-12.966,-12.693,0.000000
599.471008,-29.875,82.719940,0.000000,0.101,-12.960,-12.688,0.000000
601.546448,-30.462,82.342361,0.000000,0.100,-12.955,-12.683,0.000000
603.628479,-30.514,80.734291,0.000000,0.100,-12.949,-12.677,0.000000
605.718262,-30.536,78.080597,0.000000,0.099,-12.944,-12.672,0.000000
607.814758,-30.532,77.375153,0.000000,0.099,-12.938,-12.667,0.000000
609.918762,-30.748,75.165100,0.000000,0.098,-12.933,-12.661,0.000000
612.030090,-30.551,75.353439,0.000000,0.098,-12.927,-12.656,0.000000
614.148682,-30.506,75.571465,0.000000,0.097,-12.921,-12.651,0.000000
616.274658,-30.776,75.309196,0.000000,0.096,-12.916,-12.645,0.000000
618.407654,-30.496,72.756714,0.000000,0.096,-12.910,-12.640,0.000000
620.548645,-30.300,72.231285,0.000000,0.095,-12.904,-12.635,0.000000
622.696716,-29.520,73.529335,0.000000,0.095,-12.899,-12.629,0.000000
624.852295,-29.424,72.714455,0.000000,0.094,-12.893,-12.624,0.000000
627.015259,-29.240,70.608177,0.000000,0.094,-12.887,-12.618,0.000000
629.185730,-29.083,70.732933,0.000000,0.093,-12.881,-12.613,0.000000
631.363464,-29.008,68.710625,0.000000,0.093,-12.876,-12.607,0.000000
633.549316,-27.725,67.747459,0.000000,0.092,-12.870,-12.602,0.000000
635.742126,-25.721,67.050278,0.000000,0.092,-12.864,-12.596,0.000000
637.942810,-24.995,71.173691,0.000000,0.091,-12.858,-12.591,0.000000
640.151123,-24.320,67.364777,0.000000,0.090,-12.852,-12.585,0.000000
642.367065,-23.828,64.341232,0.000000,0.090,-12.846,-12.580,0.000000
644.590698,-20.424,60.495853,0.000000,0.089,-12.841,-12.574,0.000000
646.822327,-19.176,61.549744,0.000000,0.089,-12.835,-12.569,0.000000
649.061096,-15.002,62.411934,0.000000,0.088,-12.829,-12.563,0.000000
651.307861,-11.919,61.821201,0.000000,0.088,-12.823,-12.557,0.000000
653.562439,-10.755,63.214565,0.000000,0.087,-12.817,-12.552,0.000000
655.824829,-10.031,49.219860,0.000000,0.086,-12.811,-12.546,0.000000
658.095032,-9.675,54.237438,0.000000,0.086,-12.805,-12.540,0.000000
660.372803,-9.389,48.330051,0.000000,0.085,-12.799,-12.534,0.000000
662.659058,-9.174,57.580910,0.000000,0.085,-12.793,-12.529,0.000000
664.952637,-8.977,62.975788,0.000000,0.084,-12.786,-12.523,0.000000
667.254761,-9.777,50.689899,0.000000,0.084,-12.780,-12.517,0.000000
669.564209,-11.837,52.995770,0.000000,0.083,-12.774,-12.511,0.000000
671.882019,-13.911,41.969738,0.000000,0.082,-12.768,-12.505,0.000000
674.207764,-15.894,41.607670,0.000000,0.082,-12.762,-12.500,0.000000
676.541992,-17.627,39.846794,0.000000,0.081,-12.756,-12.494,0.000000
678.883545,-18.631,37.505627,0.000000,0.081,-12.750,-12.488,0.000000
681.233582,-20.892,34.567852,0.000000,0.080,-12.743,-12.482,0.000000
683.591797,-25.061,32.577091,0.000000,0.080,-12.737,-12.476,0.000000
685.958130,-25.668,31.127081,0.000000,0.079,-12.731,-12.470,0.000000
688.332642,-27.890,31.755451,0.000000,0.078,-12.724,-12.464,0.000000
690.715027,-28.304,31.607382,0.000000,0.078,-12.718,-12.458,0.000000
693.106384,-28.197,29.631477,0.000000,0.077,-12.712,-12.452,0.000000
695.505310,-28.112,29.627823,0.000000,0.077,-12.705,-12.446,0.000000
697.913208,-28.172,28.963926,0.000000,0.076,-12.699,-12.440,0.000000
700.328796,-28.114,29.207983,0.000000,0.075,-12.693,-12.434,0.000000
702.753052,-28.148,26.628279,0.000000,0.075,-12.686,-12.428,0.000000
705.185730,-28.149,27.328411,0.000000,0.074,-12.680,-12.422,0.000000
707.627136,-28.208,25.203953,0.000000,0.073,-12.673,-12.415,0.000000
710.076355,-28.342,22.797304,0.000000,0.073,-12.667,-12.409,0.000000
712.534363,-27.982,23.973364,0.000000,0.072,-12.660,-12.403,0.000000
715.000854,-27.373,22.164228,0.000000,0.072,-12.654,-12.397,0.000000
717.475891,-26.090,19.709185,0.000000,0.071,-12.647,-12.391,0.000000
719.959534,-25.628,14.837256,0.000000,0.070,-12.640,-12.384,0.000000
722.451416,-21.704,15.402869,0.000000,0.070,-12.634,-12.378,0.000000
724.952637,-20.391,15.512152,0.000000,0.069,-12.627,-12.372,0.000000
727.461792,-17.475,13.848631,0.000000,0.068,-12.621,-12.365,0.000000
729.980347,-14.948,17.801369,0.000000,0.068,-12.614,-12.359,0.000000
732.506897,-14.485,14.855636,0.000000,0.067,-12.607,-12.353,0.000000
735.042908,-12.764,4.160635,0.000000,0.067,-12.600,-12.346,0.000000
737.586975,-11.916,20.262398,0.000000,0.066,-12.594,-12.340,0.000000
740.140564,-11.654,24.551580,0.000000,0.065,-12.587,-12.334,0.000000
742.702332,-10.847,41.022243,0.000000,0.065,-12.580,-12.327,0.000000
745.273254,-11.773,26.241119,0.000000,0.064,-12.573,-12.321,0.000000
747.853088,-12.162,34.352993,0.000000,0.063,-12.566,-12.314,0.000000
750.441895,-13.732,26.220932,0.000000,0.063,-12.560,-12.308,0.000000
753.039612,-15.206,19.970854,0.000000,0.062,-12.553,-12.301,0.000000
755.646362,-16.341,17.763477,0.000000,0.061,-12.546,-12.294,0.000000
758.262146,-18.926,18.018497,0.000000,0.061,-12.539,-12.288,0.000000
760.886597,-20.764,16.494873,0.000000,0.060,-12.532,-12.281,0.000000
763.520813,-24.725,14.627789,0.000000,0.059,-12.525,-12.275,0.000000
766.163818,-25.707,10.417578,0.000000,0.059,-12.518,-12.268,0.000000
768.816040,-26.523,10.432192,0.000000,0.058,-12.511,-12.261,0.000000
771.476990,-26.847,8.020969,0.000000,0.057,-12.504,-12.255,0.000000
774.147888,-26.487,8.405741,0.000000,0.057,-12.497,-12.248,0.000000
776.827332,-25.408,7.467563,0.000000,0.056,-12.490,-12.241,0.000000
779.516785,-23.923,6.098794,0.000000,0.055,-12.482,-12.234,0.000000
782.214844,-23.243,10.425467,0.000000,0.055,-12.475,-12.228,0.000000
784.922546,-22.954,9.969280,0.000000,0.054,-12.468,-12.221,0.000000
787.639648,-23.188,17.558762,0.000000,0.053,-12.461,-12.214,0.000000
790.366150,-23.151,21.780655,0.000000,0.053,-12.454,-12.207,0.000000
793.102112,-23.178,25.287071,0.000000,0.052,-12.446,-12.200,0.000000
795.847107,-23.700,24.638346,0.000000,0.051,-12.439,-12.193,0.000000
798.602417,-23.980,19.414633,0.000000,0.051,-12.432,-12.186,0.000000
801.366882,-26.543,13.407731,0.000000,0.050,-12.424,-12.179,0.000000
804.140930,-27.526,11.724732,0.000000,0.049,-12.417,-12.172,0.000000
806.924133,-30.047,10.197767,0.000000,0.049,-12.410,-12.165,0.000000
809.717773,-30.999,6.985693,0.000000,0.048,-12.402,-12.158,0.000000
812.520325,-31.320,6.173931,0.000000,0.047,-12.395,-12.151,0.000000
815.333374,-32.410,3.621302,0.000000,0.046,-12.387,-12.144,0.000000
818.155334,-33.484,3.077943,0.000000,0.046,-12.380,-12.137,0.000000
820.987488,-33.617,3.843612,0.000000,0.045,-12.372,-12.130,0.000000
823.829407,-34.014,4.433567,0.000000,0.044,-12.365,-12.123,0.000000
826.681213,-34.240,1.725610,0.000000,0.044,-12.357,-12.116,0.000000
829.542847,-34.743,3.488328,0.000000,0.043,-12.350,-12.108,0.000000
832.414429,-35.228,2.550932,0.000000,0.042,-12.342,-12.101,0.000000
835.295898,-35.910,4.996743,0.000000,0.041,-12.334,-12.094,0.000000
838.187378,-35.694,4.617485,0.000000,0.041,-12.327,-12.087,0.000000
841.088867,-35.389,1.821236,0.000000,0.040,-12.319,-12.079,0.000000
844.000000,-35.276,-0.870361,0.000000,0.039,-12.311,-12.072,0.000000
846.921997,-35.485,-0.826263,0.000000,0.038,-12.304,-12.065,0.000000
849.853333,-35.829,0.464890,0.000000,0.038,-12.296,-12.057,0.000000
852.795593,-35.841,2.877754,0.000000,0.037,-12.288,-12.050,0.000000
855.747253,-35.551,3.967772,0.000000,0.036,-12.280,-12.042,0.000000
858.709534,-35.152,3.355871,0.000000,0.036,-12.272,-12.035,0.000000
861.682068,-34.702,4.475474,0.000000,0.035,-12.264,-12.027,0.000000
864.664856,-34.557,6.385202,0.000000,0.034,-12.256,-12.020,0.000000
867.657959,-33.694,6.588245,0.000000,0.033,-12.249,-12.012,0.000000
870.661499,-34.035,10.103088,0.000000,0.033,-12.241,-12.005,0.000000
873.675354,-32.971,8.407928,0.000000,0.032,-12.233,-11.997,0.000000
876.699707,-33.230,7.148719,0.000000,0.031,-12.225,-11.990,0.000000
879.734497,-33.139,0.320639,0.000000,0.030,-12.216,-11.982,0.000000
882.779419,-32.420,-0.735708,0.000000,0.029,-12.208,-11.974,0.000000
885.835632,-32.087,0.171788,0.000000,0.029,-12.200,-11.967,0.000000
888.901672,-32.423,-0.541698,0.000000,0.028,-12.192,-11.959,0.000000
891.979126,-32.051,-1.332585,0.000000,0.027,-12.184,-11.951,0.000000
895.066406,-31.648,-2.168605,0.000000,0.026,-12.176,-11.943,0.000000
898.164734,-32.174,-4.678151,0.000000,0.026,-12.168,-11.936,0.000000
901.273865,-32.141,-6.963746,0.000000,0.025,-12.159,-11.928,0.000000
904.393738,-32.346,-5.703082,0.000000,0.024,-12.151,-11.920,0.000000
907.524414,-32.747,-4.922107,0.000000,0.023,-12.143,-11.912,0.000000
910.665894,-34.063,-2.384412,0.000000,0.022,-12.134,-11.904,0.000000
913.818298,-34.261,-4.215048,0.000000,0.022,-12.126,-11.896,0.000000
916.981567,-34.344,-2.592173,0.000000,0.021,-12.118,-11.888,0.000000
920.155823,-36.488,-1.857361,0.000000,0.020,-12.109,-11.880,0.000000
923.341003,-36.514,1.323274,0.000000,0.019,-12.101,-11.872,0.000000
926.537292,-36.658,5.752310,0.000000,0.018,-12.092,-11.864,0.000000
929.744141,-36.319,4.832287,0.000000,0.018,-12.084,-11.856,0.000000
932.963013,-36.312,6.609363,0.000000,0.017,-12.075,-11.848,0.000000
936.192139,-35.567,11.792048,0.000000,0.016,-12.067,-11.840,0.000000
939.432861,-34.773,9.356169,0.000000,0.015,-12.058,-11.832,0.000000
942.684814,-34.351,6.469986,0.000000,0.014,-12.049,-11.823,0.000000
945.948486,-34.061,6.602538,0.000000,0.014,-12.041,-11.815,0.000000
949.222534,-33.788,7.186475,0.000000,0.013,-12.032,-11.807,0.000000
952.508850,-33.387,3.668321,0.000000,0.012,-12.023,-11.799,0.000000
955.805603,-32.604,4.229278,0.000000,0.011,-12.015,-11.790,0.000000
959.114258,-32.677,2.704705,0.000000,0.010,-12.006,-11.782,0.000000
962.434326,-32.360,-1.084633,0.000000,0.009,-11.997,-11.774,0.000000
965.765930,-31.571,-7.108244,0.000000,0.009,-11.988,-11.765,0.000000
969.109009,-31.915,-10.243108,0.000000,0.008,-11.979,-11.757,0.000000
972.463257,-31.225,-13.854598,0.000000,0.007,-11.970,-11.748,0.000000
975.830017,-31.105,-19.293570,0.000000,0.006,-11.961,-11.740,0.000000
979.207458,-29.038,-21.616219,0.000000,0.005,-11.953,-11.731,0.000000
982.597595,-29.545,-22.969234,0.000000,0.004,-11.944,-11.723,0.000000
985.998474,-29.490,-27.757633,0.000000,0.004,-11.935,-11.714,0.000000
989.412109,-29.759,-27.199831,0.000000,0.003,-11.925,-11.706,0.000000
992.836609,-30.513,-22.760746,0.000000,0.002,-11.916,-11.697,0.000000
996.273926,-31.062,-15.752911,0.000000,0.001,-11.907,-11.688,0.000000
999.722168,-31.166,-10.561872,0.000000,0.000,-11.898,-11.680,0.000000
1003.182800,-32.228,-9.789740,0.000000,0.000,-11.891,-11.673,0.000000
1006.655457,-35.222,-11.070760,0.000000,0.000,-11.885,-11.667,0.000000
1010.140076,-35.854,-11.592175,0.000000,0.000,-11.878,-11.661,0.000000
1013.636780,-35.844,-10.845172,0.000000,0.000,-11.872,-11.654,0.000000
1017.145142,-36.353,-13.650657,0.000000,0.000,-11.865,-11.648,0.000000
1020.666565,-36.206,-18.366030,0.000000,0.000,-11.859,-11.641,0.000000
1024.199219,-35.804,-26.426191,0.000000,0.000,-11.852,-11.635,0.000000
1027.745117,-36.020,-34.007477,0.000000,0.000,-11.846,-11.629,0.000000
1031.302246,-36.517,-40.490250,0.000000,0.000,-11.839,-11.622,0.000000
1034.872803,-36.779,-45.344524,0.000000,0.000,-11.832,-11.616,0.000000
1038.454590,-37.324,-50.204350,0.000000,0.000,-11.826,-11.609,0.000000
1042.049805,-38.294,-55.213345,0.000000,0.000,-11.819,-11.603,0.000000
1045.656494,-39.154,-57.574600,0.000000,0.000,-11.812,-11.596,0.000000
1049.276123,-39.942,-60.620640,0.000000,0.000,-11.806,-11.589,0.000000
1052.908325,-40.963,-60.102673,0.000000,0.000,-11.799,-11.583,0.000000
1056.553101,-42.131,-55.102093,0.000000,0.000,-11.792,-11.576,0.000000
1060.210571,-42.928,-49.850876,0.000000,0.000,-11.785,-11.570,0.000000
1063.880005,-43.898,-46.456650,0.000000,0.000,-11.779,-11.563,0.000000
1067.563354,-44.457,-42.127689,0.000000,0.000,-11.772,-11.556,0.000000
1071.258301,-44.495,-37.104782,0.000000,0.000,-11.765,-11.549,0.000000
1074.967041,-44.576,-35.964603,0.000000,0.000,-11.758,-11.543,0.000000
1078.688232,-44.714,-34.381668,0.000000,0.000,-11.751,-11.536,0.000000
1082.422241,-44.195,-28.945057,0.000000,0.000,-11.744,-11.529,0.000000
1086.168579,-44.159,-27.094486,0.000000,0.000,-11.737,-11.522,0.000000
1089.929077,-43.403,-22.993721,0.000000,0.000,-11.730,-11.515,0.000000
1093.701416,-40.917,-22.013268,0.000000,0.000,-11.723,-11.509,0.000000
1097.487427,-40.922,-23.050461,0.000000,0.000,-11.716,-11.502,0.000000
1101.286499,-40.477,-20.859606,0.000000,0.000,-11.709,-11.495,0.000000
1105.098755,-40.172,-14.440850,0.000000,0.000,-11.702,-11.488,0.000000
1108.924194,-39.845,-11.501007,0.000000,0.000,-11.695,-11.481,0.000000
1112.762817,-39.527,-10.247716,0.000000,0.000,-11.688,-11.474,0.000000
1116.614746,-39.662,-14.975123,0.000000,0.000,-11.680,-11.467,0.000000
1120.480103,-39.439,-18.196110,0.000000,0.000,-11.673,-11.460,0.000000
1124.358765,-41.022,-17.738552,0.000000,0.000,-11.666,-11.453,0.000000
1128.250854,-41.028,-17.144712,0.000000,0.000,-11.659,-11.446,0.000000
1132.156372,-40.796,-16.112352,0.000000,0.000,-11.652,-11.439,0.000000
1136.075562,-40.877,-26.032339,0.000000,0.000,-11.644,-11.432,0.000000
1140.007568,-41.155,-31.435213,0.000000,0.000,-11.637,-11.424,0.000000
1143.953857,-41.829,-38.606335,0.000000,0.000,-11.630,-11.417,0.000000
1147.913818,-41.900,-38.851425,0.000000,0.000,-11.622,-11.410,0.000000
1151.887451,-42.025,-38.841244,0.000000,0.000,-11.615,-11.403,0.000000
1155.874878,-42.715,-40.379498,0.000000,0.000,-11.607,-11.395,0.000000
1159.876099,-42.472,-39.798622,0.000000,0.000,-11.600,-11.388,0.000000
1163.891113,-42.260,-31.498096,0.000000,0.000,-11.593,-11.381,0.000000
1167.920044,-42.637,-19.591650,0.000000,0.000,-11.585,-11.374,0.000000
1171.962891,-41.921,1.810175,0.000000,0.000,-11.578,-11.366,0.000000
1176.019775,-41.874,18.161251,0.000000,0.000,-11.570,-11.359,0.000000
1180.090698,-41.704,23.917850,0.000000,0.000,-11.562,-11.351,0.000000
1184.175781,-41.805,20.801130,0.000000,0.000,-11.555,-11.344,0.000000
1188.274902,-41.638,20.364149,0.000000,0.000,-11.547,-11.337,0.000000
1192.388306,-42.086,18.594141,0.000000,0.000,-11.540,-11.329,0.000000
1196.515259,-42.388,13.972490,0.000000,0.000,-11.532,-11.322,0.000000
1200.657227,-42.658,11.020569,0.000000,0.000,-11.524,-11.314,0.000000
1204.813965,-42.603,9.230703,0.000000,0.000,-11.516,-11.306,0.000000
1208.984009,-43.550,8.391669,0.000000,0.000,-11.509,-11.299,0.000000
1213.169067,-43.860,11.193563,0.000000,0.000,-11.501,-11.291,0.000000
1217.368530,-44.602,14.866603,0.000000,0.000,-11.493,-11.284,0.000000
1221.582642,-44.106,24.915859,0.000000,0.000,-11.485,-11.276,0.000000
1225.811279,-43.695,33.108063,0.000000,0.000,-11.477,-11.268,0.000000
1230.054565,-43.010,44.726074,0.000000,0.000,-11.469,-11.261,0.000000
1234.311890,-41.886,57.143089,0.000000,0.000,-11.462,-11.253,0.000000
1238.585205,-41.000,62.367672,0.000000,0.000,-11.454,-11.245,0.000000
1242.872803,-39.351,68.175079,0.000000,0.000,-11.446,-11.237,0.000000
1247.175049,-38.200,69.062218,0.000000,0.000,-11.438,-11.229,0.000000
1251.492310,-37.129,66.579659,0.000000,0.000,-11.430,-11.222,0.000000
1255.823975,-36.140,60.723816,0.000000,0.000,-11.422,-11.214,0.000000
1260.171753,-35.515,53.561272,0.000000,0.000,-11.413,-11.206,0.000000
1264.533325,-34.809,46.230927,0.000000,0.000,-11.405,-11.198,0.000000
1268.911255,-34.517,38.025204,0.000000,0.000,-11.397,-11.190,0.000000
1273.303101,-34.564,28.853313,0.000000,0.000,-11.389,-11.182,0.000000
1277.710815,-34.699,22.104162,0.000000,0.000,-11.381,-11.174,0.000000
1282.133789,-34.957,18.892517,0.000000,0.000,-11.373,-11.166,0.000000
1286.572021,-34.030,16.888666,0.000000,0.000,-11.364,-11.158,0.000000
1291.025024,-33.061,13.563914,0.000000,0.000,-11.356,-11.150,0.000000
1295.494751,-30.590,12.700498,0.000000,0.000,-11.348,-11.142,0.000000
1299.979248,-29.979,10.537625,0.000000,0.000,-11.339,-11.133,0.000000
1304.479248,-29.088,8.558991,0.000000,0.000,-11.331,-11.125,0.000000
1308.994873,-28.038,13.430851,0.000000,0.000,-11.323,-11.117,0.000000
1313.525513,-27.538,15.077067,0.000000,0.000,-11.314,-11.109,0.000000
1318.072998,-27.233,18.415764,0.000000,0.000,-11.306,-11.100,0.000000
1322.635010,-27.407,18.625298,0.000000,0.000,-11.297,-11.092,0.000000
1327.214111,-27.746,22.537907,0.000000,0.000,-11.289,-11.084,0.000000
1331.807739,-29.507,17.297106,0.000000,0.000,-11.280,-11.075,0.000000
1336.417969,-30.182,16.115244,0.000000,0.000,-11.272,-11.067,0.000000
1341.044189,-30.813,18.025629,0.000000,0.000,-11.263,-11.059,0.000000
1345.686401,-32.237,16.664497,0.000000,0.000,-11.254,-11.050,0.000000
1350.344604,-32.613,16.725002,0.000000,0.000,-11.246,-11.042,0.000000
1355.018921,-33.051,11.017362,0.000000,0.000,-11.237,-11.033,0.000000
1359.709595,-32.908,6.993380,0.000000,0.000,-11.228,-11.025,0.000000
1364.416382,-32.665,1.208457,0.000000,0.000,-11.220,-11.016,0.000000
1369.139404,-32.738,-2.856666,0.000000,0.000,-11.211,-11.008,0.000000
1373.878174,-32.889,-5.428023,0.000000,0.000,-11.202,-10.999,0.000000
1378.634644,-33.080,-12.344578,0.000000,0.000,-11.193,-10.990,0.000000
1383.406372,-33.481,-16.960102,0.000000,0.000,-11.184,-10.982,0.000000
1388.195801,-33.911,-18.997051,0.000000,0.000,-11.175,-10.973,0.000000
1393.000610,-34.717,-20.433300,0.000000,0.000,-11.166,-10.964,0.000000
1397.822632,-35.432,-21.360020,0.000000,0.000,-11.157,-10.955,0.000000
1402.661377,-35.950,-19.666061,0.000000,0.000,-11.148,-10.947,0.000000
1407.516846,-36.105,-16.563005,0.000000,0.000,-11.139,-10.938,0.000000
1412.389771,-36.117,-17.399433,0.000000,0.000,-11.130,-10.929,0.000000
1417.278198,-36.266,-15.554630,0.000000,0.000,-11.121,-10.920,0.000000
1422.184326,-36.188,-16.137733,0.000000,0.000,-11.112,-10.911,0.000000
1427.107300,-36.114,-20.720366,0.000000,0.000,-11.103,-10.902,0.000000
1432.047485,-35.959,-24.710234,0.000000,0.000,-11.094,-10.893,0.000000
1437.004639,-36.224,-23.481379,0.000000,0.000,-11.085,-10.884,0.000000
1441.979004,-35.071,-29.375544,0.000000,0.000,-11.075,-10.875,0.000000
1446.969849,-35.515,-36.530045,0.000000,0.000,-11.066,-10.866,0.000000
1451.979492,-36.115,-39.298740,0.000000,0.000,-11.057,-10.857,0.000000
1457.005005,-36.665,-36.582787,0.000000,0.000,-11.047,-10.848,0.000000
1462.048584,-36.919,-34.371166,0.000000,0.000,-11.038,-10.839,0.000000
1467.109619,-37.284,-27.609196,0.000000,0.000,-11.029,-10.829,0.000000
1472.188110,-36.974,-22.614914,0.000000,0.000,-11.019,-10.820,0.000000
1477.285034,-37.427,-18.952883,0.000000,0.000,-11.010,-10.811,0.000000
1482.398071,-38.270,-17.856064,0.000000,0.000,-11.000,-10.802,0.000000
1487.529541,-37.658,-8.365838,0.000000,0.000,-10.991,-10.792,0.000000
1492.678833,-36.726,-3.339133,0.000000,0.000,-10.981,-10.783,0.000000
1497.845947,-36.451,-3.596459,0.000000,0.000,-10.971,-10.773,0.000000
1503.030884,-36.891,-5.101074,0.000000,0.000,-10.962,-10.764,0.000000
1508.233765,-36.845,-1.083870,0.000000,0.000,-10.952,-10.755,0.000000
1513.453979,-37.403,-3.756533,0.000000,0.000,-10.942,-10.745,0.000000
1518.693726,-37.578,0.540901,0.000000,0.000,-10.933,-10.736,0.000000
1523.950195,-37.264,8.545953,0.000000,0.000,-10.923,-10.726,0.000000
1529.226196,-36.114,12.320359,0.000000,0.000,-10.913,-10.716,0.000000
1534.519775,-36.970,12.788318,0.000000,0.000,-10.903,-10.707,0.000000
1539.831055,-35.418,13.858400,0.000000,0.000,-10.893,-10.697,0.000000
1545.161987,-34.681,17.121542,0.000000,0.000,-10.883,-10.687,0.000000
1550.510010,-33.744,16.539188,0.000000,0.000,-10.873,-10.678,0.000000
1555.877319,-32.736,12.651875,0.000000,0.000,-10.863,-10.668,0.000000
1561.263184,-31.427,13.439539,0.000000,0.000,-10.853,-10.658,0.000000
1566.667725,-31.289,9.586983,0.000000,0.000,-10.843,-10.648,0.000000
1572.090820,-31.589,5.268247,0.000000,0.000,-10.833,-10.638,0.000000
1577.532837,-31.504,3.865702,0.000000,0.000,-10.823,-10.628,0.000000
1582.992920,-31.423,1.001268,0.000000,0.000,-10.813,-10.619,0.000000
1588.473389,-31.845,-4.563044,0.000000,0.000,-10.803,-10.609,0.000000
1593.971313,-32.005,-7.452678,0.000000,0.000,-10.793,-10.599,0.000000
1599.489746,-32.141,-8.576988,0.000000,0.000,-10.782,-10.589,0.000000
1605.026611,-33.610,-11.708242,0.000000,0.000,-10.772,-10.578,0.000000
1610.581787,-33.703,-18.374195,0.000000,0.000,-10.762,-10.568,0.000000
1616.157837,-34.132,-20.731541,0.000000,0.000,-10.751,-10.558,0.000000
1621.751587,-34.480,-21.552111,0.000000,0.000,-10.741,-10.548,0.000000
1627.366211,-34.875,-22.770920,0.000000,0.000,-10.731,-10.538,0.000000
1632.998779,-35.587,-20.881124,0.000000,0.000,-10.720,-10.528,0.000000
1638.651611,-35.821,-19.431055,0.000000,0.000,-10.710,-10.517,0.000000
1644.323975,-35.992,-18.474054,0.000000,0.000,-10.699,-10.507,0.000000
1650.015991,-36.166,-16.395668,0.000000,0.000,-10.688,-10.497,0.000000
1655.726929,-36.126,-12.050812,0.000000,0.000,-10.678,-10.486,0.000000
1661.459229,-35.844,-11.239365,0.000000,0.000,-10.667,-10.476,0.000000
1667.209717,-35.617,-12.254543,0.000000,0.000,-10.656,-10.465,0.000000
1672.981812,-35.548,-15.430474,0.000000,0.000,-10.646,-10.455,0.000000
1678.772949,-35.749,-17.782753,0.000000,0.000,-10.635,-10.444,0.000000
1684.583496,-35.767,-20.623644,0.000000,0.000,-10.624,-10.434,0.000000
1690.415649,-36.243,-21.651638,0.000000,0.000,-10.613,-10.423,0.000000
1696.266357,-36.116,-25.547251,0.000000,0.000,-10.602,-10.413,0.000000
1702.139038,-36.513,-31.285500,0.000000,0.000,-10.591,-10.402,0.000000
1708.030396,-37.432,-33.167271,0.000000,0.000,-10.581,-10.391,0.000000
1713.942871,-38.218,-25.833664,0.000000,0.000,-10.570,-10.380,0.000000
1719.875977,-38.462,-19.641087,0.000000,0.000,-10.558,-10.370,0.000000
1725.829468,-38.244,-14.174307,0.000000,0.000,-10.547,-10.359,0.000000
1731.802856,-38.393,-8.859810,0.000000,0.000,-10.536,-10.348,0.000000
1737.798462,-38.414,-8.625808,0.000000,0.000,-10.525,-10.337,0.000000
1743.814087,-38.497,-11.522978,0.000000,0.000,-10.514,-10.326,0.000000
1749.850464,-38.301,-11.003940,0.000000,0.000,-10.503,-10.315,0.000000
1755.907837,-37.423,-12.572771,0.000000,0.000,-10.491,-10.304,0.000000
1761.985229,-37.075,-26.750984,0.000000,0.000,-10.480,-10.293,0.000000
1768.085449,-37.430,-43.417290,0.000000,0.000,-10.469,-10.282,0.000000
1774.204956,-38.130,-53.082047,0.000000,0.000,-10.457,-10.271,0.000000
1780.347412,-38.333,-53.654686,0.000000,0.000,-10.446,-10.260,0.000000
1786.509521,-38.056,-53.297531,0.000000,0.000,-10.435,-10.248,0.000000
1792.693726,-38.605,-43.577000,0.000000,0.000,-10.423,-10.237,0.000000
1798.899292,-38.776,-29.646172,0.000000,0.000,-10.412,-10.226,0.000000
1805.126465,-39.215,-16.974833,0.000000,0.000,-10.400,-10.214,0.000000
1811.375122,-39.160,-10.532065,0.000000,0.000,-10.388,-10.203,0.000000
1817.645386,-39.142,-9.424535,0.000000,0.000,-10.377,-10.192,0.000000
1823.937378,-39.325,-8.586723,0.000000,0.000,-10.365,-10.180,0.000000
1830.251099,-38.694,-18.941790,0.000000,0.000,-10.353,-10.169,0.000000
1836.586792,-39.123,-28.056425,0.000000,0.000,-10.341,-10.157,0.000000
1842.943481,-39.926,-36.076263,0.000000,0.000,-10.330,-10.146,0.000000
1849.323853,-40.505,-43.005295,0.000000,0.000,-10.318,-10.134,0.000000
1855.724609,-41.054,-55.497700,0.000000,0.000,-10.306,-10.122,0.000000
1862.149292,-40.474,-65.503113,0.000000,0.000,-10.294,-10.111,0.000000
1868.594482,-40.149,30.032312,0.000000,0.000,-10.282,-10.099,0.000000
1875.062866,-39.315,57.522060,0.000000,0.000,-10.270,-10.087,0.000000
1881.553589,-39.489,54.761131,0.000000,0.000,-10.258,-10.075,0.000000
1888.066772,-38.962,61.573029,0.000000,0.000,-10.246,-10.064,0.000000
1894.603516,-38.208,67.057022,0.000000,0.000,-10.234,-10.052,0.000000
1901.161011,-37.158,57.992546,0.000000,0.000,-10.221,-10.040,0.000000
1907.742065,-36.060,47.668880,0.000000,0.000,-10.209,-10.028,0.000000
1914.345947,-35.089,35.863365,0.000000,0.000,-10.197,-10.016,0.000000
1920.972656,-35.153,25.323721,0.000000,0.000,-10.184,-10.004,0.000000
1927.622314,-35.168,16.570601,0.000000,0.000,-10.172,-9.992,0.000000
1934.295044,-35.050,11.352015,0.000000,0.000,-10.160,-9.980,0.000000
1940.989868,-34.807,9.917004,0.000000,0.000,-10.147,-9.967,0.000000
1947.709717,-33.574,9.115668,0.000000,0.000,-10.135,-9.955,0.000000
1954.451050,-32.172,3.022506,0.000000,0.000,-10.122,-9.943,0.000000
1961.216675,-30.577,-3.353727,0.000000,0.000,-10.110,-9.931,0.000000
1968.005615,-29.053,-1.116359,0.000000,0.000,-10.097,-9.918,0.000000
1974.818115,-28.631,1.615679,0.000000,0.000,-10.084,-9.906,0.000000
1981.655151,-28.520,1.757700,0.000000,0.000,-10.072,-9.893,0.000000
1988.513916,-28.583,-6.163368,0.000000,0.000,-10.059,-9.881,0.000000
1995.397339,-28.764,-8.933948,0.000000,0.000,-10.046,-9.868,0.000000
2002.304688,-29.057,-13.513929,0.000000,0.000,-10.031,-9.853,0.000000
2009.235840,-30.056,-16.344042,0.000000,0.001,-10.011,-9.834,0.000000
2016.191040,-32.051,-16.170347,0.000000,0.001,-9.991,-9.814,0.000000
2023.170288,-34.068,-13.858846,0.000000,0.002,-9.971,-9.794,0.000000
2030.172852,-37.085,-15.781662,0.000000,0.002,-9.951,-9.774,0.000000
2037.201416,-37.718,-19.382006,0.000000,0.003,-9.931,-9.754,0.000000
2044.252441,-38.301,-21.796675,0.000000,0.003,-9.911,-9.734,0.000000
2051.329834,-38.679,-18.407001,0.000000,0.004,-9.890,-9.714,0.000000
2058.430908,-38.684,-18.013645,0.000000,0.004,-9.870,-9.693,0.000000
2065.555420,-39.079,-15.000566,0.000000,0.005,-9.850,-9.673,0.000000
2072.706543,-39.210,-14.155864,0.000000,0.005,-9.829,-9.653,0.000000
2079.880371,-38.841,-21.368042,0.000000,0.006,-9.809,-9.632,0.000000
2087.080078,-39.820,-27.821878,0.000000,0.006,-9.788,-9.612,0.000000
2094.304932,-40.798,-20.790718,0.000000,0.007,-9.767,-9.591,0.000000
2101.554443,-41.111,-9.515406,0.000000,0.007,-9.746,-9.570,0.000000
2108.829346,-40.590,-1.359771,0.000000,0.008,-9.726,-9.550,0.000000
2116.129150,-39.999,4.663530,0.000000,0.008,-9.705,-9.529,0.000000
2123.453369,-39.908,8.695686,0.000000,0.009,-9.684,-9.508,0.000000
2130.804932,-39.499,11.075357,0.000000,0.009,-9.663,-9.487,0.000000
2138.180176,-39.265,18.238939,0.000000,0.010,-9.642,-9.466,0.000000
2145.582520,-39.132,25.354240,0.000000,0.010,-9.620,-9.445,0.000000
2153.009766,-38.269,26.962339,0.000000,0.011,-9.599,-9.424,0.000000
2160.461670,-36.991,27.146151,0.000000,0.012,-9.578,-9.403,0.000000
2167.941406,-35.875,25.447468,0.000000,0.012,-9.556,-9.381,0.000000
2175.445068,-32.671,26.767193,0.000000,0.013,-9.535,-9.360,0.000000
2182.976562,-31.618,29.031479,0.000000,0.013,-9.513,-9.338,0.000000
2190.532227,-30.637,26.565233,0.000000,0.014,-9.491,-9.317,0.000000
2198.114990,-28.361,29.305254,0.000000,0.014,-9.470,-9.295,0.000000
2205.723877,-22.689,35.688396,0.000000,0.015,-9.448,-9.274,0.000000
2213.359375,-21.860,32.797165,0.000000,0.015,-9.426,-9.252,0.000000
2221.020020,-21.578,23.065762,0.000000,0.016,-9.404,-9.230,0.000000
2228.709473,-21.426,5.575377,0.000000,0.016,-9.382,-9.208,0.000000
2236.423340,-21.644,4.734175,0.000000,0.017,-9.360,-9.186,0.000000
2244.166016,-21.932,-0.899306,0.000000,0.018,-9.338,-9.164,0.000000
2251.934570,-21.952,-3.342885,0.000000,0.018,-9.316,-9.142,0.000000
2259.728760,-22.505,-7.974965,0.000000,0.019,-9.293,-9.120,0.000000
2267.552002,-26.477,-12.745908,0.000000,0.019,-9.271,-9.097,0.000000
2275.400391,-27.906,-17.816877,0.000000,0.020,-9.248,-9.075,0.000000
2283.278076,-29.195,-20.691610,0.000000,0.020,-9.226,-9.052,0.000000
2291.180908,-29.388,-19.832199,0.000000,0.021,-9.203,-9.030,0.000000
2299.112061,-29.033,-22.027788,0.000000,0.022,-9.180,-9.007,0.000000
2307.070557,-28.940,-27.435539,0.000000,0.022,-9.158,-8.985,0.000000
2315.056885,-28.792,-33.101978,0.000000,0.023,-9.135,-8.962,0.000000
2323.069580,-28.416,-34.895271,0.000000,0.023,-9.112,-8.939,0.000000
2331.112305,-28.200,-37.638653,0.000000,0.024,-9.089,-8.916,0.000000
2339.181641,-27.482,-36.695374,0.000000,0.024,-9.065,-8.893,0.000000
2347.279053,-27.088,-36.720390,0.000000,0.025,-9.042,-8.870,0.000000
2355.404297,-26.962,-45.685932,0.000000,0.026,-9.019,-8.847,0.000000
2363.556885,-27.180,-55.449539,0.000000,0.026,-8.996,-8.824,0.000000
2371.739746,-27.548,-64.671997,0.000000,0.027,-8.972,-8.800,0.000000
2379.948486,-28.052,-70.831825,0.000000,0.027,-8.949,-8.777,0.000000
2388.188232,-29.221,-77.804497,0.000000,0.028,-8.925,-8.753,0.000000
2396.454102,-30.307,-78.796387,0.000000,0.029,-8.901,-8.730,0.000000
2404.749512,-31.839,-81.404877,0.000000,0.029,-8.878,-8.706,0.000000
2413.073975,-32.874,-87.095757,0.000000,0.030,-8.854,-8.682,0.000000
2421.427002,-33.559,-95.350792,0.000000,0.030,-8.830,-8.659,0.000000
2429.809082,-34.863,-99.620285,0.000000,0.031,-8.806,-8.635,0.000000
2438.220215,-35.741,-100.531601,0.000000,0.032,-8.782,-8.611,0.000000
2446.660400,-36.615,-99.912094,0.000000,0.032,-8.757,-8.587,0.000000
2455.129883,-36.970,-102.520340,0.000000,0.033,-8.733,-8.562,0.000000
2463.628418,-37.346,-115.751060,0.000000,0.033,-8.709,-8.538,0.000000
2472.155518,-37.564,-131.626465,0.000000,0.034,-8.684,-8.514,0.000000
2480.714355,-37.882,-144.661057,0.000000,0.035,-8.660,-8.490,0.000000
2489.300293,-38.940,-158.140045,0.000000,0.035,-8.635,-8.465,0.000000
2497.918701,-38.801,81.189407,0.000000,0.036,-8.611,-8.440,0.000000
2506.564209,-38.966,69.318619,0.000000,0.037,-8.586,-8.416,0.000000
2515.240967,-39.396,60.825657,0.000000,0.037,-8.561,-8.391,0.000000
2523.947754,-39.310,56.066525,0.000000,0.038,-8.536,-8.366,0.000000
2532.684814,-38.531,48.835930,0.000000,0.038,-8.511,-8.341,0.000000
2541.453125,-38.103,37.246319,0.000000,0.039,-8.486,-8.316,0.000000
2550.249512,-38.151,28.384388,0.000000,0.040,-8.461,-8.291,0.000000
2559.077393,-37.826,24.335901,0.000000,0.040,-8.435,-8.266,0.000000
2567.936035,-37.193,20.188347,0.000000,0.041,-8.410,-8.241,0.000000
2576.825195,-36.463,17.962749,0.000000,0.042,-8.384,-8.216,0.000000
2585.745117,-35.407,10.487906,0.000000,0.042,-8.359,-8.190,0.000000
2594.696045,-34.305,4.620151,0.000000,0.043,-8.333,-8.165,0.000000
2603.676514,-32.907,-4.803261,0.000000,0.044,-8.308,-8.139,0.000000
2612.690918,-33.064,-5.320525,0.000000,0.044,-8.282,-8.113,0.000000
2621.733643,-32.661,-2.829462,0.000000,0.045,-8.256,-8.088,0.000000
2630.809082,-32.500,-2.681673,0.000000,0.045,-8.230,-8.062,0.000000
2639.916016,-32.078,-1.687271,0.000000,0.046,-8.204,-8.036,0.000000
2649.054443,-31.866,-5.229079,0.000000,0.047,-8.177,-8.010,0.000000
2658.225586,-31.763,-8.528226,0.000000,0.047,-8.151,-7.983,0.000000
2667.426025,-31.800,-9.551632,0.000000,0.048,-8.125,-7.957,0.000000
2676.659668,-33.007,-12.964881,0.000000,0.049,-8.098,-7.931,0.000000
2685.925293,-32.774,-17.023909,0.000000,0.049,-8.072,-7.904,0.000000
2695.222900,-33.485,-25.661486,0.000000,0.050,-8.045,-7.878,0.000000
2704.552734,-33.839,-21.825104,0.000000,0.051,-8.018,-7.851,0.000000
2713.914795,-34.038,-21.518549,0.000000,0.051,-7.992,-7.825,0.000000
2723.308105,-33.005,-20.404617,0.000000,0.052,-7.965,-7.798,0.000000
2732.736572,-32.580,-23.702757,0.000000,0.053,-7.938,-7.771,0.000000
2742.194824,-32.585,-27.748774,0.000000,0.054,-7.911,-7.744,0.000000
2751.688477,-32.998,-30.099823,0.000000,0.054,-7.883,-7.717,0.000000
2761.212646,-33.104,-29.899723,0.000000,0.055,-7.856,-7.690,0.000000
2770.770752,-33.097,-24.771261,0.000000,0.056,-7.829,-7.663,0.000000
2780.363525,-32.845,-28.225693,0.000000,0.056,-7.801,-7.635,0.000000
2789.986816,-32.957,-33.006294,0.000000,0.057,-7.774,-7.608,0.000000
2799.644531,-33.541,-33.850269,0.000000,0.058,-7.746,-7.580,0.000000
2809.335938,-33.777,-35.417126,0.000000,0.058,-7.718,-7.553,0.000000
2819.060791,-33.832,-35.338654,0.000000,0.059,-7.690,-7.525,0.000000
2828.819336,-33.312,-35.516556,0.000000,0.060,-7.662,-7.497,0.000000
2838.611572,-33.013,-39.892006,0.000000,0.060,-7.634,-7.469,0.000000
2848.436279,-32.800,-45.330524,0.000000,0.061,-7.606,-7.441,0.000000
2858.297852,-32.975,-54.105934,0.000000,0.062,-7.578,-7.413,0.000000
2868.190918,-33.150,-55.132633,0.000000,0.063,-7.549,-7.385,0.000000
2878.120850,-33.474,-60.944263,0.000000,0.063,-7.521,-7.357,0.000000
2888.083740,-34.424,-64.536819,0.000000,0.064,-7.492,-7.328,0.000000
2898.079834,-35.254,-64.159325,0.000000,0.065,-7.464,-7.300,0.000000
2908.113281,-36.202,-65.922737,0.000000,0.065,-7.435,-7.271,0.000000
2918.178711,-37.110,-67.835899,0.000000,0.066,-7.406,-7.242,0.000000
2928.281738,-37.837,-70.534088,0.000000,0.067,-7.377,-7.214,0.000000
2938.416748,-38.588,-64.536911,0.000000,0.068,-7.348,-7.185,0.000000
2948.588379,-38.310,-59.381374,0.000000,0.068,-7.319,-7.156,0.000000
2958.795410,-38.067,-45.647102,0.000000,0.069,-7.290,-7.127,0.000000
2969.037598,-37.293,-33.387096,0.000000,0.070,-7.260,-7.097,0.000000
2979.313965,-36.923,-31.345364,0.000000,0.071,-7.231,-7.068,0.000000
2989.629883,-36.807,-23.962151,0.000000,0.071,-7.201,-7.039,0.000000
2999.974609,-36.335,-18.702713,0.000000,0.072,-7.172,-7.009,0.000000
3010.360840,-36.135,-13.756511,0.000000,0.073,-7.142,-6.980,0.000000
3020.782959,-35.489,-19.682354,0.000000,0.074,-7.112,-6.950,0.000000
3031.238281,-35.027,-32.689754,0.000000,0.074,-7.082,-6.920,0.000000
3041.732666,-35.435,-40.866291,0.000000,0.075,-7.052,-6.890,0.000000
3052.260498,-35.809,-43.698528,0.000000,0.076,-7.022,-6.860,0.000000
3062.827881,-35.574,-45.253300,0.000000,0.077,-6.992,-6.830,0.000000
3073.428711,-35.454,-50.457035,0.000000,0.077,-6.961,-6.800,0.000000
3084.066162,-35.979,-53.516460,0.000000,0.078,-6.931,-6.769,0.000000
3094.743652,-36.277,-53.773834,0.000000,0.079,-6.900,-6.739,0.000000
3105.457764,-36.465,-59.523888,0.000000,0.080,-6.870,-6.708,0.000000
3116.206299,-36.930,-62.861752,0.000000,0.080,-6.839,-6.678,0.000000
3126.991943,-36.990,-59.424274,0.000000,0.081,-6.808,-6.647,0.000000
3137.817871,-37.579,-65.614014,0.000000,0.082,-6.777,-6.616,0.000000
3148.681152,-38.377,-64.600342,0.000000,0.083,-6.746,-6.585,0.000000
3159.579346,-38.917,-61.240589,0.000000,0.084,-6.714,-6.554,0.000000
3170.515137,-39.224,-60.740410,0.000000,0.084,-6.683,-6.523,0.000000
3181.491699,-39.906,-59.469807,0.000000,0.085,-6.652,-6.492,0.000000
3192.503174,-40.658,-47.304314,0.000000,0.086,-6.620,-6.460,0.000000
3203.555908,-40.404,-34.255215,0.000000,0.087,-6.588,-6.429,0.000000
3214.644043,-40.173,-33.756290,0.000000,0.088,-6.557,-6.397,0.000000
3225.773438,-39.861,-26.561800,0.000000,0.088,-6.525,-6.365,0.000000
3236.938232,-39.752,-23.991446,0.000000,0.089,-6.493,-6.334,0.000000
3248.141602,-38.566,-22.692831,0.000000,0.090,-6.461,-6.302,0.000000
3259.386963,-37.770,-21.500154,0.000000,0.091,-6.428,-6.270,0.000000
3270.671387,-37.160,-19.784191,0.000000,0.092,-6.396,-6.237,0.000000
3281.991699,-36.839,-24.441008,0.000000,0.092,-6.364,-6.205,0.000000
3293.351074,-36.743,-29.810059,0.000000,0.093,-6.331,-6.173,0.000000
3304.752930,-36.672,-32.521214,0.000000,0.094,-6.298,-6.140,0.000000
3316.194336,-36.695,-36.116020,0.000000,0.095,-6.266,-6.108,0.000000
3327.672119,-36.561,-38.438583,0.000000,0.096,-6.233,-6.075,0.000000
3339.189697,-36.752,-42.539169,0.000000,0.097,-6.200,-6.042,0.000000
3350.750244,-37.049,-47.328934,0.000000,0.097,-6.167,-6.009,0.000000
3362.347656,-37.152,-53.045738,0.000000,0.098,-6.133,-5.976,0.000000
3373.985107,-37.199,-62.305206,0.000000,0.099,-6.100,-5.943,0.000000
3385.666260,-37.753,-61.588409,0.000000,0.100,-6.067,-5.910,0.000000
3397.387695,-38.323,-59.533611,0.000000,0.101,-6.033,-5.876,0.000000
3409.146484,-38.599,-48.397018,0.000000,0.102,-5.999,-5.843,0.000000
3420.946045,-38.791,-39.281857,0.000000,0.102,-5.965,-5.809,0.000000
3432.789795,-38.997,-37.930336,0.000000,0.103,-5.931,-5.775,0.000000
3444.674316,-40.057,-35.240143,0.000000,0.104,-5.897,-5.741,0.000000
3456.596924,-41.097,-10.438931,0.000000,0.105,-5.863,-5.707,0.000000
3468.560547,-40.728,13.233469,0.000000,0.106,-5.829,-5.673,0.000000
3480.569092,-38.590,5.890077,0.000000,0.107,-5.795,-5.639,0.000000
3492.615723,-36.638,-0.816521,0.000000,0.108,-5.760,-5.605,0.000000
3504.707520,-35.865,-11.101195,0.000000,0.108,-5.725,-5.570,0.000000
3516.837891,-35.736,-16.707689,0.000000,0.109,-5.691,-5.536,0.000000
3529.013428,-35.535,-18.660652,0.000000,0.110,-5.656,-5.501,0.000000
3541.228027,-35.060,-17.797903,0.000000,0.111,-5.621,-5.466,0.000000
3553.484619,-34.846,-25.812037,0.000000,0.112,-5.586,-5.431,0.000000
3565.787109,-34.779,-28.926268,0.000000,0.113,-5.550,-5.396,0.000000
3578.132080,-35.294,-34.379238,0.000000,0.114,-5.515,-5.361,0.000000
3590.516602,-35.725,-36.905521,0.000000,0.115,-5.479,-5.326,0.000000
3602.943848,-36.168,-39.284943,0.000000,0.116,-5.444,-5.290,0.000000
3615.417480,-36.340,-40.816727,0.000000,0.116,-5.408,-5.255,0.000000
3627.934570,-36.371,-43.185566,0.000000,0.117,-5.372,-5.219,0.000000
3640.491211,-36.646,-43.532391,0.000000,0.118,-5.336,-5.183,0.000000
3653.091553,-36.423,-38.549076,0.000000,0.119,-5.300,-5.147,0.000000
3665.739014,-35.433,-40.222588,0.000000,0.120,-5.264,-5.111,0.000000
3678.426514,-34.408,-45.471165,0.000000,0.121,-5.228,-5.075,0.000000
3691.161621,-34.266,-53.589020,0.000000,0.122,-5.191,-5.039,0.000000
3703.937256,-34.824,-56.498192,0.000000,0.123,-5.154,-5.002,0.000000
3716.760498,-34.769,-48.624393,0.000000,0.124,-5.118,-4.966,0.000000
3729.628418,-34.579,-49.643009,0.000000,0.125,-5.081,-4.929,0.000000
3742.533447,-34.351,-53.641853,0.000000,0.126,-5.044,-4.892,0.000000
3755.490479,-34.256,-65.538910,0.000000,0.127,-5.007,-4.855,0.000000
3768.492432,-34.928,-74.925362,0.000000,0.127,-4.969,-4.818,0.000000
3781.535645,-36.528,-86.809616,0.000000,0.128,-4.932,-4.781,0.000000
3794.624023,-37.941,-87.155235,0.000000,0.129,-4.895,-4.744,0.000000
3807.761475,-38.411,-73.270149,0.000000,0.130,-4.857,-4.706,0.000000
3820.940674,-38.756,-82.203163,0.000000,0.131,-4.819,-4.669,0.000000
3834.169189,-39.715,-87.975029,0.000000,0.132,-4.781,-4.631,0.000000
3847.439697,-41.071,-100.681190,0.000000,0.133,-4.743,-4.593,0.000000
3860.760010,-41.412,-137.227707,0.000000,0.134,-4.705,-4.555,0.000000
3874.126221,-41.583,47.744431,0.000000,0.135,-4.667,-4.517,0.000000
3887.531494,-40.937,51.523258,0.000000,0.136,-4.628,-4.479,0.000000
3900.990479,-39.040,31.186852,0.000000,0.137,-4.590,-4.440,0.000000
3914.496094,-38.126,17.738054,0.000000,0.138,-4.551,-4.402,0.000000
3928.048340,-36.788,11.382654,0.000000,0.139,-4.512,-4.363,0.000000
3941.640137,-36.563,14.193958,0.000000,0.140,-4.473,-4.325,0.000000
3955.286377,-36.344,10.909395,0.000000,0.141,-4.434,-4.286,0.000000
3968.979980,-36.353,3.694943,0.000000,0.142,-4.395,-4.247,0.000000
3982.717285,-36.354,-4.626766,0.000000,0.143,-4.356,-4.207,0.000000
3996.501953,-36.522,-11.795208,0.000000,0.144,-4.316,-4.168,0.000000
4010.338135,-37.309,-15.312454,0.000000,0.144,-4.298,-4.151,0.000000
4024.218506,-38.726,-14.576371,0.000000,0.144,-4.288,-4.140,0.000000
4038.150879,-40.221,-1.898775,0.000000,0.144,-4.278,-4.130,0.000000
4052.127441,-39.911,3.182377,0.000000,0.145,-4.268,-4.120,0.000000
4066.156250,-38.946,9.205338,0.000000,0.145,-4.257,-4.110,0.000000
4080.233643,-38.119,9.554259,0.000000,0.145,-4.247,-4.099,0.000000
4094.352051,-37.473,8.664778,0.000000,0.145,-4.237,-4.089,0.000000
4108.526855,-36.981,12.857526,0.000000,0.145,-4.226,-4.079,0.000000
4122.750977,-36.580,16.055925,0.000000,0.145,-4.216,-4.068,0.000000
4137.020508,-35.260,19.699671,0.000000,0.145,-4.205,-4.058,0.000000
4151.339355,-34.108,12.402949,0.000000,0.145,-4.195,-4.047,0.000000
4165.711914,-33.911,4.372735,0.000000,0.145,-4.184,-4.037,0.000000
4180.133789,-33.613,-1.754246,0.000000,0.145,-4.174,-4.026,0.000000
4194.601562,-33.302,-5.910169,0.000000,0.146,-4.163,-4.016,0.000000
4209.120117,-33.318,-8.553505,0.000000,0.146,-4.152,-4.005,0.000000
4223.692383,-33.248,-10.911992,0.000000,0.146,-4.142,-3.994,0.000000
4238.314941,-33.150,-15.726404,0.000000,0.146,-4.131,-3.984,0.000000
4252.980469,-33.421,-23.703018,0.000000,0.146,-4.120,-3.973,0.000000
4267.704590,-34.309,-28.433931,0.000000,0.146,-4.109,-3.962,0.000000
4282.479980,-34.881,-28.089157,0.000000,0.146,-4.099,-3.951,0.000000
4297.306152,-35.326,-26.291567,0.000000,0.146,-4.088,-3.940,0.000000
4312.175781,-36.137,-24.266729,0.000000,0.146,-4.077,-3.929,0.000000
4327.104980,-36.379,-18.586283,0.000000,0.146,-4.066,-3.919,0.000000
4342.085449,-36.021,-15.147246,0.000000,0.147,-4.055,-3.908,0.000000
4357.114258,-36.107,-19.163313,0.000000,0.147,-4.044,-3.897,0.000000
4372.194824,-36.343,-19.625381,0.000000,0.147,-4.033,-3.885,0.000000
4387.331543,-36.395,-8.604684,0.000000,0.147,-4.021,-3.874,0.000000
4402.520996,-35.860,1.280049,0.000000,0.147,-4.010,-3.863,0.000000
4417.758789,-35.036,6.477779,0.000000,0.147,-3.999,-3.852,0.000000
4433.049316,-34.123,3.767427,0.000000,0.147,-3.988,-3.841,0.000000
4448.396973,-34.150,-2.298257,0.000000,0.147,-3.977,-3.830,0.000000
4463.797852,-34.289,-5.983646,0.000000,0.147,-3.965,-3.818,0.000000
4479.243164,-33.846,9.498517,0.000000,0.148,-3.954,-3.807,0.000000
4494.750977,-32.944,18.025513,0.000000,0.148,-3.943,-3.796,0.000000
4510.312012,-31.798,9.448320,0.000000,0.148,-3.931,-3.784,0.000000
4525.922852,-31.952,3.310374,0.000000,0.148,-3.920,-3.773,0.000000
4541.587891,-32.043,0.706553,0.000000,0.148,-3.908,-3.761,0.000000
4557.311035,-32.355,15.278057,0.000000,0.148,-3.897,-3.750,0.000000
4573.088867,-30.634,24.497604,0.000000,0.148,-3.885,-3.738,0.000000
4588.916992,-30.008,24.159208,0.000000,0.148,-3.873,-3.727,0.000000
4604.799805,-29.668,18.362980,0.000000,0.148,-3.862,-3.715,0.000000
4620.742188,-29.607,19.799406,0.000000,0.149,-3.850,-3.703,0.000000
4636.739746,-29.450,24.323650,0.000000,0.149,-3.838,-3.692,0.000000
4652.788086,-28.340,29.975887,0.000000,0.149,-3.826,-3.680,0.000000
4668.892090,-27.137,25.204311,0.000000,0.149,-3.815,-3.668,0.000000
4685.056152,-26.006,15.357881,0.000000,0.149,-3.803,-3.656,0.000000
4701.276367,-25.614,6.241954,0.000000,0.149,-3.791,-3.644,0.000000
4717.543457,-25.742,4.728370,0.000000,0.149,-3.779,-3.632,0.000000
4733.875977,-24.991,0.469667,0.000000,0.149,-3.767,-3.620,0.000000
4750.265137,-24.621,-8.860894,0.000000,0.149,-3.755,-3.608,0.000000
4766.706543,-24.391,-20.321644,0.000000,0.150,-3.743,-3.596,0.000000
4783.209473,-24.894,-31.760473,0.000000,0.150,-3.731,-3.584,0.000000
4799.764648,-25.762,-39.991272,0.000000,0.150,-3.719,-3.572,0.000000
4816.381836,-26.614,-39.245754,0.000000,0.150,-3.706,-3.560,0.000000
4833.052246,-27.412,-39.399673,0.000000,0.150,-3.694,-3.548,0.000000
4849.779785,-27.416,-42.447803,0.000000,0.150,-3.682,-3.536,0.000000
4866.570312,-27.774,-45.797821,0.000000,0.150,-3.669,-3.523,0.000000
4883.418945,-28.751,-49.699696,0.000000,0.150,-3.657,-3.511,0.000000
4900.316406,-29.236,-43.406921,0.000000,0.150,-3.645,-3.499,0.000000
4917.281738,-28.816,-40.500832,0.000000,0.151,-3.632,-3.486,0.000000
4934.305664,-28.583,-42.273968,0.000000,0.151,-3.620,-3.474,0.000000
4951.388672,-28.650,-47.774220,0.000000,0.151,-3.607,-3.461,0.000000
4968.521484,-29.054,-53.564617,0.000000,0.151,-3.595,-3.449,0.000000
4985.723145,-29.874,-52.158630,0.000000,0.151,-3.582,-3.436,0.000000
5002.984375,-30.175,-51.872425,0.000000,0.151,-3.569,-3.423,0.000000
5020.300293,-30.678,-46.769588,0.000000,0.151,-3.557,-3.411,0.000000
5037.681152,-30.589,-49.625999,0.000000,0.151,-3.544,-3.398,0.000000
5055.117188,-31.830,-45.809341,0.000000,0.152,-3.531,-3.385,0.000000
5072.618164,-32.425,-36.725826,0.000000,0.152,-3.518,-3.372,0.000000
5090.175293,-31.988,-32.464951,0.000000,0.152,-3.505,-3.359,0.000000
5107.792969,-31.492,-28.470913,0.000000,0.152,-3.492,-3.346,0.000000
5125.477051,-30.881,-27.061430,0.000000,0.152,-3.479,-3.334,0.000000
5143.221680,-31.079,-27.304823,0.000000,0.152,-3.466,-3.321,0.000000
5161.018066,-30.758,-25.511532,0.000000,0.152,-3.453,-3.307,0.000000
5178.886230,-30.365,-26.188414,0.000000,0.152,-3.440,-3.294,0.000000
5196.815918,-29.792,-26.917765,0.000000,0.153,-3.427,-3.281,0.000000
5214.802734,-29.430,-30.414560,0.000000,0.153,-3.414,-3.268,0.000000
5232.856934,-29.665,-31.174185,0.000000,0.153,-3.400,-3.255,0.000000
5250.968750,-29.128,-31.786606,0.000000,0.153,-3.387,-3.242,0.000000
5269.147949,-29.000,-33.698502,0.000000,0.153,-3.374,-3.228,0.000000
5287.385254,-28.460,-34.960327,0.000000,0.153,-3.360,-3.215,0.000000
5305.685547,-28.207,-38.887417,0.000000,0.153,-3.347,-3.201,0.000000
5324.054199,-28.408,-39.476936,0.000000,0.153,-3.333,-3.188,0.000000
5342.486816,-28.206,-42.752834,0.000000,0.154,-3.320,-3.175,0.000000
5360.978027,-28.120,-45.686905,0.000000,0.154,-3.306,-3.161,0.000000
5379.532715,-28.090,-47.212486,0.000000,0.154,-3.293,-3.147,0.000000
5398.157227,-28.105,-50.357395,0.000000,0.154,-3.279,-3.134,0.000000
5416.846191,-28.357,-54.117554,0.000000,0.154,-3.265,-3.120,0.000000
5435.594727,-28.504,-54.889328,0.000000,0.154,-3.251,-3.106,0.000000
5454.408203,-28.804,-57.959351,0.000000,0.154,-3.238,-3.093,0.000000
5473.291992,-28.798,-57.943928,0.000000,0.154,-3.224,-3.079,0.000000
5492.235352,-29.231,-60.674080,0.000000,0.155,-3.210,-3.065,0.000000
5511.250000,-29.393,-61.999920,0.000000,0.155,-3.196,-3.051,0.000000
5530.325195,-29.359,-64.507713,0.000000,0.155,-3.182,-3.037,0.000000
5549.472168,-29.806,-71.715782,0.000000,0.155,-3.168,-3.023,0.000000
5568.679199,-30.866,-70.513237,0.000000,0.155,-3.154,-3.009,0.000000
5587.953613,-31.263,-67.392624,0.000000,0.155,-3.140,-2.995,0.000000
5607.299316,-31.505,-66.035652,0.000000,0.155,-3.125,-2.980,0.000000
5626.712402,-31.510,-69.297188,0.000000,0.156,-3.111,-2.966,0.000000
5646.181641,-32.181,-68.961273,0.000000,0.156,-3.097,-2.952,0.000000
5665.729492,-32.097,-65.029617,0.000000,0.156,-3.082,-2.938,0.000000
5685.344727,-32.331,-68.545944,0.000000,0.156,-3.068,-2.923,0.000000
5705.027832,-32.827,-68.469337,0.000000,0.156,-3.054,-2.909,0.000000
5724.773926,-32.926,-71.438309,0.000000,0.156,-3.039,-2.894,0.000000
5744.587891,-32.924,-77.670166,0.000000,0.156,-3.025,-2.880,0.000000
5764.476562,-33.020,-71.863281,0.000000,0.157,-3.010,-2.865,0.000000
5784.428223,-33.656,-63.565399,0.000000,0.157,-2.995,-2.851,0.000000
5804.448730,-33.920,-45.823917,0.000000,0.157,-2.981,-2.836,0.000000
5824.544434,-33.791,-38.023220,0.000000,0.157,-2.966,-2.821,0.000000
5844.709473,-34.124,-26.691359,0.000000,0.157,-2.951,-2.807,0.000000
5864.938965,-33.915,-21.177570,0.000000,0.157,-2.936,-2.792,0.000000
5885.238281,-33.768,-15.699247,0.000000,0.157,-2.921,-2.777,0.000000
5905.613281,-33.067,-12.720976,0.000000,0.158,-2.906,-2.762,0.000000
5926.059082,-32.957,-19.046566,0.000000,0.158,-2.891,-2.747,0.000000
5946.570312,-32.634,-20.013996,0.000000,0.158,-2.876,-2.732,0.000000
5967.151855,-32.033,-26.717348,0.000000,0.158,-2.861,-2.717,0.000000
5987.811035,-32.288,-33.382423,0.000000,0.158,-2.846,-2.702,0.000000
6008.535645,-32.208,-32.008137,0.000000,0.158,-2.831,-2.686,0.000000
6029.337402,-32.125,-33.957180,0.000000,0.158,-2.815,-2.671,0.000000
6050.206055,-31.831,-31.322126,0.000000,0.159,-2.800,-2.656,0.000000
6071.152344,-31.654,-37.074326,0.000000,0.159,-2.785,-2.641,0.000000
6092.165527,-31.686,-42.294296,0.000000,0.159,-2.769,-2.625,0.000000
6113.251465,-31.852,-47.499157,0.000000,0.159,-2.754,-2.610,0.000000
6134.416016,-32.153,-50.203255,0.000000,0.159,-2.738,-2.594,0.000000
6155.653809,-32.192,-54.338112,0.000000,0.159,-2.723,-2.579,0.000000
6176.959473,-32.663,-59.329494,0.000000,0.159,-2.707,-2.563,0.000000
6198.338867,-33.393,-58.940266,0.000000,0.160,-2.691,-2.547,0.000000
6219.797852,-33.437,-64.961578,0.000000,0.160,-2.675,-2.532,0.000000
6241.331543,-34.253,-71.780891,0.000000,0.160,-2.660,-2.516,0.000000
6262.933594,-35.293,-66.222275,0.000000,0.160,-2.644,-2.500,0.000000
6284.610352,-36.004,-65.167664,0.000000,0.160,-2.628,-2.484,0.000000
6306.368652,-36.958,-63.275623,0.000000,0.160,-2.612,-2.468,0.000000
6328.195801,-37.998,-47.602394,0.000000,0.160,-2.596,-2.452,0.000000
6350.104492,-37.673,-29.480827,0.000000,0.161,-2.580,-2.436,0.000000
6372.083008,-37.382,-21.078159,0.000000,0.161,-2.564,-2.420,0.000000
6394.143555,-37.911,-13.265383,0.000000,0.161,-2.547,-2.404,0.000000
6416.274902,-38.202,-2.582174,0.000000,0.161,-2.531,-2.388,0.000000
6438.482422,-37.079,-5.635143,0.000000,0.161,-2.515,-2.371,0.000000
6460.772949,-36.128,-3.878400,0.000000,0.161,-2.498,-2.355,0.000000
6483.140625,-35.448,-4.845890,0.000000,0.162,-2.482,-2.339,0.000000
6505.580078,-35.095,-9.076241,0.000000,0.162,-2.466,-2.322,0.000000
6528.096680,-34.694,-12.720829,0.000000,0.162,-2.449,-2.306,0.000000
6550.697266,-34.772,-18.218414,0.000000,0.162,-2.432,-2.289,0.000000
6573.370605,-35.176,-15.109754,0.000000,0.162,-2.416,-2.273,0.000000
6596.127930,-34.819,-13.446495,0.000000,0.162,-2.399,-2.256,0.000000
6618.958008,-34.626,-16.366648,0.000000,0.162,-2.382,-2.239,0.000000
6641.873535,-34.677,-21.627239,0.000000,0.163,-2.365,-2.222,0.000000
6664.861816,-35.522,-17.511257,0.000000,0.163,-2.349,-2.206,0.000000
6687.930176,-34.868,-15.200727,0.000000,0.163,-2.332,-2.189,0.000000
6711.084473,-34.515,-21.425331,0.000000,0.163,-2.315,-2.172,0.000000
6734.318848,-35.232,-22.143391,0.000000,0.163,-2.297,-2.155,0.000000
6757.633301,-34.827,-21.184057,0.000000,0.163,-2.280,-2.138,0.000000
6781.016113,-34.666,-25.371611,0.000000,0.164,-2.263,-2.120,0.000000
6804.492676,-34.899,-30.007534,0.000000,0.164,-2.246,-2.103,0.000000
6828.050293,-35.839,-32.514202,0.000000,0.164,-2.229,-2.086,0.000000
6851.683105,-35.792,-30.743078,0.000000,0.164,-2.211,-2.069,0.000000
6875.397949,-36.372,-38.055164,0.000000,0.164,-2.194,-2.051,0.000000
6899.201172,-37.528,-36.706032,0.000000,0.164,-2.176,-2.034,0.000000
6923.080078,-37.649,-31.455151,0.000000,0.165,-2.159,-2.016,0.000000
6947.048828,-38.293,-38.292286,0.000000,0.165,-2.141,-1.999,0.000000
6971.093262,-39.371,-32.495506,0.000000,0.165,-2.124,-1.981,0.000000
6995.228027,-39.618,-27.582001,0.000000,0.165,-2.106,-1.964,0.000000
7019.446289,-40.129,-23.083454,0.000000,0.165,-2.088,-1.946,0.000000
7043.734863,-40.299,-16.046328,0.000000,0.165,-2.070,-1.928,0.000000
7068.120605,-39.984,-8.270892,0.000000,0.166,-2.052,-1.910,0.000000
7092.591309,-39.580,-2.580221,0.000000,0.166,-2.034,-1.892,0.000000
7117.139648,-39.369,0.036487,0.000000,0.166,-2.016,-1.874,0.000000
7141.772949,-39.193,4.722069,0.000000,0.166,-1.998,-1.856,0.000000
7166.498535,-38.631,4.045925,0.000000,0.166,-1.980,-1.838,0.000000
7191.309570,-38.330,2.401909,0.000000,0.167,-1.962,-1.820,0.000000
7216.199707,-37.869,5.288600,0.000000,0.167,-1.944,-1.802,0.000000
7241.176270,-37.106,1.386904,0.000000,0.167,-1.925,-1.783,0.000000
7266.245605,-37.362,-5.880279,0.000000,0.167,-1.907,-1.765,0.000000
7291.402344,-37.398,-7.504110,0.000000,0.167,-1.888,-1.747,0.000000
7316.631836,-37.755,-13.269520,0.000000,0.167,-1.870,-1.728,0.000000
7341.962402,-38.553,-13.741345,0.000000,0.168,-1.851,-1.709,0.000000
7367.381348,-38.887,-10.180446,0.000000,0.168,-1.832,-1.691,0.000000
7392.887695,-39.530,-7.457951,0.000000,0.168,-1.814,-1.672,0.000000
7418.468262,-39.973,-0.863019,0.000000,0.168,-1.795,-1.653,0.000000
7444.151855,-39.878,6.639482,0.000000,0.168,-1.776,-1.635,0.000000
7469.924316,-39.561,12.352502,0.000000,0.168,-1.757,-1.616,0.000000
7495.778809,-39.224,15.107794,0.000000,0.169,-1.738,-1.597,0.000000
7521.722656,-38.574,17.385839,0.000000,0.169,-1.719,-1.578,0.000000
7547.763672,-37.830,14.956436,0.000000,0.169,-1.700,-1.559,0.000000
7573.887207,-37.439,6.095201,0.000000,0.169,-1.681,-1.540,0.000000
7600.108887,-37.551,-2.602153,0.000000,0.169,-1.662,-1.520,0.000000
7626.414062,-37.754,-7.911265,0.000000,0.170,-1.642,-1.501,0.000000
7652.817383,-38.550,-20.294441,0.000000,0.170,-1.623,-1.482,0.000000
7679.312012,-39.753,-29.290558,0.000000,0.170,-1.603,-1.462,0.000000
7705.883789,-40.326,-24.104307,0.000000,0.170,-1.584,-1.443,0.000000
7732.562500,-41.257,-14.213205,0.000000,0.170,-1.564,-1.423,0.000000
7759.333008,-41.888,8.359872,0.000000,0.170,-1.545,-1.404,0.000000
7786.189453,-41.483,47.453350,0.000000,0.171,-1.525,-1.384,0.000000
7813.138672,-40.580,66.083519,0.000000,0.171,-1.505,-1.364,0.000000
7840.188477,-39.934,68.626869,0.000000,0.171,-1.485,-1.344,0.000000
7867.331543,-38.796,75.855698,0.000000,0.171,-1.465,-1.325,0.000000
7894.561523,-37.448,67.378365,0.000000,0.171,-1.445,-1.305,0.000000
7921.885742,-37.106,58.058723,0.000000,0.172,-1.425,-1.285,0.000000
7949.312012,-36.424,52.541878,0.000000,0.172,-1.405,-1.264,0.000000
7976.833496,-35.884,43.358704,0.000000,0.172,-1.385,-1.244,0.000000
8004.442383,-36.194,34.799725,0.000000,0.172,-1.368,-1.227,0.000000
8032.146973,-36.709,30.806932,0.000000,0.172,-1.366,-1.226,0.000000
8059.955078,-36.391,28.742722,0.000000,0.172,-1.365,-1.225,0.000000
8087.859375,-36.787,20.490992,0.000000,0.172,-1.364,-1.224,0.000000
8115.844727,-37.741,17.893419,0.000000,0.172,-1.363,-1.223,0.000000
8143.942383,-38.309,16.023985,0.000000,0.172,-1.362,-1.222,0.000000
8172.137695,-39.175,13.429482,0.000000,0.172,-1.360,-1.221,0.000000
8200.422852,-40.105,15.485403,0.000000,0.172,-1.359,-1.220,0.000000
8228.805664,-40.487,19.659790,0.000000,0.172,-1.358,-1.219,0.000000
8257.293945,-40.676,20.195938,0.000000,0.171,-1.357,-1.218,0.000000
8285.881836,-41.213,23.291117,0.000000,0.171,-1.355,-1.216,0.000000
8314.560547,-41.667,29.667431,0.000000,0.171,-1.354,-1.215,0.000000
8343.337891,-40.996,31.971184,0.000000,0.171,-1.353,-1.214,0.000000
8372.223633,-41.142,37.428242,0.000000,0.171,-1.352,-1.213,0.000000
8401.208984,-40.732,40.390507,0.000000,0.171,-1.351,-1.212,0.000000
8430.278320,-40.444,42.935215,0.000000,0.171,-1.349,-1.211,0.000000
8459.464844,-39.905,45.102234,0.000000,0.171,-1.348,-1.210,0.000000
8488.752930,-39.785,45.702038,0.000000,0.171,-1.347,-1.209,0.000000
8518.141602,-39.433,41.988934,0.000000,0.171,-1.345,-1.208,0.000000
8547.616211,-39.465,42.449028,0.000000,0.171,-1.344,-1.206,0.000000
8577.208008,-39.770,40.791889,0.000000,0.171,-1.343,-1.205,0.000000
8606.903320,-39.654,41.304806,0.000000,0.170,-1.342,-1.204,0.000000
8636.693359,-40.030,41.995781,0.000000,0.170,-1.340,-1.203,0.000000
8666.594727,-40.169,43.507965,0.000000,0.170,-1.339,-1.202,0.000000
8696.590820,-40.168,42.553352,0.000000,0.170,-1.338,-1.201,0.000000
8726.699219,-40.430,42.462677,0.000000,0.170,-1.337,-1.200,0.000000
8756.903320,-40.535,41.223148,0.000000,0.170,-1.335,-1.198,0.000000
8787.211914,-40.782,38.359005,0.000000,0.170,-1.334,-1.197,0.000000
8817.634766,-41.133,38.769905,0.000000,0.170,-1.333,-1.196,0.000000
8848.162109,-41.420,34.658550,0.000000,0.170,-1.331,-1.195,0.000000
8878.778320,-41.668,34.736317,0.000000,0.170,-1.330,-1.194,0.000000
8909.517578,-42.335,35.415352,0.000000,0.170,-1.329,-1.193,0.000000
8940.363281,-43.003,34.564209,0.000000,0.170,-1.327,-1.192,0.000000
8971.306641,-43.631,38.503109,0.000000,0.169,-1.326,-1.190,0.000000
9002.366211,-44.302,42.817924,0.000000,0.169,-1.325,-1.189,0.000000
9033.524414,-44.609,51.787781,0.000000,0.169,-1.323,-1.188,0.000000
9064.799805,-44.699,58.137928,0.000000,0.169,-1.322,-1.187,0.000000
9096.173828,-44.988,65.834564,0.000000,0.169,-1.321,-1.186,0.000000
9127.657227,-44.234,66.805298,0.000000,0.169,-1.319,-1.184,0.000000
9159.257812,-43.754,67.347481,0.000000,0.169,-1.318,-1.183,0.000000
9190.967773,-43.545,65.718941,0.000000,0.169,-1.317,-1.182,0.000000
9222.770508,-43.443,65.462379,0.000000,0.169,-1.315,-1.181,0.000000
9254.701172,-43.285,65.766182,0.000000,0.169,-1.314,-1.180,0.000000
9286.741211,-43.270,64.490372,0.000000,0.169,-1.312,-1.178,0.000000
9318.892578,-43.057,63.166981,0.000000,0.168,-1.311,-1.177,0.000000
9351.137695,-43.179,59.543865,0.000000,0.168,-1.310,-1.176,0.000000
9383.512695,-43.791,56.545937,0.000000,0.168,-1.308,-1.175,0.000000
9415.999023,-44.064,55.110565,0.000000,0.168,-1.307,-1.173,0.000000
9448.588867,-44.452,53.232552,0.000000,0.168,-1.305,-1.172,0.000000
9481.300781,-44.902,52.523048,0.000000,0.168,-1.304,-1.171,0.000000
9514.117188,-45.379,49.277451,0.000000,0.168,-1.303,-1.170,0.000000
9547.055664,-45.737,56.597980,0.000000,0.168,-1.301,-1.168,0.000000
9580.099609,-46.211,60.235218,0.000000,0.168,-1.300,-1.167,0.000000
9613.257812,-46.784,67.897049,0.000000,0.168,-1.298,-1.166,0.000000
9646.540039,-46.574,79.493713,0.000000,0.168,-1.297,-1.165,0.000000
9679.936523,-46.900,83.275925,0.000000,0.167,-1.296,-1.163,0.000000
9713.431641,-47.504,93.240112,0.000000,0.167,-1.294,-1.162,0.000000
9747.060547,-47.221,96.008675,0.000000,0.167,-1.293,-1.161,0.000000
9780.805664,-47.113,100.671204,0.000000,0.167,-1.291,-1.160,0.000000
9814.658203,-46.847,97.510628,0.000000,0.167,-1.290,-1.158,0.000000
9848.637695,-47.047,93.944809,0.000000,0.167,-1.288,-1.157,0.000000
9882.724609,-47.326,95.142265,0.000000,0.167,-1.287,-1.156,0.000000
9916.939453,-47.708,93.265526,0.000000,0.167,-1.285,-1.154,0.000000
9951.263672,-48.331,95.527710,0.000000,0.167,-1.284,-1.153,0.000000
9985.706055,-48.817,97.754616,0.000000,0.167,-1.282,-1.152,0.000000
10020.278320,-49.026,99.779121,0.000000,0.166,-1.281,-1.150,0.000000
10054.968750,-49.100,106.377632,0.000000,0.166,-1.279,-1.149,0.000000
10089.770508,-48.651,107.925079,0.000000,0.166,-1.278,-1.148,0.000000
10124.692383,-48.695,113.106377,0.000000,0.166,-1.276,-1.146,0.000000
10159.745117,-48.392,113.061768,0.000000,0.166,-1.275,-1.145,0.000000
10194.918945,-47.934,114.891502,0.000000,0.166,-1.273,-1.144,0.000000
10230.205078,-47.714,114.839111,0.000000,0.166,-1.272,-1.142,0.000000
10265.613281,-47.486,113.615974,0.000000,0.166,-1.270,-1.141,0.000000
10301.154297,-47.675,112.018944,0.000000,0.166,-1.269,-1.140,0.000000
10336.807617,-47.875,111.397346,0.000000,0.166,-1.267,-1.138,0.000000
10372.594727,-48.119,108.058975,0.000000,0.166,-1.266,-1.137,0.000000
10408.496094,-48.179,106.800842,0.000000,0.165,-1.264,-1.136,0.000000
10444.531250,-48.963,106.294640,0.000000,0.165,-1.263,-1.134,0.000000
10480.680664,-49.582,110.788971,0.000000,0.165,-1.261,-1.133,0.000000
10516.956055,-49.738,113.190536,0.000000,0.165,-1.259,-1.131,0.000000
10553.367188,-50.050,116.462120,0.000000,0.165,-1.258,-1.130,0.000000
10589.903320,-49.846,116.305511,0.000000,0.165,-1.256,-1.129,0.000000
10626.546875,-49.739,115.206573,0.000000,0.165,-1.255,-1.127,0.000000
10663.336914,-49.892,116.768684,0.000000,0.165,-1.253,-1.126,0.000000
10700.253906,-50.702,108.693275,0.000000,0.165,-1.252,-1.124,0.000000
10737.299805,-50.982,114.230362,0.000000,0.164,-1.250,-1.123,0.000000
10774.462891,-51.091,119.455116,0.000000,0.164,-1.248,-1.122,0.000000
10811.754883,-51.354,117.525185,0.000000,0.164,-1.247,-1.120,0.000000
10849.185547,-51.311,122.426582,0.000000,0.164,-1.245,-1.119,0.000000
10886.736328,-51.965,123.069199,0.000000,0.164,-1.244,-1.117,0.000000
10924.427734,-51.848,124.590820,0.000000,0.164,-1.242,-1.116,0.000000
10962.238281,-52.121,126.648560,0.000000,0.164,-1.240,-1.115,0.000000
11000.190430,-52.267,127.519730,0.000000,0.164,-1.239,-1.113,0.000000
11038.263672,-52.340,126.603851,0.000000,0.164,-1.237,-1.112,0.000000
11076.468750,-52.193,124.655289,0.000000,0.164,-1.235,-1.110,0.000000
11114.816406,-52.680,119.926956,0.000000,0.163,-1.234,-1.109,0.000000
11153.296875,-53.116,116.267693,0.000000,0.163,-1.232,-1.107,0.000000
11191.900391,-53.657,116.973595,0.000000,0.163,-1.230,-1.106,0.000000
11230.636719,-53.955,112.946480,0.000000,0.163,-1.229,-1.104,0.000000
11269.518555,-54.250,121.056396,0.000000,0.163,-1.227,-1.103,0.000000
11308.523438,-54.682,140.408112,0.000000,0.163,-1.225,-1.101,0.000000
11347.674805,-54.825,137.720627,0.000000,0.163,-1.224,-1.100,0.000000
11386.951172,-55.039,146.805649,0.000000,0.163,-1.222,-1.098,0.000000
11426.373047,-55.153,152.218445,0.000000,0.163,-1.220,-1.097,0.000000
11465.921875,-55.740,150.406326,0.000000,0.162,-1.219,-1.095,0.000000
11505.606445,-55.587,155.923431,0.000000,0.162,-1.217,-1.094,0.000000
11545.440430,-55.818,152.557083,0.000000,0.162,-1.215,-1.092,0.000000
11585.412109,-56.021,152.892944,0.000000,0.162,-1.214,-1.091,0.000000
11625.521484,-56.201,139.646011,0.000000,0.162,-1.212,-1.089,0.000000
11665.748047,-56.402,139.057281,0.000000,0.162,-1.210,-1.088,0.000000
11706.135742,-56.580,124.695786,0.000000,0.162,-1.208,-1.086,0.000000
11746.664062,-56.900,123.286316,0.000000,0.162,-1.207,-1.085,0.000000
11787.320312,-57.122,112.822365,0.000000,0.162,-1.205,-1.083,0.000000
11828.118164,-56.484,114.408272,0.000000,0.161,-1.203,-1.082,0.000000
11869.068359,-56.916,99.672089,0.000000,0.161,-1.201,-1.080,0.000000
11910.148438,-56.855,84.331947,0.000000,0.161,-1.200,-1.078,0.000000
11951.382812,-56.840,55.270859,0.000000,0.161,-1.198,-1.077,0.000000
11992.748047,-56.793,28.960758,0.000000,0.161,-1.196,-1.075,0.000000
12034.268555,-56.601,-5.154350,0.000000,0.161,-1.194,-1.074,0.000000
12075.931641,-56.316,-45.964348,0.000000,0.161,-1.192,-1.072,0.000000
12117.716797,-56.378,-98.440445,0.000000,0.161,-1.191,-1.071,0.000000
12159.669922,-56.418,-130.684601,0.000000,0.160,-1.189,-1.069,0.000000
12201.767578,-56.797,-151.528839,0.000000,0.160,-1.187,-1.067,0.000000
12243.999023,-56.596,143.597412,0.000000,0.160,-1.185,-1.066,0.000000
12286.377930,-56.648,179.443695,0.000000,0.160,-1.183,-1.064,0.000000
12328.914062,-56.524,159.743164,0.000000,0.160,-1.182,-1.062,0.000000
12371.597656,-56.507,127.097740,0.000000,0.160,-1.180,-1.061,0.000000
12414.417969,-56.172,105.600067,0.000000,0.160,-1.178,-1.059,0.000000
12457.385742,-55.705,85.840446,0.000000,0.160,-1.176,-1.058,0.000000
12500.514648,-55.425,64.811066,0.000000,0.160,-1.174,-1.056,0.000000
12543.780273,-55.027,52.965683,0.000000,0.159,-1.172,-1.054,0.000000
12587.196289,-54.916,39.622692,0.000000,0.159,-1.170,-1.053,0.000000
12630.774414,-54.780,33.336063,0.000000,0.159,-1.169,-1.051,0.000000
12674.502930,-54.612,27.830557,0.000000,0.159,-1.167,-1.049,0.000000
12718.383789,-54.907,11.153481,0.000000,0.159,-1.165,-1.048,0.000000
12762.391602,-55.111,-1.696374,0.000000,0.159,-1.163,-1.046,0.000000
12806.576172,-55.405,-12.072159,0.000000,0.159,-1.161,-1.044,0.000000
12850.914062,-55.507,-24.139273,0.000000,0.159,-1.159,-1.043,0.000000
12895.392578,-55.954,-32.650036,0.000000,0.158,-1.157,-1.041,0.000000
12940.025391,-56.103,-32.373550,0.000000,0.158,-1.155,-1.039,0.000000
12984.825195,-56.048,23.985533,0.000000,0.158,-1.153,-1.038,0.000000
13029.767578,-55.862,70.796204,0.000000,0.158,-1.151,-1.036,0.000000
13074.876953,-55.426,75.884079,0.000000,0.158,-1.149,-1.034,0.000000
13120.131836,-54.799,73.499748,0.000000,0.158,-1.147,-1.032,0.000000
13165.554688,-54.645,71.720421,0.000000,0.158,-1.146,-1.031,0.000000
13211.134766,-54.535,60.519733,0.000000,0.158,-1.144,-1.029,0.000000
13256.847656,-54.472,48.937214,0.000000,0.157,-1.142,-1.027,0.000000
13302.744141,-54.180,35.515717,0.000000,0.157,-1.140,-1.025,0.000000
13348.799805,-54.238,21.785561,0.000000,0.157,-1.138,-1.024,0.000000
13395.001953,-54.227,8.654969,0.000000,0.157,-1.136,-1.022,0.000000
13441.363281,-54.898,-1.276548,0.000000,0.157,-1.134,-1.020,0.000000
13487.899414,-55.355,-15.168933,0.000000,0.157,-1.132,-1.018,0.000000
13534.595703,-55.575,-22.540936,0.000000,0.157,-1.130,-1.017,0.000000
13581.440430,-55.700,-52.256611,0.000000,0.157,-1.128,-1.015,0.000000
13628.447266,-55.422,-139.084061,0.000000,0.156,-1.126,-1.013,0.000000
13675.630859,-55.444,154.584427,0.000000,0.156,-1.124,-1.011,0.000000
13722.976562,-55.232,129.956604,0.000000,0.156,-1.122,-1.009,0.000000
13770.473633,-55.377,119.475235,0.000000,0.156,-1.120,-1.008,0.000000
13818.135742,-55.323,105.065781,0.000000,0.156,-1.117,-1.006,0.000000
13865.975586,-55.314,91.703331,0.000000,0.156,-1.115,-1.004,0.000000
13913.980469,-55.425,77.368530,0.000000,0.156,-1.113,-1.002,0.000000
13962.125977,-55.666,67.804115,0.000000,0.155,-1.111,-1.000,0.000000
14010.463867,-55.912,54.502350,0.000000,0.155,-1.109,-0.998,0.000000
14058.969727,-56.293,47.208305,0.000000,0.155,-1.107,-0.997,0.000000
14107.628906,-56.677,45.266850,0.000000,0.155,-1.105,-0.995,0.000000
14156.458008,-56.883,61.044151,0.000000,0.155,-1.103,-0.993,0.000000
14205.468750,-57.104,136.290787,0.000000,0.155,-1.101,-0.991,0.000000
14254.635742,-57.153,146.384201,0.000000,0.155,-1.099,-0.989,0.000000
14303.986328,-57.017,152.785858,0.000000,0.154,-1.097,-0.987,0.000000
14353.495117,-56.891,140.165955,0.000000,0.154,-1.094,-0.985,0.000000
14403.188477,-57.080,138.237991,0.000000,0.154,-1.092,-0.984,0.000000
14453.052734,-57.199,128.230850,0.000000,0.154,-1.090,-0.982,0.000000
14503.063477,-57.311,119.264282,0.000000,0.154,-1.088,-0.980,0.000000
14553.274414,-57.387,113.539360,0.000000,0.154,-1.086,-0.978,0.000000
14603.659180,-57.538,119.451759,0.000000,0.154,-1.084,-0.976,0.000000
14654.218750,-57.511,125.954475,0.000000,0.154,-1.081,-0.974,0.000000
14704.924805,-57.178,137.381332,0.000000,0.153,-1.079,-0.972,0.000000
14755.834961,-57.099,146.329224,0.000000,0.153,-1.077,-0.970,0.000000
14806.920898,-57.112,154.980545,0.000000,0.153,-1.075,-0.968,0.000000
14858.168945,-56.704,169.392899,0.000000,0.153,-1.073,-0.966,0.000000
14909.609375,-56.232,174.079315,0.000000,0.153,-1.071,-0.964,0.000000
14961.213867,-55.981,175.278748,0.000000,0.153,-1.068,-0.962,0.000000
15013.010742,-55.668,166.851013,0.000000,0.152,-1.066,-0.960,0.000000
15064.973633,-55.713,158.928391,0.000000,0.152,-1.064,-0.958,0.000000
15117.115234,-55.772,155.986786,0.000000,0.152,-1.062,-0.956,0.000000
15169.452148,-56.105,151.468033,0.000000,0.152,-1.059,-0.954,0.000000
15221.969727,-56.115,150.497253,0.000000,0.152,-1.057,-0.952,0.000000
15274.640625,-56.250,151.261414,0.000000,0.152,-1.055,-0.950,0.000000
15327.523438,-56.459,150.548965,0.000000,0.152,-1.053,-0.948,0.000000
15380.588867,-56.659,148.561462,0.000000,0.151,-1.050,-0.946,0.000000
15433.823242,-57.153,150.014191,0.000000,0.151,-1.048,-0.944,0.000000
15487.241211,-57.348,153.892792,0.000000,0.151,-1.046,-0.942,0.000000
15540.859375,-57.462,162.220795,0.000000,0.151,-1.043,-0.940,0.000000
15594.664062,-57.548,162.785706,0.000000,0.151,-1.041,-0.938,0.000000
15648.638672,-57.734,160.537704,0.000000,0.151,-1.039,-0.936,0.000000
15702.800781,-57.959,157.532150,0.000000,0.151,-1.036,-0.934,0.000000
15757.166016,-58.001,156.415558,0.000000,0.150,-1.034,-0.932,0.000000
15811.718750,-58.195,161.700409,0.000000,0.150,-1.032,-0.930,0.000000
15866.429688,-57.904,165.706985,0.000000,0.150,-1.029,-0.928,0.000000
15921.361328,-57.926,168.226883,0.000000,0.150,-1.027,-0.926,0.000000
15976.482422,-58.144,164.854507,0.000000,0.150,-1.025,-0.924,0.000000
16031.793945,-58.198,166.300751,0.000000,0.150,-1.022,-0.922,0.000000
16087.267578,-58.168,173.499847,0.000000,0.149,-1.020,-0.919,0.000000
16142.962891,-58.057,-177.605988,0.000000,0.149,-1.017,-0.917,0.000000
16198.851562,-58.013,-176.644989,0.000000,0.149,-1.015,-0.915,0.000000
16254.917969,-58.460,-176.199051,0.000000,0.149,-1.013,-0.913,0.000000
16311.194336,-58.588,-171.858597,0.000000,0.149,-1.010,-0.911,0.000000
16367.649414,-58.959,-169.541977,0.000000,0.149,-1.008,-0.909,0.000000
16424.316406,-58.816,-167.528549,0.000000,0.149,-1.005,-0.907,0.000000
16481.162109,-58.703,-164.817535,0.000000,0.148,-1.003,-0.904,0.000000
16538.205078,-58.663,-165.580444,0.000000,0.148,-1.000,-0.902,0.000000
16595.462891,-59.274,-163.864777,0.000000,0.148,-0.998,-0.900,0.000000
16652.917969,-59.580,-152.211334,0.000000,0.148,-0.996,-0.898,0.000000
16710.539062,-59.869,-141.343277,0.000000,0.148,-0.993,-0.896,0.000000
16768.392578,-59.580,-141.955536,0.000000,0.148,-0.991,-0.893,0.000000
16826.447266,-59.463,-144.965851,0.000000,0.147,-0.988,-0.891,0.000000
16884.685547,-59.344,-139.591309,0.000000,0.147,-0.986,-0.889,0.000000
16943.142578,-59.747,-135.036667,0.000000,0.147,-0.983,-0.887,0.000000
17001.785156,-59.896,-131.469696,0.000000,0.147,-0.980,-0.885,0.000000
17060.646484,-59.815,-128.782852,0.000000,0.147,-0.978,-0.882,0.000000
17119.695312,-59.977,-128.809341,0.000000,0.147,-0.975,-0.880,0.000000
17178.949219,-59.555,-130.635010,0.000000,0.146,-0.973,-0.878,0.000000
17238.423828,-60.042,-128.284180,0.000000,0.146,-0.970,-0.876,0.000000
17298.105469,-60.233,-116.817841,0.000000,0.146,-0.968,-0.873,0.000000
17357.976562,-60.376,-104.101082,0.000000,0.146,-0.965,-0.871,0.000000
17418.054688,-60.579,-107.230667,0.000000,0.146,-0.963,-0.869,0.000000
17478.357422,-60.588,-102.044983,0.000000,0.146,-0.960,-0.866,0.000000
17538.869141,-60.645,-99.008949,0.000000,0.145,-0.957,-0.864,0.000000
17599.556641,-60.591,-97.592522,0.000000,0.145,-0.955,-0.862,0.000000
17660.488281,-60.662,-93.982330,0.000000,0.145,-0.952,-0.859,0.000000
17721.630859,-60.542,-84.574608,0.000000,0.145,-0.950,-0.857,0.000000
17782.968750,-60.595,-84.491600,0.000000,0.145,-0.947,-0.855,0.000000
17844.535156,-60.574,-86.163002,0.000000,0.145,-0.944,-0.852,0.000000
17906.296875,-60.610,-85.618889,0.000000,0.144,-0.942,-0.850,0.000000
17968.291016,-60.407,-89.877480,0.000000,0.144,-0.939,-0.848,0.000000
18030.480469,-60.533,-91.867165,0.000000,0.144,-0.936,-0.845,0.000000
18092.886719,-60.643,-75.113724,0.000000,0.144,-0.934,-0.843,0.000000
18155.525391,-60.772,-68.823784,0.000000,0.144,-0.931,-0.841,0.000000
18218.382812,-60.903,-76.077042,0.000000,0.144,-0.928,-0.838,0.000000
18281.421875,-61.098,-73.215302,0.000000,0.143,-0.925,-0.836,0.000000
18344.712891,-61.142,-66.625877,0.000000,0.143,-0.923,-0.833,0.000000
18408.224609,-61.310,-56.913570,0.000000,0.143,-0.920,-0.831,0.000000
18471.955078,-61.245,-38.285324,0.000000,0.143,-0.917,-0.829,0.000000
18535.888672,-61.177,-37.154915,0.000000,0.143,-0.914,-0.826,0.000000
18600.044922,-61.132,-42.625309,0.000000,0.142,-0.912,-0.824,0.000000
18664.439453,-60.915,-40.395748,0.000000,0.142,-0.909,-0.821,0.000000
18729.041016,-60.871,-5.332628,0.000000,0.142,-0.906,-0.819,0.000000
18793.880859,-60.816,4.150792,0.000000,0.142,-0.903,-0.816,0.000000
18858.929688,-61.000,-5.535331,0.000000,0.142,-0.901,-0.814,0.000000
18924.220703,-60.545,-9.633165,0.000000,0.142,-0.898,-0.811,0.000000
18989.720703,-60.419,-10.205794,0.000000,0.141,-0.895,-0.809,0.000000
19055.447266,-60.701,4.901780,0.000000,0.141,-0.892,-0.806,0.000000
19121.417969,-60.520,9.455427,0.000000,0.141,-0.889,-0.804,0.000000
19187.619141,-60.702,17.828157,0.000000,0.141,-0.886,-0.801,0.000000
19254.029297,-61.087,-4.917238,0.000000,0.141,-0.884,-0.799,0.000000
19320.669922,-60.935,-3.785766,0.000000,0.140,-0.881,-0.796,0.000000
19387.560547,-60.797,5.028328,0.000000,0.140,-0.878,-0.794,0.000000
19454.664062,-60.969,15.383789,0.000000,0.140,-0.875,-0.791,0.000000
19522.017578,-60.893,16.071560,0.000000,0.140,-0.872,-0.789,0.000000
19589.585938,-60.678,0.640346,0.000000,0.140,-0.869,-0.786,0.000000
19657.406250,-60.392,-7.312883,0.000000,0.139,-0.866,-0.783,0.000000
19725.443359,-60.198,-11.587343,0.000000,0.139,-0.863,-0.781,0.000000
19793.716797,-60.083,-11.396986,0.000000,0.139,-0.860,-0.778,0.000000
19862.244141,-59.939,-28.705374,0.000000,0.139,-0.857,-0.776,0.000000
19931.009766,-60.165,-8.092370,0.000000,0.139,-0.854,-0.773,0.000000
19999.974609,-60.200,-12.805125,0.000000,0.139,-0.851,-0.770,0.000000
