frequency_hz,spl_db,phase_deg,thd_percent,rt60_ms,c50_db,c80_db,group_delay_ms
20.000000,-69.392,-36.832977,0.000000,0.000,38.325,38.367,0.000000
20.069233,-70.650,-63.431469,0.000000,0.000,38.325,38.367,0.000000
20.138704,-70.650,-63.431469,0.000000,0.000,38.325,38.367,0.000000
20.208418,-70.650,-63.431469,0.000000,0.000,38.325,38.367,0.000000
20.278366,-70.699,-93.936867,0.000000,0.000,38.325,38.367,0.000000
20.348562,-70.699,-93.936867,0.000000,0.000,38.325,38.367,0.000000
20.419001,-71.239,-94.430267,0.000000,0.000,38.325,38.367,0.000000
20.489683,-71.910,-123.528885,0.000000,0.000,38.325,38.367,0.000000
20.560612,-71.910,-123.528885,0.000000,0.000,38.325,38.367,0.000000
20.631784,-73.325,-120.404907,0.000000,0.000,38.325,38.367,0.000000
20.703203,-73.325,-120.404907,0.000000,0.000,38.325,38.367,0.000000
20.774866,-73.125,-131.530350,0.000000,0.000,38.325,38.367,0.000000
20.846781,-72.848,-150.251251,0.000000,0.000,38.325,38.367,0.000000
20.918943,-72.848,-150.251251,0.000000,0.000,38.325,38.367,0.000000
20.991358,-73.754,-162.931946,0.000000,0.000,38.325,38.367,0.000000
21.064020,-74.310,179.576035,0.000000,0.000,38.325,38.367,0.000000
21.136936,-73.275,-168.633423,0.000000,0.000,38.325,38.367,0.000000
21.210104,-73.936,-159.179276,0.000000,0.000,38.325,38.367,0.000000
21.283520,-73.936,-159.179276,0.000000,0.000,38.325,38.367,0.000000
21.357197,-72.262,-174.490524,0.000000,0.000,38.325,38.367,0.000000
21.431126,-71.862,-156.762833,0.000000,0.000,38.325,38.367,0.000000
21.505312,-72.751,-168.658966,0.000000,0.000,38.325,38.367,0.000000
21.579756,-72.107,172.668381,0.000000,0.000,38.325,38.367,0.000000
21.654457,-72.107,172.668381,0.000000,0.000,38.325,38.367,0.000000
21.729416,-72.022,177.761963,0.000000,0.000,38.325,38.367,0.000000
21.804630,-71.989,168.262360,0.000000,0.000,38.325,38.367,0.000000
21.880110,-72.688,151.378510,0.000000,0.000,38.325,38.367,0.000000
21.955851,-71.700,143.865219,0.000000,0.000,38.325,38.367,0.000000
22.031853,-71.632,167.182999,0.000000,0.000,38.325,38.367,0.000000
22.108118,-72.156,144.318222,0.000000,0.000,38.325,38.367,0.000000
22.184649,-72.156,144.318222,0.000000,0.000,38.325,38.367,0.000000
22.261442,-71.977,148.796005,0.000000,0.000,38.325,38.367,0.000000
22.338503,-73.525,148.335907,0.000000,0.000,38.325,38.367,0.000000
22.415825,-74.460,155.533920,0.000000,0.000,38.325,38.367,0.000000
22.493420,-73.730,-166.095367,0.000000,0.000,38.325,38.367,0.000000
22.571283,-73.553,-154.099228,0.000000,0.000,38.325,38.367,0.000000
22.649418,-73.553,-154.099228,0.000000,0.000,38.325,38.367,0.000000
22.727821,-74.000,-145.606216,0.000000,0.000,38.325,38.367,0.000000
22.806496,-74.378,-151.721893,0.000000,0.000,38.325,38.367,0.000000
22.885437,-73.881,-135.621246,0.000000,0.000,38.325,38.367,0.000000
22.964659,-74.359,-145.359802,0.000000,0.000,38.325,38.367,0.000000
23.044153,-75.126,-154.570068,0.000000,0.000,38.325,38.367,0.000000
23.123922,-76.441,-170.210495,0.000000,0.000,38.325,38.367,0.000000
23.203970,-76.441,-170.210495,0.000000,0.000,38.325,38.367,0.000000
23.284292,-78.414,-124.116127,0.000000,0.000,38.325,38.367,0.000000
23.364893,-78.414,-124.116127,0.000000,0.000,38.325,38.367,0.000000
23.445774,-77.875,-150.322586,0.000000,0.000,38.325,38.367,0.000000
23.526928,-78.172,-131.239960,0.000000,0.000,38.325,38.367,0.000000
23.608370,-79.841,-129.168488,0.000000,0.000,38.325,38.367,0.000000
23.690092,-79.865,-124.472954,0.000000,0.000,38.325,38.367,0.000000
23.772099,-79.865,-124.472954,0.000000,0.000,38.325,38.367,0.000000
23.854389,-82.171,-102.867569,0.000000,0.000,38.325,38.367,0.000000
23.936964,-82.171,-102.867569,0.000000,0.000,38.325,38.367,0.000000
24.019825,-83.175,-12.844143,0.000000,0.000,38.325,38.367,0.000000
24.102966,-83.175,-12.844143,0.000000,0.000,38.325,38.367,0.000000
24.186401,-78.025,-29.279747,0.000000,0.000,38.325,38.367,0.000000
24.270124,-78.025,-29.279747,0.000000,0.000,38.325,38.367,0.000000
24.354139,-77.598,-6.959450,0.000000,0.000,38.325,38.367,0.000000
24.438444,-74.022,-27.209612,0.000000,0.000,38.325,38.367,0.000000
24.523041,-73.214,-3.844442,0.000000,0.000,38.325,38.367,0.000000
24.607929,-72.539,-23.038033,0.000000,0.000,38.325,38.367,0.000000
24.693108,-72.539,-23.038033,0.000000,0.000,38.325,38.367,0.000000
24.778585,-71.847,23.089733,0.000000,0.000,38.325,38.367,0.000000
24.864359,-71.847,23.089733,0.000000,0.000,38.325,38.367,0.000000
24.950430,-70.741,-20.962969,0.000000,0.000,38.325,38.367,0.000000
25.036798,-70.741,-20.962969,0.000000,0.000,38.325,38.367,0.000000
25.123466,-70.696,-38.257851,0.000000,0.000,38.325,38.367,0.000000
25.210434,-70.696,-38.257851,0.000000,0.000,38.325,38.367,0.000000
25.297697,-71.995,-23.977222,0.000000,0.000,38.325,38.367,0.000000
25.385267,-71.995,-23.977222,0.000000,0.000,38.325,38.367,0.000000
25.473143,-74.666,50.096455,0.000000,0.000,38.325,38.367,0.000000
25.561321,-74.666,50.096455,0.000000,0.000,38.325,38.367,0.000000
25.649803,-75.290,32.015312,0.000000,0.000,38.325,38.367,0.000000
25.738594,-75.290,32.015312,0.000000,0.000,38.325,38.367,0.000000
25.827690,-75.444,13.918883,0.000000,0.000,38.325,38.367,0.000000
25.917089,-75.444,13.918883,0.000000,0.000,38.325,38.367,0.000000
26.006805,-76.243,-2.038712,0.000000,0.000,38.325,38.367,0.000000
26.096830,-76.832,14.386209,0.000000,0.000,38.325,38.367,0.000000
26.187168,-77.050,19.869452,0.000000,0.000,38.325,38.367,0.000000
26.277819,-76.597,8.066224,0.000000,0.000,38.325,38.367,0.000000
26.368782,-75.989,3.093215,0.000000,0.000,38.325,38.367,0.000000
26.460054,-75.652,-1.776130,0.000000,0.000,38.325,38.367,0.000000
26.551649,-75.424,-13.373210,0.000000,0.000,38.325,38.367,0.000000
26.643560,-75.140,-24.566124,0.000000,0.000,38.325,38.367,0.000000
26.735790,-75.335,-37.177250,0.000000,0.000,38.325,38.367,0.000000
26.828339,-76.006,-49.027939,0.000000,0.000,38.325,38.367,0.000000
26.921207,-76.275,-61.830940,0.000000,0.000,38.325,38.367,0.000000
27.014399,-76.721,-75.215424,0.000000,0.000,38.325,38.367,0.000000
27.107912,-77.547,-93.093246,0.000000,0.000,38.325,38.367,0.000000
27.201744,-76.839,-132.913101,0.000000,0.000,38.325,38.367,0.000000
27.295906,-77.666,-147.583176,0.000000,0.000,38.325,38.367,0.000000
27.390394,-77.537,-145.299240,0.000000,0.000,38.325,38.367,0.000000
27.485209,-77.794,-154.479919,0.000000,0.000,38.325,38.367,0.000000
27.580351,-78.921,-164.047821,0.000000,0.000,38.325,38.367,0.000000
27.675825,-78.704,-175.281357,0.000000,0.000,38.325,38.367,0.000000
27.771622,-79.759,173.025223,0.000000,0.000,38.325,38.367,0.000000
27.867756,-80.715,154.447769,0.000000,0.000,38.325,38.367,0.000000
27.964224,-80.715,154.447769,0.000000,0.000,38.325,38.367,0.000000
28.061024,-80.484,167.271973,0.000000,0.000,38.325,38.367,0.000000
28.158161,-79.783,162.129150,0.000000,0.000,38.325,38.367,0.000000
28.255634,-79.113,171.748856,0.000000,0.000,38.325,38.367,0.000000
28.353443,-78.847,153.085922,0.000000,0.000,38.325,38.367,0.000000
28.451593,-78.097,136.215698,0.000000,0.000,38.325,38.367,0.000000
28.550081,-77.192,114.486099,0.000000,0.000,38.325,38.367,0.000000
28.648903,-76.859,85.209541,0.000000,0.000,38.325,38.367,0.000000
28.748075,-75.744,58.056335,0.000000,0.000,38.325,38.367,0.000000
28.847589,-75.482,6.985241,0.000000,0.000,38.325,38.367,0.000000
28.947449,-75.357,-40.557938,0.000000,0.000,38.325,38.367,0.000000
29.047655,-74.648,-90.135498,0.000000,0.000,38.325,38.367,0.000000
29.148207,-74.357,-100.456589,0.000000,0.000,38.325,38.367,0.000000
29.249100,-74.016,-121.286980,0.000000,0.000,38.325,38.367,0.000000
29.350348,-74.016,-121.286980,0.000000,0.000,38.325,38.367,0.000000
29.451948,-74.738,-54.823345,0.000000,0.000,38.325,38.367,0.000000
29.553900,-74.363,-71.922447,0.000000,0.000,38.325,38.367,0.000000
29.656204,-75.195,-88.774712,0.000000,0.000,38.325,38.367,0.000000
29.758862,-75.589,-106.182251,0.000000,0.000,38.325,38.367,0.000000
29.861876,-76.368,-90.501617,0.000000,0.000,38.325,38.367,0.000000
29.965246,-78.351,-91.745293,0.000000,0.000,38.325,38.367,0.000000
30.068968,-78.351,-91.745293,0.000000,0.000,38.325,38.367,0.000000
30.173054,-79.097,-53.585705,0.000000,0.000,38.325,38.367,0.000000
30.277502,-79.097,-53.585705,0.000000,0.000,38.325,38.367,0.000000
30.382311,-78.919,-27.313314,0.000000,0.000,38.325,38.367,0.000000
30.487482,-80.005,-18.699207,0.000000,0.000,38.325,38.367,0.000000
30.593019,-78.579,-33.552853,0.000000,0.000,38.325,38.367,0.000000
30.698914,-77.380,-65.486923,0.000000,0.000,38.325,38.367,0.000000
30.805182,-77.380,-65.486923,0.000000,0.000,38.325,38.367,0.000000
30.911816,-77.627,-34.234352,0.000000,0.000,38.325,38.367,0.000000
31.018822,-77.627,-34.234352,0.000000,0.000,38.325,38.367,0.000000
31.126196,-76.914,-73.499115,0.000000,0.000,38.325,38.367,0.000000
31.233944,-75.395,-109.546196,0.000000,0.000,38.325,38.367,0.000000
31.342064,-75.395,-109.546196,0.000000,0.000,38.325,38.367,0.000000
31.450558,-74.457,-135.251434,0.000000,0.000,38.325,38.367,0.000000
31.559420,-74.457,-135.251434,0.000000,0.000,38.325,38.367,0.000000
31.668667,-75.137,-138.291718,0.000000,0.000,38.325,38.367,0.000000
31.778292,-76.199,-146.834885,0.000000,0.000,38.325,38.367,0.000000
31.888296,-76.199,-146.834885,0.000000,0.000,38.325,38.367,0.000000
31.998680,-76.389,176.409149,0.000000,0.000,38.325,38.367,0.000000
32.109447,-76.389,176.409149,0.000000,0.000,38.325,38.367,0.000000
32.220600,-75.286,174.716568,0.000000,0.000,38.325,38.367,0.000000
32.332127,-75.437,74.387878,0.000000,0.000,38.325,38.367,0.000000
32.444046,-75.437,74.387878,0.000000,0.000,38.325,38.367,0.000000
32.556355,-77.319,-2.333245,0.000000,0.000,38.325,38.367,0.000000
32.669052,-77.633,-18.924940,0.000000,0.000,38.325,38.367,0.000000
32.782143,-78.848,-40.469807,0.000000,0.000,38.325,38.367,0.000000
32.895622,-78.660,-77.424110,0.000000,0.000,38.325,38.367,0.000000
33.009491,-78.660,-77.424110,0.000000,0.000,38.325,38.367,0.000000
33.123760,-78.160,-106.025276,0.000000,0.000,38.325,38.367,0.000000
33.238411,-78.360,-162.806351,0.000000,0.000,38.325,38.367,0.000000
33.353470,-78.535,-102.558151,0.000000,0.000,38.325,38.367,0.000000
33.468929,-79.682,-116.808678,0.000000,0.000,38.325,38.367,0.000000
33.584785,-80.320,-98.407364,0.000000,0.000,38.325,38.367,0.000000
33.701042,-80.688,-129.356186,0.000000,0.000,38.325,38.367,0.000000
33.817696,-79.571,-172.136261,0.000000,0.000,38.325,38.367,0.000000
33.934757,-79.813,171.392014,0.000000,0.000,38.325,38.367,0.000000
34.052227,-79.755,158.105865,0.000000,0.000,38.325,38.367,0.000000
34.170105,-80.064,176.907974,0.000000,0.000,38.325,38.367,0.000000
34.288387,-80.902,159.570251,0.000000,0.000,38.325,38.367,0.000000
34.407082,-82.027,143.166885,0.000000,0.000,38.325,38.367,0.000000
34.526184,-82.116,157.085129,0.000000,0.000,38.325,38.367,0.000000
34.645702,-82.483,170.476990,0.000000,0.000,38.325,38.367,0.000000
34.765621,-81.974,-137.598251,0.000000,0.000,38.325,38.367,0.000000
34.885967,-82.139,-154.864243,0.000000,0.000,38.325,38.367,0.000000
35.006729,-81.627,-176.451416,0.000000,0.000,38.325,38.367,0.000000
35.127911,-81.343,-172.391129,0.000000,0.000,38.325,38.367,0.000000
35.249508,-79.994,166.960129,0.000000,0.000,38.325,38.367,0.000000
35.371529,-79.773,-178.651520,0.000000,0.000,38.325,38.367,0.000000
35.493965,-78.800,149.855560,0.000000,0.000,38.325,38.367,0.000000
35.616829,-79.253,159.033234,0.000000,0.000,38.325,38.367,0.000000
35.740120,-79.096,-115.822273,0.000000,0.000,38.325,38.367,0.000000
35.863842,-78.679,-164.321609,0.000000,0.000,38.325,38.367,0.000000
35.987988,-78.220,-151.061020,0.000000,0.000,38.325,38.367,0.000000
36.112564,-77.509,-172.081131,0.000000,0.000,38.325,38.367,0.000000
36.237572,-76.919,-152.726074,0.000000,0.000,38.325,38.367,0.000000
36.363010,-76.631,176.659302,0.000000,0.000,38.325,38.367,0.000000
36.488888,-76.050,148.768112,0.000000,0.000,38.325,38.367,0.000000
36.615189,-76.397,-168.072235,0.000000,0.000,38.325,38.367,0.000000
36.741936,-76.810,167.441025,0.000000,0.000,38.325,38.367,0.000000
36.869122,-75.193,171.863419,0.000000,0.000,38.325,38.367,0.000000
36.996750,-74.470,164.095779,0.000000,0.000,38.325,38.367,0.000000
37.124817,-72.738,153.311615,0.000000,0.000,38.325,38.367,0.000000
37.253323,-71.502,137.105743,0.000000,0.000,38.325,38.367,0.000000
37.382278,-71.129,118.899055,0.000000,0.000,38.325,38.367,0.000000
37.511681,-71.129,118.899055,0.000000,0.000,38.325,38.367,0.000000
37.641533,-71.420,105.714706,0.000000,0.000,38.325,38.367,0.000000
37.771832,-71.000,96.447777,0.000000,0.000,38.325,38.367,0.000000
37.902584,-70.998,83.552422,0.000000,0.000,38.325,38.367,0.000000
38.033791,-70.998,83.552422,0.000000,0.000,38.325,38.367,0.000000
38.165447,-70.960,82.574692,0.000000,0.000,38.325,38.367,0.000000
38.297562,-71.632,71.332108,0.000000,0.000,38.325,38.367,0.000000
38.430122,-71.632,71.332108,0.000000,0.000,38.325,38.367,0.000000
38.563152,-73.777,59.456520,0.000000,0.000,38.325,38.367,0.000000
38.696644,-75.083,69.695114,0.000000,0.000,38.325,38.367,0.000000
38.830597,-76.361,84.172745,0.000000,0.000,38.325,38.367,0.000000
38.965015,-76.361,84.172745,0.000000,0.000,38.325,38.367,0.000000
39.099895,-75.979,93.864235,0.000000,0.000,38.325,38.367,0.000000
39.235237,-77.157,83.669891,0.000000,0.000,38.325,38.367,0.000000
39.371052,-77.365,93.021416,0.000000,0.000,38.325,38.367,0.000000
39.507339,-78.024,111.957848,0.000000,0.000,38.325,38.367,0.000000
39.644100,-77.910,122.612366,0.000000,0.000,38.325,38.367,0.000000
39.781334,-79.151,150.587692,0.000000,0.000,38.325,38.367,0.000000
39.919041,-79.116,153.089813,0.000000,0.000,38.325,38.367,0.000000
40.057224,-78.668,146.223038,0.000000,0.000,38.325,38.367,0.000000
40.195889,-78.479,146.420380,0.000000,0.000,38.325,38.367,0.000000
40.335030,-78.193,136.844193,0.000000,0.000,38.325,38.367,0.000000
40.474644,-78.985,148.952591,0.000000,0.000,38.325,38.367,0.000000
40.614754,-80.385,149.380096,0.000000,0.000,38.325,38.367,0.000000
40.755344,-80.737,159.764587,0.000000,0.000,38.325,38.367,0.000000
40.896423,-81.511,160.281143,0.000000,0.000,38.325,38.367,0.000000
41.037983,-81.674,161.797241,0.000000,0.000,38.325,38.367,0.000000
41.180042,-81.789,164.256287,0.000000,0.000,38.325,38.367,0.000000
41.322590,-81.926,164.311737,0.000000,0.000,38.325,38.367,0.000000
41.465633,-79.547,153.979340,0.000000,0.000,38.325,38.367,0.000000
41.609173,-77.248,140.448822,0.000000,0.000,38.325,38.367,0.000000
41.753204,-76.916,157.852173,0.000000,0.000,38.325,38.367,0.000000
41.897739,-76.643,161.069366,0.000000,0.000,38.325,38.367,0.000000
42.042774,-75.795,128.310074,0.000000,0.000,38.325,38.367,0.000000
42.188309,-73.642,-127.798317,0.000000,0.000,38.325,38.367,0.000000
42.334339,-72.092,-159.702271,0.000000,0.000,38.325,38.367,0.000000
42.480885,-70.204,117.853203,0.000000,0.000,38.325,38.367,0.000000
42.627937,-68.998,31.007416,0.000000,0.000,38.325,38.367,0.000000
42.775497,-67.973,10.112795,0.000000,0.000,38.325,38.367,0.000000
42.923573,-67.750,-26.237303,0.000000,0.000,38.325,38.367,0.000000
43.072155,-67.840,8.130257,0.000000,0.000,38.325,38.367,0.000000
43.221245,-68.437,95.661659,0.000000,0.000,38.325,38.367,0.000000
43.370861,-68.594,93.151283,0.000000,0.000,38.325,38.367,0.000000
43.520992,-68.637,146.902176,0.000000,0.000,38.325,38.367,0.000000
43.671646,-68.712,135.448181,0.000000,0.000,38.325,38.367,0.000000
43.822823,-68.875,130.557190,0.000000,0.000,38.325,38.367,0.000000
43.974518,-69.653,98.297508,0.000000,0.000,38.325,38.367,0.000000
44.126743,-70.714,127.380348,0.000000,0.000,38.325,38.367,0.000000
44.279491,-71.963,141.634369,0.000000,0.000,38.325,38.367,0.000000
44.432770,-73.935,106.756248,0.000000,0.000,38.325,38.367,0.000000
44.586567,-75.583,82.254173,0.000000,0.000,38.325,38.367,0.000000
44.740910,-75.583,82.254173,0.000000,0.000,38.325,38.367,0.000000
44.895786,-75.970,71.059441,0.000000,0.000,38.325,38.367,0.000000
45.051197,-74.559,35.400524,0.000000,0.000,38.325,38.367,0.000000
45.207138,-72.773,15.422869,0.000000,0.000,38.325,38.367,0.000000
45.363636,-72.466,-22.181578,0.000000,0.000,38.325,38.367,0.000000
45.520660,-72.805,-59.267811,0.000000,0.000,38.325,38.367,0.000000
45.678234,-72.786,-32.959270,0.000000,0.000,38.325,38.367,0.000000
45.836353,-72.869,-3.537711,0.000000,0.000,38.325,38.367,0.000000
45.995022,-71.814,-12.169046,0.000000,0.000,38.325,38.367,0.000000
46.154240,-71.506,-33.558838,0.000000,0.000,38.325,38.367,0.000000
46.314007,-70.638,-25.653652,0.000000,0.000,38.325,38.367,0.000000
46.474327,-70.163,-43.895180,0.000000,0.000,38.325,38.367,0.000000
46.635193,-71.005,-44.133614,0.000000,0.000,38.325,38.367,0.000000
46.796627,-71.190,-47.988968,0.000000,0.000,38.325,38.367,0.000000
46.958618,-72.011,-48.396370,0.000000,0.000,38.325,38.367,0.000000
47.121170,-71.395,-24.524979,0.000000,0.000,38.325,38.367,0.000000
47.284286,-71.199,-13.785298,0.000000,0.000,38.325,38.367,0.000000
47.447968,-70.048,-27.958891,0.000000,0.000,38.325,38.367,0.000000
47.612202,-70.479,-41.400440,0.000000,0.000,38.325,38.367,0.000000
47.777020,-70.190,-25.817724,0.000000,0.000,38.325,38.367,0.000000
47.942402,-69.612,-40.052254,0.000000,0.000,38.325,38.367,0.000000
48.108360,-69.334,-53.935314,0.000000,0.000,38.325,38.367,0.000000
48.274895,-69.864,-26.868275,0.000000,0.000,38.325,38.367,0.000000
48.442005,-68.916,-76.810951,0.000000,0.000,38.325,38.367,0.000000
48.609692,-67.575,-125.535767,0.000000,0.000,38.325,38.367,0.000000
48.777958,-66.747,-125.111794,0.000000,0.000,38.325,38.367,0.000000
48.946812,-67.531,-155.328598,0.000000,0.000,38.325,38.367,0.000000
49.116234,-67.587,179.814758,0.000000,0.000,38.325,38.367,0.000000
49.286255,-66.773,152.455765,0.000000,0.000,38.325,38.367,0.000000
49.456863,-66.284,149.464203,0.000000,0.000,38.325,38.367,0.000000
49.628067,-66.318,140.789352,0.000000,0.000,38.325,38.367,0.000000
49.799858,-66.453,133.833527,0.000000,0.000,38.325,38.367,0.000000
49.972248,-65.505,156.236664,0.000000,0.000,38.325,38.367,0.000000
50.145218,-65.665,143.911148,0.000000,0.000,38.325,38.367,0.000000
50.318802,-66.381,140.525146,0.000000,0.000,38.325,38.367,0.000000
50.492989,-67.342,122.061142,0.000000,0.000,38.325,38.367,0.000000
50.667774,-67.988,104.609818,0.000000,0.000,38.325,38.367,0.000000
50.843166,-67.597,126.547501,0.000000,0.000,38.325,38.367,0.000000
51.019169,-68.370,158.403915,0.000000,0.000,38.325,38.367,0.000000
51.195774,-68.955,-171.078568,0.000000,0.000,38.325,38.367,0.000000
51.372997,-68.891,179.197327,0.000000,0.000,38.325,38.367,0.000000
51.550816,-68.976,171.597931,0.000000,0.000,38.325,38.367,0.000000
51.729267,-70.275,97.294868,0.000000,0.000,38.325,38.367,0.000000
51.908333,-70.429,-62.851776,0.000000,0.000,38.325,38.367,0.000000
52.088020,-69.278,179.771912,0.000000,0.000,38.325,38.367,0.000000
52.268330,-69.215,-178.800430,0.000000,0.000,38.325,38.367,0.000000
52.449261,-69.889,-158.461197,0.000000,0.000,38.325,38.367,0.000000
52.630810,-69.310,172.728683,0.000000,0.000,38.325,38.367,0.000000
52.812996,-67.624,131.717728,0.000000,0.000,38.325,38.367,0.000000
52.995815,-66.753,66.509651,0.000000,0.000,38.325,38.367,0.000000
53.179264,-66.608,-104.124435,0.000000,0.000,38.325,38.367,0.000000
53.363350,-65.952,158.606079,0.000000,0.000,38.325,38.367,0.000000
53.548077,-65.245,165.778595,0.000000,0.000,38.325,38.367,0.000000
53.733437,-64.522,143.265381,0.000000,0.000,38.325,38.367,0.000000
53.919441,-63.968,115.230011,0.000000,0.000,38.325,38.367,0.000000
54.106079,-64.170,105.701607,0.000000,0.000,38.325,38.367,0.000000
54.293373,-63.677,99.526596,0.000000,0.000,38.325,38.367,0.000000
54.481316,-63.736,74.009125,0.000000,0.000,38.325,38.367,0.000000
54.669895,-64.601,51.373173,0.000000,0.000,38.325,38.367,0.000000
54.859169,-65.330,42.861385,0.000000,0.000,38.325,38.367,0.000000
55.049042,-63.893,79.037926,0.000000,0.000,38.325,38.367,0.000000
55.239601,-62.395,57.734249,0.000000,0.000,38.325,38.367,0.000000
55.430820,-61.122,31.841702,0.000000,0.000,38.325,38.367,0.000000
55.622700,-61.203,4.930519,0.000000,0.000,38.325,38.367,0.000000
55.815247,-61.532,-9.635859,0.000000,0.000,38.325,38.367,0.000000
56.008457,-61.136,-12.203721,0.000000,0.000,38.325,38.367,0.000000
56.202335,-61.163,-35.022060,0.000000,0.000,38.325,38.367,0.000000
56.396889,-60.945,-43.093792,0.000000,0.000,38.325,38.367,0.000000
56.592110,-60.095,-31.517744,0.000000,0.000,38.325,38.367,0.000000
56.788010,-59.795,-8.661042,0.000000,0.000,38.325,38.367,0.000000
56.984589,-59.667,7.515788,0.000000,0.000,38.325,38.367,0.000000
57.181820,-60.006,-2.007591,0.000000,0.000,38.325,38.367,0.000000
57.379791,-61.317,-3.345112,0.000000,0.000,38.325,38.367,0.000000
57.578388,-62.267,-0.403684,0.000000,0.000,38.325,38.367,0.000000
57.777702,-62.484,11.374613,0.000000,0.000,38.325,38.367,0.000000
57.977707,-63.128,26.057896,0.000000,0.000,38.325,38.367,0.000000
58.178406,-62.911,39.065277,0.000000,0.000,38.325,38.367,0.000000
58.379795,-62.802,31.778526,0.000000,0.000,38.325,38.367,0.000000
58.581886,-63.283,22.347904,0.000000,0.000,38.325,38.367,0.000000
58.784672,-62.881,23.216057,0.000000,0.000,38.325,38.367,0.000000
58.988163,-62.695,31.322052,0.000000,0.000,38.325,38.367,0.000000
59.192356,-63.145,29.137955,0.000000,0.000,38.325,38.367,0.000000
59.397259,-62.695,43.692722,0.000000,0.000,38.325,38.367,0.000000
59.602867,-63.285,66.450676,0.000000,0.000,38.325,38.367,0.000000
59.809193,-63.328,74.524414,0.000000,0.000,38.325,38.367,0.000000
60.016228,-62.335,130.913132,0.000000,0.000,38.325,38.367,0.000000
60.223953,-62.597,68.976295,0.000000,0.000,38.325,38.367,0.000000
60.432423,-63.148,-118.235130,0.000000,0.000,38.325,38.367,0.000000
60.641617,-62.867,-92.858452,0.000000,0.000,38.325,38.367,0.000000
60.851536,-63.095,-109.094543,0.000000,0.000,38.325,38.367,0.000000
61.062180,-63.450,-38.875694,0.000000,0.000,38.325,38.367,0.000000
61.273556,-63.334,-78.570572,0.000000,0.000,38.325,38.367,0.000000
61.485661,-63.904,-11.786333,0.000000,0.000,38.325,38.367,0.000000
61.698502,-63.860,-33.953323,0.000000,0.000,38.325,38.367,0.000000
61.912075,-64.329,-49.157200,0.000000,0.000,38.325,38.367,0.000000
62.126392,-64.164,-10.003009,0.000000,0.000,38.325,38.367,0.000000
62.341450,-63.859,-21.546150,0.000000,0.000,38.325,38.367,0.000000
62.557251,-63.912,-3.251245,0.000000,0.000,38.325,38.367,0.000000
62.773800,-63.615,21.509132,0.000000,0.000,38.325,38.367,0.000000
62.991070,-64.463,29.646107,0.000000,0.000,38.325,38.367,0.000000
63.209152,-64.918,8.304524,0.000000,0.000,38.302,38.345,0.000000
63.427925,-65.474,13.599186,0.000000,0.000,38.279,38.321,0.000000
63.647522,-64.667,-17.603691,0.000000,0.000,38.255,38.298,0.000000
63.867813,-64.112,-27.615738,0.000000,0.000,38.232,38.274,0.000000
64.088898,-64.185,2.272688,0.000000,0.000,38.208,38.250,0.000000
64.310753,-64.238,7.246578,0.000000,0.000,38.184,38.226,0.000000
64.533371,-64.715,-54.251148,0.000000,0.000,38.160,38.202,0.000000
64.756760,-64.112,7.042810,0.000000,0.000,38.136,38.178,0.000000
64.980919,-62.279,-49.211082,0.000000,0.000,38.112,38.154,0.000000
65.205864,-61.991,-101.354980,0.000000,0.000,38.088,38.130,0.000000
65.431580,-61.591,-57.945057,0.000000,0.000,38.064,38.106,0.000000
65.658081,-61.559,-112.756599,0.000000,0.000,38.039,38.082,0.000000
65.885361,-61.768,-41.623634,0.000000,0.000,38.015,38.057,0.000000
66.113434,-62.174,-47.723927,0.000000,0.000,37.990,38.033,0.000000
66.342262,-61.378,-28.873661,0.000000,0.000,37.966,38.008,0.000000
66.571945,-60.507,-61.518791,0.000000,0.000,37.941,37.984,0.000000
66.802353,-60.486,-37.703934,0.000000,0.000,37.916,37.959,0.000000
67.033600,-60.965,-73.872246,0.000000,0.000,37.892,37.934,0.000000
67.265648,-62.934,-57.591900,0.000000,0.000,37.867,37.909,0.000000
67.498489,-63.570,-77.570099,0.000000,0.000,37.842,37.884,0.000000
67.732147,-64.629,-89.379814,0.000000,0.000,37.817,37.859,0.000000
67.966606,-64.546,-80.392845,0.000000,0.000,37.791,37.834,0.000000
68.201881,-63.998,-113.728096,0.000000,0.000,37.766,37.808,0.000000
68.437973,-63.578,-100.483490,0.000000,0.000,37.741,37.783,0.000000
68.674881,-63.732,-127.074768,0.000000,0.000,37.715,37.758,0.000000
68.912605,-64.753,-128.047623,0.000000,0.000,37.690,37.732,0.000000
69.151154,-65.227,-131.202515,0.000000,0.000,37.664,37.707,0.000000
69.390495,-65.260,-120.395767,0.000000,0.000,37.639,37.681,0.000000
69.630730,-65.016,-119.651726,0.000000,0.000,37.613,37.655,0.000000
69.871735,-64.551,-118.858780,0.000000,0.000,37.587,37.629,0.000000
70.113640,-64.210,-112.421959,0.000000,0.000,37.561,37.603,0.000000
70.356308,-64.231,-122.553658,0.000000,0.000,37.535,37.577,0.000000
70.599854,-66.413,-119.148956,0.000000,0.000,37.509,37.551,0.000000
70.844246,-66.334,-118.087273,0.000000,0.000,37.482,37.525,0.000000
71.089478,-66.339,-116.095604,0.000000,0.000,37.456,37.498,0.000000
71.335564,-66.618,-123.027031,0.000000,0.000,37.430,37.472,0.000000
71.582504,-65.960,-124.825401,0.000000,0.000,37.403,37.445,0.000000
71.830292,-65.616,-135.181549,0.000000,0.000,37.377,37.419,0.000000
72.078941,-66.161,-173.874252,0.000000,0.000,37.350,37.392,0.000000
72.328453,-65.028,170.638031,0.000000,0.000,37.323,37.365,0.000000
72.578827,-64.070,148.382080,0.000000,0.000,37.296,37.338,0.000000
72.830063,-63.811,136.554520,0.000000,0.000,37.269,37.312,0.000000
73.082176,-63.737,135.035492,0.000000,0.000,37.242,37.284,0.000000
73.335159,-63.231,127.869537,0.000000,0.000,37.215,37.257,0.000000
73.588982,-63.307,118.615135,0.000000,0.000,37.188,37.230,0.000000
73.843719,-63.024,125.617950,0.000000,0.000,37.160,37.203,0.000000
74.099335,-63.317,121.040802,0.000000,0.000,37.133,37.175,0.000000
74.355843,-63.398,114.236565,0.000000,0.000,37.105,37.148,0.000000
74.613228,-63.852,108.236824,0.000000,0.000,37.078,37.120,0.000000
74.871513,-64.902,146.815140,0.000000,0.000,37.050,37.092,0.000000
75.130692,-64.613,132.435349,0.000000,0.000,37.022,37.064,0.000000
75.390762,-64.830,130.228546,0.000000,0.000,36.994,37.037,0.000000
75.651733,-65.172,110.209450,0.000000,0.000,36.966,37.009,0.000000
75.913612,-65.527,127.078873,0.000000,0.000,36.938,36.980,0.000000
76.176399,-66.022,113.367714,0.000000,0.000,36.910,36.952,0.000000
76.440094,-66.602,91.282654,0.000000,0.000,36.881,36.924,0.000000
76.704697,-65.783,112.038055,0.000000,0.000,36.853,36.895,0.000000
76.970184,-64.831,164.151962,0.000000,0.000,36.825,36.867,0.000000
77.236664,-63.726,155.225494,0.000000,0.000,36.796,36.838,0.000000
77.503990,-64.050,156.594299,0.000000,0.000,36.767,36.810,0.000000
77.772278,-63.690,164.626358,0.000000,0.000,36.738,36.781,0.000000
78.041496,-62.790,172.945724,0.000000,0.000,36.710,36.752,0.000000
78.311646,-61.832,-174.361526,0.000000,0.000,36.681,36.723,0.000000
78.582733,-61.220,-129.540848,0.000000,0.000,36.651,36.694,0.000000
78.854752,-60.063,-136.466080,0.000000,0.000,36.622,36.665,0.000000
79.127716,-58.555,-143.737076,0.000000,0.000,36.593,36.635,0.000000
79.401627,-57.692,-148.115311,0.000000,0.000,36.563,36.606,0.000000
79.676483,-57.389,-161.590729,0.000000,0.000,36.534,36.576,0.000000
79.952293,-57.457,-155.204819,0.000000,0.000,36.504,36.547,0.000000
80.229057,-58.031,-158.767044,0.000000,0.000,36.475,36.517,0.000000
80.506744,-57.998,-156.915833,0.000000,0.000,36.445,36.487,0.000000
80.785469,-58.553,-155.112595,0.000000,0.000,36.415,36.457,0.000000
81.065079,-59.609,-164.448410,0.000000,0.000,36.385,36.427,0.000000
81.345734,-59.741,-171.857300,0.000000,0.000,36.355,36.397,0.000000
81.627281,-61.224,179.418823,0.000000,0.000,36.324,36.367,0.000000
81.909843,-62.294,172.558853,0.000000,0.000,36.294,36.337,0.000000
82.193382,-64.451,172.183746,0.000000,0.000,36.264,36.306,0.000000
82.477905,-65.056,166.433655,0.000000,0.000,36.233,36.276,0.000000
82.763412,-65.710,158.436172,0.000000,0.000,36.202,36.245,0.000000
83.049904,-66.183,127.720947,0.000000,0.000,36.172,36.214,0.000000
83.337395,-66.822,115.871048,0.000000,0.000,36.141,36.183,0.000000
83.625877,-66.320,70.527084,0.000000,0.000,36.110,36.152,0.000000
83.915352,-66.020,71.260956,0.000000,0.000,36.079,36.121,0.000000
84.205795,-66.955,66.581894,0.000000,0.000,36.048,36.090,0.000000
84.497330,-66.780,66.463730,0.000000,0.000,36.016,36.059,0.000000
84.789780,-66.631,62.818123,0.000000,0.000,35.985,36.027,0.000000
85.083336,-65.931,42.192810,0.000000,0.000,35.953,35.996,0.000000
85.377815,-65.402,50.241177,0.000000,0.000,35.922,35.964,0.000000
85.673363,-65.737,38.094707,0.000000,0.000,35.890,35.932,0.000000
85.969933,-65.304,39.632603,0.000000,0.000,35.858,35.901,0.000000
86.267525,-65.245,39.358566,0.000000,0.000,35.826,35.869,0.000000
86.566154,-65.535,38.831905,0.000000,0.000,35.794,35.837,0.000000
86.865814,-65.502,16.335089,0.000000,0.000,35.762,35.804,0.000000
87.166504,-65.660,0.119161,0.000000,0.000,35.730,35.772,0.000000
87.468246,-65.726,7.697656,0.000000,0.000,35.697,35.740,0.000000
87.771027,-67.399,-13.878036,0.000000,0.000,35.665,35.707,0.000000
88.074852,-66.784,-35.576279,0.000000,0.000,35.632,35.675,0.000000
88.379738,-67.144,-44.670841,0.000000,0.000,35.599,35.642,0.000000
88.685677,-65.806,-82.902176,0.000000,0.000,35.566,35.609,0.000000
88.992668,-65.358,-58.533752,0.000000,0.000,35.533,35.576,0.000000
89.300682,-65.247,-59.321293,0.000000,0.000,35.500,35.543,0.000000
89.609810,-65.540,-30.806147,0.000000,0.000,35.467,35.510,0.000000
89.920006,-66.246,7.846709,0.000000,0.000,35.434,35.476,0.000000
90.231270,-66.409,25.003038,0.000000,0.000,35.400,35.443,0.000000
90.543617,-65.946,14.058068,0.000000,0.000,35.367,35.409,0.000000
90.857048,-66.301,41.115932,0.000000,0.000,35.333,35.376,0.000000
91.171562,-66.124,-112.578415,0.000000,0.000,35.300,35.342,0.000000
91.487160,-66.094,138.518417,0.000000,0.000,35.266,35.308,0.000000
91.803856,-66.046,173.244293,0.000000,0.000,35.232,35.274,0.000000
92.121643,-66.472,176.594650,0.000000,0.000,35.197,35.240,0.000000
92.440536,-66.413,173.551849,0.000000,0.000,35.163,35.206,0.000000
92.760529,-66.235,167.517258,0.000000,0.000,35.129,35.171,0.000000
93.081627,-66.280,173.180008,0.000000,0.000,35.094,35.137,0.000000
93.403793,-66.467,-171.181976,0.000000,0.000,35.060,35.102,0.000000
93.727173,-66.620,166.552185,0.000000,0.000,35.025,35.068,0.000000
94.051575,-66.370,157.975464,0.000000,0.000,34.990,35.033,0.000000
94.377190,-67.615,134.804138,0.000000,0.000,34.955,34.998,0.000000
94.703842,-68.369,134.819366,0.000000,0.000,34.920,34.963,0.000000
95.031670,-68.916,122.422211,0.000000,0.000,34.885,34.927,0.000000
95.360634,-68.503,98.403465,0.000000,0.000,34.850,34.892,0.000000
95.690735,-68.673,94.368240,0.000000,0.000,34.814,34.857,0.000000
96.021980,-68.600,81.031548,0.000000,0.000,34.779,34.821,0.000000
96.354370,-67.839,109.799896,0.000000,0.000,34.743,34.785,0.000000
96.687912,-67.766,97.207657,0.000000,0.000,34.707,34.750,0.000000
97.022606,-66.927,103.244041,0.000000,0.000,34.671,34.714,0.000000
97.358459,-66.020,97.492874,0.000000,0.000,34.635,34.678,0.000000
97.695435,-66.413,76.390259,0.000000,0.000,34.599,34.641,0.000000
98.033661,-65.650,15.538156,0.000000,0.000,34.563,34.605,0.000000
98.372971,-65.684,11.177049,0.000000,0.000,34.526,34.569,0.000000
98.713547,-66.014,26.634932,0.000000,0.000,34.490,34.532,0.000000
99.055214,-65.193,-33.315559,0.000000,0.000,34.453,34.495,0.000000
99.398102,-64.749,-9.267193,0.000000,0.000,34.416,34.459,0.000000
99.742180,-64.496,-27.423048,0.000000,0.000,34.379,34.422,0.000000
100.087448,-64.017,-35.882450,0.000000,0.000,34.342,34.385,0.000000
100.433914,-64.610,-41.612461,0.000000,0.000,34.305,34.347,0.000000
100.781578,-64.465,-38.425114,0.000000,0.000,34.268,34.310,0.000000
101.130447,-64.460,-38.094315,0.000000,0.000,34.230,34.273,0.000000
101.480522,-64.576,-37.606247,0.000000,0.000,34.192,34.235,0.000000
101.831802,-64.370,-65.329262,0.000000,0.000,34.155,34.197,0.000000
102.184258,-64.788,-68.604729,0.000000,0.000,34.117,34.159,0.000000
102.538033,-65.131,-80.979164,0.000000,0.000,34.079,34.121,0.000000
102.892975,-66.327,-94.071953,0.000000,0.000,34.041,34.083,0.000000
103.249153,-66.776,-97.416054,0.000000,0.000,34.003,34.045,0.000000
103.606514,-67.065,-88.382683,0.000000,0.000,33.964,34.007,0.000000
103.965157,-67.016,-79.468056,0.000000,0.000,33.926,33.968,0.000000
104.325050,-66.594,-102.413368,0.000000,0.000,33.887,33.930,0.000000
104.686180,-66.817,148.276886,0.000000,0.000,33.848,33.891,0.000000
105.048561,-67.071,121.095215,0.000000,0.000,33.809,33.852,0.000000
105.412201,-66.722,120.310555,0.000000,0.000,33.770,33.813,0.000000
105.777100,-67.084,125.415207,0.000000,0.000,33.731,33.774,0.000000
106.143257,-66.454,109.473167,0.000000,0.000,33.692,33.734,0.000000
106.510689,-66.300,105.067886,0.000000,0.000,33.652,33.695,0.000000
106.879387,-65.180,92.883751,0.000000,0.000,33.613,33.655,0.000000
107.249359,-65.158,97.904816,0.000000,0.000,33.573,33.616,0.000000
107.620613,-63.381,89.762550,0.000000,0.000,33.533,33.576,0.000000
107.993156,-63.106,90.996971,0.000000,0.000,33.493,33.536,0.000000
108.366936,-62.532,100.647568,0.000000,0.000,33.453,33.496,0.000000
108.742065,-62.463,96.423210,0.000000,0.000,33.413,33.455,0.000000
109.118484,-62.040,85.882217,0.000000,0.000,33.372,33.415,0.000000
109.496208,-62.059,82.147774,0.000000,0.000,33.332,33.374,0.000000
109.875244,-61.684,88.770180,0.000000,0.000,33.291,33.334,0.000000
110.255592,-62.220,71.941071,0.000000,0.000,33.250,33.293,0.000000
110.637253,-62.415,70.292183,0.000000,0.000,33.209,33.252,0.000000
111.020241,-63.390,40.804939,0.000000,0.000,33.168,33.211,0.000000
111.404549,-63.595,44.061218,0.000000,0.000,33.127,33.169,0.000000
111.790184,-63.798,43.565022,0.000000,0.000,33.085,33.128,0.000000
112.177162,-63.817,31.539515,0.000000,0.000,33.044,33.086,0.000000
112.565475,-63.765,33.445683,0.000000,0.000,33.002,33.045,0.000000
112.955132,-63.611,48.190933,0.000000,0.000,32.960,33.003,0.000000
113.346085,-62.457,48.445503,0.000000,0.000,32.918,32.961,0.000000
113.738503,-62.354,54.551662,0.000000,0.000,32.876,32.919,0.000000
114.132164,-62.092,56.801102,0.000000,0.000,32.834,32.876,0.000000
114.527306,-61.890,56.809860,0.000000,0.000,32.791,32.834,0.000000
114.923698,-62.407,56.401241,0.000000,0.000,32.749,32.791,0.000000
115.321518,-62.433,48.861847,0.000000,0.000,32.706,32.749,0.000000
115.720718,-62.156,54.714878,0.000000,0.000,32.663,32.706,0.000000
116.121300,-62.114,40.848896,0.000000,0.000,32.620,32.663,0.000000
116.523270,-62.001,29.472506,0.000000,0.000,32.577,32.620,0.000000
116.926628,-62.515,10.785002,0.000000,0.000,32.534,32.576,0.000000
117.331383,-62.086,16.726357,0.000000,0.000,32.490,32.533,0.000000
117.737541,-61.999,20.462231,0.000000,0.000,32.447,32.489,0.000000
118.145103,-61.573,15.624274,0.000000,0.000,32.403,32.446,0.000000
118.554016,-61.368,-20.095222,0.000000,0.000,32.359,32.402,0.000000
118.964462,-61.555,-104.622963,0.000000,0.000,32.315,32.358,0.000000
119.376213,-61.655,-60.933563,0.000000,0.000,32.271,32.313,0.000000
119.789505,-62.232,-42.637058,0.000000,0.000,32.226,32.269,0.000000
120.204117,-61.018,23.527254,0.000000,0.000,32.182,32.224,0.000000
120.620216,-60.473,36.225384,0.000000,0.000,32.137,32.180,0.000000
121.037758,-59.890,32.358269,0.000000,0.000,32.092,32.135,0.000000
121.456741,-59.505,9.213038,0.000000,0.000,32.047,32.090,0.000000
121.877174,-59.560,37.100185,0.000000,0.000,32.002,32.045,0.000000
122.299072,-59.585,62.085396,0.000000,0.000,31.957,32.000,0.000000
122.722420,-59.260,85.950386,0.000000,0.000,31.911,31.954,0.000000
123.147240,-58.725,153.414612,0.000000,0.000,31.866,31.908,0.000000
123.573532,-58.159,-171.300873,0.000000,0.000,31.820,31.863,0.000000
124.001297,-57.258,-175.372681,0.000000,0.000,31.774,31.817,0.000000
124.430542,-57.370,-167.961365,0.000000,0.000,31.728,31.771,0.000000
124.861267,-57.804,-174.119995,0.000000,0.000,31.682,31.724,0.000000
125.293488,-56.241,175.517227,0.000000,0.000,31.648,31.691,0.000000
125.727150,-56.123,-171.065338,0.000000,0.000,31.620,31.663,0.000000
126.162369,-55.577,-134.088120,0.000000,0.000,31.593,31.635,0.000000
126.599091,-55.146,-102.231987,0.000000,0.000,31.565,31.608,0.000000
127.037331,-55.531,-75.482368,0.000000,0.000,31.537,31.580,0.000000
127.477089,-55.715,-51.292538,0.000000,0.000,31.509,31.552,0.000000
127.918365,-56.289,-44.079578,0.000000,0.000,31.481,31.523,0.000000
128.361160,-56.956,-42.090698,0.000000,0.000,31.452,31.495,0.000000
128.805511,-56.551,-48.050312,0.000000,0.000,31.424,31.467,0.000000
129.251373,-57.853,-46.499161,0.000000,0.000,31.396,31.438,0.000000
129.698792,-58.923,-47.652168,0.000000,0.000,31.367,31.410,0.000000
130.147766,-58.810,-68.899689,0.000000,0.000,31.338,31.381,0.000000
130.598282,-59.880,-70.000015,0.000000,0.000,31.310,31.352,0.000000
131.050369,-59.056,-84.160393,0.000000,0.000,31.281,31.324,0.000000
131.503952,-58.939,-116.918770,0.000000,0.000,31.252,31.295,0.000000
131.959229,-58.675,-163.743362,0.000000,0.000,31.223,31.266,0.000000
132.415955,-58.476,157.058731,0.000000,0.000,31.194,31.237,0.000000
132.874329,-59.563,171.756287,0.000000,0.000,31.165,31.207,0.000000
133.334290,-59.627,170.980881,0.000000,0.000,31.135,31.178,0.000000
133.795853,-60.149,-134.980576,0.000000,0.000,31.106,31.149,0.000000
134.259003,-60.634,-93.711212,0.000000,0.000,31.076,31.119,0.000000
134.723755,-60.125,-87.523521,0.000000,0.000,31.047,31.089,0.000000
135.190109,-60.848,-173.116745,0.000000,0.000,31.017,31.060,0.000000
135.658081,-62.057,6.419737,0.000000,0.000,30.987,31.030,0.000000
136.127686,-61.319,10.338843,0.000000,0.000,30.957,31.000,0.000000
136.598907,-61.566,-16.551159,0.000000,0.000,30.927,30.970,0.000000
137.071762,-61.807,0.123701,0.000000,0.000,30.897,30.940,0.000000
137.546249,-61.621,74.867516,0.000000,0.000,30.867,30.909,0.000000
138.022385,-61.301,76.130463,0.000000,0.000,30.836,30.879,0.000000
138.500092,-61.604,60.303787,0.000000,0.000,30.806,30.849,0.000000
138.979599,-62.398,67.897202,0.000000,0.000,30.775,30.818,0.000000
139.460617,-62.349,33.731682,0.000000,0.000,30.745,30.787,0.000000
139.943375,-62.154,2.765982,0.000000,0.000,30.714,30.757,0.000000
140.427811,-63.220,-13.747752,0.000000,0.000,30.683,30.726,0.000000
140.913925,-64.303,-3.797228,0.000000,0.000,30.652,30.695,0.000000
141.401703,-63.955,-1.724771,0.000000,0.000,30.621,30.664,0.000000
141.891190,-63.835,-8.075133,0.000000,0.000,30.590,30.632,0.000000
142.382355,-64.258,-17.329420,0.000000,0.000,30.558,30.601,0.000000
142.875229,-63.243,-14.572125,0.000000,0.000,30.527,30.570,0.000000
143.369812,-62.514,-10.834263,0.000000,0.000,30.495,30.538,0.000000
143.866104,-61.921,1.304603,0.000000,0.000,30.464,30.506,0.000000
144.364120,-61.624,18.219208,0.000000,0.000,30.432,30.475,0.000000
144.863785,-61.299,16.033699,0.000000,0.000,30.400,30.443,0.000000
145.365311,-61.149,10.849355,0.000000,0.000,30.368,30.411,0.000000
145.868439,-60.798,5.087567,0.000000,0.000,30.336,30.379,0.000000
146.373383,-61.115,37.050888,0.000000,0.000,30.304,30.346,0.000000
146.880066,-61.257,44.974762,0.000000,0.000,30.271,30.314,0.000000
147.388504,-62.084,47.580284,0.000000,0.000,30.239,30.282,0.000000
147.898712,-63.241,52.761841,0.000000,0.000,30.206,30.249,0.000000
148.410675,-63.509,51.033176,0.000000,0.000,30.174,30.217,0.000000
148.924423,-64.312,64.950684,0.000000,0.000,30.141,30.184,0.000000
149.439941,-64.070,61.897972,0.000000,0.000,30.108,30.151,0.000000
149.957245,-64.046,62.824516,0.000000,0.000,30.075,30.118,0.000000
150.476334,-64.451,76.055580,0.000000,0.000,30.042,30.085,0.000000
150.997238,-64.720,69.395576,0.000000,0.000,30.009,30.052,0.000000
151.519852,-64.058,71.073158,0.000000,0.000,29.976,30.018,0.000000
152.044434,-64.105,91.675041,0.000000,0.000,29.942,29.985,0.000000
152.570679,-64.196,43.516781,0.000000,0.000,29.908,29.951,0.000000
153.098892,-64.434,52.154537,0.000000,0.000,29.875,29.918,0.000000
153.628784,-64.475,-32.082867,0.000000,0.000,29.841,29.884,0.000000
154.160660,-65.059,-48.223122,0.000000,0.000,29.807,29.850,0.000000
154.694229,-64.971,-45.417057,0.000000,0.000,29.773,29.816,0.000000
155.229797,-65.247,-34.468578,0.000000,0.000,29.739,29.782,0.000000
155.767075,-64.959,-2.046260,0.000000,0.000,29.705,29.747,0.000000
156.306274,-66.282,-17.770643,0.000000,0.000,29.670,29.713,0.000000
156.847351,-66.357,-20.327480,0.000000,0.000,29.636,29.678,0.000000
157.390305,-66.016,-23.480091,0.000000,0.000,29.601,29.644,0.000000
157.935120,-66.060,-22.286043,0.000000,0.000,29.566,29.609,0.000000
158.481750,-66.179,-21.299902,0.000000,0.000,29.532,29.574,0.000000
159.030441,-66.425,12.185647,0.000000,0.000,29.497,29.539,0.000000
159.580856,-66.162,-11.415835,0.000000,0.000,29.461,29.504,0.000000
160.133347,-65.993,40.799587,0.000000,0.000,29.426,29.469,0.000000
160.687592,-65.023,31.328091,0.000000,0.000,29.391,29.434,0.000000
161.243912,-64.326,37.654926,0.000000,0.000,29.355,29.398,0.000000
161.801987,-63.464,41.056778,0.000000,0.000,29.320,29.363,0.000000
162.362167,-63.256,65.995956,0.000000,0.000,29.284,29.327,0.000000
162.924133,-62.433,76.839935,0.000000,0.000,29.248,29.291,0.000000
163.488113,-62.415,58.234791,0.000000,0.000,29.212,29.255,0.000000
164.054047,-61.944,36.020412,0.000000,0.000,29.176,29.219,0.000000
164.621933,-62.037,56.679714,0.000000,0.000,29.140,29.183,0.000000
165.191788,-61.848,-6.232748,0.000000,0.000,29.104,29.146,0.000000
165.763535,-61.616,-51.205898,0.000000,0.000,29.067,29.110,0.000000
166.337433,-60.959,-67.699150,0.000000,0.000,29.031,29.073,0.000000
166.913147,-60.263,-62.404655,0.000000,0.000,28.994,29.037,0.000000
167.491013,-59.137,-56.492393,0.000000,0.000,28.957,29.000,0.000000
168.070801,-59.172,-55.335533,0.000000,0.000,28.920,28.963,0.000000
168.652603,-59.126,-60.550629,0.000000,0.000,28.883,28.926,0.000000
169.236328,-59.537,-75.655106,0.000000,0.000,28.846,28.888,0.000000
169.822250,-59.784,-79.929970,0.000000,0.000,28.808,28.851,0.000000
170.410019,-59.650,-94.055000,0.000000,0.000,28.771,28.814,0.000000
170.999924,-59.949,-83.214897,0.000000,0.000,28.733,28.776,0.000000
171.591858,-60.209,-103.485222,0.000000,0.000,28.695,28.738,0.000000
172.185837,-60.212,-103.751183,0.000000,0.000,28.658,28.700,0.000000
172.781876,-60.735,-122.718285,0.000000,0.000,28.620,28.662,0.000000
173.379990,-61.212,-81.187744,0.000000,0.000,28.581,28.624,0.000000
173.980164,-61.434,-46.919762,0.000000,0.000,28.543,28.586,0.000000
174.582336,-59.895,0.488840,0.000000,0.000,28.505,28.547,0.000000
175.186752,-58.809,1.869880,0.000000,0.000,28.466,28.509,0.000000
175.793182,-59.111,2.646696,0.000000,0.000,28.428,28.470,0.000000
176.401703,-59.193,32.085396,0.000000,0.000,28.389,28.431,0.000000
177.012253,-59.735,24.610746,0.000000,0.000,28.350,28.393,0.000000
177.625092,-60.372,16.889246,0.000000,0.000,28.311,28.353,0.000000
178.239883,-59.516,12.864108,0.000000,0.000,28.271,28.314,0.000000
178.856964,-58.773,10.208187,0.000000,0.000,28.232,28.275,0.000000
179.476013,-57.855,-9.154910,0.000000,0.000,28.193,28.235,0.000000
180.097290,-58.401,8.957039,0.000000,0.000,28.153,28.196,0.000000
180.720718,-58.449,119.787598,0.000000,0.000,28.113,28.156,0.000000
181.346298,-58.147,105.175003,0.000000,0.000,28.073,28.116,0.000000
181.974045,-58.124,96.716682,0.000000,0.000,28.033,28.076,0.000000
182.603882,-57.007,102.191971,0.000000,0.000,27.993,28.036,0.000000
183.236084,-56.164,164.310837,0.000000,0.000,27.953,27.996,0.000000
183.870377,-56.952,160.523682,0.000000,0.000,27.912,27.955,0.000000
184.506866,-57.290,170.337967,0.000000,0.000,27.872,27.915,0.000000
185.145462,-57.294,141.845428,0.000000,0.000,27.831,27.874,0.000000
185.786453,-57.342,64.163406,0.000000,0.000,27.790,27.833,0.000000
186.429489,-57.737,13.684612,0.000000,0.000,27.749,27.792,0.000000
187.074921,-57.529,2.821512,0.000000,0.000,27.708,27.751,0.000000
187.722412,-57.672,-5.966236,0.000000,0.000,27.667,27.709,0.000000
188.372238,-58.914,-112.418884,0.000000,0.000,27.625,27.668,0.000000
189.024307,-59.999,161.759918,0.000000,0.000,27.584,27.626,0.000000
189.678650,-60.045,140.756104,0.000000,0.000,27.542,27.585,0.000000
190.335236,-59.680,96.368034,0.000000,0.000,27.500,27.543,0.000000
190.994110,-59.949,112.473991,0.000000,0.000,27.458,27.501,0.000000
191.655258,-59.332,126.727928,0.000000,0.000,27.416,27.459,0.000000
192.318695,-59.121,75.674438,0.000000,0.000,27.374,27.416,0.000000
192.984421,-59.041,-112.287254,0.000000,0.000,27.331,27.374,0.000000
193.652374,-58.913,-27.698288,0.000000,0.000,27.289,27.331,0.000000
194.322815,-58.348,-7.835054,0.000000,0.000,27.246,27.289,0.000000
194.995392,-58.078,-7.059257,0.000000,0.000,27.203,27.246,0.000000
195.670486,-57.805,-13.807382,0.000000,0.000,27.160,27.203,0.000000
196.347733,-58.229,-27.785349,0.000000,0.000,27.117,27.159,0.000000
197.027405,-58.862,-43.183193,0.000000,0.000,27.073,27.116,0.000000
197.709442,-59.469,-49.506721,0.000000,0.000,27.030,27.073,0.000000
198.393829,-60.014,-48.919636,0.000000,0.000,26.986,27.029,0.000000
199.080597,-60.771,-41.295387,0.000000,0.000,26.942,26.985,0.000000
199.769745,-60.820,-24.266436,0.000000,0.000,26.898,26.941,0.000000
200.461258,-60.967,-59.042068,0.000000,0.000,26.854,26.897,0.000000
201.155182,-60.594,-153.679611,0.000000,0.000,26.810,26.853,0.000000
201.851501,-60.762,-164.642349,0.000000,0.000,26.766,26.808,0.000000
202.550232,-60.245,-132.875702,0.000000,0.000,26.721,26.764,0.000000
203.251389,-59.533,55.369129,0.000000,0.000,26.676,26.719,0.000000
203.954865,-59.481,12.864854,0.000000,0.000,26.632,26.674,0.000000
204.660980,-58.328,148.224258,0.000000,0.000,26.587,26.629,0.000000
205.369339,-57.053,134.211960,0.000000,0.000,26.541,26.584,0.000000
206.080246,-55.759,169.876404,0.000000,0.000,26.496,26.539,0.000000
206.793625,-54.506,62.283947,0.000000,0.000,26.451,26.493,0.000000
207.509567,-54.685,22.518587,0.000000,0.000,26.405,26.448,0.000000
208.227783,-54.740,9.186110,0.000000,0.000,26.359,26.402,0.000000
208.948685,-54.841,45.951859,0.000000,0.000,26.313,26.356,0.000000
209.671890,-54.889,41.301430,0.000000,0.000,26.267,26.310,0.000000
210.397690,-54.541,32.923882,0.000000,0.000,26.221,26.263,0.000000
211.126007,-54.941,10.108375,0.000000,0.000,26.174,26.217,0.000000
211.856842,-55.020,-5.677911,0.000000,0.000,26.128,26.170,0.000000
212.590210,-56.117,-14.210485,0.000000,0.000,26.081,26.124,0.000000
213.326019,-57.019,-41.956127,0.000000,0.000,26.034,26.077,0.000000
214.064575,-57.091,-93.405975,0.000000,0.000,25.987,26.030,0.000000
214.805481,-57.681,-70.694077,0.000000,0.000,25.940,25.982,0.000000
215.549057,-56.906,-11.250448,0.000000,0.000,25.892,25.935,0.000000
216.295197,-57.009,-37.927692,0.000000,0.000,25.845,25.887,0.000000
217.044037,-56.652,1.225555,0.000000,0.000,25.797,25.840,0.000000
217.795258,-56.893,-12.961974,0.000000,0.000,25.749,25.792,0.000000
218.549286,-57.642,6.590154,0.000000,0.000,25.701,25.744,0.000000
219.305710,-58.529,162.479172,0.000000,0.000,25.653,25.695,0.000000
220.064865,-58.984,-158.313583,0.000000,0.000,25.604,25.647,0.000000
220.826645,-58.311,-142.197327,0.000000,0.000,25.556,25.598,0.000000
221.591064,-57.699,-131.102402,0.000000,0.000,25.507,25.550,0.000000
222.358124,-58.648,-128.199280,0.000000,0.000,25.458,25.501,0.000000
223.127731,-58.752,-138.237045,0.000000,0.000,25.409,25.452,0.000000
223.900223,-59.557,-135.931046,0.000000,0.000,25.360,25.402,0.000000
224.675171,-58.976,-134.367310,0.000000,0.000,25.310,25.353,0.000000
225.453018,-58.879,-130.348007,0.000000,0.000,25.261,25.303,0.000000
226.233337,-58.754,-125.009285,0.000000,0.000,25.211,25.254,0.000000
227.016586,-58.494,-118.533257,0.000000,0.000,25.161,25.204,0.000000
227.802322,-58.423,-120.149483,0.000000,0.000,25.111,25.153,0.000000
228.590988,-58.280,-122.423798,0.000000,0.000,25.060,25.103,0.000000
229.382187,-57.095,-140.379532,0.000000,0.000,25.010,25.053,0.000000
230.176208,-57.045,-159.528793,0.000000,0.000,24.959,25.002,0.000000
230.972992,-57.261,-154.247543,0.000000,0.000,24.909,24.951,0.000000
231.772537,-57.875,-151.800140,0.000000,0.000,24.858,24.900,0.000000
232.574844,-58.001,-168.642746,0.000000,0.000,24.806,24.849,0.000000
233.379822,-57.213,-130.292328,0.000000,0.000,24.755,24.798,0.000000
234.187805,-57.268,-145.064484,0.000000,0.000,24.704,24.746,0.000000
234.998352,-57.196,-105.982208,0.000000,0.000,24.652,24.695,0.000000
235.811935,-57.611,-128.475266,0.000000,0.000,24.600,24.643,0.000000
236.628113,-58.231,-97.908913,0.000000,0.000,24.548,24.591,0.000000
237.447342,-58.759,-92.620735,0.000000,0.000,24.496,24.538,0.000000
238.269180,-58.013,-70.295578,0.000000,0.000,24.443,24.486,0.000000
239.094101,-57.667,-16.162205,0.000000,0.000,24.391,24.433,0.000000
239.921631,-57.812,-6.792201,0.000000,0.000,24.338,24.381,0.000000
240.752151,-58.287,19.788420,0.000000,0.000,24.285,24.328,0.000000
241.585541,-58.652,30.628532,0.000000,0.000,24.232,24.274,0.000000
242.421814,-59.018,39.183949,0.000000,0.000,24.178,24.221,0.000000
243.260986,-59.070,71.038940,0.000000,0.000,24.125,24.168,0.000000
244.102951,-59.023,103.146759,0.000000,0.000,24.071,24.114,0.000000
244.948059,-58.303,162.861938,0.000000,0.000,24.017,24.060,0.000000
245.795975,-58.224,-158.061142,0.000000,0.000,23.963,24.006,0.000000
246.646820,-58.433,-142.690414,0.000000,0.000,23.909,23.952,0.000000
247.500626,-58.440,-139.479202,0.000000,0.000,23.855,23.897,0.000000
248.357376,-58.293,-135.536911,0.000000,0.000,23.800,23.843,0.000000
249.216980,-58.019,-122.374550,0.000000,0.000,23.745,23.788,0.000000
250.079788,-57.908,-116.927116,0.000000,0.000,23.692,23.735,0.000000
250.945343,-57.576,-93.534988,0.000000,0.000,23.662,23.705,0.000000
251.814026,-57.066,-118.295853,0.000000,0.000,23.632,23.675,0.000000
252.685715,-57.648,-104.462730,0.000000,0.000,23.602,23.645,0.000000
253.560410,-57.404,-41.315281,0.000000,0.000,23.572,23.615,0.000000
254.438141,-57.061,-34.496639,0.000000,0.000,23.542,23.585,0.000000
255.318909,-56.740,-168.783096,0.000000,0.000,23.511,23.554,0.000000
256.202728,-57.233,148.424820,0.000000,0.000,23.481,23.524,0.000000
257.089600,-57.427,130.747574,0.000000,0.000,23.450,23.493,0.000000
257.979553,-56.906,173.701721,0.000000,0.000,23.420,23.462,0.000000
258.872559,-57.395,-151.701828,0.000000,0.000,23.389,23.431,0.000000
259.768677,-58.039,-111.097298,0.000000,0.000,23.358,23.400,0.000000
260.667786,-58.082,-88.455475,0.000000,0.000,23.327,23.369,0.000000
261.570251,-58.090,-108.989197,0.000000,0.000,23.296,23.338,0.000000
262.475555,-58.514,-101.369614,0.000000,0.000,23.264,23.307,0.000000
263.384277,-58.724,-104.530891,0.000000,0.000,23.233,23.276,0.000000
264.295898,-58.868,-113.098747,0.000000,0.000,23.201,23.244,0.000000
265.210785,-59.279,-76.330124,0.000000,0.000,23.170,23.212,0.000000
266.128845,-59.217,-65.737228,0.000000,0.000,23.138,23.181,0.000000
267.050201,-58.369,-39.370117,0.000000,0.000,23.106,23.149,0.000000
267.974518,-58.008,-30.101007,0.000000,0.000,23.074,23.117,0.000000
268.902130,-58.594,4.039687,0.000000,0.000,23.042,23.085,0.000000
269.832977,-58.045,6.814226,0.000000,0.000,23.010,23.053,0.000000
270.767029,-58.084,6.633964,0.000000,0.000,22.978,23.021,0.000000
271.704315,-57.143,32.512859,0.000000,0.000,22.946,22.988,0.000000
272.644714,-56.870,37.867828,0.000000,0.000,22.913,22.956,0.000000
273.588654,-56.527,51.672947,0.000000,0.000,22.881,22.923,0.000000
274.535583,-55.611,43.300602,0.000000,0.000,22.848,22.890,0.000000
275.486053,-53.159,66.200005,0.000000,0.000,22.815,22.858,0.000000
276.439545,-52.631,77.162575,0.000000,0.000,22.782,22.825,0.000000
277.396454,-52.552,94.771683,0.000000,0.000,22.749,22.792,0.000000
278.356689,-52.332,79.389931,0.000000,0.000,22.716,22.758,0.000000
279.320404,-51.937,87.892365,0.000000,0.000,22.683,22.725,0.000000
280.287170,-51.792,141.917755,0.000000,0.000,22.649,22.692,0.000000
281.257416,-51.645,162.436203,0.000000,0.000,22.616,22.658,0.000000
282.231018,-51.831,121.447090,0.000000,0.000,22.582,22.625,0.000000
283.207977,-52.883,94.326607,0.000000,0.000,22.548,22.591,0.000000
284.188354,-55.219,70.742256,0.000000,0.000,22.515,22.557,0.000000
285.171967,-55.575,-36.733940,0.000000,0.000,22.481,22.523,0.000000
286.159271,-55.236,12.298603,0.000000,0.000,22.446,22.489,0.000000
287.149689,-54.861,123.343376,0.000000,0.000,22.412,22.455,0.000000
288.143829,-55.098,32.170063,0.000000,0.000,22.378,22.420,0.000000
289.141144,-56.362,20.875271,0.000000,0.000,22.344,22.386,0.000000
290.142029,-56.366,76.282005,0.000000,0.000,22.309,22.351,0.000000
291.146393,-55.806,147.910599,0.000000,0.000,22.274,22.317,0.000000
292.154358,-55.824,132.093323,0.000000,0.000,22.239,22.282,0.000000
293.165558,-55.704,134.264175,0.000000,0.000,22.205,22.247,0.000000
294.180389,-55.726,120.620850,0.000000,0.000,22.170,22.212,0.000000
295.198730,-56.004,102.153641,0.000000,0.000,22.134,22.177,0.000000
296.220581,-56.396,52.497227,0.000000,0.000,22.099,22.141,0.000000
297.246002,-56.338,74.655273,0.000000,0.000,22.064,22.106,0.000000
298.274933,-52.882,83.177940,0.000000,0.000,22.028,22.070,0.000000
299.307465,-52.522,97.038391,0.000000,0.000,21.992,22.035,0.000000
300.343414,-52.476,123.118378,0.000000,0.000,21.957,21.999,0.000000
301.383209,-52.149,159.926559,0.000000,0.000,21.921,21.963,0.000000
302.426361,-52.328,83.815269,0.000000,0.000,21.885,21.927,0.000000
303.473389,-52.446,-7.932876,0.000000,0.000,21.849,21.891,0.000000
304.523743,-53.083,167.062195,0.000000,0.000,21.812,21.855,0.000000
305.578033,-52.269,90.065010,0.000000,0.000,21.776,21.818,0.000000
306.635681,-52.700,145.423798,0.000000,0.000,21.739,21.782,0.000000
307.697266,-55.080,-97.690987,0.000000,0.000,21.703,21.745,0.000000
308.762268,-55.096,-66.402359,0.000000,0.000,21.666,21.708,0.000000
309.831085,-55.171,-99.165695,0.000000,0.000,21.629,21.671,0.000000
310.903595,-55.456,-157.077393,0.000000,0.000,21.592,21.634,0.000000
311.979828,-54.866,-132.035553,0.000000,0.000,21.555,21.597,0.000000
313.059784,-54.472,-130.976212,0.000000,0.000,21.518,21.560,0.000000
314.143311,-53.997,-96.669785,0.000000,0.000,21.480,21.522,0.000000
315.230927,-54.712,-102.345390,0.000000,0.000,21.443,21.485,0.000000
316.322113,-53.820,-60.547249,0.000000,0.000,21.405,21.447,0.000000
317.417114,-53.823,-5.995102,0.000000,0.000,21.367,21.409,0.000000
318.515747,-54.170,11.546118,0.000000,0.000,21.329,21.371,0.000000
319.618469,-54.231,16.807161,0.000000,0.000,21.291,21.333,0.000000
320.724701,-54.152,14.358844,0.000000,0.000,21.253,21.295,0.000000
321.835083,-54.158,9.426592,0.000000,0.000,21.215,21.257,0.000000
322.949005,-54.150,21.437504,0.000000,0.000,21.176,21.218,0.000000
324.066925,-54.389,36.419331,0.000000,0.000,21.138,21.179,0.000000
325.188721,-54.576,19.080935,0.000000,0.000,21.099,21.141,0.000000
326.314392,-55.173,8.645750,0.000000,0.000,21.060,21.102,0.000000
327.443970,-55.568,20.204027,0.000000,0.000,21.021,21.063,0.000000
328.577301,-54.870,-173.053726,0.000000,0.000,20.982,21.024,0.000000
329.714874,-54.900,-173.088318,0.000000,0.000,20.942,20.984,0.000000
330.856232,-54.821,-155.765900,0.000000,0.000,20.903,20.945,0.000000
332.001526,-55.694,-160.620087,0.000000,0.000,20.864,20.905,0.000000
333.150635,-56.043,-130.793182,0.000000,0.000,20.824,20.866,0.000000
334.304016,-55.895,-88.706612,0.000000,0.000,20.784,20.826,0.000000
335.461090,-55.463,-55.980659,0.000000,0.000,20.744,20.786,0.000000
336.622498,-56.014,111.095268,0.000000,0.000,20.704,20.746,0.000000
337.787598,-55.675,82.799957,0.000000,0.000,20.664,20.706,0.000000
338.956879,-55.714,61.558086,0.000000,0.000,20.623,20.665,0.000000
340.130219,-55.374,32.957027,0.000000,0.000,20.583,20.625,0.000000
341.307617,-55.133,52.977322,0.000000,0.000,20.542,20.584,0.000000
342.489105,-54.937,66.454865,0.000000,0.000,20.501,20.543,0.000000
343.674652,-54.715,78.805161,0.000000,0.000,20.460,20.502,0.000000
344.864319,-54.573,69.537567,0.000000,0.000,20.419,20.461,0.000000
346.058105,-54.871,87.589699,0.000000,0.000,20.378,20.420,0.000000
347.256042,-54.567,71.722260,0.000000,0.000,20.337,20.378,0.000000
348.457947,-54.595,74.047455,0.000000,0.000,20.295,20.337,0.000000
349.664337,-54.685,46.795330,0.000000,0.000,20.254,20.295,0.000000
350.874573,-54.905,35.891319,0.000000,0.000,20.212,20.253,0.000000
352.089325,-54.505,-5.641892,0.000000,0.000,20.170,20.212,0.000000
353.307953,-54.293,3.342795,0.000000,0.000,20.128,20.169,0.000000
354.530975,-53.889,21.953701,0.000000,0.000,20.086,20.127,0.000000
355.758240,-54.127,3.503784,0.000000,0.000,20.043,20.085,0.000000
356.989716,-54.124,1.162461,0.000000,0.000,20.001,20.042,0.000000
358.225494,-54.064,8.397408,0.000000,0.000,19.958,20.000,0.000000
359.465515,-54.476,-20.249849,0.000000,0.000,19.915,19.957,0.000000
360.709869,-54.265,116.232338,0.000000,0.000,19.872,19.914,0.000000
361.958496,-54.714,-179.484283,0.000000,0.000,19.829,19.871,0.000000
363.211456,-54.934,94.292168,0.000000,0.000,19.786,19.827,0.000000
364.468750,-54.867,93.115265,0.000000,0.000,19.742,19.784,0.000000
365.730408,-54.708,85.491776,0.000000,0.000,19.699,19.740,0.000000
366.996246,-53.626,123.384171,0.000000,0.000,19.655,19.697,0.000000
368.266815,-53.284,116.156288,0.000000,0.000,19.611,19.653,0.000000
369.541443,-53.341,112.275307,0.000000,0.000,19.567,19.609,0.000000
370.820648,-53.228,-95.730377,0.000000,0.000,19.523,19.565,0.000000
372.104309,-53.569,-49.404583,0.000000,0.000,19.479,19.520,0.000000
373.392395,-53.157,110.109077,0.000000,0.000,19.434,19.476,0.000000
374.684937,-53.442,100.683647,0.000000,0.000,19.390,19.431,0.000000
375.982117,-53.349,-3.758103,0.000000,0.000,19.345,19.386,0.000000
377.283447,-54.325,38.065948,0.000000,0.000,19.300,19.341,0.000000
378.589447,-55.347,-0.969207,0.000000,0.000,19.255,19.296,0.000000
379.899994,-55.372,39.217472,0.000000,0.000,19.210,19.251,0.000000
381.215057,-55.515,64.158562,0.000000,0.000,19.164,19.205,0.000000
382.534668,-55.568,35.941540,0.000000,0.000,19.119,19.160,0.000000
383.858673,-56.485,41.624756,0.000000,0.000,19.073,19.114,0.000000
385.187622,-56.536,56.065483,0.000000,0.000,19.027,19.068,0.000000
386.520813,-56.734,46.838341,0.000000,0.000,18.981,19.022,0.000000
387.859009,-56.787,-107.703804,0.000000,0.000,18.935,18.976,0.000000
389.201416,-56.683,-3.351706,0.000000,0.000,18.888,18.930,0.000000
390.548889,-56.601,-5.404312,0.000000,0.000,18.842,18.883,0.000000
391.900635,-56.822,-25.496740,0.000000,0.000,18.795,18.836,0.000000
393.257416,-56.747,-7.919364,0.000000,0.000,18.748,18.790,0.000000
394.618530,-56.273,-23.338303,0.000000,0.000,18.701,18.743,0.000000
395.984558,-56.464,-42.253368,0.000000,0.000,18.654,18.695,0.000000
397.355316,-56.119,-41.495625,0.000000,0.000,18.607,18.648,0.000000
398.730804,-55.926,-0.271533,0.000000,0.000,18.559,18.600,0.000000
400.111053,-55.496,11.810149,0.000000,0.000,18.512,18.553,0.000000
401.495880,-55.705,49.581333,0.000000,0.000,18.464,18.505,0.000000
402.885895,-55.402,143.330795,0.000000,0.000,18.416,18.457,0.000000
404.280365,-55.702,138.154556,0.000000,0.000,18.368,18.409,0.000000
405.679993,-55.339,-165.411758,0.000000,0.000,18.319,18.360,0.000000
407.084106,-55.717,-162.403015,0.000000,0.000,18.271,18.312,0.000000
408.493500,-54.846,145.469513,0.000000,0.000,18.222,18.263,0.000000
409.907349,-55.711,134.528549,0.000000,0.000,18.173,18.214,0.000000
411.326477,-55.707,160.962524,0.000000,0.000,18.124,18.165,0.000000
412.750122,-54.992,170.201233,0.000000,0.000,18.075,18.116,0.000000
414.178925,-54.837,171.210007,0.000000,0.000,18.026,18.067,0.000000
415.612640,-55.126,166.482849,0.000000,0.000,17.976,18.017,0.000000
417.051331,-55.073,142.080887,0.000000,0.000,17.927,17.968,0.000000
418.494995,-55.130,119.600044,0.000000,0.000,17.877,17.918,0.000000
419.943481,-55.601,112.015633,0.000000,0.000,17.827,17.868,0.000000
421.397369,-56.184,174.255371,0.000000,0.000,17.777,17.818,0.000000
422.855865,-55.956,-157.610062,0.000000,0.000,17.726,17.767,0.000000
424.319855,-55.995,-166.600021,0.000000,0.000,17.676,17.717,0.000000
425.788666,-56.791,-143.126785,0.000000,0.000,17.625,17.666,0.000000
427.262604,-56.217,-156.306778,0.000000,0.000,17.574,17.615,0.000000
428.741394,-55.621,-124.320862,0.000000,0.000,17.523,17.564,0.000000
430.225739,-55.816,-112.868439,0.000000,0.000,17.472,17.513,0.000000
431.714813,-55.398,-126.037483,0.000000,0.000,17.420,17.461,0.000000
433.209259,-54.468,-73.253975,0.000000,0.000,17.369,17.410,0.000000
434.708862,-54.377,-28.952839,0.000000,0.000,17.317,17.358,0.000000
436.213654,-54.466,-33.308857,0.000000,0.000,17.265,17.306,0.000000
437.723663,-54.269,-3.079820,0.000000,0.000,17.213,17.254,0.000000
439.238892,-54.842,2.428796,0.000000,0.000,17.161,17.201,0.000000
440.759369,-55.420,18.816479,0.000000,0.000,17.108,17.149,0.000000
442.285095,-54.848,51.052307,0.000000,0.000,17.055,17.096,0.000000
443.816132,-54.999,70.487312,0.000000,0.000,17.002,17.043,0.000000
445.352448,-55.544,42.801762,0.000000,0.000,16.949,16.990,0.000000
446.894073,-56.063,-164.004761,0.000000,0.000,16.896,16.937,0.000000
448.440857,-55.881,-164.042404,0.000000,0.000,16.843,16.883,0.000000
449.993408,-56.254,-165.073944,0.000000,0.000,16.789,16.830,0.000000
451.550873,-56.133,-128.688187,0.000000,0.000,16.735,16.776,0.000000
453.114197,-55.263,-146.377213,0.000000,0.000,16.681,16.722,0.000000
454.682495,-55.405,-138.286545,0.000000,0.000,16.627,16.668,0.000000
456.256409,-56.062,-140.964188,0.000000,0.000,16.573,16.613,0.000000
457.835815,-55.701,-108.424484,0.000000,0.000,16.518,16.559,0.000000
459.420654,-55.165,-161.588440,0.000000,0.000,16.464,16.504,0.000000
461.010986,-55.332,-17.459797,0.000000,0.000,16.409,16.449,0.000000
462.606842,-55.126,-23.051580,0.000000,0.000,16.354,16.394,0.000000
464.208221,-55.116,-9.367095,0.000000,0.000,16.298,16.339,0.000000
465.815125,-54.469,-22.317526,0.000000,0.000,16.243,16.283,0.000000
467.427582,-54.855,-40.244221,0.000000,0.000,16.187,16.228,0.000000
469.045410,-55.027,-40.262318,0.000000,0.000,16.131,16.172,0.000000
470.669312,-54.801,-49.280956,0.000000,0.000,16.075,16.116,0.000000
472.298340,-54.913,-59.563030,0.000000,0.000,16.019,16.059,0.000000
473.933502,-54.900,-78.312454,0.000000,0.000,15.962,16.003,0.000000
475.573853,-54.878,-68.978645,0.000000,0.000,15.906,15.946,0.000000
477.220093,-54.480,-98.881729,0.000000,0.000,15.849,15.889,0.000000
478.872040,-54.408,-172.877579,0.000000,0.000,15.792,15.832,0.000000
480.529724,-54.648,125.349892,0.000000,0.000,15.735,15.775,0.000000
482.193146,-53.885,68.620705,0.000000,0.000,15.677,15.718,0.000000
483.862305,-53.669,107.490410,0.000000,0.000,15.620,15.660,0.000000
485.537262,-53.610,149.195694,0.000000,0.000,15.562,15.602,0.000000
487.217987,-53.517,134.113358,0.000000,0.000,15.504,15.544,0.000000
488.904541,-53.791,131.087128,0.000000,0.000,15.446,15.486,0.000000
490.596710,-54.191,160.776016,0.000000,0.000,15.387,15.427,0.000000
492.295197,-54.203,148.020630,0.000000,0.000,15.328,15.369,0.000000
493.999115,-54.407,135.477066,0.000000,0.000,15.270,15.310,0.000000
495.709381,-55.072,-115.839470,0.000000,0.000,15.211,15.251,0.000000
497.425110,-55.653,-178.314728,0.000000,0.000,15.151,15.191,0.000000
499.147003,-55.968,-139.586914,0.000000,0.000,15.092,15.132,0.000000
500.874847,-56.040,-107.876945,0.000000,0.000,15.047,15.087,0.000000
502.608917,-56.080,-61.132019,0.000000,0.000,15.016,15.056,0.000000
504.348541,-55.997,-8.131901,0.000000,0.000,14.985,15.025,0.000000
506.094391,-55.823,10.142612,0.000000,0.000,14.954,14.994,0.000000
507.846283,-56.053,20.593603,0.000000,0.000,14.922,14.962,0.000000
509.604279,-55.682,88.762566,0.000000,0.000,14.891,14.931,0.000000
511.368317,-55.694,88.437057,0.000000,0.000,14.859,14.900,0.000000
513.138489,-55.925,93.960327,0.000000,0.000,14.828,14.868,0.000000
514.914795,-56.326,75.066605,0.000000,0.000,14.796,14.836,0.000000
516.696960,-56.561,94.659286,0.000000,0.000,14.764,14.805,0.000000
518.485840,-56.686,119.177376,0.000000,0.000,14.732,14.773,0.000000
520.280334,-56.935,140.435806,0.000000,0.000,14.700,14.741,0.000000
522.081360,-57.390,138.718613,0.000000,0.000,14.668,14.708,0.000000
523.888611,-57.639,127.709183,0.000000,0.000,14.636,14.676,0.000000
525.702393,-57.358,-116.973083,0.000000,0.000,14.603,14.644,0.000000
527.521912,-56.917,-52.724773,0.000000,0.000,14.571,14.611,0.000000
529.348206,-56.573,-55.534466,0.000000,0.000,14.538,14.579,0.000000
531.180359,-56.876,8.519958,0.000000,0.000,14.506,14.546,0.000000
533.019104,-56.957,-11.180829,0.000000,0.000,14.473,14.513,0.000000
534.864258,-56.425,-4.135032,0.000000,0.000,14.440,14.480,0.000000
536.715698,-56.403,-10.422642,0.000000,0.000,14.407,14.447,0.000000
538.573608,-56.194,-17.339951,0.000000,0.000,14.374,14.414,0.000000
540.437683,-55.945,1.899997,0.000000,0.000,14.340,14.381,0.000000
542.308777,-55.913,11.827026,0.000000,0.000,14.307,14.348,0.000000
544.185730,-55.674,-10.349670,0.000000,0.000,14.273,14.314,0.000000
546.069763,-55.067,-45.080631,0.000000,0.000,14.240,14.280,0.000000
547.959778,-55.087,-77.411476,0.000000,0.000,14.206,14.247,0.000000
549.856873,-54.577,-56.214535,0.000000,0.000,14.172,14.213,0.000000
551.760010,-53.851,-96.833702,0.000000,0.000,14.138,14.179,0.000000
553.670288,-53.707,-84.570335,0.000000,0.000,14.104,14.145,0.000000
555.586609,-53.814,-70.386322,0.000000,0.000,14.070,14.111,0.000000
557.509827,-53.788,-70.440109,0.000000,0.000,14.035,14.076,0.000000
559.439697,-54.107,-44.882683,0.000000,0.000,14.001,14.042,0.000000
561.376282,-54.214,-12.119439,0.000000,0.000,13.966,14.007,0.000000
563.319519,-54.130,24.303711,0.000000,0.000,13.932,13.973,0.000000
565.269287,-54.345,2.962684,0.000000,0.000,13.897,13.938,0.000000
567.226318,-54.701,-22.772078,0.000000,0.000,13.862,13.903,0.000000
569.189514,-55.333,38.347832,0.000000,0.000,13.827,13.868,0.000000
571.160156,-55.322,-7.053240,0.000000,0.000,13.792,13.833,0.000000
573.136963,-55.153,-162.589600,0.000000,0.000,13.756,13.798,0.000000
575.121216,-55.217,109.797386,0.000000,0.000,13.721,13.762,0.000000
577.111816,-54.803,-118.367264,0.000000,0.000,13.685,13.727,0.000000
579.109863,-55.389,-131.018478,0.000000,0.000,13.650,13.691,0.000000
581.114197,-55.282,-123.249588,0.000000,0.000,13.614,13.655,0.000000
583.125793,-55.151,-117.603889,0.000000,0.000,13.578,13.619,0.000000
585.144348,-55.276,-125.322563,0.000000,0.000,13.542,13.583,0.000000
587.169922,-54.417,-99.387955,0.000000,0.000,13.506,13.547,0.000000
589.202454,-54.369,-90.626251,0.000000,0.000,13.469,13.511,0.000000
591.241760,-54.270,-51.723492,0.000000,0.000,13.433,13.474,0.000000
593.288696,-54.070,-61.166264,0.000000,0.000,13.396,13.438,0.000000
595.342468,-53.867,22.509598,0.000000,0.000,13.360,13.401,0.000000
597.403320,-53.544,14.971232,0.000000,0.000,13.323,13.365,0.000000
599.471008,-53.598,-4.809902,0.000000,0.000,13.286,13.328,0.000000
601.546448,-53.514,-14.842997,0.000000,0.000,13.249,13.291,0.000000
603.628479,-53.576,-30.997095,0.000000,0.000,13.212,13.253,0.000000
605.718262,-53.720,-27.830374,0.000000,0.000,13.175,13.216,0.000000
607.814758,-53.294,-31.798183,0.000000,0.000,13.137,13.179,0.000000
609.918762,-53.045,-32.460186,0.000000,0.000,13.100,13.141,0.000000
612.030090,-52.678,-54.727112,0.000000,0.000,13.062,13.104,0.000000
614.148682,-52.637,-61.820953,0.000000,0.000,13.024,13.066,0.000000
616.274658,-52.268,-63.797676,0.000000,0.000,12.986,13.028,0.000000
618.407654,-52.284,-77.130447,0.000000,0.000,12.948,12.990,0.000000
620.548645,-52.183,-83.473091,0.000000,0.000,12.910,12.952,0.000000
622.696716,-52.201,-52.274990,0.000000,0.000,12.871,12.913,0.000000
624.852295,-52.456,-95.049294,0.000000,0.000,12.833,12.875,0.000000
627.015259,-52.502,-81.448494,0.000000,0.000,12.794,12.836,0.000000
629.185730,-52.438,-70.788300,0.000000,0.000,12.755,12.797,0.000000
631.363464,-52.830,-98.125923,0.000000,0.000,12.717,12.759,0.000000
633.549316,-53.098,-24.827560,0.000000,0.000,12.678,12.720,0.000000
635.742126,-52.676,-39.658020,0.000000,0.000,12.638,12.681,0.000000
637.942810,-52.759,116.469711,0.000000,0.000,12.599,12.641,0.000000
640.151123,-52.774,140.015564,0.000000,0.000,12.560,12.602,0.000000
642.367065,-52.374,110.541237,0.000000,0.000,12.520,12.562,0.000000
644.590698,-52.317,104.405464,0.000000,0.000,12.480,12.523,0.000000
646.822327,-52.257,117.991264,0.000000,0.000,12.441,12.483,0.000000
649.061096,-52.114,75.102539,0.000000,0.000,12.401,12.443,0.000000
651.307861,-51.605,51.373985,0.000000,0.000,12.360,12.403,0.000000
653.562439,-51.990,21.783909,0.000000,0.000,12.320,12.363,0.000000
655.824829,-52.445,-19.179125,0.000000,0.000,12.280,12.322,0.000000
658.095032,-52.527,-40.054649,0.000000,0.000,12.239,12.282,0.000000
660.372803,-52.909,-56.303963,0.000000,0.000,12.199,12.241,0.000000
662.659058,-52.929,-20.072140,0.000000,0.000,12.158,12.200,0.000000
664.952637,-53.535,-15.574282,0.000000,0.000,12.117,12.159,0.000000
667.254761,-53.305,-9.267867,0.000000,0.000,12.076,12.118,0.000000
669.564209,-53.191,56.447533,0.000000,0.000,12.034,12.077,0.000000
671.882019,-52.742,0.594511,0.000000,0.000,11.993,12.036,0.000000
674.207764,-52.746,54.182961,0.000000,0.000,11.951,11.994,0.000000
676.541992,-52.661,90.852303,0.000000,0.000,11.910,11.953,0.000000
678.883545,-52.535,-2.677717,0.000000,0.000,11.868,11.911,0.000000
681.233582,-52.005,7.097150,0.000000,0.000,11.826,11.869,0.000000
683.591797,-52.293,-9.875241,0.000000,0.000,11.784,11.827,0.000000
685.958130,-52.262,40.724049,0.000000,0.000,11.742,11.785,0.000000
688.332642,-52.828,46.398640,0.000000,0.000,11.699,11.742,0.000000
690.715027,-53.156,102.754021,0.000000,0.000,11.657,11.700,0.000000
693.106384,-53.447,99.438248,0.000000,0.000,11.614,11.657,0.000000
695.505310,-53.224,95.329201,0.000000,0.000,11.571,11.614,0.000000
697.913208,-53.438,86.182854,0.000000,0.000,11.528,11.571,0.000000
700.328796,-54.187,91.609459,0.000000,0.000,11.485,11.528,0.000000
702.753052,-54.186,103.147026,0.000000,0.000,11.442,11.485,0.000000
705.185730,-54.015,59.182526,0.000000,0.000,11.398,11.441,0.000000
707.627136,-53.691,41.727890,0.000000,0.000,11.355,11.398,0.000000
710.076355,-53.749,64.180153,0.000000,0.000,11.311,11.354,0.000000
712.534363,-53.697,53.034229,0.000000,0.000,11.267,11.310,0.000000
715.000854,-54.236,16.754251,0.000000,0.000,11.223,11.266,0.000000
717.475891,-54.631,-175.063324,0.000000,0.000,11.179,11.222,0.000000
719.959534,-54.359,174.474884,0.000000,0.000,11.134,11.178,0.000000
722.451416,-54.364,87.458389,0.000000,0.000,11.090,11.133,0.000000
724.952637,-54.826,152.288803,0.000000,0.000,11.045,11.089,0.000000
727.461792,-55.094,154.701813,0.000000,0.000,11.000,11.044,0.000000
729.980347,-55.624,177.691956,0.000000,0.000,10.956,10.999,0.000000
732.506897,-56.197,-119.472832,0.000000,0.000,10.910,10.954,0.000000
735.042908,-56.190,-131.019852,0.000000,0.000,10.865,10.909,0.000000
737.586975,-56.178,-120.041611,0.000000,0.000,10.820,10.863,0.000000
740.140564,-56.115,-66.538376,0.000000,0.000,10.774,10.818,0.000000
742.702332,-55.896,-60.409138,0.000000,0.000,10.728,10.772,0.000000
745.273254,-56.017,-43.447979,0.000000,0.000,10.682,10.726,0.000000
747.853088,-56.050,-71.321960,0.000000,0.000,10.636,10.680,0.000000
750.441895,-55.569,-45.699612,0.000000,0.000,10.590,10.634,0.000000
753.039612,-54.977,-100.565475,0.000000,0.000,10.544,10.588,0.000000
755.646362,-54.938,-107.855881,0.000000,0.000,10.497,10.541,0.000000
758.262146,-54.807,-73.992493,0.000000,0.000,10.450,10.494,0.000000
760.886597,-55.200,25.569880,0.000000,0.000,10.404,10.448,0.000000
763.520813,-55.401,59.638340,0.000000,0.000,10.357,10.401,0.000000
766.163818,-55.832,-168.791824,0.000000,0.000,10.309,10.354,0.000000
768.816040,-55.806,161.773010,0.000000,0.000,10.262,10.306,0.000000
771.476990,-56.087,-170.284241,0.000000,0.000,10.214,10.259,0.000000
774.147888,-56.788,-173.758392,0.000000,0.000,10.167,10.211,0.000000
776.827332,-57.504,-170.758347,0.000000,0.000,10.119,10.163,0.000000
779.516785,-57.790,179.068436,0.000000,0.000,10.071,10.115,0.000000
782.214844,-57.329,171.998856,0.000000,0.000,10.023,10.067,0.000000
784.922546,-57.470,-174.343979,0.000000,0.000,9.974,10.019,0.000000
787.639648,-56.748,147.796539,0.000000,0.000,9.926,9.970,0.000000
790.366150,-56.110,121.206673,0.000000,0.000,9.877,9.922,0.000000
793.102112,-55.794,28.079096,0.000000,0.000,9.828,9.873,0.000000
795.847107,-55.846,35.812904,0.000000,0.000,9.779,9.824,0.000000
798.602417,-55.844,24.178867,0.000000,0.000,9.730,9.775,0.000000
801.366882,-55.749,27.151360,0.000000,0.000,9.681,9.725,0.000000
804.140930,-55.958,23.585001,0.000000,0.000,9.631,9.676,0.000000
806.924133,-55.935,32.819633,0.000000,0.000,9.581,9.626,0.000000
809.717773,-55.740,35.829254,0.000000,0.000,9.532,9.576,0.000000
812.520325,-55.603,41.835159,0.000000,0.000,9.482,9.526,0.000000
815.333374,-56.063,60.920006,0.000000,0.000,9.431,9.476,0.000000
818.155334,-55.648,53.663097,0.000000,0.000,9.381,9.426,0.000000
820.987488,-55.582,74.122101,0.000000,0.000,9.330,9.375,0.000000
823.829407,-54.772,62.631142,0.000000,0.000,9.280,9.325,0.000000
826.681213,-54.102,43.620922,0.000000,0.000,9.229,9.274,0.000000
829.542847,-54.066,29.322231,0.000000,0.000,9.178,9.223,0.000000
832.414429,-53.741,17.077059,0.000000,0.000,9.126,9.171,0.000000
835.295898,-53.629,23.997810,0.000000,0.000,9.075,9.120,0.000000
838.187378,-53.915,15.556977,0.000000,0.000,9.023,9.068,0.000000
841.088867,-53.524,31.432619,0.000000,0.000,8.971,9.017,0.000000
844.000000,-53.651,25.521746,0.000000,0.000,8.919,8.965,0.000000
846.921997,-53.616,15.690940,0.000000,0.000,8.867,8.913,0.000000
849.853333,-53.938,8.611001,0.000000,0.000,8.815,8.860,0.000000
852.795593,-53.858,-0.599442,0.000000,0.000,8.762,8.808,0.000000
855.747253,-54.121,-3.413676,0.000000,0.000,8.710,8.755,0.000000
858.709534,-54.031,-5.532345,0.000000,0.000,8.657,8.702,0.000000
861.682068,-54.071,-4.311067,0.000000,0.000,8.604,8.649,0.000000
864.664856,-54.445,-24.932133,0.000000,0.000,8.550,8.596,0.000000
867.657959,-54.573,-21.472776,0.000000,0.000,8.497,8.543,0.000000
870.661499,-54.236,-29.975582,0.000000,0.000,8.443,8.489,0.000000
873.675354,-54.197,-19.116138,0.000000,0.000,8.389,8.435,0.000000
876.699707,-54.432,58.789371,0.000000,0.000,8.335,8.381,0.000000
879.734497,-54.455,71.400795,0.000000,0.000,8.281,8.327,0.000000
882.779419,-54.419,94.297737,0.000000,0.000,8.227,8.273,0.000000
885.835632,-54.380,63.834808,0.000000,0.000,8.172,8.218,0.000000
888.901672,-54.011,-0.367770,0.000000,0.000,8.118,8.164,0.000000
891.979126,-54.000,-72.879150,0.000000,0.000,8.063,8.109,0.000000
895.066406,-54.280,154.745773,0.000000,0.000,8.007,8.054,0.000000
898.164734,-54.153,143.313766,0.000000,0.000,7.952,7.998,0.000000
901.273865,-54.510,176.732849,0.000000,0.000,7.897,7.943,0.000000
904.393738,-54.361,-124.303589,0.000000,0.000,7.841,7.887,0.000000
907.524414,-54.336,-100.189713,0.000000,0.000,7.785,7.831,0.000000
910.665894,-53.854,-44.000248,0.000000,0.000,7.729,7.775,0.000000
913.818298,-53.784,-57.142929,0.000000,0.000,7.673,7.719,0.000000
916.981567,-53.727,-146.006729,0.000000,0.000,7.616,7.663,0.000000
920.155823,-54.113,39.196198,0.000000,0.000,7.559,7.606,0.000000
923.341003,-54.197,-165.925995,0.000000,0.000,7.503,7.549,0.000000
926.537292,-54.470,-166.425079,0.000000,0.000,7.445,7.492,0.000000
929.744141,-54.615,-143.246582,0.000000,0.000,7.388,7.435,0.000000
932.963013,-54.484,151.667145,0.000000,0.000,7.331,7.377,0.000000
936.192139,-54.528,173.977097,0.000000,0.000,7.273,7.320,0.000000
939.432861,-54.855,-177.762772,0.000000,0.000,7.215,7.262,0.000000
942.684814,-54.887,-167.067841,0.000000,0.000,7.157,7.204,0.000000
945.948486,-54.750,-173.529999,0.000000,0.000,7.099,7.146,0.000000
949.222534,-54.362,-127.471886,0.000000,0.000,7.040,7.087,0.000000
952.508850,-53.885,6.698730,0.000000,0.000,6.982,7.029,0.000000
955.805603,-53.850,-17.241226,0.000000,0.000,6.923,6.970,0.000000
959.114258,-53.701,-36.415985,0.000000,0.000,6.864,6.911,0.000000
962.434326,-53.647,-57.600090,0.000000,0.000,6.804,6.852,0.000000
965.765930,-53.320,-45.581600,0.000000,0.000,6.745,6.792,0.000000
969.109009,-53.664,-36.368019,0.000000,0.000,6.685,6.733,0.000000
972.463257,-53.519,-48.146633,0.000000,0.000,6.625,6.673,0.000000
975.830017,-53.542,-45.899055,0.000000,0.000,6.565,6.613,0.000000
979.207458,-53.502,-30.685009,0.000000,0.000,6.505,6.552,0.000000
982.597595,-53.627,-47.011387,0.000000,0.000,6.444,6.492,0.000000
985.998474,-53.442,-71.339958,0.000000,0.000,6.384,6.431,0.000000
989.412109,-53.710,-61.317932,0.000000,0.000,6.323,6.370,0.000000
992.836609,-54.085,-88.492058,0.000000,0.000,6.262,6.309,0.000000
996.273926,-54.317,-80.442032,0.000000,0.000,6.200,6.248,0.000000
999.722168,-54.372,-84.791946,0.000000,0.000,6.139,6.186,0.000000
1003.182800,-54.726,-117.958519,0.000000,0.000,6.106,6.154,0.000000
1006.655457,-54.867,-121.709084,0.000000,0.000,6.076,6.124,0.000000
1010.140076,-55.078,-150.387054,0.000000,0.000,6.045,6.094,0.000000
1013.636780,-55.032,-140.803085,0.000000,0.000,6.015,6.063,0.000000
1017.145142,-55.229,-153.972916,0.000000,0.000,5.984,6.033,0.000000
1020.666565,-55.430,-148.427170,0.000000,0.000,5.953,6.002,0.000000
1024.199219,-55.360,170.699799,0.000000,0.000,5.923,5.972,0.000000
1027.745117,-55.307,174.782990,0.000000,0.000,5.892,5.941,0.000000
1031.302246,-55.602,164.602875,0.000000,0.000,5.861,5.910,0.000000
1034.872803,-55.687,149.573090,0.000000,0.000,5.830,5.879,0.000000
1038.454590,-55.591,136.790329,0.000000,0.000,5.798,5.848,0.000000
1042.049805,-55.826,126.649010,0.000000,0.000,5.767,5.817,0.000000
1045.656494,-56.069,39.653599,0.000000,0.000,5.736,5.786,0.000000
1049.276123,-56.220,40.304588,0.000000,0.000,5.704,5.755,0.000000
1052.908325,-56.122,54.380165,0.000000,0.000,5.672,5.723,0.000000
1056.553101,-55.972,42.362057,0.000000,0.000,5.641,5.692,0.000000
1060.210571,-55.920,54.104649,0.000000,0.000,5.609,5.660,0.000000
1063.880005,-55.525,119.152428,0.000000,0.000,5.577,5.628,0.000000
1067.563354,-55.342,113.702393,0.000000,0.000,5.545,5.596,0.000000
1071.258301,-55.410,141.816605,0.000000,0.000,5.512,5.564,0.000000
1074.967041,-55.037,121.461823,0.000000,0.000,5.480,5.532,0.000000
1078.688232,-55.253,146.859207,0.000000,0.000,5.448,5.500,0.000000
1082.422241,-55.139,141.132675,0.000000,0.000,5.415,5.468,0.000000
1086.168579,-55.026,70.566978,0.000000,0.000,5.382,5.435,0.000000
1089.929077,-54.534,10.742450,0.000000,0.000,5.350,5.403,0.000000
1093.701416,-54.620,0.791774,0.000000,0.000,5.317,5.370,0.000000
1097.487427,-54.621,9.708385,0.000000,0.000,5.284,5.337,0.000000
1101.286499,-52.964,-0.084786,0.000000,0.000,5.251,5.304,0.000000
1105.098755,-52.556,-12.749931,0.000000,0.000,5.217,5.271,0.000000
1108.924194,-52.548,4.339326,0.000000,0.000,5.184,5.238,0.000000
1112.762817,-52.147,-21.459288,0.000000,0.000,5.151,5.205,0.000000
1116.614746,-52.176,7.874584,0.000000,0.000,5.117,5.172,0.000000
1120.480103,-52.446,-44.936470,0.000000,0.000,5.083,5.138,0.000000
1124.358765,-52.565,-70.081352,0.000000,0.000,5.049,5.105,0.000000
1128.250854,-52.467,-85.512848,0.000000,0.000,5.016,5.071,0.000000
1132.156372,-53.504,-92.513367,0.000000,0.000,4.981,5.037,0.000000
1136.075562,-54.421,-60.916447,0.000000,0.000,4.947,5.003,0.000000
1140.007568,-54.280,-62.651157,0.000000,0.000,4.913,4.969,0.000000
1143.953857,-54.655,-66.560989,0.000000,0.000,4.879,4.935,0.000000
1147.913818,-55.040,-84.643188,0.000000,0.000,4.844,4.901,0.000000
1151.887451,-54.842,-67.712883,0.000000,0.000,4.809,4.866,0.000000
1155.874878,-54.925,-57.745869,0.000000,0.000,4.775,4.832,0.000000
1159.876099,-55.303,-47.826351,0.000000,0.000,4.740,4.797,0.000000
1163.891113,-55.217,-33.036175,0.000000,0.000,4.705,4.762,0.000000
1167.920044,-55.691,-28.390408,0.000000,0.000,4.670,4.727,0.000000
1171.962891,-55.996,-1.687628,0.000000,0.000,4.634,4.692,0.000000
1176.019775,-56.281,15.445685,0.000000,0.000,4.599,4.657,0.000000
1180.090698,-56.196,3.006850,0.000000,0.000,4.564,4.622,0.000000
1184.175781,-56.382,12.479957,0.000000,0.000,4.528,4.587,0.000000
1188.274902,-56.831,3.989785,0.000000,0.000,4.492,4.551,0.000000
1192.388306,-56.833,-24.143557,0.000000,0.000,4.456,4.516,0.000000
1196.515259,-56.627,-31.950876,0.000000,0.000,4.420,4.480,0.000000
1200.657227,-56.655,-8.829185,0.000000,0.000,4.384,4.444,0.000000
1204.813965,-56.114,-40.722530,0.000000,0.000,4.348,4.408,0.000000
1208.984009,-55.868,-30.217806,0.000000,0.000,4.312,4.372,0.000000
1213.169067,-55.896,-43.423706,0.000000,0.000,4.275,4.336,0.000000
1217.368530,-56.202,-32.880302,0.000000,0.000,4.239,4.299,0.000000
1221.582642,-56.092,-4.618254,0.000000,0.000,4.202,4.263,0.000000
1225.811279,-55.838,-39.429569,0.000000,0.000,4.165,4.226,0.000000
1230.054565,-55.910,15.633034,0.000000,0.000,4.128,4.189,0.000000
1234.311890,-55.812,22.719776,0.000000,0.000,4.091,4.153,0.000000
1238.585205,-55.890,71.851654,0.000000,0.000,4.054,4.116,0.000000
1242.872803,-56.373,141.952240,0.000000,0.000,4.016,4.078,0.000000
1247.175049,-56.190,109.510574,0.000000,0.000,3.979,4.041,0.000000
1251.492310,-56.278,96.321655,0.000000,0.000,3.941,4.004,0.000000
1255.823975,-56.093,96.721413,0.000000,0.000,3.903,3.966,0.000000
1260.171753,-56.077,82.255829,0.000000,0.000,3.865,3.929,0.000000
1264.533325,-56.561,80.034081,0.000000,0.000,3.827,3.891,0.000000
1268.911255,-56.615,88.821388,0.000000,0.000,3.789,3.853,0.000000
1273.303101,-56.532,90.931610,0.000000,0.000,3.751,3.815,0.000000
1277.710815,-56.651,112.160950,0.000000,0.000,3.713,3.777,0.000000
1282.133789,-56.397,140.413620,0.000000,0.000,3.674,3.738,0.000000
1286.572021,-56.209,152.489655,0.000000,0.000,3.635,3.700,0.000000
1291.025024,-56.149,-144.724457,0.000000,0.000,3.596,3.662,0.000000
1295.494751,-55.978,-139.900803,0.000000,0.000,3.557,3.623,0.000000
1299.979248,-55.385,-178.456284,0.000000,0.000,3.518,3.584,0.000000
1304.479248,-55.238,161.488907,0.000000,0.000,3.479,3.545,0.000000
1308.994873,-55.105,166.815598,0.000000,0.000,3.440,3.506,0.000000
1313.525513,-55.477,-139.248627,0.000000,0.000,3.400,3.467,0.000000
1318.072998,-55.697,162.042328,0.000000,0.000,3.361,3.427,0.000000
1322.635010,-55.670,171.289627,0.000000,0.000,3.321,3.388,0.000000
1327.214111,-55.581,149.704865,0.000000,0.000,3.281,3.348,0.000000
1331.807739,-55.512,141.553558,0.000000,0.000,3.241,3.308,0.000000
1336.417969,-55.754,154.826889,0.000000,0.000,3.201,3.268,0.000000
1341.044189,-56.002,162.864990,0.000000,0.000,3.160,3.228,0.000000
1345.686401,-56.167,170.509277,0.000000,0.000,3.120,3.188,0.000000
1350.344604,-56.160,169.893250,0.000000,0.000,3.079,3.148,0.000000
1355.018921,-56.088,137.321625,0.000000,0.000,3.039,3.107,0.000000
1359.709595,-55.918,90.644188,0.000000,0.000,2.998,3.067,0.000000
1364.416382,-56.265,125.976456,0.000000,0.000,2.957,3.026,0.000000
1369.139404,-56.530,129.981018,0.000000,0.000,2.915,2.985,0.000000
1373.878174,-56.851,133.424118,0.000000,0.000,2.874,2.944,0.000000
1378.634644,-56.972,135.288345,0.000000,0.000,2.833,2.903,0.000000
1383.406372,-57.012,104.000854,0.000000,0.000,2.791,2.862,0.000000
1388.195801,-57.105,110.092621,0.000000,0.000,2.749,2.820,0.000000
1393.000610,-57.212,-177.944824,0.000000,0.000,2.707,2.779,0.000000
1397.822632,-57.401,162.530289,0.000000,0.000,2.665,2.737,0.000000
1402.661377,-57.394,157.959335,0.000000,0.000,2.623,2.695,0.000000
1407.516846,-57.424,159.110504,0.000000,0.000,2.581,2.653,0.000000
1412.389771,-57.597,153.354675,0.000000,0.000,2.538,2.611,0.000000
1417.278198,-57.463,-168.598053,0.000000,0.000,2.496,2.568,0.000000
1422.184326,-57.474,-128.372787,0.000000,0.000,2.453,2.526,0.000000
1427.107300,-57.919,100.328667,0.000000,0.000,2.410,2.483,0.000000
1432.047485,-57.836,131.944336,0.000000,0.000,2.367,2.440,0.000000
1437.004639,-57.925,114.886650,0.000000,0.000,2.324,2.398,0.000000
1441.979004,-57.747,178.994949,0.000000,0.000,2.280,2.354,0.000000
1446.969849,-57.524,-110.266106,0.000000,0.000,2.237,2.311,0.000000
1451.979492,-57.412,-121.703407,0.000000,0.000,2.193,2.268,0.000000
1457.005005,-57.276,-113.726868,0.000000,0.000,2.149,2.224,0.000000
1462.048584,-57.591,-174.711365,0.000000,0.000,2.105,2.181,0.000000
1467.109619,-57.335,-179.685303,0.000000,0.000,2.061,2.137,0.000000
1472.188110,-57.119,161.959106,0.000000,0.000,2.017,2.093,0.000000
1477.285034,-57.083,-172.271713,0.000000,0.000,1.973,2.049,0.000000
1482.398071,-57.239,139.343246,0.000000,0.000,1.928,2.004,0.000000
1487.529541,-57.390,141.753296,0.000000,0.000,1.883,1.960,0.000000
1492.678833,-57.641,140.548798,0.000000,0.000,1.838,1.915,0.000000
1497.845947,-57.593,134.019958,0.000000,0.000,1.793,1.871,0.000000
1503.030884,-57.494,138.510727,0.000000,0.000,1.748,1.826,0.000000
1508.233765,-57.390,147.537796,0.000000,0.000,1.703,1.781,0.000000
1513.453979,-57.346,177.154800,0.000000,0.000,1.657,1.736,0.000000
1518.693726,-57.113,148.451111,0.000000,0.000,1.612,1.690,0.000000
1523.950195,-57.233,146.162109,0.000000,0.000,1.566,1.645,0.000000
1529.226196,-57.020,-167.598251,0.000000,0.000,1.520,1.599,0.000000
1534.519775,-56.890,58.791241,0.000000,0.000,1.474,1.553,0.000000
1539.831055,-57.088,-85.098694,0.000000,0.000,1.427,1.507,0.000000
1545.161987,-57.089,112.558968,0.000000,0.000,1.381,1.461,0.000000
1550.510010,-56.985,67.423416,0.000000,0.000,1.334,1.415,0.000000
1555.877319,-57.169,74.113632,0.000000,0.000,1.287,1.368,0.000000
1561.263184,-57.756,85.390984,0.000000,0.000,1.240,1.322,0.000000
1566.667725,-57.574,105.379082,0.000000,0.000,1.193,1.275,0.000000
1572.090820,-57.287,111.976311,0.000000,0.000,1.146,1.228,0.000000
1577.532837,-57.109,86.969810,0.000000,0.000,1.099,1.181,0.000000
1582.992920,-56.916,102.006844,0.000000,0.000,1.051,1.133,0.000000
1588.473389,-56.938,59.321686,0.000000,0.000,1.003,1.086,0.000000
1593.971313,-56.437,23.532530,0.000000,0.000,0.955,1.038,0.000000
1599.489746,-56.284,45.397518,0.000000,0.000,0.907,0.991,0.000000
1605.026611,-55.624,-6.735525,0.000000,0.000,0.859,0.943,0.000000
1610.581787,-55.585,22.533381,0.000000,0.000,0.811,0.895,0.000000
1616.157837,-55.875,33.771885,0.000000,0.000,0.762,0.846,0.000000
1621.751587,-55.906,73.697647,0.000000,0.000,0.713,0.798,0.000000
1627.366211,-56.313,114.204735,0.000000,0.000,0.664,0.749,0.000000
1632.998779,-56.350,86.259186,0.000000,0.000,0.615,0.700,0.000000
1638.651611,-56.030,123.689186,0.000000,0.000,0.566,0.652,0.000000
1644.323975,-56.402,174.269272,0.000000,0.000,0.516,0.602,0.000000
1650.015991,-56.770,150.983704,0.000000,0.000,0.467,0.553,0.000000
1655.726929,-57.281,168.471771,0.000000,0.000,0.417,0.504,0.000000
1661.459229,-56.970,-90.412300,0.000000,0.000,0.367,0.454,0.000000
1667.209717,-56.862,-107.025505,0.000000,0.000,0.317,0.404,0.000000
1672.981812,-56.700,-57.420238,0.000000,0.000,0.267,0.354,0.000000
1678.772949,-56.324,-108.829002,0.000000,0.000,0.216,0.304,0.000000
1684.583496,-56.200,-73.559067,0.000000,0.000,0.165,0.254,0.000000
1690.415649,-56.061,8.878107,0.000000,0.000,0.115,0.203,0.000000
1696.266357,-55.859,-10.950977,0.000000,0.000,0.064,0.153,0.000000
1702.139038,-55.709,-15.958268,0.000000,0.000,0.012,0.102,0.000000
1708.030396,-55.551,2.406377,0.000000,0.000,-0.039,0.051,0.000000
1713.942871,-55.683,-20.486147,0.000000,0.000,-0.091,-0.000,0.000000
1719.875977,-55.640,-18.953051,0.000000,0.000,-0.142,-0.052,0.000000
1725.829468,-55.781,-0.885761,0.000000,0.000,-0.194,-0.103,0.000000
1731.802856,-56.212,-79.628319,0.000000,0.000,-0.246,-0.155,0.000000
1737.798462,-56.581,-100.163574,0.000000,0.000,-0.299,-0.207,0.000000
1743.814087,-56.649,-82.621910,0.000000,0.000,-0.351,-0.259,0.000000
1749.850464,-57.064,-69.280014,0.000000,0.000,-0.404,-0.311,0.000000
1755.907837,-57.324,-74.694801,0.000000,0.000,-0.456,-0.364,0.000000
1761.985229,-57.553,-87.058525,0.000000,0.000,-0.509,-0.416,0.000000
1768.085449,-58.012,-62.048962,0.000000,0.000,-0.563,-0.469,0.000000
1774.204956,-58.181,-79.848267,0.000000,0.000,-0.616,-0.522,0.000000
1780.347412,-58.308,-73.077538,0.000000,0.000,-0.669,-0.575,0.000000
1786.509521,-58.361,-70.264397,0.000000,0.000,-0.723,-0.629,0.000000
1792.693726,-58.224,-59.044487,0.000000,0.000,-0.777,-0.682,0.000000
1798.899292,-58.212,-44.585289,0.000000,0.000,-0.831,-0.736,0.000000
1805.126465,-58.022,-85.997231,0.000000,0.000,-0.886,-0.790,0.000000
1811.375122,-58.093,-28.763056,0.000000,0.000,-0.940,-0.844,0.000000
1817.645386,-58.086,-26.788513,0.000000,0.000,-0.995,-0.898,0.000000
1823.937378,-58.201,-3.556442,0.000000,0.000,-1.050,-0.953,0.000000
1830.251099,-57.500,13.978355,0.000000,0.000,-1.105,-1.007,0.000000
1836.586792,-56.661,31.635408,0.000000,0.000,-1.160,-1.062,0.000000
1842.943481,-56.712,25.413378,0.000000,0.000,-1.215,-1.117,0.000000
1849.323853,-56.528,45.797119,0.000000,0.000,-1.271,-1.173,0.000000
1855.724609,-56.260,33.339077,0.000000,0.000,-1.327,-1.228,0.000000
1862.149292,-56.220,47.956116,0.000000,0.000,-1.383,-1.284,0.000000
1868.594482,-55.555,76.234711,0.000000,0.000,-1.439,-1.339,0.000000
1875.062866,-55.236,79.848915,0.000000,0.000,-1.495,-1.395,0.000000
1881.553589,-55.273,62.938614,0.000000,0.000,-1.552,-1.452,0.000000
1888.066772,-56.119,-50.680561,0.000000,0.000,-1.609,-1.508,0.000000
1894.603516,-56.000,18.958870,0.000000,0.000,-1.666,-1.565,0.000000
1901.161011,-55.601,-1.169197,0.000000,0.000,-1.723,-1.621,0.000000
1907.742065,-55.068,80.700020,0.000000,0.000,-1.780,-1.678,0.000000
1914.345947,-54.412,148.014511,0.000000,0.000,-1.838,-1.736,0.000000
1920.972656,-54.131,54.497932,0.000000,0.000,-1.895,-1.793,0.000000
1927.622314,-53.853,3.507708,0.000000,0.000,-1.953,-1.851,0.000000
1934.295044,-53.917,15.519031,0.000000,0.000,-2.012,-1.908,0.000000
1940.989868,-53.877,43.512009,0.000000,0.000,-2.070,-1.966,0.000000
1947.709717,-53.478,71.756653,0.000000,0.000,-2.129,-2.024,0.000000
1954.451050,-53.066,55.626053,0.000000,0.000,-2.187,-2.083,0.000000
1961.216675,-52.839,90.588020,0.000000,0.000,-2.246,-2.141,0.000000
1968.005615,-52.399,60.184601,0.000000,0.000,-2.306,-2.200,0.000000
1974.818115,-52.314,122.508293,0.000000,0.000,-2.365,-2.259,0.000000
1981.655151,-51.136,174.809479,0.000000,0.000,-2.425,-2.318,0.000000
1988.513916,-49.141,157.672379,0.000000,0.000,-2.484,-2.378,0.000000
1995.397339,-47.458,-169.764908,0.000000,0.000,-2.544,-2.437,0.000000
2002.304688,-47.036,-176.517685,0.000000,0.000,-2.593,-2.485,0.000000
2009.235840,-46.658,-174.365967,0.000000,0.000,-2.617,-2.508,0.000000
2016.191040,-46.598,-130.934387,0.000000,0.000,-2.641,-2.532,0.000000
2023.170288,-46.967,-150.652481,0.000000,0.000,-2.666,-2.555,0.000000
2030.172852,-47.282,164.851257,0.000000,0.000,-2.690,-2.579,0.000000
2037.201416,-47.782,-157.409683,0.000000,0.000,-2.715,-2.603,0.000000
2044.252441,-49.539,168.571854,0.000000,0.000,-2.740,-2.627,0.000000
2051.329834,-52.014,-29.108559,0.000000,0.000,-2.765,-2.651,0.000000
2058.430908,-53.626,-103.223663,0.000000,0.000,-2.790,-2.675,0.000000
2065.555420,-54.776,-131.481995,0.000000,0.000,-2.815,-2.699,0.000000
2072.706543,-56.210,-172.090012,0.000000,0.000,-2.840,-2.723,0.000000
2079.880371,-56.863,163.289902,0.000000,0.000,-2.865,-2.747,0.000000
2087.080078,-56.977,87.615181,0.000000,0.000,-2.890,-2.771,0.000000
2094.304932,-57.121,154.569611,0.000000,0.000,-2.916,-2.796,0.000000
2101.554443,-57.125,88.866829,0.000000,0.000,-2.941,-2.820,0.000000
2108.829346,-56.861,90.944107,0.000000,0.000,-2.967,-2.845,0.000000
2116.129150,-56.963,96.876663,0.000000,0.000,-2.992,-2.869,0.000000
2123.453369,-57.103,102.333160,0.000000,0.000,-3.018,-2.894,0.000000
2130.804932,-57.217,153.770126,0.000000,0.000,-3.044,-2.919,0.000000
2138.180176,-57.516,165.205078,0.000000,0.000,-3.070,-2.944,0.000000
2145.582520,-57.077,-140.048309,0.000000,0.000,-3.096,-2.969,0.000000
2153.009766,-56.790,-117.439003,0.000000,0.000,-3.122,-2.994,0.000000
2160.461670,-56.500,-76.253807,0.000000,0.000,-3.148,-3.019,0.000000
2167.941406,-56.448,-91.042160,0.000000,0.000,-3.174,-3.044,0.000000
2175.445068,-56.272,-76.223106,0.000000,0.000,-3.200,-3.070,0.000000
2182.976562,-56.508,-73.353134,0.000000,0.000,-3.227,-3.095,0.000000
2190.532227,-56.671,-173.490891,0.000000,0.000,-3.253,-3.121,0.000000
2198.114990,-56.625,-107.375992,0.000000,0.000,-3.280,-3.146,0.000000
2205.723877,-56.521,-99.764214,0.000000,0.000,-3.307,-3.172,0.000000
2213.359375,-56.973,-66.786514,0.000000,0.000,-3.334,-3.198,0.000000
2221.020020,-57.235,-125.615448,0.000000,0.000,-3.360,-3.224,0.000000
2228.709473,-57.629,-153.964142,0.000000,0.000,-3.387,-3.250,0.000000
2236.423340,-57.526,-164.771255,0.000000,0.000,-3.415,-3.276,0.000000
2244.166016,-57.311,162.653564,0.000000,0.000,-3.442,-3.302,0.000000
2251.934570,-56.805,155.154175,0.000000,0.000,-3.469,-3.328,0.000000
2259.728760,-56.282,-171.166168,0.000000,0.000,-3.496,-3.354,0.000000
2267.552002,-56.495,126.377579,0.000000,0.000,-3.524,-3.381,0.000000
2275.400391,-56.688,156.706009,0.000000,0.000,-3.551,-3.407,0.000000
2283.278076,-56.950,145.235611,0.000000,0.000,-3.579,-3.434,0.000000
2291.180908,-56.810,74.937088,0.000000,0.000,-3.607,-3.461,0.000000
2299.112061,-56.848,29.933413,0.000000,0.000,-3.635,-3.487,0.000000
2307.070557,-56.727,21.658655,0.000000,0.000,-3.663,-3.514,0.000000
2315.056885,-57.274,-33.852055,0.000000,0.000,-3.691,-3.541,0.000000
2323.069580,-57.712,-35.303799,0.000000,0.000,-3.719,-3.568,0.000000
2331.112305,-57.946,-46.073509,0.000000,0.000,-3.747,-3.595,0.000000
2339.181641,-57.768,-61.799686,0.000000,0.000,-3.775,-3.623,0.000000
2347.279053,-57.609,-48.416328,0.000000,0.000,-3.804,-3.650,0.000000
2355.404297,-57.390,-92.174072,0.000000,0.000,-3.832,-3.678,0.000000
2363.556885,-57.409,-83.799194,0.000000,0.000,-3.861,-3.705,0.000000
2371.739746,-57.511,-99.326172,0.000000,0.000,-3.890,-3.733,0.000000
2379.948486,-57.515,-115.257668,0.000000,0.000,-3.918,-3.760,0.000000
2388.188232,-57.511,-109.667076,0.000000,0.000,-3.947,-3.788,0.000000
2396.454102,-57.534,-111.816246,0.000000,0.000,-3.976,-3.816,0.000000
2404.749512,-57.853,-137.354263,0.000000,0.000,-4.005,-3.844,0.000000
2413.073975,-57.809,-86.474106,0.000000,0.000,-4.035,-3.872,0.000000
2421.427002,-57.901,-85.907677,0.000000,0.000,-4.064,-3.901,0.000000
2429.809082,-57.886,-147.260422,0.000000,0.000,-4.093,-3.929,0.000000
2438.220215,-57.940,-126.846931,0.000000,0.000,-4.123,-3.957,0.000000
2446.660400,-58.249,-46.452274,0.000000,0.000,-4.153,-3.986,0.000000
2455.129883,-58.384,-60.395767,0.000000,0.000,-4.182,-4.014,0.000000
2463.628418,-58.174,20.400856,0.000000,0.000,-4.212,-4.043,0.000000
2472.155518,-58.173,63.310314,0.000000,0.000,-4.242,-4.072,0.000000
2480.714355,-58.085,39.109562,0.000000,0.000,-4.272,-4.101,0.000000
2489.300293,-58.441,131.743988,0.000000,0.000,-4.302,-4.130,0.000000
2497.918701,-58.611,71.545258,0.000000,0.000,-4.333,-4.159,0.000000
2506.564209,-58.849,92.881134,0.000000,0.000,-4.363,-4.188,0.000000
2515.240967,-58.881,104.375076,0.000000,0.000,-4.393,-4.217,0.000000
2523.947754,-58.886,92.691093,0.000000,0.000,-4.424,-4.247,0.000000
2532.684814,-58.984,115.346046,0.000000,0.000,-4.455,-4.276,0.000000
2541.453125,-59.196,74.968742,0.000000,0.000,-4.485,-4.306,0.000000
2550.249512,-59.224,82.923393,0.000000,0.000,-4.516,-4.336,0.000000
2559.077393,-59.002,96.613800,0.000000,0.000,-4.547,-4.365,0.000000
2567.936035,-59.020,52.865410,0.000000,0.000,-4.578,-4.395,0.000000
2576.825195,-59.224,12.640575,0.000000,0.000,-4.610,-4.425,0.000000
2585.745117,-59.035,7.146040,0.000000,0.000,-4.641,-4.455,0.000000
2594.696045,-58.936,-71.990005,0.000000,0.000,-4.672,-4.486,0.000000
2603.676514,-58.826,-52.299259,0.000000,0.000,-4.704,-4.516,0.000000
2612.690918,-58.669,-79.795563,0.000000,0.000,-4.736,-4.546,0.000000
2621.733643,-58.549,-77.301331,0.000000,0.000,-4.767,-4.577,0.000000
2630.809082,-58.433,166.798904,0.000000,0.000,-4.799,-4.608,0.000000
2639.916016,-58.329,137.062988,0.000000,0.000,-4.831,-4.638,0.000000
2649.054443,-58.133,177.102936,0.000000,0.000,-4.863,-4.669,0.000000
2658.225586,-58.104,117.116142,0.000000,0.000,-4.895,-4.700,0.000000
2667.426025,-58.073,-153.131516,0.000000,0.000,-4.928,-4.731,0.000000
2676.659668,-58.217,163.290573,0.000000,0.000,-4.960,-4.763,0.000000
2685.925293,-57.989,-153.685257,0.000000,0.000,-4.993,-4.794,0.000000
2695.222900,-57.993,-169.468842,0.000000,0.000,-5.025,-4.825,0.000000
2704.552734,-57.972,164.551147,0.000000,0.000,-5.058,-4.857,0.000000
2713.914795,-57.880,-143.592941,0.000000,0.000,-5.091,-4.888,0.000000
2723.308105,-57.843,-171.846695,0.000000,0.000,-5.124,-4.920,0.000000
2732.736572,-57.811,-148.961975,0.000000,0.000,-5.157,-4.952,0.000000
2742.194824,-57.627,-108.010551,0.000000,0.000,-5.190,-4.984,0.000000
2751.688477,-57.647,178.358582,0.000000,0.000,-5.224,-5.016,0.000000
2761.212646,-57.627,39.583202,0.000000,0.000,-5.257,-5.048,0.000000
2770.770752,-57.707,68.835457,0.000000,0.000,-5.291,-5.080,0.000000
2780.363525,-57.517,99.057640,0.000000,0.000,-5.324,-5.113,0.000000
2789.986816,-57.603,48.579174,0.000000,0.000,-5.358,-5.145,0.000000
2799.644531,-57.379,96.361710,0.000000,0.000,-5.392,-5.178,0.000000
2809.335938,-57.495,74.219788,0.000000,0.000,-5.426,-5.211,0.000000
2819.060791,-57.673,87.961304,0.000000,0.000,-5.460,-5.243,0.000000
2828.819336,-57.819,115.975479,0.000000,0.000,-5.494,-5.276,0.000000
2838.611572,-57.892,116.160789,0.000000,0.000,-5.529,-5.309,0.000000
2848.436279,-57.921,97.238091,0.000000,0.000,-5.563,-5.343,0.000000
2858.297852,-58.035,154.385437,0.000000,0.000,-5.598,-5.376,0.000000
2868.190918,-57.808,96.175568,0.000000,0.000,-5.633,-5.409,0.000000
2878.120850,-57.935,89.097122,0.000000,0.000,-5.667,-5.443,0.000000
2888.083740,-58.006,161.933273,0.000000,0.000,-5.702,-5.477,0.000000
2898.079834,-57.959,122.629433,0.000000,0.000,-5.738,-5.510,0.000000
2908.113281,-57.611,106.462402,0.000000,0.000,-5.773,-5.544,0.000000
2918.178711,-57.346,-139.875107,0.000000,0.000,-5.808,-5.578,0.000000
2928.281738,-57.252,150.245697,0.000000,0.000,-5.844,-5.612,0.000000
2938.416748,-57.097,117.748352,0.000000,0.000,-5.879,-5.647,0.000000
2948.588379,-56.955,-171.815582,0.000000,0.000,-5.915,-5.681,0.000000
2958.795410,-56.923,157.684509,0.000000,0.000,-5.951,-5.715,0.000000
2969.037598,-56.815,119.081535,0.000000,0.000,-5.987,-5.750,0.000000
2979.313965,-56.771,-79.434799,0.000000,0.000,-6.023,-5.785,0.000000
2989.629883,-56.804,-161.191620,0.000000,0.000,-6.059,-5.820,0.000000
2999.974609,-56.453,108.011650,0.000000,0.000,-6.095,-5.854,0.000000
3010.360840,-56.323,-65.535637,0.000000,0.000,-6.132,-5.890,0.000000
3020.782959,-56.144,-147.897705,0.000000,0.000,-6.168,-5.925,0.000000
3031.238281,-55.698,101.117882,0.000000,0.000,-6.205,-5.960,0.000000
3041.732666,-55.225,-33.969311,0.000000,0.000,-6.242,-5.995,0.000000
3052.260498,-54.548,-127.513329,0.000000,0.000,-6.279,-6.031,0.000000
3062.827881,-54.003,124.783089,0.000000,0.000,-6.316,-6.067,0.000000
3073.428711,-53.270,31.335052,0.000000,0.000,-6.353,-6.103,0.000000
3084.066162,-52.660,-85.414864,0.000000,0.000,-6.390,-6.138,0.000000
3094.743652,-52.363,126.482025,0.000000,0.000,-6.428,-6.175,0.000000
3105.457764,-52.128,58.248814,0.000000,0.000,-6.466,-6.211,0.000000
3116.206299,-52.004,-29.573458,0.000000,0.000,-6.503,-6.247,0.000000
3126.991943,-51.943,-170.096420,0.000000,0.000,-6.541,-6.283,0.000000
3137.817871,-52.099,87.892128,0.000000,0.000,-6.579,-6.320,0.000000
3148.681152,-52.127,-1.962253,0.000000,0.000,-6.617,-6.357,0.000000
3159.579346,-52.479,-131.556931,0.000000,0.000,-6.656,-6.393,0.000000
3170.515137,-53.160,131.644653,0.000000,0.000,-6.694,-6.430,0.000000
3181.491699,-53.170,55.281105,0.000000,0.000,-6.733,-6.467,0.000000
3192.503174,-53.000,-89.002205,0.000000,0.000,-6.771,-6.505,0.000000
3203.555908,-52.478,163.448257,0.000000,0.000,-6.810,-6.542,0.000000
3214.644043,-52.079,86.596390,0.000000,0.000,-6.849,-6.579,0.000000
3225.773438,-51.356,-21.601410,0.000000,0.000,-6.888,-6.617,0.000000
3236.938232,-50.687,-158.695862,0.000000,0.000,-6.927,-6.655,0.000000
3248.141602,-50.036,118.445694,0.000000,0.000,-6.967,-6.693,0.000000
3259.386963,-49.140,38.023323,0.000000,0.000,-7.006,-6.731,0.000000
3270.671387,-48.686,-73.539490,0.000000,0.000,-7.046,-6.769,0.000000
3281.991699,-48.255,-169.045380,0.000000,0.000,-7.085,-6.807,0.000000
3293.351074,-47.670,91.988129,0.000000,0.000,-7.125,-6.845,0.000000
3304.752930,-46.969,-29.058847,0.000000,0.000,-7.165,-6.884,0.000000
3316.194336,-46.426,-140.615784,0.000000,0.000,-7.205,-6.922,0.000000
3327.672119,-46.096,140.136063,0.000000,0.000,-7.246,-6.961,0.000000
3339.189697,-45.846,46.988049,0.000000,0.000,-7.286,-7.000,0.000000
3350.750244,-45.839,-63.998360,0.000000,0.000,-7.327,-7.039,0.000000
3362.347656,-45.275,-156.588684,0.000000,0.000,-7.368,-7.078,0.000000
3373.985107,-44.805,80.359962,0.000000,0.000,-7.408,-7.118,0.000000
3385.666260,-44.719,-11.255050,0.000000,0.000,-7.449,-7.157,0.000000
3397.387695,-44.718,-85.819359,0.000000,0.000,-7.491,-7.197,0.000000
3409.146484,-45.022,165.065506,0.000000,0.000,-7.532,-7.236,0.000000
3420.946045,-45.313,43.745804,0.000000,0.000,-7.573,-7.276,0.000000
3432.789795,-45.478,-25.539301,0.000000,0.000,-7.615,-7.316,0.000000
3444.674316,-45.534,-119.594643,0.000000,0.000,-7.657,-7.356,0.000000
3456.596924,-46.162,135.532089,0.000000,0.000,-7.698,-7.397,0.000000
3468.560547,-47.000,49.953842,0.000000,0.000,-7.740,-7.437,0.000000
3480.569092,-47.847,-55.523949,0.000000,0.000,-7.783,-7.478,0.000000
3492.615723,-49.109,139.735962,0.000000,0.000,-7.825,-7.518,0.000000
3504.707520,-50.473,55.594749,0.000000,0.000,-7.867,-7.559,0.000000
3516.837891,-51.243,-87.811127,0.000000,0.000,-7.910,-7.600,0.000000
3529.013428,-52.169,-157.792694,0.000000,0.000,-7.953,-7.641,0.000000
3541.228027,-52.846,113.397736,0.000000,0.000,-7.996,-7.682,0.000000
3553.484619,-53.217,-10.318088,0.000000,0.000,-8.039,-7.724,0.000000
3565.787109,-53.675,-113.018188,0.000000,0.000,-8.082,-7.765,0.000000
3578.132080,-53.484,-179.574951,0.000000,0.000,-8.125,-7.807,0.000000
3590.516602,-53.073,133.173386,0.000000,0.000,-8.169,-7.849,0.000000
3602.943848,-52.344,70.644363,0.000000,0.000,-8.212,-7.891,0.000000
3615.417480,-51.256,25.082561,0.000000,0.000,-8.256,-7.933,0.000000
3627.934570,-49.890,123.990913,0.000000,0.000,-8.300,-7.975,0.000000
3640.491211,-49.521,130.381805,0.000000,0.000,-8.344,-8.018,0.000000
3653.091553,-49.399,87.653084,0.000000,0.000,-8.388,-8.060,0.000000
3665.739014,-48.893,32.251701,0.000000,0.000,-8.433,-8.103,0.000000
3678.426514,-48.361,-23.748867,0.000000,0.000,-8.477,-8.146,0.000000
3691.161621,-47.805,-81.039902,0.000000,0.000,-8.522,-8.189,0.000000
3703.937256,-47.667,-146.221664,0.000000,0.000,-8.567,-8.232,0.000000
3716.760498,-47.728,61.941319,0.000000,0.000,-8.612,-8.275,0.000000
3729.628418,-48.180,-4.051346,0.000000,0.000,-8.657,-8.319,0.000000
3742.533447,-48.646,-62.465080,0.000000,0.000,-8.702,-8.362,0.000000
3755.490479,-48.820,-112.055954,0.000000,0.000,-8.748,-8.406,0.000000
3768.492432,-48.872,-178.464844,0.000000,0.000,-8.793,-8.450,0.000000
3781.535645,-49.439,62.122814,0.000000,0.000,-8.839,-8.494,0.000000
3794.624023,-49.970,-17.519308,0.000000,0.000,-8.885,-8.538,0.000000
3807.761475,-50.550,-70.313728,0.000000,0.000,-8.931,-8.583,0.000000
3820.940674,-51.013,-121.520546,0.000000,0.000,-8.978,-8.627,0.000000
3834.169189,-51.304,-174.771805,0.000000,0.000,-9.024,-8.672,0.000000
3847.439697,-51.651,105.337090,0.000000,0.000,-9.071,-8.717,0.000000
3860.760010,-52.141,28.242634,0.000000,0.000,-9.117,-8.762,0.000000
3874.126221,-52.615,-47.437641,0.000000,0.000,-9.164,-8.807,0.000000
3887.531494,-53.162,-111.347145,0.000000,0.000,-9.211,-8.852,0.000000
3900.990479,-53.118,-159.451569,0.000000,0.000,-9.259,-8.897,0.000000
3914.496094,-53.389,123.937569,0.000000,0.000,-9.306,-8.943,0.000000
3928.048340,-53.156,35.810829,0.000000,0.000,-9.354,-8.989,0.000000
3941.640137,-53.317,-22.133774,0.000000,0.000,-9.401,-9.035,0.000000
3955.286377,-53.202,-41.667622,0.000000,0.000,-9.449,-9.081,0.000000
3968.979980,-53.409,-126.395981,0.000000,0.000,-9.497,-9.127,0.000000
3982.717285,-53.515,-160.520889,0.000000,0.000,-9.546,-9.174,0.000000
3996.501953,-53.628,-146.688812,0.000000,0.000,-9.594,-9.220,0.000000
4010.338135,-54.043,-147.577240,0.000000,0.000,-9.614,-9.239,0.000000
4024.218506,-54.185,137.736053,0.000000,0.000,-9.624,-9.248,0.000000
4038.150879,-54.260,114.907974,0.000000,0.000,-9.634,-9.257,0.000000
4052.127441,-54.240,116.442619,0.000000,0.000,-9.644,-9.266,0.000000
4066.156250,-54.140,94.057938,0.000000,0.000,-9.655,-9.275,0.000000
4080.233643,-54.078,-32.980659,0.000000,0.000,-9.665,-9.285,0.000000
4094.352051,-53.378,-9.221091,0.000000,0.000,-9.675,-9.294,0.000000
4108.526855,-52.072,22.444498,0.000000,0.000,-9.686,-9.303,0.000000
4122.750977,-51.766,53.072155,0.000000,0.000,-9.696,-9.313,0.000000
4137.020508,-50.903,40.938141,0.000000,0.000,-9.707,-9.322,0.000000
4151.339355,-50.561,2.911693,0.000000,0.000,-9.717,-9.331,0.000000
4165.711914,-50.395,-20.562891,0.000000,0.000,-9.728,-9.341,0.000000
4180.133789,-50.595,-24.841772,0.000000,0.000,-9.738,-9.350,0.000000
4194.601562,-50.086,-64.321396,0.000000,0.000,-9.749,-9.360,0.000000
4209.120117,-50.437,-120.557594,0.000000,0.000,-9.760,-9.369,0.000000
4223.692383,-50.600,-90.004333,0.000000,0.000,-9.770,-9.379,0.000000
4238.314941,-51.090,-55.030342,0.000000,0.000,-9.781,-9.389,0.000000
4252.980469,-51.263,-45.585281,0.000000,0.000,-9.792,-9.398,0.000000
4267.704590,-51.206,-7.785396,0.000000,0.000,-9.803,-9.408,0.000000
4282.479980,-51.534,30.652067,0.000000,0.000,-9.813,-9.418,0.000000
4297.306152,-51.156,17.339905,0.000000,0.000,-9.824,-9.428,0.000000
4312.175781,-50.957,-34.384426,0.000000,0.000,-9.835,-9.437,0.000000
4327.104980,-50.743,-31.258595,0.000000,0.000,-9.846,-9.447,0.000000
4342.085449,-50.757,-59.511871,0.000000,0.000,-9.857,-9.457,0.000000
4357.114258,-50.722,-132.854370,0.000000,0.000,-9.868,-9.467,0.000000
4372.194824,-50.541,-162.400497,0.000000,0.000,-9.879,-9.477,0.000000
4387.331543,-50.523,-169.004532,0.000000,0.000,-9.890,-9.487,0.000000
4402.520996,-50.087,171.125748,0.000000,0.000,-9.901,-9.497,0.000000
4417.758789,-49.725,143.261063,0.000000,0.000,-9.913,-9.507,0.000000
4433.049316,-49.591,127.852982,0.000000,0.000,-9.924,-9.517,0.000000
4448.396973,-48.929,113.432594,0.000000,0.000,-9.935,-9.527,0.000000
4463.797852,-48.487,95.861069,0.000000,0.000,-9.946,-9.537,0.000000
4479.243164,-48.102,79.805176,0.000000,0.000,-9.958,-9.547,0.000000
4494.750977,-47.545,66.582596,0.000000,0.000,-9.969,-9.557,0.000000
4510.312012,-46.775,55.378124,0.000000,0.000,-9.980,-9.568,0.000000
4525.922852,-46.065,42.026920,0.000000,0.000,-9.992,-9.578,0.000000
4541.587891,-45.055,31.745140,0.000000,0.000,-10.003,-9.588,0.000000
4557.311035,-44.420,18.241268,0.000000,0.000,-10.015,-9.599,0.000000
4573.088867,-43.720,5.558788,0.000000,0.000,-10.026,-9.609,0.000000
4588.916992,-42.974,-6.591069,0.000000,0.000,-10.038,-9.619,0.000000
4604.799805,-42.553,-16.694685,0.000000,0.000,-10.050,-9.630,0.000000
4620.742188,-41.941,-25.567492,0.000000,0.000,-10.061,-9.640,0.000000
4636.739746,-41.444,-34.475601,0.000000,0.000,-10.073,-9.651,0.000000
4652.788086,-41.118,-41.294704,0.000000,0.000,-10.085,-9.661,0.000000
4668.892090,-41.002,-45.263702,0.000000,0.000,-10.097,-9.672,0.000000
4685.056152,-40.621,-46.371037,0.000000,0.000,-10.109,-9.683,0.000000
4701.276367,-40.333,-49.344677,0.000000,0.000,-10.120,-9.693,0.000000
4717.543457,-40.245,-50.080910,0.000000,0.000,-10.132,-9.704,0.000000
4733.875977,-40.064,-47.766800,0.000000,0.000,-10.144,-9.715,0.000000
4750.265137,-39.838,-45.178207,0.000000,0.000,-10.156,-9.726,0.000000
4766.706543,-39.890,-39.964573,0.000000,0.000,-10.168,-9.736,0.000000
4783.209473,-39.967,-34.409809,0.000000,0.000,-10.181,-9.747,0.000000
4799.764648,-40.084,-26.281755,0.000000,0.000,-10.193,-9.758,0.000000
4816.381836,-40.253,-17.057060,0.000000,0.000,-10.205,-9.769,0.000000
4833.052246,-40.599,-6.902344,0.000000,0.000,-10.217,-9.780,0.000000
4849.779785,-40.869,4.453057,0.000000,0.000,-10.229,-9.791,0.000000
4866.570312,-41.348,13.628313,0.000000,0.000,-10.242,-9.802,0.000000
4883.418945,-41.913,23.091097,0.000000,0.000,-10.254,-9.813,0.000000
4900.316406,-42.419,35.690365,0.000000,0.000,-10.266,-9.824,0.000000
4917.281738,-43.026,48.428654,0.000000,0.000,-10.279,-9.835,0.000000
4934.305664,-43.484,60.146885,0.000000,0.000,-10.291,-9.847,0.000000
4951.388672,-44.194,71.883659,0.000000,0.000,-10.304,-9.858,0.000000
4968.521484,-45.019,83.404472,0.000000,0.000,-10.316,-9.869,0.000000
4985.723145,-45.781,94.275482,0.000000,0.000,-10.329,-9.880,0.000000
5002.984375,-46.327,106.116417,0.000000,0.000,-10.342,-9.892,0.000000
5020.300293,-47.038,114.325714,0.000000,0.000,-10.354,-9.903,0.000000
5037.681152,-47.654,129.746887,0.000000,0.000,-10.367,-9.915,0.000000
5055.117188,-48.106,155.761520,0.000000,0.000,-10.380,-9.926,0.000000
5072.618164,-48.836,-159.227310,0.000000,0.000,-10.393,-9.938,0.000000
5090.175293,-49.401,-138.408646,0.000000,0.000,-10.406,-9.949,0.000000
5107.792969,-49.711,-109.866661,0.000000,0.000,-10.419,-9.961,0.000000
5125.477051,-50.072,-94.114616,0.000000,0.000,-10.432,-9.972,0.000000
5143.221680,-50.573,37.639477,0.000000,0.000,-10.445,-9.984,0.000000
5161.018066,-50.273,83.577164,0.000000,0.000,-10.458,-9.996,0.000000
5178.886230,-50.056,102.076485,0.000000,0.000,-10.471,-10.008,0.000000
5196.815918,-49.849,131.351669,0.000000,0.000,-10.484,-10.019,0.000000
5214.802734,-49.835,128.854004,0.000000,0.000,-10.497,-10.031,0.000000
5232.856934,-49.649,135.884293,0.000000,0.000,-10.510,-10.043,0.000000
5250.968750,-49.351,134.163132,0.000000,0.000,-10.524,-10.055,0.000000
5269.147949,-48.979,140.873276,0.000000,0.000,-10.537,-10.067,0.000000
5287.385254,-49.070,159.844833,0.000000,0.000,-10.550,-10.079,0.000000
5305.685547,-49.092,-171.308182,0.000000,0.000,-10.564,-10.091,0.000000
5324.054199,-49.216,-139.887375,0.000000,0.000,-10.577,-10.103,0.000000
5342.486816,-49.292,-106.308624,0.000000,0.000,-10.591,-10.115,0.000000
5360.978027,-48.999,-78.818787,0.000000,0.000,-10.604,-10.127,0.000000
5379.532715,-48.833,-24.113720,0.000000,0.000,-10.618,-10.140,0.000000
5398.157227,-48.630,123.445702,0.000000,0.000,-10.632,-10.152,0.000000
5416.846191,-48.377,-70.584846,0.000000,0.000,-10.645,-10.164,0.000000
5435.594727,-48.414,-46.568470,0.000000,0.000,-10.659,-10.177,0.000000
5454.408203,-48.539,26.968197,0.000000,0.000,-10.673,-10.189,0.000000
5473.291992,-48.692,82.531998,0.000000,0.000,-10.687,-10.201,0.000000
5492.235352,-48.773,110.211853,0.000000,0.000,-10.700,-10.214,0.000000
5511.250000,-48.941,93.908379,0.000000,0.000,-10.714,-10.226,0.000000
5530.325195,-49.113,106.590172,0.000000,0.000,-10.728,-10.239,0.000000
5549.472168,-49.419,119.486290,0.000000,0.000,-10.742,-10.251,0.000000
5568.679199,-49.754,97.740707,0.000000,0.000,-10.757,-10.264,0.000000
5587.953613,-49.999,62.763420,0.000000,0.000,-10.771,-10.277,0.000000
5607.299316,-50.229,77.954308,0.000000,0.000,-10.785,-10.290,0.000000
5626.712402,-50.371,41.946743,0.000000,0.000,-10.799,-10.302,0.000000
5646.181641,-50.529,40.408543,0.000000,0.000,-10.813,-10.315,0.000000
5665.729492,-50.812,56.728481,0.000000,0.000,-10.828,-10.328,0.000000
5685.344727,-51.381,-7.313457,0.000000,0.000,-10.842,-10.341,0.000000
5705.027832,-52.208,-41.449905,0.000000,0.000,-10.857,-10.354,0.000000
5724.773926,-52.638,-8.270538,0.000000,0.000,-10.871,-10.367,0.000000
5744.587891,-52.940,18.044155,0.000000,0.000,-10.886,-10.380,0.000000
5764.476562,-53.094,-49.433453,0.000000,0.000,-10.900,-10.393,0.000000
5784.428223,-52.775,3.905447,0.000000,0.000,-10.915,-10.406,0.000000
5804.448730,-52.267,31.460178,0.000000,0.000,-10.929,-10.419,0.000000
5824.544434,-51.837,-114.261345,0.000000,0.000,-10.944,-10.432,0.000000
5844.709473,-51.484,-61.402294,0.000000,0.000,-10.959,-10.446,0.000000
5864.938965,-51.062,35.630791,0.000000,0.000,-10.974,-10.459,0.000000
5885.238281,-50.571,100.892479,0.000000,0.000,-10.989,-10.472,0.000000
5905.613281,-50.297,-71.426987,0.000000,0.000,-11.004,-10.486,0.000000
5926.059082,-50.023,-75.098839,0.000000,0.000,-11.019,-10.499,0.000000
5946.570312,-49.348,-79.196411,0.000000,0.000,-11.034,-10.513,0.000000
5967.151855,-48.857,21.086720,0.000000,0.000,-11.049,-10.526,0.000000
5987.811035,-48.677,-22.200514,0.000000,0.000,-11.064,-10.540,0.000000
6008.535645,-48.338,13.102397,0.000000,0.000,-11.079,-10.554,0.000000
6029.337402,-48.299,-129.797363,0.000000,0.000,-11.094,-10.567,0.000000
6050.206055,-47.779,-10.112084,0.000000,0.000,-11.110,-10.581,0.000000
6071.152344,-47.397,78.448578,0.000000,0.000,-11.125,-10.595,0.000000
6092.165527,-47.262,-164.112457,0.000000,0.000,-11.140,-10.609,0.000000
6113.251465,-47.381,117.754669,0.000000,0.000,-11.156,-10.622,0.000000
6134.416016,-47.435,-149.751434,0.000000,0.000,-11.171,-10.636,0.000000
6155.653809,-47.614,111.904900,0.000000,0.000,-11.187,-10.650,0.000000
6176.959473,-47.280,-126.880455,0.000000,0.000,-11.203,-10.664,0.000000
6198.338867,-47.349,102.969124,0.000000,0.000,-11.218,-10.678,0.000000
6219.797852,-47.793,-94.198044,0.000000,0.000,-11.234,-10.693,0.000000
6241.331543,-48.079,37.212154,0.000000,0.000,-11.250,-10.707,0.000000
6262.933594,-48.345,152.999512,0.000000,0.000,-11.266,-10.721,0.000000
6284.610352,-48.514,101.024513,0.000000,0.000,-11.282,-10.735,0.000000
6306.368652,-48.633,167.121857,0.000000,0.000,-11.297,-10.750,0.000000
6328.195801,-48.416,-149.820801,0.000000,0.000,-11.314,-10.764,0.000000
6350.104492,-47.914,146.168945,0.000000,0.000,-11.330,-10.778,0.000000
6372.083008,-47.301,167.712173,0.000000,0.000,-11.346,-10.793,0.000000
6394.143555,-46.792,148.399979,0.000000,0.000,-11.362,-10.807,0.000000
6416.274902,-46.131,165.039337,0.000000,0.000,-11.378,-10.822,0.000000
6438.482422,-45.662,-165.535202,0.000000,0.000,-11.394,-10.836,0.000000
6460.772949,-44.611,138.767654,0.000000,0.000,-11.411,-10.851,0.000000
6483.140625,-43.524,-146.184937,0.000000,0.000,-11.427,-10.866,0.000000
6505.580078,-42.544,89.520828,0.000000,0.000,-11.444,-10.881,0.000000
6528.096680,-41.846,-120.136307,0.000000,0.000,-11.460,-10.895,0.000000
6550.697266,-41.615,54.968857,0.000000,0.000,-11.477,-10.910,0.000000
6573.370605,-41.437,-64.521164,0.000000,0.000,-11.493,-10.925,0.000000
6596.127930,-41.064,130.720657,0.000000,0.000,-11.510,-10.940,0.000000
6618.958008,-40.532,-24.180649,0.000000,0.000,-11.527,-10.955,0.000000
6641.873535,-40.111,-179.288589,0.000000,0.000,-11.544,-10.970,0.000000
6664.861816,-39.861,-71.724510,0.000000,0.000,-11.560,-10.985,0.000000
6687.930176,-39.804,83.932915,0.000000,0.000,-11.577,-11.001,0.000000
6711.084473,-39.680,-74.433952,0.000000,0.000,-11.594,-11.016,0.000000
6734.318848,-39.417,152.932953,0.000000,0.000,-11.611,-11.031,0.000000
6757.633301,-38.936,28.916666,0.000000,0.000,-11.628,-11.046,0.000000
6781.016113,-38.598,-95.706970,0.000000,0.000,-11.646,-11.062,0.000000
6804.492676,-38.523,136.811859,0.000000,0.000,-11.663,-11.077,0.000000
6828.050293,-38.613,-2.103541,0.000000,0.000,-11.680,-11.093,0.000000
6851.683105,-38.754,-109.751610,0.000000,0.000,-11.697,-11.108,0.000000
6875.397949,-38.908,127.503464,0.000000,0.000,-11.715,-11.124,0.000000
6899.201172,-39.384,20.956467,0.000000,0.000,-11.732,-11.140,0.000000
6923.080078,-40.106,-98.581955,0.000000,0.000,-11.750,-11.155,0.000000
6947.048828,-40.873,136.621902,0.000000,0.000,-11.767,-11.171,0.000000
6971.093262,-41.489,-119.468307,0.000000,0.000,-11.785,-11.187,0.000000
6995.228027,-41.981,155.370239,0.000000,0.000,-11.803,-11.203,0.000000
7019.446289,-42.558,57.896862,0.000000,0.000,-11.820,-11.219,0.000000
7043.734863,-42.769,-33.163742,0.000000,0.000,-11.838,-11.235,0.000000
7068.120605,-43.185,-125.224724,0.000000,0.000,-11.856,-11.251,0.000000
7092.591309,-43.312,132.095825,0.000000,0.000,-11.874,-11.267,0.000000
7117.139648,-43.263,46.900330,0.000000,0.000,-11.892,-11.283,0.000000
7141.772949,-43.031,-15.359591,0.000000,0.000,-11.910,-11.299,0.000000
7166.498535,-43.173,-90.449646,0.000000,0.000,-11.928,-11.315,0.000000
7191.309570,-43.641,174.258469,0.000000,0.000,-11.946,-11.332,0.000000
7216.199707,-43.677,135.625931,0.000000,0.000,-11.965,-11.348,0.000000
7241.176270,-44.175,82.174385,0.000000,0.000,-11.983,-11.365,0.000000
7266.245605,-44.755,79.075523,0.000000,0.000,-12.001,-11.381,0.000000
7291.402344,-45.444,133.651901,0.000000,0.000,-12.020,-11.398,0.000000
7316.631836,-45.886,133.345627,0.000000,0.000,-12.038,-11.414,0.000000
7341.962402,-46.896,58.726963,0.000000,0.000,-12.057,-11.431,0.000000
7367.381348,-47.595,36.314823,0.000000,0.000,-12.076,-11.448,0.000000
7392.887695,-48.169,46.103691,0.000000,0.000,-12.094,-11.464,0.000000
7418.468262,-49.144,92.728416,0.000000,0.000,-12.113,-11.481,0.000000
7444.151855,-50.058,104.189499,0.000000,0.000,-12.132,-11.498,0.000000
7469.924316,-50.618,89.131149,0.000000,0.000,-12.151,-11.515,0.000000
7495.778809,-51.255,48.505299,0.000000,0.000,-12.170,-11.532,0.000000
7521.722656,-52.096,27.836529,0.000000,0.000,-12.189,-11.549,0.000000
7547.763672,-52.404,-123.870995,0.000000,0.000,-12.208,-11.566,0.000000
7573.887207,-52.902,-138.974869,0.000000,0.000,-12.227,-11.584,0.000000
7600.108887,-53.311,-124.925468,0.000000,0.000,-12.246,-11.601,0.000000
7626.414062,-53.207,-178.515518,0.000000,0.000,-12.265,-11.618,0.000000
7652.817383,-53.625,106.634529,0.000000,0.000,-12.285,-11.636,0.000000
7679.312012,-54.328,97.742203,0.000000,0.000,-12.304,-11.653,0.000000
7705.883789,-54.713,116.918335,0.000000,0.000,-12.324,-11.670,0.000000
7732.562500,-55.054,104.861542,0.000000,0.000,-12.343,-11.688,0.000000
7759.333008,-55.576,81.548119,0.000000,0.000,-12.363,-11.706,0.000000
7786.189453,-55.907,80.926781,0.000000,0.000,-12.383,-11.723,0.000000
7813.138672,-55.932,125.702888,0.000000,0.000,-12.402,-11.741,0.000000
7840.188477,-55.907,144.354935,0.000000,0.000,-12.422,-11.759,0.000000
7867.331543,-56.307,129.015045,0.000000,0.000,-12.442,-11.777,0.000000
7894.561523,-56.324,103.882637,0.000000,0.000,-12.462,-11.795,0.000000
7921.885742,-56.284,96.360428,0.000000,0.000,-12.482,-11.813,0.000000
7949.312012,-56.515,85.598122,0.000000,0.000,-12.502,-11.831,0.000000
7976.833496,-56.903,58.033882,0.000000,0.000,-12.522,-11.849,0.000000
8004.442383,-57.363,66.270737,0.000000,0.000,-12.540,-11.864,0.000000
8032.146973,-58.081,66.876266,0.000000,0.000,-12.541,-11.866,0.000000
8059.955078,-59.068,57.329338,0.000000,0.000,-12.543,-11.867,0.000000
8087.859375,-59.577,55.477837,0.000000,0.000,-12.545,-11.869,0.000000
8115.844727,-59.947,54.007065,0.000000,0.000,-12.547,-11.870,0.000000
8143.942383,-60.846,83.054359,0.000000,0.000,-12.548,-11.872,0.000000
8172.137695,-61.397,18.446438,0.000000,0.000,-12.550,-11.873,0.000000
8200.422852,-61.765,124.999458,0.000000,0.000,-12.552,-11.875,0.000000
8228.805664,-61.931,164.685471,0.000000,0.000,-12.554,-11.876,0.000000
8257.293945,-62.022,69.595039,0.000000,0.000,-12.556,-11.878,0.000000
8285.881836,-62.188,126.603249,0.000000,0.000,-12.557,-11.879,0.000000
8314.560547,-62.123,92.469177,0.000000,0.000,-12.559,-11.881,0.000000
8343.337891,-62.148,122.168068,0.000000,0.000,-12.561,-11.882,0.000000
8372.223633,-61.934,120.261925,0.000000,0.000,-12.563,-11.884,0.000000
8401.208984,-61.717,123.702477,0.000000,0.000,-12.565,-11.886,0.000000
8430.278320,-61.588,119.222435,0.000000,0.000,-12.567,-11.887,0.000000
8459.464844,-61.419,145.039917,0.000000,0.000,-12.568,-11.889,0.000000
8488.752930,-61.109,146.642624,0.000000,0.000,-12.570,-11.890,0.000000
8518.141602,-61.135,79.846474,0.000000,0.000,-12.572,-11.892,0.000000
8547.616211,-61.252,161.945160,0.000000,0.000,-12.574,-11.894,0.000000
8577.208008,-61.437,11.538780,0.000000,0.000,-12.576,-11.895,0.000000
8606.903320,-61.586,28.044285,0.000000,0.000,-12.578,-11.897,0.000000
8636.693359,-61.775,25.821301,0.000000,0.000,-12.580,-11.898,0.000000
8666.594727,-62.032,18.976877,0.000000,0.000,-12.581,-11.900,0.000000
8696.590820,-62.303,33.627804,0.000000,0.000,-12.583,-11.902,0.000000
8726.699219,-62.622,-39.035046,0.000000,0.000,-12.585,-11.903,0.000000
8756.903320,-62.791,-4.587152,0.000000,0.000,-12.587,-11.905,0.000000
8787.211914,-62.896,-1.236676,0.000000,0.000,-12.589,-11.906,0.000000
8817.634766,-62.980,-11.693047,0.000000,0.000,-12.591,-11.908,0.000000
8848.162109,-63.084,-50.721550,0.000000,0.000,-12.593,-11.910,0.000000
8878.778320,-63.065,-44.898521,0.000000,0.000,-12.595,-11.911,0.000000
8909.517578,-63.099,-9.163386,0.000000,0.000,-12.597,-11.913,0.000000
8940.363281,-63.182,161.224136,0.000000,0.000,-12.599,-11.915,0.000000
8971.306641,-63.143,81.691460,0.000000,0.000,-12.601,-11.916,0.000000
9002.366211,-63.310,99.804939,0.000000,0.000,-12.603,-11.918,0.000000
9033.524414,-63.334,68.997429,0.000000,0.000,-12.605,-11.920,0.000000
9064.799805,-63.334,123.379768,0.000000,0.000,-12.606,-11.921,0.000000
9096.173828,-63.297,112.058777,0.000000,0.000,-12.608,-11.923,0.000000
9127.657227,-63.334,113.989616,0.000000,0.000,-12.610,-11.925,0.000000
9159.257812,-63.433,116.653534,0.000000,0.000,-12.612,-11.927,0.000000
9190.967773,-63.365,109.585579,0.000000,0.000,-12.614,-11.928,0.000000
9222.770508,-63.427,98.797157,0.000000,0.000,-12.616,-11.930,0.000000
9254.701172,-63.673,106.674149,0.000000,0.000,-12.618,-11.932,0.000000
9286.741211,-63.549,122.390427,0.000000,0.000,-12.620,-11.933,0.000000
9318.892578,-63.420,131.674072,0.000000,0.000,-12.622,-11.935,0.000000
9351.137695,-63.364,106.145348,0.000000,0.000,-12.625,-11.937,0.000000
9383.512695,-63.361,45.985359,0.000000,0.000,-12.627,-11.939,0.000000
9415.999023,-63.501,80.876312,0.000000,0.000,-12.629,-11.940,0.000000
9448.588867,-63.442,67.867065,0.000000,0.000,-12.631,-11.942,0.000000
9481.300781,-63.480,108.867310,0.000000,0.000,-12.633,-11.944,0.000000
9514.117188,-63.529,82.602570,0.000000,0.000,-12.635,-11.946,0.000000
9547.055664,-63.308,71.451088,0.000000,0.000,-12.637,-11.947,0.000000
9580.099609,-63.301,70.511658,0.000000,0.000,-12.639,-11.949,0.000000
9613.257812,-63.353,52.878006,0.000000,0.000,-12.641,-11.951,0.000000
9646.540039,-63.355,43.994728,0.000000,0.000,-12.643,-11.953,0.000000
9679.936523,-63.302,27.678988,0.000000,0.000,-12.645,-11.955,0.000000
9713.431641,-63.289,45.311676,0.000000,0.000,-12.647,-11.956,0.000000
9747.060547,-63.205,21.794058,0.000000,0.000,-12.649,-11.958,0.000000
9780.805664,-63.190,-6.173690,0.000000,0.000,-12.652,-11.960,0.000000
9814.658203,-63.190,-34.219517,0.000000,0.000,-12.654,-11.962,0.000000
9848.637695,-63.325,-11.791435,0.000000,0.000,-12.656,-11.964,0.000000
9882.724609,-63.254,-6.562074,0.000000,0.000,-12.658,-11.966,0.000000
9916.939453,-63.264,-0.937782,0.000000,0.000,-12.660,-11.967,0.000000
9951.263672,-63.167,-24.298281,0.000000,0.000,-12.662,-11.969,0.000000
9985.706055,-62.969,-66.302818,0.000000,0.000,-12.664,-11.971,0.000000
10020.278320,-62.929,-10.399801,0.000000,0.000,-12.667,-11.973,0.000000
10054.968750,-62.994,25.146576,0.000000,0.000,-12.669,-11.975,0.000000
10089.770508,-62.869,82.757217,0.000000,0.000,-12.671,-11.977,0.000000
10124.692383,-62.794,102.158585,0.000000,0.000,-12.673,-11.979,0.000000
10159.745117,-62.820,62.651424,0.000000,0.000,-12.675,-11.981,0.000000
10194.918945,-62.558,74.260765,0.000000,0.000,-12.678,-11.982,0.000000
10230.205078,-62.666,61.989521,0.000000,0.000,-12.680,-11.984,0.000000
10265.613281,-62.723,63.444901,0.000000,0.000,-12.682,-11.986,0.000000
10301.154297,-62.869,50.741692,0.000000,0.000,-12.684,-11.988,0.000000
10336.807617,-62.782,126.481850,0.000000,0.000,-12.687,-11.990,0.000000
10372.594727,-62.731,-65.675987,0.000000,0.000,-12.689,-11.992,0.000000
10408.496094,-62.780,-101.774719,0.000000,0.000,-12.691,-11.994,0.000000
10444.531250,-62.865,-115.386406,0.000000,0.000,-12.693,-11.996,0.000000
10480.680664,-63.048,-104.678955,0.000000,0.000,-12.696,-11.998,0.000000
10516.956055,-63.130,-111.930588,0.000000,0.000,-12.698,-12.000,0.000000
10553.367188,-63.138,-118.459984,0.000000,0.000,-12.700,-12.002,0.000000
10589.903320,-63.161,-156.593399,0.000000,0.000,-12.703,-12.004,0.000000
10626.546875,-63.232,65.536606,0.000000,0.000,-12.705,-12.006,0.000000
10663.336914,-63.419,134.471161,0.000000,0.000,-12.707,-12.008,0.000000
10700.253906,-63.435,-159.686707,0.000000,0.000,-12.709,-12.010,0.000000
10737.299805,-63.431,-14.523505,0.000000,0.000,-12.712,-12.012,0.000000
10774.462891,-63.315,18.415735,0.000000,0.000,-12.714,-12.014,0.000000
10811.754883,-63.283,1.997494,0.000000,0.000,-12.716,-12.016,0.000000
10849.185547,-63.359,-4.521301,0.000000,0.000,-12.719,-12.018,0.000000
10886.736328,-63.443,30.112591,0.000000,0.000,-12.721,-12.020,0.000000
10924.427734,-63.528,-1.442668,0.000000,0.000,-12.724,-12.022,0.000000
10962.238281,-63.510,-67.247360,0.000000,0.000,-12.726,-12.024,0.000000
11000.190430,-63.518,-53.404457,0.000000,0.000,-12.728,-12.026,0.000000
11038.263672,-63.515,-77.920105,0.000000,0.000,-12.731,-12.028,0.000000
11076.468750,-63.666,-94.192505,0.000000,0.000,-12.733,-12.030,0.000000
11114.816406,-63.600,-134.694412,0.000000,0.000,-12.736,-12.032,0.000000
11153.296875,-63.512,-113.739761,0.000000,0.000,-12.738,-12.034,0.000000
11191.900391,-63.493,-121.144806,0.000000,0.000,-12.740,-12.036,0.000000
11230.636719,-63.458,-129.915985,0.000000,0.000,-12.743,-12.038,0.000000
11269.518555,-63.475,-111.701820,0.000000,0.000,-12.745,-12.040,0.000000
11308.523438,-63.418,-85.658920,0.000000,0.000,-12.748,-12.042,0.000000
11347.674805,-63.496,-90.449020,0.000000,0.000,-12.750,-12.045,0.000000
11386.951172,-63.378,-104.951538,0.000000,0.000,-12.753,-12.047,0.000000
11426.373047,-63.407,-80.392967,0.000000,0.000,-12.755,-12.049,0.000000
11465.921875,-63.526,-74.294746,0.000000,0.000,-12.758,-12.051,0.000000
11505.606445,-63.565,-54.416710,0.000000,0.000,-12.760,-12.053,0.000000
11545.440430,-63.564,-69.503883,0.000000,0.000,-12.763,-12.055,0.000000
11585.412109,-63.612,-68.306511,0.000000,0.000,-12.765,-12.057,0.000000
11625.521484,-63.703,-82.809624,0.000000,0.000,-12.768,-12.060,0.000000
11665.748047,-63.667,-80.800087,0.000000,0.000,-12.770,-12.062,0.000000
11706.135742,-63.726,-71.247002,0.000000,0.000,-12.773,-12.064,0.000000
11746.664062,-63.661,-65.477432,0.000000,0.000,-12.775,-12.066,0.000000
11787.320312,-63.593,-68.059113,0.000000,0.000,-12.778,-12.068,0.000000
11828.118164,-63.612,-93.895828,0.000000,0.000,-12.780,-12.071,0.000000
11869.068359,-63.468,-86.790810,0.000000,0.000,-12.783,-12.073,0.000000
11910.148438,-63.366,-84.290512,0.000000,0.000,-12.786,-12.075,0.000000
11951.382812,-63.301,-30.101316,0.000000,0.000,-12.788,-12.077,0.000000
11992.748047,-63.287,-4.257775,0.000000,0.000,-12.791,-12.079,0.000000
12034.268555,-63.214,-1.677119,0.000000,0.000,-12.793,-12.082,0.000000
12075.931641,-63.236,-21.278460,0.000000,0.000,-12.796,-12.084,0.000000
12117.716797,-63.263,9.634261,0.000000,0.000,-12.799,-12.086,0.000000
12159.669922,-63.210,31.056570,0.000000,0.000,-12.801,-12.088,0.000000
12201.767578,-63.235,22.290707,0.000000,0.000,-12.804,-12.091,0.000000
12243.999023,-63.146,28.511295,0.000000,0.000,-12.807,-12.093,0.000000
12286.377930,-63.118,19.008163,0.000000,0.000,-12.809,-12.095,0.000000
12328.914062,-63.045,-3.376678,0.000000,0.000,-12.812,-12.098,0.000000
12371.597656,-62.950,-12.339503,0.000000,0.000,-12.815,-12.100,0.000000
12414.417969,-62.909,-25.646328,0.000000,0.000,-12.817,-12.102,0.000000
12457.385742,-62.710,-14.090233,0.000000,0.000,-12.820,-12.104,0.000000
12500.514648,-62.543,-37.392994,0.000000,0.000,-12.823,-12.107,0.000000
12543.780273,-62.507,-32.264889,0.000000,0.000,-12.826,-12.109,0.000000
12587.196289,-62.356,-31.957323,0.000000,0.000,-12.828,-12.111,0.000000
12630.774414,-62.095,-7.187975,0.000000,0.000,-12.831,-12.114,0.000000
12674.502930,-61.764,-32.919495,0.000000,0.000,-12.834,-12.116,0.000000
12718.383789,-61.641,-37.576401,0.000000,0.000,-12.837,-12.119,0.000000
12762.391602,-61.497,-65.893478,0.000000,0.000,-12.839,-12.121,0.000000
12806.576172,-61.336,112.002716,0.000000,0.000,-12.842,-12.123,0.000000
12850.914062,-61.082,172.794144,0.000000,0.000,-12.845,-12.126,0.000000
12895.392578,-60.529,-169.449463,0.000000,0.000,-12.848,-12.128,0.000000
12940.025391,-59.770,153.660446,0.000000,0.000,-12.850,-12.131,0.000000
12984.825195,-58.689,119.048286,0.000000,0.000,-12.853,-12.133,0.000000
13029.767578,-57.665,132.095139,0.000000,0.000,-12.856,-12.135,0.000000
13074.876953,-56.572,57.382233,0.000000,0.000,-12.859,-12.138,0.000000
13120.131836,-55.346,99.754936,0.000000,0.000,-12.862,-12.140,0.000000
13165.554688,-54.376,-96.317139,0.000000,0.000,-12.865,-12.143,0.000000
13211.134766,-53.616,122.073875,0.000000,0.000,-12.868,-12.145,0.000000
13256.847656,-53.049,27.310600,0.000000,0.000,-12.870,-12.148,0.000000
13302.744141,-52.789,-62.255783,0.000000,0.000,-12.873,-12.150,0.000000
13348.799805,-52.873,2.640565,0.000000,0.000,-12.876,-12.153,0.000000
13395.001953,-52.946,-67.933235,0.000000,0.000,-12.879,-12.155,0.000000
13441.363281,-52.942,-90.062935,0.000000,0.000,-12.882,-12.158,0.000000
13487.899414,-52.835,-161.452698,0.000000,0.000,-12.885,-12.160,0.000000
13534.595703,-52.415,166.137741,0.000000,0.000,-12.888,-12.163,0.000000
13581.440430,-52.044,-169.579163,0.000000,0.000,-12.891,-12.165,0.000000
13628.447266,-51.395,158.918610,0.000000,0.000,-12.894,-12.168,0.000000
13675.630859,-50.895,176.954376,0.000000,0.000,-12.897,-12.170,0.000000
13722.976562,-50.348,155.190704,0.000000,0.000,-12.900,-12.173,0.000000
13770.473633,-49.958,101.257484,0.000000,0.000,-12.903,-12.175,0.000000
13818.135742,-49.788,99.133904,0.000000,0.000,-12.906,-12.178,0.000000
13865.975586,-50.029,106.432411,0.000000,0.000,-12.909,-12.181,0.000000
13913.980469,-50.483,91.426537,0.000000,0.000,-12.912,-12.183,0.000000
13962.125977,-51.294,65.727737,0.000000,0.000,-12.915,-12.186,0.000000
14010.463867,-52.346,105.096657,0.000000,0.000,-12.918,-12.188,0.000000
14058.969727,-53.510,124.109932,0.000000,0.000,-12.921,-12.191,0.000000
14107.628906,-54.907,125.360771,0.000000,0.000,-12.924,-12.194,0.000000
14156.458008,-56.343,102.436043,0.000000,0.000,-12.927,-12.196,0.000000
14205.468750,-57.740,90.193199,0.000000,0.000,-12.930,-12.199,0.000000
14254.635742,-58.992,72.722351,0.000000,0.000,-12.933,-12.201,0.000000
14303.986328,-60.143,45.910080,0.000000,0.000,-12.936,-12.204,0.000000
14353.495117,-60.943,69.067978,0.000000,0.000,-12.939,-12.207,0.000000
14403.188477,-61.391,81.998405,0.000000,0.000,-12.943,-12.209,0.000000
14453.052734,-61.722,96.513100,0.000000,0.000,-12.946,-12.212,0.000000
14503.063477,-61.663,89.359245,0.000000,0.000,-12.949,-12.215,0.000000
14553.274414,-61.618,71.889786,0.000000,0.000,-12.952,-12.218,0.000000
14603.659180,-61.750,92.811783,0.000000,0.000,-12.955,-12.220,0.000000
14654.218750,-61.570,76.664612,0.000000,0.000,-12.958,-12.223,0.000000
14704.924805,-61.599,131.444214,0.000000,0.000,-12.962,-12.226,0.000000
14755.834961,-61.572,174.629654,0.000000,0.000,-12.965,-12.229,0.000000
14806.920898,-61.358,-130.445053,0.000000,0.000,-12.968,-12.231,0.000000
14858.168945,-61.422,-89.113022,0.000000,0.000,-12.971,-12.234,0.000000
14909.609375,-61.675,-91.776886,0.000000,0.000,-12.975,-12.237,0.000000
14961.213867,-61.829,-178.834137,0.000000,0.000,-12.978,-12.240,0.000000
15013.010742,-62.005,-161.169830,0.000000,0.000,-12.981,-12.242,0.000000
15064.973633,-62.176,178.426010,0.000000,0.000,-12.984,-12.245,0.000000
15117.115234,-62.056,68.383530,0.000000,0.000,-12.988,-12.248,0.000000
15169.452148,-62.103,93.773888,0.000000,0.000,-12.991,-12.251,0.000000
15221.969727,-62.037,114.964653,0.000000,0.000,-12.994,-12.254,0.000000
15274.640625,-62.147,126.818649,0.000000,0.000,-12.997,-12.257,0.000000
15327.523438,-62.144,102.791924,0.000000,0.000,-13.001,-12.259,0.000000
15380.588867,-62.146,93.836273,0.000000,0.000,-13.004,-12.262,0.000000
15433.823242,-62.142,118.646751,0.000000,0.000,-13.008,-12.265,0.000000
15487.241211,-62.226,104.163528,0.000000,0.000,-13.011,-12.268,0.000000
15540.859375,-62.323,124.378883,0.000000,0.000,-13.014,-12.271,0.000000
15594.664062,-62.269,131.921753,0.000000,0.000,-13.018,-12.274,0.000000
15648.638672,-62.308,146.733246,0.000000,0.000,-13.021,-12.277,0.000000
15702.800781,-62.238,96.960045,0.000000,0.000,-13.024,-12.280,0.000000
15757.166016,-62.290,59.026115,0.000000,0.000,-13.028,-12.283,0.000000
15811.718750,-62.129,56.818771,0.000000,0.000,-13.031,-12.286,0.000000
15866.429688,-62.056,47.437298,0.000000,0.000,-13.035,-12.288,0.000000
15921.361328,-61.877,74.722801,0.000000,0.000,-13.038,-12.291,0.000000
15976.482422,-61.810,80.039711,0.000000,0.000,-13.042,-12.294,0.000000
16031.793945,-61.827,79.868401,0.000000,0.000,-13.045,-12.297,0.000000
16087.267578,-61.756,60.604645,0.000000,0.000,-13.049,-12.300,0.000000
16142.962891,-61.609,56.305759,0.000000,0.000,-13.052,-12.303,0.000000
16198.851562,-61.559,77.407883,0.000000,0.000,-13.056,-12.306,0.000000
16254.917969,-61.467,70.193863,0.000000,0.000,-13.059,-12.309,0.000000
16311.194336,-61.237,75.808403,0.000000,0.000,-13.063,-12.312,0.000000
16367.649414,-61.209,61.457661,0.000000,0.000,-13.066,-12.316,0.000000
16424.316406,-61.041,44.975227,0.000000,0.000,-13.070,-12.319,0.000000
16481.162109,-60.912,9.097439,0.000000,0.000,-13.073,-12.322,0.000000
16538.205078,-60.741,25.636915,0.000000,0.000,-13.077,-12.325,0.000000
16595.462891,-60.631,15.750799,0.000000,0.000,-13.081,-12.328,0.000000
16652.917969,-60.332,45.832558,0.000000,0.000,-13.084,-12.331,0.000000
16710.539062,-60.125,-9.663342,0.000000,0.000,-13.088,-12.334,0.000000
16768.392578,-59.825,-69.115166,0.000000,0.000,-13.092,-12.337,0.000000
16826.447266,-59.564,-20.838348,0.000000,0.000,-13.095,-12.340,0.000000
16884.685547,-59.287,-22.717136,0.000000,0.000,-13.099,-12.343,0.000000
16943.142578,-58.951,110.670982,0.000000,0.000,-13.103,-12.347,0.000000
17001.785156,-58.547,-105.753616,0.000000,0.000,-13.106,-12.350,0.000000
17060.646484,-58.281,-44.386494,0.000000,0.000,-13.110,-12.353,0.000000
17119.695312,-57.962,-77.695427,0.000000,0.000,-13.114,-12.356,0.000000
17178.949219,-57.695,-34.491959,0.000000,0.000,-13.117,-12.359,0.000000
17238.423828,-57.372,-23.977474,0.000000,0.000,-13.121,-12.362,0.000000
17298.105469,-57.088,-77.574120,0.000000,0.000,-13.125,-12.366,0.000000
17357.976562,-56.766,-91.393860,0.000000,0.000,-13.129,-12.369,0.000000
17418.054688,-56.459,-74.406219,0.000000,0.000,-13.132,-12.372,0.000000
17478.357422,-56.034,-36.238174,0.000000,0.000,-13.136,-12.375,0.000000
17538.869141,-55.690,-59.724335,0.000000,0.000,-13.140,-12.379,0.000000
17599.556641,-55.337,-54.456657,0.000000,0.000,-13.144,-12.382,0.000000
17660.488281,-54.855,-42.404476,0.000000,0.000,-13.148,-12.385,0.000000
17721.630859,-54.528,-36.818974,0.000000,0.000,-13.152,-12.389,0.000000
17782.968750,-54.119,6.740970,0.000000,0.000,-13.155,-12.392,0.000000
17844.535156,-53.695,-2.468937,0.000000,0.000,-13.159,-12.395,0.000000
17906.296875,-53.224,-3.772100,0.000000,0.000,-13.163,-12.399,0.000000
17968.291016,-52.809,-140.576035,0.000000,0.000,-13.167,-12.402,0.000000
18030.480469,-52.286,142.677124,0.000000,0.000,-13.171,-12.405,0.000000
18092.886719,-51.713,89.010498,0.000000,0.000,-13.175,-12.409,0.000000
18155.525391,-51.128,97.136009,0.000000,0.000,-13.179,-12.412,0.000000
18218.382812,-50.530,106.239212,0.000000,0.000,-13.183,-12.415,0.000000
18281.421875,-49.986,99.584473,0.000000,0.000,-13.187,-12.419,0.000000
18344.712891,-49.485,75.468605,0.000000,0.000,-13.191,-12.422,0.000000
18408.224609,-48.813,56.428795,0.000000,0.000,-13.195,-12.426,0.000000
18471.955078,-48.005,45.163692,0.000000,0.000,-13.199,-12.429,0.000000
18535.888672,-47.192,42.014542,0.000000,0.000,-13.203,-12.433,0.000000
18600.044922,-46.312,59.477200,0.000000,0.000,-13.207,-12.436,0.000000
18664.439453,-45.482,40.610554,0.000000,0.000,-13.211,-12.439,0.000000
18729.041016,-44.491,44.608585,0.000000,0.000,-13.215,-12.443,0.000000
18793.880859,-43.601,60.958092,0.000000,0.000,-13.219,-12.446,0.000000
18858.929688,-42.492,83.965607,0.000000,0.000,-13.223,-12.450,0.000000
18924.220703,-41.330,94.900688,0.000000,0.000,-13.227,-12.453,0.000000
18989.720703,-40.178,98.268120,0.000000,0.000,-13.231,-12.457,0.000000
19055.447266,-38.883,76.776169,0.000000,0.000,-13.236,-12.461,0.000000
19121.417969,-37.436,63.443119,0.000000,0.000,-13.240,-12.464,0.000000
19187.619141,-36.315,56.178246,0.000000,0.000,-13.244,-12.468,0.000000
19254.029297,-35.758,74.862221,0.000000,0.000,-13.248,-12.471,0.000000
19320.669922,-35.156,2.264423,0.000000,0.000,-13.252,-12.475,0.000000
19387.560547,-34.503,-68.752586,0.000000,0.000,-13.256,-12.478,0.000000
19454.664062,-33.801,-95.659813,0.000000,0.000,-13.261,-12.482,0.000000
19522.017578,-32.996,-67.480637,0.000000,0.000,-13.265,-12.486,0.000000
19589.585938,-32.095,-110.539032,0.000000,0.000,-13.269,-12.489,0.000000
19657.406250,-31.037,-90.702110,0.000000,0.000,-13.273,-12.493,0.000000
19725.443359,-200.000,0.000000,0.000000,0.000,-13.278,-12.497,0.000000
19793.716797,-200.000,0.000000,0.000000,0.000,-13.282,-12.500,0.000000
19862.244141,-200.000,0.000000,0.000000,0.000,-13.286,-12.504,0.000000
19931.009766,-200.000,0.000000,0.000000,0.000,-13.291,-12.508,0.000000
19999.974609,-200.000,0.000000,0.000000,0.000,-13.295,-12.512,0.000000
