frequency_hz,spl_db,phase_deg,thd_percent,rt60_ms,c50_db,c80_db,group_delay_ms
20.000000,-200.000,0.000000,0.000000,0.000,-22.667,-20.340,0.000000
20.069233,-200.000,0.000000,0.000000,0.000,-22.667,-20.340,0.000000
20.138704,-200.000,0.000000,0.000000,0.000,-22.667,-20.340,0.000000
20.208418,-200.000,0.000000,0.000000,0.000,-22.667,-20.340,0.000000
20.278366,-200.000,0.000000,0.000000,0.000,-22.667,-20.340,0.000000
20.348562,-200.000,0.000000,0.000000,0.000,-22.667,-20.340,0.000000
20.419001,-200.000,0.000000,0.000000,0.000,-22.667,-20.340,0.000000
20.489683,-200.000,0.000000,0.000000,0.000,-22.667,-20.340,0.000000
20.560612,-200.000,0.000000,0.000000,0.000,-22.667,-20.340,0.000000
20.631784,-200.000,0.000000,0.000000,0.000,-22.667,-20.340,0.000000
20.703203,-200.000,0.000000,0.000000,0.000,-22.667,-20.340,0.000000
20.774866,-200.000,0.000000,0.000000,0.000,-22.667,-20.340,0.000000
20.846781,-200.000,0.000000,0.000000,0.000,-22.667,-20.340,0.000000
20.918943,-200.000,0.000000,0.000000,0.000,-22.667,-20.340,0.000000
20.991358,-200.000,0.000000,0.000000,0.000,-22.667,-20.340,0.000000
21.064020,-200.000,0.000000,0.000000,0.000,-22.667,-20.340,0.000000
21.136936,-200.000,0.000000,0.000000,0.000,-22.667,-20.340,0.000000
21.210104,-200.000,0.000000,0.000000,0.000,-22.667,-20.340,0.000000
21.283520,-200.000,0.000000,0.000000,0.000,-22.667,-20.340,0.000000
21.357197,-200.000,0.000000,0.000000,0.000,-22.667,-20.340,0.000000
21.431126,-200.000,0.000000,0.000000,0.000,-22.667,-20.340,0.000000
21.505312,-200.000,0.000000,0.000000,0.000,-22.667,-20.340,0.000000
21.579756,-200.000,0.000000,0.000000,0.000,-22.667,-20.340,0.000000
21.654457,-200.000,0.000000,0.000000,0.000,-22.667,-20.340,0.000000
21.729416,-200.000,0.000000,0.000000,0.000,-22.667,-20.340,0.000000
21.804630,-200.000,0.000000,0.000000,0.000,-22.667,-20.340,0.000000
21.880110,-200.000,0.000000,0.000000,0.000,-22.667,-20.340,0.000000
21.955851,-200.000,0.000000,0.000000,0.000,-22.667,-20.340,0.000000
22.031853,-200.000,0.000000,0.000000,0.000,-22.667,-20.340,0.000000
22.108118,-200.000,0.000000,0.000000,0.000,-22.667,-20.340,0.000000
22.184649,-200.000,0.000000,0.000000,0.000,-22.667,-20.340,0.000000
22.261442,-200.000,0.000000,0.000000,0.000,-22.667,-20.340,0.000000
22.338503,-200.000,0.000000,0.000000,0.000,-22.667,-20.340,0.000000
22.415825,-200.000,0.000000,0.000000,0.000,-22.667,-20.340,0.000000
22.493420,-200.000,0.000000,0.000000,0.000,-22.667,-20.340,0.000000
22.571283,-200.000,0.000000,0.000000,0.000,-22.667,-20.340,0.000000
22.649418,-200.000,0.000000,0.000000,0.000,-22.667,-20.340,0.000000
22.727821,-200.000,0.000000,0.000000,0.000,-22.667,-20.340,0.000000
22.806496,-200.000,0.000000,0.000000,0.000,-22.667,-20.340,0.000000
22.885437,-200.000,0.000000,0.000000,0.000,-22.667,-20.340,0.000000
22.964659,-200.000,0.000000,0.000000,0.000,-22.667,-20.340,0.000000
23.044153,-200.000,0.000000,0.000000,0.000,-22.667,-20.340,0.000000
23.123922,-200.000,0.000000,0.000000,0.000,-22.667,-20.340,0.000000
23.203970,-200.000,0.000000,0.000000,0.000,-22.667,-20.340,0.000000
23.284292,-200.000,0.000000,0.000000,0.000,-22.667,-20.340,0.000000
23.364893,-200.000,0.000000,0.000000,0.000,-22.667,-20.340,0.000000
23.445774,-200.000,0.000000,0.000000,0.000,-22.667,-20.340,0.000000
23.526928,-200.000,0.000000,0.000000,0.000,-22.667,-20.340,0.000000
23.608370,-200.000,0.000000,0.000000,0.000,-22.667,-20.340,0.000000
23.690092,-200.000,0.000000,0.000000,0.000,-22.667,-20.340,0.000000
23.772099,-200.000,0.000000,0.000000,0.000,-22.667,-20.340,0.000000
23.854389,-200.000,0.000000,0.000000,0.000,-22.667,-20.340,0.000000
23.936964,-200.000,0.000000,0.000000,0.000,-22.667,-20.340,0.000000
24.019825,-200.000,0.000000,0.000000,0.000,-22.667,-20.340,0.000000
24.102966,-200.000,0.000000,0.000000,0.000,-22.667,-20.340,0.000000
24.186401,-200.000,0.000000,0.000000,0.000,-22.667,-20.340,0.000000
24.270124,-200.000,0.000000,0.000000,0.000,-22.667,-20.340,0.000000
24.354139,-200.000,0.000000,0.000000,0.000,-22.667,-20.340,0.000000
24.438444,-200.000,0.000000,0.000000,0.000,-22.667,-20.340,0.000000
24.523041,-200.000,0.000000,0.000000,0.000,-22.667,-20.340,0.000000
24.607929,-200.000,0.000000,0.000000,0.000,-22.667,-20.340,0.000000
24.693108,-200.000,0.000000,0.000000,0.000,-22.667,-20.340,0.000000
24.778585,-200.000,0.000000,0.000000,0.000,-22.667,-20.340,0.000000
24.864359,-200.000,0.000000,0.000000,0.000,-22.667,-20.340,0.000000
24.950430,-200.000,0.000000,0.000000,0.000,-22.667,-20.340,0.000000
25.036798,-200.000,0.000000,0.000000,0.000,-22.667,-20.340,0.000000
25.123466,-200.000,0.000000,0.000000,0.000,-22.667,-20.340,0.000000
25.210434,-200.000,0.000000,0.000000,0.000,-22.667,-20.340,0.000000
25.297697,-200.000,0.000000,0.000000,0.000,-22.667,-20.340,0.000000
25.385267,-200.000,0.000000,0.000000,0.000,-22.667,-20.340,0.000000
25.473143,-200.000,0.000000,0.000000,0.000,-22.667,-20.340,0.000000
25.561321,-200.000,0.000000,0.000000,0.000,-22.667,-20.340,0.000000
25.649803,-200.000,0.000000,0.000000,0.000,-22.667,-20.340,0.000000
25.738594,-200.000,0.000000,0.000000,0.000,-22.667,-20.340,0.000000
25.827690,-200.000,0.000000,0.000000,0.000,-22.667,-20.340,0.000000
25.917089,-200.000,0.000000,0.000000,0.000,-22.667,-20.340,0.000000
26.006805,-200.000,0.000000,0.000000,0.000,-22.667,-20.340,0.000000
26.096830,-200.000,0.000000,0.000000,0.000,-22.667,-20.340,0.000000
26.187168,-200.000,0.000000,0.000000,0.000,-22.667,-20.340,0.000000
26.277819,-200.000,0.000000,0.000000,0.000,-22.667,-20.340,0.000000
26.368782,-200.000,0.000000,0.000000,0.000,-22.667,-20.340,0.000000
26.460054,-200.000,0.000000,0.000000,0.000,-22.667,-20.340,0.000000
26.551649,-200.000,0.000000,0.000000,0.000,-22.667,-20.340,0.000000
26.643560,-200.000,0.000000,0.000000,0.000,-22.667,-20.340,0.000000
26.735790,-200.000,0.000000,0.000000,0.000,-22.667,-20.340,0.000000
26.828339,-200.000,0.000000,0.000000,0.000,-22.667,-20.340,0.000000
26.921207,-200.000,0.000000,0.000000,0.000,-22.667,-20.340,0.000000
27.014399,-200.000,0.000000,0.000000,0.000,-22.667,-20.340,0.000000
27.107912,-200.000,0.000000,0.000000,0.000,-22.667,-20.340,0.000000
27.201744,-200.000,0.000000,0.000000,0.000,-22.667,-20.340,0.000000
27.295906,-200.000,0.000000,0.000000,0.000,-22.667,-20.340,0.000000
27.390394,-200.000,0.000000,0.000000,0.000,-22.667,-20.340,0.000000
27.485209,-200.000,0.000000,0.000000,0.000,-22.667,-20.340,0.000000
27.580351,-200.000,0.000000,0.000000,0.000,-22.667,-20.340,0.000000
27.675825,-200.000,0.000000,0.000000,0.000,-22.667,-20.340,0.000000
27.771622,-200.000,0.000000,0.000000,0.000,-22.667,-20.340,0.000000
27.867756,-200.000,0.000000,0.000000,0.000,-22.667,-20.340,0.000000
27.964224,-200.000,0.000000,0.000000,0.000,-22.667,-20.340,0.000000
28.061024,-200.000,0.000000,0.000000,0.000,-22.667,-20.340,0.000000
28.158161,-200.000,0.000000,0.000000,0.000,-22.667,-20.340,0.000000
28.255634,-200.000,0.000000,0.000000,0.000,-22.667,-20.340,0.000000
28.353443,-200.000,0.000000,0.000000,0.000,-22.667,-20.340,0.000000
28.451593,-200.000,0.000000,0.000000,0.000,-22.667,-20.340,0.000000
28.550081,-200.000,0.000000,0.000000,0.000,-22.667,-20.340,0.000000
28.648903,-200.000,0.000000,0.000000,0.000,-22.667,-20.340,0.000000
28.748075,-200.000,0.000000,0.000000,0.000,-22.667,-20.340,0.000000
28.847589,-200.000,0.000000,0.000000,0.000,-22.667,-20.340,0.000000
28.947449,-200.000,0.000000,0.000000,0.000,-22.667,-20.340,0.000000
29.047655,-200.000,0.000000,0.000000,0.000,-22.667,-20.340,0.000000
29.148207,-200.000,0.000000,0.000000,0.000,-22.667,-20.340,0.000000
29.249100,-200.000,0.000000,0.000000,0.000,-22.667,-20.340,0.000000
29.350348,-200.000,0.000000,0.000000,0.000,-22.667,-20.340,0.000000
29.451948,-200.000,0.000000,0.000000,0.000,-22.667,-20.340,0.000000
29.553900,-200.000,0.000000,0.000000,0.000,-22.667,-20.340,0.000000
29.656204,-200.000,0.000000,0.000000,0.000,-22.667,-20.340,0.000000
29.758862,-200.000,0.000000,0.000000,0.000,-22.667,-20.340,0.000000
29.861876,-200.000,0.000000,0.000000,0.000,-22.667,-20.340,0.000000
29.965246,-200.000,0.000000,0.000000,0.000,-22.667,-20.340,0.000000
30.068968,-200.000,0.000000,0.000000,0.000,-22.667,-20.340,0.000000
30.173054,-200.000,0.000000,0.000000,0.000,-22.667,-20.340,0.000000
30.277502,-200.000,0.000000,0.000000,0.000,-22.667,-20.340,0.000000
30.382311,-200.000,0.000000,0.000000,0.000,-22.667,-20.340,0.000000
30.487482,-200.000,0.000000,0.000000,0.000,-22.667,-20.340,0.000000
30.593019,-200.000,0.000000,0.000000,0.000,-22.667,-20.340,0.000000
30.698914,-200.000,0.000000,0.000000,0.000,-22.667,-20.340,0.000000
30.805182,-200.000,0.000000,0.000000,0.000,-22.667,-20.340,0.000000
30.911816,-200.000,0.000000,0.000000,0.000,-22.667,-20.340,0.000000
31.018822,-200.000,0.000000,0.000000,0.000,-22.667,-20.340,0.000000
31.126196,-200.000,0.000000,0.000000,0.000,-22.667,-20.340,0.000000
31.233944,-200.000,0.000000,0.000000,0.000,-22.667,-20.340,0.000000
31.342064,-200.000,0.000000,0.000000,0.000,-22.667,-20.340,0.000000
31.450558,-200.000,0.000000,0.000000,0.000,-22.667,-20.340,0.000000
31.559420,-200.000,0.000000,0.000000,0.000,-22.667,-20.340,0.000000
31.668667,-200.000,0.000000,0.000000,0.000,-22.667,-20.340,0.000000
31.778292,-200.000,0.000000,0.000000,0.000,-22.667,-20.340,0.000000
31.888296,-200.000,0.000000,0.000000,0.000,-22.667,-20.340,0.000000
31.998680,-200.000,0.000000,0.000000,0.000,-22.667,-20.340,0.000000
32.109447,-200.000,0.000000,0.000000,0.000,-22.667,-20.340,0.000000
32.220600,-200.000,0.000000,0.000000,0.000,-22.667,-20.340,0.000000
32.332127,-200.000,0.000000,0.000000,0.000,-22.667,-20.340,0.000000
32.444046,-200.000,0.000000,0.000000,0.000,-22.667,-20.340,0.000000
32.556355,-200.000,0.000000,0.000000,0.000,-22.667,-20.340,0.000000
32.669052,-200.000,0.000000,0.000000,0.000,-22.667,-20.340,0.000000
32.782143,-200.000,0.000000,0.000000,0.000,-22.667,-20.340,0.000000
32.895622,-200.000,0.000000,0.000000,0.000,-22.667,-20.340,0.000000
33.009491,-200.000,0.000000,0.000000,0.000,-22.667,-20.340,0.000000
33.123760,-200.000,0.000000,0.000000,0.000,-22.667,-20.340,0.000000
33.238411,-200.000,0.000000,0.000000,0.000,-22.667,-20.340,0.000000
33.353470,-200.000,0.000000,0.000000,0.000,-22.667,-20.340,0.000000
33.468929,-200.000,0.000000,0.000000,0.000,-22.667,-20.340,0.000000
33.584785,-200.000,0.000000,0.000000,0.000,-22.667,-20.340,0.000000
33.701042,-200.000,0.000000,0.000000,0.000,-22.667,-20.340,0.000000
33.817696,-200.000,0.000000,0.000000,0.000,-22.667,-20.340,0.000000
33.934757,-200.000,0.000000,0.000000,0.000,-22.667,-20.340,0.000000
34.052227,-200.000,0.000000,0.000000,0.000,-22.667,-20.340,0.000000
34.170105,-200.000,0.000000,0.000000,0.000,-22.667,-20.340,0.000000
34.288387,-200.000,0.000000,0.000000,0.000,-22.667,-20.340,0.000000
34.407082,-200.000,0.000000,0.000000,0.000,-22.667,-20.340,0.000000
34.526184,-200.000,0.000000,0.000000,0.000,-22.667,-20.340,0.000000
34.645702,-200.000,0.000000,0.000000,0.000,-22.667,-20.340,0.000000
34.765621,-200.000,0.000000,0.000000,0.000,-22.667,-20.340,0.000000
34.885967,-200.000,0.000000,0.000000,0.000,-22.667,-20.340,0.000000
35.006729,-200.000,0.000000,0.000000,0.000,-22.667,-20.340,0.000000
35.127911,-200.000,0.000000,0.000000,0.000,-22.667,-20.340,0.000000
35.249508,-200.000,0.000000,0.000000,0.000,-22.667,-20.340,0.000000
35.371529,-200.000,0.000000,0.000000,0.000,-22.667,-20.340,0.000000
35.493965,-200.000,0.000000,0.000000,0.000,-22.667,-20.340,0.000000
35.616829,-200.000,0.000000,0.000000,0.000,-22.667,-20.340,0.000000
35.740120,-200.000,0.000000,0.000000,0.000,-22.667,-20.340,0.000000
35.863842,-200.000,0.000000,0.000000,0.000,-22.667,-20.340,0.000000
35.987988,-200.000,0.000000,0.000000,0.000,-22.667,-20.340,0.000000
36.112564,-200.000,0.000000,0.000000,0.000,-22.667,-20.340,0.000000
36.237572,-200.000,0.000000,0.000000,0.000,-22.667,-20.340,0.000000
36.363010,-200.000,0.000000,0.000000,0.000,-22.667,-20.340,0.000000
36.488888,-200.000,0.000000,0.000000,0.000,-22.667,-20.340,0.000000
36.615189,-200.000,0.000000,0.000000,0.000,-22.667,-20.340,0.000000
36.741936,-200.000,0.000000,0.000000,0.000,-22.667,-20.340,0.000000
36.869122,-200.000,0.000000,0.000000,0.000,-22.667,-20.340,0.000000
36.996750,-200.000,0.000000,0.000000,0.000,-22.667,-20.340,0.000000
37.124817,-200.000,0.000000,0.000000,0.000,-22.667,-20.340,0.000000
37.253323,-200.000,0.000000,0.000000,0.000,-22.667,-20.340,0.000000
37.382278,-200.000,0.000000,0.000000,0.000,-22.667,-20.340,0.000000
37.511681,-200.000,0.000000,0.000000,0.000,-22.667,-20.340,0.000000
37.641533,-200.000,0.000000,0.000000,0.000,-22.667,-20.340,0.000000
37.771832,-200.000,0.000000,0.000000,0.000,-22.667,-20.340,0.000000
37.902584,-200.000,0.000000,0.000000,0.000,-22.667,-20.340,0.000000
38.033791,-200.000,0.000000,0.000000,0.000,-22.667,-20.340,0.000000
38.165447,-200.000,0.000000,0.000000,0.000,-22.667,-20.340,0.000000
38.297562,-200.000,0.000000,0.000000,0.000,-22.667,-20.340,0.000000
38.430122,-200.000,0.000000,0.000000,0.000,-22.667,-20.340,0.000000
38.563152,-200.000,0.000000,0.000000,0.000,-22.667,-20.340,0.000000
38.696644,-200.000,0.000000,0.000000,0.000,-22.667,-20.340,0.000000
38.830597,-200.000,0.000000,0.000000,0.000,-22.667,-20.340,0.000000
38.965015,-200.000,0.000000,0.000000,0.000,-22.667,-20.340,0.000000
39.099895,-200.000,0.000000,0.000000,0.000,-22.667,-20.340,0.000000
39.235237,-200.000,0.000000,0.000000,0.000,-22.667,-20.340,0.000000
39.371052,-200.000,0.000000,0.000000,0.000,-22.667,-20.340,0.000000
39.507339,-200.000,0.000000,0.000000,0.000,-22.667,-20.340,0.000000
39.644100,-200.000,0.000000,0.000000,0.000,-22.667,-20.340,0.000000
39.781334,-200.000,0.000000,0.000000,0.000,-22.667,-20.340,0.000000
39.919041,-200.000,0.000000,0.000000,0.000,-22.667,-20.340,0.000000
40.057224,-200.000,0.000000,0.000000,0.000,-22.667,-20.340,0.000000
40.195889,-200.000,0.000000,0.000000,0.000,-22.667,-20.340,0.000000
40.335030,-200.000,0.000000,0.000000,0.000,-22.667,-20.340,0.000000
40.474644,-200.000,0.000000,0.000000,0.000,-22.667,-20.340,0.000000
40.614754,-200.000,0.000000,0.000000,0.000,-22.667,-20.340,0.000000
40.755344,-200.000,0.000000,0.000000,0.000,-22.667,-20.340,0.000000
40.896423,-200.000,0.000000,0.000000,0.000,-22.667,-20.340,0.000000
41.037983,-200.000,0.000000,0.000000,0.000,-22.667,-20.340,0.000000
41.180042,-200.000,0.000000,0.000000,0.000,-22.667,-20.340,0.000000
41.322590,-200.000,0.000000,0.000000,0.000,-22.667,-20.340,0.000000
41.465633,-200.000,0.000000,0.000000,0.000,-22.667,-20.340,0.000000
41.609173,-200.000,0.000000,0.000000,0.000,-22.667,-20.340,0.000000
41.753204,-200.000,0.000000,0.000000,0.000,-22.667,-20.340,0.000000
41.897739,-200.000,0.000000,0.000000,0.000,-22.667,-20.340,0.000000
42.042774,-200.000,0.000000,0.000000,0.000,-22.667,-20.340,0.000000
42.188309,-200.000,0.000000,0.000000,0.000,-22.667,-20.340,0.000000
42.334339,-200.000,0.000000,0.000000,0.000,-22.667,-20.340,0.000000
42.480885,-200.000,0.000000,0.000000,0.000,-22.667,-20.340,0.000000
42.627937,-200.000,0.000000,0.000000,0.000,-22.667,-20.340,0.000000
42.775497,-200.000,0.000000,0.000000,0.000,-22.667,-20.340,0.000000
42.923573,-200.000,0.000000,0.000000,0.000,-22.667,-20.340,0.000000
43.072155,-200.000,0.000000,0.000000,0.000,-22.667,-20.340,0.000000
43.221245,-200.000,0.000000,0.000000,0.000,-22.667,-20.340,0.000000
43.370861,-200.000,0.000000,0.000000,0.000,-22.667,-20.340,0.000000
43.520992,-200.000,0.000000,0.000000,0.000,-22.667,-20.340,0.000000
43.671646,-200.000,0.000000,0.000000,0.000,-22.667,-20.340,0.000000
43.822823,-200.000,0.000000,0.000000,0.000,-22.667,-20.340,0.000000
43.974518,-200.000,0.000000,0.000000,0.000,-22.667,-20.340,0.000000
44.126743,-200.000,0.000000,0.000000,0.000,-22.667,-20.340,0.000000
44.279491,-200.000,0.000000,0.000000,0.000,-22.667,-20.340,0.000000
44.432770,-200.000,0.000000,0.000000,0.000,-22.667,-20.340,0.000000
44.586567,-200.000,0.000000,0.000000,0.000,-22.667,-20.340,0.000000
44.740910,-200.000,0.000000,0.000000,0.000,-22.667,-20.340,0.000000
44.895786,-200.000,0.000000,0.000000,0.000,-22.667,-20.340,0.000000
45.051197,-200.000,0.000000,0.000000,0.000,-22.667,-20.340,0.000000
45.207138,-200.000,0.000000,0.000000,0.000,-22.667,-20.340,0.000000
45.363636,-200.000,0.000000,0.000000,0.000,-22.667,-20.340,0.000000
45.520660,-200.000,0.000000,0.000000,0.000,-22.667,-20.340,0.000000
45.678234,-200.000,0.000000,0.000000,0.000,-22.667,-20.340,0.000000
45.836353,-200.000,0.000000,0.000000,0.000,-22.667,-20.340,0.000000
45.995022,-200.000,0.000000,0.000000,0.000,-22.667,-20.340,0.000000
46.154240,-200.000,0.000000,0.000000,0.000,-22.667,-20.340,0.000000
46.314007,-200.000,0.000000,0.000000,0.000,-22.667,-20.340,0.000000
46.474327,-200.000,0.000000,0.000000,0.000,-22.667,-20.340,0.000000
46.635193,-200.000,0.000000,0.000000,0.000,-22.667,-20.340,0.000000
46.796627,-200.000,0.000000,0.000000,0.000,-22.667,-20.340,0.000000
46.958618,-200.000,0.000000,0.000000,0.000,-22.667,-20.340,0.000000
47.121170,-200.000,0.000000,0.000000,0.000,-22.667,-20.340,0.000000
47.284286,-200.000,0.000000,0.000000,0.000,-22.667,-20.340,0.000000
47.447968,-200.000,0.000000,0.000000,0.000,-22.667,-20.340,0.000000
47.612202,-200.000,0.000000,0.000000,0.000,-22.667,-20.340,0.000000
47.777020,-200.000,0.000000,0.000000,0.000,-22.667,-20.340,0.000000
47.942402,-200.000,0.000000,0.000000,0.000,-22.667,-20.340,0.000000
48.108360,-200.000,0.000000,0.000000,0.000,-22.667,-20.340,0.000000
48.274895,-200.000,0.000000,0.000000,0.000,-22.667,-20.340,0.000000
48.442005,-200.000,0.000000,0.000000,0.000,-22.667,-20.340,0.000000
48.609692,-200.000,0.000000,0.000000,0.000,-22.667,-20.340,0.000000
48.777958,-200.000,0.000000,0.000000,0.000,-22.667,-20.340,0.000000
48.946812,-200.000,0.000000,0.000000,0.000,-22.667,-20.340,0.000000
49.116234,-200.000,0.000000,0.000000,0.000,-22.667,-20.340,0.000000
49.286255,-200.000,0.000000,0.000000,0.000,-22.667,-20.340,0.000000
49.456863,-200.000,0.000000,0.000000,0.000,-22.667,-20.340,0.000000
49.628067,-200.000,0.000000,0.000000,0.000,-22.667,-20.340,0.000000
49.799858,-200.000,0.000000,0.000000,0.000,-22.667,-20.340,0.000000
49.972248,-200.000,0.000000,0.000000,0.000,-22.667,-20.340,0.000000
50.145218,-200.000,0.000000,0.000000,0.000,-22.667,-20.340,0.000000
50.318802,-200.000,0.000000,0.000000,0.000,-22.667,-20.340,0.000000
50.492989,-200.000,0.000000,0.000000,0.000,-22.667,-20.340,0.000000
50.667774,-200.000,0.000000,0.000000,0.000,-22.667,-20.340,0.000000
50.843166,-200.000,0.000000,0.000000,0.000,-22.667,-20.340,0.000000
51.019169,-200.000,0.000000,0.000000,0.000,-22.667,-20.340,0.000000
51.195774,-200.000,0.000000,0.000000,0.000,-22.667,-20.340,0.000000
51.372997,-200.000,0.000000,0.000000,0.000,-22.667,-20.340,0.000000
51.550816,-200.000,0.000000,0.000000,0.000,-22.667,-20.340,0.000000
51.729267,-200.000,0.000000,0.000000,0.000,-22.667,-20.340,0.000000
51.908333,-200.000,0.000000,0.000000,0.000,-22.667,-20.340,0.000000
52.088020,-200.000,0.000000,0.000000,0.000,-22.667,-20.340,0.000000
52.268330,-200.000,0.000000,0.000000,0.000,-22.667,-20.340,0.000000
52.449261,-200.000,0.000000,0.000000,0.000,-22.667,-20.340,0.000000
52.630810,-200.000,0.000000,0.000000,0.000,-22.667,-20.340,0.000000
52.812996,-200.000,0.000000,0.000000,0.000,-22.667,-20.340,0.000000
52.995815,-200.000,0.000000,0.000000,0.000,-22.667,-20.340,0.000000
53.179264,-200.000,0.000000,0.000000,0.000,-22.667,-20.340,0.000000
53.363350,-200.000,0.000000,0.000000,0.000,-22.667,-20.340,0.000000
53.548077,-200.000,0.000000,0.000000,0.000,-22.667,-20.340,0.000000
53.733437,-200.000,0.000000,0.000000,0.000,-22.667,-20.340,0.000000
53.919441,-200.000,0.000000,0.000000,0.000,-22.667,-20.340,0.000000
54.106079,-200.000,0.000000,0.000000,0.000,-22.667,-20.340,0.000000
54.293373,-200.000,0.000000,0.000000,0.000,-22.667,-20.340,0.000000
54.481316,-200.000,0.000000,0.000000,0.000,-22.667,-20.340,0.000000
54.669895,-200.000,0.000000,0.000000,0.000,-22.667,-20.340,0.000000
54.859169,-200.000,0.000000,0.000000,0.000,-22.667,-20.340,0.000000
55.049042,-200.000,0.000000,0.000000,0.000,-22.667,-20.340,0.000000
55.239601,-200.000,0.000000,0.000000,0.000,-22.667,-20.340,0.000000
55.430820,-200.000,0.000000,0.000000,0.000,-22.667,-20.340,0.000000
55.622700,-200.000,0.000000,0.000000,0.000,-22.667,-20.340,0.000000
55.815247,-200.000,0.000000,0.000000,0.000,-22.667,-20.340,0.000000
56.008457,-200.000,0.000000,0.000000,0.000,-22.667,-20.340,0.000000
56.202335,-200.000,0.000000,0.000000,0.000,-22.667,-20.340,0.000000
56.396889,-200.000,0.000000,0.000000,0.000,-22.667,-20.340,0.000000
56.592110,-200.000,0.000000,0.000000,0.000,-22.667,-20.340,0.000000
56.788010,-200.000,0.000000,0.000000,0.000,-22.667,-20.340,0.000000
56.984589,-200.000,0.000000,0.000000,0.000,-22.667,-20.340,0.000000
57.181820,-200.000,0.000000,0.000000,0.000,-22.667,-20.340,0.000000
57.379791,-200.000,0.000000,0.000000,0.000,-22.667,-20.340,0.000000
57.578388,-200.000,0.000000,0.000000,0.000,-22.667,-20.340,0.000000
57.777702,-200.000,0.000000,0.000000,0.000,-22.667,-20.340,0.000000
57.977707,-200.000,0.000000,0.000000,0.000,-22.667,-20.340,0.000000
58.178406,-200.000,0.000000,0.000000,0.000,-22.667,-20.340,0.000000
58.379795,-200.000,0.000000,0.000000,0.000,-22.667,-20.340,0.000000
58.581886,-200.000,0.000000,0.000000,0.000,-22.667,-20.340,0.000000
58.784672,-200.000,0.000000,0.000000,0.000,-22.667,-20.340,0.000000
58.988163,-200.000,0.000000,0.000000,0.000,-22.667,-20.340,0.000000
59.192356,-200.000,0.000000,0.000000,0.000,-22.667,-20.340,0.000000
59.397259,-200.000,0.000000,0.000000,0.000,-22.667,-20.340,0.000000
59.602867,-200.000,0.000000,0.000000,0.000,-22.667,-20.340,0.000000
59.809193,-200.000,0.000000,0.000000,0.000,-22.667,-20.340,0.000000
60.016228,-200.000,0.000000,0.000000,0.000,-22.667,-20.340,0.000000
60.223953,-200.000,0.000000,0.000000,0.000,-22.667,-20.340,0.000000
60.432423,-200.000,0.000000,0.000000,0.000,-22.667,-20.340,0.000000
60.641617,-200.000,0.000000,0.000000,0.000,-22.667,-20.340,0.000000
60.851536,-200.000,0.000000,0.000000,0.000,-22.667,-20.340,0.000000
61.062180,-200.000,0.000000,0.000000,0.000,-22.667,-20.340,0.000000
61.273556,-200.000,0.000000,0.000000,0.000,-22.667,-20.340,0.000000
61.485661,-200.000,0.000000,0.000000,0.000,-22.667,-20.340,0.000000
61.698502,-200.000,0.000000,0.000000,0.000,-22.667,-20.340,0.000000
61.912075,-200.000,0.000000,0.000000,0.000,-22.667,-20.340,0.000000
62.126392,-200.000,0.000000,0.000000,0.000,-22.667,-20.340,0.000000
62.341450,-200.000,0.000000,0.000000,0.000,-22.667,-20.340,0.000000
62.557251,-200.000,0.000000,0.000000,0.000,-22.667,-20.340,0.000000
62.773800,-200.000,0.000000,0.000000,0.000,-22.667,-20.340,0.000000
62.991070,-200.000,0.000000,0.000000,0.000,-22.667,-20.340,0.000000
63.209152,-200.000,0.000000,0.000000,0.000,-22.669,-20.341,0.000000
63.427925,-200.000,0.000000,0.000000,0.000,-22.672,-20.342,0.000000
63.647522,-200.000,0.000000,0.000000,0.000,-22.674,-20.343,0.000000
63.867813,-200.000,0.000000,0.000000,0.000,-22.676,-20.344,0.000000
64.088898,-200.000,0.000000,0.000000,0.000,-22.679,-20.345,0.000000
64.310753,-200.000,0.000000,0.000000,0.000,-22.681,-20.347,0.000000
64.533371,-200.000,0.000000,0.000000,0.000,-22.684,-20.348,0.000000
64.756760,-200.000,0.000000,0.000000,0.000,-22.686,-20.349,0.000000
64.980919,-200.000,0.000000,0.000000,0.000,-22.689,-20.350,0.000000
65.205864,-200.000,0.000000,0.000000,0.000,-22.691,-20.351,0.000000
65.431580,-200.000,0.000000,0.000000,0.000,-22.694,-20.352,0.000000
65.658081,-200.000,0.000000,0.000000,0.000,-22.696,-20.353,0.000000
65.885361,-200.000,0.000000,0.000000,0.000,-22.699,-20.354,0.000000
66.113434,-200.000,0.000000,0.000000,0.000,-22.701,-20.356,0.000000
66.342262,-200.000,0.000000,0.000000,0.000,-22.704,-20.357,0.000000
66.571945,-200.000,0.000000,0.000000,0.000,-22.706,-20.358,0.000000
66.802353,-200.000,0.000000,0.000000,0.000,-22.709,-20.359,0.000000
67.033600,-200.000,0.000000,0.000000,0.000,-22.711,-20.360,0.000000
67.265648,-200.000,0.000000,0.000000,0.000,-22.714,-20.361,0.000000
67.498489,-200.000,0.000000,0.000000,0.000,-22.716,-20.363,0.000000
67.732147,-200.000,0.000000,0.000000,0.000,-22.719,-20.364,0.000000
67.966606,-200.000,0.000000,0.000000,0.000,-22.722,-20.365,0.000000
68.201881,-200.000,0.000000,0.000000,0.000,-22.724,-20.366,0.000000
68.437973,-200.000,0.000000,0.000000,0.000,-22.727,-20.367,0.000000
68.674881,-200.000,0.000000,0.000000,0.000,-22.729,-20.368,0.000000
68.912605,-200.000,0.000000,0.000000,0.000,-22.732,-20.370,0.000000
69.151154,-200.000,0.000000,0.000000,0.000,-22.735,-20.371,0.000000
69.390495,-200.000,0.000000,0.000000,0.000,-22.737,-20.372,0.000000
69.630730,-200.000,0.000000,0.000000,0.000,-22.740,-20.373,0.000000
69.871735,-200.000,0.000000,0.000000,0.000,-22.743,-20.374,0.000000
70.113640,-200.000,0.000000,0.000000,0.000,-22.745,-20.376,0.000000
70.356308,-200.000,0.000000,0.000000,0.000,-22.748,-20.377,0.000000
70.599854,-200.000,0.000000,0.000000,0.000,-22.751,-20.378,0.000000
70.844246,-200.000,0.000000,0.000000,0.000,-22.753,-20.379,0.000000
71.089478,-200.000,0.000000,0.000000,0.000,-22.756,-20.381,0.000000
71.335564,-200.000,0.000000,0.000000,0.000,-22.759,-20.382,0.000000
71.582504,-200.000,0.000000,0.000000,0.000,-22.761,-20.383,0.000000
71.830292,-200.000,0.000000,0.000000,0.000,-22.764,-20.384,0.000000
72.078941,-200.000,0.000000,0.000000,0.000,-22.767,-20.386,0.000000
72.328453,-200.000,0.000000,0.000000,0.000,-22.770,-20.387,0.000000
72.578827,-200.000,0.000000,0.000000,0.000,-22.772,-20.388,0.000000
72.830063,-200.000,0.000000,0.000000,0.000,-22.775,-20.389,0.000000
73.082176,-200.000,0.000000,0.000000,0.000,-22.778,-20.391,0.000000
73.335159,-200.000,0.000000,0.000000,0.000,-22.781,-20.392,0.000000
73.588982,-200.000,0.000000,0.000000,0.000,-22.784,-20.393,0.000000
73.843719,-200.000,0.000000,0.000000,0.000,-22.786,-20.394,0.000000
74.099335,-200.000,0.000000,0.000000,0.000,-22.789,-20.396,0.000000
74.355843,-200.000,0.000000,0.000000,0.000,-22.792,-20.397,0.000000
74.613228,-200.000,0.000000,0.000000,0.000,-22.795,-20.398,0.000000
74.871513,-200.000,0.000000,0.000000,0.000,-22.798,-20.400,0.000000
75.130692,-200.000,0.000000,0.000000,0.000,-22.801,-20.401,0.000000
75.390762,-200.000,0.000000,0.000000,0.000,-22.803,-20.402,0.000000
75.651733,-200.000,0.000000,0.000000,0.000,-22.806,-20.404,0.000000
75.913612,-200.000,0.000000,0.000000,0.000,-22.809,-20.405,0.000000
76.176399,-200.000,0.000000,0.000000,0.000,-22.812,-20.406,0.000000
76.440094,-200.000,0.000000,0.000000,0.000,-22.815,-20.408,0.000000
76.704697,-200.000,0.000000,0.000000,0.000,-22.818,-20.409,0.000000
76.970184,-200.000,0.000000,0.000000,0.000,-22.821,-20.410,0.000000
77.236664,-200.000,0.000000,0.000000,0.000,-22.824,-20.412,0.000000
77.503990,-200.000,0.000000,0.000000,0.000,-22.827,-20.413,0.000000
77.772278,-200.000,0.000000,0.000000,0.000,-22.830,-20.414,0.000000
78.041496,-200.000,0.000000,0.000000,0.000,-22.833,-20.416,0.000000
78.311646,-200.000,0.000000,0.000000,0.000,-22.836,-20.417,0.000000
78.582733,-200.000,0.000000,0.000000,0.000,-22.839,-20.418,0.000000
78.854752,-200.000,0.000000,0.000000,0.000,-22.842,-20.420,0.000000
79.127716,-200.000,0.000000,0.000000,0.000,-22.845,-20.421,0.000000
79.401627,-200.000,0.000000,0.000000,0.000,-22.848,-20.422,0.000000
79.676483,-200.000,0.000000,0.000000,0.000,-22.851,-20.424,0.000000
79.952293,-200.000,0.000000,0.000000,0.000,-22.854,-20.425,0.000000
80.229057,-200.000,0.000000,0.000000,0.000,-22.857,-20.427,0.000000
80.506744,-200.000,0.000000,0.000000,0.000,-22.860,-20.428,0.000000
80.785469,-200.000,0.000000,0.000000,0.000,-22.863,-20.429,0.000000
81.065079,-200.000,0.000000,0.000000,0.000,-22.866,-20.431,0.000000
81.345734,-200.000,0.000000,0.000000,0.000,-22.869,-20.432,0.000000
81.627281,-200.000,0.000000,0.000000,0.000,-22.872,-20.434,0.000000
81.909843,-200.000,0.000000,0.000000,0.000,-22.875,-20.435,0.000000
82.193382,-200.000,0.000000,0.000000,0.000,-22.878,-20.436,0.000000
82.477905,-200.000,0.000000,0.000000,0.000,-22.882,-20.438,0.000000
82.763412,-200.000,0.000000,0.000000,0.000,-22.885,-20.439,0.000000
83.049904,-200.000,0.000000,0.000000,0.000,-22.888,-20.441,0.000000
83.337395,-200.000,0.000000,0.000000,0.000,-22.891,-20.442,0.000000
83.625877,-200.000,0.000000,0.000000,0.000,-22.894,-20.444,0.000000
83.915352,-200.000,0.000000,0.000000,0.000,-22.897,-20.445,0.000000
84.205795,-200.000,0.000000,0.000000,0.000,-22.901,-20.447,0.000000
84.497330,-200.000,0.000000,0.000000,0.000,-22.904,-20.448,0.000000
84.789780,-200.000,0.000000,0.000000,0.000,-22.907,-20.450,0.000000
85.083336,-200.000,0.000000,0.000000,0.000,-22.910,-20.451,0.000000
85.377815,-200.000,0.000000,0.000000,0.000,-22.913,-20.452,0.000000
85.673363,-200.000,0.000000,0.000000,0.000,-22.917,-20.454,0.000000
85.969933,-200.000,0.000000,0.000000,0.000,-22.920,-20.455,0.000000
86.267525,-200.000,0.000000,0.000000,0.000,-22.923,-20.457,0.000000
86.566154,-200.000,0.000000,0.000000,0.000,-22.927,-20.458,0.000000
86.865814,-200.000,0.000000,0.000000,0.000,-22.930,-20.460,0.000000
87.166504,-200.000,0.000000,0.000000,0.000,-22.933,-20.461,0.000000
87.468246,-200.000,0.000000,0.000000,0.000,-22.937,-20.463,0.000000
87.771027,-200.000,0.000000,0.000000,0.000,-22.940,-20.465,0.000000
88.074852,-200.000,0.000000,0.000000,0.000,-22.943,-20.466,0.000000
88.379738,-200.000,0.000000,0.000000,0.000,-22.947,-20.468,0.000000
88.685677,-200.000,0.000000,0.000000,0.000,-22.950,-20.469,0.000000
88.992668,-200.000,0.000000,0.000000,0.000,-22.953,-20.471,0.000000
89.300682,-200.000,0.000000,0.000000,0.000,-22.957,-20.472,0.000000
89.609810,-200.000,0.000000,0.000000,0.000,-22.960,-20.474,0.000000
89.920006,-200.000,0.000000,0.000000,0.000,-22.964,-20.475,0.000000
90.231270,-200.000,0.000000,0.000000,0.000,-22.967,-20.477,0.000000
90.543617,-200.000,0.000000,0.000000,0.000,-22.970,-20.478,0.000000
90.857048,-200.000,0.000000,0.000000,0.000,-22.974,-20.480,0.000000
91.171562,-200.000,0.000000,0.000000,0.000,-22.977,-20.482,0.000000
91.487160,-200.000,0.000000,0.000000,0.000,-22.981,-20.483,0.000000
91.803856,-200.000,0.000000,0.000000,0.000,-22.984,-20.485,0.000000
92.121643,-200.000,0.000000,0.000000,0.000,-22.988,-20.486,0.000000
92.440536,-200.000,0.000000,0.000000,0.000,-22.991,-20.488,0.000000
92.760529,-200.000,0.000000,0.000000,0.000,-22.995,-20.490,0.000000
93.081627,-200.000,0.000000,0.000000,0.000,-22.998,-20.491,0.000000
93.403793,-200.000,0.000000,0.000000,0.000,-23.002,-20.493,0.000000
93.727173,-200.000,0.000000,0.000000,0.000,-23.006,-20.494,0.000000
94.051575,-200.000,0.000000,0.000000,0.000,-23.009,-20.496,0.000000
94.377190,-200.000,0.000000,0.000000,0.000,-23.013,-20.498,0.000000
94.703842,-200.000,0.000000,0.000000,0.000,-23.016,-20.499,0.000000
95.031670,-200.000,0.000000,0.000000,0.000,-23.020,-20.501,0.000000
95.360634,-200.000,0.000000,0.000000,0.000,-23.024,-20.503,0.000000
95.690735,-200.000,0.000000,0.000000,0.000,-23.027,-20.504,0.000000
96.021980,-200.000,0.000000,0.000000,0.000,-23.031,-20.506,0.000000
96.354370,-200.000,0.000000,0.000000,0.000,-23.034,-20.508,0.000000
96.687912,-200.000,0.000000,0.000000,0.000,-23.038,-20.509,0.000000
97.022606,-200.000,0.000000,0.000000,0.000,-23.042,-20.511,0.000000
97.358459,-200.000,0.000000,0.000000,0.000,-23.046,-20.513,0.000000
97.695435,-200.000,0.000000,0.000000,0.000,-23.049,-20.514,0.000000
98.033661,-200.000,0.000000,0.000000,0.000,-23.053,-20.516,0.000000
98.372971,-200.000,0.000000,0.000000,0.000,-23.057,-20.518,0.000000
98.713547,-200.000,0.000000,0.000000,0.000,-23.060,-20.520,0.000000
99.055214,-200.000,0.000000,0.000000,0.000,-23.064,-20.521,0.000000
99.398102,-200.000,0.000000,0.000000,0.000,-23.068,-20.523,0.000000
99.742180,-200.000,0.000000,0.000000,0.000,-23.072,-20.525,0.000000
100.087448,-200.000,0.000000,0.000000,0.000,-23.076,-20.526,0.000000
100.433914,-200.000,0.000000,0.000000,0.000,-23.079,-20.528,0.000000
100.781578,-200.000,0.000000,0.000000,0.000,-23.083,-20.530,0.000000
101.130447,-200.000,0.000000,0.000000,0.000,-23.087,-20.532,0.000000
101.480522,-200.000,0.000000,0.000000,0.000,-23.091,-20.533,0.000000
101.831802,-200.000,0.000000,0.000000,0.000,-23.095,-20.535,0.000000
102.184258,-200.000,0.000000,0.000000,0.000,-23.099,-20.537,0.000000
102.538033,-200.000,0.000000,0.000000,0.000,-23.103,-20.539,0.000000
102.892975,-200.000,0.000000,0.000000,0.000,-23.107,-20.541,0.000000
103.249153,-200.000,0.000000,0.000000,0.000,-23.110,-20.542,0.000000
103.606514,-200.000,0.000000,0.000000,0.000,-23.114,-20.544,0.000000
103.965157,-200.000,0.000000,0.000000,0.000,-23.118,-20.546,0.000000
104.325050,-200.000,0.000000,0.000000,0.000,-23.122,-20.548,0.000000
104.686180,-200.000,0.000000,0.000000,0.000,-23.126,-20.550,0.000000
105.048561,-200.000,0.000000,0.000000,0.000,-23.130,-20.551,0.000000
105.412201,-200.000,0.000000,0.000000,0.000,-23.134,-20.553,0.000000
105.777100,-200.000,0.000000,0.000000,0.000,-23.138,-20.555,0.000000
106.143257,-200.000,0.000000,0.000000,0.000,-23.142,-20.557,0.000000
106.510689,-200.000,0.000000,0.000000,0.000,-23.146,-20.559,0.000000
106.879387,-200.000,0.000000,0.000000,0.000,-23.150,-20.561,0.000000
107.249359,-200.000,0.000000,0.000000,0.000,-23.155,-20.562,0.000000
107.620613,-200.000,0.000000,0.000000,0.000,-23.159,-20.564,0.000000
107.993156,-200.000,0.000000,0.000000,0.000,-23.163,-20.566,0.000000
108.366936,-200.000,0.000000,0.000000,0.000,-23.167,-20.568,0.000000
108.742065,-200.000,0.000000,0.000000,0.000,-23.171,-20.570,0.000000
109.118484,-200.000,0.000000,0.000000,0.000,-23.175,-20.572,0.000000
109.496208,-200.000,0.000000,0.000000,0.000,-23.179,-20.574,0.000000
109.875244,-200.000,0.000000,0.000000,0.000,-23.184,-20.576,0.000000
110.255592,-200.000,0.000000,0.000000,0.000,-23.188,-20.578,0.000000
110.637253,-200.000,0.000000,0.000000,0.000,-23.192,-20.579,0.000000
111.020241,-200.000,0.000000,0.000000,0.000,-23.196,-20.581,0.000000
111.404549,-200.000,0.000000,0.000000,0.000,-23.200,-20.583,0.000000
111.790184,-200.000,0.000000,0.000000,0.000,-23.205,-20.585,0.000000
112.177162,-200.000,0.000000,0.000000,0.000,-23.209,-20.587,0.000000
112.565475,-200.000,0.000000,0.000000,0.000,-23.213,-20.589,0.000000
112.955132,-200.000,0.000000,0.000000,0.000,-23.217,-20.591,0.000000
113.346085,-200.000,0.000000,0.000000,0.000,-23.222,-20.593,0.000000
113.738503,-200.000,0.000000,0.000000,0.000,-23.226,-20.595,0.000000
114.132164,-200.000,0.000000,0.000000,0.000,-23.230,-20.597,0.000000
114.527306,-200.000,0.000000,0.000000,0.000,-23.235,-20.599,0.000000
114.923698,-200.000,0.000000,0.000000,0.000,-23.239,-20.601,0.000000
115.321518,-200.000,0.000000,0.000000,0.000,-23.244,-20.603,0.000000
115.720718,-200.000,0.000000,0.000000,0.000,-23.248,-20.605,0.000000
116.121300,-200.000,0.000000,0.000000,0.000,-23.252,-20.607,0.000000
116.523270,-200.000,0.000000,0.000000,0.000,-23.257,-20.609,0.000000
116.926628,-200.000,0.000000,0.000000,0.000,-23.261,-20.611,0.000000
117.331383,-200.000,0.000000,0.000000,0.000,-23.266,-20.613,0.000000
117.737541,-200.000,0.000000,0.000000,0.000,-23.270,-20.615,0.000000
118.145103,-200.000,0.000000,0.000000,0.000,-23.275,-20.617,0.000000
118.554016,-200.000,0.000000,0.000000,0.000,-23.279,-20.619,0.000000
118.964462,-200.000,0.000000,0.000000,0.000,-23.284,-20.621,0.000000
119.376213,-200.000,0.000000,0.000000,0.000,-23.288,-20.623,0.000000
119.789505,-200.000,0.000000,0.000000,0.000,-23.293,-20.626,0.000000
120.204117,-200.000,0.000000,0.000000,0.000,-23.297,-20.628,0.000000
120.620216,-200.000,0.000000,0.000000,0.000,-23.302,-20.630,0.000000
121.037758,-200.000,0.000000,0.000000,0.000,-23.307,-20.632,0.000000
121.456741,-200.000,0.000000,0.000000,0.000,-23.311,-20.634,0.000000
121.877174,-200.000,0.000000,0.000000,0.000,-23.316,-20.636,0.000000
122.299072,-200.000,0.000000,0.000000,0.000,-23.320,-20.638,0.000000
122.722420,-200.000,0.000000,0.000000,0.000,-23.325,-20.640,0.000000
123.147240,-200.000,0.000000,0.000000,0.000,-23.330,-20.642,0.000000
123.573532,-200.000,0.000000,0.000000,0.000,-23.334,-20.645,0.000000
124.001297,-200.000,0.000000,0.000000,0.000,-23.339,-20.647,0.000000
124.430542,-200.000,0.000000,0.000000,0.000,-23.344,-20.649,0.000000
124.861267,-200.000,0.000000,0.000000,0.000,-23.349,-20.651,0.000000
125.293488,-200.000,0.000000,0.000000,0.000,-23.352,-20.653,0.000000
125.727150,-200.000,0.000000,0.000000,0.000,-23.355,-20.654,0.000000
126.162369,-200.000,0.000000,0.000000,0.000,-23.357,-20.655,0.000000
126.599091,-200.000,0.000000,0.000000,0.000,-23.360,-20.657,0.000000
127.037331,-200.000,0.000000,0.000000,0.000,-23.362,-20.658,0.000000
127.477089,-200.000,0.000000,0.000000,0.000,-23.365,-20.659,0.000000
127.918365,-200.000,0.000000,0.000000,0.000,-23.368,-20.661,0.000000
128.361160,-200.000,0.000000,0.000000,0.000,-23.370,-20.662,0.000000
128.805511,-200.000,0.000000,0.000000,0.000,-23.373,-20.663,0.000000
129.251373,-200.000,0.000000,0.000000,0.000,-23.375,-20.665,0.000000
129.698792,-200.000,0.000000,0.000000,0.000,-23.378,-20.666,0.000000
130.147766,-200.000,0.000000,0.000000,0.000,-23.381,-20.668,0.000000
130.598282,-200.000,0.000000,0.000000,0.000,-23.383,-20.669,0.000000
131.050369,-200.000,0.000000,0.000000,0.000,-23.386,-20.670,0.000000
131.503952,-200.000,0.000000,0.000000,0.000,-23.389,-20.672,0.000000
131.959229,-200.000,0.000000,0.000000,0.000,-23.392,-20.673,0.000000
132.415955,-200.000,0.000000,0.000000,0.000,-23.394,-20.675,0.000000
132.874329,-200.000,0.000000,0.000000,0.000,-23.397,-20.676,0.000000
133.334290,-200.000,0.000000,0.000000,0.000,-23.400,-20.677,0.000000
133.795853,-200.000,0.000000,0.000000,0.000,-23.402,-20.679,0.000000
134.259003,-200.000,0.000000,0.000000,0.000,-23.405,-20.680,0.000000
134.723755,-200.000,0.000000,0.000000,0.000,-23.408,-20.682,0.000000
135.190109,-200.000,0.000000,0.000000,0.000,-23.411,-20.683,0.000000
135.658081,-200.000,0.000000,0.000000,0.000,-23.414,-20.685,0.000000
136.127686,-200.000,0.000000,0.000000,0.000,-23.416,-20.686,0.000000
136.598907,-200.000,0.000000,0.000000,0.000,-23.419,-20.688,0.000000
137.071762,-200.000,0.000000,0.000000,0.000,-23.422,-20.689,0.000000
137.546249,-200.000,0.000000,0.000000,0.000,-23.425,-20.690,0.000000
138.022385,-200.000,0.000000,0.000000,0.000,-23.428,-20.692,0.000000
138.500092,-200.000,0.000000,0.000000,0.000,-23.430,-20.693,0.000000
138.979599,-200.000,0.000000,0.000000,0.000,-23.433,-20.695,0.000000
139.460617,-200.000,0.000000,0.000000,0.000,-23.436,-20.696,0.000000
139.943375,-200.000,0.000000,0.000000,0.000,-23.439,-20.698,0.000000
140.427811,-200.000,0.000000,0.000000,0.000,-23.442,-20.699,0.000000
140.913925,-200.000,0.000000,0.000000,0.000,-23.445,-20.701,0.000000
141.401703,-200.000,0.000000,0.000000,0.000,-23.448,-20.702,0.000000
141.891190,-200.000,0.000000,0.000000,0.000,-23.451,-20.704,0.000000
142.382355,-200.000,0.000000,0.000000,0.000,-23.454,-20.705,0.000000
142.875229,-200.000,0.000000,0.000000,0.000,-23.456,-20.707,0.000000
143.369812,-200.000,0.000000,0.000000,0.000,-23.459,-20.708,0.000000
143.866104,-200.000,0.000000,0.000000,0.000,-23.462,-20.710,0.000000
144.364120,-200.000,0.000000,0.000000,0.000,-23.465,-20.711,0.000000
144.863785,-200.000,0.000000,0.000000,0.000,-23.468,-20.713,0.000000
145.365311,-200.000,0.000000,0.000000,0.000,-23.471,-20.715,0.000000
145.868439,-200.000,0.000000,0.000000,0.000,-23.474,-20.716,0.000000
146.373383,-200.000,0.000000,0.000000,0.000,-23.477,-20.718,0.000000
146.880066,-200.000,0.000000,0.000000,0.000,-23.480,-20.719,0.000000
147.388504,-200.000,0.000000,0.000000,0.000,-23.483,-20.721,0.000000
147.898712,-200.000,0.000000,0.000000,0.000,-23.486,-20.722,0.000000
148.410675,-200.000,0.000000,0.000000,0.000,-23.489,-20.724,0.000000
148.924423,-200.000,0.000000,0.000000,0.000,-23.492,-20.726,0.000000
149.439941,-200.000,0.000000,0.000000,0.000,-23.495,-20.727,0.000000
149.957245,-200.000,0.000000,0.000000,0.000,-23.499,-20.729,0.000000
150.476334,-200.000,0.000000,0.000000,0.000,-23.502,-20.730,0.000000
150.997238,-200.000,0.000000,0.000000,0.000,-23.505,-20.732,0.000000
151.519852,-200.000,0.000000,0.000000,0.000,-23.508,-20.734,0.000000
152.044434,-200.000,0.000000,0.000000,0.000,-23.511,-20.735,0.000000
152.570679,-200.000,0.000000,0.000000,0.000,-23.514,-20.737,0.000000
153.098892,-200.000,0.000000,0.000000,0.000,-23.517,-20.738,0.000000
153.628784,-200.000,0.000000,0.000000,0.000,-23.520,-20.740,0.000000
154.160660,-200.000,0.000000,0.000000,0.000,-23.523,-20.742,0.000000
154.694229,-200.000,0.000000,0.000000,0.000,-23.527,-20.743,0.000000
155.229797,-200.000,0.000000,0.000000,0.000,-23.530,-20.745,0.000000
155.767075,-200.000,0.000000,0.000000,0.000,-23.533,-20.747,0.000000
156.306274,-200.000,0.000000,0.000000,0.000,-23.536,-20.748,0.000000
156.847351,-200.000,0.000000,0.000000,0.000,-23.539,-20.750,0.000000
157.390305,-200.000,0.000000,0.000000,0.000,-23.543,-20.752,0.000000
157.935120,-200.000,0.000000,0.000000,0.000,-23.546,-20.753,0.000000
158.481750,-200.000,0.000000,0.000000,0.000,-23.549,-20.755,0.000000
159.030441,-200.000,0.000000,0.000000,0.000,-23.552,-20.757,0.000000
159.580856,-200.000,0.000000,0.000000,0.000,-23.556,-20.758,0.000000
160.133347,-200.000,0.000000,0.000000,0.000,-23.559,-20.760,0.000000
160.687592,-200.000,0.000000,0.000000,0.000,-23.562,-20.762,0.000000
161.243912,-200.000,0.000000,0.000000,0.000,-23.566,-20.764,0.000000
161.801987,-200.000,0.000000,0.000000,0.000,-23.569,-20.765,0.000000
162.362167,-200.000,0.000000,0.000000,0.000,-23.572,-20.767,0.000000
162.924133,-200.000,0.000000,0.000000,0.000,-23.576,-20.769,0.000000
163.488113,-200.000,0.000000,0.000000,0.000,-23.579,-20.770,0.000000
164.054047,-200.000,0.000000,0.000000,0.000,-23.582,-20.772,0.000000
164.621933,-200.000,0.000000,0.000000,0.000,-23.586,-20.774,0.000000
165.191788,-200.000,0.000000,0.000000,0.000,-23.589,-20.776,0.000000
165.763535,-200.000,0.000000,0.000000,0.000,-23.592,-20.777,0.000000
166.337433,-200.000,0.000000,0.000000,0.000,-23.596,-20.779,0.000000
166.913147,-200.000,0.000000,0.000000,0.000,-23.599,-20.781,0.000000
167.491013,-200.000,0.000000,0.000000,0.000,-23.603,-20.783,0.000000
168.070801,-200.000,0.000000,0.000000,0.000,-23.606,-20.785,0.000000
168.652603,-200.000,0.000000,0.000000,0.000,-23.610,-20.786,0.000000
169.236328,-200.000,0.000000,0.000000,0.000,-23.613,-20.788,0.000000
169.822250,-200.000,0.000000,0.000000,0.000,-23.617,-20.790,0.000000
170.410019,-200.000,0.000000,0.000000,0.000,-23.620,-20.792,0.000000
170.999924,-200.000,0.000000,0.000000,0.000,-23.624,-20.794,0.000000
171.591858,-200.000,0.000000,0.000000,0.000,-23.627,-20.795,0.000000
172.185837,-200.000,0.000000,0.000000,0.000,-23.631,-20.797,0.000000
172.781876,-200.000,0.000000,0.000000,0.000,-23.634,-20.799,0.000000
173.379990,-200.000,0.000000,0.000000,0.000,-23.638,-20.801,0.000000
173.980164,-200.000,0.000000,0.000000,0.000,-23.641,-20.803,0.000000
174.582336,-200.000,0.000000,0.000000,0.000,-23.645,-20.805,0.000000
175.186752,-200.000,0.000000,0.000000,0.000,-23.648,-20.807,0.000000
175.793182,-200.000,0.000000,0.000000,0.000,-23.652,-20.808,0.000000
176.401703,-200.000,0.000000,0.000000,0.000,-23.656,-20.810,0.000000
177.012253,-200.000,0.000000,0.000000,0.000,-23.659,-20.812,0.000000
177.625092,-200.000,0.000000,0.000000,0.000,-23.663,-20.814,0.000000
178.239883,-200.000,0.000000,0.000000,0.000,-23.667,-20.816,0.000000
178.856964,-200.000,0.000000,0.000000,0.000,-23.670,-20.818,0.000000
179.476013,-200.000,0.000000,0.000000,0.000,-23.674,-20.820,0.000000
180.097290,-200.000,0.000000,0.000000,0.000,-23.678,-20.822,0.000000
180.720718,-200.000,0.000000,0.000000,0.000,-23.681,-20.824,0.000000
181.346298,-200.000,0.000000,0.000000,0.000,-23.685,-20.826,0.000000
181.974045,-200.000,0.000000,0.000000,0.000,-23.689,-20.827,0.000000
182.603882,-200.000,0.000000,0.000000,0.000,-23.693,-20.829,0.000000
183.236084,-200.000,0.000000,0.000000,0.000,-23.696,-20.831,0.000000
183.870377,-200.000,0.000000,0.000000,0.000,-23.700,-20.833,0.000000
184.506866,-200.000,0.000000,0.000000,0.000,-23.704,-20.835,0.000000
185.145462,-200.000,0.000000,0.000000,0.000,-23.708,-20.837,0.000000
185.786453,-200.000,0.000000,0.000000,0.000,-23.711,-20.839,0.000000
186.429489,-200.000,0.000000,0.000000,0.000,-23.715,-20.841,0.000000
187.074921,-200.000,0.000000,0.000000,0.000,-23.719,-20.843,0.000000
187.722412,-200.000,0.000000,0.000000,0.000,-23.723,-20.845,0.000000
188.372238,-200.000,0.000000,0.000000,0.000,-23.727,-20.847,0.000000
189.024307,-200.000,0.000000,0.000000,0.000,-23.731,-20.849,0.000000
189.678650,-200.000,0.000000,0.000000,0.000,-23.735,-20.851,0.000000
190.335236,-200.000,0.000000,0.000000,0.000,-23.738,-20.853,0.000000
190.994110,-200.000,0.000000,0.000000,0.000,-23.742,-20.855,0.000000
191.655258,-200.000,0.000000,0.000000,0.000,-23.746,-20.857,0.000000
192.318695,-200.000,0.000000,0.000000,0.000,-23.750,-20.859,0.000000
192.984421,-200.000,0.000000,0.000000,0.000,-23.754,-20.861,0.000000
193.652374,-200.000,0.000000,0.000000,0.000,-23.758,-20.863,0.000000
194.322815,-200.000,0.000000,0.000000,0.000,-23.762,-20.866,0.000000
194.995392,-200.000,0.000000,0.000000,0.000,-23.766,-20.868,0.000000
195.670486,-200.000,0.000000,0.000000,0.000,-23.770,-20.870,0.000000
196.347733,-200.000,0.000000,0.000000,0.000,-23.774,-20.872,0.000000
197.027405,-200.000,0.000000,0.000000,0.000,-23.778,-20.874,0.000000
197.709442,-200.000,0.000000,0.000000,0.000,-23.782,-20.876,0.000000
198.393829,-200.000,0.000000,0.000000,0.000,-23.786,-20.878,0.000000
199.080597,-200.000,0.000000,0.000000,0.000,-23.790,-20.880,0.000000
199.769745,-200.000,0.000000,0.000000,0.000,-23.795,-20.882,0.000000
200.461258,-200.000,0.000000,0.000000,0.000,-23.799,-20.884,0.000000
201.155182,-200.000,0.000000,0.000000,0.000,-23.803,-20.887,0.000000
201.851501,-200.000,0.000000,0.000000,0.000,-23.807,-20.889,0.000000
202.550232,-200.000,0.000000,0.000000,0.000,-23.811,-20.891,0.000000
203.251389,-200.000,0.000000,0.000000,0.000,-23.815,-20.893,0.000000
203.954865,-200.000,0.000000,0.000000,0.000,-23.819,-20.895,0.000000
204.660980,-200.000,0.000000,0.000000,0.000,-23.824,-20.897,0.000000
205.369339,-200.000,0.000000,0.000000,0.000,-23.828,-20.900,0.000000
206.080246,-200.000,0.000000,0.000000,0.000,-23.832,-20.902,0.000000
206.793625,-200.000,0.000000,0.000000,0.000,-23.836,-20.904,0.000000
207.509567,-200.000,0.000000,0.000000,0.000,-23.841,-20.906,0.000000
208.227783,-200.000,0.000000,0.000000,0.000,-23.845,-20.908,0.000000
208.948685,-200.000,0.000000,0.000000,0.000,-23.849,-20.911,0.000000
209.671890,-200.000,0.000000,0.000000,0.000,-23.853,-20.913,0.000000
210.397690,-200.000,0.000000,0.000000,0.000,-23.858,-20.915,0.000000
211.126007,-200.000,0.000000,0.000000,0.000,-23.862,-20.917,0.000000
211.856842,-200.000,0.000000,0.000000,0.000,-23.866,-20.920,0.000000
212.590210,-200.000,0.000000,0.000000,0.000,-23.871,-20.922,0.000000
213.326019,-200.000,0.000000,0.000000,0.000,-23.875,-20.924,0.000000
214.064575,-200.000,0.000000,0.000000,0.000,-23.879,-20.926,0.000000
214.805481,-200.000,0.000000,0.000000,0.000,-23.884,-20.929,0.000000
215.549057,-200.000,0.000000,0.000000,0.000,-23.888,-20.931,0.000000
216.295197,-200.000,0.000000,0.000000,0.000,-23.893,-20.933,0.000000
217.044037,-200.000,0.000000,0.000000,0.000,-23.897,-20.936,0.000000
217.795258,-200.000,0.000000,0.000000,0.000,-23.902,-20.938,0.000000
218.549286,-200.000,0.000000,0.000000,0.000,-23.906,-20.940,0.000000
219.305710,-200.000,0.000000,0.000000,0.000,-23.911,-20.943,0.000000
220.064865,-200.000,0.000000,0.000000,0.000,-23.915,-20.945,0.000000
220.826645,-200.000,0.000000,0.000000,0.000,-23.920,-20.947,0.000000
221.591064,-200.000,0.000000,0.000000,0.000,-23.924,-20.950,0.000000
222.358124,-200.000,0.000000,0.000000,0.000,-23.929,-20.952,0.000000
223.127731,-200.000,0.000000,0.000000,0.000,-23.933,-20.954,0.000000
223.900223,-200.000,0.000000,0.000000,0.000,-23.938,-20.957,0.000000
224.675171,-200.000,0.000000,0.000000,0.000,-23.943,-20.959,0.000000
225.453018,-200.000,0.000000,0.000000,0.000,-23.947,-20.962,0.000000
226.233337,-200.000,0.000000,0.000000,0.000,-23.952,-20.964,0.000000
227.016586,-200.000,0.000000,0.000000,0.000,-23.956,-20.966,0.000000
227.802322,-200.000,0.000000,0.000000,0.000,-23.961,-20.969,0.000000
228.590988,-200.000,0.000000,0.000000,0.000,-23.966,-20.971,0.000000
229.382187,-200.000,0.000000,0.000000,0.000,-23.971,-20.974,0.000000
230.176208,-200.000,0.000000,0.000000,0.000,-23.975,-20.976,0.000000
230.972992,-200.000,0.000000,0.000000,0.000,-23.980,-20.979,0.000000
231.772537,-200.000,0.000000,0.000000,0.000,-23.985,-20.981,0.000000
232.574844,-200.000,0.000000,0.000000,0.000,-23.989,-20.983,0.000000
233.379822,-200.000,0.000000,0.000000,0.000,-23.994,-20.986,0.000000
234.187805,-200.000,0.000000,0.000000,0.000,-23.999,-20.988,0.000000
234.998352,-200.000,0.000000,0.000000,0.000,-24.004,-20.991,0.000000
235.811935,-200.000,0.000000,0.000000,0.000,-24.009,-20.993,0.000000
236.628113,-200.000,0.000000,0.000000,0.000,-24.014,-20.996,0.000000
237.447342,-200.000,0.000000,0.000000,0.000,-24.018,-20.999,0.000000
238.269180,-200.000,0.000000,0.000000,0.000,-24.023,-21.001,0.000000
239.094101,-200.000,0.000000,0.000000,0.000,-24.028,-21.004,0.000000
239.921631,-200.000,0.000000,0.000000,0.000,-24.033,-21.006,0.000000
240.752151,-200.000,0.000000,0.000000,0.000,-24.038,-21.009,0.000000
241.585541,-200.000,0.000000,0.000000,0.000,-24.043,-21.011,0.000000
242.421814,-200.000,0.000000,0.000000,0.000,-24.048,-21.014,0.000000
243.260986,-200.000,0.000000,0.000000,0.000,-24.053,-21.016,0.000000
244.102951,-200.000,0.000000,0.000000,0.000,-24.058,-21.019,0.000000
244.948059,-200.000,0.000000,0.000000,0.000,-24.063,-21.022,0.000000
245.795975,-200.000,0.000000,0.000000,0.000,-24.068,-21.024,0.000000
246.646820,-200.000,0.000000,0.000000,0.000,-24.073,-21.027,0.000000
247.500626,-200.000,0.000000,0.000000,0.000,-24.078,-21.030,0.000000
248.357376,-200.000,0.000000,0.000000,0.000,-24.083,-21.032,0.000000
249.216980,-200.000,0.000000,0.000000,0.000,-24.088,-21.035,0.000000
250.079788,-200.000,0.000000,0.000000,0.000,-24.093,-21.037,0.000000
250.945343,-200.000,0.000000,0.000000,0.000,-24.091,-21.037,0.000000
251.814026,-200.000,0.000000,0.000000,0.000,-24.089,-21.037,0.000000
252.685715,-200.000,0.000000,0.000000,0.000,-24.087,-21.037,0.000000
253.560410,-200.000,0.000000,0.000000,0.000,-24.085,-21.037,0.000000
254.438141,-200.000,0.000000,0.000000,0.000,-24.083,-21.037,0.000000
255.318909,-200.000,0.000000,0.000000,0.000,-24.081,-21.036,0.000000
256.202728,-200.000,0.000000,0.000000,0.000,-24.079,-21.036,0.000000
257.089600,-200.000,0.000000,0.000000,0.000,-24.077,-21.036,0.000000
257.979553,-200.000,0.000000,0.000000,0.000,-24.075,-21.036,0.000000
258.872559,-200.000,0.000000,0.000000,0.000,-24.073,-21.036,0.000000
259.768677,-200.000,0.000000,0.000000,0.000,-24.070,-21.036,0.000000
260.667786,-200.000,0.000000,0.000000,0.000,-24.068,-21.036,0.000000
261.570251,-200.000,0.000000,0.000000,0.000,-24.066,-21.035,0.000000
262.475555,-200.000,0.000000,0.000000,0.000,-24.064,-21.035,0.000000
263.384277,-200.000,0.000000,0.000000,0.000,-24.062,-21.035,0.000000
264.295898,-200.000,0.000000,0.000000,0.000,-24.060,-21.035,0.000000
265.210785,-200.000,0.000000,0.000000,0.000,-24.058,-21.035,0.000000
266.128845,-200.000,0.000000,0.000000,0.000,-24.056,-21.035,0.000000
267.050201,-200.000,0.000000,0.000000,0.000,-24.054,-21.035,0.000000
267.974518,-200.000,0.000000,0.000000,0.000,-24.052,-21.034,0.000000
268.902130,-200.000,0.000000,0.000000,0.000,-24.049,-21.034,0.000000
269.832977,-200.000,0.000000,0.000000,0.000,-24.047,-21.034,0.000000
270.767029,-200.000,0.000000,0.000000,0.000,-24.045,-21.034,0.000000
271.704315,-200.000,0.000000,0.000000,0.000,-24.043,-21.034,0.000000
272.644714,-200.000,0.000000,0.000000,0.000,-24.041,-21.034,0.000000
273.588654,-200.000,0.000000,0.000000,0.000,-24.039,-21.034,0.000000
274.535583,-200.000,0.000000,0.000000,0.000,-24.036,-21.033,0.000000
275.486053,-200.000,0.000000,0.000000,0.000,-24.034,-21.033,0.000000
276.439545,-200.000,0.000000,0.000000,0.000,-24.032,-21.033,0.000000
277.396454,-200.000,0.000000,0.000000,0.000,-24.030,-21.033,0.000000
278.356689,-200.000,0.000000,0.000000,0.000,-24.028,-21.033,0.000000
279.320404,-200.000,0.000000,0.000000,0.000,-24.025,-21.033,0.000000
280.287170,-200.000,0.000000,0.000000,0.000,-24.023,-21.032,0.000000
281.257416,-200.000,0.000000,0.000000,0.000,-24.021,-21.032,0.000000
282.231018,-200.000,0.000000,0.000000,0.000,-24.019,-21.032,0.000000
283.207977,-200.000,0.000000,0.000000,0.000,-24.016,-21.032,0.000000
284.188354,-200.000,0.000000,0.000000,0.000,-24.014,-21.032,0.000000
285.171967,-200.000,0.000000,0.000000,0.000,-24.012,-21.032,0.000000
286.159271,-200.000,0.000000,0.000000,0.000,-24.010,-21.032,0.000000
287.149689,-200.000,0.000000,0.000000,0.000,-24.007,-21.031,0.000000
288.143829,-200.000,0.000000,0.000000,0.000,-24.005,-21.031,0.000000
289.141144,-200.000,0.000000,0.000000,0.000,-24.003,-21.031,0.000000
290.142029,-200.000,0.000000,0.000000,0.000,-24.000,-21.031,0.000000
291.146393,-200.000,0.000000,0.000000,0.000,-23.998,-21.031,0.000000
292.154358,-200.000,0.000000,0.000000,0.000,-23.996,-21.031,0.000000
293.165558,-200.000,0.000000,0.000000,0.000,-23.993,-21.030,0.000000
294.180389,-200.000,0.000000,0.000000,0.000,-23.991,-21.030,0.000000
295.198730,-200.000,0.000000,0.000000,0.000,-23.989,-21.030,0.000000
296.220581,-200.000,0.000000,0.000000,0.000,-23.986,-21.030,0.000000
297.246002,-200.000,0.000000,0.000000,0.000,-23.984,-21.030,0.000000
298.274933,-200.000,0.000000,0.000000,0.000,-23.982,-21.030,0.000000
299.307465,-200.000,0.000000,0.000000,0.000,-23.979,-21.029,0.000000
300.343414,-200.000,0.000000,0.000000,0.000,-23.977,-21.029,0.000000
301.383209,-200.000,0.000000,0.000000,0.000,-23.974,-21.029,0.000000
302.426361,-200.000,0.000000,0.000000,0.000,-23.972,-21.029,0.000000
303.473389,-200.000,0.000000,0.000000,0.000,-23.970,-21.029,0.000000
304.523743,-200.000,0.000000,0.000000,0.000,-23.967,-21.029,0.000000
305.578033,-200.000,0.000000,0.000000,0.000,-23.965,-21.029,0.000000
306.635681,-200.000,0.000000,0.000000,0.000,-23.962,-21.028,0.000000
307.697266,-200.000,0.000000,0.000000,0.000,-23.960,-21.028,0.000000
308.762268,-200.000,0.000000,0.000000,0.000,-23.957,-21.028,0.000000
309.831085,-200.000,0.000000,0.000000,0.000,-23.955,-21.028,0.000000
310.903595,-200.000,0.000000,0.000000,0.000,-23.952,-21.028,0.000000
311.979828,-200.000,0.000000,0.000000,0.000,-23.950,-21.028,0.000000
313.059784,-200.000,0.000000,0.000000,0.000,-23.947,-21.027,0.000000
314.143311,-200.000,0.000000,0.000000,0.000,-23.945,-21.027,0.000000
315.230927,-200.000,0.000000,0.000000,0.000,-23.942,-21.027,0.000000
316.322113,-200.000,0.000000,0.000000,0.000,-23.940,-21.027,0.000000
317.417114,-200.000,0.000000,0.000000,0.000,-23.937,-21.027,0.000000
318.515747,-200.000,0.000000,0.000000,0.000,-23.935,-21.026,0.000000
319.618469,-200.000,0.000000,0.000000,0.000,-23.932,-21.026,0.000000
320.724701,-200.000,0.000000,0.000000,0.000,-23.930,-21.026,0.000000
321.835083,-200.000,0.000000,0.000000,0.000,-23.927,-21.026,0.000000
322.949005,-200.000,0.000000,0.000000,0.000,-23.925,-21.026,0.000000
324.066925,-200.000,0.000000,0.000000,0.000,-23.922,-21.026,0.000000
325.188721,-200.000,0.000000,0.000000,0.000,-23.919,-21.025,0.000000
326.314392,-200.000,0.000000,0.000000,0.000,-23.917,-21.025,0.000000
327.443970,-200.000,0.000000,0.000000,0.000,-23.914,-21.025,0.000000
328.577301,-200.000,0.000000,0.000000,0.000,-23.912,-21.025,0.000000
329.714874,-200.000,0.000000,0.000000,0.000,-23.909,-21.025,0.000000
330.856232,-200.000,0.000000,0.000000,0.000,-23.906,-21.025,0.000000
332.001526,-200.000,0.000000,0.000000,0.000,-23.904,-21.024,0.000000
333.150635,-200.000,0.000000,0.000000,0.000,-23.901,-21.024,0.000000
334.304016,-200.000,0.000000,0.000000,0.000,-23.898,-21.024,0.000000
335.461090,-200.000,0.000000,0.000000,0.000,-23.896,-21.024,0.000000
336.622498,-200.000,0.000000,0.000000,0.000,-23.893,-21.024,0.000000
337.787598,-200.000,0.000000,0.000000,0.000,-23.890,-21.023,0.000000
338.956879,-200.000,0.000000,0.000000,0.000,-23.888,-21.023,0.000000
340.130219,-200.000,0.000000,0.000000,0.000,-23.885,-21.023,0.000000
341.307617,-200.000,0.000000,0.000000,0.000,-23.882,-21.023,0.000000
342.489105,-200.000,0.000000,0.000000,0.000,-23.879,-21.023,0.000000
343.674652,-200.000,0.000000,0.000000,0.000,-23.877,-21.023,0.000000
344.864319,-200.000,0.000000,0.000000,0.000,-23.874,-21.022,0.000000
346.058105,-200.000,0.000000,0.000000,0.000,-23.871,-21.022,0.000000
347.256042,-200.000,0.000000,0.000000,0.000,-23.868,-21.022,0.000000
348.457947,-200.000,0.000000,0.000000,0.000,-23.866,-21.022,0.000000
349.664337,-200.000,0.000000,0.000000,0.000,-23.863,-21.022,0.000000
350.874573,-200.000,0.000000,0.000000,0.000,-23.860,-21.021,0.000000
352.089325,-200.000,0.000000,0.000000,0.000,-23.857,-21.021,0.000000
353.307953,-200.000,0.000000,0.000000,0.000,-23.855,-21.021,0.000000
354.530975,-200.000,0.000000,0.000000,0.000,-23.852,-21.021,0.000000
355.758240,-200.000,0.000000,0.000000,0.000,-23.849,-21.021,0.000000
356.989716,-200.000,0.000000,0.000000,0.000,-23.846,-21.020,0.000000
358.225494,-200.000,0.000000,0.000000,0.000,-23.843,-21.020,0.000000
359.465515,-200.000,0.000000,0.000000,0.000,-23.840,-21.020,0.000000
360.709869,-200.000,0.000000,0.000000,0.000,-23.837,-21.020,0.000000
361.958496,-200.000,0.000000,0.000000,0.000,-23.835,-21.020,0.000000
363.211456,-200.000,0.000000,0.000000,0.000,-23.832,-21.019,0.000000
364.468750,-200.000,0.000000,0.000000,0.000,-23.829,-21.019,0.000000
365.730408,-200.000,0.000000,0.000000,0.000,-23.826,-21.019,0.000000
366.996246,-200.000,0.000000,0.000000,0.000,-23.823,-21.019,0.000000
368.266815,-200.000,0.000000,0.000000,0.000,-23.820,-21.019,0.000000
369.541443,-200.000,0.000000,0.000000,0.000,-23.817,-21.018,0.000000
370.820648,-200.000,0.000000,0.000000,0.000,-23.814,-21.018,0.000000
372.104309,-200.000,0.000000,0.000000,0.000,-23.811,-21.018,0.000000
373.392395,-200.000,0.000000,0.000000,0.000,-23.808,-21.018,0.000000
374.684937,-200.000,0.000000,0.000000,0.000,-23.805,-21.018,0.000000
375.982117,-200.000,0.000000,0.000000,0.000,-23.802,-21.017,0.000000
377.283447,-200.000,0.000000,0.000000,0.000,-23.799,-21.017,0.000000
378.589447,-200.000,0.000000,0.000000,0.000,-23.796,-21.017,0.000000
379.899994,-200.000,0.000000,0.000000,0.000,-23.793,-21.017,0.000000
381.215057,-200.000,0.000000,0.000000,0.000,-23.790,-21.017,0.000000
382.534668,-200.000,0.000000,0.000000,0.000,-23.787,-21.016,0.000000
383.858673,-200.000,0.000000,0.000000,0.000,-23.784,-21.016,0.000000
385.187622,-200.000,0.000000,0.000000,0.000,-23.781,-21.016,0.000000
386.520813,-200.000,0.000000,0.000000,0.000,-23.778,-21.016,0.000000
387.859009,-200.000,0.000000,0.000000,0.000,-23.775,-21.016,0.000000
389.201416,-200.000,0.000000,0.000000,0.000,-23.772,-21.015,0.000000
390.548889,-200.000,0.000000,0.000000,0.000,-23.769,-21.015,0.000000
391.900635,-200.000,0.000000,0.000000,0.000,-23.765,-21.015,0.000000
393.257416,-200.000,0.000000,0.000000,0.000,-23.762,-21.015,0.000000
394.618530,-200.000,0.000000,0.000000,0.000,-23.759,-21.015,0.000000
395.984558,-200.000,0.000000,0.000000,0.000,-23.756,-21.014,0.000000
397.355316,-200.000,0.000000,0.000000,0.000,-23.753,-21.014,0.000000
398.730804,-200.000,0.000000,0.000000,0.000,-23.750,-21.014,0.000000
400.111053,-200.000,0.000000,0.000000,0.000,-23.746,-21.014,0.000000
401.495880,-200.000,0.000000,0.000000,0.000,-23.743,-21.013,0.000000
402.885895,-200.000,0.000000,0.000000,0.000,-23.740,-21.013,0.000000
404.280365,-200.000,0.000000,0.000000,0.000,-23.737,-21.013,0.000000
405.679993,-200.000,0.000000,0.000000,0.000,-23.734,-21.013,0.000000
407.084106,-200.000,0.000000,0.000000,0.000,-23.730,-21.013,0.000000
408.493500,-200.000,0.000000,0.000000,0.000,-23.727,-21.012,0.000000
409.907349,-200.000,0.000000,0.000000,0.000,-23.724,-21.012,0.000000
411.326477,-200.000,0.000000,0.000000,0.000,-23.721,-21.012,0.000000
412.750122,-200.000,0.000000,0.000000,0.000,-23.717,-21.012,0.000000
414.178925,-200.000,0.000000,0.000000,0.000,-23.714,-21.011,0.000000
415.612640,-200.000,0.000000,0.000000,0.000,-23.711,-21.011,0.000000
417.051331,-200.000,0.000000,0.000000,0.000,-23.707,-21.011,0.000000
418.494995,-200.000,0.000000,0.000000,0.000,-23.704,-21.011,0.000000
419.943481,-200.000,0.000000,0.000000,0.000,-23.701,-21.011,0.000000
421.397369,-200.000,0.000000,0.000000,0.000,-23.697,-21.010,0.000000
422.855865,-200.000,0.000000,0.000000,0.000,-23.694,-21.010,0.000000
424.319855,-200.000,0.000000,0.000000,0.000,-23.691,-21.010,0.000000
425.788666,-200.000,0.000000,0.000000,0.000,-23.687,-21.010,0.000000
427.262604,-200.000,0.000000,0.000000,0.000,-23.684,-21.009,0.000000
428.741394,-200.000,0.000000,0.000000,0.000,-23.680,-21.009,0.000000
430.225739,-200.000,0.000000,0.000000,0.000,-23.677,-21.009,0.000000
431.714813,-200.000,0.000000,0.000000,0.000,-23.673,-21.009,0.000000
433.209259,-200.000,0.000000,0.000000,0.000,-23.670,-21.008,0.000000
434.708862,-200.000,0.000000,0.000000,0.000,-23.667,-21.008,0.000000
436.213654,-200.000,0.000000,0.000000,0.000,-23.663,-21.008,0.000000
437.723663,-200.000,0.000000,0.000000,0.000,-23.660,-21.008,0.000000
439.238892,-200.000,0.000000,0.000000,0.000,-23.656,-21.008,0.000000
440.759369,-200.000,0.000000,0.000000,0.000,-23.653,-21.007,0.000000
442.285095,-200.000,0.000000,0.000000,0.000,-23.649,-21.007,0.000000
443.816132,-200.000,0.000000,0.000000,0.000,-23.646,-21.007,0.000000
445.352448,-200.000,0.000000,0.000000,0.000,-23.642,-21.007,0.000000
446.894073,-200.000,0.000000,0.000000,0.000,-23.638,-21.006,0.000000
448.440857,-200.000,0.000000,0.000000,0.000,-23.635,-21.006,0.000000
449.993408,-200.000,0.000000,0.000000,0.000,-23.631,-21.006,0.000000
451.550873,-200.000,0.000000,0.000000,0.000,-23.628,-21.006,0.000000
453.114197,-200.000,0.000000,0.000000,0.000,-23.624,-21.005,0.000000
454.682495,-200.000,0.000000,0.000000,0.000,-23.620,-21.005,0.000000
456.256409,-200.000,0.000000,0.000000,0.000,-23.617,-21.005,0.000000
457.835815,-200.000,0.000000,0.000000,0.000,-23.613,-21.005,0.000000
459.420654,-200.000,0.000000,0.000000,0.000,-23.610,-21.004,0.000000
461.010986,-200.000,0.000000,0.000000,0.000,-23.606,-21.004,0.000000
462.606842,-200.000,0.000000,0.000000,0.000,-23.602,-21.004,0.000000
464.208221,-200.000,0.000000,0.000000,0.000,-23.598,-21.004,0.000000
465.815125,-200.000,0.000000,0.000000,0.000,-23.595,-21.003,0.000000
467.427582,-200.000,0.000000,0.000000,0.000,-23.591,-21.003,0.000000
469.045410,-200.000,0.000000,0.000000,0.000,-23.587,-21.003,0.000000
470.669312,-200.000,0.000000,0.000000,0.000,-23.584,-21.003,0.000000
472.298340,-200.000,0.000000,0.000000,0.000,-23.580,-21.002,0.000000
473.933502,-200.000,0.000000,0.000000,0.000,-23.576,-21.002,0.000000
475.573853,-200.000,0.000000,0.000000,0.000,-23.572,-21.002,0.000000
477.220093,-200.000,0.000000,0.000000,0.000,-23.568,-21.002,0.000000
478.872040,-200.000,0.000000,0.000000,0.000,-23.565,-21.001,0.000000
480.529724,-200.000,0.000000,0.000000,0.000,-23.561,-21.001,0.000000
482.193146,-200.000,0.000000,0.000000,0.000,-23.557,-21.001,0.000000
483.862305,-200.000,0.000000,0.000000,0.000,-23.553,-21.001,0.000000
485.537262,-200.000,0.000000,0.000000,0.000,-23.549,-21.000,0.000000
487.217987,-200.000,0.000000,0.000000,0.000,-23.545,-21.000,0.000000
488.904541,-200.000,0.000000,0.000000,0.000,-23.541,-21.000,0.000000
490.596710,-200.000,0.000000,0.000000,0.000,-23.538,-20.999,0.000000
492.295197,-200.000,0.000000,0.000000,0.000,-23.534,-20.999,0.000000
493.999115,-200.000,0.000000,0.000000,0.000,-23.530,-20.999,0.000000
495.709381,-200.000,0.000000,0.000000,0.000,-23.526,-20.999,0.000000
497.425110,-200.000,0.000000,0.000000,0.000,-23.522,-20.998,0.000000
499.147003,-200.000,0.000000,0.000000,0.000,-23.518,-20.998,0.000000
500.874847,-200.000,0.000000,0.000000,0.000,-23.501,-20.985,0.000000
502.608917,-200.000,0.000000,0.000000,0.000,-23.472,-20.960,0.000000
504.348541,-200.000,0.000000,0.000000,0.000,-23.443,-20.935,0.000000
506.094391,-200.000,0.000000,0.000000,0.000,-23.414,-20.910,0.000000
507.846283,-200.000,0.000000,0.000000,0.000,-23.385,-20.885,0.000000
509.604279,-200.000,0.000000,0.000000,0.000,-23.356,-20.859,0.000000
511.368317,-200.000,0.000000,0.000000,0.000,-23.326,-20.834,0.000000
513.138489,-200.000,0.000000,0.000000,0.000,-23.297,-20.808,0.000000
514.914795,-200.000,0.000000,0.000000,0.000,-23.267,-20.782,0.000000
516.696960,-200.000,0.000000,0.000000,0.000,-23.237,-20.757,0.000000
518.485840,-200.000,0.000000,0.000000,0.000,-23.207,-20.731,0.000000
520.280334,-200.000,0.000000,0.000000,0.000,-23.178,-20.705,0.000000
522.081360,-200.000,0.000000,0.000000,0.000,-23.147,-20.679,0.000000
523.888611,-200.000,0.000000,0.000000,0.000,-23.117,-20.653,0.000000
525.702393,-200.000,0.000000,0.000000,0.000,-23.087,-20.626,0.000000
527.521912,-200.000,0.000000,0.000000,0.000,-23.057,-20.600,0.000000
529.348206,-200.000,0.000000,0.000000,0.000,-23.026,-20.574,0.000000
531.180359,-200.000,0.000000,0.000000,0.000,-22.996,-20.547,0.000000
533.019104,-200.000,0.000000,0.000000,0.000,-22.965,-20.521,0.000000
534.864258,-200.000,0.000000,0.000000,0.000,-22.934,-20.494,0.000000
536.715698,-200.000,0.000000,0.000000,0.000,-22.903,-20.467,0.000000
538.573608,-200.000,0.000000,0.000000,0.000,-22.872,-20.440,0.000000
540.437683,-200.000,0.000000,0.000000,0.000,-22.841,-20.413,0.000000
542.308777,-200.000,0.000000,0.000000,0.000,-22.810,-20.386,0.000000
544.185730,-200.000,0.000000,0.000000,0.000,-22.779,-20.359,0.000000
546.069763,-200.000,0.000000,0.000000,0.000,-22.747,-20.332,0.000000
547.959778,-200.000,0.000000,0.000000,0.000,-22.716,-20.305,0.000000
549.856873,-200.000,0.000000,0.000000,0.000,-22.684,-20.277,0.000000
551.760010,-200.000,0.000000,0.000000,0.000,-22.652,-20.250,0.000000
553.670288,-200.000,0.000000,0.000000,0.000,-22.621,-20.222,0.000000
555.586609,-200.000,0.000000,0.000000,0.000,-22.589,-20.194,0.000000
557.509827,-200.000,0.000000,0.000000,0.000,-22.556,-20.167,0.000000
559.439697,-200.000,0.000000,0.000000,0.000,-22.524,-20.139,0.000000
561.376282,-200.000,0.000000,0.000000,0.000,-22.492,-20.111,0.000000
563.319519,-200.000,0.000000,0.000000,0.000,-22.460,-20.083,0.000000
565.269287,-200.000,0.000000,0.000000,0.000,-22.427,-20.054,0.000000
567.226318,-200.000,0.000000,0.000000,0.000,-22.394,-20.026,0.000000
569.189514,-200.000,0.000000,0.000000,0.000,-22.362,-19.998,0.000000
571.160156,-200.000,0.000000,0.000000,0.000,-22.329,-19.969,0.000000
573.136963,-200.000,0.000000,0.000000,0.000,-22.296,-19.941,0.000000
575.121216,-200.000,0.000000,0.000000,0.000,-22.263,-19.912,0.000000
577.111816,-200.000,0.000000,0.000000,0.000,-22.229,-19.883,0.000000
579.109863,-200.000,0.000000,0.000000,0.000,-22.196,-19.854,0.000000
581.114197,-200.000,0.000000,0.000000,0.000,-22.163,-19.825,0.000000
583.125793,-200.000,0.000000,0.000000,0.000,-22.129,-19.796,0.000000
585.144348,-200.000,0.000000,0.000000,0.000,-22.095,-19.767,0.000000
587.169922,-200.000,0.000000,0.000000,0.000,-22.062,-19.738,0.000000
589.202454,-200.000,0.000000,0.000000,0.000,-22.028,-19.708,0.000000
591.241760,-200.000,0.000000,0.000000,0.000,-21.994,-19.679,0.000000
593.288696,-200.000,0.000000,0.000000,0.000,-21.960,-19.649,0.000000
595.342468,-200.000,0.000000,0.000000,0.000,-21.925,-19.620,0.000000
597.403320,-200.000,0.000000,0.000000,0.000,-21.891,-19.590,0.000000
599.471008,-200.000,0.000000,0.000000,0.000,-21.856,-19.560,0.000000
601.546448,-200.000,0.000000,0.000000,0.000,-21.822,-19.530,0.000000
603.628479,-200.000,0.000000,0.000000,0.000,-21.787,-19.500,0.000000
605.718262,-200.000,0.000000,0.000000,0.000,-21.752,-19.470,0.000000
607.814758,-200.000,0.000000,0.000000,0.000,-21.717,-19.439,0.000000
609.918762,-200.000,0.000000,0.000000,0.000,-21.682,-19.409,0.000000
612.030090,-200.000,0.000000,0.000000,0.000,-21.647,-19.378,0.000000
614.148682,-200.000,0.000000,0.000000,0.000,-21.612,-19.348,0.000000
616.274658,-200.000,0.000000,0.000000,0.000,-21.576,-19.317,0.000000
618.407654,-200.000,0.000000,0.000000,0.000,-21.541,-19.286,0.000000
620.548645,-200.000,0.000000,0.000000,0.000,-21.505,-19.255,0.000000
622.696716,-200.000,0.000000,0.000000,0.000,-21.469,-19.224,0.000000
624.852295,-200.000,0.000000,0.000000,0.000,-21.433,-19.193,0.000000
627.015259,-200.000,0.000000,0.000000,0.000,-21.397,-19.162,0.000000
629.185730,-200.000,0.000000,0.000000,0.000,-21.361,-19.130,0.000000
631.363464,-200.000,0.000000,0.000000,0.000,-21.324,-19.099,0.000000
633.549316,-200.000,0.000000,0.000000,0.000,-21.288,-19.067,0.000000
635.742126,-200.000,0.000000,0.000000,0.000,-21.251,-19.036,0.000000
637.942810,-200.000,0.000000,0.000000,0.000,-21.215,-19.004,0.000000
640.151123,-200.000,0.000000,0.000000,0.000,-21.178,-18.972,0.000000
642.367065,-200.000,0.000000,0.000000,0.000,-21.141,-18.940,0.000000
644.590698,-200.000,0.000000,0.000000,0.000,-21.104,-18.908,0.000000
646.822327,-200.000,0.000000,0.000000,0.000,-21.067,-18.875,0.000000
649.061096,-200.000,0.000000,0.000000,0.000,-21.029,-18.843,0.000000
651.307861,-200.000,0.000000,0.000000,0.000,-20.992,-18.811,0.000000
653.562439,-200.000,0.000000,0.000000,0.000,-20.954,-18.778,0.000000
655.824829,-200.000,0.000000,0.000000,0.000,-20.916,-18.745,0.000000
658.095032,-200.000,0.000000,0.000000,0.000,-20.879,-18.712,0.000000
660.372803,-200.000,0.000000,0.000000,0.000,-20.841,-18.679,0.000000
662.659058,-200.000,0.000000,0.000000,0.000,-20.802,-18.646,0.000000
664.952637,-200.000,0.000000,0.000000,0.000,-20.764,-18.613,0.000000
667.254761,-200.000,0.000000,0.000000,0.000,-20.726,-18.580,0.000000
669.564209,-200.000,0.000000,0.000000,0.000,-20.687,-18.547,0.000000
671.882019,-200.000,0.000000,0.000000,0.000,-20.649,-18.513,0.000000
674.207764,-200.000,0.000000,0.000000,0.000,-20.610,-18.479,0.000000
676.541992,-200.000,0.000000,0.000000,0.000,-20.571,-18.446,0.000000
678.883545,-200.000,0.000000,0.000000,0.000,-20.532,-18.412,0.000000
681.233582,-200.000,0.000000,0.000000,0.000,-20.493,-18.378,0.000000
683.591797,-200.000,0.000000,0.000000,0.000,-20.453,-18.344,0.000000
685.958130,-200.000,0.000000,0.000000,0.000,-20.414,-18.310,0.000000
688.332642,-200.000,0.000000,0.000000,0.000,-20.374,-18.275,0.000000
690.715027,-200.000,0.000000,0.000000,0.000,-20.334,-18.241,0.000000
693.106384,-200.000,0.000000,0.000000,0.000,-20.294,-18.206,0.000000
695.505310,-200.000,0.000000,0.000000,0.000,-20.254,-18.172,0.000000
697.913208,-200.000,0.000000,0.000000,0.000,-20.214,-18.137,0.000000
700.328796,-200.000,0.000000,0.000000,0.000,-20.174,-18.102,0.000000
702.753052,-200.000,0.000000,0.000000,0.000,-20.134,-18.067,0.000000
705.185730,-200.000,0.000000,0.000000,0.000,-20.093,-18.032,0.000000
707.627136,-200.000,0.000000,0.000000,0.000,-20.052,-17.996,0.000000
710.076355,-200.000,0.000000,0.000000,0.000,-20.011,-17.961,0.000000
712.534363,-200.000,0.000000,0.000000,0.000,-19.970,-17.925,0.000000
715.000854,-200.000,0.000000,0.000000,0.000,-19.929,-17.890,0.000000
717.475891,-200.000,0.000000,0.000000,0.000,-19.888,-17.854,0.000000
719.959534,-200.000,0.000000,0.000000,0.000,-19.847,-17.818,0.000000
722.451416,-200.000,0.000000,0.000000,0.000,-19.805,-17.782,0.000000
724.952637,-200.000,0.000000,0.000000,0.000,-19.763,-17.746,0.000000
727.461792,-200.000,0.000000,0.000000,0.000,-19.721,-17.710,0.000000
729.980347,-200.000,0.000000,0.000000,0.000,-19.679,-17.673,0.000000
732.506897,-200.000,0.000000,0.000000,0.000,-19.637,-17.637,0.000000
735.042908,-200.000,0.000000,0.000000,0.000,-19.595,-17.600,0.000000
737.586975,-200.000,0.000000,0.000000,0.000,-19.552,-17.563,0.000000
740.140564,-200.000,0.000000,0.000000,0.000,-19.510,-17.526,0.000000
742.702332,-200.000,0.000000,0.000000,0.000,-19.467,-17.489,0.000000
745.273254,-200.000,0.000000,0.000000,0.000,-19.424,-17.452,0.000000
747.853088,-200.000,0.000000,0.000000,0.000,-19.381,-17.415,0.000000
750.441895,-200.000,0.000000,0.000000,0.000,-19.338,-17.377,0.000000
753.039612,-200.000,0.000000,0.000000,0.000,-19.295,-17.340,0.000000
755.646362,-200.000,0.000000,0.000000,0.000,-19.251,-17.302,0.000000
758.262146,-200.000,0.000000,0.000000,0.000,-19.208,-17.264,0.000000
760.886597,-200.000,0.000000,0.000000,0.000,-19.164,-17.226,0.000000
763.520813,-200.000,0.000000,0.000000,0.000,-19.120,-17.188,0.000000
766.163818,-200.000,0.000000,0.000000,0.000,-19.076,-17.150,0.000000
768.816040,-200.000,0.000000,0.000000,0.000,-19.032,-17.112,0.000000
771.476990,-200.000,0.000000,0.000000,0.000,-18.987,-17.073,0.000000
774.147888,-200.000,0.000000,0.000000,0.000,-18.943,-17.035,0.000000
776.827332,-200.000,0.000000,0.000000,0.000,-18.898,-16.996,0.000000
779.516785,-200.000,0.000000,0.000000,0.000,-18.853,-16.957,0.000000
782.214844,-200.000,0.000000,0.000000,0.000,-18.808,-16.918,0.000000
784.922546,-200.000,0.000000,0.000000,0.000,-18.763,-16.879,0.000000
787.639648,-200.000,0.000000,0.000000,0.000,-18.718,-16.840,0.000000
790.366150,-200.000,0.000000,0.000000,0.000,-18.672,-16.800,0.000000
793.102112,-200.000,0.000000,0.000000,0.000,-18.626,-16.761,0.000000
795.847107,-200.000,0.000000,0.000000,0.000,-18.581,-16.721,0.000000
798.602417,-200.000,0.000000,0.000000,0.000,-18.535,-16.681,0.000000
801.366882,-200.000,0.000000,0.000000,0.000,-18.489,-16.641,0.000000
804.140930,-200.000,0.000000,0.000000,0.000,-18.442,-16.601,0.000000
806.924133,-200.000,0.000000,0.000000,0.000,-18.396,-16.561,0.000000
809.717773,-200.000,0.000000,0.000000,0.000,-18.349,-16.520,0.000000
812.520325,-200.000,0.000000,0.000000,0.000,-18.302,-16.480,0.000000
815.333374,-200.000,0.000000,0.000000,0.000,-18.256,-16.439,0.000000
818.155334,-200.000,0.000000,0.000000,0.000,-18.208,-16.398,0.000000
820.987488,-200.000,0.000000,0.000000,0.000,-18.161,-16.357,0.000000
823.829407,-200.000,0.000000,0.000000,0.000,-18.114,-16.316,0.000000
826.681213,-200.000,0.000000,0.000000,0.000,-18.066,-16.275,0.000000
829.542847,-200.000,0.000000,0.000000,0.000,-18.018,-16.234,0.000000
832.414429,-200.000,0.000000,0.000000,0.000,-17.971,-16.192,0.000000
835.295898,-200.000,0.000000,0.000000,0.000,-17.923,-16.151,0.000000
838.187378,-200.000,0.000000,0.000000,0.000,-17.874,-16.109,0.000000
841.088867,-200.000,0.000000,0.000000,0.000,-17.826,-16.067,0.000000
844.000000,-200.000,0.000000,0.000000,0.000,-17.777,-16.025,0.000000
846.921997,-200.000,0.000000,0.000000,0.000,-17.729,-15.983,0.000000
849.853333,-200.000,0.000000,0.000000,0.000,-17.680,-15.940,0.000000
852.795593,-200.000,0.000000,0.000000,0.000,-17.631,-15.898,0.000000
855.747253,-200.000,0.000000,0.000000,0.000,-17.581,-15.855,0.000000
858.709534,-200.000,0.000000,0.000000,0.000,-17.532,-15.812,0.000000
861.682068,-200.000,0.000000,0.000000,0.000,-17.482,-15.769,0.000000
864.664856,-200.000,0.000000,0.000000,0.000,-17.433,-15.726,0.000000
867.657959,-200.000,0.000000,0.000000,0.000,-17.383,-15.683,0.000000
870.661499,-200.000,0.000000,0.000000,0.000,-17.333,-15.639,0.000000
873.675354,-200.000,0.000000,0.000000,0.000,-17.282,-15.596,0.000000
876.699707,-200.000,0.000000,0.000000,0.000,-17.232,-15.552,0.000000
879.734497,-200.000,0.000000,0.000000,0.000,-17.181,-15.508,0.000000
882.779419,-200.000,0.000000,0.000000,0.000,-17.130,-15.464,0.000000
885.835632,-200.000,0.000000,0.000000,0.000,-17.079,-15.420,0.000000
888.901672,-200.000,0.000000,0.000000,0.000,-17.028,-15.376,0.000000
891.979126,-200.000,0.000000,0.000000,0.000,-16.977,-15.331,0.000000
895.066406,-200.000,0.000000,0.000000,0.000,-16.925,-15.287,0.000000
898.164734,-200.000,0.000000,0.000000,0.000,-16.874,-15.242,0.000000
901.273865,-200.000,0.000000,0.000000,0.000,-16.822,-15.197,0.000000
904.393738,-200.000,0.000000,0.000000,0.000,-16.770,-15.152,0.000000
907.524414,-200.000,0.000000,0.000000,0.000,-16.718,-15.106,0.000000
910.665894,-200.000,0.000000,0.000000,0.000,-16.665,-15.061,0.000000
913.818298,-200.000,0.000000,0.000000,0.000,-16.613,-15.015,0.000000
916.981567,-200.000,0.000000,0.000000,0.000,-16.560,-14.970,0.000000
920.155823,-200.000,0.000000,0.000000,0.000,-16.507,-14.924,0.000000
923.341003,-200.000,0.000000,0.000000,0.000,-16.454,-14.878,0.000000
926.537292,-200.000,0.000000,0.000000,0.000,-16.400,-14.832,0.000000
929.744141,-8.405,52.245014,0.000000,0.000,-16.347,-14.785,0.000000
932.963013,-7.529,140.982666,0.000000,0.000,-16.293,-14.739,0.000000
936.192139,-7.829,118.827271,0.000000,0.000,-16.239,-14.692,0.000000
939.432861,-7.934,129.701431,0.000000,0.000,-16.185,-14.645,0.000000
942.684814,-8.645,-162.989151,0.000000,0.000,-16.131,-14.598,0.000000
945.948486,-9.687,67.398651,0.000000,0.000,-16.077,-14.551,0.000000
949.222534,-10.740,80.685776,0.000000,0.000,-16.022,-14.504,0.000000
952.508850,-11.560,24.044546,0.000000,0.000,-15.967,-14.456,0.000000
955.805603,-12.453,88.123833,0.000000,0.000,-15.912,-14.408,0.000000
959.114258,-13.707,23.605038,0.000000,0.000,-15.857,-14.361,0.000000
962.434326,-15.013,54.025536,0.000000,0.000,-15.802,-14.313,0.000000
965.765930,-16.813,0.071938,0.000000,0.000,-15.746,-14.264,0.000000
969.109009,-18.747,29.640568,0.000000,0.000,-15.690,-14.216,0.000000
972.463257,-19.849,95.079308,0.000000,0.000,-15.634,-14.168,0.000000
975.830017,-20.634,143.603180,0.000000,0.000,-15.578,-14.119,0.000000
979.207458,-21.569,61.612526,0.000000,0.000,-15.522,-14.070,0.000000
982.597595,-22.506,144.501556,0.000000,0.000,-15.465,-14.021,0.000000
985.998474,-23.738,-17.263899,0.000000,0.000,-15.409,-13.972,0.000000
989.412109,-23.751,53.744370,0.000000,0.000,-15.352,-13.923,0.000000
992.836609,-23.646,147.698364,0.000000,0.000,-15.294,-13.873,0.000000
996.273926,-19.923,56.743317,0.000000,0.000,-15.237,-13.823,0.000000
999.722168,-17.261,128.794281,0.000000,0.000,-15.180,-13.774,0.000000
1003.182800,-15.720,-38.566837,0.000000,0.000,-15.161,-13.755,0.000000
1006.655457,-12.848,71.862595,0.000000,0.000,-15.145,-13.740,0.000000
1010.140076,-11.611,-155.318893,0.000000,0.000,-15.129,-13.724,0.000000
1013.636780,-10.552,46.944839,0.000000,0.000,-15.113,-13.708,0.000000
1017.145142,-10.124,174.806519,0.000000,0.000,-15.097,-13.693,0.000000
1020.666565,-9.979,-68.794540,0.000000,0.000,-15.081,-13.677,0.000000
1024.199219,-9.902,71.174202,0.000000,0.000,-15.065,-13.661,0.000000
1027.745117,-10.368,-152.795715,0.000000,0.000,-15.049,-13.645,0.000000
1031.302246,-10.725,19.158703,0.000000,0.000,-15.033,-13.629,0.000000
1034.872803,-11.753,167.213730,0.000000,0.000,-15.017,-13.613,0.000000
1038.454590,-13.083,9.386341,0.000000,0.000,-15.000,-13.597,0.000000
1042.049805,-14.044,111.438324,0.000000,0.000,-14.984,-13.581,0.000000
1045.656494,-13.758,-37.684807,0.000000,0.000,-14.968,-13.565,0.000000
1049.276123,-13.227,-12.580776,0.000000,0.000,-14.951,-13.549,0.000000
1052.908325,-12.790,37.566544,0.000000,0.000,-14.935,-13.533,0.000000
1056.553101,-13.153,-146.813354,0.000000,0.000,-14.918,-13.516,0.000000
1060.210571,-14.038,141.797958,0.000000,0.000,-14.902,-13.500,0.000000
1063.880005,-14.266,-76.272987,0.000000,0.000,-14.885,-13.484,0.000000
1067.563354,-14.715,-160.108643,0.000000,0.000,-14.868,-13.467,0.000000
1071.258301,-14.973,-43.268574,0.000000,0.000,-14.852,-13.451,0.000000
1074.967041,-200.000,0.000000,0.000000,0.000,-14.835,-13.434,0.000000
1078.688232,-200.000,0.000000,0.000000,0.000,-14.818,-13.417,0.000000
1082.422241,-200.000,0.000000,0.000000,0.000,-14.801,-13.401,0.000000
1086.168579,-200.000,0.000000,0.000000,0.000,-14.784,-13.384,0.000000
1089.929077,-200.000,0.000000,0.000000,0.000,-14.767,-13.367,0.000000
1093.701416,-200.000,0.000000,0.000000,0.000,-14.750,-13.350,0.000000
1097.487427,-200.000,0.000000,0.000000,0.000,-14.733,-13.333,0.000000
1101.286499,-200.000,0.000000,0.000000,0.000,-14.715,-13.316,0.000000
1105.098755,-200.000,0.000000,0.000000,0.000,-14.698,-13.299,0.000000
1108.924194,-200.000,0.000000,0.000000,0.000,-14.681,-13.282,0.000000
1112.762817,-200.000,0.000000,0.000000,0.000,-14.663,-13.265,0.000000
1116.614746,-200.000,0.000000,0.000000,0.000,-14.646,-13.248,0.000000
1120.480103,-200.000,0.000000,0.000000,0.000,-14.628,-13.230,0.000000
1124.358765,-200.000,0.000000,0.000000,0.000,-14.611,-13.213,0.000000
1128.250854,-200.000,0.000000,0.000000,0.000,-14.593,-13.196,0.000000
1132.156372,-200.000,0.000000,0.000000,0.000,-14.575,-13.178,0.000000
1136.075562,-200.000,0.000000,0.000000,0.000,-14.558,-13.161,0.000000
1140.007568,-200.000,0.000000,0.000000,0.000,-14.540,-13.143,0.000000
1143.953857,-200.000,0.000000,0.000000,0.000,-14.522,-13.125,0.000000
1147.913818,-200.000,0.000000,0.000000,0.000,-14.504,-13.108,0.000000
1151.887451,-200.000,0.000000,0.000000,0.000,-14.486,-13.090,0.000000
1155.874878,-200.000,0.000000,0.000000,0.000,-14.468,-13.072,0.000000
1159.876099,-200.000,0.000000,0.000000,0.000,-14.450,-13.054,0.000000
1163.891113,-200.000,0.000000,0.000000,0.000,-14.431,-13.036,0.000000
1167.920044,-200.000,0.000000,0.000000,0.000,-14.413,-13.018,0.000000
1171.962891,-200.000,0.000000,0.000000,0.000,-14.395,-13.000,0.000000
1176.019775,-200.000,0.000000,0.000000,0.000,-14.376,-12.982,0.000000
1180.090698,-200.000,0.000000,0.000000,0.000,-14.358,-12.964,0.000000
1184.175781,-200.000,0.000000,0.000000,0.000,-14.339,-12.945,0.000000
1188.274902,-200.000,0.000000,0.000000,0.000,-14.321,-12.927,0.000000
1192.388306,-200.000,0.000000,0.000000,0.000,-14.302,-12.909,0.000000
1196.515259,-200.000,0.000000,0.000000,0.000,-14.283,-12.890,0.000000
1200.657227,-200.000,0.000000,0.000000,0.000,-14.265,-12.872,0.000000
1204.813965,-200.000,0.000000,0.000000,0.000,-14.246,-12.853,0.000000
1208.984009,-200.000,0.000000,0.000000,0.000,-14.227,-12.834,0.000000
1213.169067,-200.000,0.000000,0.000000,0.000,-14.208,-12.816,0.000000
1217.368530,-200.000,0.000000,0.000000,0.000,-14.189,-12.797,0.000000
1221.582642,-200.000,0.000000,0.000000,0.000,-14.170,-12.778,0.000000
1225.811279,-200.000,0.000000,0.000000,0.000,-14.150,-12.759,0.000000
1230.054565,-200.000,0.000000,0.000000,0.000,-14.131,-12.740,0.000000
1234.311890,-200.000,0.000000,0.000000,0.000,-14.112,-12.721,0.000000
1238.585205,-200.000,0.000000,0.000000,0.000,-14.092,-12.702,0.000000
1242.872803,-200.000,0.000000,0.000000,0.000,-14.073,-12.683,0.000000
1247.175049,-200.000,0.000000,0.000000,0.000,-14.054,-12.664,0.000000
1251.492310,-200.000,0.000000,0.000000,0.000,-14.034,-12.644,0.000000
1255.823975,-200.000,0.000000,0.000000,0.000,-14.014,-12.625,0.000000
1260.171753,-200.000,0.000000,0.000000,0.000,-13.995,-12.605,0.000000
1264.533325,-200.000,0.000000,0.000000,0.000,-13.975,-12.586,0.000000
1268.911255,-200.000,0.000000,0.000000,0.000,-13.955,-12.566,0.000000
1273.303101,-200.000,0.000000,0.000000,0.000,-13.935,-12.547,0.000000
1277.710815,-200.000,0.000000,0.000000,0.000,-13.915,-12.527,0.000000
1282.133789,-200.000,0.000000,0.000000,0.000,-13.895,-12.507,0.000000
1286.572021,-200.000,0.000000,0.000000,0.000,-13.875,-12.487,0.000000
1291.025024,-200.000,0.000000,0.000000,0.000,-13.855,-12.467,0.000000
1295.494751,-200.000,0.000000,0.000000,0.000,-13.834,-12.447,0.000000
1299.979248,-200.000,0.000000,0.000000,0.000,-13.814,-12.427,0.000000
1304.479248,-200.000,0.000000,0.000000,0.000,-13.794,-12.407,0.000000
1308.994873,-200.000,0.000000,0.000000,0.000,-13.773,-12.387,0.000000
1313.525513,-200.000,0.000000,0.000000,0.000,-13.752,-12.367,0.000000
1318.072998,-200.000,0.000000,0.000000,0.000,-13.732,-12.346,0.000000
1322.635010,-200.000,0.000000,0.000000,0.000,-13.711,-12.326,0.000000
1327.214111,-200.000,0.000000,0.000000,0.000,-13.690,-12.305,0.000000
1331.807739,-200.000,0.000000,0.000000,0.000,-13.670,-12.285,0.000000
1336.417969,-200.000,0.000000,0.000000,0.000,-13.649,-12.264,0.000000
1341.044189,-200.000,0.000000,0.000000,0.000,-13.628,-12.244,0.000000
1345.686401,-200.000,0.000000,0.000000,0.000,-13.607,-12.223,0.000000
1350.344604,-200.000,0.000000,0.000000,0.000,-13.585,-12.202,0.000000
1355.018921,-200.000,0.000000,0.000000,0.000,-13.564,-12.181,0.000000
1359.709595,-200.000,0.000000,0.000000,0.000,-13.543,-12.160,0.000000
1364.416382,-200.000,0.000000,0.000000,0.000,-13.522,-12.139,0.000000
1369.139404,-200.000,0.000000,0.000000,0.000,-13.500,-12.118,0.000000
1373.878174,-200.000,0.000000,0.000000,0.000,-13.479,-12.097,0.000000
1378.634644,-200.000,0.000000,0.000000,0.000,-13.457,-12.075,0.000000
1383.406372,-200.000,0.000000,0.000000,0.000,-13.435,-12.054,0.000000
1388.195801,-200.000,0.000000,0.000000,0.000,-13.414,-12.033,0.000000
1393.000610,-200.000,0.000000,0.000000,0.000,-13.392,-12.011,0.000000
1397.822632,-200.000,0.000000,0.000000,0.000,-13.370,-11.989,0.000000
1402.661377,-200.000,0.000000,0.000000,0.000,-13.348,-11.968,0.000000
1407.516846,-200.000,0.000000,0.000000,0.000,-13.326,-11.946,0.000000
1412.389771,-200.000,0.000000,0.000000,0.000,-13.304,-11.924,0.000000
1417.278198,-200.000,0.000000,0.000000,0.000,-13.282,-11.902,0.000000
1422.184326,-200.000,0.000000,0.000000,0.000,-13.259,-11.880,0.000000
1427.107300,-200.000,0.000000,0.000000,0.000,-13.237,-11.858,0.000000
1432.047485,-200.000,0.000000,0.000000,0.000,-13.215,-11.836,0.000000
1437.004639,-200.000,0.000000,0.000000,0.000,-13.192,-11.814,0.000000
1441.979004,-200.000,0.000000,0.000000,0.000,-13.170,-11.792,0.000000
1446.969849,-200.000,0.000000,0.000000,0.000,-13.147,-11.770,0.000000
1451.979492,-200.000,0.000000,0.000000,0.000,-13.124,-11.747,0.000000
1457.005005,-200.000,0.000000,0.000000,0.000,-13.101,-11.725,0.000000
1462.048584,-200.000,0.000000,0.000000,0.000,-13.079,-11.702,0.000000
1467.109619,-200.000,0.000000,0.000000,0.000,-13.056,-11.679,0.000000
1472.188110,-200.000,0.000000,0.000000,0.000,-13.033,-11.657,0.000000
1477.285034,-200.000,0.000000,0.000000,0.000,-13.009,-11.634,0.000000
1482.398071,-200.000,0.000000,0.000000,0.000,-12.986,-11.611,0.000000
1487.529541,-200.000,0.000000,0.000000,0.000,-12.963,-11.588,0.000000
1492.678833,-200.000,0.000000,0.000000,0.000,-12.940,-11.565,0.000000
1497.845947,-200.000,0.000000,0.000000,0.000,-12.916,-11.542,0.000000
1503.030884,-200.000,0.000000,0.000000,0.000,-12.893,-11.519,0.000000
1508.233765,-200.000,0.000000,0.000000,0.000,-12.869,-11.495,0.000000
1513.453979,-200.000,0.000000,0.000000,0.000,-12.845,-11.472,0.000000
1518.693726,-200.000,0.000000,0.000000,0.000,-12.822,-11.449,0.000000
1523.950195,-200.000,0.000000,0.000000,0.000,-12.798,-11.425,0.000000
1529.226196,-200.000,0.000000,0.000000,0.000,-12.774,-11.402,0.000000
1534.519775,-200.000,0.000000,0.000000,0.000,-12.750,-11.378,0.000000
1539.831055,-200.000,0.000000,0.000000,0.000,-12.726,-11.354,0.000000
1545.161987,-200.000,0.000000,0.000000,0.000,-12.702,-11.330,0.000000
1550.510010,-200.000,0.000000,0.000000,0.000,-12.677,-11.306,0.000000
1555.877319,-200.000,0.000000,0.000000,0.000,-12.653,-11.282,0.000000
1561.263184,-200.000,0.000000,0.000000,0.000,-12.628,-11.258,0.000000
1566.667725,-200.000,0.000000,0.000000,0.000,-12.604,-11.234,0.000000
1572.090820,-200.000,0.000000,0.000000,0.000,-12.579,-11.210,0.000000
1577.532837,-200.000,0.000000,0.000000,0.000,-12.555,-11.185,0.000000
1582.992920,-200.000,0.000000,0.000000,0.000,-12.530,-11.161,0.000000
1588.473389,-200.000,0.000000,0.000000,0.000,-12.505,-11.136,0.000000
1593.971313,-200.000,0.000000,0.000000,0.000,-12.480,-11.112,0.000000
1599.489746,-200.000,0.000000,0.000000,0.000,-12.455,-11.087,0.000000
1605.026611,-200.000,0.000000,0.000000,0.000,-12.430,-11.062,0.000000
1610.581787,-200.000,0.000000,0.000000,0.000,-12.405,-11.037,0.000000
1616.157837,-200.000,0.000000,0.000000,0.000,-12.379,-11.013,0.000000
1621.751587,-200.000,0.000000,0.000000,0.000,-12.354,-10.988,0.000000
1627.366211,-200.000,0.000000,0.000000,0.000,-12.329,-10.962,0.000000
1632.998779,-200.000,0.000000,0.000000,0.000,-12.303,-10.937,0.000000
1638.651611,-200.000,0.000000,0.000000,0.000,-12.277,-10.912,0.000000
1644.323975,-200.000,0.000000,0.000000,0.000,-12.252,-10.887,0.000000
1650.015991,-200.000,0.000000,0.000000,0.000,-12.226,-10.861,0.000000
1655.726929,-200.000,0.000000,0.000000,0.000,-12.200,-10.835,0.000000
1661.459229,-200.000,0.000000,0.000000,0.000,-12.174,-10.810,0.000000
1667.209717,-200.000,0.000000,0.000000,0.000,-12.148,-10.784,0.000000
1672.981812,-200.000,0.000000,0.000000,0.000,-12.122,-10.758,0.000000
1678.772949,-200.000,0.000000,0.000000,0.000,-12.095,-10.732,0.000000
1684.583496,-200.000,0.000000,0.000000,0.000,-12.069,-10.706,0.000000
1690.415649,-200.000,0.000000,0.000000,0.000,-12.042,-10.680,0.000000
1696.266357,-200.000,0.000000,0.000000,0.000,-12.016,-10.654,0.000000
1702.139038,-200.000,0.000000,0.000000,0.000,-11.989,-10.628,0.000000
1708.030396,-200.000,0.000000,0.000000,0.000,-11.963,-10.601,0.000000
1713.942871,-200.000,0.000000,0.000000,0.000,-11.936,-10.575,0.000000
1719.875977,-200.000,0.000000,0.000000,0.000,-11.909,-10.548,0.000000
1725.829468,-200.000,0.000000,0.000000,0.000,-11.882,-10.522,0.000000
1731.802856,-200.000,0.000000,0.000000,0.000,-11.855,-10.495,0.000000
1737.798462,-200.000,0.000000,0.000000,0.000,-11.827,-10.468,0.000000
1743.814087,-200.000,0.000000,0.000000,0.000,-11.800,-10.441,0.000000
1749.850464,-200.000,0.000000,0.000000,0.000,-11.773,-10.414,0.000000
1755.907837,-200.000,0.000000,0.000000,0.000,-11.745,-10.387,0.000000
1761.985229,-200.000,0.000000,0.000000,0.000,-11.718,-10.360,0.000000
1768.085449,-200.000,0.000000,0.000000,0.000,-11.690,-10.333,0.000000
1774.204956,-200.000,0.000000,0.000000,0.000,-11.662,-10.305,0.000000
1780.347412,-200.000,0.000000,0.000000,0.000,-11.634,-10.278,0.000000
1786.509521,-200.000,0.000000,0.000000,0.000,-11.606,-10.250,0.000000
1792.693726,-200.000,0.000000,0.000000,0.000,-11.578,-10.223,0.000000
1798.899292,-200.000,0.000000,0.000000,0.000,-11.550,-10.195,0.000000
1805.126465,-200.000,0.000000,0.000000,0.000,-11.522,-10.167,0.000000
1811.375122,-200.000,0.000000,0.000000,0.000,-11.494,-10.139,0.000000
1817.645386,-200.000,0.000000,0.000000,0.000,-11.465,-10.111,0.000000
1823.937378,-200.000,0.000000,0.000000,0.000,-11.437,-10.083,0.000000
1830.251099,-200.000,0.000000,0.000000,0.000,-11.408,-10.055,0.000000
1836.586792,-200.000,0.000000,0.000000,0.000,-11.379,-10.026,0.000000
1842.943481,-200.000,0.000000,0.000000,0.000,-11.350,-9.998,0.000000
1849.323853,-200.000,0.000000,0.000000,0.000,-11.321,-9.969,0.000000
1855.724609,-200.000,0.000000,0.000000,0.000,-11.292,-9.941,0.000000
1862.149292,-200.000,0.000000,0.000000,0.000,-11.263,-9.912,0.000000
1868.594482,-200.000,0.000000,0.000000,0.000,-11.234,-9.883,0.000000
1875.062866,-200.000,0.000000,0.000000,0.000,-11.205,-9.854,0.000000
1881.553589,-200.000,0.000000,0.000000,0.000,-11.175,-9.825,0.000000
1888.066772,-200.000,0.000000,0.000000,0.000,-11.146,-9.796,0.000000
1894.603516,-200.000,0.000000,0.000000,0.000,-11.116,-9.767,0.000000
1901.161011,-200.000,0.000000,0.000000,0.000,-11.086,-9.737,0.000000
1907.742065,-200.000,0.000000,0.000000,0.000,-11.056,-9.708,0.000000
1914.345947,-200.000,0.000000,0.000000,0.000,-11.026,-9.678,0.000000
1920.972656,-200.000,0.000000,0.000000,0.000,-10.996,-9.649,0.000000
1927.622314,-200.000,0.000000,0.000000,0.000,-10.966,-9.619,0.000000
1934.295044,-200.000,0.000000,0.000000,0.000,-10.936,-9.589,0.000000
1940.989868,-200.000,0.000000,0.000000,0.000,-10.906,-9.559,0.000000
1947.709717,-200.000,0.000000,0.000000,0.000,-10.875,-9.529,0.000000
1954.451050,-200.000,0.000000,0.000000,0.000,-10.845,-9.499,0.000000
1961.216675,-200.000,0.000000,0.000000,0.000,-10.814,-9.469,0.000000
1968.005615,-200.000,0.000000,0.000000,0.000,-10.783,-9.438,0.000000
1974.818115,-200.000,0.000000,0.000000,0.000,-10.752,-9.408,0.000000
1981.655151,-200.000,0.000000,0.000000,0.000,-10.721,-9.377,0.000000
1988.513916,-200.000,0.000000,0.000000,0.000,-10.690,-9.346,0.000000
1995.397339,-200.000,0.000000,0.000000,0.000,-10.659,-9.316,0.000000
2002.304688,-200.000,0.000000,0.000000,0.000,-10.636,-9.294,0.000000
2009.235840,-200.000,0.000000,0.000000,0.000,-10.632,-9.290,0.000000
2016.191040,-200.000,0.000000,0.000000,0.000,-10.627,-9.286,0.000000
2023.170288,-200.000,0.000000,0.000000,0.000,-10.623,-9.282,0.000000
2030.172852,-200.000,0.000000,0.000000,0.000,-10.618,-9.278,0.000000
2037.201416,-200.000,0.000000,0.000000,0.000,-10.614,-9.274,0.000000
2044.252441,-200.000,0.000000,0.000000,0.000,-10.609,-9.270,0.000000
2051.329834,-200.000,0.000000,0.000000,0.000,-10.604,-9.266,0.000000
2058.430908,-200.000,0.000000,0.000000,0.000,-10.600,-9.262,0.000000
2065.555420,-200.000,0.000000,0.000000,0.000,-10.595,-9.258,0.000000
2072.706543,-200.000,0.000000,0.000000,0.000,-10.590,-9.254,0.000000
2079.880371,-200.000,0.000000,0.000000,0.000,-10.586,-9.250,0.000000
2087.080078,-200.000,0.000000,0.000000,0.000,-10.581,-9.246,0.000000
2094.304932,-200.000,0.000000,0.000000,0.000,-10.576,-9.241,0.000000
2101.554443,-200.000,0.000000,0.000000,0.000,-10.571,-9.237,0.000000
2108.829346,-200.000,0.000000,0.000000,0.000,-10.567,-9.233,0.000000
2116.129150,-200.000,0.000000,0.000000,0.000,-10.562,-9.229,0.000000
2123.453369,-200.000,0.000000,0.000000,0.000,-10.557,-9.225,0.000000
2130.804932,-200.000,0.000000,0.000000,0.000,-10.552,-9.221,0.000000
2138.180176,-200.000,0.000000,0.000000,0.000,-10.547,-9.217,0.000000
2145.582520,-200.000,0.000000,0.000000,0.000,-10.543,-9.212,0.000000
2153.009766,-200.000,0.000000,0.000000,0.000,-10.538,-9.208,0.000000
2160.461670,-200.000,0.000000,0.000000,0.000,-10.533,-9.204,0.000000
2167.941406,-200.000,0.000000,0.000000,0.000,-10.528,-9.200,0.000000
2175.445068,-200.000,0.000000,0.000000,0.000,-10.523,-9.195,0.000000
2182.976562,-200.000,0.000000,0.000000,0.000,-10.518,-9.191,0.000000
2190.532227,-200.000,0.000000,0.000000,0.000,-10.513,-9.187,0.000000
2198.114990,-200.000,0.000000,0.000000,0.000,-10.508,-9.182,0.000000
2205.723877,-200.000,0.000000,0.000000,0.000,-10.503,-9.178,0.000000
2213.359375,-200.000,0.000000,0.000000,0.000,-10.498,-9.174,0.000000
2221.020020,-200.000,0.000000,0.000000,0.000,-10.493,-9.169,0.000000
2228.709473,-200.000,0.000000,0.000000,0.000,-10.488,-9.165,0.000000
2236.423340,-200.000,0.000000,0.000000,0.000,-10.483,-9.161,0.000000
2244.166016,-200.000,0.000000,0.000000,0.000,-10.478,-9.156,0.000000
2251.934570,-200.000,0.000000,0.000000,0.000,-10.473,-9.152,0.000000
2259.728760,-200.000,0.000000,0.000000,0.000,-10.468,-9.147,0.000000
2267.552002,-200.000,0.000000,0.000000,0.000,-10.463,-9.143,0.000000
2275.400391,-200.000,0.000000,0.000000,0.000,-10.458,-9.139,0.000000
2283.278076,-200.000,0.000000,0.000000,0.000,-10.453,-9.134,0.000000
2291.180908,-200.000,0.000000,0.000000,0.000,-10.447,-9.130,0.000000
2299.112061,-200.000,0.000000,0.000000,0.000,-10.442,-9.125,0.000000
2307.070557,-200.000,0.000000,0.000000,0.000,-10.437,-9.121,0.000000
2315.056885,-200.000,0.000000,0.000000,0.000,-10.432,-9.116,0.000000
2323.069580,-200.000,0.000000,0.000000,0.000,-10.427,-9.111,0.000000
2331.112305,-200.000,0.000000,0.000000,0.000,-10.421,-9.107,0.000000
2339.181641,-200.000,0.000000,0.000000,0.000,-10.416,-9.102,0.000000
2347.279053,-200.000,0.000000,0.000000,0.000,-10.411,-9.098,0.000000
2355.404297,-200.000,0.000000,0.000000,0.000,-10.405,-9.093,0.000000
2363.556885,-200.000,0.000000,0.000000,0.000,-10.400,-9.088,0.000000
2371.739746,-200.000,0.000000,0.000000,0.000,-10.395,-9.084,0.000000
2379.948486,-200.000,0.000000,0.000000,0.000,-10.389,-9.079,0.000000
2388.188232,-200.000,0.000000,0.000000,0.000,-10.384,-9.074,0.000000
2396.454102,-200.000,0.000000,0.000000,0.000,-10.379,-9.070,0.000000
2404.749512,-200.000,0.000000,0.000000,0.000,-10.373,-9.065,0.000000
2413.073975,-200.000,0.000000,0.000000,0.000,-10.368,-9.060,0.000000
2421.427002,-200.000,0.000000,0.000000,0.000,-10.362,-9.056,0.000000
2429.809082,-200.000,0.000000,0.000000,0.000,-10.357,-9.051,0.000000
2438.220215,-200.000,0.000000,0.000000,0.000,-10.351,-9.046,0.000000
2446.660400,-200.000,0.000000,0.000000,0.000,-10.346,-9.041,0.000000
2455.129883,-200.000,0.000000,0.000000,0.000,-10.340,-9.036,0.000000
2463.628418,-200.000,0.000000,0.000000,0.000,-10.335,-9.032,0.000000
2472.155518,-200.000,0.000000,0.000000,0.000,-10.329,-9.027,0.000000
2480.714355,-200.000,0.000000,0.000000,0.000,-10.323,-9.022,0.000000
2489.300293,-200.000,0.000000,0.000000,0.000,-10.318,-9.017,0.000000
2497.918701,-200.000,0.000000,0.000000,0.000,-10.312,-9.012,0.000000
2506.564209,-200.000,0.000000,0.000000,0.000,-10.307,-9.007,0.000000
2515.240967,-200.000,0.000000,0.000000,0.000,-10.301,-9.002,0.000000
2523.947754,-200.000,0.000000,0.000000,0.000,-10.295,-8.997,0.000000
2532.684814,-200.000,0.000000,0.000000,0.000,-10.289,-8.992,0.000000
2541.453125,-200.000,0.000000,0.000000,0.000,-10.284,-8.987,0.000000
2550.249512,-200.000,0.000000,0.000000,0.000,-10.278,-8.982,0.000000
2559.077393,-200.000,0.000000,0.000000,0.000,-10.272,-8.977,0.000000
2567.936035,-200.000,0.000000,0.000000,0.000,-10.266,-8.972,0.000000
2576.825195,-200.000,0.000000,0.000000,0.000,-10.261,-8.967,0.000000
2585.745117,-200.000,0.000000,0.000000,0.000,-10.255,-8.962,0.000000
2594.696045,-200.000,0.000000,0.000000,0.000,-10.249,-8.957,0.000000
2603.676514,-200.000,0.000000,0.000000,0.000,-10.243,-8.952,0.000000
2612.690918,-200.000,0.000000,0.000000,0.000,-10.237,-8.947,0.000000
2621.733643,-200.000,0.000000,0.000000,0.000,-10.231,-8.942,0.000000
2630.809082,-200.000,0.000000,0.000000,0.000,-10.225,-8.937,0.000000
2639.916016,-200.000,0.000000,0.000000,0.000,-10.219,-8.931,0.000000
2649.054443,-200.000,0.000000,0.000000,0.000,-10.213,-8.926,0.000000
2658.225586,-200.000,0.000000,0.000000,0.000,-10.207,-8.921,0.000000
2667.426025,-200.000,0.000000,0.000000,0.000,-10.201,-8.916,0.000000
2676.659668,-200.000,0.000000,0.000000,0.000,-10.195,-8.911,0.000000
2685.925293,-200.000,0.000000,0.000000,0.000,-10.189,-8.905,0.000000
2695.222900,-200.000,0.000000,0.000000,0.000,-10.183,-8.900,0.000000
2704.552734,-200.000,0.000000,0.000000,0.000,-10.177,-8.895,0.000000
2713.914795,-200.000,0.000000,0.000000,0.000,-10.171,-8.889,0.000000
2723.308105,-200.000,0.000000,0.000000,0.000,-10.165,-8.884,0.000000
2732.736572,-200.000,0.000000,0.000000,0.000,-10.159,-8.879,0.000000
2742.194824,-200.000,0.000000,0.000000,0.000,-10.152,-8.873,0.000000
2751.688477,-200.000,0.000000,0.000000,0.000,-10.146,-8.868,0.000000
2761.212646,-200.000,0.000000,0.000000,0.000,-10.140,-8.862,0.000000
2770.770752,-200.000,0.000000,0.000000,0.000,-10.134,-8.857,0.000000
2780.363525,-200.000,0.000000,0.000000,0.000,-10.127,-8.852,0.000000
2789.986816,-200.000,0.000000,0.000000,0.000,-10.121,-8.846,0.000000
2799.644531,-200.000,0.000000,0.000000,0.000,-10.115,-8.841,0.000000
2809.335938,-200.000,0.000000,0.000000,0.000,-10.109,-8.835,0.000000
2819.060791,-200.000,0.000000,0.000000,0.000,-10.102,-8.830,0.000000
2828.819336,-200.000,0.000000,0.000000,0.000,-10.096,-8.824,0.000000
2838.611572,-200.000,0.000000,0.000000,0.000,-10.089,-8.819,0.000000
2848.436279,-200.000,0.000000,0.000000,0.000,-10.083,-8.813,0.000000
2858.297852,-200.000,0.000000,0.000000,0.000,-10.076,-8.807,0.000000
2868.190918,-200.000,0.000000,0.000000,0.000,-10.070,-8.802,0.000000
2878.120850,-200.000,0.000000,0.000000,0.000,-10.064,-8.796,0.000000
2888.083740,-200.000,0.000000,0.000000,0.000,-10.057,-8.790,0.000000
2898.079834,-200.000,0.000000,0.000000,0.000,-10.050,-8.785,0.000000
2908.113281,-200.000,0.000000,0.000000,0.000,-10.044,-8.779,0.000000
2918.178711,-200.000,0.000000,0.000000,0.000,-10.037,-8.773,0.000000
2928.281738,-200.000,0.000000,0.000000,0.000,-10.031,-8.768,0.000000
2938.416748,-200.000,0.000000,0.000000,0.000,-10.024,-8.762,0.000000
2948.588379,-200.000,0.000000,0.000000,0.000,-10.017,-8.756,0.000000
2958.795410,-200.000,0.000000,0.000000,0.000,-10.011,-8.750,0.000000
2969.037598,-200.000,0.000000,0.000000,0.000,-10.004,-8.744,0.000000
2979.313965,-200.000,0.000000,0.000000,0.000,-9.997,-8.739,0.000000
2989.629883,-200.000,0.000000,0.000000,0.000,-9.991,-8.733,0.000000
2999.974609,-200.000,0.000000,0.000000,0.000,-9.984,-8.727,0.000000
3010.360840,-200.000,0.000000,0.000000,0.000,-9.977,-8.721,0.000000
3020.782959,-200.000,0.000000,0.000000,0.000,-9.970,-8.715,0.000000
3031.238281,-200.000,0.000000,0.000000,0.000,-9.963,-8.709,0.000000
3041.732666,-200.000,0.000000,0.000000,0.000,-9.957,-8.703,0.000000
3052.260498,-200.000,0.000000,0.000000,0.000,-9.950,-8.697,0.000000
3062.827881,-200.000,0.000000,0.000000,0.000,-9.943,-8.691,0.000000
3073.428711,-200.000,0.000000,0.000000,0.000,-9.936,-8.685,0.000000
3084.066162,-200.000,0.000000,0.000000,0.000,-9.929,-8.679,0.000000
3094.743652,-200.000,0.000000,0.000000,0.000,-9.922,-8.673,0.000000
3105.457764,-200.000,0.000000,0.000000,0.000,-9.915,-8.667,0.000000
3116.206299,-200.000,0.000000,0.000000,0.000,-9.908,-8.661,0.000000
3126.991943,-200.000,0.000000,0.000000,0.000,-9.901,-8.655,0.000000
3137.817871,-200.000,0.000000,0.000000,0.000,-9.894,-8.648,0.000000
3148.681152,-200.000,0.000000,0.000000,0.000,-9.887,-8.642,0.000000
3159.579346,-200.000,0.000000,0.000000,0.000,-9.879,-8.636,0.000000
3170.515137,-200.000,0.000000,0.000000,0.000,-9.872,-8.630,0.000000
3181.491699,-200.000,0.000000,0.000000,0.000,-9.865,-8.624,0.000000
3192.503174,-200.000,0.000000,0.000000,0.000,-9.858,-8.617,0.000000
3203.555908,-200.000,0.000000,0.000000,0.000,-9.851,-8.611,0.000000
3214.644043,-200.000,0.000000,0.000000,0.000,-9.843,-8.605,0.000000
3225.773438,-200.000,0.000000,0.000000,0.000,-9.836,-8.599,0.000000
3236.938232,-200.000,0.000000,0.000000,0.000,-9.829,-8.592,0.000000
3248.141602,-200.000,0.000000,0.000000,0.000,-9.822,-8.586,0.000000
3259.386963,-200.000,0.000000,0.000000,0.000,-9.814,-8.579,0.000000
3270.671387,-200.000,0.000000,0.000000,0.000,-9.807,-8.573,0.000000
3281.991699,-200.000,0.000000,0.000000,0.000,-9.799,-8.567,0.000000
3293.351074,-200.000,0.000000,0.000000,0.000,-9.792,-8.560,0.000000
3304.752930,-200.000,0.000000,0.000000,0.000,-9.784,-8.554,0.000000
3316.194336,-200.000,0.000000,0.000000,0.000,-9.777,-8.547,0.000000
3327.672119,-200.000,0.000000,0.000000,0.000,-9.769,-8.541,0.000000
3339.189697,-200.000,0.000000,0.000000,0.000,-9.762,-8.534,0.000000
3350.750244,-200.000,0.000000,0.000000,0.000,-9.754,-8.527,0.000000
3362.347656,-200.000,0.000000,0.000000,0.000,-9.747,-8.521,0.000000
3373.985107,-200.000,0.000000,0.000000,0.000,-9.739,-8.514,0.000000
3385.666260,-200.000,0.000000,0.000000,0.000,-9.732,-8.508,0.000000
3397.387695,-200.000,0.000000,0.000000,0.000,-9.724,-8.501,0.000000
3409.146484,-200.000,0.000000,0.000000,0.000,-9.716,-8.494,0.000000
3420.946045,-200.000,0.000000,0.000000,0.000,-9.708,-8.488,0.000000
3432.789795,-200.000,0.000000,0.000000,0.000,-9.701,-8.481,0.000000
3444.674316,-200.000,0.000000,0.000000,0.000,-9.693,-8.474,0.000000
3456.596924,-200.000,0.000000,0.000000,0.000,-9.685,-8.467,0.000000
3468.560547,-200.000,0.000000,0.000000,0.000,-9.677,-8.461,0.000000
3480.569092,-200.000,0.000000,0.000000,0.000,-9.669,-8.454,0.000000
3492.615723,-200.000,0.000000,0.000000,0.000,-9.662,-8.447,0.000000
3504.707520,-200.000,0.000000,0.000000,0.000,-9.654,-8.440,0.000000
3516.837891,-200.000,0.000000,0.000000,0.000,-9.646,-8.433,0.000000
3529.013428,-200.000,0.000000,0.000000,0.000,-9.638,-8.426,0.000000
3541.228027,-200.000,0.000000,0.000000,0.000,-9.630,-8.419,0.000000
3553.484619,-200.000,0.000000,0.000000,0.000,-9.622,-8.412,0.000000
3565.787109,-200.000,0.000000,0.000000,0.000,-9.614,-8.405,0.000000
3578.132080,-200.000,0.000000,0.000000,0.000,-9.606,-8.398,0.000000
3590.516602,-200.000,0.000000,0.000000,0.000,-9.598,-8.391,0.000000
3602.943848,-200.000,0.000000,0.000000,0.000,-9.589,-8.384,0.000000
3615.417480,-200.000,0.000000,0.000000,0.000,-9.581,-8.377,0.000000
3627.934570,-200.000,0.000000,0.000000,0.000,-9.573,-8.370,0.000000
3640.491211,-200.000,0.000000,0.000000,0.000,-9.565,-8.363,0.000000
3653.091553,-200.000,0.000000,0.000000,0.000,-9.557,-8.356,0.000000
3665.739014,-200.000,0.000000,0.000000,0.000,-9.548,-8.348,0.000000
3678.426514,-200.000,0.000000,0.000000,0.000,-9.540,-8.341,0.000000
3691.161621,-200.000,0.000000,0.000000,0.000,-9.532,-8.334,0.000000
3703.937256,-200.000,0.000000,0.000000,0.000,-9.523,-8.327,0.000000
3716.760498,-200.000,0.000000,0.000000,0.000,-9.515,-8.320,0.000000
3729.628418,-200.000,0.000000,0.000000,0.000,-9.507,-8.312,0.000000
3742.533447,-200.000,0.000000,0.000000,0.000,-9.498,-8.305,0.000000
3755.490479,-200.000,0.000000,0.000000,0.000,-9.490,-8.297,0.000000
3768.492432,-200.000,0.000000,0.000000,0.000,-9.481,-8.290,0.000000
3781.535645,-200.000,0.000000,0.000000,0.000,-9.473,-8.283,0.000000
3794.624023,-200.000,0.000000,0.000000,0.000,-9.464,-8.275,0.000000
3807.761475,-200.000,0.000000,0.000000,0.000,-9.456,-8.268,0.000000
3820.940674,-200.000,0.000000,0.000000,0.000,-9.447,-8.260,0.000000
3834.169189,-200.000,0.000000,0.000000,0.000,-9.438,-8.253,0.000000
3847.439697,-200.000,0.000000,0.000000,0.000,-9.430,-8.245,0.000000
3860.760010,-200.000,0.000000,0.000000,0.000,-9.421,-8.238,0.000000
3874.126221,-200.000,0.000000,0.000000,0.000,-9.412,-8.230,0.000000
3887.531494,-200.000,0.000000,0.000000,0.000,-9.403,-8.222,0.000000
3900.990479,-200.000,0.000000,0.000000,0.000,-9.395,-8.215,0.000000
3914.496094,-200.000,0.000000,0.000000,0.000,-9.386,-8.207,0.000000
3928.048340,-200.000,0.000000,0.000000,0.000,-9.377,-8.199,0.000000
3941.640137,-200.000,0.000000,0.000000,0.000,-9.368,-8.192,0.000000
3955.286377,-200.000,0.000000,0.000000,0.000,-9.359,-8.184,0.000000
3968.979980,-200.000,0.000000,0.000000,0.000,-9.350,-8.176,0.000000
3982.717285,-200.000,0.000000,0.000000,0.000,-9.341,-8.168,0.000000
3996.501953,-200.000,0.000000,0.000000,0.000,-9.332,-8.161,0.000000
4010.338135,-200.000,0.000000,0.000000,0.000,-9.331,-8.160,0.000000
4024.218506,-200.000,0.000000,0.000000,0.000,-9.332,-8.161,0.000000
4038.150879,-200.000,0.000000,0.000000,0.000,-9.333,-8.163,0.000000
4052.127441,-200.000,0.000000,0.000000,0.000,-9.334,-8.165,0.000000
4066.156250,-200.000,0.000000,0.000000,0.000,-9.336,-8.166,0.000000
4080.233643,-200.000,0.000000,0.000000,0.000,-9.337,-8.168,0.000000
4094.352051,-200.000,0.000000,0.000000,0.000,-9.338,-8.170,0.000000
4108.526855,-200.000,0.000000,0.000000,0.000,-9.339,-8.171,0.000000
4122.750977,-200.000,0.000000,0.000000,0.000,-9.341,-8.173,0.000000
4137.020508,-200.000,0.000000,0.000000,0.000,-9.342,-8.175,0.000000
4151.339355,-200.000,0.000000,0.000000,0.000,-9.343,-8.177,0.000000
4165.711914,-200.000,0.000000,0.000000,0.000,-9.344,-8.178,0.000000
4180.133789,-200.000,0.000000,0.000000,0.000,-9.346,-8.180,0.000000
4194.601562,-200.000,0.000000,0.000000,0.000,-9.347,-8.182,0.000000
4209.120117,-200.000,0.000000,0.000000,0.000,-9.348,-8.183,0.000000
4223.692383,-200.000,0.000000,0.000000,0.000,-9.349,-8.185,0.000000
4238.314941,-200.000,0.000000,0.000000,0.000,-9.351,-8.187,0.000000
4252.980469,-200.000,0.000000,0.000000,0.000,-9.352,-8.189,0.000000
4267.704590,-200.000,0.000000,0.000000,0.000,-9.353,-8.190,0.000000
4282.479980,-200.000,0.000000,0.000000,0.000,-9.355,-8.192,0.000000
4297.306152,-200.000,0.000000,0.000000,0.000,-9.356,-8.194,0.000000
4312.175781,-200.000,0.000000,0.000000,0.000,-9.357,-8.196,0.000000
4327.104980,-200.000,0.000000,0.000000,0.000,-9.359,-8.198,0.000000
4342.085449,-200.000,0.000000,0.000000,0.000,-9.360,-8.199,0.000000
4357.114258,-200.000,0.000000,0.000000,0.000,-9.361,-8.201,0.000000
4372.194824,-200.000,0.000000,0.000000,0.000,-9.363,-8.203,0.000000
4387.331543,-200.000,0.000000,0.000000,0.000,-9.364,-8.205,0.000000
4402.520996,-200.000,0.000000,0.000000,0.000,-9.365,-8.207,0.000000
4417.758789,-200.000,0.000000,0.000000,0.000,-9.367,-8.208,0.000000
4433.049316,-200.000,0.000000,0.000000,0.000,-9.368,-8.210,0.000000
4448.396973,-200.000,0.000000,0.000000,0.000,-9.369,-8.212,0.000000
4463.797852,-200.000,0.000000,0.000000,0.000,-9.371,-8.214,0.000000
4479.243164,-200.000,0.000000,0.000000,0.000,-9.372,-8.216,0.000000
4494.750977,-200.000,0.000000,0.000000,0.000,-9.373,-8.217,0.000000
4510.312012,-200.000,0.000000,0.000000,0.000,-9.375,-8.219,0.000000
4525.922852,-200.000,0.000000,0.000000,0.000,-9.376,-8.221,0.000000
4541.587891,-200.000,0.000000,0.000000,0.000,-9.378,-8.223,0.000000
4557.311035,-200.000,0.000000,0.000000,0.000,-9.379,-8.225,0.000000
4573.088867,-200.000,0.000000,0.000000,0.000,-9.380,-8.227,0.000000
4588.916992,-200.000,0.000000,0.000000,0.000,-9.382,-8.229,0.000000
4604.799805,-200.000,0.000000,0.000000,0.000,-9.383,-8.231,0.000000
4620.742188,-200.000,0.000000,0.000000,0.000,-9.385,-8.232,0.000000
4636.739746,-200.000,0.000000,0.000000,0.000,-9.386,-8.234,0.000000
4652.788086,-200.000,0.000000,0.000000,0.000,-9.387,-8.236,0.000000
4668.892090,-200.000,0.000000,0.000000,0.000,-9.389,-8.238,0.000000
4685.056152,-200.000,0.000000,0.000000,0.000,-9.390,-8.240,0.000000
4701.276367,-200.000,0.000000,0.000000,0.000,-9.392,-8.242,0.000000
4717.543457,-200.000,0.000000,0.000000,0.000,-9.393,-8.244,0.000000
4733.875977,-200.000,0.000000,0.000000,0.000,-9.394,-8.246,0.000000
4750.265137,-200.000,0.000000,0.000000,0.000,-9.396,-8.248,0.000000
4766.706543,-200.000,0.000000,0.000000,0.000,-9.397,-8.250,0.000000
4783.209473,-200.000,0.000000,0.000000,0.000,-9.399,-8.252,0.000000
4799.764648,-200.000,0.000000,0.000000,0.000,-9.400,-8.254,0.000000
4816.381836,-200.000,0.000000,0.000000,0.000,-9.402,-8.256,0.000000
4833.052246,-200.000,0.000000,0.000000,0.000,-9.403,-8.258,0.000000
4849.779785,-200.000,0.000000,0.000000,0.000,-9.405,-8.260,0.000000
4866.570312,-200.000,0.000000,0.000000,0.000,-9.406,-8.262,0.000000
4883.418945,-200.000,0.000000,0.000000,0.000,-9.408,-8.264,0.000000
4900.316406,-200.000,0.000000,0.000000,0.000,-9.409,-8.266,0.000000
4917.281738,-200.000,0.000000,0.000000,0.000,-9.411,-8.268,0.000000
4934.305664,-200.000,0.000000,0.000000,0.000,-9.412,-8.270,0.000000
4951.388672,-200.000,0.000000,0.000000,0.000,-9.414,-8.272,0.000000
4968.521484,-200.000,0.000000,0.000000,0.000,-9.415,-8.274,0.000000
4985.723145,-200.000,0.000000,0.000000,0.000,-9.417,-8.276,0.000000
5002.984375,-200.000,0.000000,0.000000,0.000,-9.418,-8.278,0.000000
5020.300293,-200.000,0.000000,0.000000,0.000,-9.420,-8.280,0.000000
5037.681152,-200.000,0.000000,0.000000,0.000,-9.421,-8.282,0.000000
5055.117188,-200.000,0.000000,0.000000,0.000,-9.423,-8.284,0.000000
5072.618164,-200.000,0.000000,0.000000,0.000,-9.424,-8.286,0.000000
5090.175293,-200.000,0.000000,0.000000,0.000,-9.426,-8.288,0.000000
5107.792969,-200.000,0.000000,0.000000,0.000,-9.427,-8.291,0.000000
5125.477051,-200.000,0.000000,0.000000,0.000,-9.429,-8.293,0.000000
5143.221680,-200.000,0.000000,0.000000,0.000,-9.431,-8.295,0.000000
5161.018066,-200.000,0.000000,0.000000,0.000,-9.432,-8.297,0.000000
5178.886230,-200.000,0.000000,0.000000,0.000,-9.434,-8.299,0.000000
5196.815918,-200.000,0.000000,0.000000,0.000,-9.435,-8.301,0.000000
5214.802734,-200.000,0.000000,0.000000,0.000,-9.437,-8.303,0.000000
5232.856934,-200.000,0.000000,0.000000,0.000,-9.438,-8.305,0.000000
5250.968750,-200.000,0.000000,0.000000,0.000,-9.440,-8.308,0.000000
5269.147949,-200.000,0.000000,0.000000,0.000,-9.442,-8.310,0.000000
5287.385254,-200.000,0.000000,0.000000,0.000,-9.443,-8.312,0.000000
5305.685547,-200.000,0.000000,0.000000,0.000,-9.445,-8.314,0.000000
5324.054199,-200.000,0.000000,0.000000,0.000,-9.447,-8.316,0.000000
5342.486816,-200.000,0.000000,0.000000,0.000,-9.448,-8.318,0.000000
5360.978027,-200.000,0.000000,0.000000,0.000,-9.450,-8.321,0.000000
5379.532715,-200.000,0.000000,0.000000,0.000,-9.451,-8.323,0.000000
5398.157227,-200.000,0.000000,0.000000,0.000,-9.453,-8.325,0.000000
5416.846191,-200.000,0.000000,0.000000,0.000,-9.455,-8.327,0.000000
5435.594727,-200.000,0.000000,0.000000,0.000,-9.456,-8.330,0.000000
5454.408203,-200.000,0.000000,0.000000,0.000,-9.458,-8.332,0.000000
5473.291992,-200.000,0.000000,0.000000,0.000,-9.460,-8.334,0.000000
5492.235352,-200.000,0.000000,0.000000,0.000,-9.461,-8.336,0.000000
5511.250000,-200.000,0.000000,0.000000,0.000,-9.463,-8.339,0.000000
5530.325195,-200.000,0.000000,0.000000,0.000,-9.465,-8.341,0.000000
5549.472168,-200.000,0.000000,0.000000,0.000,-9.466,-8.343,0.000000
5568.679199,-200.000,0.000000,0.000000,0.000,-9.468,-8.345,0.000000
5587.953613,-200.000,0.000000,0.000000,0.000,-9.470,-8.348,0.000000
5607.299316,-200.000,0.000000,0.000000,0.000,-9.471,-8.350,0.000000
5626.712402,-200.000,0.000000,0.000000,0.000,-9.473,-8.352,0.000000
5646.181641,-200.000,0.000000,0.000000,0.000,-9.475,-8.355,0.000000
5665.729492,-200.000,0.000000,0.000000,0.000,-9.477,-8.357,0.000000
5685.344727,-200.000,0.000000,0.000000,0.000,-9.478,-8.359,0.000000
5705.027832,-200.000,0.000000,0.000000,0.000,-9.480,-8.362,0.000000
5724.773926,-200.000,0.000000,0.000000,0.000,-9.482,-8.364,0.000000
5744.587891,-200.000,0.000000,0.000000,0.000,-9.484,-8.366,0.000000
5764.476562,-200.000,0.000000,0.000000,0.000,-9.485,-8.369,0.000000
5784.428223,-200.000,0.000000,0.000000,0.000,-9.487,-8.371,0.000000
5804.448730,-200.000,0.000000,0.000000,0.000,-9.489,-8.374,0.000000
5824.544434,-200.000,0.000000,0.000000,0.000,-9.491,-8.376,0.000000
5844.709473,-200.000,0.000000,0.000000,0.000,-9.492,-8.378,0.000000
5864.938965,-200.000,0.000000,0.000000,0.000,-9.494,-8.381,0.000000
5885.238281,-200.000,0.000000,0.000000,0.000,-9.496,-8.383,0.000000
5905.613281,-200.000,0.000000,0.000000,0.000,-9.498,-8.386,0.000000
5926.059082,-200.000,0.000000,0.000000,0.000,-9.500,-8.388,0.000000
5946.570312,-200.000,0.000000,0.000000,0.000,-9.501,-8.390,0.000000
5967.151855,-200.000,0.000000,0.000000,0.000,-9.503,-8.393,0.000000
5987.811035,-200.000,0.000000,0.000000,0.000,-9.505,-8.395,0.000000
6008.535645,-200.000,0.000000,0.000000,0.000,-9.507,-8.398,0.000000
6029.337402,-200.000,0.000000,0.000000,0.000,-9.509,-8.400,0.000000
6050.206055,-200.000,0.000000,0.000000,0.000,-9.511,-8.403,0.000000
6071.152344,-200.000,0.000000,0.000000,0.000,-9.512,-8.405,0.000000
6092.165527,-200.000,0.000000,0.000000,0.000,-9.514,-8.408,0.000000
6113.251465,-200.000,0.000000,0.000000,0.000,-9.516,-8.410,0.000000
6134.416016,-200.000,0.000000,0.000000,0.000,-9.518,-8.413,0.000000
6155.653809,-200.000,0.000000,0.000000,0.000,-9.520,-8.415,0.000000
6176.959473,-200.000,0.000000,0.000000,0.000,-9.522,-8.418,0.000000
6198.338867,-200.000,0.000000,0.000000,0.000,-9.524,-8.420,0.000000
6219.797852,-200.000,0.000000,0.000000,0.000,-9.525,-8.423,0.000000
6241.331543,-200.000,0.000000,0.000000,0.000,-9.527,-8.426,0.000000
6262.933594,-200.000,0.000000,0.000000,0.000,-9.529,-8.428,0.000000
6284.610352,-200.000,0.000000,0.000000,0.000,-9.531,-8.431,0.000000
6306.368652,-200.000,0.000000,0.000000,0.000,-9.533,-8.433,0.000000
6328.195801,-200.000,0.000000,0.000000,0.000,-9.535,-8.436,0.000000
6350.104492,-200.000,0.000000,0.000000,0.000,-9.537,-8.438,0.000000
6372.083008,-200.000,0.000000,0.000000,0.000,-9.539,-8.441,0.000000
6394.143555,-200.000,0.000000,0.000000,0.000,-9.541,-8.444,0.000000
6416.274902,-200.000,0.000000,0.000000,0.000,-9.543,-8.446,0.000000
6438.482422,-200.000,0.000000,0.000000,0.000,-9.545,-8.449,0.000000
6460.772949,-200.000,0.000000,0.000000,0.000,-9.547,-8.452,0.000000
6483.140625,-200.000,0.000000,0.000000,0.000,-9.549,-8.454,0.000000
6505.580078,-200.000,0.000000,0.000000,0.000,-9.551,-8.457,0.000000
6528.096680,-200.000,0.000000,0.000000,0.000,-9.553,-8.460,0.000000
6550.697266,-200.000,0.000000,0.000000,0.000,-9.555,-8.462,0.000000
6573.370605,-200.000,0.000000,0.000000,0.000,-9.557,-8.465,0.000000
6596.127930,-200.000,0.000000,0.000000,0.000,-9.559,-8.468,0.000000
6618.958008,-200.000,0.000000,0.000000,0.000,-9.561,-8.471,0.000000
6641.873535,-200.000,0.000000,0.000000,0.000,-9.563,-8.473,0.000000
6664.861816,-200.000,0.000000,0.000000,0.000,-9.565,-8.476,0.000000
6687.930176,-200.000,0.000000,0.000000,0.000,-9.567,-8.479,0.000000
6711.084473,-200.000,0.000000,0.000000,0.000,-9.569,-8.481,0.000000
6734.318848,-200.000,0.000000,0.000000,0.000,-9.571,-8.484,0.000000
6757.633301,-200.000,0.000000,0.000000,0.000,-9.573,-8.487,0.000000
6781.016113,-200.000,0.000000,0.000000,0.000,-9.575,-8.490,0.000000
6804.492676,-200.000,0.000000,0.000000,0.000,-9.577,-8.493,0.000000
6828.050293,-200.000,0.000000,0.000000,0.000,-9.579,-8.495,0.000000
6851.683105,-200.000,0.000000,0.000000,0.000,-9.581,-8.498,0.000000
6875.397949,-200.000,0.000000,0.000000,0.000,-9.583,-8.501,0.000000
6899.201172,-200.000,0.000000,0.000000,0.000,-9.585,-8.504,0.000000
6923.080078,-200.000,0.000000,0.000000,0.000,-9.588,-8.507,0.000000
6947.048828,-200.000,0.000000,0.000000,0.000,-9.590,-8.510,0.000000
6971.093262,-200.000,0.000000,0.000000,0.000,-9.592,-8.512,0.000000
6995.228027,-200.000,0.000000,0.000000,0.000,-9.594,-8.515,0.000000
7019.446289,-200.000,0.000000,0.000000,0.000,-9.596,-8.518,0.000000
7043.734863,-200.000,0.000000,0.000000,0.000,-9.598,-8.521,0.000000
7068.120605,-200.000,0.000000,0.000000,0.000,-9.600,-8.524,0.000000
7092.591309,-200.000,0.000000,0.000000,0.000,-9.602,-8.527,0.000000
7117.139648,-200.000,0.000000,0.000000,0.000,-9.605,-8.530,0.000000
7141.772949,-200.000,0.000000,0.000000,0.000,-9.607,-8.533,0.000000
7166.498535,-200.000,0.000000,0.000000,0.000,-9.609,-8.536,0.000000
7191.309570,-200.000,0.000000,0.000000,0.000,-9.611,-8.539,0.000000
7216.199707,-200.000,0.000000,0.000000,0.000,-9.613,-8.542,0.000000
7241.176270,-200.000,0.000000,0.000000,0.000,-9.616,-8.545,0.000000
7266.245605,-200.000,0.000000,0.000000,0.000,-9.618,-8.548,0.000000
7291.402344,-200.000,0.000000,0.000000,0.000,-9.620,-8.551,0.000000
7316.631836,-200.000,0.000000,0.000000,0.000,-9.622,-8.554,0.000000
7341.962402,-200.000,0.000000,0.000000,0.000,-9.624,-8.557,0.000000
7367.381348,-200.000,0.000000,0.000000,0.000,-9.627,-8.560,0.000000
7392.887695,-200.000,0.000000,0.000000,0.000,-9.629,-8.563,0.000000
7418.468262,-200.000,0.000000,0.000000,0.000,-9.631,-8.566,0.000000
7444.151855,-200.000,0.000000,0.000000,0.000,-9.633,-8.569,0.000000
7469.924316,-200.000,0.000000,0.000000,0.000,-9.636,-8.572,0.000000
7495.778809,-200.000,0.000000,0.000000,0.000,-9.638,-8.575,0.000000
7521.722656,-200.000,0.000000,0.000000,0.000,-9.640,-8.578,0.000000
7547.763672,-200.000,0.000000,0.000000,0.000,-9.643,-8.581,0.000000
7573.887207,-200.000,0.000000,0.000000,0.000,-9.645,-8.584,0.000000
7600.108887,-200.000,0.000000,0.000000,0.000,-9.647,-8.587,0.000000
7626.414062,-200.000,0.000000,0.000000,0.000,-9.650,-8.591,0.000000
7652.817383,-200.000,0.000000,0.000000,0.000,-9.652,-8.594,0.000000
7679.312012,-200.000,0.000000,0.000000,0.000,-9.654,-8.597,0.000000
7705.883789,-200.000,0.000000,0.000000,0.000,-9.657,-8.600,0.000000
7732.562500,-200.000,0.000000,0.000000,0.000,-9.659,-8.603,0.000000
7759.333008,-200.000,0.000000,0.000000,0.000,-9.661,-8.606,0.000000
7786.189453,-200.000,0.000000,0.000000,0.000,-9.664,-8.610,0.000000
7813.138672,-200.000,0.000000,0.000000,0.000,-9.666,-8.613,0.000000
7840.188477,-200.000,0.000000,0.000000,0.000,-9.668,-8.616,0.000000
7867.331543,-200.000,0.000000,0.000000,0.000,-9.671,-8.619,0.000000
7894.561523,-200.000,0.000000,0.000000,0.000,-9.673,-8.622,0.000000
7921.885742,-200.000,0.000000,0.000000,0.000,-9.676,-8.626,0.000000
7949.312012,-200.000,0.000000,0.000000,0.000,-9.678,-8.629,0.000000
7976.833496,-200.000,0.000000,0.000000,0.000,-9.680,-8.632,0.000000
8004.442383,-200.000,0.000000,0.000000,0.000,-9.683,-8.635,0.000000
8032.146973,-200.000,0.000000,0.000000,0.000,-9.684,-8.637,0.000000
8059.955078,-200.000,0.000000,0.000000,0.000,-9.685,-8.638,0.000000
8087.859375,-200.000,0.000000,0.000000,0.000,-9.686,-8.639,0.000000
8115.844727,-200.000,0.000000,0.000000,0.000,-9.688,-8.640,0.000000
8143.942383,-200.000,0.000000,0.000000,0.000,-9.689,-8.642,0.000000
8172.137695,-200.000,0.000000,0.000000,0.000,-9.690,-8.643,0.000000
8200.422852,-200.000,0.000000,0.000000,0.000,-9.692,-8.644,0.000000
8228.805664,-200.000,0.000000,0.000000,0.000,-9.693,-8.646,0.000000
8257.293945,-200.000,0.000000,0.000000,0.000,-9.694,-8.647,0.000000
8285.881836,-200.000,0.000000,0.000000,0.000,-9.696,-8.648,0.000000
8314.560547,-200.000,0.000000,0.000000,0.000,-9.697,-8.650,0.000000
8343.337891,-200.000,0.000000,0.000000,0.000,-9.698,-8.651,0.000000
8372.223633,-200.000,0.000000,0.000000,0.000,-9.699,-8.652,0.000000
8401.208984,-200.000,0.000000,0.000000,0.000,-9.701,-8.654,0.000000
8430.278320,-200.000,0.000000,0.000000,0.000,-9.702,-8.655,0.000000
8459.464844,-200.000,0.000000,0.000000,0.000,-9.703,-8.656,0.000000
8488.752930,-200.000,0.000000,0.000000,0.000,-9.705,-8.658,0.000000
8518.141602,-200.000,0.000000,0.000000,0.000,-9.706,-8.659,0.000000
8547.616211,-200.000,0.000000,0.000000,0.000,-9.708,-8.660,0.000000
8577.208008,-200.000,0.000000,0.000000,0.000,-9.709,-8.662,0.000000
8606.903320,-200.000,0.000000,0.000000,0.000,-9.710,-8.663,0.000000
8636.693359,-200.000,0.000000,0.000000,0.000,-9.712,-8.665,0.000000
8666.594727,-200.000,0.000000,0.000000,0.000,-9.713,-8.666,0.000000
8696.590820,-200.000,0.000000,0.000000,0.000,-9.714,-8.667,0.000000
8726.699219,-200.000,0.000000,0.000000,0.000,-9.716,-8.669,0.000000
8756.903320,-200.000,0.000000,0.000000,0.000,-9.717,-8.670,0.000000
8787.211914,-200.000,0.000000,0.000000,0.000,-9.718,-8.671,0.000000
8817.634766,-200.000,0.000000,0.000000,0.000,-9.720,-8.673,0.000000
8848.162109,-200.000,0.000000,0.000000,0.000,-9.721,-8.674,0.000000
8878.778320,-200.000,0.000000,0.000000,0.000,-9.723,-8.676,0.000000
8909.517578,-200.000,0.000000,0.000000,0.000,-9.724,-8.677,0.000000
8940.363281,-200.000,0.000000,0.000000,0.000,-9.725,-8.679,0.000000
8971.306641,-200.000,0.000000,0.000000,0.000,-9.727,-8.680,0.000000
9002.366211,-200.000,0.000000,0.000000,0.000,-9.728,-8.681,0.000000
9033.524414,-200.000,0.000000,0.000000,0.000,-9.730,-8.683,0.000000
9064.799805,-200.000,0.000000,0.000000,0.000,-9.731,-8.684,0.000000
9096.173828,-200.000,0.000000,0.000000,0.000,-9.733,-8.686,0.000000
9127.657227,-200.000,0.000000,0.000000,0.000,-9.734,-8.687,0.000000
9159.257812,-200.000,0.000000,0.000000,0.000,-9.735,-8.689,0.000000
9190.967773,-200.000,0.000000,0.000000,0.000,-9.737,-8.690,0.000000
9222.770508,-200.000,0.000000,0.000000,0.000,-9.738,-8.692,0.000000
9254.701172,-200.000,0.000000,0.000000,0.000,-9.740,-8.693,0.000000
9286.741211,-200.000,0.000000,0.000000,0.000,-9.741,-8.695,0.000000
9318.892578,-200.000,0.000000,0.000000,0.000,-9.743,-8.696,0.000000
9351.137695,-200.000,0.000000,0.000000,0.000,-9.744,-8.698,0.000000
9383.512695,-200.000,0.000000,0.000000,0.000,-9.746,-8.699,0.000000
9415.999023,-200.000,0.000000,0.000000,0.000,-9.747,-8.701,0.000000
9448.588867,-200.000,0.000000,0.000000,0.000,-9.749,-8.702,0.000000
9481.300781,-200.000,0.000000,0.000000,0.000,-9.750,-8.704,0.000000
9514.117188,-200.000,0.000000,0.000000,0.000,-9.752,-8.705,0.000000
9547.055664,-200.000,0.000000,0.000000,0.000,-9.753,-8.707,0.000000
9580.099609,-200.000,0.000000,0.000000,0.000,-9.755,-8.708,0.000000
9613.257812,-200.000,0.000000,0.000000,0.000,-9.756,-8.710,0.000000
9646.540039,-200.000,0.000000,0.000000,0.000,-9.758,-8.711,0.000000
9679.936523,-200.000,0.000000,0.000000,0.000,-9.759,-8.713,0.000000
9713.431641,-200.000,0.000000,0.000000,0.000,-9.761,-8.714,0.000000
9747.060547,-200.000,0.000000,0.000000,0.000,-9.762,-8.716,0.000000
9780.805664,-200.000,0.000000,0.000000,0.000,-9.764,-8.718,0.000000
9814.658203,-200.000,0.000000,0.000000,0.000,-9.765,-8.719,0.000000
9848.637695,-200.000,0.000000,0.000000,0.000,-9.767,-8.721,0.000000
9882.724609,-200.000,0.000000,0.000000,0.000,-9.769,-8.722,0.000000
9916.939453,-200.000,0.000000,0.000000,0.000,-9.770,-8.724,0.000000
9951.263672,-200.000,0.000000,0.000000,0.000,-9.772,-8.725,0.000000
9985.706055,-200.000,0.000000,0.000000,0.000,-9.773,-8.727,0.000000
10020.278320,-200.000,0.000000,0.000000,0.000,-9.775,-8.729,0.000000
10054.968750,-200.000,0.000000,0.000000,0.000,-9.776,-8.730,0.000000
10089.770508,-200.000,0.000000,0.000000,0.000,-9.778,-8.732,0.000000
10124.692383,-200.000,0.000000,0.000000,0.000,-9.780,-8.733,0.000000
10159.745117,-200.000,0.000000,0.000000,0.000,-9.781,-8.735,0.000000
10194.918945,-200.000,0.000000,0.000000,0.000,-9.783,-8.737,0.000000
10230.205078,-200.000,0.000000,0.000000,0.000,-9.784,-8.738,0.000000
10265.613281,-200.000,0.000000,0.000000,0.000,-9.786,-8.740,0.000000
10301.154297,-200.000,0.000000,0.000000,0.000,-9.788,-8.742,0.000000
10336.807617,-200.000,0.000000,0.000000,0.000,-9.789,-8.743,0.000000
10372.594727,-200.000,0.000000,0.000000,0.000,-9.791,-8.745,0.000000
10408.496094,-200.000,0.000000,0.000000,0.000,-9.793,-8.747,0.000000
10444.531250,-200.000,0.000000,0.000000,0.000,-9.794,-8.748,0.000000
10480.680664,-200.000,0.000000,0.000000,0.000,-9.796,-8.750,0.000000
10516.956055,-200.000,0.000000,0.000000,0.000,-9.798,-8.752,0.000000
10553.367188,-200.000,0.000000,0.000000,0.000,-9.799,-8.753,0.000000
10589.903320,-200.000,0.000000,0.000000,0.000,-9.801,-8.755,0.000000
10626.546875,-200.000,0.000000,0.000000,0.000,-9.803,-8.757,0.000000
10663.336914,-200.000,0.000000,0.000000,0.000,-9.804,-8.758,0.000000
10700.253906,-200.000,0.000000,0.000000,0.000,-9.806,-8.760,0.000000
10737.299805,-200.000,0.000000,0.000000,0.000,-9.808,-8.762,0.000000
10774.462891,-200.000,0.000000,0.000000,0.000,-9.809,-8.764,0.000000
10811.754883,-200.000,0.000000,0.000000,0.000,-9.811,-8.765,0.000000
10849.185547,-200.000,0.000000,0.000000,0.000,-9.813,-8.767,0.000000
10886.736328,-200.000,0.000000,0.000000,0.000,-9.815,-8.769,0.000000
10924.427734,-200.000,0.000000,0.000000,0.000,-9.816,-8.770,0.000000
10962.238281,-200.000,0.000000,0.000000,0.000,-9.818,-8.772,0.000000
11000.190430,-200.000,0.000000,0.000000,0.000,-9.820,-8.774,0.000000
11038.263672,-200.000,0.000000,0.000000,0.000,-9.821,-8.776,0.000000
11076.468750,-200.000,0.000000,0.000000,0.000,-9.823,-8.778,0.000000
11114.816406,-200.000,0.000000,0.000000,0.000,-9.825,-8.779,0.000000
11153.296875,-200.000,0.000000,0.000000,0.000,-9.827,-8.781,0.000000
11191.900391,-200.000,0.000000,0.000000,0.000,-9.828,-8.783,0.000000
11230.636719,-200.000,0.000000,0.000000,0.000,-9.830,-8.785,0.000000
11269.518555,-200.000,0.000000,0.000000,0.000,-9.832,-8.786,0.000000
11308.523438,-200.000,0.000000,0.000000,0.000,-9.834,-8.788,0.000000
11347.674805,-200.000,0.000000,0.000000,0.000,-9.836,-8.790,0.000000
11386.951172,-200.000,0.000000,0.000000,0.000,-9.837,-8.792,0.000000
11426.373047,-200.000,0.000000,0.000000,0.000,-9.839,-8.794,0.000000
11465.921875,-200.000,0.000000,0.000000,0.000,-9.841,-8.796,0.000000
11505.606445,-200.000,0.000000,0.000000,0.000,-9.843,-8.797,0.000000
11545.440430,-200.000,0.000000,0.000000,0.000,-9.845,-8.799,0.000000
11585.412109,-200.000,0.000000,0.000000,0.000,-9.846,-8.801,0.000000
11625.521484,-200.000,0.000000,0.000000,0.000,-9.848,-8.803,0.000000
11665.748047,-200.000,0.000000,0.000000,0.000,-9.850,-8.805,0.000000
11706.135742,-200.000,0.000000,0.000000,0.000,-9.852,-8.807,0.000000
11746.664062,-200.000,0.000000,0.000000,0.000,-9.854,-8.809,0.000000
11787.320312,-200.000,0.000000,0.000000,0.000,-9.856,-8.810,0.000000
11828.118164,-200.000,0.000000,0.000000,0.000,-9.858,-8.812,0.000000
11869.068359,-200.000,0.000000,0.000000,0.000,-9.859,-8.814,0.000000
11910.148438,-200.000,0.000000,0.000000,0.000,-9.861,-8.816,0.000000
11951.382812,-200.000,0.000000,0.000000,0.000,-9.863,-8.818,0.000000
11992.748047,-200.000,0.000000,0.000000,0.000,-9.865,-8.820,0.000000
12034.268555,-200.000,0.000000,0.000000,0.000,-9.867,-8.822,0.000000
12075.931641,-200.000,0.000000,0.000000,0.000,-9.869,-8.824,0.000000
12117.716797,-200.000,0.000000,0.000000,0.000,-9.871,-8.826,0.000000
12159.669922,-200.000,0.000000,0.000000,0.000,-9.873,-8.828,0.000000
12201.767578,-200.000,0.000000,0.000000,0.000,-9.875,-8.830,0.000000
12243.999023,-200.000,0.000000,0.000000,0.000,-9.877,-8.832,0.000000
12286.377930,-200.000,0.000000,0.000000,0.000,-9.879,-8.834,0.000000
12328.914062,-200.000,0.000000,0.000000,0.000,-9.880,-8.836,0.000000
12371.597656,-200.000,0.000000,0.000000,0.000,-9.882,-8.837,0.000000
12414.417969,-200.000,0.000000,0.000000,0.000,-9.884,-8.839,0.000000
12457.385742,-200.000,0.000000,0.000000,0.000,-9.886,-8.841,0.000000
12500.514648,-200.000,0.000000,0.000000,0.000,-9.888,-8.843,0.000000
12543.780273,-200.000,0.000000,0.000000,0.000,-9.890,-8.845,0.000000
12587.196289,-200.000,0.000000,0.000000,0.000,-9.892,-8.847,0.000000
12630.774414,-200.000,0.000000,0.000000,0.000,-9.894,-8.849,0.000000
12674.502930,-200.000,0.000000,0.000000,0.000,-9.896,-8.852,0.000000
12718.383789,-200.000,0.000000,0.000000,0.000,-9.898,-8.854,0.000000
12762.391602,-200.000,0.000000,0.000000,0.000,-9.900,-8.856,0.000000
12806.576172,-200.000,0.000000,0.000000,0.000,-9.902,-8.858,0.000000
12850.914062,-200.000,0.000000,0.000000,0.000,-9.904,-8.860,0.000000
12895.392578,-200.000,0.000000,0.000000,0.000,-9.906,-8.862,0.000000
12940.025391,-200.000,0.000000,0.000000,0.000,-9.908,-8.864,0.000000
12984.825195,-200.000,0.000000,0.000000,0.000,-9.910,-8.866,0.000000
13029.767578,-200.000,0.000000,0.000000,0.000,-9.913,-8.868,0.000000
13074.876953,-200.000,0.000000,0.000000,0.000,-9.915,-8.870,0.000000
13120.131836,-200.000,0.000000,0.000000,0.000,-9.917,-8.872,0.000000
13165.554688,-200.000,0.000000,0.000000,0.000,-9.919,-8.874,0.000000
13211.134766,-200.000,0.000000,0.000000,0.000,-9.921,-8.876,0.000000
13256.847656,-200.000,0.000000,0.000000,0.000,-9.923,-8.878,0.000000
13302.744141,-200.000,0.000000,0.000000,0.000,-9.925,-8.881,0.000000
13348.799805,-200.000,0.000000,0.000000,0.000,-9.927,-8.883,0.000000
13395.001953,-200.000,0.000000,0.000000,0.000,-9.929,-8.885,0.000000
13441.363281,-200.000,0.000000,0.000000,0.000,-9.931,-8.887,0.000000
13487.899414,-200.000,0.000000,0.000000,0.000,-9.933,-8.889,0.000000
13534.595703,-200.000,0.000000,0.000000,0.000,-9.936,-8.891,0.000000
13581.440430,-200.000,0.000000,0.000000,0.000,-9.938,-8.894,0.000000
13628.447266,-200.000,0.000000,0.000000,0.000,-9.940,-8.896,0.000000
13675.630859,-200.000,0.000000,0.000000,0.000,-9.942,-8.898,0.000000
13722.976562,-200.000,0.000000,0.000000,0.000,-9.944,-8.900,0.000000
13770.473633,-200.000,0.000000,0.000000,0.000,-9.946,-8.902,0.000000
13818.135742,-200.000,0.000000,0.000000,0.000,-9.949,-8.904,0.000000
13865.975586,-200.000,0.000000,0.000000,0.000,-9.951,-8.907,0.000000
13913.980469,-200.000,0.000000,0.000000,0.000,-9.953,-8.909,0.000000
13962.125977,-200.000,0.000000,0.000000,0.000,-9.955,-8.911,0.000000
14010.463867,-200.000,0.000000,0.000000,0.000,-9.957,-8.913,0.000000
14058.969727,-200.000,0.000000,0.000000,0.000,-9.960,-8.916,0.000000
14107.628906,-200.000,0.000000,0.000000,0.000,-9.962,-8.918,0.000000
14156.458008,-200.000,0.000000,0.000000,0.000,-9.964,-8.920,0.000000
14205.468750,-200.000,0.000000,0.000000,0.000,-9.966,-8.922,0.000000
14254.635742,-200.000,0.000000,0.000000,0.000,-9.969,-8.925,0.000000
14303.986328,-200.000,0.000000,0.000000,0.000,-9.971,-8.927,0.000000
14353.495117,-200.000,0.000000,0.000000,0.000,-9.973,-8.929,0.000000
14403.188477,-200.000,0.000000,0.000000,0.000,-9.975,-8.932,0.000000
14453.052734,-200.000,0.000000,0.000000,0.000,-9.978,-8.934,0.000000
14503.063477,-200.000,0.000000,0.000000,0.000,-9.980,-8.936,0.000000
14553.274414,-200.000,0.000000,0.000000,0.000,-9.982,-8.939,0.000000
14603.659180,-200.000,0.000000,0.000000,0.000,-9.985,-8.941,0.000000
14654.218750,-200.000,0.000000,0.000000,0.000,-9.987,-8.943,0.000000
14704.924805,-200.000,0.000000,0.000000,0.000,-9.989,-8.946,0.000000
14755.834961,-200.000,0.000000,0.000000,0.000,-9.991,-8.948,0.000000
14806.920898,-200.000,0.000000,0.000000,0.000,-9.994,-8.950,0.000000
14858.168945,-200.000,0.000000,0.000000,0.000,-9.996,-8.953,0.000000
14909.609375,-200.000,0.000000,0.000000,0.000,-9.999,-8.955,0.000000
14961.213867,-200.000,0.000000,0.000000,0.000,-10.001,-8.957,0.000000
15013.010742,-200.000,0.000000,0.000000,0.000,-10.003,-8.960,0.000000
15064.973633,-200.000,0.000000,0.000000,0.000,-10.006,-8.962,0.000000
15117.115234,-200.000,0.000000,0.000000,0.000,-10.008,-8.965,0.000000
15169.452148,-200.000,0.000000,0.000000,0.000,-10.010,-8.967,0.000000
15221.969727,-200.000,0.000000,0.000000,0.000,-10.013,-8.970,0.000000
15274.640625,-200.000,0.000000,0.000000,0.000,-10.015,-8.972,0.000000
15327.523438,-200.000,0.000000,0.000000,0.000,-10.018,-8.974,0.000000
15380.588867,-200.000,0.000000,0.000000,0.000,-10.020,-8.977,0.000000
15433.823242,-200.000,0.000000,0.000000,0.000,-10.022,-8.979,0.000000
15487.241211,-200.000,0.000000,0.000000,0.000,-10.025,-8.982,0.000000
15540.859375,-200.000,0.000000,0.000000,0.000,-10.027,-8.984,0.000000
15594.664062,-200.000,0.000000,0.000000,0.000,-10.030,-8.987,0.000000
15648.638672,-200.000,0.000000,0.000000,0.000,-10.032,-8.989,0.000000
15702.800781,-200.000,0.000000,0.000000,0.000,-10.035,-8.992,0.000000
15757.166016,-200.000,0.000000,0.000000,0.000,-10.037,-8.994,0.000000
15811.718750,-200.000,0.000000,0.000000,0.000,-10.040,-8.997,0.000000
15866.429688,-200.000,0.000000,0.000000,0.000,-10.042,-8.999,0.000000
15921.361328,-200.000,0.000000,0.000000,0.000,-10.045,-9.002,0.000000
15976.482422,-200.000,0.000000,0.000000,0.000,-10.047,-9.004,0.000000
16031.793945,-200.000,0.000000,0.000000,0.000,-10.050,-9.007,0.000000
16087.267578,-200.000,0.000000,0.000000,0.000,-10.052,-9.010,0.000000
16142.962891,-200.000,0.000000,0.000000,0.000,-10.055,-9.012,0.000000
16198.851562,-200.000,0.000000,0.000000,0.000,-10.057,-9.015,0.000000
16254.917969,-200.000,0.000000,0.000000,0.000,-10.060,-9.017,0.000000
16311.194336,-200.000,0.000000,0.000000,0.000,-10.063,-9.020,0.000000
16367.649414,-200.000,0.000000,0.000000,0.000,-10.065,-9.023,0.000000
16424.316406,-200.000,0.000000,0.000000,0.000,-10.068,-9.025,0.000000
16481.162109,-200.000,0.000000,0.000000,0.000,-10.070,-9.028,0.000000
16538.205078,-200.000,0.000000,0.000000,0.000,-10.073,-9.030,0.000000
16595.462891,-200.000,0.000000,0.000000,0.000,-10.076,-9.033,0.000000
16652.917969,-200.000,0.000000,0.000000,0.000,-10.078,-9.036,0.000000
16710.539062,-200.000,0.000000,0.000000,0.000,-10.081,-9.038,0.000000
16768.392578,-200.000,0.000000,0.000000,0.000,-10.084,-9.041,0.000000
16826.447266,-200.000,0.000000,0.000000,0.000,-10.086,-9.044,0.000000
16884.685547,-200.000,0.000000,0.000000,0.000,-10.089,-9.047,0.000000
16943.142578,-200.000,0.000000,0.000000,0.000,-10.092,-9.049,0.000000
17001.785156,-200.000,0.000000,0.000000,0.000,-10.094,-9.052,0.000000
17060.646484,-200.000,0.000000,0.000000,0.000,-10.097,-9.055,0.000000
17119.695312,-200.000,0.000000,0.000000,0.000,-10.100,-9.057,0.000000
17178.949219,-200.000,0.000000,0.000000,0.000,-10.102,-9.060,0.000000
17238.423828,-200.000,0.000000,0.000000,0.000,-10.105,-9.063,0.000000
17298.105469,-200.000,0.000000,0.000000,0.000,-10.108,-9.066,0.000000
17357.976562,-200.000,0.000000,0.000000,0.000,-10.111,-9.068,0.000000
17418.054688,-200.000,0.000000,0.000000,0.000,-10.113,-9.071,0.000000
17478.357422,-200.000,0.000000,0.000000,0.000,-10.116,-9.074,0.000000
17538.869141,-200.000,0.000000,0.000000,0.000,-10.119,-9.077,0.000000
17599.556641,-200.000,0.000000,0.000000,0.000,-10.122,-9.080,0.000000
17660.488281,-200.000,0.000000,0.000000,0.000,-10.124,-9.082,0.000000
17721.630859,-200.000,0.000000,0.000000,0.000,-10.127,-9.085,0.000000
17782.968750,-200.000,0.000000,0.000000,0.000,-10.130,-9.088,0.000000
17844.535156,-200.000,0.000000,0.000000,0.000,-10.133,-9.091,0.000000
17906.296875,-200.000,0.000000,0.000000,0.000,-10.136,-9.094,0.000000
17968.291016,-200.000,0.000000,0.000000,0.000,-10.138,-9.097,0.000000
18030.480469,-200.000,0.000000,0.000000,0.000,-10.141,-9.100,0.000000
18092.886719,-200.000,0.000000,0.000000,0.000,-10.144,-9.102,0.000000
18155.525391,-200.000,0.000000,0.000000,0.000,-10.147,-9.105,0.000000
18218.382812,-200.000,0.000000,0.000000,0.000,-10.150,-9.108,0.000000
18281.421875,-200.000,0.000000,0.000000,0.000,-10.153,-9.111,0.000000
18344.712891,-200.000,0.000000,0.000000,0.000,-10.156,-9.114,0.000000
18408.224609,-200.000,0.000000,0.000000,0.000,-10.159,-9.117,0.000000
18471.955078,-200.000,0.000000,0.000000,0.000,-10.161,-9.120,0.000000
18535.888672,-200.000,0.000000,0.000000,0.000,-10.164,-9.123,0.000000
18600.044922,-200.000,0.000000,0.000000,0.000,-10.167,-9.126,0.000000
18664.439453,-200.000,0.000000,0.000000,0.000,-10.170,-9.129,0.000000
18729.041016,-200.000,0.000000,0.000000,0.000,-10.173,-9.132,0.000000
18793.880859,-200.000,0.000000,0.000000,0.000,-10.176,-9.135,0.000000
18858.929688,-200.000,0.000000,0.000000,0.000,-10.179,-9.138,0.000000
18924.220703,-200.000,0.000000,0.000000,0.000,-10.182,-9.141,0.000000
18989.720703,-200.000,0.000000,0.000000,0.000,-10.185,-9.144,0.000000
19055.447266,-200.000,0.000000,0.000000,0.000,-10.188,-9.147,0.000000
19121.417969,-200.000,0.000000,0.000000,0.000,-10.191,-9.150,0.000000
19187.619141,-200.000,0.000000,0.000000,0.000,-10.194,-9.153,0.000000
19254.029297,-200.000,0.000000,0.000000,0.000,-10.197,-9.156,0.000000
19320.669922,-200.000,0.000000,0.000000,0.000,-10.200,-9.159,0.000000
19387.560547,-200.000,0.000000,0.000000,0.000,-10.203,-9.162,0.000000
19454.664062,-200.000,0.000000,0.000000,0.000,-10.206,-9.166,0.000000
19522.017578,-200.000,0.000000,0.000000,0.000,-10.209,-9.169,0.000000
19589.585938,-200.000,0.000000,0.000000,0.000,-10.213,-9.172,0.000000
19657.406250,-200.000,0.000000,0.000000,0.000,-10.216,-9.175,0.000000
19725.443359,-200.000,0.000000,0.000000,0.000,-10.219,-9.178,0.000000
19793.716797,-200.000,0.000000,0.000000,0.000,-10.222,-9.181,0.000000
19862.244141,-200.000,0.000000,0.000000,0.000,-10.225,-9.184,0.000000
19931.009766,-200.000,0.000000,0.000000,0.000,-10.228,-9.188,0.000000
19999.974609,-200.000,0.000000,0.000000,0.000,-10.231,-9.191,0.000000
