frequency_hz,spl_db,phase_deg,thd_percent,rt60_ms,c50_db,c80_db,group_delay_ms
20.000000,-200.000,0.000000,0.000000,0.000,-17.901,-16.119,0.000000
20.069233,-200.000,0.000000,0.000000,0.000,-17.901,-16.119,0.000000
20.138704,-200.000,0.000000,0.000000,0.000,-17.901,-16.119,0.000000
20.208418,-200.000,0.000000,0.000000,0.000,-17.901,-16.119,0.000000
20.278366,-200.000,0.000000,0.000000,0.000,-17.901,-16.119,0.000000
20.348562,-200.000,0.000000,0.000000,0.000,-17.901,-16.119,0.000000
20.419001,-200.000,0.000000,0.000000,0.000,-17.901,-16.119,0.000000
20.489683,-200.000,0.000000,0.000000,0.000,-17.901,-16.119,0.000000
20.560612,-200.000,0.000000,0.000000,0.000,-17.901,-16.119,0.000000
20.631784,-200.000,0.000000,0.000000,0.000,-17.901,-16.119,0.000000
20.703203,-200.000,0.000000,0.000000,0.000,-17.901,-16.119,0.000000
20.774866,-200.000,0.000000,0.000000,0.000,-17.901,-16.119,0.000000
20.846781,-200.000,0.000000,0.000000,0.000,-17.901,-16.119,0.000000
20.918943,-200.000,0.000000,0.000000,0.000,-17.901,-16.119,0.000000
20.991358,-200.000,0.000000,0.000000,0.000,-17.901,-16.119,0.000000
21.064020,-200.000,0.000000,0.000000,0.000,-17.901,-16.119,0.000000
21.136936,-200.000,0.000000,0.000000,0.000,-17.901,-16.119,0.000000
21.210104,-200.000,0.000000,0.000000,0.000,-17.901,-16.119,0.000000
21.283520,-200.000,0.000000,0.000000,0.000,-17.901,-16.119,0.000000
21.357197,-200.000,0.000000,0.000000,0.000,-17.901,-16.119,0.000000
21.431126,-200.000,0.000000,0.000000,0.000,-17.901,-16.119,0.000000
21.505312,-200.000,0.000000,0.000000,0.000,-17.901,-16.119,0.000000
21.579756,-200.000,0.000000,0.000000,0.000,-17.901,-16.119,0.000000
21.654457,-200.000,0.000000,0.000000,0.000,-17.901,-16.119,0.000000
21.729416,-200.000,0.000000,0.000000,0.000,-17.901,-16.119,0.000000
21.804630,-200.000,0.000000,0.000000,0.000,-17.901,-16.119,0.000000
21.880110,-200.000,0.000000,0.000000,0.000,-17.901,-16.119,0.000000
21.955851,-200.000,0.000000,0.000000,0.000,-17.901,-16.119,0.000000
22.031853,-200.000,0.000000,0.000000,0.000,-17.901,-16.119,0.000000
22.108118,-200.000,0.000000,0.000000,0.000,-17.901,-16.119,0.000000
22.184649,-200.000,0.000000,0.000000,0.000,-17.901,-16.119,0.000000
22.261442,-200.000,0.000000,0.000000,0.000,-17.901,-16.119,0.000000
22.338503,-200.000,0.000000,0.000000,0.000,-17.901,-16.119,0.000000
22.415825,-200.000,0.000000,0.000000,0.000,-17.901,-16.119,0.000000
22.493420,-200.000,0.000000,0.000000,0.000,-17.901,-16.119,0.000000
22.571283,-200.000,0.000000,0.000000,0.000,-17.901,-16.119,0.000000
22.649418,-200.000,0.000000,0.000000,0.000,-17.901,-16.119,0.000000
22.727821,-200.000,0.000000,0.000000,0.000,-17.901,-16.119,0.000000
22.806496,-200.000,0.000000,0.000000,0.000,-17.901,-16.119,0.000000
22.885437,-200.000,0.000000,0.000000,0.000,-17.901,-16.119,0.000000
22.964659,-200.000,0.000000,0.000000,0.000,-17.901,-16.119,0.000000
23.044153,-200.000,0.000000,0.000000,0.000,-17.901,-16.119,0.000000
23.123922,-200.000,0.000000,0.000000,0.000,-17.901,-16.119,0.000000
23.203970,-200.000,0.000000,0.000000,0.000,-17.901,-16.119,0.000000
23.284292,-200.000,0.000000,0.000000,0.000,-17.901,-16.119,0.000000
23.364893,-200.000,0.000000,0.000000,0.000,-17.901,-16.119,0.000000
23.445774,-200.000,0.000000,0.000000,0.000,-17.901,-16.119,0.000000
23.526928,-200.000,0.000000,0.000000,0.000,-17.901,-16.119,0.000000
23.608370,-200.000,0.000000,0.000000,0.000,-17.901,-16.119,0.000000
23.690092,-200.000,0.000000,0.000000,0.000,-17.901,-16.119,0.000000
23.772099,-200.000,0.000000,0.000000,0.000,-17.901,-16.119,0.000000
23.854389,-200.000,0.000000,0.000000,0.000,-17.901,-16.119,0.000000
23.936964,-200.000,0.000000,0.000000,0.000,-17.901,-16.119,0.000000
24.019825,-200.000,0.000000,0.000000,0.000,-17.901,-16.119,0.000000
24.102966,-200.000,0.000000,0.000000,0.000,-17.901,-16.119,0.000000
24.186401,-200.000,0.000000,0.000000,0.000,-17.901,-16.119,0.000000
24.270124,-200.000,0.000000,0.000000,0.000,-17.901,-16.119,0.000000
24.354139,-200.000,0.000000,0.000000,0.000,-17.901,-16.119,0.000000
24.438444,-200.000,0.000000,0.000000,0.000,-17.901,-16.119,0.000000
24.523041,-200.000,0.000000,0.000000,0.000,-17.901,-16.119,0.000000
24.607929,-200.000,0.000000,0.000000,0.000,-17.901,-16.119,0.000000
24.693108,-200.000,0.000000,0.000000,0.000,-17.901,-16.119,0.000000
24.778585,-200.000,0.000000,0.000000,0.000,-17.901,-16.119,0.000000
24.864359,-200.000,0.000000,0.000000,0.000,-17.901,-16.119,0.000000
24.950430,-200.000,0.000000,0.000000,0.000,-17.901,-16.119,0.000000
25.036798,-200.000,0.000000,0.000000,0.000,-17.901,-16.119,0.000000
25.123466,-200.000,0.000000,0.000000,0.000,-17.901,-16.119,0.000000
25.210434,-200.000,0.000000,0.000000,0.000,-17.901,-16.119,0.000000
25.297697,-200.000,0.000000,0.000000,0.000,-17.901,-16.119,0.000000
25.385267,-200.000,0.000000,0.000000,0.000,-17.901,-16.119,0.000000
25.473143,-200.000,0.000000,0.000000,0.000,-17.901,-16.119,0.000000
25.561321,-200.000,0.000000,0.000000,0.000,-17.901,-16.119,0.000000
25.649803,-200.000,0.000000,0.000000,0.000,-17.901,-16.119,0.000000
25.738594,-200.000,0.000000,0.000000,0.000,-17.901,-16.119,0.000000
25.827690,-200.000,0.000000,0.000000,0.000,-17.901,-16.119,0.000000
25.917089,-200.000,0.000000,0.000000,0.000,-17.901,-16.119,0.000000
26.006805,-200.000,0.000000,0.000000,0.000,-17.901,-16.119,0.000000
26.096830,-200.000,0.000000,0.000000,0.000,-17.901,-16.119,0.000000
26.187168,-200.000,0.000000,0.000000,0.000,-17.901,-16.119,0.000000
26.277819,-200.000,0.000000,0.000000,0.000,-17.901,-16.119,0.000000
26.368782,-200.000,0.000000,0.000000,0.000,-17.901,-16.119,0.000000
26.460054,-200.000,0.000000,0.000000,0.000,-17.901,-16.119,0.000000
26.551649,-200.000,0.000000,0.000000,0.000,-17.901,-16.119,0.000000
26.643560,-200.000,0.000000,0.000000,0.000,-17.901,-16.119,0.000000
26.735790,-200.000,0.000000,0.000000,0.000,-17.901,-16.119,0.000000
26.828339,-200.000,0.000000,0.000000,0.000,-17.901,-16.119,0.000000
26.921207,-200.000,0.000000,0.000000,0.000,-17.901,-16.119,0.000000
27.014399,-200.000,0.000000,0.000000,0.000,-17.901,-16.119,0.000000
27.107912,-200.000,0.000000,0.000000,0.000,-17.901,-16.119,0.000000
27.201744,-200.000,0.000000,0.000000,0.000,-17.901,-16.119,0.000000
27.295906,-200.000,0.000000,0.000000,0.000,-17.901,-16.119,0.000000
27.390394,-200.000,0.000000,0.000000,0.000,-17.901,-16.119,0.000000
27.485209,-200.000,0.000000,0.000000,0.000,-17.901,-16.119,0.000000
27.580351,-200.000,0.000000,0.000000,0.000,-17.901,-16.119,0.000000
27.675825,-200.000,0.000000,0.000000,0.000,-17.901,-16.119,0.000000
27.771622,-200.000,0.000000,0.000000,0.000,-17.901,-16.119,0.000000
27.867756,-200.000,0.000000,0.000000,0.000,-17.901,-16.119,0.000000
27.964224,-200.000,0.000000,0.000000,0.000,-17.901,-16.119,0.000000
28.061024,-200.000,0.000000,0.000000,0.000,-17.901,-16.119,0.000000
28.158161,-200.000,0.000000,0.000000,0.000,-17.901,-16.119,0.000000
28.255634,-200.000,0.000000,0.000000,0.000,-17.901,-16.119,0.000000
28.353443,-200.000,0.000000,0.000000,0.000,-17.901,-16.119,0.000000
28.451593,-200.000,0.000000,0.000000,0.000,-17.901,-16.119,0.000000
28.550081,-200.000,0.000000,0.000000,0.000,-17.901,-16.119,0.000000
28.648903,-200.000,0.000000,0.000000,0.000,-17.901,-16.119,0.000000
28.748075,-200.000,0.000000,0.000000,0.000,-17.901,-16.119,0.000000
28.847589,-200.000,0.000000,0.000000,0.000,-17.901,-16.119,0.000000
28.947449,-200.000,0.000000,0.000000,0.000,-17.901,-16.119,0.000000
29.047655,-200.000,0.000000,0.000000,0.000,-17.901,-16.119,0.000000
29.148207,-200.000,0.000000,0.000000,0.000,-17.901,-16.119,0.000000
29.249100,-200.000,0.000000,0.000000,0.000,-17.901,-16.119,0.000000
29.350348,-200.000,0.000000,0.000000,0.000,-17.901,-16.119,0.000000
29.451948,-200.000,0.000000,0.000000,0.000,-17.901,-16.119,0.000000
29.553900,-200.000,0.000000,0.000000,0.000,-17.901,-16.119,0.000000
29.656204,-200.000,0.000000,0.000000,0.000,-17.901,-16.119,0.000000
29.758862,-200.000,0.000000,0.000000,0.000,-17.901,-16.119,0.000000
29.861876,-200.000,0.000000,0.000000,0.000,-17.901,-16.119,0.000000
29.965246,-200.000,0.000000,0.000000,0.000,-17.901,-16.119,0.000000
30.068968,-200.000,0.000000,0.000000,0.000,-17.901,-16.119,0.000000
30.173054,-200.000,0.000000,0.000000,0.000,-17.901,-16.119,0.000000
30.277502,-200.000,0.000000,0.000000,0.000,-17.901,-16.119,0.000000
30.382311,-200.000,0.000000,0.000000,0.000,-17.901,-16.119,0.000000
30.487482,-200.000,0.000000,0.000000,0.000,-17.901,-16.119,0.000000
30.593019,-200.000,0.000000,0.000000,0.000,-17.901,-16.119,0.000000
30.698914,-200.000,0.000000,0.000000,0.000,-17.901,-16.119,0.000000
30.805182,-200.000,0.000000,0.000000,0.000,-17.901,-16.119,0.000000
30.911816,-200.000,0.000000,0.000000,0.000,-17.901,-16.119,0.000000
31.018822,-200.000,0.000000,0.000000,0.000,-17.901,-16.119,0.000000
31.126196,-200.000,0.000000,0.000000,0.000,-17.901,-16.119,0.000000
31.233944,-200.000,0.000000,0.000000,0.000,-17.901,-16.119,0.000000
31.342064,-200.000,0.000000,0.000000,0.000,-17.901,-16.119,0.000000
31.450558,-200.000,0.000000,0.000000,0.000,-17.901,-16.119,0.000000
31.559420,-200.000,0.000000,0.000000,0.000,-17.901,-16.119,0.000000
31.668667,-200.000,0.000000,0.000000,0.000,-17.901,-16.119,0.000000
31.778292,-200.000,0.000000,0.000000,0.000,-17.901,-16.119,0.000000
31.888296,-200.000,0.000000,0.000000,0.000,-17.901,-16.119,0.000000
31.998680,-200.000,0.000000,0.000000,0.000,-17.901,-16.119,0.000000
32.109447,-200.000,0.000000,0.000000,0.000,-17.901,-16.119,0.000000
32.220600,-200.000,0.000000,0.000000,0.000,-17.901,-16.119,0.000000
32.332127,-200.000,0.000000,0.000000,0.000,-17.901,-16.119,0.000000
32.444046,-200.000,0.000000,0.000000,0.000,-17.901,-16.119,0.000000
32.556355,-200.000,0.000000,0.000000,0.000,-17.901,-16.119,0.000000
32.669052,-200.000,0.000000,0.000000,0.000,-17.901,-16.119,0.000000
32.782143,-200.000,0.000000,0.000000,0.000,-17.901,-16.119,0.000000
32.895622,-200.000,0.000000,0.000000,0.000,-17.901,-16.119,0.000000
33.009491,-200.000,0.000000,0.000000,0.000,-17.901,-16.119,0.000000
33.123760,-200.000,0.000000,0.000000,0.000,-17.901,-16.119,0.000000
33.238411,-200.000,0.000000,0.000000,0.000,-17.901,-16.119,0.000000
33.353470,-200.000,0.000000,0.000000,0.000,-17.901,-16.119,0.000000
33.468929,-200.000,0.000000,0.000000,0.000,-17.901,-16.119,0.000000
33.584785,-200.000,0.000000,0.000000,0.000,-17.901,-16.119,0.000000
33.701042,-200.000,0.000000,0.000000,0.000,-17.901,-16.119,0.000000
33.817696,-200.000,0.000000,0.000000,0.000,-17.901,-16.119,0.000000
33.934757,-200.000,0.000000,0.000000,0.000,-17.901,-16.119,0.000000
34.052227,-200.000,0.000000,0.000000,0.000,-17.901,-16.119,0.000000
34.170105,-200.000,0.000000,0.000000,0.000,-17.901,-16.119,0.000000
34.288387,-200.000,0.000000,0.000000,0.000,-17.901,-16.119,0.000000
34.407082,-200.000,0.000000,0.000000,0.000,-17.901,-16.119,0.000000
34.526184,-200.000,0.000000,0.000000,0.000,-17.901,-16.119,0.000000
34.645702,-200.000,0.000000,0.000000,0.000,-17.901,-16.119,0.000000
34.765621,-200.000,0.000000,0.000000,0.000,-17.901,-16.119,0.000000
34.885967,-200.000,0.000000,0.000000,0.000,-17.901,-16.119,0.000000
35.006729,-200.000,0.000000,0.000000,0.000,-17.901,-16.119,0.000000
35.127911,-200.000,0.000000,0.000000,0.000,-17.901,-16.119,0.000000
35.249508,-200.000,0.000000,0.000000,0.000,-17.901,-16.119,0.000000
35.371529,-200.000,0.000000,0.000000,0.000,-17.901,-16.119,0.000000
35.493965,-200.000,0.000000,0.000000,0.000,-17.901,-16.119,0.000000
35.616829,-200.000,0.000000,0.000000,0.000,-17.901,-16.119,0.000000
35.740120,-200.000,0.000000,0.000000,0.000,-17.901,-16.119,0.000000
35.863842,-200.000,0.000000,0.000000,0.000,-17.901,-16.119,0.000000
35.987988,-200.000,0.000000,0.000000,0.000,-17.901,-16.119,0.000000
36.112564,-200.000,0.000000,0.000000,0.000,-17.901,-16.119,0.000000
36.237572,-200.000,0.000000,0.000000,0.000,-17.901,-16.119,0.000000
36.363010,-200.000,0.000000,0.000000,0.000,-17.901,-16.119,0.000000
36.488888,-200.000,0.000000,0.000000,0.000,-17.901,-16.119,0.000000
36.615189,-200.000,0.000000,0.000000,0.000,-17.901,-16.119,0.000000
36.741936,-200.000,0.000000,0.000000,0.000,-17.901,-16.119,0.000000
36.869122,-200.000,0.000000,0.000000,0.000,-17.901,-16.119,0.000000
36.996750,-200.000,0.000000,0.000000,0.000,-17.901,-16.119,0.000000
37.124817,-200.000,0.000000,0.000000,0.000,-17.901,-16.119,0.000000
37.253323,-200.000,0.000000,0.000000,0.000,-17.901,-16.119,0.000000
37.382278,-200.000,0.000000,0.000000,0.000,-17.901,-16.119,0.000000
37.511681,-200.000,0.000000,0.000000,0.000,-17.901,-16.119,0.000000
37.641533,-200.000,0.000000,0.000000,0.000,-17.901,-16.119,0.000000
37.771832,-200.000,0.000000,0.000000,0.000,-17.901,-16.119,0.000000
37.902584,-200.000,0.000000,0.000000,0.000,-17.901,-16.119,0.000000
38.033791,-200.000,0.000000,0.000000,0.000,-17.901,-16.119,0.000000
38.165447,-200.000,0.000000,0.000000,0.000,-17.901,-16.119,0.000000
38.297562,-200.000,0.000000,0.000000,0.000,-17.901,-16.119,0.000000
38.430122,-200.000,0.000000,0.000000,0.000,-17.901,-16.119,0.000000
38.563152,-200.000,0.000000,0.000000,0.000,-17.901,-16.119,0.000000
38.696644,-200.000,0.000000,0.000000,0.000,-17.901,-16.119,0.000000
38.830597,-200.000,0.000000,0.000000,0.000,-17.901,-16.119,0.000000
38.965015,-200.000,0.000000,0.000000,0.000,-17.901,-16.119,0.000000
39.099895,-200.000,0.000000,0.000000,0.000,-17.901,-16.119,0.000000
39.235237,-200.000,0.000000,0.000000,0.000,-17.901,-16.119,0.000000
39.371052,-200.000,0.000000,0.000000,0.000,-17.901,-16.119,0.000000
39.507339,-200.000,0.000000,0.000000,0.000,-17.901,-16.119,0.000000
39.644100,-200.000,0.000000,0.000000,0.000,-17.901,-16.119,0.000000
39.781334,-200.000,0.000000,0.000000,0.000,-17.901,-16.119,0.000000
39.919041,-200.000,0.000000,0.000000,0.000,-17.901,-16.119,0.000000
40.057224,-200.000,0.000000,0.000000,0.000,-17.901,-16.119,0.000000
40.195889,-200.000,0.000000,0.000000,0.000,-17.901,-16.119,0.000000
40.335030,-200.000,0.000000,0.000000,0.000,-17.901,-16.119,0.000000
40.474644,-200.000,0.000000,0.000000,0.000,-17.901,-16.119,0.000000
40.614754,-200.000,0.000000,0.000000,0.000,-17.901,-16.119,0.000000
40.755344,-200.000,0.000000,0.000000,0.000,-17.901,-16.119,0.000000
40.896423,-200.000,0.000000,0.000000,0.000,-17.901,-16.119,0.000000
41.037983,-200.000,0.000000,0.000000,0.000,-17.901,-16.119,0.000000
41.180042,-200.000,0.000000,0.000000,0.000,-17.901,-16.119,0.000000
41.322590,-200.000,0.000000,0.000000,0.000,-17.901,-16.119,0.000000
41.465633,-200.000,0.000000,0.000000,0.000,-17.901,-16.119,0.000000
41.609173,-200.000,0.000000,0.000000,0.000,-17.901,-16.119,0.000000
41.753204,-200.000,0.000000,0.000000,0.000,-17.901,-16.119,0.000000
41.897739,-200.000,0.000000,0.000000,0.000,-17.901,-16.119,0.000000
42.042774,-200.000,0.000000,0.000000,0.000,-17.901,-16.119,0.000000
42.188309,-200.000,0.000000,0.000000,0.000,-17.901,-16.119,0.000000
42.334339,-200.000,0.000000,0.000000,0.000,-17.901,-16.119,0.000000
42.480885,-200.000,0.000000,0.000000,0.000,-17.901,-16.119,0.000000
42.627937,-200.000,0.000000,0.000000,0.000,-17.901,-16.119,0.000000
42.775497,-200.000,0.000000,0.000000,0.000,-17.901,-16.119,0.000000
42.923573,-200.000,0.000000,0.000000,0.000,-17.901,-16.119,0.000000
43.072155,-200.000,0.000000,0.000000,0.000,-17.901,-16.119,0.000000
43.221245,-200.000,0.000000,0.000000,0.000,-17.901,-16.119,0.000000
43.370861,-200.000,0.000000,0.000000,0.000,-17.901,-16.119,0.000000
43.520992,-200.000,0.000000,0.000000,0.000,-17.901,-16.119,0.000000
43.671646,-200.000,0.000000,0.000000,0.000,-17.901,-16.119,0.000000
43.822823,-200.000,0.000000,0.000000,0.000,-17.901,-16.119,0.000000
43.974518,-200.000,0.000000,0.000000,0.000,-17.901,-16.119,0.000000
44.126743,-200.000,0.000000,0.000000,0.000,-17.901,-16.119,0.000000
44.279491,-200.000,0.000000,0.000000,0.000,-17.901,-16.119,0.000000
44.432770,-200.000,0.000000,0.000000,0.000,-17.901,-16.119,0.000000
44.586567,-200.000,0.000000,0.000000,0.000,-17.901,-16.119,0.000000
44.740910,-200.000,0.000000,0.000000,0.000,-17.901,-16.119,0.000000
44.895786,-200.000,0.000000,0.000000,0.000,-17.901,-16.119,0.000000
45.051197,-200.000,0.000000,0.000000,0.000,-17.901,-16.119,0.000000
45.207138,-200.000,0.000000,0.000000,0.000,-17.901,-16.119,0.000000
45.363636,-200.000,0.000000,0.000000,0.000,-17.901,-16.119,0.000000
45.520660,-200.000,0.000000,0.000000,0.000,-17.901,-16.119,0.000000
45.678234,-200.000,0.000000,0.000000,0.000,-17.901,-16.119,0.000000
45.836353,-200.000,0.000000,0.000000,0.000,-17.901,-16.119,0.000000
45.995022,-200.000,0.000000,0.000000,0.000,-17.901,-16.119,0.000000
46.154240,-200.000,0.000000,0.000000,0.000,-17.901,-16.119,0.000000
46.314007,-200.000,0.000000,0.000000,0.000,-17.901,-16.119,0.000000
46.474327,-200.000,0.000000,0.000000,0.000,-17.901,-16.119,0.000000
46.635193,-200.000,0.000000,0.000000,0.000,-17.901,-16.119,0.000000
46.796627,-200.000,0.000000,0.000000,0.000,-17.901,-16.119,0.000000
46.958618,-200.000,0.000000,0.000000,0.000,-17.901,-16.119,0.000000
47.121170,-200.000,0.000000,0.000000,0.000,-17.901,-16.119,0.000000
47.284286,-200.000,0.000000,0.000000,0.000,-17.901,-16.119,0.000000
47.447968,-200.000,0.000000,0.000000,0.000,-17.901,-16.119,0.000000
47.612202,-200.000,0.000000,0.000000,0.000,-17.901,-16.119,0.000000
47.777020,-200.000,0.000000,0.000000,0.000,-17.901,-16.119,0.000000
47.942402,-200.000,0.000000,0.000000,0.000,-17.901,-16.119,0.000000
48.108360,-200.000,0.000000,0.000000,0.000,-17.901,-16.119,0.000000
48.274895,-200.000,0.000000,0.000000,0.000,-17.901,-16.119,0.000000
48.442005,-200.000,0.000000,0.000000,0.000,-17.901,-16.119,0.000000
48.609692,-200.000,0.000000,0.000000,0.000,-17.901,-16.119,0.000000
48.777958,-200.000,0.000000,0.000000,0.000,-17.901,-16.119,0.000000
48.946812,-200.000,0.000000,0.000000,0.000,-17.901,-16.119,0.000000
49.116234,-200.000,0.000000,0.000000,0.000,-17.901,-16.119,0.000000
49.286255,-200.000,0.000000,0.000000,0.000,-17.901,-16.119,0.000000
49.456863,-200.000,0.000000,0.000000,0.000,-17.901,-16.119,0.000000
49.628067,-200.000,0.000000,0.000000,0.000,-17.901,-16.119,0.000000
49.799858,-200.000,0.000000,0.000000,0.000,-17.901,-16.119,0.000000
49.972248,-200.000,0.000000,0.000000,0.000,-17.901,-16.119,0.000000
50.145218,-200.000,0.000000,0.000000,0.000,-17.901,-16.119,0.000000
50.318802,-200.000,0.000000,0.000000,0.000,-17.901,-16.119,0.000000
50.492989,-200.000,0.000000,0.000000,0.000,-17.901,-16.119,0.000000
50.667774,-200.000,0.000000,0.000000,0.000,-17.901,-16.119,0.000000
50.843166,-200.000,0.000000,0.000000,0.000,-17.901,-16.119,0.000000
51.019169,-200.000,0.000000,0.000000,0.000,-17.901,-16.119,0.000000
51.195774,-200.000,0.000000,0.000000,0.000,-17.901,-16.119,0.000000
51.372997,-200.000,0.000000,0.000000,0.000,-17.901,-16.119,0.000000
51.550816,-200.000,0.000000,0.000000,0.000,-17.901,-16.119,0.000000
51.729267,-200.000,0.000000,0.000000,0.000,-17.901,-16.119,0.000000
51.908333,-200.000,0.000000,0.000000,0.000,-17.901,-16.119,0.000000
52.088020,-200.000,0.000000,0.000000,0.000,-17.901,-16.119,0.000000
52.268330,-200.000,0.000000,0.000000,0.000,-17.901,-16.119,0.000000
52.449261,-200.000,0.000000,0.000000,0.000,-17.901,-16.119,0.000000
52.630810,-200.000,0.000000,0.000000,0.000,-17.901,-16.119,0.000000
52.812996,-200.000,0.000000,0.000000,0.000,-17.901,-16.119,0.000000
52.995815,-200.000,0.000000,0.000000,0.000,-17.901,-16.119,0.000000
53.179264,-200.000,0.000000,0.000000,0.000,-17.901,-16.119,0.000000
53.363350,-200.000,0.000000,0.000000,0.000,-17.901,-16.119,0.000000
53.548077,-200.000,0.000000,0.000000,0.000,-17.901,-16.119,0.000000
53.733437,-200.000,0.000000,0.000000,0.000,-17.901,-16.119,0.000000
53.919441,-200.000,0.000000,0.000000,0.000,-17.901,-16.119,0.000000
54.106079,-200.000,0.000000,0.000000,0.000,-17.901,-16.119,0.000000
54.293373,-200.000,0.000000,0.000000,0.000,-17.901,-16.119,0.000000
54.481316,-200.000,0.000000,0.000000,0.000,-17.901,-16.119,0.000000
54.669895,-200.000,0.000000,0.000000,0.000,-17.901,-16.119,0.000000
54.859169,-200.000,0.000000,0.000000,0.000,-17.901,-16.119,0.000000
55.049042,-200.000,0.000000,0.000000,0.000,-17.901,-16.119,0.000000
55.239601,-200.000,0.000000,0.000000,0.000,-17.901,-16.119,0.000000
55.430820,-200.000,0.000000,0.000000,0.000,-17.901,-16.119,0.000000
55.622700,-200.000,0.000000,0.000000,0.000,-17.901,-16.119,0.000000
55.815247,-200.000,0.000000,0.000000,0.000,-17.901,-16.119,0.000000
56.008457,-200.000,0.000000,0.000000,0.000,-17.901,-16.119,0.000000
56.202335,-200.000,0.000000,0.000000,0.000,-17.901,-16.119,0.000000
56.396889,-200.000,0.000000,0.000000,0.000,-17.901,-16.119,0.000000
56.592110,-200.000,0.000000,0.000000,0.000,-17.901,-16.119,0.000000
56.788010,-200.000,0.000000,0.000000,0.000,-17.901,-16.119,0.000000
56.984589,-200.000,0.000000,0.000000,0.000,-17.901,-16.119,0.000000
57.181820,-200.000,0.000000,0.000000,0.000,-17.901,-16.119,0.000000
57.379791,-200.000,0.000000,0.000000,0.000,-17.901,-16.119,0.000000
57.578388,-200.000,0.000000,0.000000,0.000,-17.901,-16.119,0.000000
57.777702,-200.000,0.000000,0.000000,0.000,-17.901,-16.119,0.000000
57.977707,-200.000,0.000000,0.000000,0.000,-17.901,-16.119,0.000000
58.178406,-200.000,0.000000,0.000000,0.000,-17.901,-16.119,0.000000
58.379795,-200.000,0.000000,0.000000,0.000,-17.901,-16.119,0.000000
58.581886,-200.000,0.000000,0.000000,0.000,-17.901,-16.119,0.000000
58.784672,-200.000,0.000000,0.000000,0.000,-17.901,-16.119,0.000000
58.988163,-200.000,0.000000,0.000000,0.000,-17.901,-16.119,0.000000
59.192356,-200.000,0.000000,0.000000,0.000,-17.901,-16.119,0.000000
59.397259,-200.000,0.000000,0.000000,0.000,-17.901,-16.119,0.000000
59.602867,-200.000,0.000000,0.000000,0.000,-17.901,-16.119,0.000000
59.809193,-200.000,0.000000,0.000000,0.000,-17.901,-16.119,0.000000
60.016228,-200.000,0.000000,0.000000,0.000,-17.901,-16.119,0.000000
60.223953,-200.000,0.000000,0.000000,0.000,-17.901,-16.119,0.000000
60.432423,-200.000,0.000000,0.000000,0.000,-17.901,-16.119,0.000000
60.641617,-200.000,0.000000,0.000000,0.000,-17.901,-16.119,0.000000
60.851536,-200.000,0.000000,0.000000,0.000,-17.901,-16.119,0.000000
61.062180,-200.000,0.000000,0.000000,0.000,-17.901,-16.119,0.000000
61.273556,-200.000,0.000000,0.000000,0.000,-17.901,-16.119,0.000000
61.485661,-200.000,0.000000,0.000000,0.000,-17.901,-16.119,0.000000
61.698502,-200.000,0.000000,0.000000,0.000,-17.901,-16.119,0.000000
61.912075,-200.000,0.000000,0.000000,0.000,-17.901,-16.119,0.000000
62.126392,-200.000,0.000000,0.000000,0.000,-17.901,-16.119,0.000000
62.341450,-200.000,0.000000,0.000000,0.000,-17.901,-16.119,0.000000
62.557251,-200.000,0.000000,0.000000,0.000,-17.901,-16.119,0.000000
62.773800,-200.000,0.000000,0.000000,0.000,-17.901,-16.119,0.000000
62.991070,-200.000,0.000000,0.000000,0.000,-17.901,-16.119,0.000000
63.209152,-200.000,0.000000,0.000000,0.000,-17.896,-16.111,0.000000
63.427925,-200.000,0.000000,0.000000,0.000,-17.889,-16.104,0.000000
63.647522,-200.000,0.000000,0.000000,0.000,-17.883,-16.096,0.000000
63.867813,-200.000,0.000000,0.000000,0.000,-17.877,-16.088,0.000000
64.088898,-200.000,0.000000,0.000000,0.000,-17.871,-16.081,0.000000
64.310753,-200.000,0.000000,0.000000,0.000,-17.865,-16.073,0.000000
64.533371,-200.000,0.000000,0.000000,0.000,-17.858,-16.065,0.000000
64.756760,-200.000,0.000000,0.000000,0.000,-17.852,-16.058,0.000000
64.980919,-200.000,0.000000,0.000000,0.000,-17.846,-16.050,0.000000
65.205864,-200.000,0.000000,0.000000,0.000,-17.840,-16.042,0.000000
65.431580,-200.000,0.000000,0.000000,0.000,-17.833,-16.034,0.000000
65.658081,-200.000,0.000000,0.000000,0.000,-17.827,-16.026,0.000000
65.885361,-200.000,0.000000,0.000000,0.000,-17.820,-16.018,0.000000
66.113434,-200.000,0.000000,0.000000,0.000,-17.814,-16.010,0.000000
66.342262,-200.000,0.000000,0.000000,0.000,-17.808,-16.002,0.000000
66.571945,-200.000,0.000000,0.000000,0.000,-17.801,-15.994,0.000000
66.802353,-200.000,0.000000,0.000000,0.000,-17.795,-15.986,0.000000
67.033600,-200.000,0.000000,0.000000,0.000,-17.788,-15.978,0.000000
67.265648,-200.000,0.000000,0.000000,0.000,-17.782,-15.970,0.000000
67.498489,-200.000,0.000000,0.000000,0.000,-17.775,-15.962,0.000000
67.732147,-200.000,0.000000,0.000000,0.000,-17.769,-15.954,0.000000
67.966606,-200.000,0.000000,0.000000,0.000,-17.762,-15.946,0.000000
68.201881,-200.000,0.000000,0.000000,0.000,-17.756,-15.938,0.000000
68.437973,-200.000,0.000000,0.000000,0.000,-17.749,-15.930,0.000000
68.674881,-200.000,0.000000,0.000000,0.000,-17.742,-15.921,0.000000
68.912605,-200.000,0.000000,0.000000,0.000,-17.736,-15.913,0.000000
69.151154,-200.000,0.000000,0.000000,0.000,-17.729,-15.905,0.000000
69.390495,-200.000,0.000000,0.000000,0.000,-17.722,-15.896,0.000000
69.630730,-200.000,0.000000,0.000000,0.000,-17.715,-15.888,0.000000
69.871735,-200.000,0.000000,0.000000,0.000,-17.709,-15.880,0.000000
70.113640,-200.000,0.000000,0.000000,0.000,-17.702,-15.871,0.000000
70.356308,-200.000,0.000000,0.000000,0.000,-17.695,-15.863,0.000000
70.599854,-200.000,0.000000,0.000000,0.000,-17.688,-15.854,0.000000
70.844246,-200.000,0.000000,0.000000,0.000,-17.681,-15.846,0.000000
71.089478,-200.000,0.000000,0.000000,0.000,-17.675,-15.837,0.000000
71.335564,-200.000,0.000000,0.000000,0.000,-17.668,-15.829,0.000000
71.582504,-200.000,0.000000,0.000000,0.000,-17.661,-15.820,0.000000
71.830292,-200.000,0.000000,0.000000,0.000,-17.654,-15.812,0.000000
72.078941,-200.000,0.000000,0.000000,0.000,-17.647,-15.803,0.000000
72.328453,-200.000,0.000000,0.000000,0.000,-17.640,-15.794,0.000000
72.578827,-200.000,0.000000,0.000000,0.000,-17.633,-15.786,0.000000
72.830063,-200.000,0.000000,0.000000,0.000,-17.626,-15.777,0.000000
73.082176,-200.000,0.000000,0.000000,0.000,-17.619,-15.768,0.000000
73.335159,-200.000,0.000000,0.000000,0.000,-17.612,-15.759,0.000000
73.588982,-200.000,0.000000,0.000000,0.000,-17.605,-15.751,0.000000
73.843719,-200.000,0.000000,0.000000,0.000,-17.597,-15.742,0.000000
74.099335,-200.000,0.000000,0.000000,0.000,-17.590,-15.733,0.000000
74.355843,-200.000,0.000000,0.000000,0.000,-17.583,-15.724,0.000000
74.613228,-200.000,0.000000,0.000000,0.000,-17.576,-15.715,0.000000
74.871513,-200.000,0.000000,0.000000,0.000,-17.569,-15.706,0.000000
75.130692,-200.000,0.000000,0.000000,0.000,-17.561,-15.697,0.000000
75.390762,-200.000,0.000000,0.000000,0.000,-17.554,-15.688,0.000000
75.651733,-200.000,0.000000,0.000000,0.000,-17.547,-15.679,0.000000
75.913612,-200.000,0.000000,0.000000,0.000,-17.539,-15.670,0.000000
76.176399,-200.000,0.000000,0.000000,0.000,-17.532,-15.661,0.000000
76.440094,-200.000,0.000000,0.000000,0.000,-17.525,-15.651,0.000000
76.704697,-200.000,0.000000,0.000000,0.000,-17.517,-15.642,0.000000
76.970184,-200.000,0.000000,0.000000,0.000,-17.510,-15.633,0.000000
77.236664,-200.000,0.000000,0.000000,0.000,-17.502,-15.624,0.000000
77.503990,-200.000,0.000000,0.000000,0.000,-17.495,-15.614,0.000000
77.772278,-200.000,0.000000,0.000000,0.000,-17.487,-15.605,0.000000
78.041496,-200.000,0.000000,0.000000,0.000,-17.480,-15.596,0.000000
78.311646,-200.000,0.000000,0.000000,0.000,-17.472,-15.586,0.000000
78.582733,-200.000,0.000000,0.000000,0.000,-17.465,-15.577,0.000000
78.854752,-200.000,0.000000,0.000000,0.000,-17.457,-15.567,0.000000
79.127716,-200.000,0.000000,0.000000,0.000,-17.449,-15.558,0.000000
79.401627,-200.000,0.000000,0.000000,0.000,-17.442,-15.548,0.000000
79.676483,-200.000,0.000000,0.000000,0.000,-17.434,-15.539,0.000000
79.952293,-200.000,0.000000,0.000000,0.000,-17.426,-15.529,0.000000
80.229057,-200.000,0.000000,0.000000,0.000,-17.418,-15.520,0.000000
80.506744,-200.000,0.000000,0.000000,0.000,-17.411,-15.510,0.000000
80.785469,-200.000,0.000000,0.000000,0.000,-17.403,-15.500,0.000000
81.065079,-200.000,0.000000,0.000000,0.000,-17.395,-15.491,0.000000
81.345734,-200.000,0.000000,0.000000,0.000,-17.387,-15.481,0.000000
81.627281,-200.000,0.000000,0.000000,0.000,-17.379,-15.471,0.000000
81.909843,-200.000,0.000000,0.000000,0.000,-17.371,-15.461,0.000000
82.193382,-200.000,0.000000,0.000000,0.000,-17.363,-15.451,0.000000
82.477905,-200.000,0.000000,0.000000,0.000,-17.355,-15.442,0.000000
82.763412,-200.000,0.000000,0.000000,0.000,-17.347,-15.432,0.000000
83.049904,-200.000,0.000000,0.000000,0.000,-17.339,-15.422,0.000000
83.337395,-200.000,0.000000,0.000000,0.000,-17.331,-15.412,0.000000
83.625877,-200.000,0.000000,0.000000,0.000,-17.323,-15.402,0.000000
83.915352,-200.000,0.000000,0.000000,0.000,-17.315,-15.392,0.000000
84.205795,-200.000,0.000000,0.000000,0.000,-17.307,-15.381,0.000000
84.497330,-200.000,0.000000,0.000000,0.000,-17.299,-15.371,0.000000
84.789780,-200.000,0.000000,0.000000,0.000,-17.291,-15.361,0.000000
85.083336,-200.000,0.000000,0.000000,0.000,-17.282,-15.351,0.000000
85.377815,-200.000,0.000000,0.000000,0.000,-17.274,-15.341,0.000000
85.673363,-200.000,0.000000,0.000000,0.000,-17.266,-15.330,0.000000
85.969933,-200.000,0.000000,0.000000,0.000,-17.257,-15.320,0.000000
86.267525,-200.000,0.000000,0.000000,0.000,-17.249,-15.310,0.000000
86.566154,-200.000,0.000000,0.000000,0.000,-17.241,-15.299,0.000000
86.865814,-200.000,0.000000,0.000000,0.000,-17.232,-15.289,0.000000
87.166504,-200.000,0.000000,0.000000,0.000,-17.224,-15.279,0.000000
87.468246,-200.000,0.000000,0.000000,0.000,-17.215,-15.268,0.000000
87.771027,-200.000,0.000000,0.000000,0.000,-17.207,-15.258,0.000000
88.074852,-200.000,0.000000,0.000000,0.000,-17.198,-15.247,0.000000
88.379738,-200.000,0.000000,0.000000,0.000,-17.190,-15.236,0.000000
88.685677,-200.000,0.000000,0.000000,0.000,-17.181,-15.226,0.000000
88.992668,-200.000,0.000000,0.000000,0.000,-17.173,-15.215,0.000000
89.300682,-200.000,0.000000,0.000000,0.000,-17.164,-15.204,0.000000
89.609810,-200.000,0.000000,0.000000,0.000,-17.155,-15.194,0.000000
89.920006,-200.000,0.000000,0.000000,0.000,-17.147,-15.183,0.000000
90.231270,-200.000,0.000000,0.000000,0.000,-17.138,-15.172,0.000000
90.543617,-200.000,0.000000,0.000000,0.000,-17.129,-15.161,0.000000
90.857048,-200.000,0.000000,0.000000,0.000,-17.120,-15.150,0.000000
91.171562,-200.000,0.000000,0.000000,0.000,-17.112,-15.139,0.000000
91.487160,-200.000,0.000000,0.000000,0.000,-17.103,-15.128,0.000000
91.803856,-200.000,0.000000,0.000000,0.000,-17.094,-15.117,0.000000
92.121643,-200.000,0.000000,0.000000,0.000,-17.085,-15.106,0.000000
92.440536,-200.000,0.000000,0.000000,0.000,-17.076,-15.095,0.000000
92.760529,-200.000,0.000000,0.000000,0.000,-17.067,-15.084,0.000000
93.081627,-200.000,0.000000,0.000000,0.000,-17.058,-15.073,0.000000
93.403793,-200.000,0.000000,0.000000,0.000,-17.049,-15.062,0.000000
93.727173,-200.000,0.000000,0.000000,0.000,-17.040,-15.050,0.000000
94.051575,-200.000,0.000000,0.000000,0.000,-17.031,-15.039,0.000000
94.377190,-200.000,0.000000,0.000000,0.000,-17.022,-15.028,0.000000
94.703842,-200.000,0.000000,0.000000,0.000,-17.013,-15.017,0.000000
95.031670,-200.000,0.000000,0.000000,0.000,-17.003,-15.005,0.000000
95.360634,-200.000,0.000000,0.000000,0.000,-16.994,-14.994,0.000000
95.690735,-200.000,0.000000,0.000000,0.000,-16.985,-14.982,0.000000
96.021980,-200.000,0.000000,0.000000,0.000,-16.976,-14.971,0.000000
96.354370,-200.000,0.000000,0.000000,0.000,-16.966,-14.959,0.000000
96.687912,-200.000,0.000000,0.000000,0.000,-16.957,-14.948,0.000000
97.022606,-200.000,0.000000,0.000000,0.000,-16.948,-14.936,0.000000
97.358459,-200.000,0.000000,0.000000,0.000,-16.938,-14.924,0.000000
97.695435,-200.000,0.000000,0.000000,0.000,-16.929,-14.913,0.000000
98.033661,-200.000,0.000000,0.000000,0.000,-16.919,-14.901,0.000000
98.372971,-200.000,0.000000,0.000000,0.000,-16.910,-14.889,0.000000
98.713547,-200.000,0.000000,0.000000,0.000,-16.900,-14.877,0.000000
99.055214,-200.000,0.000000,0.000000,0.000,-16.891,-14.865,0.000000
99.398102,-200.000,0.000000,0.000000,0.000,-16.881,-14.853,0.000000
99.742180,-200.000,0.000000,0.000000,0.000,-16.871,-14.841,0.000000
100.087448,-200.000,0.000000,0.000000,0.000,-16.862,-14.829,0.000000
100.433914,-200.000,0.000000,0.000000,0.000,-16.852,-14.817,0.000000
100.781578,-200.000,0.000000,0.000000,0.000,-16.842,-14.805,0.000000
101.130447,-200.000,0.000000,0.000000,0.000,-16.832,-14.793,0.000000
101.480522,-200.000,0.000000,0.000000,0.000,-16.823,-14.781,0.000000
101.831802,-200.000,0.000000,0.000000,0.000,-16.813,-14.769,0.000000
102.184258,-200.000,0.000000,0.000000,0.000,-16.803,-14.756,0.000000
102.538033,-200.000,0.000000,0.000000,0.000,-16.793,-14.744,0.000000
102.892975,-200.000,0.000000,0.000000,0.000,-16.783,-14.732,0.000000
103.249153,-200.000,0.000000,0.000000,0.000,-16.773,-14.719,0.000000
103.606514,-200.000,0.000000,0.000000,0.000,-16.763,-14.707,0.000000
103.965157,-200.000,0.000000,0.000000,0.000,-16.753,-14.695,0.000000
104.325050,-200.000,0.000000,0.000000,0.000,-16.743,-14.682,0.000000
104.686180,-200.000,0.000000,0.000000,0.000,-16.733,-14.670,0.000000
105.048561,-200.000,0.000000,0.000000,0.000,-16.723,-14.657,0.000000
105.412201,-200.000,0.000000,0.000000,0.000,-16.712,-14.644,0.000000
105.777100,-200.000,0.000000,0.000000,0.000,-16.702,-14.632,0.000000
106.143257,-200.000,0.000000,0.000000,0.000,-16.692,-14.619,0.000000
106.510689,-200.000,0.000000,0.000000,0.000,-16.682,-14.606,0.000000
106.879387,-200.000,0.000000,0.000000,0.000,-16.671,-14.593,0.000000
107.249359,-200.000,0.000000,0.000000,0.000,-16.661,-14.580,0.000000
107.620613,-200.000,0.000000,0.000000,0.000,-16.650,-14.567,0.000000
107.993156,-200.000,0.000000,0.000000,0.000,-16.640,-14.555,0.000000
108.366936,-200.000,0.000000,0.000000,0.000,-16.630,-14.542,0.000000
108.742065,-200.000,0.000000,0.000000,0.000,-16.619,-14.529,0.000000
109.118484,-200.000,0.000000,0.000000,0.000,-16.608,-14.515,0.000000
109.496208,-200.000,0.000000,0.000000,0.000,-16.598,-14.502,0.000000
109.875244,-200.000,0.000000,0.000000,0.000,-16.587,-14.489,0.000000
110.255592,-200.000,0.000000,0.000000,0.000,-16.577,-14.476,0.000000
110.637253,-200.000,0.000000,0.000000,0.000,-16.566,-14.463,0.000000
111.020241,-200.000,0.000000,0.000000,0.000,-16.555,-14.449,0.000000
111.404549,-200.000,0.000000,0.000000,0.000,-16.544,-14.436,0.000000
111.790184,-200.000,0.000000,0.000000,0.000,-16.534,-14.423,0.000000
112.177162,-200.000,0.000000,0.000000,0.000,-16.523,-14.409,0.000000
112.565475,-200.000,0.000000,0.000000,0.000,-16.512,-14.396,0.000000
112.955132,-200.000,0.000000,0.000000,0.000,-16.501,-14.382,0.000000
113.346085,-200.000,0.000000,0.000000,0.000,-16.490,-14.368,0.000000
113.738503,-200.000,0.000000,0.000000,0.000,-16.479,-14.355,0.000000
114.132164,-200.000,0.000000,0.000000,0.000,-16.468,-14.341,0.000000
114.527306,-200.000,0.000000,0.000000,0.000,-16.457,-14.327,0.000000
114.923698,-200.000,0.000000,0.000000,0.000,-16.446,-14.314,0.000000
115.321518,-200.000,0.000000,0.000000,0.000,-16.435,-14.300,0.000000
115.720718,-200.000,0.000000,0.000000,0.000,-16.423,-14.286,0.000000
116.121300,-200.000,0.000000,0.000000,0.000,-16.412,-14.272,0.000000
116.523270,-200.000,0.000000,0.000000,0.000,-16.401,-14.258,0.000000
116.926628,-200.000,0.000000,0.000000,0.000,-16.390,-14.244,0.000000
117.331383,-200.000,0.000000,0.000000,0.000,-16.378,-14.230,0.000000
117.737541,-200.000,0.000000,0.000000,0.000,-16.367,-14.216,0.000000
118.145103,-200.000,0.000000,0.000000,0.000,-16.355,-14.202,0.000000
118.554016,-200.000,0.000000,0.000000,0.000,-16.344,-14.187,0.000000
118.964462,-200.000,0.000000,0.000000,0.000,-16.332,-14.173,0.000000
119.376213,-200.000,0.000000,0.000000,0.000,-16.321,-14.159,0.000000
119.789505,-200.000,0.000000,0.000000,0.000,-16.309,-14.144,0.000000
120.204117,-200.000,0.000000,0.000000,0.000,-16.298,-14.130,0.000000
120.620216,-200.000,0.000000,0.000000,0.000,-16.286,-14.116,0.000000
121.037758,-200.000,0.000000,0.000000,0.000,-16.274,-14.101,0.000000
121.456741,-200.000,0.000000,0.000000,0.000,-16.263,-14.087,0.000000
121.877174,-200.000,0.000000,0.000000,0.000,-16.251,-14.072,0.000000
122.299072,-200.000,0.000000,0.000000,0.000,-16.239,-14.057,0.000000
122.722420,-200.000,0.000000,0.000000,0.000,-16.227,-14.043,0.000000
123.147240,-200.000,0.000000,0.000000,0.000,-16.215,-14.028,0.000000
123.573532,-200.000,0.000000,0.000000,0.000,-16.203,-14.013,0.000000
124.001297,-200.000,0.000000,0.000000,0.000,-16.191,-13.998,0.000000
124.430542,-200.000,0.000000,0.000000,0.000,-16.179,-13.983,0.000000
124.861267,-200.000,0.000000,0.000000,0.000,-16.167,-13.968,0.000000
125.293488,-200.000,0.000000,0.000000,0.000,-16.163,-13.965,0.000000
125.727150,-200.000,0.000000,0.000000,0.000,-16.163,-13.967,0.000000
126.162369,-200.000,0.000000,0.000000,0.000,-16.164,-13.970,0.000000
126.599091,-200.000,0.000000,0.000000,0.000,-16.164,-13.972,0.000000
127.037331,-200.000,0.000000,0.000000,0.000,-16.164,-13.975,0.000000
127.477089,-200.000,0.000000,0.000000,0.000,-16.164,-13.977,0.000000
127.918365,-200.000,0.000000,0.000000,0.000,-16.164,-13.980,0.000000
128.361160,-200.000,0.000000,0.000000,0.000,-16.164,-13.982,0.000000
128.805511,-200.000,0.000000,0.000000,0.000,-16.164,-13.985,0.000000
129.251373,-200.000,0.000000,0.000000,0.000,-16.164,-13.988,0.000000
129.698792,-200.000,0.000000,0.000000,0.000,-16.165,-13.990,0.000000
130.147766,-200.000,0.000000,0.000000,0.000,-16.165,-13.993,0.000000
130.598282,-200.000,0.000000,0.000000,0.000,-16.165,-13.995,0.000000
131.050369,-200.000,0.000000,0.000000,0.000,-16.165,-13.998,0.000000
131.503952,-200.000,0.000000,0.000000,0.000,-16.165,-14.000,0.000000
131.959229,-200.000,0.000000,0.000000,0.000,-16.165,-14.003,0.000000
132.415955,-200.000,0.000000,0.000000,0.000,-16.165,-14.005,0.000000
132.874329,-200.000,0.000000,0.000000,0.000,-16.165,-14.008,0.000000
133.334290,-200.000,0.000000,0.000000,0.000,-16.166,-14.011,0.000000
133.795853,-200.000,0.000000,0.000000,0.000,-16.166,-14.013,0.000000
134.259003,-200.000,0.000000,0.000000,0.000,-16.166,-14.016,0.000000
134.723755,-200.000,0.000000,0.000000,0.000,-16.166,-14.019,0.000000
135.190109,-200.000,0.000000,0.000000,0.000,-16.166,-14.021,0.000000
135.658081,-200.000,0.000000,0.000000,0.000,-16.166,-14.024,0.000000
136.127686,-200.000,0.000000,0.000000,0.000,-16.166,-14.027,0.000000
136.598907,-200.000,0.000000,0.000000,0.000,-16.166,-14.029,0.000000
137.071762,-200.000,0.000000,0.000000,0.000,-16.167,-14.032,0.000000
137.546249,-200.000,0.000000,0.000000,0.000,-16.167,-14.035,0.000000
138.022385,-200.000,0.000000,0.000000,0.000,-16.167,-14.037,0.000000
138.500092,-200.000,0.000000,0.000000,0.000,-16.167,-14.040,0.000000
138.979599,-200.000,0.000000,0.000000,0.000,-16.167,-14.043,0.000000
139.460617,-200.000,0.000000,0.000000,0.000,-16.167,-14.046,0.000000
139.943375,-200.000,0.000000,0.000000,0.000,-16.167,-14.048,0.000000
140.427811,-200.000,0.000000,0.000000,0.000,-16.167,-14.051,0.000000
140.913925,-200.000,0.000000,0.000000,0.000,-16.168,-14.054,0.000000
141.401703,-200.000,0.000000,0.000000,0.000,-16.168,-14.057,0.000000
141.891190,-200.000,0.000000,0.000000,0.000,-16.168,-14.059,0.000000
142.382355,-200.000,0.000000,0.000000,0.000,-16.168,-14.062,0.000000
142.875229,-200.000,0.000000,0.000000,0.000,-16.168,-14.065,0.000000
143.369812,-200.000,0.000000,0.000000,0.000,-16.168,-14.068,0.000000
143.866104,-200.000,0.000000,0.000000,0.000,-16.168,-14.071,0.000000
144.364120,-200.000,0.000000,0.000000,0.000,-16.169,-14.073,0.000000
144.863785,-200.000,0.000000,0.000000,0.000,-16.169,-14.076,0.000000
145.365311,-200.000,0.000000,0.000000,0.000,-16.169,-14.079,0.000000
145.868439,-200.000,0.000000,0.000000,0.000,-16.169,-14.082,0.000000
146.373383,-200.000,0.000000,0.000000,0.000,-16.169,-14.085,0.000000
146.880066,-200.000,0.000000,0.000000,0.000,-16.169,-14.088,0.000000
147.388504,-200.000,0.000000,0.000000,0.000,-16.169,-14.091,0.000000
147.898712,-200.000,0.000000,0.000000,0.000,-16.170,-14.093,0.000000
148.410675,-200.000,0.000000,0.000000,0.000,-16.170,-14.096,0.000000
148.924423,-200.000,0.000000,0.000000,0.000,-16.170,-14.099,0.000000
149.439941,-200.000,0.000000,0.000000,0.000,-16.170,-14.102,0.000000
149.957245,-200.000,0.000000,0.000000,0.000,-16.170,-14.105,0.000000
150.476334,-200.000,0.000000,0.000000,0.000,-16.170,-14.108,0.000000
150.997238,-200.000,0.000000,0.000000,0.000,-16.170,-14.111,0.000000
151.519852,-200.000,0.000000,0.000000,0.000,-16.171,-14.114,0.000000
152.044434,-200.000,0.000000,0.000000,0.000,-16.171,-14.117,0.000000
152.570679,-200.000,0.000000,0.000000,0.000,-16.171,-14.120,0.000000
153.098892,-200.000,0.000000,0.000000,0.000,-16.171,-14.123,0.000000
153.628784,-200.000,0.000000,0.000000,0.000,-16.171,-14.126,0.000000
154.160660,-200.000,0.000000,0.000000,0.000,-16.171,-14.129,0.000000
154.694229,-200.000,0.000000,0.000000,0.000,-16.171,-14.132,0.000000
155.229797,-200.000,0.000000,0.000000,0.000,-16.172,-14.135,0.000000
155.767075,-200.000,0.000000,0.000000,0.000,-16.172,-14.138,0.000000
156.306274,-200.000,0.000000,0.000000,0.000,-16.172,-14.141,0.000000
156.847351,-200.000,0.000000,0.000000,0.000,-16.172,-14.144,0.000000
157.390305,-200.000,0.000000,0.000000,0.000,-16.172,-14.147,0.000000
157.935120,-200.000,0.000000,0.000000,0.000,-16.172,-14.151,0.000000
158.481750,-200.000,0.000000,0.000000,0.000,-16.172,-14.154,0.000000
159.030441,-200.000,0.000000,0.000000,0.000,-16.173,-14.157,0.000000
159.580856,-200.000,0.000000,0.000000,0.000,-16.173,-14.160,0.000000
160.133347,-200.000,0.000000,0.000000,0.000,-16.173,-14.163,0.000000
160.687592,-200.000,0.000000,0.000000,0.000,-16.173,-14.166,0.000000
161.243912,-200.000,0.000000,0.000000,0.000,-16.173,-14.169,0.000000
161.801987,-200.000,0.000000,0.000000,0.000,-16.173,-14.173,0.000000
162.362167,-200.000,0.000000,0.000000,0.000,-16.174,-14.176,0.000000
162.924133,-200.000,0.000000,0.000000,0.000,-16.174,-14.179,0.000000
163.488113,-200.000,0.000000,0.000000,0.000,-16.174,-14.182,0.000000
164.054047,-200.000,0.000000,0.000000,0.000,-16.174,-14.185,0.000000
164.621933,-200.000,0.000000,0.000000,0.000,-16.174,-14.189,0.000000
165.191788,-200.000,0.000000,0.000000,0.000,-16.174,-14.192,0.000000
165.763535,-200.000,0.000000,0.000000,0.000,-16.174,-14.195,0.000000
166.337433,-200.000,0.000000,0.000000,0.000,-16.175,-14.198,0.000000
166.913147,-200.000,0.000000,0.000000,0.000,-16.175,-14.202,0.000000
167.491013,-200.000,0.000000,0.000000,0.000,-16.175,-14.205,0.000000
168.070801,-200.000,0.000000,0.000000,0.000,-16.175,-14.208,0.000000
168.652603,-200.000,0.000000,0.000000,0.000,-16.175,-14.211,0.000000
169.236328,-200.000,0.000000,0.000000,0.000,-16.175,-14.215,0.000000
169.822250,-200.000,0.000000,0.000000,0.000,-16.176,-14.218,0.000000
170.410019,-200.000,0.000000,0.000000,0.000,-16.176,-14.221,0.000000
170.999924,-200.000,0.000000,0.000000,0.000,-16.176,-14.225,0.000000
171.591858,-200.000,0.000000,0.000000,0.000,-16.176,-14.228,0.000000
172.185837,-200.000,0.000000,0.000000,0.000,-16.176,-14.232,0.000000
172.781876,-200.000,0.000000,0.000000,0.000,-16.176,-14.235,0.000000
173.379990,-200.000,0.000000,0.000000,0.000,-16.177,-14.238,0.000000
173.980164,-200.000,0.000000,0.000000,0.000,-16.177,-14.242,0.000000
174.582336,-200.000,0.000000,0.000000,0.000,-16.177,-14.245,0.000000
175.186752,-200.000,0.000000,0.000000,0.000,-16.177,-14.249,0.000000
175.793182,-200.000,0.000000,0.000000,0.000,-16.177,-14.252,0.000000
176.401703,-200.000,0.000000,0.000000,0.000,-16.177,-14.256,0.000000
177.012253,-200.000,0.000000,0.000000,0.000,-16.178,-14.259,0.000000
177.625092,-200.000,0.000000,0.000000,0.000,-16.178,-14.262,0.000000
178.239883,-200.000,0.000000,0.000000,0.000,-16.178,-14.266,0.000000
178.856964,-200.000,0.000000,0.000000,0.000,-16.178,-14.269,0.000000
179.476013,-200.000,0.000000,0.000000,0.000,-16.178,-14.273,0.000000
180.097290,-200.000,0.000000,0.000000,0.000,-16.178,-14.277,0.000000
180.720718,-200.000,0.000000,0.000000,0.000,-16.179,-14.280,0.000000
181.346298,-200.000,0.000000,0.000000,0.000,-16.179,-14.284,0.000000
181.974045,-200.000,0.000000,0.000000,0.000,-16.179,-14.287,0.000000
182.603882,-200.000,0.000000,0.000000,0.000,-16.179,-14.291,0.000000
183.236084,-200.000,0.000000,0.000000,0.000,-16.179,-14.294,0.000000
183.870377,-200.000,0.000000,0.000000,0.000,-16.179,-14.298,0.000000
184.506866,-200.000,0.000000,0.000000,0.000,-16.180,-14.302,0.000000
185.145462,-200.000,0.000000,0.000000,0.000,-16.180,-14.305,0.000000
185.786453,-200.000,0.000000,0.000000,0.000,-16.180,-14.309,0.000000
186.429489,-200.000,0.000000,0.000000,0.000,-16.180,-14.313,0.000000
187.074921,-200.000,0.000000,0.000000,0.000,-16.180,-14.316,0.000000
187.722412,-200.000,0.000000,0.000000,0.000,-16.180,-14.320,0.000000
188.372238,-200.000,0.000000,0.000000,0.000,-16.181,-14.324,0.000000
189.024307,-200.000,0.000000,0.000000,0.000,-16.181,-14.327,0.000000
189.678650,-200.000,0.000000,0.000000,0.000,-16.181,-14.331,0.000000
190.335236,-200.000,0.000000,0.000000,0.000,-16.181,-14.335,0.000000
190.994110,-200.000,0.000000,0.000000,0.000,-16.181,-14.338,0.000000
191.655258,-200.000,0.000000,0.000000,0.000,-16.182,-14.342,0.000000
192.318695,-200.000,0.000000,0.000000,0.000,-16.182,-14.346,0.000000
192.984421,-200.000,0.000000,0.000000,0.000,-16.182,-14.350,0.000000
193.652374,-200.000,0.000000,0.000000,0.000,-16.182,-14.354,0.000000
194.322815,-200.000,0.000000,0.000000,0.000,-16.182,-14.357,0.000000
194.995392,-200.000,0.000000,0.000000,0.000,-16.182,-14.361,0.000000
195.670486,-200.000,0.000000,0.000000,0.000,-16.183,-14.365,0.000000
196.347733,-200.000,0.000000,0.000000,0.000,-16.183,-14.369,0.000000
197.027405,-200.000,0.000000,0.000000,0.000,-16.183,-14.373,0.000000
197.709442,-200.000,0.000000,0.000000,0.000,-16.183,-14.377,0.000000
198.393829,-200.000,0.000000,0.000000,0.000,-16.183,-14.381,0.000000
199.080597,-200.000,0.000000,0.000000,0.000,-16.184,-14.384,0.000000
199.769745,-200.000,0.000000,0.000000,0.000,-16.184,-14.388,0.000000
200.461258,-200.000,0.000000,0.000000,0.000,-16.184,-14.392,0.000000
201.155182,-200.000,0.000000,0.000000,0.000,-16.184,-14.396,0.000000
201.851501,-200.000,0.000000,0.000000,0.000,-16.184,-14.400,0.000000
202.550232,-200.000,0.000000,0.000000,0.000,-16.185,-14.404,0.000000
203.251389,-200.000,0.000000,0.000000,0.000,-16.185,-14.408,0.000000
203.954865,-200.000,0.000000,0.000000,0.000,-16.185,-14.412,0.000000
204.660980,-200.000,0.000000,0.000000,0.000,-16.185,-14.416,0.000000
205.369339,-200.000,0.000000,0.000000,0.000,-16.185,-14.420,0.000000
206.080246,-200.000,0.000000,0.000000,0.000,-16.186,-14.424,0.000000
206.793625,-200.000,0.000000,0.000000,0.000,-16.186,-14.428,0.000000
207.509567,-200.000,0.000000,0.000000,0.000,-16.186,-14.432,0.000000
208.227783,-200.000,0.000000,0.000000,0.000,-16.186,-14.436,0.000000
208.948685,-200.000,0.000000,0.000000,0.000,-16.186,-14.441,0.000000
209.671890,-200.000,0.000000,0.000000,0.000,-16.186,-14.445,0.000000
210.397690,-200.000,0.000000,0.000000,0.000,-16.187,-14.449,0.000000
211.126007,-200.000,0.000000,0.000000,0.000,-16.187,-14.453,0.000000
211.856842,-200.000,0.000000,0.000000,0.000,-16.187,-14.457,0.000000
212.590210,-200.000,0.000000,0.000000,0.000,-16.187,-14.461,0.000000
213.326019,-200.000,0.000000,0.000000,0.000,-16.188,-14.465,0.000000
214.064575,-200.000,0.000000,0.000000,0.000,-16.188,-14.470,0.000000
214.805481,-200.000,0.000000,0.000000,0.000,-16.188,-14.474,0.000000
215.549057,-200.000,0.000000,0.000000,0.000,-16.188,-14.478,0.000000
216.295197,-200.000,0.000000,0.000000,0.000,-16.188,-14.482,0.000000
217.044037,-200.000,0.000000,0.000000,0.000,-16.189,-14.487,0.000000
217.795258,-200.000,0.000000,0.000000,0.000,-16.189,-14.491,0.000000
218.549286,-200.000,0.000000,0.000000,0.000,-16.189,-14.495,0.000000
219.305710,-200.000,0.000000,0.000000,0.000,-16.189,-14.499,0.000000
220.064865,-200.000,0.000000,0.000000,0.000,-16.189,-14.504,0.000000
220.826645,-200.000,0.000000,0.000000,0.000,-16.190,-14.508,0.000000
221.591064,-200.000,0.000000,0.000000,0.000,-16.190,-14.512,0.000000
222.358124,-200.000,0.000000,0.000000,0.000,-16.190,-14.517,0.000000
223.127731,-200.000,0.000000,0.000000,0.000,-16.190,-14.521,0.000000
223.900223,-200.000,0.000000,0.000000,0.000,-16.190,-14.526,0.000000
224.675171,-200.000,0.000000,0.000000,0.000,-16.191,-14.530,0.000000
225.453018,-200.000,0.000000,0.000000,0.000,-16.191,-14.534,0.000000
226.233337,-200.000,0.000000,0.000000,0.000,-16.191,-14.539,0.000000
227.016586,-200.000,0.000000,0.000000,0.000,-16.191,-14.543,0.000000
227.802322,-200.000,0.000000,0.000000,0.000,-16.191,-14.548,0.000000
228.590988,-200.000,0.000000,0.000000,0.000,-16.192,-14.552,0.000000
229.382187,-200.000,0.000000,0.000000,0.000,-16.192,-14.557,0.000000
230.176208,-200.000,0.000000,0.000000,0.000,-16.192,-14.561,0.000000
230.972992,-200.000,0.000000,0.000000,0.000,-16.192,-14.566,0.000000
231.772537,-200.000,0.000000,0.000000,0.000,-16.193,-14.570,0.000000
232.574844,-200.000,0.000000,0.000000,0.000,-16.193,-14.575,0.000000
233.379822,-200.000,0.000000,0.000000,0.000,-16.193,-14.579,0.000000
234.187805,-200.000,0.000000,0.000000,0.000,-16.193,-14.584,0.000000
234.998352,-200.000,0.000000,0.000000,0.000,-16.193,-14.589,0.000000
235.811935,-200.000,0.000000,0.000000,0.000,-16.194,-14.593,0.000000
236.628113,-200.000,0.000000,0.000000,0.000,-16.194,-14.598,0.000000
237.447342,-200.000,0.000000,0.000000,0.000,-16.194,-14.603,0.000000
238.269180,-200.000,0.000000,0.000000,0.000,-16.194,-14.607,0.000000
239.094101,-200.000,0.000000,0.000000,0.000,-16.195,-14.612,0.000000
239.921631,-200.000,0.000000,0.000000,0.000,-16.195,-14.617,0.000000
240.752151,-200.000,0.000000,0.000000,0.000,-16.195,-14.621,0.000000
241.585541,-200.000,0.000000,0.000000,0.000,-16.195,-14.626,0.000000
242.421814,-200.000,0.000000,0.000000,0.000,-16.195,-14.631,0.000000
243.260986,-200.000,0.000000,0.000000,0.000,-16.196,-14.636,0.000000
244.102951,-200.000,0.000000,0.000000,0.000,-16.196,-14.640,0.000000
244.948059,-200.000,0.000000,0.000000,0.000,-16.196,-14.645,0.000000
245.795975,-200.000,0.000000,0.000000,0.000,-16.196,-14.650,0.000000
246.646820,-200.000,0.000000,0.000000,0.000,-16.197,-14.655,0.000000
247.500626,-200.000,0.000000,0.000000,0.000,-16.197,-14.660,0.000000
248.357376,-200.000,0.000000,0.000000,0.000,-16.197,-14.665,0.000000
249.216980,-200.000,0.000000,0.000000,0.000,-16.197,-14.669,0.000000
250.079788,-200.000,0.000000,0.000000,0.000,-16.197,-14.674,0.000000
250.945343,-200.000,0.000000,0.000000,0.000,-16.196,-14.674,0.000000
251.814026,-200.000,0.000000,0.000000,0.000,-16.194,-14.674,0.000000
252.685715,-200.000,0.000000,0.000000,0.000,-16.193,-14.673,0.000000
253.560410,-200.000,0.000000,0.000000,0.000,-16.191,-14.673,0.000000
254.438141,-200.000,0.000000,0.000000,0.000,-16.190,-14.673,0.000000
255.318909,-200.000,0.000000,0.000000,0.000,-16.188,-14.673,0.000000
256.202728,-200.000,0.000000,0.000000,0.000,-16.187,-14.673,0.000000
257.089600,-200.000,0.000000,0.000000,0.000,-16.185,-14.673,0.000000
257.979553,-200.000,0.000000,0.000000,0.000,-16.184,-14.672,0.000000
258.872559,-200.000,0.000000,0.000000,0.000,-16.182,-14.672,0.000000
259.768677,-200.000,0.000000,0.000000,0.000,-16.180,-14.672,0.000000
260.667786,-200.000,0.000000,0.000000,0.000,-16.179,-14.672,0.000000
261.570251,-200.000,0.000000,0.000000,0.000,-16.177,-14.672,0.000000
262.475555,-200.000,0.000000,0.000000,0.000,-16.176,-14.672,0.000000
263.384277,-200.000,0.000000,0.000000,0.000,-16.174,-14.672,0.000000
264.295898,-200.000,0.000000,0.000000,0.000,-16.173,-14.671,0.000000
265.210785,-200.000,0.000000,0.000000,0.000,-16.171,-14.671,0.000000
266.128845,-200.000,0.000000,0.000000,0.000,-16.169,-14.671,0.000000
267.050201,-200.000,0.000000,0.000000,0.000,-16.168,-14.671,0.000000
267.974518,-200.000,0.000000,0.000000,0.000,-16.166,-14.671,0.000000
268.902130,-200.000,0.000000,0.000000,0.000,-16.164,-14.671,0.000000
269.832977,-200.000,0.000000,0.000000,0.000,-16.163,-14.670,0.000000
270.767029,-200.000,0.000000,0.000000,0.000,-16.161,-14.670,0.000000
271.704315,-200.000,0.000000,0.000000,0.000,-16.160,-14.670,0.000000
272.644714,-200.000,0.000000,0.000000,0.000,-16.158,-14.670,0.000000
273.588654,-200.000,0.000000,0.000000,0.000,-16.156,-14.670,0.000000
274.535583,-200.000,0.000000,0.000000,0.000,-16.155,-14.670,0.000000
275.486053,-200.000,0.000000,0.000000,0.000,-16.153,-14.669,0.000000
276.439545,-200.000,0.000000,0.000000,0.000,-16.151,-14.669,0.000000
277.396454,-200.000,0.000000,0.000000,0.000,-16.150,-14.669,0.000000
278.356689,-200.000,0.000000,0.000000,0.000,-16.148,-14.669,0.000000
279.320404,-200.000,0.000000,0.000000,0.000,-16.146,-14.669,0.000000
280.287170,-200.000,0.000000,0.000000,0.000,-16.145,-14.669,0.000000
281.257416,-200.000,0.000000,0.000000,0.000,-16.143,-14.668,0.000000
282.231018,-200.000,0.000000,0.000000,0.000,-16.141,-14.668,0.000000
283.207977,-200.000,0.000000,0.000000,0.000,-16.139,-14.668,0.000000
284.188354,-200.000,0.000000,0.000000,0.000,-16.138,-14.668,0.000000
285.171967,-200.000,0.000000,0.000000,0.000,-16.136,-14.668,0.000000
286.159271,-200.000,0.000000,0.000000,0.000,-16.134,-14.668,0.000000
287.149689,-200.000,0.000000,0.000000,0.000,-16.133,-14.667,0.000000
288.143829,-200.000,0.000000,0.000000,0.000,-16.131,-14.667,0.000000
289.141144,-200.000,0.000000,0.000000,0.000,-16.129,-14.667,0.000000
290.142029,-200.000,0.000000,0.000000,0.000,-16.127,-14.667,0.000000
291.146393,-200.000,0.000000,0.000000,0.000,-16.126,-14.667,0.000000
292.154358,-200.000,0.000000,0.000000,0.000,-16.124,-14.666,0.000000
293.165558,-200.000,0.000000,0.000000,0.000,-16.122,-14.666,0.000000
294.180389,-200.000,0.000000,0.000000,0.000,-16.120,-14.666,0.000000
295.198730,-200.000,0.000000,0.000000,0.000,-16.118,-14.666,0.000000
296.220581,-200.000,0.000000,0.000000,0.000,-16.117,-14.666,0.000000
297.246002,-200.000,0.000000,0.000000,0.000,-16.115,-14.666,0.000000
298.274933,-200.000,0.000000,0.000000,0.000,-16.113,-14.665,0.000000
299.307465,-200.000,0.000000,0.000000,0.000,-16.111,-14.665,0.000000
300.343414,-200.000,0.000000,0.000000,0.000,-16.109,-14.665,0.000000
301.383209,-200.000,0.000000,0.000000,0.000,-16.108,-14.665,0.000000
302.426361,-200.000,0.000000,0.000000,0.000,-16.106,-14.665,0.000000
303.473389,-200.000,0.000000,0.000000,0.000,-16.104,-14.664,0.000000
304.523743,-200.000,0.000000,0.000000,0.000,-16.102,-14.664,0.000000
305.578033,-200.000,0.000000,0.000000,0.000,-16.100,-14.664,0.000000
306.635681,-200.000,0.000000,0.000000,0.000,-16.098,-14.664,0.000000
307.697266,-200.000,0.000000,0.000000,0.000,-16.097,-14.664,0.000000
308.762268,-200.000,0.000000,0.000000,0.000,-16.095,-14.664,0.000000
309.831085,-200.000,0.000000,0.000000,0.000,-16.093,-14.663,0.000000
310.903595,-200.000,0.000000,0.000000,0.000,-16.091,-14.663,0.000000
311.979828,-200.000,0.000000,0.000000,0.000,-16.089,-14.663,0.000000
313.059784,-200.000,0.000000,0.000000,0.000,-16.087,-14.663,0.000000
314.143311,-200.000,0.000000,0.000000,0.000,-16.085,-14.663,0.000000
315.230927,-200.000,0.000000,0.000000,0.000,-16.083,-14.662,0.000000
316.322113,-200.000,0.000000,0.000000,0.000,-16.081,-14.662,0.000000
317.417114,-200.000,0.000000,0.000000,0.000,-16.080,-14.662,0.000000
318.515747,-200.000,0.000000,0.000000,0.000,-16.078,-14.662,0.000000
319.618469,-200.000,0.000000,0.000000,0.000,-16.076,-14.662,0.000000
320.724701,-200.000,0.000000,0.000000,0.000,-16.074,-14.661,0.000000
321.835083,-200.000,0.000000,0.000000,0.000,-16.072,-14.661,0.000000
322.949005,-200.000,0.000000,0.000000,0.000,-16.070,-14.661,0.000000
324.066925,-200.000,0.000000,0.000000,0.000,-16.068,-14.661,0.000000
325.188721,-200.000,0.000000,0.000000,0.000,-16.066,-14.661,0.000000
326.314392,-200.000,0.000000,0.000000,0.000,-16.064,-14.660,0.000000
327.443970,-200.000,0.000000,0.000000,0.000,-16.062,-14.660,0.000000
328.577301,-200.000,0.000000,0.000000,0.000,-16.060,-14.660,0.000000
329.714874,-200.000,0.000000,0.000000,0.000,-16.058,-14.660,0.000000
330.856232,-200.000,0.000000,0.000000,0.000,-16.056,-14.660,0.000000
332.001526,-200.000,0.000000,0.000000,0.000,-16.054,-14.660,0.000000
333.150635,-200.000,0.000000,0.000000,0.000,-16.052,-14.659,0.000000
334.304016,-200.000,0.000000,0.000000,0.000,-16.050,-14.659,0.000000
335.461090,-200.000,0.000000,0.000000,0.000,-16.048,-14.659,0.000000
336.622498,-200.000,0.000000,0.000000,0.000,-16.046,-14.659,0.000000
337.787598,-200.000,0.000000,0.000000,0.000,-16.044,-14.658,0.000000
338.956879,-200.000,0.000000,0.000000,0.000,-16.042,-14.658,0.000000
340.130219,-200.000,0.000000,0.000000,0.000,-16.040,-14.658,0.000000
341.307617,-200.000,0.000000,0.000000,0.000,-16.038,-14.658,0.000000
342.489105,-200.000,0.000000,0.000000,0.000,-16.036,-14.658,0.000000
343.674652,-200.000,0.000000,0.000000,0.000,-16.034,-14.657,0.000000
344.864319,-200.000,0.000000,0.000000,0.000,-16.032,-14.657,0.000000
346.058105,-200.000,0.000000,0.000000,0.000,-16.029,-14.657,0.000000
347.256042,-200.000,0.000000,0.000000,0.000,-16.027,-14.657,0.000000
348.457947,-200.000,0.000000,0.000000,0.000,-16.025,-14.657,0.000000
349.664337,-200.000,0.000000,0.000000,0.000,-16.023,-14.656,0.000000
350.874573,-200.000,0.000000,0.000000,0.000,-16.021,-14.656,0.000000
352.089325,-200.000,0.000000,0.000000,0.000,-16.019,-14.656,0.000000
353.307953,-200.000,0.000000,0.000000,0.000,-16.017,-14.656,0.000000
354.530975,-200.000,0.000000,0.000000,0.000,-16.015,-14.656,0.000000
355.758240,-200.000,0.000000,0.000000,0.000,-16.012,-14.655,0.000000
356.989716,-200.000,0.000000,0.000000,0.000,-16.010,-14.655,0.000000
358.225494,-200.000,0.000000,0.000000,0.000,-16.008,-14.655,0.000000
359.465515,-200.000,0.000000,0.000000,0.000,-16.006,-14.655,0.000000
360.709869,-200.000,0.000000,0.000000,0.000,-16.004,-14.654,0.000000
361.958496,-200.000,0.000000,0.000000,0.000,-16.002,-14.654,0.000000
363.211456,-200.000,0.000000,0.000000,0.000,-15.999,-14.654,0.000000
364.468750,-200.000,0.000000,0.000000,0.000,-15.997,-14.654,0.000000
365.730408,-200.000,0.000000,0.000000,0.000,-15.995,-14.654,0.000000
366.996246,-200.000,0.000000,0.000000,0.000,-15.993,-14.653,0.000000
368.266815,-200.000,0.000000,0.000000,0.000,-15.991,-14.653,0.000000
369.541443,-200.000,0.000000,0.000000,0.000,-15.988,-14.653,0.000000
370.820648,-200.000,0.000000,0.000000,0.000,-15.986,-14.653,0.000000
372.104309,-200.000,0.000000,0.000000,0.000,-15.984,-14.652,0.000000
373.392395,-200.000,0.000000,0.000000,0.000,-15.982,-14.652,0.000000
374.684937,-200.000,0.000000,0.000000,0.000,-15.979,-14.652,0.000000
375.982117,-200.000,0.000000,0.000000,0.000,-15.977,-14.652,0.000000
377.283447,-200.000,0.000000,0.000000,0.000,-15.975,-14.652,0.000000
378.589447,-200.000,0.000000,0.000000,0.000,-15.972,-14.651,0.000000
379.899994,-200.000,0.000000,0.000000,0.000,-15.970,-14.651,0.000000
381.215057,-200.000,0.000000,0.000000,0.000,-15.968,-14.651,0.000000
382.534668,-200.000,0.000000,0.000000,0.000,-15.966,-14.651,0.000000
383.858673,-200.000,0.000000,0.000000,0.000,-15.963,-14.650,0.000000
385.187622,-200.000,0.000000,0.000000,0.000,-15.961,-14.650,0.000000
386.520813,-200.000,0.000000,0.000000,0.000,-15.959,-14.650,0.000000
387.859009,-200.000,0.000000,0.000000,0.000,-15.956,-14.650,0.000000
389.201416,-200.000,0.000000,0.000000,0.000,-15.954,-14.649,0.000000
390.548889,-200.000,0.000000,0.000000,0.000,-15.952,-14.649,0.000000
391.900635,-200.000,0.000000,0.000000,0.000,-15.949,-14.649,0.000000
393.257416,-200.000,0.000000,0.000000,0.000,-15.947,-14.649,0.000000
394.618530,-200.000,0.000000,0.000000,0.000,-15.944,-14.649,0.000000
395.984558,-200.000,0.000000,0.000000,0.000,-15.942,-14.648,0.000000
397.355316,-200.000,0.000000,0.000000,0.000,-15.940,-14.648,0.000000
398.730804,-200.000,0.000000,0.000000,0.000,-15.937,-14.648,0.000000
400.111053,-200.000,0.000000,0.000000,0.000,-15.935,-14.648,0.000000
401.495880,-200.000,0.000000,0.000000,0.000,-15.932,-14.647,0.000000
402.885895,-200.000,0.000000,0.000000,0.000,-15.930,-14.647,0.000000
404.280365,-200.000,0.000000,0.000000,0.000,-15.928,-14.647,0.000000
405.679993,-200.000,0.000000,0.000000,0.000,-15.925,-14.647,0.000000
407.084106,-200.000,0.000000,0.000000,0.000,-15.923,-14.646,0.000000
408.493500,-200.000,0.000000,0.000000,0.000,-15.920,-14.646,0.000000
409.907349,-200.000,0.000000,0.000000,0.000,-15.918,-14.646,0.000000
411.326477,-200.000,0.000000,0.000000,0.000,-15.915,-14.646,0.000000
412.750122,-200.000,0.000000,0.000000,0.000,-15.913,-14.645,0.000000
414.178925,-200.000,0.000000,0.000000,0.000,-15.910,-14.645,0.000000
415.612640,-200.000,0.000000,0.000000,0.000,-15.908,-14.645,0.000000
417.051331,-200.000,0.000000,0.000000,0.000,-15.905,-14.645,0.000000
418.494995,-200.000,0.000000,0.000000,0.000,-15.903,-14.644,0.000000
419.943481,-200.000,0.000000,0.000000,0.000,-15.900,-14.644,0.000000
421.397369,-200.000,0.000000,0.000000,0.000,-15.898,-14.644,0.000000
422.855865,-200.000,0.000000,0.000000,0.000,-15.895,-14.644,0.000000
424.319855,-200.000,0.000000,0.000000,0.000,-15.892,-14.643,0.000000
425.788666,-200.000,0.000000,0.000000,0.000,-15.890,-14.643,0.000000
427.262604,-200.000,0.000000,0.000000,0.000,-15.887,-14.643,0.000000
428.741394,-200.000,0.000000,0.000000,0.000,-15.885,-14.643,0.000000
430.225739,-200.000,0.000000,0.000000,0.000,-15.882,-14.642,0.000000
431.714813,-200.000,0.000000,0.000000,0.000,-15.879,-14.642,0.000000
433.209259,-200.000,0.000000,0.000000,0.000,-15.877,-14.642,0.000000
434.708862,-200.000,0.000000,0.000000,0.000,-15.874,-14.642,0.000000
436.213654,-200.000,0.000000,0.000000,0.000,-15.872,-14.641,0.000000
437.723663,-200.000,0.000000,0.000000,0.000,-15.869,-14.641,0.000000
439.238892,-200.000,0.000000,0.000000,0.000,-15.866,-14.641,0.000000
440.759369,-200.000,0.000000,0.000000,0.000,-15.864,-14.640,0.000000
442.285095,-200.000,0.000000,0.000000,0.000,-15.861,-14.640,0.000000
443.816132,-200.000,0.000000,0.000000,0.000,-15.858,-14.640,0.000000
445.352448,-200.000,0.000000,0.000000,0.000,-15.856,-14.640,0.000000
446.894073,-200.000,0.000000,0.000000,0.000,-15.853,-14.639,0.000000
448.440857,-200.000,0.000000,0.000000,0.000,-15.850,-14.639,0.000000
449.993408,-200.000,0.000000,0.000000,0.000,-15.847,-14.639,0.000000
451.550873,-200.000,0.000000,0.000000,0.000,-15.845,-14.639,0.000000
453.114197,-200.000,0.000000,0.000000,0.000,-15.842,-14.638,0.000000
454.682495,-200.000,0.000000,0.000000,0.000,-15.839,-14.638,0.000000
456.256409,-200.000,0.000000,0.000000,0.000,-15.837,-14.638,0.000000
457.835815,-200.000,0.000000,0.000000,0.000,-15.834,-14.637,0.000000
459.420654,-200.000,0.000000,0.000000,0.000,-15.831,-14.637,0.000000
461.010986,-200.000,0.000000,0.000000,0.000,-15.828,-14.637,0.000000
462.606842,-200.000,0.000000,0.000000,0.000,-15.825,-14.637,0.000000
464.208221,-200.000,0.000000,0.000000,0.000,-15.823,-14.636,0.000000
465.815125,-200.000,0.000000,0.000000,0.000,-15.820,-14.636,0.000000
467.427582,-200.000,0.000000,0.000000,0.000,-15.817,-14.636,0.000000
469.045410,-200.000,0.000000,0.000000,0.000,-15.814,-14.636,0.000000
470.669312,-200.000,0.000000,0.000000,0.000,-15.811,-14.635,0.000000
472.298340,-200.000,0.000000,0.000000,0.000,-15.808,-14.635,0.000000
473.933502,-200.000,0.000000,0.000000,0.000,-15.806,-14.635,0.000000
475.573853,-200.000,0.000000,0.000000,0.000,-15.803,-14.634,0.000000
477.220093,-200.000,0.000000,0.000000,0.000,-15.800,-14.634,0.000000
478.872040,-200.000,0.000000,0.000000,0.000,-15.797,-14.634,0.000000
480.529724,-200.000,0.000000,0.000000,0.000,-15.794,-14.634,0.000000
482.193146,-200.000,0.000000,0.000000,0.000,-15.791,-14.633,0.000000
483.862305,-200.000,0.000000,0.000000,0.000,-15.788,-14.633,0.000000
485.537262,-200.000,0.000000,0.000000,0.000,-15.785,-14.633,0.000000
487.217987,-200.000,0.000000,0.000000,0.000,-15.782,-14.632,0.000000
488.904541,-200.000,0.000000,0.000000,0.000,-15.779,-14.632,0.000000
490.596710,-200.000,0.000000,0.000000,0.000,-15.776,-14.632,0.000000
492.295197,-200.000,0.000000,0.000000,0.000,-15.773,-14.631,0.000000
493.999115,-200.000,0.000000,0.000000,0.000,-15.770,-14.631,0.000000
495.709381,-200.000,0.000000,0.000000,0.000,-15.767,-14.631,0.000000
497.425110,-200.000,0.000000,0.000000,0.000,-15.764,-14.631,0.000000
499.147003,-200.000,0.000000,0.000000,0.000,-15.761,-14.630,0.000000
500.874847,-200.000,0.000000,0.000000,0.000,-15.752,-14.623,0.000000
502.608917,-200.000,0.000000,0.000000,0.000,-15.735,-14.609,0.000000
504.348541,-200.000,0.000000,0.000000,0.000,-15.718,-14.596,0.000000
506.094391,-200.000,0.000000,0.000000,0.000,-15.702,-14.582,0.000000
507.846283,-200.000,0.000000,0.000000,0.000,-15.685,-14.568,0.000000
509.604279,-200.000,0.000000,0.000000,0.000,-15.668,-14.554,0.000000
511.368317,-200.000,0.000000,0.000000,0.000,-15.651,-14.540,0.000000
513.138489,-200.000,0.000000,0.000000,0.000,-15.634,-14.526,0.000000
514.914795,-200.000,0.000000,0.000000,0.000,-15.617,-14.512,0.000000
516.696960,-200.000,0.000000,0.000000,0.000,-15.600,-14.498,0.000000
518.485840,-200.000,0.000000,0.000000,0.000,-15.583,-14.484,0.000000
520.280334,-200.000,0.000000,0.000000,0.000,-15.566,-14.469,0.000000
522.081360,-200.000,0.000000,0.000000,0.000,-15.549,-14.455,0.000000
523.888611,-200.000,0.000000,0.000000,0.000,-15.532,-14.441,0.000000
525.702393,-200.000,0.000000,0.000000,0.000,-15.514,-14.426,0.000000
527.521912,-200.000,0.000000,0.000000,0.000,-15.497,-14.412,0.000000
529.348206,-200.000,0.000000,0.000000,0.000,-15.479,-14.398,0.000000
531.180359,-200.000,0.000000,0.000000,0.000,-15.462,-14.383,0.000000
533.019104,-200.000,0.000000,0.000000,0.000,-15.444,-14.368,0.000000
534.864258,-200.000,0.000000,0.000000,0.000,-15.427,-14.354,0.000000
536.715698,-200.000,0.000000,0.000000,0.000,-15.409,-14.339,0.000000
538.573608,-200.000,0.000000,0.000000,0.000,-15.391,-14.324,0.000000
540.437683,-200.000,0.000000,0.000000,0.000,-15.373,-14.310,0.000000
542.308777,-200.000,0.000000,0.000000,0.000,-15.356,-14.295,0.000000
544.185730,-200.000,0.000000,0.000000,0.000,-15.338,-14.280,0.000000
546.069763,-200.000,0.000000,0.000000,0.000,-15.320,-14.265,0.000000
547.959778,-200.000,0.000000,0.000000,0.000,-15.301,-14.250,0.000000
549.856873,-200.000,0.000000,0.000000,0.000,-15.283,-14.235,0.000000
551.760010,-200.000,0.000000,0.000000,0.000,-15.265,-14.220,0.000000
553.670288,-200.000,0.000000,0.000000,0.000,-15.247,-14.205,0.000000
555.586609,-200.000,0.000000,0.000000,0.000,-15.229,-14.190,0.000000
557.509827,-200.000,0.000000,0.000000,0.000,-15.210,-14.174,0.000000
559.439697,-200.000,0.000000,0.000000,0.000,-15.192,-14.159,0.000000
561.376282,-200.000,0.000000,0.000000,0.000,-15.173,-14.144,0.000000
563.319519,-200.000,0.000000,0.000000,0.000,-15.155,-14.128,0.000000
565.269287,-200.000,0.000000,0.000000,0.000,-15.136,-14.113,0.000000
567.226318,-200.000,0.000000,0.000000,0.000,-15.117,-14.097,0.000000
569.189514,-200.000,0.000000,0.000000,0.000,-15.099,-14.082,0.000000
571.160156,-200.000,0.000000,0.000000,0.000,-15.080,-14.066,0.000000
573.136963,-200.000,0.000000,0.000000,0.000,-15.061,-14.051,0.000000
575.121216,-200.000,0.000000,0.000000,0.000,-15.042,-14.035,0.000000
577.111816,-200.000,0.000000,0.000000,0.000,-15.023,-14.019,0.000000
579.109863,-200.000,0.000000,0.000000,0.000,-15.004,-14.003,0.000000
581.114197,-200.000,0.000000,0.000000,0.000,-14.985,-13.987,0.000000
583.125793,-200.000,0.000000,0.000000,0.000,-14.965,-13.971,0.000000
585.144348,-200.000,0.000000,0.000000,0.000,-14.946,-13.955,0.000000
587.169922,-200.000,0.000000,0.000000,0.000,-14.927,-13.939,0.000000
589.202454,-200.000,0.000000,0.000000,0.000,-14.907,-13.923,0.000000
591.241760,-200.000,0.000000,0.000000,0.000,-14.888,-13.907,0.000000
593.288696,-200.000,0.000000,0.000000,0.000,-14.868,-13.891,0.000000
595.342468,-200.000,0.000000,0.000000,0.000,-14.849,-13.875,0.000000
597.403320,-200.000,0.000000,0.000000,0.000,-14.829,-13.858,0.000000
599.471008,-200.000,0.000000,0.000000,0.000,-14.809,-13.842,0.000000
601.546448,-200.000,0.000000,0.000000,0.000,-14.789,-13.825,0.000000
603.628479,-200.000,0.000000,0.000000,0.000,-14.769,-13.809,0.000000
605.718262,-200.000,0.000000,0.000000,0.000,-14.749,-13.792,0.000000
607.814758,-200.000,0.000000,0.000000,0.000,-14.729,-13.776,0.000000
609.918762,-200.000,0.000000,0.000000,0.000,-14.709,-13.759,0.000000
612.030090,-200.000,0.000000,0.000000,0.000,-14.689,-13.742,0.000000
614.148682,-200.000,0.000000,0.000000,0.000,-14.669,-13.726,0.000000
616.274658,-200.000,0.000000,0.000000,0.000,-14.648,-13.709,0.000000
618.407654,-200.000,0.000000,0.000000,0.000,-14.628,-13.692,0.000000
620.548645,-200.000,0.000000,0.000000,0.000,-14.608,-13.675,0.000000
622.696716,-200.000,0.000000,0.000000,0.000,-14.587,-13.658,0.000000
624.852295,-200.000,0.000000,0.000000,0.000,-14.566,-13.641,0.000000
627.015259,-200.000,0.000000,0.000000,0.000,-14.546,-13.624,0.000000
629.185730,-200.000,0.000000,0.000000,0.000,-14.525,-13.606,0.000000
631.363464,-200.000,0.000000,0.000000,0.000,-14.504,-13.589,0.000000
633.549316,-200.000,0.000000,0.000000,0.000,-14.483,-13.572,0.000000
635.742126,-200.000,0.000000,0.000000,0.000,-14.462,-13.554,0.000000
637.942810,-200.000,0.000000,0.000000,0.000,-14.441,-13.537,0.000000
640.151123,-200.000,0.000000,0.000000,0.000,-14.420,-13.519,0.000000
642.367065,-200.000,0.000000,0.000000,0.000,-14.399,-13.502,0.000000
644.590698,-200.000,0.000000,0.000000,0.000,-14.378,-13.484,0.000000
646.822327,-200.000,0.000000,0.000000,0.000,-14.356,-13.467,0.000000
649.061096,-200.000,0.000000,0.000000,0.000,-14.335,-13.449,0.000000
651.307861,-200.000,0.000000,0.000000,0.000,-14.314,-13.431,0.000000
653.562439,-200.000,0.000000,0.000000,0.000,-14.292,-13.413,0.000000
655.824829,-200.000,0.000000,0.000000,0.000,-14.270,-13.395,0.000000
658.095032,-200.000,0.000000,0.000000,0.000,-14.249,-13.377,0.000000
660.372803,-200.000,0.000000,0.000000,0.000,-14.227,-13.359,0.000000
662.659058,-200.000,0.000000,0.000000,0.000,-14.205,-13.341,0.000000
664.952637,-200.000,0.000000,0.000000,0.000,-14.183,-13.323,0.000000
667.254761,-200.000,0.000000,0.000000,0.000,-14.161,-13.305,0.000000
669.564209,-200.000,0.000000,0.000000,0.000,-14.139,-13.286,0.000000
671.882019,-200.000,0.000000,0.000000,0.000,-14.117,-13.268,0.000000
674.207764,-200.000,0.000000,0.000000,0.000,-14.095,-13.250,0.000000
676.541992,-200.000,0.000000,0.000000,0.000,-14.072,-13.231,0.000000
678.883545,-200.000,0.000000,0.000000,0.000,-14.050,-13.213,0.000000
681.233582,-200.000,0.000000,0.000000,0.000,-14.027,-13.194,0.000000
683.591797,-200.000,0.000000,0.000000,0.000,-14.005,-13.175,0.000000
685.958130,-200.000,0.000000,0.000000,0.000,-13.982,-13.156,0.000000
688.332642,-200.000,0.000000,0.000000,0.000,-13.960,-13.138,0.000000
690.715027,-200.000,0.000000,0.000000,0.000,-13.937,-13.119,0.000000
693.106384,-200.000,0.000000,0.000000,0.000,-13.914,-13.100,0.000000
695.505310,-200.000,0.000000,0.000000,0.000,-13.891,-13.081,0.000000
697.913208,-200.000,0.000000,0.000000,0.000,-13.868,-13.062,0.000000
700.328796,-200.000,0.000000,0.000000,0.000,-13.845,-13.043,0.000000
702.753052,-200.000,0.000000,0.000000,0.000,-13.822,-13.023,0.000000
705.185730,-200.000,0.000000,0.000000,0.000,-13.798,-13.004,0.000000
707.627136,-200.000,0.000000,0.000000,0.000,-13.775,-12.985,0.000000
710.076355,-200.000,0.000000,0.000000,0.000,-13.752,-12.965,0.000000
712.534363,-200.000,0.000000,0.000000,0.000,-13.728,-12.946,0.000000
715.000854,-200.000,0.000000,0.000000,0.000,-13.705,-12.926,0.000000
717.475891,-200.000,0.000000,0.000000,0.000,-13.681,-12.907,0.000000
719.959534,-200.000,0.000000,0.000000,0.000,-13.657,-12.887,0.000000
722.451416,-200.000,0.000000,0.000000,0.000,-13.633,-12.867,0.000000
724.952637,-200.000,0.000000,0.000000,0.000,-13.610,-12.847,0.000000
727.461792,-200.000,0.000000,0.000000,0.000,-13.586,-12.828,0.000000
729.980347,-200.000,0.000000,0.000000,0.000,-13.561,-12.808,0.000000
732.506897,-200.000,0.000000,0.000000,0.000,-13.537,-12.788,0.000000
735.042908,-200.000,0.000000,0.000000,0.000,-13.513,-12.768,0.000000
737.586975,-200.000,0.000000,0.000000,0.000,-13.489,-12.747,0.000000
740.140564,-200.000,0.000000,0.000000,0.000,-13.464,-12.727,0.000000
742.702332,-200.000,0.000000,0.000000,0.000,-13.440,-12.707,0.000000
745.273254,-200.000,0.000000,0.000000,0.000,-13.415,-12.686,0.000000
747.853088,-200.000,0.000000,0.000000,0.000,-13.391,-12.666,0.000000
750.441895,-200.000,0.000000,0.000000,0.000,-13.366,-12.645,0.000000
753.039612,-200.000,0.000000,0.000000,0.000,-13.341,-12.625,0.000000
755.646362,-200.000,0.000000,0.000000,0.000,-13.316,-12.604,0.000000
758.262146,-200.000,0.000000,0.000000,0.000,-13.291,-12.584,0.000000
760.886597,-200.000,0.000000,0.000000,0.000,-13.266,-12.563,0.000000
763.520813,-200.000,0.000000,0.000000,0.000,-13.241,-12.542,0.000000
766.163818,-200.000,0.000000,0.000000,0.000,-13.216,-12.521,0.000000
768.816040,-200.000,0.000000,0.000000,0.000,-13.190,-12.500,0.000000
771.476990,-200.000,0.000000,0.000000,0.000,-13.165,-12.479,0.000000
774.147888,-200.000,0.000000,0.000000,0.000,-13.139,-12.458,0.000000
776.827332,-200.000,0.000000,0.000000,0.000,-13.114,-12.436,0.000000
779.516785,-200.000,0.000000,0.000000,0.000,-13.088,-12.415,0.000000
782.214844,-200.000,0.000000,0.000000,0.000,-13.062,-12.394,0.000000
784.922546,-200.000,0.000000,0.000000,0.000,-13.036,-12.372,0.000000
787.639648,-200.000,0.000000,0.000000,0.000,-13.010,-12.351,0.000000
790.366150,-200.000,0.000000,0.000000,0.000,-12.984,-12.329,0.000000
793.102112,-200.000,0.000000,0.000000,0.000,-12.958,-12.307,0.000000
795.847107,-200.000,0.000000,0.000000,0.000,-12.932,-12.286,0.000000
798.602417,-200.000,0.000000,0.000000,0.000,-12.905,-12.264,0.000000
801.366882,-200.000,0.000000,0.000000,0.000,-12.879,-12.242,0.000000
804.140930,-200.000,0.000000,0.000000,0.000,-12.852,-12.220,0.000000
806.924133,-200.000,0.000000,0.000000,0.000,-12.826,-12.198,0.000000
809.717773,-200.000,0.000000,0.000000,0.000,-12.799,-12.176,0.000000
812.520325,-200.000,0.000000,0.000000,0.000,-12.772,-12.154,0.000000
815.333374,-200.000,0.000000,0.000000,0.000,-12.746,-12.131,0.000000
818.155334,-200.000,0.000000,0.000000,0.000,-12.719,-12.109,0.000000
820.987488,-200.000,0.000000,0.000000,0.000,-12.691,-12.086,0.000000
823.829407,-200.000,0.000000,0.000000,0.000,-12.664,-12.064,0.000000
826.681213,-200.000,0.000000,0.000000,0.000,-12.637,-12.041,0.000000
829.542847,-200.000,0.000000,0.000000,0.000,-12.610,-12.019,0.000000
832.414429,-200.000,0.000000,0.000000,0.000,-12.582,-11.996,0.000000
835.295898,-200.000,0.000000,0.000000,0.000,-12.555,-11.973,0.000000
838.187378,-200.000,0.000000,0.000000,0.000,-12.527,-11.950,0.000000
841.088867,-200.000,0.000000,0.000000,0.000,-12.499,-11.927,0.000000
844.000000,-200.000,0.000000,0.000000,0.000,-12.471,-11.904,0.000000
846.921997,-200.000,0.000000,0.000000,0.000,-12.444,-11.881,0.000000
849.853333,-200.000,0.000000,0.000000,0.000,-12.416,-11.858,0.000000
852.795593,-200.000,0.000000,0.000000,0.000,-12.387,-11.834,0.000000
855.747253,-200.000,0.000000,0.000000,0.000,-12.359,-11.811,0.000000
858.709534,-200.000,0.000000,0.000000,0.000,-12.331,-11.788,0.000000
861.682068,-200.000,0.000000,0.000000,0.000,-12.302,-11.764,0.000000
864.664856,-200.000,0.000000,0.000000,0.000,-12.274,-11.740,0.000000
867.657959,-200.000,0.000000,0.000000,0.000,-12.245,-11.717,0.000000
870.661499,-200.000,0.000000,0.000000,0.000,-12.217,-11.693,0.000000
873.675354,-200.000,0.000000,0.000000,0.000,-12.188,-11.669,0.000000
876.699707,-200.000,0.000000,0.000000,0.000,-12.159,-11.645,0.000000
879.734497,-200.000,0.000000,0.000000,0.000,-12.130,-11.621,0.000000
882.779419,-200.000,0.000000,0.000000,0.000,-12.101,-11.597,0.000000
885.835632,-200.000,0.000000,0.000000,0.000,-12.072,-11.573,0.000000
888.901672,-200.000,0.000000,0.000000,0.000,-12.042,-11.548,0.000000
891.979126,-200.000,0.000000,0.000000,0.000,-12.013,-11.524,0.000000
895.066406,-200.000,0.000000,0.000000,0.000,-11.983,-11.499,0.000000
898.164734,-200.000,0.000000,0.000000,0.000,-11.954,-11.475,0.000000
901.273865,-200.000,0.000000,0.000000,0.000,-11.924,-11.450,0.000000
904.393738,-200.000,0.000000,0.000000,0.000,-11.894,-11.426,0.000000
907.524414,-200.000,0.000000,0.000000,0.000,-11.864,-11.401,0.000000
910.665894,-200.000,0.000000,0.000000,0.000,-11.834,-11.376,0.000000
913.818298,-200.000,0.000000,0.000000,0.000,-11.804,-11.351,0.000000
916.981567,-200.000,0.000000,0.000000,0.000,-11.774,-11.326,0.000000
920.155823,-200.000,0.000000,0.000000,0.000,-11.743,-11.301,0.000000
923.341003,-33.863,175.321579,0.000000,0.000,-11.713,-11.275,0.000000
926.537292,-31.408,-151.666107,0.000000,0.000,-11.682,-11.250,0.000000
929.744141,-34.596,-164.531876,0.000000,0.000,-11.652,-11.225,0.000000
932.963013,-34.759,161.121231,0.000000,0.000,-11.621,-11.199,0.000000
936.192139,-34.997,-109.722542,0.000000,0.000,-11.590,-11.174,0.000000
939.432861,-35.674,-106.748772,0.000000,0.000,-11.559,-11.148,0.000000
942.684814,-35.960,-155.534195,0.000000,0.000,-11.528,-11.122,0.000000
945.948486,-36.828,-123.842575,0.000000,0.000,-11.497,-11.096,0.000000
949.222534,-37.011,-119.532860,0.000000,0.000,-11.466,-11.070,0.000000
952.508850,-38.067,-87.273056,0.000000,0.000,-11.434,-11.044,0.000000
955.805603,-39.278,-123.982224,0.000000,0.000,-11.403,-11.018,0.000000
959.114258,-40.201,-130.163254,0.000000,0.000,-11.371,-10.992,0.000000
962.434326,-41.605,-129.501221,0.000000,0.000,-11.339,-10.966,0.000000
965.765930,-42.144,-139.485962,0.000000,0.000,-11.307,-10.939,0.000000
969.109009,-43.865,-138.485703,0.000000,0.000,-11.275,-10.913,0.000000
972.463257,-44.665,-154.335571,0.000000,0.000,-11.243,-10.886,0.000000
975.830017,-45.872,159.088364,0.000000,0.000,-11.211,-10.859,0.000000
979.207458,-47.909,-171.593430,0.000000,0.000,-11.179,-10.833,0.000000
982.597595,-49.256,-171.727142,0.000000,0.000,-11.147,-10.806,0.000000
985.998474,-50.661,179.188904,0.000000,0.000,-11.114,-10.779,0.000000
989.412109,-53.168,177.070648,0.000000,0.000,-11.081,-10.752,0.000000
992.836609,-56.653,-173.858582,0.000000,0.000,-11.049,-10.725,0.000000
996.273926,-57.780,-172.892303,0.000000,0.000,-11.016,-10.697,0.000000
999.722168,-59.015,-152.691956,0.000000,0.000,-10.983,-10.670,0.000000
1003.182800,-59.457,-146.233795,0.000000,0.000,-10.976,-10.664,0.000000
1006.655457,-58.183,-152.863861,0.000000,0.000,-10.972,-10.660,0.000000
1010.140076,-56.645,-141.613815,0.000000,0.000,-10.967,-10.656,0.000000
1013.636780,-54.490,-125.710342,0.000000,0.000,-10.963,-10.652,0.000000
1017.145142,-51.891,-99.737289,0.000000,0.000,-10.958,-10.648,0.000000
1020.666565,-50.160,-92.701622,0.000000,0.000,-10.954,-10.644,0.000000
1024.199219,-49.243,-78.876801,0.000000,0.000,-10.949,-10.639,0.000000
1027.745117,-47.453,-80.248436,0.000000,0.000,-10.945,-10.635,0.000000
1031.302246,-46.303,-117.274750,0.000000,0.000,-10.940,-10.631,0.000000
1034.872803,-44.805,0.000383,0.000000,0.000,-10.936,-10.627,0.000000
1038.454590,-43.267,-7.011905,0.000000,0.000,-10.931,-10.623,0.000000
1042.049805,-41.733,13.621659,0.000000,0.000,-10.926,-10.618,0.000000
1045.656494,-40.496,34.657719,0.000000,0.000,-10.922,-10.614,0.000000
1049.276123,-39.370,52.942116,0.000000,0.000,-10.917,-10.610,0.000000
1052.908325,-38.595,38.906948,0.000000,0.000,-10.913,-10.606,0.000000
1056.553101,-37.854,23.244434,0.000000,0.000,-10.908,-10.601,0.000000
1060.210571,-37.073,17.344015,0.000000,0.000,-10.903,-10.597,0.000000
1063.880005,-36.663,19.882322,0.000000,0.000,-10.898,-10.593,0.000000
1067.563354,-35.485,29.881500,0.000000,0.000,-10.894,-10.588,0.000000
1071.258301,-34.675,77.860306,0.000000,0.000,-10.889,-10.584,0.000000
1074.967041,-33.327,58.609798,0.000000,0.000,-10.884,-10.580,0.000000
1078.688232,-32.877,-28.503357,0.000000,0.000,-10.880,-10.575,0.000000
1082.422241,-200.000,0.000000,0.000000,0.000,-10.875,-10.571,0.000000
1086.168579,-200.000,0.000000,0.000000,0.000,-10.870,-10.566,0.000000
1089.929077,-200.000,0.000000,0.000000,0.000,-10.865,-10.562,0.000000
1093.701416,-200.000,0.000000,0.000000,0.000,-10.860,-10.558,0.000000
1097.487427,-200.000,0.000000,0.000000,0.000,-10.856,-10.553,0.000000
1101.286499,-200.000,0.000000,0.000000,0.000,-10.851,-10.549,0.000000
1105.098755,-200.000,0.000000,0.000000,0.000,-10.846,-10.544,0.000000
1108.924194,-200.000,0.000000,0.000000,0.000,-10.841,-10.540,0.000000
1112.762817,-200.000,0.000000,0.000000,0.000,-10.836,-10.535,0.000000
1116.614746,-200.000,0.000000,0.000000,0.000,-10.831,-10.531,0.000000
1120.480103,-200.000,0.000000,0.000000,0.000,-10.826,-10.526,0.000000
1124.358765,-200.000,0.000000,0.000000,0.000,-10.821,-10.522,0.000000
1128.250854,-200.000,0.000000,0.000000,0.000,-10.816,-10.517,0.000000
1132.156372,-200.000,0.000000,0.000000,0.000,-10.811,-10.512,0.000000
1136.075562,-200.000,0.000000,0.000000,0.000,-10.806,-10.508,0.000000
1140.007568,-200.000,0.000000,0.000000,0.000,-10.801,-10.503,0.000000
1143.953857,-200.000,0.000000,0.000000,0.000,-10.796,-10.498,0.000000
1147.913818,-200.000,0.000000,0.000000,0.000,-10.791,-10.494,0.000000
1151.887451,-200.000,0.000000,0.000000,0.000,-10.786,-10.489,0.000000
1155.874878,-200.000,0.000000,0.000000,0.000,-10.781,-10.484,0.000000
1159.876099,-200.000,0.000000,0.000000,0.000,-10.776,-10.480,0.000000
1163.891113,-200.000,0.000000,0.000000,0.000,-10.771,-10.475,0.000000
1167.920044,-200.000,0.000000,0.000000,0.000,-10.765,-10.470,0.000000
1171.962891,-200.000,0.000000,0.000000,0.000,-10.760,-10.466,0.000000
1176.019775,-200.000,0.000000,0.000000,0.000,-10.755,-10.461,0.000000
1180.090698,-200.000,0.000000,0.000000,0.000,-10.750,-10.456,0.000000
1184.175781,-200.000,0.000000,0.000000,0.000,-10.745,-10.451,0.000000
1188.274902,-200.000,0.000000,0.000000,0.000,-10.739,-10.446,0.000000
1192.388306,-200.000,0.000000,0.000000,0.000,-10.734,-10.441,0.000000
1196.515259,-200.000,0.000000,0.000000,0.000,-10.729,-10.437,0.000000
1200.657227,-200.000,0.000000,0.000000,0.000,-10.724,-10.432,0.000000
1204.813965,-200.000,0.000000,0.000000,0.000,-10.718,-10.427,0.000000
1208.984009,-200.000,0.000000,0.000000,0.000,-10.713,-10.422,0.000000
1213.169067,-200.000,0.000000,0.000000,0.000,-10.708,-10.417,0.000000
1217.368530,-200.000,0.000000,0.000000,0.000,-10.702,-10.412,0.000000
1221.582642,-200.000,0.000000,0.000000,0.000,-10.697,-10.407,0.000000
1225.811279,-200.000,0.000000,0.000000,0.000,-10.691,-10.402,0.000000
1230.054565,-200.000,0.000000,0.000000,0.000,-10.686,-10.397,0.000000
1234.311890,-200.000,0.000000,0.000000,0.000,-10.681,-10.392,0.000000
1238.585205,-200.000,0.000000,0.000000,0.000,-10.675,-10.387,0.000000
1242.872803,-200.000,0.000000,0.000000,0.000,-10.670,-10.382,0.000000
1247.175049,-200.000,0.000000,0.000000,0.000,-10.664,-10.377,0.000000
1251.492310,-200.000,0.000000,0.000000,0.000,-10.659,-10.372,0.000000
1255.823975,-200.000,0.000000,0.000000,0.000,-10.653,-10.367,0.000000
1260.171753,-200.000,0.000000,0.000000,0.000,-10.647,-10.362,0.000000
1264.533325,-200.000,0.000000,0.000000,0.000,-10.642,-10.357,0.000000
1268.911255,-200.000,0.000000,0.000000,0.000,-10.636,-10.351,0.000000
1273.303101,-200.000,0.000000,0.000000,0.000,-10.631,-10.346,0.000000
1277.710815,-200.000,0.000000,0.000000,0.000,-10.625,-10.341,0.000000
1282.133789,-200.000,0.000000,0.000000,0.000,-10.619,-10.336,0.000000
1286.572021,-200.000,0.000000,0.000000,0.000,-10.614,-10.331,0.000000
1291.025024,-200.000,0.000000,0.000000,0.000,-10.608,-10.325,0.000000
1295.494751,-200.000,0.000000,0.000000,0.000,-10.602,-10.320,0.000000
1299.979248,-200.000,0.000000,0.000000,0.000,-10.597,-10.315,0.000000
1304.479248,-200.000,0.000000,0.000000,0.000,-10.591,-10.310,0.000000
1308.994873,-200.000,0.000000,0.000000,0.000,-10.585,-10.304,0.000000
1313.525513,-200.000,0.000000,0.000000,0.000,-10.579,-10.299,0.000000
1318.072998,-200.000,0.000000,0.000000,0.000,-10.573,-10.294,0.000000
1322.635010,-200.000,0.000000,0.000000,0.000,-10.568,-10.288,0.000000
1327.214111,-200.000,0.000000,0.000000,0.000,-10.562,-10.283,0.000000
1331.807739,-200.000,0.000000,0.000000,0.000,-10.556,-10.277,0.000000
1336.417969,-200.000,0.000000,0.000000,0.000,-10.550,-10.272,0.000000
1341.044189,-200.000,0.000000,0.000000,0.000,-10.544,-10.267,0.000000
1345.686401,-200.000,0.000000,0.000000,0.000,-10.538,-10.261,0.000000
1350.344604,-200.000,0.000000,0.000000,0.000,-10.532,-10.256,0.000000
1355.018921,-200.000,0.000000,0.000000,0.000,-10.526,-10.250,0.000000
1359.709595,-200.000,0.000000,0.000000,0.000,-10.520,-10.245,0.000000
1364.416382,-200.000,0.000000,0.000000,0.000,-10.514,-10.239,0.000000
1369.139404,-200.000,0.000000,0.000000,0.000,-10.508,-10.233,0.000000
1373.878174,-200.000,0.000000,0.000000,0.000,-10.502,-10.228,0.000000
1378.634644,-200.000,0.000000,0.000000,0.000,-10.496,-10.222,0.000000
1383.406372,-200.000,0.000000,0.000000,0.000,-10.490,-10.217,0.000000
1388.195801,-200.000,0.000000,0.000000,0.000,-10.484,-10.211,0.000000
1393.000610,-200.000,0.000000,0.000000,0.000,-10.478,-10.205,0.000000
1397.822632,-200.000,0.000000,0.000000,0.000,-10.471,-10.200,0.000000
1402.661377,-200.000,0.000000,0.000000,0.000,-10.465,-10.194,0.000000
1407.516846,-200.000,0.000000,0.000000,0.000,-10.459,-10.188,0.000000
1412.389771,-200.000,0.000000,0.000000,0.000,-10.453,-10.183,0.000000
1417.278198,-200.000,0.000000,0.000000,0.000,-10.447,-10.177,0.000000
1422.184326,-200.000,0.000000,0.000000,0.000,-10.440,-10.171,0.000000
1427.107300,-200.000,0.000000,0.000000,0.000,-10.434,-10.165,0.000000
1432.047485,-200.000,0.000000,0.000000,0.000,-10.428,-10.159,0.000000
1437.004639,-200.000,0.000000,0.000000,0.000,-10.421,-10.154,0.000000
1441.979004,-200.000,0.000000,0.000000,0.000,-10.415,-10.148,0.000000
1446.969849,-200.000,0.000000,0.000000,0.000,-10.409,-10.142,0.000000
1451.979492,-200.000,0.000000,0.000000,0.000,-10.402,-10.136,0.000000
1457.005005,-200.000,0.000000,0.000000,0.000,-10.396,-10.130,0.000000
1462.048584,-200.000,0.000000,0.000000,0.000,-10.389,-10.124,0.000000
1467.109619,-200.000,0.000000,0.000000,0.000,-10.383,-10.118,0.000000
1472.188110,-200.000,0.000000,0.000000,0.000,-10.376,-10.112,0.000000
1477.285034,-200.000,0.000000,0.000000,0.000,-10.370,-10.106,0.000000
1482.398071,-200.000,0.000000,0.000000,0.000,-10.363,-10.100,0.000000
1487.529541,-200.000,0.000000,0.000000,0.000,-10.357,-10.094,0.000000
1492.678833,-200.000,0.000000,0.000000,0.000,-10.350,-10.088,0.000000
1497.845947,-200.000,0.000000,0.000000,0.000,-10.344,-10.082,0.000000
1503.030884,-200.000,0.000000,0.000000,0.000,-10.337,-10.076,0.000000
1508.233765,-200.000,0.000000,0.000000,0.000,-10.330,-10.070,0.000000
1513.453979,-200.000,0.000000,0.000000,0.000,-10.324,-10.064,0.000000
1518.693726,-200.000,0.000000,0.000000,0.000,-10.317,-10.057,0.000000
1523.950195,-200.000,0.000000,0.000000,0.000,-10.310,-10.051,0.000000
1529.226196,-200.000,0.000000,0.000000,0.000,-10.303,-10.045,0.000000
1534.519775,-200.000,0.000000,0.000000,0.000,-10.297,-10.039,0.000000
1539.831055,-200.000,0.000000,0.000000,0.000,-10.290,-10.033,0.000000
1545.161987,-200.000,0.000000,0.000000,0.000,-10.283,-10.026,0.000000
1550.510010,-200.000,0.000000,0.000000,0.000,-10.276,-10.020,0.000000
1555.877319,-200.000,0.000000,0.000000,0.000,-10.269,-10.014,0.000000
1561.263184,-200.000,0.000000,0.000000,0.000,-10.263,-10.007,0.000000
1566.667725,-200.000,0.000000,0.000000,0.000,-10.256,-10.001,0.000000
1572.090820,-200.000,0.000000,0.000000,0.000,-10.249,-9.995,0.000000
1577.532837,-200.000,0.000000,0.000000,0.000,-10.242,-9.988,0.000000
1582.992920,-200.000,0.000000,0.000000,0.000,-10.235,-9.982,0.000000
1588.473389,-200.000,0.000000,0.000000,0.000,-10.228,-9.975,0.000000
1593.971313,-200.000,0.000000,0.000000,0.000,-10.221,-9.969,0.000000
1599.489746,-200.000,0.000000,0.000000,0.000,-10.214,-9.962,0.000000
1605.026611,-200.000,0.000000,0.000000,0.000,-10.207,-9.956,0.000000
1610.581787,-200.000,0.000000,0.000000,0.000,-10.199,-9.949,0.000000
1616.157837,-200.000,0.000000,0.000000,0.000,-10.192,-9.943,0.000000
1621.751587,-200.000,0.000000,0.000000,0.000,-10.185,-9.936,0.000000
1627.366211,-200.000,0.000000,0.000000,0.000,-10.178,-9.930,0.000000
1632.998779,-200.000,0.000000,0.000000,0.000,-10.171,-9.923,0.000000
1638.651611,-200.000,0.000000,0.000000,0.000,-10.164,-9.916,0.000000
1644.323975,-200.000,0.000000,0.000000,0.000,-10.156,-9.910,0.000000
1650.015991,-200.000,0.000000,0.000000,0.000,-10.149,-9.903,0.000000
1655.726929,-200.000,0.000000,0.000000,0.000,-10.142,-9.896,0.000000
1661.459229,-200.000,0.000000,0.000000,0.000,-10.134,-9.889,0.000000
1667.209717,-200.000,0.000000,0.000000,0.000,-10.127,-9.883,0.000000
1672.981812,-200.000,0.000000,0.000000,0.000,-10.120,-9.876,0.000000
1678.772949,-200.000,0.000000,0.000000,0.000,-10.112,-9.869,0.000000
1684.583496,-200.000,0.000000,0.000000,0.000,-10.105,-9.862,0.000000
1690.415649,-200.000,0.000000,0.000000,0.000,-10.097,-9.855,0.000000
1696.266357,-200.000,0.000000,0.000000,0.000,-10.090,-9.849,0.000000
1702.139038,-200.000,0.000000,0.000000,0.000,-10.082,-9.842,0.000000
1708.030396,-200.000,0.000000,0.000000,0.000,-10.075,-9.835,0.000000
1713.942871,-200.000,0.000000,0.000000,0.000,-10.067,-9.828,0.000000
1719.875977,-200.000,0.000000,0.000000,0.000,-10.060,-9.821,0.000000
1725.829468,-200.000,0.000000,0.000000,0.000,-10.052,-9.814,0.000000
1731.802856,-200.000,0.000000,0.000000,0.000,-10.044,-9.807,0.000000
1737.798462,-200.000,0.000000,0.000000,0.000,-10.037,-9.800,0.000000
1743.814087,-200.000,0.000000,0.000000,0.000,-10.029,-9.793,0.000000
1749.850464,-200.000,0.000000,0.000000,0.000,-10.021,-9.785,0.000000
1755.907837,-200.000,0.000000,0.000000,0.000,-10.014,-9.778,0.000000
1761.985229,-200.000,0.000000,0.000000,0.000,-10.006,-9.771,0.000000
1768.085449,-200.000,0.000000,0.000000,0.000,-9.998,-9.764,0.000000
1774.204956,-200.000,0.000000,0.000000,0.000,-9.990,-9.757,0.000000
1780.347412,-200.000,0.000000,0.000000,0.000,-9.982,-9.750,0.000000
1786.509521,-200.000,0.000000,0.000000,0.000,-9.975,-9.742,0.000000
1792.693726,-200.000,0.000000,0.000000,0.000,-9.967,-9.735,0.000000
1798.899292,-200.000,0.000000,0.000000,0.000,-9.959,-9.728,0.000000
1805.126465,-200.000,0.000000,0.000000,0.000,-9.951,-9.720,0.000000
1811.375122,-200.000,0.000000,0.000000,0.000,-9.943,-9.713,0.000000
1817.645386,-200.000,0.000000,0.000000,0.000,-9.935,-9.706,0.000000
1823.937378,-200.000,0.000000,0.000000,0.000,-9.927,-9.698,0.000000
1830.251099,-200.000,0.000000,0.000000,0.000,-9.919,-9.691,0.000000
1836.586792,-200.000,0.000000,0.000000,0.000,-9.910,-9.683,0.000000
1842.943481,-200.000,0.000000,0.000000,0.000,-9.902,-9.676,0.000000
1849.323853,-200.000,0.000000,0.000000,0.000,-9.894,-9.668,0.000000
1855.724609,-200.000,0.000000,0.000000,0.000,-9.886,-9.661,0.000000
1862.149292,-200.000,0.000000,0.000000,0.000,-9.878,-9.653,0.000000
1868.594482,-200.000,0.000000,0.000000,0.000,-9.870,-9.646,0.000000
1875.062866,-200.000,0.000000,0.000000,0.000,-9.861,-9.638,0.000000
1881.553589,-200.000,0.000000,0.000000,0.000,-9.853,-9.630,0.000000
1888.066772,-200.000,0.000000,0.000000,0.000,-9.845,-9.623,0.000000
1894.603516,-200.000,0.000000,0.000000,0.000,-9.836,-9.615,0.000000
1901.161011,-200.000,0.000000,0.000000,0.000,-9.828,-9.607,0.000000
1907.742065,-200.000,0.000000,0.000000,0.000,-9.819,-9.600,0.000000
1914.345947,-200.000,0.000000,0.000000,0.000,-9.811,-9.592,0.000000
1920.972656,-200.000,0.000000,0.000000,0.000,-9.803,-9.584,0.000000
1927.622314,-200.000,0.000000,0.000000,0.000,-9.794,-9.576,0.000000
1934.295044,-200.000,0.000000,0.000000,0.000,-9.786,-9.568,0.000000
1940.989868,-200.000,0.000000,0.000000,0.000,-9.777,-9.561,0.000000
1947.709717,-200.000,0.000000,0.000000,0.000,-9.768,-9.553,0.000000
1954.451050,-200.000,0.000000,0.000000,0.000,-9.760,-9.545,0.000000
1961.216675,-200.000,0.000000,0.000000,0.000,-9.751,-9.537,0.000000
1968.005615,-200.000,0.000000,0.000000,0.000,-9.742,-9.529,0.000000
1974.818115,-200.000,0.000000,0.000000,0.000,-9.734,-9.521,0.000000
1981.655151,-200.000,0.000000,0.000000,0.000,-9.725,-9.513,0.000000
1988.513916,-200.000,0.000000,0.000000,0.000,-9.716,-9.505,0.000000
1995.397339,-200.000,0.000000,0.000000,0.000,-9.707,-9.496,0.000000
2002.304688,-200.000,0.000000,0.000000,0.000,-9.701,-9.491,0.000000
2009.235840,-200.000,0.000000,0.000000,0.000,-9.699,-9.489,0.000000
2016.191040,-200.000,0.000000,0.000000,0.000,-9.698,-9.488,0.000000
2023.170288,-200.000,0.000000,0.000000,0.000,-9.696,-9.486,0.000000
2030.172852,-200.000,0.000000,0.000000,0.000,-9.694,-9.485,0.000000
2037.201416,-200.000,0.000000,0.000000,0.000,-9.693,-9.483,0.000000
2044.252441,-200.000,0.000000,0.000000,0.000,-9.691,-9.482,0.000000
2051.329834,-200.000,0.000000,0.000000,0.000,-9.690,-9.480,0.000000
2058.430908,-200.000,0.000000,0.000000,0.000,-9.688,-9.479,0.000000
2065.555420,-200.000,0.000000,0.000000,0.000,-9.686,-9.477,0.000000
2072.706543,-200.000,0.000000,0.000000,0.000,-9.685,-9.475,0.000000
2079.880371,-200.000,0.000000,0.000000,0.000,-9.683,-9.474,0.000000
2087.080078,-200.000,0.000000,0.000000,0.000,-9.681,-9.472,0.000000
2094.304932,-200.000,0.000000,0.000000,0.000,-9.680,-9.471,0.000000
2101.554443,-200.000,0.000000,0.000000,0.000,-9.678,-9.469,0.000000
2108.829346,-200.000,0.000000,0.000000,0.000,-9.676,-9.468,0.000000
2116.129150,-200.000,0.000000,0.000000,0.000,-9.674,-9.466,0.000000
2123.453369,-200.000,0.000000,0.000000,0.000,-9.673,-9.465,0.000000
2130.804932,-200.000,0.000000,0.000000,0.000,-9.671,-9.463,0.000000
2138.180176,-200.000,0.000000,0.000000,0.000,-9.669,-9.461,0.000000
2145.582520,-200.000,0.000000,0.000000,0.000,-9.668,-9.460,0.000000
2153.009766,-200.000,0.000000,0.000000,0.000,-9.666,-9.458,0.000000
2160.461670,-200.000,0.000000,0.000000,0.000,-9.664,-9.457,0.000000
2167.941406,-200.000,0.000000,0.000000,0.000,-9.662,-9.455,0.000000
2175.445068,-200.000,0.000000,0.000000,0.000,-9.661,-9.453,0.000000
2182.976562,-200.000,0.000000,0.000000,0.000,-9.659,-9.452,0.000000
2190.532227,-200.000,0.000000,0.000000,0.000,-9.657,-9.450,0.000000
2198.114990,-200.000,0.000000,0.000000,0.000,-9.655,-9.449,0.000000
2205.723877,-200.000,0.000000,0.000000,0.000,-9.654,-9.447,0.000000
2213.359375,-200.000,0.000000,0.000000,0.000,-9.652,-9.445,0.000000
2221.020020,-200.000,0.000000,0.000000,0.000,-9.650,-9.444,0.000000
2228.709473,-200.000,0.000000,0.000000,0.000,-9.648,-9.442,0.000000
2236.423340,-200.000,0.000000,0.000000,0.000,-9.646,-9.440,0.000000
2244.166016,-200.000,0.000000,0.000000,0.000,-9.645,-9.439,0.000000
2251.934570,-200.000,0.000000,0.000000,0.000,-9.643,-9.437,0.000000
2259.728760,-200.000,0.000000,0.000000,0.000,-9.641,-9.435,0.000000
2267.552002,-200.000,0.000000,0.000000,0.000,-9.639,-9.434,0.000000
2275.400391,-200.000,0.000000,0.000000,0.000,-9.637,-9.432,0.000000
2283.278076,-200.000,0.000000,0.000000,0.000,-9.636,-9.430,0.000000
2291.180908,-200.000,0.000000,0.000000,0.000,-9.634,-9.429,0.000000
2299.112061,-200.000,0.000000,0.000000,0.000,-9.632,-9.427,0.000000
2307.070557,-200.000,0.000000,0.000000,0.000,-9.630,-9.425,0.000000
2315.056885,-200.000,0.000000,0.000000,0.000,-9.628,-9.423,0.000000
2323.069580,-200.000,0.000000,0.000000,0.000,-9.626,-9.422,0.000000
2331.112305,-200.000,0.000000,0.000000,0.000,-9.624,-9.420,0.000000
2339.181641,-200.000,0.000000,0.000000,0.000,-9.623,-9.418,0.000000
2347.279053,-200.000,0.000000,0.000000,0.000,-9.621,-9.417,0.000000
2355.404297,-200.000,0.000000,0.000000,0.000,-9.619,-9.415,0.000000
2363.556885,-200.000,0.000000,0.000000,0.000,-9.617,-9.413,0.000000
2371.739746,-200.000,0.000000,0.000000,0.000,-9.615,-9.411,0.000000
2379.948486,-200.000,0.000000,0.000000,0.000,-9.613,-9.409,0.000000
2388.188232,-200.000,0.000000,0.000000,0.000,-9.611,-9.408,0.000000
2396.454102,-200.000,0.000000,0.000000,0.000,-9.609,-9.406,0.000000
2404.749512,-200.000,0.000000,0.000000,0.000,-9.607,-9.404,0.000000
2413.073975,-200.000,0.000000,0.000000,0.000,-9.605,-9.402,0.000000
2421.427002,-200.000,0.000000,0.000000,0.000,-9.603,-9.401,0.000000
2429.809082,-200.000,0.000000,0.000000,0.000,-9.601,-9.399,0.000000
2438.220215,-200.000,0.000000,0.000000,0.000,-9.600,-9.397,0.000000
2446.660400,-200.000,0.000000,0.000000,0.000,-9.598,-9.395,0.000000
2455.129883,-200.000,0.000000,0.000000,0.000,-9.596,-9.393,0.000000
2463.628418,-200.000,0.000000,0.000000,0.000,-9.594,-9.392,0.000000
2472.155518,-200.000,0.000000,0.000000,0.000,-9.592,-9.390,0.000000
2480.714355,-200.000,0.000000,0.000000,0.000,-9.590,-9.388,0.000000
2489.300293,-200.000,0.000000,0.000000,0.000,-9.588,-9.386,0.000000
2497.918701,-200.000,0.000000,0.000000,0.000,-9.586,-9.384,0.000000
2506.564209,-200.000,0.000000,0.000000,0.000,-9.584,-9.382,0.000000
2515.240967,-200.000,0.000000,0.000000,0.000,-9.582,-9.380,0.000000
2523.947754,-200.000,0.000000,0.000000,0.000,-9.580,-9.379,0.000000
2532.684814,-200.000,0.000000,0.000000,0.000,-9.578,-9.377,0.000000
2541.453125,-200.000,0.000000,0.000000,0.000,-9.575,-9.375,0.000000
2550.249512,-200.000,0.000000,0.000000,0.000,-9.573,-9.373,0.000000
2559.077393,-200.000,0.000000,0.000000,0.000,-9.571,-9.371,0.000000
2567.936035,-200.000,0.000000,0.000000,0.000,-9.569,-9.369,0.000000
2576.825195,-200.000,0.000000,0.000000,0.000,-9.567,-9.367,0.000000
2585.745117,-200.000,0.000000,0.000000,0.000,-9.565,-9.365,0.000000
2594.696045,-200.000,0.000000,0.000000,0.000,-9.563,-9.363,0.000000
2603.676514,-200.000,0.000000,0.000000,0.000,-9.561,-9.361,0.000000
2612.690918,-200.000,0.000000,0.000000,0.000,-9.559,-9.360,0.000000
2621.733643,-200.000,0.000000,0.000000,0.000,-9.557,-9.358,0.000000
2630.809082,-200.000,0.000000,0.000000,0.000,-9.555,-9.356,0.000000
2639.916016,-200.000,0.000000,0.000000,0.000,-9.553,-9.354,0.000000
2649.054443,-200.000,0.000000,0.000000,0.000,-9.550,-9.352,0.000000
2658.225586,-200.000,0.000000,0.000000,0.000,-9.548,-9.350,0.000000
2667.426025,-200.000,0.000000,0.000000,0.000,-9.546,-9.348,0.000000
2676.659668,-200.000,0.000000,0.000000,0.000,-9.544,-9.346,0.000000
2685.925293,-200.000,0.000000,0.000000,0.000,-9.542,-9.344,0.000000
2695.222900,-200.000,0.000000,0.000000,0.000,-9.540,-9.342,0.000000
2704.552734,-200.000,0.000000,0.000000,0.000,-9.538,-9.340,0.000000
2713.914795,-200.000,0.000000,0.000000,0.000,-9.535,-9.338,0.000000
2723.308105,-200.000,0.000000,0.000000,0.000,-9.533,-9.336,0.000000
2732.736572,-200.000,0.000000,0.000000,0.000,-9.531,-9.334,0.000000
2742.194824,-200.000,0.000000,0.000000,0.000,-9.529,-9.332,0.000000
2751.688477,-200.000,0.000000,0.000000,0.000,-9.527,-9.330,0.000000
2761.212646,-200.000,0.000000,0.000000,0.000,-9.524,-9.328,0.000000
2770.770752,-200.000,0.000000,0.000000,0.000,-9.522,-9.326,0.000000
2780.363525,-200.000,0.000000,0.000000,0.000,-9.520,-9.324,0.000000
2789.986816,-200.000,0.000000,0.000000,0.000,-9.518,-9.321,0.000000
2799.644531,-200.000,0.000000,0.000000,0.000,-9.515,-9.319,0.000000
2809.335938,-200.000,0.000000,0.000000,0.000,-9.513,-9.317,0.000000
2819.060791,-200.000,0.000000,0.000000,0.000,-9.511,-9.315,0.000000
2828.819336,-200.000,0.000000,0.000000,0.000,-9.509,-9.313,0.000000
2838.611572,-200.000,0.000000,0.000000,0.000,-9.506,-9.311,0.000000
2848.436279,-200.000,0.000000,0.000000,0.000,-9.504,-9.309,0.000000
2858.297852,-200.000,0.000000,0.000000,0.000,-9.502,-9.307,0.000000
2868.190918,-200.000,0.000000,0.000000,0.000,-9.499,-9.305,0.000000
2878.120850,-200.000,0.000000,0.000000,0.000,-9.497,-9.303,0.000000
2888.083740,-200.000,0.000000,0.000000,0.000,-9.495,-9.300,0.000000
2898.079834,-200.000,0.000000,0.000000,0.000,-9.492,-9.298,0.000000
2908.113281,-200.000,0.000000,0.000000,0.000,-9.490,-9.296,0.000000
2918.178711,-200.000,0.000000,0.000000,0.000,-9.488,-9.294,0.000000
2928.281738,-200.000,0.000000,0.000000,0.000,-9.485,-9.292,0.000000
2938.416748,-200.000,0.000000,0.000000,0.000,-9.483,-9.290,0.000000
2948.588379,-200.000,0.000000,0.000000,0.000,-9.481,-9.287,0.000000
2958.795410,-200.000,0.000000,0.000000,0.000,-9.478,-9.285,0.000000
2969.037598,-200.000,0.000000,0.000000,0.000,-9.476,-9.283,0.000000
2979.313965,-200.000,0.000000,0.000000,0.000,-9.474,-9.281,0.000000
2989.629883,-200.000,0.000000,0.000000,0.000,-9.471,-9.279,0.000000
2999.974609,-200.000,0.000000,0.000000,0.000,-9.469,-9.276,0.000000
3010.360840,-200.000,0.000000,0.000000,0.000,-9.466,-9.274,0.000000
3020.782959,-200.000,0.000000,0.000000,0.000,-9.464,-9.272,0.000000
3031.238281,-200.000,0.000000,0.000000,0.000,-9.461,-9.270,0.000000
3041.732666,-200.000,0.000000,0.000000,0.000,-9.459,-9.267,0.000000
3052.260498,-200.000,0.000000,0.000000,0.000,-9.457,-9.265,0.000000
3062.827881,-200.000,0.000000,0.000000,0.000,-9.454,-9.263,0.000000
3073.428711,-200.000,0.000000,0.000000,0.000,-9.452,-9.261,0.000000
3084.066162,-200.000,0.000000,0.000000,0.000,-9.449,-9.258,0.000000
3094.743652,-200.000,0.000000,0.000000,0.000,-9.447,-9.256,0.000000
3105.457764,-200.000,0.000000,0.000000,0.000,-9.444,-9.254,0.000000
3116.206299,-200.000,0.000000,0.000000,0.000,-9.442,-9.251,0.000000
3126.991943,-200.000,0.000000,0.000000,0.000,-9.439,-9.249,0.000000
3137.817871,-200.000,0.000000,0.000000,0.000,-9.437,-9.247,0.000000
3148.681152,-200.000,0.000000,0.000000,0.000,-9.434,-9.244,0.000000
3159.579346,-200.000,0.000000,0.000000,0.000,-9.432,-9.242,0.000000
3170.515137,-200.000,0.000000,0.000000,0.000,-9.429,-9.240,0.000000
3181.491699,-200.000,0.000000,0.000000,0.000,-9.426,-9.237,0.000000
3192.503174,-200.000,0.000000,0.000000,0.000,-9.424,-9.235,0.000000
3203.555908,-200.000,0.000000,0.000000,0.000,-9.421,-9.233,0.000000
3214.644043,-200.000,0.000000,0.000000,0.000,-9.419,-9.230,0.000000
3225.773438,-200.000,0.000000,0.000000,0.000,-9.416,-9.228,0.000000
3236.938232,-200.000,0.000000,0.000000,0.000,-9.414,-9.225,0.000000
3248.141602,-200.000,0.000000,0.000000,0.000,-9.411,-9.223,0.000000
3259.386963,-200.000,0.000000,0.000000,0.000,-9.408,-9.221,0.000000
3270.671387,-200.000,0.000000,0.000000,0.000,-9.406,-9.218,0.000000
3281.991699,-200.000,0.000000,0.000000,0.000,-9.403,-9.216,0.000000
3293.351074,-200.000,0.000000,0.000000,0.000,-9.400,-9.213,0.000000
3304.752930,-200.000,0.000000,0.000000,0.000,-9.398,-9.211,0.000000
3316.194336,-200.000,0.000000,0.000000,0.000,-9.395,-9.208,0.000000
3327.672119,-200.000,0.000000,0.000000,0.000,-9.392,-9.206,0.000000
3339.189697,-200.000,0.000000,0.000000,0.000,-9.390,-9.203,0.000000
3350.750244,-200.000,0.000000,0.000000,0.000,-9.387,-9.201,0.000000
3362.347656,-200.000,0.000000,0.000000,0.000,-9.384,-9.199,0.000000
3373.985107,-200.000,0.000000,0.000000,0.000,-9.382,-9.196,0.000000
3385.666260,-200.000,0.000000,0.000000,0.000,-9.379,-9.194,0.000000
3397.387695,-200.000,0.000000,0.000000,0.000,-9.376,-9.191,0.000000
3409.146484,-200.000,0.000000,0.000000,0.000,-9.373,-9.188,0.000000
3420.946045,-200.000,0.000000,0.000000,0.000,-9.371,-9.186,0.000000
3432.789795,-200.000,0.000000,0.000000,0.000,-9.368,-9.183,0.000000
3444.674316,-200.000,0.000000,0.000000,0.000,-9.365,-9.181,0.000000
3456.596924,-200.000,0.000000,0.000000,0.000,-9.362,-9.178,0.000000
3468.560547,-200.000,0.000000,0.000000,0.000,-9.360,-9.176,0.000000
3480.569092,-200.000,0.000000,0.000000,0.000,-9.357,-9.173,0.000000
3492.615723,-200.000,0.000000,0.000000,0.000,-9.354,-9.171,0.000000
3504.707520,-200.000,0.000000,0.000000,0.000,-9.351,-9.168,0.000000
3516.837891,-200.000,0.000000,0.000000,0.000,-9.348,-9.165,0.000000
3529.013428,-200.000,0.000000,0.000000,0.000,-9.346,-9.163,0.000000
3541.228027,-200.000,0.000000,0.000000,0.000,-9.343,-9.160,0.000000
3553.484619,-200.000,0.000000,0.000000,0.000,-9.340,-9.157,0.000000
3565.787109,-200.000,0.000000,0.000000,0.000,-9.337,-9.155,0.000000
3578.132080,-200.000,0.000000,0.000000,0.000,-9.334,-9.152,0.000000
3590.516602,-200.000,0.000000,0.000000,0.000,-9.331,-9.150,0.000000
3602.943848,-200.000,0.000000,0.000000,0.000,-9.328,-9.147,0.000000
3615.417480,-200.000,0.000000,0.000000,0.000,-9.325,-9.144,0.000000
3627.934570,-200.000,0.000000,0.000000,0.000,-9.323,-9.141,0.000000
3640.491211,-200.000,0.000000,0.000000,0.000,-9.320,-9.139,0.000000
3653.091553,-200.000,0.000000,0.000000,0.000,-9.317,-9.136,0.000000
3665.739014,-200.000,0.000000,0.000000,0.000,-9.314,-9.133,0.000000
3678.426514,-200.000,0.000000,0.000000,0.000,-9.311,-9.131,0.000000
3691.161621,-200.000,0.000000,0.000000,0.000,-9.308,-9.128,0.000000
3703.937256,-200.000,0.000000,0.000000,0.000,-9.305,-9.125,0.000000
3716.760498,-200.000,0.000000,0.000000,0.000,-9.302,-9.122,0.000000
3729.628418,-200.000,0.000000,0.000000,0.000,-9.299,-9.120,0.000000
3742.533447,-200.000,0.000000,0.000000,0.000,-9.296,-9.117,0.000000
3755.490479,-200.000,0.000000,0.000000,0.000,-9.293,-9.114,0.000000
3768.492432,-200.000,0.000000,0.000000,0.000,-9.290,-9.111,0.000000
3781.535645,-200.000,0.000000,0.000000,0.000,-9.287,-9.109,0.000000
3794.624023,-200.000,0.000000,0.000000,0.000,-9.284,-9.106,0.000000
3807.761475,-200.000,0.000000,0.000000,0.000,-9.281,-9.103,0.000000
3820.940674,-200.000,0.000000,0.000000,0.000,-9.278,-9.100,0.000000
3834.169189,-200.000,0.000000,0.000000,0.000,-9.275,-9.097,0.000000
3847.439697,-200.000,0.000000,0.000000,0.000,-9.271,-9.094,0.000000
3860.760010,-200.000,0.000000,0.000000,0.000,-9.268,-9.091,0.000000
3874.126221,-200.000,0.000000,0.000000,0.000,-9.265,-9.089,0.000000
3887.531494,-200.000,0.000000,0.000000,0.000,-9.262,-9.086,0.000000
3900.990479,-200.000,0.000000,0.000000,0.000,-9.259,-9.083,0.000000
3914.496094,-200.000,0.000000,0.000000,0.000,-9.256,-9.080,0.000000
3928.048340,-200.000,0.000000,0.000000,0.000,-9.253,-9.077,0.000000
3941.640137,-200.000,0.000000,0.000000,0.000,-9.250,-9.074,0.000000
3955.286377,-200.000,0.000000,0.000000,0.000,-9.246,-9.071,0.000000
3968.979980,-200.000,0.000000,0.000000,0.000,-9.243,-9.068,0.000000
3982.717285,-200.000,0.000000,0.000000,0.000,-9.240,-9.065,0.000000
3996.501953,-200.000,0.000000,0.000000,0.000,-9.237,-9.062,0.000000
4010.338135,-200.000,0.000000,0.000000,0.000,-9.237,-9.062,0.000000
4024.218506,-200.000,0.000000,0.000000,0.000,-9.238,-9.064,0.000000
4038.150879,-200.000,0.000000,0.000000,0.000,-9.239,-9.065,0.000000
4052.127441,-200.000,0.000000,0.000000,0.000,-9.240,-9.066,0.000000
4066.156250,-200.000,0.000000,0.000000,0.000,-9.242,-9.067,0.000000
4080.233643,-200.000,0.000000,0.000000,0.000,-9.243,-9.068,0.000000
4094.352051,-200.000,0.000000,0.000000,0.000,-9.244,-9.070,0.000000
4108.526855,-200.000,0.000000,0.000000,0.000,-9.245,-9.071,0.000000
4122.750977,-200.000,0.000000,0.000000,0.000,-9.247,-9.072,0.000000
4137.020508,-200.000,0.000000,0.000000,0.000,-9.248,-9.073,0.000000
4151.339355,-200.000,0.000000,0.000000,0.000,-9.249,-9.074,0.000000
4165.711914,-200.000,0.000000,0.000000,0.000,-9.250,-9.076,0.000000
4180.133789,-200.000,0.000000,0.000000,0.000,-9.252,-9.077,0.000000
4194.601562,-200.000,0.000000,0.000000,0.000,-9.253,-9.078,0.000000
4209.120117,-200.000,0.000000,0.000000,0.000,-9.254,-9.079,0.000000
4223.692383,-200.000,0.000000,0.000000,0.000,-9.256,-9.081,0.000000
4238.314941,-200.000,0.000000,0.000000,0.000,-9.257,-9.082,0.000000
4252.980469,-200.000,0.000000,0.000000,0.000,-9.258,-9.083,0.000000
4267.704590,-200.000,0.000000,0.000000,0.000,-9.259,-9.084,0.000000
4282.479980,-200.000,0.000000,0.000000,0.000,-9.261,-9.086,0.000000
4297.306152,-200.000,0.000000,0.000000,0.000,-9.262,-9.087,0.000000
4312.175781,-200.000,0.000000,0.000000,0.000,-9.263,-9.088,0.000000
4327.104980,-200.000,0.000000,0.000000,0.000,-9.265,-9.089,0.000000
4342.085449,-200.000,0.000000,0.000000,0.000,-9.266,-9.091,0.000000
4357.114258,-200.000,0.000000,0.000000,0.000,-9.267,-9.092,0.000000
4372.194824,-200.000,0.000000,0.000000,0.000,-9.269,-9.093,0.000000
4387.331543,-200.000,0.000000,0.000000,0.000,-9.270,-9.094,0.000000
4402.520996,-200.000,0.000000,0.000000,0.000,-9.271,-9.096,0.000000
4417.758789,-200.000,0.000000,0.000000,0.000,-9.273,-9.097,0.000000
4433.049316,-200.000,0.000000,0.000000,0.000,-9.274,-9.098,0.000000
4448.396973,-200.000,0.000000,0.000000,0.000,-9.275,-9.100,0.000000
4463.797852,-200.000,0.000000,0.000000,0.000,-9.277,-9.101,0.000000
4479.243164,-200.000,0.000000,0.000000,0.000,-9.278,-9.102,0.000000
4494.750977,-200.000,0.000000,0.000000,0.000,-9.279,-9.104,0.000000
4510.312012,-200.000,0.000000,0.000000,0.000,-9.281,-9.105,0.000000
4525.922852,-200.000,0.000000,0.000000,0.000,-9.282,-9.106,0.000000
4541.587891,-200.000,0.000000,0.000000,0.000,-9.283,-9.108,0.000000
4557.311035,-200.000,0.000000,0.000000,0.000,-9.285,-9.109,0.000000
4573.088867,-200.000,0.000000,0.000000,0.000,-9.286,-9.110,0.000000
4588.916992,-200.000,0.000000,0.000000,0.000,-9.288,-9.112,0.000000
4604.799805,-200.000,0.000000,0.000000,0.000,-9.289,-9.113,0.000000
4620.742188,-200.000,0.000000,0.000000,0.000,-9.290,-9.114,0.000000
4636.739746,-200.000,0.000000,0.000000,0.000,-9.292,-9.116,0.000000
4652.788086,-200.000,0.000000,0.000000,0.000,-9.293,-9.117,0.000000
4668.892090,-200.000,0.000000,0.000000,0.000,-9.295,-9.118,0.000000
4685.056152,-200.000,0.000000,0.000000,0.000,-9.296,-9.120,0.000000
4701.276367,-200.000,0.000000,0.000000,0.000,-9.297,-9.121,0.000000
4717.543457,-200.000,0.000000,0.000000,0.000,-9.299,-9.122,0.000000
4733.875977,-200.000,0.000000,0.000000,0.000,-9.300,-9.124,0.000000
4750.265137,-200.000,0.000000,0.000000,0.000,-9.302,-9.125,0.000000
4766.706543,-200.000,0.000000,0.000000,0.000,-9.303,-9.127,0.000000
4783.209473,-200.000,0.000000,0.000000,0.000,-9.305,-9.128,0.000000
4799.764648,-200.000,0.000000,0.000000,0.000,-9.306,-9.129,0.000000
4816.381836,-200.000,0.000000,0.000000,0.000,-9.308,-9.131,0.000000
4833.052246,-200.000,0.000000,0.000000,0.000,-9.309,-9.132,0.000000
4849.779785,-200.000,0.000000,0.000000,0.000,-9.311,-9.134,0.000000
4866.570312,-200.000,0.000000,0.000000,0.000,-9.312,-9.135,0.000000
4883.418945,-200.000,0.000000,0.000000,0.000,-9.313,-9.136,0.000000
4900.316406,-200.000,0.000000,0.000000,0.000,-9.315,-9.138,0.000000
4917.281738,-200.000,0.000000,0.000000,0.000,-9.316,-9.139,0.000000
4934.305664,-200.000,0.000000,0.000000,0.000,-9.318,-9.141,0.000000
4951.388672,-200.000,0.000000,0.000000,0.000,-9.319,-9.142,0.000000
4968.521484,-200.000,0.000000,0.000000,0.000,-9.321,-9.144,0.000000
4985.723145,-200.000,0.000000,0.000000,0.000,-9.322,-9.145,0.000000
5002.984375,-200.000,0.000000,0.000000,0.000,-9.324,-9.147,0.000000
5020.300293,-200.000,0.000000,0.000000,0.000,-9.325,-9.148,0.000000
5037.681152,-200.000,0.000000,0.000000,0.000,-9.327,-9.150,0.000000
5055.117188,-200.000,0.000000,0.000000,0.000,-9.329,-9.151,0.000000
5072.618164,-200.000,0.000000,0.000000,0.000,-9.330,-9.153,0.000000
5090.175293,-200.000,0.000000,0.000000,0.000,-9.332,-9.154,0.000000
5107.792969,-200.000,0.000000,0.000000,0.000,-9.333,-9.156,0.000000
5125.477051,-200.000,0.000000,0.000000,0.000,-9.335,-9.157,0.000000
5143.221680,-200.000,0.000000,0.000000,0.000,-9.336,-9.159,0.000000
5161.018066,-200.000,0.000000,0.000000,0.000,-9.338,-9.160,0.000000
5178.886230,-200.000,0.000000,0.000000,0.000,-9.339,-9.162,0.000000
5196.815918,-200.000,0.000000,0.000000,0.000,-9.341,-9.163,0.000000
5214.802734,-200.000,0.000000,0.000000,0.000,-9.343,-9.165,0.000000
5232.856934,-200.000,0.000000,0.000000,0.000,-9.344,-9.166,0.000000
5250.968750,-200.000,0.000000,0.000000,0.000,-9.346,-9.168,0.000000
5269.147949,-200.000,0.000000,0.000000,0.000,-9.347,-9.169,0.000000
5287.385254,-200.000,0.000000,0.000000,0.000,-9.349,-9.171,0.000000
5305.685547,-200.000,0.000000,0.000000,0.000,-9.351,-9.172,0.000000
5324.054199,-200.000,0.000000,0.000000,0.000,-9.352,-9.174,0.000000
5342.486816,-200.000,0.000000,0.000000,0.000,-9.354,-9.175,0.000000
5360.978027,-200.000,0.000000,0.000000,0.000,-9.355,-9.177,0.000000
5379.532715,-200.000,0.000000,0.000000,0.000,-9.357,-9.179,0.000000
5398.157227,-200.000,0.000000,0.000000,0.000,-9.359,-9.180,0.000000
5416.846191,-200.000,0.000000,0.000000,0.000,-9.360,-9.182,0.000000
5435.594727,-200.000,0.000000,0.000000,0.000,-9.362,-9.183,0.000000
5454.408203,-200.000,0.000000,0.000000,0.000,-9.364,-9.185,0.000000
5473.291992,-200.000,0.000000,0.000000,0.000,-9.365,-9.187,0.000000
5492.235352,-200.000,0.000000,0.000000,0.000,-9.367,-9.188,0.000000
5511.250000,-200.000,0.000000,0.000000,0.000,-9.369,-9.190,0.000000
5530.325195,-200.000,0.000000,0.000000,0.000,-9.370,-9.191,0.000000
5549.472168,-200.000,0.000000,0.000000,0.000,-9.372,-9.193,0.000000
5568.679199,-200.000,0.000000,0.000000,0.000,-9.374,-9.195,0.000000
5587.953613,-200.000,0.000000,0.000000,0.000,-9.375,-9.196,0.000000
5607.299316,-200.000,0.000000,0.000000,0.000,-9.377,-9.198,0.000000
5626.712402,-200.000,0.000000,0.000000,0.000,-9.379,-9.200,0.000000
5646.181641,-200.000,0.000000,0.000000,0.000,-9.380,-9.201,0.000000
5665.729492,-200.000,0.000000,0.000000,0.000,-9.382,-9.203,0.000000
5685.344727,-200.000,0.000000,0.000000,0.000,-9.384,-9.204,0.000000
5705.027832,-200.000,0.000000,0.000000,0.000,-9.386,-9.206,0.000000
5724.773926,-200.000,0.000000,0.000000,0.000,-9.387,-9.208,0.000000
5744.587891,-200.000,0.000000,0.000000,0.000,-9.389,-9.210,0.000000
5764.476562,-200.000,0.000000,0.000000,0.000,-9.391,-9.211,0.000000
5784.428223,-200.000,0.000000,0.000000,0.000,-9.393,-9.213,0.000000
5804.448730,-200.000,0.000000,0.000000,0.000,-9.394,-9.215,0.000000
5824.544434,-200.000,0.000000,0.000000,0.000,-9.396,-9.216,0.000000
5844.709473,-200.000,0.000000,0.000000,0.000,-9.398,-9.218,0.000000
5864.938965,-200.000,0.000000,0.000000,0.000,-9.400,-9.220,0.000000
5885.238281,-200.000,0.000000,0.000000,0.000,-9.401,-9.221,0.000000
5905.613281,-200.000,0.000000,0.000000,0.000,-9.403,-9.223,0.000000
5926.059082,-200.000,0.000000,0.000000,0.000,-9.405,-9.225,0.000000
5946.570312,-200.000,0.000000,0.000000,0.000,-9.407,-9.227,0.000000
5967.151855,-200.000,0.000000,0.000000,0.000,-9.409,-9.228,0.000000
5987.811035,-200.000,0.000000,0.000000,0.000,-9.410,-9.230,0.000000
6008.535645,-200.000,0.000000,0.000000,0.000,-9.412,-9.232,0.000000
6029.337402,-200.000,0.000000,0.000000,0.000,-9.414,-9.234,0.000000
6050.206055,-200.000,0.000000,0.000000,0.000,-9.416,-9.235,0.000000
6071.152344,-200.000,0.000000,0.000000,0.000,-9.418,-9.237,0.000000
6092.165527,-200.000,0.000000,0.000000,0.000,-9.420,-9.239,0.000000
6113.251465,-200.000,0.000000,0.000000,0.000,-9.421,-9.241,0.000000
6134.416016,-200.000,0.000000,0.000000,0.000,-9.423,-9.243,0.000000
6155.653809,-200.000,0.000000,0.000000,0.000,-9.425,-9.244,0.000000
6176.959473,-200.000,0.000000,0.000000,0.000,-9.427,-9.246,0.000000
6198.338867,-200.000,0.000000,0.000000,0.000,-9.429,-9.248,0.000000
6219.797852,-200.000,0.000000,0.000000,0.000,-9.431,-9.250,0.000000
6241.331543,-200.000,0.000000,0.000000,0.000,-9.433,-9.252,0.000000
6262.933594,-200.000,0.000000,0.000000,0.000,-9.435,-9.253,0.000000
6284.610352,-200.000,0.000000,0.000000,0.000,-9.436,-9.255,0.000000
6306.368652,-200.000,0.000000,0.000000,0.000,-9.438,-9.257,0.000000
6328.195801,-200.000,0.000000,0.000000,0.000,-9.440,-9.259,0.000000
6350.104492,-200.000,0.000000,0.000000,0.000,-9.442,-9.261,0.000000
6372.083008,-200.000,0.000000,0.000000,0.000,-9.444,-9.263,0.000000
6394.143555,-200.000,0.000000,0.000000,0.000,-9.446,-9.265,0.000000
6416.274902,-200.000,0.000000,0.000000,0.000,-9.448,-9.266,0.000000
6438.482422,-200.000,0.000000,0.000000,0.000,-9.450,-9.268,0.000000
6460.772949,-200.000,0.000000,0.000000,0.000,-9.452,-9.270,0.000000
6483.140625,-200.000,0.000000,0.000000,0.000,-9.454,-9.272,0.000000
6505.580078,-200.000,0.000000,0.000000,0.000,-9.456,-9.274,0.000000
6528.096680,-200.000,0.000000,0.000000,0.000,-9.458,-9.276,0.000000
6550.697266,-200.000,0.000000,0.000000,0.000,-9.460,-9.278,0.000000
6573.370605,-200.000,0.000000,0.000000,0.000,-9.462,-9.280,0.000000
6596.127930,-200.000,0.000000,0.000000,0.000,-9.464,-9.282,0.000000
6618.958008,-200.000,0.000000,0.000000,0.000,-9.466,-9.284,0.000000
6641.873535,-200.000,0.000000,0.000000,0.000,-9.468,-9.286,0.000000
6664.861816,-200.000,0.000000,0.000000,0.000,-9.470,-9.288,0.000000
6687.930176,-200.000,0.000000,0.000000,0.000,-9.472,-9.289,0.000000
6711.084473,-200.000,0.000000,0.000000,0.000,-9.474,-9.291,0.000000
6734.318848,-200.000,0.000000,0.000000,0.000,-9.476,-9.293,0.000000
6757.633301,-200.000,0.000000,0.000000,0.000,-9.478,-9.295,0.000000
6781.016113,-200.000,0.000000,0.000000,0.000,-9.480,-9.297,0.000000
6804.492676,-200.000,0.000000,0.000000,0.000,-9.482,-9.299,0.000000
6828.050293,-200.000,0.000000,0.000000,0.000,-9.484,-9.301,0.000000
6851.683105,-200.000,0.000000,0.000000,0.000,-9.486,-9.303,0.000000
6875.397949,-200.000,0.000000,0.000000,0.000,-9.488,-9.305,0.000000
6899.201172,-200.000,0.000000,0.000000,0.000,-9.490,-9.307,0.000000
6923.080078,-200.000,0.000000,0.000000,0.000,-9.492,-9.309,0.000000
6947.048828,-200.000,0.000000,0.000000,0.000,-9.495,-9.311,0.000000
6971.093262,-200.000,0.000000,0.000000,0.000,-9.497,-9.314,0.000000
6995.228027,-200.000,0.000000,0.000000,0.000,-9.499,-9.316,0.000000
7019.446289,-200.000,0.000000,0.000000,0.000,-9.501,-9.318,0.000000
7043.734863,-200.000,0.000000,0.000000,0.000,-9.503,-9.320,0.000000
7068.120605,-200.000,0.000000,0.000000,0.000,-9.505,-9.322,0.000000
7092.591309,-200.000,0.000000,0.000000,0.000,-9.507,-9.324,0.000000
7117.139648,-200.000,0.000000,0.000000,0.000,-9.510,-9.326,0.000000
7141.772949,-200.000,0.000000,0.000000,0.000,-9.512,-9.328,0.000000
7166.498535,-200.000,0.000000,0.000000,0.000,-9.514,-9.330,0.000000
7191.309570,-200.000,0.000000,0.000000,0.000,-9.516,-9.332,0.000000
7216.199707,-200.000,0.000000,0.000000,0.000,-9.518,-9.334,0.000000
7241.176270,-200.000,0.000000,0.000000,0.000,-9.520,-9.336,0.000000
7266.245605,-200.000,0.000000,0.000000,0.000,-9.523,-9.339,0.000000
7291.402344,-200.000,0.000000,0.000000,0.000,-9.525,-9.341,0.000000
7316.631836,-200.000,0.000000,0.000000,0.000,-9.527,-9.343,0.000000
7341.962402,-200.000,0.000000,0.000000,0.000,-9.529,-9.345,0.000000
7367.381348,-200.000,0.000000,0.000000,0.000,-9.531,-9.347,0.000000
7392.887695,-200.000,0.000000,0.000000,0.000,-9.534,-9.349,0.000000
7418.468262,-200.000,0.000000,0.000000,0.000,-9.536,-9.351,0.000000
7444.151855,-200.000,0.000000,0.000000,0.000,-9.538,-9.354,0.000000
7469.924316,-200.000,0.000000,0.000000,0.000,-9.540,-9.356,0.000000
7495.778809,-200.000,0.000000,0.000000,0.000,-9.543,-9.358,0.000000
7521.722656,-200.000,0.000000,0.000000,0.000,-9.545,-9.360,0.000000
7547.763672,-200.000,0.000000,0.000000,0.000,-9.547,-9.362,0.000000
7573.887207,-200.000,0.000000,0.000000,0.000,-9.550,-9.365,0.000000
7600.108887,-200.000,0.000000,0.000000,0.000,-9.552,-9.367,0.000000
7626.414062,-200.000,0.000000,0.000000,0.000,-9.554,-9.369,0.000000
7652.817383,-200.000,0.000000,0.000000,0.000,-9.557,-9.371,0.000000
7679.312012,-200.000,0.000000,0.000000,0.000,-9.559,-9.374,0.000000
7705.883789,-200.000,0.000000,0.000000,0.000,-9.561,-9.376,0.000000
7732.562500,-200.000,0.000000,0.000000,0.000,-9.564,-9.378,0.000000
7759.333008,-200.000,0.000000,0.000000,0.000,-9.566,-9.380,0.000000
7786.189453,-200.000,0.000000,0.000000,0.000,-9.568,-9.383,0.000000
7813.138672,-200.000,0.000000,0.000000,0.000,-9.571,-9.385,0.000000
7840.188477,-200.000,0.000000,0.000000,0.000,-9.573,-9.387,0.000000
7867.331543,-200.000,0.000000,0.000000,0.000,-9.575,-9.389,0.000000
7894.561523,-200.000,0.000000,0.000000,0.000,-9.578,-9.392,0.000000
7921.885742,-200.000,0.000000,0.000000,0.000,-9.580,-9.394,0.000000
7949.312012,-200.000,0.000000,0.000000,0.000,-9.583,-9.396,0.000000
7976.833496,-200.000,0.000000,0.000000,0.000,-9.585,-9.399,0.000000
8004.442383,-200.000,0.000000,0.000000,0.000,-9.588,-9.401,0.000000
8032.146973,-200.000,0.000000,0.000000,0.000,-9.592,-9.406,0.000000
8059.955078,-200.000,0.000000,0.000000,0.000,-9.597,-9.410,0.000000
8087.859375,-200.000,0.000000,0.000000,0.000,-9.601,-9.414,0.000000
8115.844727,-200.000,0.000000,0.000000,0.000,-9.606,-9.418,0.000000
8143.942383,-200.000,0.000000,0.000000,0.000,-9.610,-9.422,0.000000
8172.137695,-200.000,0.000000,0.000000,0.000,-9.615,-9.427,0.000000
8200.422852,-200.000,0.000000,0.000000,0.000,-9.620,-9.431,0.000000
8228.805664,-200.000,0.000000,0.000000,0.000,-9.624,-9.435,0.000000
8257.293945,-200.000,0.000000,0.000000,0.000,-9.629,-9.439,0.000000
8285.881836,-200.000,0.000000,0.000000,0.000,-9.634,-9.444,0.000000
8314.560547,-200.000,0.000000,0.000000,0.000,-9.638,-9.448,0.000000
8343.337891,-200.000,0.000000,0.000000,0.000,-9.643,-9.452,0.000000
8372.223633,-200.000,0.000000,0.000000,0.000,-9.648,-9.456,0.000000
8401.208984,-200.000,0.000000,0.000000,0.000,-9.652,-9.461,0.000000
8430.278320,-200.000,0.000000,0.000000,0.000,-9.657,-9.465,0.000000
8459.464844,-200.000,0.000000,0.000000,0.000,-9.662,-9.469,0.000000
8488.752930,-200.000,0.000000,0.000000,0.000,-9.667,-9.474,0.000000
8518.141602,-200.000,0.000000,0.000000,0.000,-9.671,-9.478,0.000000
8547.616211,-200.000,0.000000,0.000000,0.000,-9.676,-9.483,0.000000
8577.208008,-200.000,0.000000,0.000000,0.000,-9.681,-9.487,0.000000
8606.903320,-200.000,0.000000,0.000000,0.000,-9.686,-9.492,0.000000
8636.693359,-200.000,0.000000,0.000000,0.000,-9.691,-9.496,0.000000
8666.594727,-200.000,0.000000,0.000000,0.000,-9.696,-9.500,0.000000
8696.590820,-200.000,0.000000,0.000000,0.000,-9.701,-9.505,0.000000
8726.699219,-200.000,0.000000,0.000000,0.000,-9.705,-9.509,0.000000
8756.903320,-200.000,0.000000,0.000000,0.000,-9.710,-9.514,0.000000
8787.211914,-200.000,0.000000,0.000000,0.000,-9.715,-9.519,0.000000
8817.634766,-200.000,0.000000,0.000000,0.000,-9.720,-9.523,0.000000
8848.162109,-200.000,0.000000,0.000000,0.000,-9.725,-9.528,0.000000
8878.778320,-200.000,0.000000,0.000000,0.000,-9.730,-9.532,0.000000
8909.517578,-200.000,0.000000,0.000000,0.000,-9.735,-9.537,0.000000
8940.363281,-200.000,0.000000,0.000000,0.000,-9.740,-9.541,0.000000
8971.306641,-200.000,0.000000,0.000000,0.000,-9.745,-9.546,0.000000
9002.366211,-200.000,0.000000,0.000000,0.000,-9.750,-9.551,0.000000
9033.524414,-200.000,0.000000,0.000000,0.000,-9.755,-9.555,0.000000
9064.799805,-200.000,0.000000,0.000000,0.000,-9.761,-9.560,0.000000
9096.173828,-200.000,0.000000,0.000000,0.000,-9.766,-9.565,0.000000
9127.657227,-200.000,0.000000,0.000000,0.000,-9.771,-9.569,0.000000
9159.257812,-200.000,0.000000,0.000000,0.000,-9.776,-9.574,0.000000
9190.967773,-200.000,0.000000,0.000000,0.000,-9.781,-9.579,0.000000
9222.770508,-200.000,0.000000,0.000000,0.000,-9.786,-9.584,0.000000
9254.701172,-200.000,0.000000,0.000000,0.000,-9.792,-9.588,0.000000
9286.741211,-200.000,0.000000,0.000000,0.000,-9.797,-9.593,0.000000
9318.892578,-200.000,0.000000,0.000000,0.000,-9.802,-9.598,0.000000
9351.137695,-200.000,0.000000,0.000000,0.000,-9.807,-9.603,0.000000
9383.512695,-200.000,0.000000,0.000000,0.000,-9.813,-9.608,0.000000
9415.999023,-200.000,0.000000,0.000000,0.000,-9.818,-9.613,0.000000
9448.588867,-200.000,0.000000,0.000000,0.000,-9.823,-9.617,0.000000
9481.300781,-200.000,0.000000,0.000000,0.000,-9.829,-9.622,0.000000
9514.117188,-200.000,0.000000,0.000000,0.000,-9.834,-9.627,0.000000
9547.055664,-200.000,0.000000,0.000000,0.000,-9.839,-9.632,0.000000
9580.099609,-200.000,0.000000,0.000000,0.000,-9.845,-9.637,0.000000
9613.257812,-200.000,0.000000,0.000000,0.000,-9.850,-9.642,0.000000
9646.540039,-200.000,0.000000,0.000000,0.000,-9.855,-9.647,0.000000
9679.936523,-200.000,0.000000,0.000000,0.000,-9.861,-9.652,0.000000
9713.431641,-200.000,0.000000,0.000000,0.000,-9.866,-9.657,0.000000
9747.060547,-200.000,0.000000,0.000000,0.000,-9.872,-9.662,0.000000
9780.805664,-200.000,0.000000,0.000000,0.000,-9.877,-9.667,0.000000
9814.658203,-200.000,0.000000,0.000000,0.000,-9.883,-9.672,0.000000
9848.637695,-200.000,0.000000,0.000000,0.000,-9.888,-9.677,0.000000
9882.724609,-200.000,0.000000,0.000000,0.000,-9.894,-9.682,0.000000
9916.939453,-200.000,0.000000,0.000000,0.000,-9.900,-9.688,0.000000
9951.263672,-200.000,0.000000,0.000000,0.000,-9.905,-9.693,0.000000
9985.706055,-200.000,0.000000,0.000000,0.000,-9.911,-9.698,0.000000
10020.278320,-200.000,0.000000,0.000000,0.000,-9.916,-9.703,0.000000
10054.968750,-200.000,0.000000,0.000000,0.000,-9.922,-9.708,0.000000
10089.770508,-200.000,0.000000,0.000000,0.000,-9.928,-9.713,0.000000
10124.692383,-200.000,0.000000,0.000000,0.000,-9.933,-9.719,0.000000
10159.745117,-200.000,0.000000,0.000000,0.000,-9.939,-9.724,0.000000
10194.918945,-200.000,0.000000,0.000000,0.000,-9.945,-9.729,0.000000
10230.205078,-200.000,0.000000,0.000000,0.000,-9.951,-9.734,0.000000
10265.613281,-200.000,0.000000,0.000000,0.000,-9.956,-9.740,0.000000
10301.154297,-200.000,0.000000,0.000000,0.000,-9.962,-9.745,0.000000
10336.807617,-200.000,0.000000,0.000000,0.000,-9.968,-9.750,0.000000
10372.594727,-200.000,0.000000,0.000000,0.000,-9.974,-9.756,0.000000
10408.496094,-200.000,0.000000,0.000000,0.000,-9.980,-9.761,0.000000
10444.531250,-200.000,0.000000,0.000000,0.000,-9.986,-9.766,0.000000
10480.680664,-200.000,0.000000,0.000000,0.000,-9.991,-9.772,0.000000
10516.956055,-200.000,0.000000,0.000000,0.000,-9.997,-9.777,0.000000
10553.367188,-200.000,0.000000,0.000000,0.000,-10.003,-9.783,0.000000
10589.903320,-200.000,0.000000,0.000000,0.000,-10.009,-9.788,0.000000
10626.546875,-200.000,0.000000,0.000000,0.000,-10.015,-9.794,0.000000
10663.336914,-200.000,0.000000,0.000000,0.000,-10.021,-9.799,0.000000
10700.253906,-200.000,0.000000,0.000000,0.000,-10.027,-9.805,0.000000
10737.299805,-200.000,0.000000,0.000000,0.000,-10.033,-9.810,0.000000
10774.462891,-200.000,0.000000,0.000000,0.000,-10.039,-9.816,0.000000
10811.754883,-200.000,0.000000,0.000000,0.000,-10.045,-9.821,0.000000
10849.185547,-200.000,0.000000,0.000000,0.000,-10.052,-9.827,0.000000
10886.736328,-200.000,0.000000,0.000000,0.000,-10.058,-9.833,0.000000
10924.427734,-200.000,0.000000,0.000000,0.000,-10.064,-9.838,0.000000
10962.238281,-200.000,0.000000,0.000000,0.000,-10.070,-9.844,0.000000
11000.190430,-200.000,0.000000,0.000000,0.000,-10.076,-9.850,0.000000
11038.263672,-200.000,0.000000,0.000000,0.000,-10.082,-9.855,0.000000
11076.468750,-200.000,0.000000,0.000000,0.000,-10.089,-9.861,0.000000
11114.816406,-200.000,0.000000,0.000000,0.000,-10.095,-9.867,0.000000
11153.296875,-200.000,0.000000,0.000000,0.000,-10.101,-9.873,0.000000
11191.900391,-200.000,0.000000,0.000000,0.000,-10.107,-9.878,0.000000
11230.636719,-200.000,0.000000,0.000000,0.000,-10.114,-9.884,0.000000
11269.518555,-200.000,0.000000,0.000000,0.000,-10.120,-9.890,0.000000
11308.523438,-200.000,0.000000,0.000000,0.000,-10.126,-9.896,0.000000
11347.674805,-200.000,0.000000,0.000000,0.000,-10.133,-9.902,0.000000
11386.951172,-200.000,0.000000,0.000000,0.000,-10.139,-9.907,0.000000
11426.373047,-200.000,0.000000,0.000000,0.000,-10.146,-9.913,0.000000
11465.921875,-200.000,0.000000,0.000000,0.000,-10.152,-9.919,0.000000
11505.606445,-200.000,0.000000,0.000000,0.000,-10.159,-9.925,0.000000
11545.440430,-200.000,0.000000,0.000000,0.000,-10.165,-9.931,0.000000
11585.412109,-200.000,0.000000,0.000000,0.000,-10.172,-9.937,0.000000
11625.521484,-200.000,0.000000,0.000000,0.000,-10.178,-9.943,0.000000
11665.748047,-200.000,0.000000,0.000000,0.000,-10.185,-9.949,0.000000
11706.135742,-200.000,0.000000,0.000000,0.000,-10.191,-9.955,0.000000
11746.664062,-200.000,0.000000,0.000000,0.000,-10.198,-9.961,0.000000
11787.320312,-200.000,0.000000,0.000000,0.000,-10.205,-9.967,0.000000
11828.118164,-200.000,0.000000,0.000000,0.000,-10.211,-9.973,0.000000
11869.068359,-200.000,0.000000,0.000000,0.000,-10.218,-9.980,0.000000
11910.148438,-200.000,0.000000,0.000000,0.000,-10.225,-9.986,0.000000
11951.382812,-200.000,0.000000,0.000000,0.000,-10.231,-9.992,0.000000
11992.748047,-200.000,0.000000,0.000000,0.000,-10.238,-9.998,0.000000
12034.268555,-200.000,0.000000,0.000000,0.000,-10.245,-10.004,0.000000
12075.931641,-200.000,0.000000,0.000000,0.000,-10.252,-10.011,0.000000
12117.716797,-200.000,0.000000,0.000000,0.000,-10.258,-10.017,0.000000
12159.669922,-200.000,0.000000,0.000000,0.000,-10.265,-10.023,0.000000
12201.767578,-200.000,0.000000,0.000000,0.000,-10.272,-10.029,0.000000
12243.999023,-200.000,0.000000,0.000000,0.000,-10.279,-10.036,0.000000
12286.377930,-200.000,0.000000,0.000000,0.000,-10.286,-10.042,0.000000
12328.914062,-200.000,0.000000,0.000000,0.000,-10.293,-10.048,0.000000
12371.597656,-200.000,0.000000,0.000000,0.000,-10.300,-10.055,0.000000
12414.417969,-200.000,0.000000,0.000000,0.000,-10.307,-10.061,0.000000
12457.385742,-200.000,0.000000,0.000000,0.000,-10.314,-10.068,0.000000
12500.514648,-200.000,0.000000,0.000000,0.000,-10.321,-10.074,0.000000
12543.780273,-200.000,0.000000,0.000000,0.000,-10.328,-10.081,0.000000
12587.196289,-200.000,0.000000,0.000000,0.000,-10.335,-10.087,0.000000
12630.774414,-200.000,0.000000,0.000000,0.000,-10.342,-10.094,0.000000
12674.502930,-200.000,0.000000,0.000000,0.000,-10.349,-10.100,0.000000
12718.383789,-200.000,0.000000,0.000000,0.000,-10.356,-10.107,0.000000
12762.391602,-200.000,0.000000,0.000000,0.000,-10.363,-10.113,0.000000
12806.576172,-200.000,0.000000,0.000000,0.000,-10.371,-10.120,0.000000
12850.914062,-200.000,0.000000,0.000000,0.000,-10.378,-10.127,0.000000
12895.392578,-200.000,0.000000,0.000000,0.000,-10.385,-10.133,0.000000
12940.025391,-200.000,0.000000,0.000000,0.000,-10.392,-10.140,0.000000
12984.825195,-200.000,0.000000,0.000000,0.000,-10.400,-10.147,0.000000
13029.767578,-200.000,0.000000,0.000000,0.000,-10.407,-10.153,0.000000
13074.876953,-200.000,0.000000,0.000000,0.000,-10.414,-10.160,0.000000
13120.131836,-200.000,0.000000,0.000000,0.000,-10.422,-10.167,0.000000
13165.554688,-200.000,0.000000,0.000000,0.000,-10.429,-10.174,0.000000
13211.134766,-200.000,0.000000,0.000000,0.000,-10.437,-10.180,0.000000
13256.847656,-200.000,0.000000,0.000000,0.000,-10.444,-10.187,0.000000
13302.744141,-200.000,0.000000,0.000000,0.000,-10.452,-10.194,0.000000
13348.799805,-200.000,0.000000,0.000000,0.000,-10.459,-10.201,0.000000
13395.001953,-200.000,0.000000,0.000000,0.000,-10.467,-10.208,0.000000
13441.363281,-200.000,0.000000,0.000000,0.000,-10.474,-10.215,0.000000
13487.899414,-200.000,0.000000,0.000000,0.000,-10.482,-10.222,0.000000
13534.595703,-200.000,0.000000,0.000000,0.000,-10.489,-10.229,0.000000
13581.440430,-200.000,0.000000,0.000000,0.000,-10.497,-10.236,0.000000
13628.447266,-200.000,0.000000,0.000000,0.000,-10.505,-10.243,0.000000
13675.630859,-200.000,0.000000,0.000000,0.000,-10.512,-10.250,0.000000
13722.976562,-200.000,0.000000,0.000000,0.000,-10.520,-10.257,0.000000
13770.473633,-200.000,0.000000,0.000000,0.000,-10.528,-10.264,0.000000
13818.135742,-200.000,0.000000,0.000000,0.000,-10.536,-10.271,0.000000
13865.975586,-200.000,0.000000,0.000000,0.000,-10.543,-10.278,0.000000
13913.980469,-200.000,0.000000,0.000000,0.000,-10.551,-10.286,0.000000
13962.125977,-200.000,0.000000,0.000000,0.000,-10.559,-10.293,0.000000
14010.463867,-200.000,0.000000,0.000000,0.000,-10.567,-10.300,0.000000
14058.969727,-200.000,0.000000,0.000000,0.000,-10.575,-10.307,0.000000
14107.628906,-200.000,0.000000,0.000000,0.000,-10.583,-10.315,0.000000
14156.458008,-200.000,0.000000,0.000000,0.000,-10.591,-10.322,0.000000
14205.468750,-200.000,0.000000,0.000000,0.000,-10.599,-10.329,0.000000
14254.635742,-200.000,0.000000,0.000000,0.000,-10.607,-10.337,0.000000
14303.986328,-200.000,0.000000,0.000000,0.000,-10.615,-10.344,0.000000
14353.495117,-200.000,0.000000,0.000000,0.000,-10.623,-10.351,0.000000
14403.188477,-200.000,0.000000,0.000000,0.000,-10.631,-10.359,0.000000
14453.052734,-200.000,0.000000,0.000000,0.000,-10.639,-10.366,0.000000
14503.063477,-200.000,0.000000,0.000000,0.000,-10.647,-10.374,0.000000
14553.274414,-200.000,0.000000,0.000000,0.000,-10.655,-10.381,0.000000
14603.659180,-200.000,0.000000,0.000000,0.000,-10.664,-10.389,0.000000
14654.218750,-200.000,0.000000,0.000000,0.000,-10.672,-10.396,0.000000
14704.924805,-200.000,0.000000,0.000000,0.000,-10.680,-10.404,0.000000
14755.834961,-200.000,0.000000,0.000000,0.000,-10.689,-10.412,0.000000
14806.920898,-200.000,0.000000,0.000000,0.000,-10.697,-10.419,0.000000
14858.168945,-200.000,0.000000,0.000000,0.000,-10.705,-10.427,0.000000
14909.609375,-200.000,0.000000,0.000000,0.000,-10.714,-10.435,0.000000
14961.213867,-200.000,0.000000,0.000000,0.000,-10.722,-10.442,0.000000
15013.010742,-200.000,0.000000,0.000000,0.000,-10.730,-10.450,0.000000
15064.973633,-200.000,0.000000,0.000000,0.000,-10.739,-10.458,0.000000
15117.115234,-200.000,0.000000,0.000000,0.000,-10.747,-10.466,0.000000
15169.452148,-200.000,0.000000,0.000000,0.000,-10.756,-10.473,0.000000
15221.969727,-200.000,0.000000,0.000000,0.000,-10.765,-10.481,0.000000
15274.640625,-200.000,0.000000,0.000000,0.000,-10.773,-10.489,0.000000
15327.523438,-200.000,0.000000,0.000000,0.000,-10.782,-10.497,0.000000
15380.588867,-200.000,0.000000,0.000000,0.000,-10.790,-10.505,0.000000
15433.823242,-200.000,0.000000,0.000000,0.000,-10.799,-10.513,0.000000
15487.241211,-200.000,0.000000,0.000000,0.000,-10.808,-10.521,0.000000
15540.859375,-200.000,0.000000,0.000000,0.000,-10.817,-10.529,0.000000
15594.664062,-200.000,0.000000,0.000000,0.000,-10.825,-10.537,0.000000
15648.638672,-200.000,0.000000,0.000000,0.000,-10.834,-10.545,0.000000
15702.800781,-200.000,0.000000,0.000000,0.000,-10.843,-10.553,0.000000
15757.166016,-200.000,0.000000,0.000000,0.000,-10.852,-10.561,0.000000
15811.718750,-200.000,0.000000,0.000000,0.000,-10.861,-10.569,0.000000
15866.429688,-200.000,0.000000,0.000000,0.000,-10.870,-10.578,0.000000
15921.361328,-200.000,0.000000,0.000000,0.000,-10.879,-10.586,0.000000
15976.482422,-200.000,0.000000,0.000000,0.000,-10.888,-10.594,0.000000
16031.793945,-200.000,0.000000,0.000000,0.000,-10.897,-10.602,0.000000
16087.267578,-200.000,0.000000,0.000000,0.000,-10.906,-10.611,0.000000
16142.962891,-200.000,0.000000,0.000000,0.000,-10.915,-10.619,0.000000
16198.851562,-200.000,0.000000,0.000000,0.000,-10.924,-10.627,0.000000
16254.917969,-200.000,0.000000,0.000000,0.000,-10.933,-10.636,0.000000
16311.194336,-200.000,0.000000,0.000000,0.000,-10.942,-10.644,0.000000
16367.649414,-200.000,0.000000,0.000000,0.000,-10.951,-10.653,0.000000
16424.316406,-200.000,0.000000,0.000000,0.000,-10.961,-10.661,0.000000
16481.162109,-200.000,0.000000,0.000000,0.000,-10.970,-10.670,0.000000
16538.205078,-200.000,0.000000,0.000000,0.000,-10.979,-10.678,0.000000
16595.462891,-200.000,0.000000,0.000000,0.000,-10.988,-10.687,0.000000
16652.917969,-200.000,0.000000,0.000000,0.000,-10.998,-10.695,0.000000
16710.539062,-200.000,0.000000,0.000000,0.000,-11.007,-10.704,0.000000
16768.392578,-200.000,0.000000,0.000000,0.000,-11.017,-10.713,0.000000
16826.447266,-200.000,0.000000,0.000000,0.000,-11.026,-10.721,0.000000
16884.685547,-200.000,0.000000,0.000000,0.000,-11.036,-10.730,0.000000
16943.142578,-200.000,0.000000,0.000000,0.000,-11.045,-10.739,0.000000
17001.785156,-200.000,0.000000,0.000000,0.000,-11.055,-10.748,0.000000
17060.646484,-200.000,0.000000,0.000000,0.000,-11.064,-10.756,0.000000
17119.695312,-200.000,0.000000,0.000000,0.000,-11.074,-10.765,0.000000
17178.949219,-200.000,0.000000,0.000000,0.000,-11.084,-10.774,0.000000
17238.423828,-200.000,0.000000,0.000000,0.000,-11.093,-10.783,0.000000
17298.105469,-200.000,0.000000,0.000000,0.000,-11.103,-10.792,0.000000
17357.976562,-200.000,0.000000,0.000000,0.000,-11.113,-10.801,0.000000
17418.054688,-200.000,0.000000,0.000000,0.000,-11.123,-10.810,0.000000
17478.357422,-200.000,0.000000,0.000000,0.000,-11.132,-10.819,0.000000
17538.869141,-200.000,0.000000,0.000000,0.000,-11.142,-10.828,0.000000
17599.556641,-200.000,0.000000,0.000000,0.000,-11.152,-10.837,0.000000
17660.488281,-200.000,0.000000,0.000000,0.000,-11.162,-10.846,0.000000
17721.630859,-200.000,0.000000,0.000000,0.000,-11.172,-10.855,0.000000
17782.968750,-200.000,0.000000,0.000000,0.000,-11.182,-10.864,0.000000
17844.535156,-200.000,0.000000,0.000000,0.000,-11.192,-10.874,0.000000
17906.296875,-200.000,0.000000,0.000000,0.000,-11.202,-10.883,0.000000
17968.291016,-200.000,0.000000,0.000000,0.000,-11.212,-10.892,0.000000
18030.480469,-200.000,0.000000,0.000000,0.000,-11.222,-10.901,0.000000
18092.886719,-200.000,0.000000,0.000000,0.000,-11.233,-10.911,0.000000
18155.525391,-200.000,0.000000,0.000000,0.000,-11.243,-10.920,0.000000
18218.382812,-200.000,0.000000,0.000000,0.000,-11.253,-10.930,0.000000
18281.421875,-200.000,0.000000,0.000000,0.000,-11.263,-10.939,0.000000
18344.712891,-200.000,0.000000,0.000000,0.000,-11.274,-10.948,0.000000
18408.224609,-200.000,0.000000,0.000000,0.000,-11.284,-10.958,0.000000
18471.955078,-200.000,0.000000,0.000000,0.000,-11.294,-10.967,0.000000
18535.888672,-200.000,0.000000,0.000000,0.000,-11.305,-10.977,0.000000
18600.044922,-200.000,0.000000,0.000000,0.000,-11.315,-10.987,0.000000
18664.439453,-200.000,0.000000,0.000000,0.000,-11.326,-10.996,0.000000
18729.041016,-200.000,0.000000,0.000000,0.000,-11.336,-11.006,0.000000
18793.880859,-200.000,0.000000,0.000000,0.000,-11.347,-11.016,0.000000
18858.929688,-200.000,0.000000,0.000000,0.000,-11.358,-11.025,0.000000
18924.220703,-200.000,0.000000,0.000000,0.000,-11.368,-11.035,0.000000
18989.720703,-200.000,0.000000,0.000000,0.000,-11.379,-11.045,0.000000
19055.447266,-200.000,0.000000,0.000000,0.000,-11.390,-11.055,0.000000
19121.417969,-200.000,0.000000,0.000000,0.000,-11.400,-11.065,0.000000
19187.619141,-200.000,0.000000,0.000000,0.000,-11.411,-11.075,0.000000
19254.029297,-200.000,0.000000,0.000000,0.000,-11.422,-11.084,0.000000
19320.669922,-200.000,0.000000,0.000000,0.000,-11.433,-11.094,0.000000
19387.560547,-200.000,0.000000,0.000000,0.000,-11.444,-11.104,0.000000
19454.664062,-200.000,0.000000,0.000000,0.000,-11.455,-11.115,0.000000
19522.017578,-200.000,0.000000,0.000000,0.000,-11.466,-11.125,0.000000
19589.585938,-200.000,0.000000,0.000000,0.000,-11.477,-11.135,0.000000
19657.406250,-200.000,0.000000,0.000000,0.000,-11.488,-11.145,0.000000
19725.443359,-200.000,0.000000,0.000000,0.000,-11.499,-11.155,0.000000
19793.716797,-200.000,0.000000,0.000000,0.000,-11.510,-11.165,0.000000
19862.244141,-200.000,0.000000,0.000000,0.000,-11.521,-11.175,0.000000
19931.009766,-200.000,0.000000,0.000000,0.000,-11.532,-11.186,0.000000
19999.974609,-200.000,0.000000,0.000000,0.000,-11.544,-11.196,0.000000
