frequency_hz,spl_db,phase_deg,thd_percent,rt60_ms,c50_db,c80_db,group_delay_ms
20.000000,-200.000,0.000000,0.000000,0.000,-16.053,-15.004,0.000000
20.069233,-200.000,0.000000,0.000000,0.000,-16.053,-15.004,0.000000
20.138704,-200.000,0.000000,0.000000,0.000,-16.053,-15.004,0.000000
20.208418,-200.000,0.000000,0.000000,0.000,-16.053,-15.004,0.000000
20.278366,-200.000,0.000000,0.000000,0.000,-16.053,-15.004,0.000000
20.348562,-200.000,0.000000,0.000000,0.000,-16.053,-15.004,0.000000
20.419001,-200.000,0.000000,0.000000,0.000,-16.053,-15.004,0.000000
20.489683,-200.000,0.000000,0.000000,0.000,-16.053,-15.004,0.000000
20.560612,-200.000,0.000000,0.000000,0.000,-16.053,-15.004,0.000000
20.631784,-200.000,0.000000,0.000000,0.000,-16.053,-15.004,0.000000
20.703203,-200.000,0.000000,0.000000,0.000,-16.053,-15.004,0.000000
20.774866,-200.000,0.000000,0.000000,0.000,-16.053,-15.004,0.000000
20.846781,-200.000,0.000000,0.000000,0.000,-16.053,-15.004,0.000000
20.918943,-200.000,0.000000,0.000000,0.000,-16.053,-15.004,0.000000
20.991358,-200.000,0.000000,0.000000,0.000,-16.053,-15.004,0.000000
21.064020,-200.000,0.000000,0.000000,0.000,-16.053,-15.004,0.000000
21.136936,-200.000,0.000000,0.000000,0.000,-16.053,-15.004,0.000000
21.210104,-200.000,0.000000,0.000000,0.000,-16.053,-15.004,0.000000
21.283520,-200.000,0.000000,0.000000,0.000,-16.053,-15.004,0.000000
21.357197,-200.000,0.000000,0.000000,0.000,-16.053,-15.004,0.000000
21.431126,-200.000,0.000000,0.000000,0.000,-16.053,-15.004,0.000000
21.505312,-200.000,0.000000,0.000000,0.000,-16.053,-15.004,0.000000
21.579756,-200.000,0.000000,0.000000,0.000,-16.053,-15.004,0.000000
21.654457,-200.000,0.000000,0.000000,0.000,-16.053,-15.004,0.000000
21.729416,-200.000,0.000000,0.000000,0.000,-16.053,-15.004,0.000000
21.804630,-200.000,0.000000,0.000000,0.000,-16.053,-15.004,0.000000
21.880110,-200.000,0.000000,0.000000,0.000,-16.053,-15.004,0.000000
21.955851,-200.000,0.000000,0.000000,0.000,-16.053,-15.004,0.000000
22.031853,-200.000,0.000000,0.000000,0.000,-16.053,-15.004,0.000000
22.108118,-200.000,0.000000,0.000000,0.000,-16.053,-15.004,0.000000
22.184649,-200.000,0.000000,0.000000,0.000,-16.053,-15.004,0.000000
22.261442,-200.000,0.000000,0.000000,0.000,-16.053,-15.004,0.000000
22.338503,-200.000,0.000000,0.000000,0.000,-16.053,-15.004,0.000000
22.415825,-200.000,0.000000,0.000000,0.000,-16.053,-15.004,0.000000
22.493420,-200.000,0.000000,0.000000,0.000,-16.053,-15.004,0.000000
22.571283,-200.000,0.000000,0.000000,0.000,-16.053,-15.004,0.000000
22.649418,-200.000,0.000000,0.000000,0.000,-16.053,-15.004,0.000000
22.727821,-200.000,0.000000,0.000000,0.000,-16.053,-15.004,0.000000
22.806496,-200.000,0.000000,0.000000,0.000,-16.053,-15.004,0.000000
22.885437,-200.000,0.000000,0.000000,0.000,-16.053,-15.004,0.000000
22.964659,-200.000,0.000000,0.000000,0.000,-16.053,-15.004,0.000000
23.044153,-200.000,0.000000,0.000000,0.000,-16.053,-15.004,0.000000
23.123922,-200.000,0.000000,0.000000,0.000,-16.053,-15.004,0.000000
23.203970,-200.000,0.000000,0.000000,0.000,-16.053,-15.004,0.000000
23.284292,-200.000,0.000000,0.000000,0.000,-16.053,-15.004,0.000000
23.364893,-200.000,0.000000,0.000000,0.000,-16.053,-15.004,0.000000
23.445774,-200.000,0.000000,0.000000,0.000,-16.053,-15.004,0.000000
23.526928,-200.000,0.000000,0.000000,0.000,-16.053,-15.004,0.000000
23.608370,-200.000,0.000000,0.000000,0.000,-16.053,-15.004,0.000000
23.690092,-200.000,0.000000,0.000000,0.000,-16.053,-15.004,0.000000
23.772099,-200.000,0.000000,0.000000,0.000,-16.053,-15.004,0.000000
23.854389,-200.000,0.000000,0.000000,0.000,-16.053,-15.004,0.000000
23.936964,-200.000,0.000000,0.000000,0.000,-16.053,-15.004,0.000000
24.019825,-200.000,0.000000,0.000000,0.000,-16.053,-15.004,0.000000
24.102966,-200.000,0.000000,0.000000,0.000,-16.053,-15.004,0.000000
24.186401,-200.000,0.000000,0.000000,0.000,-16.053,-15.004,0.000000
24.270124,-200.000,0.000000,0.000000,0.000,-16.053,-15.004,0.000000
24.354139,-200.000,0.000000,0.000000,0.000,-16.053,-15.004,0.000000
24.438444,-200.000,0.000000,0.000000,0.000,-16.053,-15.004,0.000000
24.523041,-200.000,0.000000,0.000000,0.000,-16.053,-15.004,0.000000
24.607929,-200.000,0.000000,0.000000,0.000,-16.053,-15.004,0.000000
24.693108,-200.000,0.000000,0.000000,0.000,-16.053,-15.004,0.000000
24.778585,-200.000,0.000000,0.000000,0.000,-16.053,-15.004,0.000000
24.864359,-200.000,0.000000,0.000000,0.000,-16.053,-15.004,0.000000
24.950430,-200.000,0.000000,0.000000,0.000,-16.053,-15.004,0.000000
25.036798,-200.000,0.000000,0.000000,0.000,-16.053,-15.004,0.000000
25.123466,-200.000,0.000000,0.000000,0.000,-16.053,-15.004,0.000000
25.210434,-200.000,0.000000,0.000000,0.000,-16.053,-15.004,0.000000
25.297697,-200.000,0.000000,0.000000,0.000,-16.053,-15.004,0.000000
25.385267,-200.000,0.000000,0.000000,0.000,-16.053,-15.004,0.000000
25.473143,-200.000,0.000000,0.000000,0.000,-16.053,-15.004,0.000000
25.561321,-200.000,0.000000,0.000000,0.000,-16.053,-15.004,0.000000
25.649803,-200.000,0.000000,0.000000,0.000,-16.053,-15.004,0.000000
25.738594,-200.000,0.000000,0.000000,0.000,-16.053,-15.004,0.000000
25.827690,-200.000,0.000000,0.000000,0.000,-16.053,-15.004,0.000000
25.917089,-200.000,0.000000,0.000000,0.000,-16.053,-15.004,0.000000
26.006805,-200.000,0.000000,0.000000,0.000,-16.053,-15.004,0.000000
26.096830,-200.000,0.000000,0.000000,0.000,-16.053,-15.004,0.000000
26.187168,-200.000,0.000000,0.000000,0.000,-16.053,-15.004,0.000000
26.277819,-200.000,0.000000,0.000000,0.000,-16.053,-15.004,0.000000
26.368782,-200.000,0.000000,0.000000,0.000,-16.053,-15.004,0.000000
26.460054,-200.000,0.000000,0.000000,0.000,-16.053,-15.004,0.000000
26.551649,-200.000,0.000000,0.000000,0.000,-16.053,-15.004,0.000000
26.643560,-200.000,0.000000,0.000000,0.000,-16.053,-15.004,0.000000
26.735790,-200.000,0.000000,0.000000,0.000,-16.053,-15.004,0.000000
26.828339,-200.000,0.000000,0.000000,0.000,-16.053,-15.004,0.000000
26.921207,-200.000,0.000000,0.000000,0.000,-16.053,-15.004,0.000000
27.014399,-200.000,0.000000,0.000000,0.000,-16.053,-15.004,0.000000
27.107912,-200.000,0.000000,0.000000,0.000,-16.053,-15.004,0.000000
27.201744,-200.000,0.000000,0.000000,0.000,-16.053,-15.004,0.000000
27.295906,-200.000,0.000000,0.000000,0.000,-16.053,-15.004,0.000000
27.390394,-200.000,0.000000,0.000000,0.000,-16.053,-15.004,0.000000
27.485209,-200.000,0.000000,0.000000,0.000,-16.053,-15.004,0.000000
27.580351,-200.000,0.000000,0.000000,0.000,-16.053,-15.004,0.000000
27.675825,-200.000,0.000000,0.000000,0.000,-16.053,-15.004,0.000000
27.771622,-200.000,0.000000,0.000000,0.000,-16.053,-15.004,0.000000
27.867756,-200.000,0.000000,0.000000,0.000,-16.053,-15.004,0.000000
27.964224,-200.000,0.000000,0.000000,0.000,-16.053,-15.004,0.000000
28.061024,-200.000,0.000000,0.000000,0.000,-16.053,-15.004,0.000000
28.158161,-200.000,0.000000,0.000000,0.000,-16.053,-15.004,0.000000
28.255634,-200.000,0.000000,0.000000,0.000,-16.053,-15.004,0.000000
28.353443,-200.000,0.000000,0.000000,0.000,-16.053,-15.004,0.000000
28.451593,-200.000,0.000000,0.000000,0.000,-16.053,-15.004,0.000000
28.550081,-200.000,0.000000,0.000000,0.000,-16.053,-15.004,0.000000
28.648903,-200.000,0.000000,0.000000,0.000,-16.053,-15.004,0.000000
28.748075,-200.000,0.000000,0.000000,0.000,-16.053,-15.004,0.000000
28.847589,-200.000,0.000000,0.000000,0.000,-16.053,-15.004,0.000000
28.947449,-200.000,0.000000,0.000000,0.000,-16.053,-15.004,0.000000
29.047655,-200.000,0.000000,0.000000,0.000,-16.053,-15.004,0.000000
29.148207,-200.000,0.000000,0.000000,0.000,-16.053,-15.004,0.000000
29.249100,-200.000,0.000000,0.000000,0.000,-16.053,-15.004,0.000000
29.350348,-200.000,0.000000,0.000000,0.000,-16.053,-15.004,0.000000
29.451948,-200.000,0.000000,0.000000,0.000,-16.053,-15.004,0.000000
29.553900,-200.000,0.000000,0.000000,0.000,-16.053,-15.004,0.000000
29.656204,-200.000,0.000000,0.000000,0.000,-16.053,-15.004,0.000000
29.758862,-200.000,0.000000,0.000000,0.000,-16.053,-15.004,0.000000
29.861876,-200.000,0.000000,0.000000,0.000,-16.053,-15.004,0.000000
29.965246,-200.000,0.000000,0.000000,0.000,-16.053,-15.004,0.000000
30.068968,-200.000,0.000000,0.000000,0.000,-16.053,-15.004,0.000000
30.173054,-200.000,0.000000,0.000000,0.000,-16.053,-15.004,0.000000
30.277502,-200.000,0.000000,0.000000,0.000,-16.053,-15.004,0.000000
30.382311,-200.000,0.000000,0.000000,0.000,-16.053,-15.004,0.000000
30.487482,-200.000,0.000000,0.000000,0.000,-16.053,-15.004,0.000000
30.593019,-200.000,0.000000,0.000000,0.000,-16.053,-15.004,0.000000
30.698914,-200.000,0.000000,0.000000,0.000,-16.053,-15.004,0.000000
30.805182,-200.000,0.000000,0.000000,0.000,-16.053,-15.004,0.000000
30.911816,-200.000,0.000000,0.000000,0.000,-16.053,-15.004,0.000000
31.018822,-200.000,0.000000,0.000000,0.000,-16.053,-15.004,0.000000
31.126196,-200.000,0.000000,0.000000,0.000,-16.053,-15.004,0.000000
31.233944,-200.000,0.000000,0.000000,0.000,-16.053,-15.004,0.000000
31.342064,-200.000,0.000000,0.000000,0.000,-16.053,-15.004,0.000000
31.450558,-200.000,0.000000,0.000000,0.000,-16.053,-15.004,0.000000
31.559420,-200.000,0.000000,0.000000,0.000,-16.053,-15.004,0.000000
31.668667,-200.000,0.000000,0.000000,0.000,-16.053,-15.004,0.000000
31.778292,-200.000,0.000000,0.000000,0.000,-16.053,-15.004,0.000000
31.888296,-200.000,0.000000,0.000000,0.000,-16.053,-15.004,0.000000
31.998680,-200.000,0.000000,0.000000,0.000,-16.053,-15.004,0.000000
32.109447,-200.000,0.000000,0.000000,0.000,-16.053,-15.004,0.000000
32.220600,-200.000,0.000000,0.000000,0.000,-16.053,-15.004,0.000000
32.332127,-200.000,0.000000,0.000000,0.000,-16.053,-15.004,0.000000
32.444046,-200.000,0.000000,0.000000,0.000,-16.053,-15.004,0.000000
32.556355,-200.000,0.000000,0.000000,0.000,-16.053,-15.004,0.000000
32.669052,-200.000,0.000000,0.000000,0.000,-16.053,-15.004,0.000000
32.782143,-200.000,0.000000,0.000000,0.000,-16.053,-15.004,0.000000
32.895622,-200.000,0.000000,0.000000,0.000,-16.053,-15.004,0.000000
33.009491,-200.000,0.000000,0.000000,0.000,-16.053,-15.004,0.000000
33.123760,-200.000,0.000000,0.000000,0.000,-16.053,-15.004,0.000000
33.238411,-200.000,0.000000,0.000000,0.000,-16.053,-15.004,0.000000
33.353470,-200.000,0.000000,0.000000,0.000,-16.053,-15.004,0.000000
33.468929,-200.000,0.000000,0.000000,0.000,-16.053,-15.004,0.000000
33.584785,-200.000,0.000000,0.000000,0.000,-16.053,-15.004,0.000000
33.701042,-200.000,0.000000,0.000000,0.000,-16.053,-15.004,0.000000
33.817696,-200.000,0.000000,0.000000,0.000,-16.053,-15.004,0.000000
33.934757,-200.000,0.000000,0.000000,0.000,-16.053,-15.004,0.000000
34.052227,-200.000,0.000000,0.000000,0.000,-16.053,-15.004,0.000000
34.170105,-200.000,0.000000,0.000000,0.000,-16.053,-15.004,0.000000
34.288387,-200.000,0.000000,0.000000,0.000,-16.053,-15.004,0.000000
34.407082,-200.000,0.000000,0.000000,0.000,-16.053,-15.004,0.000000
34.526184,-200.000,0.000000,0.000000,0.000,-16.053,-15.004,0.000000
34.645702,-200.000,0.000000,0.000000,0.000,-16.053,-15.004,0.000000
34.765621,-200.000,0.000000,0.000000,0.000,-16.053,-15.004,0.000000
34.885967,-200.000,0.000000,0.000000,0.000,-16.053,-15.004,0.000000
35.006729,-200.000,0.000000,0.000000,0.000,-16.053,-15.004,0.000000
35.127911,-200.000,0.000000,0.000000,0.000,-16.053,-15.004,0.000000
35.249508,-200.000,0.000000,0.000000,0.000,-16.053,-15.004,0.000000
35.371529,-200.000,0.000000,0.000000,0.000,-16.053,-15.004,0.000000
35.493965,-200.000,0.000000,0.000000,0.000,-16.053,-15.004,0.000000
35.616829,-200.000,0.000000,0.000000,0.000,-16.053,-15.004,0.000000
35.740120,-200.000,0.000000,0.000000,0.000,-16.053,-15.004,0.000000
35.863842,-200.000,0.000000,0.000000,0.000,-16.053,-15.004,0.000000
35.987988,-200.000,0.000000,0.000000,0.000,-16.053,-15.004,0.000000
36.112564,-200.000,0.000000,0.000000,0.000,-16.053,-15.004,0.000000
36.237572,-200.000,0.000000,0.000000,0.000,-16.053,-15.004,0.000000
36.363010,-200.000,0.000000,0.000000,0.000,-16.053,-15.004,0.000000
36.488888,-200.000,0.000000,0.000000,0.000,-16.053,-15.004,0.000000
36.615189,-200.000,0.000000,0.000000,0.000,-16.053,-15.004,0.000000
36.741936,-200.000,0.000000,0.000000,0.000,-16.053,-15.004,0.000000
36.869122,-200.000,0.000000,0.000000,0.000,-16.053,-15.004,0.000000
36.996750,-200.000,0.000000,0.000000,0.000,-16.053,-15.004,0.000000
37.124817,-200.000,0.000000,0.000000,0.000,-16.053,-15.004,0.000000
37.253323,-200.000,0.000000,0.000000,0.000,-16.053,-15.004,0.000000
37.382278,-200.000,0.000000,0.000000,0.000,-16.053,-15.004,0.000000
37.511681,-200.000,0.000000,0.000000,0.000,-16.053,-15.004,0.000000
37.641533,-200.000,0.000000,0.000000,0.000,-16.053,-15.004,0.000000
37.771832,-200.000,0.000000,0.000000,0.000,-16.053,-15.004,0.000000
37.902584,-200.000,0.000000,0.000000,0.000,-16.053,-15.004,0.000000
38.033791,-200.000,0.000000,0.000000,0.000,-16.053,-15.004,0.000000
38.165447,-200.000,0.000000,0.000000,0.000,-16.053,-15.004,0.000000
38.297562,-200.000,0.000000,0.000000,0.000,-16.053,-15.004,0.000000
38.430122,-200.000,0.000000,0.000000,0.000,-16.053,-15.004,0.000000
38.563152,-200.000,0.000000,0.000000,0.000,-16.053,-15.004,0.000000
38.696644,-200.000,0.000000,0.000000,0.000,-16.053,-15.004,0.000000
38.830597,-200.000,0.000000,0.000000,0.000,-16.053,-15.004,0.000000
38.965015,-200.000,0.000000,0.000000,0.000,-16.053,-15.004,0.000000
39.099895,-200.000,0.000000,0.000000,0.000,-16.053,-15.004,0.000000
39.235237,-200.000,0.000000,0.000000,0.000,-16.053,-15.004,0.000000
39.371052,-200.000,0.000000,0.000000,0.000,-16.053,-15.004,0.000000
39.507339,-200.000,0.000000,0.000000,0.000,-16.053,-15.004,0.000000
39.644100,-200.000,0.000000,0.000000,0.000,-16.053,-15.004,0.000000
39.781334,-200.000,0.000000,0.000000,0.000,-16.053,-15.004,0.000000
39.919041,-200.000,0.000000,0.000000,0.000,-16.053,-15.004,0.000000
40.057224,-200.000,0.000000,0.000000,0.000,-16.053,-15.004,0.000000
40.195889,-200.000,0.000000,0.000000,0.000,-16.053,-15.004,0.000000
40.335030,-200.000,0.000000,0.000000,0.000,-16.053,-15.004,0.000000
40.474644,-200.000,0.000000,0.000000,0.000,-16.053,-15.004,0.000000
40.614754,-200.000,0.000000,0.000000,0.000,-16.053,-15.004,0.000000
40.755344,-200.000,0.000000,0.000000,0.000,-16.053,-15.004,0.000000
40.896423,-200.000,0.000000,0.000000,0.000,-16.053,-15.004,0.000000
41.037983,-200.000,0.000000,0.000000,0.000,-16.053,-15.004,0.000000
41.180042,-200.000,0.000000,0.000000,0.000,-16.053,-15.004,0.000000
41.322590,-200.000,0.000000,0.000000,0.000,-16.053,-15.004,0.000000
41.465633,-200.000,0.000000,0.000000,0.000,-16.053,-15.004,0.000000
41.609173,-200.000,0.000000,0.000000,0.000,-16.053,-15.004,0.000000
41.753204,-200.000,0.000000,0.000000,0.000,-16.053,-15.004,0.000000
41.897739,-200.000,0.000000,0.000000,0.000,-16.053,-15.004,0.000000
42.042774,-200.000,0.000000,0.000000,0.000,-16.053,-15.004,0.000000
42.188309,-200.000,0.000000,0.000000,0.000,-16.053,-15.004,0.000000
42.334339,-200.000,0.000000,0.000000,0.000,-16.053,-15.004,0.000000
42.480885,-200.000,0.000000,0.000000,0.000,-16.053,-15.004,0.000000
42.627937,-200.000,0.000000,0.000000,0.000,-16.053,-15.004,0.000000
42.775497,-200.000,0.000000,0.000000,0.000,-16.053,-15.004,0.000000
42.923573,-200.000,0.000000,0.000000,0.000,-16.053,-15.004,0.000000
43.072155,-200.000,0.000000,0.000000,0.000,-16.053,-15.004,0.000000
43.221245,-200.000,0.000000,0.000000,0.000,-16.053,-15.004,0.000000
43.370861,-200.000,0.000000,0.000000,0.000,-16.053,-15.004,0.000000
43.520992,-200.000,0.000000,0.000000,0.000,-16.053,-15.004,0.000000
43.671646,-200.000,0.000000,0.000000,0.000,-16.053,-15.004,0.000000
43.822823,-200.000,0.000000,0.000000,0.000,-16.053,-15.004,0.000000
43.974518,-200.000,0.000000,0.000000,0.000,-16.053,-15.004,0.000000
44.126743,-200.000,0.000000,0.000000,0.000,-16.053,-15.004,0.000000
44.279491,-200.000,0.000000,0.000000,0.000,-16.053,-15.004,0.000000
44.432770,-200.000,0.000000,0.000000,0.000,-16.053,-15.004,0.000000
44.586567,-200.000,0.000000,0.000000,0.000,-16.053,-15.004,0.000000
44.740910,-200.000,0.000000,0.000000,0.000,-16.053,-15.004,0.000000
44.895786,-200.000,0.000000,0.000000,0.000,-16.053,-15.004,0.000000
45.051197,-200.000,0.000000,0.000000,0.000,-16.053,-15.004,0.000000
45.207138,-200.000,0.000000,0.000000,0.000,-16.053,-15.004,0.000000
45.363636,-200.000,0.000000,0.000000,0.000,-16.053,-15.004,0.000000
45.520660,-200.000,0.000000,0.000000,0.000,-16.053,-15.004,0.000000
45.678234,-200.000,0.000000,0.000000,0.000,-16.053,-15.004,0.000000
45.836353,-200.000,0.000000,0.000000,0.000,-16.053,-15.004,0.000000
45.995022,-200.000,0.000000,0.000000,0.000,-16.053,-15.004,0.000000
46.154240,-200.000,0.000000,0.000000,0.000,-16.053,-15.004,0.000000
46.314007,-200.000,0.000000,0.000000,0.000,-16.053,-15.004,0.000000
46.474327,-200.000,0.000000,0.000000,0.000,-16.053,-15.004,0.000000
46.635193,-200.000,0.000000,0.000000,0.000,-16.053,-15.004,0.000000
46.796627,-200.000,0.000000,0.000000,0.000,-16.053,-15.004,0.000000
46.958618,-200.000,0.000000,0.000000,0.000,-16.053,-15.004,0.000000
47.121170,-200.000,0.000000,0.000000,0.000,-16.053,-15.004,0.000000
47.284286,-200.000,0.000000,0.000000,0.000,-16.053,-15.004,0.000000
47.447968,-200.000,0.000000,0.000000,0.000,-16.053,-15.004,0.000000
47.612202,-200.000,0.000000,0.000000,0.000,-16.053,-15.004,0.000000
47.777020,-200.000,0.000000,0.000000,0.000,-16.053,-15.004,0.000000
47.942402,-200.000,0.000000,0.000000,0.000,-16.053,-15.004,0.000000
48.108360,-200.000,0.000000,0.000000,0.000,-16.053,-15.004,0.000000
48.274895,-200.000,0.000000,0.000000,0.000,-16.053,-15.004,0.000000
48.442005,-200.000,0.000000,0.000000,0.000,-16.053,-15.004,0.000000
48.609692,-200.000,0.000000,0.000000,0.000,-16.053,-15.004,0.000000
48.777958,-200.000,0.000000,0.000000,0.000,-16.053,-15.004,0.000000
48.946812,-200.000,0.000000,0.000000,0.000,-16.053,-15.004,0.000000
49.116234,-200.000,0.000000,0.000000,0.000,-16.053,-15.004,0.000000
49.286255,-200.000,0.000000,0.000000,0.000,-16.053,-15.004,0.000000
49.456863,-200.000,0.000000,0.000000,0.000,-16.053,-15.004,0.000000
49.628067,-200.000,0.000000,0.000000,0.000,-16.053,-15.004,0.000000
49.799858,-200.000,0.000000,0.000000,0.000,-16.053,-15.004,0.000000
49.972248,-200.000,0.000000,0.000000,0.000,-16.053,-15.004,0.000000
50.145218,-200.000,0.000000,0.000000,0.000,-16.053,-15.004,0.000000
50.318802,-200.000,0.000000,0.000000,0.000,-16.053,-15.004,0.000000
50.492989,-200.000,0.000000,0.000000,0.000,-16.053,-15.004,0.000000
50.667774,-200.000,0.000000,0.000000,0.000,-16.053,-15.004,0.000000
50.843166,-200.000,0.000000,0.000000,0.000,-16.053,-15.004,0.000000
51.019169,-200.000,0.000000,0.000000,0.000,-16.053,-15.004,0.000000
51.195774,-200.000,0.000000,0.000000,0.000,-16.053,-15.004,0.000000
51.372997,-200.000,0.000000,0.000000,0.000,-16.053,-15.004,0.000000
51.550816,-200.000,0.000000,0.000000,0.000,-16.053,-15.004,0.000000
51.729267,-200.000,0.000000,0.000000,0.000,-16.053,-15.004,0.000000
51.908333,-200.000,0.000000,0.000000,0.000,-16.053,-15.004,0.000000
52.088020,-200.000,0.000000,0.000000,0.000,-16.053,-15.004,0.000000
52.268330,-200.000,0.000000,0.000000,0.000,-16.053,-15.004,0.000000
52.449261,-200.000,0.000000,0.000000,0.000,-16.053,-15.004,0.000000
52.630810,-200.000,0.000000,0.000000,0.000,-16.053,-15.004,0.000000
52.812996,-200.000,0.000000,0.000000,0.000,-16.053,-15.004,0.000000
52.995815,-200.000,0.000000,0.000000,0.000,-16.053,-15.004,0.000000
53.179264,-200.000,0.000000,0.000000,0.000,-16.053,-15.004,0.000000
53.363350,-200.000,0.000000,0.000000,0.000,-16.053,-15.004,0.000000
53.548077,-200.000,0.000000,0.000000,0.000,-16.053,-15.004,0.000000
53.733437,-200.000,0.000000,0.000000,0.000,-16.053,-15.004,0.000000
53.919441,-200.000,0.000000,0.000000,0.000,-16.053,-15.004,0.000000
54.106079,-200.000,0.000000,0.000000,0.000,-16.053,-15.004,0.000000
54.293373,-200.000,0.000000,0.000000,0.000,-16.053,-15.004,0.000000
54.481316,-200.000,0.000000,0.000000,0.000,-16.053,-15.004,0.000000
54.669895,-200.000,0.000000,0.000000,0.000,-16.053,-15.004,0.000000
54.859169,-200.000,0.000000,0.000000,0.000,-16.053,-15.004,0.000000
55.049042,-200.000,0.000000,0.000000,0.000,-16.053,-15.004,0.000000
55.239601,-200.000,0.000000,0.000000,0.000,-16.053,-15.004,0.000000
55.430820,-200.000,0.000000,0.000000,0.000,-16.053,-15.004,0.000000
55.622700,-200.000,0.000000,0.000000,0.000,-16.053,-15.004,0.000000
55.815247,-200.000,0.000000,0.000000,0.000,-16.053,-15.004,0.000000
56.008457,-200.000,0.000000,0.000000,0.000,-16.053,-15.004,0.000000
56.202335,-200.000,0.000000,0.000000,0.000,-16.053,-15.004,0.000000
56.396889,-200.000,0.000000,0.000000,0.000,-16.053,-15.004,0.000000
56.592110,-200.000,0.000000,0.000000,0.000,-16.053,-15.004,0.000000
56.788010,-200.000,0.000000,0.000000,0.000,-16.053,-15.004,0.000000
56.984589,-200.000,0.000000,0.000000,0.000,-16.053,-15.004,0.000000
57.181820,-200.000,0.000000,0.000000,0.000,-16.053,-15.004,0.000000
57.379791,-200.000,0.000000,0.000000,0.000,-16.053,-15.004,0.000000
57.578388,-200.000,0.000000,0.000000,0.000,-16.053,-15.004,0.000000
57.777702,-200.000,0.000000,0.000000,0.000,-16.053,-15.004,0.000000
57.977707,-200.000,0.000000,0.000000,0.000,-16.053,-15.004,0.000000
58.178406,-200.000,0.000000,0.000000,0.000,-16.053,-15.004,0.000000
58.379795,-200.000,0.000000,0.000000,0.000,-16.053,-15.004,0.000000
58.581886,-200.000,0.000000,0.000000,0.000,-16.053,-15.004,0.000000
58.784672,-200.000,0.000000,0.000000,0.000,-16.053,-15.004,0.000000
58.988163,-200.000,0.000000,0.000000,0.000,-16.053,-15.004,0.000000
59.192356,-200.000,0.000000,0.000000,0.000,-16.053,-15.004,0.000000
59.397259,-200.000,0.000000,0.000000,0.000,-16.053,-15.004,0.000000
59.602867,-200.000,0.000000,0.000000,0.000,-16.053,-15.004,0.000000
59.809193,-200.000,0.000000,0.000000,0.000,-16.053,-15.004,0.000000
60.016228,-200.000,0.000000,0.000000,0.000,-16.053,-15.004,0.000000
60.223953,-200.000,0.000000,0.000000,0.000,-16.053,-15.004,0.000000
60.432423,-200.000,0.000000,0.000000,0.000,-16.053,-15.004,0.000000
60.641617,-200.000,0.000000,0.000000,0.000,-16.053,-15.004,0.000000
60.851536,-200.000,0.000000,0.000000,0.000,-16.053,-15.004,0.000000
61.062180,-200.000,0.000000,0.000000,0.000,-16.053,-15.004,0.000000
61.273556,-200.000,0.000000,0.000000,0.000,-16.053,-15.004,0.000000
61.485661,-200.000,0.000000,0.000000,0.000,-16.053,-15.004,0.000000
61.698502,-200.000,0.000000,0.000000,0.000,-16.053,-15.004,0.000000
61.912075,-200.000,0.000000,0.000000,0.000,-16.053,-15.004,0.000000
62.126392,-200.000,0.000000,0.000000,0.000,-16.053,-15.004,0.000000
62.341450,-200.000,0.000000,0.000000,0.000,-16.053,-15.004,0.000000
62.557251,-200.000,0.000000,0.000000,0.000,-16.053,-15.004,0.000000
62.773800,-200.000,0.000000,0.000000,0.000,-16.053,-15.004,0.000000
62.991070,-200.000,0.000000,0.000000,0.000,-16.053,-15.004,0.000000
63.209152,-200.000,0.000000,0.000000,0.000,-16.056,-15.008,0.000000
63.427925,-200.000,0.000000,0.000000,0.000,-16.060,-15.012,0.000000
63.647522,-200.000,0.000000,0.000000,0.000,-16.063,-15.016,0.000000
63.867813,-200.000,0.000000,0.000000,0.000,-16.067,-15.019,0.000000
64.088898,-200.000,0.000000,0.000000,0.000,-16.070,-15.023,0.000000
64.310753,-200.000,0.000000,0.000000,0.000,-16.074,-15.027,0.000000
64.533371,-200.000,0.000000,0.000000,0.000,-16.077,-15.031,0.000000
64.756760,-200.000,0.000000,0.000000,0.000,-16.081,-15.035,0.000000
64.980919,-200.000,0.000000,0.000000,0.000,-16.084,-15.039,0.000000
65.205864,-200.000,0.000000,0.000000,0.000,-16.088,-15.043,0.000000
65.431580,-200.000,0.000000,0.000000,0.000,-16.091,-15.047,0.000000
65.658081,-200.000,0.000000,0.000000,0.000,-16.095,-15.051,0.000000
65.885361,-200.000,0.000000,0.000000,0.000,-16.098,-15.055,0.000000
66.113434,-200.000,0.000000,0.000000,0.000,-16.102,-15.059,0.000000
66.342262,-200.000,0.000000,0.000000,0.000,-16.106,-15.063,0.000000
66.571945,-200.000,0.000000,0.000000,0.000,-16.109,-15.067,0.000000
66.802353,-200.000,0.000000,0.000000,0.000,-16.113,-15.071,0.000000
67.033600,-200.000,0.000000,0.000000,0.000,-16.116,-15.075,0.000000
67.265648,-200.000,0.000000,0.000000,0.000,-16.120,-15.079,0.000000
67.498489,-200.000,0.000000,0.000000,0.000,-16.124,-15.083,0.000000
67.732147,-200.000,0.000000,0.000000,0.000,-16.127,-15.087,0.000000
67.966606,-200.000,0.000000,0.000000,0.000,-16.131,-15.091,0.000000
68.201881,-200.000,0.000000,0.000000,0.000,-16.135,-15.095,0.000000
68.437973,-200.000,0.000000,0.000000,0.000,-16.138,-15.099,0.000000
68.674881,-200.000,0.000000,0.000000,0.000,-16.142,-15.103,0.000000
68.912605,-200.000,0.000000,0.000000,0.000,-16.146,-15.108,0.000000
69.151154,-200.000,0.000000,0.000000,0.000,-16.150,-15.112,0.000000
69.390495,-200.000,0.000000,0.000000,0.000,-16.153,-15.116,0.000000
69.630730,-200.000,0.000000,0.000000,0.000,-16.157,-15.120,0.000000
69.871735,-200.000,0.000000,0.000000,0.000,-16.161,-15.124,0.000000
70.113640,-200.000,0.000000,0.000000,0.000,-16.165,-15.128,0.000000
70.356308,-200.000,0.000000,0.000000,0.000,-16.168,-15.133,0.000000
70.599854,-200.000,0.000000,0.000000,0.000,-16.172,-15.137,0.000000
70.844246,-200.000,0.000000,0.000000,0.000,-16.176,-15.141,0.000000
71.089478,-200.000,0.000000,0.000000,0.000,-16.180,-15.146,0.000000
71.335564,-200.000,0.000000,0.000000,0.000,-16.184,-15.150,0.000000
71.582504,-200.000,0.000000,0.000000,0.000,-16.188,-15.154,0.000000
71.830292,-200.000,0.000000,0.000000,0.000,-16.192,-15.158,0.000000
72.078941,-200.000,0.000000,0.000000,0.000,-16.195,-15.163,0.000000
72.328453,-200.000,0.000000,0.000000,0.000,-16.199,-15.167,0.000000
72.578827,-200.000,0.000000,0.000000,0.000,-16.203,-15.172,0.000000
72.830063,-200.000,0.000000,0.000000,0.000,-16.207,-15.176,0.000000
73.082176,-200.000,0.000000,0.000000,0.000,-16.211,-15.180,0.000000
73.335159,-200.000,0.000000,0.000000,0.000,-16.215,-15.185,0.000000
73.588982,-200.000,0.000000,0.000000,0.000,-16.219,-15.189,0.000000
73.843719,-200.000,0.000000,0.000000,0.000,-16.223,-15.194,0.000000
74.099335,-200.000,0.000000,0.000000,0.000,-16.227,-15.198,0.000000
74.355843,-200.000,0.000000,0.000000,0.000,-16.231,-15.203,0.000000
74.613228,-200.000,0.000000,0.000000,0.000,-16.235,-15.207,0.000000
74.871513,-200.000,0.000000,0.000000,0.000,-16.239,-15.212,0.000000
75.130692,-200.000,0.000000,0.000000,0.000,-16.243,-15.216,0.000000
75.390762,-200.000,0.000000,0.000000,0.000,-16.247,-15.221,0.000000
75.651733,-200.000,0.000000,0.000000,0.000,-16.251,-15.225,0.000000
75.913612,-200.000,0.000000,0.000000,0.000,-16.255,-15.230,0.000000
76.176399,-200.000,0.000000,0.000000,0.000,-16.260,-15.234,0.000000
76.440094,-200.000,0.000000,0.000000,0.000,-16.264,-15.239,0.000000
76.704697,-200.000,0.000000,0.000000,0.000,-16.268,-15.244,0.000000
76.970184,-200.000,0.000000,0.000000,0.000,-16.272,-15.248,0.000000
77.236664,-200.000,0.000000,0.000000,0.000,-16.276,-15.253,0.000000
77.503990,-200.000,0.000000,0.000000,0.000,-16.280,-15.258,0.000000
77.772278,-200.000,0.000000,0.000000,0.000,-16.285,-15.262,0.000000
78.041496,-200.000,0.000000,0.000000,0.000,-16.289,-15.267,0.000000
78.311646,-200.000,0.000000,0.000000,0.000,-16.293,-15.272,0.000000
78.582733,-200.000,0.000000,0.000000,0.000,-16.297,-15.276,0.000000
78.854752,-200.000,0.000000,0.000000,0.000,-16.302,-15.281,0.000000
79.127716,-200.000,0.000000,0.000000,0.000,-16.306,-15.286,0.000000
79.401627,-200.000,0.000000,0.000000,0.000,-16.310,-15.291,0.000000
79.676483,-200.000,0.000000,0.000000,0.000,-16.314,-15.295,0.000000
79.952293,-200.000,0.000000,0.000000,0.000,-16.319,-15.300,0.000000
80.229057,-200.000,0.000000,0.000000,0.000,-16.323,-15.305,0.000000
80.506744,-200.000,0.000000,0.000000,0.000,-16.327,-15.310,0.000000
80.785469,-200.000,0.000000,0.000000,0.000,-16.332,-15.315,0.000000
81.065079,-200.000,0.000000,0.000000,0.000,-16.336,-15.320,0.000000
81.345734,-200.000,0.000000,0.000000,0.000,-16.341,-15.325,0.000000
81.627281,-200.000,0.000000,0.000000,0.000,-16.345,-15.330,0.000000
81.909843,-200.000,0.000000,0.000000,0.000,-16.349,-15.334,0.000000
82.193382,-200.000,0.000000,0.000000,0.000,-16.354,-15.339,0.000000
82.477905,-200.000,0.000000,0.000000,0.000,-16.358,-15.344,0.000000
82.763412,-200.000,0.000000,0.000000,0.000,-16.363,-15.349,0.000000
83.049904,-200.000,0.000000,0.000000,0.000,-16.367,-15.354,0.000000
83.337395,-200.000,0.000000,0.000000,0.000,-16.372,-15.359,0.000000
83.625877,-200.000,0.000000,0.000000,0.000,-16.376,-15.364,0.000000
83.915352,-200.000,0.000000,0.000000,0.000,-16.381,-15.369,0.000000
84.205795,-200.000,0.000000,0.000000,0.000,-16.385,-15.375,0.000000
84.497330,-200.000,0.000000,0.000000,0.000,-16.390,-15.380,0.000000
84.789780,-200.000,0.000000,0.000000,0.000,-16.395,-15.385,0.000000
85.083336,-200.000,0.000000,0.000000,0.000,-16.399,-15.390,0.000000
85.377815,-200.000,0.000000,0.000000,0.000,-16.404,-15.395,0.000000
85.673363,-200.000,0.000000,0.000000,0.000,-16.408,-15.400,0.000000
85.969933,-200.000,0.000000,0.000000,0.000,-16.413,-15.405,0.000000
86.267525,-200.000,0.000000,0.000000,0.000,-16.418,-15.411,0.000000
86.566154,-200.000,0.000000,0.000000,0.000,-16.422,-15.416,0.000000
86.865814,-200.000,0.000000,0.000000,0.000,-16.427,-15.421,0.000000
87.166504,-200.000,0.000000,0.000000,0.000,-16.432,-15.426,0.000000
87.468246,-200.000,0.000000,0.000000,0.000,-16.437,-15.431,0.000000
87.771027,-200.000,0.000000,0.000000,0.000,-16.441,-15.437,0.000000
88.074852,-200.000,0.000000,0.000000,0.000,-16.446,-15.442,0.000000
88.379738,-200.000,0.000000,0.000000,0.000,-16.451,-15.447,0.000000
88.685677,-200.000,0.000000,0.000000,0.000,-16.456,-15.453,0.000000
88.992668,-200.000,0.000000,0.000000,0.000,-16.460,-15.458,0.000000
89.300682,-200.000,0.000000,0.000000,0.000,-16.465,-15.463,0.000000
89.609810,-200.000,0.000000,0.000000,0.000,-16.470,-15.469,0.000000
89.920006,-200.000,0.000000,0.000000,0.000,-16.475,-15.474,0.000000
90.231270,-200.000,0.000000,0.000000,0.000,-16.480,-15.480,0.000000
90.543617,-200.000,0.000000,0.000000,0.000,-16.485,-15.485,0.000000
90.857048,-200.000,0.000000,0.000000,0.000,-16.490,-15.491,0.000000
91.171562,-200.000,0.000000,0.000000,0.000,-16.495,-15.496,0.000000
91.487160,-200.000,0.000000,0.000000,0.000,-16.499,-15.502,0.000000
91.803856,-200.000,0.000000,0.000000,0.000,-16.504,-15.507,0.000000
92.121643,-200.000,0.000000,0.000000,0.000,-16.509,-15.513,0.000000
92.440536,-200.000,0.000000,0.000000,0.000,-16.514,-15.518,0.000000
92.760529,-200.000,0.000000,0.000000,0.000,-16.519,-15.524,0.000000
93.081627,-200.000,0.000000,0.000000,0.000,-16.524,-15.529,0.000000
93.403793,-200.000,0.000000,0.000000,0.000,-16.530,-15.535,0.000000
93.727173,-200.000,0.000000,0.000000,0.000,-16.535,-15.541,0.000000
94.051575,-200.000,0.000000,0.000000,0.000,-16.540,-15.546,0.000000
94.377190,-200.000,0.000000,0.000000,0.000,-16.545,-15.552,0.000000
94.703842,-200.000,0.000000,0.000000,0.000,-16.550,-15.558,0.000000
95.031670,-200.000,0.000000,0.000000,0.000,-16.555,-15.564,0.000000
95.360634,-200.000,0.000000,0.000000,0.000,-16.560,-15.569,0.000000
95.690735,-200.000,0.000000,0.000000,0.000,-16.565,-15.575,0.000000
96.021980,-200.000,0.000000,0.000000,0.000,-16.571,-15.581,0.000000
96.354370,-200.000,0.000000,0.000000,0.000,-16.576,-15.587,0.000000
96.687912,-200.000,0.000000,0.000000,0.000,-16.581,-15.592,0.000000
97.022606,-200.000,0.000000,0.000000,0.000,-16.586,-15.598,0.000000
97.358459,-200.000,0.000000,0.000000,0.000,-16.591,-15.604,0.000000
97.695435,-200.000,0.000000,0.000000,0.000,-16.597,-15.610,0.000000
98.033661,-200.000,0.000000,0.000000,0.000,-16.602,-15.616,0.000000
98.372971,-200.000,0.000000,0.000000,0.000,-16.607,-15.622,0.000000
98.713547,-200.000,0.000000,0.000000,0.000,-16.613,-15.628,0.000000
99.055214,-200.000,0.000000,0.000000,0.000,-16.618,-15.634,0.000000
99.398102,-200.000,0.000000,0.000000,0.000,-16.623,-15.640,0.000000
99.742180,-200.000,0.000000,0.000000,0.000,-16.629,-15.646,0.000000
100.087448,-200.000,0.000000,0.000000,0.000,-16.634,-15.652,0.000000
100.433914,-200.000,0.000000,0.000000,0.000,-16.640,-15.658,0.000000
100.781578,-200.000,0.000000,0.000000,0.000,-16.645,-15.664,0.000000
101.130447,-200.000,0.000000,0.000000,0.000,-16.651,-15.670,0.000000
101.480522,-200.000,0.000000,0.000000,0.000,-16.656,-15.676,0.000000
101.831802,-200.000,0.000000,0.000000,0.000,-16.662,-15.682,0.000000
102.184258,-200.000,0.000000,0.000000,0.000,-16.667,-15.688,0.000000
102.538033,-200.000,0.000000,0.000000,0.000,-16.673,-15.695,0.000000
102.892975,-200.000,0.000000,0.000000,0.000,-16.678,-15.701,0.000000
103.249153,-200.000,0.000000,0.000000,0.000,-16.684,-15.707,0.000000
103.606514,-200.000,0.000000,0.000000,0.000,-16.689,-15.713,0.000000
103.965157,-200.000,0.000000,0.000000,0.000,-16.695,-15.720,0.000000
104.325050,-200.000,0.000000,0.000000,0.000,-16.701,-15.726,0.000000
104.686180,-200.000,0.000000,0.000000,0.000,-16.706,-15.732,0.000000
105.048561,-200.000,0.000000,0.000000,0.000,-16.712,-15.738,0.000000
105.412201,-200.000,0.000000,0.000000,0.000,-16.718,-15.745,0.000000
105.777100,-200.000,0.000000,0.000000,0.000,-16.723,-15.751,0.000000
106.143257,-200.000,0.000000,0.000000,0.000,-16.729,-15.758,0.000000
106.510689,-200.000,0.000000,0.000000,0.000,-16.735,-15.764,0.000000
106.879387,-200.000,0.000000,0.000000,0.000,-16.741,-15.770,0.000000
107.249359,-200.000,0.000000,0.000000,0.000,-16.746,-15.777,0.000000
107.620613,-200.000,0.000000,0.000000,0.000,-16.752,-15.783,0.000000
107.993156,-200.000,0.000000,0.000000,0.000,-16.758,-15.790,0.000000
108.366936,-200.000,0.000000,0.000000,0.000,-16.764,-15.796,0.000000
108.742065,-200.000,0.000000,0.000000,0.000,-16.770,-15.803,0.000000
109.118484,-200.000,0.000000,0.000000,0.000,-16.776,-15.809,0.000000
109.496208,-200.000,0.000000,0.000000,0.000,-16.782,-15.816,0.000000
109.875244,-200.000,0.000000,0.000000,0.000,-16.788,-15.823,0.000000
110.255592,-200.000,0.000000,0.000000,0.000,-16.794,-15.829,0.000000
110.637253,-200.000,0.000000,0.000000,0.000,-16.800,-15.836,0.000000
111.020241,-200.000,0.000000,0.000000,0.000,-16.806,-15.843,0.000000
111.404549,-200.000,0.000000,0.000000,0.000,-16.812,-15.849,0.000000
111.790184,-200.000,0.000000,0.000000,0.000,-16.818,-15.856,0.000000
112.177162,-200.000,0.000000,0.000000,0.000,-16.824,-15.863,0.000000
112.565475,-200.000,0.000000,0.000000,0.000,-16.830,-15.870,0.000000
112.955132,-200.000,0.000000,0.000000,0.000,-16.836,-15.876,0.000000
113.346085,-200.000,0.000000,0.000000,0.000,-16.842,-15.883,0.000000
113.738503,-200.000,0.000000,0.000000,0.000,-16.848,-15.890,0.000000
114.132164,-200.000,0.000000,0.000000,0.000,-16.854,-15.897,0.000000
114.527306,-200.000,0.000000,0.000000,0.000,-16.860,-15.904,0.000000
114.923698,-200.000,0.000000,0.000000,0.000,-16.867,-15.911,0.000000
115.321518,-200.000,0.000000,0.000000,0.000,-16.873,-15.918,0.000000
115.720718,-200.000,0.000000,0.000000,0.000,-16.879,-15.925,0.000000
116.121300,-200.000,0.000000,0.000000,0.000,-16.885,-15.932,0.000000
116.523270,-200.000,0.000000,0.000000,0.000,-16.892,-15.939,0.000000
116.926628,-200.000,0.000000,0.000000,0.000,-16.898,-15.946,0.000000
117.331383,-200.000,0.000000,0.000000,0.000,-16.904,-15.953,0.000000
117.737541,-200.000,0.000000,0.000000,0.000,-16.911,-15.960,0.000000
118.145103,-200.000,0.000000,0.000000,0.000,-16.917,-15.967,0.000000
118.554016,-200.000,0.000000,0.000000,0.000,-16.924,-15.974,0.000000
118.964462,-200.000,0.000000,0.000000,0.000,-16.930,-15.981,0.000000
119.376213,-200.000,0.000000,0.000000,0.000,-16.936,-15.989,0.000000
119.789505,-200.000,0.000000,0.000000,0.000,-16.943,-15.996,0.000000
120.204117,-200.000,0.000000,0.000000,0.000,-16.949,-16.003,0.000000
120.620216,-200.000,0.000000,0.000000,0.000,-16.956,-16.010,0.000000
121.037758,-200.000,0.000000,0.000000,0.000,-16.962,-16.018,0.000000
121.456741,-200.000,0.000000,0.000000,0.000,-16.969,-16.025,0.000000
121.877174,-200.000,0.000000,0.000000,0.000,-16.976,-16.032,0.000000
122.299072,-200.000,0.000000,0.000000,0.000,-16.982,-16.040,0.000000
122.722420,-200.000,0.000000,0.000000,0.000,-16.989,-16.047,0.000000
123.147240,-200.000,0.000000,0.000000,0.000,-16.996,-16.054,0.000000
123.573532,-200.000,0.000000,0.000000,0.000,-17.002,-16.062,0.000000
124.001297,-200.000,0.000000,0.000000,0.000,-17.009,-16.069,0.000000
124.430542,-200.000,0.000000,0.000000,0.000,-17.016,-16.077,0.000000
124.861267,-200.000,0.000000,0.000000,0.000,-17.022,-16.084,0.000000
125.293488,-200.000,0.000000,0.000000,0.000,-17.014,-16.077,0.000000
125.727150,-200.000,0.000000,0.000000,0.000,-16.998,-16.062,0.000000
126.162369,-200.000,0.000000,0.000000,0.000,-16.981,-16.048,0.000000
126.599091,-200.000,0.000000,0.000000,0.000,-16.965,-16.033,0.000000
127.037331,-200.000,0.000000,0.000000,0.000,-16.949,-16.018,0.000000
127.477089,-200.000,0.000000,0.000000,0.000,-16.932,-16.004,0.000000
127.918365,-200.000,0.000000,0.000000,0.000,-16.916,-15.989,0.000000
128.361160,-200.000,0.000000,0.000000,0.000,-16.900,-15.974,0.000000
128.805511,-200.000,0.000000,0.000000,0.000,-16.883,-15.959,0.000000
129.251373,-200.000,0.000000,0.000000,0.000,-16.866,-15.944,0.000000
129.698792,-200.000,0.000000,0.000000,0.000,-16.850,-15.929,0.000000
130.147766,-200.000,0.000000,0.000000,0.000,-16.833,-15.914,0.000000
130.598282,-200.000,0.000000,0.000000,0.000,-16.816,-15.899,0.000000
131.050369,-200.000,0.000000,0.000000,0.000,-16.800,-15.884,0.000000
131.503952,-200.000,0.000000,0.000000,0.000,-16.783,-15.869,0.000000
131.959229,-200.000,0.000000,0.000000,0.000,-16.766,-15.853,0.000000
132.415955,-200.000,0.000000,0.000000,0.000,-16.749,-15.838,0.000000
132.874329,-200.000,0.000000,0.000000,0.000,-16.732,-15.823,0.000000
133.334290,-200.000,0.000000,0.000000,0.000,-16.715,-15.807,0.000000
133.795853,-200.000,0.000000,0.000000,0.000,-16.697,-15.792,0.000000
134.259003,-200.000,0.000000,0.000000,0.000,-16.680,-15.776,0.000000
134.723755,-200.000,0.000000,0.000000,0.000,-16.663,-15.760,0.000000
135.190109,-200.000,0.000000,0.000000,0.000,-16.646,-15.745,0.000000
135.658081,-200.000,0.000000,0.000000,0.000,-16.628,-15.729,0.000000
136.127686,-200.000,0.000000,0.000000,0.000,-16.611,-15.713,0.000000
136.598907,-200.000,0.000000,0.000000,0.000,-16.593,-15.698,0.000000
137.071762,-200.000,0.000000,0.000000,0.000,-16.576,-15.682,0.000000
137.546249,-200.000,0.000000,0.000000,0.000,-16.558,-15.666,0.000000
138.022385,-200.000,0.000000,0.000000,0.000,-16.540,-15.650,0.000000
138.500092,-200.000,0.000000,0.000000,0.000,-16.523,-15.634,0.000000
138.979599,-200.000,0.000000,0.000000,0.000,-16.505,-15.618,0.000000
139.460617,-200.000,0.000000,0.000000,0.000,-16.487,-15.602,0.000000
139.943375,-200.000,0.000000,0.000000,0.000,-16.469,-15.585,0.000000
140.427811,-200.000,0.000000,0.000000,0.000,-16.451,-15.569,0.000000
140.913925,-200.000,0.000000,0.000000,0.000,-16.433,-15.553,0.000000
141.401703,-200.000,0.000000,0.000000,0.000,-16.415,-15.536,0.000000
141.891190,-200.000,0.000000,0.000000,0.000,-16.396,-15.520,0.000000
142.382355,-200.000,0.000000,0.000000,0.000,-16.378,-15.503,0.000000
142.875229,-200.000,0.000000,0.000000,0.000,-16.360,-15.487,0.000000
143.369812,-200.000,0.000000,0.000000,0.000,-16.341,-15.470,0.000000
143.866104,-200.000,0.000000,0.000000,0.000,-16.323,-15.454,0.000000
144.364120,-200.000,0.000000,0.000000,0.000,-16.304,-15.437,0.000000
144.863785,-200.000,0.000000,0.000000,0.000,-16.286,-15.420,0.000000
145.365311,-200.000,0.000000,0.000000,0.000,-16.267,-15.403,0.000000
145.868439,-200.000,0.000000,0.000000,0.000,-16.249,-15.387,0.000000
146.373383,-200.000,0.000000,0.000000,0.000,-16.230,-15.370,0.000000
146.880066,-200.000,0.000000,0.000000,0.000,-16.211,-15.353,0.000000
147.388504,-200.000,0.000000,0.000000,0.000,-16.192,-15.336,0.000000
147.898712,-200.000,0.000000,0.000000,0.000,-16.173,-15.318,0.000000
148.410675,-200.000,0.000000,0.000000,0.000,-16.154,-15.301,0.000000
148.924423,-200.000,0.000000,0.000000,0.000,-16.135,-15.284,0.000000
149.439941,-200.000,0.000000,0.000000,0.000,-16.116,-15.267,0.000000
149.957245,-200.000,0.000000,0.000000,0.000,-16.097,-15.249,0.000000
150.476334,-200.000,0.000000,0.000000,0.000,-16.077,-15.232,0.000000
150.997238,-200.000,0.000000,0.000000,0.000,-16.058,-15.214,0.000000
151.519852,-200.000,0.000000,0.000000,0.000,-16.038,-15.197,0.000000
152.044434,-200.000,0.000000,0.000000,0.000,-16.019,-15.179,0.000000
152.570679,-200.000,0.000000,0.000000,0.000,-15.999,-15.162,0.000000
153.098892,-200.000,0.000000,0.000000,0.000,-15.980,-15.144,0.000000
153.628784,-200.000,0.000000,0.000000,0.000,-15.960,-15.126,0.000000
154.160660,-200.000,0.000000,0.000000,0.000,-15.940,-15.108,0.000000
154.694229,-200.000,0.000000,0.000000,0.000,-15.920,-15.090,0.000000
155.229797,-200.000,0.000000,0.000000,0.000,-15.900,-15.072,0.000000
155.767075,-200.000,0.000000,0.000000,0.000,-15.880,-15.054,0.000000
156.306274,-200.000,0.000000,0.000000,0.000,-15.860,-15.036,0.000000
156.847351,-200.000,0.000000,0.000000,0.000,-15.840,-15.018,0.000000
157.390305,-200.000,0.000000,0.000000,0.000,-15.820,-15.000,0.000000
157.935120,-200.000,0.000000,0.000000,0.000,-15.800,-14.982,0.000000
158.481750,-200.000,0.000000,0.000000,0.000,-15.780,-14.963,0.000000
159.030441,-200.000,0.000000,0.000000,0.000,-15.759,-14.945,0.000000
159.580856,-200.000,0.000000,0.000000,0.000,-15.739,-14.926,0.000000
160.133347,-200.000,0.000000,0.000000,0.000,-15.718,-14.908,0.000000
160.687592,-200.000,0.000000,0.000000,0.000,-15.697,-14.889,0.000000
161.243912,-200.000,0.000000,0.000000,0.000,-15.677,-14.871,0.000000
161.801987,-200.000,0.000000,0.000000,0.000,-15.656,-14.852,0.000000
162.362167,-200.000,0.000000,0.000000,0.000,-15.635,-14.833,0.000000
162.924133,-200.000,0.000000,0.000000,0.000,-15.614,-14.814,0.000000
163.488113,-200.000,0.000000,0.000000,0.000,-15.593,-14.795,0.000000
164.054047,-200.000,0.000000,0.000000,0.000,-15.572,-14.776,0.000000
164.621933,-200.000,0.000000,0.000000,0.000,-15.551,-14.757,0.000000
165.191788,-200.000,0.000000,0.000000,0.000,-15.530,-14.738,0.000000
165.763535,-200.000,0.000000,0.000000,0.000,-15.509,-14.719,0.000000
166.337433,-200.000,0.000000,0.000000,0.000,-15.487,-14.700,0.000000
166.913147,-200.000,0.000000,0.000000,0.000,-15.466,-14.680,0.000000
167.491013,-200.000,0.000000,0.000000,0.000,-15.444,-14.661,0.000000
168.070801,-200.000,0.000000,0.000000,0.000,-15.423,-14.642,0.000000
168.652603,-200.000,0.000000,0.000000,0.000,-15.401,-14.622,0.000000
169.236328,-200.000,0.000000,0.000000,0.000,-15.380,-14.602,0.000000
169.822250,-200.000,0.000000,0.000000,0.000,-15.358,-14.583,0.000000
170.410019,-200.000,0.000000,0.000000,0.000,-15.336,-14.563,0.000000
170.999924,-200.000,0.000000,0.000000,0.000,-15.314,-14.543,0.000000
171.591858,-200.000,0.000000,0.000000,0.000,-15.292,-14.523,0.000000
172.185837,-200.000,0.000000,0.000000,0.000,-15.270,-14.503,0.000000
172.781876,-200.000,0.000000,0.000000,0.000,-15.248,-14.483,0.000000
173.379990,-200.000,0.000000,0.000000,0.000,-15.225,-14.463,0.000000
173.980164,-200.000,0.000000,0.000000,0.000,-15.203,-14.443,0.000000
174.582336,-200.000,0.000000,0.000000,0.000,-15.181,-14.423,0.000000
175.186752,-200.000,0.000000,0.000000,0.000,-15.158,-14.403,0.000000
175.793182,-200.000,0.000000,0.000000,0.000,-15.136,-14.382,0.000000
176.401703,-200.000,0.000000,0.000000,0.000,-15.113,-14.362,0.000000
177.012253,-200.000,0.000000,0.000000,0.000,-15.090,-14.342,0.000000
177.625092,-200.000,0.000000,0.000000,0.000,-15.068,-14.321,0.000000
178.239883,-200.000,0.000000,0.000000,0.000,-15.045,-14.300,0.000000
178.856964,-200.000,0.000000,0.000000,0.000,-15.022,-14.280,0.000000
179.476013,-200.000,0.000000,0.000000,0.000,-14.999,-14.259,0.000000
180.097290,-200.000,0.000000,0.000000,0.000,-14.976,-14.238,0.000000
180.720718,-200.000,0.000000,0.000000,0.000,-14.953,-14.217,0.000000
181.346298,-200.000,0.000000,0.000000,0.000,-14.929,-14.196,0.000000
181.974045,-200.000,0.000000,0.000000,0.000,-14.906,-14.175,0.000000
182.603882,-200.000,0.000000,0.000000,0.000,-14.882,-14.154,0.000000
183.236084,-200.000,0.000000,0.000000,0.000,-14.859,-14.133,0.000000
183.870377,-200.000,0.000000,0.000000,0.000,-14.835,-14.111,0.000000
184.506866,-200.000,0.000000,0.000000,0.000,-14.812,-14.090,0.000000
185.145462,-200.000,0.000000,0.000000,0.000,-14.788,-14.069,0.000000
185.786453,-200.000,0.000000,0.000000,0.000,-14.764,-14.047,0.000000
186.429489,-200.000,0.000000,0.000000,0.000,-14.740,-14.026,0.000000
187.074921,-200.000,0.000000,0.000000,0.000,-14.716,-14.004,0.000000
187.722412,-200.000,0.000000,0.000000,0.000,-14.692,-13.982,0.000000
188.372238,-200.000,0.000000,0.000000,0.000,-14.668,-13.960,0.000000
189.024307,-200.000,0.000000,0.000000,0.000,-14.644,-13.938,0.000000
189.678650,-200.000,0.000000,0.000000,0.000,-14.619,-13.917,0.000000
190.335236,-200.000,0.000000,0.000000,0.000,-14.595,-13.894,0.000000
190.994110,-200.000,0.000000,0.000000,0.000,-14.570,-13.872,0.000000
191.655258,-200.000,0.000000,0.000000,0.000,-14.546,-13.850,0.000000
192.318695,-200.000,0.000000,0.000000,0.000,-14.521,-13.828,0.000000
192.984421,-200.000,0.000000,0.000000,0.000,-14.496,-13.806,0.000000
193.652374,-200.000,0.000000,0.000000,0.000,-14.472,-13.783,0.000000
194.322815,-200.000,0.000000,0.000000,0.000,-14.447,-13.761,0.000000
194.995392,-200.000,0.000000,0.000000,0.000,-14.422,-13.738,0.000000
195.670486,-200.000,0.000000,0.000000,0.000,-14.397,-13.715,0.000000
196.347733,-200.000,0.000000,0.000000,0.000,-14.371,-13.693,0.000000
197.027405,-200.000,0.000000,0.000000,0.000,-14.346,-13.670,0.000000
197.709442,-200.000,0.000000,0.000000,0.000,-14.321,-13.647,0.000000
198.393829,-200.000,0.000000,0.000000,0.000,-14.295,-13.624,0.000000
199.080597,-200.000,0.000000,0.000000,0.000,-14.270,-13.601,0.000000
199.769745,-200.000,0.000000,0.000000,0.000,-14.244,-13.578,0.000000
200.461258,-200.000,0.000000,0.000000,0.000,-14.218,-13.555,0.000000
201.155182,-200.000,0.000000,0.000000,0.000,-14.193,-13.531,0.000000
201.851501,-200.000,0.000000,0.000000,0.000,-14.167,-13.508,0.000000
202.550232,-200.000,0.000000,0.000000,0.000,-14.141,-13.485,0.000000
203.251389,-200.000,0.000000,0.000000,0.000,-14.115,-13.461,0.000000
203.954865,-200.000,0.000000,0.000000,0.000,-14.089,-13.437,0.000000
204.660980,-200.000,0.000000,0.000000,0.000,-14.062,-13.414,0.000000
205.369339,-200.000,0.000000,0.000000,0.000,-14.036,-13.390,0.000000
206.080246,-200.000,0.000000,0.000000,0.000,-14.009,-13.366,0.000000
206.793625,-200.000,0.000000,0.000000,0.000,-13.983,-13.342,0.000000
207.509567,-200.000,0.000000,0.000000,0.000,-13.956,-13.318,0.000000
208.227783,-200.000,0.000000,0.000000,0.000,-13.930,-13.294,0.000000
208.948685,-200.000,0.000000,0.000000,0.000,-13.903,-13.270,0.000000
209.671890,-200.000,0.000000,0.000000,0.000,-13.876,-13.246,0.000000
210.397690,-200.000,0.000000,0.000000,0.000,-13.849,-13.221,0.000000
211.126007,-200.000,0.000000,0.000000,0.000,-13.822,-13.197,0.000000
211.856842,-200.000,0.000000,0.000000,0.000,-13.795,-13.172,0.000000
212.590210,-200.000,0.000000,0.000000,0.000,-13.767,-13.148,0.000000
213.326019,-200.000,0.000000,0.000000,0.000,-13.740,-13.123,0.000000
214.064575,-200.000,0.000000,0.000000,0.000,-13.713,-13.098,0.000000
214.805481,-200.000,0.000000,0.000000,0.000,-13.685,-13.073,0.000000
215.549057,-200.000,0.000000,0.000000,0.000,-13.657,-13.048,0.000000
216.295197,-200.000,0.000000,0.000000,0.000,-13.630,-13.023,0.000000
217.044037,-200.000,0.000000,0.000000,0.000,-13.602,-12.998,0.000000
217.795258,-200.000,0.000000,0.000000,0.000,-13.574,-12.973,0.000000
218.549286,-200.000,0.000000,0.000000,0.000,-13.546,-12.948,0.000000
219.305710,-200.000,0.000000,0.000000,0.000,-13.518,-12.922,0.000000
220.064865,-200.000,0.000000,0.000000,0.000,-13.489,-12.897,0.000000
220.826645,-200.000,0.000000,0.000000,0.000,-13.461,-12.871,0.000000
221.591064,-200.000,0.000000,0.000000,0.000,-13.433,-12.846,0.000000
222.358124,-200.000,0.000000,0.000000,0.000,-13.404,-12.820,0.000000
223.127731,-200.000,0.000000,0.000000,0.000,-13.376,-12.794,0.000000
223.900223,-200.000,0.000000,0.000000,0.000,-13.347,-12.768,0.000000
224.675171,-200.000,0.000000,0.000000,0.000,-13.318,-12.742,0.000000
225.453018,-200.000,0.000000,0.000000,0.000,-13.289,-12.716,0.000000
226.233337,-200.000,0.000000,0.000000,0.000,-13.260,-12.690,0.000000
227.016586,-200.000,0.000000,0.000000,0.000,-13.231,-12.664,0.000000
227.802322,-200.000,0.000000,0.000000,0.000,-13.202,-12.637,0.000000
228.590988,-200.000,0.000000,0.000000,0.000,-13.172,-12.611,0.000000
229.382187,-200.000,0.000000,0.000000,0.000,-13.143,-12.584,0.000000
230.176208,-200.000,0.000000,0.000000,0.000,-13.113,-12.558,0.000000
230.972992,-200.000,0.000000,0.000000,0.000,-13.084,-12.531,0.000000
231.772537,-200.000,0.000000,0.000000,0.000,-13.054,-12.504,0.000000
232.574844,-200.000,0.000000,0.000000,0.000,-13.024,-12.477,0.000000
233.379822,-200.000,0.000000,0.000000,0.000,-12.994,-12.450,0.000000
234.187805,-200.000,0.000000,0.000000,0.000,-12.964,-12.423,0.000000
234.998352,-200.000,0.000000,0.000000,0.000,-12.934,-12.396,0.000000
235.811935,-200.000,0.000000,0.000000,0.000,-12.904,-12.369,0.000000
236.628113,-200.000,0.000000,0.000000,0.000,-12.874,-12.341,0.000000
237.447342,-200.000,0.000000,0.000000,0.000,-12.843,-12.314,0.000000
238.269180,-200.000,0.000000,0.000000,0.000,-12.812,-12.286,0.000000
239.094101,-200.000,0.000000,0.000000,0.000,-12.782,-12.258,0.000000
239.921631,-200.000,0.000000,0.000000,0.000,-12.751,-12.231,0.000000
240.752151,-200.000,0.000000,0.000000,0.000,-12.720,-12.203,0.000000
241.585541,-200.000,0.000000,0.000000,0.000,-12.689,-12.175,0.000000
242.421814,-200.000,0.000000,0.000000,0.000,-12.658,-12.147,0.000000
243.260986,-200.000,0.000000,0.000000,0.000,-12.627,-12.119,0.000000
244.102951,-200.000,0.000000,0.000000,0.000,-12.596,-12.090,0.000000
244.948059,-200.000,0.000000,0.000000,0.000,-12.564,-12.062,0.000000
245.795975,-200.000,0.000000,0.000000,0.000,-12.533,-12.034,0.000000
246.646820,-200.000,0.000000,0.000000,0.000,-12.501,-12.005,0.000000
247.500626,-200.000,0.000000,0.000000,0.000,-12.469,-11.976,0.000000
248.357376,-200.000,0.000000,0.000000,0.000,-12.437,-11.948,0.000000
249.216980,-200.000,0.000000,0.000000,0.000,-12.405,-11.919,0.000000
250.079788,-200.000,0.000000,0.000000,0.000,-12.377,-11.893,0.000000
250.945343,-200.000,0.000000,0.000000,0.000,-12.381,-11.896,0.000000
251.814026,-200.000,0.000000,0.000000,0.000,-12.386,-11.900,0.000000
252.685715,-200.000,0.000000,0.000000,0.000,-12.390,-11.904,0.000000
253.560410,-200.000,0.000000,0.000000,0.000,-12.395,-11.908,0.000000
254.438141,-200.000,0.000000,0.000000,0.000,-12.399,-11.911,0.000000
255.318909,-200.000,0.000000,0.000000,0.000,-12.404,-11.915,0.000000
256.202728,-200.000,0.000000,0.000000,0.000,-12.409,-11.919,0.000000
257.089600,-200.000,0.000000,0.000000,0.000,-12.413,-11.922,0.000000
257.979553,-200.000,0.000000,0.000000,0.000,-12.418,-11.926,0.000000
258.872559,-200.000,0.000000,0.000000,0.000,-12.423,-11.930,0.000000
259.768677,-200.000,0.000000,0.000000,0.000,-12.427,-11.934,0.000000
260.667786,-200.000,0.000000,0.000000,0.000,-12.432,-11.938,0.000000
261.570251,-200.000,0.000000,0.000000,0.000,-12.437,-11.941,0.000000
262.475555,-200.000,0.000000,0.000000,0.000,-12.441,-11.945,0.000000
263.384277,-200.000,0.000000,0.000000,0.000,-12.446,-11.949,0.000000
264.295898,-200.000,0.000000,0.000000,0.000,-12.451,-11.953,0.000000
265.210785,-200.000,0.000000,0.000000,0.000,-12.456,-11.957,0.000000
266.128845,-200.000,0.000000,0.000000,0.000,-12.461,-11.961,0.000000
267.050201,-200.000,0.000000,0.000000,0.000,-12.465,-11.965,0.000000
267.974518,-200.000,0.000000,0.000000,0.000,-12.470,-11.969,0.000000
268.902130,-200.000,0.000000,0.000000,0.000,-12.475,-11.972,0.000000
269.832977,-200.000,0.000000,0.000000,0.000,-12.480,-11.976,0.000000
270.767029,-200.000,0.000000,0.000000,0.000,-12.485,-11.980,0.000000
271.704315,-200.000,0.000000,0.000000,0.000,-12.490,-11.984,0.000000
272.644714,-200.000,0.000000,0.000000,0.000,-12.495,-11.988,0.000000
273.588654,-200.000,0.000000,0.000000,0.000,-12.500,-11.992,0.000000
274.535583,-200.000,0.000000,0.000000,0.000,-12.505,-11.996,0.000000
275.486053,-200.000,0.000000,0.000000,0.000,-12.510,-12.000,0.000000
276.439545,-200.000,0.000000,0.000000,0.000,-12.515,-12.004,0.000000
277.396454,-200.000,0.000000,0.000000,0.000,-12.520,-12.008,0.000000
278.356689,-200.000,0.000000,0.000000,0.000,-12.525,-12.012,0.000000
279.320404,-200.000,0.000000,0.000000,0.000,-12.530,-12.017,0.000000
280.287170,-200.000,0.000000,0.000000,0.000,-12.535,-12.021,0.000000
281.257416,-200.000,0.000000,0.000000,0.000,-12.540,-12.025,0.000000
282.231018,-200.000,0.000000,0.000000,0.000,-12.545,-12.029,0.000000
283.207977,-200.000,0.000000,0.000000,0.000,-12.550,-12.033,0.000000
284.188354,-200.000,0.000000,0.000000,0.000,-12.555,-12.037,0.000000
285.171967,-200.000,0.000000,0.000000,0.000,-12.560,-12.041,0.000000
286.159271,-200.000,0.000000,0.000000,0.000,-12.565,-12.045,0.000000
287.149689,-200.000,0.000000,0.000000,0.000,-12.571,-12.050,0.000000
288.143829,-200.000,0.000000,0.000000,0.000,-12.576,-12.054,0.000000
289.141144,-200.000,0.000000,0.000000,0.000,-12.581,-12.058,0.000000
290.142029,-200.000,0.000000,0.000000,0.000,-12.586,-12.062,0.000000
291.146393,-200.000,0.000000,0.000000,0.000,-12.591,-12.067,0.000000
292.154358,-200.000,0.000000,0.000000,0.000,-12.597,-12.071,0.000000
293.165558,-200.000,0.000000,0.000000,0.000,-12.602,-12.075,0.000000
294.180389,-200.000,0.000000,0.000000,0.000,-12.607,-12.079,0.000000
295.198730,-200.000,0.000000,0.000000,0.000,-12.613,-12.084,0.000000
296.220581,-200.000,0.000000,0.000000,0.000,-12.618,-12.088,0.000000
297.246002,-200.000,0.000000,0.000000,0.000,-12.623,-12.092,0.000000
298.274933,-200.000,0.000000,0.000000,0.000,-12.629,-12.097,0.000000
299.307465,-200.000,0.000000,0.000000,0.000,-12.634,-12.101,0.000000
300.343414,-200.000,0.000000,0.000000,0.000,-12.639,-12.106,0.000000
301.383209,-200.000,0.000000,0.000000,0.000,-12.645,-12.110,0.000000
302.426361,-200.000,0.000000,0.000000,0.000,-12.650,-12.114,0.000000
303.473389,-200.000,0.000000,0.000000,0.000,-12.656,-12.119,0.000000
304.523743,-200.000,0.000000,0.000000,0.000,-12.661,-12.123,0.000000
305.578033,-200.000,0.000000,0.000000,0.000,-12.667,-12.128,0.000000
306.635681,-200.000,0.000000,0.000000,0.000,-12.672,-12.132,0.000000
307.697266,-200.000,0.000000,0.000000,0.000,-12.678,-12.137,0.000000
308.762268,-200.000,0.000000,0.000000,0.000,-12.684,-12.141,0.000000
309.831085,-200.000,0.000000,0.000000,0.000,-12.689,-12.146,0.000000
310.903595,-200.000,0.000000,0.000000,0.000,-12.695,-12.150,0.000000
311.979828,-200.000,0.000000,0.000000,0.000,-12.700,-12.155,0.000000
313.059784,-200.000,0.000000,0.000000,0.000,-12.706,-12.159,0.000000
314.143311,-200.000,0.000000,0.000000,0.000,-12.712,-12.164,0.000000
315.230927,-200.000,0.000000,0.000000,0.000,-12.717,-12.169,0.000000
316.322113,-200.000,0.000000,0.000000,0.000,-12.723,-12.173,0.000000
317.417114,-200.000,0.000000,0.000000,0.000,-12.729,-12.178,0.000000
318.515747,-200.000,0.000000,0.000000,0.000,-12.735,-12.182,0.000000
319.618469,-200.000,0.000000,0.000000,0.000,-12.740,-12.187,0.000000
320.724701,-200.000,0.000000,0.000000,0.000,-12.746,-12.192,0.000000
321.835083,-200.000,0.000000,0.000000,0.000,-12.752,-12.196,0.000000
322.949005,-200.000,0.000000,0.000000,0.000,-12.758,-12.201,0.000000
324.066925,-200.000,0.000000,0.000000,0.000,-12.764,-12.206,0.000000
325.188721,-200.000,0.000000,0.000000,0.000,-12.769,-12.211,0.000000
326.314392,-200.000,0.000000,0.000000,0.000,-12.775,-12.215,0.000000
327.443970,-200.000,0.000000,0.000000,0.000,-12.781,-12.220,0.000000
328.577301,-200.000,0.000000,0.000000,0.000,-12.787,-12.225,0.000000
329.714874,-200.000,0.000000,0.000000,0.000,-12.793,-12.230,0.000000
330.856232,-200.000,0.000000,0.000000,0.000,-12.799,-12.235,0.000000
332.001526,-200.000,0.000000,0.000000,0.000,-12.805,-12.239,0.000000
333.150635,-200.000,0.000000,0.000000,0.000,-12.811,-12.244,0.000000
334.304016,-200.000,0.000000,0.000000,0.000,-12.817,-12.249,0.000000
335.461090,-200.000,0.000000,0.000000,0.000,-12.823,-12.254,0.000000
336.622498,-200.000,0.000000,0.000000,0.000,-12.829,-12.259,0.000000
337.787598,-200.000,0.000000,0.000000,0.000,-12.835,-12.264,0.000000
338.956879,-200.000,0.000000,0.000000,0.000,-12.841,-12.269,0.000000
340.130219,-200.000,0.000000,0.000000,0.000,-12.848,-12.274,0.000000
341.307617,-200.000,0.000000,0.000000,0.000,-12.854,-12.279,0.000000
342.489105,-200.000,0.000000,0.000000,0.000,-12.860,-12.284,0.000000
343.674652,-200.000,0.000000,0.000000,0.000,-12.866,-12.289,0.000000
344.864319,-200.000,0.000000,0.000000,0.000,-12.872,-12.294,0.000000
346.058105,-200.000,0.000000,0.000000,0.000,-12.879,-12.299,0.000000
347.256042,-200.000,0.000000,0.000000,0.000,-12.885,-12.304,0.000000
348.457947,-200.000,0.000000,0.000000,0.000,-12.891,-12.309,0.000000
349.664337,-200.000,0.000000,0.000000,0.000,-12.897,-12.314,0.000000
350.874573,-200.000,0.000000,0.000000,0.000,-12.904,-12.319,0.000000
352.089325,-200.000,0.000000,0.000000,0.000,-12.910,-12.325,0.000000
353.307953,-200.000,0.000000,0.000000,0.000,-12.916,-12.330,0.000000
354.530975,-200.000,0.000000,0.000000,0.000,-12.923,-12.335,0.000000
355.758240,-200.000,0.000000,0.000000,0.000,-12.929,-12.340,0.000000
356.989716,-200.000,0.000000,0.000000,0.000,-12.936,-12.345,0.000000
358.225494,-200.000,0.000000,0.000000,0.000,-12.942,-12.350,0.000000
359.465515,-200.000,0.000000,0.000000,0.000,-12.949,-12.356,0.000000
360.709869,-200.000,0.000000,0.000000,0.000,-12.955,-12.361,0.000000
361.958496,-200.000,0.000000,0.000000,0.000,-12.962,-12.366,0.000000
363.211456,-200.000,0.000000,0.000000,0.000,-12.968,-12.372,0.000000
364.468750,-200.000,0.000000,0.000000,0.000,-12.975,-12.377,0.000000
365.730408,-200.000,0.000000,0.000000,0.000,-12.981,-12.382,0.000000
366.996246,-200.000,0.000000,0.000000,0.000,-12.988,-12.388,0.000000
368.266815,-200.000,0.000000,0.000000,0.000,-12.995,-12.393,0.000000
369.541443,-200.000,0.000000,0.000000,0.000,-13.001,-12.398,0.000000
370.820648,-20.745,-149.502365,0.000000,0.000,-13.008,-12.404,0.000000
372.104309,-22.334,-162.167297,0.000000,0.000,-13.015,-12.409,0.000000
373.392395,-24.137,136.846161,0.000000,0.000,-13.021,-12.415,0.000000
374.684937,-23.463,140.422531,0.000000,0.000,-13.028,-12.420,0.000000
375.982117,-22.392,114.962875,0.000000,0.000,-13.035,-12.426,0.000000
377.283447,-22.400,105.921654,0.000000,0.000,-13.042,-12.431,0.000000
378.589447,-22.689,90.495834,0.000000,0.000,-13.049,-12.437,0.000000
379.899994,-23.472,52.397930,0.000000,0.000,-13.055,-12.442,0.000000
381.215057,-23.922,66.491310,0.000000,0.000,-13.062,-12.448,0.000000
382.534668,-24.033,69.311081,0.000000,0.000,-13.069,-12.453,0.000000
383.858673,-24.433,79.804092,0.000000,0.000,-13.076,-12.459,0.000000
385.187622,-24.156,77.286705,0.000000,0.000,-13.083,-12.465,0.000000
386.520813,-24.612,103.862762,0.000000,0.000,-13.090,-12.470,0.000000
387.859009,-25.770,102.857559,0.000000,0.000,-13.097,-12.476,0.000000
389.201416,-25.544,109.554550,0.000000,0.000,-13.104,-12.482,0.000000
390.548889,-25.573,128.513443,0.000000,0.000,-13.111,-12.487,0.000000
391.900635,-25.730,138.584671,0.000000,0.000,-13.118,-12.493,0.000000
393.257416,-25.547,146.075317,0.000000,0.000,-13.125,-12.499,0.000000
394.618530,-26.561,157.985077,0.000000,0.000,-13.132,-12.504,0.000000
395.984558,-27.391,164.002136,0.000000,0.000,-13.140,-12.510,0.000000
397.355316,-27.674,147.541382,0.000000,0.000,-13.147,-12.516,0.000000
398.730804,-28.205,151.984741,0.000000,0.000,-13.154,-12.522,0.000000
400.111053,-29.759,-175.480484,0.000000,0.000,-13.161,-12.528,0.000000
401.495880,-30.151,-131.150116,0.000000,0.000,-13.168,-12.534,0.000000
402.885895,-31.484,-135.337036,0.000000,0.000,-13.176,-12.539,0.000000
404.280365,-31.848,-97.445358,0.000000,0.000,-13.183,-12.545,0.000000
405.679993,-32.487,-81.309311,0.000000,0.000,-13.190,-12.551,0.000000
407.084106,-32.776,-66.711884,0.000000,0.000,-13.198,-12.557,0.000000
408.493500,-33.612,-24.429337,0.000000,0.000,-13.205,-12.563,0.000000
409.907349,-34.106,-2.580255,0.000000,0.000,-13.212,-12.569,0.000000
411.326477,-33.833,9.463849,0.000000,0.000,-13.220,-12.575,0.000000
412.750122,-34.291,6.829079,0.000000,0.000,-13.227,-12.581,0.000000
414.178925,-34.589,-10.769817,0.000000,0.000,-13.235,-12.587,0.000000
415.612640,-36.583,-25.453775,0.000000,0.000,-13.242,-12.593,0.000000
417.051331,-37.694,-31.917673,0.000000,0.000,-13.250,-12.599,0.000000
418.494995,-38.438,-34.887127,0.000000,0.000,-13.257,-12.606,0.000000
419.943481,-39.248,-43.659004,0.000000,0.000,-13.265,-12.612,0.000000
421.397369,-40.173,-45.360813,0.000000,0.000,-13.272,-12.618,0.000000
422.855865,-40.823,-51.990448,0.000000,0.000,-13.280,-12.624,0.000000
424.319855,-43.530,-44.483994,0.000000,0.000,-13.288,-12.630,0.000000
425.788666,-45.030,-25.944054,0.000000,0.000,-13.295,-12.636,0.000000
427.262604,-45.732,47.354271,0.000000,0.000,-13.303,-12.643,0.000000
428.741394,-46.019,61.454132,0.000000,0.000,-13.311,-12.649,0.000000
430.225739,-46.636,68.085289,0.000000,0.000,-13.319,-12.655,0.000000
431.714813,-46.901,76.922050,0.000000,0.000,-13.326,-12.661,0.000000
433.209259,-48.595,54.016754,0.000000,0.000,-13.334,-12.668,0.000000
434.708862,-49.978,41.916538,0.000000,0.000,-13.342,-12.674,0.000000
436.213654,-54.136,2.846720,0.000000,0.000,-13.350,-12.681,0.000000
437.723663,-53.654,-17.137980,0.000000,0.000,-13.358,-12.687,0.000000
439.238892,-54.353,-22.898012,0.000000,0.000,-13.366,-12.693,0.000000
440.759369,-55.116,-15.249991,0.000000,0.000,-13.374,-12.700,0.000000
442.285095,-53.734,-15.821627,0.000000,0.000,-13.382,-12.706,0.000000
443.816132,-50.221,-24.061480,0.000000,0.000,-13.390,-12.713,0.000000
445.352448,-49.041,-36.752563,0.000000,0.000,-13.398,-12.719,0.000000
446.894073,-47.407,-58.155209,0.000000,0.000,-13.406,-12.726,0.000000
448.440857,-44.901,-76.202866,0.000000,0.000,-13.414,-12.732,0.000000
449.993408,-44.366,0.384510,0.000000,0.000,-13.422,-12.739,0.000000
451.550873,-44.129,-27.563959,0.000000,0.000,-13.430,-12.745,0.000000
453.114197,-43.682,-19.107092,0.000000,0.000,-13.438,-12.752,0.000000
454.682495,-41.311,-31.233351,0.000000,0.000,-13.447,-12.759,0.000000
456.256409,-40.708,64.148804,0.000000,0.000,-13.455,-12.765,0.000000
457.835815,-41.589,70.854523,0.000000,0.000,-13.463,-12.772,0.000000
459.420654,-40.679,89.723061,0.000000,0.000,-13.471,-12.779,0.000000
461.010986,-39.269,100.276695,0.000000,0.000,-13.480,-12.785,0.000000
462.606842,-37.455,88.043396,0.000000,0.000,-13.488,-12.792,0.000000
464.208221,-37.015,-17.041641,0.000000,0.000,-13.496,-12.799,0.000000
465.815125,-35.493,65.871735,0.000000,0.000,-13.505,-12.806,0.000000
467.427582,-34.844,168.631180,0.000000,0.000,-13.513,-12.813,0.000000
469.045410,-33.667,-102.754181,0.000000,0.000,-13.522,-12.819,0.000000
470.669312,-33.416,-89.281761,0.000000,0.000,-13.530,-12.826,0.000000
472.298340,-32.862,-69.491203,0.000000,0.000,-13.539,-12.833,0.000000
473.933502,-32.407,-30.404579,0.000000,0.000,-13.547,-12.840,0.000000
475.573853,-30.856,3.739708,0.000000,0.000,-13.556,-12.847,0.000000
477.220093,-31.003,43.887135,0.000000,0.000,-13.564,-12.854,0.000000
478.872040,-30.824,43.967342,0.000000,0.000,-13.573,-12.861,0.000000
480.529724,-30.122,57.126854,0.000000,0.000,-13.582,-12.868,0.000000
482.193146,-29.647,52.674835,0.000000,0.000,-13.590,-12.875,0.000000
483.862305,-28.731,67.150627,0.000000,0.000,-13.599,-12.882,0.000000
485.537262,-28.425,84.388496,0.000000,0.000,-13.608,-12.889,0.000000
487.217987,-27.548,88.574776,0.000000,0.000,-13.617,-12.896,0.000000
488.904541,-26.868,103.433029,0.000000,0.000,-13.625,-12.903,0.000000
490.596710,-25.454,112.948853,0.000000,0.000,-13.634,-12.911,0.000000
492.295197,-24.635,108.244362,0.000000,0.000,-13.643,-12.918,0.000000
493.999115,-23.779,73.779137,0.000000,0.000,-13.652,-12.925,0.000000
495.709381,-23.203,-108.724663,0.000000,0.000,-13.661,-12.932,0.000000
497.425110,-22.551,0.691930,0.000000,0.000,-13.670,-12.940,0.000000
499.147003,-22.124,23.006155,0.000000,0.000,-13.679,-12.947,0.000000
500.874847,-21.384,-13.350017,0.000000,0.000,-13.684,-12.951,0.000000
502.608917,-21.210,38.740177,0.000000,0.000,-13.684,-12.951,0.000000
504.348541,-21.645,32.779900,0.000000,0.000,-13.684,-12.951,0.000000
506.094391,-21.388,29.670021,0.000000,0.000,-13.685,-12.952,0.000000
507.846283,-20.091,59.282833,0.000000,0.000,-13.685,-12.952,0.000000
509.604279,-21.936,-34.271782,0.000000,0.000,-13.685,-12.952,0.000000
511.368317,-18.735,-75.527145,0.000000,0.000,-13.686,-12.952,0.000000
513.138489,-200.000,0.000000,0.000000,0.000,-13.686,-12.953,0.000000
514.914795,-200.000,0.000000,0.000000,0.000,-13.686,-12.953,0.000000
516.696960,-200.000,0.000000,0.000000,0.000,-13.687,-12.953,0.000000
518.485840,-200.000,0.000000,0.000000,0.000,-13.687,-12.954,0.000000
520.280334,-200.000,0.000000,0.000000,0.000,-13.687,-12.954,0.000000
522.081360,-200.000,0.000000,0.000000,0.000,-13.688,-12.954,0.000000
523.888611,-200.000,0.000000,0.000000,0.000,-13.688,-12.955,0.000000
525.702393,-200.000,0.000000,0.000000,0.000,-13.689,-12.955,0.000000
527.521912,-200.000,0.000000,0.000000,0.000,-13.689,-12.955,0.000000
529.348206,-200.000,0.000000,0.000000,0.000,-13.689,-12.956,0.000000
531.180359,-200.000,0.000000,0.000000,0.000,-13.690,-12.956,0.000000
533.019104,-200.000,0.000000,0.000000,0.000,-13.690,-12.956,0.000000
534.864258,-200.000,0.000000,0.000000,0.000,-13.690,-12.957,0.000000
536.715698,-200.000,0.000000,0.000000,0.000,-13.691,-12.957,0.000000
538.573608,-200.000,0.000000,0.000000,0.000,-13.691,-12.957,0.000000
540.437683,-200.000,0.000000,0.000000,0.000,-13.691,-12.958,0.000000
542.308777,-200.000,0.000000,0.000000,0.000,-13.692,-12.958,0.000000
544.185730,-200.000,0.000000,0.000000,0.000,-13.692,-12.958,0.000000
546.069763,-200.000,0.000000,0.000000,0.000,-13.693,-12.959,0.000000
547.959778,-200.000,0.000000,0.000000,0.000,-13.693,-12.959,0.000000
549.856873,-200.000,0.000000,0.000000,0.000,-13.693,-12.959,0.000000
551.760010,-200.000,0.000000,0.000000,0.000,-13.694,-12.960,0.000000
553.670288,-200.000,0.000000,0.000000,0.000,-13.694,-12.960,0.000000
555.586609,-200.000,0.000000,0.000000,0.000,-13.694,-12.960,0.000000
557.509827,-200.000,0.000000,0.000000,0.000,-13.695,-12.961,0.000000
559.439697,-200.000,0.000000,0.000000,0.000,-13.695,-12.961,0.000000
561.376282,-200.000,0.000000,0.000000,0.000,-13.696,-12.961,0.000000
563.319519,-200.000,0.000000,0.000000,0.000,-13.696,-12.962,0.000000
565.269287,-200.000,0.000000,0.000000,0.000,-13.696,-12.962,0.000000
567.226318,-200.000,0.000000,0.000000,0.000,-13.697,-12.962,0.000000
569.189514,-200.000,0.000000,0.000000,0.000,-13.697,-12.963,0.000000
571.160156,-200.000,0.000000,0.000000,0.000,-13.697,-12.963,0.000000
573.136963,-200.000,0.000000,0.000000,0.000,-13.698,-12.963,0.000000
575.121216,-200.000,0.000000,0.000000,0.000,-13.698,-12.964,0.000000
577.111816,-200.000,0.000000,0.000000,0.000,-13.699,-12.964,0.000000
579.109863,-200.000,0.000000,0.000000,0.000,-13.699,-12.964,0.000000
581.114197,-200.000,0.000000,0.000000,0.000,-13.699,-12.965,0.000000
583.125793,-200.000,0.000000,0.000000,0.000,-13.700,-12.965,0.000000
585.144348,-200.000,0.000000,0.000000,0.000,-13.700,-12.966,0.000000
587.169922,-200.000,0.000000,0.000000,0.000,-13.701,-12.966,0.000000
589.202454,-200.000,0.000000,0.000000,0.000,-13.701,-12.966,0.000000
591.241760,-200.000,0.000000,0.000000,0.000,-13.701,-12.967,0.000000
593.288696,-200.000,0.000000,0.000000,0.000,-13.702,-12.967,0.000000
595.342468,-200.000,0.000000,0.000000,0.000,-13.702,-12.967,0.000000
597.403320,-200.000,0.000000,0.000000,0.000,-13.703,-12.968,0.000000
599.471008,-200.000,0.000000,0.000000,0.000,-13.703,-12.968,0.000000
601.546448,-200.000,0.000000,0.000000,0.000,-13.703,-12.968,0.000000
603.628479,-200.000,0.000000,0.000000,0.000,-13.704,-12.969,0.000000
605.718262,-200.000,0.000000,0.000000,0.000,-13.704,-12.969,0.000000
607.814758,-200.000,0.000000,0.000000,0.000,-13.705,-12.970,0.000000
609.918762,-200.000,0.000000,0.000000,0.000,-13.705,-12.970,0.000000
612.030090,-200.000,0.000000,0.000000,0.000,-13.705,-12.970,0.000000
614.148682,-200.000,0.000000,0.000000,0.000,-13.706,-12.971,0.000000
616.274658,-200.000,0.000000,0.000000,0.000,-13.706,-12.971,0.000000
618.407654,-200.000,0.000000,0.000000,0.000,-13.707,-12.971,0.000000
620.548645,-200.000,0.000000,0.000000,0.000,-13.707,-12.972,0.000000
622.696716,-200.000,0.000000,0.000000,0.000,-13.708,-12.972,0.000000
624.852295,-200.000,0.000000,0.000000,0.000,-13.708,-12.973,0.000000
627.015259,-200.000,0.000000,0.000000,0.000,-13.708,-12.973,0.000000
629.185730,-200.000,0.000000,0.000000,0.000,-13.709,-12.973,0.000000
631.363464,-200.000,0.000000,0.000000,0.000,-13.709,-12.974,0.000000
633.549316,-200.000,0.000000,0.000000,0.000,-13.710,-12.974,0.000000
635.742126,-200.000,0.000000,0.000000,0.000,-13.710,-12.975,0.000000
637.942810,-200.000,0.000000,0.000000,0.000,-13.711,-12.975,0.000000
640.151123,-200.000,0.000000,0.000000,0.000,-13.711,-12.975,0.000000
642.367065,-200.000,0.000000,0.000000,0.000,-13.711,-12.976,0.000000
644.590698,-200.000,0.000000,0.000000,0.000,-13.712,-12.976,0.000000
646.822327,-200.000,0.000000,0.000000,0.000,-13.712,-12.977,0.000000
649.061096,-200.000,0.000000,0.000000,0.000,-13.713,-12.977,0.000000
651.307861,-200.000,0.000000,0.000000,0.000,-13.713,-12.977,0.000000
653.562439,-200.000,0.000000,0.000000,0.000,-13.714,-12.978,0.000000
655.824829,-200.000,0.000000,0.000000,0.000,-13.714,-12.978,0.000000
658.095032,-200.000,0.000000,0.000000,0.000,-13.715,-12.979,0.000000
660.372803,-200.000,0.000000,0.000000,0.000,-13.715,-12.979,0.000000
662.659058,-200.000,0.000000,0.000000,0.000,-13.715,-12.979,0.000000
664.952637,-200.000,0.000000,0.000000,0.000,-13.716,-12.980,0.000000
667.254761,-200.000,0.000000,0.000000,0.000,-13.716,-12.980,0.000000
669.564209,-200.000,0.000000,0.000000,0.000,-13.717,-12.981,0.000000
671.882019,-200.000,0.000000,0.000000,0.000,-13.717,-12.981,0.000000
674.207764,-200.000,0.000000,0.000000,0.000,-13.718,-12.981,0.000000
676.541992,-200.000,0.000000,0.000000,0.000,-13.718,-12.982,0.000000
678.883545,-200.000,0.000000,0.000000,0.000,-13.719,-12.982,0.000000
681.233582,-200.000,0.000000,0.000000,0.000,-13.719,-12.983,0.000000
683.591797,-200.000,0.000000,0.000000,0.000,-13.720,-12.983,0.000000
685.958130,-200.000,0.000000,0.000000,0.000,-13.720,-12.983,0.000000
688.332642,-200.000,0.000000,0.000000,0.000,-13.720,-12.984,0.000000
690.715027,-200.000,0.000000,0.000000,0.000,-13.721,-12.984,0.000000
693.106384,-200.000,0.000000,0.000000,0.000,-13.721,-12.985,0.000000
695.505310,-200.000,0.000000,0.000000,0.000,-13.722,-12.985,0.000000
697.913208,-200.000,0.000000,0.000000,0.000,-13.722,-12.986,0.000000
700.328796,-200.000,0.000000,0.000000,0.000,-13.723,-12.986,0.000000
702.753052,-200.000,0.000000,0.000000,0.000,-13.723,-12.986,0.000000
705.185730,-200.000,0.000000,0.000000,0.000,-13.724,-12.987,0.000000
707.627136,-200.000,0.000000,0.000000,0.000,-13.724,-12.987,0.000000
710.076355,-200.000,0.000000,0.000000,0.000,-13.725,-12.988,0.000000
712.534363,-200.000,0.000000,0.000000,0.000,-13.725,-12.988,0.000000
715.000854,-200.000,0.000000,0.000000,0.000,-13.726,-12.989,0.000000
717.475891,-200.000,0.000000,0.000000,0.000,-13.726,-12.989,0.000000
719.959534,-200.000,0.000000,0.000000,0.000,-13.727,-12.990,0.000000
722.451416,-200.000,0.000000,0.000000,0.000,-13.727,-12.990,0.000000
724.952637,-200.000,0.000000,0.000000,0.000,-13.728,-12.990,0.000000
727.461792,-200.000,0.000000,0.000000,0.000,-13.728,-12.991,0.000000
729.980347,-200.000,0.000000,0.000000,0.000,-13.729,-12.991,0.000000
732.506897,-200.000,0.000000,0.000000,0.000,-13.729,-12.992,0.000000
735.042908,-200.000,0.000000,0.000000,0.000,-13.730,-12.992,0.000000
737.586975,-200.000,0.000000,0.000000,0.000,-13.730,-12.993,0.000000
740.140564,-200.000,0.000000,0.000000,0.000,-13.731,-12.993,0.000000
742.702332,-200.000,0.000000,0.000000,0.000,-13.731,-12.994,0.000000
745.273254,-200.000,0.000000,0.000000,0.000,-13.732,-12.994,0.000000
747.853088,-200.000,0.000000,0.000000,0.000,-13.732,-12.994,0.000000
750.441895,-200.000,0.000000,0.000000,0.000,-13.733,-12.995,0.000000
753.039612,-200.000,0.000000,0.000000,0.000,-13.733,-12.995,0.000000
755.646362,-200.000,0.000000,0.000000,0.000,-13.734,-12.996,0.000000
758.262146,-200.000,0.000000,0.000000,0.000,-13.734,-12.996,0.000000
760.886597,-200.000,0.000000,0.000000,0.000,-13.735,-12.997,0.000000
763.520813,-200.000,0.000000,0.000000,0.000,-13.735,-12.997,0.000000
766.163818,-200.000,0.000000,0.000000,0.000,-13.736,-12.998,0.000000
768.816040,-200.000,0.000000,0.000000,0.000,-13.736,-12.998,0.000000
771.476990,-200.000,0.000000,0.000000,0.000,-13.737,-12.999,0.000000
774.147888,-200.000,0.000000,0.000000,0.000,-13.737,-12.999,0.000000
776.827332,-200.000,0.000000,0.000000,0.000,-13.738,-13.000,0.000000
779.516785,-200.000,0.000000,0.000000,0.000,-13.738,-13.000,0.000000
782.214844,-200.000,0.000000,0.000000,0.000,-13.739,-13.001,0.000000
784.922546,-200.000,0.000000,0.000000,0.000,-13.739,-13.001,0.000000
787.639648,-200.000,0.000000,0.000000,0.000,-13.740,-13.002,0.000000
790.366150,-200.000,0.000000,0.000000,0.000,-13.741,-13.002,0.000000
793.102112,-200.000,0.000000,0.000000,0.000,-13.741,-13.002,0.000000
795.847107,-200.000,0.000000,0.000000,0.000,-13.742,-13.003,0.000000
798.602417,-200.000,0.000000,0.000000,0.000,-13.742,-13.003,0.000000
801.366882,-200.000,0.000000,0.000000,0.000,-13.743,-13.004,0.000000
804.140930,-200.000,0.000000,0.000000,0.000,-13.743,-13.004,0.000000
806.924133,-25.029,-165.364792,0.000000,0.000,-13.744,-13.005,0.000000
809.717773,-26.122,-140.644516,0.000000,0.000,-13.744,-13.005,0.000000
812.520325,-26.026,-37.013115,0.000000,0.000,-13.745,-13.006,0.000000
815.333374,-26.663,58.227211,0.000000,0.000,-13.745,-13.006,0.000000
818.155334,-26.895,40.790005,0.000000,0.000,-13.746,-13.007,0.000000
820.987488,-27.401,-10.782784,0.000000,0.000,-13.747,-13.007,0.000000
823.829407,-27.624,-150.135101,0.000000,0.000,-13.747,-13.008,0.000000
826.681213,-28.119,-128.708633,0.000000,0.000,-13.748,-13.008,0.000000
829.542847,-29.175,-22.842295,0.000000,0.000,-13.748,-13.009,0.000000
832.414429,-29.448,44.603596,0.000000,0.000,-13.749,-13.009,0.000000
835.295898,-30.623,62.269672,0.000000,0.000,-13.749,-13.010,0.000000
838.187378,-32.106,57.738689,0.000000,0.000,-13.750,-13.010,0.000000
841.088867,-33.003,29.478937,0.000000,0.000,-13.750,-13.011,0.000000
844.000000,-34.310,41.012638,0.000000,0.000,-13.751,-13.012,0.000000
846.921997,-36.165,56.853207,0.000000,0.000,-13.752,-13.012,0.000000
849.853333,-37.304,51.255074,0.000000,0.000,-13.752,-13.013,0.000000
852.795593,-37.926,15.470653,0.000000,0.000,-13.753,-13.013,0.000000
855.747253,-39.090,162.200134,0.000000,0.000,-13.753,-13.014,0.000000
858.709534,-40.230,-134.548187,0.000000,0.000,-13.754,-13.014,0.000000
861.682068,-41.487,-128.656479,0.000000,0.000,-13.755,-13.015,0.000000
864.664856,-42.426,-128.769638,0.000000,0.000,-13.755,-13.015,0.000000
867.657959,-44.249,-117.904709,0.000000,0.000,-13.756,-13.016,0.000000
870.661499,-46.327,-96.423653,0.000000,0.000,-13.756,-13.016,0.000000
873.675354,-46.436,-86.449265,0.000000,0.000,-13.757,-13.017,0.000000
876.699707,-48.419,-62.814625,0.000000,0.000,-13.757,-13.017,0.000000
879.734497,-48.244,-42.602657,0.000000,0.000,-13.758,-13.018,0.000000
882.779419,-51.312,-37.845703,0.000000,0.000,-13.759,-13.018,0.000000
885.835632,-49.798,-50.400955,0.000000,0.000,-13.759,-13.019,0.000000
888.901672,-48.015,-35.421722,0.000000,0.000,-13.760,-13.020,0.000000
891.979126,-46.403,-22.904493,0.000000,0.000,-13.760,-13.020,0.000000
895.066406,-44.894,-7.110064,0.000000,0.000,-13.761,-13.021,0.000000
898.164734,-43.560,20.941690,0.000000,0.000,-13.762,-13.021,0.000000
901.273865,-42.583,-22.233452,0.000000,0.000,-13.762,-13.022,0.000000
904.393738,-40.024,-45.911392,0.000000,0.000,-13.763,-13.022,0.000000
907.524414,-38.680,-32.246452,0.000000,0.000,-13.764,-13.023,0.000000
910.665894,-37.164,-7.192841,0.000000,0.000,-13.764,-13.023,0.000000
913.818298,-35.870,6.477838,0.000000,0.000,-13.765,-13.024,0.000000
916.981567,-34.590,29.495962,0.000000,0.000,-13.765,-13.024,0.000000
920.155823,-33.465,2.532328,0.000000,0.000,-13.766,-13.025,0.000000
923.341003,-31.897,-17.737144,0.000000,0.000,-13.767,-13.026,0.000000
926.537292,-30.856,-7.679676,0.000000,0.000,-13.767,-13.026,0.000000
929.744141,-29.759,-15.739283,0.000000,0.000,-13.768,-13.027,0.000000
932.963013,-28.937,-2.592088,0.000000,0.000,-13.769,-13.027,0.000000
936.192139,-28.359,14.954839,0.000000,0.000,-13.769,-13.028,0.000000
939.432861,-27.448,59.572258,0.000000,0.000,-13.770,-13.028,0.000000
942.684814,-26.831,-5.932344,0.000000,0.000,-13.770,-13.029,0.000000
945.948486,-26.136,-35.093758,0.000000,0.000,-13.771,-13.030,0.000000
949.222534,-25.487,-33.114285,0.000000,0.000,-13.772,-13.030,0.000000
952.508850,-24.429,82.139679,0.000000,0.000,-13.772,-13.031,0.000000
955.805603,-21.905,-62.598976,0.000000,0.000,-13.773,-13.031,0.000000
959.114258,-200.000,0.000000,0.000000,0.000,-13.774,-13.032,0.000000
962.434326,-200.000,0.000000,0.000000,0.000,-13.774,-13.033,0.000000
965.765930,-200.000,0.000000,0.000000,0.000,-13.775,-13.033,0.000000
969.109009,-200.000,0.000000,0.000000,0.000,-13.776,-13.034,0.000000
972.463257,-200.000,0.000000,0.000000,0.000,-13.776,-13.034,0.000000
975.830017,-200.000,0.000000,0.000000,0.000,-13.777,-13.035,0.000000
979.207458,-200.000,0.000000,0.000000,0.000,-13.778,-13.036,0.000000
982.597595,-200.000,0.000000,0.000000,0.000,-13.778,-13.036,0.000000
985.998474,-200.000,0.000000,0.000000,0.000,-13.779,-13.037,0.000000
989.412109,-200.000,0.000000,0.000000,0.000,-13.780,-13.037,0.000000
992.836609,-200.000,0.000000,0.000000,0.000,-13.780,-13.038,0.000000
996.273926,-200.000,0.000000,0.000000,0.000,-13.781,-13.039,0.000000
999.722168,-200.000,0.000000,0.000000,0.000,-13.782,-13.039,0.000000
1003.182800,-200.000,0.000000,0.000000,0.000,-13.777,-13.035,0.000000
1006.655457,-200.000,0.000000,0.000000,0.000,-13.772,-13.031,0.000000
1010.140076,-200.000,0.000000,0.000000,0.000,-13.767,-13.026,0.000000
1013.636780,-200.000,0.000000,0.000000,0.000,-13.762,-13.022,0.000000
1017.145142,-200.000,0.000000,0.000000,0.000,-13.756,-13.017,0.000000
1020.666565,-200.000,0.000000,0.000000,0.000,-13.751,-13.013,0.000000
1024.199219,-200.000,0.000000,0.000000,0.000,-13.746,-13.008,0.000000
1027.745117,-200.000,0.000000,0.000000,0.000,-13.741,-13.004,0.000000
1031.302246,-200.000,0.000000,0.000000,0.000,-13.735,-12.999,0.000000
1034.872803,-200.000,0.000000,0.000000,0.000,-13.730,-12.995,0.000000
1038.454590,-200.000,0.000000,0.000000,0.000,-13.725,-12.990,0.000000
1042.049805,-200.000,0.000000,0.000000,0.000,-13.720,-12.986,0.000000
1045.656494,-200.000,0.000000,0.000000,0.000,-13.714,-12.981,0.000000
1049.276123,-200.000,0.000000,0.000000,0.000,-13.709,-12.976,0.000000
1052.908325,-200.000,0.000000,0.000000,0.000,-13.704,-12.972,0.000000
1056.553101,-200.000,0.000000,0.000000,0.000,-13.698,-12.967,0.000000
1060.210571,-200.000,0.000000,0.000000,0.000,-13.693,-12.962,0.000000
1063.880005,-200.000,0.000000,0.000000,0.000,-13.687,-12.958,0.000000
1067.563354,-200.000,0.000000,0.000000,0.000,-13.682,-12.953,0.000000
1071.258301,-200.000,0.000000,0.000000,0.000,-13.676,-12.948,0.000000
1074.967041,-200.000,0.000000,0.000000,0.000,-13.671,-12.944,0.000000
1078.688232,-200.000,0.000000,0.000000,0.000,-13.665,-12.939,0.000000
1082.422241,-200.000,0.000000,0.000000,0.000,-13.660,-12.934,0.000000
1086.168579,-200.000,0.000000,0.000000,0.000,-13.654,-12.929,0.000000
1089.929077,-200.000,0.000000,0.000000,0.000,-13.649,-12.924,0.000000
1093.701416,-200.000,0.000000,0.000000,0.000,-13.643,-12.920,0.000000
1097.487427,-200.000,0.000000,0.000000,0.000,-13.638,-12.915,0.000000
1101.286499,-200.000,0.000000,0.000000,0.000,-13.632,-12.910,0.000000
1105.098755,-200.000,0.000000,0.000000,0.000,-13.626,-12.905,0.000000
1108.924194,-200.000,0.000000,0.000000,0.000,-13.621,-12.900,0.000000
1112.762817,-200.000,0.000000,0.000000,0.000,-13.615,-12.895,0.000000
1116.614746,-200.000,0.000000,0.000000,0.000,-13.609,-12.890,0.000000
1120.480103,-200.000,0.000000,0.000000,0.000,-13.604,-12.885,0.000000
1124.358765,-200.000,0.000000,0.000000,0.000,-13.598,-12.881,0.000000
1128.250854,-200.000,0.000000,0.000000,0.000,-13.592,-12.876,0.000000
1132.156372,-200.000,0.000000,0.000000,0.000,-13.586,-12.871,0.000000
1136.075562,-200.000,0.000000,0.000000,0.000,-13.581,-12.866,0.000000
1140.007568,-200.000,0.000000,0.000000,0.000,-13.575,-12.861,0.000000
1143.953857,-200.000,0.000000,0.000000,0.000,-13.569,-12.856,0.000000
1147.913818,-200.000,0.000000,0.000000,0.000,-13.563,-12.850,0.000000
1151.887451,-200.000,0.000000,0.000000,0.000,-13.557,-12.845,0.000000
1155.874878,-200.000,0.000000,0.000000,0.000,-13.551,-12.840,0.000000
1159.876099,-200.000,0.000000,0.000000,0.000,-13.546,-12.835,0.000000
1163.891113,-200.000,0.000000,0.000000,0.000,-13.540,-12.830,0.000000
1167.920044,-200.000,0.000000,0.000000,0.000,-13.534,-12.825,0.000000
1171.962891,-200.000,0.000000,0.000000,0.000,-13.528,-12.820,0.000000
1176.019775,-200.000,0.000000,0.000000,0.000,-13.522,-12.815,0.000000
1180.090698,-200.000,0.000000,0.000000,0.000,-13.516,-12.809,0.000000
1184.175781,-200.000,0.000000,0.000000,0.000,-13.510,-12.804,0.000000
1188.274902,-200.000,0.000000,0.000000,0.000,-13.504,-12.799,0.000000
1192.388306,-200.000,0.000000,0.000000,0.000,-13.498,-12.794,0.000000
1196.515259,-200.000,0.000000,0.000000,0.000,-13.491,-12.788,0.000000
1200.657227,-200.000,0.000000,0.000000,0.000,-13.485,-12.783,0.000000
1204.813965,-200.000,0.000000,0.000000,0.000,-13.479,-12.778,0.000000
1208.984009,-200.000,0.000000,0.000000,0.000,-13.473,-12.773,0.000000
1213.169067,-200.000,0.000000,0.000000,0.000,-13.467,-12.767,0.000000
1217.368530,-200.000,0.000000,0.000000,0.000,-13.461,-12.762,0.000000
1221.582642,-200.000,0.000000,0.000000,0.000,-13.454,-12.756,0.000000
1225.811279,-200.000,0.000000,0.000000,0.000,-13.448,-12.751,0.000000
1230.054565,-200.000,0.000000,0.000000,0.000,-13.442,-12.746,0.000000
1234.311890,-200.000,0.000000,0.000000,0.000,-13.436,-12.740,0.000000
1238.585205,-200.000,0.000000,0.000000,0.000,-13.429,-12.735,0.000000
1242.872803,-200.000,0.000000,0.000000,0.000,-13.423,-12.729,0.000000
1247.175049,-200.000,0.000000,0.000000,0.000,-13.417,-12.724,0.000000
1251.492310,-200.000,0.000000,0.000000,0.000,-13.410,-12.718,0.000000
1255.823975,-200.000,0.000000,0.000000,0.000,-13.404,-12.713,0.000000
1260.171753,-200.000,0.000000,0.000000,0.000,-13.397,-12.707,0.000000
1264.533325,-200.000,0.000000,0.000000,0.000,-13.391,-12.702,0.000000
1268.911255,-200.000,0.000000,0.000000,0.000,-13.384,-12.696,0.000000
1273.303101,-200.000,0.000000,0.000000,0.000,-13.378,-12.690,0.000000
1277.710815,-200.000,0.000000,0.000000,0.000,-13.371,-12.685,0.000000
1282.133789,-200.000,0.000000,0.000000,0.000,-13.365,-12.679,0.000000
1286.572021,-200.000,0.000000,0.000000,0.000,-13.358,-12.674,0.000000
1291.025024,-200.000,0.000000,0.000000,0.000,-13.352,-12.668,0.000000
1295.494751,-200.000,0.000000,0.000000,0.000,-13.345,-12.662,0.000000
1299.979248,-200.000,0.000000,0.000000,0.000,-13.339,-12.656,0.000000
1304.479248,-200.000,0.000000,0.000000,0.000,-13.332,-12.651,0.000000
1308.994873,-200.000,0.000000,0.000000,0.000,-13.325,-12.645,0.000000
1313.525513,-200.000,0.000000,0.000000,0.000,-13.319,-12.639,0.000000
1318.072998,-200.000,0.000000,0.000000,0.000,-13.312,-12.633,0.000000
1322.635010,-200.000,0.000000,0.000000,0.000,-13.305,-12.627,0.000000
1327.214111,-200.000,0.000000,0.000000,0.000,-13.298,-12.622,0.000000
1331.807739,-200.000,0.000000,0.000000,0.000,-13.292,-12.616,0.000000
1336.417969,-200.000,0.000000,0.000000,0.000,-13.285,-12.610,0.000000
1341.044189,-200.000,0.000000,0.000000,0.000,-13.278,-12.604,0.000000
1345.686401,-200.000,0.000000,0.000000,0.000,-13.271,-12.598,0.000000
1350.344604,-200.000,0.000000,0.000000,0.000,-13.264,-12.592,0.000000
1355.018921,-200.000,0.000000,0.000000,0.000,-13.257,-12.586,0.000000
1359.709595,-200.000,0.000000,0.000000,0.000,-13.250,-12.580,0.000000
1364.416382,-200.000,0.000000,0.000000,0.000,-13.243,-12.574,0.000000
1369.139404,-200.000,0.000000,0.000000,0.000,-13.236,-12.568,0.000000
1373.878174,-200.000,0.000000,0.000000,0.000,-13.229,-12.562,0.000000
1378.634644,-200.000,0.000000,0.000000,0.000,-13.222,-12.556,0.000000
1383.406372,-200.000,0.000000,0.000000,0.000,-13.215,-12.550,0.000000
1388.195801,-200.000,0.000000,0.000000,0.000,-13.208,-12.544,0.000000
1393.000610,-200.000,0.000000,0.000000,0.000,-13.201,-12.538,0.000000
1397.822632,-200.000,0.000000,0.000000,0.000,-13.194,-12.532,0.000000
1402.661377,-200.000,0.000000,0.000000,0.000,-13.187,-12.525,0.000000
1407.516846,-200.000,0.000000,0.000000,0.000,-13.180,-12.519,0.000000
1412.389771,-200.000,0.000000,0.000000,0.000,-13.173,-12.513,0.000000
1417.278198,-200.000,0.000000,0.000000,0.000,-13.165,-12.507,0.000000
1422.184326,-200.000,0.000000,0.000000,0.000,-13.158,-12.500,0.000000
1427.107300,-200.000,0.000000,0.000000,0.000,-13.151,-12.494,0.000000
1432.047485,-200.000,0.000000,0.000000,0.000,-13.144,-12.488,0.000000
1437.004639,-200.000,0.000000,0.000000,0.000,-13.136,-12.482,0.000000
1441.979004,-200.000,0.000000,0.000000,0.000,-13.129,-12.475,0.000000
1446.969849,-200.000,0.000000,0.000000,0.000,-13.121,-12.469,0.000000
1451.979492,-200.000,0.000000,0.000000,0.000,-13.114,-12.462,0.000000
1457.005005,-200.000,0.000000,0.000000,0.000,-13.107,-12.456,0.000000
1462.048584,-200.000,0.000000,0.000000,0.000,-13.099,-12.450,0.000000
1467.109619,-200.000,0.000000,0.000000,0.000,-13.092,-12.443,0.000000
1472.188110,-200.000,0.000000,0.000000,0.000,-13.084,-12.437,0.000000
1477.285034,-200.000,0.000000,0.000000,0.000,-13.077,-12.430,0.000000
1482.398071,-200.000,0.000000,0.000000,0.000,-13.069,-12.424,0.000000
1487.529541,-200.000,0.000000,0.000000,0.000,-13.062,-12.417,0.000000
1492.678833,-200.000,0.000000,0.000000,0.000,-13.054,-12.410,0.000000
1497.845947,-200.000,0.000000,0.000000,0.000,-13.046,-12.404,0.000000
1503.030884,-200.000,0.000000,0.000000,0.000,-13.039,-12.397,0.000000
1508.233765,-200.000,0.000000,0.000000,0.000,-13.031,-12.391,0.000000
1513.453979,-200.000,0.000000,0.000000,0.000,-13.023,-12.384,0.000000
1518.693726,-200.000,0.000000,0.000000,0.000,-13.016,-12.377,0.000000
1523.950195,-200.000,0.000000,0.000000,0.000,-13.008,-12.371,0.000000
1529.226196,-200.000,0.000000,0.000000,0.000,-13.000,-12.364,0.000000
1534.519775,-200.000,0.000000,0.000000,0.000,-12.992,-12.357,0.000000
1539.831055,-200.000,0.000000,0.000000,0.000,-12.984,-12.350,0.000000
1545.161987,-200.000,0.000000,0.000000,0.000,-12.976,-12.344,0.000000
1550.510010,-200.000,0.000000,0.000000,0.000,-12.969,-12.337,0.000000
1555.877319,-200.000,0.000000,0.000000,0.000,-12.961,-12.330,0.000000
1561.263184,-200.000,0.000000,0.000000,0.000,-12.953,-12.323,0.000000
1566.667725,-200.000,0.000000,0.000000,0.000,-12.945,-12.316,0.000000
1572.090820,-200.000,0.000000,0.000000,0.000,-12.937,-12.309,0.000000
1577.532837,-200.000,0.000000,0.000000,0.000,-12.929,-12.302,0.000000
1582.992920,-200.000,0.000000,0.000000,0.000,-12.921,-12.295,0.000000
1588.473389,-200.000,0.000000,0.000000,0.000,-12.912,-12.288,0.000000
1593.971313,-200.000,0.000000,0.000000,0.000,-12.904,-12.281,0.000000
1599.489746,-200.000,0.000000,0.000000,0.000,-12.896,-12.274,0.000000
1605.026611,-200.000,0.000000,0.000000,0.000,-12.888,-12.267,0.000000
1610.581787,-200.000,0.000000,0.000000,0.000,-12.880,-12.260,0.000000
1616.157837,-200.000,0.000000,0.000000,0.000,-12.872,-12.253,0.000000
1621.751587,-200.000,0.000000,0.000000,0.000,-12.863,-12.246,0.000000
1627.366211,-200.000,0.000000,0.000000,0.000,-12.855,-12.239,0.000000
1632.998779,-200.000,0.000000,0.000000,0.000,-12.847,-12.231,0.000000
1638.651611,-200.000,0.000000,0.000000,0.000,-12.838,-12.224,0.000000
1644.323975,-200.000,0.000000,0.000000,0.000,-12.830,-12.217,0.000000
1650.015991,-200.000,0.000000,0.000000,0.000,-12.822,-12.210,0.000000
1655.726929,-200.000,0.000000,0.000000,0.000,-12.813,-12.202,0.000000
1661.459229,-200.000,0.000000,0.000000,0.000,-12.805,-12.195,0.000000
1667.209717,-200.000,0.000000,0.000000,0.000,-12.796,-12.188,0.000000
1672.981812,-200.000,0.000000,0.000000,0.000,-12.788,-12.180,0.000000
1678.772949,-200.000,0.000000,0.000000,0.000,-12.779,-12.173,0.000000
1684.583496,-200.000,0.000000,0.000000,0.000,-12.771,-12.166,0.000000
1690.415649,-200.000,0.000000,0.000000,0.000,-12.762,-12.158,0.000000
1696.266357,-200.000,0.000000,0.000000,0.000,-12.753,-12.151,0.000000
1702.139038,-200.000,0.000000,0.000000,0.000,-12.745,-12.143,0.000000
1708.030396,-200.000,0.000000,0.000000,0.000,-12.736,-12.136,0.000000
1713.942871,-200.000,0.000000,0.000000,0.000,-12.727,-12.128,0.000000
1719.875977,-200.000,0.000000,0.000000,0.000,-12.718,-12.121,0.000000
1725.829468,-200.000,0.000000,0.000000,0.000,-12.710,-12.113,0.000000
1731.802856,-200.000,0.000000,0.000000,0.000,-12.701,-12.105,0.000000
1737.798462,-200.000,0.000000,0.000000,0.000,-12.692,-12.098,0.000000
1743.814087,-200.000,0.000000,0.000000,0.000,-12.683,-12.090,0.000000
1749.850464,-200.000,0.000000,0.000000,0.000,-12.674,-12.082,0.000000
1755.907837,-200.000,0.000000,0.000000,0.000,-12.665,-12.075,0.000000
1761.985229,-200.000,0.000000,0.000000,0.000,-12.656,-12.067,0.000000
1768.085449,-200.000,0.000000,0.000000,0.000,-12.647,-12.059,0.000000
1774.204956,-200.000,0.000000,0.000000,0.000,-12.638,-12.051,0.000000
1780.347412,-200.000,0.000000,0.000000,0.000,-12.629,-12.043,0.000000
1786.509521,-200.000,0.000000,0.000000,0.000,-12.620,-12.036,0.000000
1792.693726,-200.000,0.000000,0.000000,0.000,-12.611,-12.028,0.000000
1798.899292,-200.000,0.000000,0.000000,0.000,-12.602,-12.020,0.000000
1805.126465,-200.000,0.000000,0.000000,0.000,-12.592,-12.012,0.000000
1811.375122,-200.000,0.000000,0.000000,0.000,-12.583,-12.004,0.000000
1817.645386,-200.000,0.000000,0.000000,0.000,-12.574,-11.996,0.000000
1823.937378,-200.000,0.000000,0.000000,0.000,-12.565,-11.988,0.000000
1830.251099,-200.000,0.000000,0.000000,0.000,-12.555,-11.980,0.000000
1836.586792,-200.000,0.000000,0.000000,0.000,-12.546,-11.972,0.000000
1842.943481,-200.000,0.000000,0.000000,0.000,-12.537,-11.964,0.000000
1849.323853,-200.000,0.000000,0.000000,0.000,-12.527,-11.955,0.000000
1855.724609,-200.000,0.000000,0.000000,0.000,-12.518,-11.947,0.000000
1862.149292,-200.000,0.000000,0.000000,0.000,-12.508,-11.939,0.000000
1868.594482,-200.000,0.000000,0.000000,0.000,-12.499,-11.931,0.000000
1875.062866,-200.000,0.000000,0.000000,0.000,-12.489,-11.923,0.000000
1881.553589,-200.000,0.000000,0.000000,0.000,-12.480,-11.914,0.000000
1888.066772,-200.000,0.000000,0.000000,0.000,-12.470,-11.906,0.000000
1894.603516,-200.000,0.000000,0.000000,0.000,-12.460,-11.898,0.000000
1901.161011,-200.000,0.000000,0.000000,0.000,-12.451,-11.889,0.000000
1907.742065,-200.000,0.000000,0.000000,0.000,-12.441,-11.881,0.000000
1914.345947,-200.000,0.000000,0.000000,0.000,-12.431,-11.872,0.000000
1920.972656,-200.000,0.000000,0.000000,0.000,-12.421,-11.864,0.000000
1927.622314,-200.000,0.000000,0.000000,0.000,-12.412,-11.855,0.000000
1934.295044,-200.000,0.000000,0.000000,0.000,-12.402,-11.847,0.000000
1940.989868,-200.000,0.000000,0.000000,0.000,-12.392,-11.838,0.000000
1947.709717,-200.000,0.000000,0.000000,0.000,-12.382,-11.830,0.000000
1954.451050,-200.000,0.000000,0.000000,0.000,-12.372,-11.821,0.000000
1961.216675,-200.000,0.000000,0.000000,0.000,-12.362,-11.813,0.000000
1968.005615,-200.000,0.000000,0.000000,0.000,-12.352,-11.804,0.000000
1974.818115,-200.000,0.000000,0.000000,0.000,-12.342,-11.795,0.000000
1981.655151,-200.000,0.000000,0.000000,0.000,-12.332,-11.786,0.000000
1988.513916,-200.000,0.000000,0.000000,0.000,-12.322,-11.778,0.000000
1995.397339,-200.000,0.000000,0.000000,0.000,-12.311,-11.769,0.000000
2002.304688,-200.000,0.000000,0.000000,0.000,-12.302,-11.760,0.000000
2009.235840,-200.000,0.000000,0.000000,0.000,-12.292,-11.752,0.000000
2016.191040,-200.000,0.000000,0.000000,0.000,-12.283,-11.743,0.000000
2023.170288,-200.000,0.000000,0.000000,0.000,-12.274,-11.735,0.000000
2030.172852,-200.000,0.000000,0.000000,0.000,-12.265,-11.726,0.000000
2037.201416,-200.000,0.000000,0.000000,0.000,-12.255,-11.718,0.000000
2044.252441,-200.000,0.000000,0.000000,0.000,-12.246,-11.709,0.000000
2051.329834,-200.000,0.000000,0.000000,0.000,-12.236,-11.701,0.000000
2058.430908,-200.000,0.000000,0.000000,0.000,-12.227,-11.692,0.000000
2065.555420,-200.000,0.000000,0.000000,0.000,-12.218,-11.684,0.000000
2072.706543,-200.000,0.000000,0.000000,0.000,-12.208,-11.675,0.000000
2079.880371,-200.000,0.000000,0.000000,0.000,-12.199,-11.666,0.000000
2087.080078,-200.000,0.000000,0.000000,0.000,-12.189,-11.657,0.000000
2094.304932,-200.000,0.000000,0.000000,0.000,-12.179,-11.649,0.000000
2101.554443,-200.000,0.000000,0.000000,0.000,-12.170,-11.640,0.000000
2108.829346,-200.000,0.000000,0.000000,0.000,-12.160,-11.631,0.000000
2116.129150,-200.000,0.000000,0.000000,0.000,-12.150,-11.622,0.000000
2123.453369,-200.000,0.000000,0.000000,0.000,-12.141,-11.613,0.000000
2130.804932,-200.000,0.000000,0.000000,0.000,-12.131,-11.604,0.000000
2138.180176,-200.000,0.000000,0.000000,0.000,-12.121,-11.595,0.000000
2145.582520,-200.000,0.000000,0.000000,0.000,-12.111,-11.586,0.000000
2153.009766,-200.000,0.000000,0.000000,0.000,-12.101,-11.577,0.000000
2160.461670,-200.000,0.000000,0.000000,0.000,-12.091,-11.568,0.000000
2167.941406,-200.000,0.000000,0.000000,0.000,-12.082,-11.559,0.000000
2175.445068,-200.000,0.000000,0.000000,0.000,-12.072,-11.550,0.000000
2182.976562,-200.000,0.000000,0.000000,0.000,-12.062,-11.541,0.000000
2190.532227,-200.000,0.000000,0.000000,0.000,-12.052,-11.532,0.000000
2198.114990,-200.000,0.000000,0.000000,0.000,-12.041,-11.523,0.000000
2205.723877,-200.000,0.000000,0.000000,0.000,-12.031,-11.513,0.000000
2213.359375,-200.000,0.000000,0.000000,0.000,-12.021,-11.504,0.000000
2221.020020,-200.000,0.000000,0.000000,0.000,-12.011,-11.495,0.000000
2228.709473,-200.000,0.000000,0.000000,0.000,-12.001,-11.485,0.000000
2236.423340,-200.000,0.000000,0.000000,0.000,-11.991,-11.476,0.000000
2244.166016,-200.000,0.000000,0.000000,0.000,-11.980,-11.467,0.000000
2251.934570,-200.000,0.000000,0.000000,0.000,-11.970,-11.457,0.000000
2259.728760,-200.000,0.000000,0.000000,0.000,-11.960,-11.448,0.000000
2267.552002,-200.000,0.000000,0.000000,0.000,-11.949,-11.438,0.000000
2275.400391,-200.000,0.000000,0.000000,0.000,-11.939,-11.429,0.000000
2283.278076,-200.000,0.000000,0.000000,0.000,-11.928,-11.419,0.000000
2291.180908,-200.000,0.000000,0.000000,0.000,-11.918,-11.410,0.000000
2299.112061,-200.000,0.000000,0.000000,0.000,-11.907,-11.400,0.000000
2307.070557,-200.000,0.000000,0.000000,0.000,-11.897,-11.390,0.000000
2315.056885,-200.000,0.000000,0.000000,0.000,-11.886,-11.381,0.000000
2323.069580,-200.000,0.000000,0.000000,0.000,-11.875,-11.371,0.000000
2331.112305,-200.000,0.000000,0.000000,0.000,-11.865,-11.361,0.000000
2339.181641,-200.000,0.000000,0.000000,0.000,-11.854,-11.351,0.000000
2347.279053,-200.000,0.000000,0.000000,0.000,-11.843,-11.342,0.000000
2355.404297,-200.000,0.000000,0.000000,0.000,-11.833,-11.332,0.000000
2363.556885,-200.000,0.000000,0.000000,0.000,-11.822,-11.322,0.000000
2371.739746,-200.000,0.000000,0.000000,0.000,-11.811,-11.312,0.000000
2379.948486,-200.000,0.000000,0.000000,0.000,-11.800,-11.302,0.000000
2388.188232,-200.000,0.000000,0.000000,0.000,-11.789,-11.292,0.000000
2396.454102,-200.000,0.000000,0.000000,0.000,-11.778,-11.282,0.000000
2404.749512,-200.000,0.000000,0.000000,0.000,-11.767,-11.272,0.000000
2413.073975,-200.000,0.000000,0.000000,0.000,-11.756,-11.262,0.000000
2421.427002,-200.000,0.000000,0.000000,0.000,-11.745,-11.252,0.000000
2429.809082,-200.000,0.000000,0.000000,0.000,-11.734,-11.241,0.000000
2438.220215,-200.000,0.000000,0.000000,0.000,-11.723,-11.231,0.000000
2446.660400,-200.000,0.000000,0.000000,0.000,-11.711,-11.221,0.000000
2455.129883,-200.000,0.000000,0.000000,0.000,-11.700,-11.211,0.000000
2463.628418,-200.000,0.000000,0.000000,0.000,-11.689,-11.200,0.000000
2472.155518,-200.000,0.000000,0.000000,0.000,-11.677,-11.190,0.000000
2480.714355,-200.000,0.000000,0.000000,0.000,-11.666,-11.180,0.000000
2489.300293,-200.000,0.000000,0.000000,0.000,-11.655,-11.169,0.000000
2497.918701,-200.000,0.000000,0.000000,0.000,-11.643,-11.159,0.000000
2506.564209,-200.000,0.000000,0.000000,0.000,-11.632,-11.148,0.000000
2515.240967,-200.000,0.000000,0.000000,0.000,-11.620,-11.138,0.000000
2523.947754,-200.000,0.000000,0.000000,0.000,-11.609,-11.127,0.000000
2532.684814,-200.000,0.000000,0.000000,0.000,-11.597,-11.117,0.000000
2541.453125,-200.000,0.000000,0.000000,0.000,-11.585,-11.106,0.000000
2550.249512,-200.000,0.000000,0.000000,0.000,-11.574,-11.095,0.000000
2559.077393,-200.000,0.000000,0.000000,0.000,-11.562,-11.085,0.000000
2567.936035,-200.000,0.000000,0.000000,0.000,-11.550,-11.074,0.000000
2576.825195,-200.000,0.000000,0.000000,0.000,-11.538,-11.063,0.000000
2585.745117,-200.000,0.000000,0.000000,0.000,-11.527,-11.052,0.000000
2594.696045,-200.000,0.000000,0.000000,0.000,-11.515,-11.041,0.000000
2603.676514,-200.000,0.000000,0.000000,0.000,-11.503,-11.030,0.000000
2612.690918,-200.000,0.000000,0.000000,0.000,-11.491,-11.019,0.000000
2621.733643,-200.000,0.000000,0.000000,0.000,-11.479,-11.008,0.000000
2630.809082,-200.000,0.000000,0.000000,0.000,-11.467,-10.997,0.000000
2639.916016,-200.000,0.000000,0.000000,0.000,-11.455,-10.986,0.000000
2649.054443,-200.000,0.000000,0.000000,0.000,-11.442,-10.975,0.000000
2658.225586,-200.000,0.000000,0.000000,0.000,-11.430,-10.964,0.000000
2667.426025,-200.000,0.000000,0.000000,0.000,-11.418,-10.953,0.000000
2676.659668,-200.000,0.000000,0.000000,0.000,-11.406,-10.942,0.000000
2685.925293,-200.000,0.000000,0.000000,0.000,-11.393,-10.931,0.000000
2695.222900,-200.000,0.000000,0.000000,0.000,-11.381,-10.919,0.000000
2704.552734,-200.000,0.000000,0.000000,0.000,-11.369,-10.908,0.000000
2713.914795,-200.000,0.000000,0.000000,0.000,-11.356,-10.897,0.000000
2723.308105,-200.000,0.000000,0.000000,0.000,-11.344,-10.885,0.000000
2732.736572,-200.000,0.000000,0.000000,0.000,-11.331,-10.874,0.000000
2742.194824,-200.000,0.000000,0.000000,0.000,-11.319,-10.862,0.000000
2751.688477,-200.000,0.000000,0.000000,0.000,-11.306,-10.851,0.000000
2761.212646,-200.000,0.000000,0.000000,0.000,-11.293,-10.839,0.000000
2770.770752,-200.000,0.000000,0.000000,0.000,-11.281,-10.828,0.000000
2780.363525,-200.000,0.000000,0.000000,0.000,-11.268,-10.816,0.000000
2789.986816,-200.000,0.000000,0.000000,0.000,-11.255,-10.804,0.000000
2799.644531,-200.000,0.000000,0.000000,0.000,-11.242,-10.793,0.000000
2809.335938,-200.000,0.000000,0.000000,0.000,-11.230,-10.781,0.000000
2819.060791,-200.000,0.000000,0.000000,0.000,-11.217,-10.769,0.000000
2828.819336,-200.000,0.000000,0.000000,0.000,-11.204,-10.757,0.000000
2838.611572,-200.000,0.000000,0.000000,0.000,-11.191,-10.745,0.000000
2848.436279,-200.000,0.000000,0.000000,0.000,-11.178,-10.733,0.000000
2858.297852,-200.000,0.000000,0.000000,0.000,-11.165,-10.721,0.000000
2868.190918,-200.000,0.000000,0.000000,0.000,-11.151,-10.709,0.000000
2878.120850,-200.000,0.000000,0.000000,0.000,-11.138,-10.697,0.000000
2888.083740,-200.000,0.000000,0.000000,0.000,-11.125,-10.685,0.000000
2898.079834,-200.000,0.000000,0.000000,0.000,-11.112,-10.673,0.000000
2908.113281,-200.000,0.000000,0.000000,0.000,-11.098,-10.661,0.000000
2918.178711,-200.000,0.000000,0.000000,0.000,-11.085,-10.649,0.000000
2928.281738,-200.000,0.000000,0.000000,0.000,-11.072,-10.636,0.000000
2938.416748,-200.000,0.000000,0.000000,0.000,-11.058,-10.624,0.000000
2948.588379,-200.000,0.000000,0.000000,0.000,-11.045,-10.612,0.000000
2958.795410,-200.000,0.000000,0.000000,0.000,-11.031,-10.599,0.000000
2969.037598,-200.000,0.000000,0.000000,0.000,-11.017,-10.587,0.000000
2979.313965,-200.000,0.000000,0.000000,0.000,-11.004,-10.574,0.000000
2989.629883,-200.000,0.000000,0.000000,0.000,-10.990,-10.562,0.000000
2999.974609,-200.000,0.000000,0.000000,0.000,-10.976,-10.549,0.000000
3010.360840,-200.000,0.000000,0.000000,0.000,-10.963,-10.537,0.000000
3020.782959,-200.000,0.000000,0.000000,0.000,-10.949,-10.524,0.000000
3031.238281,-200.000,0.000000,0.000000,0.000,-10.935,-10.511,0.000000
3041.732666,-200.000,0.000000,0.000000,0.000,-10.921,-10.499,0.000000
3052.260498,-200.000,0.000000,0.000000,0.000,-10.907,-10.486,0.000000
3062.827881,-200.000,0.000000,0.000000,0.000,-10.893,-10.473,0.000000
3073.428711,-200.000,0.000000,0.000000,0.000,-10.879,-10.460,0.000000
3084.066162,-200.000,0.000000,0.000000,0.000,-10.865,-10.447,0.000000
3094.743652,-200.000,0.000000,0.000000,0.000,-10.850,-10.434,0.000000
3105.457764,-200.000,0.000000,0.000000,0.000,-10.836,-10.421,0.000000
3116.206299,-200.000,0.000000,0.000000,0.000,-10.822,-10.408,0.000000
3126.991943,-200.000,0.000000,0.000000,0.000,-10.808,-10.395,0.000000
3137.817871,-200.000,0.000000,0.000000,0.000,-10.793,-10.382,0.000000
3148.681152,-200.000,0.000000,0.000000,0.000,-10.779,-10.369,0.000000
3159.579346,-200.000,0.000000,0.000000,0.000,-10.764,-10.356,0.000000
3170.515137,-200.000,0.000000,0.000000,0.000,-10.750,-10.342,0.000000
3181.491699,-200.000,0.000000,0.000000,0.000,-10.735,-10.329,0.000000
3192.503174,-200.000,0.000000,0.000000,0.000,-10.721,-10.316,0.000000
3203.555908,-200.000,0.000000,0.000000,0.000,-10.706,-10.302,0.000000
3214.644043,-200.000,0.000000,0.000000,0.000,-10.691,-10.289,0.000000
3225.773438,-200.000,0.000000,0.000000,0.000,-10.676,-10.275,0.000000
3236.938232,-200.000,0.000000,0.000000,0.000,-10.662,-10.262,0.000000
3248.141602,-200.000,0.000000,0.000000,0.000,-10.647,-10.248,0.000000
3259.386963,-200.000,0.000000,0.000000,0.000,-10.632,-10.235,0.000000
3270.671387,-200.000,0.000000,0.000000,0.000,-10.617,-10.221,0.000000
3281.991699,-200.000,0.000000,0.000000,0.000,-10.602,-10.207,0.000000
3293.351074,-200.000,0.000000,0.000000,0.000,-10.587,-10.193,0.000000
3304.752930,-200.000,0.000000,0.000000,0.000,-10.571,-10.179,0.000000
3316.194336,-200.000,0.000000,0.000000,0.000,-10.556,-10.166,0.000000
3327.672119,-200.000,0.000000,0.000000,0.000,-10.541,-10.152,0.000000
3339.189697,-200.000,0.000000,0.000000,0.000,-10.526,-10.138,0.000000
3350.750244,-200.000,0.000000,0.000000,0.000,-10.510,-10.124,0.000000
3362.347656,-200.000,0.000000,0.000000,0.000,-10.495,-10.110,0.000000
3373.985107,-200.000,0.000000,0.000000,0.000,-10.480,-10.095,0.000000
3385.666260,-200.000,0.000000,0.000000,0.000,-10.464,-10.081,0.000000
3397.387695,-200.000,0.000000,0.000000,0.000,-10.448,-10.067,0.000000
3409.146484,-200.000,0.000000,0.000000,0.000,-10.433,-10.053,0.000000
3420.946045,-200.000,0.000000,0.000000,0.000,-10.417,-10.038,0.000000
3432.789795,-200.000,0.000000,0.000000,0.000,-10.401,-10.024,0.000000
3444.674316,-200.000,0.000000,0.000000,0.000,-10.386,-10.010,0.000000
3456.596924,-200.000,0.000000,0.000000,0.000,-10.370,-9.995,0.000000
3468.560547,-200.000,0.000000,0.000000,0.000,-10.354,-9.981,0.000000
3480.569092,-200.000,0.000000,0.000000,0.000,-10.338,-9.966,0.000000
3492.615723,-200.000,0.000000,0.000000,0.000,-10.322,-9.951,0.000000
3504.707520,-200.000,0.000000,0.000000,0.000,-10.306,-9.937,0.000000
3516.837891,-200.000,0.000000,0.000000,0.000,-10.290,-9.922,0.000000
3529.013428,-200.000,0.000000,0.000000,0.000,-10.274,-9.907,0.000000
3541.228027,-200.000,0.000000,0.000000,0.000,-10.257,-9.892,0.000000
3553.484619,-200.000,0.000000,0.000000,0.000,-10.241,-9.878,0.000000
3565.787109,-200.000,0.000000,0.000000,0.000,-10.225,-9.863,0.000000
3578.132080,-200.000,0.000000,0.000000,0.000,-10.208,-9.848,0.000000
3590.516602,-200.000,0.000000,0.000000,0.000,-10.192,-9.833,0.000000
3602.943848,-200.000,0.000000,0.000000,0.000,-10.175,-9.818,0.000000
3615.417480,-200.000,0.000000,0.000000,0.000,-10.159,-9.802,0.000000
3627.934570,-200.000,0.000000,0.000000,0.000,-10.142,-9.787,0.000000
3640.491211,-200.000,0.000000,0.000000,0.000,-10.126,-9.772,0.000000
3653.091553,-200.000,0.000000,0.000000,0.000,-10.109,-9.757,0.000000
3665.739014,-200.000,0.000000,0.000000,0.000,-10.092,-9.741,0.000000
3678.426514,-200.000,0.000000,0.000000,0.000,-10.075,-9.726,0.000000
3691.161621,-200.000,0.000000,0.000000,0.000,-10.058,-9.711,0.000000
3703.937256,-200.000,0.000000,0.000000,0.000,-10.041,-9.695,0.000000
3716.760498,-200.000,0.000000,0.000000,0.000,-10.024,-9.679,0.000000
3729.628418,-200.000,0.000000,0.000000,0.000,-10.007,-9.664,0.000000
3742.533447,-200.000,0.000000,0.000000,0.000,-9.990,-9.648,0.000000
3755.490479,-200.000,0.000000,0.000000,0.000,-9.973,-9.632,0.000000
3768.492432,-200.000,0.000000,0.000000,0.000,-9.955,-9.617,0.000000
3781.535645,-200.000,0.000000,0.000000,0.000,-9.938,-9.601,0.000000
3794.624023,-200.000,0.000000,0.000000,0.000,-9.921,-9.585,0.000000
3807.761475,-200.000,0.000000,0.000000,0.000,-9.903,-9.569,0.000000
3820.940674,-200.000,0.000000,0.000000,0.000,-9.886,-9.553,0.000000
3834.169189,-200.000,0.000000,0.000000,0.000,-9.868,-9.537,0.000000
3847.439697,-200.000,0.000000,0.000000,0.000,-9.851,-9.521,0.000000
3860.760010,-200.000,0.000000,0.000000,0.000,-9.833,-9.505,0.000000
3874.126221,-200.000,0.000000,0.000000,0.000,-9.815,-9.488,0.000000
3887.531494,-200.000,0.000000,0.000000,0.000,-9.797,-9.472,0.000000
3900.990479,-200.000,0.000000,0.000000,0.000,-9.779,-9.456,0.000000
3914.496094,-200.000,0.000000,0.000000,0.000,-9.762,-9.439,0.000000
3928.048340,-200.000,0.000000,0.000000,0.000,-9.744,-9.423,0.000000
3941.640137,-200.000,0.000000,0.000000,0.000,-9.725,-9.407,0.000000
3955.286377,-200.000,0.000000,0.000000,0.000,-9.707,-9.390,0.000000
3968.979980,-200.000,0.000000,0.000000,0.000,-9.689,-9.373,0.000000
3982.717285,-200.000,0.000000,0.000000,0.000,-9.671,-9.357,0.000000
3996.501953,-200.000,0.000000,0.000000,0.000,-9.653,-9.340,0.000000
4010.338135,-200.000,0.000000,0.000000,0.000,-9.645,-9.333,0.000000
4024.218506,-200.000,0.000000,0.000000,0.000,-9.640,-9.328,0.000000
4038.150879,-200.000,0.000000,0.000000,0.000,-9.636,-9.324,0.000000
4052.127441,-200.000,0.000000,0.000000,0.000,-9.631,-9.320,0.000000
4066.156250,-200.000,0.000000,0.000000,0.000,-9.627,-9.316,0.000000
4080.233643,-200.000,0.000000,0.000000,0.000,-9.622,-9.311,0.000000
4094.352051,-200.000,0.000000,0.000000,0.000,-9.617,-9.307,0.000000
4108.526855,-200.000,0.000000,0.000000,0.000,-9.613,-9.303,0.000000
4122.750977,-200.000,0.000000,0.000000,0.000,-9.608,-9.298,0.000000
4137.020508,-200.000,0.000000,0.000000,0.000,-9.604,-9.294,0.000000
4151.339355,-200.000,0.000000,0.000000,0.000,-9.599,-9.290,0.000000
4165.711914,-200.000,0.000000,0.000000,0.000,-9.594,-9.285,0.000000
4180.133789,-200.000,0.000000,0.000000,0.000,-9.590,-9.281,0.000000
4194.601562,-200.000,0.000000,0.000000,0.000,-9.585,-9.276,0.000000
4209.120117,-200.000,0.000000,0.000000,0.000,-9.580,-9.272,0.000000
4223.692383,-200.000,0.000000,0.000000,0.000,-9.576,-9.268,0.000000
4238.314941,-200.000,0.000000,0.000000,0.000,-9.571,-9.263,0.000000
4252.980469,-200.000,0.000000,0.000000,0.000,-9.566,-9.259,0.000000
4267.704590,-200.000,0.000000,0.000000,0.000,-9.561,-9.254,0.000000
4282.479980,-200.000,0.000000,0.000000,0.000,-9.557,-9.250,0.000000
4297.306152,-200.000,0.000000,0.000000,0.000,-9.552,-9.245,0.000000
4312.175781,-200.000,0.000000,0.000000,0.000,-9.547,-9.241,0.000000
4327.104980,-200.000,0.000000,0.000000,0.000,-9.542,-9.236,0.000000
4342.085449,-200.000,0.000000,0.000000,0.000,-9.537,-9.231,0.000000
4357.114258,-200.000,0.000000,0.000000,0.000,-9.533,-9.227,0.000000
4372.194824,-200.000,0.000000,0.000000,0.000,-9.528,-9.222,0.000000
4387.331543,-200.000,0.000000,0.000000,0.000,-9.523,-9.218,0.000000
4402.520996,-200.000,0.000000,0.000000,0.000,-9.518,-9.213,0.000000
4417.758789,-200.000,0.000000,0.000000,0.000,-9.513,-9.208,0.000000
4433.049316,-200.000,0.000000,0.000000,0.000,-9.508,-9.204,0.000000
4448.396973,-200.000,0.000000,0.000000,0.000,-9.503,-9.199,0.000000
4463.797852,-200.000,0.000000,0.000000,0.000,-9.498,-9.194,0.000000
4479.243164,-200.000,0.000000,0.000000,0.000,-9.493,-9.190,0.000000
4494.750977,-200.000,0.000000,0.000000,0.000,-9.488,-9.185,0.000000
4510.312012,-200.000,0.000000,0.000000,0.000,-9.483,-9.180,0.000000
4525.922852,-200.000,0.000000,0.000000,0.000,-9.478,-9.175,0.000000
4541.587891,-200.000,0.000000,0.000000,0.000,-9.473,-9.171,0.000000
4557.311035,-200.000,0.000000,0.000000,0.000,-9.468,-9.166,0.000000
4573.088867,-200.000,0.000000,0.000000,0.000,-9.463,-9.161,0.000000
4588.916992,-200.000,0.000000,0.000000,0.000,-9.458,-9.156,0.000000
4604.799805,-200.000,0.000000,0.000000,0.000,-9.453,-9.151,0.000000
4620.742188,-200.000,0.000000,0.000000,0.000,-9.447,-9.147,0.000000
4636.739746,-200.000,0.000000,0.000000,0.000,-9.442,-9.142,0.000000
4652.788086,-200.000,0.000000,0.000000,0.000,-9.437,-9.137,0.000000
4668.892090,-200.000,0.000000,0.000000,0.000,-9.432,-9.132,0.000000
4685.056152,-200.000,0.000000,0.000000,0.000,-9.427,-9.127,0.000000
4701.276367,-200.000,0.000000,0.000000,0.000,-9.421,-9.122,0.000000
4717.543457,-200.000,0.000000,0.000000,0.000,-9.416,-9.117,0.000000
4733.875977,-200.000,0.000000,0.000000,0.000,-9.411,-9.112,0.000000
4750.265137,-200.000,0.000000,0.000000,0.000,-9.406,-9.107,0.000000
4766.706543,-200.000,0.000000,0.000000,0.000,-9.400,-9.102,0.000000
4783.209473,-200.000,0.000000,0.000000,0.000,-9.395,-9.097,0.000000
4799.764648,-200.000,0.000000,0.000000,0.000,-9.390,-9.092,0.000000
4816.381836,-200.000,0.000000,0.000000,0.000,-9.384,-9.087,0.000000
4833.052246,-200.000,0.000000,0.000000,0.000,-9.379,-9.082,0.000000
4849.779785,-200.000,0.000000,0.000000,0.000,-9.373,-9.077,0.000000
4866.570312,-200.000,0.000000,0.000000,0.000,-9.368,-9.072,0.000000
4883.418945,-200.000,0.000000,0.000000,0.000,-9.363,-9.067,0.000000
4900.316406,-200.000,0.000000,0.000000,0.000,-9.357,-9.061,0.000000
4917.281738,-200.000,0.000000,0.000000,0.000,-9.352,-9.056,0.000000
4934.305664,-200.000,0.000000,0.000000,0.000,-9.346,-9.051,0.000000
4951.388672,-200.000,0.000000,0.000000,0.000,-9.341,-9.046,0.000000
4968.521484,-200.000,0.000000,0.000000,0.000,-9.335,-9.041,0.000000
4985.723145,-200.000,0.000000,0.000000,0.000,-9.329,-9.035,0.000000
5002.984375,-200.000,0.000000,0.000000,0.000,-9.324,-9.030,0.000000
5020.300293,-200.000,0.000000,0.000000,0.000,-9.318,-9.025,0.000000
5037.681152,-200.000,0.000000,0.000000,0.000,-9.313,-9.020,0.000000
5055.117188,-200.000,0.000000,0.000000,0.000,-9.307,-9.014,0.000000
5072.618164,-200.000,0.000000,0.000000,0.000,-9.301,-9.009,0.000000
5090.175293,-200.000,0.000000,0.000000,0.000,-9.296,-9.004,0.000000
5107.792969,-200.000,0.000000,0.000000,0.000,-9.290,-8.998,0.000000
5125.477051,-200.000,0.000000,0.000000,0.000,-9.284,-8.993,0.000000
5143.221680,-200.000,0.000000,0.000000,0.000,-9.279,-8.987,0.000000
5161.018066,-200.000,0.000000,0.000000,0.000,-9.273,-8.982,0.000000
5178.886230,-200.000,0.000000,0.000000,0.000,-9.267,-8.977,0.000000
5196.815918,-200.000,0.000000,0.000000,0.000,-9.261,-8.971,0.000000
5214.802734,-200.000,0.000000,0.000000,0.000,-9.255,-8.966,0.000000
5232.856934,-200.000,0.000000,0.000000,0.000,-9.250,-8.960,0.000000
5250.968750,-200.000,0.000000,0.000000,0.000,-9.244,-8.955,0.000000
5269.147949,-200.000,0.000000,0.000000,0.000,-9.238,-8.949,0.000000
5287.385254,-200.000,0.000000,0.000000,0.000,-9.232,-8.943,0.000000
5305.685547,-200.000,0.000000,0.000000,0.000,-9.226,-8.938,0.000000
5324.054199,-200.000,0.000000,0.000000,0.000,-9.220,-8.932,0.000000
5342.486816,-200.000,0.000000,0.000000,0.000,-9.214,-8.927,0.000000
5360.978027,-200.000,0.000000,0.000000,0.000,-9.208,-8.921,0.000000
5379.532715,-200.000,0.000000,0.000000,0.000,-9.202,-8.915,0.000000
5398.157227,-200.000,0.000000,0.000000,0.000,-9.196,-8.910,0.000000
5416.846191,-200.000,0.000000,0.000000,0.000,-9.190,-8.904,0.000000
5435.594727,-200.000,0.000000,0.000000,0.000,-9.184,-8.898,0.000000
5454.408203,-200.000,0.000000,0.000000,0.000,-9.178,-8.893,0.000000
5473.291992,-200.000,0.000000,0.000000,0.000,-9.172,-8.887,0.000000
5492.235352,-200.000,0.000000,0.000000,0.000,-9.166,-8.881,0.000000
5511.250000,-200.000,0.000000,0.000000,0.000,-9.160,-8.875,0.000000
5530.325195,-200.000,0.000000,0.000000,0.000,-9.153,-8.869,0.000000
5549.472168,-200.000,0.000000,0.000000,0.000,-9.147,-8.864,0.000000
5568.679199,-200.000,0.000000,0.000000,0.000,-9.141,-8.858,0.000000
5587.953613,-200.000,0.000000,0.000000,0.000,-9.135,-8.852,0.000000
5607.299316,-200.000,0.000000,0.000000,0.000,-9.129,-8.846,0.000000
5626.712402,-200.000,0.000000,0.000000,0.000,-9.122,-8.840,0.000000
5646.181641,-200.000,0.000000,0.000000,0.000,-9.116,-8.834,0.000000
5665.729492,-200.000,0.000000,0.000000,0.000,-9.110,-8.828,0.000000
5685.344727,-200.000,0.000000,0.000000,0.000,-9.103,-8.822,0.000000
5705.027832,-200.000,0.000000,0.000000,0.000,-9.097,-8.816,0.000000
5724.773926,-200.000,0.000000,0.000000,0.000,-9.091,-8.810,0.000000
5744.587891,-200.000,0.000000,0.000000,0.000,-9.084,-8.804,0.000000
5764.476562,-200.000,0.000000,0.000000,0.000,-9.078,-8.798,0.000000
5784.428223,-200.000,0.000000,0.000000,0.000,-9.071,-8.792,0.000000
5804.448730,-200.000,0.000000,0.000000,0.000,-9.065,-8.786,0.000000
5824.544434,-200.000,0.000000,0.000000,0.000,-9.058,-8.780,0.000000
5844.709473,-200.000,0.000000,0.000000,0.000,-9.052,-8.774,0.000000
5864.938965,-200.000,0.000000,0.000000,0.000,-9.045,-8.768,0.000000
5885.238281,-200.000,0.000000,0.000000,0.000,-9.039,-8.761,0.000000
5905.613281,-200.000,0.000000,0.000000,0.000,-9.032,-8.755,0.000000
5926.059082,-200.000,0.000000,0.000000,0.000,-9.026,-8.749,0.000000
5946.570312,-200.000,0.000000,0.000000,0.000,-9.019,-8.743,0.000000
5967.151855,-200.000,0.000000,0.000000,0.000,-9.012,-8.736,0.000000
5987.811035,-200.000,0.000000,0.000000,0.000,-9.006,-8.730,0.000000
6008.535645,-200.000,0.000000,0.000000,0.000,-8.999,-8.724,0.000000
6029.337402,-200.000,0.000000,0.000000,0.000,-8.992,-8.717,0.000000
6050.206055,-200.000,0.000000,0.000000,0.000,-8.985,-8.711,0.000000
6071.152344,-200.000,0.000000,0.000000,0.000,-8.979,-8.705,0.000000
6092.165527,-200.000,0.000000,0.000000,0.000,-8.972,-8.698,0.000000
6113.251465,-200.000,0.000000,0.000000,0.000,-8.965,-8.692,0.000000
6134.416016,-200.000,0.000000,0.000000,0.000,-8.958,-8.685,0.000000
6155.653809,-200.000,0.000000,0.000000,0.000,-8.951,-8.679,0.000000
6176.959473,-200.000,0.000000,0.000000,0.000,-8.945,-8.672,0.000000
6198.338867,-200.000,0.000000,0.000000,0.000,-8.938,-8.666,0.000000
6219.797852,-200.000,0.000000,0.000000,0.000,-8.931,-8.659,0.000000
6241.331543,-200.000,0.000000,0.000000,0.000,-8.924,-8.653,0.000000
6262.933594,-200.000,0.000000,0.000000,0.000,-8.917,-8.646,0.000000
6284.610352,-200.000,0.000000,0.000000,0.000,-8.910,-8.640,0.000000
6306.368652,-200.000,0.000000,0.000000,0.000,-8.903,-8.633,0.000000
6328.195801,-200.000,0.000000,0.000000,0.000,-8.896,-8.626,0.000000
6350.104492,-200.000,0.000000,0.000000,0.000,-8.889,-8.620,0.000000
6372.083008,-200.000,0.000000,0.000000,0.000,-8.881,-8.613,0.000000
6394.143555,-200.000,0.000000,0.000000,0.000,-8.874,-8.606,0.000000
6416.274902,-200.000,0.000000,0.000000,0.000,-8.867,-8.600,0.000000
6438.482422,-200.000,0.000000,0.000000,0.000,-8.860,-8.593,0.000000
6460.772949,-200.000,0.000000,0.000000,0.000,-8.853,-8.586,0.000000
6483.140625,-200.000,0.000000,0.000000,0.000,-8.846,-8.579,0.000000
6505.580078,-200.000,0.000000,0.000000,0.000,-8.838,-8.572,0.000000
6528.096680,-200.000,0.000000,0.000000,0.000,-8.831,-8.565,0.000000
6550.697266,-200.000,0.000000,0.000000,0.000,-8.824,-8.559,0.000000
6573.370605,-200.000,0.000000,0.000000,0.000,-8.816,-8.552,0.000000
6596.127930,-200.000,0.000000,0.000000,0.000,-8.809,-8.545,0.000000
6618.958008,-200.000,0.000000,0.000000,0.000,-8.802,-8.538,0.000000
6641.873535,-200.000,0.000000,0.000000,0.000,-8.794,-8.531,0.000000
6664.861816,-200.000,0.000000,0.000000,0.000,-8.787,-8.524,0.000000
6687.930176,-200.000,0.000000,0.000000,0.000,-8.779,-8.517,0.000000
6711.084473,-200.000,0.000000,0.000000,0.000,-8.772,-8.510,0.000000
6734.318848,-200.000,0.000000,0.000000,0.000,-8.764,-8.503,0.000000
6757.633301,-200.000,0.000000,0.000000,0.000,-8.757,-8.496,0.000000
6781.016113,-200.000,0.000000,0.000000,0.000,-8.749,-8.488,0.000000
6804.492676,-200.000,0.000000,0.000000,0.000,-8.742,-8.481,0.000000
6828.050293,-200.000,0.000000,0.000000,0.000,-8.734,-8.474,0.000000
6851.683105,-200.000,0.000000,0.000000,0.000,-8.726,-8.467,0.000000
6875.397949,-200.000,0.000000,0.000000,0.000,-8.719,-8.460,0.000000
6899.201172,-200.000,0.000000,0.000000,0.000,-8.711,-8.452,0.000000
6923.080078,-200.000,0.000000,0.000000,0.000,-8.703,-8.445,0.000000
6947.048828,-200.000,0.000000,0.000000,0.000,-8.696,-8.438,0.000000
6971.093262,-200.000,0.000000,0.000000,0.000,-8.688,-8.431,0.000000
6995.228027,-200.000,0.000000,0.000000,0.000,-8.680,-8.423,0.000000
7019.446289,-200.000,0.000000,0.000000,0.000,-8.672,-8.416,0.000000
7043.734863,-200.000,0.000000,0.000000,0.000,-8.664,-8.408,0.000000
7068.120605,-200.000,0.000000,0.000000,0.000,-8.657,-8.401,0.000000
7092.591309,-200.000,0.000000,0.000000,0.000,-8.649,-8.393,0.000000
7117.139648,-200.000,0.000000,0.000000,0.000,-8.641,-8.386,0.000000
7141.772949,-200.000,0.000000,0.000000,0.000,-8.633,-8.379,0.000000
7166.498535,-200.000,0.000000,0.000000,0.000,-8.625,-8.371,0.000000
7191.309570,-200.000,0.000000,0.000000,0.000,-8.617,-8.363,0.000000
7216.199707,-200.000,0.000000,0.000000,0.000,-8.609,-8.356,0.000000
7241.176270,-200.000,0.000000,0.000000,0.000,-8.601,-8.348,0.000000
7266.245605,-200.000,0.000000,0.000000,0.000,-8.593,-8.341,0.000000
7291.402344,-200.000,0.000000,0.000000,0.000,-8.584,-8.333,0.000000
7316.631836,-200.000,0.000000,0.000000,0.000,-8.576,-8.325,0.000000
7341.962402,-200.000,0.000000,0.000000,0.000,-8.568,-8.318,0.000000
7367.381348,-200.000,0.000000,0.000000,0.000,-8.560,-8.310,0.000000
7392.887695,-200.000,0.000000,0.000000,0.000,-8.552,-8.302,0.000000
7418.468262,-200.000,0.000000,0.000000,0.000,-8.543,-8.294,0.000000
7444.151855,-200.000,0.000000,0.000000,0.000,-8.535,-8.286,0.000000
7469.924316,-200.000,0.000000,0.000000,0.000,-8.527,-8.279,0.000000
7495.778809,-200.000,0.000000,0.000000,0.000,-8.518,-8.271,0.000000
7521.722656,-200.000,0.000000,0.000000,0.000,-8.510,-8.263,0.000000
7547.763672,-200.000,0.000000,0.000000,0.000,-8.502,-8.255,0.000000
7573.887207,-200.000,0.000000,0.000000,0.000,-8.493,-8.247,0.000000
7600.108887,-200.000,0.000000,0.000000,0.000,-8.485,-8.239,0.000000
7626.414062,-200.000,0.000000,0.000000,0.000,-8.476,-8.231,0.000000
7652.817383,-200.000,0.000000,0.000000,0.000,-8.468,-8.223,0.000000
7679.312012,-200.000,0.000000,0.000000,0.000,-8.459,-8.215,0.000000
7705.883789,-200.000,0.000000,0.000000,0.000,-8.450,-8.207,0.000000
7732.562500,-200.000,0.000000,0.000000,0.000,-8.442,-8.199,0.000000
7759.333008,-200.000,0.000000,0.000000,0.000,-8.433,-8.190,0.000000
7786.189453,-200.000,0.000000,0.000000,0.000,-8.425,-8.182,0.000000
7813.138672,-200.000,0.000000,0.000000,0.000,-8.416,-8.174,0.000000
7840.188477,-200.000,0.000000,0.000000,0.000,-8.407,-8.166,0.000000
7867.331543,-200.000,0.000000,0.000000,0.000,-8.398,-8.157,0.000000
7894.561523,-200.000,0.000000,0.000000,0.000,-8.389,-8.149,0.000000
7921.885742,-200.000,0.000000,0.000000,0.000,-8.381,-8.141,0.000000
7949.312012,-200.000,0.000000,0.000000,0.000,-8.372,-8.132,0.000000
7976.833496,-200.000,0.000000,0.000000,0.000,-8.363,-8.124,0.000000
8004.442383,-200.000,0.000000,0.000000,0.000,-8.356,-8.118,0.000000
8032.146973,-200.000,0.000000,0.000000,0.000,-8.363,-8.124,0.000000
8059.955078,-200.000,0.000000,0.000000,0.000,-8.370,-8.131,0.000000
8087.859375,-200.000,0.000000,0.000000,0.000,-8.376,-8.137,0.000000
8115.844727,-200.000,0.000000,0.000000,0.000,-8.383,-8.144,0.000000
8143.942383,-200.000,0.000000,0.000000,0.000,-8.390,-8.150,0.000000
8172.137695,-200.000,0.000000,0.000000,0.000,-8.397,-8.156,0.000000
8200.422852,-200.000,0.000000,0.000000,0.000,-8.403,-8.163,0.000000
8228.805664,-200.000,0.000000,0.000000,0.000,-8.410,-8.169,0.000000
8257.293945,-200.000,0.000000,0.000000,0.000,-8.417,-8.176,0.000000
8285.881836,-200.000,0.000000,0.000000,0.000,-8.424,-8.182,0.000000
8314.560547,-200.000,0.000000,0.000000,0.000,-8.431,-8.189,0.000000
8343.337891,-200.000,0.000000,0.000000,0.000,-8.438,-8.196,0.000000
8372.223633,-200.000,0.000000,0.000000,0.000,-8.445,-8.202,0.000000
8401.208984,-200.000,0.000000,0.000000,0.000,-8.452,-8.209,0.000000
8430.278320,-200.000,0.000000,0.000000,0.000,-8.459,-8.215,0.000000
8459.464844,-200.000,0.000000,0.000000,0.000,-8.466,-8.222,0.000000
8488.752930,-200.000,0.000000,0.000000,0.000,-8.473,-8.229,0.000000
8518.141602,-200.000,0.000000,0.000000,0.000,-8.480,-8.235,0.000000
8547.616211,-200.000,0.000000,0.000000,0.000,-8.487,-8.242,0.000000
8577.208008,-200.000,0.000000,0.000000,0.000,-8.494,-8.249,0.000000
8606.903320,-200.000,0.000000,0.000000,0.000,-8.501,-8.256,0.000000
8636.693359,-200.000,0.000000,0.000000,0.000,-8.508,-8.263,0.000000
8666.594727,-200.000,0.000000,0.000000,0.000,-8.515,-8.269,0.000000
8696.590820,-200.000,0.000000,0.000000,0.000,-8.522,-8.276,0.000000
8726.699219,-200.000,0.000000,0.000000,0.000,-8.530,-8.283,0.000000
8756.903320,-200.000,0.000000,0.000000,0.000,-8.537,-8.290,0.000000
8787.211914,-200.000,0.000000,0.000000,0.000,-8.544,-8.297,0.000000
8817.634766,-200.000,0.000000,0.000000,0.000,-8.551,-8.304,0.000000
8848.162109,-200.000,0.000000,0.000000,0.000,-8.559,-8.311,0.000000
8878.778320,-200.000,0.000000,0.000000,0.000,-8.566,-8.318,0.000000
8909.517578,-200.000,0.000000,0.000000,0.000,-8.573,-8.325,0.000000
8940.363281,-200.000,0.000000,0.000000,0.000,-8.581,-8.332,0.000000
8971.306641,-200.000,0.000000,0.000000,0.000,-8.588,-8.339,0.000000
9002.366211,-200.000,0.000000,0.000000,0.000,-8.596,-8.346,0.000000
9033.524414,-200.000,0.000000,0.000000,0.000,-8.603,-8.353,0.000000
9064.799805,-200.000,0.000000,0.000000,0.000,-8.611,-8.360,0.000000
9096.173828,-200.000,0.000000,0.000000,0.000,-8.618,-8.368,0.000000
9127.657227,-200.000,0.000000,0.000000,0.000,-8.626,-8.375,0.000000
9159.257812,-200.000,0.000000,0.000000,0.000,-8.633,-8.382,0.000000
9190.967773,-200.000,0.000000,0.000000,0.000,-8.641,-8.389,0.000000
9222.770508,-200.000,0.000000,0.000000,0.000,-8.648,-8.397,0.000000
9254.701172,-200.000,0.000000,0.000000,0.000,-8.656,-8.404,0.000000
9286.741211,-200.000,0.000000,0.000000,0.000,-8.664,-8.411,0.000000
9318.892578,-200.000,0.000000,0.000000,0.000,-8.672,-8.419,0.000000
9351.137695,-200.000,0.000000,0.000000,0.000,-8.679,-8.426,0.000000
9383.512695,-200.000,0.000000,0.000000,0.000,-8.687,-8.433,0.000000
9415.999023,-200.000,0.000000,0.000000,0.000,-8.695,-8.441,0.000000
9448.588867,-200.000,0.000000,0.000000,0.000,-8.703,-8.448,0.000000
9481.300781,-200.000,0.000000,0.000000,0.000,-8.710,-8.456,0.000000
9514.117188,-200.000,0.000000,0.000000,0.000,-8.718,-8.463,0.000000
9547.055664,-200.000,0.000000,0.000000,0.000,-8.726,-8.471,0.000000
9580.099609,-200.000,0.000000,0.000000,0.000,-8.734,-8.478,0.000000
9613.257812,-200.000,0.000000,0.000000,0.000,-8.742,-8.486,0.000000
9646.540039,-200.000,0.000000,0.000000,0.000,-8.750,-8.493,0.000000
9679.936523,-200.000,0.000000,0.000000,0.000,-8.758,-8.501,0.000000
9713.431641,-200.000,0.000000,0.000000,0.000,-8.766,-8.509,0.000000
9747.060547,-200.000,0.000000,0.000000,0.000,-8.774,-8.516,0.000000
9780.805664,-200.000,0.000000,0.000000,0.000,-8.782,-8.524,0.000000
9814.658203,-200.000,0.000000,0.000000,0.000,-8.790,-8.532,0.000000
9848.637695,-200.000,0.000000,0.000000,0.000,-8.798,-8.540,0.000000
9882.724609,-200.000,0.000000,0.000000,0.000,-8.807,-8.547,0.000000
9916.939453,-200.000,0.000000,0.000000,0.000,-8.815,-8.555,0.000000
9951.263672,-200.000,0.000000,0.000000,0.000,-8.823,-8.563,0.000000
9985.706055,-200.000,0.000000,0.000000,0.000,-8.831,-8.571,0.000000
10020.278320,-200.000,0.000000,0.000000,0.000,-8.840,-8.579,0.000000
10054.968750,-200.000,0.000000,0.000000,0.000,-8.848,-8.587,0.000000
10089.770508,-200.000,0.000000,0.000000,0.000,-8.856,-8.595,0.000000
10124.692383,-200.000,0.000000,0.000000,0.000,-8.865,-8.603,0.000000
10159.745117,-200.000,0.000000,0.000000,0.000,-8.873,-8.611,0.000000
10194.918945,-200.000,0.000000,0.000000,0.000,-8.881,-8.619,0.000000
10230.205078,-200.000,0.000000,0.000000,0.000,-8.890,-8.627,0.000000
10265.613281,-200.000,0.000000,0.000000,0.000,-8.898,-8.635,0.000000
10301.154297,-200.000,0.000000,0.000000,0.000,-8.907,-8.643,0.000000
10336.807617,-200.000,0.000000,0.000000,0.000,-8.915,-8.651,0.000000
10372.594727,-200.000,0.000000,0.000000,0.000,-8.924,-8.659,0.000000
10408.496094,-200.000,0.000000,0.000000,0.000,-8.933,-8.668,0.000000
10444.531250,-200.000,0.000000,0.000000,0.000,-8.941,-8.676,0.000000
10480.680664,-200.000,0.000000,0.000000,0.000,-8.950,-8.684,0.000000
10516.956055,-200.000,0.000000,0.000000,0.000,-8.959,-8.692,0.000000
10553.367188,-200.000,0.000000,0.000000,0.000,-8.967,-8.701,0.000000
10589.903320,-200.000,0.000000,0.000000,0.000,-8.976,-8.709,0.000000
10626.546875,-200.000,0.000000,0.000000,0.000,-8.985,-8.718,0.000000
10663.336914,-200.000,0.000000,0.000000,0.000,-8.994,-8.726,0.000000
10700.253906,-200.000,0.000000,0.000000,0.000,-9.003,-8.734,0.000000
10737.299805,-200.000,0.000000,0.000000,0.000,-9.011,-8.743,0.000000
10774.462891,-200.000,0.000000,0.000000,0.000,-9.020,-8.751,0.000000
10811.754883,-200.000,0.000000,0.000000,0.000,-9.029,-8.760,0.000000
10849.185547,-200.000,0.000000,0.000000,0.000,-9.038,-8.768,0.000000
10886.736328,-200.000,0.000000,0.000000,0.000,-9.047,-8.777,0.000000
10924.427734,-200.000,0.000000,0.000000,0.000,-9.056,-8.786,0.000000
10962.238281,-200.000,0.000000,0.000000,0.000,-9.065,-8.794,0.000000
11000.190430,-200.000,0.000000,0.000000,0.000,-9.074,-8.803,0.000000
11038.263672,-200.000,0.000000,0.000000,0.000,-9.084,-8.812,0.000000
11076.468750,-200.000,0.000000,0.000000,0.000,-9.093,-8.820,0.000000
11114.816406,-200.000,0.000000,0.000000,0.000,-9.102,-8.829,0.000000
11153.296875,-200.000,0.000000,0.000000,0.000,-9.111,-8.838,0.000000
11191.900391,-200.000,0.000000,0.000000,0.000,-9.120,-8.847,0.000000
11230.636719,-200.000,0.000000,0.000000,0.000,-9.130,-8.856,0.000000
11269.518555,-200.000,0.000000,0.000000,0.000,-9.139,-8.865,0.000000
11308.523438,-200.000,0.000000,0.000000,0.000,-9.148,-8.873,0.000000
11347.674805,-200.000,0.000000,0.000000,0.000,-9.158,-8.882,0.000000
11386.951172,-200.000,0.000000,0.000000,0.000,-9.167,-8.891,0.000000
11426.373047,-200.000,0.000000,0.000000,0.000,-9.177,-8.900,0.000000
11465.921875,-200.000,0.000000,0.000000,0.000,-9.186,-8.909,0.000000
11505.606445,-200.000,0.000000,0.000000,0.000,-9.196,-8.918,0.000000
11545.440430,-200.000,0.000000,0.000000,0.000,-9.205,-8.928,0.000000
11585.412109,-200.000,0.000000,0.000000,0.000,-9.215,-8.937,0.000000
11625.521484,-200.000,0.000000,0.000000,0.000,-9.224,-8.946,0.000000
11665.748047,-200.000,0.000000,0.000000,0.000,-9.234,-8.955,0.000000
11706.135742,-200.000,0.000000,0.000000,0.000,-9.244,-8.964,0.000000
11746.664062,-200.000,0.000000,0.000000,0.000,-9.253,-8.974,0.000000
11787.320312,-200.000,0.000000,0.000000,0.000,-9.263,-8.983,0.000000
11828.118164,-200.000,0.000000,0.000000,0.000,-9.273,-8.992,0.000000
11869.068359,-200.000,0.000000,0.000000,0.000,-9.283,-9.002,0.000000
11910.148438,-200.000,0.000000,0.000000,0.000,-9.293,-9.011,0.000000
11951.382812,-200.000,0.000000,0.000000,0.000,-9.302,-9.020,0.000000
11992.748047,-200.000,0.000000,0.000000,0.000,-9.312,-9.030,0.000000
12034.268555,-200.000,0.000000,0.000000,0.000,-9.322,-9.039,0.000000
12075.931641,-200.000,0.000000,0.000000,0.000,-9.332,-9.049,0.000000
12117.716797,-200.000,0.000000,0.000000,0.000,-9.342,-9.058,0.000000
12159.669922,-200.000,0.000000,0.000000,0.000,-9.352,-9.068,0.000000
12201.767578,-200.000,0.000000,0.000000,0.000,-9.362,-9.078,0.000000
12243.999023,-200.000,0.000000,0.000000,0.000,-9.373,-9.087,0.000000
12286.377930,-200.000,0.000000,0.000000,0.000,-9.383,-9.097,0.000000
12328.914062,-200.000,0.000000,0.000000,0.000,-9.393,-9.107,0.000000
12371.597656,-200.000,0.000000,0.000000,0.000,-9.403,-9.116,0.000000
12414.417969,-200.000,0.000000,0.000000,0.000,-9.413,-9.126,0.000000
12457.385742,-200.000,0.000000,0.000000,0.000,-9.424,-9.136,0.000000
12500.514648,-200.000,0.000000,0.000000,0.000,-9.434,-9.146,0.000000
12543.780273,-200.000,0.000000,0.000000,0.000,-9.444,-9.156,0.000000
12587.196289,-200.000,0.000000,0.000000,0.000,-9.455,-9.166,0.000000
12630.774414,-200.000,0.000000,0.000000,0.000,-9.465,-9.176,0.000000
12674.502930,-200.000,0.000000,0.000000,0.000,-9.476,-9.186,0.000000
12718.383789,-200.000,0.000000,0.000000,0.000,-9.486,-9.196,0.000000
12762.391602,-200.000,0.000000,0.000000,0.000,-9.497,-9.206,0.000000
12806.576172,-200.000,0.000000,0.000000,0.000,-9.507,-9.216,0.000000
12850.914062,-200.000,0.000000,0.000000,0.000,-9.518,-9.226,0.000000
12895.392578,-200.000,0.000000,0.000000,0.000,-9.529,-9.236,0.000000
12940.025391,-200.000,0.000000,0.000000,0.000,-9.539,-9.246,0.000000
12984.825195,-200.000,0.000000,0.000000,0.000,-9.550,-9.257,0.000000
13029.767578,-200.000,0.000000,0.000000,0.000,-9.561,-9.267,0.000000
13074.876953,-200.000,0.000000,0.000000,0.000,-9.572,-9.277,0.000000
13120.131836,-200.000,0.000000,0.000000,0.000,-9.583,-9.288,0.000000
13165.554688,-200.000,0.000000,0.000000,0.000,-9.593,-9.298,0.000000
13211.134766,-200.000,0.000000,0.000000,0.000,-9.604,-9.308,0.000000
13256.847656,-200.000,0.000000,0.000000,0.000,-9.615,-9.319,0.000000
13302.744141,-200.000,0.000000,0.000000,0.000,-9.626,-9.329,0.000000
13348.799805,-200.000,0.000000,0.000000,0.000,-9.637,-9.340,0.000000
13395.001953,-200.000,0.000000,0.000000,0.000,-9.648,-9.350,0.000000
13441.363281,-200.000,0.000000,0.000000,0.000,-9.660,-9.361,0.000000
13487.899414,-200.000,0.000000,0.000000,0.000,-9.671,-9.372,0.000000
13534.595703,-200.000,0.000000,0.000000,0.000,-9.682,-9.382,0.000000
13581.440430,-200.000,0.000000,0.000000,0.000,-9.693,-9.393,0.000000
13628.447266,-200.000,0.000000,0.000000,0.000,-9.704,-9.404,0.000000
13675.630859,-200.000,0.000000,0.000000,0.000,-9.716,-9.415,0.000000
13722.976562,-200.000,0.000000,0.000000,0.000,-9.727,-9.425,0.000000
13770.473633,-200.000,0.000000,0.000000,0.000,-9.738,-9.436,0.000000
13818.135742,-200.000,0.000000,0.000000,0.000,-9.750,-9.447,0.000000
13865.975586,-200.000,0.000000,0.000000,0.000,-9.761,-9.458,0.000000
13913.980469,-200.000,0.000000,0.000000,0.000,-9.773,-9.469,0.000000
13962.125977,-200.000,0.000000,0.000000,0.000,-9.784,-9.480,0.000000
14010.463867,-200.000,0.000000,0.000000,0.000,-9.796,-9.491,0.000000
14058.969727,-200.000,0.000000,0.000000,0.000,-9.808,-9.502,0.000000
14107.628906,-200.000,0.000000,0.000000,0.000,-9.819,-9.513,0.000000
14156.458008,-200.000,0.000000,0.000000,0.000,-9.831,-9.524,0.000000
14205.468750,-200.000,0.000000,0.000000,0.000,-9.843,-9.536,0.000000
14254.635742,-200.000,0.000000,0.000000,0.000,-9.854,-9.547,0.000000
14303.986328,-200.000,0.000000,0.000000,0.000,-9.866,-9.558,0.000000
14353.495117,-200.000,0.000000,0.000000,0.000,-9.878,-9.570,0.000000
14403.188477,-200.000,0.000000,0.000000,0.000,-9.890,-9.581,0.000000
14453.052734,-200.000,0.000000,0.000000,0.000,-9.902,-9.592,0.000000
14503.063477,-200.000,0.000000,0.000000,0.000,-9.914,-9.604,0.000000
14553.274414,-200.000,0.000000,0.000000,0.000,-9.926,-9.615,0.000000
14603.659180,-200.000,0.000000,0.000000,0.000,-9.938,-9.627,0.000000
14654.218750,-200.000,0.000000,0.000000,0.000,-9.950,-9.638,0.000000
14704.924805,-200.000,0.000000,0.000000,0.000,-9.962,-9.650,0.000000
14755.834961,-200.000,0.000000,0.000000,0.000,-9.975,-9.662,0.000000
14806.920898,-200.000,0.000000,0.000000,0.000,-9.987,-9.673,0.000000
14858.168945,-200.000,0.000000,0.000000,0.000,-9.999,-9.685,0.000000
14909.609375,-200.000,0.000000,0.000000,0.000,-10.011,-9.697,0.000000
14961.213867,-200.000,0.000000,0.000000,0.000,-10.024,-9.708,0.000000
15013.010742,-200.000,0.000000,0.000000,0.000,-10.036,-9.720,0.000000
15064.973633,-200.000,0.000000,0.000000,0.000,-10.049,-9.732,0.000000
15117.115234,-200.000,0.000000,0.000000,0.000,-10.061,-9.744,0.000000
15169.452148,-200.000,0.000000,0.000000,0.000,-10.074,-9.756,0.000000
15221.969727,-200.000,0.000000,0.000000,0.000,-10.086,-9.768,0.000000
15274.640625,-200.000,0.000000,0.000000,0.000,-10.099,-9.780,0.000000
15327.523438,-200.000,0.000000,0.000000,0.000,-10.112,-9.792,0.000000
15380.588867,-200.000,0.000000,0.000000,0.000,-10.124,-9.804,0.000000
15433.823242,-200.000,0.000000,0.000000,0.000,-10.137,-9.817,0.000000
15487.241211,-200.000,0.000000,0.000000,0.000,-10.150,-9.829,0.000000
15540.859375,-200.000,0.000000,0.000000,0.000,-10.163,-9.841,0.000000
15594.664062,-200.000,0.000000,0.000000,0.000,-10.176,-9.853,0.000000
15648.638672,-200.000,0.000000,0.000000,0.000,-10.189,-9.866,0.000000
15702.800781,-200.000,0.000000,0.000000,0.000,-10.201,-9.878,0.000000
15757.166016,-200.000,0.000000,0.000000,0.000,-10.215,-9.890,0.000000
15811.718750,-200.000,0.000000,0.000000,0.000,-10.228,-9.903,0.000000
15866.429688,-200.000,0.000000,0.000000,0.000,-10.241,-9.915,0.000000
15921.361328,-200.000,0.000000,0.000000,0.000,-10.254,-9.928,0.000000
15976.482422,-200.000,0.000000,0.000000,0.000,-10.267,-9.941,0.000000
16031.793945,-200.000,0.000000,0.000000,0.000,-10.280,-9.953,0.000000
16087.267578,-200.000,0.000000,0.000000,0.000,-10.294,-9.966,0.000000
16142.962891,-200.000,0.000000,0.000000,0.000,-10.307,-9.979,0.000000
16198.851562,-200.000,0.000000,0.000000,0.000,-10.320,-9.991,0.000000
16254.917969,-200.000,0.000000,0.000000,0.000,-10.334,-10.004,0.000000
16311.194336,-200.000,0.000000,0.000000,0.000,-10.347,-10.017,0.000000
16367.649414,-200.000,0.000000,0.000000,0.000,-10.361,-10.030,0.000000
16424.316406,-200.000,0.000000,0.000000,0.000,-10.374,-10.043,0.000000
16481.162109,-200.000,0.000000,0.000000,0.000,-10.388,-10.056,0.000000
16538.205078,-200.000,0.000000,0.000000,0.000,-10.402,-10.069,0.000000
16595.462891,-200.000,0.000000,0.000000,0.000,-10.415,-10.082,0.000000
16652.917969,-200.000,0.000000,0.000000,0.000,-10.429,-10.095,0.000000
16710.539062,-200.000,0.000000,0.000000,0.000,-10.443,-10.108,0.000000
16768.392578,-200.000,0.000000,0.000000,0.000,-10.457,-10.122,0.000000
16826.447266,-200.000,0.000000,0.000000,0.000,-10.471,-10.135,0.000000
16884.685547,-200.000,0.000000,0.000000,0.000,-10.485,-10.148,0.000000
16943.142578,-200.000,0.000000,0.000000,0.000,-10.499,-10.162,0.000000
17001.785156,-200.000,0.000000,0.000000,0.000,-10.513,-10.175,0.000000
17060.646484,-200.000,0.000000,0.000000,0.000,-10.527,-10.188,0.000000
17119.695312,-200.000,0.000000,0.000000,0.000,-10.541,-10.202,0.000000
17178.949219,-200.000,0.000000,0.000000,0.000,-10.555,-10.215,0.000000
17238.423828,-200.000,0.000000,0.000000,0.000,-10.570,-10.229,0.000000
17298.105469,-200.000,0.000000,0.000000,0.000,-10.584,-10.243,0.000000
17357.976562,-200.000,0.000000,0.000000,0.000,-10.598,-10.256,0.000000
17418.054688,-200.000,0.000000,0.000000,0.000,-10.613,-10.270,0.000000
17478.357422,-200.000,0.000000,0.000000,0.000,-10.627,-10.284,0.000000
17538.869141,-200.000,0.000000,0.000000,0.000,-10.642,-10.298,0.000000
17599.556641,-200.000,0.000000,0.000000,0.000,-10.656,-10.312,0.000000
17660.488281,-200.000,0.000000,0.000000,0.000,-10.671,-10.326,0.000000
17721.630859,-200.000,0.000000,0.000000,0.000,-10.685,-10.340,0.000000
17782.968750,-200.000,0.000000,0.000000,0.000,-10.700,-10.354,0.000000
17844.535156,-200.000,0.000000,0.000000,0.000,-10.715,-10.368,0.000000
17906.296875,-200.000,0.000000,0.000000,0.000,-10.730,-10.382,0.000000
17968.291016,-200.000,0.000000,0.000000,0.000,-10.744,-10.396,0.000000
18030.480469,-200.000,0.000000,0.000000,0.000,-10.759,-10.410,0.000000
18092.886719,-200.000,0.000000,0.000000,0.000,-10.774,-10.424,0.000000
18155.525391,-200.000,0.000000,0.000000,0.000,-10.789,-10.439,0.000000
18218.382812,-200.000,0.000000,0.000000,0.000,-10.804,-10.453,0.000000
18281.421875,-200.000,0.000000,0.000000,0.000,-10.819,-10.468,0.000000
18344.712891,-200.000,0.000000,0.000000,0.000,-10.835,-10.482,0.000000
18408.224609,-200.000,0.000000,0.000000,0.000,-10.850,-10.497,0.000000
18471.955078,-200.000,0.000000,0.000000,0.000,-10.865,-10.511,0.000000
18535.888672,-200.000,0.000000,0.000000,0.000,-10.880,-10.526,0.000000
18600.044922,-200.000,0.000000,0.000000,0.000,-10.896,-10.540,0.000000
18664.439453,-200.000,0.000000,0.000000,0.000,-10.911,-10.555,0.000000
18729.041016,-200.000,0.000000,0.000000,0.000,-10.927,-10.570,0.000000
18793.880859,-200.000,0.000000,0.000000,0.000,-10.942,-10.585,0.000000
18858.929688,-200.000,0.000000,0.000000,0.000,-10.958,-10.600,0.000000
18924.220703,-200.000,0.000000,0.000000,0.000,-10.974,-10.614,0.000000
18989.720703,-200.000,0.000000,0.000000,0.000,-10.989,-10.629,0.000000
19055.447266,-200.000,0.000000,0.000000,0.000,-11.005,-10.644,0.000000
19121.417969,-200.000,0.000000,0.000000,0.000,-11.021,-10.660,0.000000
19187.619141,-200.000,0.000000,0.000000,0.000,-11.037,-10.675,0.000000
19254.029297,-200.000,0.000000,0.000000,0.000,-11.053,-10.690,0.000000
19320.669922,-200.000,0.000000,0.000000,0.000,-11.069,-10.705,0.000000
19387.560547,-200.000,0.000000,0.000000,0.000,-11.085,-10.720,0.000000
19454.664062,-200.000,0.000000,0.000000,0.000,-11.101,-10.736,0.000000
19522.017578,-200.000,0.000000,0.000000,0.000,-11.117,-10.751,0.000000
19589.585938,-200.000,0.000000,0.000000,0.000,-11.133,-10.767,0.000000
19657.406250,-200.000,0.000000,0.000000,0.000,-11.149,-10.782,0.000000
19725.443359,-200.000,0.000000,0.000000,0.000,-11.166,-10.798,0.000000
19793.716797,-200.000,0.000000,0.000000,0.000,-11.182,-10.813,0.000000
19862.244141,-200.000,0.000000,0.000000,0.000,-11.198,-10.829,0.000000
19931.009766,-200.000,0.000000,0.000000,0.000,-11.215,-10.845,0.000000
19999.974609,-200.000,0.000000,0.000000,0.000,-11.231,-10.860,0.000000
